### solver=cuopt-base
### instance=/home/scratch.cmaes_sw/hans_lps/supportcase19.mps
### n_gpus=1
### CUDA_VISIBLE_DEVICES=0
### started=2026-07-31T15:46:54.868578
### argv=/home/scratch.vmostovoi_gpu/mostovoi_cuopt/cpp/build/cuopt_cli --method 1 --mps-reader experimental-fast --time-limit 3600 --iteration-limit 1000000000 --relative-primal-tolerance 1e-4 --relative-dual-tolerance 1e-4 --relative-gap-tolerance 1e-4 --log-to-console true /home/scratch.cmaes_sw/hans_lps/supportcase19.mps
### --- solver output ---
Setting parameter iteration_limit to 1000000000
Setting parameter log_to_console to true
Setting parameter method to 1
Setting parameter relative_dual_tolerance to 1.000000e-04
Setting parameter relative_gap_tolerance to 1.000000e-04
Setting parameter relative_primal_tolerance to 1.000000e-04
Setting parameter time_limit to 3.600000e+03
Reading file supportcase19.mps
Using experimental fast MPS parser for '/home/scratch.cmaes_sw/hans_lps/supportcase19.mps'
Read file supportcase19.mps in 0.86 seconds
cuOpt version: 26.8.0, git hash: 7116ead1, host arch: x86_64, device archs: 100a-real
CPU: INTEL(R) XEON(R) PLATINUM 8570, threads (physical/logical): 112/224, RAM: 1815.05 GiB
CUDA 13.3, device: NVIDIA B200 (ID 0), VRAM: 178.34 GiB
CUDA device UUID: 1e26c45a-4f9e-e75b-c128-d0e6ab6abfe5
Solving a problem with 10713 constraints, 1429098 variables (0 integers), and 4287094 nonzeros
Problem scaling:
Objective coefficents range:          [3e+00, 2e+05]
Constraint matrix coefficients range: [1e+00, 1e+00]
Constraint rhs / bounds range:        [1e+00, 3e+00]
Variable bounds range:                [0e+00, 3e+00]

Using PSLP presolver
PSLP Presolved problem: 10712 constraints, 1429001 variables, 4286995 non-zeros
PSLP presolve time: 0.48s
Objective offset 0.000000 scaling_factor 1.000000
   Iter    Primal Obj.      Dual Obj.    Gap        Primal Res.  Dual Res.   Time
      0 +0.00000000e+00 +0.00000000e+00  0.00e+00   2.20e+01     5.90e+07   0.560s
   1000 +8.13450518e+06 +9.53277187e+06  1.40e+06   9.09e-02     5.55e+05   0.685s
   2000 +9.98221821e+06 +1.24414483e+07  2.46e+06   4.15e-02     8.09e+05   0.767s
   3000 +1.21302302e+07 +1.25155788e+07  3.85e+05   1.36e-02     6.01e+05   0.848s
   4000 +1.18977379e+07 +1.24928186e+07  5.95e+05   1.14e-02     3.10e+05   0.929s
   5000 +1.18498111e+07 +1.26371353e+07  7.87e+05   9.26e-03     3.88e+05   1.010s
   6000 +1.19881560e+07 +1.27251824e+07  7.37e+05   7.35e-03     4.42e+05   1.091s
   7000 +1.21185465e+07 +1.27695957e+07  6.51e+05   5.70e-03     6.37e+05   1.172s
   8000 +1.23013365e+07 +1.27810561e+07  4.80e+05   3.98e-03     5.99e+05   1.253s
   9000 +1.24410919e+07 +1.27736942e+07  3.33e+05   2.36e-03     5.82e+05   1.334s
  10000 +1.25927950e+07 +1.27508495e+07  1.58e+05   1.18e-03     4.94e+05   1.416s
  11000 +1.26863939e+07 +1.27450411e+07  5.86e+04   5.09e-04     3.72e+05   1.495s
  12000 +1.27219396e+07 +1.27440827e+07  2.21e+04   2.99e-04     2.40e+05   1.575s
  13000 +1.27161848e+07 +1.27403642e+07  2.42e+04   2.94e-04     1.79e+05   1.655s
  14000 +1.26916000e+07 +1.27347824e+07  4.32e+04   1.52e-04     1.53e+05   1.734s
  15000 +1.27443892e+07 +1.27175986e+07  2.68e+04   8.68e-04     7.17e+04   1.814s
  16000 +1.27472955e+07 +1.27112699e+07  3.60e+04   9.06e-04     4.84e+04   1.893s
  17000 +1.27168311e+07 +1.27072516e+07  9.58e+03   6.01e-04     3.80e+04   1.973s
  18000 +1.26927609e+07 +1.27041702e+07  1.14e+04   3.59e-04     3.20e+04   2.052s
  19000 +1.26807584e+07 +1.27018587e+07  2.11e+04   2.52e-04     2.79e+04   2.132s
  20000 +1.26766014e+07 +1.27000674e+07  2.35e+04   2.24e-04     2.49e+04   2.211s
  21000 +1.26755668e+07 +1.26930001e+07  1.74e+04   2.64e-04     1.73e+04   2.291s
  22000 +1.26738992e+07 +1.26902936e+07  1.64e+04   2.71e-04     1.33e+04   2.370s
  23000 +1.26711300e+07 +1.26885743e+07  1.74e+04   2.63e-04     1.10e+04   2.450s
  24000 +1.26687297e+07 +1.26873295e+07  1.86e+04   2.52e-04     9.51e+03   2.529s
  25000 +1.26666131e+07 +1.26864174e+07  1.98e+04   2.42e-04     8.43e+03   2.609s
  26000 +1.26646486e+07 +1.26856572e+07  2.10e+04   2.29e-04     7.61e+03   2.688s
  27000 +1.26627916e+07 +1.26850194e+07  2.22e+04   2.19e-04     6.94e+03   2.768s
  28000 +1.26611453e+07 +1.26845004e+07  2.34e+04   2.11e-04     6.40e+03   2.847s
  29000 +1.26597490e+07 +1.26840374e+07  2.43e+04   2.03e-04     5.94e+03   2.926s
  30000 +1.26585428e+07 +1.26836483e+07  2.51e+04   1.97e-04     5.56e+03   3.006s
  31000 +1.26574909e+07 +1.26833162e+07  2.58e+04   1.93e-04     5.23e+03   3.085s
  32000 +1.26565865e+07 +1.26829971e+07  2.64e+04   1.90e-04     4.94e+03   3.165s
  33000 +1.26540150e+07 +1.26801495e+07  2.61e+04   3.30e-04     3.06e+03   3.245s
  34000 +1.26524222e+07 +1.26793796e+07  2.70e+04   3.64e-04     2.37e+03   3.324s
  35000 +1.26515637e+07 +1.26788813e+07  2.73e+04   3.51e-04     1.96e+03   3.403s
  36000 +1.26510317e+07 +1.26785333e+07  2.75e+04   3.30e-04     1.69e+03   3.483s
  37000 +1.26506610e+07 +1.26782689e+07  2.76e+04   3.26e-04     1.50e+03   3.562s
  38000 +1.26504031e+07 +1.26780610e+07  2.77e+04   3.08e-04     1.35e+03   3.642s
  39000 +1.26502195e+07 +1.26778894e+07  2.77e+04   2.99e-04     1.23e+03   3.721s
  40000 +1.26500667e+07 +1.26777453e+07  2.77e+04   2.91e-04     1.13e+03   3.800s
  41000 +1.26499410e+07 +1.26776202e+07  2.77e+04   2.88e-04     1.05e+03   3.880s
  42000 +1.26498597e+07 +1.26775108e+07  2.77e+04   2.70e-04     9.82e+02   3.959s
  43000 +1.26497601e+07 +1.26774134e+07  2.77e+04   2.68e-04     9.22e+02   4.039s
  44000 +1.26496809e+07 +1.26773357e+07  2.77e+04   2.58e-04     8.72e+02   4.118s
  45000 +1.26492531e+07 +1.26764150e+07  2.72e+04   9.83e-04     4.60e+02   4.198s
  46000 +1.26489195e+07 +1.26761845e+07  2.73e+04   9.62e-04     3.30e+02   4.277s
  47000 +1.26487354e+07 +1.26760608e+07  2.73e+04   9.03e-04     2.64e+02   4.357s
  48000 +1.26486360e+07 +1.26759785e+07  2.73e+04   8.33e-04     2.24e+02   4.436s
  49000 +1.26486116e+07 +1.26759124e+07  2.73e+04   7.54e-04     1.95e+02   4.516s
  50000 +1.26485372e+07 +1.26758617e+07  2.73e+04   6.82e-04     1.74e+02   4.595s
  51000 +1.26484719e+07 +1.26758252e+07  2.74e+04   6.42e-04     1.58e+02   4.674s
  52000 +1.26499893e+07 +1.26755161e+07  2.55e+04   5.52e-03     5.65e+01   4.754s
  53000 +1.26489192e+07 +1.26754424e+07  2.65e+04   3.66e-03     3.13e+01   4.834s
  54000 +1.26606274e+07 +1.26753438e+07  1.47e+04   3.74e-02     6.74e+00   4.913s
  55000 +1.26572477e+07 +1.26753162e+07  1.81e+04   5.60e-02     1.09e+00   4.993s
  56000 +1.26543316e+07 +1.26753112e+07  2.10e+04   7.28e-02     3.11e-01   5.073s
  57000 +1.26522211e+07 +1.26753102e+07  2.31e+04   5.68e-02     1.31e-01   5.152s
  58000 +1.26514055e+07 +1.26753098e+07  2.39e+04   4.36e-02     6.47e-02   5.232s
  59000 +1.26493472e+07 +1.26753098e+07  2.60e+04   4.02e-02     5.35e-02   5.311s
  60000 +1.26490332e+07 +1.26753098e+07  2.63e+04   3.72e-02     5.02e-02   5.391s
  61000 +1.26489878e+07 +1.26753099e+07  2.63e+04   3.36e-02     4.75e-02   5.470s
  62000 +1.26489766e+07 +1.26753099e+07  2.63e+04   3.05e-02     4.44e-02   5.550s
  63000 +1.26486934e+07 +1.26753099e+07  2.66e+04   2.80e-02     4.11e-02   5.629s
  64000 +1.26487041e+07 +1.26753099e+07  2.66e+04   2.68e-02     3.77e-02   5.708s
  65000 +1.26486292e+07 +1.26753099e+07  2.67e+04   2.52e-02     3.39e-02   5.788s
  66000 +1.26486041e+07 +1.26753099e+07  2.67e+04   2.48e-02     3.06e-02   5.867s
  67000 +1.26487395e+07 +1.26753098e+07  2.66e+04   2.26e-02     2.62e-02   5.947s
  68000 +1.26486899e+07 +1.26753098e+07  2.66e+04   2.24e-02     2.38e-02   6.026s
  69000 +1.26486150e+07 +1.26753098e+07  2.67e+04   2.17e-02     2.21e-02   6.106s
  70000 +1.26486079e+07 +1.26753098e+07  2.67e+04   2.08e-02     1.97e-02   6.185s
  71000 +1.26486278e+07 +1.26753099e+07  2.67e+04   2.00e-02     1.80e-02   6.265s
  72000 +1.26486430e+07 +1.26753099e+07  2.67e+04   1.81e-02     1.71e-02   6.344s
  73000 +1.26488117e+07 +1.26753099e+07  2.65e+04   1.64e-02     1.61e-02   6.423s
  74000 +1.26488214e+07 +1.26753099e+07  2.65e+04   1.60e-02     1.49e-02   6.503s
  75000 +1.26488736e+07 +1.26753099e+07  2.64e+04   1.57e-02     1.43e-02   6.582s
  76000 +1.26488309e+07 +1.26753099e+07  2.65e+04   1.49e-02     5.40e-02   6.662s
  77000 +1.26488281e+07 +1.26753100e+07  2.65e+04   1.45e-02     5.19e-02   6.742s
  78000 +1.26488102e+07 +1.26753099e+07  2.65e+04   1.42e-02     5.04e-02   6.821s
  79000 +1.26487160e+07 +1.26753100e+07  2.66e+04   1.32e-02     4.70e-02   6.900s
  80000 +1.26486664e+07 +1.26753100e+07  2.66e+04   1.26e-02     4.48e-02   6.980s
  81000 +1.26486622e+07 +1.26753101e+07  2.66e+04   1.24e-02     4.34e-02   7.059s
  82000 +1.26486174e+07 +1.26753101e+07  2.67e+04   1.19e-02     4.28e-02   7.139s
  83000 +1.26485537e+07 +1.26753102e+07  2.68e+04   1.18e-02     4.22e-02   7.218s
  84000 +1.26485734e+07 +1.26753102e+07  2.67e+04   1.16e-02     4.17e-02   7.297s
  85000 +1.26486207e+07 +1.26753102e+07  2.67e+04   1.10e-02     4.14e-02   7.377s
  86000 +1.26485765e+07 +1.26753103e+07  2.67e+04   1.06e-02     3.87e-02   7.456s
  87000 +1.26485615e+07 +1.26753103e+07  2.67e+04   1.03e-02     3.68e-02   7.536s
  88000 +1.26485658e+07 +1.26753103e+07  2.67e+04   9.99e-03     3.55e-02   7.615s
  89000 +1.26485733e+07 +1.26753103e+07  2.67e+04   9.81e-03     3.43e-02   7.694s
  90000 +1.26485311e+07 +1.26753104e+07  2.68e+04   9.67e-03     3.35e-02   7.774s
  91000 +1.26485134e+07 +1.26753104e+07  2.68e+04   9.52e-03     3.24e-02   7.853s
  92000 +1.26485461e+07 +1.26753104e+07  2.68e+04   9.33e-03     3.09e-02   7.932s
  93000 +1.26485051e+07 +1.26753104e+07  2.68e+04   9.27e-03     3.03e-02   8.012s
  94000 +1.26485182e+07 +1.26753103e+07  2.68e+04   8.95e-03     2.05e-01   8.092s
  95000 +1.26486734e+07 +1.26753104e+07  2.66e+04   6.96e-03     1.97e-01   8.171s
  96000 +1.26487061e+07 +1.26753105e+07  2.66e+04   6.34e-03     1.76e-01   8.250s
  97000 +1.26487093e+07 +1.26753106e+07  2.66e+04   5.90e-03     1.62e-01   8.330s
  98000 +1.26487595e+07 +1.26753106e+07  2.66e+04   5.48e-03     1.60e-01   8.409s
  99000 +1.26487702e+07 +1.26753106e+07  2.65e+04   5.24e-03     1.48e-01   8.489s
 100000 +1.26488068e+07 +1.26753107e+07  2.65e+04   5.07e-03     1.33e-01   8.568s
 101000 +1.26488274e+07 +1.26753108e+07  2.65e+04   4.93e-03     1.20e-01   8.648s
 102000 +1.26488116e+07 +1.26753108e+07  2.65e+04   4.58e-03     1.27e-01   8.727s
 103000 +1.26488396e+07 +1.26753109e+07  2.65e+04   4.26e-03     1.27e-01   8.806s
 104000 +1.26488376e+07 +1.26753109e+07  2.65e+04   4.07e-03     1.16e-01   8.886s
 105000 +1.26488874e+07 +1.26753109e+07  2.64e+04   3.83e-03     1.09e-01   8.965s
 106000 +1.26488208e+07 +1.26753110e+07  2.65e+04   3.55e-03     9.96e-02   9.045s
 107000 +1.26488607e+07 +1.26753110e+07  2.65e+04   3.36e-03     9.42e-02   9.124s
 108000 +1.26488467e+07 +1.26753110e+07  2.65e+04   3.13e-03     9.83e-02   9.204s
 109000 +1.26488601e+07 +1.26753110e+07  2.65e+04   2.89e-03     9.40e-02   9.283s
 110000 +1.26488583e+07 +1.26753110e+07  2.65e+04   2.77e-03     8.74e-02   9.363s
 111000 +1.26488669e+07 +1.26753110e+07  2.64e+04   2.65e-03     8.25e-02   9.442s
 112000 +1.26488850e+07 +1.26753111e+07  2.64e+04   2.60e-03     7.59e-02   9.521s
 113000 +1.26489007e+07 +1.26753111e+07  2.64e+04   2.51e-03     6.92e-02   9.601s
 114000 +1.26488950e+07 +1.26753111e+07  2.64e+04   2.43e-03     6.66e-02   9.680s
 115000 +1.26488841e+07 +1.26753111e+07  2.64e+04   2.38e-03     6.55e-02   9.760s
 116000 +1.26488482e+07 +1.26753111e+07  2.65e+04   2.34e-03     6.61e-02   9.839s
 117000 +1.26488233e+07 +1.26753111e+07  2.65e+04   2.33e-03     6.59e-02   9.919s
 118000 +1.26488211e+07 +1.26753111e+07  2.65e+04   2.26e-03     6.50e-02   9.998s
 119000 +1.26488278e+07 +1.26753111e+07  2.65e+04   2.16e-03     6.42e-02   10.077s
 120000 +1.26488244e+07 +1.26753112e+07  2.65e+04   2.09e-03     6.14e-02   10.157s
 121000 +1.26488179e+07 +1.26753112e+07  2.65e+04   2.05e-03     5.83e-02   10.236s
 122000 +1.26488149e+07 +1.26753112e+07  2.65e+04   2.01e-03     5.55e-02   10.316s
 123000 +1.26488143e+07 +1.26753112e+07  2.65e+04   1.99e-03     5.20e-02   10.395s
 124000 +1.26488227e+07 +1.26753112e+07  2.65e+04   1.95e-03     5.03e-02   10.475s
 125000 +1.26488393e+07 +1.26753112e+07  2.65e+04   1.91e-03     4.85e-02   10.554s
 126000 +1.26488427e+07 +1.26753111e+07  2.65e+04   1.86e-03     1.17e-01   10.634s
 127000 +1.26488409e+07 +1.26753111e+07  2.65e+04   1.81e-03     1.25e-01   10.713s
 128000 +1.26488288e+07 +1.26753111e+07  2.65e+04   1.77e-03     1.37e-01   10.793s
 129000 +1.26488343e+07 +1.26753111e+07  2.65e+04   1.72e-03     1.46e-01   10.872s
 130000 +1.26488279e+07 +1.26753110e+07  2.65e+04   1.68e-03     1.50e-01   10.951s
 131000 +1.26488205e+07 +1.26753110e+07  2.65e+04   1.63e-03     1.48e-01   11.031s
 132000 +1.26488176e+07 +1.26753110e+07  2.65e+04   1.60e-03     1.43e-01   11.110s
 133000 +1.26488158e+07 +1.26753110e+07  2.65e+04   1.56e-03     1.39e-01   11.190s
 134000 +1.26488190e+07 +1.26753111e+07  2.65e+04   1.53e-03     1.35e-01   11.269s
 135000 +1.26488221e+07 +1.26753112e+07  2.65e+04   1.51e-03     1.30e-01   11.349s
 136000 +1.26488255e+07 +1.26753112e+07  2.65e+04   1.48e-03     1.26e-01   11.428s
 137000 +1.26488145e+07 +1.26753112e+07  2.65e+04   1.47e-03     1.23e-01   11.507s
 138000 +1.26488134e+07 +1.26753112e+07  2.65e+04   1.46e-03     1.20e-01   11.587s
 139000 +1.26488027e+07 +1.26753113e+07  2.65e+04   1.45e-03     1.18e-01   11.666s
 140000 +1.26488051e+07 +1.26753112e+07  2.65e+04   1.44e-03     1.17e-01   11.745s
 141000 +1.26487999e+07 +1.26753113e+07  2.65e+04   1.44e-03     1.15e-01   11.825s
 142000 +1.26488050e+07 +1.26753113e+07  2.65e+04   1.43e-03     1.14e-01   11.904s
 143000 +1.26488176e+07 +1.26753113e+07  2.65e+04   1.38e-03     1.18e-01   11.984s
 144000 +1.26488144e+07 +1.26753113e+07  2.65e+04   1.36e-03     1.16e-01   12.063s
 145000 +1.26488148e+07 +1.26753113e+07  2.65e+04   1.37e-03     1.13e-01   12.142s
 146000 +1.26488177e+07 +1.26753114e+07  2.65e+04   1.35e-03     1.11e-01   12.222s
 147000 +1.26488080e+07 +1.26753114e+07  2.65e+04   1.33e-03     1.11e-01   12.301s
 148000 +1.26488214e+07 +1.26753114e+07  2.65e+04   1.28e-03     1.17e-01   12.381s
 149000 +1.26488196e+07 +1.26753114e+07  2.65e+04   1.23e-03     1.17e-01   12.460s
 150000 +1.26488147e+07 +1.26753113e+07  2.65e+04   1.20e-03     1.16e-01   12.539s
 151000 +1.26488283e+07 +1.26753113e+07  2.65e+04   1.17e-03     1.19e-01   12.619s
 152000 +1.26488246e+07 +1.26753113e+07  2.65e+04   1.15e-03     1.22e-01   12.698s
 153000 +1.26488185e+07 +1.26753113e+07  2.65e+04   1.12e-03     1.23e-01   12.777s
 154000 +1.26488215e+07 +1.26753113e+07  2.65e+04   1.09e-03     1.25e-01   12.857s
 155000 +1.26488111e+07 +1.26753112e+07  2.65e+04   1.04e-03     1.27e-01   12.936s
 156000 +1.26488067e+07 +1.26753113e+07  2.65e+04   9.98e-04     1.28e-01   13.016s
 157000 +1.26488065e+07 +1.26753113e+07  2.65e+04   9.71e-04     1.29e-01   13.095s
 158000 +1.26488044e+07 +1.26753113e+07  2.65e+04   9.46e-04     1.29e-01   13.174s
 159000 +1.26487978e+07 +1.26753113e+07  2.65e+04   9.25e-04     1.28e-01   13.254s
 160000 +1.26487937e+07 +1.26753113e+07  2.65e+04   9.03e-04     1.27e-01   13.333s
 161000 +1.26487871e+07 +1.26753113e+07  2.65e+04   8.89e-04     1.25e-01   13.413s
 162000 +1.26487868e+07 +1.26753113e+07  2.65e+04   8.72e-04     1.23e-01   13.492s
 163000 +1.26487839e+07 +1.26753113e+07  2.65e+04   8.60e-04     1.21e-01   13.571s
 164000 +1.26487863e+07 +1.26753114e+07  2.65e+04   8.47e-04     1.18e-01   13.651s
 165000 +1.26487884e+07 +1.26753114e+07  2.65e+04   8.32e-04     1.14e-01   13.732s
 166000 +1.26487840e+07 +1.26753114e+07  2.65e+04   8.23e-04     1.10e-01   13.811s
 167000 +1.26487868e+07 +1.26753114e+07  2.65e+04   8.18e-04     1.06e-01   13.890s
 168000 +1.26487887e+07 +1.26753114e+07  2.65e+04   8.17e-04     1.02e-01   13.970s
 169000 +1.26487918e+07 +1.26753115e+07  2.65e+04   8.11e-04     9.78e-02   14.049s
 170000 +1.26487929e+07 +1.26753115e+07  2.65e+04   8.07e-04     9.37e-02   14.128s
 171000 +1.26487926e+07 +1.26753115e+07  2.65e+04   8.05e-04     9.04e-02   14.208s
 172000 +1.26487929e+07 +1.26753116e+07  2.65e+04   8.03e-04     8.74e-02   14.287s
 173000 +1.26487945e+07 +1.26753116e+07  2.65e+04   7.98e-04     8.51e-02   14.367s
 174000 +1.26487942e+07 +1.26753116e+07  2.65e+04   7.93e-04     8.30e-02   14.446s
 175000 +1.26487911e+07 +1.26753116e+07  2.65e+04   7.66e-04     8.43e-02   14.525s
 176000 +1.26487883e+07 +1.26753116e+07  2.65e+04   7.44e-04     8.49e-02   14.605s
 177000 +1.26487872e+07 +1.26753116e+07  2.65e+04   7.29e-04     8.47e-02   14.684s
 178000 +1.26487866e+07 +1.26753116e+07  2.65e+04   7.18e-04     8.39e-02   14.763s
 179000 +1.26487871e+07 +1.26753116e+07  2.65e+04   7.01e-04     8.31e-02   14.843s
 180000 +1.26487843e+07 +1.26753116e+07  2.65e+04   6.88e-04     8.24e-02   14.922s
 181000 +1.26487818e+07 +1.26753116e+07  2.65e+04   6.66e-04     8.36e-02   15.002s
 182000 +1.26487800e+07 +1.26753116e+07  2.65e+04   6.56e-04     8.29e-02   15.081s
 183000 +1.26487757e+07 +1.26753117e+07  2.65e+04   6.47e-04     8.20e-02   15.161s
 184000 +1.26487783e+07 +1.26753117e+07  2.65e+04   6.36e-04     8.15e-02   15.240s
 185000 +1.26487822e+07 +1.26753117e+07  2.65e+04   6.31e-04     8.13e-02   15.319s
 186000 +1.26487848e+07 +1.26753117e+07  2.65e+04   6.32e-04     8.11e-02   15.399s
 187000 +1.26487901e+07 +1.26753117e+07  2.65e+04   6.27e-04     8.07e-02   15.478s
 188000 +1.26487907e+07 +1.26753117e+07  2.65e+04   6.26e-04     8.04e-02   15.558s
 189000 +1.26487945e+07 +1.26753117e+07  2.65e+04   6.19e-04     8.02e-02   15.637s
 190000 +1.26488017e+07 +1.26753117e+07  2.65e+04   6.12e-04     8.01e-02   15.716s
 191000 +1.26488089e+07 +1.26753117e+07  2.65e+04   6.09e-04     8.04e-02   15.796s
 192000 +1.26488132e+07 +1.26753117e+07  2.65e+04   6.05e-04     8.08e-02   15.875s
 193000 +1.26488204e+07 +1.26753117e+07  2.65e+04   5.99e-04     8.09e-02   15.955s
 194000 +1.26488289e+07 +1.26753117e+07  2.65e+04   5.92e-04     8.12e-02   16.034s
 195000 +1.26488336e+07 +1.26753117e+07  2.65e+04   5.83e-04     8.19e-02   16.113s
 196000 +1.26488453e+07 +1.26753117e+07  2.65e+04   5.74e-04     8.22e-02   16.193s
 197000 +1.26488518e+07 +1.26753116e+07  2.65e+04   5.64e-04     9.16e-02   16.272s
 198000 +1.26488518e+07 +1.26753116e+07  2.65e+04   5.55e-04     9.89e-02   16.352s
 199000 +1.26488528e+07 +1.26753116e+07  2.65e+04   5.44e-04     1.05e-01   16.431s
 200000 +1.26488528e+07 +1.26753116e+07  2.65e+04   5.32e-04     1.10e-01   16.511s
 201000 +1.26488544e+07 +1.26753116e+07  2.65e+04   5.20e-04     1.14e-01   16.590s
 202000 +1.26488558e+07 +1.26753116e+07  2.65e+04   5.10e-04     1.18e-01   16.670s
 203000 +1.26488576e+07 +1.26753116e+07  2.65e+04   5.01e-04     1.20e-01   16.749s
 204000 +1.26488591e+07 +1.26753115e+07  2.65e+04   4.94e-04     1.23e-01   16.829s
 205000 +1.26488608e+07 +1.26753115e+07  2.65e+04   4.86e-04     1.25e-01   16.908s
 206000 +1.26488636e+07 +1.26753115e+07  2.64e+04   4.78e-04     1.28e-01   16.988s
 207000 +1.26488669e+07 +1.26753115e+07  2.64e+04   4.70e-04     1.30e-01   17.067s
 208000 +1.26488703e+07 +1.26753115e+07  2.64e+04   4.64e-04     1.31e-01   17.146s
 209000 +1.26488746e+07 +1.26753115e+07  2.64e+04   4.57e-04     1.32e-01   17.226s
 210000 +1.26488753e+07 +1.26753115e+07  2.64e+04   4.52e-04     1.32e-01   17.305s
 211000 +1.26488767e+07 +1.26753115e+07  2.64e+04   4.46e-04     1.32e-01   17.385s
 212000 +1.26488806e+07 +1.26753115e+07  2.64e+04   4.42e-04     1.31e-01   17.464s
 213000 +1.26488802e+07 +1.26753115e+07  2.64e+04   4.38e-04     1.29e-01   17.544s
 214000 +1.26488793e+07 +1.26753115e+07  2.64e+04   4.35e-04     1.27e-01   17.623s
 215000 +1.26488838e+07 +1.26753116e+07  2.64e+04   4.32e-04     1.26e-01   17.702s
 216000 +1.26488844e+07 +1.26753116e+07  2.64e+04   4.29e-04     1.24e-01   17.782s
 217000 +1.26488864e+07 +1.26753116e+07  2.64e+04   4.27e-04     1.21e-01   17.861s
 218000 +1.26488861e+07 +1.26753116e+07  2.64e+04   4.24e-04     1.19e-01   17.941s
 219000 +1.26488871e+07 +1.26753116e+07  2.64e+04   4.23e-04     1.16e-01   18.020s
 220000 +1.26488902e+07 +1.26753116e+07  2.64e+04   4.21e-04     1.14e-01   18.100s
 221000 +1.26488945e+07 +1.26753116e+07  2.64e+04   4.18e-04     1.13e-01   18.179s
 222000 +1.26488981e+07 +1.26753116e+07  2.64e+04   4.17e-04     1.10e-01   18.258s
 223000 +1.26489028e+07 +1.26753116e+07  2.64e+04   4.16e-04     1.08e-01   18.338s
 224000 +1.26489076e+07 +1.26753117e+07  2.64e+04   4.16e-04     1.06e-01   18.417s
 225000 +1.26489125e+07 +1.26753117e+07  2.64e+04   4.17e-04     1.03e-01   18.497s
 226000 +1.26489163e+07 +1.26753117e+07  2.64e+04   4.17e-04     9.97e-02   18.576s
 227000 +1.26489210e+07 +1.26753117e+07  2.64e+04   4.19e-04     9.67e-02   18.655s
 228000 +1.26489257e+07 +1.26753117e+07  2.64e+04   4.17e-04     9.39e-02   18.735s
 229000 +1.26489307e+07 +1.26753117e+07  2.64e+04   4.07e-04     9.50e-02   18.814s
 230000 +1.26489385e+07 +1.26753117e+07  2.64e+04   3.92e-04     9.76e-02   18.894s
 231000 +1.26489460e+07 +1.26753118e+07  2.64e+04   3.80e-04     9.85e-02   18.973s
 232000 +1.26489556e+07 +1.26753118e+07  2.64e+04   3.69e-04     9.92e-02   19.053s
 233000 +1.26489648e+07 +1.26753118e+07  2.63e+04   3.57e-04     9.99e-02   19.132s
 234000 +1.26489714e+07 +1.26753118e+07  2.63e+04   3.49e-04     1.01e-01   19.211s
 235000 +1.26489798e+07 +1.26753118e+07  2.63e+04   3.43e-04     1.01e-01   19.291s
 236000 +1.26489899e+07 +1.26753118e+07  2.63e+04   3.35e-04     1.01e-01   19.370s
 237000 +1.26490016e+07 +1.26753118e+07  2.63e+04   3.25e-04     1.02e-01   19.450s
 238000 +1.26490120e+07 +1.26753118e+07  2.63e+04   3.14e-04     1.02e-01   19.529s
 239000 +1.26490271e+07 +1.26753118e+07  2.63e+04   3.05e-04     1.00e-01   19.609s
 240000 +1.26490378e+07 +1.26753118e+07  2.63e+04   2.99e-04     9.87e-02   19.688s
 241000 +1.26490478e+07 +1.26753118e+07  2.63e+04   2.95e-04     9.70e-02   19.767s
 242000 +1.26490569e+07 +1.26753118e+07  2.63e+04   2.91e-04     9.45e-02   19.847s
 243000 +1.26490657e+07 +1.26753118e+07  2.62e+04   2.88e-04     9.20e-02   19.926s
 244000 +1.26490741e+07 +1.26753118e+07  2.62e+04   2.85e-04     8.97e-02   20.006s
 245000 +1.26490829e+07 +1.26753118e+07  2.62e+04   2.80e-04     8.82e-02   20.085s
 246000 +1.26490876e+07 +1.26753118e+07  2.62e+04   2.77e-04     8.64e-02   20.165s
 247000 +1.26490935e+07 +1.26753118e+07  2.62e+04   2.74e-04     8.51e-02   20.244s
 248000 +1.26490979e+07 +1.26753118e+07  2.62e+04   2.73e-04     8.47e-02   20.324s
 249000 +1.26491021e+07 +1.26753118e+07  2.62e+04   2.71e-04     8.46e-02   20.403s
 250000 +1.26491051e+07 +1.26753118e+07  2.62e+04   2.70e-04     8.41e-02   20.483s
 251000 +1.26491094e+07 +1.26753118e+07  2.62e+04   2.69e-04     8.37e-02   20.562s
 252000 +1.26491121e+07 +1.26753118e+07  2.62e+04   2.70e-04     8.31e-02   20.641s
 253000 +1.26491165e+07 +1.26753118e+07  2.62e+04   2.70e-04     8.24e-02   20.721s
 254000 +1.26491185e+07 +1.26753118e+07  2.62e+04   2.70e-04     8.20e-02   20.800s
 255000 +1.26491224e+07 +1.26753118e+07  2.62e+04   2.70e-04     8.16e-02   20.880s
 256000 +1.26491263e+07 +1.26753118e+07  2.62e+04   2.71e-04     8.09e-02   20.959s
 257000 +1.26491299e+07 +1.26753118e+07  2.62e+04   2.71e-04     7.96e-02   21.039s
 258000 +1.26491321e+07 +1.26753118e+07  2.62e+04   2.71e-04     7.85e-02   21.118s
 259000 +1.26491351e+07 +1.26753118e+07  2.62e+04   2.70e-04     7.72e-02   21.198s
 260000 +1.26491384e+07 +1.26753118e+07  2.62e+04   2.69e-04     7.66e-02   21.277s
 261000 +1.26491429e+07 +1.26753118e+07  2.62e+04   2.66e-04     7.62e-02   21.356s
 262000 +1.26491488e+07 +1.26753119e+07  2.62e+04   2.64e-04     7.48e-02   21.436s
 263000 +1.26491543e+07 +1.26753119e+07  2.62e+04   2.62e-04     7.33e-02   21.515s
 264000 +1.26491592e+07 +1.26753119e+07  2.62e+04   2.60e-04     7.25e-02   21.595s
 265000 +1.26491646e+07 +1.26753119e+07  2.61e+04   2.57e-04     7.20e-02   21.674s
 266000 +1.26491691e+07 +1.26753119e+07  2.61e+04   2.55e-04     7.09e-02   21.754s
 267000 +1.26491740e+07 +1.26753119e+07  2.61e+04   2.53e-04     7.06e-02   21.833s
 268000 +1.26491790e+07 +1.26753119e+07  2.61e+04   2.51e-04     7.03e-02   21.913s
 269000 +1.26491874e+07 +1.26753119e+07  2.61e+04   2.49e-04     7.01e-02   21.992s
 270000 +1.26491942e+07 +1.26753119e+07  2.61e+04   2.46e-04     6.97e-02   22.071s
 271000 +1.26492009e+07 +1.26753119e+07  2.61e+04   2.45e-04     6.92e-02   22.151s
 272000 +1.26492072e+07 +1.26753119e+07  2.61e+04   2.44e-04     6.82e-02   22.230s
 273000 +1.26492131e+07 +1.26753119e+07  2.61e+04   2.43e-04     6.73e-02   22.310s
 274000 +1.26492188e+07 +1.26753119e+07  2.61e+04   2.42e-04     6.69e-02   22.391s
 275000 +1.26492239e+07 +1.26753119e+07  2.61e+04   2.41e-04     6.67e-02   22.470s
 276000 +1.26492293e+07 +1.26753119e+07  2.61e+04   2.40e-04     6.64e-02   22.550s
 277000 +1.26492336e+07 +1.26753119e+07  2.61e+04   2.40e-04     6.60e-02   22.629s
 278000 +1.26492380e+07 +1.26753119e+07  2.61e+04   2.39e-04     6.57e-02   22.708s
 279000 +1.26492412e+07 +1.26753119e+07  2.61e+04   2.39e-04     6.57e-02   22.788s
 280000 +1.26492443e+07 +1.26753119e+07  2.61e+04   2.38e-04     6.57e-02   22.867s
 281000 +1.26492459e+07 +1.26753119e+07  2.61e+04   2.38e-04     6.61e-02   22.947s
 282000 +1.26492482e+07 +1.26753119e+07  2.61e+04   2.37e-04     6.64e-02   23.026s
 283000 +1.26492504e+07 +1.26753119e+07  2.61e+04   2.36e-04     6.66e-02   23.106s
 284000 +1.26492519e+07 +1.26753119e+07  2.61e+04   2.36e-04     6.68e-02   23.185s
 285000 +1.26492536e+07 +1.26753119e+07  2.61e+04   2.35e-04     6.69e-02   23.264s
 286000 +1.26492563e+07 +1.26753119e+07  2.61e+04   2.35e-04     6.67e-02   23.344s
 287000 +1.26492579e+07 +1.26753119e+07  2.61e+04   2.35e-04     6.65e-02   23.423s
 288000 +1.26492600e+07 +1.26753119e+07  2.61e+04   2.35e-04     6.63e-02   23.503s
 289000 +1.26492623e+07 +1.26753119e+07  2.60e+04   2.34e-04     6.60e-02   23.582s
 290000 +1.26492644e+07 +1.26753119e+07  2.60e+04   2.34e-04     6.54e-02   23.661s
 291000 +1.26492670e+07 +1.26753119e+07  2.60e+04   2.34e-04     6.46e-02   23.741s
 292000 +1.26492686e+07 +1.26753119e+07  2.60e+04   2.34e-04     6.40e-02   23.820s
 293000 +1.26492718e+07 +1.26753119e+07  2.60e+04   2.34e-04     6.34e-02   23.900s
 294000 +1.26492747e+07 +1.26753119e+07  2.60e+04   2.33e-04     6.31e-02   23.979s
 295000 +1.26492782e+07 +1.26753119e+07  2.60e+04   2.32e-04     6.29e-02   24.059s
 296000 +1.26492818e+07 +1.26753119e+07  2.60e+04   2.31e-04     6.25e-02   24.138s
 297000 +1.26492852e+07 +1.26753119e+07  2.60e+04   2.30e-04     6.22e-02   24.217s
 298000 +1.26492882e+07 +1.26753119e+07  2.60e+04   2.29e-04     6.19e-02   24.297s
 299000 +1.26492918e+07 +1.26753119e+07  2.60e+04   2.29e-04     6.15e-02   24.376s
 300000 +1.26492965e+07 +1.26753119e+07  2.60e+04   2.28e-04     6.13e-02   24.456s
 301000 +1.26493001e+07 +1.26753119e+07  2.60e+04   2.27e-04     6.11e-02   24.535s
 302000 +1.26493034e+07 +1.26753119e+07  2.60e+04   2.27e-04     6.07e-02   24.615s
 303000 +1.26493080e+07 +1.26753119e+07  2.60e+04   2.26e-04     6.02e-02   24.694s
 304000 +1.26493118e+07 +1.26753119e+07  2.60e+04   2.26e-04     5.96e-02   24.773s
 305000 +1.26493153e+07 +1.26753119e+07  2.60e+04   2.26e-04     5.90e-02   24.853s
 306000 +1.26493188e+07 +1.26753119e+07  2.60e+04   2.25e-04     5.86e-02   24.932s
 307000 +1.26493213e+07 +1.26753119e+07  2.60e+04   2.25e-04     5.81e-02   25.012s
 308000 +1.26493234e+07 +1.26753119e+07  2.60e+04   2.24e-04     5.83e-02   25.092s
 309000 +1.26493250e+07 +1.26753119e+07  2.60e+04   2.24e-04     5.89e-02   25.171s
 310000 +1.26493265e+07 +1.26753119e+07  2.60e+04   2.24e-04     5.95e-02   25.250s
 311000 +1.26493280e+07 +1.26753119e+07  2.60e+04   2.23e-04     6.01e-02   25.330s
 312000 +1.26493295e+07 +1.26753119e+07  2.60e+04   2.23e-04     6.07e-02   25.409s
 313000 +1.26493311e+07 +1.26753119e+07  2.60e+04   2.23e-04     6.11e-02   25.489s
 314000 +1.26493327e+07 +1.26753119e+07  2.60e+04   2.22e-04     6.15e-02   25.568s
 315000 +1.26493343e+07 +1.26753119e+07  2.60e+04   2.22e-04     6.18e-02   25.647s
 316000 +1.26493359e+07 +1.26753119e+07  2.60e+04   2.22e-04     6.21e-02   25.727s
 317000 +1.26493375e+07 +1.26753119e+07  2.60e+04   2.22e-04     6.22e-02   25.806s
 318000 +1.26493391e+07 +1.26753119e+07  2.60e+04   2.22e-04     6.23e-02   25.885s
 319000 +1.26493407e+07 +1.26753119e+07  2.60e+04   2.22e-04     6.24e-02   25.965s
 320000 +1.26493422e+07 +1.26753119e+07  2.60e+04   2.22e-04     6.24e-02   26.044s
 321000 +1.26493437e+07 +1.26753119e+07  2.60e+04   2.21e-04     6.24e-02   26.124s
 322000 +1.26493452e+07 +1.26753119e+07  2.60e+04   2.21e-04     6.23e-02   26.203s
 323000 +1.26493467e+07 +1.26753119e+07  2.60e+04   2.21e-04     6.23e-02   26.283s
 324000 +1.26493485e+07 +1.26753119e+07  2.60e+04   2.20e-04     6.23e-02   26.362s
 325000 +1.26493500e+07 +1.26753119e+07  2.60e+04   2.20e-04     6.22e-02   26.441s
 326000 +1.26493510e+07 +1.26753119e+07  2.60e+04   2.20e-04     6.23e-02   26.521s
 327000 +1.26493521e+07 +1.26753119e+07  2.60e+04   2.20e-04     6.23e-02   26.600s
 328000 +1.26493535e+07 +1.26753119e+07  2.60e+04   2.20e-04     6.24e-02   26.679s
 329000 +1.26493547e+07 +1.26753119e+07  2.60e+04   2.20e-04     6.25e-02   26.759s
 330000 +1.26493558e+07 +1.26753119e+07  2.60e+04   2.20e-04     6.25e-02   26.838s
 331000 +1.26493569e+07 +1.26753119e+07  2.60e+04   2.20e-04     6.25e-02   26.918s
 332000 +1.26493579e+07 +1.26753119e+07  2.60e+04   2.20e-04     6.26e-02   26.997s
 333000 +1.26493591e+07 +1.26753119e+07  2.60e+04   2.20e-04     6.27e-02   27.076s
 334000 +1.26493599e+07 +1.26753119e+07  2.60e+04   2.20e-04     6.29e-02   27.156s
 335000 +1.26493606e+07 +1.26753119e+07  2.60e+04   2.20e-04     6.29e-02   27.235s
 336000 +1.26493614e+07 +1.26753119e+07  2.60e+04   2.20e-04     6.27e-02   27.315s
 337000 +1.26493623e+07 +1.26753119e+07  2.59e+04   2.19e-04     6.27e-02   27.394s
 338000 +1.26493632e+07 +1.26753119e+07  2.59e+04   2.19e-04     6.27e-02   27.473s
 339000 +1.26493642e+07 +1.26753119e+07  2.59e+04   2.19e-04     6.27e-02   27.553s
 340000 +1.26493646e+07 +1.26753119e+07  2.59e+04   2.19e-04     6.28e-02   27.632s
 341000 +1.26493654e+07 +1.26753119e+07  2.59e+04   2.19e-04     6.28e-02   27.712s
 342000 +1.26493659e+07 +1.26753119e+07  2.59e+04   2.19e-04     6.29e-02   27.791s
 343000 +1.26493666e+07 +1.26753119e+07  2.59e+04   2.19e-04     6.30e-02   27.870s
 344000 +1.26493670e+07 +1.26753119e+07  2.59e+04   2.19e-04     6.30e-02   27.950s
 345000 +1.26493677e+07 +1.26753119e+07  2.59e+04   2.19e-04     6.31e-02   28.029s
 346000 +1.26493682e+07 +1.26753119e+07  2.59e+04   2.19e-04     6.31e-02   28.108s
 347000 +1.26493687e+07 +1.26753119e+07  2.59e+04   2.19e-04     6.31e-02   28.188s
 348000 +1.26493691e+07 +1.26753119e+07  2.59e+04   2.19e-04     6.30e-02   28.267s
 349000 +1.26493695e+07 +1.26753119e+07  2.59e+04   2.19e-04     6.30e-02   28.346s
 350000 +1.26493700e+07 +1.26753119e+07  2.59e+04   2.19e-04     6.31e-02   28.426s
 351000 +1.26493705e+07 +1.26753119e+07  2.59e+04   2.19e-04     6.31e-02   28.505s
 352000 +1.26493709e+07 +1.26753119e+07  2.59e+04   2.19e-04     6.31e-02   28.585s
 353000 +1.26493714e+07 +1.26753119e+07  2.59e+04   2.19e-04     6.31e-02   28.664s
 354000 +1.26493719e+07 +1.26753119e+07  2.59e+04   2.19e-04     6.32e-02   28.744s
 355000 +1.26493724e+07 +1.26753120e+07  2.59e+04   2.19e-04     6.32e-02   28.823s
 356000 +1.26493728e+07 +1.26753120e+07  2.59e+04   2.19e-04     6.31e-02   28.903s
 357000 +1.26493733e+07 +1.26753120e+07  2.59e+04   2.19e-04     6.31e-02   28.982s
 358000 +1.26493735e+07 +1.26753120e+07  2.59e+04   2.19e-04     6.31e-02   29.061s
 359000 +1.26493738e+07 +1.26753120e+07  2.59e+04   2.19e-04     6.31e-02   29.141s
 360000 +1.26493741e+07 +1.26753120e+07  2.59e+04   2.19e-04     6.31e-02   29.220s
 361000 +1.26493742e+07 +1.26753120e+07  2.59e+04   2.19e-04     6.31e-02   29.299s
 362000 +1.26493743e+07 +1.26753120e+07  2.59e+04   2.19e-04     6.31e-02   29.379s
 363000 +1.26493745e+07 +1.26753120e+07  2.59e+04   2.19e-04     6.31e-02   29.458s
 364000 +1.26493745e+07 +1.26753120e+07  2.59e+04   2.19e-04     6.31e-02   29.538s
 365000 +1.26493746e+07 +1.26753120e+07  2.59e+04   2.19e-04     6.31e-02   29.617s
 366000 +1.26493745e+07 +1.26753120e+07  2.59e+04   2.19e-04     6.30e-02   29.696s
 367000 +1.26493746e+07 +1.26753120e+07  2.59e+04   2.19e-04     6.30e-02   29.776s
 368000 +1.26493746e+07 +1.26753120e+07  2.59e+04   2.19e-04     6.30e-02   29.855s
 369000 +1.26493745e+07 +1.26753120e+07  2.59e+04   2.19e-04     6.30e-02   29.935s
 370000 +1.26493744e+07 +1.26753120e+07  2.59e+04   2.19e-04     6.29e-02   30.014s
 371000 +1.26493742e+07 +1.26753120e+07  2.59e+04   2.19e-04     6.29e-02   30.093s
 372000 +1.26493741e+07 +1.26753120e+07  2.59e+04   2.19e-04     6.29e-02   30.173s
 373000 +1.26493740e+07 +1.26753120e+07  2.59e+04   2.19e-04     6.29e-02   30.252s
 374000 +1.26493739e+07 +1.26753120e+07  2.59e+04   2.19e-04     6.29e-02   30.331s
 375000 +1.26493737e+07 +1.26753120e+07  2.59e+04   2.19e-04     6.29e-02   30.411s
 376000 +1.26493734e+07 +1.26753120e+07  2.59e+04   2.19e-04     6.29e-02   30.490s
 377000 +1.26493732e+07 +1.26753120e+07  2.59e+04   2.19e-04     6.28e-02   30.570s
 378000 +1.26493730e+07 +1.26753120e+07  2.59e+04   2.19e-04     6.28e-02   30.649s
 379000 +1.26493726e+07 +1.26753120e+07  2.59e+04   2.19e-04     6.28e-02   30.728s
 380000 +1.26493723e+07 +1.26753120e+07  2.59e+04   2.19e-04     6.28e-02   30.808s
 381000 +1.26493720e+07 +1.26753120e+07  2.59e+04   2.19e-04     6.27e-02   30.887s
 382000 +1.26493717e+07 +1.26753120e+07  2.59e+04   2.19e-04     6.27e-02   30.966s
 383000 +1.26493714e+07 +1.26753120e+07  2.59e+04   2.19e-04     6.27e-02   31.046s
 384000 +1.26493711e+07 +1.26753120e+07  2.59e+04   2.19e-04     6.27e-02   31.125s
 385000 +1.26493706e+07 +1.26753120e+07  2.59e+04   2.18e-04     6.26e-02   31.205s
 386000 +1.26493701e+07 +1.26753120e+07  2.59e+04   2.18e-04     6.27e-02   31.284s
 387000 +1.26493696e+07 +1.26753120e+07  2.59e+04   2.18e-04     6.26e-02   31.363s
 388000 +1.26493690e+07 +1.26753120e+07  2.59e+04   2.18e-04     6.26e-02   31.443s
 389000 +1.26493684e+07 +1.26753120e+07  2.59e+04   2.18e-04     6.26e-02   31.522s
 390000 +1.26493678e+07 +1.26753120e+07  2.59e+04   2.18e-04     6.26e-02   31.602s
 391000 +1.26493671e+07 +1.26753120e+07  2.59e+04   2.18e-04     6.26e-02   31.681s
 392000 +1.26493662e+07 +1.26753120e+07  2.59e+04   2.18e-04     6.26e-02   31.760s
 393000 +1.26493653e+07 +1.26753120e+07  2.59e+04   2.18e-04     6.27e-02   31.840s
 394000 +1.26493643e+07 +1.26753120e+07  2.59e+04   2.18e-04     6.27e-02   31.919s
 395000 +1.26493632e+07 +1.26753120e+07  2.59e+04   2.18e-04     6.26e-02   32.000s
 396000 +1.26493622e+07 +1.26753121e+07  2.59e+04   2.17e-04     6.27e-02   32.080s
 397000 +1.26493609e+07 +1.26753121e+07  2.60e+04   2.17e-04     6.28e-02   32.159s
 398000 +1.26493597e+07 +1.26753121e+07  2.60e+04   2.17e-04     6.28e-02   32.238s
 399000 +1.26493583e+07 +1.26753121e+07  2.60e+04   2.17e-04     6.29e-02   32.318s
 400000 +1.26493569e+07 +1.26753121e+07  2.60e+04   2.17e-04     6.30e-02   32.397s
 401000 +1.26493555e+07 +1.26753121e+07  2.60e+04   2.17e-04     6.31e-02   32.477s
 402000 +1.26493537e+07 +1.26753121e+07  2.60e+04   2.16e-04     6.32e-02   32.556s
 403000 +1.26493520e+07 +1.26753121e+07  2.60e+04   2.16e-04     6.34e-02   32.635s
 404000 +1.26493505e+07 +1.26753121e+07  2.60e+04   2.16e-04     6.35e-02   32.715s
 405000 +1.26493487e+07 +1.26753121e+07  2.60e+04   2.16e-04     6.36e-02   32.794s
 406000 +1.26493467e+07 +1.26753121e+07  2.60e+04   2.15e-04     6.38e-02   32.873s
 407000 +1.26493447e+07 +1.26753121e+07  2.60e+04   2.15e-04     6.40e-02   32.953s
 408000 +1.26493425e+07 +1.26753121e+07  2.60e+04   2.15e-04     6.41e-02   33.032s
 409000 +1.26493405e+07 +1.26753121e+07  2.60e+04   2.15e-04     6.43e-02   33.112s
 410000 +1.26493381e+07 +1.26753121e+07  2.60e+04   2.14e-04     6.46e-02   33.191s
 411000 +1.26493356e+07 +1.26753121e+07  2.60e+04   2.14e-04     6.48e-02   33.270s
 412000 +1.26493332e+07 +1.26753121e+07  2.60e+04   2.14e-04     6.50e-02   33.350s
 413000 +1.26493310e+07 +1.26753121e+07  2.60e+04   2.13e-04     6.51e-02   33.429s
 414000 +1.26493280e+07 +1.26753121e+07  2.60e+04   2.13e-04     6.53e-02   33.509s
 415000 +1.26493255e+07 +1.26753121e+07  2.60e+04   2.13e-04     6.54e-02   33.588s
 416000 +1.26493229e+07 +1.26753121e+07  2.60e+04   2.12e-04     6.56e-02   33.667s
 417000 +1.26493202e+07 +1.26753121e+07  2.60e+04   2.12e-04     6.57e-02   33.747s
 418000 +1.26493174e+07 +1.26753121e+07  2.60e+04   2.12e-04     6.59e-02   33.826s
 419000 +1.26493143e+07 +1.26753121e+07  2.60e+04   2.11e-04     6.60e-02   33.906s
 420000 +1.26493116e+07 +1.26753121e+07  2.60e+04   2.11e-04     6.62e-02   33.985s
 421000 +1.26493086e+07 +1.26753121e+07  2.60e+04   2.11e-04     6.64e-02   34.064s
 422000 +1.26493054e+07 +1.26753121e+07  2.60e+04   2.10e-04     6.65e-02   34.144s
 423000 +1.26493025e+07 +1.26753121e+07  2.60e+04   2.10e-04     6.67e-02   34.223s
 424000 +1.26492992e+07 +1.26753121e+07  2.60e+04   2.10e-04     6.67e-02   34.302s
 425000 +1.26492962e+07 +1.26753121e+07  2.60e+04   2.10e-04     6.67e-02   34.382s
 426000 +1.26492934e+07 +1.26753121e+07  2.60e+04   2.09e-04     6.68e-02   34.461s
 427000 +1.26492905e+07 +1.26753121e+07  2.60e+04   2.09e-04     6.68e-02   34.541s
 428000 +1.26492872e+07 +1.26753121e+07  2.60e+04   2.09e-04     6.68e-02   34.620s
 429000 +1.26492847e+07 +1.26753121e+07  2.60e+04   2.09e-04     6.67e-02   34.699s
 430000 +1.26492817e+07 +1.26753121e+07  2.60e+04   2.08e-04     6.67e-02   34.779s
 431000 +1.26492786e+07 +1.26753121e+07  2.60e+04   2.08e-04     6.67e-02   34.861s
 432000 +1.26492758e+07 +1.26753121e+07  2.60e+04   2.08e-04     6.68e-02   34.940s
 433000 +1.26492729e+07 +1.26753121e+07  2.60e+04   2.08e-04     6.67e-02   35.020s
 434000 +1.26492703e+07 +1.26753121e+07  2.60e+04   2.08e-04     6.68e-02   35.099s
 435000 +1.26492675e+07 +1.26753121e+07  2.60e+04   2.07e-04     6.67e-02   35.179s
 436000 +1.26492650e+07 +1.26753121e+07  2.60e+04   2.07e-04     6.66e-02   35.258s
 437000 +1.26492621e+07 +1.26753121e+07  2.60e+04   2.07e-04     6.65e-02   35.337s
 438000 +1.26492595e+07 +1.26753121e+07  2.61e+04   2.07e-04     6.64e-02   35.417s
 439000 +1.26492574e+07 +1.26753121e+07  2.61e+04   2.07e-04     6.63e-02   35.496s
 440000 +1.26492549e+07 +1.26753121e+07  2.61e+04   2.07e-04     6.62e-02   35.575s
 441000 +1.26492527e+07 +1.26753121e+07  2.61e+04   2.06e-04     6.61e-02   35.655s
 442000 +1.26492504e+07 +1.26753121e+07  2.61e+04   2.06e-04     6.60e-02   35.734s
 443000 +1.26492484e+07 +1.26753121e+07  2.61e+04   2.06e-04     6.59e-02   35.814s
 444000 +1.26492461e+07 +1.26753121e+07  2.61e+04   2.06e-04     6.58e-02   35.893s
 445000 +1.26492440e+07 +1.26753121e+07  2.61e+04   2.06e-04     6.57e-02   35.972s
 446000 +1.26492423e+07 +1.26753121e+07  2.61e+04   2.06e-04     6.56e-02   36.052s
 447000 +1.26492400e+07 +1.26753121e+07  2.61e+04   2.06e-04     6.55e-02   36.131s
 448000 +1.26492382e+07 +1.26753121e+07  2.61e+04   2.06e-04     6.54e-02   36.210s
 449000 +1.26492364e+07 +1.26753121e+07  2.61e+04   2.05e-04     6.52e-02   36.290s
 450000 +1.26492345e+07 +1.26753121e+07  2.61e+04   2.05e-04     6.51e-02   36.369s
 451000 +1.26492325e+07 +1.26753121e+07  2.61e+04   2.05e-04     6.49e-02   36.448s
 452000 +1.26492310e+07 +1.26753121e+07  2.61e+04   2.05e-04     6.48e-02   36.528s
 453000 +1.26492290e+07 +1.26753121e+07  2.61e+04   2.05e-04     6.46e-02   36.607s
 454000 +1.26492274e+07 +1.26753121e+07  2.61e+04   2.05e-04     6.45e-02   36.687s
 455000 +1.26492259e+07 +1.26753121e+07  2.61e+04   2.05e-04     6.43e-02   36.766s
 456000 +1.26492238e+07 +1.26753121e+07  2.61e+04   2.05e-04     6.41e-02   36.845s
 457000 +1.26492223e+07 +1.26753121e+07  2.61e+04   2.05e-04     6.40e-02   36.925s
 458000 +1.26492204e+07 +1.26753121e+07  2.61e+04   2.05e-04     6.35e-02   37.004s
 459000 +1.26492189e+07 +1.26753121e+07  2.61e+04   2.05e-04     6.33e-02   37.083s
 460000 +1.26492177e+07 +1.26753121e+07  2.61e+04   2.05e-04     6.31e-02   37.163s
 461000 +1.26492164e+07 +1.26753121e+07  2.61e+04   2.05e-04     6.29e-02   37.242s
 462000 +1.26492150e+07 +1.26753121e+07  2.61e+04   2.05e-04     6.26e-02   37.322s
 463000 +1.26492136e+07 +1.26753121e+07  2.61e+04   2.05e-04     6.25e-02   37.401s
 464000 +1.26492123e+07 +1.26753121e+07  2.61e+04   2.04e-04     6.22e-02   37.480s
 465000 +1.26492111e+07 +1.26753121e+07  2.61e+04   2.04e-04     6.20e-02   37.560s
 466000 +1.26492101e+07 +1.26753121e+07  2.61e+04   2.04e-04     6.18e-02   37.639s
 467000 +1.26492090e+07 +1.26753121e+07  2.61e+04   2.04e-04     6.16e-02   37.719s
 468000 +1.26492081e+07 +1.26753121e+07  2.61e+04   2.04e-04     6.12e-02   37.798s
 469000 +1.26492070e+07 +1.26753121e+07  2.61e+04   2.04e-04     6.09e-02   37.877s
 470000 +1.26492063e+07 +1.26753121e+07  2.61e+04   2.04e-04     6.06e-02   37.957s
 471000 +1.26492053e+07 +1.26753122e+07  2.61e+04   2.04e-04     6.04e-02   38.036s
 472000 +1.26492044e+07 +1.26753122e+07  2.61e+04   2.04e-04     6.01e-02   38.115s
 473000 +1.26492038e+07 +1.26753122e+07  2.61e+04   2.04e-04     5.99e-02   38.195s
 474000 +1.26492030e+07 +1.26753122e+07  2.61e+04   2.04e-04     5.96e-02   38.274s
 475000 +1.26492023e+07 +1.26753122e+07  2.61e+04   2.04e-04     5.93e-02   38.354s
 476000 +1.26492014e+07 +1.26753122e+07  2.61e+04   2.04e-04     5.91e-02   38.433s
 477000 +1.26492007e+07 +1.26753122e+07  2.61e+04   2.04e-04     5.89e-02   38.512s
 478000 +1.26492001e+07 +1.26753122e+07  2.61e+04   2.04e-04     5.86e-02   38.592s
 479000 +1.26491994e+07 +1.26753122e+07  2.61e+04   2.04e-04     5.84e-02   38.671s
 480000 +1.26491987e+07 +1.26753122e+07  2.61e+04   2.04e-04     5.83e-02   38.751s
 481000 +1.26491985e+07 +1.26753122e+07  2.61e+04   2.04e-04     5.83e-02   38.830s
 482000 +1.26491983e+07 +1.26753122e+07  2.61e+04   2.04e-04     5.84e-02   38.910s
 483000 +1.26491981e+07 +1.26753122e+07  2.61e+04   2.04e-04     5.85e-02   38.989s
 484000 +1.26491978e+07 +1.26753122e+07  2.61e+04   2.04e-04     5.86e-02   39.069s
 485000 +1.26491976e+07 +1.26753122e+07  2.61e+04   2.04e-04     5.87e-02   39.148s
 486000 +1.26491973e+07 +1.26753122e+07  2.61e+04   2.04e-04     5.89e-02   39.227s
 487000 +1.26491970e+07 +1.26753122e+07  2.61e+04   2.04e-04     5.90e-02   39.307s
 488000 +1.26491967e+07 +1.26753122e+07  2.61e+04   2.04e-04     5.92e-02   39.386s
 489000 +1.26491963e+07 +1.26753122e+07  2.61e+04   2.04e-04     5.93e-02   39.466s
 490000 +1.26491959e+07 +1.26753122e+07  2.61e+04   2.04e-04     5.94e-02   39.545s
 491000 +1.26491958e+07 +1.26753122e+07  2.61e+04   2.04e-04     5.94e-02   39.625s
 492000 +1.26491954e+07 +1.26753122e+07  2.61e+04   2.04e-04     5.96e-02   39.704s
 493000 +1.26491951e+07 +1.26753122e+07  2.61e+04   2.04e-04     5.98e-02   39.784s
 494000 +1.26491948e+07 +1.26753122e+07  2.61e+04   2.04e-04     6.00e-02   39.863s
 495000 +1.26491945e+07 +1.26753122e+07  2.61e+04   2.04e-04     6.03e-02   39.942s
 496000 +1.26491941e+07 +1.26753122e+07  2.61e+04   2.04e-04     6.05e-02   40.022s
 497000 +1.26491939e+07 +1.26753122e+07  2.61e+04   2.04e-04     6.08e-02   40.101s
 498000 +1.26491935e+07 +1.26753122e+07  2.61e+04   2.04e-04     6.10e-02   40.181s
 499000 +1.26491931e+07 +1.26753122e+07  2.61e+04   2.04e-04     6.12e-02   40.260s
 500000 +1.26491929e+07 +1.26753123e+07  2.61e+04   2.04e-04     6.14e-02   40.340s
 501000 +1.26491925e+07 +1.26753123e+07  2.61e+04   2.04e-04     6.17e-02   40.419s
 502000 +1.26491921e+07 +1.26753123e+07  2.61e+04   2.04e-04     6.19e-02   40.498s
 503000 +1.26491918e+07 +1.26753123e+07  2.61e+04   2.04e-04     6.21e-02   40.578s
 504000 +1.26491915e+07 +1.26753123e+07  2.61e+04   2.04e-04     6.23e-02   40.657s
 505000 +1.26491911e+07 +1.26753123e+07  2.61e+04   2.04e-04     6.25e-02   40.737s
 506000 +1.26491909e+07 +1.26753123e+07  2.61e+04   2.04e-04     6.26e-02   40.816s
 507000 +1.26491905e+07 +1.26753123e+07  2.61e+04   2.04e-04     6.27e-02   40.896s
 508000 +1.26491902e+07 +1.26753123e+07  2.61e+04   2.04e-04     6.29e-02   40.975s
 509000 +1.26491899e+07 +1.26753123e+07  2.61e+04   2.04e-04     6.30e-02   41.054s
 510000 +1.26491896e+07 +1.26753123e+07  2.61e+04   2.04e-04     6.31e-02   41.134s
 511000 +1.26491894e+07 +1.26753123e+07  2.61e+04   2.04e-04     6.32e-02   41.213s
 512000 +1.26491891e+07 +1.26753123e+07  2.61e+04   2.04e-04     6.33e-02   41.293s
 513000 +1.26491889e+07 +1.26753123e+07  2.61e+04   2.04e-04     6.34e-02   41.372s
 514000 +1.26491886e+07 +1.26753123e+07  2.61e+04   2.04e-04     6.35e-02   41.452s
 515000 +1.26491884e+07 +1.26753123e+07  2.61e+04   2.04e-04     6.36e-02   41.531s
 516000 +1.26491882e+07 +1.26753123e+07  2.61e+04   2.04e-04     6.36e-02   41.610s
 517000 +1.26491880e+07 +1.26753123e+07  2.61e+04   2.04e-04     6.36e-02   41.690s
 518000 +1.26491878e+07 +1.26753123e+07  2.61e+04   2.04e-04     6.37e-02   41.769s
 519000 +1.26491877e+07 +1.26753123e+07  2.61e+04   2.04e-04     6.37e-02   41.849s
 520000 +1.26491875e+07 +1.26753123e+07  2.61e+04   2.04e-04     6.37e-02   41.928s
 521000 +1.26491874e+07 +1.26753123e+07  2.61e+04   2.04e-04     6.37e-02   42.008s
 522000 +1.26491873e+07 +1.26753123e+07  2.61e+04   2.04e-04     6.37e-02   42.087s
 523000 +1.26491872e+07 +1.26753123e+07  2.61e+04   2.04e-04     6.36e-02   42.166s
 524000 +1.26491871e+07 +1.26753123e+07  2.61e+04   2.04e-04     6.35e-02   42.246s
 525000 +1.26491870e+07 +1.26753123e+07  2.61e+04   2.04e-04     6.35e-02   42.325s
 526000 +1.26491870e+07 +1.26753124e+07  2.61e+04   2.04e-04     6.35e-02   42.405s
 527000 +1.26491869e+07 +1.26753124e+07  2.61e+04   2.04e-04     6.35e-02   42.484s
 528000 +1.26491869e+07 +1.26753124e+07  2.61e+04   2.04e-04     6.35e-02   42.564s
 529000 +1.26491869e+07 +1.26753124e+07  2.61e+04   2.04e-04     6.36e-02   42.643s
 530000 +1.26491869e+07 +1.26753124e+07  2.61e+04   2.04e-04     6.36e-02   42.723s
 531000 +1.26491869e+07 +1.26753124e+07  2.61e+04   2.04e-04     6.37e-02   42.802s
 532000 +1.26491869e+07 +1.26753124e+07  2.61e+04   2.04e-04     6.37e-02   42.881s
 533000 +1.26491870e+07 +1.26753124e+07  2.61e+04   2.04e-04     6.37e-02   42.961s
 534000 +1.26491870e+07 +1.26753124e+07  2.61e+04   2.04e-04     6.37e-02   43.040s
 535000 +1.26491871e+07 +1.26753124e+07  2.61e+04   2.04e-04     6.37e-02   43.120s
 536000 +1.26491871e+07 +1.26753124e+07  2.61e+04   2.04e-04     6.38e-02   43.199s
 537000 +1.26491872e+07 +1.26753124e+07  2.61e+04   2.04e-04     6.39e-02   43.279s
 538000 +1.26491873e+07 +1.26753124e+07  2.61e+04   2.03e-04     6.39e-02   43.358s
 539000 +1.26491874e+07 +1.26753124e+07  2.61e+04   2.03e-04     6.40e-02   43.438s
 540000 +1.26491876e+07 +1.26753124e+07  2.61e+04   2.03e-04     6.41e-02   43.517s
 541000 +1.26491878e+07 +1.26753124e+07  2.61e+04   2.03e-04     6.42e-02   43.597s
 542000 +1.26491879e+07 +1.26753124e+07  2.61e+04   2.03e-04     6.42e-02   43.676s
 543000 +1.26491881e+07 +1.26753124e+07  2.61e+04   2.03e-04     6.42e-02   43.755s
 544000 +1.26491883e+07 +1.26753124e+07  2.61e+04   2.03e-04     6.43e-02   43.835s
 545000 +1.26491885e+07 +1.26753124e+07  2.61e+04   2.03e-04     6.44e-02   43.914s
 546000 +1.26491887e+07 +1.26753124e+07  2.61e+04   2.03e-04     6.45e-02   43.994s
 547000 +1.26491890e+07 +1.26753124e+07  2.61e+04   2.03e-04     6.46e-02   44.073s
 548000 +1.26491892e+07 +1.26753124e+07  2.61e+04   2.03e-04     6.48e-02   44.153s
 549000 +1.26491895e+07 +1.26753125e+07  2.61e+04   2.03e-04     6.49e-02   44.232s
 550000 +1.26491898e+07 +1.26753125e+07  2.61e+04   2.03e-04     6.50e-02   44.312s
 551000 +1.26491901e+07 +1.26753125e+07  2.61e+04   2.03e-04     6.51e-02   44.391s
 552000 +1.26491904e+07 +1.26753125e+07  2.61e+04   2.03e-04     6.51e-02   44.470s
 553000 +1.26491908e+07 +1.26753125e+07  2.61e+04   2.03e-04     6.52e-02   44.550s
 554000 +1.26491911e+07 +1.26753125e+07  2.61e+04   2.03e-04     6.54e-02   44.629s
 555000 +1.26491915e+07 +1.26753125e+07  2.61e+04   2.03e-04     6.55e-02   44.709s
 556000 +1.26491919e+07 +1.26753125e+07  2.61e+04   2.03e-04     6.56e-02   44.788s
 557000 +1.26491923e+07 +1.26753125e+07  2.61e+04   2.03e-04     6.58e-02   44.868s
 558000 +1.26491928e+07 +1.26753125e+07  2.61e+04   2.03e-04     6.60e-02   44.947s
 559000 +1.26491932e+07 +1.26753125e+07  2.61e+04   2.03e-04     6.61e-02   45.027s
 560000 +1.26491935e+07 +1.26753125e+07  2.61e+04   2.03e-04     6.63e-02   45.106s
 561000 +1.26491941e+07 +1.26753125e+07  2.61e+04   2.03e-04     6.65e-02   45.185s
 562000 +1.26491946e+07 +1.26753125e+07  2.61e+04   2.03e-04     6.67e-02   45.265s
 563000 +1.26491952e+07 +1.26753125e+07  2.61e+04   2.03e-04     6.69e-02   45.344s
 564000 +1.26491958e+07 +1.26753125e+07  2.61e+04   2.03e-04     6.70e-02   45.424s
 565000 +1.26491964e+07 +1.26753125e+07  2.61e+04   2.03e-04     6.73e-02   45.503s
 566000 +1.26491970e+07 +1.26753125e+07  2.61e+04   2.03e-04     6.75e-02   45.583s
 567000 +1.26491976e+07 +1.26753125e+07  2.61e+04   2.03e-04     6.78e-02   45.662s
 568000 +1.26491982e+07 +1.26753125e+07  2.61e+04   2.03e-04     6.81e-02   45.741s
 569000 +1.26491990e+07 +1.26753125e+07  2.61e+04   2.03e-04     6.84e-02   45.821s
 570000 +1.26491997e+07 +1.26753125e+07  2.61e+04   2.03e-04     6.87e-02   45.900s
 571000 +1.26492003e+07 +1.26753125e+07  2.61e+04   2.03e-04     6.90e-02   45.980s
 572000 +1.26492010e+07 +1.26753125e+07  2.61e+04   2.03e-04     6.88e-02   46.059s
 573000 +1.26492019e+07 +1.26753125e+07  2.61e+04   2.03e-04     6.91e-02   46.139s
 574000 +1.26492026e+07 +1.26753125e+07  2.61e+04   2.03e-04     6.93e-02   46.218s
 575000 +1.26492034e+07 +1.26753126e+07  2.61e+04   2.03e-04     6.96e-02   46.297s
 576000 +1.26492042e+07 +1.26753126e+07  2.61e+04   2.03e-04     6.99e-02   46.377s
 577000 +1.26492052e+07 +1.26753126e+07  2.61e+04   2.03e-04     7.02e-02   46.456s
 578000 +1.26492060e+07 +1.26753126e+07  2.61e+04   2.03e-04     7.05e-02   46.536s
 579000 +1.26492070e+07 +1.26753126e+07  2.61e+04   2.03e-04     7.09e-02   46.615s
 580000 +1.26492079e+07 +1.26753126e+07  2.61e+04   2.03e-04     7.12e-02   46.695s
 581000 +1.26492089e+07 +1.26753126e+07  2.61e+04   2.03e-04     7.14e-02   46.774s
 582000 +1.26492097e+07 +1.26753126e+07  2.61e+04   2.03e-04     7.18e-02   46.854s
 583000 +1.26492108e+07 +1.26753126e+07  2.61e+04   2.03e-04     7.20e-02   46.933s
 584000 +1.26492119e+07 +1.26753126e+07  2.61e+04   2.03e-04     7.10e-02   47.012s
 585000 +1.26492130e+07 +1.26753126e+07  2.61e+04   2.03e-04     6.96e-02   47.092s
 586000 +1.26492142e+07 +1.26753126e+07  2.61e+04   2.03e-04     6.91e-02   47.171s
 587000 +1.26492157e+07 +1.26753126e+07  2.61e+04   2.02e-04     6.93e-02   47.251s
 588000 +1.26492166e+07 +1.26753126e+07  2.61e+04   2.02e-04     6.96e-02   47.330s
 589000 +1.26492180e+07 +1.26753126e+07  2.61e+04   2.02e-04     6.98e-02   47.410s
 590000 +1.26492192e+07 +1.26753126e+07  2.61e+04   2.02e-04     7.04e-02   47.489s
 591000 +1.26492204e+07 +1.26753126e+07  2.61e+04   2.02e-04     7.09e-02   47.569s
 592000 +1.26492216e+07 +1.26753126e+07  2.61e+04   2.02e-04     7.08e-02   47.648s
 593000 +1.26492232e+07 +1.26753126e+07  2.61e+04   2.02e-04     7.07e-02   47.727s
 594000 +1.26492245e+07 +1.26753126e+07  2.61e+04   2.02e-04     7.07e-02   47.807s
 595000 +1.26492258e+07 +1.26753126e+07  2.61e+04   2.02e-04     7.08e-02   47.886s
 596000 +1.26492271e+07 +1.26753126e+07  2.61e+04   2.02e-04     7.09e-02   47.966s
 597000 +1.26492285e+07 +1.26753127e+07  2.61e+04   2.02e-04     7.10e-02   48.045s
 598000 +1.26492299e+07 +1.26753127e+07  2.61e+04   2.02e-04     7.13e-02   48.125s
 599000 +1.26492311e+07 +1.26753127e+07  2.61e+04   2.02e-04     7.11e-02   48.204s
 600000 +1.26492326e+07 +1.26753127e+07  2.61e+04   2.02e-04     7.11e-02   48.283s
 601000 +1.26492342e+07 +1.26753127e+07  2.61e+04   2.02e-04     7.12e-02   48.363s
 602000 +1.26492354e+07 +1.26753127e+07  2.61e+04   2.02e-04     7.14e-02   48.442s
 603000 +1.26492369e+07 +1.26753127e+07  2.61e+04   2.02e-04     7.16e-02   48.522s
 604000 +1.26492382e+07 +1.26753127e+07  2.61e+04   2.02e-04     7.18e-02   48.601s
 605000 +1.26492394e+07 +1.26753127e+07  2.61e+04   2.02e-04     7.16e-02   48.681s
 606000 +1.26492406e+07 +1.26753127e+07  2.61e+04   2.02e-04     7.14e-02   48.760s
 607000 +1.26492421e+07 +1.26753127e+07  2.61e+04   2.02e-04     7.13e-02   48.839s
 608000 +1.26492433e+07 +1.26753127e+07  2.61e+04   2.02e-04     7.14e-02   48.919s
 609000 +1.26492445e+07 +1.26753127e+07  2.61e+04   2.02e-04     7.17e-02   48.998s
 610000 +1.26492460e+07 +1.26753127e+07  2.61e+04   2.02e-04     7.17e-02   49.078s
 611000 +1.26492471e+07 +1.26753127e+07  2.61e+04   2.02e-04     7.14e-02   49.157s
 612000 +1.26492484e+07 +1.26753127e+07  2.61e+04   2.02e-04     7.10e-02   49.237s
 613000 +1.26492493e+07 +1.26753127e+07  2.61e+04   2.02e-04     6.87e-02   49.316s
 614000 +1.26492499e+07 +1.26753127e+07  2.61e+04   2.02e-04     6.60e-02   49.396s
 615000 +1.26492514e+07 +1.26753127e+07  2.61e+04   2.02e-04     6.60e-02   49.475s
 616000 +1.26492523e+07 +1.26753127e+07  2.61e+04   2.02e-04     6.83e-02   49.555s
 617000 +1.26492524e+07 +1.26753127e+07  2.61e+04   2.02e-04     6.74e-02   49.634s
 618000 +1.26492533e+07 +1.26753127e+07  2.61e+04   2.02e-04     6.59e-02   49.713s
 619000 +1.26492545e+07 +1.26753127e+07  2.61e+04   2.02e-04     6.61e-02   49.793s
 620000 +1.26492552e+07 +1.26753127e+07  2.61e+04   2.02e-04     6.75e-02   49.872s
 621000 +1.26492556e+07 +1.26753127e+07  2.61e+04   2.02e-04     6.63e-02   49.952s
 622000 +1.26492568e+07 +1.26753127e+07  2.61e+04   2.02e-04     6.57e-02   50.031s
 623000 +1.26492580e+07 +1.26753127e+07  2.61e+04   2.02e-04     6.61e-02   50.111s
 624000 +1.26492583e+07 +1.26753128e+07  2.61e+04   2.02e-04     6.74e-02   50.190s
 625000 +1.26492588e+07 +1.26753128e+07  2.61e+04   2.02e-04     6.58e-02   50.269s
 626000 +1.26492599e+07 +1.26753128e+07  2.61e+04   2.02e-04     6.54e-02   50.349s
 627000 +1.26492609e+07 +1.26753128e+07  2.61e+04   2.02e-04     6.61e-02   50.428s
 628000 +1.26492614e+07 +1.26753128e+07  2.61e+04   2.02e-04     6.70e-02   50.508s
 629000 +1.26492618e+07 +1.26753128e+07  2.61e+04   2.02e-04     6.60e-02   50.587s
 630000 +1.26492628e+07 +1.26753128e+07  2.61e+04   2.02e-04     6.60e-02   50.667s
 631000 +1.26492636e+07 +1.26753128e+07  2.60e+04   2.02e-04     6.67e-02   50.746s
 632000 +1.26492638e+07 +1.26753128e+07  2.60e+04   2.02e-04     6.71e-02   50.826s
 633000 +1.26492645e+07 +1.26753128e+07  2.60e+04   2.02e-04     6.61e-02   50.905s
 634000 +1.26492655e+07 +1.26753128e+07  2.60e+04   2.02e-04     6.63e-02   50.984s
 635000 +1.26492662e+07 +1.26753128e+07  2.60e+04   2.02e-04     6.71e-02   51.064s
 636000 +1.26492665e+07 +1.26753128e+07  2.60e+04   2.02e-04     6.74e-02   51.143s
 637000 +1.26492670e+07 +1.26753128e+07  2.60e+04   2.02e-04     6.66e-02   51.223s
 638000 +1.26492680e+07 +1.26753128e+07  2.60e+04   2.02e-04     6.67e-02   51.302s
 639000 +1.26492689e+07 +1.26753128e+07  2.60e+04   2.02e-04     6.74e-02   51.382s
 640000 +1.26492693e+07 +1.26753128e+07  2.60e+04   2.02e-04     6.75e-02   51.461s
 641000 +1.26492700e+07 +1.26753128e+07  2.60e+04   2.02e-04     6.70e-02   51.540s
 642000 +1.26492709e+07 +1.26753128e+07  2.60e+04   2.02e-04     6.71e-02   51.620s
 643000 +1.26492718e+07 +1.26753128e+07  2.60e+04   2.02e-04     6.78e-02   51.699s
 644000 +1.26492724e+07 +1.26753128e+07  2.60e+04   2.02e-04     6.78e-02   51.779s
 645000 +1.26492732e+07 +1.26753128e+07  2.60e+04   2.02e-04     6.75e-02   51.858s
 646000 +1.26492741e+07 +1.26753128e+07  2.60e+04   2.02e-04     6.76e-02   51.937s
 647000 +1.26492749e+07 +1.26753128e+07  2.60e+04   2.02e-04     6.83e-02   52.017s
 648000 +1.26492755e+07 +1.26753128e+07  2.60e+04   2.02e-04     6.83e-02   52.096s
 649000 +1.26492764e+07 +1.26753128e+07  2.60e+04   2.02e-04     6.78e-02   52.176s
 650000 +1.26492774e+07 +1.26753129e+07  2.60e+04   2.02e-04     6.81e-02   52.255s
 651000 +1.26492781e+07 +1.26753129e+07  2.60e+04   2.02e-04     6.88e-02   52.335s
 652000 +1.26492785e+07 +1.26753129e+07  2.60e+04   2.02e-04     6.86e-02   52.414s
 653000 +1.26492792e+07 +1.26753129e+07  2.60e+04   2.02e-04     6.83e-02   52.493s
 654000 +1.26492803e+07 +1.26753129e+07  2.60e+04   2.02e-04     6.85e-02   52.573s
 655000 +1.26492807e+07 +1.26753129e+07  2.60e+04   2.02e-04     6.86e-02   52.652s
 656000 +1.26492812e+07 +1.26753129e+07  2.60e+04   2.02e-04     6.84e-02   52.732s
 657000 +1.26492817e+07 +1.26753129e+07  2.60e+04   2.02e-04     6.81e-02   52.811s
 658000 +1.26492826e+07 +1.26753129e+07  2.60e+04   2.02e-04     6.82e-02   52.891s
 659000 +1.26492828e+07 +1.26753129e+07  2.60e+04   2.02e-04     6.86e-02   52.970s
 660000 +1.26492834e+07 +1.26753129e+07  2.60e+04   2.01e-04     6.85e-02   53.049s
 661000 +1.26492840e+07 +1.26753129e+07  2.60e+04   2.01e-04     6.81e-02   53.129s
 662000 +1.26492846e+07 +1.26753129e+07  2.60e+04   2.01e-04     6.82e-02   53.208s
 663000 +1.26492850e+07 +1.26753129e+07  2.60e+04   2.01e-04     6.85e-02   53.288s
 664000 +1.26492855e+07 +1.26753129e+07  2.60e+04   2.01e-04     6.85e-02   53.367s
 665000 +1.26492860e+07 +1.26753129e+07  2.60e+04   2.01e-04     6.84e-02   53.447s
 666000 +1.26492867e+07 +1.26753129e+07  2.60e+04   2.01e-04     6.87e-02   53.526s
 667000 +1.26492873e+07 +1.26753129e+07  2.60e+04   2.01e-04     6.88e-02   53.606s
 668000 +1.26492879e+07 +1.26753129e+07  2.60e+04   2.01e-04     6.88e-02   53.685s
 669000 +1.26492886e+07 +1.26753129e+07  2.60e+04   2.01e-04     6.87e-02   53.764s
 670000 +1.26492893e+07 +1.26753129e+07  2.60e+04   2.01e-04     6.88e-02   53.844s
 671000 +1.26492900e+07 +1.26753129e+07  2.60e+04   2.01e-04     6.90e-02   53.923s
 672000 +1.26492905e+07 +1.26753129e+07  2.60e+04   2.01e-04     6.91e-02   54.003s
 673000 +1.26492912e+07 +1.26753129e+07  2.60e+04   2.01e-04     6.91e-02   54.082s
 674000 +1.26492920e+07 +1.26753129e+07  2.60e+04   2.01e-04     6.91e-02   54.162s
 675000 +1.26492927e+07 +1.26753129e+07  2.60e+04   2.01e-04     6.91e-02   54.241s
 676000 +1.26492931e+07 +1.26753130e+07  2.60e+04   2.01e-04     6.92e-02   54.320s
 677000 +1.26492937e+07 +1.26753130e+07  2.60e+04   2.01e-04     6.91e-02   54.400s
 678000 +1.26492943e+07 +1.26753130e+07  2.60e+04   2.01e-04     6.90e-02   54.479s
 679000 +1.26492950e+07 +1.26753130e+07  2.60e+04   2.01e-04     6.91e-02   54.559s
 680000 +1.26492954e+07 +1.26753130e+07  2.60e+04   2.01e-04     6.93e-02   54.638s
 681000 +1.26492959e+07 +1.26753130e+07  2.60e+04   2.01e-04     6.93e-02   54.718s
 682000 +1.26492964e+07 +1.26753130e+07  2.60e+04   2.01e-04     6.92e-02   54.797s
 683000 +1.26492970e+07 +1.26753130e+07  2.60e+04   2.01e-04     6.92e-02   54.877s
 684000 +1.26492974e+07 +1.26753130e+07  2.60e+04   2.01e-04     6.94e-02   54.956s
 685000 +1.26492979e+07 +1.26753130e+07  2.60e+04   2.01e-04     6.93e-02   55.035s
 686000 +1.26492984e+07 +1.26753130e+07  2.60e+04   2.01e-04     6.93e-02   55.115s
 687000 +1.26492990e+07 +1.26753130e+07  2.60e+04   2.01e-04     6.93e-02   55.194s
 688000 +1.26492994e+07 +1.26753130e+07  2.60e+04   2.01e-04     6.93e-02   55.274s
 689000 +1.26492999e+07 +1.26753130e+07  2.60e+04   2.01e-04     6.93e-02   55.353s
 690000 +1.26493005e+07 +1.26753130e+07  2.60e+04   2.01e-04     6.93e-02   55.433s
 691000 +1.26493011e+07 +1.26753130e+07  2.60e+04   2.01e-04     6.95e-02   55.512s
 692000 +1.26493016e+07 +1.26753130e+07  2.60e+04   2.01e-04     6.95e-02   55.591s
 693000 +1.26493022e+07 +1.26753130e+07  2.60e+04   2.01e-04     6.95e-02   55.671s
 694000 +1.26493028e+07 +1.26753130e+07  2.60e+04   2.01e-04     6.96e-02   55.750s
 695000 +1.26493035e+07 +1.26753130e+07  2.60e+04   2.01e-04     6.96e-02   55.830s
 696000 +1.26493041e+07 +1.26753130e+07  2.60e+04   2.01e-04     6.97e-02   55.909s
 697000 +1.26493047e+07 +1.26753130e+07  2.60e+04   2.01e-04     6.98e-02   55.989s
 698000 +1.26493053e+07 +1.26753130e+07  2.60e+04   2.01e-04     6.99e-02   56.068s
 699000 +1.26493059e+07 +1.26753130e+07  2.60e+04   2.01e-04     6.99e-02   56.148s
 700000 +1.26493064e+07 +1.26753130e+07  2.60e+04   2.01e-04     6.99e-02   56.227s
 701000 +1.26493070e+07 +1.26753130e+07  2.60e+04   2.01e-04     6.98e-02   56.306s
 702000 +1.26493075e+07 +1.26753130e+07  2.60e+04   2.01e-04     6.98e-02   56.386s
 703000 +1.26493082e+07 +1.26753130e+07  2.60e+04   2.01e-04     6.99e-02   56.465s
 704000 +1.26493085e+07 +1.26753130e+07  2.60e+04   2.01e-04     6.97e-02   56.545s
 705000 +1.26493092e+07 +1.26753131e+07  2.60e+04   2.01e-04     6.97e-02   56.624s
 706000 +1.26493096e+07 +1.26753131e+07  2.60e+04   2.01e-04     6.96e-02   56.704s
 707000 +1.26493101e+07 +1.26753131e+07  2.60e+04   2.01e-04     6.96e-02   56.783s
 708000 +1.26493107e+07 +1.26753131e+07  2.60e+04   2.01e-04     6.98e-02   56.863s
 709000 +1.26493111e+07 +1.26753131e+07  2.60e+04   2.01e-04     6.98e-02   56.942s
 710000 +1.26493115e+07 +1.26753131e+07  2.60e+04   2.01e-04     6.98e-02   57.022s
 711000 +1.26493121e+07 +1.26753131e+07  2.60e+04   2.01e-04     6.97e-02   57.101s
 712000 +1.26493126e+07 +1.26753131e+07  2.60e+04   2.01e-04     6.98e-02   57.180s
 713000 +1.26493132e+07 +1.26753131e+07  2.60e+04   2.01e-04     6.99e-02   57.260s
 714000 +1.26493136e+07 +1.26753131e+07  2.60e+04   2.01e-04     6.99e-02   57.339s
 715000 +1.26493142e+07 +1.26753131e+07  2.60e+04   2.01e-04     6.99e-02   57.419s
 716000 +1.26493148e+07 +1.26753131e+07  2.60e+04   2.01e-04     6.99e-02   57.498s
 717000 +1.26493153e+07 +1.26753131e+07  2.60e+04   2.01e-04     6.99e-02   57.578s
 718000 +1.26493158e+07 +1.26753131e+07  2.60e+04   2.01e-04     7.00e-02   57.657s
 719000 +1.26493164e+07 +1.26753131e+07  2.60e+04   2.01e-04     7.00e-02   57.736s
 720000 +1.26493171e+07 +1.26753131e+07  2.60e+04   2.01e-04     7.00e-02   57.816s
 721000 +1.26493176e+07 +1.26753131e+07  2.60e+04   2.01e-04     7.00e-02   57.895s
 722000 +1.26493183e+07 +1.26753131e+07  2.60e+04   2.01e-04     7.01e-02   57.975s
 723000 +1.26493188e+07 +1.26753131e+07  2.60e+04   2.01e-04     7.01e-02   58.054s
 724000 +1.26493194e+07 +1.26753131e+07  2.60e+04   2.01e-04     7.01e-02   58.134s
 725000 +1.26493201e+07 +1.26753131e+07  2.60e+04   2.01e-04     7.02e-02   58.213s
 726000 +1.26493205e+07 +1.26753131e+07  2.60e+04   2.01e-04     7.03e-02   58.293s
 727000 +1.26493212e+07 +1.26753131e+07  2.60e+04   2.01e-04     7.02e-02   58.372s
 728000 +1.26493217e+07 +1.26753131e+07  2.60e+04   2.01e-04     7.03e-02   58.451s
 729000 +1.26493222e+07 +1.26753131e+07  2.60e+04   2.01e-04     7.03e-02   58.531s
 730000 +1.26493228e+07 +1.26753131e+07  2.60e+04   2.01e-04     7.04e-02   58.610s
 731000 +1.26493233e+07 +1.26753131e+07  2.60e+04   2.01e-04     7.04e-02   58.690s
 732000 +1.26493238e+07 +1.26753132e+07  2.60e+04   2.01e-04     7.04e-02   58.769s
 733000 +1.26493243e+07 +1.26753132e+07  2.60e+04   2.01e-04     7.04e-02   58.849s
 734000 +1.26493247e+07 +1.26753132e+07  2.60e+04   2.01e-04     7.04e-02   58.928s
 735000 +1.26493252e+07 +1.26753132e+07  2.60e+04   2.01e-04     7.05e-02   59.008s
 736000 +1.26493257e+07 +1.26753132e+07  2.60e+04   2.01e-04     7.06e-02   59.087s
 737000 +1.26493262e+07 +1.26753132e+07  2.60e+04   2.01e-04     7.06e-02   59.166s
 738000 +1.26493267e+07 +1.26753132e+07  2.60e+04   2.01e-04     7.07e-02   59.246s
 739000 +1.26493271e+07 +1.26753132e+07  2.60e+04   2.01e-04     7.07e-02   59.325s
 740000 +1.26493276e+07 +1.26753132e+07  2.60e+04   2.01e-04     7.07e-02   59.405s
 741000 +1.26493281e+07 +1.26753132e+07  2.60e+04   2.01e-04     7.06e-02   59.484s
 742000 +1.26493287e+07 +1.26753132e+07  2.60e+04   2.01e-04     7.07e-02   59.564s
 743000 +1.26493291e+07 +1.26753132e+07  2.60e+04   2.01e-04     7.08e-02   59.643s
 744000 +1.26493296e+07 +1.26753132e+07  2.60e+04   2.01e-04     7.07e-02   59.722s
 745000 +1.26493302e+07 +1.26753132e+07  2.60e+04   2.01e-04     7.07e-02   59.802s
 746000 +1.26493307e+07 +1.26753132e+07  2.60e+04   2.01e-04     7.07e-02   59.881s
 747000 +1.26493312e+07 +1.26753132e+07  2.60e+04   2.01e-04     7.08e-02   59.961s
 748000 +1.26493317e+07 +1.26753132e+07  2.60e+04   2.01e-04     7.09e-02   60.040s
 749000 +1.26493322e+07 +1.26753132e+07  2.60e+04   2.01e-04     7.08e-02   60.120s
 750000 +1.26493327e+07 +1.26753132e+07  2.60e+04   2.01e-04     8.04e-02   60.199s
 751000 +1.26493327e+07 +1.26753133e+07  2.60e+04   2.01e-04     8.07e-02   60.279s
 752000 +1.26493328e+07 +1.26753133e+07  2.60e+04   2.01e-04     8.13e-02   60.358s
 753000 +1.26493328e+07 +1.26753133e+07  2.60e+04   2.01e-04     8.21e-02   60.438s
 754000 +1.26493329e+07 +1.26753133e+07  2.60e+04   2.01e-04     8.28e-02   60.517s
 755000 +1.26493330e+07 +1.26753134e+07  2.60e+04   2.01e-04     8.36e-02   60.596s
 756000 +1.26493330e+07 +1.26753134e+07  2.60e+04   2.01e-04     8.45e-02   60.676s
 757000 +1.26493331e+07 +1.26753134e+07  2.60e+04   2.01e-04     8.58e-02   60.755s
 758000 +1.26493331e+07 +1.26753135e+07  2.60e+04   2.01e-04     8.71e-02   60.835s
 759000 +1.26493332e+07 +1.26753135e+07  2.60e+04   2.01e-04     8.83e-02   60.914s
 760000 +1.26493333e+07 +1.26753135e+07  2.60e+04   2.01e-04     8.97e-02   60.995s
 761000 +1.26493334e+07 +1.26753136e+07  2.60e+04   2.01e-04     9.11e-02   61.074s
 762000 +1.26493334e+07 +1.26753136e+07  2.60e+04   2.01e-04     9.29e-02   61.154s
 763000 +1.26493336e+07 +1.26753136e+07  2.60e+04   2.01e-04     9.48e-02   61.233s
 764000 +1.26493337e+07 +1.26753136e+07  2.60e+04   2.01e-04     9.70e-02   61.313s
 765000 +1.26493338e+07 +1.26753137e+07  2.60e+04   2.01e-04     9.94e-02   61.392s
 766000 +1.26493339e+07 +1.26753137e+07  2.60e+04   2.01e-04     1.02e-01   61.471s
 767000 +1.26493340e+07 +1.26753137e+07  2.60e+04   2.01e-04     1.04e-01   61.551s
 768000 +1.26493342e+07 +1.26753138e+07  2.60e+04   2.01e-04     1.07e-01   61.630s
 769000 +1.26493343e+07 +1.26753138e+07  2.60e+04   2.01e-04     1.11e-01   61.710s
 770000 +1.26493344e+07 +1.26753138e+07  2.60e+04   2.01e-04     1.14e-01   61.789s
 771000 +1.26493346e+07 +1.26753138e+07  2.60e+04   2.01e-04     1.18e-01   61.868s
 772000 +1.26493347e+07 +1.26753139e+07  2.60e+04   2.01e-04     1.22e-01   61.948s
 773000 +1.26493348e+07 +1.26753139e+07  2.60e+04   2.01e-04     1.26e-01   62.027s
 774000 +1.26493350e+07 +1.26753139e+07  2.60e+04   2.01e-04     1.30e-01   62.106s
 775000 +1.26493352e+07 +1.26753140e+07  2.60e+04   2.01e-04     1.34e-01   62.186s
 776000 +1.26493353e+07 +1.26753140e+07  2.60e+04   2.01e-04     1.39e-01   62.265s
 777000 +1.26493355e+07 +1.26753140e+07  2.60e+04   2.01e-04     1.43e-01   62.345s
 778000 +1.26493356e+07 +1.26753140e+07  2.60e+04   2.01e-04     1.47e-01   62.424s
 779000 +1.26493358e+07 +1.26753141e+07  2.60e+04   2.01e-04     1.52e-01   62.503s
 780000 +1.26493360e+07 +1.26753141e+07  2.60e+04   2.01e-04     1.56e-01   62.583s
 781000 +1.26493361e+07 +1.26753141e+07  2.60e+04   2.01e-04     1.60e-01   62.662s
 782000 +1.26493363e+07 +1.26753141e+07  2.60e+04   2.01e-04     1.64e-01   62.742s
 783000 +1.26493365e+07 +1.26753142e+07  2.60e+04   2.01e-04     1.68e-01   62.821s
 784000 +1.26493367e+07 +1.26753142e+07  2.60e+04   2.01e-04     1.72e-01   62.900s
 785000 +1.26493369e+07 +1.26753142e+07  2.60e+04   2.01e-04     1.75e-01   62.980s
 786000 +1.26493371e+07 +1.26753143e+07  2.60e+04   2.01e-04     1.79e-01   63.059s
 787000 +1.26493373e+07 +1.26753143e+07  2.60e+04   2.01e-04     1.82e-01   63.138s
 788000 +1.26493375e+07 +1.26753143e+07  2.60e+04   2.01e-04     1.85e-01   63.218s
 789000 +1.26493376e+07 +1.26753144e+07  2.60e+04   2.01e-04     1.88e-01   63.297s
 790000 +1.26493378e+07 +1.26753144e+07  2.60e+04   2.01e-04     1.91e-01   63.377s
 791000 +1.26493381e+07 +1.26753144e+07  2.60e+04   2.01e-04     1.94e-01   63.456s
 792000 +1.26493382e+07 +1.26753144e+07  2.60e+04   2.01e-04     1.97e-01   63.535s
 793000 +1.26493384e+07 +1.26753145e+07  2.60e+04   2.01e-04     2.01e-01   63.615s
 794000 +1.26493385e+07 +1.26753145e+07  2.60e+04   2.01e-04     2.04e-01   63.694s
 795000 +1.26493387e+07 +1.26753145e+07  2.60e+04   2.01e-04     2.08e-01   63.774s
 796000 +1.26493387e+07 +1.26753145e+07  2.60e+04   2.01e-04     2.12e-01   63.853s
 797000 +1.26493389e+07 +1.26753146e+07  2.60e+04   2.01e-04     2.16e-01   63.932s
 798000 +1.26493389e+07 +1.26753146e+07  2.60e+04   2.01e-04     2.21e-01   64.012s
 799000 +1.26493389e+07 +1.26753146e+07  2.60e+04   2.01e-04     2.25e-01   64.091s
 800000 +1.26493390e+07 +1.26753146e+07  2.60e+04   2.01e-04     2.30e-01   64.171s
 801000 +1.26493390e+07 +1.26753147e+07  2.60e+04   2.01e-04     2.34e-01   64.250s
 802000 +1.26493389e+07 +1.26753147e+07  2.60e+04   2.01e-04     2.39e-01   64.329s
 803000 +1.26493388e+07 +1.26753147e+07  2.60e+04   2.01e-04     2.44e-01   64.409s
 804000 +1.26493387e+07 +1.26753147e+07  2.60e+04   2.01e-04     2.49e-01   64.488s
 805000 +1.26493386e+07 +1.26753148e+07  2.60e+04   2.01e-04     2.53e-01   64.568s
 806000 +1.26493385e+07 +1.26753148e+07  2.60e+04   2.00e-04     2.57e-01   64.647s
 807000 +1.26493384e+07 +1.26753148e+07  2.60e+04   2.00e-04     2.61e-01   64.726s
 808000 +1.26493382e+07 +1.26753148e+07  2.60e+04   2.00e-04     2.65e-01   64.806s
 809000 +1.26493380e+07 +1.26753149e+07  2.60e+04   2.00e-04     2.69e-01   64.885s
 810000 +1.26493378e+07 +1.26753149e+07  2.60e+04   2.00e-04     2.72e-01   64.965s
 811000 +1.26493376e+07 +1.26753149e+07  2.60e+04   2.00e-04     2.76e-01   65.044s
 812000 +1.26493374e+07 +1.26753149e+07  2.60e+04   2.00e-04     2.79e-01   65.123s
 813000 +1.26493373e+07 +1.26753150e+07  2.60e+04   2.00e-04     2.81e-01   65.203s
 814000 +1.26493370e+07 +1.26753150e+07  2.60e+04   2.00e-04     2.82e-01   65.282s
 815000 +1.26493369e+07 +1.26753150e+07  2.60e+04   2.00e-04     2.85e-01   65.362s
 816000 +1.26493366e+07 +1.26753150e+07  2.60e+04   2.00e-04     2.87e-01   65.441s
 817000 +1.26493365e+07 +1.26753151e+07  2.60e+04   2.00e-04     2.89e-01   65.520s
 818000 +1.26493362e+07 +1.26753151e+07  2.60e+04   2.00e-04     2.91e-01   65.600s
 819000 +1.26493360e+07 +1.26753151e+07  2.60e+04   2.00e-04     2.92e-01   65.679s
 820000 +1.26493359e+07 +1.26753151e+07  2.60e+04   2.00e-04     2.94e-01   65.759s
 821000 +1.26493357e+07 +1.26753152e+07  2.60e+04   2.00e-04     2.96e-01   65.838s
 822000 +1.26493354e+07 +1.26753152e+07  2.60e+04   2.00e-04     2.98e-01   65.917s
 823000 +1.26493352e+07 +1.26753152e+07  2.60e+04   2.00e-04     3.00e-01   65.997s
 824000 +1.26493349e+07 +1.26753152e+07  2.60e+04   2.00e-04     3.02e-01   66.076s
 825000 +1.26493347e+07 +1.26753153e+07  2.60e+04   2.00e-04     3.04e-01   66.156s
 826000 +1.26493345e+07 +1.26753153e+07  2.60e+04   2.00e-04     3.06e-01   66.235s
 827000 +1.26493343e+07 +1.26753153e+07  2.60e+04   2.00e-04     3.08e-01   66.315s
 828000 +1.26493340e+07 +1.26753153e+07  2.60e+04   2.00e-04     3.10e-01   66.394s
 829000 +1.26493337e+07 +1.26753154e+07  2.60e+04   2.00e-04     3.12e-01   66.473s
 830000 +1.26493335e+07 +1.26753154e+07  2.60e+04   2.00e-04     3.14e-01   66.553s
 831000 +1.26493332e+07 +1.26753154e+07  2.60e+04   2.00e-04     3.16e-01   66.632s
 832000 +1.26493330e+07 +1.26753155e+07  2.60e+04   2.00e-04     3.15e-01   66.711s
 833000 +1.26493327e+07 +1.26753155e+07  2.60e+04   2.00e-04     3.17e-01   66.791s
 834000 +1.26493324e+07 +1.26753155e+07  2.60e+04   2.00e-04     3.13e-01   66.870s
 835000 +1.26493321e+07 +1.26753155e+07  2.60e+04   2.00e-04     3.14e-01   66.950s
 836000 +1.26493320e+07 +1.26753156e+07  2.60e+04   1.99e-04     3.15e-01   67.029s
 837000 +1.26493318e+07 +1.26753156e+07  2.60e+04   1.99e-04     3.16e-01   67.108s
 838000 +1.26493315e+07 +1.26753156e+07  2.60e+04   1.99e-04     3.17e-01   67.188s
 839000 +1.26493314e+07 +1.26753157e+07  2.60e+04   1.99e-04     3.17e-01   67.267s
 840000 +1.26493311e+07 +1.26753157e+07  2.60e+04   1.99e-04     3.18e-01   67.347s
 841000 +1.26493308e+07 +1.26753157e+07  2.60e+04   1.99e-04     3.19e-01   67.426s
 842000 +1.26493305e+07 +1.26753157e+07  2.60e+04   1.99e-04     3.19e-01   67.505s
 843000 +1.26493304e+07 +1.26753158e+07  2.60e+04   1.99e-04     3.20e-01   67.585s
 844000 +1.26493301e+07 +1.26753158e+07  2.60e+04   1.99e-04     3.21e-01   67.664s
 845000 +1.26493299e+07 +1.26753158e+07  2.60e+04   1.99e-04     3.21e-01   67.743s
 846000 +1.26493297e+07 +1.26753159e+07  2.60e+04   1.99e-04     3.22e-01   67.823s
 847000 +1.26493294e+07 +1.26753159e+07  2.60e+04   1.99e-04     3.22e-01   67.902s
 848000 +1.26493291e+07 +1.26753159e+07  2.60e+04   1.99e-04     3.23e-01   67.982s
 849000 +1.26493289e+07 +1.26753159e+07  2.60e+04   1.99e-04     3.24e-01   68.061s
 850000 +1.26493287e+07 +1.26753160e+07  2.60e+04   1.99e-04     3.24e-01   68.140s
 851000 +1.26493283e+07 +1.26753160e+07  2.60e+04   1.99e-04     3.24e-01   68.220s
 852000 +1.26493281e+07 +1.26753160e+07  2.60e+04   1.99e-04     3.25e-01   68.299s
 853000 +1.26493278e+07 +1.26753160e+07  2.60e+04   1.99e-04     3.25e-01   68.378s
 854000 +1.26493275e+07 +1.26753161e+07  2.60e+04   1.99e-04     3.25e-01   68.458s
 855000 +1.26493272e+07 +1.26753161e+07  2.60e+04   1.99e-04     3.25e-01   68.537s
 856000 +1.26493269e+07 +1.26753161e+07  2.60e+04   1.99e-04     3.25e-01   68.617s
 857000 +1.26493266e+07 +1.26753161e+07  2.60e+04   1.99e-04     3.26e-01   68.696s
 858000 +1.26493264e+07 +1.26753162e+07  2.60e+04   1.99e-04     3.26e-01   68.775s
 859000 +1.26493260e+07 +1.26753162e+07  2.60e+04   1.99e-04     3.27e-01   68.855s
 860000 +1.26493257e+07 +1.26753162e+07  2.60e+04   1.99e-04     3.27e-01   68.934s
 861000 +1.26493254e+07 +1.26753162e+07  2.60e+04   1.99e-04     3.28e-01   69.014s
 862000 +1.26493250e+07 +1.26753163e+07  2.60e+04   1.99e-04     3.28e-01   69.093s
 863000 +1.26493246e+07 +1.26753163e+07  2.60e+04   1.99e-04     3.28e-01   69.172s
 864000 +1.26493241e+07 +1.26753163e+07  2.60e+04   1.99e-04     3.29e-01   69.252s
 865000 +1.26493237e+07 +1.26753163e+07  2.60e+04   1.99e-04     3.30e-01   69.331s
 866000 +1.26493233e+07 +1.26753164e+07  2.60e+04   1.99e-04     3.31e-01   69.411s
 867000 +1.26493227e+07 +1.26753164e+07  2.60e+04   1.99e-04     3.32e-01   69.490s
 868000 +1.26493222e+07 +1.26753164e+07  2.60e+04   1.99e-04     3.32e-01   69.569s
 869000 +1.26493215e+07 +1.26753165e+07  2.60e+04   1.99e-04     3.33e-01   69.649s
 870000 +1.26493209e+07 +1.26753165e+07  2.60e+04   1.99e-04     3.33e-01   69.728s
 871000 +1.26493203e+07 +1.26753165e+07  2.60e+04   1.99e-04     3.33e-01   69.808s
 872000 +1.26493196e+07 +1.26753166e+07  2.60e+04   1.99e-04     3.34e-01   69.887s
 873000 +1.26493188e+07 +1.26753166e+07  2.60e+04   1.99e-04     3.35e-01   69.966s
 874000 +1.26493181e+07 +1.26753166e+07  2.60e+04   1.99e-04     3.37e-01   70.046s
 875000 +1.26493173e+07 +1.26753167e+07  2.60e+04   1.99e-04     3.35e-01   70.125s
 876000 +1.26493166e+07 +1.26753167e+07  2.60e+04   1.99e-04     3.36e-01   70.205s
 877000 +1.26493158e+07 +1.26753167e+07  2.60e+04   1.99e-04     3.36e-01   70.284s
 878000 +1.26493150e+07 +1.26753168e+07  2.60e+04   1.99e-04     3.37e-01   70.363s
 879000 +1.26493142e+07 +1.26753168e+07  2.60e+04   1.99e-04     3.38e-01   70.443s
 880000 +1.26493134e+07 +1.26753168e+07  2.60e+04   1.98e-04     3.40e-01   70.522s
 881000 +1.26493124e+07 +1.26753168e+07  2.60e+04   1.98e-04     3.40e-01   70.602s
 882000 +1.26493116e+07 +1.26753169e+07  2.60e+04   1.98e-04     3.41e-01   70.681s
 883000 +1.26493105e+07 +1.26753169e+07  2.60e+04   1.98e-04     3.42e-01   70.761s
 884000 +1.26493095e+07 +1.26753169e+07  2.60e+04   1.98e-04     3.44e-01   70.840s
 885000 +1.26493085e+07 +1.26753169e+07  2.60e+04   1.98e-04     3.45e-01   70.919s
 886000 +1.26493074e+07 +1.26753170e+07  2.60e+04   1.98e-04     3.46e-01   70.999s
 887000 +1.26493062e+07 +1.26753170e+07  2.60e+04   1.98e-04     3.47e-01   71.078s
 888000 +1.26493051e+07 +1.26753170e+07  2.60e+04   1.98e-04     3.48e-01   71.157s
 889000 +1.26493039e+07 +1.26753171e+07  2.60e+04   1.98e-04     3.48e-01   71.237s
 890000 +1.26493027e+07 +1.26753171e+07  2.60e+04   1.98e-04     3.49e-01   71.316s
 891000 +1.26493015e+07 +1.26753171e+07  2.60e+04   1.98e-04     3.50e-01   71.396s
 892000 +1.26493004e+07 +1.26753171e+07  2.60e+04   1.98e-04     3.51e-01   71.475s
 893000 +1.26492991e+07 +1.26753172e+07  2.60e+04   1.98e-04     3.52e-01   71.554s
 894000 +1.26492978e+07 +1.26753172e+07  2.60e+04   1.98e-04     3.53e-01   71.634s
 895000 +1.26492967e+07 +1.26753172e+07  2.60e+04   1.98e-04     3.54e-01   71.713s
 896000 +1.26492953e+07 +1.26753173e+07  2.60e+04   1.98e-04     3.55e-01   71.792s
 897000 +1.26492941e+07 +1.26753173e+07  2.60e+04   1.98e-04     3.56e-01   71.872s
 898000 +1.26492928e+07 +1.26753173e+07  2.60e+04   1.98e-04     3.57e-01   71.951s
 899000 +1.26492916e+07 +1.26753174e+07  2.60e+04   1.98e-04     3.59e-01   72.031s
 900000 +1.26492902e+07 +1.26753174e+07  2.60e+04   1.98e-04     3.58e-01   72.110s
 901000 +1.26492890e+07 +1.26753174e+07  2.60e+04   1.98e-04     3.58e-01   72.189s
 902000 +1.26492877e+07 +1.26753175e+07  2.60e+04   1.98e-04     3.60e-01   72.269s
 903000 +1.26492863e+07 +1.26753175e+07  2.60e+04   1.98e-04     3.61e-01   72.348s
 904000 +1.26492851e+07 +1.26753175e+07  2.60e+04   1.98e-04     3.54e-01   72.428s
 905000 +1.26492839e+07 +1.26753175e+07  2.60e+04   1.98e-04     3.54e-01   72.507s
 906000 +1.26492828e+07 +1.26753176e+07  2.60e+04   1.98e-04     3.54e-01   72.586s
 907000 +1.26492817e+07 +1.26753176e+07  2.60e+04   1.98e-04     3.55e-01   72.666s
 908000 +1.26492806e+07 +1.26753176e+07  2.60e+04   1.98e-04     3.56e-01   72.745s
 909000 +1.26492794e+07 +1.26753177e+07  2.60e+04   1.98e-04     3.56e-01   72.825s
 910000 +1.26492781e+07 +1.26753177e+07  2.60e+04   1.98e-04     3.31e-01   72.904s
 911000 +1.26492777e+07 +1.26753177e+07  2.60e+04   1.98e-04     3.29e-01   72.983s
 912000 +1.26492774e+07 +1.26753177e+07  2.60e+04   1.98e-04     3.26e-01   73.063s
 913000 +1.26492771e+07 +1.26753178e+07  2.60e+04   1.98e-04     3.27e-01   73.142s
 914000 +1.26492764e+07 +1.26753178e+07  2.60e+04   1.98e-04     3.26e-01   73.222s
 915000 +1.26492761e+07 +1.26753179e+07  2.60e+04   1.98e-04     3.25e-01   73.301s
 916000 +1.26492757e+07 +1.26753179e+07  2.60e+04   1.98e-04     3.26e-01   73.380s
 917000 +1.26492751e+07 +1.26753179e+07  2.60e+04   1.98e-04     3.25e-01   73.460s
 918000 +1.26492749e+07 +1.26753179e+07  2.60e+04   1.98e-04     3.24e-01   73.539s
 919000 +1.26492746e+07 +1.26753180e+07  2.60e+04   1.98e-04     3.25e-01   73.618s
 920000 +1.26492745e+07 +1.26753180e+07  2.60e+04   1.98e-04     3.24e-01   73.698s
 921000 +1.26492739e+07 +1.26753180e+07  2.60e+04   1.98e-04     3.24e-01   73.777s
 922000 +1.26492735e+07 +1.26753181e+07  2.60e+04   1.98e-04     3.24e-01   73.857s
 923000 +1.26492730e+07 +1.26753181e+07  2.60e+04   1.98e-04     3.24e-01   73.936s
 924000 +1.26492725e+07 +1.26753181e+07  2.60e+04   1.98e-04     3.24e-01   74.015s
 925000 +1.26492721e+07 +1.26753181e+07  2.60e+04   1.98e-04     3.21e-01   74.095s
 926000 +1.26492717e+07 +1.26753181e+07  2.60e+04   1.98e-04     3.21e-01   74.174s
 927000 +1.26492711e+07 +1.26753182e+07  2.60e+04   1.98e-04     3.22e-01   74.255s
 928000 +1.26492708e+07 +1.26753182e+07  2.60e+04   1.98e-04     3.21e-01   74.335s
 929000 +1.26492705e+07 +1.26753182e+07  2.60e+04   1.98e-04     3.18e-01   74.414s
 930000 +1.26492703e+07 +1.26753182e+07  2.60e+04   1.98e-04     3.17e-01   74.493s
 931000 +1.26492702e+07 +1.26753183e+07  2.60e+04   1.98e-04     3.16e-01   74.573s
 932000 +1.26492701e+07 +1.26753183e+07  2.60e+04   1.98e-04     3.16e-01   74.652s
 933000 +1.26492698e+07 +1.26753183e+07  2.60e+04   1.98e-04     3.16e-01   74.731s
 934000 +1.26492697e+07 +1.26753183e+07  2.60e+04   1.98e-04     3.16e-01   74.811s
 935000 +1.26492695e+07 +1.26753184e+07  2.60e+04   1.98e-04     3.16e-01   74.890s
 936000 +1.26492692e+07 +1.26753184e+07  2.60e+04   1.98e-04     3.18e-01   74.970s
 937000 +1.26492689e+07 +1.26753184e+07  2.60e+04   1.98e-04     3.17e-01   75.049s
 938000 +1.26492688e+07 +1.26753185e+07  2.60e+04   1.98e-04     3.19e-01   75.128s
 939000 +1.26492684e+07 +1.26753185e+07  2.61e+04   1.98e-04     3.18e-01   75.208s
 940000 +1.26492683e+07 +1.26753185e+07  2.61e+04   1.98e-04     3.20e-01   75.287s
 941000 +1.26492681e+07 +1.26753185e+07  2.61e+04   1.98e-04     3.18e-01   75.367s
 942000 +1.26492679e+07 +1.26753186e+07  2.61e+04   1.98e-04     3.20e-01   75.446s
 943000 +1.26492677e+07 +1.26753186e+07  2.61e+04   1.98e-04     3.19e-01   75.526s
 944000 +1.26492677e+07 +1.26753186e+07  2.61e+04   1.98e-04     3.20e-01   75.605s
 945000 +1.26492677e+07 +1.26753187e+07  2.61e+04   1.98e-04     3.20e-01   75.684s
 946000 +1.26492675e+07 +1.26753187e+07  2.61e+04   1.98e-04     3.21e-01   75.764s
 947000 +1.26492673e+07 +1.26753187e+07  2.61e+04   1.98e-04     3.20e-01   75.843s
 948000 +1.26492671e+07 +1.26753188e+07  2.61e+04   1.98e-04     3.18e-01   75.923s
 949000 +1.26492670e+07 +1.26753188e+07  2.61e+04   1.98e-04     3.16e-01   76.002s
 950000 +1.26492668e+07 +1.26753188e+07  2.61e+04   1.98e-04     3.18e-01   76.081s
 951000 +1.26492667e+07 +1.26753189e+07  2.61e+04   1.98e-04     3.16e-01   76.161s
 952000 +1.26492666e+07 +1.26753189e+07  2.61e+04   1.98e-04     3.19e-01   76.240s
 953000 +1.26492665e+07 +1.26753189e+07  2.61e+04   1.98e-04     3.16e-01   76.319s
 954000 +1.26492663e+07 +1.26753189e+07  2.61e+04   1.98e-04     3.19e-01   76.399s
 955000 +1.26492662e+07 +1.26753190e+07  2.61e+04   1.98e-04     3.17e-01   76.478s
 956000 +1.26492660e+07 +1.26753190e+07  2.61e+04   1.98e-04     3.19e-01   76.557s
 957000 +1.26492659e+07 +1.26753190e+07  2.61e+04   1.98e-04     3.18e-01   76.637s
 958000 +1.26492655e+07 +1.26753190e+07  2.61e+04   1.98e-04     3.20e-01   76.716s
 959000 +1.26492652e+07 +1.26753191e+07  2.61e+04   1.98e-04     3.21e-01   76.796s
 960000 +1.26492649e+07 +1.26753191e+07  2.61e+04   1.98e-04     3.22e-01   76.875s
 961000 +1.26492645e+07 +1.26753191e+07  2.61e+04   1.98e-04     3.24e-01   76.954s
 962000 +1.26492640e+07 +1.26753192e+07  2.61e+04   1.98e-04     3.24e-01   77.034s
 963000 +1.26492635e+07 +1.26753192e+07  2.61e+04   1.98e-04     3.25e-01   77.113s
 964000 +1.26492630e+07 +1.26753192e+07  2.61e+04   1.98e-04     3.26e-01   77.193s
 965000 +1.26492624e+07 +1.26753192e+07  2.61e+04   1.98e-04     3.28e-01   77.272s
 966000 +1.26492619e+07 +1.26753193e+07  2.61e+04   1.98e-04     3.28e-01   77.351s
 967000 +1.26492614e+07 +1.26753193e+07  2.61e+04   1.98e-04     3.30e-01   77.431s
 968000 +1.26492607e+07 +1.26753193e+07  2.61e+04   1.98e-04     3.30e-01   77.510s
 969000 +1.26492602e+07 +1.26753193e+07  2.61e+04   1.98e-04     3.33e-01   77.590s
 970000 +1.26492595e+07 +1.26753194e+07  2.61e+04   1.98e-04     3.32e-01   77.669s
 971000 +1.26492589e+07 +1.26753194e+07  2.61e+04   1.98e-04     3.35e-01   77.748s
 972000 +1.26492582e+07 +1.26753194e+07  2.61e+04   1.98e-04     3.36e-01   77.828s
 973000 +1.26492575e+07 +1.26753194e+07  2.61e+04   1.98e-04     3.38e-01   77.907s
 974000 +1.26492570e+07 +1.26753195e+07  2.61e+04   1.98e-04     3.38e-01   77.987s
 975000 +1.26492562e+07 +1.26753195e+07  2.61e+04   1.98e-04     3.40e-01   78.066s
 976000 +1.26492555e+07 +1.26753195e+07  2.61e+04   1.98e-04     3.41e-01   78.146s
 977000 +1.26492549e+07 +1.26753196e+07  2.61e+04   1.98e-04     3.42e-01   78.225s
 978000 +1.26492543e+07 +1.26753196e+07  2.61e+04   1.98e-04     3.44e-01   78.304s
 979000 +1.26492536e+07 +1.26753196e+07  2.61e+04   1.98e-04     3.46e-01   78.384s
 980000 +1.26492528e+07 +1.26753196e+07  2.61e+04   1.98e-04     3.48e-01   78.463s
 981000 +1.26492522e+07 +1.26753197e+07  2.61e+04   1.98e-04     3.49e-01   78.544s
 982000 +1.26492515e+07 +1.26753197e+07  2.61e+04   1.98e-04     3.51e-01   78.624s
 983000 +1.26492507e+07 +1.26753197e+07  2.61e+04   1.98e-04     3.52e-01   78.703s
 984000 +1.26492499e+07 +1.26753197e+07  2.61e+04   1.98e-04     3.54e-01   78.783s
 985000 +1.26492491e+07 +1.26753197e+07  2.61e+04   1.98e-04     3.54e-01   78.862s
 986000 +1.26492482e+07 +1.26753198e+07  2.61e+04   1.98e-04     3.56e-01   78.941s
 987000 +1.26492475e+07 +1.26753198e+07  2.61e+04   1.98e-04     3.56e-01   79.021s
 988000 +1.26492467e+07 +1.26753198e+07  2.61e+04   1.98e-04     3.58e-01   79.100s
 989000 +1.26492459e+07 +1.26753199e+07  2.61e+04   1.98e-04     3.59e-01   79.179s
 990000 +1.26492449e+07 +1.26753199e+07  2.61e+04   1.98e-04     3.61e-01   79.259s
 991000 +1.26492441e+07 +1.26753199e+07  2.61e+04   1.98e-04     3.62e-01   79.338s
 992000 +1.26492432e+07 +1.26753199e+07  2.61e+04   1.98e-04     3.64e-01   79.418s
 993000 +1.26492423e+07 +1.26753199e+07  2.61e+04   1.98e-04     3.66e-01   79.497s
 994000 +1.26492414e+07 +1.26753200e+07  2.61e+04   1.98e-04     3.67e-01   79.576s
 995000 +1.26492404e+07 +1.26753200e+07  2.61e+04   1.98e-04     3.69e-01   79.656s
 996000 +1.26492395e+07 +1.26753200e+07  2.61e+04   1.98e-04     3.70e-01   79.735s
 997000 +1.26492386e+07 +1.26753201e+07  2.61e+04   1.98e-04     3.72e-01   79.815s
 998000 +1.26492377e+07 +1.26753201e+07  2.61e+04   1.98e-04     3.72e-01   79.894s
 999000 +1.26492367e+07 +1.26753201e+07  2.61e+04   1.98e-04     3.74e-01   79.973s
1000000 +1.26492358e+07 +1.26753202e+07  2.61e+04   1.98e-04     3.74e-01   80.053s
1001000 +1.26492348e+07 +1.26753202e+07  2.61e+04   1.98e-04     3.76e-01   80.132s
1002000 +1.26492339e+07 +1.26753202e+07  2.61e+04   1.98e-04     3.77e-01   80.212s
1003000 +1.26492330e+07 +1.26753202e+07  2.61e+04   1.98e-04     3.77e-01   80.291s
1004000 +1.26492320e+07 +1.26753202e+07  2.61e+04   1.98e-04     3.77e-01   80.370s
1005000 +1.26492311e+07 +1.26753202e+07  2.61e+04   1.98e-04     3.79e-01   80.450s
1006000 +1.26492302e+07 +1.26753203e+07  2.61e+04   1.98e-04     3.79e-01   80.529s
1007000 +1.26492293e+07 +1.26753203e+07  2.61e+04   1.98e-04     3.81e-01   80.609s
1008000 +1.26492283e+07 +1.26753203e+07  2.61e+04   1.98e-04     3.82e-01   80.688s
1009000 +1.26492274e+07 +1.26753204e+07  2.61e+04   1.98e-04     3.79e-01   80.767s
1010000 +1.26492265e+07 +1.26753204e+07  2.61e+04   1.98e-04     3.81e-01   80.847s
1011000 +1.26492259e+07 +1.26753204e+07  2.61e+04   1.98e-04     3.81e-01   80.926s
1012000 +1.26492250e+07 +1.26753204e+07  2.61e+04   1.98e-04     3.82e-01   81.006s
1013000 +1.26492242e+07 +1.26753205e+07  2.61e+04   1.98e-04     3.83e-01   81.085s
1014000 +1.26492231e+07 +1.26753205e+07  2.61e+04   1.98e-04     3.84e-01   81.164s
1015000 +1.26492223e+07 +1.26753205e+07  2.61e+04   1.98e-04     3.86e-01   81.244s
1016000 +1.26492213e+07 +1.26753206e+07  2.61e+04   1.98e-04     3.87e-01   81.323s
1017000 +1.26492203e+07 +1.26753206e+07  2.61e+04   1.98e-04     3.89e-01   81.402s
1018000 +1.26492192e+07 +1.26753206e+07  2.61e+04   1.98e-04     3.90e-01   81.482s
1019000 +1.26492181e+07 +1.26753207e+07  2.61e+04   1.98e-04     3.91e-01   81.561s
1020000 +1.26492171e+07 +1.26753207e+07  2.61e+04   1.97e-04     3.93e-01   81.641s
1021000 +1.26492159e+07 +1.26753207e+07  2.61e+04   1.97e-04     3.95e-01   81.720s
1022000 +1.26492149e+07 +1.26753207e+07  2.61e+04   1.97e-04     3.96e-01   81.799s
1023000 +1.26492137e+07 +1.26753208e+07  2.61e+04   1.97e-04     3.97e-01   81.879s
1024000 +1.26492126e+07 +1.26753208e+07  2.61e+04   1.97e-04     3.99e-01   81.958s
1025000 +1.26492113e+07 +1.26753208e+07  2.61e+04   1.97e-04     4.01e-01   82.038s
1026000 +1.26492102e+07 +1.26753208e+07  2.61e+04   1.97e-04     4.02e-01   82.117s
1027000 +1.26492091e+07 +1.26753209e+07  2.61e+04   1.97e-04     4.04e-01   82.196s
1028000 +1.26492079e+07 +1.26753209e+07  2.61e+04   1.97e-04     4.05e-01   82.276s
1029000 +1.26492066e+07 +1.26753209e+07  2.61e+04   1.97e-04     4.07e-01   82.355s
1030000 +1.26492054e+07 +1.26753209e+07  2.61e+04   1.97e-04     4.08e-01   82.435s
1031000 +1.26492042e+07 +1.26753210e+07  2.61e+04   1.97e-04     4.10e-01   82.514s
1032000 +1.26492029e+07 +1.26753210e+07  2.61e+04   1.97e-04     4.11e-01   82.593s
1033000 +1.26492016e+07 +1.26753210e+07  2.61e+04   1.97e-04     4.13e-01   82.673s
1034000 +1.26492001e+07 +1.26753211e+07  2.61e+04   1.97e-04     4.14e-01   82.752s
1035000 +1.26491988e+07 +1.26753211e+07  2.61e+04   1.97e-04     4.16e-01   82.832s
1036000 +1.26491973e+07 +1.26753211e+07  2.61e+04   1.97e-04     4.17e-01   82.911s
1037000 +1.26491958e+07 +1.26753212e+07  2.61e+04   1.97e-04     4.19e-01   82.990s
1038000 +1.26491942e+07 +1.26753212e+07  2.61e+04   1.97e-04     4.20e-01   83.070s
1039000 +1.26491927e+07 +1.26753212e+07  2.61e+04   1.97e-04     4.22e-01   83.149s
1040000 +1.26491912e+07 +1.26753212e+07  2.61e+04   1.97e-04     4.23e-01   83.228s
1041000 +1.26491896e+07 +1.26753213e+07  2.61e+04   1.97e-04     4.24e-01   83.308s
1042000 +1.26491880e+07 +1.26753213e+07  2.61e+04   1.97e-04     4.26e-01   83.387s
1043000 +1.26491864e+07 +1.26753213e+07  2.61e+04   1.97e-04     4.27e-01   83.467s
1044000 +1.26491848e+07 +1.26753213e+07  2.61e+04   1.97e-04     4.29e-01   83.546s
1045000 +1.26491832e+07 +1.26753214e+07  2.61e+04   1.97e-04     4.30e-01   83.625s
1046000 +1.26491815e+07 +1.26753214e+07  2.61e+04   1.97e-04     4.32e-01   83.705s
1047000 +1.26491799e+07 +1.26753214e+07  2.61e+04   1.97e-04     4.33e-01   83.784s
1048000 +1.26491781e+07 +1.26753214e+07  2.61e+04   1.97e-04     4.35e-01   83.863s
1049000 +1.26491764e+07 +1.26753215e+07  2.61e+04   1.97e-04     4.36e-01   83.943s
1050000 +1.26491746e+07 +1.26753215e+07  2.61e+04   1.97e-04     4.38e-01   84.022s
1051000 +1.26491727e+07 +1.26753215e+07  2.61e+04   1.97e-04     4.40e-01   84.102s
1052000 +1.26491708e+07 +1.26753216e+07  2.62e+04   1.97e-04     4.41e-01   84.181s
1053000 +1.26491689e+07 +1.26753216e+07  2.62e+04   1.97e-04     4.43e-01   84.260s
1054000 +1.26491670e+07 +1.26753216e+07  2.62e+04   1.97e-04     4.45e-01   84.340s
1055000 +1.26491650e+07 +1.26753216e+07  2.62e+04   1.97e-04     4.46e-01   84.419s
1056000 +1.26491630e+07 +1.26753217e+07  2.62e+04   1.97e-04     4.48e-01   84.499s
1057000 +1.26491611e+07 +1.26753217e+07  2.62e+04   1.97e-04     4.49e-01   84.578s
1058000 +1.26491590e+07 +1.26753217e+07  2.62e+04   1.97e-04     4.51e-01   84.657s
1059000 +1.26491570e+07 +1.26753217e+07  2.62e+04   1.97e-04     4.52e-01   84.737s
1060000 +1.26491549e+07 +1.26753218e+07  2.62e+04   1.97e-04     4.54e-01   84.816s
1061000 +1.26491528e+07 +1.26753218e+07  2.62e+04   1.97e-04     4.55e-01   84.895s
1062000 +1.26491507e+07 +1.26753218e+07  2.62e+04   1.97e-04     4.57e-01   84.975s
1063000 +1.26491486e+07 +1.26753219e+07  2.62e+04   1.97e-04     4.58e-01   85.054s
1064000 +1.26491464e+07 +1.26753219e+07  2.62e+04   1.97e-04     4.60e-01   85.134s
1065000 +1.26491443e+07 +1.26753219e+07  2.62e+04   1.97e-04     4.61e-01   85.213s
1066000 +1.26491421e+07 +1.26753220e+07  2.62e+04   1.97e-04     4.61e-01   85.292s
1067000 +1.26491400e+07 +1.26753220e+07  2.62e+04   1.97e-04     4.62e-01   85.372s
1068000 +1.26491378e+07 +1.26753220e+07  2.62e+04   1.97e-04     4.63e-01   85.451s
1069000 +1.26491357e+07 +1.26753220e+07  2.62e+04   1.97e-04     4.65e-01   85.530s
1070000 +1.26491337e+07 +1.26753221e+07  2.62e+04   1.97e-04     4.66e-01   85.610s
1071000 +1.26491315e+07 +1.26753221e+07  2.62e+04   1.97e-04     4.68e-01   85.689s
1072000 +1.26491294e+07 +1.26753221e+07  2.62e+04   1.97e-04     4.70e-01   85.769s
1073000 +1.26491272e+07 +1.26753221e+07  2.62e+04   1.97e-04     4.71e-01   85.848s
1074000 +1.26491250e+07 +1.26753221e+07  2.62e+04   1.97e-04     4.66e-01   85.927s
1075000 +1.26491232e+07 +1.26753222e+07  2.62e+04   1.97e-04     4.62e-01   86.007s
1076000 +1.26491214e+07 +1.26753222e+07  2.62e+04   1.97e-04     4.66e-01   86.086s
1077000 +1.26491195e+07 +1.26753222e+07  2.62e+04   1.97e-04     4.63e-01   86.166s
1078000 +1.26491175e+07 +1.26753223e+07  2.62e+04   1.97e-04     4.65e-01   86.245s
1079000 +1.26491154e+07 +1.26753223e+07  2.62e+04   1.97e-04     4.65e-01   86.324s
1080000 +1.26491135e+07 +1.26753223e+07  2.62e+04   1.97e-04     4.66e-01   86.404s
1081000 +1.26491116e+07 +1.26753223e+07  2.62e+04   1.97e-04     4.67e-01   86.483s
1082000 +1.26491097e+07 +1.26753224e+07  2.62e+04   1.97e-04     4.65e-01   86.562s
1083000 +1.26491077e+07 +1.26753224e+07  2.62e+04   1.96e-04     4.65e-01   86.642s
1084000 +1.26491058e+07 +1.26753224e+07  2.62e+04   1.96e-04     4.65e-01   86.721s
1085000 +1.26491041e+07 +1.26753225e+07  2.62e+04   1.96e-04     4.67e-01   86.801s
1086000 +1.26491021e+07 +1.26753225e+07  2.62e+04   1.96e-04     4.67e-01   86.880s
1087000 +1.26491002e+07 +1.26753225e+07  2.62e+04   1.96e-04     4.69e-01   86.959s
1088000 +1.26490983e+07 +1.26753226e+07  2.62e+04   1.96e-04     4.70e-01   87.039s
1089000 +1.26490965e+07 +1.26753226e+07  2.62e+04   1.96e-04     4.71e-01   87.118s
1090000 +1.26490946e+07 +1.26753226e+07  2.62e+04   1.96e-04     4.72e-01   87.198s
1091000 +1.26490926e+07 +1.26753227e+07  2.62e+04   1.96e-04     4.74e-01   87.277s
1092000 +1.26490906e+07 +1.26753227e+07  2.62e+04   1.96e-04     4.74e-01   87.356s
1093000 +1.26490888e+07 +1.26753227e+07  2.62e+04   1.96e-04     4.76e-01   87.436s
1094000 +1.26490868e+07 +1.26753228e+07  2.62e+04   1.96e-04     4.77e-01   87.515s
1095000 +1.26490849e+07 +1.26753228e+07  2.62e+04   1.96e-04     4.79e-01   87.595s
1096000 +1.26490829e+07 +1.26753228e+07  2.62e+04   1.96e-04     4.80e-01   87.674s
1097000 +1.26490809e+07 +1.26753228e+07  2.62e+04   1.96e-04     4.81e-01   87.753s
1098000 +1.26490790e+07 +1.26753228e+07  2.62e+04   1.96e-04     4.82e-01   87.833s
1099000 +1.26490770e+07 +1.26753229e+07  2.62e+04   1.96e-04     4.84e-01   87.912s
1100000 +1.26490750e+07 +1.26753229e+07  2.62e+04   1.96e-04     4.85e-01   87.992s
1101000 +1.26490730e+07 +1.26753229e+07  2.62e+04   1.96e-04     4.86e-01   88.071s
1102000 +1.26490709e+07 +1.26753229e+07  2.63e+04   1.96e-04     4.88e-01   88.150s
1103000 +1.26490689e+07 +1.26753230e+07  2.63e+04   1.96e-04     4.88e-01   88.230s
1104000 +1.26490668e+07 +1.26753230e+07  2.63e+04   1.96e-04     4.89e-01   88.309s
1105000 +1.26490648e+07 +1.26753230e+07  2.63e+04   1.96e-04     4.89e-01   88.389s
1106000 +1.26490627e+07 +1.26753230e+07  2.63e+04   1.96e-04     4.90e-01   88.468s
1107000 +1.26490605e+07 +1.26753231e+07  2.63e+04   1.96e-04     4.90e-01   88.547s
1108000 +1.26490584e+07 +1.26753231e+07  2.63e+04   1.96e-04     4.92e-01   88.627s
1109000 +1.26490562e+07 +1.26753231e+07  2.63e+04   1.96e-04     4.90e-01   88.706s
1110000 +1.26490541e+07 +1.26753232e+07  2.63e+04   1.96e-04     4.91e-01   88.785s
1111000 +1.26490521e+07 +1.26753232e+07  2.63e+04   1.96e-04     4.92e-01   88.865s
1112000 +1.26490498e+07 +1.26753232e+07  2.63e+04   1.96e-04     4.93e-01   88.944s
1113000 +1.26490477e+07 +1.26753233e+07  2.63e+04   1.96e-04     4.94e-01   89.024s
1114000 +1.26490454e+07 +1.26753233e+07  2.63e+04   1.96e-04     4.95e-01   89.103s
1115000 +1.26490432e+07 +1.26753233e+07  2.63e+04   1.96e-04     4.96e-01   89.182s
1116000 +1.26490412e+07 +1.26753234e+07  2.63e+04   1.96e-04     4.93e-01   89.262s
1117000 +1.26490389e+07 +1.26753234e+07  2.63e+04   1.96e-04     4.94e-01   89.341s
1118000 +1.26490368e+07 +1.26753234e+07  2.63e+04   1.96e-04     4.95e-01   89.420s
1119000 +1.26490346e+07 +1.26753234e+07  2.63e+04   1.96e-04     4.96e-01   89.500s
1120000 +1.26490324e+07 +1.26753234e+07  2.63e+04   1.96e-04     4.98e-01   89.579s
1121000 +1.26490300e+07 +1.26753235e+07  2.63e+04   1.96e-04     4.99e-01   89.659s
1122000 +1.26490278e+07 +1.26753235e+07  2.63e+04   1.96e-04     5.00e-01   89.738s
1123000 +1.26490254e+07 +1.26753235e+07  2.63e+04   1.96e-04     5.01e-01   89.817s
1124000 +1.26490230e+07 +1.26753235e+07  2.63e+04   1.96e-04     5.02e-01   89.897s
1125000 +1.26490207e+07 +1.26753236e+07  2.63e+04   1.96e-04     5.03e-01   89.976s
1126000 +1.26490182e+07 +1.26753236e+07  2.63e+04   1.96e-04     5.04e-01   90.055s
1127000 +1.26490159e+07 +1.26753236e+07  2.63e+04   1.96e-04     5.05e-01   90.135s
1128000 +1.26490135e+07 +1.26753237e+07  2.63e+04   1.96e-04     5.05e-01   90.214s
1129000 +1.26490111e+07 +1.26753237e+07  2.63e+04   1.96e-04     5.07e-01   90.294s
1130000 +1.26490086e+07 +1.26753237e+07  2.63e+04   1.96e-04     5.07e-01   90.373s
1131000 +1.26490062e+07 +1.26753237e+07  2.63e+04   1.96e-04     5.09e-01   90.452s
1132000 +1.26490038e+07 +1.26753238e+07  2.63e+04   1.96e-04     5.10e-01   90.532s
1133000 +1.26490013e+07 +1.26753238e+07  2.63e+04   1.96e-04     5.11e-01   90.611s
1134000 +1.26489988e+07 +1.26753239e+07  2.63e+04   1.96e-04     5.11e-01   90.691s
1135000 +1.26489963e+07 +1.26753239e+07  2.63e+04   1.96e-04     5.12e-01   90.770s
1136000 +1.26489940e+07 +1.26753239e+07  2.63e+04   1.96e-04     5.14e-01   90.849s
1137000 +1.26489915e+07 +1.26753239e+07  2.63e+04   1.96e-04     5.14e-01   90.929s
1138000 +1.26489889e+07 +1.26753240e+07  2.63e+04   1.96e-04     5.15e-01   91.008s
1139000 +1.26489864e+07 +1.26753240e+07  2.63e+04   1.96e-04     5.16e-01   91.088s
1140000 +1.26489840e+07 +1.26753240e+07  2.63e+04   1.95e-04     5.18e-01   91.167s
1141000 +1.26489816e+07 +1.26753240e+07  2.63e+04   1.95e-04     5.19e-01   91.246s
1142000 +1.26489792e+07 +1.26753241e+07  2.63e+04   1.95e-04     5.20e-01   91.326s
1143000 +1.26489766e+07 +1.26753241e+07  2.63e+04   1.95e-04     5.21e-01   91.405s
1144000 +1.26489742e+07 +1.26753241e+07  2.63e+04   1.95e-04     5.22e-01   91.484s
1145000 +1.26489717e+07 +1.26753241e+07  2.64e+04   1.95e-04     5.21e-01   91.564s
1146000 +1.26489694e+07 +1.26753242e+07  2.64e+04   1.95e-04     5.18e-01   91.643s
1147000 +1.26489672e+07 +1.26753242e+07  2.64e+04   1.95e-04     5.16e-01   91.723s
1148000 +1.26489649e+07 +1.26753242e+07  2.64e+04   1.95e-04     5.17e-01   91.802s
1149000 +1.26489625e+07 +1.26753243e+07  2.64e+04   1.95e-04     5.17e-01   91.881s
1150000 +1.26489602e+07 +1.26753243e+07  2.64e+04   1.95e-04     5.18e-01   91.961s
1151000 +1.26489578e+07 +1.26753243e+07  2.64e+04   1.95e-04     5.19e-01   92.040s
1152000 +1.26489554e+07 +1.26753243e+07  2.64e+04   1.95e-04     5.20e-01   92.120s
1153000 +1.26489531e+07 +1.26753244e+07  2.64e+04   1.95e-04     5.21e-01   92.199s
1154000 +1.26489508e+07 +1.26753244e+07  2.64e+04   1.95e-04     5.12e-01   92.279s
1155000 +1.26489485e+07 +1.26753245e+07  2.64e+04   1.95e-04     5.11e-01   92.358s
1156000 +1.26489463e+07 +1.26753245e+07  2.64e+04   1.95e-04     5.11e-01   92.437s
1157000 +1.26489442e+07 +1.26753245e+07  2.64e+04   1.95e-04     4.78e-01   92.517s
1158000 +1.26489423e+07 +1.26753246e+07  2.64e+04   1.95e-04     4.73e-01   92.596s
1159000 +1.26489403e+07 +1.26753246e+07  2.64e+04   1.95e-04     4.71e-01   92.675s
1160000 +1.26489383e+07 +1.26753246e+07  2.64e+04   1.95e-04     4.70e-01   92.755s
1161000 +1.26489365e+07 +1.26753246e+07  2.64e+04   1.95e-04     4.69e-01   92.834s
1162000 +1.26489344e+07 +1.26753246e+07  2.64e+04   1.95e-04     4.70e-01   92.914s
1163000 +1.26489326e+07 +1.26753247e+07  2.64e+04   1.95e-04     4.69e-01   92.993s
1164000 +1.26489306e+07 +1.26753247e+07  2.64e+04   1.95e-04     4.68e-01   93.072s
1165000 +1.26489287e+07 +1.26753247e+07  2.64e+04   1.95e-04     4.69e-01   93.152s
1166000 +1.26489267e+07 +1.26753247e+07  2.64e+04   1.95e-04     4.68e-01   93.231s
1167000 +1.26489249e+07 +1.26753248e+07  2.64e+04   1.95e-04     4.68e-01   93.311s
1168000 +1.26489231e+07 +1.26753248e+07  2.64e+04   1.95e-04     4.65e-01   93.390s
1169000 +1.26489212e+07 +1.26753248e+07  2.64e+04   1.95e-04     4.68e-01   93.469s
1170000 +1.26489195e+07 +1.26753248e+07  2.64e+04   1.95e-04     4.64e-01   93.549s
1171000 +1.26489176e+07 +1.26753248e+07  2.64e+04   1.95e-04     4.66e-01   93.628s
1172000 +1.26489165e+07 +1.26753249e+07  2.64e+04   1.95e-04     5.39e-01   93.708s
1173000 +1.26489164e+07 +1.26753252e+07  2.64e+04   1.95e-04     5.48e-01   93.787s
1174000 +1.26489162e+07 +1.26753255e+07  2.64e+04   1.95e-04     5.61e-01   93.867s
1175000 +1.26489159e+07 +1.26753258e+07  2.64e+04   1.95e-04     5.81e-01   93.946s
1176000 +1.26489157e+07 +1.26753261e+07  2.64e+04   1.95e-04     6.05e-01   94.026s
1177000 +1.26489154e+07 +1.26753263e+07  2.64e+04   1.95e-04     6.29e-01   94.105s
1178000 +1.26489151e+07 +1.26753266e+07  2.64e+04   1.95e-04     6.49e-01   94.184s
1179000 +1.26489148e+07 +1.26753269e+07  2.64e+04   1.95e-04     6.68e-01   94.264s
1180000 +1.26489145e+07 +1.26753272e+07  2.64e+04   1.95e-04     6.85e-01   94.343s
1181000 +1.26489142e+07 +1.26753275e+07  2.64e+04   1.95e-04     7.01e-01   94.423s
1182000 +1.26489138e+07 +1.26753278e+07  2.64e+04   1.95e-04     7.18e-01   94.502s
1183000 +1.26489135e+07 +1.26753280e+07  2.64e+04   1.95e-04     7.37e-01   94.581s
1184000 +1.26489131e+07 +1.26753283e+07  2.64e+04   1.95e-04     7.58e-01   94.661s
1185000 +1.26489128e+07 +1.26753286e+07  2.64e+04   1.95e-04     7.79e-01   94.740s
1186000 +1.26489124e+07 +1.26753288e+07  2.64e+04   1.95e-04     8.03e-01   94.820s
1187000 +1.26489120e+07 +1.26753291e+07  2.64e+04   1.95e-04     8.27e-01   94.899s
1188000 +1.26489116e+07 +1.26753294e+07  2.64e+04   1.95e-04     8.52e-01   94.979s
1189000 +1.26489111e+07 +1.26753296e+07  2.64e+04   1.95e-04     8.77e-01   95.058s
1190000 +1.26489107e+07 +1.26753299e+07  2.64e+04   1.95e-04     9.02e-01   95.137s
1191000 +1.26489102e+07 +1.26753302e+07  2.64e+04   1.95e-04     9.28e-01   95.217s
1192000 +1.26489096e+07 +1.26753305e+07  2.64e+04   1.95e-04     9.53e-01   95.296s
1193000 +1.26489091e+07 +1.26753307e+07  2.64e+04   1.95e-04     9.79e-01   95.376s
1194000 +1.26489084e+07 +1.26753310e+07  2.64e+04   1.95e-04     1.00e+00   95.455s
1195000 +1.26489078e+07 +1.26753313e+07  2.64e+04   1.95e-04     1.03e+00   95.535s
1196000 +1.26489071e+07 +1.26753316e+07  2.64e+04   1.95e-04     1.05e+00   95.614s
1197000 +1.26489064e+07 +1.26753318e+07  2.64e+04   1.95e-04     1.07e+00   95.693s
1198000 +1.26489056e+07 +1.26753321e+07  2.64e+04   1.95e-04     1.09e+00   95.773s
1199000 +1.26489047e+07 +1.26753324e+07  2.64e+04   1.95e-04     1.12e+00   95.852s
1200000 +1.26489038e+07 +1.26753327e+07  2.64e+04   1.95e-04     1.15e+00   95.932s
1201000 +1.26489028e+07 +1.26753330e+07  2.64e+04   1.95e-04     1.17e+00   96.011s
1202000 +1.26489017e+07 +1.26753332e+07  2.64e+04   1.95e-04     1.20e+00   96.091s
1203000 +1.26489006e+07 +1.26753335e+07  2.64e+04   1.95e-04     1.23e+00   96.170s
1204000 +1.26488994e+07 +1.26753338e+07  2.64e+04   1.95e-04     1.26e+00   96.250s
1205000 +1.26488981e+07 +1.26753341e+07  2.64e+04   1.95e-04     1.29e+00   96.329s
1206000 +1.26488967e+07 +1.26753344e+07  2.64e+04   1.95e-04     1.33e+00   96.408s
1207000 +1.26488952e+07 +1.26753347e+07  2.64e+04   1.95e-04     1.36e+00   96.488s
1208000 +1.26488936e+07 +1.26753349e+07  2.64e+04   1.95e-04     1.39e+00   96.567s
1209000 +1.26488919e+07 +1.26753352e+07  2.64e+04   1.95e-04     1.43e+00   96.647s
1210000 +1.26488902e+07 +1.26753355e+07  2.64e+04   1.95e-04     1.46e+00   96.726s
1211000 +1.26488883e+07 +1.26753357e+07  2.64e+04   1.95e-04     1.50e+00   96.806s
1212000 +1.26488864e+07 +1.26753360e+07  2.64e+04   1.95e-04     1.54e+00   96.885s
1213000 +1.26488843e+07 +1.26753362e+07  2.65e+04   1.95e-04     1.57e+00   96.964s
1214000 +1.26488822e+07 +1.26753365e+07  2.65e+04   1.95e-04     1.61e+00   97.044s
1215000 +1.26488799e+07 +1.26753367e+07  2.65e+04   1.95e-04     1.65e+00   97.123s
1216000 +1.26488777e+07 +1.26753370e+07  2.65e+04   1.95e-04     1.69e+00   97.203s
1217000 +1.26488753e+07 +1.26753372e+07  2.65e+04   1.95e-04     1.72e+00   97.282s
1218000 +1.26488729e+07 +1.26753375e+07  2.65e+04   1.95e-04     1.76e+00   97.362s
1219000 +1.26488705e+07 +1.26753377e+07  2.65e+04   1.95e-04     1.80e+00   97.441s
1220000 +1.26488680e+07 +1.26753380e+07  2.65e+04   1.95e-04     1.84e+00   97.520s
1221000 +1.26488653e+07 +1.26753382e+07  2.65e+04   1.95e-04     1.88e+00   97.600s
1222000 +1.26488627e+07 +1.26753385e+07  2.65e+04   1.95e-04     1.92e+00   97.679s
1223000 +1.26488600e+07 +1.26753387e+07  2.65e+04   1.95e-04     1.96e+00   97.759s
1224000 +1.26488572e+07 +1.26753390e+07  2.65e+04   1.95e-04     2.00e+00   97.838s
1225000 +1.26488544e+07 +1.26753392e+07  2.65e+04   1.95e-04     2.04e+00   97.917s
1226000 +1.26488515e+07 +1.26753395e+07  2.65e+04   1.95e-04     2.08e+00   97.997s
1227000 +1.26488485e+07 +1.26753397e+07  2.65e+04   1.95e-04     2.13e+00   98.076s
1228000 +1.26488455e+07 +1.26753400e+07  2.65e+04   1.95e-04     2.17e+00   98.156s
1229000 +1.26488424e+07 +1.26753402e+07  2.65e+04   1.95e-04     2.21e+00   98.235s
1230000 +1.26488393e+07 +1.26753405e+07  2.65e+04   1.95e-04     2.25e+00   98.315s
1231000 +1.26488361e+07 +1.26753407e+07  2.65e+04   1.95e-04     2.29e+00   98.394s
1232000 +1.26488329e+07 +1.26753410e+07  2.65e+04   1.95e-04     2.33e+00   98.474s
1233000 +1.26488296e+07 +1.26753413e+07  2.65e+04   1.95e-04     2.37e+00   98.554s
1234000 +1.26488263e+07 +1.26753415e+07  2.65e+04   1.95e-04     2.41e+00   98.633s
1235000 +1.26488229e+07 +1.26753418e+07  2.65e+04   1.95e-04     2.44e+00   98.713s
1236000 +1.26488195e+07 +1.26753421e+07  2.65e+04   1.95e-04     2.48e+00   98.792s
1237000 +1.26488160e+07 +1.26753423e+07  2.65e+04   1.95e-04     2.52e+00   98.871s
1238000 +1.26488125e+07 +1.26753426e+07  2.65e+04   1.95e-04     2.56e+00   98.951s
1239000 +1.26488090e+07 +1.26753428e+07  2.65e+04   1.95e-04     2.60e+00   99.030s
1240000 +1.26488053e+07 +1.26753431e+07  2.65e+04   1.95e-04     2.64e+00   99.110s
1241000 +1.26488017e+07 +1.26753433e+07  2.65e+04   1.95e-04     2.68e+00   99.189s
1242000 +1.26487979e+07 +1.26753436e+07  2.65e+04   1.95e-04     2.72e+00   99.268s
1243000 +1.26487941e+07 +1.26753438e+07  2.65e+04   1.95e-04     2.76e+00   99.348s
1244000 +1.26487903e+07 +1.26753441e+07  2.66e+04   1.94e-04     2.80e+00   99.427s
1245000 +1.26487865e+07 +1.26753444e+07  2.66e+04   1.94e-04     2.83e+00   99.507s
1246000 +1.26487827e+07 +1.26753446e+07  2.66e+04   1.94e-04     2.87e+00   99.586s
1247000 +1.26487788e+07 +1.26753449e+07  2.66e+04   1.94e-04     2.91e+00   99.666s
1248000 +1.26487748e+07 +1.26753452e+07  2.66e+04   1.94e-04     2.95e+00   99.745s
1249000 +1.26487707e+07 +1.26753454e+07  2.66e+04   1.94e-04     2.99e+00   99.825s
1250000 +1.26487667e+07 +1.26753457e+07  2.66e+04   1.94e-04     3.03e+00   99.904s
1251000 +1.26487626e+07 +1.26753459e+07  2.66e+04   1.94e-04     3.06e+00   99.984s
1252000 +1.26487585e+07 +1.26753462e+07  2.66e+04   1.94e-04     3.10e+00   100.063s
1253000 +1.26487544e+07 +1.26753465e+07  2.66e+04   1.94e-04     3.14e+00   100.142s
1254000 +1.26487502e+07 +1.26753467e+07  2.66e+04   1.94e-04     3.18e+00   100.222s
1255000 +1.26487460e+07 +1.26753469e+07  2.66e+04   1.94e-04     3.22e+00   100.301s
1256000 +1.26487416e+07 +1.26753472e+07  2.66e+04   1.94e-04     3.26e+00   100.381s
1257000 +1.26487373e+07 +1.26753474e+07  2.66e+04   1.94e-04     3.29e+00   100.460s
1258000 +1.26487329e+07 +1.26753477e+07  2.66e+04   1.94e-04     3.33e+00   100.540s
1259000 +1.26487284e+07 +1.26753480e+07  2.66e+04   1.94e-04     3.37e+00   100.619s
1260000 +1.26487239e+07 +1.26753483e+07  2.66e+04   1.94e-04     3.41e+00   100.699s
1261000 +1.26487194e+07 +1.26753485e+07  2.66e+04   1.94e-04     3.45e+00   100.778s
1262000 +1.26487148e+07 +1.26753488e+07  2.66e+04   1.94e-04     3.50e+00   100.858s
1263000 +1.26487101e+07 +1.26753491e+07  2.66e+04   1.94e-04     3.54e+00   100.937s
1264000 +1.26487054e+07 +1.26753494e+07  2.66e+04   1.94e-04     3.58e+00   101.016s
1265000 +1.26487006e+07 +1.26753496e+07  2.66e+04   1.94e-04     3.62e+00   101.096s
1266000 +1.26486957e+07 +1.26753499e+07  2.67e+04   1.94e-04     3.66e+00   101.175s
1267000 +1.26486907e+07 +1.26753501e+07  2.67e+04   1.94e-04     3.71e+00   101.255s
1268000 +1.26486857e+07 +1.26753504e+07  2.67e+04   1.94e-04     3.75e+00   101.334s
1269000 +1.26486805e+07 +1.26753507e+07  2.67e+04   1.94e-04     3.79e+00   101.414s
1270000 +1.26486753e+07 +1.26753510e+07  2.67e+04   1.94e-04     3.83e+00   101.493s
1271000 +1.26486700e+07 +1.26753512e+07  2.67e+04   1.94e-04     3.88e+00   101.572s
1272000 +1.26486647e+07 +1.26753515e+07  2.67e+04   1.94e-04     3.92e+00   101.652s
1273000 +1.26486593e+07 +1.26753518e+07  2.67e+04   1.94e-04     3.96e+00   101.731s
1274000 +1.26486537e+07 +1.26753520e+07  2.67e+04   1.94e-04     4.00e+00   101.811s
1275000 +1.26486482e+07 +1.26753523e+07  2.67e+04   1.94e-04     4.04e+00   101.890s
1276000 +1.26486426e+07 +1.26753526e+07  2.67e+04   1.94e-04     4.09e+00   101.969s
1277000 +1.26486368e+07 +1.26753528e+07  2.67e+04   1.94e-04     4.13e+00   102.049s
1278000 +1.26486309e+07 +1.26753531e+07  2.67e+04   1.94e-04     4.16e+00   102.128s
1279000 +1.26486251e+07 +1.26753534e+07  2.67e+04   1.94e-04     4.20e+00   102.208s
1280000 +1.26486192e+07 +1.26753536e+07  2.67e+04   1.94e-04     4.24e+00   102.287s
1281000 +1.26486132e+07 +1.26753539e+07  2.67e+04   1.94e-04     4.28e+00   102.367s
1282000 +1.26486071e+07 +1.26753542e+07  2.67e+04   1.93e-04     4.31e+00   102.446s
1283000 +1.26486011e+07 +1.26753545e+07  2.68e+04   1.93e-04     4.35e+00   102.526s
1284000 +1.26485950e+07 +1.26753548e+07  2.68e+04   1.93e-04     4.39e+00   102.605s
1285000 +1.26485887e+07 +1.26753551e+07  2.68e+04   1.93e-04     4.41e+00   102.685s
1286000 +1.26485826e+07 +1.26753553e+07  2.68e+04   1.93e-04     4.43e+00   102.764s
1287000 +1.26485761e+07 +1.26753556e+07  2.68e+04   1.93e-04     4.46e+00   102.843s
1288000 +1.26485699e+07 +1.26753558e+07  2.68e+04   1.93e-04     4.50e+00   102.923s
1289000 +1.26485632e+07 +1.26753560e+07  2.68e+04   1.93e-04     4.53e+00   103.002s
1290000 +1.26485568e+07 +1.26753563e+07  2.68e+04   1.93e-04     4.56e+00   103.082s
1291000 +1.26485502e+07 +1.26753566e+07  2.68e+04   1.93e-04     4.59e+00   103.161s
1292000 +1.26485436e+07 +1.26753569e+07  2.68e+04   1.93e-04     4.62e+00   103.241s
1293000 +1.26485369e+07 +1.26753571e+07  2.68e+04   1.93e-04     4.66e+00   103.320s
1294000 +1.26485300e+07 +1.26753574e+07  2.68e+04   1.93e-04     4.68e+00   103.399s
1295000 +1.26485232e+07 +1.26753577e+07  2.68e+04   1.93e-04     4.72e+00   103.479s
1296000 +1.26485162e+07 +1.26753579e+07  2.68e+04   1.93e-04     4.75e+00   103.558s
1297000 +1.26485090e+07 +1.26753582e+07  2.68e+04   1.93e-04     4.77e+00   103.638s
1298000 +1.26485021e+07 +1.26753584e+07  2.69e+04   1.93e-04     4.80e+00   103.717s
1299000 +1.26484949e+07 +1.26753587e+07  2.69e+04   1.93e-04     4.84e+00   103.797s
1300000 +1.26484878e+07 +1.26753589e+07  2.69e+04   1.93e-04     4.87e+00   103.876s
1301000 +1.26484805e+07 +1.26753592e+07  2.69e+04   1.93e-04     4.90e+00   103.955s
1302000 +1.26484732e+07 +1.26753595e+07  2.69e+04   1.93e-04     4.94e+00   104.035s
1303000 +1.26484659e+07 +1.26753598e+07  2.69e+04   1.93e-04     4.97e+00   104.114s
1304000 +1.26484583e+07 +1.26753601e+07  2.69e+04   1.93e-04     5.01e+00   104.194s
1305000 +1.26484507e+07 +1.26753603e+07  2.69e+04   1.93e-04     5.05e+00   104.273s
1306000 +1.26484429e+07 +1.26753606e+07  2.69e+04   1.93e-04     5.09e+00   104.353s
1307000 +1.26484352e+07 +1.26753608e+07  2.69e+04   1.93e-04     5.12e+00   104.432s
1308000 +1.26484272e+07 +1.26753610e+07  2.69e+04   1.93e-04     5.15e+00   104.511s
1309000 +1.26484193e+07 +1.26753612e+07  2.69e+04   1.92e-04     5.18e+00   104.591s
1310000 +1.26484116e+07 +1.26753615e+07  2.69e+04   1.92e-04     5.21e+00   104.670s
1311000 +1.26484037e+07 +1.26753617e+07  2.70e+04   1.92e-04     5.25e+00   104.750s
1312000 +1.26483955e+07 +1.26753620e+07  2.70e+04   1.92e-04     5.28e+00   104.829s
1313000 +1.26483874e+07 +1.26753623e+07  2.70e+04   1.92e-04     5.31e+00   104.909s
1314000 +1.26483790e+07 +1.26753626e+07  2.70e+04   1.92e-04     5.34e+00   104.988s
1315000 +1.26483708e+07 +1.26753629e+07  2.70e+04   1.92e-04     5.37e+00   105.067s
1316000 +1.26483625e+07 +1.26753631e+07  2.70e+04   1.92e-04     5.40e+00   105.147s
1317000 +1.26483540e+07 +1.26753634e+07  2.70e+04   1.92e-04     5.43e+00   105.226s
1318000 +1.26483458e+07 +1.26753636e+07  2.70e+04   1.92e-04     5.46e+00   105.306s
1319000 +1.26483370e+07 +1.26753639e+07  2.70e+04   1.92e-04     5.48e+00   105.385s
1320000 +1.26483285e+07 +1.26753641e+07  2.70e+04   1.92e-04     5.51e+00   105.465s
1321000 +1.26483200e+07 +1.26753643e+07  2.70e+04   1.92e-04     5.54e+00   105.544s
1322000 +1.26483112e+07 +1.26753646e+07  2.71e+04   1.92e-04     5.58e+00   105.624s
1323000 +1.26483023e+07 +1.26753649e+07  2.71e+04   1.92e-04     5.61e+00   105.703s
1324000 +1.26482937e+07 +1.26753651e+07  2.71e+04   1.92e-04     5.64e+00   105.782s
1325000 +1.26482846e+07 +1.26753654e+07  2.71e+04   1.92e-04     5.67e+00   105.862s
1326000 +1.26482758e+07 +1.26753656e+07  2.71e+04   1.92e-04     5.70e+00   105.941s
1327000 +1.26482668e+07 +1.26753660e+07  2.71e+04   1.92e-04     5.73e+00   106.021s
1328000 +1.26482576e+07 +1.26753661e+07  2.71e+04   1.92e-04     5.76e+00   106.100s
1329000 +1.26482484e+07 +1.26753665e+07  2.71e+04   1.92e-04     5.79e+00   106.180s
1330000 +1.26482392e+07 +1.26753667e+07  2.71e+04   1.92e-04     5.83e+00   106.259s
1331000 +1.26482299e+07 +1.26753670e+07  2.71e+04   1.92e-04     5.86e+00   106.338s
1332000 +1.26482207e+07 +1.26753672e+07  2.71e+04   1.92e-04     5.87e+00   106.418s
1333000 +1.26482115e+07 +1.26753676e+07  2.72e+04   1.91e-04     5.90e+00   106.497s
1334000 +1.26482020e+07 +1.26753678e+07  2.72e+04   1.91e-04     5.93e+00   106.577s
1335000 +1.26481928e+07 +1.26753681e+07  2.72e+04   1.91e-04     5.96e+00   106.656s
1336000 +1.26481832e+07 +1.26753683e+07  2.72e+04   1.91e-04     5.99e+00   106.736s
1337000 +1.26481737e+07 +1.26753685e+07  2.72e+04   1.91e-04     6.01e+00   106.815s
1338000 +1.26481643e+07 +1.26753688e+07  2.72e+04   1.91e-04     6.03e+00   106.895s
1339000 +1.26481545e+07 +1.26753690e+07  2.72e+04   1.91e-04     6.06e+00   106.974s
1340000 +1.26481448e+07 +1.26753693e+07  2.72e+04   1.91e-04     6.07e+00   107.053s
1341000 +1.26481352e+07 +1.26753695e+07  2.72e+04   1.91e-04     6.10e+00   107.133s
1342000 +1.26481253e+07 +1.26753697e+07  2.72e+04   1.91e-04     6.12e+00   107.212s
1343000 +1.26481155e+07 +1.26753700e+07  2.73e+04   1.91e-04     6.14e+00   107.292s
1344000 +1.26481055e+07 +1.26753701e+07  2.73e+04   1.91e-04     6.17e+00   107.371s
1345000 +1.26480956e+07 +1.26753705e+07  2.73e+04   1.91e-04     6.19e+00   107.450s
1346000 +1.26480856e+07 +1.26753706e+07  2.73e+04   1.91e-04     6.20e+00   107.530s
1347000 +1.26480757e+07 +1.26753709e+07  2.73e+04   1.91e-04     6.23e+00   107.609s
1348000 +1.26480657e+07 +1.26753710e+07  2.73e+04   1.91e-04     6.24e+00   107.689s
1349000 +1.26480559e+07 +1.26753714e+07  2.73e+04   1.91e-04     6.25e+00   107.768s
1350000 +1.26480460e+07 +1.26753715e+07  2.73e+04   1.91e-04     6.27e+00   107.848s
1351000 +1.26480361e+07 +1.26753718e+07  2.73e+04   1.91e-04     6.27e+00   107.927s
1352000 +1.26480261e+07 +1.26753720e+07  2.73e+04   1.91e-04     6.28e+00   108.006s
1353000 +1.26480160e+07 +1.26753722e+07  2.74e+04   1.91e-04     6.31e+00   108.086s
1354000 +1.26480060e+07 +1.26753724e+07  2.74e+04   1.91e-04     6.33e+00   108.165s
1355000 +1.26479959e+07 +1.26753728e+07  2.74e+04   1.90e-04     6.34e+00   108.245s
1356000 +1.26479858e+07 +1.26753731e+07  2.74e+04   1.90e-04     6.36e+00   108.324s
1357000 +1.26479756e+07 +1.26753734e+07  2.74e+04   1.90e-04     6.36e+00   108.404s
1358000 +1.26479653e+07 +1.26753736e+07  2.74e+04   1.90e-04     6.38e+00   108.483s
1359000 +1.26479550e+07 +1.26753739e+07  2.74e+04   1.90e-04     6.38e+00   108.562s
1360000 +1.26479445e+07 +1.26753741e+07  2.74e+04   1.90e-04     6.41e+00   108.642s
1361000 +1.26479342e+07 +1.26753744e+07  2.74e+04   1.90e-04     6.43e+00   108.721s
1362000 +1.26479235e+07 +1.26753746e+07  2.75e+04   1.90e-04     6.45e+00   108.801s
1363000 +1.26479130e+07 +1.26753748e+07  2.75e+04   1.90e-04     6.46e+00   108.880s
1364000 +1.26479024e+07 +1.26753750e+07  2.75e+04   1.90e-04     6.47e+00   108.959s
1365000 +1.26478917e+07 +1.26753752e+07  2.75e+04   1.90e-04     6.49e+00   109.039s
1366000 +1.26478809e+07 +1.26753755e+07  2.75e+04   1.90e-04     6.51e+00   109.118s
1367000 +1.26478701e+07 +1.26753757e+07  2.75e+04   1.90e-04     6.53e+00   109.198s
1368000 +1.26478589e+07 +1.26753760e+07  2.75e+04   1.90e-04     6.54e+00   109.277s
1369000 +1.26478480e+07 +1.26753763e+07  2.75e+04   1.90e-04     6.57e+00   109.356s
1370000 +1.26478369e+07 +1.26753766e+07  2.75e+04   1.90e-04     6.59e+00   109.436s
1371000 +1.26478257e+07 +1.26753769e+07  2.76e+04   1.90e-04     6.61e+00   109.515s
1372000 +1.26478147e+07 +1.26753770e+07  2.76e+04   1.90e-04     6.62e+00   109.595s
1373000 +1.26478032e+07 +1.26753771e+07  2.76e+04   1.90e-04     6.63e+00   109.674s
1374000 +1.26477922e+07 +1.26753773e+07  2.76e+04   1.90e-04     6.65e+00   109.754s
1375000 +1.26477809e+07 +1.26753776e+07  2.76e+04   1.90e-04     6.68e+00   109.833s
1376000 +1.26477694e+07 +1.26753778e+07  2.76e+04   1.89e-04     6.69e+00   109.913s
1377000 +1.26477581e+07 +1.26753780e+07  2.76e+04   1.89e-04     6.72e+00   109.992s
1378000 +1.26477468e+07 +1.26753783e+07  2.76e+04   1.89e-04     6.74e+00   110.071s
1379000 +1.26477352e+07 +1.26753787e+07  2.76e+04   1.89e-04     6.76e+00   110.151s
1380000 +1.26477237e+07 +1.26753789e+07  2.77e+04   1.89e-04     6.78e+00   110.230s
1381000 +1.26477121e+07 +1.26753791e+07  2.77e+04   1.89e-04     6.78e+00   110.310s
1382000 +1.26477006e+07 +1.26753794e+07  2.77e+04   1.89e-04     6.80e+00   110.389s
1383000 +1.26476889e+07 +1.26753797e+07  2.77e+04   1.89e-04     6.81e+00   110.469s
1384000 +1.26476773e+07 +1.26753800e+07  2.77e+04   1.89e-04     6.82e+00   110.548s
1385000 +1.26476657e+07 +1.26753802e+07  2.77e+04   1.89e-04     6.83e+00   110.627s
1386000 +1.26476544e+07 +1.26753803e+07  2.77e+04   1.89e-04     6.83e+00   110.707s
1387000 +1.26476430e+07 +1.26753806e+07  2.77e+04   1.89e-04     6.85e+00   110.786s
1388000 +1.26476314e+07 +1.26753807e+07  2.77e+04   1.89e-04     6.87e+00   110.866s
1389000 +1.26476198e+07 +1.26753809e+07  2.78e+04   1.89e-04     6.88e+00   110.945s
1390000 +1.26476083e+07 +1.26753812e+07  2.78e+04   1.89e-04     6.88e+00   111.025s
1391000 +1.26475968e+07 +1.26753815e+07  2.78e+04   1.89e-04     6.90e+00   111.104s
1392000 +1.26475852e+07 +1.26753818e+07  2.78e+04   1.89e-04     6.90e+00   111.184s
1393000 +1.26475738e+07 +1.26753823e+07  2.78e+04   1.89e-04     6.92e+00   111.263s
1394000 +1.26475621e+07 +1.26753825e+07  2.78e+04   1.88e-04     6.92e+00   111.342s
1395000 +1.26475509e+07 +1.26753827e+07  2.78e+04   1.88e-04     6.94e+00   111.422s
1396000 +1.26475389e+07 +1.26753827e+07  2.78e+04   1.88e-04     6.96e+00   111.501s
1397000 +1.26475272e+07 +1.26753830e+07  2.79e+04   1.88e-04     6.98e+00   111.581s
1398000 +1.26475153e+07 +1.26753833e+07  2.79e+04   1.88e-04     6.99e+00   111.660s
1399000 +1.26475034e+07 +1.26753834e+07  2.79e+04   1.88e-04     7.01e+00   111.740s
1400000 +1.26474913e+07 +1.26753837e+07  2.79e+04   1.88e-04     7.02e+00   111.819s
1401000 +1.26474794e+07 +1.26753839e+07  2.79e+04   1.88e-04     7.04e+00   111.898s
1402000 +1.26474673e+07 +1.26753841e+07  2.79e+04   1.88e-04     7.06e+00   111.978s
1403000 +1.26474553e+07 +1.26753844e+07  2.79e+04   1.88e-04     7.07e+00   112.057s
1404000 +1.26474433e+07 +1.26753848e+07  2.79e+04   1.88e-04     7.10e+00   112.137s
1405000 +1.26474311e+07 +1.26753851e+07  2.80e+04   1.88e-04     7.09e+00   112.216s
1406000 +1.26474193e+07 +1.26753853e+07  2.80e+04   1.88e-04     7.10e+00   112.295s
1407000 +1.26474074e+07 +1.26753854e+07  2.80e+04   1.88e-04     7.11e+00   112.375s
1408000 +1.26473954e+07 +1.26753858e+07  2.80e+04   1.88e-04     7.13e+00   112.454s
1409000 +1.26473833e+07 +1.26753860e+07  2.80e+04   1.88e-04     7.14e+00   112.534s
1410000 +1.26473712e+07 +1.26753864e+07  2.80e+04   1.88e-04     7.15e+00   112.613s
1411000 +1.26473589e+07 +1.26753866e+07  2.80e+04   1.88e-04     7.17e+00   112.693s
1412000 +1.26473467e+07 +1.26753869e+07  2.80e+04   1.88e-04     7.19e+00   112.772s
1413000 +1.26473343e+07 +1.26753872e+07  2.81e+04   1.87e-04     7.21e+00   112.851s
1414000 +1.26473220e+07 +1.26753875e+07  2.81e+04   1.87e-04     7.21e+00   112.931s
1415000 +1.26473096e+07 +1.26753878e+07  2.81e+04   1.87e-04     7.22e+00   113.010s
1416000 +1.26472970e+07 +1.26753881e+07  2.81e+04   1.87e-04     7.23e+00   113.090s
1417000 +1.26472847e+07 +1.26753882e+07  2.81e+04   1.87e-04     7.25e+00   113.169s
1418000 +1.26472721e+07 +1.26753884e+07  2.81e+04   1.87e-04     7.26e+00   113.249s
1419000 +1.26472595e+07 +1.26753886e+07  2.81e+04   1.87e-04     7.29e+00   113.328s
1420000 +1.26472471e+07 +1.26753888e+07  2.81e+04   1.87e-04     7.28e+00   113.407s
1421000 +1.26472345e+07 +1.26753891e+07  2.82e+04   1.87e-04     7.30e+00   113.487s
1422000 +1.26472219e+07 +1.26753893e+07  2.82e+04   1.87e-04     7.31e+00   113.566s
1423000 +1.26472093e+07 +1.26753894e+07  2.82e+04   1.87e-04     7.32e+00   113.646s
1424000 +1.26471968e+07 +1.26753898e+07  2.82e+04   1.87e-04     7.34e+00   113.725s
1425000 +1.26471839e+07 +1.26753900e+07  2.82e+04   1.87e-04     7.34e+00   113.805s
1426000 +1.26471713e+07 +1.26753902e+07  2.82e+04   1.87e-04     7.35e+00   113.884s
1427000 +1.26471586e+07 +1.26753904e+07  2.82e+04   1.87e-04     7.37e+00   113.963s
1428000 +1.26471456e+07 +1.26753907e+07  2.82e+04   1.87e-04     7.38e+00   114.043s
1429000 +1.26471329e+07 +1.26753910e+07  2.83e+04   1.87e-04     7.39e+00   114.122s
1430000 +1.26471202e+07 +1.26753912e+07  2.83e+04   1.87e-04     7.40e+00   114.201s
1431000 +1.26471074e+07 +1.26753915e+07  2.83e+04   1.87e-04     7.42e+00   114.281s
1432000 +1.26470949e+07 +1.26753917e+07  2.83e+04   1.87e-04     7.42e+00   114.360s
1433000 +1.26470820e+07 +1.26753920e+07  2.83e+04   1.86e-04     7.44e+00   114.440s
1434000 +1.26470694e+07 +1.26753922e+07  2.83e+04   1.86e-04     7.45e+00   114.519s
1435000 +1.26470566e+07 +1.26753924e+07  2.83e+04   1.86e-04     7.47e+00   114.599s
1436000 +1.26470439e+07 +1.26753925e+07  2.83e+04   1.86e-04     7.48e+00   114.678s
1437000 +1.26470310e+07 +1.26753927e+07  2.84e+04   1.86e-04     7.50e+00   114.758s
1438000 +1.26470182e+07 +1.26753928e+07  2.84e+04   1.86e-04     7.52e+00   114.837s
1439000 +1.26470053e+07 +1.26753931e+07  2.84e+04   1.86e-04     7.53e+00   114.916s
1440000 +1.26469923e+07 +1.26753934e+07  2.84e+04   1.86e-04     7.55e+00   114.996s
1441000 +1.26469791e+07 +1.26753938e+07  2.84e+04   1.86e-04     7.57e+00   115.075s
1442000 +1.26469661e+07 +1.26753940e+07  2.84e+04   1.86e-04     7.58e+00   115.155s
1443000 +1.26469528e+07 +1.26753944e+07  2.84e+04   1.86e-04     7.59e+00   115.234s
1444000 +1.26469397e+07 +1.26753946e+07  2.85e+04   1.86e-04     7.60e+00   115.313s
1445000 +1.26469265e+07 +1.26753947e+07  2.85e+04   1.86e-04     7.60e+00   115.393s
1446000 +1.26469132e+07 +1.26753950e+07  2.85e+04   1.86e-04     7.61e+00   115.472s
1447000 +1.26468999e+07 +1.26753954e+07  2.85e+04   1.86e-04     7.62e+00   115.552s
1448000 +1.26468866e+07 +1.26753955e+07  2.85e+04   1.86e-04     7.61e+00   115.631s
1449000 +1.26468732e+07 +1.26753959e+07  2.85e+04   1.86e-04     7.62e+00   115.710s
1450000 +1.26468598e+07 +1.26753962e+07  2.85e+04   1.86e-04     7.63e+00   115.790s
1451000 +1.26468464e+07 +1.26753963e+07  2.85e+04   1.85e-04     7.64e+00   115.869s
1452000 +1.26468327e+07 +1.26753964e+07  2.86e+04   1.85e-04     7.66e+00   115.949s
1453000 +1.26468191e+07 +1.26753966e+07  2.86e+04   1.85e-04     7.67e+00   116.028s
1454000 +1.26468056e+07 +1.26753970e+07  2.86e+04   1.85e-04     7.68e+00   116.107s
1455000 +1.26467920e+07 +1.26753974e+07  2.86e+04   1.85e-04     7.66e+00   116.187s
1456000 +1.26467782e+07 +1.26753976e+07  2.86e+04   1.85e-04     7.67e+00   116.266s
1457000 +1.26467647e+07 +1.26753979e+07  2.86e+04   1.85e-04     7.68e+00   116.346s
1458000 +1.26467509e+07 +1.26753980e+07  2.86e+04   1.85e-04     7.70e+00   116.425s
1459000 +1.26467370e+07 +1.26753983e+07  2.87e+04   1.85e-04     7.71e+00   116.504s
1460000 +1.26467234e+07 +1.26753985e+07  2.87e+04   1.85e-04     7.72e+00   116.584s
1461000 +1.26467097e+07 +1.26753988e+07  2.87e+04   1.85e-04     7.72e+00   116.663s
1462000 +1.26466959e+07 +1.26753991e+07  2.87e+04   1.85e-04     7.74e+00   116.743s
1463000 +1.26466821e+07 +1.26753993e+07  2.87e+04   1.85e-04     7.73e+00   116.822s
1464000 +1.26466684e+07 +1.26753996e+07  2.87e+04   1.85e-04     7.73e+00   116.902s
1465000 +1.26466545e+07 +1.26753998e+07  2.87e+04   1.85e-04     7.74e+00   116.981s
1466000 +1.26466408e+07 +1.26754000e+07  2.88e+04   1.85e-04     7.74e+00   117.061s
1467000 +1.26466269e+07 +1.26754003e+07  2.88e+04   1.85e-04     7.76e+00   117.140s
1468000 +1.26466131e+07 +1.26754006e+07  2.88e+04   1.85e-04     7.77e+00   117.219s
1469000 +1.26465994e+07 +1.26754009e+07  2.88e+04   1.84e-04     7.76e+00   117.299s
1470000 +1.26465855e+07 +1.26754010e+07  2.88e+04   1.84e-04     7.77e+00   117.378s
1471000 +1.26465717e+07 +1.26754012e+07  2.88e+04   1.84e-04     7.77e+00   117.458s
1472000 +1.26465581e+07 +1.26754015e+07  2.88e+04   1.84e-04     7.78e+00   117.537s
1473000 +1.26465440e+07 +1.26754017e+07  2.89e+04   1.84e-04     7.79e+00   117.616s
1474000 +1.26465301e+07 +1.26754021e+07  2.89e+04   1.84e-04     7.79e+00   117.696s
1475000 +1.26465159e+07 +1.26754023e+07  2.89e+04   1.84e-04     7.78e+00   117.775s
1476000 +1.26465020e+07 +1.26754025e+07  2.89e+04   1.84e-04     7.79e+00   117.855s
1477000 +1.26464882e+07 +1.26754027e+07  2.89e+04   1.84e-04     7.79e+00   117.934s
1478000 +1.26464742e+07 +1.26754030e+07  2.89e+04   1.84e-04     7.80e+00   118.014s
1479000 +1.26464603e+07 +1.26754033e+07  2.89e+04   1.84e-04     7.80e+00   118.093s
1480000 +1.26464464e+07 +1.26754036e+07  2.90e+04   1.84e-04     7.81e+00   118.173s
1481000 +1.26464326e+07 +1.26754040e+07  2.90e+04   1.84e-04     7.75e+00   118.252s
1482000 +1.26464191e+07 +1.26754044e+07  2.90e+04   1.84e-04     7.74e+00   118.331s
1483000 +1.26464059e+07 +1.26754047e+07  2.90e+04   1.84e-04     7.73e+00   118.411s
1484000 +1.26463921e+07 +1.26754049e+07  2.90e+04   1.84e-04     7.72e+00   118.490s
1485000 +1.26463791e+07 +1.26754051e+07  2.90e+04   1.84e-04     7.72e+00   118.570s
1486000 +1.26463658e+07 +1.26754054e+07  2.90e+04   1.84e-04     7.72e+00   118.649s
1487000 +1.26463522e+07 +1.26754056e+07  2.91e+04   1.84e-04     7.72e+00   118.728s
1488000 +1.26463389e+07 +1.26754059e+07  2.91e+04   1.83e-04     7.72e+00   118.808s
1489000 +1.26463254e+07 +1.26754062e+07  2.91e+04   1.83e-04     7.73e+00   118.887s
1490000 +1.26463121e+07 +1.26754065e+07  2.91e+04   1.83e-04     7.72e+00   118.967s
1491000 +1.26462987e+07 +1.26754067e+07  2.91e+04   1.83e-04     7.73e+00   119.046s
1492000 +1.26462854e+07 +1.26754070e+07  2.91e+04   1.83e-04     7.74e+00   119.126s
1493000 +1.26462721e+07 +1.26754072e+07  2.91e+04   1.83e-04     7.74e+00   119.205s
1494000 +1.26462590e+07 +1.26754074e+07  2.91e+04   1.83e-04     7.74e+00   119.285s
1495000 +1.26462458e+07 +1.26754077e+07  2.92e+04   1.83e-04     7.74e+00   119.364s
1496000 +1.26462326e+07 +1.26754080e+07  2.92e+04   1.83e-04     7.74e+00   119.443s
1497000 +1.26462193e+07 +1.26754082e+07  2.92e+04   1.83e-04     7.75e+00   119.523s
1498000 +1.26462061e+07 +1.26754084e+07  2.92e+04   1.83e-04     7.76e+00   119.602s
1499000 +1.26461930e+07 +1.26754087e+07  2.92e+04   1.83e-04     7.76e+00   119.681s
1500000 +1.26461799e+07 +1.26754090e+07  2.92e+04   1.83e-04     7.77e+00   119.761s
1501000 +1.26461666e+07 +1.26754093e+07  2.92e+04   1.83e-04     7.77e+00   119.840s
1502000 +1.26461535e+07 +1.26754095e+07  2.93e+04   1.83e-04     7.76e+00   119.920s
1503000 +1.26461402e+07 +1.26754097e+07  2.93e+04   1.83e-04     7.77e+00   119.999s
1504000 +1.26461271e+07 +1.26754099e+07  2.93e+04   1.83e-04     7.75e+00   120.078s
1505000 +1.26461141e+07 +1.26754102e+07  2.93e+04   1.83e-04     7.76e+00   120.158s
1506000 +1.26461009e+07 +1.26754104e+07  2.93e+04   1.83e-04     7.75e+00   120.237s
1507000 +1.26460877e+07 +1.26754106e+07  2.93e+04   1.82e-04     7.75e+00   120.317s
1508000 +1.26460749e+07 +1.26754109e+07  2.93e+04   1.82e-04     7.74e+00   120.396s
1509000 +1.26460620e+07 +1.26754112e+07  2.93e+04   1.82e-04     7.75e+00   120.476s
1510000 +1.26460490e+07 +1.26754115e+07  2.94e+04   1.82e-04     7.74e+00   120.555s
1511000 +1.26460361e+07 +1.26754118e+07  2.94e+04   1.82e-04     7.74e+00   120.635s
1512000 +1.26460231e+07 +1.26754122e+07  2.94e+04   1.82e-04     7.74e+00   120.714s
1513000 +1.26460104e+07 +1.26754125e+07  2.94e+04   1.82e-04     7.74e+00   120.793s
1514000 +1.26459975e+07 +1.26754127e+07  2.94e+04   1.82e-04     7.75e+00   120.873s
1515000 +1.26459847e+07 +1.26754129e+07  2.94e+04   1.82e-04     7.75e+00   120.952s
1516000 +1.26459720e+07 +1.26754132e+07  2.94e+04   1.82e-04     7.75e+00   121.032s
1517000 +1.26459593e+07 +1.26754136e+07  2.95e+04   1.82e-04     7.75e+00   121.111s
1518000 +1.26459467e+07 +1.26754136e+07  2.95e+04   1.82e-04     7.75e+00   121.191s
1519000 +1.26459340e+07 +1.26754139e+07  2.95e+04   1.82e-04     7.75e+00   121.270s
1520000 +1.26459215e+07 +1.26754141e+07  2.95e+04   1.82e-04     7.75e+00   121.349s
1521000 +1.26459089e+07 +1.26754145e+07  2.95e+04   1.82e-04     7.75e+00   121.429s
1522000 +1.26458964e+07 +1.26754147e+07  2.95e+04   1.82e-04     7.74e+00   121.508s
1523000 +1.26458837e+07 +1.26754149e+07  2.95e+04   1.82e-04     7.74e+00   121.588s
1524000 +1.26458714e+07 +1.26754152e+07  2.95e+04   1.82e-04     7.74e+00   121.667s
1525000 +1.26458589e+07 +1.26754155e+07  2.96e+04   1.82e-04     7.74e+00   121.747s
1526000 +1.26458466e+07 +1.26754159e+07  2.96e+04   1.82e-04     7.74e+00   121.826s
1527000 +1.26458342e+07 +1.26754161e+07  2.96e+04   1.82e-04     7.72e+00   121.906s
1528000 +1.26458219e+07 +1.26754163e+07  2.96e+04   1.81e-04     7.72e+00   121.985s
1529000 +1.26458098e+07 +1.26754165e+07  2.96e+04   1.81e-04     7.72e+00   122.064s
1530000 +1.26457976e+07 +1.26754168e+07  2.96e+04   1.81e-04     7.72e+00   122.144s
1531000 +1.26457853e+07 +1.26754171e+07  2.96e+04   1.81e-04     7.72e+00   122.223s
1532000 +1.26457732e+07 +1.26754174e+07  2.96e+04   1.81e-04     7.71e+00   122.303s
1533000 +1.26457612e+07 +1.26754177e+07  2.97e+04   1.81e-04     7.71e+00   122.382s
1534000 +1.26457491e+07 +1.26754181e+07  2.97e+04   1.81e-04     7.70e+00   122.462s
1535000 +1.26457372e+07 +1.26754183e+07  2.97e+04   1.81e-04     7.69e+00   122.541s
1536000 +1.26457253e+07 +1.26754185e+07  2.97e+04   1.81e-04     7.67e+00   122.620s
1537000 +1.26457137e+07 +1.26754188e+07  2.97e+04   1.81e-04     7.67e+00   122.700s
1538000 +1.26457018e+07 +1.26754191e+07  2.97e+04   1.81e-04     7.67e+00   122.779s
1539000 +1.26456901e+07 +1.26754192e+07  2.97e+04   1.81e-04     7.67e+00   122.859s
1540000 +1.26456782e+07 +1.26754194e+07  2.97e+04   1.81e-04     7.66e+00   122.938s
1541000 +1.26456667e+07 +1.26754198e+07  2.98e+04   1.81e-04     7.64e+00   123.017s
1542000 +1.26456549e+07 +1.26754201e+07  2.98e+04   1.81e-04     7.60e+00   123.097s
1543000 +1.26456433e+07 +1.26754202e+07  2.98e+04   1.81e-04     7.60e+00   123.176s
1544000 +1.26456319e+07 +1.26754204e+07  2.98e+04   1.81e-04     7.59e+00   123.256s
1545000 +1.26456201e+07 +1.26754208e+07  2.98e+04   1.81e-04     7.58e+00   123.335s
1546000 +1.26456090e+07 +1.26754210e+07  2.98e+04   1.81e-04     7.58e+00   123.415s
1547000 +1.26455974e+07 +1.26754213e+07  2.98e+04   1.81e-04     7.58e+00   123.494s
1548000 +1.26455858e+07 +1.26754215e+07  2.98e+04   1.81e-04     7.58e+00   123.573s
1549000 +1.26455743e+07 +1.26754217e+07  2.98e+04   1.81e-04     7.58e+00   123.653s
1550000 +1.26455629e+07 +1.26754219e+07  2.99e+04   1.81e-04     7.57e+00   123.732s
1551000 +1.26455514e+07 +1.26754222e+07  2.99e+04   1.81e-04     7.57e+00   123.812s
1552000 +1.26455400e+07 +1.26754226e+07  2.99e+04   1.81e-04     7.54e+00   123.891s
1553000 +1.26455284e+07 +1.26754229e+07  2.99e+04   1.80e-04     7.53e+00   123.971s
1554000 +1.26455172e+07 +1.26754233e+07  2.99e+04   1.80e-04     7.53e+00   124.050s
1555000 +1.26455060e+07 +1.26754235e+07  2.99e+04   1.80e-04     7.51e+00   124.129s
1556000 +1.26454946e+07 +1.26754238e+07  2.99e+04   1.80e-04     7.49e+00   124.209s
1557000 +1.26454835e+07 +1.26754240e+07  2.99e+04   1.80e-04     7.49e+00   124.288s
1558000 +1.26454725e+07 +1.26754243e+07  3.00e+04   1.80e-04     7.49e+00   124.368s
1559000 +1.26454615e+07 +1.26754246e+07  3.00e+04   1.80e-04     7.47e+00   124.447s
1560000 +1.26454506e+07 +1.26754248e+07  3.00e+04   1.80e-04     7.46e+00   124.526s
1561000 +1.26454398e+07 +1.26754250e+07  3.00e+04   1.80e-04     7.45e+00   124.606s
1562000 +1.26454288e+07 +1.26754253e+07  3.00e+04   1.80e-04     7.45e+00   124.685s
1563000 +1.26454181e+07 +1.26754255e+07  3.00e+04   1.80e-04     7.43e+00   124.765s
1564000 +1.26454071e+07 +1.26754258e+07  3.00e+04   1.80e-04     7.43e+00   124.844s
1565000 +1.26453963e+07 +1.26754260e+07  3.00e+04   1.80e-04     7.42e+00   124.923s
1566000 +1.26453858e+07 +1.26754262e+07  3.00e+04   1.80e-04     7.42e+00   125.003s
1567000 +1.26453752e+07 +1.26754266e+07  3.01e+04   1.80e-04     7.42e+00   125.082s
1568000 +1.26453642e+07 +1.26754268e+07  3.01e+04   1.80e-04     7.42e+00   125.162s
1569000 +1.26453537e+07 +1.26754271e+07  3.01e+04   1.80e-04     7.40e+00   125.241s
1570000 +1.26453432e+07 +1.26754274e+07  3.01e+04   1.80e-04     7.39e+00   125.320s
1571000 +1.26453328e+07 +1.26754277e+07  3.01e+04   1.80e-04     7.38e+00   125.400s
1572000 +1.26453226e+07 +1.26754279e+07  3.01e+04   1.80e-04     7.37e+00   125.479s
1573000 +1.26453125e+07 +1.26754282e+07  3.01e+04   1.80e-04     7.36e+00   125.559s
1574000 +1.26453023e+07 +1.26754285e+07  3.01e+04   1.80e-04     7.34e+00   125.638s
1575000 +1.26452922e+07 +1.26754289e+07  3.01e+04   1.80e-04     7.34e+00   125.718s
1576000 +1.26452822e+07 +1.26754292e+07  3.01e+04   1.80e-04     7.33e+00   125.797s
1577000 +1.26452722e+07 +1.26754294e+07  3.02e+04   1.80e-04     7.31e+00   125.877s
1578000 +1.26452623e+07 +1.26754297e+07  3.02e+04   1.80e-04     7.31e+00   125.956s
1579000 +1.26452525e+07 +1.26754300e+07  3.02e+04   1.80e-04     7.29e+00   126.035s
1580000 +1.26452426e+07 +1.26754303e+07  3.02e+04   1.80e-04     7.29e+00   126.115s
1581000 +1.26452328e+07 +1.26754306e+07  3.02e+04   1.80e-04     7.28e+00   126.196s
1582000 +1.26452228e+07 +1.26754310e+07  3.02e+04   1.80e-04     7.28e+00   126.275s
1583000 +1.26452132e+07 +1.26754312e+07  3.02e+04   1.80e-04     7.26e+00   126.355s
1584000 +1.26452036e+07 +1.26754314e+07  3.02e+04   1.79e-04     7.25e+00   126.434s
1585000 +1.26451940e+07 +1.26754315e+07  3.02e+04   1.79e-04     7.25e+00   126.514s
1586000 +1.26451844e+07 +1.26754319e+07  3.02e+04   1.79e-04     7.24e+00   126.593s
1587000 +1.26451751e+07 +1.26754321e+07  3.03e+04   1.79e-04     7.23e+00   126.672s
1588000 +1.26451657e+07 +1.26754324e+07  3.03e+04   1.79e-04     7.21e+00   126.752s
1589000 +1.26451565e+07 +1.26754328e+07  3.03e+04   1.79e-04     7.20e+00   126.831s
1590000 +1.26451473e+07 +1.26754331e+07  3.03e+04   1.79e-04     7.19e+00   126.911s
1591000 +1.26451380e+07 +1.26754332e+07  3.03e+04   1.79e-04     7.18e+00   126.990s
1592000 +1.26451287e+07 +1.26754335e+07  3.03e+04   1.79e-04     7.17e+00   127.070s
1593000 +1.26451199e+07 +1.26754337e+07  3.03e+04   1.79e-04     7.15e+00   127.149s
1594000 +1.26451108e+07 +1.26754340e+07  3.03e+04   1.79e-04     7.15e+00   127.229s
1595000 +1.26451018e+07 +1.26754343e+07  3.03e+04   1.79e-04     7.14e+00   127.308s
1596000 +1.26450930e+07 +1.26754347e+07  3.03e+04   1.79e-04     7.11e+00   127.387s
1597000 +1.26450841e+07 +1.26754350e+07  3.04e+04   1.79e-04     7.10e+00   127.467s
1598000 +1.26450753e+07 +1.26754352e+07  3.04e+04   1.79e-04     7.10e+00   127.546s
1599000 +1.26450665e+07 +1.26754353e+07  3.04e+04   1.79e-04     7.09e+00   127.626s
1600000 +1.26450579e+07 +1.26754357e+07  3.04e+04   1.79e-04     7.08e+00   127.705s
1601000 +1.26450491e+07 +1.26754360e+07  3.04e+04   1.79e-04     7.07e+00   127.785s
1602000 +1.26450405e+07 +1.26754362e+07  3.04e+04   1.79e-04     7.07e+00   127.864s
1603000 +1.26450319e+07 +1.26754366e+07  3.04e+04   1.79e-04     7.06e+00   127.943s
1604000 +1.26450232e+07 +1.26754367e+07  3.04e+04   1.79e-04     7.05e+00   128.023s
1605000 +1.26450145e+07 +1.26754370e+07  3.04e+04   1.79e-04     7.05e+00   128.102s
1606000 +1.26450061e+07 +1.26754373e+07  3.04e+04   1.79e-04     7.04e+00   128.182s
1607000 +1.26449974e+07 +1.26754375e+07  3.04e+04   1.79e-04     7.02e+00   128.261s
1608000 +1.26449891e+07 +1.26754379e+07  3.04e+04   1.79e-04     7.01e+00   128.340s
1609000 +1.26449805e+07 +1.26754382e+07  3.05e+04   1.79e-04     7.01e+00   128.420s
1610000 +1.26449721e+07 +1.26754385e+07  3.05e+04   1.79e-04     7.00e+00   128.499s
1611000 +1.26449638e+07 +1.26754388e+07  3.05e+04   1.79e-04     7.00e+00   128.579s
1612000 +1.26449552e+07 +1.26754391e+07  3.05e+04   1.79e-04     7.00e+00   128.658s
1613000 +1.26449469e+07 +1.26754394e+07  3.05e+04   1.79e-04     6.99e+00   128.738s
1614000 +1.26449383e+07 +1.26754397e+07  3.05e+04   1.79e-04     6.98e+00   128.817s
1615000 +1.26449299e+07 +1.26754399e+07  3.05e+04   1.79e-04     6.97e+00   128.897s
1616000 +1.26449214e+07 +1.26754402e+07  3.05e+04   1.79e-04     6.97e+00   128.976s
1617000 +1.26449131e+07 +1.26754404e+07  3.05e+04   1.79e-04     6.95e+00   129.055s
1618000 +1.26449047e+07 +1.26754409e+07  3.05e+04   1.79e-04     6.94e+00   129.135s
1619000 +1.26448964e+07 +1.26754412e+07  3.05e+04   1.79e-04     6.94e+00   129.214s
1620000 +1.26448881e+07 +1.26754415e+07  3.06e+04   1.79e-04     6.93e+00   129.294s
1621000 +1.26448801e+07 +1.26754417e+07  3.06e+04   1.79e-04     6.92e+00   129.373s
1622000 +1.26448719e+07 +1.26754420e+07  3.06e+04   1.79e-04     6.91e+00   129.452s
1623000 +1.26448638e+07 +1.26754424e+07  3.06e+04   1.78e-04     6.91e+00   129.532s
1624000 +1.26448557e+07 +1.26754426e+07  3.06e+04   1.78e-04     6.89e+00   129.611s
1625000 +1.26448475e+07 +1.26754428e+07  3.06e+04   1.78e-04     6.89e+00   129.691s
1626000 +1.26448393e+07 +1.26754430e+07  3.06e+04   1.78e-04     6.87e+00   129.770s
1627000 +1.26448311e+07 +1.26754433e+07  3.06e+04   1.78e-04     6.86e+00   129.850s
1628000 +1.26448230e+07 +1.26754436e+07  3.06e+04   1.78e-04     6.86e+00   129.929s
1629000 +1.26448148e+07 +1.26754438e+07  3.06e+04   1.78e-04     6.85e+00   130.009s
1630000 +1.26448067e+07 +1.26754441e+07  3.06e+04   1.78e-04     6.85e+00   130.088s
1631000 +1.26447986e+07 +1.26754445e+07  3.06e+04   1.78e-04     6.84e+00   130.167s
1632000 +1.26447906e+07 +1.26754448e+07  3.07e+04   1.78e-04     6.84e+00   130.247s
1633000 +1.26447825e+07 +1.26754450e+07  3.07e+04   1.78e-04     6.82e+00   130.326s
1634000 +1.26447744e+07 +1.26754452e+07  3.07e+04   1.78e-04     6.82e+00   130.406s
1635000 +1.26447665e+07 +1.26754456e+07  3.07e+04   1.78e-04     6.81e+00   130.485s
1636000 +1.26447586e+07 +1.26754459e+07  3.07e+04   1.78e-04     6.80e+00   130.565s
1637000 +1.26447506e+07 +1.26754460e+07  3.07e+04   1.78e-04     6.79e+00   130.644s
1638000 +1.26447427e+07 +1.26754462e+07  3.07e+04   1.78e-04     6.78e+00   130.723s
1639000 +1.26447349e+07 +1.26754465e+07  3.07e+04   1.78e-04     6.77e+00   130.803s
1640000 +1.26447271e+07 +1.26754469e+07  3.07e+04   1.78e-04     6.77e+00   130.882s
1641000 +1.26447193e+07 +1.26754472e+07  3.07e+04   1.78e-04     6.76e+00   130.962s
1642000 +1.26447116e+07 +1.26754476e+07  3.07e+04   1.78e-04     6.75e+00   131.041s
1643000 +1.26447040e+07 +1.26754480e+07  3.07e+04   1.78e-04     6.74e+00   131.121s
1644000 +1.26446964e+07 +1.26754482e+07  3.08e+04   1.78e-04     6.73e+00   131.200s
1645000 +1.26446889e+07 +1.26754483e+07  3.08e+04   1.78e-04     6.72e+00   131.279s
1646000 +1.26446815e+07 +1.26754485e+07  3.08e+04   1.78e-04     6.71e+00   131.359s
1647000 +1.26446741e+07 +1.26754488e+07  3.08e+04   1.78e-04     6.70e+00   131.438s
1648000 +1.26446666e+07 +1.26754492e+07  3.08e+04   1.78e-04     6.69e+00   131.518s
1649000 +1.26446593e+07 +1.26754494e+07  3.08e+04   1.78e-04     6.68e+00   131.597s
1650000 +1.26446519e+07 +1.26754496e+07  3.08e+04   1.78e-04     6.67e+00   131.677s
1651000 +1.26446446e+07 +1.26754498e+07  3.08e+04   1.78e-04     6.66e+00   131.756s
1652000 +1.26446373e+07 +1.26754501e+07  3.08e+04   1.78e-04     6.65e+00   131.835s
1653000 +1.26446299e+07 +1.26754504e+07  3.08e+04   1.78e-04     6.64e+00   131.915s
1654000 +1.26446229e+07 +1.26754507e+07  3.08e+04   1.78e-04     6.63e+00   131.994s
1655000 +1.26446156e+07 +1.26754511e+07  3.08e+04   1.78e-04     6.62e+00   132.074s
1656000 +1.26446083e+07 +1.26754514e+07  3.08e+04   1.78e-04     6.61e+00   132.153s
1657000 +1.26446013e+07 +1.26754516e+07  3.09e+04   1.78e-04     6.61e+00   132.233s
1658000 +1.26445942e+07 +1.26754518e+07  3.09e+04   1.78e-04     6.60e+00   132.312s
1659000 +1.26445870e+07 +1.26754520e+07  3.09e+04   1.78e-04     6.59e+00   132.391s
1660000 +1.26445799e+07 +1.26754522e+07  3.09e+04   1.78e-04     6.57e+00   132.471s
1661000 +1.26445728e+07 +1.26754526e+07  3.09e+04   1.78e-04     6.56e+00   132.550s
1662000 +1.26445657e+07 +1.26754528e+07  3.09e+04   1.78e-04     6.55e+00   132.630s
1663000 +1.26445588e+07 +1.26754532e+07  3.09e+04   1.78e-04     6.54e+00   132.709s
1664000 +1.26445519e+07 +1.26754535e+07  3.09e+04   1.78e-04     6.53e+00   132.789s
1665000 +1.26445450e+07 +1.26754539e+07  3.09e+04   1.78e-04     6.51e+00   132.868s
1666000 +1.26445384e+07 +1.26754542e+07  3.09e+04   1.78e-04     6.49e+00   132.948s
1667000 +1.26445316e+07 +1.26754545e+07  3.09e+04   1.78e-04     6.48e+00   133.027s
1668000 +1.26445249e+07 +1.26754548e+07  3.09e+04   1.78e-04     6.44e+00   133.106s
1669000 +1.26445184e+07 +1.26754550e+07  3.09e+04   1.78e-04     6.43e+00   133.186s
1670000 +1.26445118e+07 +1.26754553e+07  3.09e+04   1.78e-04     6.42e+00   133.265s
1671000 +1.26445054e+07 +1.26754556e+07  3.10e+04   1.78e-04     6.41e+00   133.345s
1672000 +1.26444989e+07 +1.26754559e+07  3.10e+04   1.78e-04     6.40e+00   133.424s
1673000 +1.26444925e+07 +1.26754561e+07  3.10e+04   1.78e-04     6.38e+00   133.503s
1674000 +1.26444860e+07 +1.26754564e+07  3.10e+04   1.78e-04     6.38e+00   133.583s
1675000 +1.26444797e+07 +1.26754568e+07  3.10e+04   1.78e-04     6.36e+00   133.662s
1676000 +1.26444734e+07 +1.26754571e+07  3.10e+04   1.78e-04     6.35e+00   133.742s
1677000 +1.26444671e+07 +1.26754574e+07  3.10e+04   1.78e-04     6.34e+00   133.821s
1678000 +1.26444609e+07 +1.26754577e+07  3.10e+04   1.78e-04     6.33e+00   133.901s
1679000 +1.26444548e+07 +1.26754580e+07  3.10e+04   1.78e-04     6.32e+00   133.980s
1680000 +1.26444485e+07 +1.26754581e+07  3.10e+04   1.78e-04     6.31e+00   134.059s
1681000 +1.26444424e+07 +1.26754584e+07  3.10e+04   1.78e-04     6.30e+00   134.139s
1682000 +1.26444363e+07 +1.26754587e+07  3.10e+04   1.78e-04     6.28e+00   134.218s
1683000 +1.26444302e+07 +1.26754590e+07  3.10e+04   1.77e-04     6.26e+00   134.298s
1684000 +1.26444241e+07 +1.26754593e+07  3.10e+04   1.77e-04     6.25e+00   134.377s
1685000 +1.26444181e+07 +1.26754596e+07  3.10e+04   1.77e-04     6.24e+00   134.456s
1686000 +1.26444122e+07 +1.26754598e+07  3.10e+04   1.77e-04     6.23e+00   134.536s
1687000 +1.26444061e+07 +1.26754601e+07  3.11e+04   1.77e-04     6.22e+00   134.615s
1688000 +1.26444002e+07 +1.26754605e+07  3.11e+04   1.77e-04     6.21e+00   134.695s
1689000 +1.26443944e+07 +1.26754608e+07  3.11e+04   1.77e-04     6.20e+00   134.774s
1690000 +1.26443885e+07 +1.26754611e+07  3.11e+04   1.77e-04     6.19e+00   134.854s
1691000 +1.26443828e+07 +1.26754614e+07  3.11e+04   1.77e-04     6.18e+00   134.933s
1692000 +1.26443769e+07 +1.26754617e+07  3.11e+04   1.77e-04     6.18e+00   135.013s
1693000 +1.26443711e+07 +1.26754619e+07  3.11e+04   1.77e-04     6.17e+00   135.092s
1694000 +1.26443654e+07 +1.26754623e+07  3.11e+04   1.77e-04     6.16e+00   135.173s
1695000 +1.26443597e+07 +1.26754626e+07  3.11e+04   1.77e-04     6.15e+00   135.252s
1696000 +1.26443539e+07 +1.26754629e+07  3.11e+04   1.77e-04     6.14e+00   135.332s
1697000 +1.26443481e+07 +1.26754632e+07  3.11e+04   1.77e-04     6.13e+00   135.411s
1698000 +1.26443425e+07 +1.26754635e+07  3.11e+04   1.77e-04     6.12e+00   135.491s
1699000 +1.26443368e+07 +1.26754638e+07  3.11e+04   1.77e-04     6.11e+00   135.570s
1700000 +1.26443312e+07 +1.26754640e+07  3.11e+04   1.77e-04     6.10e+00   135.650s
1701000 +1.26443256e+07 +1.26754644e+07  3.11e+04   1.77e-04     6.09e+00   135.729s
1702000 +1.26443202e+07 +1.26754647e+07  3.11e+04   1.77e-04     6.08e+00   135.808s
1703000 +1.26443147e+07 +1.26754651e+07  3.12e+04   1.77e-04     6.07e+00   135.888s
1704000 +1.26443093e+07 +1.26754653e+07  3.12e+04   1.77e-04     6.07e+00   135.967s
1705000 +1.26443038e+07 +1.26754657e+07  3.12e+04   1.77e-04     6.03e+00   136.047s
1706000 +1.26442987e+07 +1.26754659e+07  3.12e+04   1.77e-04     6.02e+00   136.126s
1707000 +1.26442933e+07 +1.26754662e+07  3.12e+04   1.77e-04     6.01e+00   136.206s
1708000 +1.26442881e+07 +1.26754665e+07  3.12e+04   1.77e-04     6.00e+00   136.285s
1709000 +1.26442828e+07 +1.26754668e+07  3.12e+04   1.77e-04     5.99e+00   136.364s
1710000 +1.26442775e+07 +1.26754671e+07  3.12e+04   1.77e-04     5.98e+00   136.444s
1711000 +1.26442724e+07 +1.26754674e+07  3.12e+04   1.77e-04     5.97e+00   136.523s
1712000 +1.26442673e+07 +1.26754677e+07  3.12e+04   1.77e-04     5.96e+00   136.603s
1713000 +1.26442621e+07 +1.26754680e+07  3.12e+04   1.77e-04     5.96e+00   136.682s
1714000 +1.26442571e+07 +1.26754682e+07  3.12e+04   1.77e-04     5.95e+00   136.762s
1715000 +1.26442520e+07 +1.26754686e+07  3.12e+04   1.77e-04     5.94e+00   136.841s
1716000 +1.26442470e+07 +1.26754688e+07  3.12e+04   1.77e-04     5.93e+00   136.920s
1717000 +1.26442421e+07 +1.26754691e+07  3.12e+04   1.77e-04     5.90e+00   137.000s
1718000 +1.26442372e+07 +1.26754693e+07  3.12e+04   1.77e-04     5.89e+00   137.079s
1719000 +1.26442323e+07 +1.26754697e+07  3.12e+04   1.77e-04     5.88e+00   137.159s
1720000 +1.26442276e+07 +1.26754700e+07  3.12e+04   1.77e-04     5.84e+00   137.238s
1721000 +1.26442229e+07 +1.26754704e+07  3.12e+04   1.77e-04     5.83e+00   137.318s
1722000 +1.26442181e+07 +1.26754706e+07  3.13e+04   1.77e-04     5.82e+00   137.397s
1723000 +1.26442135e+07 +1.26754709e+07  3.13e+04   1.77e-04     5.82e+00   137.477s
1724000 +1.26442089e+07 +1.26754712e+07  3.13e+04   1.77e-04     5.81e+00   137.556s
1725000 +1.26442044e+07 +1.26754716e+07  3.13e+04   1.77e-04     5.79e+00   137.635s
1726000 +1.26441998e+07 +1.26754720e+07  3.13e+04   1.77e-04     5.78e+00   137.715s
1727000 +1.26441953e+07 +1.26754723e+07  3.13e+04   1.77e-04     5.77e+00   137.794s
1728000 +1.26441908e+07 +1.26754726e+07  3.13e+04   1.77e-04     5.76e+00   137.874s
1729000 +1.26441863e+07 +1.26754729e+07  3.13e+04   1.77e-04     5.75e+00   137.953s
1730000 +1.26441819e+07 +1.26754732e+07  3.13e+04   1.77e-04     5.74e+00   138.033s
1731000 +1.26441775e+07 +1.26754735e+07  3.13e+04   1.77e-04     5.73e+00   138.112s
1732000 +1.26441732e+07 +1.26754738e+07  3.13e+04   1.77e-04     5.72e+00   138.191s
1733000 +1.26441689e+07 +1.26754740e+07  3.13e+04   1.77e-04     5.71e+00   138.271s
1734000 +1.26441646e+07 +1.26754744e+07  3.13e+04   1.77e-04     5.70e+00   138.350s
1735000 +1.26441603e+07 +1.26754747e+07  3.13e+04   1.77e-04     5.70e+00   138.430s
1736000 +1.26441560e+07 +1.26754749e+07  3.13e+04   1.77e-04     5.68e+00   138.509s
1737000 +1.26441518e+07 +1.26754753e+07  3.13e+04   1.77e-04     5.68e+00   138.589s
1738000 +1.26441476e+07 +1.26754756e+07  3.13e+04   1.77e-04     5.67e+00   138.668s
1739000 +1.26441434e+07 +1.26754759e+07  3.13e+04   1.77e-04     5.66e+00   138.748s
1740000 +1.26441393e+07 +1.26754762e+07  3.13e+04   1.77e-04     5.65e+00   138.827s
1741000 +1.26441352e+07 +1.26754764e+07  3.13e+04   1.77e-04     5.63e+00   138.907s
1742000 +1.26441311e+07 +1.26754767e+07  3.13e+04   1.77e-04     5.63e+00   138.986s
1743000 +1.26441270e+07 +1.26754770e+07  3.14e+04   1.77e-04     5.62e+00   139.065s
1744000 +1.26441230e+07 +1.26754774e+07  3.14e+04   1.77e-04     5.61e+00   139.145s
1745000 +1.26441189e+07 +1.26754777e+07  3.14e+04   1.77e-04     5.60e+00   139.224s
1746000 +1.26441150e+07 +1.26754779e+07  3.14e+04   1.77e-04     5.58e+00   139.304s
1747000 +1.26441109e+07 +1.26754783e+07  3.14e+04   1.77e-04     5.58e+00   139.383s
1748000 +1.26441070e+07 +1.26754786e+07  3.14e+04   1.77e-04     5.57e+00   139.463s
1749000 +1.26441030e+07 +1.26754788e+07  3.14e+04   1.77e-04     5.56e+00   139.542s
1750000 +1.26440992e+07 +1.26754792e+07  3.14e+04   1.77e-04     5.55e+00   139.622s
1751000 +1.26440953e+07 +1.26754796e+07  3.14e+04   1.77e-04     5.54e+00   139.701s
1752000 +1.26440915e+07 +1.26754798e+07  3.14e+04   1.77e-04     5.54e+00   139.780s
1753000 +1.26440878e+07 +1.26754800e+07  3.14e+04   1.77e-04     5.53e+00   139.860s
1754000 +1.26440840e+07 +1.26754803e+07  3.14e+04   1.77e-04     5.52e+00   139.939s
1755000 +1.26440803e+07 +1.26754806e+07  3.14e+04   1.77e-04     5.51e+00   140.019s
1756000 +1.26440766e+07 +1.26754809e+07  3.14e+04   1.77e-04     5.50e+00   140.098s
1757000 +1.26440730e+07 +1.26754811e+07  3.14e+04   1.77e-04     5.49e+00   140.178s
1758000 +1.26440693e+07 +1.26754815e+07  3.14e+04   1.77e-04     5.48e+00   140.257s
1759000 +1.26440658e+07 +1.26754818e+07  3.14e+04   1.77e-04     5.47e+00   140.336s
1760000 +1.26440622e+07 +1.26754821e+07  3.14e+04   1.77e-04     5.46e+00   140.416s
1761000 +1.26440587e+07 +1.26754824e+07  3.14e+04   1.77e-04     5.46e+00   140.495s
1762000 +1.26440553e+07 +1.26754827e+07  3.14e+04   1.77e-04     5.45e+00   140.575s
1763000 +1.26440518e+07 +1.26754829e+07  3.14e+04   1.77e-04     5.44e+00   140.654s
1764000 +1.26440484e+07 +1.26754832e+07  3.14e+04   1.77e-04     5.43e+00   140.734s
1765000 +1.26440451e+07 +1.26754835e+07  3.14e+04   1.77e-04     5.42e+00   140.813s
1766000 +1.26440417e+07 +1.26754838e+07  3.14e+04   1.77e-04     5.41e+00   140.892s
1767000 +1.26440385e+07 +1.26754841e+07  3.14e+04   1.77e-04     5.40e+00   140.972s
1768000 +1.26440351e+07 +1.26754844e+07  3.14e+04   1.77e-04     5.39e+00   141.051s
1769000 +1.26440319e+07 +1.26754846e+07  3.15e+04   1.77e-04     5.38e+00   141.131s
1770000 +1.26440286e+07 +1.26754849e+07  3.15e+04   1.77e-04     5.37e+00   141.210s
1771000 +1.26440254e+07 +1.26754852e+07  3.15e+04   1.77e-04     5.37e+00   141.289s
1772000 +1.26440223e+07 +1.26754855e+07  3.15e+04   1.77e-04     5.35e+00   141.369s
1773000 +1.26440191e+07 +1.26754858e+07  3.15e+04   1.77e-04     5.34e+00   141.448s
1774000 +1.26440160e+07 +1.26754862e+07  3.15e+04   1.77e-04     5.34e+00   141.528s
1775000 +1.26440130e+07 +1.26754865e+07  3.15e+04   1.77e-04     5.32e+00   141.607s
1776000 +1.26440099e+07 +1.26754869e+07  3.15e+04   1.77e-04     5.32e+00   141.687s
1777000 +1.26440069e+07 +1.26754871e+07  3.15e+04   1.77e-04     5.31e+00   141.766s
1778000 +1.26440040e+07 +1.26754874e+07  3.15e+04   1.76e-04     5.30e+00   141.845s
1779000 +1.26440009e+07 +1.26754877e+07  3.15e+04   1.76e-04     5.29e+00   141.925s
1780000 +1.26439980e+07 +1.26754879e+07  3.15e+04   1.76e-04     5.28e+00   142.004s
1781000 +1.26439950e+07 +1.26754882e+07  3.15e+04   1.76e-04     5.27e+00   142.084s
1782000 +1.26439920e+07 +1.26754885e+07  3.15e+04   1.76e-04     5.26e+00   142.163s
1783000 +1.26439892e+07 +1.26754888e+07  3.15e+04   1.76e-04     5.26e+00   142.242s
1784000 +1.26439862e+07 +1.26754891e+07  3.15e+04   1.76e-04     5.25e+00   142.322s
1785000 +1.26439832e+07 +1.26754894e+07  3.15e+04   1.76e-04     5.24e+00   142.401s
1786000 +1.26439804e+07 +1.26754897e+07  3.15e+04   1.76e-04     5.23e+00   142.481s
1787000 +1.26439775e+07 +1.26754901e+07  3.15e+04   1.76e-04     5.22e+00   142.560s
1788000 +1.26439746e+07 +1.26754904e+07  3.15e+04   1.76e-04     5.21e+00   142.640s
1789000 +1.26439718e+07 +1.26754906e+07  3.15e+04   1.76e-04     5.20e+00   142.719s
1790000 +1.26439690e+07 +1.26754910e+07  3.15e+04   1.76e-04     5.19e+00   142.798s
1791000 +1.26439661e+07 +1.26754913e+07  3.15e+04   1.76e-04     5.18e+00   142.878s
1792000 +1.26439634e+07 +1.26754916e+07  3.15e+04   1.76e-04     5.18e+00   142.957s
1793000 +1.26439607e+07 +1.26754918e+07  3.15e+04   1.76e-04     5.17e+00   143.037s
1794000 +1.26439579e+07 +1.26754921e+07  3.15e+04   1.76e-04     5.16e+00   143.116s
1795000 +1.26439553e+07 +1.26754925e+07  3.15e+04   1.76e-04     5.15e+00   143.195s
1796000 +1.26439525e+07 +1.26754927e+07  3.15e+04   1.76e-04     5.14e+00   143.275s
1797000 +1.26439499e+07 +1.26754930e+07  3.15e+04   1.76e-04     5.13e+00   143.354s
1798000 +1.26439472e+07 +1.26754933e+07  3.15e+04   1.76e-04     5.12e+00   143.434s
1799000 +1.26439444e+07 +1.26754936e+07  3.15e+04   1.76e-04     5.11e+00   143.513s
1800000 +1.26439419e+07 +1.26754938e+07  3.16e+04   1.76e-04     5.11e+00   143.592s
1801000 +1.26439392e+07 +1.26754941e+07  3.16e+04   1.76e-04     5.10e+00   143.672s
1802000 +1.26439366e+07 +1.26754945e+07  3.16e+04   1.76e-04     5.09e+00   143.751s
1803000 +1.26439341e+07 +1.26754948e+07  3.16e+04   1.76e-04     5.08e+00   143.831s
1804000 +1.26439316e+07 +1.26754951e+07  3.16e+04   1.76e-04     5.07e+00   143.910s
1805000 +1.26439290e+07 +1.26754954e+07  3.16e+04   1.76e-04     5.06e+00   143.990s
1806000 +1.26439266e+07 +1.26754956e+07  3.16e+04   1.76e-04     5.05e+00   144.069s
1807000 +1.26439241e+07 +1.26754958e+07  3.16e+04   1.76e-04     5.04e+00   144.148s
1808000 +1.26439217e+07 +1.26754961e+07  3.16e+04   1.76e-04     5.04e+00   144.228s
1809000 +1.26439192e+07 +1.26754964e+07  3.16e+04   1.76e-04     5.03e+00   144.307s
1810000 +1.26439168e+07 +1.26754968e+07  3.16e+04   1.76e-04     5.03e+00   144.387s
1811000 +1.26439144e+07 +1.26754970e+07  3.16e+04   1.76e-04     5.02e+00   144.466s
1812000 +1.26439120e+07 +1.26754973e+07  3.16e+04   1.76e-04     5.01e+00   144.546s
1813000 +1.26439096e+07 +1.26754976e+07  3.16e+04   1.76e-04     5.00e+00   144.625s
1814000 +1.26439073e+07 +1.26754979e+07  3.16e+04   1.76e-04     5.00e+00   144.705s
1815000 +1.26439051e+07 +1.26754982e+07  3.16e+04   1.76e-04     4.99e+00   144.784s
1816000 +1.26439028e+07 +1.26754985e+07  3.16e+04   1.76e-04     4.98e+00   144.863s
1817000 +1.26439006e+07 +1.26754988e+07  3.16e+04   1.76e-04     4.97e+00   144.943s
1818000 +1.26438983e+07 +1.26754991e+07  3.16e+04   1.76e-04     4.96e+00   145.022s
1819000 +1.26438961e+07 +1.26754994e+07  3.16e+04   1.76e-04     4.95e+00   145.102s
1820000 +1.26438939e+07 +1.26754997e+07  3.16e+04   1.76e-04     4.94e+00   145.181s
1821000 +1.26438917e+07 +1.26755000e+07  3.16e+04   1.76e-04     4.94e+00   145.261s
1822000 +1.26438896e+07 +1.26755003e+07  3.16e+04   1.76e-04     4.93e+00   145.340s
1823000 +1.26438875e+07 +1.26755006e+07  3.16e+04   1.76e-04     4.92e+00   145.419s
1824000 +1.26438853e+07 +1.26755008e+07  3.16e+04   1.76e-04     4.91e+00   145.499s
1825000 +1.26438833e+07 +1.26755012e+07  3.16e+04   1.76e-04     4.90e+00   145.578s
1826000 +1.26438812e+07 +1.26755014e+07  3.16e+04   1.76e-04     4.89e+00   145.658s
1827000 +1.26438792e+07 +1.26755018e+07  3.16e+04   1.76e-04     4.89e+00   145.737s
1828000 +1.26438771e+07 +1.26755020e+07  3.16e+04   1.76e-04     4.88e+00   145.817s
1829000 +1.26438751e+07 +1.26755023e+07  3.16e+04   1.76e-04     4.87e+00   145.896s
1830000 +1.26438731e+07 +1.26755026e+07  3.16e+04   1.76e-04     4.87e+00   145.975s
1831000 +1.26438715e+07 +1.26755022e+07  3.16e+04   1.76e-04     4.60e+00   146.055s
1832000 +1.26438710e+07 +1.26755040e+07  3.16e+04   1.76e-04     4.59e+00   146.135s
1833000 +1.26438704e+07 +1.26755058e+07  3.16e+04   1.76e-04     4.60e+00   146.214s
1834000 +1.26438699e+07 +1.26755075e+07  3.16e+04   1.76e-04     4.61e+00   146.294s
1835000 +1.26438694e+07 +1.26755093e+07  3.16e+04   1.76e-04     4.61e+00   146.373s
1836000 +1.26438689e+07 +1.26755112e+07  3.16e+04   1.76e-04     4.62e+00   146.452s
1837000 +1.26438684e+07 +1.26755130e+07  3.16e+04   1.76e-04     4.62e+00   146.532s
1838000 +1.26438679e+07 +1.26755148e+07  3.16e+04   1.76e-04     4.63e+00   146.611s
1839000 +1.26438673e+07 +1.26755166e+07  3.16e+04   1.76e-04     4.63e+00   146.690s
1840000 +1.26438668e+07 +1.26755184e+07  3.17e+04   1.76e-04     4.64e+00   146.770s
1841000 +1.26438663e+07 +1.26755202e+07  3.17e+04   1.76e-04     4.64e+00   146.849s
1842000 +1.26438658e+07 +1.26755221e+07  3.17e+04   1.76e-04     4.65e+00   146.929s
1843000 +1.26438653e+07 +1.26755239e+07  3.17e+04   1.76e-04     4.66e+00   147.008s
1844000 +1.26438648e+07 +1.26755257e+07  3.17e+04   1.76e-04     4.66e+00   147.087s
1845000 +1.26438642e+07 +1.26755276e+07  3.17e+04   1.76e-04     4.67e+00   147.167s
1846000 +1.26438637e+07 +1.26755295e+07  3.17e+04   1.76e-04     4.68e+00   147.246s
1847000 +1.26438632e+07 +1.26755314e+07  3.17e+04   1.76e-04     4.68e+00   147.325s
1848000 +1.26438627e+07 +1.26755332e+07  3.17e+04   1.76e-04     4.69e+00   147.405s
1849000 +1.26438622e+07 +1.26755350e+07  3.17e+04   1.76e-04     4.70e+00   147.484s
1850000 +1.26438616e+07 +1.26755368e+07  3.17e+04   1.76e-04     4.71e+00   147.563s
1851000 +1.26438611e+07 +1.26755386e+07  3.17e+04   1.76e-04     4.71e+00   147.643s
1852000 +1.26438606e+07 +1.26755404e+07  3.17e+04   1.76e-04     4.72e+00   147.722s
1853000 +1.26438600e+07 +1.26755422e+07  3.17e+04   1.76e-04     4.73e+00   147.802s
1854000 +1.26438595e+07 +1.26755439e+07  3.17e+04   1.76e-04     4.74e+00   147.881s
1855000 +1.26438590e+07 +1.26755458e+07  3.17e+04   1.76e-04     4.74e+00   147.961s
1856000 +1.26438584e+07 +1.26755476e+07  3.17e+04   1.76e-04     4.75e+00   148.040s
1857000 +1.26438579e+07 +1.26755494e+07  3.17e+04   1.76e-04     4.76e+00   148.119s
1858000 +1.26438573e+07 +1.26755512e+07  3.17e+04   1.76e-04     4.76e+00   148.199s
1859000 +1.26438568e+07 +1.26755530e+07  3.17e+04   1.76e-04     4.77e+00   148.278s
1860000 +1.26438562e+07 +1.26755549e+07  3.17e+04   1.76e-04     4.78e+00   148.358s
1861000 +1.26438556e+07 +1.26755567e+07  3.17e+04   1.76e-04     4.78e+00   148.437s
1862000 +1.26438551e+07 +1.26755585e+07  3.17e+04   1.76e-04     4.79e+00   148.516s
1863000 +1.26438545e+07 +1.26755603e+07  3.17e+04   1.76e-04     4.80e+00   148.596s
1864000 +1.26438539e+07 +1.26755622e+07  3.17e+04   1.76e-04     4.80e+00   148.675s
1865000 +1.26438534e+07 +1.26755640e+07  3.17e+04   1.76e-04     4.81e+00   148.754s
1866000 +1.26438528e+07 +1.26755658e+07  3.17e+04   1.76e-04     4.82e+00   148.834s
1867000 +1.26438522e+07 +1.26755676e+07  3.17e+04   1.76e-04     4.82e+00   148.913s
1868000 +1.26438516e+07 +1.26755695e+07  3.17e+04   1.76e-04     4.83e+00   148.993s
1869000 +1.26438510e+07 +1.26755713e+07  3.17e+04   1.76e-04     4.84e+00   149.072s
1870000 +1.26438504e+07 +1.26755731e+07  3.17e+04   1.76e-04     4.84e+00   149.151s
1871000 +1.26438498e+07 +1.26755749e+07  3.17e+04   1.76e-04     4.85e+00   149.231s
1872000 +1.26438492e+07 +1.26755768e+07  3.17e+04   1.76e-04     4.85e+00   149.310s
1873000 +1.26438486e+07 +1.26755786e+07  3.17e+04   1.76e-04     4.86e+00   149.390s
1874000 +1.26438480e+07 +1.26755804e+07  3.17e+04   1.76e-04     4.87e+00   149.469s
1875000 +1.26438474e+07 +1.26755822e+07  3.17e+04   1.76e-04     4.87e+00   149.548s
1876000 +1.26438468e+07 +1.26755840e+07  3.17e+04   1.76e-04     4.88e+00   149.628s
1877000 +1.26438462e+07 +1.26755859e+07  3.17e+04   1.76e-04     4.89e+00   149.707s
1878000 +1.26438455e+07 +1.26755877e+07  3.17e+04   1.76e-04     4.89e+00   149.786s
1879000 +1.26438449e+07 +1.26755895e+07  3.17e+04   1.76e-04     4.90e+00   149.866s
1880000 +1.26438443e+07 +1.26755913e+07  3.17e+04   1.76e-04     4.91e+00   149.945s
1881000 +1.26438436e+07 +1.26755931e+07  3.17e+04   1.76e-04     4.91e+00   150.025s
1882000 +1.26438430e+07 +1.26755950e+07  3.18e+04   1.76e-04     4.92e+00   150.104s
1883000 +1.26438424e+07 +1.26755968e+07  3.18e+04   1.76e-04     4.92e+00   150.183s
1884000 +1.26438417e+07 +1.26755986e+07  3.18e+04   1.76e-04     4.93e+00   150.263s
1885000 +1.26438411e+07 +1.26756004e+07  3.18e+04   1.76e-04     4.94e+00   150.342s
1886000 +1.26438404e+07 +1.26756023e+07  3.18e+04   1.76e-04     4.94e+00   150.422s
1887000 +1.26438397e+07 +1.26756041e+07  3.18e+04   1.76e-04     4.95e+00   150.501s
1888000 +1.26438391e+07 +1.26756059e+07  3.18e+04   1.76e-04     4.95e+00   150.580s
1889000 +1.26438384e+07 +1.26756077e+07  3.18e+04   1.76e-04     4.96e+00   150.660s
1890000 +1.26438378e+07 +1.26756096e+07  3.18e+04   1.76e-04     4.97e+00   150.739s
1891000 +1.26438371e+07 +1.26756114e+07  3.18e+04   1.76e-04     4.97e+00   150.818s
1892000 +1.26438364e+07 +1.26756132e+07  3.18e+04   1.76e-04     4.98e+00   150.898s
1893000 +1.26438358e+07 +1.26756150e+07  3.18e+04   1.76e-04     4.98e+00   150.977s
1894000 +1.26438351e+07 +1.26756168e+07  3.18e+04   1.76e-04     4.99e+00   151.057s
1895000 +1.26438344e+07 +1.26756187e+07  3.18e+04   1.76e-04     5.00e+00   151.136s
1896000 +1.26438337e+07 +1.26756205e+07  3.18e+04   1.76e-04     5.00e+00   151.216s
1897000 +1.26438331e+07 +1.26756223e+07  3.18e+04   1.76e-04     5.01e+00   151.295s
1898000 +1.26438324e+07 +1.26756242e+07  3.18e+04   1.76e-04     5.01e+00   151.374s
1899000 +1.26438317e+07 +1.26756260e+07  3.18e+04   1.76e-04     5.02e+00   151.454s
1900000 +1.26438310e+07 +1.26756278e+07  3.18e+04   1.76e-04     5.03e+00   151.533s
1901000 +1.26438303e+07 +1.26756296e+07  3.18e+04   1.76e-04     5.03e+00   151.612s
1902000 +1.26438296e+07 +1.26756314e+07  3.18e+04   1.76e-04     5.04e+00   151.692s
1903000 +1.26438289e+07 +1.26756333e+07  3.18e+04   1.76e-04     5.04e+00   151.771s
1904000 +1.26438282e+07 +1.26756351e+07  3.18e+04   1.76e-04     5.05e+00   151.851s
1905000 +1.26438275e+07 +1.26756369e+07  3.18e+04   1.76e-04     5.05e+00   151.930s
1906000 +1.26438268e+07 +1.26756387e+07  3.18e+04   1.76e-04     5.05e+00   152.009s
1907000 +1.26438261e+07 +1.26756406e+07  3.18e+04   1.76e-04     5.05e+00   152.089s
1908000 +1.26438254e+07 +1.26756424e+07  3.18e+04   1.76e-04     5.06e+00   152.168s
1909000 +1.26438247e+07 +1.26756442e+07  3.18e+04   1.76e-04     5.06e+00   152.248s
1910000 +1.26438240e+07 +1.26756460e+07  3.18e+04   1.76e-04     5.07e+00   152.327s
1911000 +1.26438233e+07 +1.26756479e+07  3.18e+04   1.76e-04     5.07e+00   152.406s
1912000 +1.26438226e+07 +1.26756497e+07  3.18e+04   1.76e-04     5.08e+00   152.486s
1913000 +1.26438219e+07 +1.26756515e+07  3.18e+04   1.76e-04     5.08e+00   152.565s
1914000 +1.26438212e+07 +1.26756533e+07  3.18e+04   1.76e-04     5.09e+00   152.644s
1915000 +1.26438205e+07 +1.26756552e+07  3.18e+04   1.76e-04     5.10e+00   152.724s
1916000 +1.26438197e+07 +1.26756570e+07  3.18e+04   1.76e-04     5.10e+00   152.805s
1917000 +1.26438190e+07 +1.26756588e+07  3.18e+04   1.76e-04     5.10e+00   152.884s
1918000 +1.26438183e+07 +1.26756606e+07  3.18e+04   1.76e-04     5.11e+00   152.964s
1919000 +1.26438176e+07 +1.26756624e+07  3.18e+04   1.76e-04     5.11e+00   153.043s
1920000 +1.26438169e+07 +1.26756643e+07  3.18e+04   1.76e-04     5.12e+00   153.123s
1921000 +1.26438161e+07 +1.26756661e+07  3.18e+04   1.76e-04     5.12e+00   153.202s
1922000 +1.26438154e+07 +1.26756679e+07  3.19e+04   1.76e-04     5.13e+00   153.281s
1923000 +1.26438147e+07 +1.26756697e+07  3.19e+04   1.76e-04     5.13e+00   153.361s
1924000 +1.26438140e+07 +1.26756716e+07  3.19e+04   1.76e-04     5.14e+00   153.440s
1925000 +1.26438132e+07 +1.26756734e+07  3.19e+04   1.76e-04     5.14e+00   153.520s
1926000 +1.26438125e+07 +1.26756752e+07  3.19e+04   1.76e-04     5.15e+00   153.599s
1927000 +1.26438118e+07 +1.26756770e+07  3.19e+04   1.76e-04     5.15e+00   153.678s
1928000 +1.26438111e+07 +1.26756789e+07  3.19e+04   1.76e-04     5.16e+00   153.758s
1929000 +1.26438103e+07 +1.26756807e+07  3.19e+04   1.76e-04     5.16e+00   153.837s
1930000 +1.26438096e+07 +1.26756825e+07  3.19e+04   1.76e-04     5.16e+00   153.916s
1931000 +1.26438089e+07 +1.26756843e+07  3.19e+04   1.76e-04     5.17e+00   153.996s
1932000 +1.26438081e+07 +1.26756862e+07  3.19e+04   1.76e-04     5.17e+00   154.075s
1933000 +1.26438074e+07 +1.26756880e+07  3.19e+04   1.76e-04     5.18e+00   154.155s
1934000 +1.26438067e+07 +1.26756898e+07  3.19e+04   1.76e-04     5.18e+00   154.234s
1935000 +1.26438059e+07 +1.26756916e+07  3.19e+04   1.76e-04     5.19e+00   154.313s
1936000 +1.26438052e+07 +1.26756935e+07  3.19e+04   1.76e-04     5.19e+00   154.393s
1937000 +1.26438044e+07 +1.26756953e+07  3.19e+04   1.76e-04     5.19e+00   154.472s
1938000 +1.26438037e+07 +1.26756971e+07  3.19e+04   1.76e-04     5.20e+00   154.551s
1939000 +1.26438030e+07 +1.26756989e+07  3.19e+04   1.76e-04     5.20e+00   154.631s
1940000 +1.26438022e+07 +1.26757008e+07  3.19e+04   1.76e-04     5.21e+00   154.710s
1941000 +1.26438015e+07 +1.26757026e+07  3.19e+04   1.76e-04     5.21e+00   154.790s
1942000 +1.26438007e+07 +1.26757044e+07  3.19e+04   1.76e-04     5.21e+00   154.869s
1943000 +1.26438000e+07 +1.26757062e+07  3.19e+04   1.76e-04     5.22e+00   154.948s
1944000 +1.26437992e+07 +1.26757081e+07  3.19e+04   1.76e-04     5.22e+00   155.028s
1945000 +1.26437985e+07 +1.26757099e+07  3.19e+04   1.76e-04     5.23e+00   155.107s
1946000 +1.26437977e+07 +1.26757117e+07  3.19e+04   1.76e-04     5.23e+00   155.187s
1947000 +1.26437970e+07 +1.26757136e+07  3.19e+04   1.76e-04     5.23e+00   155.266s
1948000 +1.26437962e+07 +1.26757154e+07  3.19e+04   1.76e-04     5.24e+00   155.345s
1949000 +1.26437954e+07 +1.26757172e+07  3.19e+04   1.76e-04     5.24e+00   155.425s
1950000 +1.26437947e+07 +1.26757191e+07  3.19e+04   1.76e-04     5.25e+00   155.504s
1951000 +1.26437939e+07 +1.26757209e+07  3.19e+04   1.76e-04     5.25e+00   155.583s
1952000 +1.26437932e+07 +1.26757227e+07  3.19e+04   1.76e-04     5.25e+00   155.663s
1953000 +1.26437924e+07 +1.26757245e+07  3.19e+04   1.76e-04     5.26e+00   155.742s
1954000 +1.26437917e+07 +1.26757264e+07  3.19e+04   1.76e-04     5.26e+00   155.822s
1955000 +1.26437909e+07 +1.26757282e+07  3.19e+04   1.76e-04     5.26e+00   155.901s
1956000 +1.26437901e+07 +1.26757300e+07  3.19e+04   1.76e-04     5.27e+00   155.980s
1957000 +1.26437894e+07 +1.26757319e+07  3.19e+04   1.76e-04     5.27e+00   156.060s
1958000 +1.26437886e+07 +1.26757337e+07  3.19e+04   1.76e-04     5.27e+00   156.139s
1959000 +1.26437879e+07 +1.26757355e+07  3.19e+04   1.76e-04     5.28e+00   156.218s
1960000 +1.26437871e+07 +1.26757374e+07  3.20e+04   1.76e-04     5.28e+00   156.298s
1961000 +1.26437863e+07 +1.26757392e+07  3.20e+04   1.76e-04     5.28e+00   156.377s
1962000 +1.26437856e+07 +1.26757410e+07  3.20e+04   1.76e-04     5.29e+00   156.457s
1963000 +1.26437848e+07 +1.26757429e+07  3.20e+04   1.76e-04     5.29e+00   156.536s
1964000 +1.26437840e+07 +1.26757447e+07  3.20e+04   1.76e-04     5.29e+00   156.615s
1965000 +1.26437833e+07 +1.26757465e+07  3.20e+04   1.76e-04     5.30e+00   156.695s
1966000 +1.26437825e+07 +1.26757484e+07  3.20e+04   1.76e-04     5.30e+00   156.774s
1967000 +1.26437817e+07 +1.26757502e+07  3.20e+04   1.76e-04     5.30e+00   156.854s
1968000 +1.26437810e+07 +1.26757520e+07  3.20e+04   1.76e-04     5.30e+00   156.933s
1969000 +1.26437802e+07 +1.26757539e+07  3.20e+04   1.76e-04     5.31e+00   157.012s
1970000 +1.26437794e+07 +1.26757557e+07  3.20e+04   1.76e-04     5.31e+00   157.092s
1971000 +1.26437786e+07 +1.26757575e+07  3.20e+04   1.76e-04     5.31e+00   157.171s
1972000 +1.26437779e+07 +1.26757594e+07  3.20e+04   1.76e-04     5.32e+00   157.251s
1973000 +1.26437771e+07 +1.26757612e+07  3.20e+04   1.76e-04     5.32e+00   157.330s
1974000 +1.26437763e+07 +1.26757630e+07  3.20e+04   1.76e-04     5.32e+00   157.409s
1975000 +1.26437755e+07 +1.26757649e+07  3.20e+04   1.76e-04     5.32e+00   157.489s
1976000 +1.26437748e+07 +1.26757667e+07  3.20e+04   1.76e-04     5.33e+00   157.568s
1977000 +1.26437740e+07 +1.26757685e+07  3.20e+04   1.76e-04     5.33e+00   157.648s
1978000 +1.26437732e+07 +1.26757704e+07  3.20e+04   1.76e-04     5.33e+00   157.727s
1979000 +1.26437725e+07 +1.26757722e+07  3.20e+04   1.76e-04     5.33e+00   157.807s
1980000 +1.26437717e+07 +1.26757740e+07  3.20e+04   1.76e-04     5.34e+00   157.886s
1981000 +1.26437709e+07 +1.26757759e+07  3.20e+04   1.76e-04     5.34e+00   157.965s
1982000 +1.26437701e+07 +1.26757777e+07  3.20e+04   1.76e-04     5.34e+00   158.045s
1983000 +1.26437694e+07 +1.26757796e+07  3.20e+04   1.76e-04     5.34e+00   158.124s
1984000 +1.26437686e+07 +1.26757814e+07  3.20e+04   1.76e-04     5.35e+00   158.203s
1985000 +1.26437678e+07 +1.26757832e+07  3.20e+04   1.76e-04     5.35e+00   158.283s
1986000 +1.26437670e+07 +1.26757850e+07  3.20e+04   1.76e-04     5.35e+00   158.362s
1987000 +1.26437662e+07 +1.26757869e+07  3.20e+04   1.76e-04     5.35e+00   158.442s
1988000 +1.26437655e+07 +1.26757887e+07  3.20e+04   1.76e-04     5.36e+00   158.521s
1989000 +1.26437647e+07 +1.26757905e+07  3.20e+04   1.76e-04     5.36e+00   158.600s
1990000 +1.26437639e+07 +1.26757924e+07  3.20e+04   1.76e-04     5.36e+00   158.680s
1991000 +1.26437631e+07 +1.26757942e+07  3.20e+04   1.76e-04     5.36e+00   158.759s
1992000 +1.26437624e+07 +1.26757960e+07  3.20e+04   1.76e-04     5.36e+00   158.839s
1993000 +1.26437616e+07 +1.26757979e+07  3.20e+04   1.76e-04     5.37e+00   158.918s
1994000 +1.26437608e+07 +1.26757997e+07  3.20e+04   1.76e-04     5.37e+00   158.997s
1995000 +1.26437600e+07 +1.26758016e+07  3.20e+04   1.76e-04     5.37e+00   159.077s
1996000 +1.26437592e+07 +1.26758034e+07  3.20e+04   1.76e-04     5.37e+00   159.156s
1997000 +1.26437585e+07 +1.26758052e+07  3.20e+04   1.76e-04     5.37e+00   159.236s
1998000 +1.26437577e+07 +1.26758071e+07  3.20e+04   1.76e-04     5.38e+00   159.315s
1999000 +1.26437569e+07 +1.26758089e+07  3.21e+04   1.76e-04     5.38e+00   159.394s
2000000 +1.26437561e+07 +1.26758107e+07  3.21e+04   1.76e-04     5.38e+00   159.474s
2001000 +1.26437553e+07 +1.26758125e+07  3.21e+04   1.76e-04     5.38e+00   159.553s
2002000 +1.26437545e+07 +1.26758144e+07  3.21e+04   1.76e-04     5.38e+00   159.632s
2003000 +1.26437537e+07 +1.26758162e+07  3.21e+04   1.76e-04     5.38e+00   159.712s
2004000 +1.26437530e+07 +1.26758181e+07  3.21e+04   1.76e-04     5.39e+00   159.791s
2005000 +1.26437522e+07 +1.26758199e+07  3.21e+04   1.76e-04     5.39e+00   159.871s
2006000 +1.26437514e+07 +1.26758217e+07  3.21e+04   1.76e-04     5.39e+00   159.950s
2007000 +1.26437506e+07 +1.26758236e+07  3.21e+04   1.76e-04     5.39e+00   160.029s
2008000 +1.26437498e+07 +1.26758255e+07  3.21e+04   1.76e-04     5.39e+00   160.109s
2009000 +1.26437490e+07 +1.26758273e+07  3.21e+04   1.76e-04     5.39e+00   160.188s
2010000 +1.26437482e+07 +1.26758292e+07  3.21e+04   1.76e-04     5.39e+00   160.268s
2011000 +1.26437474e+07 +1.26758310e+07  3.21e+04   1.76e-04     5.40e+00   160.347s
2012000 +1.26437467e+07 +1.26758329e+07  3.21e+04   1.76e-04     5.40e+00   160.426s
2013000 +1.26437459e+07 +1.26758347e+07  3.21e+04   1.76e-04     5.40e+00   160.506s
2014000 +1.26437451e+07 +1.26758365e+07  3.21e+04   1.76e-04     5.40e+00   160.585s
2015000 +1.26437443e+07 +1.26758384e+07  3.21e+04   1.76e-04     5.40e+00   160.664s
2016000 +1.26437435e+07 +1.26758402e+07  3.21e+04   1.76e-04     5.40e+00   160.744s
2017000 +1.26437427e+07 +1.26758420e+07  3.21e+04   1.76e-04     5.40e+00   160.823s
2018000 +1.26437419e+07 +1.26758439e+07  3.21e+04   1.76e-04     5.40e+00   160.903s
2019000 +1.26437411e+07 +1.26758457e+07  3.21e+04   1.76e-04     5.40e+00   160.982s
2020000 +1.26437404e+07 +1.26758475e+07  3.21e+04   1.76e-04     5.40e+00   161.061s
2021000 +1.26437396e+07 +1.26758494e+07  3.21e+04   1.76e-04     5.41e+00   161.141s
2022000 +1.26437388e+07 +1.26758512e+07  3.21e+04   1.76e-04     5.41e+00   161.220s
2023000 +1.26437380e+07 +1.26758531e+07  3.21e+04   1.76e-04     5.41e+00   161.299s
2024000 +1.26437372e+07 +1.26758549e+07  3.21e+04   1.76e-04     5.41e+00   161.379s
2025000 +1.26437364e+07 +1.26758567e+07  3.21e+04   1.76e-04     5.41e+00   161.458s
2026000 +1.26437356e+07 +1.26758586e+07  3.21e+04   1.76e-04     5.41e+00   161.538s
2027000 +1.26437348e+07 +1.26758604e+07  3.21e+04   1.76e-04     5.41e+00   161.617s
2028000 +1.26437340e+07 +1.26758623e+07  3.21e+04   1.76e-04     5.41e+00   161.696s
2029000 +1.26437333e+07 +1.26758641e+07  3.21e+04   1.76e-04     5.41e+00   161.776s
2030000 +1.26437325e+07 +1.26758660e+07  3.21e+04   1.76e-04     5.41e+00   161.855s
2031000 +1.26437317e+07 +1.26758678e+07  3.21e+04   1.76e-04     5.41e+00   161.934s
2032000 +1.26437309e+07 +1.26758696e+07  3.21e+04   1.76e-04     5.41e+00   162.014s
2033000 +1.26437301e+07 +1.26758715e+07  3.21e+04   1.76e-04     5.41e+00   162.093s
2034000 +1.26437293e+07 +1.26758733e+07  3.21e+04   1.76e-04     5.41e+00   162.173s
2035000 +1.26437285e+07 +1.26758751e+07  3.21e+04   1.76e-04     5.41e+00   162.252s
2036000 +1.26437277e+07 +1.26758769e+07  3.21e+04   1.76e-04     5.41e+00   162.332s
2037000 +1.26437270e+07 +1.26758788e+07  3.22e+04   1.76e-04     5.41e+00   162.411s
2038000 +1.26437262e+07 +1.26758806e+07  3.22e+04   1.76e-04     5.41e+00   162.490s
2039000 +1.26437254e+07 +1.26758825e+07  3.22e+04   1.76e-04     5.41e+00   162.570s
2040000 +1.26437246e+07 +1.26758843e+07  3.22e+04   1.76e-04     5.41e+00   162.649s
2041000 +1.26437238e+07 +1.26758861e+07  3.22e+04   1.76e-04     5.41e+00   162.728s
2042000 +1.26437230e+07 +1.26758880e+07  3.22e+04   1.76e-04     5.41e+00   162.808s
2043000 +1.26437222e+07 +1.26758898e+07  3.22e+04   1.76e-04     5.40e+00   162.887s
2044000 +1.26437215e+07 +1.26758917e+07  3.22e+04   1.76e-04     5.40e+00   162.967s
2045000 +1.26437207e+07 +1.26758935e+07  3.22e+04   1.76e-04     5.40e+00   163.046s
2046000 +1.26437199e+07 +1.26758954e+07  3.22e+04   1.76e-04     5.40e+00   163.125s
2047000 +1.26437191e+07 +1.26758972e+07  3.22e+04   1.76e-04     5.40e+00   163.205s
2048000 +1.26437183e+07 +1.26758990e+07  3.22e+04   1.76e-04     5.40e+00   163.284s
2049000 +1.26437176e+07 +1.26759008e+07  3.22e+04   1.76e-04     5.39e+00   163.364s
2050000 +1.26437168e+07 +1.26759027e+07  3.22e+04   1.76e-04     5.39e+00   163.443s
2051000 +1.26437160e+07 +1.26759045e+07  3.22e+04   1.76e-04     5.39e+00   163.522s
2052000 +1.26437152e+07 +1.26759063e+07  3.22e+04   1.76e-04     5.39e+00   163.602s
2053000 +1.26437144e+07 +1.26759082e+07  3.22e+04   1.76e-04     5.39e+00   163.681s
2054000 +1.26437137e+07 +1.26759100e+07  3.22e+04   1.76e-04     5.39e+00   163.761s
2055000 +1.26437129e+07 +1.26759119e+07  3.22e+04   1.76e-04     5.39e+00   163.840s
2056000 +1.26437121e+07 +1.26759137e+07  3.22e+04   1.76e-04     5.39e+00   163.919s
2057000 +1.26437114e+07 +1.26759156e+07  3.22e+04   1.76e-04     5.39e+00   163.999s
2058000 +1.26437106e+07 +1.26759174e+07  3.22e+04   1.76e-04     5.39e+00   164.078s
2059000 +1.26437098e+07 +1.26759192e+07  3.22e+04   1.76e-04     5.38e+00   164.157s
2060000 +1.26437090e+07 +1.26759211e+07  3.22e+04   1.76e-04     5.38e+00   164.237s
2061000 +1.26437082e+07 +1.26759229e+07  3.22e+04   1.76e-04     5.38e+00   164.316s
2062000 +1.26437075e+07 +1.26759247e+07  3.22e+04   1.76e-04     5.38e+00   164.396s
2063000 +1.26437067e+07 +1.26759266e+07  3.22e+04   1.76e-04     5.38e+00   164.475s
2064000 +1.26437059e+07 +1.26759284e+07  3.22e+04   1.76e-04     5.38e+00   164.554s
2065000 +1.26437051e+07 +1.26759303e+07  3.22e+04   1.76e-04     5.38e+00   164.634s
2066000 +1.26437044e+07 +1.26759321e+07  3.22e+04   1.76e-04     5.37e+00   164.713s
2067000 +1.26437036e+07 +1.26759340e+07  3.22e+04   1.76e-04     5.37e+00   164.793s
2068000 +1.26437028e+07 +1.26759358e+07  3.22e+04   1.76e-04     5.37e+00   164.872s
2069000 +1.26437020e+07 +1.26759376e+07  3.22e+04   1.76e-04     5.37e+00   164.951s
2070000 +1.26437013e+07 +1.26759394e+07  3.22e+04   1.76e-04     5.37e+00   165.031s
2071000 +1.26437005e+07 +1.26759413e+07  3.22e+04   1.76e-04     5.37e+00   165.110s
2072000 +1.26436997e+07 +1.26759431e+07  3.22e+04   1.76e-04     5.37e+00   165.190s
2073000 +1.26436990e+07 +1.26759450e+07  3.22e+04   1.76e-04     5.36e+00   165.269s
2074000 +1.26436982e+07 +1.26759468e+07  3.22e+04   1.76e-04     5.36e+00   165.348s
2075000 +1.26436974e+07 +1.26759487e+07  3.23e+04   1.76e-04     5.36e+00   165.428s
2076000 +1.26436967e+07 +1.26759505e+07  3.23e+04   1.76e-04     5.36e+00   165.507s
2077000 +1.26436959e+07 +1.26759524e+07  3.23e+04   1.76e-04     5.36e+00   165.587s
2078000 +1.26436951e+07 +1.26759542e+07  3.23e+04   1.76e-04     5.35e+00   165.666s
2079000 +1.26436944e+07 +1.26759560e+07  3.23e+04   1.76e-04     5.35e+00   165.745s
2080000 +1.26436936e+07 +1.26759579e+07  3.23e+04   1.76e-04     5.35e+00   165.825s
2081000 +1.26436929e+07 +1.26759597e+07  3.23e+04   1.76e-04     5.35e+00   165.904s
2082000 +1.26436921e+07 +1.26759615e+07  3.23e+04   1.76e-04     5.35e+00   165.984s
2083000 +1.26436913e+07 +1.26759634e+07  3.23e+04   1.76e-04     5.34e+00   166.063s
2084000 +1.26436906e+07 +1.26759652e+07  3.23e+04   1.76e-04     5.34e+00   166.142s
2085000 +1.26436898e+07 +1.26759671e+07  3.23e+04   1.76e-04     5.34e+00   166.222s
2086000 +1.26436891e+07 +1.26759689e+07  3.23e+04   1.76e-04     5.34e+00   166.301s
2087000 +1.26436883e+07 +1.26759708e+07  3.23e+04   1.76e-04     5.33e+00   166.381s
2088000 +1.26436876e+07 +1.26759726e+07  3.23e+04   1.76e-04     5.33e+00   166.460s
2089000 +1.26436868e+07 +1.26759744e+07  3.23e+04   1.76e-04     5.33e+00   166.539s
2090000 +1.26436860e+07 +1.26759763e+07  3.23e+04   1.76e-04     5.33e+00   166.619s
2091000 +1.26436853e+07 +1.26759781e+07  3.23e+04   1.76e-04     5.33e+00   166.698s
2092000 +1.26436845e+07 +1.26759800e+07  3.23e+04   1.76e-04     5.32e+00   166.777s
2093000 +1.26436838e+07 +1.26759818e+07  3.23e+04   1.76e-04     5.32e+00   166.857s
2094000 +1.26436830e+07 +1.26759836e+07  3.23e+04   1.76e-04     5.32e+00   166.938s
2095000 +1.26436823e+07 +1.26759855e+07  3.23e+04   1.76e-04     5.32e+00   167.017s
2096000 +1.26436816e+07 +1.26759873e+07  3.23e+04   1.76e-04     5.31e+00   167.096s
2097000 +1.26436808e+07 +1.26759891e+07  3.23e+04   1.76e-04     5.31e+00   167.176s
2098000 +1.26436801e+07 +1.26759910e+07  3.23e+04   1.76e-04     5.30e+00   167.255s
2099000 +1.26436793e+07 +1.26759929e+07  3.23e+04   1.76e-04     5.30e+00   167.335s
2100000 +1.26436786e+07 +1.26759947e+07  3.23e+04   1.76e-04     5.30e+00   167.414s
2101000 +1.26436779e+07 +1.26759966e+07  3.23e+04   1.76e-04     5.30e+00   167.493s
2102000 +1.26436771e+07 +1.26759984e+07  3.23e+04   1.76e-04     5.29e+00   167.573s
2103000 +1.26436764e+07 +1.26760003e+07  3.23e+04   1.76e-04     5.29e+00   167.652s
2104000 +1.26436757e+07 +1.26760021e+07  3.23e+04   1.76e-04     5.29e+00   167.732s
2105000 +1.26436750e+07 +1.26760039e+07  3.23e+04   1.76e-04     5.28e+00   167.811s
2106000 +1.26436742e+07 +1.26760058e+07  3.23e+04   1.76e-04     5.28e+00   167.890s
2107000 +1.26436735e+07 +1.26760076e+07  3.23e+04   1.76e-04     5.28e+00   167.970s
2108000 +1.26436728e+07 +1.26760095e+07  3.23e+04   1.76e-04     5.27e+00   168.049s
2109000 +1.26436721e+07 +1.26760113e+07  3.23e+04   1.76e-04     5.27e+00   168.128s
2110000 +1.26436713e+07 +1.26760132e+07  3.23e+04   1.76e-04     5.27e+00   168.208s
2111000 +1.26436706e+07 +1.26760150e+07  3.23e+04   1.76e-04     5.26e+00   168.287s
2112000 +1.26436699e+07 +1.26760169e+07  3.23e+04   1.76e-04     5.26e+00   168.367s
2113000 +1.26436692e+07 +1.26760187e+07  3.23e+04   1.76e-04     5.26e+00   168.446s
2114000 +1.26436685e+07 +1.26760206e+07  3.24e+04   1.76e-04     5.25e+00   168.525s
2115000 +1.26436678e+07 +1.26760224e+07  3.24e+04   1.76e-04     5.25e+00   168.605s
2116000 +1.26436670e+07 +1.26760242e+07  3.24e+04   1.76e-04     5.25e+00   168.684s
2117000 +1.26436663e+07 +1.26760261e+07  3.24e+04   1.76e-04     5.24e+00   168.764s
2118000 +1.26436656e+07 +1.26760279e+07  3.24e+04   1.76e-04     5.24e+00   168.843s
2119000 +1.26436649e+07 +1.26760297e+07  3.24e+04   1.76e-04     5.24e+00   168.922s
2120000 +1.26436642e+07 +1.26760316e+07  3.24e+04   1.76e-04     5.23e+00   169.002s
2121000 +1.26436635e+07 +1.26760334e+07  3.24e+04   1.76e-04     5.23e+00   169.081s
2122000 +1.26436628e+07 +1.26760353e+07  3.24e+04   1.76e-04     5.23e+00   169.161s
2123000 +1.26436621e+07 +1.26760372e+07  3.24e+04   1.76e-04     5.22e+00   169.240s
2124000 +1.26436614e+07 +1.26760390e+07  3.24e+04   1.76e-04     5.22e+00   169.319s
2125000 +1.26436607e+07 +1.26760409e+07  3.24e+04   1.76e-04     5.22e+00   169.399s
2126000 +1.26436600e+07 +1.26760427e+07  3.24e+04   1.76e-04     5.21e+00   169.478s
2127000 +1.26436593e+07 +1.26760445e+07  3.24e+04   1.76e-04     5.21e+00   169.558s
2128000 +1.26436586e+07 +1.26760464e+07  3.24e+04   1.76e-04     5.20e+00   169.637s
2129000 +1.26436579e+07 +1.26760482e+07  3.24e+04   1.76e-04     5.20e+00   169.716s
2130000 +1.26436573e+07 +1.26760501e+07  3.24e+04   1.76e-04     5.20e+00   169.796s
2131000 +1.26436566e+07 +1.26760519e+07  3.24e+04   1.76e-04     5.19e+00   169.875s
2132000 +1.26436559e+07 +1.26760538e+07  3.24e+04   1.76e-04     5.19e+00   169.954s
2133000 +1.26436552e+07 +1.26760556e+07  3.24e+04   1.76e-04     5.19e+00   170.034s
2134000 +1.26436545e+07 +1.26760575e+07  3.24e+04   1.76e-04     5.18e+00   170.113s
2135000 +1.26436538e+07 +1.26760593e+07  3.24e+04   1.76e-04     5.17e+00   170.193s
2136000 +1.26436532e+07 +1.26760612e+07  3.24e+04   1.76e-04     5.17e+00   170.272s
2137000 +1.26436525e+07 +1.26760630e+07  3.24e+04   1.76e-04     5.16e+00   170.351s
2138000 +1.26436518e+07 +1.26760649e+07  3.24e+04   1.76e-04     5.16e+00   170.431s
2139000 +1.26436511e+07 +1.26760667e+07  3.24e+04   1.76e-04     5.16e+00   170.510s
2140000 +1.26436505e+07 +1.26760685e+07  3.24e+04   1.76e-04     5.15e+00   170.590s
2141000 +1.26436498e+07 +1.26760704e+07  3.24e+04   1.76e-04     5.15e+00   170.669s
2142000 +1.26436491e+07 +1.26760722e+07  3.24e+04   1.76e-04     5.14e+00   170.748s
2143000 +1.26436485e+07 +1.26760741e+07  3.24e+04   1.76e-04     5.14e+00   170.828s
2144000 +1.26436478e+07 +1.26760759e+07  3.24e+04   1.76e-04     5.13e+00   170.907s
2145000 +1.26436472e+07 +1.26760778e+07  3.24e+04   1.76e-04     5.13e+00   170.987s
2146000 +1.26436465e+07 +1.26760797e+07  3.24e+04   1.76e-04     5.13e+00   171.066s
2147000 +1.26436458e+07 +1.26760815e+07  3.24e+04   1.76e-04     5.12e+00   171.145s
2148000 +1.26436452e+07 +1.26760833e+07  3.24e+04   1.76e-04     5.12e+00   171.225s
2149000 +1.26436445e+07 +1.26760852e+07  3.24e+04   1.76e-04     5.11e+00   171.304s
2150000 +1.26436439e+07 +1.26760870e+07  3.24e+04   1.76e-04     5.11e+00   171.384s
2151000 +1.26436433e+07 +1.26760889e+07  3.24e+04   1.76e-04     5.10e+00   171.463s
2152000 +1.26436426e+07 +1.26760907e+07  3.24e+04   1.76e-04     5.10e+00   171.542s
2153000 +1.26436420e+07 +1.26760926e+07  3.25e+04   1.76e-04     5.09e+00   171.622s
2154000 +1.26436413e+07 +1.26760944e+07  3.25e+04   1.76e-04     5.09e+00   171.701s
2155000 +1.26436407e+07 +1.26760963e+07  3.25e+04   1.76e-04     5.08e+00   171.781s
2156000 +1.26436401e+07 +1.26760981e+07  3.25e+04   1.76e-04     5.08e+00   171.860s
2157000 +1.26436394e+07 +1.26761000e+07  3.25e+04   1.76e-04     5.07e+00   171.939s
2158000 +1.26436388e+07 +1.26761018e+07  3.25e+04   1.76e-04     5.07e+00   172.019s
2159000 +1.26436382e+07 +1.26761037e+07  3.25e+04   1.76e-04     5.06e+00   172.098s
2160000 +1.26436375e+07 +1.26761055e+07  3.25e+04   1.76e-04     5.06e+00   172.177s
2161000 +1.26436369e+07 +1.26761074e+07  3.25e+04   1.76e-04     5.05e+00   172.257s
2162000 +1.26436363e+07 +1.26761092e+07  3.25e+04   1.76e-04     5.05e+00   172.336s
2163000 +1.26436357e+07 +1.26761111e+07  3.25e+04   1.76e-04     5.04e+00   172.416s
2164000 +1.26436351e+07 +1.26761129e+07  3.25e+04   1.76e-04     5.04e+00   172.495s
2165000 +1.26436345e+07 +1.26761148e+07  3.25e+04   1.76e-04     5.03e+00   172.574s
2166000 +1.26436338e+07 +1.26761166e+07  3.25e+04   1.76e-04     5.03e+00   172.654s
2167000 +1.26436332e+07 +1.26761185e+07  3.25e+04   1.76e-04     5.02e+00   172.733s
2168000 +1.26436326e+07 +1.26761203e+07  3.25e+04   1.76e-04     5.02e+00   172.812s
2169000 +1.26436320e+07 +1.26761222e+07  3.25e+04   1.76e-04     5.01e+00   172.892s
2170000 +1.26436314e+07 +1.26761240e+07  3.25e+04   1.76e-04     5.01e+00   172.971s
2171000 +1.26436308e+07 +1.26761259e+07  3.25e+04   1.76e-04     5.00e+00   173.051s
2172000 +1.26436302e+07 +1.26761277e+07  3.25e+04   1.76e-04     5.00e+00   173.130s
2173000 +1.26436297e+07 +1.26761296e+07  3.25e+04   1.76e-04     4.99e+00   173.209s
2174000 +1.26436291e+07 +1.26761314e+07  3.25e+04   1.76e-04     4.98e+00   173.289s
2175000 +1.26436285e+07 +1.26761333e+07  3.25e+04   1.76e-04     4.98e+00   173.368s
2176000 +1.26436279e+07 +1.26761351e+07  3.25e+04   1.76e-04     4.97e+00   173.448s
2177000 +1.26436273e+07 +1.26761370e+07  3.25e+04   1.76e-04     4.97e+00   173.527s
2178000 +1.26436268e+07 +1.26761388e+07  3.25e+04   1.76e-04     4.96e+00   173.607s
2179000 +1.26436262e+07 +1.26761407e+07  3.25e+04   1.76e-04     4.96e+00   173.686s
2180000 +1.26436256e+07 +1.26761425e+07  3.25e+04   1.76e-04     4.95e+00   173.765s
2181000 +1.26436251e+07 +1.26761444e+07  3.25e+04   1.76e-04     4.95e+00   173.845s
2182000 +1.26436245e+07 +1.26761462e+07  3.25e+04   1.76e-04     4.94e+00   173.924s
2183000 +1.26436239e+07 +1.26761481e+07  3.25e+04   1.76e-04     4.93e+00   174.003s
2184000 +1.26436234e+07 +1.26761499e+07  3.25e+04   1.76e-04     4.93e+00   174.083s
2185000 +1.26436228e+07 +1.26761518e+07  3.25e+04   1.76e-04     4.92e+00   174.162s
2186000 +1.26436223e+07 +1.26761536e+07  3.25e+04   1.76e-04     4.92e+00   174.242s
2187000 +1.26436217e+07 +1.26761555e+07  3.25e+04   1.76e-04     4.91e+00   174.321s
2188000 +1.26436212e+07 +1.26761573e+07  3.25e+04   1.76e-04     4.91e+00   174.400s
2189000 +1.26436206e+07 +1.26761592e+07  3.25e+04   1.76e-04     4.90e+00   174.480s
2190000 +1.26436201e+07 +1.26761610e+07  3.25e+04   1.76e-04     4.90e+00   174.559s
2191000 +1.26436196e+07 +1.26761629e+07  3.25e+04   1.76e-04     4.89e+00   174.639s
2192000 +1.26436190e+07 +1.26761647e+07  3.25e+04   1.76e-04     4.89e+00   174.718s
2193000 +1.26436185e+07 +1.26761666e+07  3.25e+04   1.76e-04     4.88e+00   174.797s
2194000 +1.26436179e+07 +1.26761684e+07  3.26e+04   1.76e-04     4.87e+00   174.877s
2195000 +1.26436174e+07 +1.26761703e+07  3.26e+04   1.76e-04     4.87e+00   174.956s
2196000 +1.26436169e+07 +1.26761721e+07  3.26e+04   1.76e-04     4.86e+00   175.035s
2197000 +1.26436163e+07 +1.26761740e+07  3.26e+04   1.76e-04     4.86e+00   175.115s
2198000 +1.26436158e+07 +1.26761759e+07  3.26e+04   1.76e-04     4.85e+00   175.194s
2199000 +1.26436153e+07 +1.26761777e+07  3.26e+04   1.76e-04     4.85e+00   175.274s
2200000 +1.26436148e+07 +1.26761796e+07  3.26e+04   1.76e-04     4.84e+00   175.354s
2201000 +1.26436143e+07 +1.26761814e+07  3.26e+04   1.76e-04     4.84e+00   175.433s
2202000 +1.26436138e+07 +1.26761833e+07  3.26e+04   1.76e-04     4.83e+00   175.512s
2203000 +1.26436133e+07 +1.26761851e+07  3.26e+04   1.76e-04     4.82e+00   175.592s
2204000 +1.26436128e+07 +1.26761870e+07  3.26e+04   1.76e-04     4.82e+00   175.671s
2205000 +1.26436123e+07 +1.26761888e+07  3.26e+04   1.76e-04     4.81e+00   175.751s
2206000 +1.26436118e+07 +1.26761907e+07  3.26e+04   1.76e-04     4.81e+00   175.830s
2207000 +1.26436113e+07 +1.26761925e+07  3.26e+04   1.76e-04     4.80e+00   175.909s
2208000 +1.26436108e+07 +1.26761944e+07  3.26e+04   1.76e-04     4.79e+00   175.989s
2209000 +1.26436103e+07 +1.26761962e+07  3.26e+04   1.76e-04     4.78e+00   176.068s
2210000 +1.26436098e+07 +1.26761981e+07  3.26e+04   1.76e-04     4.78e+00   176.148s
2211000 +1.26436094e+07 +1.26762000e+07  3.26e+04   1.76e-04     4.77e+00   176.227s
2212000 +1.26436089e+07 +1.26762018e+07  3.26e+04   1.76e-04     4.77e+00   176.306s
2213000 +1.26436084e+07 +1.26762037e+07  3.26e+04   1.76e-04     4.76e+00   176.386s
2214000 +1.26436079e+07 +1.26762055e+07  3.26e+04   1.76e-04     4.76e+00   176.465s
2215000 +1.26436075e+07 +1.26762073e+07  3.26e+04   1.76e-04     4.75e+00   176.544s
2216000 +1.26436070e+07 +1.26762092e+07  3.26e+04   1.76e-04     4.74e+00   176.624s
2217000 +1.26436066e+07 +1.26762110e+07  3.26e+04   1.76e-04     4.74e+00   176.703s
2218000 +1.26436061e+07 +1.26762129e+07  3.26e+04   1.76e-04     4.73e+00   176.783s
2219000 +1.26436056e+07 +1.26762148e+07  3.26e+04   1.76e-04     4.73e+00   176.862s
2220000 +1.26436052e+07 +1.26762166e+07  3.26e+04   1.76e-04     4.72e+00   176.941s
2221000 +1.26436047e+07 +1.26762184e+07  3.26e+04   1.76e-04     4.71e+00   177.021s
2222000 +1.26436043e+07 +1.26762203e+07  3.26e+04   1.76e-04     4.71e+00   177.100s
2223000 +1.26436038e+07 +1.26762221e+07  3.26e+04   1.76e-04     4.70e+00   177.180s
2224000 +1.26436034e+07 +1.26762240e+07  3.26e+04   1.76e-04     4.70e+00   177.259s
2225000 +1.26436030e+07 +1.26762259e+07  3.26e+04   1.76e-04     4.69e+00   177.339s
2226000 +1.26436025e+07 +1.26762277e+07  3.26e+04   1.76e-04     4.68e+00   177.418s
2227000 +1.26436021e+07 +1.26762296e+07  3.26e+04   1.76e-04     4.67e+00   177.497s
2228000 +1.26436017e+07 +1.26762314e+07  3.26e+04   1.76e-04     4.67e+00   177.577s
2229000 +1.26436013e+07 +1.26762333e+07  3.26e+04   1.76e-04     4.66e+00   177.656s
2230000 +1.26436008e+07 +1.26762351e+07  3.26e+04   1.76e-04     4.65e+00   177.736s
2231000 +1.26436004e+07 +1.26762370e+07  3.26e+04   1.76e-04     4.65e+00   177.815s
2232000 +1.26436000e+07 +1.26762388e+07  3.26e+04   1.76e-04     4.64e+00   177.894s
2233000 +1.26435996e+07 +1.26762407e+07  3.26e+04   1.76e-04     4.64e+00   177.974s
2234000 +1.26435992e+07 +1.26762426e+07  3.26e+04   1.76e-04     4.63e+00   178.053s
2235000 +1.26435988e+07 +1.26762444e+07  3.26e+04   1.76e-04     4.62e+00   178.133s
2236000 +1.26435984e+07 +1.26762462e+07  3.26e+04   1.76e-04     4.62e+00   178.212s
2237000 +1.26435980e+07 +1.26762481e+07  3.27e+04   1.76e-04     4.61e+00   178.291s
2238000 +1.26435976e+07 +1.26762500e+07  3.27e+04   1.76e-04     4.61e+00   178.371s
2239000 +1.26435972e+07 +1.26762518e+07  3.27e+04   1.76e-04     4.60e+00   178.450s
2240000 +1.26435968e+07 +1.26762536e+07  3.27e+04   1.76e-04     4.60e+00   178.529s
2241000 +1.26435964e+07 +1.26762555e+07  3.27e+04   1.76e-04     4.59e+00   178.609s
2242000 +1.26435960e+07 +1.26762573e+07  3.27e+04   1.76e-04     4.58e+00   178.688s
2243000 +1.26435956e+07 +1.26762592e+07  3.27e+04   1.76e-04     4.58e+00   178.767s
2244000 +1.26435952e+07 +1.26762611e+07  3.27e+04   1.76e-04     4.57e+00   178.847s
2245000 +1.26435949e+07 +1.26762629e+07  3.27e+04   1.76e-04     4.57e+00   178.926s
2246000 +1.26435945e+07 +1.26762648e+07  3.27e+04   1.76e-04     4.56e+00   179.006s
2247000 +1.26435941e+07 +1.26762666e+07  3.27e+04   1.76e-04     4.55e+00   179.085s
2248000 +1.26435938e+07 +1.26762685e+07  3.27e+04   1.76e-04     4.55e+00   179.164s
2249000 +1.26435934e+07 +1.26762704e+07  3.27e+04   1.76e-04     4.54e+00   179.244s
2250000 +1.26435930e+07 +1.26762722e+07  3.27e+04   1.76e-04     4.54e+00   179.323s
2251000 +1.26435927e+07 +1.26762740e+07  3.27e+04   1.76e-04     4.53e+00   179.403s
2252000 +1.26435923e+07 +1.26762759e+07  3.27e+04   1.76e-04     4.52e+00   179.482s
2253000 +1.26435920e+07 +1.26762777e+07  3.27e+04   1.76e-04     4.51e+00   179.561s
2254000 +1.26435916e+07 +1.26762796e+07  3.27e+04   1.76e-04     4.51e+00   179.641s
2255000 +1.26435913e+07 +1.26762815e+07  3.27e+04   1.76e-04     4.50e+00   179.720s
2256000 +1.26435909e+07 +1.26762833e+07  3.27e+04   1.76e-04     4.50e+00   179.801s
2257000 +1.26435906e+07 +1.26762852e+07  3.27e+04   1.76e-04     4.49e+00   179.881s
2258000 +1.26435903e+07 +1.26762870e+07  3.27e+04   1.76e-04     4.48e+00   179.960s
2259000 +1.26435899e+07 +1.26762889e+07  3.27e+04   1.76e-04     4.48e+00   180.039s
2260000 +1.26435896e+07 +1.26762907e+07  3.27e+04   1.76e-04     4.47e+00   180.119s
2261000 +1.26435893e+07 +1.26762926e+07  3.27e+04   1.76e-04     4.47e+00   180.198s
2262000 +1.26435890e+07 +1.26762945e+07  3.27e+04   1.76e-04     4.46e+00   180.278s
2263000 +1.26435886e+07 +1.26762963e+07  3.27e+04   1.76e-04     4.45e+00   180.357s
2264000 +1.26435883e+07 +1.26762981e+07  3.27e+04   1.76e-04     4.45e+00   180.436s
2265000 +1.26435880e+07 +1.26763000e+07  3.27e+04   1.76e-04     4.44e+00   180.516s
2266000 +1.26435877e+07 +1.26763018e+07  3.27e+04   1.76e-04     4.44e+00   180.595s
2267000 +1.26435874e+07 +1.26763036e+07  3.27e+04   1.76e-04     4.43e+00   180.675s
2268000 +1.26435871e+07 +1.26763055e+07  3.27e+04   1.76e-04     4.43e+00   180.754s
2269000 +1.26435868e+07 +1.26763074e+07  3.27e+04   1.76e-04     4.42e+00   180.833s
2270000 +1.26435865e+07 +1.26763093e+07  3.27e+04   1.76e-04     4.41e+00   180.913s
2271000 +1.26435862e+07 +1.26763111e+07  3.27e+04   1.76e-04     4.41e+00   180.992s
2272000 +1.26435859e+07 +1.26763130e+07  3.27e+04   1.76e-04     4.40e+00   181.071s
2273000 +1.26435856e+07 +1.26763148e+07  3.27e+04   1.76e-04     4.40e+00   181.151s
2274000 +1.26435853e+07 +1.26763167e+07  3.27e+04   1.76e-04     4.39e+00   181.230s
2275000 +1.26435850e+07 +1.26763185e+07  3.27e+04   1.76e-04     4.38e+00   181.310s
2276000 +1.26435847e+07 +1.26763204e+07  3.27e+04   1.76e-04     4.38e+00   181.389s
2277000 +1.26435844e+07 +1.26763223e+07  3.27e+04   1.76e-04     4.37e+00   181.468s
2278000 +1.26435842e+07 +1.26763241e+07  3.27e+04   1.76e-04     4.37e+00   181.548s
2279000 +1.26435839e+07 +1.26763259e+07  3.27e+04   1.76e-04     4.36e+00   181.627s
2280000 +1.26435836e+07 +1.26763278e+07  3.27e+04   1.76e-04     4.36e+00   181.706s
2281000 +1.26435834e+07 +1.26763296e+07  3.27e+04   1.76e-04     4.35e+00   181.786s
2282000 +1.26435831e+07 +1.26763315e+07  3.27e+04   1.76e-04     4.34e+00   181.865s
2283000 +1.26435828e+07 +1.26763333e+07  3.28e+04   1.76e-04     4.34e+00   181.945s
2284000 +1.26435826e+07 +1.26763352e+07  3.28e+04   1.76e-04     4.33e+00   182.024s
2285000 +1.26435823e+07 +1.26763371e+07  3.28e+04   1.76e-04     4.33e+00   182.103s
2286000 +1.26435821e+07 +1.26763389e+07  3.28e+04   1.76e-04     4.32e+00   182.183s
2287000 +1.26435818e+07 +1.26763408e+07  3.28e+04   1.76e-04     4.32e+00   182.262s
2288000 +1.26435816e+07 +1.26763426e+07  3.28e+04   1.76e-04     4.31e+00   182.341s
2289000 +1.26435813e+07 +1.26763444e+07  3.28e+04   1.76e-04     4.31e+00   182.421s
2290000 +1.26435811e+07 +1.26763463e+07  3.28e+04   1.76e-04     4.30e+00   182.500s
2291000 +1.26435808e+07 +1.26763482e+07  3.28e+04   1.76e-04     4.29e+00   182.580s
2292000 +1.26435806e+07 +1.26763500e+07  3.28e+04   1.76e-04     4.29e+00   182.659s
2293000 +1.26435804e+07 +1.26763519e+07  3.28e+04   1.76e-04     4.28e+00   182.738s
2294000 +1.26435801e+07 +1.26763537e+07  3.28e+04   1.76e-04     4.28e+00   182.818s
2295000 +1.26435799e+07 +1.26763556e+07  3.28e+04   1.76e-04     4.27e+00   182.897s
2296000 +1.26435797e+07 +1.26763574e+07  3.28e+04   1.76e-04     4.27e+00   182.977s
2297000 +1.26435795e+07 +1.26763593e+07  3.28e+04   1.76e-04     4.26e+00   183.056s
2298000 +1.26435792e+07 +1.26763611e+07  3.28e+04   1.76e-04     4.26e+00   183.135s
2299000 +1.26435790e+07 +1.26763630e+07  3.28e+04   1.76e-04     4.25e+00   183.215s
2300000 +1.26435788e+07 +1.26763649e+07  3.28e+04   1.76e-04     4.24e+00   183.294s
2301000 +1.26435786e+07 +1.26763667e+07  3.28e+04   1.76e-04     4.24e+00   183.373s
2302000 +1.26435784e+07 +1.26763686e+07  3.28e+04   1.76e-04     4.23e+00   183.453s
2303000 +1.26435782e+07 +1.26763704e+07  3.28e+04   1.76e-04     4.23e+00   183.532s
2304000 +1.26435780e+07 +1.26763723e+07  3.28e+04   1.76e-04     4.22e+00   183.612s
2305000 +1.26435778e+07 +1.26763741e+07  3.28e+04   1.76e-04     4.22e+00   183.691s
2306000 +1.26435776e+07 +1.26763760e+07  3.28e+04   1.76e-04     4.21e+00   183.770s
2307000 +1.26435774e+07 +1.26763779e+07  3.28e+04   1.76e-04     4.21e+00   183.850s
2308000 +1.26435772e+07 +1.26763797e+07  3.28e+04   1.76e-04     4.20e+00   183.929s
2309000 +1.26435771e+07 +1.26763816e+07  3.28e+04   1.76e-04     4.20e+00   184.008s
2310000 +1.26435769e+07 +1.26763834e+07  3.28e+04   1.76e-04     4.19e+00   184.088s
2311000 +1.26435767e+07 +1.26763852e+07  3.28e+04   1.76e-04     4.19e+00   184.167s
2312000 +1.26435765e+07 +1.26763871e+07  3.28e+04   1.76e-04     4.18e+00   184.247s
2313000 +1.26435763e+07 +1.26763890e+07  3.28e+04   1.76e-04     4.18e+00   184.326s
2314000 +1.26435762e+07 +1.26763908e+07  3.28e+04   1.76e-04     4.17e+00   184.405s
2315000 +1.26435760e+07 +1.26763926e+07  3.28e+04   1.76e-04     4.17e+00   184.485s
2316000 +1.26435758e+07 +1.26763945e+07  3.28e+04   1.76e-04     4.16e+00   184.564s
2317000 +1.26435757e+07 +1.26763963e+07  3.28e+04   1.76e-04     4.16e+00   184.644s
2318000 +1.26435755e+07 +1.26763982e+07  3.28e+04   1.76e-04     4.15e+00   184.723s
2319000 +1.26435753e+07 +1.26764001e+07  3.28e+04   1.76e-04     4.15e+00   184.802s
2320000 +1.26435752e+07 +1.26764019e+07  3.28e+04   1.76e-04     4.14e+00   184.882s
2321000 +1.26435750e+07 +1.26764038e+07  3.28e+04   1.76e-04     4.13e+00   184.961s
2322000 +1.26435749e+07 +1.26764056e+07  3.28e+04   1.76e-04     4.13e+00   185.041s
2323000 +1.26435747e+07 +1.26764075e+07  3.28e+04   1.76e-04     4.12e+00   185.120s
2324000 +1.26435746e+07 +1.26764094e+07  3.28e+04   1.76e-04     4.12e+00   185.199s
2325000 +1.26435744e+07 +1.26764112e+07  3.28e+04   1.76e-04     4.12e+00   185.279s
2326000 +1.26435743e+07 +1.26764131e+07  3.28e+04   1.76e-04     4.11e+00   185.358s
2327000 +1.26435742e+07 +1.26764149e+07  3.28e+04   1.76e-04     4.10e+00   185.438s
2328000 +1.26435740e+07 +1.26764168e+07  3.28e+04   1.76e-04     4.10e+00   185.517s
2329000 +1.26435739e+07 +1.26764186e+07  3.28e+04   1.76e-04     4.09e+00   185.596s
2330000 +1.26435738e+07 +1.26764204e+07  3.28e+04   1.76e-04     4.08e+00   185.676s
2331000 +1.26435737e+07 +1.26764223e+07  3.28e+04   1.76e-04     4.08e+00   185.755s
2332000 +1.26435735e+07 +1.26764242e+07  3.29e+04   1.76e-04     4.07e+00   185.835s
2333000 +1.26435734e+07 +1.26764261e+07  3.29e+04   1.76e-04     4.07e+00   185.914s
2334000 +1.26435733e+07 +1.26764279e+07  3.29e+04   1.76e-04     4.06e+00   185.993s
2335000 +1.26435732e+07 +1.26764297e+07  3.29e+04   1.76e-04     4.06e+00   186.073s
2336000 +1.26435731e+07 +1.26764316e+07  3.29e+04   1.76e-04     4.05e+00   186.152s
2337000 +1.26435730e+07 +1.26764335e+07  3.29e+04   1.76e-04     4.05e+00   186.231s
2338000 +1.26435729e+07 +1.26764353e+07  3.29e+04   1.76e-04     4.05e+00   186.311s
2339000 +1.26435728e+07 +1.26764371e+07  3.29e+04   1.76e-04     4.04e+00   186.390s
2340000 +1.26435727e+07 +1.26764390e+07  3.29e+04   1.76e-04     4.03e+00   186.470s
2341000 +1.26435726e+07 +1.26764408e+07  3.29e+04   1.76e-04     4.03e+00   186.549s
2342000 +1.26435725e+07 +1.26764427e+07  3.29e+04   1.76e-04     4.02e+00   186.628s
2343000 +1.26435724e+07 +1.26764445e+07  3.29e+04   1.76e-04     4.02e+00   186.708s
2344000 +1.26435723e+07 +1.26764464e+07  3.29e+04   1.76e-04     4.02e+00   186.787s
2345000 +1.26435722e+07 +1.26764482e+07  3.29e+04   1.76e-04     4.01e+00   186.867s
2346000 +1.26435722e+07 +1.26764501e+07  3.29e+04   1.76e-04     4.01e+00   186.946s
2347000 +1.26435721e+07 +1.26764520e+07  3.29e+04   1.76e-04     4.00e+00   187.025s
2348000 +1.26435720e+07 +1.26764538e+07  3.29e+04   1.76e-04     4.00e+00   187.105s
2349000 +1.26435719e+07 +1.26764557e+07  3.29e+04   1.76e-04     3.99e+00   187.184s
2350000 +1.26435718e+07 +1.26764576e+07  3.29e+04   1.76e-04     3.99e+00   187.264s
2351000 +1.26435718e+07 +1.26764594e+07  3.29e+04   1.76e-04     3.98e+00   187.343s
2352000 +1.26435717e+07 +1.26764613e+07  3.29e+04   1.76e-04     3.98e+00   187.422s
2353000 +1.26435717e+07 +1.26764631e+07  3.29e+04   1.76e-04     3.97e+00   187.502s
2354000 +1.26435716e+07 +1.26764650e+07  3.29e+04   1.76e-04     3.97e+00   187.581s
2355000 +1.26435716e+07 +1.26764668e+07  3.29e+04   1.76e-04     3.97e+00   187.660s
2356000 +1.26435715e+07 +1.26764687e+07  3.29e+04   1.76e-04     3.96e+00   187.740s
2357000 +1.26435715e+07 +1.26764705e+07  3.29e+04   1.76e-04     3.96e+00   187.819s
2358000 +1.26435714e+07 +1.26764724e+07  3.29e+04   1.76e-04     3.95e+00   187.899s
2359000 +1.26435714e+07 +1.26764742e+07  3.29e+04   1.76e-04     3.95e+00   187.978s
2360000 +1.26435713e+07 +1.26764761e+07  3.29e+04   1.76e-04     3.94e+00   188.057s
2361000 +1.26435713e+07 +1.26764779e+07  3.29e+04   1.76e-04     3.94e+00   188.137s
2362000 +1.26435713e+07 +1.26764798e+07  3.29e+04   1.76e-04     3.94e+00   188.216s
2363000 +1.26435712e+07 +1.26764816e+07  3.29e+04   1.76e-04     3.93e+00   188.296s
2364000 +1.26435712e+07 +1.26764835e+07  3.29e+04   1.76e-04     3.93e+00   188.375s
2365000 +1.26435712e+07 +1.26764853e+07  3.29e+04   1.76e-04     3.92e+00   188.454s
2366000 +1.26435712e+07 +1.26764872e+07  3.29e+04   1.76e-04     3.92e+00   188.534s
2367000 +1.26435712e+07 +1.26764891e+07  3.29e+04   1.76e-04     3.92e+00   188.613s
2368000 +1.26435712e+07 +1.26764909e+07  3.29e+04   1.76e-04     3.91e+00   188.692s
2369000 +1.26435711e+07 +1.26764928e+07  3.29e+04   1.76e-04     3.91e+00   188.772s
2370000 +1.26435711e+07 +1.26764946e+07  3.29e+04   1.76e-04     3.90e+00   188.851s
2371000 +1.26435711e+07 +1.26764965e+07  3.29e+04   1.76e-04     3.90e+00   188.931s
2372000 +1.26435711e+07 +1.26764983e+07  3.29e+04   1.76e-04     3.90e+00   189.010s
2373000 +1.26435711e+07 +1.26765002e+07  3.29e+04   1.76e-04     3.89e+00   189.089s
2374000 +1.26435711e+07 +1.26765020e+07  3.29e+04   1.76e-04     3.89e+00   189.169s
2375000 +1.26435711e+07 +1.26765039e+07  3.29e+04   1.76e-04     3.89e+00   189.248s
2376000 +1.26435711e+07 +1.26765057e+07  3.29e+04   1.76e-04     3.88e+00   189.327s
2377000 +1.26435711e+07 +1.26765076e+07  3.29e+04   1.76e-04     3.86e+00   189.407s
2378000 +1.26435712e+07 +1.26765095e+07  3.29e+04   1.76e-04     3.85e+00   189.486s
2379000 +1.26435712e+07 +1.26765113e+07  3.29e+04   1.76e-04     3.84e+00   189.566s
2380000 +1.26435712e+07 +1.26765132e+07  3.29e+04   1.76e-04     3.84e+00   189.645s
2381000 +1.26435713e+07 +1.26765150e+07  3.29e+04   1.76e-04     3.83e+00   189.724s
2382000 +1.26435713e+07 +1.26765169e+07  3.29e+04   1.76e-04     3.82e+00   189.804s
2383000 +1.26435713e+07 +1.26765188e+07  3.29e+04   1.76e-04     3.82e+00   189.883s
2384000 +1.26435714e+07 +1.26765206e+07  3.29e+04   1.76e-04     3.82e+00   189.963s
2385000 +1.26435714e+07 +1.26765225e+07  3.30e+04   1.76e-04     3.81e+00   190.042s
2386000 +1.26435715e+07 +1.26765243e+07  3.30e+04   1.76e-04     3.81e+00   190.121s
2387000 +1.26435715e+07 +1.26765262e+07  3.30e+04   1.76e-04     3.81e+00   190.201s
2388000 +1.26435716e+07 +1.26765280e+07  3.30e+04   1.76e-04     3.80e+00   190.280s
2389000 +1.26435717e+07 +1.26765299e+07  3.30e+04   1.76e-04     3.80e+00   190.359s
2390000 +1.26435717e+07 +1.26765317e+07  3.30e+04   1.76e-04     3.80e+00   190.439s
2391000 +1.26435718e+07 +1.26765336e+07  3.30e+04   1.76e-04     3.79e+00   190.518s
2392000 +1.26435718e+07 +1.26765354e+07  3.30e+04   1.76e-04     3.79e+00   190.598s
2393000 +1.26435719e+07 +1.26765373e+07  3.30e+04   1.76e-04     3.79e+00   190.677s
2394000 +1.26435719e+07 +1.26765391e+07  3.30e+04   1.76e-04     3.78e+00   190.756s
2395000 +1.26435720e+07 +1.26765410e+07  3.30e+04   1.76e-04     3.78e+00   190.836s
2396000 +1.26435721e+07 +1.26765428e+07  3.30e+04   1.76e-04     3.78e+00   190.915s
2397000 +1.26435721e+07 +1.26765447e+07  3.30e+04   1.76e-04     3.77e+00   190.994s
2398000 +1.26435722e+07 +1.26765466e+07  3.30e+04   1.76e-04     3.77e+00   191.074s
2399000 +1.26435723e+07 +1.26765485e+07  3.30e+04   1.76e-04     3.77e+00   191.153s
2400000 +1.26435724e+07 +1.26765503e+07  3.30e+04   1.76e-04     3.76e+00   191.233s
2401000 +1.26435725e+07 +1.26765521e+07  3.30e+04   1.76e-04     3.76e+00   191.312s
2402000 +1.26435726e+07 +1.26765540e+07  3.30e+04   1.76e-04     3.76e+00   191.391s
2403000 +1.26435726e+07 +1.26765558e+07  3.30e+04   1.76e-04     3.75e+00   191.471s
2404000 +1.26435727e+07 +1.26765577e+07  3.30e+04   1.76e-04     3.75e+00   191.550s
2405000 +1.26435728e+07 +1.26765595e+07  3.30e+04   1.76e-04     3.75e+00   191.630s
2406000 +1.26435729e+07 +1.26765614e+07  3.30e+04   1.76e-04     3.75e+00   191.709s
2407000 +1.26435730e+07 +1.26765632e+07  3.30e+04   1.76e-04     3.74e+00   191.788s
2408000 +1.26435731e+07 +1.26765651e+07  3.30e+04   1.76e-04     3.74e+00   191.868s
2409000 +1.26435732e+07 +1.26765670e+07  3.30e+04   1.76e-04     3.74e+00   191.947s
2410000 +1.26435733e+07 +1.26765689e+07  3.30e+04   1.76e-04     3.73e+00   192.026s
2411000 +1.26435734e+07 +1.26765707e+07  3.30e+04   1.76e-04     3.73e+00   192.106s
2412000 +1.26435736e+07 +1.26765726e+07  3.30e+04   1.76e-04     3.73e+00   192.185s
2413000 +1.26435737e+07 +1.26765744e+07  3.30e+04   1.76e-04     3.72e+00   192.265s
2414000 +1.26435738e+07 +1.26765763e+07  3.30e+04   1.76e-04     3.72e+00   192.344s
2415000 +1.26435739e+07 +1.26765781e+07  3.30e+04   1.76e-04     3.72e+00   192.423s
2416000 +1.26435740e+07 +1.26765800e+07  3.30e+04   1.76e-04     3.72e+00   192.503s
2417000 +1.26435742e+07 +1.26765818e+07  3.30e+04   1.76e-04     3.72e+00   192.582s
2418000 +1.26435743e+07 +1.26765836e+07  3.30e+04   1.76e-04     3.71e+00   192.661s
2419000 +1.26435744e+07 +1.26765855e+07  3.30e+04   1.76e-04     3.71e+00   192.741s
2420000 +1.26435745e+07 +1.26765874e+07  3.30e+04   1.76e-04     3.71e+00   192.820s
2421000 +1.26435747e+07 +1.26765892e+07  3.30e+04   1.76e-04     3.71e+00   192.900s
2422000 +1.26435748e+07 +1.26765911e+07  3.30e+04   1.76e-04     3.70e+00   192.979s
2423000 +1.26435749e+07 +1.26765929e+07  3.30e+04   1.76e-04     3.70e+00   193.058s
2424000 +1.26435751e+07 +1.26765948e+07  3.30e+04   1.76e-04     3.70e+00   193.138s
2425000 +1.26435752e+07 +1.26765966e+07  3.30e+04   1.76e-04     3.69e+00   193.217s
2426000 +1.26435754e+07 +1.26765985e+07  3.30e+04   1.76e-04     3.69e+00   193.297s
2427000 +1.26435755e+07 +1.26766003e+07  3.30e+04   1.76e-04     3.69e+00   193.376s
2428000 +1.26435757e+07 +1.26766022e+07  3.30e+04   1.76e-04     3.68e+00   193.455s
2429000 +1.26435758e+07 +1.26766041e+07  3.30e+04   1.76e-04     3.68e+00   193.535s
2430000 +1.26435760e+07 +1.26766059e+07  3.30e+04   1.76e-04     3.68e+00   193.614s
2431000 +1.26435761e+07 +1.26766078e+07  3.30e+04   1.76e-04     3.68e+00   193.694s
2432000 +1.26435763e+07 +1.26766096e+07  3.30e+04   1.76e-04     3.67e+00   193.773s
2433000 +1.26435765e+07 +1.26766114e+07  3.30e+04   1.76e-04     3.67e+00   193.852s
2434000 +1.26435766e+07 +1.26766133e+07  3.30e+04   1.76e-04     3.67e+00   193.932s
2435000 +1.26435768e+07 +1.26766151e+07  3.30e+04   1.76e-04     3.67e+00   194.011s
2436000 +1.26435770e+07 +1.26766170e+07  3.30e+04   1.76e-04     3.66e+00   194.091s
2437000 +1.26435771e+07 +1.26766188e+07  3.30e+04   1.76e-04     3.66e+00   194.170s
2438000 +1.26435773e+07 +1.26766207e+07  3.30e+04   1.76e-04     3.66e+00   194.249s
2439000 +1.26435775e+07 +1.26766225e+07  3.30e+04   1.76e-04     3.66e+00   194.329s
2440000 +1.26435777e+07 +1.26766244e+07  3.30e+04   1.76e-04     3.65e+00   194.408s
2441000 +1.26435778e+07 +1.26766262e+07  3.30e+04   1.76e-04     3.65e+00   194.488s
2442000 +1.26435780e+07 +1.26766281e+07  3.31e+04   1.76e-04     3.65e+00   194.567s
2443000 +1.26435782e+07 +1.26766300e+07  3.31e+04   1.76e-04     3.65e+00   194.646s
2444000 +1.26435784e+07 +1.26766318e+07  3.31e+04   1.76e-04     3.64e+00   194.726s
2445000 +1.26435786e+07 +1.26766337e+07  3.31e+04   1.76e-04     3.64e+00   194.805s
2446000 +1.26435788e+07 +1.26766355e+07  3.31e+04   1.76e-04     3.64e+00   194.885s
2447000 +1.26435790e+07 +1.26766373e+07  3.31e+04   1.76e-04     3.64e+00   194.964s
2448000 +1.26435792e+07 +1.26766392e+07  3.31e+04   1.76e-04     3.64e+00   195.043s
2449000 +1.26435794e+07 +1.26766410e+07  3.31e+04   1.76e-04     3.63e+00   195.123s
2450000 +1.26435796e+07 +1.26766429e+07  3.31e+04   1.76e-04     3.63e+00   195.202s
2451000 +1.26435798e+07 +1.26766447e+07  3.31e+04   1.76e-04     3.63e+00   195.281s
2452000 +1.26435800e+07 +1.26766466e+07  3.31e+04   1.76e-04     3.63e+00   195.361s
2453000 +1.26435802e+07 +1.26766484e+07  3.31e+04   1.76e-04     3.63e+00   195.440s
2454000 +1.26435804e+07 +1.26766503e+07  3.31e+04   1.76e-04     3.63e+00   195.520s
2455000 +1.26435806e+07 +1.26766522e+07  3.31e+04   1.76e-04     3.62e+00   195.599s
2456000 +1.26435808e+07 +1.26766540e+07  3.31e+04   1.76e-04     3.62e+00   195.678s
2457000 +1.26435810e+07 +1.26766559e+07  3.31e+04   1.76e-04     3.62e+00   195.758s
2458000 +1.26435812e+07 +1.26766577e+07  3.31e+04   1.76e-04     3.62e+00   195.837s
2459000 +1.26435814e+07 +1.26766595e+07  3.31e+04   1.76e-04     3.62e+00   195.917s
2460000 +1.26435817e+07 +1.26766614e+07  3.31e+04   1.76e-04     3.61e+00   195.996s
2461000 +1.26435819e+07 +1.26766632e+07  3.31e+04   1.76e-04     3.61e+00   196.075s
2462000 +1.26435821e+07 +1.26766651e+07  3.31e+04   1.76e-04     3.61e+00   196.155s
2463000 +1.26435823e+07 +1.26766669e+07  3.31e+04   1.76e-04     3.61e+00   196.234s
2464000 +1.26435826e+07 +1.26766688e+07  3.31e+04   1.76e-04     3.61e+00   196.314s
2465000 +1.26435828e+07 +1.26766706e+07  3.31e+04   1.76e-04     3.60e+00   196.393s
2466000 +1.26435830e+07 +1.26766724e+07  3.31e+04   1.76e-04     3.60e+00   196.472s
2467000 +1.26435832e+07 +1.26766743e+07  3.31e+04   1.76e-04     3.60e+00   196.552s
2468000 +1.26435835e+07 +1.26766762e+07  3.31e+04   1.76e-04     3.60e+00   196.631s
2469000 +1.26435837e+07 +1.26766780e+07  3.31e+04   1.76e-04     3.60e+00   196.711s
2470000 +1.26435839e+07 +1.26766798e+07  3.31e+04   1.76e-04     3.60e+00   196.790s
2471000 +1.26435842e+07 +1.26766817e+07  3.31e+04   1.76e-04     3.60e+00   196.869s
2472000 +1.26435844e+07 +1.26766835e+07  3.31e+04   1.76e-04     3.60e+00   196.949s
2473000 +1.26435846e+07 +1.26766854e+07  3.31e+04   1.76e-04     3.59e+00   197.028s
2474000 +1.26435849e+07 +1.26766872e+07  3.31e+04   1.76e-04     3.59e+00   197.107s
2475000 +1.26435851e+07 +1.26766891e+07  3.31e+04   1.76e-04     3.59e+00   197.187s
2476000 +1.26435854e+07 +1.26766910e+07  3.31e+04   1.76e-04     3.59e+00   197.266s
2477000 +1.26435856e+07 +1.26766928e+07  3.31e+04   1.76e-04     3.59e+00   197.347s
2478000 +1.26435859e+07 +1.26766946e+07  3.31e+04   1.76e-04     3.58e+00   197.427s
2479000 +1.26435861e+07 +1.26766965e+07  3.31e+04   1.76e-04     3.58e+00   197.506s
2480000 +1.26435864e+07 +1.26766983e+07  3.31e+04   1.76e-04     3.58e+00   197.585s
2481000 +1.26435867e+07 +1.26767002e+07  3.31e+04   1.76e-04     3.58e+00   197.665s
2482000 +1.26435869e+07 +1.26767020e+07  3.31e+04   1.76e-04     3.58e+00   197.744s
2483000 +1.26435872e+07 +1.26767039e+07  3.31e+04   1.76e-04     3.58e+00   197.824s
2484000 +1.26435874e+07 +1.26767057e+07  3.31e+04   1.76e-04     3.58e+00   197.903s
2485000 +1.26435877e+07 +1.26767075e+07  3.31e+04   1.76e-04     3.58e+00   197.982s
2486000 +1.26435880e+07 +1.26767094e+07  3.31e+04   1.76e-04     3.57e+00   198.062s
2487000 +1.26435882e+07 +1.26767112e+07  3.31e+04   1.76e-04     3.56e+00   198.141s
2488000 +1.26435885e+07 +1.26767131e+07  3.31e+04   1.76e-04     3.56e+00   198.221s
2489000 +1.26435888e+07 +1.26767149e+07  3.31e+04   1.76e-04     3.56e+00   198.300s
2490000 +1.26435890e+07 +1.26767168e+07  3.31e+04   1.76e-04     3.56e+00   198.379s
2491000 +1.26435893e+07 +1.26767186e+07  3.31e+04   1.76e-04     3.56e+00   198.459s
2492000 +1.26435896e+07 +1.26767205e+07  3.31e+04   1.76e-04     3.55e+00   198.538s
2493000 +1.26435898e+07 +1.26767223e+07  3.31e+04   1.76e-04     3.55e+00   198.617s
2494000 +1.26435901e+07 +1.26767242e+07  3.31e+04   1.76e-04     3.55e+00   198.697s
2495000 +1.26435904e+07 +1.26767260e+07  3.31e+04   1.76e-04     3.55e+00   198.776s
2496000 +1.26435907e+07 +1.26767279e+07  3.31e+04   1.76e-04     3.55e+00   198.856s
2497000 +1.26435909e+07 +1.26767297e+07  3.31e+04   1.76e-04     3.54e+00   198.935s
2498000 +1.26435912e+07 +1.26767315e+07  3.31e+04   1.76e-04     3.54e+00   199.014s
2499000 +1.26435915e+07 +1.26767334e+07  3.31e+04   1.76e-04     3.54e+00   199.094s
2500000 +1.26435917e+07 +1.26767352e+07  3.31e+04   1.76e-04     3.54e+00   199.173s
2501000 +1.26435920e+07 +1.26767371e+07  3.31e+04   1.76e-04     3.54e+00   199.252s
2502000 +1.26435923e+07 +1.26767389e+07  3.31e+04   1.76e-04     3.54e+00   199.332s
2503000 +1.26435925e+07 +1.26767408e+07  3.31e+04   1.76e-04     3.54e+00   199.411s
2504000 +1.26435928e+07 +1.26767426e+07  3.31e+04   1.76e-04     3.54e+00   199.491s
2505000 +1.26435931e+07 +1.26767445e+07  3.32e+04   1.76e-04     3.53e+00   199.570s
2506000 +1.26435934e+07 +1.26767463e+07  3.32e+04   1.76e-04     3.53e+00   199.649s
2507000 +1.26435937e+07 +1.26767481e+07  3.32e+04   1.76e-04     3.53e+00   199.729s
2508000 +1.26435940e+07 +1.26767500e+07  3.32e+04   1.76e-04     3.53e+00   199.808s
2509000 +1.26435942e+07 +1.26767518e+07  3.32e+04   1.76e-04     3.53e+00   199.888s
2510000 +1.26435945e+07 +1.26767537e+07  3.32e+04   1.76e-04     3.53e+00   199.967s
2511000 +1.26435948e+07 +1.26767556e+07  3.32e+04   1.76e-04     3.53e+00   200.046s
2512000 +1.26435951e+07 +1.26767574e+07  3.32e+04   1.76e-04     3.52e+00   200.126s
2513000 +1.26435953e+07 +1.26767592e+07  3.32e+04   1.76e-04     3.52e+00   200.205s
2514000 +1.26435956e+07 +1.26767611e+07  3.32e+04   1.76e-04     3.52e+00   200.284s
2515000 +1.26435959e+07 +1.26767629e+07  3.32e+04   1.76e-04     3.52e+00   200.364s
2516000 +1.26435962e+07 +1.26767648e+07  3.32e+04   1.76e-04     3.52e+00   200.443s
2517000 +1.26435965e+07 +1.26767666e+07  3.32e+04   1.76e-04     3.52e+00   200.523s
2518000 +1.26435968e+07 +1.26767685e+07  3.32e+04   1.76e-04     3.51e+00   200.602s
2519000 +1.26435970e+07 +1.26767704e+07  3.32e+04   1.76e-04     3.51e+00   200.681s
2520000 +1.26435973e+07 +1.26767722e+07  3.32e+04   1.76e-04     3.51e+00   200.761s
2521000 +1.26435976e+07 +1.26767740e+07  3.32e+04   1.76e-04     3.51e+00   200.840s
2522000 +1.26435979e+07 +1.26767759e+07  3.32e+04   1.76e-04     3.51e+00   200.919s
2523000 +1.26435982e+07 +1.26767777e+07  3.32e+04   1.76e-04     3.51e+00   200.999s
2524000 +1.26435985e+07 +1.26767796e+07  3.32e+04   1.76e-04     3.51e+00   201.078s
2525000 +1.26435988e+07 +1.26767814e+07  3.32e+04   1.76e-04     3.51e+00   201.158s
2526000 +1.26435991e+07 +1.26767833e+07  3.32e+04   1.76e-04     3.51e+00   201.237s
2527000 +1.26435994e+07 +1.26767851e+07  3.32e+04   1.76e-04     3.51e+00   201.316s
2528000 +1.26435997e+07 +1.26767870e+07  3.32e+04   1.76e-04     3.51e+00   201.396s
2529000 +1.26436000e+07 +1.26767888e+07  3.32e+04   1.76e-04     3.50e+00   201.475s
2530000 +1.26436003e+07 +1.26767906e+07  3.32e+04   1.76e-04     3.50e+00   201.554s
2531000 +1.26436006e+07 +1.26767925e+07  3.32e+04   1.76e-04     3.50e+00   201.634s
2532000 +1.26436009e+07 +1.26767943e+07  3.32e+04   1.76e-04     3.50e+00   201.713s
2533000 +1.26436012e+07 +1.26767961e+07  3.32e+04   1.76e-04     3.50e+00   201.793s
2534000 +1.26436015e+07 +1.26767980e+07  3.32e+04   1.76e-04     3.50e+00   201.872s
2535000 +1.26436018e+07 +1.26767998e+07  3.32e+04   1.76e-04     3.50e+00   201.952s
2536000 +1.26436021e+07 +1.26768017e+07  3.32e+04   1.76e-04     3.50e+00   202.031s
2537000 +1.26436024e+07 +1.26768035e+07  3.32e+04   1.76e-04     3.50e+00   202.110s
2538000 +1.26436027e+07 +1.26768054e+07  3.32e+04   1.76e-04     3.49e+00   202.190s
2539000 +1.26436030e+07 +1.26768072e+07  3.32e+04   1.76e-04     3.49e+00   202.269s
2540000 +1.26436033e+07 +1.26768091e+07  3.32e+04   1.76e-04     3.49e+00   202.348s
2541000 +1.26436036e+07 +1.26768109e+07  3.32e+04   1.76e-04     3.49e+00   202.428s
2542000 +1.26436039e+07 +1.26768128e+07  3.32e+04   1.76e-04     3.49e+00   202.507s
2543000 +1.26436042e+07 +1.26768146e+07  3.32e+04   1.76e-04     3.49e+00   202.587s
2544000 +1.26436046e+07 +1.26768165e+07  3.32e+04   1.76e-04     3.49e+00   202.666s
2545000 +1.26436049e+07 +1.26768183e+07  3.32e+04   1.76e-04     3.49e+00   202.745s
2546000 +1.26436052e+07 +1.26768202e+07  3.32e+04   1.76e-04     3.49e+00   202.825s
2547000 +1.26436055e+07 +1.26768220e+07  3.32e+04   1.76e-04     3.49e+00   202.904s
2548000 +1.26436058e+07 +1.26768238e+07  3.32e+04   1.76e-04     3.49e+00   202.984s
2549000 +1.26436062e+07 +1.26768257e+07  3.32e+04   1.76e-04     3.49e+00   203.063s
2550000 +1.26436065e+07 +1.26768275e+07  3.32e+04   1.76e-04     3.48e+00   203.142s
2551000 +1.26436068e+07 +1.26768294e+07  3.32e+04   1.76e-04     3.48e+00   203.222s
2552000 +1.26436071e+07 +1.26768312e+07  3.32e+04   1.76e-04     3.48e+00   203.301s
2553000 +1.26436075e+07 +1.26768331e+07  3.32e+04   1.76e-04     3.48e+00   203.381s
2554000 +1.26436078e+07 +1.26768349e+07  3.32e+04   1.76e-04     3.48e+00   203.460s
2555000 +1.26436081e+07 +1.26768367e+07  3.32e+04   1.76e-04     3.48e+00   203.540s
2556000 +1.26436084e+07 +1.26768386e+07  3.32e+04   1.76e-04     3.48e+00   203.619s
2557000 +1.26436087e+07 +1.26768404e+07  3.32e+04   1.76e-04     3.48e+00   203.698s
2558000 +1.26436091e+07 +1.26768422e+07  3.32e+04   1.76e-04     3.48e+00   203.778s
2559000 +1.26436094e+07 +1.26768441e+07  3.32e+04   1.76e-04     3.48e+00   203.857s
2560000 +1.26436097e+07 +1.26768460e+07  3.32e+04   1.76e-04     3.48e+00   203.937s
2561000 +1.26436101e+07 +1.26768478e+07  3.32e+04   1.76e-04     3.48e+00   204.016s
2562000 +1.26436104e+07 +1.26768496e+07  3.32e+04   1.76e-04     3.48e+00   204.095s
2563000 +1.26436108e+07 +1.26768515e+07  3.32e+04   1.76e-04     3.48e+00   204.175s
2564000 +1.26436111e+07 +1.26768533e+07  3.32e+04   1.76e-04     3.48e+00   204.254s
2565000 +1.26436114e+07 +1.26768552e+07  3.32e+04   1.76e-04     3.48e+00   204.333s
2566000 +1.26436118e+07 +1.26768570e+07  3.32e+04   1.76e-04     3.48e+00   204.413s
2567000 +1.26436121e+07 +1.26768589e+07  3.32e+04   1.76e-04     3.48e+00   204.492s
2568000 +1.26436124e+07 +1.26768607e+07  3.32e+04   1.76e-04     3.48e+00   204.572s
2569000 +1.26436128e+07 +1.26768626e+07  3.32e+04   1.76e-04     3.48e+00   204.651s
2570000 +1.26436131e+07 +1.26768644e+07  3.33e+04   1.76e-04     3.48e+00   204.730s
2571000 +1.26436134e+07 +1.26768663e+07  3.33e+04   1.76e-04     3.48e+00   204.810s
2572000 +1.26436138e+07 +1.26768681e+07  3.33e+04   1.76e-04     3.48e+00   204.889s
2573000 +1.26436141e+07 +1.26768699e+07  3.33e+04   1.76e-04     3.47e+00   204.969s
2574000 +1.26436144e+07 +1.26768718e+07  3.33e+04   1.76e-04     3.47e+00   205.048s
2575000 +1.26436148e+07 +1.26768737e+07  3.33e+04   1.76e-04     3.47e+00   205.127s
2576000 +1.26436151e+07 +1.26768755e+07  3.33e+04   1.76e-04     3.47e+00   205.207s
2577000 +1.26436155e+07 +1.26768773e+07  3.33e+04   1.76e-04     3.47e+00   205.286s
2578000 +1.26436158e+07 +1.26768792e+07  3.33e+04   1.76e-04     3.47e+00   205.366s
2579000 +1.26436161e+07 +1.26768810e+07  3.33e+04   1.76e-04     3.47e+00   205.445s
2580000 +1.26436165e+07 +1.26768828e+07  3.33e+04   1.76e-04     3.47e+00   205.524s
2581000 +1.26436168e+07 +1.26768847e+07  3.33e+04   1.76e-04     3.47e+00   205.604s
2582000 +1.26436172e+07 +1.26768865e+07  3.33e+04   1.76e-04     3.47e+00   205.683s
2583000 +1.26436175e+07 +1.26768884e+07  3.33e+04   1.76e-04     3.47e+00   205.762s
2584000 +1.26436179e+07 +1.26768902e+07  3.33e+04   1.76e-04     3.47e+00   205.842s
2585000 +1.26436182e+07 +1.26768921e+07  3.33e+04   1.76e-04     3.47e+00   205.921s
2586000 +1.26436186e+07 +1.26768939e+07  3.33e+04   1.76e-04     3.47e+00   206.001s
2587000 +1.26436189e+07 +1.26768957e+07  3.33e+04   1.76e-04     3.47e+00   206.080s
2588000 +1.26436192e+07 +1.26768976e+07  3.33e+04   1.76e-04     3.47e+00   206.159s
2589000 +1.26436196e+07 +1.26768994e+07  3.33e+04   1.76e-04     3.47e+00   206.239s
2590000 +1.26436199e+07 +1.26769013e+07  3.33e+04   1.76e-04     3.47e+00   206.318s
2591000 +1.26436203e+07 +1.26769031e+07  3.33e+04   1.76e-04     3.47e+00   206.398s
2592000 +1.26436206e+07 +1.26769049e+07  3.33e+04   1.76e-04     3.47e+00   206.477s
2593000 +1.26436210e+07 +1.26769068e+07  3.33e+04   1.76e-04     3.47e+00   206.556s
2594000 +1.26436213e+07 +1.26769086e+07  3.33e+04   1.76e-04     3.47e+00   206.636s
2595000 +1.26436217e+07 +1.26769104e+07  3.33e+04   1.76e-04     3.47e+00   206.715s
2596000 +1.26436220e+07 +1.26769123e+07  3.33e+04   1.76e-04     3.47e+00   206.794s
2597000 +1.26436224e+07 +1.26769141e+07  3.33e+04   1.76e-04     3.46e+00   206.874s
2598000 +1.26436227e+07 +1.26769159e+07  3.33e+04   1.76e-04     3.47e+00   206.953s
2599000 +1.26436230e+07 +1.26769178e+07  3.33e+04   1.76e-04     3.46e+00   207.032s
2600000 +1.26436234e+07 +1.26769196e+07  3.33e+04   1.76e-04     3.46e+00   207.112s
2601000 +1.26436237e+07 +1.26769215e+07  3.33e+04   1.76e-04     3.46e+00   207.191s
2602000 +1.26436241e+07 +1.26769233e+07  3.33e+04   1.76e-04     3.46e+00   207.270s
2603000 +1.26436244e+07 +1.26769251e+07  3.33e+04   1.76e-04     3.46e+00   207.350s
2604000 +1.26436247e+07 +1.26769270e+07  3.33e+04   1.76e-04     3.46e+00   207.429s
2605000 +1.26436251e+07 +1.26769288e+07  3.33e+04   1.76e-04     3.46e+00   207.509s
2606000 +1.26436254e+07 +1.26769307e+07  3.33e+04   1.76e-04     3.46e+00   207.588s
2607000 +1.26436257e+07 +1.26769325e+07  3.33e+04   1.76e-04     3.46e+00   207.667s
2608000 +1.26436261e+07 +1.26769344e+07  3.33e+04   1.76e-04     3.46e+00   207.747s
2609000 +1.26436264e+07 +1.26769362e+07  3.33e+04   1.76e-04     3.46e+00   207.826s
2610000 +1.26436267e+07 +1.26769380e+07  3.33e+04   1.76e-04     3.46e+00   207.906s
2611000 +1.26436270e+07 +1.26769399e+07  3.33e+04   1.76e-04     3.46e+00   207.985s
2612000 +1.26436274e+07 +1.26769416e+07  3.33e+04   1.76e-04     3.46e+00   208.064s
2613000 +1.26436277e+07 +1.26769433e+07  3.33e+04   1.76e-04     3.47e+00   208.144s
2614000 +1.26436280e+07 +1.26769449e+07  3.33e+04   1.76e-04     3.48e+00   208.223s
2615000 +1.26436283e+07 +1.26769467e+07  3.33e+04   1.76e-04     3.51e+00   208.303s
2616000 +1.26436287e+07 +1.26769484e+07  3.33e+04   1.76e-04     3.53e+00   208.382s
2617000 +1.26436290e+07 +1.26769501e+07  3.33e+04   1.76e-04     3.57e+00   208.461s
2618000 +1.26436293e+07 +1.26769519e+07  3.33e+04   1.76e-04     3.61e+00   208.541s
2619000 +1.26436296e+07 +1.26769536e+07  3.33e+04   1.76e-04     3.65e+00   208.620s
2620000 +1.26436300e+07 +1.26769553e+07  3.33e+04   1.76e-04     3.71e+00   208.699s
2621000 +1.26436303e+07 +1.26769570e+07  3.33e+04   1.76e-04     3.77e+00   208.779s
2622000 +1.26436306e+07 +1.26769587e+07  3.33e+04   1.76e-04     3.83e+00   208.858s
2623000 +1.26436309e+07 +1.26769603e+07  3.33e+04   1.76e-04     3.91e+00   208.938s
2624000 +1.26436313e+07 +1.26769619e+07  3.33e+04   1.76e-04     3.99e+00   209.017s
2625000 +1.26436316e+07 +1.26769636e+07  3.33e+04   1.76e-04     4.08e+00   209.096s
2626000 +1.26436319e+07 +1.26769652e+07  3.33e+04   1.76e-04     4.18e+00   209.176s
2627000 +1.26436322e+07 +1.26769668e+07  3.33e+04   1.76e-04     4.28e+00   209.255s
2628000 +1.26436325e+07 +1.26769684e+07  3.33e+04   1.76e-04     4.40e+00   209.336s
2629000 +1.26436329e+07 +1.26769699e+07  3.33e+04   1.76e-04     4.52e+00   209.416s
2630000 +1.26436332e+07 +1.26769715e+07  3.33e+04   1.76e-04     4.65e+00   209.495s
2631000 +1.26436335e+07 +1.26769730e+07  3.33e+04   1.76e-04     4.78e+00   209.574s
2632000 +1.26436338e+07 +1.26769746e+07  3.33e+04   1.76e-04     4.93e+00   209.654s
2633000 +1.26436341e+07 +1.26769761e+07  3.33e+04   1.76e-04     5.08e+00   209.733s
2634000 +1.26436345e+07 +1.26769776e+07  3.33e+04   1.76e-04     5.24e+00   209.813s
2635000 +1.26436348e+07 +1.26769791e+07  3.33e+04   1.76e-04     5.41e+00   209.892s
2636000 +1.26436351e+07 +1.26769806e+07  3.33e+04   1.76e-04     5.58e+00   209.971s
2637000 +1.26436354e+07 +1.26769820e+07  3.33e+04   1.76e-04     5.74e+00   210.051s
2638000 +1.26436357e+07 +1.26769836e+07  3.33e+04   1.76e-04     5.91e+00   210.130s
2639000 +1.26436361e+07 +1.26769850e+07  3.33e+04   1.76e-04     6.10e+00   210.209s
2640000 +1.26436365e+07 +1.26769865e+07  3.34e+04   1.76e-04     6.29e+00   210.289s
2641000 +1.26436368e+07 +1.26769880e+07  3.34e+04   1.76e-04     6.49e+00   210.368s
2642000 +1.26436373e+07 +1.26769894e+07  3.34e+04   1.76e-04     6.68e+00   210.447s
2643000 +1.26436377e+07 +1.26769908e+07  3.34e+04   1.76e-04     6.89e+00   210.527s
2644000 +1.26436381e+07 +1.26769923e+07  3.34e+04   1.76e-04     7.10e+00   210.606s
2645000 +1.26436385e+07 +1.26769937e+07  3.34e+04   1.76e-04     7.32e+00   210.686s
2646000 +1.26436389e+07 +1.26769951e+07  3.34e+04   1.76e-04     7.49e+00   210.765s
2647000 +1.26436394e+07 +1.26769965e+07  3.34e+04   1.76e-04     7.71e+00   210.844s
2648000 +1.26436398e+07 +1.26769978e+07  3.34e+04   1.76e-04     7.92e+00   210.924s
2649000 +1.26436403e+07 +1.26769993e+07  3.34e+04   1.76e-04     8.14e+00   211.003s
2650000 +1.26436407e+07 +1.26770006e+07  3.34e+04   1.76e-04     8.37e+00   211.083s
2651000 +1.26436412e+07 +1.26770020e+07  3.34e+04   1.76e-04     8.61e+00   211.162s
2652000 +1.26436418e+07 +1.26770033e+07  3.34e+04   1.76e-04     8.86e+00   211.242s
2653000 +1.26436423e+07 +1.26770047e+07  3.34e+04   1.76e-04     9.10e+00   211.321s
2654000 +1.26436428e+07 +1.26770061e+07  3.34e+04   1.76e-04     9.35e+00   211.400s
2655000 +1.26436434e+07 +1.26770074e+07  3.34e+04   1.76e-04     9.60e+00   211.480s
2656000 +1.26436440e+07 +1.26770087e+07  3.34e+04   1.76e-04     9.84e+00   211.559s
2657000 +1.26436446e+07 +1.26770099e+07  3.34e+04   1.76e-04     1.01e+01   211.639s
2658000 +1.26436452e+07 +1.26770114e+07  3.34e+04   1.76e-04     1.04e+01   211.718s
2659000 +1.26436459e+07 +1.26770127e+07  3.34e+04   1.76e-04     1.07e+01   211.797s
2660000 +1.26436465e+07 +1.26770139e+07  3.34e+04   1.76e-04     1.10e+01   211.877s
2661000 +1.26436472e+07 +1.26770155e+07  3.34e+04   1.76e-04     1.12e+01   211.956s
2662000 +1.26436479e+07 +1.26770168e+07  3.34e+04   1.75e-04     1.15e+01   212.036s
2663000 +1.26436487e+07 +1.26770182e+07  3.34e+04   1.75e-04     1.18e+01   212.115s
2664000 +1.26436494e+07 +1.26770198e+07  3.34e+04   1.75e-04     1.21e+01   212.194s
2665000 +1.26436503e+07 +1.26770211e+07  3.34e+04   1.75e-04     1.24e+01   212.274s
2666000 +1.26436511e+07 +1.26770222e+07  3.34e+04   1.75e-04     1.27e+01   212.353s
2667000 +1.26436520e+07 +1.26770238e+07  3.34e+04   1.75e-04     1.31e+01   212.432s
2668000 +1.26436529e+07 +1.26770251e+07  3.34e+04   1.75e-04     1.34e+01   212.512s
2669000 +1.26436538e+07 +1.26770270e+07  3.34e+04   1.75e-04     1.37e+01   212.591s
2670000 +1.26436548e+07 +1.26770281e+07  3.34e+04   1.75e-04     1.40e+01   212.671s
2671000 +1.26436558e+07 +1.26770296e+07  3.34e+04   1.75e-04     1.43e+01   212.750s
2672000 +1.26436569e+07 +1.26770309e+07  3.34e+04   1.75e-04     1.46e+01   212.829s
2673000 +1.26436580e+07 +1.26770324e+07  3.34e+04   1.75e-04     1.50e+01   212.909s
2674000 +1.26436591e+07 +1.26770338e+07  3.34e+04   1.75e-04     1.53e+01   212.988s
2675000 +1.26436602e+07 +1.26770352e+07  3.34e+04   1.75e-04     1.56e+01   213.068s
2676000 +1.26436615e+07 +1.26770369e+07  3.34e+04   1.75e-04     1.59e+01   213.147s
2677000 +1.26436628e+07 +1.26770380e+07  3.34e+04   1.75e-04     1.62e+01   213.226s
2678000 +1.26436641e+07 +1.26770396e+07  3.34e+04   1.75e-04     1.65e+01   213.306s
2679000 +1.26436655e+07 +1.26770409e+07  3.34e+04   1.75e-04     1.69e+01   213.385s
2680000 +1.26436668e+07 +1.26770422e+07  3.34e+04   1.75e-04     1.72e+01   213.465s
2681000 +1.26436683e+07 +1.26770436e+07  3.34e+04   1.75e-04     1.76e+01   213.544s
2682000 +1.26436697e+07 +1.26770447e+07  3.34e+04   1.75e-04     1.80e+01   213.623s
2683000 +1.26436713e+07 +1.26770461e+07  3.34e+04   1.75e-04     1.83e+01   213.703s
2684000 +1.26436727e+07 +1.26770473e+07  3.34e+04   1.75e-04     1.86e+01   213.782s
2685000 +1.26436742e+07 +1.26770487e+07  3.34e+04   1.75e-04     1.89e+01   213.862s
2686000 +1.26436759e+07 +1.26770502e+07  3.34e+04   1.75e-04     1.93e+01   213.941s
2687000 +1.26436774e+07 +1.26770516e+07  3.34e+04   1.75e-04     1.96e+01   214.020s
2688000 +1.26436791e+07 +1.26770528e+07  3.34e+04   1.75e-04     1.99e+01   214.100s
2689000 +1.26436807e+07 +1.26770544e+07  3.34e+04   1.75e-04     2.03e+01   214.179s
2690000 +1.26436823e+07 +1.26770560e+07  3.34e+04   1.74e-04     2.06e+01   214.259s
2691000 +1.26436840e+07 +1.26770572e+07  3.34e+04   1.74e-04     2.10e+01   214.338s
2692000 +1.26436856e+07 +1.26770585e+07  3.34e+04   1.74e-04     2.13e+01   214.417s
2693000 +1.26436872e+07 +1.26770599e+07  3.34e+04   1.74e-04     2.16e+01   214.497s
2694000 +1.26436889e+07 +1.26770614e+07  3.34e+04   1.74e-04     2.19e+01   214.576s
2695000 +1.26436905e+07 +1.26770629e+07  3.34e+04   1.74e-04     2.22e+01   214.656s
2696000 +1.26436921e+07 +1.26770640e+07  3.34e+04   1.74e-04     2.26e+01   214.735s
2697000 +1.26436936e+07 +1.26770653e+07  3.34e+04   1.74e-04     2.29e+01   214.814s
2698000 +1.26436952e+07 +1.26770667e+07  3.34e+04   1.74e-04     2.33e+01   214.894s
2699000 +1.26436968e+07 +1.26770680e+07  3.34e+04   1.74e-04     2.35e+01   214.973s
2700000 +1.26436985e+07 +1.26770696e+07  3.34e+04   1.74e-04     2.38e+01   215.053s
2701000 +1.26437001e+07 +1.26770711e+07  3.34e+04   1.74e-04     2.40e+01   215.132s
2702000 +1.26437019e+07 +1.26770721e+07  3.34e+04   1.74e-04     2.42e+01   215.211s
2703000 +1.26437038e+07 +1.26770733e+07  3.34e+04   1.74e-04     2.45e+01   215.291s
2704000 +1.26437054e+07 +1.26770742e+07  3.34e+04   1.74e-04     2.48e+01   215.370s
2705000 +1.26437071e+07 +1.26770758e+07  3.34e+04   1.74e-04     2.52e+01   215.449s
2706000 +1.26437088e+07 +1.26770767e+07  3.34e+04   1.73e-04     2.55e+01   215.529s
2707000 +1.26437105e+07 +1.26770780e+07  3.34e+04   1.73e-04     2.57e+01   215.608s
2708000 +1.26437121e+07 +1.26770793e+07  3.34e+04   1.73e-04     2.61e+01   215.688s
2709000 +1.26437138e+07 +1.26770812e+07  3.34e+04   1.73e-04     2.64e+01   215.767s
2710000 +1.26437155e+07 +1.26770821e+07  3.34e+04   1.73e-04     2.67e+01   215.846s
2711000 +1.26437172e+07 +1.26770840e+07  3.34e+04   1.73e-04     2.70e+01   215.926s
2712000 +1.26437187e+07 +1.26770845e+07  3.34e+04   1.73e-04     2.72e+01   216.005s
2713000 +1.26437203e+07 +1.26770858e+07  3.34e+04   1.73e-04     2.76e+01   216.084s
2714000 +1.26437218e+07 +1.26770874e+07  3.34e+04   1.73e-04     2.78e+01   216.164s
2715000 +1.26437232e+07 +1.26770890e+07  3.34e+04   1.73e-04     2.72e+01   216.243s
2716000 +1.26437246e+07 +1.26770897e+07  3.34e+04   1.73e-04     2.71e+01   216.323s
2717000 +1.26437260e+07 +1.26770911e+07  3.34e+04   1.73e-04     2.73e+01   216.402s
2718000 +1.26437272e+07 +1.26770917e+07  3.34e+04   1.73e-04     2.76e+01   216.481s
2719000 +1.26437285e+07 +1.26770931e+07  3.34e+04   1.72e-04     2.78e+01   216.561s
2720000 +1.26437298e+07 +1.26770946e+07  3.34e+04   1.72e-04     2.81e+01   216.640s
2721000 +1.26437312e+07 +1.26770960e+07  3.34e+04   1.72e-04     2.83e+01   216.720s
2722000 +1.26437326e+07 +1.26770966e+07  3.34e+04   1.72e-04     2.86e+01   216.799s
2723000 +1.26437342e+07 +1.26770972e+07  3.34e+04   1.72e-04     2.89e+01   216.878s
2724000 +1.26437359e+07 +1.26770990e+07  3.34e+04   1.72e-04     2.92e+01   216.958s
2725000 +1.26437376e+07 +1.26771001e+07  3.34e+04   1.72e-04     2.95e+01   217.037s
2726000 +1.26437395e+07 +1.26771014e+07  3.34e+04   1.72e-04     2.96e+01   217.116s
2727000 +1.26437415e+07 +1.26771024e+07  3.34e+04   1.72e-04     2.99e+01   217.196s
2728000 +1.26437434e+07 +1.26771035e+07  3.34e+04   1.72e-04     3.01e+01   217.275s
2729000 +1.26437454e+07 +1.26771046e+07  3.34e+04   1.72e-04     3.04e+01   217.354s
2730000 +1.26437475e+07 +1.26771057e+07  3.34e+04   1.72e-04     3.06e+01   217.434s
2731000 +1.26437495e+07 +1.26771069e+07  3.34e+04   1.72e-04     3.09e+01   217.513s
2732000 +1.26437517e+07 +1.26771082e+07  3.34e+04   1.71e-04     3.12e+01   217.593s
2733000 +1.26437539e+07 +1.26771096e+07  3.34e+04   1.71e-04     3.13e+01   217.672s
2734000 +1.26437565e+07 +1.26771107e+07  3.34e+04   1.71e-04     3.16e+01   217.751s
2735000 +1.26437590e+07 +1.26771121e+07  3.34e+04   1.71e-04     3.19e+01   217.831s
2736000 +1.26437616e+07 +1.26771135e+07  3.34e+04   1.71e-04     3.21e+01   217.910s
2737000 +1.26437645e+07 +1.26771147e+07  3.34e+04   1.71e-04     3.24e+01   217.990s
2738000 +1.26437672e+07 +1.26771157e+07  3.33e+04   1.71e-04     3.27e+01   218.069s
2739000 +1.26437700e+07 +1.26771167e+07  3.33e+04   1.71e-04     3.29e+01   218.148s
2740000 +1.26437729e+07 +1.26771175e+07  3.33e+04   1.71e-04     3.28e+01   218.228s
2741000 +1.26437760e+07 +1.26771185e+07  3.33e+04   1.71e-04     3.30e+01   218.307s
2742000 +1.26437791e+07 +1.26771200e+07  3.33e+04   1.70e-04     3.31e+01   218.387s
2743000 +1.26437822e+07 +1.26771214e+07  3.33e+04   1.70e-04     3.32e+01   218.466s
2744000 +1.26437853e+07 +1.26771221e+07  3.33e+04   1.70e-04     3.34e+01   218.545s
2745000 +1.26437884e+07 +1.26771237e+07  3.33e+04   1.70e-04     3.36e+01   218.625s
2746000 +1.26437915e+07 +1.26771247e+07  3.33e+04   1.70e-04     3.38e+01   218.704s
2747000 +1.26437947e+07 +1.26771259e+07  3.33e+04   1.70e-04     3.40e+01   218.784s
2748000 +1.26437980e+07 +1.26771274e+07  3.33e+04   1.70e-04     3.42e+01   218.863s
2749000 +1.26438012e+07 +1.26771285e+07  3.33e+04   1.70e-04     3.45e+01   218.942s
2750000 +1.26438045e+07 +1.26771295e+07  3.33e+04   1.70e-04     3.47e+01   219.022s
2751000 +1.26438078e+07 +1.26771307e+07  3.33e+04   1.69e-04     3.50e+01   219.101s
2752000 +1.26438111e+07 +1.26771315e+07  3.33e+04   1.69e-04     3.52e+01   219.181s
2753000 +1.26438147e+07 +1.26771333e+07  3.33e+04   1.69e-04     3.54e+01   219.260s
2754000 +1.26438183e+07 +1.26771350e+07  3.33e+04   1.69e-04     3.57e+01   219.339s
2755000 +1.26438222e+07 +1.26771362e+07  3.33e+04   1.69e-04     3.60e+01   219.419s
2756000 +1.26438263e+07 +1.26771373e+07  3.33e+04   1.69e-04     3.62e+01   219.498s
2757000 +1.26438305e+07 +1.26771386e+07  3.33e+04   1.69e-04     3.65e+01   219.578s
2758000 +1.26438348e+07 +1.26771399e+07  3.33e+04   1.69e-04     3.68e+01   219.657s
2759000 +1.26438391e+07 +1.26771409e+07  3.33e+04   1.68e-04     3.71e+01   219.736s
2760000 +1.26438436e+07 +1.26771419e+07  3.33e+04   1.68e-04     3.73e+01   219.816s
2761000 +1.26438482e+07 +1.26771430e+07  3.33e+04   1.68e-04     3.74e+01   219.895s
2762000 +1.26438528e+07 +1.26771437e+07  3.33e+04   1.68e-04     3.77e+01   219.975s
2763000 +1.26438578e+07 +1.26771449e+07  3.33e+04   1.68e-04     3.80e+01   220.054s
2764000 +1.26438627e+07 +1.26771461e+07  3.33e+04   1.68e-04     3.83e+01   220.133s
2765000 +1.26438679e+07 +1.26771474e+07  3.33e+04   1.68e-04     3.85e+01   220.213s
2766000 +1.26438731e+07 +1.26771485e+07  3.33e+04   1.68e-04     3.86e+01   220.292s
2767000 +1.26438785e+07 +1.26771497e+07  3.33e+04   1.67e-04     3.88e+01   220.371s
2768000 +1.26438838e+07 +1.26771503e+07  3.33e+04   1.67e-04     3.89e+01   220.451s
2769000 +1.26438895e+07 +1.26771517e+07  3.33e+04   1.67e-04     3.90e+01   220.530s
2770000 +1.26438950e+07 +1.26771523e+07  3.33e+04   1.67e-04     3.92e+01   220.609s
2771000 +1.26439009e+07 +1.26771532e+07  3.33e+04   1.67e-04     3.93e+01   220.689s
2772000 +1.26439066e+07 +1.26771542e+07  3.32e+04   1.67e-04     3.96e+01   220.768s
2773000 +1.26439130e+07 +1.26771554e+07  3.32e+04   1.67e-04     3.98e+01   220.848s
2774000 +1.26439190e+07 +1.26771565e+07  3.32e+04   1.66e-04     4.01e+01   220.927s
2775000 +1.26439255e+07 +1.26771577e+07  3.32e+04   1.66e-04     4.03e+01   221.006s
2776000 +1.26439321e+07 +1.26771589e+07  3.32e+04   1.66e-04     4.04e+01   221.086s
2777000 +1.26439390e+07 +1.26771595e+07  3.32e+04   1.66e-04     4.07e+01   221.165s
2778000 +1.26439460e+07 +1.26771607e+07  3.32e+04   1.66e-04     4.10e+01   221.245s
2779000 +1.26439531e+07 +1.26771614e+07  3.32e+04   1.66e-04     4.13e+01   221.324s
2780000 +1.26439603e+07 +1.26771624e+07  3.32e+04   1.66e-04     4.15e+01   221.403s
2781000 +1.26439677e+07 +1.26771626e+07  3.32e+04   1.65e-04     4.17e+01   221.483s
2782000 +1.26439753e+07 +1.26771639e+07  3.32e+04   1.65e-04     4.20e+01   221.562s
2783000 +1.26439829e+07 +1.26771645e+07  3.32e+04   1.65e-04     4.22e+01   221.642s
2784000 +1.26439909e+07 +1.26771651e+07  3.32e+04   1.65e-04     4.23e+01   221.721s
2785000 +1.26439990e+07 +1.26771663e+07  3.32e+04   1.65e-04     4.26e+01   221.800s
2786000 +1.26440072e+07 +1.26771671e+07  3.32e+04   1.65e-04     4.28e+01   221.880s
2787000 +1.26440158e+07 +1.26771685e+07  3.32e+04   1.65e-04     4.30e+01   221.959s
2788000 +1.26440244e+07 +1.26771695e+07  3.31e+04   1.64e-04     4.33e+01   222.039s
2789000 +1.26440333e+07 +1.26771707e+07  3.31e+04   1.64e-04     4.35e+01   222.118s
2790000 +1.26440426e+07 +1.26771718e+07  3.31e+04   1.64e-04     4.38e+01   222.197s
2791000 +1.26440520e+07 +1.26771730e+07  3.31e+04   1.64e-04     4.40e+01   222.277s
2792000 +1.26440616e+07 +1.26771742e+07  3.31e+04   1.64e-04     4.43e+01   222.356s
2793000 +1.26440716e+07 +1.26771761e+07  3.31e+04   1.64e-04     4.45e+01   222.436s
2794000 +1.26440816e+07 +1.26771775e+07  3.31e+04   1.63e-04     4.47e+01   222.515s
2795000 +1.26440920e+07 +1.26771788e+07  3.31e+04   1.63e-04     4.49e+01   222.594s
2796000 +1.26441029e+07 +1.26771802e+07  3.31e+04   1.63e-04     4.51e+01   222.674s
2797000 +1.26441140e+07 +1.26771813e+07  3.31e+04   1.63e-04     4.53e+01   222.753s
2798000 +1.26441252e+07 +1.26771827e+07  3.31e+04   1.63e-04     4.56e+01   222.832s
2799000 +1.26441368e+07 +1.26771837e+07  3.30e+04   1.63e-04     4.59e+01   222.912s
2800000 +1.26441486e+07 +1.26771851e+07  3.30e+04   1.63e-04     4.60e+01   222.991s
2801000 +1.26441607e+07 +1.26771863e+07  3.30e+04   1.62e-04     4.62e+01   223.071s
2802000 +1.26441731e+07 +1.26771882e+07  3.30e+04   1.62e-04     4.64e+01   223.150s
2803000 +1.26441859e+07 +1.26771896e+07  3.30e+04   1.62e-04     4.66e+01   223.229s
2804000 +1.26441992e+07 +1.26771915e+07  3.30e+04   1.62e-04     4.69e+01   223.309s
2805000 +1.26442127e+07 +1.26771933e+07  3.30e+04   1.62e-04     4.72e+01   223.388s
2806000 +1.26442266e+07 +1.26771942e+07  3.30e+04   1.62e-04     4.73e+01   223.468s
2807000 +1.26442407e+07 +1.26771954e+07  3.30e+04   1.61e-04     4.76e+01   223.547s
2808000 +1.26442552e+07 +1.26771967e+07  3.29e+04   1.61e-04     4.78e+01   223.626s
2809000 +1.26442702e+07 +1.26771980e+07  3.29e+04   1.61e-04     4.81e+01   223.706s
2810000 +1.26442854e+07 +1.26771996e+07  3.29e+04   1.61e-04     4.83e+01   223.785s
2811000 +1.26443009e+07 +1.26772015e+07  3.29e+04   1.61e-04     4.85e+01   223.864s
2812000 +1.26443169e+07 +1.26772026e+07  3.29e+04   1.61e-04     4.88e+01   223.944s
2813000 +1.26443329e+07 +1.26772041e+07  3.29e+04   1.61e-04     4.90e+01   224.023s
2814000 +1.26443494e+07 +1.26772053e+07  3.29e+04   1.60e-04     4.92e+01   224.103s
2815000 +1.26443663e+07 +1.26772066e+07  3.28e+04   1.60e-04     4.94e+01   224.182s
2816000 +1.26443836e+07 +1.26772082e+07  3.28e+04   1.60e-04     4.96e+01   224.262s
2817000 +1.26444011e+07 +1.26772094e+07  3.28e+04   1.60e-04     4.99e+01   224.341s
2818000 +1.26444189e+07 +1.26772107e+07  3.28e+04   1.60e-04     5.01e+01   224.420s
2819000 +1.26444372e+07 +1.26772118e+07  3.28e+04   1.60e-04     5.04e+01   224.500s
2820000 +1.26444555e+07 +1.26772130e+07  3.28e+04   1.59e-04     5.05e+01   224.579s
2821000 +1.26444746e+07 +1.26772141e+07  3.27e+04   1.59e-04     5.08e+01   224.658s
2822000 +1.26444940e+07 +1.26772154e+07  3.27e+04   1.59e-04     5.10e+01   224.738s
2823000 +1.26445137e+07 +1.26772168e+07  3.27e+04   1.59e-04     5.13e+01   224.817s
2824000 +1.26445339e+07 +1.26772185e+07  3.27e+04   1.59e-04     5.16e+01   224.897s
2825000 +1.26445542e+07 +1.26772192e+07  3.27e+04   1.59e-04     5.19e+01   224.976s
2826000 +1.26445752e+07 +1.26772202e+07  3.26e+04   1.59e-04     5.21e+01   225.055s
2827000 +1.26445966e+07 +1.26772211e+07  3.26e+04   1.58e-04     5.23e+01   225.135s
2828000 +1.26446181e+07 +1.26772228e+07  3.26e+04   1.58e-04     5.26e+01   225.214s
2829000 +1.26446400e+07 +1.26772239e+07  3.26e+04   1.58e-04     5.29e+01   225.294s
2830000 +1.26446621e+07 +1.26772248e+07  3.26e+04   1.58e-04     5.31e+01   225.373s
2831000 +1.26446850e+07 +1.26772258e+07  3.25e+04   1.58e-04     5.35e+01   225.452s
2832000 +1.26447084e+07 +1.26772272e+07  3.25e+04   1.58e-04     5.37e+01   225.532s
2833000 +1.26447319e+07 +1.26772286e+07  3.25e+04   1.58e-04     5.40e+01   225.611s
2834000 +1.26447559e+07 +1.26772294e+07  3.25e+04   1.57e-04     5.43e+01   225.691s
2835000 +1.26447800e+07 +1.26772303e+07  3.25e+04   1.57e-04     5.45e+01   225.770s
2836000 +1.26448050e+07 +1.26772318e+07  3.24e+04   1.57e-04     5.48e+01   225.849s
2837000 +1.26448304e+07 +1.26772334e+07  3.24e+04   1.57e-04     5.51e+01   225.929s
2838000 +1.26448563e+07 +1.26772346e+07  3.24e+04   1.57e-04     5.54e+01   226.008s
2839000 +1.26448828e+07 +1.26772355e+07  3.24e+04   1.57e-04     5.57e+01   226.087s
2840000 +1.26449096e+07 +1.26772361e+07  3.23e+04   1.56e-04     5.59e+01   226.167s
2841000 +1.26449370e+07 +1.26772371e+07  3.23e+04   1.56e-04     5.62e+01   226.246s
2842000 +1.26449645e+07 +1.26772379e+07  3.23e+04   1.56e-04     5.65e+01   226.325s
2843000 +1.26449926e+07 +1.26772392e+07  3.22e+04   1.56e-04     5.67e+01   226.405s
2844000 +1.26450212e+07 +1.26772401e+07  3.22e+04   1.56e-04     5.70e+01   226.484s
2845000 +1.26450506e+07 +1.26772414e+07  3.22e+04   1.56e-04     5.73e+01   226.564s
2846000 +1.26450805e+07 +1.26772420e+07  3.22e+04   1.56e-04     5.76e+01   226.643s
2847000 +1.26451105e+07 +1.26772422e+07  3.21e+04   1.55e-04     5.79e+01   226.722s
2848000 +1.26451407e+07 +1.26772427e+07  3.21e+04   1.55e-04     5.81e+01   226.802s
2849000 +1.26451713e+07 +1.26772438e+07  3.21e+04   1.55e-04     5.83e+01   226.881s
2850000 +1.26452025e+07 +1.26772446e+07  3.20e+04   1.55e-04     5.86e+01   226.961s
2851000 +1.26452341e+07 +1.26772456e+07  3.20e+04   1.55e-04     5.90e+01   227.040s
2852000 +1.26452664e+07 +1.26772466e+07  3.20e+04   1.55e-04     5.93e+01   227.119s
2853000 +1.26452987e+07 +1.26772473e+07  3.19e+04   1.54e-04     5.96e+01   227.199s
2854000 +1.26453315e+07 +1.26772479e+07  3.19e+04   1.54e-04     5.99e+01   227.278s
2855000 +1.26453647e+07 +1.26772489e+07  3.19e+04   1.54e-04     6.02e+01   227.358s
2856000 +1.26453983e+07 +1.26772499e+07  3.19e+04   1.54e-04     6.05e+01   227.437s
2857000 +1.26454323e+07 +1.26772511e+07  3.18e+04   1.54e-04     6.09e+01   227.516s
2858000 +1.26454668e+07 +1.26772517e+07  3.18e+04   1.54e-04     6.12e+01   227.598s
2859000 +1.26455023e+07 +1.26772523e+07  3.18e+04   1.54e-04     6.14e+01   227.677s
2860000 +1.26455378e+07 +1.26772529e+07  3.17e+04   1.53e-04     6.17e+01   227.756s
2861000 +1.26455668e+07 +1.26772524e+07  3.17e+04   1.53e-04     6.33e+01   227.836s
2862000 +1.26455679e+07 +1.26772603e+07  3.17e+04   1.53e-04     7.40e+01   227.916s
2863000 +1.26455694e+07 +1.26772662e+07  3.17e+04   1.53e-04     8.69e+01   227.995s
2864000 +1.26455714e+07 +1.26772712e+07  3.17e+04   1.53e-04     1.01e+02   228.075s
2865000 +1.26455740e+07 +1.26772748e+07  3.17e+04   1.53e-04     1.16e+02   228.154s
2866000 +1.26455772e+07 +1.26772754e+07  3.17e+04   1.53e-04     1.33e+02   228.233s
2867000 +1.26455813e+07 +1.26772743e+07  3.17e+04   1.53e-04     1.51e+02   228.313s
2868000 +1.26455863e+07 +1.26772712e+07  3.17e+04   1.53e-04     1.70e+02   228.392s
2869000 +1.26455925e+07 +1.26772660e+07  3.17e+04   1.53e-04     1.89e+02   228.472s
2870000 +1.26455999e+07 +1.26772586e+07  3.17e+04   1.53e-04     2.09e+02   228.551s
2871000 +1.26456087e+07 +1.26772483e+07  3.16e+04   1.53e-04     2.30e+02   228.631s
2872000 +1.26456191e+07 +1.26772365e+07  3.16e+04   1.53e-04     2.52e+02   228.710s
2873000 +1.26456311e+07 +1.26772230e+07  3.16e+04   1.53e-04     2.75e+02   228.789s
2874000 +1.26456447e+07 +1.26772072e+07  3.16e+04   1.53e-04     2.97e+02   228.869s
2875000 +1.26456600e+07 +1.26771913e+07  3.15e+04   1.53e-04     3.21e+02   228.948s
2876000 +1.26456769e+07 +1.26771737e+07  3.15e+04   1.53e-04     3.44e+02   229.028s
2877000 +1.26456956e+07 +1.26771570e+07  3.15e+04   1.53e-04     3.68e+02   229.107s
2878000 +1.26457161e+07 +1.26771391e+07  3.14e+04   1.53e-04     3.92e+02   229.187s
2879000 +1.26457385e+07 +1.26771192e+07  3.14e+04   1.53e-04     4.17e+02   229.266s
2880000 +1.26457629e+07 +1.26770984e+07  3.13e+04   1.53e-04     4.42e+02   229.345s
2881000 +1.26457895e+07 +1.26770770e+07  3.13e+04   1.53e-04     4.68e+02   229.425s
2882000 +1.26458186e+07 +1.26770540e+07  3.12e+04   1.53e-04     4.94e+02   229.504s
2883000 +1.26458504e+07 +1.26770307e+07  3.12e+04   1.52e-04     5.20e+02   229.584s
2884000 +1.26458853e+07 +1.26770083e+07  3.11e+04   1.52e-04     5.48e+02   229.663s
2885000 +1.26459234e+07 +1.26769856e+07  3.11e+04   1.52e-04     5.77e+02   229.743s
2886000 +1.26459651e+07 +1.26769646e+07  3.10e+04   1.52e-04     6.06e+02   229.822s
2887000 +1.26460106e+07 +1.26769416e+07  3.09e+04   1.52e-04     6.35e+02   229.901s
2888000 +1.26460601e+07 +1.26769162e+07  3.09e+04   1.52e-04     6.65e+02   229.981s
2889000 +1.26461139e+07 +1.26768903e+07  3.08e+04   1.51e-04     6.97e+02   230.060s
2890000 +1.26461726e+07 +1.26768623e+07  3.07e+04   1.51e-04     7.28e+02   230.140s
2891000 +1.26462362e+07 +1.26768299e+07  3.06e+04   1.51e-04     7.60e+02   230.219s
2892000 +1.26463051e+07 +1.26767947e+07  3.05e+04   1.51e-04     7.90e+02   230.299s
2893000 +1.26463793e+07 +1.26767612e+07  3.04e+04   1.50e-04     8.23e+02   230.378s
2894000 +1.26464587e+07 +1.26767247e+07  3.03e+04   1.50e-04     8.56e+02   230.458s
2895000 +1.26465436e+07 +1.26766869e+07  3.01e+04   1.50e-04     8.87e+02   230.537s
2896000 +1.26466340e+07 +1.26766464e+07  3.00e+04   1.49e-04     9.20e+02   230.616s
2897000 +1.26467296e+07 +1.26766051e+07  2.99e+04   1.49e-04     9.50e+02   230.696s
2898000 +1.26468304e+07 +1.26765624e+07  2.97e+04   1.48e-04     9.82e+02   230.775s
2899000 +1.26469360e+07 +1.26765181e+07  2.96e+04   1.48e-04     1.01e+03   230.855s
2900000 +1.26470464e+07 +1.26764705e+07  2.94e+04   1.48e-04     1.04e+03   230.934s
2901000 +1.26471614e+07 +1.26764250e+07  2.93e+04   1.47e-04     1.07e+03   231.013s
2902000 +1.26472807e+07 +1.26763784e+07  2.91e+04   1.47e-04     1.10e+03   231.093s
2903000 +1.26474042e+07 +1.26763270e+07  2.89e+04   1.47e-04     1.12e+03   231.172s
2904000 +1.26475316e+07 +1.26762761e+07  2.87e+04   1.46e-04     1.15e+03   231.252s
2905000 +1.26476627e+07 +1.26762225e+07  2.86e+04   1.46e-04     1.17e+03   231.331s
2906000 +1.26477971e+07 +1.26761723e+07  2.84e+04   1.46e-04     1.20e+03   231.411s
2907000 +1.26479347e+07 +1.26761326e+07  2.82e+04   1.45e-04     1.22e+03   231.490s
2908000 +1.26480750e+07 +1.26760920e+07  2.80e+04   1.45e-04     1.24e+03   231.569s
2909000 +1.26482172e+07 +1.26760600e+07  2.78e+04   1.44e-04     1.27e+03   231.649s
2910000 +1.26483612e+07 +1.26760298e+07  2.77e+04   1.44e-04     1.30e+03   231.728s
2911000 +1.26485072e+07 +1.26759956e+07  2.75e+04   1.44e-04     1.31e+03   231.808s
2912000 +1.26486543e+07 +1.26759644e+07  2.73e+04   1.43e-04     1.33e+03   231.887s
2913000 +1.26488015e+07 +1.26759460e+07  2.71e+04   1.43e-04     1.35e+03   231.967s
2914000 +1.26489487e+07 +1.26759263e+07  2.70e+04   1.42e-04     1.37e+03   232.046s
2915000 +1.26490960e+07 +1.26759031e+07  2.68e+04   1.42e-04     1.39e+03   232.126s
2916000 +1.26492428e+07 +1.26758844e+07  2.66e+04   1.42e-04     1.41e+03   232.205s
2917000 +1.26493885e+07 +1.26758673e+07  2.65e+04   1.41e-04     1.43e+03   232.284s
2918000 +1.26495336e+07 +1.26758461e+07  2.63e+04   1.40e-04     1.45e+03   232.364s
2919000 +1.26496774e+07 +1.26758335e+07  2.62e+04   1.40e-04     1.47e+03   232.443s
2920000 +1.26498200e+07 +1.26758149e+07  2.60e+04   1.39e-04     1.49e+03   232.523s
2921000 +1.26499615e+07 +1.26757953e+07  2.58e+04   1.39e-04     1.51e+03   232.602s
2922000 +1.26501014e+07 +1.26757713e+07  2.57e+04   1.38e-04     1.53e+03   232.682s
2923000 +1.26502400e+07 +1.26757494e+07  2.55e+04   1.37e-04     1.54e+03   232.761s
2924000 +1.26503777e+07 +1.26757309e+07  2.54e+04   1.37e-04     1.56e+03   232.841s
2925000 +1.26505141e+07 +1.26757106e+07  2.52e+04   1.36e-04     1.58e+03   232.920s
2926000 +1.26506492e+07 +1.26756909e+07  2.50e+04   1.35e-04     1.61e+03   233.000s
2927000 +1.26507832e+07 +1.26756639e+07  2.49e+04   1.35e-04     1.63e+03   233.079s
2928000 +1.26509167e+07 +1.26756392e+07  2.47e+04   1.34e-04     1.65e+03   233.159s
2929000 +1.26510497e+07 +1.26756092e+07  2.46e+04   1.33e-04     1.67e+03   233.238s
2930000 +1.26511820e+07 +1.26755829e+07  2.44e+04   1.33e-04     1.69e+03   233.318s
2931000 +1.26513135e+07 +1.26755545e+07  2.42e+04   1.32e-04     1.71e+03   233.397s
2932000 +1.26514451e+07 +1.26755266e+07  2.41e+04   1.31e-04     1.73e+03   233.476s
2933000 +1.26515771e+07 +1.26754969e+07  2.39e+04   1.30e-04     1.75e+03   233.556s
2934000 +1.26517096e+07 +1.26754661e+07  2.38e+04   1.30e-04     1.77e+03   233.635s
2935000 +1.26518430e+07 +1.26754378e+07  2.36e+04   1.29e-04     1.79e+03   233.715s
2936000 +1.26519775e+07 +1.26754120e+07  2.34e+04   1.28e-04     1.81e+03   233.794s
2937000 +1.26521136e+07 +1.26753881e+07  2.33e+04   1.27e-04     1.82e+03   233.874s
2938000 +1.26522513e+07 +1.26753641e+07  2.31e+04   1.26e-04     1.84e+03   233.953s
2939000 +1.26523914e+07 +1.26753366e+07  2.29e+04   1.26e-04     1.86e+03   234.032s
2940000 +1.26525340e+07 +1.26753083e+07  2.28e+04   1.25e-04     1.88e+03   234.112s
2941000 +1.26526793e+07 +1.26752809e+07  2.26e+04   1.24e-04     1.88e+03   234.191s
2942000 +1.26528274e+07 +1.26752574e+07  2.24e+04   1.23e-04     1.90e+03   234.271s
2943000 +1.26529783e+07 +1.26752172e+07  2.22e+04   1.22e-04     1.91e+03   234.350s
2944000 +1.26531320e+07 +1.26751798e+07  2.20e+04   1.21e-04     1.92e+03   234.429s
2945000 +1.26532887e+07 +1.26751484e+07  2.19e+04   1.21e-04     1.94e+03   234.509s
2946000 +1.26534487e+07 +1.26751092e+07  2.17e+04   1.20e-04     1.96e+03   234.588s
2947000 +1.26536120e+07 +1.26750690e+07  2.15e+04   1.19e-04     1.97e+03   234.668s
2948000 +1.26537779e+07 +1.26750171e+07  2.12e+04   1.18e-04     1.98e+03   234.747s
2949000 +1.26539463e+07 +1.26749673e+07  2.10e+04   1.17e-04     1.97e+03   234.827s
2950000 +1.26541171e+07 +1.26749243e+07  2.08e+04   1.16e-04     1.97e+03   234.906s
2951000 +1.26542907e+07 +1.26748747e+07  2.06e+04   1.16e-04     1.99e+03   234.986s
2952000 +1.26544668e+07 +1.26748223e+07  2.04e+04   1.15e-04     2.00e+03   235.065s
2953000 +1.26546453e+07 +1.26747705e+07  2.01e+04   1.14e-04     2.01e+03   235.144s
2954000 +1.26548255e+07 +1.26747238e+07  1.99e+04   1.13e-04     2.02e+03   235.224s
2955000 +1.26550076e+07 +1.26746819e+07  1.97e+04   1.12e-04     2.03e+03   235.303s
2956000 +1.26551906e+07 +1.26746450e+07  1.95e+04   1.12e-04     2.04e+03   235.383s
2957000 +1.26553751e+07 +1.26746027e+07  1.92e+04   1.11e-04     2.05e+03   235.462s
2958000 +1.26555601e+07 +1.26745518e+07  1.90e+04   1.10e-04     2.06e+03   235.542s
2959000 +1.26557462e+07 +1.26745154e+07  1.88e+04   1.09e-04     2.07e+03   235.621s
2960000 +1.26559328e+07 +1.26744867e+07  1.86e+04   1.09e-04     2.09e+03   235.701s
2961000 +1.26561193e+07 +1.26744696e+07  1.84e+04   1.08e-04     2.10e+03   235.780s
2962000 +1.26563050e+07 +1.26744533e+07  1.81e+04   1.07e-04     2.11e+03   235.859s
2963000 +1.26564903e+07 +1.26744403e+07  1.79e+04   1.06e-04     2.12e+03   235.939s
2964000 +1.26566752e+07 +1.26744284e+07  1.78e+04   1.06e-04     2.14e+03   236.018s
2965000 +1.26568599e+07 +1.26744102e+07  1.76e+04   1.05e-04     2.15e+03   236.098s
2966000 +1.26570438e+07 +1.26743832e+07  1.73e+04   1.04e-04     2.16e+03   236.177s
2967000 +1.26572265e+07 +1.26743755e+07  1.71e+04   1.03e-04     2.17e+03   236.257s
2968000 +1.26574080e+07 +1.26743716e+07  1.70e+04   1.02e-04     2.18e+03   236.336s
2969000 +1.26575889e+07 +1.26743575e+07  1.68e+04   1.01e-04     2.19e+03   236.416s
2970000 +1.26577685e+07 +1.26743419e+07  1.66e+04   1.01e-04     2.20e+03   236.495s
2971000 +1.26579466e+07 +1.26743282e+07  1.64e+04   9.96e-05     2.21e+03   236.574s
2972000 +1.26581233e+07 +1.26743148e+07  1.62e+04   9.87e-05     2.22e+03   236.654s
2973000 +1.26582985e+07 +1.26742969e+07  1.60e+04   9.78e-05     2.23e+03   236.733s
2974000 +1.26584719e+07 +1.26742757e+07  1.58e+04   9.68e-05     2.24e+03   236.813s
2975000 +1.26586440e+07 +1.26742515e+07  1.56e+04   9.59e-05     2.25e+03   236.892s
2976000 +1.26588152e+07 +1.26742295e+07  1.54e+04   9.50e-05     2.26e+03   236.971s
2977000 +1.26589857e+07 +1.26742043e+07  1.52e+04   9.40e-05     2.27e+03   237.051s
2978000 +1.26591556e+07 +1.26741769e+07  1.50e+04   9.31e-05     2.27e+03   237.130s
2979000 +1.26593246e+07 +1.26741552e+07  1.48e+04   9.22e-05     2.28e+03   237.210s
2980000 +1.26594928e+07 +1.26741358e+07  1.46e+04   9.12e-05     2.29e+03   237.289s
2981000 +1.26596605e+07 +1.26741118e+07  1.45e+04   9.03e-05     2.30e+03   237.369s
2982000 +1.26598283e+07 +1.26740887e+07  1.43e+04   8.94e-05     2.31e+03   237.448s
2983000 +1.26599968e+07 +1.26740616e+07  1.41e+04   8.85e-05     2.32e+03   237.528s
2984000 +1.26601658e+07 +1.26740363e+07  1.39e+04   8.75e-05     2.32e+03   237.607s
2985000 +1.26603355e+07 +1.26740187e+07  1.37e+04   8.66e-05     2.33e+03   237.687s
2986000 +1.26605065e+07 +1.26739997e+07  1.35e+04   8.57e-05     2.34e+03   237.766s
2987000 +1.26606789e+07 +1.26739825e+07  1.33e+04   8.47e-05     2.35e+03   237.845s
2988000 +1.26608527e+07 +1.26739596e+07  1.31e+04   8.38e-05     2.36e+03   237.925s
2989000 +1.26610280e+07 +1.26739404e+07  1.29e+04   8.29e-05     2.37e+03   238.004s
2990000 +1.26612056e+07 +1.26739171e+07  1.27e+04   8.19e-05     2.37e+03   238.084s
2991000 +1.26613851e+07 +1.26738992e+07  1.25e+04   8.09e-05     2.38e+03   238.163s
2992000 +1.26615665e+07 +1.26738814e+07  1.23e+04   8.00e-05     2.39e+03   238.243s
2993000 +1.26617500e+07 +1.26738590e+07  1.21e+04   7.90e-05     2.40e+03   238.322s
2994000 +1.26619358e+07 +1.26738347e+07  1.19e+04   7.81e-05     2.40e+03   238.402s
2995000 +1.26621237e+07 +1.26738004e+07  1.17e+04   7.71e-05     2.41e+03   238.481s
2996000 +1.26623139e+07 +1.26737784e+07  1.15e+04   7.61e-05     2.42e+03   238.561s
2997000 +1.26625060e+07 +1.26737538e+07  1.12e+04   7.51e-05     2.42e+03   238.640s
2998000 +1.26626997e+07 +1.26737281e+07  1.10e+04   7.42e-05     2.43e+03   238.719s
2999000 +1.26628951e+07 +1.26737007e+07  1.08e+04   7.32e-05     2.43e+03   238.799s
3000000 +1.26630923e+07 +1.26736732e+07  1.06e+04   7.23e-05     2.44e+03   238.878s
3001000 +1.26632906e+07 +1.26736403e+07  1.03e+04   7.13e-05     2.44e+03   238.958s
3002000 +1.26634903e+07 +1.26736121e+07  1.01e+04   7.04e-05     2.45e+03   239.037s
3003000 +1.26636909e+07 +1.26735871e+07  9.90e+03   6.95e-05     2.45e+03   239.117s
3004000 +1.26638918e+07 +1.26735677e+07  9.68e+03   6.86e-05     2.45e+03   239.196s
3005000 +1.26640929e+07 +1.26735295e+07  9.44e+03   6.77e-05     2.45e+03   239.275s
3006000 +1.26642940e+07 +1.26735090e+07  9.21e+03   6.68e-05     2.45e+03   239.355s
3007000 +1.26644952e+07 +1.26734930e+07  9.00e+03   6.60e-05     2.46e+03   239.434s
3008000 +1.26646963e+07 +1.26734731e+07  8.78e+03   6.51e-05     2.46e+03   239.514s
3009000 +1.26648969e+07 +1.26734625e+07  8.57e+03   6.42e-05     2.46e+03   239.593s
3010000 +1.26650965e+07 +1.26734588e+07  8.36e+03   6.33e-05     2.46e+03   239.673s
3011000 +1.26652956e+07 +1.26734477e+07  8.15e+03   6.24e-05     2.47e+03   239.752s
3012000 +1.26654943e+07 +1.26734472e+07  7.95e+03   6.16e-05     2.47e+03   239.831s
3013000 +1.26656921e+07 +1.26734426e+07  7.75e+03   6.07e-05     2.47e+03   239.913s
3014000 +1.26658881e+07 +1.26734416e+07  7.55e+03   5.98e-05     2.47e+03   239.993s
3015000 +1.26660826e+07 +1.26734442e+07  7.36e+03   5.89e-05     2.47e+03   240.072s
3016000 +1.26662755e+07 +1.26734470e+07  7.17e+03   5.79e-05     2.47e+03   240.151s
3017000 +1.26664667e+07 +1.26734461e+07  6.98e+03   5.70e-05     2.47e+03   240.231s
3018000 +1.26666562e+07 +1.26734429e+07  6.79e+03   5.61e-05     2.47e+03   240.310s
3019000 +1.26668438e+07 +1.26734391e+07  6.60e+03   5.51e-05     2.47e+03   240.390s
3020000 +1.26670296e+07 +1.26734417e+07  6.41e+03   5.42e-05     2.47e+03   240.469s
3021000 +1.26672135e+07 +1.26734406e+07  6.23e+03   5.33e-05     2.47e+03   240.549s
3022000 +1.26673955e+07 +1.26734375e+07  6.04e+03   5.23e-05     2.47e+03   240.628s
3023000 +1.26675757e+07 +1.26734336e+07  5.86e+03   5.14e-05     2.46e+03   240.708s
3024000 +1.26677538e+07 +1.26734263e+07  5.67e+03   5.05e-05     2.46e+03   240.787s
3025000 +1.26679301e+07 +1.26734210e+07  5.49e+03   4.95e-05     2.46e+03   240.866s
3026000 +1.26681049e+07 +1.26734187e+07  5.31e+03   4.86e-05     2.46e+03   240.946s
3027000 +1.26682775e+07 +1.26734169e+07  5.14e+03   4.77e-05     2.46e+03   241.025s
3028000 +1.26684486e+07 +1.26734097e+07  4.96e+03   4.68e-05     2.45e+03   241.105s
3029000 +1.26686183e+07 +1.26734015e+07  4.78e+03   4.59e-05     2.45e+03   241.184s
3030000 +1.26687868e+07 +1.26733952e+07  4.61e+03   4.50e-05     2.45e+03   241.264s
3031000 +1.26689543e+07 +1.26733901e+07  4.44e+03   4.41e-05     2.45e+03   241.343s
3032000 +1.26691207e+07 +1.26733836e+07  4.26e+03   4.33e-05     2.44e+03   241.422s
3033000 +1.26692861e+07 +1.26733833e+07  4.10e+03   4.24e-05     2.44e+03   241.502s
3034000 +1.26694509e+07 +1.26733780e+07  3.93e+03   4.15e-05     2.44e+03   241.581s
3035000 +1.26696153e+07 +1.26733759e+07  3.76e+03   4.07e-05     2.43e+03   241.661s
3036000 +1.26697797e+07 +1.26733725e+07  3.59e+03   3.98e-05     2.43e+03   241.740s
3037000 +1.26699439e+07 +1.26733706e+07  3.43e+03   3.90e-05     2.43e+03   241.820s
3038000 +1.26701077e+07 +1.26733735e+07  3.27e+03   3.81e-05     2.42e+03   241.899s
3039000 +1.26702717e+07 +1.26733695e+07  3.10e+03   3.72e-05     2.42e+03   241.978s
3040000 +1.26704359e+07 +1.26733686e+07  2.93e+03   3.64e-05     2.42e+03   242.058s
3041000 +1.26706000e+07 +1.26733682e+07  2.77e+03   3.56e-05     2.41e+03   242.137s
3042000 +1.26707642e+07 +1.26733652e+07  2.60e+03   3.47e-05     2.41e+03   242.217s
3042400 +1.26708300e+07 +1.26733594e+07  2.53e+03   3.44e-05     2.41e+03   242.248s
LP Solver status:                Optimal
Primal objective:                +1.26708300e+07
Dual objective:                  +1.26733594e+07
Duality gap (abs/rel):           +2.53e+03 / +9.98e-05
Primal infeasibility (abs/rel):  +3.44e-05 / +1.13e-06
Dual infeasibility (abs/rel):    +2.41e+03 / +4.08e-05
PDLP finished
Status: Optimal   Objective: 1.26708300e+07  Iterations: 3042400  Time: 242.250s

### exit_code=0
### finished=2026-07-31T15:50:59.200935
### gpu_peak_mb=2266.4
### gpu_peak2_mb=0.0
### per_gpu_peak_mb=[2266.375]
