### solver=cuopt-base
### instance=/home/scratch.vmostovoi_gpu/datasets/zen-garden-eur-PI-28-200ts.mps
### n_gpus=1
### CUDA_VISIBLE_DEVICES=0
### started=2026-07-24T06:46:10.698003
### argv=/home/scratch.vmostovoi_gpu/mostovoi_cuopt/cpp/build/cuopt_cli --method 1 --mps-reader experimental-fast --time-limit 3600 --iteration-limit 1000000000 --relative-primal-tolerance 1e-4 --relative-dual-tolerance 1e-4 --relative-gap-tolerance 1e-4 --log-to-console true /home/scratch.vmostovoi_gpu/datasets/zen-garden-eur-PI-28-200ts.mps
### --- solver output ---
Setting parameter iteration_limit to 1000000000
Setting parameter log_to_console to true
Setting parameter method to 1
Setting parameter relative_dual_tolerance to 1.000000e-04
Setting parameter relative_gap_tolerance to 1.000000e-04
Setting parameter relative_primal_tolerance to 1.000000e-04
Setting parameter time_limit to 3.600000e+03
Reading file zen-garden-eur-PI-28-200ts.mps
Using experimental fast MPS parser for '/home/scratch.vmostovoi_gpu/datasets/zen-garden-eur-PI-28-200ts.mps'
Read file zen-garden-eur-PI-28-200ts.mps in 6.30 seconds
cuOpt version: 26.8.0, git hash: 7116ead1, host arch: x86_64, device archs: 100a-real
CPU: INTEL(R) XEON(R) PLATINUM 8570, threads (physical/logical): 112/224, RAM: 1636.08 GiB
CUDA 13.3, device: NVIDIA B200 (ID 0), VRAM: 178.34 GiB
CUDA device UUID: f36553ec-83f5-0954-de1e-14020b44a6e2
Solving a problem with 28039451 constraints, 25871640 variables (0 integers), and 76751888 nonzeros
Problem scaling:
Objective coefficents range:          [1e+00, 1e+00]
Constraint matrix coefficients range: [2e-05, 6e+03]
Constraint rhs / bounds range:        [2e-04, 2e+05]
Variable bounds range:                [0e+00, 0e+00]
Warning: input problem contains a large range of coefficients: consider reformulating to avoid numerical difficulties.

Using PSLP presolver
PSLP Presolved problem: 8987947 constraints, 7226130 variables, 29562468 non-zeros
PSLP presolve time: 15.84s
Objective offset -428006.709616 scaling_factor 1.000000
   Iter    Primal Obj.      Dual Obj.    Gap        Primal Res.  Dual Res.   Time
      0 -4.28006710e+05 -4.28006710e+05  0.00e+00   1.13e+04     1.82e+06   16.391s
   1000 +5.38281105e+06 +5.13359763e+06  2.49e+05   5.22e+03     1.05e+03   16.988s
   2000 +5.26766347e+06 +5.55070057e+06  2.83e+05   5.58e+03     1.63e+02   17.471s
   3000 +5.21174096e+06 +5.52275162e+06  3.11e+05   5.50e+03     1.12e+02   17.954s
   4000 +5.17537406e+06 +5.52427118e+06  3.49e+05   5.38e+03     9.22e+01   18.436s
   5000 +5.15029095e+06 +5.52051286e+06  3.70e+05   5.28e+03     7.42e+01   18.918s
   6000 +5.13971654e+06 +5.50904569e+06  3.69e+05   5.18e+03     5.64e+01   19.400s
   7000 +5.13756106e+06 +5.51643158e+06  3.79e+05   5.08e+03     4.44e+01   19.882s
   8000 +5.13953006e+06 +5.54419339e+06  4.05e+05   4.94e+03     4.07e+01   20.363s
   9000 +5.14313268e+06 +5.56635326e+06  4.23e+05   4.81e+03     3.56e+01   20.845s
  10000 +5.14853682e+06 +5.61728296e+06  4.69e+05   4.72e+03     4.04e+01   21.328s
  11000 +5.15919662e+06 +5.68268530e+06  5.23e+05   4.57e+03     4.21e+01   21.804s
  12000 +5.17360166e+06 +5.74345668e+06  5.70e+05   4.40e+03     4.46e+01   22.280s
  13000 +5.19068863e+06 +5.79752776e+06  6.07e+05   4.23e+03     4.51e+01   22.756s
  14000 +5.20840813e+06 +5.84657567e+06  6.38e+05   4.06e+03     4.51e+01   23.232s
  15000 +5.22183497e+06 +5.98569206e+06  7.64e+05   3.95e+03     8.31e+01   23.710s
  16000 +5.24808061e+06 +6.16786872e+06  9.20e+05   3.77e+03     1.30e+02   24.186s
  17000 +5.29117038e+06 +6.30231624e+06  1.01e+06   3.53e+03     1.55e+02   24.665s
  18000 +5.34007184e+06 +6.40862119e+06  1.07e+06   3.29e+03     1.65e+02   25.141s
  19000 +5.39129785e+06 +6.49105345e+06  1.10e+06   3.06e+03     1.72e+02   25.618s
  20000 +5.44334378e+06 +6.56296201e+06  1.12e+06   2.84e+03     1.71e+02   26.095s
  21000 +5.49569535e+06 +6.61561882e+06  1.12e+06   2.65e+03     1.70e+02   26.574s
  22000 +5.54757575e+06 +6.65882941e+06  1.11e+06   2.47e+03     1.68e+02   27.050s
  23000 +5.58292759e+06 +6.69129995e+06  1.11e+06   2.35e+03     1.61e+02   27.528s
  24000 +5.61910958e+06 +6.79544573e+06  1.18e+06   2.25e+03     2.23e+02   28.005s
  25000 +5.67661368e+06 +6.88184622e+06  1.21e+06   2.11e+03     2.75e+02   28.482s
  26000 +5.74937572e+06 +6.96004623e+06  1.21e+06   1.94e+03     3.08e+02   28.959s
  27000 +5.82744998e+06 +7.03261602e+06  1.21e+06   1.78e+03     3.20e+02   29.437s
  28000 +5.90048316e+06 +7.08646746e+06  1.19e+06   1.63e+03     3.23e+02   29.914s
  29000 +5.96550659e+06 +7.11189748e+06  1.15e+06   1.50e+03     2.95e+02   30.391s
  30000 +6.02358931e+06 +7.15012357e+06  1.13e+06   1.39e+03     2.86e+02   30.868s
  31000 +6.07706965e+06 +7.17908285e+06  1.10e+06   1.29e+03     2.78e+02   31.346s
  32000 +6.12420738e+06 +7.19961639e+06  1.08e+06   1.21e+03     2.68e+02   31.823s
  33000 +6.16555922e+06 +7.21767666e+06  1.05e+06   1.13e+03     2.62e+02   32.300s
  34000 +6.20345279e+06 +7.23451739e+06  1.03e+06   1.07e+03     2.55e+02   32.778s
  35000 +6.23854833e+06 +7.24574374e+06  1.01e+06   1.00e+03     2.51e+02   33.255s
  36000 +6.26442069e+06 +7.24267774e+06  9.78e+05   9.60e+02     2.47e+02   33.734s
  37000 +6.29071065e+06 +7.27205465e+06  9.81e+05   9.18e+02     2.56e+02   34.211s
  38000 +6.32036134e+06 +7.29644841e+06  9.76e+05   8.73e+02     2.62e+02   34.688s
  39000 +6.35143899e+06 +7.31872133e+06  9.67e+05   8.26e+02     2.69e+02   35.165s
  40000 +6.38270365e+06 +7.33725333e+06  9.55e+05   7.80e+02     2.70e+02   35.643s
  41000 +6.41345593e+06 +7.34998815e+06  9.37e+05   7.35e+02     2.68e+02   36.120s
  42000 +6.44289714e+06 +7.35927984e+06  9.16e+05   6.93e+02     2.66e+02   36.597s
  43000 +6.47122808e+06 +7.36816030e+06  8.97e+05   6.52e+02     2.65e+02   37.075s
  44000 +6.49774506e+06 +7.37477742e+06  8.77e+05   6.14e+02     2.64e+02   37.552s
  45000 +6.52220128e+06 +7.37762218e+06  8.55e+05   5.78e+02     2.59e+02   38.029s
  46000 +6.54593678e+06 +7.38148851e+06  8.36e+05   5.44e+02     2.55e+02   38.507s
  47000 +6.56868959e+06 +7.38432039e+06  8.16e+05   5.12e+02     2.51e+02   38.984s
  48000 +6.58864187e+06 +7.38363218e+06  7.95e+05   4.83e+02     2.45e+02   39.462s
  49000 +6.60707043e+06 +7.38327594e+06  7.76e+05   4.56e+02     2.39e+02   39.940s
  50000 +6.62372076e+06 +7.38269160e+06  7.59e+05   4.31e+02     2.34e+02   40.417s
  51000 +6.63858256e+06 +7.37833478e+06  7.40e+05   4.09e+02     2.28e+02   40.895s
  52000 +6.65196737e+06 +7.37641969e+06  7.24e+05   3.88e+02     2.23e+02   41.372s
  53000 +6.66371010e+06 +7.37314239e+06  7.09e+05   3.69e+02     2.18e+02   41.850s
  54000 +6.67441373e+06 +7.36958799e+06  6.95e+05   3.51e+02     2.13e+02   42.328s
  55000 +6.68433894e+06 +7.36704314e+06  6.83e+05   3.34e+02     2.08e+02   42.806s
  56000 +6.69593195e+06 +7.33430700e+06  6.38e+05   3.16e+02     1.96e+02   43.284s
  57000 +6.70780051e+06 +7.33140039e+06  6.24e+05   2.99e+02     1.92e+02   43.762s
  58000 +6.71886715e+06 +7.33000762e+06  6.11e+05   2.82e+02     1.89e+02   44.239s
  59000 +6.72927116e+06 +7.32781532e+06  5.99e+05   2.66e+02     1.86e+02   44.717s
  60000 +6.73898722e+06 +7.32569395e+06  5.87e+05   2.51e+02     1.82e+02   45.194s
  61000 +6.74786399e+06 +7.32397067e+06  5.76e+05   2.36e+02     1.79e+02   45.672s
  62000 +6.75626583e+06 +7.32182584e+06  5.66e+05   2.23e+02     1.76e+02   46.149s
  63000 +6.76391056e+06 +7.31931031e+06  5.55e+05   2.10e+02     1.73e+02   46.627s
  64000 +6.77096449e+06 +7.31692285e+06  5.46e+05   1.98e+02     1.69e+02   47.105s
  65000 +6.77753868e+06 +7.31466218e+06  5.37e+05   1.86e+02     1.66e+02   47.583s
  66000 +6.78362546e+06 +7.31142980e+06  5.28e+05   1.74e+02     1.64e+02   48.061s
  67000 +6.78919856e+06 +7.30912722e+06  5.20e+05   1.63e+02     1.62e+02   48.539s
  68000 +6.79426761e+06 +7.30591611e+06  5.12e+05   1.53e+02     1.59e+02   49.017s
  69000 +6.79887971e+06 +7.30273112e+06  5.04e+05   1.43e+02     1.57e+02   49.495s
  70000 +6.80308267e+06 +7.29854736e+06  4.95e+05   1.33e+02     1.54e+02   49.973s
  71000 +6.80693505e+06 +7.29557519e+06  4.89e+05   1.24e+02     1.52e+02   50.452s
  72000 +6.81037157e+06 +7.29193002e+06  4.82e+05   1.16e+02     1.49e+02   50.930s
  73000 +6.81347939e+06 +7.28943260e+06  4.76e+05   1.08e+02     1.47e+02   51.408s
  74000 +6.81631752e+06 +7.28678018e+06  4.70e+05   1.01e+02     1.44e+02   51.887s
  75000 +6.81880955e+06 +7.28360879e+06  4.65e+05   9.53e+01     1.42e+02   52.365s
  76000 +6.82099364e+06 +7.28066310e+06  4.60e+05   8.99e+01     1.39e+02   52.843s
  77000 +6.82286901e+06 +7.27747159e+06  4.55e+05   8.53e+01     1.37e+02   53.322s
  78000 +6.82443881e+06 +7.27353479e+06  4.49e+05   8.15e+01     1.35e+02   53.800s
  79000 +6.82559905e+06 +7.27064439e+06  4.45e+05   7.81e+01     1.34e+02   54.279s
  80000 +6.82636058e+06 +7.26762682e+06  4.41e+05   7.56e+01     1.32e+02   54.757s
  81000 +6.82690355e+06 +7.26483715e+06  4.38e+05   7.48e+01     1.30e+02   55.235s
  82000 +6.82725824e+06 +7.26174775e+06  4.34e+05   7.60e+01     1.28e+02   55.714s
  83000 +6.82749346e+06 +7.25898894e+06  4.31e+05   7.88e+01     1.26e+02   56.193s
  84000 +6.82765529e+06 +7.25639242e+06  4.29e+05   8.30e+01     1.24e+02   56.671s
  85000 +6.82777726e+06 +7.25341966e+06  4.26e+05   8.80e+01     1.23e+02   57.150s
  86000 +6.82780245e+06 +7.25122207e+06  4.23e+05   9.35e+01     1.22e+02   57.628s
  87000 +6.83150050e+06 +7.23336487e+06  4.02e+05   1.20e+02     1.16e+02   58.107s
  88000 +6.83937556e+06 +7.22586295e+06  3.86e+05   1.80e+02     1.09e+02   58.586s
  89000 +6.84572237e+06 +7.22023323e+06  3.75e+05   2.42e+02     1.04e+02   59.064s
  90000 +6.85090531e+06 +7.21498133e+06  3.64e+05   3.03e+02     9.88e+01   59.542s
  91000 +6.85463339e+06 +7.20950949e+06  3.55e+05   3.63e+02     9.49e+01   60.021s
  92000 +6.85800365e+06 +7.20385363e+06  3.46e+05   4.22e+02     9.10e+01   60.499s
  93000 +6.86079760e+06 +7.19931978e+06  3.39e+05   4.81e+02     8.80e+01   60.977s
  94000 +6.86325466e+06 +7.19485135e+06  3.32e+05   5.39e+02     8.53e+01   61.456s
  95000 +6.86524750e+06 +7.19087414e+06  3.26e+05   5.96e+02     8.30e+01   61.935s
  96000 +6.86677882e+06 +7.18694845e+06  3.20e+05   6.52e+02     8.05e+01   62.413s
  97000 +6.86770296e+06 +7.18321692e+06  3.16e+05   7.06e+02     7.88e+01   62.892s
  98000 +6.86800122e+06 +7.17913113e+06  3.11e+05   7.59e+02     7.69e+01   63.370s
  99000 +6.86809893e+06 +7.17577047e+06  3.08e+05   8.11e+02     7.52e+01   63.849s
 100000 +6.86839008e+06 +6.88144747e+06  1.31e+04   8.66e+02     7.15e+01   64.328s
 101000 +6.86896229e+06 +6.85440034e+06  1.46e+04   9.26e+02     6.96e+01   64.806s
 102000 +6.86972931e+06 +6.89600251e+06  2.63e+04   9.89e+02     6.83e+01   65.285s
 103000 +6.86996552e+06 +6.98237893e+06  1.12e+05   1.06e+03     6.75e+01   65.764s
 104000 +6.86956910e+06 +7.00666972e+06  1.37e+05   1.12e+03     6.63e+01   66.242s
 105000 +6.86884618e+06 +6.98458018e+06  1.16e+05   1.19e+03     6.52e+01   66.721s
 106000 +6.86857653e+06 +6.76217094e+06  1.06e+05   1.30e+03     6.17e+01   67.200s
 107000 +6.87089722e+06 +6.75068303e+06  1.20e+05   1.59e+03     5.67e+01   67.678s
 108000 +6.87223894e+06 +6.74036020e+06  1.32e+05   1.90e+03     5.38e+01   68.157s
 109000 +6.87246827e+06 +6.73293917e+06  1.40e+05   2.20e+03     5.20e+01   68.636s
 110000 +6.87225790e+06 +6.72827186e+06  1.44e+05   2.49e+03     5.02e+01   69.114s
 111000 +6.87202440e+06 +6.72262324e+06  1.49e+05   2.77e+03     4.84e+01   69.593s
 112000 +6.87163707e+06 +6.71725793e+06  1.54e+05   3.03e+03     4.68e+01   70.071s
 113000 +6.87117813e+06 +6.71271540e+06  1.58e+05   3.27e+03     4.52e+01   70.550s
 114000 +6.87010138e+06 +6.70530622e+06  1.65e+05   3.49e+03     4.41e+01   71.028s
 115000 +6.86899108e+06 +6.69946105e+06  1.70e+05   3.71e+03     4.31e+01   71.507s
 116000 +6.86776648e+06 +6.69334439e+06  1.74e+05   3.91e+03     4.21e+01   71.986s
 117000 +6.86623932e+06 +6.68540132e+06  1.81e+05   4.11e+03     4.13e+01   72.464s
 118000 +6.86451262e+06 +6.67444024e+06  1.90e+05   4.31e+03     4.04e+01   72.943s
 119000 +6.86259431e+06 +6.66617416e+06  1.96e+05   4.51e+03     3.96e+01   73.421s
 120000 +6.86048391e+06 +6.65549264e+06  2.05e+05   4.70e+03     3.88e+01   73.900s
 121000 +6.85793817e+06 +6.64549705e+06  2.12e+05   4.90e+03     3.82e+01   74.379s
 122000 +6.85532072e+06 +6.63472102e+06  2.21e+05   5.09e+03     3.76e+01   74.858s
 123000 +6.85234235e+06 +6.62181350e+06  2.31e+05   5.28e+03     3.70e+01   75.337s
 124000 +6.84924865e+06 +6.60915048e+06  2.40e+05   5.46e+03     3.61e+01   75.815s
 125000 +6.84610800e+06 +6.59600835e+06  2.50e+05   5.64e+03     3.55e+01   76.294s
 126000 +6.84289353e+06 +6.58254644e+06  2.60e+05   5.81e+03     3.48e+01   76.773s
 127000 +6.83937405e+06 +6.56880422e+06  2.71e+05   5.97e+03     3.41e+01   77.252s
 128000 +6.83525015e+06 +6.55415157e+06  2.81e+05   6.13e+03     3.35e+01   77.731s
 129000 +6.83086702e+06 +6.53936738e+06  2.91e+05   6.28e+03     3.29e+01   78.210s
 130000 +6.82611627e+06 +6.52454684e+06  3.02e+05   6.41e+03     3.22e+01   78.689s
 131000 +6.82072617e+06 +6.50884173e+06  3.12e+05   6.54e+03     3.15e+01   79.168s
 132000 +6.81513807e+06 +6.49363058e+06  3.22e+05   6.66e+03     3.10e+01   79.647s
 133000 +6.81024968e+06 +6.47798791e+06  3.32e+05   6.77e+03     3.01e+01   80.126s
 134000 +6.80493723e+06 +6.46945737e+06  3.35e+05   6.87e+03     2.95e+01   80.604s
 135000 +6.79938799e+06 +6.46320463e+06  3.36e+05   6.94e+03     2.89e+01   81.083s
 136000 +6.79338836e+06 +6.45672155e+06  3.37e+05   6.98e+03     2.84e+01   81.562s
 137000 +6.78800352e+06 +6.44958091e+06  3.38e+05   7.00e+03     2.78e+01   82.041s
 138000 +6.78278068e+06 +6.44139167e+06  3.41e+05   7.01e+03     2.71e+01   82.520s
 139000 +6.77716868e+06 +6.43217640e+06  3.45e+05   7.01e+03     2.66e+01   82.999s
 140000 +6.77074859e+06 +6.42235175e+06  3.48e+05   7.01e+03     2.61e+01   83.478s
 141000 +6.76411521e+06 +6.41107155e+06  3.53e+05   7.02e+03     2.56e+01   83.957s
 142000 +6.75986327e+06 +6.39843041e+06  3.61e+05   7.02e+03     2.50e+01   84.436s
 143000 +6.75570340e+06 +6.38503996e+06  3.71e+05   7.03e+03     2.46e+01   84.915s
 144000 +6.75048468e+06 +6.37078017e+06  3.80e+05   7.03e+03     2.41e+01   85.395s
 145000 +6.74579049e+06 +6.35573838e+06  3.90e+05   7.03e+03     2.35e+01   85.874s
 146000 +6.73991739e+06 +6.34069842e+06  3.99e+05   7.02e+03     2.31e+01   86.353s
 147000 +6.73491965e+06 +6.32529780e+06  4.10e+05   7.01e+03     2.29e+01   86.832s
 148000 +6.73045334e+06 +6.30982708e+06  4.21e+05   6.99e+03     2.25e+01   87.311s
 149000 +6.72534246e+06 +6.29419742e+06  4.31e+05   6.96e+03     2.22e+01   87.790s
 150000 +6.71974338e+06 +6.27844820e+06  4.41e+05   6.93e+03     2.19e+01   88.270s
 151000 +6.71581339e+06 +6.26288535e+06  4.53e+05   6.90e+03     2.15e+01   88.749s
 152000 +6.71107893e+06 +6.24773016e+06  4.63e+05   6.86e+03     2.14e+01   89.228s
 153000 +6.70603876e+06 +6.23290025e+06  4.73e+05   6.82e+03     2.11e+01   89.707s
 154000 +6.70063264e+06 +6.21830454e+06  4.82e+05   6.77e+03     2.10e+01   90.187s
 155000 +6.69590589e+06 +6.20464280e+06  4.91e+05   6.72e+03     2.09e+01   90.667s
 156000 +6.69076732e+06 +6.19110860e+06  5.00e+05   6.66e+03     2.08e+01   91.146s
 157000 +6.68571948e+06 +6.17800526e+06  5.08e+05   6.59e+03     2.06e+01   91.625s
 158000 +6.68095486e+06 +6.16545501e+06  5.15e+05   6.51e+03     2.06e+01   92.104s
 159000 +6.67686383e+06 +6.15332331e+06  5.24e+05   6.44e+03     2.03e+01   92.583s
 160000 +6.67282420e+06 +6.14122047e+06  5.32e+05   6.35e+03     2.00e+01   93.063s
 161000 +6.66918536e+06 +6.12938599e+06  5.40e+05   6.26e+03     1.98e+01   93.542s
 162000 +6.66562493e+06 +6.11811309e+06  5.48e+05   6.17e+03     1.96e+01   94.021s
 163000 +6.66315958e+06 +6.10695472e+06  5.56e+05   6.07e+03     1.93e+01   94.500s
 164000 +6.66018299e+06 +6.09591084e+06  5.64e+05   5.96e+03     1.94e+01   94.980s
 165000 +6.65727779e+06 +6.08508304e+06  5.72e+05   5.85e+03     1.92e+01   95.459s
 166000 +6.65448221e+06 +6.06559969e+06  5.89e+05   5.80e+03     2.49e+01   95.939s
 167000 +6.65040908e+06 +6.04691813e+06  6.03e+05   5.78e+03     2.53e+01   96.417s
 168000 +6.64547092e+06 +6.02852744e+06  6.17e+05   5.76e+03     2.58e+01   96.896s
 169000 +6.64111619e+06 +6.00914188e+06  6.32e+05   5.72e+03     2.60e+01   97.375s
 170000 +6.63594760e+06 +5.98957572e+06  6.46e+05   5.68e+03     2.62e+01   97.854s
 171000 +6.63100220e+06 +5.97004849e+06  6.61e+05   5.64e+03     2.66e+01   98.333s
 172000 +6.62540023e+06 +5.95035288e+06  6.75e+05   5.59e+03     2.67e+01   98.811s
 173000 +6.61984734e+06 +5.93084684e+06  6.89e+05   5.53e+03     2.70e+01   99.290s
 174000 +6.61473191e+06 +5.91171968e+06  7.03e+05   5.47e+03     2.74e+01   99.769s
 175000 +6.60945383e+06 +5.89232432e+06  7.17e+05   5.41e+03     2.75e+01   100.248s
 176000 +6.60347135e+06 +5.87300456e+06  7.30e+05   5.34e+03     2.77e+01   100.727s
 177000 +6.59820982e+06 +5.85384981e+06  7.44e+05   5.27e+03     2.81e+01   101.205s
 178000 +6.59393707e+06 +5.83486688e+06  7.59e+05   5.19e+03     2.78e+01   101.684s
 179000 +6.58973037e+06 +5.81584928e+06  7.74e+05   5.11e+03     2.80e+01   102.163s
 180000 +6.58623652e+06 +5.79692298e+06  7.89e+05   5.03e+03     2.85e+01   102.642s
 181000 +6.58218137e+06 +5.77867307e+06  8.04e+05   4.95e+03     2.83e+01   103.121s
 182000 +6.57819119e+06 +5.76044820e+06  8.18e+05   4.86e+03     2.85e+01   103.600s
 183000 +6.57397782e+06 +5.74254990e+06  8.31e+05   4.76e+03     2.90e+01   104.079s
 184000 +6.57057376e+06 +5.72535517e+06  8.45e+05   4.67e+03     2.89e+01   104.557s
 185000 +6.56686019e+06 +5.70852103e+06  8.58e+05   4.57e+03     2.87e+01   105.036s
 186000 +6.56355190e+06 +5.69240649e+06  8.71e+05   4.46e+03     2.90e+01   105.515s
 187000 +6.56042664e+06 +5.67694147e+06  8.83e+05   4.36e+03     2.93e+01   105.994s
 188000 +6.55722391e+06 +5.66328102e+06  8.94e+05   4.25e+03     2.91e+01   106.473s
 189000 +6.55403055e+06 +5.65158740e+06  9.02e+05   4.13e+03     2.94e+01   106.952s
 190000 +6.55126746e+06 +5.64005260e+06  9.11e+05   4.01e+03     2.96e+01   107.431s
 191000 +6.54870797e+06 +5.62863549e+06  9.20e+05   3.88e+03     2.94e+01   107.910s
 192000 +6.54619591e+06 +5.61798321e+06  9.28e+05   3.75e+03     2.95e+01   108.389s
 193000 +6.54417513e+06 +5.60744111e+06  9.37e+05   3.62e+03     2.98e+01   108.868s
 194000 +6.54254181e+06 +5.59758363e+06  9.45e+05   3.50e+03     2.96e+01   109.347s
 195000 +6.54061690e+06 +5.58759849e+06  9.53e+05   3.38e+03     2.95e+01   109.825s
 196000 +6.53893259e+06 +5.57812100e+06  9.61e+05   3.26e+03     2.96e+01   110.304s
 197000 +6.53736980e+06 +5.56948048e+06  9.68e+05   3.14e+03     2.96e+01   110.783s
 198000 +6.53595228e+06 +5.56155784e+06  9.74e+05   3.02e+03     2.94e+01   111.262s
 199000 +6.53441226e+06 +5.55426511e+06  9.80e+05   2.89e+03     2.95e+01   111.741s
 200000 +6.53296597e+06 +5.54781655e+06  9.85e+05   2.78e+03     2.95e+01   112.219s
 201000 +6.53156236e+06 +5.54245887e+06  9.89e+05   2.66e+03     2.93e+01   112.698s
 202000 +6.53023715e+06 +5.53803701e+06  9.92e+05   2.54e+03     2.93e+01   113.177s
 203000 +6.52902482e+06 +5.53477412e+06  9.94e+05   2.43e+03     2.93e+01   113.656s
 204000 +6.52777033e+06 +5.53241629e+06  9.95e+05   2.32e+03     2.91e+01   114.135s
 205000 +6.52658611e+06 +5.53076486e+06  9.96e+05   2.20e+03     2.90e+01   114.614s
 206000 +6.52540109e+06 +5.53022423e+06  9.95e+05   2.09e+03     2.89e+01   115.093s
 207000 +6.52451340e+06 +5.52997039e+06  9.95e+05   1.97e+03     2.88e+01   115.572s
 208000 +6.52369553e+06 +5.53113023e+06  9.93e+05   1.85e+03     2.86e+01   116.051s
 209000 +6.52298537e+06 +5.53267628e+06  9.90e+05   1.73e+03     2.86e+01   116.530s
 210000 +6.52239132e+06 +5.53481628e+06  9.88e+05   1.61e+03     2.83e+01   117.009s
 211000 +6.52190946e+06 +5.53742180e+06  9.84e+05   1.50e+03     2.81e+01   117.488s
 212000 +6.52144284e+06 +5.54069399e+06  9.81e+05   1.39e+03     2.79e+01   117.967s
 213000 +6.52097732e+06 +5.54426416e+06  9.77e+05   1.29e+03     2.76e+01   118.446s
 214000 +6.52064678e+06 +5.54863405e+06  9.72e+05   1.19e+03     2.74e+01   118.925s
 215000 +6.52046761e+06 +5.55335179e+06  9.67e+05   1.10e+03     2.71e+01   119.403s
 216000 +6.52032485e+06 +5.55893421e+06  9.61e+05   1.02e+03     2.69e+01   119.882s
 217000 +6.52024753e+06 +5.56501845e+06  9.55e+05   9.42e+02     2.66e+01   120.361s
 218000 +6.52011227e+06 +5.57162712e+06  9.48e+05   8.76e+02     2.63e+01   120.840s
 219000 +6.51994345e+06 +5.58071943e+06  9.39e+05   8.17e+02     2.65e+01   121.319s
 220000 +6.51982708e+06 +5.59165651e+06  9.28e+05   7.68e+02     2.58e+01   121.798s
 221000 +6.51978613e+06 +5.60349701e+06  9.16e+05   7.30e+02     2.56e+01   122.277s
 222000 +6.51970343e+06 +5.61490665e+06  9.05e+05   7.06e+02     2.53e+01   122.756s
 223000 +6.51986789e+06 +5.62570416e+06  8.94e+05   6.95e+02     2.48e+01   123.235s
 224000 +6.52012815e+06 +5.63447962e+06  8.86e+05   6.95e+02     2.47e+01   123.714s
 225000 +6.52029661e+06 +5.64281336e+06  8.77e+05   7.06e+02     2.41e+01   124.193s
 226000 +6.52045680e+06 +5.65095503e+06  8.70e+05   7.27e+02     2.39e+01   124.671s
 227000 +6.52064475e+06 +5.70692667e+06  8.14e+05   7.61e+02     2.30e+01   125.151s
 228000 +6.52021669e+06 +5.74205459e+06  7.78e+05   8.32e+02     2.22e+01   125.629s
 229000 +6.51988092e+06 +5.75298050e+06  7.67e+05   9.23e+02     2.18e+01   126.107s
 230000 +6.51957928e+06 +5.81732664e+06  7.02e+05   1.03e+03     2.32e+01   126.586s
 231000 +6.51924361e+06 +5.85768807e+06  6.62e+05   1.13e+03     2.01e+01   127.065s
 232000 +6.51906649e+06 +5.88409790e+06  6.35e+05   1.23e+03     2.05e+01   127.543s
 233000 +6.51789245e+06 +5.87042858e+06  6.47e+05   1.53e+03     1.53e+01   128.022s
 234000 +6.51756822e+06 +5.91064135e+06  6.07e+05   1.82e+03     1.24e+01   128.501s
 235000 +6.51666597e+06 +5.92007844e+06  5.97e+05   2.28e+03     1.17e+01   128.979s
 236000 +6.51609346e+06 +5.91097558e+06  6.05e+05   2.81e+03     1.10e+01   129.458s
 237000 +6.51557940e+06 +5.90027052e+06  6.15e+05   3.34e+03     1.02e+01   129.936s
 238000 +6.51494551e+06 +5.89809538e+06  6.17e+05   3.82e+03     9.93e+00   130.415s
 239000 +6.51422779e+06 +5.90141981e+06  6.13e+05   4.26e+03     9.60e+00   130.893s
 240000 +6.51368611e+06 +5.90291063e+06  6.11e+05   4.65e+03     9.11e+00   131.372s
 241000 +6.51325362e+06 +5.90135934e+06  6.12e+05   4.97e+03     8.81e+00   131.850s
 242000 +6.51246604e+06 +5.90013436e+06  6.12e+05   5.21e+03     8.50e+00   132.329s
 243000 +6.51184299e+06 +5.90211275e+06  6.10e+05   5.39e+03     8.12e+00   132.808s
 244000 +6.51152132e+06 +5.90435100e+06  6.07e+05   5.51e+03     7.90e+00   133.286s
 245000 +6.51118936e+06 +5.90263833e+06  6.09e+05   5.55e+03     7.68e+00   133.765s
 246000 +6.51092098e+06 +5.89912076e+06  6.12e+05   5.54e+03     7.36e+00   134.243s
 247000 +6.51038481e+06 +5.89752192e+06  6.13e+05   5.47e+03     7.19e+00   134.722s
 248000 +6.50977294e+06 +5.89879499e+06  6.11e+05   5.35e+03     7.04e+00   135.200s
 249000 +6.50929187e+06 +5.90056546e+06  6.09e+05   5.19e+03     6.73e+00   135.679s
 250000 +6.50880779e+06 +5.90069243e+06  6.08e+05   4.98e+03     6.54e+00   136.157s
 251000 +6.50833695e+06 +5.89982985e+06  6.09e+05   4.74e+03     6.47e+00   136.636s
 252000 +6.50791424e+06 +5.89993245e+06  6.08e+05   4.47e+03     6.27e+00   137.115s
 253000 +6.50750918e+06 +5.90065627e+06  6.07e+05   4.17e+03     6.17e+00   137.593s
 254000 +6.50723923e+06 +5.90008580e+06  6.07e+05   3.85e+03     6.12e+00   138.072s
 255000 +6.50701904e+06 +5.89880328e+06  6.08e+05   3.53e+03     5.98e+00   138.550s
 256000 +6.50679887e+06 +5.89963186e+06  6.07e+05   3.42e+03     6.56e+00   139.029s
 257000 +6.50659207e+06 +5.90020099e+06  6.06e+05   3.34e+03     6.54e+00   139.508s
 258000 +6.50648435e+06 +5.90086637e+06  6.06e+05   3.23e+03     6.56e+00   139.987s
 259000 +6.50631987e+06 +5.90160108e+06  6.05e+05   3.10e+03     6.59e+00   140.465s
 260000 +6.50621489e+06 +5.90238727e+06  6.04e+05   2.95e+03     6.62e+00   140.944s
 261000 +6.50595863e+06 +5.90329771e+06  6.03e+05   2.78e+03     6.67e+00   141.422s
 262000 +6.50579900e+06 +5.90418136e+06  6.02e+05   2.61e+03     6.72e+00   141.901s
 263000 +6.50564316e+06 +5.90512474e+06  6.01e+05   2.42e+03     6.76e+00   142.380s
 264000 +6.50550273e+06 +5.90615354e+06  5.99e+05   2.24e+03     6.77e+00   142.858s
 265000 +6.50541513e+06 +5.90722713e+06  5.98e+05   2.06e+03     6.77e+00   143.337s
 266000 +6.50525390e+06 +5.90839894e+06  5.97e+05   1.89e+03     6.76e+00   143.815s
 267000 +6.50514541e+06 +5.90959832e+06  5.96e+05   1.74e+03     6.72e+00   144.294s
 268000 +6.50502415e+06 +5.91089099e+06  5.94e+05   1.62e+03     6.65e+00   144.773s
 269000 +6.50482427e+06 +5.91215228e+06  5.93e+05   1.53e+03     6.58e+00   145.251s
 270000 +6.50466975e+06 +5.91349051e+06  5.91e+05   1.47e+03     6.48e+00   145.730s
 271000 +6.50441794e+06 +5.91486765e+06  5.90e+05   1.44e+03     6.37e+00   146.209s
 272000 +6.50417974e+06 +5.91637507e+06  5.88e+05   1.45e+03     6.26e+00   146.687s
 273000 +6.50399094e+06 +5.91789741e+06  5.86e+05   1.47e+03     6.12e+00   147.166s
 274000 +6.50367907e+06 +5.91943758e+06  5.84e+05   1.51e+03     5.98e+00   147.644s
 275000 +6.50340632e+06 +5.92097074e+06  5.82e+05   1.55e+03     5.82e+00   148.123s
 276000 +6.50319049e+06 +5.92252555e+06  5.81e+05   1.59e+03     5.68e+00   148.601s
 277000 +6.50299433e+06 +5.92408821e+06  5.79e+05   1.62e+03     5.55e+00   149.080s
 278000 +6.50282297e+06 +5.92572077e+06  5.77e+05   1.65e+03     5.42e+00   149.559s
 279000 +6.50265900e+06 +5.92732785e+06  5.75e+05   1.67e+03     5.30e+00   150.037s
 280000 +6.50252944e+06 +5.92888121e+06  5.74e+05   1.67e+03     5.18e+00   150.516s
 281000 +6.50203926e+06 +5.93038235e+06  5.72e+05   1.66e+03     5.06e+00   150.994s
 282000 +6.50188410e+06 +5.93196330e+06  5.70e+05   1.65e+03     4.98e+00   151.473s
 283000 +6.50180700e+06 +5.93344236e+06  5.68e+05   1.62e+03     4.89e+00   151.951s
 284000 +6.50179031e+06 +5.93490151e+06  5.67e+05   1.60e+03     4.83e+00   152.430s
 285000 +6.50180551e+06 +5.93628664e+06  5.66e+05   1.56e+03     4.77e+00   152.909s
 286000 +6.50183084e+06 +5.93768934e+06  5.64e+05   1.53e+03     4.73e+00   153.387s
 287000 +6.50176403e+06 +5.93911231e+06  5.63e+05   1.50e+03     4.68e+00   153.866s
 288000 +6.50193009e+06 +5.94042476e+06  5.62e+05   1.47e+03     4.63e+00   154.344s
 289000 +6.50208426e+06 +5.94171165e+06  5.60e+05   1.45e+03     4.60e+00   154.823s
 290000 +6.50198592e+06 +5.94294940e+06  5.59e+05   1.44e+03     4.58e+00   155.302s
 291000 +6.50187442e+06 +5.94414247e+06  5.58e+05   1.43e+03     4.56e+00   155.780s
 292000 +6.50171593e+06 +5.94537043e+06  5.56e+05   1.43e+03     4.54e+00   156.259s
 293000 +6.50157902e+06 +5.94667774e+06  5.55e+05   1.43e+03     4.67e+00   156.738s
 294000 +6.50147811e+06 +5.94831985e+06  5.53e+05   1.43e+03     4.63e+00   157.217s
 295000 +6.50132149e+06 +5.95000224e+06  5.51e+05   1.43e+03     4.61e+00   157.695s
 296000 +6.50113003e+06 +5.95167271e+06  5.49e+05   1.43e+03     4.60e+00   158.174s
 297000 +6.50107058e+06 +5.95333709e+06  5.48e+05   1.43e+03     4.56e+00   158.652s
 298000 +6.50098789e+06 +5.95501009e+06  5.46e+05   1.42e+03     4.54e+00   159.131s
 299000 +6.50091276e+06 +5.95669880e+06  5.44e+05   1.42e+03     4.53e+00   159.610s
 300000 +6.50085208e+06 +5.95838857e+06  5.42e+05   1.42e+03     4.51e+00   160.088s
 301000 +6.50078206e+06 +5.96010373e+06  5.41e+05   1.42e+03     4.49e+00   160.567s
 302000 +6.50070246e+06 +5.96180769e+06  5.39e+05   1.42e+03     4.49e+00   161.045s
 303000 +6.50062775e+06 +5.96350978e+06  5.37e+05   1.42e+03     4.48e+00   161.524s
 304000 +6.50052318e+06 +5.96521441e+06  5.35e+05   1.42e+03     4.44e+00   162.002s
 305000 +6.50047850e+06 +5.96689613e+06  5.34e+05   1.42e+03     4.44e+00   162.481s
 306000 +6.50039519e+06 +5.96862235e+06  5.32e+05   1.42e+03     4.42e+00   162.960s
 307000 +6.50038132e+06 +5.97035246e+06  5.30e+05   1.42e+03     4.41e+00   163.439s
 308000 +6.50029479e+06 +5.97200462e+06  5.28e+05   1.42e+03     4.40e+00   163.917s
 309000 +6.50025949e+06 +5.97370117e+06  5.27e+05   1.42e+03     4.38e+00   164.396s
 310000 +6.50023548e+06 +5.97537716e+06  5.25e+05   1.42e+03     4.37e+00   164.875s
 311000 +6.50021387e+06 +5.97702613e+06  5.23e+05   1.41e+03     4.35e+00   165.353s
 312000 +6.50005521e+06 +5.97867553e+06  5.21e+05   1.41e+03     4.33e+00   165.832s
 313000 +6.49979053e+06 +5.98030399e+06  5.19e+05   1.41e+03     4.34e+00   166.310s
 314000 +6.49956115e+06 +5.98202198e+06  5.18e+05   1.41e+03     4.32e+00   166.789s
 315000 +6.49919380e+06 +5.98372542e+06  5.15e+05   1.41e+03     4.32e+00   167.268s
 316000 +6.49886871e+06 +5.98539663e+06  5.13e+05   1.41e+03     4.31e+00   167.746s
 317000 +6.49847947e+06 +5.98709481e+06  5.11e+05   1.41e+03     4.28e+00   168.225s
 318000 +6.49795650e+06 +5.98872124e+06  5.09e+05   1.41e+03     4.30e+00   168.703s
 319000 +6.49734466e+06 +5.99041163e+06  5.07e+05   1.41e+03     4.37e+00   169.182s
 320000 +6.49641387e+06 +5.99208228e+06  5.04e+05   1.40e+03     4.33e+00   169.661s
 321000 +6.49623733e+06 +5.99374572e+06  5.02e+05   1.40e+03     4.26e+00   170.139s
 322000 +6.49594262e+06 +5.99538291e+06  5.01e+05   1.40e+03     4.23e+00   170.618s
 323000 +6.49573179e+06 +5.99702265e+06  4.99e+05   1.40e+03     4.23e+00   171.097s
 324000 +6.49555727e+06 +5.99861631e+06  4.97e+05   1.40e+03     4.24e+00   171.575s
 325000 +6.49533503e+06 +6.00021036e+06  4.95e+05   1.40e+03     4.17e+00   172.054s
 326000 +6.49515234e+06 +6.00184654e+06  4.93e+05   1.40e+03     4.18e+00   172.532s
 327000 +6.49494840e+06 +6.00345864e+06  4.91e+05   1.40e+03     4.16e+00   173.011s
 328000 +6.49474057e+06 +6.00512249e+06  4.90e+05   1.40e+03     4.14e+00   173.490s
 329000 +6.49475462e+06 +6.00679179e+06  4.88e+05   1.40e+03     4.12e+00   173.968s
 330000 +6.49497882e+06 +6.00838795e+06  4.87e+05   1.40e+03     4.10e+00   174.447s
 331000 +6.49499185e+06 +6.01001296e+06  4.85e+05   1.39e+03     4.10e+00   174.925s
 332000 +6.49481921e+06 +6.01162809e+06  4.83e+05   1.39e+03     4.11e+00   175.404s
 333000 +6.49458689e+06 +6.01332345e+06  4.81e+05   1.39e+03     4.09e+00   175.883s
 334000 +6.49441104e+06 +6.01492031e+06  4.79e+05   1.39e+03     4.07e+00   176.361s
 335000 +6.49425006e+06 +6.01656093e+06  4.78e+05   1.39e+03     4.09e+00   176.840s
 336000 +6.49412474e+06 +6.01820042e+06  4.76e+05   1.39e+03     4.09e+00   177.318s
 337000 +6.49387561e+06 +6.01985116e+06  4.74e+05   1.39e+03     4.11e+00   177.797s
 338000 +6.49369994e+06 +6.02150670e+06  4.72e+05   1.39e+03     4.10e+00   178.276s
 339000 +6.49360672e+06 +6.02310081e+06  4.71e+05   1.39e+03     4.11e+00   178.754s
 340000 +6.49341065e+06 +6.02477017e+06  4.69e+05   1.38e+03     4.09e+00   179.233s
 341000 +6.49325604e+06 +6.02652477e+06  4.67e+05   1.38e+03     4.09e+00   179.711s
 342000 +6.49312882e+06 +6.02814306e+06  4.65e+05   1.38e+03     4.06e+00   180.190s
 343000 +6.49311543e+06 +6.02976393e+06  4.63e+05   1.38e+03     4.04e+00   180.669s
 344000 +6.49311062e+06 +6.03135158e+06  4.62e+05   1.38e+03     4.02e+00   181.147s
 345000 +6.49312288e+06 +6.03301504e+06  4.60e+05   1.38e+03     4.02e+00   181.626s
 346000 +6.49304329e+06 +6.03462217e+06  4.58e+05   1.38e+03     4.02e+00   182.105s
 347000 +6.49282055e+06 +6.03624349e+06  4.57e+05   1.38e+03     4.04e+00   182.583s
 348000 +6.49266048e+06 +6.03786797e+06  4.55e+05   1.38e+03     4.01e+00   183.062s
 349000 +6.49232784e+06 +6.03934938e+06  4.53e+05   1.38e+03     3.99e+00   183.541s
 350000 +6.49199286e+06 +6.04088517e+06  4.51e+05   1.37e+03     4.00e+00   184.019s
 351000 +6.49182071e+06 +6.04234968e+06  4.49e+05   1.37e+03     3.99e+00   184.498s
 352000 +6.49163651e+06 +6.04390005e+06  4.48e+05   1.37e+03     3.98e+00   184.977s
 353000 +6.49145942e+06 +6.04542748e+06  4.46e+05   1.37e+03     3.94e+00   185.455s
 354000 +6.49129516e+06 +6.04696215e+06  4.44e+05   1.37e+03     3.94e+00   185.934s
 355000 +6.49121434e+06 +6.04836980e+06  4.43e+05   1.36e+03     3.96e+00   186.413s
 356000 +6.49121271e+06 +6.04975106e+06  4.41e+05   1.35e+03     3.96e+00   186.892s
 357000 +6.49126121e+06 +6.05106590e+06  4.40e+05   1.34e+03     3.94e+00   187.370s
 358000 +6.49119950e+06 +6.05231787e+06  4.39e+05   1.32e+03     3.94e+00   187.849s
 359000 +6.49122110e+06 +6.05357308e+06  4.38e+05   1.30e+03     3.93e+00   188.327s
 360000 +6.49112119e+06 +6.05478601e+06  4.36e+05   1.28e+03     3.95e+00   188.806s
 361000 +6.49104987e+06 +6.05600573e+06  4.35e+05   1.25e+03     3.93e+00   189.285s
 362000 +6.49088886e+06 +6.05721829e+06  4.34e+05   1.23e+03     3.92e+00   189.764s
 363000 +6.49060041e+06 +6.05826454e+06  4.32e+05   1.22e+03     3.93e+00   190.242s
 364000 +6.49017330e+06 +6.05926466e+06  4.31e+05   1.20e+03     3.94e+00   190.721s
 365000 +6.48968006e+06 +6.06031518e+06  4.29e+05   1.18e+03     3.88e+00   191.200s
 366000 +6.48937973e+06 +6.06136329e+06  4.28e+05   1.17e+03     3.86e+00   191.678s
 367000 +6.48943078e+06 +6.06230044e+06  4.27e+05   1.16e+03     3.85e+00   192.157s
 368000 +6.48939085e+06 +6.06322424e+06  4.26e+05   1.15e+03     3.81e+00   192.636s
 369000 +6.48930875e+06 +6.06408629e+06  4.25e+05   1.14e+03     3.79e+00   193.114s
 370000 +6.48917484e+06 +6.06496560e+06  4.24e+05   1.14e+03     3.78e+00   193.593s
 371000 +6.48903598e+06 +6.06586949e+06  4.23e+05   1.13e+03     3.77e+00   194.072s
 372000 +6.48887552e+06 +6.06670099e+06  4.22e+05   1.13e+03     3.74e+00   194.550s
 373000 +6.48870597e+06 +6.06761060e+06  4.21e+05   1.13e+03     3.76e+00   195.029s
 374000 +6.48867959e+06 +6.06848967e+06  4.20e+05   1.13e+03     3.74e+00   195.508s
 375000 +6.48870101e+06 +6.06942129e+06  4.19e+05   1.13e+03     3.71e+00   195.986s
 376000 +6.48872537e+06 +6.07028868e+06  4.18e+05   1.13e+03     3.69e+00   196.465s
 377000 +6.48869692e+06 +6.07114546e+06  4.18e+05   1.13e+03     3.70e+00   196.944s
 378000 +6.48873226e+06 +6.07202019e+06  4.17e+05   1.14e+03     3.71e+00   197.422s
 379000 +6.48874437e+06 +6.07331854e+06  4.15e+05   1.14e+03     3.68e+00   197.901s
 380000 +6.48871956e+06 +6.07454439e+06  4.14e+05   1.13e+03     3.66e+00   198.380s
 381000 +6.48862223e+06 +6.07569565e+06  4.13e+05   1.12e+03     3.68e+00   198.859s
 382000 +6.48860241e+06 +6.07683534e+06  4.12e+05   1.10e+03     3.70e+00   199.337s
 383000 +6.48854599e+06 +6.07782663e+06  4.11e+05   1.09e+03     3.68e+00   199.816s
 384000 +6.48841697e+06 +6.07870264e+06  4.10e+05   1.07e+03     3.67e+00   200.295s
 385000 +6.48832551e+06 +6.07957836e+06  4.09e+05   1.06e+03     3.69e+00   200.773s
 386000 +6.48825410e+06 +6.08020081e+06  4.08e+05   1.06e+03     3.67e+00   201.252s
 387000 +6.48813290e+06 +6.08079152e+06  4.07e+05   1.05e+03     3.64e+00   201.731s
 388000 +6.48800574e+06 +6.08135382e+06  4.07e+05   1.04e+03     3.65e+00   202.209s
 389000 +6.48780399e+06 +6.08174320e+06  4.06e+05   1.04e+03     3.66e+00   202.688s
 390000 +6.48770433e+06 +6.08220699e+06  4.05e+05   1.03e+03     3.64e+00   203.167s
 391000 +6.48761169e+06 +6.08262691e+06  4.05e+05   1.02e+03     3.61e+00   203.646s
 392000 +6.48758660e+06 +6.08303248e+06  4.05e+05   1.00e+03     3.63e+00   204.125s
 393000 +6.48756804e+06 +6.08345165e+06  4.04e+05   9.95e+02     3.63e+00   204.603s
 394000 +6.48787112e+06 +6.08390701e+06  4.04e+05   9.88e+02     3.61e+00   205.082s
 395000 +6.48807923e+06 +6.08432373e+06  4.04e+05   9.85e+02     3.62e+00   205.561s
 396000 +6.48819993e+06 +6.08484065e+06  4.03e+05   9.86e+02     3.59e+00   206.040s
 397000 +6.48824320e+06 +6.08544736e+06  4.03e+05   9.90e+02     3.56e+00   206.518s
 398000 +6.48817037e+06 +6.08601715e+06  4.02e+05   9.93e+02     3.54e+00   206.997s
 399000 +6.48810664e+06 +6.08674341e+06  4.01e+05   9.95e+02     3.53e+00   207.476s
 400000 +6.48796330e+06 +6.08741295e+06  4.01e+05   9.95e+02     3.51e+00   207.955s
 401000 +6.48779374e+06 +6.08795086e+06  4.00e+05   9.89e+02     3.50e+00   208.433s
 402000 +6.48778617e+06 +6.08843956e+06  3.99e+05   9.72e+02     3.52e+00   208.912s
 403000 +6.48774410e+06 +6.08882128e+06  3.99e+05   9.45e+02     3.52e+00   209.391s
 404000 +6.48771761e+06 +6.08925562e+06  3.98e+05   9.16e+02     3.54e+00   209.870s
 405000 +6.48760960e+06 +6.08970382e+06  3.98e+05   8.88e+02     3.54e+00   210.348s
 406000 +6.48750014e+06 +6.09011626e+06  3.97e+05   8.69e+02     3.52e+00   210.827s
 407000 +6.48741732e+06 +6.09062337e+06  3.97e+05   8.61e+02     3.50e+00   211.306s
 408000 +6.48734341e+06 +6.09108962e+06  3.96e+05   8.63e+02     3.46e+00   211.785s
 409000 +6.48728071e+06 +6.09153140e+06  3.96e+05   8.70e+02     3.43e+00   212.263s
 410000 +6.48721158e+06 +6.09201703e+06  3.95e+05   8.79e+02     3.40e+00   212.742s
 411000 +6.48710813e+06 +6.09248698e+06  3.95e+05   8.83e+02     3.38e+00   213.221s
 412000 +6.48704158e+06 +6.09294668e+06  3.94e+05   8.83e+02     3.37e+00   213.700s
 413000 +6.48695765e+06 +6.09487915e+06  3.92e+05   8.81e+02     5.45e+00   214.179s
 414000 +6.48690754e+06 +6.09769910e+06  3.89e+05   8.77e+02     5.56e+00   214.658s
 415000 +6.48682113e+06 +6.10048312e+06  3.86e+05   8.70e+02     5.67e+00   215.137s
 416000 +6.48673483e+06 +6.10330905e+06  3.83e+05   8.62e+02     5.81e+00   215.615s
 417000 +6.48671632e+06 +6.10616247e+06  3.81e+05   8.52e+02     5.94e+00   216.094s
 418000 +6.48669012e+06 +6.10899717e+06  3.78e+05   8.41e+02     6.10e+00   216.573s
 419000 +6.48679526e+06 +6.11173657e+06  3.75e+05   8.30e+02     6.27e+00   217.052s
 420000 +6.48691317e+06 +6.11451766e+06  3.72e+05   8.19e+02     6.29e+00   217.531s
 421000 +6.48686881e+06 +6.11720295e+06  3.70e+05   8.09e+02     6.04e+00   218.009s
 422000 +6.48676658e+06 +6.11983361e+06  3.67e+05   7.99e+02     6.05e+00   218.488s
 423000 +6.48663609e+06 +6.12286215e+06  3.64e+05   7.91e+02     6.02e+00   218.967s
 424000 +6.48648616e+06 +6.12614855e+06  3.60e+05   7.81e+02     6.03e+00   219.446s
 425000 +6.48629419e+06 +6.12936259e+06  3.57e+05   7.70e+02     5.99e+00   219.924s
 426000 +6.48609058e+06 +6.13249829e+06  3.54e+05   7.59e+02     6.12e+00   220.403s
 427000 +6.48587988e+06 +6.13549945e+06  3.50e+05   7.47e+02     5.84e+00   220.882s
 428000 +6.48577612e+06 +6.13825237e+06  3.48e+05   7.34e+02     5.84e+00   221.361s
 429000 +6.48588724e+06 +6.14085020e+06  3.45e+05   7.21e+02     5.83e+00   221.839s
 430000 +6.48593704e+06 +6.14325513e+06  3.43e+05   7.08e+02     5.88e+00   222.318s
 431000 +6.48583056e+06 +6.14549527e+06  3.40e+05   6.95e+02     5.84e+00   222.797s
 432000 +6.48574225e+06 +6.14757159e+06  3.38e+05   6.83e+02     5.81e+00   223.275s
 433000 +6.48567523e+06 +6.14946971e+06  3.36e+05   6.71e+02     5.77e+00   223.754s
 434000 +6.48564446e+06 +6.15106276e+06  3.35e+05   6.61e+02     5.77e+00   224.233s
 435000 +6.48558768e+06 +6.15251140e+06  3.33e+05   6.51e+02     5.75e+00   224.711s
 436000 +6.48553798e+06 +6.15379545e+06  3.32e+05   6.42e+02     5.72e+00   225.190s
 437000 +6.48546681e+06 +6.15491985e+06  3.31e+05   6.34e+02     5.69e+00   225.669s
 438000 +6.48537446e+06 +6.15595080e+06  3.29e+05   6.28e+02     5.66e+00   226.148s
 439000 +6.48533741e+06 +6.15683756e+06  3.28e+05   6.23e+02     5.62e+00   226.627s
 440000 +6.48528777e+06 +6.15755347e+06  3.28e+05   6.18e+02     5.57e+00   227.105s
 441000 +6.48524602e+06 +6.15826229e+06  3.27e+05   6.14e+02     5.57e+00   227.584s
 442000 +6.48520387e+06 +6.15881019e+06  3.26e+05   6.11e+02     5.52e+00   228.063s
 443000 +6.48513451e+06 +6.15932131e+06  3.26e+05   6.08e+02     5.48e+00   228.542s
 444000 +6.48507500e+06 +6.15978520e+06  3.25e+05   6.06e+02     5.44e+00   229.020s
 445000 +6.48501097e+06 +6.16023930e+06  3.25e+05   6.03e+02     5.40e+00   229.499s
 446000 +6.48496394e+06 +6.16060114e+06  3.24e+05   6.02e+02     5.38e+00   229.978s
 447000 +6.48488489e+06 +6.16103614e+06  3.24e+05   6.00e+02     5.35e+00   230.456s
 448000 +6.48482981e+06 +6.16135363e+06  3.23e+05   5.99e+02     5.37e+00   230.935s
 449000 +6.48485607e+06 +6.16168290e+06  3.23e+05   5.98e+02     5.33e+00   231.414s
 450000 +6.48485610e+06 +6.16194305e+06  3.23e+05   5.98e+02     5.32e+00   231.893s
 451000 +6.48485580e+06 +6.16220655e+06  3.23e+05   5.98e+02     5.29e+00   232.371s
 452000 +6.48483070e+06 +6.16421712e+06  3.21e+05   5.96e+02     5.26e+00   232.850s
 453000 +6.48471436e+06 +6.16634554e+06  3.18e+05   5.90e+02     5.21e+00   233.329s
 454000 +6.48459250e+06 +6.16825573e+06  3.16e+05   5.81e+02     5.21e+00   233.808s
 455000 +6.48444718e+06 +6.17007748e+06  3.14e+05   5.69e+02     5.22e+00   234.286s
 456000 +6.48425680e+06 +6.17150813e+06  3.13e+05   5.57e+02     5.18e+00   234.765s
 457000 +6.48408538e+06 +6.17287076e+06  3.11e+05   5.46e+02     5.16e+00   235.244s
 458000 +6.48397268e+06 +6.17376925e+06  3.10e+05   5.37e+02     5.13e+00   235.723s
 459000 +6.48383097e+06 +6.17446221e+06  3.09e+05   5.29e+02     5.10e+00   236.201s
 460000 +6.48366702e+06 +6.17485953e+06  3.09e+05   5.22e+02     5.04e+00   236.680s
 461000 +6.48347027e+06 +6.17506772e+06  3.08e+05   5.17e+02     4.96e+00   237.159s
 462000 +6.48319592e+06 +6.17502164e+06  3.08e+05   5.12e+02     4.92e+00   237.638s
 463000 +6.48291506e+06 +6.17482452e+06  3.08e+05   5.07e+02     4.89e+00   238.116s
 464000 +6.48261795e+06 +6.17449911e+06  3.08e+05   5.02e+02     4.88e+00   238.595s
 465000 +6.48224025e+06 +6.17409664e+06  3.08e+05   4.98e+02     4.84e+00   239.074s
 466000 +6.48176625e+06 +6.17368187e+06  3.08e+05   4.94e+02     4.83e+00   239.553s
 467000 +6.48126144e+06 +6.17320868e+06  3.08e+05   4.92e+02     4.82e+00   240.031s
 468000 +6.48084157e+06 +6.17284878e+06  3.08e+05   4.92e+02     4.83e+00   240.510s
 469000 +6.48045621e+06 +6.17250931e+06  3.08e+05   4.92e+02     4.77e+00   240.989s
 470000 +6.48012200e+06 +6.17212245e+06  3.08e+05   4.94e+02     4.74e+00   241.468s
 471000 +6.47980338e+06 +6.17186174e+06  3.08e+05   4.95e+02     4.74e+00   241.947s
 472000 +6.47952795e+06 +6.17164201e+06  3.08e+05   4.97e+02     4.68e+00   242.425s
 473000 +6.47920614e+06 +6.17156870e+06  3.08e+05   4.98e+02     4.68e+00   242.904s
 474000 +6.47888064e+06 +6.17140341e+06  3.07e+05   4.99e+02     4.67e+00   243.383s
 475000 +6.47848897e+06 +6.17135148e+06  3.07e+05   4.99e+02     4.66e+00   243.862s
 476000 +6.47811961e+06 +6.17131762e+06  3.07e+05   4.98e+02     4.68e+00   244.340s
 477000 +6.47768752e+06 +6.17134536e+06  3.06e+05   4.97e+02     4.69e+00   244.819s
 478000 +6.47721842e+06 +6.17130059e+06  3.06e+05   4.96e+02     4.67e+00   245.298s
 479000 +6.47688106e+06 +6.17131622e+06  3.06e+05   4.96e+02     4.66e+00   245.776s
 480000 +6.47656463e+06 +6.17130955e+06  3.05e+05   4.95e+02     4.63e+00   246.255s
 481000 +6.47621645e+06 +6.17131663e+06  3.05e+05   4.94e+02     4.65e+00   246.734s
 482000 +6.47586569e+06 +6.17130689e+06  3.05e+05   4.94e+02     4.64e+00   247.213s
 483000 +6.47545919e+06 +6.17133003e+06  3.04e+05   4.93e+02     4.66e+00   247.692s
 484000 +6.47507567e+06 +6.17181745e+06  3.03e+05   4.92e+02     4.60e+00   248.170s
 485000 +6.47480120e+06 +6.17358390e+06  3.01e+05   4.89e+02     4.60e+00   248.649s
 486000 +6.47455571e+06 +6.17537934e+06  2.99e+05   4.83e+02     4.63e+00   249.128s
 487000 +6.47426615e+06 +6.17699509e+06  2.97e+05   4.76e+02     4.61e+00   249.607s
 488000 +6.47398540e+06 +6.17834303e+06  2.96e+05   4.68e+02     4.67e+00   250.086s
 489000 +6.47369157e+06 +6.17960594e+06  2.94e+05   4.61e+02     4.69e+00   250.564s
 490000 +6.47337475e+06 +6.18072237e+06  2.93e+05   4.56e+02     4.64e+00   251.043s
 491000 +6.47307206e+06 +6.18149783e+06  2.92e+05   4.53e+02     4.64e+00   251.522s
 492000 +6.47273918e+06 +6.18225849e+06  2.90e+05   4.51e+02     4.60e+00   252.001s
 493000 +6.47237889e+06 +6.18283598e+06  2.90e+05   4.51e+02     4.52e+00   252.479s
 494000 +6.47202030e+06 +6.18311123e+06  2.89e+05   4.49e+02     4.46e+00   252.958s
 495000 +6.47167954e+06 +6.18334453e+06  2.88e+05   4.48e+02     4.47e+00   253.437s
 496000 +6.47134704e+06 +6.18340722e+06  2.88e+05   4.45e+02     4.47e+00   253.916s
 497000 +6.47096951e+06 +6.18348365e+06  2.87e+05   4.42e+02     4.49e+00   254.395s
 498000 +6.47057349e+06 +6.18353937e+06  2.87e+05   4.38e+02     4.49e+00   254.873s
 499000 +6.47016410e+06 +6.18363628e+06  2.87e+05   4.34e+02     4.47e+00   255.352s
 500000 +6.46971738e+06 +6.18377020e+06  2.86e+05   4.31e+02     4.50e+00   255.831s
 501000 +6.46924493e+06 +6.18395565e+06  2.85e+05   4.28e+02     4.55e+00   256.310s
 502000 +6.46876175e+06 +6.18427647e+06  2.84e+05   4.27e+02     4.50e+00   256.789s
 503000 +6.46828088e+06 +6.18466566e+06  2.84e+05   4.25e+02     4.51e+00   257.267s
 504000 +6.46778618e+06 +6.18511427e+06  2.83e+05   4.25e+02     4.57e+00   257.746s
 505000 +6.46728657e+06 +6.18579492e+06  2.81e+05   4.24e+02     4.54e+00   258.225s
 506000 +6.46680461e+06 +6.18648794e+06  2.80e+05   4.23e+02     4.50e+00   258.704s
 507000 +6.46633008e+06 +6.18711497e+06  2.79e+05   4.23e+02     4.53e+00   259.183s
 508000 +6.46585309e+06 +6.18778206e+06  2.78e+05   4.23e+02     4.49e+00   259.662s
 509000 +6.46530021e+06 +6.18846094e+06  2.77e+05   4.23e+02     4.48e+00   260.141s
 510000 +6.46465829e+06 +6.18916768e+06  2.75e+05   4.24e+02     4.43e+00   260.619s
 511000 +6.46402063e+06 +6.18976843e+06  2.74e+05   4.25e+02     4.42e+00   261.098s
 512000 +6.46345144e+06 +6.19032013e+06  2.73e+05   4.26e+02     4.40e+00   261.577s
 513000 +6.46281327e+06 +6.19066414e+06  2.72e+05   4.26e+02     4.39e+00   262.056s
 514000 +6.46225813e+06 +6.19117370e+06  2.71e+05   4.26e+02     4.40e+00   262.535s
 515000 +6.46178534e+06 +6.19152910e+06  2.70e+05   4.25e+02     4.39e+00   263.014s
 516000 +6.46124669e+06 +6.19190648e+06  2.69e+05   4.23e+02     4.39e+00   263.492s
 517000 +6.46082038e+06 +6.19220328e+06  2.69e+05   4.20e+02     4.40e+00   263.971s
 518000 +6.46036710e+06 +6.19234887e+06  2.68e+05   4.17e+02     4.44e+00   264.450s
 519000 +6.45984404e+06 +6.19259507e+06  2.67e+05   4.14e+02     4.42e+00   264.929s
 520000 +6.45941418e+06 +6.19278569e+06  2.67e+05   4.11e+02     4.41e+00   265.408s
 521000 +6.45885321e+06 +6.19306097e+06  2.66e+05   4.08e+02     4.39e+00   265.886s
 522000 +6.45825055e+06 +6.19322566e+06  2.65e+05   4.06e+02     4.42e+00   266.365s
 523000 +6.45757762e+06 +6.19353447e+06  2.64e+05   4.05e+02     4.40e+00   266.844s
 524000 +6.45687397e+06 +6.19378596e+06  2.63e+05   4.04e+02     4.39e+00   267.323s
 525000 +6.45621913e+06 +6.19403731e+06  2.62e+05   4.04e+02     4.35e+00   267.802s
 526000 +6.45566363e+06 +6.19441068e+06  2.61e+05   4.05e+02     4.36e+00   268.281s
 527000 +6.45513285e+06 +6.19472161e+06  2.60e+05   4.05e+02     4.33e+00   268.759s
 528000 +6.45463048e+06 +6.19509918e+06  2.60e+05   4.06e+02     4.32e+00   269.238s
 529000 +6.45415501e+06 +6.19541225e+06  2.59e+05   4.07e+02     4.36e+00   269.717s
 530000 +6.45366011e+06 +6.19572422e+06  2.58e+05   4.08e+02     4.37e+00   270.196s
 531000 +6.45318695e+06 +6.19600272e+06  2.57e+05   4.08e+02     4.36e+00   270.675s
 532000 +6.45271691e+06 +6.19627421e+06  2.56e+05   4.08e+02     4.37e+00   271.154s
 533000 +6.45229255e+06 +6.19647422e+06  2.56e+05   4.07e+02     4.35e+00   271.632s
 534000 +6.45191450e+06 +6.19668189e+06  2.55e+05   4.07e+02     4.36e+00   272.111s
 535000 +6.45155590e+06 +6.19686390e+06  2.55e+05   4.05e+02     4.38e+00   272.590s
 536000 +6.45119049e+06 +6.19718251e+06  2.54e+05   4.04e+02     4.37e+00   273.069s
 537000 +6.45078228e+06 +6.19740123e+06  2.53e+05   4.02e+02     4.38e+00   273.548s
 538000 +6.45037571e+06 +6.19763054e+06  2.53e+05   4.01e+02     4.36e+00   274.027s
 539000 +6.44998025e+06 +6.19793634e+06  2.52e+05   4.00e+02     4.40e+00   274.506s
 540000 +6.44964547e+06 +6.19827238e+06  2.51e+05   4.00e+02     4.39e+00   274.985s
 541000 +6.44929906e+06 +6.19860713e+06  2.51e+05   4.00e+02     4.38e+00   275.464s
 542000 +6.44896565e+06 +6.19900842e+06  2.50e+05   4.00e+02     4.38e+00   275.942s
 543000 +6.44864361e+06 +6.20036317e+06  2.48e+05   4.00e+02     4.37e+00   276.421s
 544000 +6.44827306e+06 +6.20187665e+06  2.46e+05   3.99e+02     4.36e+00   276.900s
 545000 +6.44792884e+06 +6.20330035e+06  2.45e+05   3.96e+02     4.40e+00   277.379s
 546000 +6.44756144e+06 +6.20470220e+06  2.43e+05   3.93e+02     4.40e+00   277.858s
 547000 +6.44711625e+06 +6.20591869e+06  2.41e+05   3.89e+02     4.39e+00   278.337s
 548000 +6.44653576e+06 +6.20698906e+06  2.40e+05   3.85e+02     4.45e+00   278.816s
 549000 +6.44595954e+06 +6.20800148e+06  2.38e+05   3.80e+02     4.46e+00   279.295s
 550000 +6.44537214e+06 +6.20873187e+06  2.37e+05   3.75e+02     4.39e+00   279.774s
 551000 +6.44490540e+06 +6.20925446e+06  2.36e+05   3.71e+02     4.35e+00   280.252s
 552000 +6.44443048e+06 +6.20971412e+06  2.35e+05   3.67e+02     4.35e+00   280.732s
 553000 +6.44395010e+06 +6.21001736e+06  2.34e+05   3.62e+02     4.37e+00   281.210s
 554000 +6.44346045e+06 +6.21012425e+06  2.33e+05   3.58e+02     4.34e+00   281.689s
 555000 +6.44291699e+06 +6.21022640e+06  2.33e+05   3.54e+02     4.35e+00   282.168s
 556000 +6.44239470e+06 +6.21028078e+06  2.32e+05   3.51e+02     4.31e+00   282.647s
 557000 +6.44193061e+06 +6.21022151e+06  2.32e+05   3.48e+02     4.29e+00   283.126s
 558000 +6.44145786e+06 +6.21007452e+06  2.31e+05   3.46e+02     4.32e+00   283.605s
 559000 +6.44103912e+06 +6.20993893e+06  2.31e+05   3.45e+02     4.34e+00   284.084s
 560000 +6.44057270e+06 +6.20981362e+06  2.31e+05   3.45e+02     4.27e+00   284.562s
 561000 +6.44005184e+06 +6.20970416e+06  2.30e+05   3.44e+02     4.22e+00   285.041s
 562000 +6.43949874e+06 +6.20954503e+06  2.30e+05   3.44e+02     4.23e+00   285.520s
 563000 +6.43887874e+06 +6.20941688e+06  2.29e+05   3.44e+02     4.20e+00   285.999s
 564000 +6.43815319e+06 +6.20928851e+06  2.29e+05   3.43e+02     4.21e+00   286.478s
 565000 +6.43743628e+06 +6.20913200e+06  2.28e+05   3.41e+02     4.19e+00   286.957s
 566000 +6.43663656e+06 +6.20895713e+06  2.28e+05   3.39e+02     4.22e+00   287.436s
 567000 +6.43584666e+06 +6.20882568e+06  2.27e+05   3.37e+02     4.27e+00   287.915s
 568000 +6.43510734e+06 +6.20867392e+06  2.26e+05   3.35e+02     4.26e+00   288.394s
 569000 +6.43430672e+06 +6.20849079e+06  2.26e+05   3.33e+02     4.34e+00   288.873s
 570000 +6.43344323e+06 +6.20840981e+06  2.25e+05   3.32e+02     4.19e+00   289.352s
 571000 +6.43304349e+06 +6.21005108e+06  2.23e+05   3.31e+02     6.33e+00   289.831s
 572000 +6.43257393e+06 +6.21219820e+06  2.20e+05   3.30e+02     6.41e+00   290.310s
 573000 +6.43192792e+06 +6.21420831e+06  2.18e+05   3.29e+02     6.64e+00   290.789s
 574000 +6.43139875e+06 +6.21620093e+06  2.15e+05   3.28e+02     6.70e+00   291.268s
 575000 +6.43084857e+06 +6.21826932e+06  2.13e+05   3.27e+02     6.75e+00   291.747s
 576000 +6.43019135e+06 +6.22022087e+06  2.10e+05   3.26e+02     6.80e+00   292.226s
 577000 +6.42935891e+06 +6.22214848e+06  2.07e+05   3.25e+02     6.98e+00   292.705s
 578000 +6.42841467e+06 +6.22413493e+06  2.04e+05   3.24e+02     7.29e+00   293.183s
 579000 +6.42738464e+06 +6.22586539e+06  2.02e+05   3.22e+02     7.33e+00   293.662s
 580000 +6.42631326e+06 +6.22765506e+06  1.99e+05   3.21e+02     7.46e+00   294.141s
 581000 +6.42532665e+06 +6.22949359e+06  1.96e+05   3.20e+02     7.36e+00   294.620s
 582000 +6.42438375e+06 +6.23126203e+06  1.93e+05   3.19e+02     7.47e+00   295.099s
 583000 +6.42343134e+06 +6.23294444e+06  1.90e+05   3.17e+02     7.57e+00   295.578s
 584000 +6.42238233e+06 +6.23456723e+06  1.88e+05   3.16e+02     7.62e+00   296.057s
 585000 +6.42125144e+06 +6.23621719e+06  1.85e+05   3.15e+02     7.73e+00   296.536s
 586000 +6.42025314e+06 +6.23765429e+06  1.83e+05   3.13e+02     7.85e+00   297.015s
 587000 +6.41927652e+06 +6.23904355e+06  1.80e+05   3.12e+02     7.84e+00   297.494s
 588000 +6.41831128e+06 +6.24042403e+06  1.78e+05   3.11e+02     7.88e+00   297.973s
 589000 +6.41729749e+06 +6.24158389e+06  1.76e+05   3.09e+02     7.88e+00   298.451s
 590000 +6.41619277e+06 +6.24270491e+06  1.73e+05   3.08e+02     7.92e+00   298.930s
 591000 +6.41508955e+06 +6.24399528e+06  1.71e+05   3.07e+02     8.04e+00   299.409s
 592000 +6.41400004e+06 +6.24505306e+06  1.69e+05   3.05e+02     8.14e+00   299.888s
 593000 +6.41289683e+06 +6.24595353e+06  1.67e+05   3.04e+02     8.17e+00   300.367s
 594000 +6.41175493e+06 +6.24684508e+06  1.65e+05   3.03e+02     8.21e+00   300.846s
 595000 +6.41062257e+06 +6.24759461e+06  1.63e+05   3.01e+02     8.37e+00   301.325s
 596000 +6.40958286e+06 +6.24843379e+06  1.61e+05   3.00e+02     8.48e+00   301.804s
 597000 +6.40856338e+06 +6.24912296e+06  1.59e+05   2.99e+02     8.54e+00   302.283s
 598000 +6.40742627e+06 +6.24968173e+06  1.58e+05   2.98e+02     8.58e+00   302.762s
 599000 +6.40621940e+06 +6.25033314e+06  1.56e+05   2.96e+02     8.62e+00   303.241s
 600000 +6.40497834e+06 +6.25323523e+06  1.52e+05   2.95e+02     8.76e+00   303.720s
 601000 +6.40368406e+06 +6.25649908e+06  1.47e+05   2.92e+02     8.72e+00   304.199s
 602000 +6.40231264e+06 +6.25960195e+06  1.43e+05   2.88e+02     8.79e+00   304.678s
 603000 +6.40079717e+06 +6.26254597e+06  1.38e+05   2.83e+02     8.93e+00   305.157s
 604000 +6.39925045e+06 +6.26491772e+06  1.34e+05   2.78e+02     8.92e+00   305.636s
 605000 +6.39764936e+06 +6.26698159e+06  1.31e+05   2.73e+02     9.06e+00   306.115s
 606000 +6.39602374e+06 +6.26860924e+06  1.27e+05   2.68e+02     9.16e+00   306.594s
 607000 +6.39445927e+06 +6.27025167e+06  1.24e+05   2.64e+02     9.24e+00   307.073s
 608000 +6.39296454e+06 +6.27139342e+06  1.22e+05   2.60e+02     9.27e+00   307.552s
 609000 +6.39157127e+06 +6.27226300e+06  1.19e+05   2.56e+02     9.38e+00   308.031s
 610000 +6.39022113e+06 +6.27267545e+06  1.18e+05   2.53e+02     9.34e+00   308.510s
 611000 +6.38882902e+06 +6.27277418e+06  1.16e+05   2.51e+02     9.22e+00   308.989s
 612000 +6.38738326e+06 +6.27283996e+06  1.15e+05   2.48e+02     9.26e+00   309.468s
 613000 +6.38604424e+06 +6.27265876e+06  1.13e+05   2.46e+02     9.21e+00   309.947s
 614000 +6.38478351e+06 +6.27232851e+06  1.12e+05   2.43e+02     9.21e+00   310.426s
 615000 +6.38351845e+06 +6.27185792e+06  1.12e+05   2.41e+02     9.11e+00   310.905s
 616000 +6.38207643e+06 +6.27145521e+06  1.11e+05   2.40e+02     9.30e+00   311.384s
 617000 +6.38072885e+06 +6.27122203e+06  1.10e+05   2.38e+02     9.19e+00   311.863s
 618000 +6.37933145e+06 +6.27083680e+06  1.08e+05   2.36e+02     9.21e+00   312.342s
 619000 +6.37783304e+06 +6.27041313e+06  1.07e+05   2.35e+02     9.17e+00   312.821s
 620000 +6.37634588e+06 +6.26992627e+06  1.06e+05   2.33e+02     9.52e+00   313.300s
 621000 +6.37499141e+06 +6.26973806e+06  1.05e+05   2.32e+02     9.22e+00   313.779s
 622000 +6.37359600e+06 +6.26946913e+06  1.04e+05   2.31e+02     9.16e+00   314.258s
 623000 +6.37219822e+06 +6.26910570e+06  1.03e+05   2.29e+02     9.22e+00   314.737s
 624000 +6.37080804e+06 +6.26884572e+06  1.02e+05   2.28e+02     9.17e+00   315.216s
 625000 +6.36939169e+06 +6.26874754e+06  1.01e+05   2.26e+02     9.11e+00   315.695s
 626000 +6.36801343e+06 +6.26853720e+06  9.95e+04   2.24e+02     9.07e+00   316.174s
 627000 +6.36666845e+06 +6.26824210e+06  9.84e+04   2.23e+02     9.15e+00   316.653s
 628000 +6.36547903e+06 +6.26796308e+06  9.75e+04   2.22e+02     9.09e+00   317.132s
 629000 +6.36425050e+06 +6.26753915e+06  9.67e+04   2.20e+02     9.11e+00   317.611s
 630000 +6.36301560e+06 +6.26719286e+06  9.58e+04   2.19e+02     8.97e+00   318.090s
 631000 +6.36184897e+06 +6.26675943e+06  9.51e+04   2.17e+02     9.30e+00   318.569s
 632000 +6.36082554e+06 +6.26642356e+06  9.44e+04   2.16e+02     9.02e+00   319.048s
 633000 +6.35979886e+06 +6.26590934e+06  9.39e+04   2.15e+02     8.91e+00   319.527s
 634000 +6.35873009e+06 +6.26536975e+06  9.34e+04   2.14e+02     8.89e+00   320.006s
 635000 +6.35770702e+06 +6.26466027e+06  9.30e+04   2.13e+02     8.91e+00   320.485s
 636000 +6.35664896e+06 +6.26404667e+06  9.26e+04   2.12e+02     8.86e+00   320.964s
 637000 +6.35553670e+06 +6.26334315e+06  9.22e+04   2.11e+02     8.84e+00   321.443s
 638000 +6.35437258e+06 +6.26260037e+06  9.18e+04   2.10e+02     8.87e+00   321.922s
 639000 +6.35325817e+06 +6.26205541e+06  9.12e+04   2.09e+02     8.86e+00   322.401s
 640000 +6.35210597e+06 +6.26148779e+06  9.06e+04   2.08e+02     8.79e+00   322.881s
 641000 +6.35091481e+06 +6.26074985e+06  9.02e+04   2.07e+02     8.84e+00   323.359s
 642000 +6.34974702e+06 +6.26032821e+06  8.94e+04   2.06e+02     8.92e+00   323.839s
 643000 +6.34863307e+06 +6.25979998e+06  8.88e+04   2.05e+02     8.88e+00   324.318s
 644000 +6.34755443e+06 +6.25930860e+06  8.82e+04   2.04e+02     8.88e+00   324.797s
 645000 +6.34649689e+06 +6.25886521e+06  8.76e+04   2.03e+02     8.87e+00   325.276s
 646000 +6.34547317e+06 +6.25846824e+06  8.70e+04   2.02e+02     8.86e+00   325.755s
 647000 +6.34452120e+06 +6.25792034e+06  8.66e+04   2.01e+02     8.90e+00   326.234s
 648000 +6.34359886e+06 +6.25756486e+06  8.60e+04   2.00e+02     8.86e+00   326.713s
 649000 +6.34269241e+06 +6.25719569e+06  8.55e+04   1.99e+02     8.80e+00   327.192s
 650000 +6.34180246e+06 +6.25683262e+06  8.50e+04   1.98e+02     8.90e+00   327.671s
 651000 +6.34093356e+06 +6.25652023e+06  8.44e+04   1.97e+02     8.87e+00   328.150s
 652000 +6.34006672e+06 +6.25608651e+06  8.40e+04   1.96e+02     8.85e+00   328.629s
 653000 +6.33918786e+06 +6.25588516e+06  8.33e+04   1.95e+02     8.79e+00   329.109s
 654000 +6.33832401e+06 +6.25636280e+06  8.20e+04   1.94e+02     8.85e+00   329.588s
 655000 +6.33746546e+06 +6.25851412e+06  7.90e+04   1.93e+02     8.81e+00   330.067s
 656000 +6.33662487e+06 +6.26053161e+06  7.61e+04   1.90e+02     8.83e+00   330.546s
 657000 +6.33579129e+06 +6.26242216e+06  7.34e+04   1.87e+02     8.89e+00   331.025s
 658000 +6.33496603e+06 +6.26401596e+06  7.10e+04   1.83e+02     8.83e+00   331.504s
 659000 +6.33414952e+06 +6.26544377e+06  6.87e+04   1.80e+02     8.85e+00   331.983s
 660000 +6.33336923e+06 +6.26662439e+06  6.67e+04   1.76e+02     8.85e+00   332.462s
 661000 +6.33257652e+06 +6.26732749e+06  6.52e+04   1.74e+02     8.83e+00   332.941s
 662000 +6.33179900e+06 +6.26776791e+06  6.40e+04   1.71e+02     8.89e+00   333.420s
 663000 +6.33103508e+06 +6.26787283e+06  6.32e+04   1.69e+02     8.91e+00   333.899s
 664000 +6.33026414e+06 +6.26775123e+06  6.25e+04   1.67e+02     8.82e+00   334.378s
 665000 +6.32949078e+06 +6.26753996e+06  6.20e+04   1.65e+02     8.89e+00   334.858s
 666000 +6.32871385e+06 +6.26711315e+06  6.16e+04   1.62e+02     8.87e+00   335.337s
 667000 +6.32789966e+06 +6.26660514e+06  6.13e+04   1.60e+02     8.82e+00   335.816s
 668000 +6.32707712e+06 +6.26591689e+06  6.12e+04   1.58e+02     8.80e+00   336.295s
 669000 +6.32625879e+06 +6.26529084e+06  6.10e+04   1.56e+02     8.79e+00   336.774s
 670000 +6.32543587e+06 +6.26466135e+06  6.08e+04   1.54e+02     8.85e+00   337.254s
 671000 +6.32463406e+06 +6.26423049e+06  6.04e+04   1.53e+02     8.82e+00   337.733s
 672000 +6.32381284e+06 +6.26374991e+06  6.01e+04   1.53e+02     8.88e+00   338.212s
 673000 +6.32299414e+06 +6.26346346e+06  5.95e+04   1.52e+02     8.87e+00   338.691s
 674000 +6.32214476e+06 +6.26319313e+06  5.90e+04   1.51e+02     8.87e+00   339.170s
 675000 +6.32129315e+06 +6.26303560e+06  5.83e+04   1.51e+02     8.84e+00   339.649s
 676000 +6.32043089e+06 +6.26286672e+06  5.76e+04   1.50e+02     8.91e+00   340.128s
 677000 +6.31955992e+06 +6.26281270e+06  5.67e+04   1.50e+02     8.87e+00   340.607s
 678000 +6.31866350e+06 +6.26283574e+06  5.58e+04   1.49e+02     8.89e+00   341.086s
 679000 +6.31772323e+06 +6.26274495e+06  5.50e+04   1.48e+02     8.92e+00   341.565s
 680000 +6.31674164e+06 +6.26267997e+06  5.41e+04   1.46e+02     8.95e+00   342.045s
 681000 +6.31575779e+06 +6.26274432e+06  5.30e+04   1.45e+02     8.93e+00   342.524s
 682000 +6.31475526e+06 +6.26265573e+06  5.21e+04   1.44e+02     8.94e+00   343.003s
 683000 +6.31388715e+06 +6.26236163e+06  5.15e+04   1.44e+02     8.92e+00   343.482s
 684000 +6.31305485e+06 +6.26228430e+06  5.08e+04   1.43e+02     8.92e+00   343.961s
 685000 +6.31225144e+06 +6.26221161e+06  5.00e+04   1.42e+02     8.86e+00   344.440s
 686000 +6.31145456e+06 +6.26195585e+06  4.95e+04   1.41e+02     8.83e+00   344.919s
 687000 +6.31069282e+06 +6.26161871e+06  4.91e+04   1.40e+02     8.83e+00   345.398s
 688000 +6.30993271e+06 +6.26137494e+06  4.86e+04   1.38e+02     8.85e+00   345.877s
 689000 +6.30917285e+06 +6.26108721e+06  4.81e+04   1.37e+02     8.86e+00   346.356s
 690000 +6.30849141e+06 +6.26086983e+06  4.76e+04   1.36e+02     8.84e+00   346.835s
 691000 +6.30782738e+06 +6.26056605e+06  4.73e+04   1.35e+02     8.63e+00   347.314s
 692000 +6.30711445e+06 +6.26045771e+06  4.67e+04   1.34e+02     8.56e+00   347.794s
 693000 +6.30639266e+06 +6.26021807e+06  4.62e+04   1.33e+02     8.57e+00   348.273s
 694000 +6.30566176e+06 +6.26016649e+06  4.55e+04   1.32e+02     8.54e+00   348.752s
 695000 +6.30496618e+06 +6.26000166e+06  4.50e+04   1.31e+02     8.52e+00   349.231s
 696000 +6.30429729e+06 +6.25993357e+06  4.44e+04   1.31e+02     8.51e+00   349.710s
 697000 +6.30365742e+06 +6.25985004e+06  4.38e+04   1.30e+02     8.46e+00   350.189s
 698000 +6.30305725e+06 +6.25984506e+06  4.32e+04   1.29e+02     8.48e+00   350.668s
 699000 +6.30247346e+06 +6.25984044e+06  4.26e+04   1.29e+02     8.47e+00   351.148s
 700000 +6.30191068e+06 +6.25979184e+06  4.21e+04   1.28e+02     8.51e+00   351.626s
 701000 +6.30136316e+06 +6.25981052e+06  4.16e+04   1.28e+02     8.47e+00   352.106s
 702000 +6.30083404e+06 +6.25976515e+06  4.11e+04   1.28e+02     8.43e+00   352.585s
 703000 +6.30032939e+06 +6.25971086e+06  4.06e+04   1.27e+02     8.44e+00   353.064s
 704000 +6.29984239e+06 +6.25970963e+06  4.01e+04   1.27e+02     8.43e+00   353.543s
 705000 +6.29935783e+06 +6.25966275e+06  3.97e+04   1.27e+02     8.38e+00   354.022s
 706000 +6.29888135e+06 +6.25964157e+06  3.92e+04   1.26e+02     8.38e+00   354.501s
 707000 +6.29841507e+06 +6.25955682e+06  3.89e+04   1.26e+02     8.34e+00   354.980s
 708000 +6.29794800e+06 +6.25953714e+06  3.84e+04   1.25e+02     8.32e+00   355.459s
 709000 +6.29748040e+06 +6.25947248e+06  3.80e+04   1.24e+02     8.31e+00   355.939s
 710000 +6.29701573e+06 +6.25949581e+06  3.75e+04   1.23e+02     8.26e+00   356.418s
 711000 +6.29655444e+06 +6.25949006e+06  3.71e+04   1.23e+02     8.22e+00   356.897s
 712000 +6.29609693e+06 +6.25947816e+06  3.66e+04   1.22e+02     8.14e+00   357.376s
 713000 +6.29562631e+06 +6.25949949e+06  3.61e+04   1.22e+02     8.07e+00   357.855s
 714000 +6.29517419e+06 +6.25953690e+06  3.56e+04   1.21e+02     8.03e+00   358.334s
 715000 +6.29475445e+06 +6.25977931e+06  3.50e+04   1.21e+02     7.94e+00   358.813s
 716000 +6.29435520e+06 +6.25981203e+06  3.45e+04   1.20e+02     7.90e+00   359.292s
 717000 +6.29395239e+06 +6.25986169e+06  3.41e+04   1.20e+02     7.89e+00   359.771s
 718000 +6.29355380e+06 +6.25995987e+06  3.36e+04   1.19e+02     7.89e+00   360.251s
 719000 +6.29317732e+06 +6.26001420e+06  3.32e+04   1.19e+02     7.85e+00   360.730s
 720000 +6.29280960e+06 +6.26014037e+06  3.27e+04   1.18e+02     7.83e+00   361.209s
 721000 +6.29243449e+06 +6.26010827e+06  3.23e+04   1.18e+02     7.80e+00   361.688s
 722000 +6.29205311e+06 +6.26018234e+06  3.19e+04   1.17e+02     7.77e+00   362.167s
 723000 +6.29167290e+06 +6.26013404e+06  3.15e+04   1.16e+02     7.80e+00   362.646s
 724000 +6.29132208e+06 +6.26012412e+06  3.12e+04   1.15e+02     7.78e+00   363.125s
 725000 +6.29097233e+06 +6.26000018e+06  3.10e+04   1.14e+02     7.77e+00   363.604s
 726000 +6.29062827e+06 +6.25988214e+06  3.07e+04   1.14e+02     7.76e+00   364.083s
 727000 +6.29028663e+06 +6.25975056e+06  3.05e+04   1.13e+02     7.76e+00   364.562s
 728000 +6.28994463e+06 +6.25956637e+06  3.04e+04   1.13e+02     7.75e+00   365.042s
 729000 +6.28960121e+06 +6.25940489e+06  3.02e+04   1.12e+02     7.71e+00   365.521s
 730000 +6.28925337e+06 +6.25925808e+06  3.00e+04   1.12e+02     7.72e+00   366.000s
 731000 +6.28889009e+06 +6.25911441e+06  2.98e+04   1.12e+02     7.71e+00   366.479s
 732000 +6.28850873e+06 +6.25884566e+06  2.97e+04   1.11e+02     7.72e+00   366.958s
 733000 +6.28808892e+06 +6.25861157e+06  2.95e+04   1.11e+02     7.71e+00   367.437s
 734000 +6.28763894e+06 +6.25844309e+06  2.92e+04   1.10e+02     7.71e+00   367.916s
 735000 +6.28717409e+06 +6.25825929e+06  2.89e+04   1.10e+02     7.76e+00   368.395s
 736000 +6.28673011e+06 +6.25805422e+06  2.87e+04   1.09e+02     7.68e+00   368.874s
 737000 +6.28627205e+06 +6.25787001e+06  2.84e+04   1.08e+02     7.67e+00   369.354s
 738000 +6.28583047e+06 +6.25776419e+06  2.81e+04   1.07e+02     7.67e+00   369.833s
 739000 +6.28538250e+06 +6.25750907e+06  2.79e+04   1.07e+02     7.67e+00   370.312s
 740000 +6.28496426e+06 +6.25740126e+06  2.76e+04   1.06e+02     7.69e+00   370.791s
 741000 +6.28455208e+06 +6.25710537e+06  2.74e+04   1.05e+02     7.66e+00   371.270s
 742000 +6.28413887e+06 +6.25691378e+06  2.72e+04   1.05e+02     7.62e+00   371.749s
 743000 +6.28371789e+06 +6.25674588e+06  2.70e+04   1.05e+02     7.60e+00   372.229s
 744000 +6.28329381e+06 +6.25658291e+06  2.67e+04   1.04e+02     7.57e+00   372.708s
 745000 +6.28286903e+06 +6.25632928e+06  2.65e+04   1.04e+02     7.59e+00   373.187s
 746000 +6.28246008e+06 +6.25612682e+06  2.63e+04   1.04e+02     7.56e+00   373.666s
 747000 +6.28205994e+06 +6.25602156e+06  2.60e+04   1.03e+02     7.50e+00   374.145s
 748000 +6.28166131e+06 +6.25581667e+06  2.58e+04   1.03e+02     7.49e+00   374.624s
 749000 +6.28128409e+06 +6.25567706e+06  2.56e+04   1.03e+02     7.45e+00   375.104s
 750000 +6.28090920e+06 +6.25556887e+06  2.53e+04   1.02e+02     7.45e+00   375.583s
 751000 +6.28057246e+06 +6.25546915e+06  2.51e+04   1.02e+02     7.40e+00   376.062s
 752000 +6.28027941e+06 +6.25542705e+06  2.49e+04   1.01e+02     7.35e+00   376.541s
 753000 +6.27995884e+06 +6.25531279e+06  2.46e+04   1.01e+02     7.37e+00   377.020s
 754000 +6.27965335e+06 +6.25537401e+06  2.43e+04   1.01e+02     7.39e+00   377.499s
 755000 +6.27934654e+06 +6.25544247e+06  2.39e+04   1.00e+02     7.37e+00   377.978s
 756000 +6.27906048e+06 +6.25544380e+06  2.36e+04   1.00e+02     7.36e+00   378.458s
 757000 +6.27877505e+06 +6.25559150e+06  2.32e+04   9.99e+01     7.31e+00   378.937s
 758000 +6.27850602e+06 +6.25573301e+06  2.28e+04   9.98e+01     7.28e+00   379.416s
 759000 +6.27826083e+06 +6.25593242e+06  2.23e+04   9.98e+01     7.17e+00   379.895s
 760000 +6.27803315e+06 +6.25604940e+06  2.20e+04   9.97e+01     7.17e+00   380.374s
 761000 +6.27779934e+06 +6.25625368e+06  2.15e+04   9.96e+01     7.15e+00   380.853s
 762000 +6.27757604e+06 +6.25646358e+06  2.11e+04   9.94e+01     7.11e+00   381.332s
 763000 +6.27737456e+06 +6.25659117e+06  2.08e+04   9.91e+01     7.06e+00   381.811s
 764000 +6.27717446e+06 +6.25675275e+06  2.04e+04   9.87e+01     7.08e+00   382.290s
 765000 +6.27698277e+06 +6.25688753e+06  2.01e+04   9.84e+01     7.07e+00   382.770s
 766000 +6.27679335e+06 +6.25704765e+06  1.97e+04   9.80e+01     7.04e+00   383.249s
 767000 +6.27660530e+06 +6.25718630e+06  1.94e+04   9.76e+01     7.06e+00   383.728s
 768000 +6.27641964e+06 +6.25733128e+06  1.91e+04   9.73e+01     7.06e+00   384.207s
 769000 +6.27625077e+06 +6.25735568e+06  1.89e+04   9.70e+01     7.02e+00   384.686s
 770000 +6.27609445e+06 +6.25750562e+06  1.86e+04   9.67e+01     7.00e+00   385.166s
 771000 +6.27594460e+06 +6.25749913e+06  1.84e+04   9.65e+01     6.99e+00   385.645s
 772000 +6.27580314e+06 +6.25819934e+06  1.76e+04   9.61e+01     6.99e+00   386.124s
 773000 +6.27565490e+06 +6.25958638e+06  1.61e+04   9.54e+01     6.91e+00   386.603s
 774000 +6.27550949e+06 +6.26092821e+06  1.46e+04   9.43e+01     6.92e+00   387.082s
 775000 +6.27535809e+06 +6.26213088e+06  1.32e+04   9.29e+01     6.88e+00   387.561s
 776000 +6.27520472e+06 +6.26321099e+06  1.20e+04   9.13e+01     6.87e+00   388.040s
 777000 +6.27504970e+06 +6.26416564e+06  1.09e+04   8.98e+01     6.90e+00   388.519s
 778000 +6.27489515e+06 +6.26491904e+06  9.98e+03   8.85e+01     6.90e+00   388.999s
 779000 +6.27474350e+06 +6.26552149e+06  9.22e+03   8.74e+01     6.90e+00   389.478s
 780000 +6.27459874e+06 +6.26597628e+06  8.62e+03   8.64e+01     6.87e+00   389.957s
 781000 +6.27443533e+06 +6.26630095e+06  8.13e+03   8.55e+01     6.86e+00   390.436s
 782000 +6.27425964e+06 +6.26645894e+06  7.80e+03   8.45e+01     6.84e+00   390.915s
 783000 +6.27407562e+06 +6.26646645e+06  7.61e+03   8.33e+01     6.82e+00   391.394s
 784000 +6.27387532e+06 +6.26645877e+06  7.42e+03   8.20e+01     6.83e+00   391.874s
 785000 +6.27366056e+06 +6.26634282e+06  7.32e+03   8.06e+01     6.83e+00   392.353s
 786000 +6.27344041e+06 +6.26614513e+06  7.30e+03   7.91e+01     6.82e+00   392.832s
 787000 +6.27322229e+06 +6.26594611e+06  7.28e+03   7.77e+01     6.83e+00   393.311s
 788000 +6.27298430e+06 +6.26578103e+06  7.20e+03   7.65e+01     6.85e+00   393.790s
 789000 +6.27272828e+06 +6.26562659e+06  7.10e+03   7.56e+01     6.83e+00   394.269s
 790000 +6.27248978e+06 +6.26556749e+06  6.92e+03   7.50e+01     6.81e+00   394.748s
 791000 +6.27224636e+06 +6.26546989e+06  6.78e+03   7.45e+01     6.79e+00   395.227s
 792000 +6.27198377e+06 +6.26546817e+06  6.52e+03   7.42e+01     6.72e+00   395.706s
 793000 +6.27171065e+06 +6.26542889e+06  6.28e+03   7.39e+01     6.73e+00   396.185s
 794000 +6.27146286e+06 +6.26539572e+06  6.07e+03   7.36e+01     6.74e+00   396.664s
 795000 +6.27121466e+06 +6.26544844e+06  5.77e+03   7.32e+01     6.73e+00   397.143s
 796000 +6.27093005e+06 +6.26537517e+06  5.55e+03   7.26e+01     6.70e+00   397.622s
 797000 +6.27063650e+06 +6.26537926e+06  5.26e+03   7.19e+01     6.70e+00   398.102s
 798000 +6.27031901e+06 +6.26528725e+06  5.03e+03   7.12e+01     6.72e+00   398.581s
 799000 +6.26999090e+06 +6.26516562e+06  4.83e+03   7.05e+01     6.71e+00   399.060s
 800000 +6.26961454e+06 +6.26497772e+06  4.64e+03   6.97e+01     6.72e+00   399.539s
 801000 +6.26920367e+06 +6.26484550e+06  4.36e+03   6.90e+01     6.71e+00   400.018s
 802000 +6.26881169e+06 +6.26465059e+06  4.16e+03   6.84e+01     6.71e+00   400.497s
 803000 +6.26845406e+06 +6.26436156e+06  4.09e+03   6.79e+01     6.69e+00   400.976s
 804000 +6.26816660e+06 +6.26408222e+06  4.08e+03   6.76e+01     6.64e+00   401.455s
 805000 +6.26788406e+06 +6.26366349e+06  4.22e+03   6.74e+01     6.62e+00   401.934s
 806000 +6.26761370e+06 +6.26330167e+06  4.31e+03   6.73e+01     6.60e+00   402.413s
 807000 +6.26734508e+06 +6.26285901e+06  4.49e+03   6.72e+01     6.59e+00   402.893s
 808000 +6.26707030e+06 +6.26248009e+06  4.59e+03   6.73e+01     6.56e+00   403.372s
 809000 +6.26680707e+06 +6.26213737e+06  4.67e+03   6.73e+01     6.54e+00   403.851s
 810000 +6.26654091e+06 +6.26180168e+06  4.74e+03   6.73e+01     6.52e+00   404.330s
 811000 +6.26627544e+06 +6.26153681e+06  4.74e+03   6.72e+01     6.48e+00   404.809s
 812000 +6.26601209e+06 +6.26144204e+06  4.57e+03   6.69e+01     6.50e+00   405.288s
 813000 +6.26573670e+06 +6.26124644e+06  4.49e+03   6.66e+01     6.48e+00   405.767s
 814000 +6.26547739e+06 +6.26117575e+06  4.30e+03   6.61e+01     6.48e+00   406.246s
 815000 +6.26521712e+06 +6.26108401e+06  4.13e+03   6.55e+01     6.51e+00   406.725s
 816000 +6.26496065e+06 +6.26110548e+06  3.86e+03   6.51e+01     6.47e+00   407.205s
 817000 +6.26473441e+06 +6.26108114e+06  3.65e+03   6.47e+01     6.45e+00   407.684s
 818000 +6.26451768e+06 +6.26114803e+06  3.37e+03   6.44e+01     6.46e+00   408.163s
 819000 +6.26429902e+06 +6.26114610e+06  3.15e+03   6.43e+01     6.44e+00   408.642s
 820000 +6.26408562e+06 +6.26117215e+06  2.91e+03   6.43e+01     6.40e+00   409.121s
 821000 +6.26389306e+06 +6.26115595e+06  2.74e+03   6.43e+01     6.40e+00   409.600s
 822000 +6.26370963e+06 +6.26112293e+06  2.59e+03   6.43e+01     6.37e+00   410.079s
 823000 +6.26354092e+06 +6.26110891e+06  2.43e+03   6.41e+01     6.34e+00   410.558s
 824000 +6.26337330e+06 +6.26099356e+06  2.38e+03   6.38e+01     6.32e+00   411.037s
 825000 +6.26321217e+06 +6.26082851e+06  2.38e+03   6.33e+01     6.30e+00   411.516s
 826000 +6.26305561e+06 +6.26074092e+06  2.31e+03   6.27e+01     6.26e+00   411.996s
 827000 +6.26290208e+06 +6.26052348e+06  2.38e+03   6.20e+01     6.25e+00   412.475s
 828000 +6.26276966e+06 +6.26026403e+06  2.51e+03   6.13e+01     6.25e+00   412.954s
 829000 +6.26263624e+06 +6.25992819e+06  2.71e+03   6.07e+01     6.23e+00   413.433s
 830000 +6.26251626e+06 +6.25965333e+06  2.86e+03   6.03e+01     6.22e+00   413.912s
 831000 +6.26238353e+06 +6.25936164e+06  3.02e+03   6.00e+01     6.20e+00   414.391s
 832000 +6.26224702e+06 +6.25896773e+06  3.28e+03   5.98e+01     6.19e+00   414.870s
 833000 +6.26211900e+06 +6.25858952e+06  3.53e+03   5.96e+01     6.17e+00   415.349s
 834000 +6.26198395e+06 +6.25826662e+06  3.72e+03   5.94e+01     6.13e+00   415.828s
 835000 +6.26185264e+06 +6.25791630e+06  3.94e+03   5.92e+01     6.11e+00   416.307s
 836000 +6.26171832e+06 +6.25754921e+06  4.17e+03   5.89e+01     6.11e+00   416.787s
 837000 +6.26158053e+06 +6.25721854e+06  4.36e+03   5.85e+01     6.12e+00   417.266s
 838000 +6.26143123e+06 +6.25689596e+06  4.54e+03   5.81e+01     6.11e+00   417.745s
 839000 +6.26127811e+06 +6.25657379e+06  4.70e+03   5.77e+01     6.09e+00   418.224s
 840000 +6.26111814e+06 +6.25631057e+06  4.81e+03   5.73e+01     6.07e+00   418.703s
 841000 +6.26095326e+06 +6.25612141e+06  4.83e+03   5.71e+01     6.06e+00   419.182s
 842000 +6.26079428e+06 +6.25588684e+06  4.91e+03   5.69e+01     6.05e+00   419.661s
 843000 +6.26064733e+06 +6.25573942e+06  4.91e+03   5.69e+01     6.04e+00   420.140s
 844000 +6.26050563e+06 +6.25556234e+06  4.94e+03   5.69e+01     6.01e+00   420.620s
 845000 +6.26037736e+06 +6.25543677e+06  4.94e+03   5.69e+01     5.99e+00   421.099s
 846000 +6.26024711e+06 +6.25533517e+06  4.91e+03   5.69e+01     5.99e+00   421.578s
 847000 +6.26011951e+06 +6.25526374e+06  4.86e+03   5.69e+01     5.97e+00   422.057s
 848000 +6.25999648e+06 +6.25521186e+06  4.78e+03   5.68e+01     5.95e+00   422.536s
 849000 +6.25987706e+06 +6.25518064e+06  4.70e+03   5.67e+01     5.93e+00   423.015s
 850000 +6.25975311e+06 +6.25513255e+06  4.62e+03   5.66e+01     5.91e+00   423.494s
 851000 +6.25962313e+06 +6.25508884e+06  4.53e+03   5.64e+01     5.92e+00   423.974s
 852000 +6.25950734e+06 +6.25507230e+06  4.44e+03   5.62e+01     5.92e+00   424.453s
 853000 +6.25938986e+06 +6.25503748e+06  4.35e+03   5.59e+01     5.89e+00   424.932s
 854000 +6.25926643e+06 +6.25501020e+06  4.26e+03   5.56e+01     5.89e+00   425.411s
 855000 +6.25914076e+06 +6.25493849e+06  4.20e+03   5.53e+01     5.88e+00   425.890s
 856000 +6.25901291e+06 +6.25488023e+06  4.13e+03   5.49e+01     5.89e+00   426.369s
 857000 +6.25888851e+06 +6.25485379e+06  4.03e+03   5.46e+01     5.87e+00   426.848s
 858000 +6.25877886e+06 +6.25542020e+06  3.36e+03   5.44e+01     5.70e+00   427.328s
 859000 +6.25864579e+06 +6.25630214e+06  2.34e+03   5.40e+01     5.69e+00   427.807s
 860000 +6.25847625e+06 +6.25713294e+06  1.34e+03   5.36e+01     5.73e+00   428.286s
 861000 +6.25827550e+06 +6.25794875e+06  3.27e+02   5.31e+01     5.77e+00   428.764s
 862000 +6.25805562e+06 +6.25872196e+06  6.66e+02   5.25e+01     5.84e+00   429.243s
 863000 +6.25781164e+06 +6.25948754e+06  1.68e+03   5.18e+01     5.92e+00   429.722s
 864000 +6.25753880e+06 +6.26014370e+06  2.60e+03   5.11e+01     5.98e+00   430.201s
 865000 +6.25722656e+06 +6.26073601e+06  3.51e+03   5.04e+01     6.06e+00   430.680s
 866000 +6.25689580e+06 +6.26129870e+06  4.40e+03   4.96e+01     6.12e+00   431.159s
 867000 +6.25657742e+06 +6.26183493e+06  5.26e+03   4.88e+01     6.22e+00   431.638s
 868000 +6.25623864e+06 +6.26225410e+06  6.02e+03   4.81e+01     6.25e+00   432.117s
 869000 +6.25590138e+06 +6.26268176e+06  6.78e+03   4.73e+01     6.29e+00   432.596s
 870000 +6.25553575e+06 +6.26303695e+06  7.50e+03   4.66e+01     6.34e+00   433.075s
 871000 +6.25516157e+06 +6.26342185e+06  8.26e+03   4.58e+01     6.39e+00   433.554s
 872000 +6.25478411e+06 +6.26364975e+06  8.87e+03   4.50e+01     6.44e+00   434.032s
 873000 +6.25438791e+06 +6.26397456e+06  9.59e+03   4.43e+01     6.51e+00   434.511s
 874000 +6.25400327e+06 +6.26421181e+06  1.02e+04   4.35e+01     6.51e+00   434.990s
 875000 +6.25361153e+06 +6.26430581e+06  1.07e+04   4.28e+01     6.61e+00   435.469s
 876000 +6.25320431e+06 +6.26445825e+06  1.13e+04   4.21e+01     6.67e+00   435.948s
 877000 +6.25279955e+06 +6.26455328e+06  1.18e+04   4.14e+01     6.65e+00   436.427s
 878000 +6.25238199e+06 +6.26458498e+06  1.22e+04   4.07e+01     6.68e+00   436.906s
 879000 +6.25195765e+06 +6.26472295e+06  1.28e+04   4.00e+01     6.72e+00   437.385s
 880000 +6.25153622e+06 +6.26466005e+06  1.31e+04   3.93e+01     6.78e+00   437.864s
 881000 +6.25110738e+06 +6.26469440e+06  1.36e+04   3.87e+01     6.81e+00   438.343s
 882000 +6.25066116e+06 +6.26468122e+06  1.40e+04   3.80e+01     6.82e+00   438.821s
 883000 +6.25020368e+06 +6.26472089e+06  1.45e+04   3.73e+01     6.86e+00   439.300s
 884000 +6.24974430e+06 +6.26472114e+06  1.50e+04   3.66e+01     6.86e+00   439.779s
 885000 +6.24929171e+06 +6.26467247e+06  1.54e+04   3.59e+01     6.88e+00   440.258s
 886000 +6.24883650e+06 +6.26459630e+06  1.58e+04   3.52e+01     6.94e+00   440.737s
 887000 +6.24837746e+06 +6.26474604e+06  1.64e+04   3.45e+01     6.85e+00   441.216s
 888000 +6.24795838e+06 +6.26447923e+06  1.65e+04   3.39e+01     6.87e+00   441.695s
 889000 +6.24758399e+06 +6.26439417e+06  1.68e+04   3.33e+01     6.84e+00   442.174s
 890000 +6.24721082e+06 +6.26436265e+06  1.72e+04   3.27e+01     6.82e+00   442.653s
 891000 +6.24684263e+06 +6.26424156e+06  1.74e+04   3.22e+01     6.89e+00   443.132s
 892000 +6.24646221e+06 +6.26409220e+06  1.76e+04   3.16e+01     6.84e+00   443.611s
 893000 +6.24606101e+06 +6.26401028e+06  1.79e+04   3.10e+01     6.88e+00   444.090s
 894000 +6.24565420e+06 +6.26393429e+06  1.83e+04   3.04e+01     6.87e+00   444.569s
 895000 +6.24525462e+06 +6.26378125e+06  1.85e+04   2.98e+01     6.87e+00   445.048s
 896000 +6.24486036e+06 +6.26358539e+06  1.87e+04   2.92e+01     6.86e+00   445.527s
 897000 +6.24445555e+06 +6.26353194e+06  1.91e+04   2.86e+01     6.89e+00   446.006s
 898000 +6.24405862e+06 +6.26373440e+06  1.97e+04   2.80e+01     6.84e+00   446.485s
 899000 +6.24368005e+06 +6.26405089e+06  2.04e+04   2.72e+01     6.82e+00   446.964s
 900000 +6.24332315e+06 +6.26436423e+06  2.10e+04   2.60e+01     6.85e+00   447.443s
 901000 +6.24298404e+06 +6.26471070e+06  2.17e+04   2.47e+01     6.81e+00   447.922s
 902000 +6.24264543e+06 +6.26492375e+06  2.23e+04   2.33e+01     6.80e+00   448.401s
 903000 +6.24231025e+06 +6.26497884e+06  2.27e+04   2.21e+01     6.80e+00   448.880s
 904000 +6.24198328e+06 +6.26502304e+06  2.30e+04   2.11e+01     6.76e+00   449.359s
 905000 +6.24165632e+06 +6.26498223e+06  2.33e+04   2.03e+01     6.76e+00   449.838s
 906000 +6.24132876e+06 +6.26482402e+06  2.35e+04   1.96e+01     6.73e+00   450.317s
 907000 +6.24100747e+06 +6.26466265e+06  2.37e+04   1.90e+01     6.72e+00   450.796s
 908000 +6.24069094e+06 +6.26443065e+06  2.37e+04   1.84e+01     6.70e+00   451.275s
 909000 +6.24037949e+06 +6.26420790e+06  2.38e+04   1.79e+01     6.69e+00   451.754s
 910000 +6.24008717e+06 +6.26394712e+06  2.39e+04   1.75e+01     6.65e+00   452.233s
 911000 +6.23980241e+06 +6.26374226e+06  2.39e+04   1.72e+01     6.64e+00   452.712s
 912000 +6.23951525e+06 +6.26353605e+06  2.40e+04   1.71e+01     6.60e+00   453.191s
 913000 +6.23923904e+06 +6.26337313e+06  2.41e+04   1.72e+01     6.59e+00   453.670s
 914000 +6.23896492e+06 +6.26322187e+06  2.43e+04   1.73e+01     6.56e+00   454.149s
 915000 +6.23871191e+06 +6.26304463e+06  2.43e+04   1.73e+01     6.59e+00   454.628s
 916000 +6.23847388e+06 +6.26296499e+06  2.45e+04   1.71e+01     6.55e+00   455.107s
 917000 +6.23824053e+06 +6.26291349e+06  2.47e+04   1.67e+01     6.54e+00   455.586s
 918000 +6.23801507e+06 +6.26276249e+06  2.47e+04   1.61e+01     6.55e+00   456.065s
 919000 +6.23778896e+06 +6.26265546e+06  2.49e+04   1.53e+01     6.52e+00   456.544s
 920000 +6.23757040e+06 +6.26252400e+06  2.50e+04   1.45e+01     6.48e+00   457.023s
 921000 +6.23736311e+06 +6.26229721e+06  2.49e+04   1.37e+01     6.47e+00   457.502s
 922000 +6.23715703e+06 +6.26208877e+06  2.49e+04   1.31e+01     6.46e+00   457.980s
 923000 +6.23695692e+06 +6.26185694e+06  2.49e+04   1.27e+01     6.45e+00   458.459s
 924000 +6.23675626e+06 +6.26158649e+06  2.48e+04   1.23e+01     6.44e+00   458.938s
 925000 +6.23655458e+06 +6.26126993e+06  2.47e+04   1.19e+01     6.42e+00   459.417s
 926000 +6.23635494e+06 +6.26092814e+06  2.46e+04   1.16e+01     6.41e+00   459.896s
 927000 +6.23616384e+06 +6.26059713e+06  2.44e+04   1.12e+01     6.40e+00   460.375s
 928000 +6.23597410e+06 +6.26030760e+06  2.43e+04   1.10e+01     6.38e+00   460.854s
 929000 +6.23578950e+06 +6.26002029e+06  2.42e+04   1.08e+01     6.37e+00   461.333s
 930000 +6.23561566e+06 +6.25979092e+06  2.42e+04   1.09e+01     6.35e+00   461.812s
 931000 +6.23544695e+06 +6.25953423e+06  2.41e+04   1.11e+01     6.35e+00   462.291s
 932000 +6.23528158e+06 +6.25935394e+06  2.41e+04   1.13e+01     6.31e+00   462.770s
 933000 +6.23512071e+06 +6.25916108e+06  2.40e+04   1.14e+01     6.28e+00   463.249s
 934000 +6.23496536e+06 +6.25894718e+06  2.40e+04   1.14e+01     6.26e+00   463.727s
 935000 +6.23481554e+06 +6.25878329e+06  2.40e+04   1.12e+01     6.25e+00   464.206s
 936000 +6.23466932e+06 +6.25860674e+06  2.39e+04   1.07e+01     6.24e+00   464.685s
 937000 +6.23452751e+06 +6.25840187e+06  2.39e+04   1.02e+01     6.23e+00   465.164s
 938000 +6.23438883e+06 +6.25825358e+06  2.39e+04   9.58e+00     6.20e+00   465.643s
 939000 +6.23425458e+06 +6.25807652e+06  2.38e+04   9.03e+00     6.20e+00   466.122s
 940000 +6.23412615e+06 +6.25784742e+06  2.37e+04   8.61e+00     6.17e+00   466.601s
 941000 +6.23400394e+06 +6.25762182e+06  2.36e+04   8.32e+00     6.15e+00   467.080s
 942000 +6.23388368e+06 +6.25740970e+06  2.35e+04   8.12e+00     6.14e+00   467.559s
 943000 +6.23376581e+06 +6.25718675e+06  2.34e+04   7.96e+00     6.11e+00   468.038s
 944000 +6.23365217e+06 +6.25697137e+06  2.33e+04   7.78e+00     6.09e+00   468.517s
 945000 +6.23354249e+06 +6.25677751e+06  2.32e+04   7.60e+00     6.08e+00   468.996s
 946000 +6.23343944e+06 +6.25659688e+06  2.32e+04   7.48e+00     6.05e+00   469.475s
 947000 +6.23334526e+06 +6.25638236e+06  2.30e+04   7.48e+00     6.04e+00   469.954s
 948000 +6.23325496e+06 +6.25623682e+06  2.30e+04   7.61e+00     6.03e+00   470.433s
 949000 +6.23317035e+06 +6.25614070e+06  2.30e+04   7.87e+00     6.02e+00   470.912s
 950000 +6.23308255e+06 +6.25599960e+06  2.29e+04   8.14e+00     6.00e+00   471.391s
 951000 +6.23299534e+06 +6.25593475e+06  2.29e+04   8.35e+00     5.99e+00   471.869s
 952000 +6.23291189e+06 +6.25586342e+06  2.30e+04   8.41e+00     5.96e+00   472.349s
 953000 +6.23283640e+06 +6.25576300e+06  2.29e+04   8.27e+00     5.95e+00   472.827s
 954000 +6.23276866e+06 +6.25571438e+06  2.29e+04   7.94e+00     5.94e+00   473.306s
 955000 +6.23270557e+06 +6.25562405e+06  2.29e+04   7.47e+00     5.91e+00   473.785s
 956000 +6.23264231e+06 +6.25555303e+06  2.29e+04   6.93e+00     5.90e+00   474.264s
 957000 +6.23257770e+06 +6.25545160e+06  2.29e+04   6.42e+00     5.89e+00   474.743s
 958000 +6.23251935e+06 +6.25529798e+06  2.28e+04   6.04e+00     5.86e+00   475.222s
 959000 +6.23246150e+06 +6.25514119e+06  2.27e+04   5.79e+00     5.86e+00   475.701s
 960000 +6.23240536e+06 +6.25496531e+06  2.26e+04   5.66e+00     5.84e+00   476.180s
 961000 +6.23234958e+06 +6.25481779e+06  2.25e+04   5.59e+00     5.81e+00   476.659s
 962000 +6.23229721e+06 +6.25464922e+06  2.24e+04   5.53e+00     5.80e+00   477.138s
 963000 +6.23224282e+06 +6.25449026e+06  2.22e+04   5.45e+00     5.80e+00   477.617s
 964000 +6.23218876e+06 +6.25431128e+06  2.21e+04   5.40e+00     5.79e+00   478.096s
 965000 +6.23213429e+06 +6.25416710e+06  2.20e+04   5.43e+00     5.76e+00   478.575s
 966000 +6.23207262e+06 +6.25402020e+06  2.19e+04   5.56e+00     5.75e+00   479.053s
 967000 +6.23201452e+06 +6.25391313e+06  2.19e+04   5.81e+00     5.73e+00   479.532s
 968000 +6.23195650e+06 +6.25385465e+06  2.19e+04   6.09e+00     5.71e+00   480.011s
 969000 +6.23189850e+06 +6.25381828e+06  2.19e+04   6.33e+00     5.70e+00   480.490s
 970000 +6.23184342e+06 +6.25374970e+06  2.19e+04   6.45e+00     5.67e+00   480.969s
 971000 +6.23179005e+06 +6.25369925e+06  2.19e+04   6.40e+00     5.66e+00   481.448s
 972000 +6.23173788e+06 +6.25368238e+06  2.19e+04   6.18e+00     5.66e+00   481.927s
 973000 +6.23168598e+06 +6.25365261e+06  2.20e+04   5.81e+00     5.65e+00   482.406s
 974000 +6.23163653e+06 +6.25359468e+06  2.20e+04   5.36e+00     5.64e+00   482.884s
 975000 +6.23158917e+06 +6.25353673e+06  2.19e+04   4.93e+00     5.63e+00   483.363s
 976000 +6.23154298e+06 +6.25349253e+06  2.19e+04   4.58e+00     5.61e+00   483.842s
 977000 +6.23149383e+06 +6.25342659e+06  2.19e+04   4.36e+00     5.59e+00   484.321s
 978000 +6.23144662e+06 +6.25332213e+06  2.19e+04   4.25e+00     5.59e+00   484.800s
 979000 +6.23140016e+06 +6.25326498e+06  2.19e+04   4.19e+00     5.57e+00   485.279s
 980000 +6.23135268e+06 +6.25318229e+06  2.18e+04   4.15e+00     5.56e+00   485.758s
 981000 +6.23130993e+06 +6.25311980e+06  2.18e+04   4.10e+00     5.54e+00   486.237s
 982000 +6.23126824e+06 +6.25304653e+06  2.18e+04   4.07e+00     5.52e+00   486.716s
 983000 +6.23115385e+06 +6.25300827e+06  2.19e+04   3.99e+00     5.45e+00   487.195s
 984000 +6.23100505e+06 +6.25302513e+06  2.20e+04   3.91e+00     5.41e+00   487.674s
 985000 +6.23085663e+06 +6.25304485e+06  2.22e+04   3.88e+00     5.38e+00   488.153s
 986000 +6.23070790e+06 +6.25306790e+06  2.24e+04   3.87e+00     5.37e+00   488.631s
 987000 +6.23056176e+06 +6.25304471e+06  2.25e+04   3.84e+00     5.36e+00   489.110s
 988000 +6.23041728e+06 +6.25303993e+06  2.26e+04   3.78e+00     5.34e+00   489.589s
 989000 +6.23027620e+06 +6.25305908e+06  2.28e+04   3.69e+00     5.32e+00   490.068s
 990000 +6.23013663e+06 +6.25305651e+06  2.29e+04   3.55e+00     5.30e+00   490.546s
 991000 +6.22999690e+06 +6.25304648e+06  2.30e+04   3.39e+00     5.30e+00   491.025s
 992000 +6.22986222e+06 +6.25301483e+06  2.32e+04   3.22e+00     5.27e+00   491.504s
 993000 +6.22972898e+06 +6.25294994e+06  2.32e+04   3.08e+00     5.26e+00   491.983s
 994000 +6.22959827e+06 +6.25291644e+06  2.33e+04   2.98e+00     5.24e+00   492.461s
 995000 +6.22946908e+06 +6.25283965e+06  2.34e+04   2.93e+00     5.22e+00   492.940s
 996000 +6.22934143e+06 +6.25279573e+06  2.35e+04   2.94e+00     5.21e+00   493.418s
 997000 +6.22921605e+06 +6.25270556e+06  2.35e+04   2.99e+00     5.18e+00   493.897s
 998000 +6.22909572e+06 +6.25261408e+06  2.35e+04   3.08e+00     5.17e+00   494.376s
 999000 +6.22897614e+06 +6.25251478e+06  2.35e+04   3.19e+00     5.15e+00   494.854s
1000000 +6.22885826e+06 +6.25243002e+06  2.36e+04   3.30e+00     5.15e+00   495.333s
1001000 +6.22874115e+06 +6.25234811e+06  2.36e+04   3.42e+00     5.14e+00   495.812s
1002000 +6.22862681e+06 +6.25223517e+06  2.36e+04   3.53e+00     5.13e+00   496.291s
1003000 +6.22851737e+06 +6.25214137e+06  2.36e+04   3.65e+00     5.12e+00   496.769s
1004000 +6.22840843e+06 +6.25203185e+06  2.36e+04   3.78e+00     5.12e+00   497.248s
1005000 +6.22830162e+06 +6.25194949e+06  2.36e+04   3.90e+00     5.11e+00   497.727s
1006000 +6.22819793e+06 +6.25183460e+06  2.36e+04   4.02e+00     5.10e+00   498.205s
1007000 +6.22809542e+06 +6.25177522e+06  2.37e+04   4.13e+00     5.08e+00   498.684s
1008000 +6.22799481e+06 +6.25167388e+06  2.37e+04   4.24e+00     5.06e+00   499.163s
1009000 +6.22789522e+06 +6.25159218e+06  2.37e+04   4.34e+00     5.06e+00   499.641s
1010000 +6.22779505e+06 +6.25151729e+06  2.37e+04   4.43e+00     5.05e+00   500.120s
1011000 +6.22769797e+06 +6.25142751e+06  2.37e+04   4.51e+00     5.04e+00   500.599s
1012000 +6.22759859e+06 +6.25133521e+06  2.37e+04   4.58e+00     5.03e+00   501.077s
1013000 +6.22750099e+06 +6.25124633e+06  2.37e+04   4.66e+00     5.02e+00   501.556s
1014000 +6.22740642e+06 +6.25116575e+06  2.38e+04   4.73e+00     5.02e+00   502.035s
1015000 +6.22731242e+06 +6.25109004e+06  2.38e+04   4.81e+00     5.00e+00   502.513s
1016000 +6.22722500e+06 +6.25098440e+06  2.38e+04   4.88e+00     4.99e+00   502.992s
1017000 +6.22714152e+06 +6.25089285e+06  2.38e+04   4.95e+00     4.97e+00   503.471s
1018000 +6.22705969e+06 +6.25080634e+06  2.37e+04   5.02e+00     4.97e+00   503.950s
1019000 +6.22698189e+06 +6.25069358e+06  2.37e+04   5.08e+00     4.95e+00   504.428s
1020000 +6.22690716e+06 +6.25061356e+06  2.37e+04   5.14e+00     4.95e+00   504.907s
1021000 +6.22683543e+06 +6.25053978e+06  2.37e+04   5.20e+00     4.93e+00   505.386s
1022000 +6.22676811e+06 +6.25043202e+06  2.37e+04   5.25e+00     4.90e+00   505.864s
1023000 +6.22669993e+06 +6.25035151e+06  2.37e+04   5.31e+00     4.89e+00   506.343s
1024000 +6.22663644e+06 +6.25031868e+06  2.37e+04   5.36e+00     4.88e+00   506.821s
1025000 +6.22657562e+06 +6.25025054e+06  2.37e+04   5.40e+00     4.85e+00   507.300s
1026000 +6.22651447e+06 +6.25016885e+06  2.37e+04   5.45e+00     4.84e+00   507.779s
1027000 +6.22645500e+06 +6.25010184e+06  2.36e+04   5.49e+00     4.82e+00   508.258s
1028000 +6.22639803e+06 +6.25005179e+06  2.37e+04   5.54e+00     4.80e+00   508.736s
1029000 +6.22634046e+06 +6.24996136e+06  2.36e+04   5.57e+00     4.79e+00   509.215s
1030000 +6.22628185e+06 +6.24988202e+06  2.36e+04   5.61e+00     4.78e+00   509.694s
1031000 +6.22622394e+06 +6.24984204e+06  2.36e+04   5.64e+00     4.75e+00   510.173s
1032000 +6.22617079e+06 +6.24976809e+06  2.36e+04   5.68e+00     4.74e+00   510.651s
1033000 +6.22612075e+06 +6.24971747e+06  2.36e+04   5.70e+00     4.73e+00   511.130s
1034000 +6.22607061e+06 +6.24964841e+06  2.36e+04   5.72e+00     4.72e+00   511.609s
1035000 +6.22602129e+06 +6.24956156e+06  2.35e+04   5.75e+00     4.72e+00   512.088s
1036000 +6.22597429e+06 +6.24951275e+06  2.35e+04   5.77e+00     4.69e+00   512.566s
1037000 +6.22593017e+06 +6.24946183e+06  2.35e+04   5.79e+00     4.69e+00   513.045s
1038000 +6.22588882e+06 +6.24940418e+06  2.35e+04   5.80e+00     4.68e+00   513.524s
1039000 +6.22585318e+06 +6.24934864e+06  2.35e+04   5.80e+00     4.67e+00   514.003s
1040000 +6.22581763e+06 +6.24930239e+06  2.35e+04   5.80e+00     4.66e+00   514.481s
1041000 +6.22577881e+06 +6.24922227e+06  2.34e+04   5.81e+00     4.65e+00   514.960s
1042000 +6.22574386e+06 +6.24916489e+06  2.34e+04   5.82e+00     4.63e+00   515.439s
1043000 +6.22571060e+06 +6.24910553e+06  2.34e+04   5.82e+00     4.62e+00   515.918s
1044000 +6.22567898e+06 +6.24906404e+06  2.34e+04   5.81e+00     4.60e+00   516.396s
1045000 +6.22565027e+06 +6.24903889e+06  2.34e+04   5.81e+00     4.59e+00   516.875s
1046000 +6.22562541e+06 +6.24899330e+06  2.34e+04   5.80e+00     4.59e+00   517.354s
1047000 +6.22559907e+06 +6.24893213e+06  2.33e+04   5.79e+00     4.57e+00   517.832s
1048000 +6.22557605e+06 +6.24888042e+06  2.33e+04   5.77e+00     4.54e+00   518.311s
1049000 +6.22555452e+06 +6.24884324e+06  2.33e+04   5.75e+00     4.53e+00   518.790s
1050000 +6.22553186e+06 +6.24879707e+06  2.33e+04   5.74e+00     4.52e+00   519.269s
1051000 +6.22550663e+06 +6.24875239e+06  2.32e+04   5.73e+00     4.52e+00   519.747s
1052000 +6.22548222e+06 +6.24869635e+06  2.32e+04   5.71e+00     4.50e+00   520.226s
1053000 +6.22546144e+06 +6.24867698e+06  2.32e+04   5.69e+00     4.50e+00   520.705s
1054000 +6.22543481e+06 +6.24864710e+06  2.32e+04   5.69e+00     4.48e+00   521.183s
1055000 +6.22540978e+06 +6.24859576e+06  2.32e+04   5.68e+00     4.47e+00   521.662s
1056000 +6.22538941e+06 +6.24855873e+06  2.32e+04   5.66e+00     4.47e+00   522.141s
1057000 +6.22537139e+06 +6.24851912e+06  2.31e+04   5.65e+00     4.47e+00   522.620s
1058000 +6.22535413e+06 +6.24849503e+06  2.31e+04   5.63e+00     4.46e+00   523.099s
1059000 +6.22533953e+06 +6.24845860e+06  2.31e+04   5.61e+00     4.45e+00   523.577s
1060000 +6.22532037e+06 +6.24842256e+06  2.31e+04   5.60e+00     4.44e+00   524.056s
1061000 +6.22530228e+06 +6.24838263e+06  2.31e+04   5.59e+00     4.44e+00   524.535s
1062000 +6.22528713e+06 +6.24834851e+06  2.31e+04   5.57e+00     4.42e+00   525.013s
1063000 +6.22527323e+06 +6.24832274e+06  2.30e+04   5.55e+00     4.41e+00   525.492s
1064000 +6.22526023e+06 +6.24831726e+06  2.31e+04   5.53e+00     4.41e+00   525.971s
1065000 +6.22524970e+06 +6.24829831e+06  2.30e+04   5.51e+00     4.41e+00   526.450s
1066000 +6.22524229e+06 +6.24825268e+06  2.30e+04   5.48e+00     4.40e+00   526.928s
1067000 +6.22523701e+06 +6.24823952e+06  2.30e+04   5.45e+00     4.39e+00   527.407s
1068000 +6.22523406e+06 +6.24821663e+06  2.30e+04   5.41e+00     4.39e+00   527.886s
1069000 +6.22523257e+06 +6.24821146e+06  2.30e+04   5.38e+00     4.38e+00   528.364s
1070000 +6.22523304e+06 +6.24818841e+06  2.30e+04   5.34e+00     4.37e+00   528.843s
1071000 +6.22523418e+06 +6.24817754e+06  2.29e+04   5.30e+00     4.37e+00   529.322s
1072000 +6.22523742e+06 +6.24818122e+06  2.29e+04   5.26e+00     4.36e+00   529.801s
1073000 +6.22524099e+06 +6.24815938e+06  2.29e+04   5.22e+00     4.34e+00   530.279s
1074000 +6.22524421e+06 +6.24815818e+06  2.29e+04   5.18e+00     4.33e+00   530.758s
1075000 +6.22524714e+06 +6.24813903e+06  2.29e+04   5.14e+00     4.33e+00   531.237s
1076000 +6.22525248e+06 +6.24813577e+06  2.29e+04   5.10e+00     4.32e+00   531.715s
1077000 +6.22525887e+06 +6.24813070e+06  2.29e+04   5.06e+00     4.31e+00   532.194s
1078000 +6.22526540e+06 +6.24812901e+06  2.29e+04   5.02e+00     4.31e+00   532.673s
1079000 +6.22527293e+06 +6.24812154e+06  2.28e+04   4.98e+00     4.30e+00   533.152s
1080000 +6.22528102e+06 +6.24810775e+06  2.28e+04   4.95e+00     4.29e+00   533.630s
1081000 +6.22528577e+06 +6.24810473e+06  2.28e+04   4.91e+00     4.28e+00   534.109s
1082000 +6.22529255e+06 +6.24809571e+06  2.28e+04   4.88e+00     4.28e+00   534.588s
1083000 +6.22530227e+06 +6.24811435e+06  2.28e+04   4.84e+00     4.27e+00   535.067s
1084000 +6.22531345e+06 +6.24809977e+06  2.28e+04   4.80e+00     4.27e+00   535.545s
1085000 +6.22532211e+06 +6.24810001e+06  2.28e+04   4.76e+00     4.26e+00   536.024s
1086000 +6.22533579e+06 +6.24808447e+06  2.27e+04   4.72e+00     4.26e+00   536.503s
1087000 +6.22534878e+06 +6.24810276e+06  2.28e+04   4.68e+00     4.25e+00   536.982s
1088000 +6.22536154e+06 +6.24809515e+06  2.27e+04   4.64e+00     4.24e+00   537.460s
1089000 +6.22537409e+06 +6.24809482e+06  2.27e+04   4.60e+00     4.24e+00   537.939s
1090000 +6.22538992e+06 +6.24808319e+06  2.27e+04   4.56e+00     4.24e+00   538.418s
1091000 +6.22540862e+06 +6.24808956e+06  2.27e+04   4.51e+00     4.23e+00   538.897s
1092000 +6.22541582e+06 +6.24808820e+06  2.27e+04   4.48e+00     4.22e+00   539.375s
1093000 +6.22541920e+06 +6.24809196e+06  2.27e+04   4.45e+00     4.22e+00   539.854s
1094000 +6.22542197e+06 +6.24808261e+06  2.27e+04   4.43e+00     4.22e+00   540.333s
1095000 +6.22542566e+06 +6.24807677e+06  2.27e+04   4.40e+00     4.21e+00   540.811s
1096000 +6.22543139e+06 +6.24809774e+06  2.27e+04   4.38e+00     4.21e+00   541.290s
1097000 +6.22543975e+06 +6.24812656e+06  2.27e+04   4.35e+00     4.20e+00   541.769s
1098000 +6.22544771e+06 +6.24815080e+06  2.27e+04   4.32e+00     4.19e+00   542.248s
1099000 +6.22545597e+06 +6.24817118e+06  2.27e+04   4.30e+00     4.19e+00   542.726s
1100000 +6.22546635e+06 +6.24818668e+06  2.27e+04   4.26e+00     4.18e+00   543.205s
1101000 +6.22547662e+06 +6.24819951e+06  2.27e+04   4.23e+00     4.18e+00   543.684s
1102000 +6.22548668e+06 +6.24822563e+06  2.27e+04   4.20e+00     4.18e+00   544.163s
1103000 +6.22549889e+06 +6.24823121e+06  2.27e+04   4.17e+00     4.17e+00   544.642s
1104000 +6.22551076e+06 +6.24822773e+06  2.27e+04   4.14e+00     4.16e+00   545.120s
1105000 +6.22552426e+06 +6.24823903e+06  2.27e+04   4.11e+00     4.16e+00   545.599s
1106000 +6.22553652e+06 +6.24825740e+06  2.27e+04   4.08e+00     4.16e+00   546.078s
1107000 +6.22554917e+06 +6.24826576e+06  2.27e+04   4.05e+00     4.15e+00   546.557s
1108000 +6.22556354e+06 +6.24828966e+06  2.27e+04   4.02e+00     4.14e+00   547.035s
1109000 +6.22557825e+06 +6.24829498e+06  2.27e+04   3.98e+00     4.12e+00   547.514s
1110000 +6.22559191e+06 +6.24830406e+06  2.27e+04   3.95e+00     4.12e+00   547.993s
1111000 +6.22560444e+06 +6.24832513e+06  2.27e+04   3.92e+00     4.11e+00   548.472s
1112000 +6.22561876e+06 +6.24833766e+06  2.27e+04   3.89e+00     4.11e+00   548.950s
1113000 +6.22563232e+06 +6.24833513e+06  2.27e+04   3.86e+00     4.11e+00   549.429s
1114000 +6.22564288e+06 +6.24835546e+06  2.27e+04   3.83e+00     4.11e+00   549.908s
1115000 +6.22565162e+06 +6.24836356e+06  2.27e+04   3.81e+00     4.10e+00   550.387s
1116000 +6.22566057e+06 +6.24838548e+06  2.27e+04   3.79e+00     4.08e+00   550.865s
1117000 +6.22566963e+06 +6.24838889e+06  2.27e+04   3.77e+00     4.07e+00   551.344s
1118000 +6.22567779e+06 +6.24840247e+06  2.27e+04   3.75e+00     4.08e+00   551.823s
1119000 +6.22568616e+06 +6.24841896e+06  2.27e+04   3.74e+00     4.08e+00   552.301s
1120000 +6.22569268e+06 +6.24843041e+06  2.27e+04   3.72e+00     4.07e+00   552.780s
1121000 +6.22570055e+06 +6.24842729e+06  2.27e+04   3.70e+00     4.06e+00   553.259s
1122000 +6.22570822e+06 +6.24843601e+06  2.27e+04   3.68e+00     4.05e+00   553.738s
1123000 +6.22571396e+06 +6.24844214e+06  2.27e+04   3.67e+00     4.05e+00   554.217s
1124000 +6.22571375e+06 +6.24843604e+06  2.27e+04   3.66e+00     4.04e+00   554.696s
1125000 +6.22571553e+06 +6.24845626e+06  2.27e+04   3.65e+00     4.04e+00   555.174s
1126000 +6.22571890e+06 +6.24844065e+06  2.27e+04   3.64e+00     4.03e+00   555.653s
1127000 +6.22572145e+06 +6.24844379e+06  2.27e+04   3.63e+00     4.02e+00   556.132s
1128000 +6.22572469e+06 +6.24843384e+06  2.27e+04   3.62e+00     4.03e+00   556.611s
1129000 +6.22572711e+06 +6.24843581e+06  2.27e+04   3.62e+00     4.01e+00   557.089s
1130000 +6.22573048e+06 +6.24842721e+06  2.27e+04   3.61e+00     4.00e+00   557.568s
1131000 +6.22573396e+06 +6.24840738e+06  2.27e+04   3.60e+00     4.01e+00   558.047s
1132000 +6.22573903e+06 +6.24839835e+06  2.27e+04   3.58e+00     4.01e+00   558.525s
1133000 +6.22574253e+06 +6.24839309e+06  2.27e+04   3.57e+00     4.00e+00   559.004s
1134000 +6.22574309e+06 +6.24839334e+06  2.27e+04   3.57e+00     3.99e+00   559.483s
1135000 +6.22574380e+06 +6.24837121e+06  2.26e+04   3.56e+00     3.98e+00   559.962s
1136000 +6.22574577e+06 +6.24838212e+06  2.26e+04   3.56e+00     3.98e+00   560.441s
1137000 +6.22574610e+06 +6.24837077e+06  2.26e+04   3.55e+00     3.97e+00   560.919s
1138000 +6.22574867e+06 +6.24835628e+06  2.26e+04   3.54e+00     3.97e+00   561.398s
1139000 +6.22575128e+06 +6.24834997e+06  2.26e+04   3.53e+00     3.97e+00   561.877s
1140000 +6.22575287e+06 +6.24834760e+06  2.26e+04   3.53e+00     3.97e+00   562.356s
1141000 +6.22575565e+06 +6.24833650e+06  2.26e+04   3.51e+00     3.96e+00   562.834s
1142000 +6.22575983e+06 +6.24833313e+06  2.26e+04   3.50e+00     3.94e+00   563.313s
1143000 +6.22568442e+06 +6.24829709e+06  2.26e+04   3.58e+00     3.86e+00   563.793s
1144000 +6.22557554e+06 +6.24828288e+06  2.27e+04   3.72e+00     3.83e+00   564.271s
1145000 +6.22545634e+06 +6.24828271e+06  2.28e+04   3.89e+00     3.78e+00   564.750s
1146000 +6.22532247e+06 +6.24825768e+06  2.29e+04   4.09e+00     3.75e+00   565.228s
1147000 +6.22518957e+06 +6.24823980e+06  2.31e+04   4.28e+00     3.73e+00   565.707s
1148000 +6.22505322e+06 +6.24824010e+06  2.32e+04   4.49e+00     3.70e+00   566.186s
1149000 +6.22492360e+06 +6.24823860e+06  2.33e+04   4.68e+00     3.66e+00   566.665s
1150000 +6.22478785e+06 +6.24821799e+06  2.34e+04   4.87e+00     3.63e+00   567.143s
1151000 +6.22465281e+06 +6.24822506e+06  2.36e+04   5.05e+00     3.61e+00   567.622s
1152000 +6.22452138e+06 +6.24820708e+06  2.37e+04   5.20e+00     3.58e+00   568.100s
1153000 +6.22438955e+06 +6.24821391e+06  2.38e+04   5.36e+00     3.56e+00   568.579s
1154000 +6.22426183e+06 +6.24821409e+06  2.40e+04   5.51e+00     3.55e+00   569.058s
1155000 +6.22412793e+06 +6.24820716e+06  2.41e+04   5.66e+00     3.53e+00   569.536s
1156000 +6.22400169e+06 +6.24817496e+06  2.42e+04   5.81e+00     3.51e+00   570.015s
1157000 +6.22388008e+06 +6.24816540e+06  2.43e+04   5.94e+00     3.48e+00   570.493s
1158000 +6.22376080e+06 +6.24813292e+06  2.44e+04   6.08e+00     3.46e+00   570.972s
1159000 +6.22365592e+06 +6.24812604e+06  2.45e+04   6.20e+00     3.44e+00   571.451s
1160000 +6.22354834e+06 +6.24811108e+06  2.46e+04   6.31e+00     3.42e+00   571.929s
1161000 +6.22343512e+06 +6.24808709e+06  2.47e+04   6.44e+00     3.42e+00   572.408s
1162000 +6.22333119e+06 +6.24806042e+06  2.47e+04   6.57e+00     3.39e+00   572.887s
1163000 +6.22323324e+06 +6.24805254e+06  2.48e+04   6.68e+00     3.36e+00   573.365s
1164000 +6.22312810e+06 +6.24805477e+06  2.49e+04   6.80e+00     3.35e+00   573.844s
1165000 +6.22302938e+06 +6.24802133e+06  2.50e+04   6.91e+00     3.32e+00   574.322s
1166000 +6.22293303e+06 +6.24800420e+06  2.51e+04   7.03e+00     3.31e+00   574.801s
1167000 +6.22284293e+06 +6.24797819e+06  2.51e+04   7.13e+00     3.29e+00   575.280s
1168000 +6.22275443e+06 +6.24796293e+06  2.52e+04   7.23e+00     3.26e+00   575.758s
1169000 +6.22266823e+06 +6.24794398e+06  2.53e+04   7.33e+00     3.25e+00   576.237s
1170000 +6.22258930e+06 +6.24790971e+06  2.53e+04   7.42e+00     3.22e+00   576.716s
1171000 +6.22251895e+06 +6.24788771e+06  2.54e+04   7.49e+00     3.21e+00   577.194s
1172000 +6.22244614e+06 +6.24786953e+06  2.54e+04   7.56e+00     3.19e+00   577.673s
1173000 +6.22237556e+06 +6.24783622e+06  2.55e+04   7.64e+00     3.18e+00   578.152s
1174000 +6.22230899e+06 +6.24781545e+06  2.55e+04   7.70e+00     3.17e+00   578.631s
1175000 +6.22223976e+06 +6.24779679e+06  2.56e+04   7.77e+00     3.15e+00   579.110s
1176000 +6.22216801e+06 +6.24778881e+06  2.56e+04   7.85e+00     3.14e+00   579.588s
1177000 +6.22210128e+06 +6.24776710e+06  2.57e+04   7.91e+00     3.12e+00   580.067s
1178000 +6.22202949e+06 +6.24775967e+06  2.57e+04   7.98e+00     3.10e+00   580.546s
1179000 +6.22195826e+06 +6.24774149e+06  2.58e+04   8.05e+00     3.08e+00   581.024s
1180000 +6.22188694e+06 +6.24772158e+06  2.58e+04   8.12e+00     3.07e+00   581.503s
1181000 +6.22181651e+06 +6.24770224e+06  2.59e+04   8.20e+00     3.06e+00   581.982s
1182000 +6.22175152e+06 +6.24768389e+06  2.59e+04   8.25e+00     3.05e+00   582.460s
1183000 +6.22168384e+06 +6.24767272e+06  2.60e+04   8.31e+00     3.03e+00   582.939s
1184000 +6.22161649e+06 +6.24764772e+06  2.60e+04   8.37e+00     3.02e+00   583.418s
1185000 +6.22155338e+06 +6.24765197e+06  2.61e+04   8.42e+00     3.00e+00   583.896s
1186000 +6.22149072e+06 +6.24761540e+06  2.61e+04   8.48e+00     2.99e+00   584.375s
1187000 +6.22142644e+06 +6.24758702e+06  2.62e+04   8.53e+00     2.98e+00   584.853s
1188000 +6.22136080e+06 +6.24756575e+06  2.62e+04   8.59e+00     2.97e+00   585.332s
1189000 +6.22129944e+06 +6.24756725e+06  2.63e+04   8.63e+00     2.94e+00   585.811s
1190000 +6.22123428e+06 +6.24752767e+06  2.63e+04   8.68e+00     2.93e+00   586.290s
1191000 +6.22117390e+06 +6.24748437e+06  2.63e+04   8.74e+00     2.92e+00   586.768s
1192000 +6.22111828e+06 +6.24744824e+06  2.63e+04   8.78e+00     2.91e+00   587.247s
1193000 +6.22106262e+06 +6.24742615e+06  2.64e+04   8.82e+00     2.88e+00   587.726s
1194000 +6.22101160e+06 +6.24740309e+06  2.64e+04   8.85e+00     2.87e+00   588.204s
1195000 +6.22095886e+06 +6.24737500e+06  2.64e+04   8.90e+00     2.85e+00   588.683s
1196000 +6.22091001e+06 +6.24732481e+06  2.64e+04   8.93e+00     2.84e+00   589.162s
1197000 +6.22085689e+06 +6.24730563e+06  2.64e+04   8.96e+00     2.82e+00   589.640s
1198000 +6.22080351e+06 +6.24729013e+06  2.65e+04   8.99e+00     2.81e+00   590.119s
1199000 +6.22075219e+06 +6.24726749e+06  2.65e+04   9.03e+00     2.80e+00   590.598s
1200000 +6.22070002e+06 +6.24725198e+06  2.66e+04   9.07e+00     2.79e+00   591.077s
1201000 +6.22064383e+06 +6.24723584e+06  2.66e+04   9.10e+00     2.77e+00   591.555s
1202000 +6.22059463e+06 +6.24720585e+06  2.66e+04   9.13e+00     2.75e+00   592.034s
1203000 +6.22054193e+06 +6.24718210e+06  2.66e+04   9.16e+00     2.73e+00   592.513s
1204000 +6.22049090e+06 +6.24716263e+06  2.67e+04   9.20e+00     2.73e+00   592.991s
1205000 +6.22043925e+06 +6.24713514e+06  2.67e+04   9.23e+00     2.72e+00   593.470s
1206000 +6.22039245e+06 +6.24711056e+06  2.67e+04   9.24e+00     2.72e+00   593.948s
1207000 +6.22034768e+06 +6.24709880e+06  2.68e+04   9.26e+00     2.71e+00   594.427s
1208000 +6.22030251e+06 +6.24707268e+06  2.68e+04   9.29e+00     2.70e+00   594.906s
1209000 +6.22025458e+06 +6.24704477e+06  2.68e+04   9.32e+00     2.69e+00   595.384s
1210000 +6.22021037e+06 +6.24702834e+06  2.68e+04   9.34e+00     2.68e+00   595.863s
1211000 +6.22016493e+06 +6.24700081e+06  2.68e+04   9.36e+00     2.67e+00   596.342s
1212000 +6.22011931e+06 +6.24698230e+06  2.69e+04   9.38e+00     2.65e+00   596.820s
1213000 +6.22007489e+06 +6.24696822e+06  2.69e+04   9.41e+00     2.64e+00   597.299s
1214000 +6.22003570e+06 +6.24694763e+06  2.69e+04   9.42e+00     2.63e+00   597.778s
1215000 +6.21999946e+06 +6.24692802e+06  2.69e+04   9.44e+00     2.62e+00   598.256s
1216000 +6.21995969e+06 +6.24691066e+06  2.70e+04   9.45e+00     2.61e+00   598.735s
1217000 +6.21991827e+06 +6.24689173e+06  2.70e+04   9.47e+00     2.60e+00   599.214s
1218000 +6.21987699e+06 +6.24686113e+06  2.70e+04   9.49e+00     2.59e+00   599.692s
1219000 +6.21983002e+06 +6.24680648e+06  2.70e+04   9.52e+00     2.57e+00   600.171s
1220000 +6.21979177e+06 +6.24677910e+06  2.70e+04   9.53e+00     2.55e+00   600.650s
1221000 +6.21974982e+06 +6.24674704e+06  2.70e+04   9.55e+00     2.55e+00   601.128s
1222000 +6.21970847e+06 +6.24671621e+06  2.70e+04   9.57e+00     2.53e+00   601.607s
1223000 +6.21967511e+06 +6.24669804e+06  2.70e+04   9.58e+00     2.50e+00   602.086s
1224000 +6.21964325e+06 +6.24668488e+06  2.70e+04   9.59e+00     2.49e+00   602.565s
1225000 +6.21961073e+06 +6.24665346e+06  2.70e+04   9.60e+00     2.49e+00   603.043s
1226000 +6.21957128e+06 +6.24665216e+06  2.71e+04   9.61e+00     2.48e+00   603.522s
1227000 +6.21953567e+06 +6.24663561e+06  2.71e+04   9.63e+00     2.47e+00   604.001s
1228000 +6.21949909e+06 +6.24660367e+06  2.71e+04   9.64e+00     2.45e+00   604.479s
1229000 +6.21946152e+06 +6.24658584e+06  2.71e+04   9.66e+00     2.45e+00   604.958s
1230000 +6.21942924e+06 +6.24659477e+06  2.72e+04   9.67e+00     2.44e+00   605.437s
1231000 +6.21939939e+06 +6.24656806e+06  2.72e+04   9.68e+00     2.44e+00   605.915s
1232000 +6.21937041e+06 +6.24655712e+06  2.72e+04   9.69e+00     2.43e+00   606.394s
1233000 +6.21934749e+06 +6.24653488e+06  2.72e+04   9.68e+00     2.42e+00   606.873s
1234000 +6.21932797e+06 +6.24651529e+06  2.72e+04   9.68e+00     2.41e+00   607.351s
1235000 +6.21929907e+06 +6.24649767e+06  2.72e+04   9.68e+00     2.41e+00   607.830s
1236000 +6.21927385e+06 +6.24646692e+06  2.72e+04   9.69e+00     2.40e+00   608.309s
1237000 +6.21924535e+06 +6.24643964e+06  2.72e+04   9.69e+00     2.39e+00   608.788s
1238000 +6.21921539e+06 +6.24641677e+06  2.72e+04   9.71e+00     2.39e+00   609.266s
1239000 +6.21918609e+06 +6.24641215e+06  2.72e+04   9.72e+00     2.38e+00   609.745s
1240000 +6.21915618e+06 +6.24639102e+06  2.72e+04   9.73e+00     2.36e+00   610.224s
1241000 +6.21912492e+06 +6.24637449e+06  2.72e+04   9.74e+00     2.36e+00   610.703s
1242000 +6.21909392e+06 +6.24636101e+06  2.73e+04   9.76e+00     2.35e+00   611.181s
1243000 +6.21906955e+06 +6.24634433e+06  2.73e+04   9.76e+00     2.34e+00   611.660s
1244000 +6.21903980e+06 +6.24631904e+06  2.73e+04   9.77e+00     2.33e+00   612.139s
1245000 +6.21901598e+06 +6.24630945e+06  2.73e+04   9.77e+00     2.33e+00   612.618s
1246000 +6.21899449e+06 +6.24628490e+06  2.73e+04   9.77e+00     2.32e+00   613.096s
1247000 +6.21896875e+06 +6.24627451e+06  2.73e+04   9.78e+00     2.31e+00   613.575s
1248000 +6.21894374e+06 +6.24625449e+06  2.73e+04   9.79e+00     2.31e+00   614.054s
1249000 +6.21891938e+06 +6.24625172e+06  2.73e+04   9.79e+00     2.30e+00   614.533s
1250000 +6.21889727e+06 +6.24623045e+06  2.73e+04   9.79e+00     2.29e+00   615.011s
1251000 +6.21887619e+06 +6.24622829e+06  2.74e+04   9.79e+00     2.29e+00   615.490s
1252000 +6.21885618e+06 +6.24621068e+06  2.74e+04   9.79e+00     2.28e+00   615.969s
1253000 +6.21883333e+06 +6.24619210e+06  2.74e+04   9.80e+00     2.28e+00   616.448s
1254000 +6.21881524e+06 +6.24618261e+06  2.74e+04   9.79e+00     2.27e+00   616.926s
1255000 +6.21879756e+06 +6.24617301e+06  2.74e+04   9.79e+00     2.26e+00   617.405s
1256000 +6.21878125e+06 +6.24617106e+06  2.74e+04   9.78e+00     2.25e+00   617.884s
1257000 +6.21876641e+06 +6.24614720e+06  2.74e+04   9.77e+00     2.24e+00   618.363s
1258000 +6.21875218e+06 +6.24613162e+06  2.74e+04   9.76e+00     2.23e+00   618.841s
1259000 +6.21873607e+06 +6.24611608e+06  2.74e+04   9.76e+00     2.22e+00   619.320s
1260000 +6.21872153e+06 +6.24611321e+06  2.74e+04   9.75e+00     2.21e+00   619.799s
1261000 +6.21870554e+06 +6.24609215e+06  2.74e+04   9.74e+00     2.20e+00   620.278s
1262000 +6.21868734e+06 +6.24605600e+06  2.74e+04   9.74e+00     2.19e+00   620.756s
1263000 +6.21867168e+06 +6.24606077e+06  2.74e+04   9.73e+00     2.18e+00   621.235s
1264000 +6.21865847e+06 +6.24604628e+06  2.74e+04   9.72e+00     2.18e+00   621.714s
1265000 +6.21864264e+06 +6.24603105e+06  2.74e+04   9.71e+00     2.17e+00   622.193s
1266000 +6.21862517e+06 +6.24601170e+06  2.74e+04   9.71e+00     2.17e+00   622.671s
1267000 +6.21860535e+06 +6.24598662e+06  2.74e+04   9.71e+00     2.16e+00   623.150s
1268000 +6.21858907e+06 +6.24597633e+06  2.74e+04   9.71e+00     2.15e+00   623.629s
1269000 +6.21857160e+06 +6.24595297e+06  2.74e+04   9.70e+00     2.14e+00   624.107s
1270000 +6.21855710e+06 +6.24595319e+06  2.74e+04   9.69e+00     2.13e+00   624.586s
1271000 +6.21854211e+06 +6.24593063e+06  2.74e+04   9.69e+00     2.12e+00   625.065s
1272000 +6.21852974e+06 +6.24593317e+06  2.74e+04   9.68e+00     2.12e+00   625.543s
1273000 +6.21851539e+06 +6.24590555e+06  2.74e+04   9.66e+00     2.11e+00   626.022s
1274000 +6.21849893e+06 +6.24591023e+06  2.74e+04   9.66e+00     2.10e+00   626.501s
1275000 +6.21848337e+06 +6.24590765e+06  2.74e+04   9.66e+00     2.09e+00   626.979s
1276000 +6.21846961e+06 +6.24588417e+06  2.74e+04   9.65e+00     2.08e+00   627.458s
1277000 +6.21845673e+06 +6.24587572e+06  2.74e+04   9.64e+00     2.07e+00   627.937s
1278000 +6.21844472e+06 +6.24585065e+06  2.74e+04   9.63e+00     2.07e+00   628.415s
1279000 +6.21842997e+06 +6.24584242e+06  2.74e+04   9.62e+00     2.06e+00   628.894s
1280000 +6.21841561e+06 +6.24582822e+06  2.74e+04   9.61e+00     2.05e+00   629.373s
1281000 +6.21840070e+06 +6.24582366e+06  2.74e+04   9.61e+00     2.04e+00   629.851s
1282000 +6.21838486e+06 +6.24579980e+06  2.74e+04   9.60e+00     2.04e+00   630.330s
1283000 +6.21836882e+06 +6.24579242e+06  2.74e+04   9.60e+00     2.04e+00   630.809s
1284000 +6.21835584e+06 +6.24576980e+06  2.74e+04   9.59e+00     2.03e+00   631.288s
1285000 +6.21834442e+06 +6.24575708e+06  2.74e+04   9.58e+00     2.03e+00   631.766s
1286000 +6.21832893e+06 +6.24574296e+06  2.74e+04   9.57e+00     2.02e+00   632.245s
1287000 +6.21831100e+06 +6.24572679e+06  2.74e+04   9.57e+00     2.01e+00   632.724s
1288000 +6.21829610e+06 +6.24570989e+06  2.74e+04   9.57e+00     2.01e+00   633.202s
1289000 +6.21828330e+06 +6.24569336e+06  2.74e+04   9.55e+00     2.00e+00   633.681s
1290000 +6.21827255e+06 +6.24568660e+06  2.74e+04   9.55e+00     2.00e+00   634.160s
1291000 +6.21826118e+06 +6.24567184e+06  2.74e+04   9.54e+00     1.99e+00   634.639s
1292000 +6.21824711e+06 +6.24564691e+06  2.74e+04   9.53e+00     1.98e+00   635.118s
1293000 +6.21823182e+06 +6.24561807e+06  2.74e+04   9.52e+00     1.98e+00   635.596s
1294000 +6.21822064e+06 +6.24559572e+06  2.74e+04   9.51e+00     1.98e+00   636.075s
1295000 +6.21820997e+06 +6.24556825e+06  2.74e+04   9.50e+00     1.98e+00   636.554s
1296000 +6.21819718e+06 +6.24555573e+06  2.74e+04   9.49e+00     1.97e+00   637.033s
1297000 +6.21818765e+06 +6.24554640e+06  2.74e+04   9.48e+00     1.97e+00   637.511s
1298000 +6.21817765e+06 +6.24552416e+06  2.73e+04   9.47e+00     1.96e+00   637.990s
1299000 +6.21816670e+06 +6.24550886e+06  2.73e+04   9.46e+00     1.96e+00   638.469s
1300000 +6.21815438e+06 +6.24548453e+06  2.73e+04   9.45e+00     1.96e+00   638.947s
1301000 +6.21814210e+06 +6.24546080e+06  2.73e+04   9.44e+00     1.95e+00   639.426s
1302000 +6.21812853e+06 +6.24544242e+06  2.73e+04   9.43e+00     1.95e+00   639.905s
1303000 +6.21811937e+06 +6.24542669e+06  2.73e+04   9.42e+00     1.95e+00   640.383s
1304000 +6.21811008e+06 +6.24540988e+06  2.73e+04   9.40e+00     1.94e+00   640.862s
1305000 +6.21810057e+06 +6.24537372e+06  2.73e+04   9.38e+00     1.94e+00   641.341s
1306000 +6.21808937e+06 +6.24537034e+06  2.73e+04   9.38e+00     1.94e+00   641.819s
1307000 +6.21807766e+06 +6.24532555e+06  2.72e+04   9.37e+00     1.93e+00   642.298s
1308000 +6.21806386e+06 +6.24530850e+06  2.72e+04   9.36e+00     1.93e+00   642.777s
1309000 +6.21804872e+06 +6.24529064e+06  2.72e+04   9.35e+00     1.93e+00   643.255s
1310000 +6.21803186e+06 +6.24526976e+06  2.72e+04   9.36e+00     1.92e+00   643.734s
1311000 +6.21801241e+06 +6.24525730e+06  2.72e+04   9.36e+00     1.92e+00   644.213s
1312000 +6.21799714e+06 +6.24524885e+06  2.73e+04   9.35e+00     1.91e+00   644.691s
1313000 +6.21798598e+06 +6.24523507e+06  2.72e+04   9.34e+00     1.91e+00   645.170s
1314000 +6.21797115e+06 +6.24522193e+06  2.73e+04   9.34e+00     1.91e+00   645.649s
1315000 +6.21795500e+06 +6.24520942e+06  2.73e+04   9.34e+00     1.91e+00   646.127s
1316000 +6.21793913e+06 +6.24518897e+06  2.72e+04   9.33e+00     1.90e+00   646.606s
1317000 +6.21792394e+06 +6.24517432e+06  2.73e+04   9.33e+00     1.90e+00   647.085s
1318000 +6.21791043e+06 +6.24515856e+06  2.72e+04   9.32e+00     1.90e+00   647.563s
1319000 +6.21789687e+06 +6.24515000e+06  2.73e+04   9.32e+00     1.90e+00   648.042s
1320000 +6.21788541e+06 +6.24512886e+06  2.72e+04   9.31e+00     1.89e+00   648.521s
1321000 +6.21787585e+06 +6.24511676e+06  2.72e+04   9.29e+00     1.89e+00   648.999s
1322000 +6.21786414e+06 +6.24509586e+06  2.72e+04   9.28e+00     1.89e+00   649.478s
1323000 +6.21785057e+06 +6.24506993e+06  2.72e+04   9.28e+00     1.88e+00   649.957s
1324000 +6.21783783e+06 +6.24506773e+06  2.72e+04   9.27e+00     1.88e+00   650.435s
1325000 +6.21782466e+06 +6.24504456e+06  2.72e+04   9.26e+00     1.87e+00   650.914s
1326000 +6.21781365e+06 +6.24502304e+06  2.72e+04   9.25e+00     1.87e+00   651.393s
1327000 +6.21780215e+06 +6.24499701e+06  2.72e+04   9.24e+00     1.87e+00   651.871s
1328000 +6.21778976e+06 +6.24500386e+06  2.72e+04   9.24e+00     1.86e+00   652.350s
1329000 +6.21777894e+06 +6.24498775e+06  2.72e+04   9.22e+00     1.86e+00   652.828s
1330000 +6.21776905e+06 +6.24496192e+06  2.72e+04   9.21e+00     1.85e+00   653.307s
1331000 +6.21775846e+06 +6.24494337e+06  2.72e+04   9.20e+00     1.85e+00   653.786s
1332000 +6.21774861e+06 +6.24493756e+06  2.72e+04   9.19e+00     1.85e+00   654.264s
1333000 +6.21773796e+06 +6.24491939e+06  2.72e+04   9.17e+00     1.84e+00   654.743s
1334000 +6.21772869e+06 +6.24492433e+06  2.72e+04   9.16e+00     1.84e+00   655.222s
1335000 +6.21771844e+06 +6.24490864e+06  2.72e+04   9.15e+00     1.84e+00   655.700s
1336000 +6.21770354e+06 +6.24490156e+06  2.72e+04   9.15e+00     1.84e+00   656.179s
1337000 +6.21769119e+06 +6.24487994e+06  2.72e+04   9.14e+00     1.83e+00   656.658s
1338000 +6.21767738e+06 +6.24487002e+06  2.72e+04   9.13e+00     1.83e+00   657.136s
1339000 +6.21766270e+06 +6.24485215e+06  2.72e+04   9.13e+00     1.83e+00   657.615s
1340000 +6.21765079e+06 +6.24483758e+06  2.72e+04   9.12e+00     1.83e+00   658.094s
1341000 +6.21763751e+06 +6.24482869e+06  2.72e+04   9.11e+00     1.82e+00   658.572s
1342000 +6.21761942e+06 +6.24480852e+06  2.72e+04   9.11e+00     1.82e+00   659.051s
1343000 +6.21760559e+06 +6.24479945e+06  2.72e+04   9.10e+00     1.82e+00   659.530s
1344000 +6.21758976e+06 +6.24478219e+06  2.72e+04   9.11e+00     1.81e+00   660.008s
1345000 +6.21757493e+06 +6.24477574e+06  2.72e+04   9.10e+00     1.80e+00   660.487s
1346000 +6.21756121e+06 +6.24476165e+06  2.72e+04   9.09e+00     1.80e+00   660.965s
1347000 +6.21754483e+06 +6.24474226e+06  2.72e+04   9.09e+00     1.80e+00   661.444s
1348000 +6.21752997e+06 +6.24472900e+06  2.72e+04   9.09e+00     1.80e+00   661.923s
1349000 +6.21751865e+06 +6.24470182e+06  2.72e+04   9.08e+00     1.80e+00   662.401s
1350000 +6.21750551e+06 +6.24469393e+06  2.72e+04   9.07e+00     1.79e+00   662.880s
1351000 +6.21749213e+06 +6.24469003e+06  2.72e+04   9.06e+00     1.79e+00   663.359s
1352000 +6.21747900e+06 +6.24467651e+06  2.72e+04   9.06e+00     1.78e+00   663.837s
1353000 +6.21746455e+06 +6.24467102e+06  2.72e+04   9.06e+00     1.78e+00   664.316s
1354000 +6.21745273e+06 +6.24464518e+06  2.72e+04   9.05e+00     1.78e+00   664.795s
1355000 +6.21744025e+06 +6.24462411e+06  2.72e+04   9.04e+00     1.78e+00   665.273s
1356000 +6.21742710e+06 +6.24459640e+06  2.72e+04   9.03e+00     1.78e+00   665.752s
1357000 +6.21741542e+06 +6.24459378e+06  2.72e+04   9.02e+00     1.78e+00   666.231s
1358000 +6.21740620e+06 +6.24458290e+06  2.72e+04   9.01e+00     1.77e+00   666.710s
1359000 +6.21739549e+06 +6.24457014e+06  2.72e+04   9.00e+00     1.77e+00   667.188s
1360000 +6.21738356e+06 +6.24456149e+06  2.72e+04   8.99e+00     1.77e+00   667.667s
1361000 +6.21737169e+06 +6.24455443e+06  2.72e+04   8.98e+00     1.76e+00   668.145s
1362000 +6.21735968e+06 +6.24454301e+06  2.72e+04   8.98e+00     1.76e+00   668.624s
1363000 +6.21734506e+06 +6.24452967e+06  2.72e+04   8.97e+00     1.76e+00   669.103s
1364000 +6.21733461e+06 +6.24451307e+06  2.72e+04   8.96e+00     1.75e+00   669.581s
1365000 +6.21732169e+06 +6.24449670e+06  2.72e+04   8.95e+00     1.75e+00   670.060s
1366000 +6.21730999e+06 +6.24447953e+06  2.72e+04   8.95e+00     1.74e+00   670.538s
1367000 +6.21729880e+06 +6.24445028e+06  2.72e+04   8.94e+00     1.74e+00   671.017s
1368000 +6.21728720e+06 +6.24444116e+06  2.72e+04   8.93e+00     1.74e+00   671.496s
1369000 +6.21727243e+06 +6.24443410e+06  2.72e+04   8.92e+00     1.73e+00   671.974s
1370000 +6.21725921e+06 +6.24442389e+06  2.72e+04   8.92e+00     1.73e+00   672.453s
1371000 +6.21724759e+06 +6.24440357e+06  2.72e+04   8.91e+00     1.73e+00   672.932s
1372000 +6.21723605e+06 +6.24438801e+06  2.72e+04   8.91e+00     1.73e+00   673.410s
1373000 +6.21722464e+06 +6.24437427e+06  2.71e+04   8.90e+00     1.73e+00   673.889s
1374000 +6.21721528e+06 +6.24436885e+06  2.72e+04   8.88e+00     1.72e+00   674.368s
1375000 +6.21720697e+06 +6.24433787e+06  2.71e+04   8.87e+00     1.72e+00   674.846s
1376000 +6.21719411e+06 +6.24432069e+06  2.71e+04   8.87e+00     1.72e+00   675.325s
1377000 +6.21718578e+06 +6.24430693e+06  2.71e+04   8.86e+00     1.72e+00   675.803s
1378000 +6.21717657e+06 +6.24428836e+06  2.71e+04   8.84e+00     1.72e+00   676.282s
1379000 +6.21700205e+06 +6.24406897e+06  2.71e+04   8.87e+00     1.64e+00   676.761s
1380000 +6.21676747e+06 +6.24392028e+06  2.72e+04   8.97e+00     1.61e+00   677.239s
1381000 +6.21653440e+06 +6.24376481e+06  2.72e+04   9.05e+00     1.57e+00   677.718s
1382000 +6.21627376e+06 +6.24357674e+06  2.73e+04   9.20e+00     1.53e+00   678.196s
1383000 +6.21600264e+06 +6.24340093e+06  2.74e+04   9.38e+00     1.51e+00   678.675s
1384000 +6.21569941e+06 +6.24323211e+06  2.75e+04   9.59e+00     1.49e+00   679.154s
1385000 +6.21542750e+06 +6.24298173e+06  2.76e+04   9.71e+00     1.47e+00   679.632s
1386000 +6.21513080e+06 +6.24273988e+06  2.76e+04   9.96e+00     1.45e+00   680.111s
1387000 +6.21483852e+06 +6.24253008e+06  2.77e+04   1.02e+01     1.42e+00   680.590s
1388000 +6.21453333e+06 +6.24233218e+06  2.78e+04   1.04e+01     1.39e+00   681.068s
1389000 +6.21420889e+06 +6.24214726e+06  2.79e+04   1.07e+01     1.38e+00   681.547s
1390000 +6.21392249e+06 +6.24193860e+06  2.80e+04   1.09e+01     1.36e+00   682.026s
1391000 +6.21371128e+06 +6.24178271e+06  2.81e+04   1.10e+01     1.33e+00   682.505s
1392000 +6.21349659e+06 +6.24158407e+06  2.81e+04   1.11e+01     1.32e+00   682.983s
1393000 +6.21325471e+06 +6.24137448e+06  2.81e+04   1.13e+01     1.30e+00   683.462s
1394000 +6.21297177e+06 +6.24122192e+06  2.83e+04   1.15e+01     1.29e+00   683.941s
1395000 +6.21271468e+06 +6.24104182e+06  2.83e+04   1.16e+01     1.28e+00   684.420s
1396000 +6.21246204e+06 +6.24091807e+06  2.85e+04   1.18e+01     1.27e+00   684.898s
1397000 +6.21224514e+06 +6.24078629e+06  2.85e+04   1.19e+01     1.26e+00   685.377s
1398000 +6.21200381e+06 +6.24062260e+06  2.86e+04   1.21e+01     1.26e+00   685.856s
1399000 +6.21179614e+06 +6.24046675e+06  2.87e+04   1.22e+01     1.24e+00   686.334s
1400000 +6.21159031e+06 +6.24033411e+06  2.87e+04   1.23e+01     1.23e+00   686.813s
1401000 +6.21139621e+06 +6.24019588e+06  2.88e+04   1.25e+01     1.22e+00   687.292s
1402000 +6.21125083e+06 +6.24003451e+06  2.88e+04   1.25e+01     1.21e+00   687.770s
1403000 +6.21104730e+06 +6.23990949e+06  2.89e+04   1.26e+01     1.20e+00   688.249s
1404000 +6.21088205e+06 +6.23975096e+06  2.89e+04   1.27e+01     1.19e+00   688.728s
1405000 +6.21071712e+06 +6.23961203e+06  2.89e+04   1.27e+01     1.18e+00   689.207s
1406000 +6.21055316e+06 +6.23946008e+06  2.89e+04   1.28e+01     1.17e+00   689.685s
1407000 +6.21040610e+06 +6.23930200e+06  2.89e+04   1.29e+01     1.16e+00   690.164s
1408000 +6.21023169e+06 +6.23917763e+06  2.89e+04   1.29e+01     1.15e+00   690.643s
1409000 +6.21007627e+06 +6.23907830e+06  2.90e+04   1.29e+01     1.15e+00   691.121s
1410000 +6.20990915e+06 +6.23896347e+06  2.91e+04   1.30e+01     1.14e+00   691.600s
1411000 +6.20979755e+06 +6.23882708e+06  2.90e+04   1.30e+01     1.13e+00   692.079s
1412000 +6.20965272e+06 +6.23872272e+06  2.91e+04   1.31e+01     1.12e+00   692.557s
1413000 +6.20952889e+06 +6.23859495e+06  2.91e+04   1.31e+01     1.12e+00   693.036s
1414000 +6.20942769e+06 +6.23847111e+06  2.90e+04   1.31e+01     1.11e+00   693.515s
1415000 +6.20933574e+06 +6.23832114e+06  2.90e+04   1.31e+01     1.10e+00   693.994s
1416000 +6.20926392e+06 +6.23822137e+06  2.90e+04   1.30e+01     1.09e+00   694.472s
1417000 +6.20915865e+06 +6.23810787e+06  2.89e+04   1.30e+01     1.09e+00   694.951s
1418000 +6.20903836e+06 +6.23796650e+06  2.89e+04   1.31e+01     1.08e+00   695.430s
1419000 +6.20895719e+06 +6.23784963e+06  2.89e+04   1.30e+01     1.08e+00   695.909s
1420000 +6.20884651e+06 +6.23769294e+06  2.88e+04   1.30e+01     1.07e+00   696.387s
1421000 +6.20874077e+06 +6.23758670e+06  2.88e+04   1.30e+01     1.06e+00   696.866s
1422000 +6.20862545e+06 +6.23746887e+06  2.88e+04   1.31e+01     1.06e+00   697.345s
1423000 +6.20849552e+06 +6.23736711e+06  2.89e+04   1.31e+01     1.06e+00   697.823s
1424000 +6.20839239e+06 +6.23724259e+06  2.89e+04   1.30e+01     1.05e+00   698.302s
1425000 +6.20825505e+06 +6.23710712e+06  2.89e+04   1.31e+01     1.04e+00   698.781s
1426000 +6.20810789e+06 +6.23697298e+06  2.89e+04   1.32e+01     1.04e+00   699.259s
1427000 +6.20800542e+06 +6.23688991e+06  2.89e+04   1.32e+01     1.03e+00   699.738s
1428000 +6.20790754e+06 +6.23675593e+06  2.88e+04   1.32e+01     1.03e+00   700.217s
1429000 +6.20779506e+06 +6.23664908e+06  2.89e+04   1.32e+01     1.02e+00   700.695s
1430000 +6.20768633e+06 +6.23654901e+06  2.89e+04   1.32e+01     1.02e+00   701.174s
1431000 +6.20758456e+06 +6.23645530e+06  2.89e+04   1.32e+01     1.01e+00   701.653s
1432000 +6.20748383e+06 +6.23634432e+06  2.89e+04   1.31e+01     1.01e+00   702.131s
1433000 +6.20741895e+06 +6.23624283e+06  2.88e+04   1.31e+01     1.00e+00   702.610s
1434000 +6.20732701e+06 +6.23617387e+06  2.88e+04   1.31e+01     9.99e-01   703.089s
1435000 +6.20725262e+06 +6.23608003e+06  2.88e+04   1.30e+01     9.96e-01   703.568s
1436000 +6.20721042e+06 +6.23598813e+06  2.88e+04   1.29e+01     9.92e-01   704.046s
1437000 +6.20714080e+06 +6.23588595e+06  2.87e+04   1.28e+01     9.86e-01   704.525s
1438000 +6.20708654e+06 +6.23581115e+06  2.87e+04   1.28e+01     9.83e-01   705.004s
1439000 +6.20702759e+06 +6.23572326e+06  2.87e+04   1.27e+01     9.77e-01   705.482s
1440000 +6.20693887e+06 +6.23562354e+06  2.87e+04   1.27e+01     9.74e-01   705.961s
1441000 +6.20685156e+06 +6.23554078e+06  2.87e+04   1.26e+01     9.70e-01   706.440s
1442000 +6.20674701e+06 +6.23545685e+06  2.87e+04   1.26e+01     9.69e-01   706.919s
1443000 +6.20664506e+06 +6.23537062e+06  2.87e+04   1.26e+01     9.66e-01   707.397s
1444000 +6.20653121e+06 +6.23528357e+06  2.88e+04   1.26e+01     9.62e-01   707.876s
1445000 +6.20645003e+06 +6.23517132e+06  2.87e+04   1.26e+01     9.56e-01   708.355s
1446000 +6.20634588e+06 +6.23507046e+06  2.87e+04   1.26e+01     9.50e-01   708.833s
1447000 +6.20626510e+06 +6.23499232e+06  2.87e+04   1.26e+01     9.49e-01   709.312s
1448000 +6.20618446e+06 +6.23492518e+06  2.87e+04   1.26e+01     9.44e-01   709.791s
1449000 +6.20611217e+06 +6.23484090e+06  2.87e+04   1.25e+01     9.38e-01   710.269s
1450000 +6.20604564e+06 +6.23473850e+06  2.87e+04   1.25e+01     9.33e-01   710.748s
1451000 +6.20594484e+06 +6.23464626e+06  2.87e+04   1.25e+01     9.31e-01   711.227s
1452000 +6.20590220e+06 +6.23455953e+06  2.87e+04   1.23e+01     9.29e-01   711.706s
1453000 +6.20587629e+06 +6.23448729e+06  2.86e+04   1.22e+01     9.25e-01   712.184s
1454000 +6.20579898e+06 +6.23439628e+06  2.86e+04   1.21e+01     9.21e-01   712.663s
1455000 +6.20576180e+06 +6.23428865e+06  2.85e+04   1.21e+01     9.19e-01   713.142s
1456000 +6.20569394e+06 +6.23420182e+06  2.85e+04   1.20e+01     9.16e-01   713.620s
1457000 +6.20561573e+06 +6.23411824e+06  2.85e+04   1.20e+01     9.16e-01   714.099s
1458000 +6.20557948e+06 +6.23404419e+06  2.85e+04   1.19e+01     9.11e-01   714.578s
1459000 +6.20552464e+06 +6.23398889e+06  2.85e+04   1.18e+01     9.07e-01   715.057s
1460000 +6.20546067e+06 +6.23391008e+06  2.84e+04   1.17e+01     9.06e-01   715.535s
1461000 +6.20542948e+06 +6.23382064e+06  2.84e+04   1.16e+01     9.03e-01   716.014s
1462000 +6.20537545e+06 +6.23372866e+06  2.84e+04   1.16e+01     9.00e-01   716.493s
1463000 +6.20531051e+06 +6.23367559e+06  2.84e+04   1.15e+01     9.00e-01   716.972s
1464000 +6.20523859e+06 +6.23363168e+06  2.84e+04   1.15e+01     8.98e-01   717.450s
1465000 +6.20515956e+06 +6.23360095e+06  2.84e+04   1.15e+01     8.96e-01   717.929s
1466000 +6.20508410e+06 +6.23354921e+06  2.85e+04   1.15e+01     8.95e-01   718.408s
1467000 +6.20505160e+06 +6.23348406e+06  2.84e+04   1.14e+01     8.93e-01   718.886s
1468000 +6.20499918e+06 +6.23339623e+06  2.84e+04   1.14e+01     8.91e-01   719.365s
1469000 +6.20495254e+06 +6.23333812e+06  2.84e+04   1.13e+01     8.89e-01   719.844s
1470000 +6.20488785e+06 +6.23327467e+06  2.84e+04   1.12e+01     8.88e-01   720.322s
1471000 +6.20483205e+06 +6.23323256e+06  2.84e+04   1.12e+01     8.86e-01   720.801s
1472000 +6.20475920e+06 +6.23316367e+06  2.84e+04   1.12e+01     8.85e-01   721.280s
1473000 +6.20469270e+06 +6.23309054e+06  2.84e+04   1.12e+01     8.84e-01   721.759s
1474000 +6.20464918e+06 +6.23301309e+06  2.84e+04   1.11e+01     8.80e-01   722.237s
1475000 +6.20458180e+06 +6.23294722e+06  2.84e+04   1.11e+01     8.79e-01   722.716s
1476000 +6.20450784e+06 +6.23286979e+06  2.84e+04   1.11e+01     8.77e-01   723.195s
1477000 +6.20445622e+06 +6.23279708e+06  2.83e+04   1.10e+01     8.75e-01   723.674s
1478000 +6.20437897e+06 +6.23274646e+06  2.84e+04   1.10e+01     8.74e-01   724.152s
1479000 +6.20435076e+06 +6.23268356e+06  2.83e+04   1.10e+01     8.72e-01   724.631s
1480000 +6.20431028e+06 +6.23260012e+06  2.83e+04   1.09e+01     8.70e-01   725.110s
1481000 +6.20423377e+06 +6.23252435e+06  2.83e+04   1.09e+01     8.68e-01   725.589s
1482000 +6.20420139e+06 +6.23243672e+06  2.82e+04   1.09e+01     8.66e-01   726.067s
1483000 +6.20416524e+06 +6.23236059e+06  2.82e+04   1.08e+01     8.65e-01   726.546s
1484000 +6.20410918e+06 +6.23230567e+06  2.82e+04   1.08e+01     8.65e-01   727.025s
1485000 +6.20406525e+06 +6.23224992e+06  2.82e+04   1.07e+01     8.63e-01   727.504s
1486000 +6.20400601e+06 +6.23219558e+06  2.82e+04   1.07e+01     8.61e-01   727.982s
1487000 +6.20396610e+06 +6.23213728e+06  2.82e+04   1.06e+01     8.58e-01   728.461s
1488000 +6.20391616e+06 +6.23204798e+06  2.81e+04   1.06e+01     8.58e-01   728.940s
1489000 +6.20386083e+06 +6.23198978e+06  2.81e+04   1.06e+01     8.56e-01   729.418s
1490000 +6.20383147e+06 +6.23191381e+06  2.81e+04   1.06e+01     8.54e-01   729.897s
1491000 +6.20379996e+06 +6.23184353e+06  2.80e+04   1.05e+01     8.52e-01   730.376s
1492000 +6.20378144e+06 +6.23177283e+06  2.80e+04   1.04e+01     8.49e-01   730.854s
1493000 +6.20373689e+06 +6.23171379e+06  2.80e+04   1.04e+01     8.48e-01   731.333s
1494000 +6.20368121e+06 +6.23163813e+06  2.80e+04   1.04e+01     8.43e-01   731.812s
1495000 +6.20363435e+06 +6.23155768e+06  2.79e+04   1.04e+01     8.43e-01   732.291s
1496000 +6.20357234e+06 +6.23149305e+06  2.79e+04   1.03e+01     8.42e-01   732.770s
1497000 +6.20350238e+06 +6.23141067e+06  2.79e+04   1.04e+01     8.41e-01   733.248s
1498000 +6.20343201e+06 +6.23133575e+06  2.79e+04   1.04e+01     8.40e-01   733.727s
1499000 +6.20338037e+06 +6.23124368e+06  2.79e+04   1.03e+01     8.38e-01   734.205s
1500000 +6.20333623e+06 +6.23117682e+06  2.78e+04   1.03e+01     8.35e-01   734.684s
1501000 +6.20326187e+06 +6.23109735e+06  2.78e+04   1.03e+01     8.33e-01   735.163s
1502000 +6.20319694e+06 +6.23105814e+06  2.79e+04   1.03e+01     8.30e-01   735.641s
1503000 +6.20313094e+06 +6.23100591e+06  2.79e+04   1.03e+01     8.29e-01   736.120s
1504000 +6.20307948e+06 +6.23096879e+06  2.79e+04   1.03e+01     8.24e-01   736.599s
1505000 +6.20300397e+06 +6.23092842e+06  2.79e+04   1.03e+01     8.23e-01   737.078s
1506000 +6.20294359e+06 +6.23085449e+06  2.79e+04   1.03e+01     8.19e-01   737.556s
1507000 +6.20287434e+06 +6.23080551e+06  2.79e+04   1.03e+01     8.20e-01   738.035s
1508000 +6.20279031e+06 +6.23074779e+06  2.80e+04   1.04e+01     8.17e-01   738.514s
1509000 +6.20272834e+06 +6.23067374e+06  2.79e+04   1.04e+01     8.15e-01   738.993s
1510000 +6.20267149e+06 +6.23061275e+06  2.79e+04   1.04e+01     8.15e-01   739.471s
1511000 +6.20259918e+06 +6.23054559e+06  2.79e+04   1.04e+01     8.14e-01   739.950s
1512000 +6.20255518e+06 +6.23048702e+06  2.79e+04   1.03e+01     8.14e-01   740.429s
1513000 +6.20250427e+06 +6.23043201e+06  2.79e+04   1.03e+01     8.12e-01   740.908s
1514000 +6.20242179e+06 +6.23037740e+06  2.80e+04   1.04e+01     8.12e-01   741.386s
1515000 +6.20233608e+06 +6.23033135e+06  2.80e+04   1.04e+01     8.09e-01   741.865s
1516000 +6.20225718e+06 +6.23029140e+06  2.80e+04   1.04e+01     8.09e-01   742.344s
1517000 +6.20218163e+06 +6.23025236e+06  2.81e+04   1.05e+01     8.08e-01   742.823s
1518000 +6.20211910e+06 +6.23021013e+06  2.81e+04   1.05e+01     8.06e-01   743.301s
1519000 +6.20205121e+06 +6.23015020e+06  2.81e+04   1.05e+01     8.06e-01   743.780s
1520000 +6.20196625e+06 +6.23009802e+06  2.81e+04   1.05e+01     8.04e-01   744.259s
1521000 +6.20189024e+06 +6.23005685e+06  2.82e+04   1.05e+01     8.04e-01   744.738s
1522000 +6.20182244e+06 +6.23000462e+06  2.82e+04   1.06e+01     8.01e-01   745.216s
1523000 +6.20176070e+06 +6.22994408e+06  2.82e+04   1.06e+01     8.00e-01   745.695s
1524000 +6.20168934e+06 +6.22989496e+06  2.82e+04   1.06e+01     7.98e-01   746.174s
1525000 +6.20162368e+06 +6.22982797e+06  2.82e+04   1.06e+01     7.96e-01   746.653s
1526000 +6.20156022e+06 +6.22978857e+06  2.82e+04   1.06e+01     7.95e-01   747.131s
1527000 +6.20151036e+06 +6.22973519e+06  2.82e+04   1.06e+01     7.95e-01   747.610s
1528000 +6.20144607e+06 +6.22969009e+06  2.82e+04   1.06e+01     7.94e-01   748.089s
1529000 +6.20138791e+06 +6.22965181e+06  2.83e+04   1.07e+01     7.94e-01   748.568s
1530000 +6.20133925e+06 +6.22959810e+06  2.83e+04   1.07e+01     7.91e-01   749.047s
1531000 +6.20129661e+06 +6.22956950e+06  2.83e+04   1.06e+01     7.92e-01   749.525s
1532000 +6.20125717e+06 +6.22951859e+06  2.83e+04   1.06e+01     7.91e-01   750.004s
1533000 +6.20121081e+06 +6.22947083e+06  2.83e+04   1.06e+01     7.88e-01   750.483s
1534000 +6.20117091e+06 +6.22943216e+06  2.83e+04   1.06e+01     7.86e-01   750.962s
1535000 +6.20113120e+06 +6.22937585e+06  2.82e+04   1.05e+01     7.85e-01   751.440s
1536000 +6.20110399e+06 +6.22932389e+06  2.82e+04   1.05e+01     7.84e-01   751.919s
1537000 +6.20105982e+06 +6.22928095e+06  2.82e+04   1.05e+01     7.84e-01   752.398s
1538000 +6.20101991e+06 +6.22922746e+06  2.82e+04   1.05e+01     7.84e-01   752.877s
1539000 +6.20097509e+06 +6.22917422e+06  2.82e+04   1.05e+01     7.81e-01   753.355s
1540000 +6.20093937e+06 +6.22912303e+06  2.82e+04   1.05e+01     7.80e-01   753.834s
1541000 +6.20090245e+06 +6.22906106e+06  2.82e+04   1.04e+01     7.78e-01   754.313s
1542000 +6.20086671e+06 +6.22901916e+06  2.82e+04   1.04e+01     7.77e-01   754.791s
1543000 +6.20082206e+06 +6.22896507e+06  2.81e+04   1.04e+01     7.77e-01   755.270s
1544000 +6.20078864e+06 +6.22890779e+06  2.81e+04   1.04e+01     7.74e-01   755.749s
1545000 +6.20075294e+06 +6.22884765e+06  2.81e+04   1.03e+01     7.71e-01   756.227s
1546000 +6.20072273e+06 +6.22880151e+06  2.81e+04   1.03e+01     7.71e-01   756.706s
1547000 +6.20069974e+06 +6.22873568e+06  2.80e+04   1.03e+01     7.69e-01   757.185s
1548000 +6.20064996e+06 +6.22869242e+06  2.80e+04   1.03e+01     7.67e-01   757.663s
1549000 +6.20062814e+06 +6.22865259e+06  2.80e+04   1.03e+01     7.66e-01   758.142s
1550000 +6.20059071e+06 +6.22861961e+06  2.80e+04   1.03e+01     7.65e-01   758.621s
1551000 +6.20054282e+06 +6.22855625e+06  2.80e+04   1.02e+01     7.65e-01   759.100s
1552000 +6.20053928e+06 +6.22850693e+06  2.80e+04   1.02e+01     7.63e-01   759.578s
1553000 +6.20052478e+06 +6.22845118e+06  2.79e+04   1.01e+01     7.60e-01   760.057s
1554000 +6.20052423e+06 +6.22839365e+06  2.79e+04   1.01e+01     7.59e-01   760.536s
1555000 +6.20051561e+06 +6.22833875e+06  2.78e+04   1.00e+01     7.58e-01   761.015s
1556000 +6.20047438e+06 +6.22827363e+06  2.78e+04   1.00e+01     7.56e-01   761.493s
1557000 +6.20044419e+06 +6.22821709e+06  2.78e+04   9.97e+00     7.54e-01   761.972s
1558000 +6.20041753e+06 +6.22815861e+06  2.77e+04   9.93e+00     7.53e-01   762.451s
1559000 +6.20038797e+06 +6.22809685e+06  2.77e+04   9.89e+00     7.51e-01   762.930s
1560000 +6.20033360e+06 +6.22803449e+06  2.77e+04   9.89e+00     7.48e-01   763.408s
1561000 +6.20029393e+06 +6.22798550e+06  2.77e+04   9.87e+00     7.47e-01   763.887s
1562000 +6.20025721e+06 +6.22793212e+06  2.77e+04   9.84e+00     7.47e-01   764.366s
1563000 +6.20022874e+06 +6.22788233e+06  2.77e+04   9.79e+00     7.46e-01   764.845s
1564000 +6.20020208e+06 +6.22784965e+06  2.76e+04   9.78e+00     7.46e-01   765.323s
1565000 +6.20017035e+06 +6.22781808e+06  2.76e+04   9.75e+00     7.45e-01   765.802s
1566000 +6.20014286e+06 +6.22778455e+06  2.76e+04   9.69e+00     7.45e-01   766.281s
1567000 +6.20011589e+06 +6.22774162e+06  2.76e+04   9.66e+00     7.42e-01   766.760s
1568000 +6.20009224e+06 +6.22768921e+06  2.76e+04   9.64e+00     7.42e-01   767.238s
1569000 +6.20007630e+06 +6.22764471e+06  2.76e+04   9.56e+00     7.39e-01   767.717s
1570000 +6.20004184e+06 +6.22759487e+06  2.76e+04   9.53e+00     7.39e-01   768.196s
1571000 +6.20000816e+06 +6.22754734e+06  2.75e+04   9.53e+00     7.38e-01   768.675s
1572000 +6.19998945e+06 +6.22750504e+06  2.75e+04   9.47e+00     7.36e-01   769.153s
1573000 +6.19996168e+06 +6.22743776e+06  2.75e+04   9.41e+00     7.37e-01   769.632s
1574000 +6.19992980e+06 +6.22737468e+06  2.74e+04   9.40e+00     7.35e-01   770.111s
1575000 +6.19989829e+06 +6.22732204e+06  2.74e+04   9.38e+00     7.34e-01   770.590s
1576000 +6.19986930e+06 +6.22728796e+06  2.74e+04   9.33e+00     7.33e-01   771.069s
1577000 +6.19983856e+06 +6.22724855e+06  2.74e+04   9.30e+00     7.34e-01   771.547s
1578000 +6.19981254e+06 +6.22721152e+06  2.74e+04   9.27e+00     7.31e-01   772.026s
1579000 +6.19977338e+06 +6.22719479e+06  2.74e+04   9.25e+00     7.31e-01   772.505s
1580000 +6.19974807e+06 +6.22715258e+06  2.74e+04   9.21e+00     7.30e-01   772.984s
1581000 +6.19973900e+06 +6.22710183e+06  2.74e+04   9.16e+00     7.30e-01   773.462s
1582000 +6.19971088e+06 +6.22706586e+06  2.74e+04   9.14e+00     7.29e-01   773.941s
1583000 +6.19967348e+06 +6.22701029e+06  2.73e+04   9.11e+00     7.29e-01   774.420s
1584000 +6.19964225e+06 +6.22696978e+06  2.73e+04   9.08e+00     7.27e-01   774.898s
1585000 +6.19962567e+06 +6.22692161e+06  2.73e+04   9.05e+00     7.27e-01   775.377s
1586000 +6.19959313e+06 +6.22685919e+06  2.73e+04   9.03e+00     7.25e-01   775.856s
1587000 +6.19957601e+06 +6.22681485e+06  2.72e+04   8.97e+00     7.25e-01   776.335s
1588000 +6.19954781e+06 +6.22675437e+06  2.72e+04   8.92e+00     7.23e-01   776.813s
1589000 +6.19952249e+06 +6.22671495e+06  2.72e+04   8.92e+00     7.23e-01   777.292s
1590000 +6.19950010e+06 +6.22668440e+06  2.72e+04   8.88e+00     7.21e-01   777.771s
1591000 +6.19947785e+06 +6.22664809e+06  2.72e+04   8.83e+00     7.21e-01   778.250s
1592000 +6.19946426e+06 +6.22660020e+06  2.71e+04   8.79e+00     7.19e-01   778.729s
1593000 +6.19944861e+06 +6.22655772e+06  2.71e+04   8.78e+00     7.17e-01   779.207s
1594000 +6.19943139e+06 +6.22652223e+06  2.71e+04   8.72e+00     7.17e-01   779.686s
1595000 +6.19942704e+06 +6.22647171e+06  2.70e+04   8.63e+00     7.15e-01   780.165s
1596000 +6.19941806e+06 +6.22642271e+06  2.70e+04   8.58e+00     7.16e-01   780.644s
1597000 +6.19940011e+06 +6.22638331e+06  2.70e+04   8.57e+00     7.15e-01   781.122s
1598000 +6.19938058e+06 +6.22633494e+06  2.70e+04   8.52e+00     7.15e-01   781.601s
1599000 +6.19936340e+06 +6.22628466e+06  2.69e+04   8.45e+00     7.13e-01   782.080s
1600000 +6.19936437e+06 +6.22623330e+06  2.69e+04   8.42e+00     7.12e-01   782.558s
1601000 +6.19935148e+06 +6.22618048e+06  2.68e+04   8.38e+00     7.12e-01   783.037s
1602000 +6.19932569e+06 +6.22613042e+06  2.68e+04   8.33e+00     7.10e-01   783.516s
1603000 +6.19929796e+06 +6.22608544e+06  2.68e+04   8.30e+00     7.11e-01   783.994s
1604000 +6.19927845e+06 +6.22603268e+06  2.68e+04   8.28e+00     7.10e-01   784.473s
1605000 +6.19925807e+06 +6.22597533e+06  2.67e+04   8.25e+00     7.09e-01   784.952s
1606000 +6.19922340e+06 +6.22591450e+06  2.67e+04   8.26e+00     7.07e-01   785.431s
1607000 +6.19919622e+06 +6.22585457e+06  2.67e+04   8.24e+00     7.07e-01   785.910s
1608000 +6.19917098e+06 +6.22580034e+06  2.66e+04   8.22e+00     7.05e-01   786.388s
1609000 +6.19914466e+06 +6.22575552e+06  2.66e+04   8.17e+00     7.05e-01   786.867s
1610000 +6.19911640e+06 +6.22571923e+06  2.66e+04   8.15e+00     7.03e-01   787.346s
1611000 +6.19907675e+06 +6.22567657e+06  2.66e+04   8.18e+00     7.01e-01   787.825s
1612000 +6.19904618e+06 +6.22563499e+06  2.66e+04   8.17e+00     6.99e-01   788.303s
1613000 +6.19902434e+06 +6.22558007e+06  2.66e+04   8.12e+00     6.98e-01   788.782s
1614000 +6.19899026e+06 +6.22553407e+06  2.65e+04   8.12e+00     6.98e-01   789.261s
1615000 +6.19896774e+06 +6.22548142e+06  2.65e+04   8.11e+00     6.97e-01   789.739s
1616000 +6.19894352e+06 +6.22543457e+06  2.65e+04   8.10e+00     6.96e-01   790.218s
1617000 +6.19892107e+06 +6.22539239e+06  2.65e+04   8.05e+00     6.95e-01   790.697s
1618000 +6.19889215e+06 +6.22535610e+06  2.65e+04   8.03e+00     6.95e-01   791.176s
1619000 +6.19886233e+06 +6.22531289e+06  2.65e+04   8.03e+00     6.94e-01   791.654s
1620000 +6.19883868e+06 +6.22526966e+06  2.64e+04   8.01e+00     6.93e-01   792.133s
1621000 +6.19881765e+06 +6.22524016e+06  2.64e+04   7.98e+00     6.92e-01   792.612s
1622000 +6.19878878e+06 +6.22520738e+06  2.64e+04   7.97e+00     6.93e-01   793.091s
1623000 +6.19877532e+06 +6.22518309e+06  2.64e+04   7.95e+00     6.92e-01   793.569s
1624000 +6.19876005e+06 +6.22514535e+06  2.64e+04   7.87e+00     6.90e-01   794.048s
1625000 +6.19873371e+06 +6.22511246e+06  2.64e+04   7.84e+00     6.91e-01   794.527s
1626000 +6.19871727e+06 +6.22506166e+06  2.63e+04   7.83e+00     6.89e-01   795.005s
1627000 +6.19869049e+06 +6.22503748e+06  2.63e+04   7.81e+00     6.89e-01   795.484s
1628000 +6.19867998e+06 +6.22501172e+06  2.63e+04   7.75e+00     6.87e-01   795.963s
1629000 +6.19865036e+06 +6.22497770e+06  2.63e+04   7.75e+00     6.85e-01   796.442s
1630000 +6.19862661e+06 +6.22494881e+06  2.63e+04   7.75e+00     6.85e-01   796.920s
1631000 +6.19861862e+06 +6.22491542e+06  2.63e+04   7.69e+00     6.84e-01   797.399s
1632000 +6.19860394e+06 +6.22486414e+06  2.63e+04   7.64e+00     6.84e-01   797.878s
1633000 +6.19858641e+06 +6.22482336e+06  2.62e+04   7.62e+00     6.85e-01   798.356s
1634000 +6.19856524e+06 +6.22478752e+06  2.62e+04   7.59e+00     6.84e-01   798.835s
1635000 +6.19855616e+06 +6.22475996e+06  2.62e+04   7.53e+00     6.82e-01   799.314s
1636000 +6.19853238e+06 +6.22471908e+06  2.62e+04   7.52e+00     6.83e-01   799.792s
1637000 +6.19851075e+06 +6.22468095e+06  2.62e+04   7.50e+00     6.81e-01   800.271s
1638000 +6.19849211e+06 +6.22464864e+06  2.62e+04   7.47e+00     6.79e-01   800.750s
1639000 +6.19847453e+06 +6.22462437e+06  2.61e+04   7.43e+00     6.80e-01   801.229s
1640000 +6.19846521e+06 +6.22459212e+06  2.61e+04   7.39e+00     6.77e-01   801.708s
1641000 +6.19845196e+06 +6.22456740e+06  2.61e+04   7.37e+00     6.75e-01   802.186s
1642000 +6.19845060e+06 +6.22453854e+06  2.61e+04   7.30e+00     6.75e-01   802.665s
1643000 +6.19844696e+06 +6.22452232e+06  2.61e+04   7.25e+00     6.74e-01   803.143s
1644000 +6.19843098e+06 +6.22448759e+06  2.61e+04   7.24e+00     6.74e-01   803.622s
1645000 +6.19841556e+06 +6.22444279e+06  2.60e+04   7.20e+00     6.74e-01   804.101s
1646000 +6.19840622e+06 +6.22438566e+06  2.60e+04   7.16e+00     6.71e-01   804.580s
1647000 +6.19838575e+06 +6.22434993e+06  2.60e+04   7.14e+00     6.71e-01   805.058s
1648000 +6.19835959e+06 +6.22431021e+06  2.60e+04   7.14e+00     6.71e-01   805.537s
1649000 +6.19833031e+06 +6.22426548e+06  2.59e+04   7.12e+00     6.68e-01   806.016s
1650000 +6.19830753e+06 +6.22423232e+06  2.59e+04   7.09e+00     6.67e-01   806.495s
1651000 +6.19829084e+06 +6.22421141e+06  2.59e+04   7.08e+00     6.67e-01   806.973s
1652000 +6.19826007e+06 +6.22417551e+06  2.59e+04   7.10e+00     6.67e-01   807.452s
1653000 +6.19824774e+06 +6.22414161e+06  2.59e+04   7.06e+00     6.67e-01   807.931s
1654000 +6.19823568e+06 +6.22411333e+06  2.59e+04   7.02e+00     6.63e-01   808.410s
1655000 +6.19821992e+06 +6.22407332e+06  2.59e+04   7.00e+00     6.63e-01   808.888s
1656000 +6.19819593e+06 +6.22405173e+06  2.59e+04   6.99e+00     6.63e-01   809.367s
1657000 +6.19816395e+06 +6.22401683e+06  2.59e+04   7.00e+00     6.61e-01   809.846s
1658000 +6.19812921e+06 +6.22398120e+06  2.59e+04   7.00e+00     6.61e-01   810.324s
1659000 +6.19810358e+06 +6.22393313e+06  2.58e+04   6.98e+00     6.59e-01   810.803s
1660000 +6.19806885e+06 +6.22389957e+06  2.58e+04   6.98e+00     6.59e-01   811.282s
1661000 +6.19804245e+06 +6.22386585e+06  2.58e+04   6.98e+00     6.60e-01   811.761s
1662000 +6.19799774e+06 +6.22382726e+06  2.58e+04   7.01e+00     6.58e-01   812.240s
1663000 +6.19795791e+06 +6.22379250e+06  2.58e+04   7.01e+00     6.57e-01   812.718s
1664000 +6.19792927e+06 +6.22375912e+06  2.58e+04   7.00e+00     6.56e-01   813.197s
1665000 +6.19790046e+06 +6.22372108e+06  2.58e+04   7.01e+00     6.56e-01   813.676s
1666000 +6.19787057e+06 +6.22368429e+06  2.58e+04   7.02e+00     6.55e-01   814.155s
1667000 +6.19783436e+06 +6.22365212e+06  2.58e+04   7.02e+00     6.55e-01   814.634s
1668000 +6.19779025e+06 +6.22361109e+06  2.58e+04   7.03e+00     6.54e-01   815.112s
1669000 +6.19775743e+06 +6.22356580e+06  2.58e+04   7.04e+00     6.52e-01   815.591s
1670000 +6.19771996e+06 +6.22350611e+06  2.58e+04   7.03e+00     6.52e-01   816.070s
1671000 +6.19768357e+06 +6.22347193e+06  2.58e+04   7.03e+00     6.51e-01   816.549s
1672000 +6.19765371e+06 +6.22343161e+06  2.58e+04   7.04e+00     6.49e-01   817.027s
1673000 +6.19759695e+06 +6.22339200e+06  2.58e+04   7.06e+00     6.47e-01   817.506s
1674000 +6.19756132e+06 +6.22335473e+06  2.58e+04   7.06e+00     6.44e-01   817.985s
1675000 +6.19753258e+06 +6.22332929e+06  2.58e+04   7.04e+00     6.43e-01   818.464s
1676000 +6.19748738e+06 +6.22330357e+06  2.58e+04   7.07e+00     6.43e-01   818.942s
1677000 +6.19743697e+06 +6.22327711e+06  2.58e+04   7.11e+00     6.42e-01   819.421s
1678000 +6.19740118e+06 +6.22324259e+06  2.58e+04   7.10e+00     6.42e-01   819.900s
1679000 +6.19737093e+06 +6.22321735e+06  2.58e+04   7.09e+00     6.41e-01   820.379s
1680000 +6.19732384e+06 +6.22317049e+06  2.58e+04   7.14e+00     6.40e-01   820.857s
1681000 +6.19729256e+06 +6.22313488e+06  2.58e+04   7.14e+00     6.40e-01   821.336s
1682000 +6.19726202e+06 +6.22309468e+06  2.58e+04   7.13e+00     6.39e-01   821.815s
1683000 +6.19724225e+06 +6.22305788e+06  2.58e+04   7.10e+00     6.38e-01   822.294s
1684000 +6.19722232e+06 +6.22302342e+06  2.58e+04   7.10e+00     6.37e-01   822.773s
1685000 +6.19718635e+06 +6.22299015e+06  2.58e+04   7.10e+00     6.38e-01   823.251s
1686000 +6.19716567e+06 +6.22296333e+06  2.58e+04   7.08e+00     6.38e-01   823.730s
1687000 +6.19713013e+06 +6.22294143e+06  2.58e+04   7.08e+00     6.37e-01   824.209s
1688000 +6.19709500e+06 +6.22290550e+06  2.58e+04   7.10e+00     6.36e-01   824.688s
1689000 +6.19705527e+06 +6.22288582e+06  2.58e+04   7.12e+00     6.35e-01   825.167s
1690000 +6.19702584e+06 +6.22286003e+06  2.58e+04   7.10e+00     6.35e-01   825.645s
1691000 +6.19699646e+06 +6.22281504e+06  2.58e+04   7.09e+00     6.34e-01   826.124s
1692000 +6.19696134e+06 +6.22277952e+06  2.58e+04   7.13e+00     6.33e-01   826.603s
1693000 +6.19693481e+06 +6.22274176e+06  2.58e+04   7.13e+00     6.32e-01   827.081s
1694000 +6.19692720e+06 +6.22269985e+06  2.58e+04   7.08e+00     6.30e-01   827.560s
1695000 +6.19690660e+06 +6.22266370e+06  2.58e+04   7.07e+00     6.29e-01   828.039s
1696000 +6.19686951e+06 +6.22261767e+06  2.57e+04   7.09e+00     6.28e-01   828.518s
1697000 +6.19684253e+06 +6.22258766e+06  2.57e+04   7.08e+00     6.27e-01   828.997s
1698000 +6.19682370e+06 +6.22255524e+06  2.57e+04   7.06e+00     6.27e-01   829.475s
1699000 +6.19679754e+06 +6.22253380e+06  2.57e+04   7.04e+00     6.27e-01   829.954s
1700000 +6.19678165e+06 +6.22250361e+06  2.57e+04   7.03e+00     6.27e-01   830.433s
1701000 +6.19675380e+06 +6.22246099e+06  2.57e+04   7.02e+00     6.25e-01   830.912s
1702000 +6.19673474e+06 +6.22242594e+06  2.57e+04   7.00e+00     6.25e-01   831.390s
1703000 +6.19670427e+06 +6.22238597e+06  2.57e+04   6.98e+00     6.25e-01   831.869s
1704000 +6.19666910e+06 +6.22234949e+06  2.57e+04   6.99e+00     6.24e-01   832.348s
1705000 +6.19664409e+06 +6.22231081e+06  2.57e+04   7.00e+00     6.23e-01   832.827s
1706000 +6.19661739e+06 +6.22226299e+06  2.56e+04   6.98e+00     6.21e-01   833.305s
1707000 +6.19658533e+06 +6.22222581e+06  2.56e+04   6.96e+00     6.21e-01   833.784s
1708000 +6.19655544e+06 +6.22220086e+06  2.56e+04   6.98e+00     6.21e-01   834.263s
1709000 +6.19652852e+06 +6.22217769e+06  2.56e+04   6.98e+00     6.19e-01   834.741s
1710000 +6.19650056e+06 +6.22213675e+06  2.56e+04   6.96e+00     6.19e-01   835.220s
1711000 +6.19647424e+06 +6.22210046e+06  2.56e+04   6.95e+00     6.18e-01   835.699s
1712000 +6.19645258e+06 +6.22207175e+06  2.56e+04   6.96e+00     6.16e-01   836.178s
1713000 +6.19642034e+06 +6.22203463e+06  2.56e+04   6.97e+00     6.16e-01   836.657s
1714000 +6.19640718e+06 +6.22200898e+06  2.56e+04   6.94e+00     6.16e-01   837.135s
1715000 +6.19637976e+06 +6.22197856e+06  2.56e+04   6.94e+00     6.14e-01   837.614s
1716000 +6.19636935e+06 +6.22195712e+06  2.56e+04   6.92e+00     6.14e-01   838.093s
1717000 +6.19634530e+06 +6.22192726e+06  2.56e+04   6.92e+00     6.15e-01   838.572s
1718000 +6.19631342e+06 +6.22188973e+06  2.56e+04   6.92e+00     6.12e-01   839.050s
1719000 +6.19629273e+06 +6.22185747e+06  2.56e+04   6.90e+00     6.12e-01   839.529s
1720000 +6.19626708e+06 +6.22180612e+06  2.55e+04   6.90e+00     6.11e-01   840.008s
1721000 +6.19624420e+06 +6.22178069e+06  2.55e+04   6.90e+00     6.09e-01   840.487s
1722000 +6.19623316e+06 +6.22175615e+06  2.55e+04   6.86e+00     6.09e-01   840.965s
1723000 +6.19620587e+06 +6.22171730e+06  2.55e+04   6.86e+00     6.09e-01   841.444s
1724000 +6.19618308e+06 +6.22167850e+06  2.55e+04   6.88e+00     6.10e-01   841.923s
1725000 +6.19615991e+06 +6.22164650e+06  2.55e+04   6.88e+00     6.09e-01   842.402s
1726000 +6.19613576e+06 +6.22161198e+06  2.55e+04   6.88e+00     6.07e-01   842.881s
1727000 +6.19611270e+06 +6.22157971e+06  2.55e+04   6.89e+00     6.07e-01   843.359s
1728000 +6.19608478e+06 +6.22155363e+06  2.55e+04   6.88e+00     6.06e-01   843.838s
1729000 +6.19605527e+06 +6.22152493e+06  2.55e+04   6.87e+00     6.05e-01   844.317s
1730000 +6.19602680e+06 +6.22148532e+06  2.55e+04   6.88e+00     6.05e-01   844.795s
1731000 +6.19599770e+06 +6.22145108e+06  2.55e+04   6.88e+00     6.05e-01   845.274s
1732000 +6.19598331e+06 +6.22142487e+06  2.54e+04   6.86e+00     6.05e-01   845.753s
1733000 +6.19596258e+06 +6.22140528e+06  2.54e+04   6.86e+00     6.02e-01   846.232s
1734000 +6.19594670e+06 +6.22137489e+06  2.54e+04   6.85e+00     6.02e-01   846.711s
1735000 +6.19592181e+06 +6.22134827e+06  2.54e+04   6.83e+00     6.01e-01   847.189s
1736000 +6.19589794e+06 +6.22132791e+06  2.54e+04   6.80e+00     6.00e-01   847.668s
1737000 +6.19588848e+06 +6.22130853e+06  2.54e+04   6.78e+00     6.00e-01   848.147s
1738000 +6.19587774e+06 +6.22128367e+06  2.54e+04   6.76e+00     6.00e-01   848.626s
1739000 +6.19586394e+06 +6.22125045e+06  2.54e+04   6.73e+00     5.98e-01   849.104s
1740000 +6.19584230e+06 +6.22121241e+06  2.54e+04   6.72e+00     5.96e-01   849.583s
1741000 +6.19582748e+06 +6.22117515e+06  2.53e+04   6.72e+00     5.97e-01   850.062s
1742000 +6.19580471e+06 +6.22114099e+06  2.53e+04   6.69e+00     5.95e-01   850.540s
1743000 +6.19578925e+06 +6.22111196e+06  2.53e+04   6.67e+00     5.95e-01   851.019s
1744000 +6.19577740e+06 +6.22107796e+06  2.53e+04   6.65e+00     5.94e-01   851.498s
1745000 +6.19575622e+06 +6.22105560e+06  2.53e+04   6.64e+00     5.93e-01   851.977s
1746000 +6.19574585e+06 +6.22103632e+06  2.53e+04   6.63e+00     5.94e-01   852.456s
1747000 +6.19572064e+06 +6.22101916e+06  2.53e+04   6.64e+00     5.91e-01   852.934s
1748000 +6.19570507e+06 +6.22099134e+06  2.53e+04   6.62e+00     5.92e-01   853.413s
1749000 +6.19567622e+06 +6.22095965e+06  2.53e+04   6.63e+00     5.91e-01   853.892s
1750000 +6.19565000e+06 +6.22092803e+06  2.53e+04   6.63e+00     5.91e-01   854.371s
1751000 +6.19562714e+06 +6.22089778e+06  2.53e+04   6.63e+00     5.89e-01   854.849s
1752000 +6.19560342e+06 +6.22086878e+06  2.53e+04   6.63e+00     5.89e-01   855.328s
1753000 +6.19558682e+06 +6.22084168e+06  2.53e+04   6.63e+00     5.89e-01   855.807s
1754000 +6.19555831e+06 +6.22082042e+06  2.53e+04   6.63e+00     5.88e-01   856.286s
1755000 +6.19553832e+06 +6.22078625e+06  2.52e+04   6.62e+00     5.87e-01   856.765s
1756000 +6.19552480e+06 +6.22075118e+06  2.52e+04   6.62e+00     5.86e-01   857.244s
1757000 +6.19550677e+06 +6.22072377e+06  2.52e+04   6.61e+00     5.86e-01   857.722s
1758000 +6.19548754e+06 +6.22068895e+06  2.52e+04   6.59e+00     5.85e-01   858.201s
1759000 +6.19546906e+06 +6.22064884e+06  2.52e+04   6.59e+00     5.83e-01   858.680s
1760000 +6.19545021e+06 +6.22060767e+06  2.52e+04   6.59e+00     5.82e-01   859.158s
1761000 +6.19543667e+06 +6.22057037e+06  2.51e+04   6.57e+00     5.83e-01   859.637s
1762000 +6.19542369e+06 +6.22053008e+06  2.51e+04   6.55e+00     5.82e-01   860.116s
1763000 +6.19540323e+06 +6.22048732e+06  2.51e+04   6.55e+00     5.81e-01   860.595s
1764000 +6.19539203e+06 +6.22045156e+06  2.51e+04   6.52e+00     5.80e-01   861.074s
1765000 +6.19537564e+06 +6.22041736e+06  2.50e+04   6.50e+00     5.80e-01   861.553s
1766000 +6.19535872e+06 +6.22039243e+06  2.50e+04   6.49e+00     5.79e-01   862.031s
1767000 +6.19534200e+06 +6.22036785e+06  2.50e+04   6.48e+00     5.78e-01   862.510s
1768000 +6.19532421e+06 +6.22034220e+06  2.50e+04   6.46e+00     5.79e-01   862.989s
1769000 +6.19530156e+06 +6.22031060e+06  2.50e+04   6.45e+00     5.77e-01   863.468s
1770000 +6.19527564e+06 +6.22027423e+06  2.50e+04   6.46e+00     5.76e-01   863.947s
1771000 +6.19525064e+06 +6.22024040e+06  2.50e+04   6.46e+00     5.75e-01   864.425s
1772000 +6.19522066e+06 +6.22020632e+06  2.50e+04   6.45e+00     5.73e-01   864.904s
1773000 +6.19518694e+06 +6.22018155e+06  2.50e+04   6.46e+00     5.73e-01   865.383s
1774000 +6.19516078e+06 +6.22014618e+06  2.50e+04   6.48e+00     5.74e-01   865.862s
1775000 +6.19513515e+06 +6.22011620e+06  2.50e+04   6.50e+00     5.73e-01   866.340s
1776000 +6.19511391e+06 +6.22009961e+06  2.50e+04   6.47e+00     5.73e-01   866.819s
1777000 +6.19508668e+06 +6.22006623e+06  2.50e+04   6.48e+00     5.72e-01   867.298s
1778000 +6.19506474e+06 +6.22002715e+06  2.50e+04   6.50e+00     5.70e-01   867.777s
1779000 +6.19503628e+06 +6.21999769e+06  2.50e+04   6.51e+00     5.70e-01   868.255s
1780000 +6.19501933e+06 +6.21998159e+06  2.50e+04   6.49e+00     5.68e-01   868.734s
1781000 +6.19500117e+06 +6.21996590e+06  2.50e+04   6.48e+00     5.68e-01   869.213s
1782000 +6.19498164e+06 +6.21995367e+06  2.50e+04   6.49e+00     5.67e-01   869.692s
1783000 +6.19495620e+06 +6.21993717e+06  2.50e+04   6.50e+00     5.67e-01   870.170s
1784000 +6.19493387e+06 +6.21992173e+06  2.50e+04   6.51e+00     5.66e-01   870.649s
1785000 +6.19491647e+06 +6.21989672e+06  2.50e+04   6.50e+00     5.64e-01   871.128s
1786000 +6.19488921e+06 +6.21986464e+06  2.50e+04   6.50e+00     5.63e-01   871.607s
1787000 +6.19487304e+06 +6.21982013e+06  2.49e+04   6.49e+00     5.63e-01   872.086s
1788000 +6.19485510e+06 +6.21977470e+06  2.49e+04   6.48e+00     5.63e-01   872.565s
1789000 +6.19484143e+06 +6.21974365e+06  2.49e+04   6.48e+00     5.62e-01   873.043s
1790000 +6.19483102e+06 +6.21971997e+06  2.49e+04   6.48e+00     5.62e-01   873.522s
1791000 +6.19481905e+06 +6.21969065e+06  2.49e+04   6.45e+00     5.60e-01   874.001s
1792000 +6.19481118e+06 +6.21966294e+06  2.49e+04   6.42e+00     5.61e-01   874.480s
1793000 +6.19479579e+06 +6.21964142e+06  2.48e+04   6.41e+00     5.60e-01   874.958s
1794000 +6.19478280e+06 +6.21962130e+06  2.48e+04   6.40e+00     5.58e-01   875.437s
1795000 +6.19476231e+06 +6.21958714e+06  2.48e+04   6.38e+00     5.58e-01   875.916s
1796000 +6.19474328e+06 +6.21956276e+06  2.48e+04   6.38e+00     5.58e-01   876.395s
1797000 +6.19472056e+06 +6.21954141e+06  2.48e+04   6.39e+00     5.58e-01   876.874s
1798000 +6.19469845e+06 +6.21950712e+06  2.48e+04   6.38e+00     5.57e-01   877.352s
1799000 +6.19467174e+06 +6.21947719e+06  2.48e+04   6.38e+00     5.57e-01   877.831s
1800000 +6.19464938e+06 +6.21944900e+06  2.48e+04   6.39e+00     5.55e-01   878.310s
1801000 +6.19462129e+06 +6.21942203e+06  2.48e+04   6.40e+00     5.55e-01   878.789s
1802000 +6.19459511e+06 +6.21941009e+06  2.48e+04   6.40e+00     5.55e-01   879.268s
1803000 +6.19457360e+06 +6.21938549e+06  2.48e+04   6.38e+00     5.54e-01   879.747s
1804000 +6.19455388e+06 +6.21935816e+06  2.48e+04   6.38e+00     5.54e-01   880.225s
1805000 +6.19453824e+06 +6.21934145e+06  2.48e+04   6.39e+00     5.52e-01   880.704s
1806000 +6.19451544e+06 +6.21931534e+06  2.48e+04   6.38e+00     5.52e-01   881.183s
1807000 +6.19450013e+06 +6.21929126e+06  2.48e+04   6.36e+00     5.51e-01   881.662s
1808000 +6.19447668e+06 +6.21927249e+06  2.48e+04   6.36e+00     5.51e-01   882.140s
1809000 +6.19446744e+06 +6.21926755e+06  2.48e+04   6.36e+00     5.51e-01   882.619s
1810000 +6.19445702e+06 +6.21925113e+06  2.48e+04   6.34e+00     5.50e-01   883.098s
1811000 +6.19445270e+06 +6.21922307e+06  2.48e+04   6.32e+00     5.51e-01   883.577s
1812000 +6.19443716e+06 +6.21920239e+06  2.48e+04   6.30e+00     5.51e-01   884.056s
1813000 +6.19443057e+06 +6.21918515e+06  2.48e+04   6.27e+00     5.49e-01   884.535s
1814000 +6.19442291e+06 +6.21915451e+06  2.47e+04   6.27e+00     5.48e-01   885.014s
1815000 +6.19441080e+06 +6.21912350e+06  2.47e+04   6.26e+00     5.48e-01   885.492s
1816000 +6.19439265e+06 +6.21909958e+06  2.47e+04   6.25e+00     5.48e-01   885.971s
1817000 +6.19438774e+06 +6.21906227e+06  2.47e+04   6.24e+00     5.47e-01   886.450s
1818000 +6.19437271e+06 +6.21903218e+06  2.47e+04   6.24e+00     5.47e-01   886.928s
1819000 +6.19436615e+06 +6.21899620e+06  2.46e+04   6.21e+00     5.48e-01   887.407s
1820000 +6.19435377e+06 +6.21897002e+06  2.46e+04   6.19e+00     5.46e-01   887.886s
1821000 +6.19433699e+06 +6.21893689e+06  2.46e+04   6.19e+00     5.46e-01   888.364s
1822000 +6.19432706e+06 +6.21890324e+06  2.46e+04   6.19e+00     5.46e-01   888.843s
1823000 +6.19431356e+06 +6.21886832e+06  2.46e+04   6.16e+00     5.44e-01   889.322s
1824000 +6.19430266e+06 +6.21884164e+06  2.45e+04   6.13e+00     5.44e-01   889.801s
1825000 +6.19429579e+06 +6.21882618e+06  2.45e+04   6.11e+00     5.45e-01   890.279s
1826000 +6.19428648e+06 +6.21879623e+06  2.45e+04   6.10e+00     5.45e-01   890.758s
1827000 +6.19427714e+06 +6.21876744e+06  2.45e+04   6.07e+00     5.44e-01   891.237s
1828000 +6.19427084e+06 +6.21873832e+06  2.45e+04   6.05e+00     5.44e-01   891.716s
1829000 +6.19426235e+06 +6.21870171e+06  2.44e+04   6.04e+00     5.43e-01   892.195s
1830000 +6.19424598e+06 +6.21866838e+06  2.44e+04   6.03e+00     5.42e-01   892.673s
1831000 +6.19423591e+06 +6.21862689e+06  2.44e+04   5.99e+00     5.41e-01   893.152s
1832000 +6.19422307e+06 +6.21858249e+06  2.44e+04   5.97e+00     5.40e-01   893.631s
1833000 +6.19420812e+06 +6.21854702e+06  2.43e+04   5.97e+00     5.40e-01   894.110s
1834000 +6.19418853e+06 +6.21850909e+06  2.43e+04   5.96e+00     5.40e-01   894.589s
1835000 +6.19416161e+06 +6.21848566e+06  2.43e+04   5.95e+00     5.41e-01   895.068s
1836000 +6.19413848e+06 +6.21846145e+06  2.43e+04   5.97e+00     5.40e-01   895.546s
1837000 +6.19411086e+06 +6.21843968e+06  2.43e+04   5.99e+00     5.39e-01   896.025s
1838000 +6.19408653e+06 +6.21841683e+06  2.43e+04   5.99e+00     5.38e-01   896.504s
1839000 +6.19406473e+06 +6.21839726e+06  2.43e+04   6.00e+00     5.37e-01   896.983s
1840000 +6.19404056e+06 +6.21837773e+06  2.43e+04   6.00e+00     5.37e-01   897.461s
1841000 +6.19402019e+06 +6.21835149e+06  2.43e+04   6.01e+00     5.36e-01   897.940s
1842000 +6.19400150e+06 +6.21832986e+06  2.43e+04   6.01e+00     5.36e-01   898.419s
1843000 +6.19398873e+06 +6.21831750e+06  2.43e+04   6.00e+00     5.36e-01   898.898s
1844000 +6.19397233e+06 +6.21828094e+06  2.43e+04   5.99e+00     5.36e-01   899.377s
1845000 +6.19394997e+06 +6.21825959e+06  2.43e+04   6.01e+00     5.35e-01   899.855s
1846000 +6.19393359e+06 +6.21822908e+06  2.43e+04   6.02e+00     5.34e-01   900.334s
1847000 +6.19392615e+06 +6.21821420e+06  2.43e+04   6.00e+00     5.34e-01   900.813s
1848000 +6.19391725e+06 +6.21818277e+06  2.43e+04   5.97e+00     5.33e-01   901.292s
1849000 +6.19390489e+06 +6.21815584e+06  2.43e+04   5.97e+00     5.31e-01   901.771s
1850000 +6.19389479e+06 +6.21813231e+06  2.42e+04   5.97e+00     5.31e-01   902.250s
1851000 +6.19388228e+06 +6.21811689e+06  2.42e+04   5.96e+00     5.30e-01   902.728s
1852000 +6.19387137e+06 +6.21809529e+06  2.42e+04   5.93e+00     5.30e-01   903.207s
1853000 +6.19385736e+06 +6.21807011e+06  2.42e+04   5.93e+00     5.29e-01   903.686s
1854000 +6.19383809e+06 +6.21804725e+06  2.42e+04   5.93e+00     5.29e-01   904.165s
1855000 +6.19382103e+06 +6.21802130e+06  2.42e+04   5.94e+00     5.28e-01   904.644s
1856000 +6.19380385e+06 +6.21800235e+06  2.42e+04   5.92e+00     5.27e-01   905.122s
1857000 +6.19378865e+06 +6.21798162e+06  2.42e+04   5.91e+00     5.27e-01   905.601s
1858000 +6.19377616e+06 +6.21795115e+06  2.42e+04   5.90e+00     5.27e-01   906.080s
1859000 +6.19376611e+06 +6.21792818e+06  2.42e+04   5.88e+00     5.26e-01   906.559s
1860000 +6.19375236e+06 +6.21790435e+06  2.42e+04   5.88e+00     5.25e-01   907.038s
1861000 +6.19374758e+06 +6.21789043e+06  2.41e+04   5.82e+00     5.25e-01   907.517s
1862000 +6.19373414e+06 +6.21786758e+06  2.41e+04   5.81e+00     5.25e-01   907.996s
1863000 +6.19371565e+06 +6.21783608e+06  2.41e+04   5.81e+00     5.24e-01   908.474s
1864000 +6.19370052e+06 +6.21780645e+06  2.41e+04   5.81e+00     5.22e-01   908.953s
1865000 +6.19368021e+06 +6.21777400e+06  2.41e+04   5.80e+00     5.23e-01   909.432s
1866000 +6.19366875e+06 +6.21773335e+06  2.41e+04   5.79e+00     5.22e-01   909.911s
1867000 +6.19365334e+06 +6.21769344e+06  2.40e+04   5.80e+00     5.21e-01   910.390s
1868000 +6.19364151e+06 +6.21766037e+06  2.40e+04   5.79e+00     5.20e-01   910.869s
1869000 +6.19363163e+06 +6.21763682e+06  2.40e+04   5.77e+00     5.21e-01   911.348s
1870000 +6.19361760e+06 +6.21762128e+06  2.40e+04   5.76e+00     5.19e-01   911.826s
1871000 +6.19360193e+06 +6.21759767e+06  2.40e+04   5.77e+00     5.20e-01   912.305s
1872000 +6.19358879e+06 +6.21757504e+06  2.40e+04   5.76e+00     5.19e-01   912.784s
1873000 +6.19357306e+06 +6.21754472e+06  2.40e+04   5.76e+00     5.18e-01   913.263s
1874000 +6.19356353e+06 +6.21752327e+06  2.40e+04   5.76e+00     5.18e-01   913.742s
1875000 +6.19355033e+06 +6.21749790e+06  2.39e+04   5.75e+00     5.18e-01   914.220s
1876000 +6.19354036e+06 +6.21745667e+06  2.39e+04   5.75e+00     5.18e-01   914.699s
1877000 +6.19352956e+06 +6.21742751e+06  2.39e+04   5.75e+00     5.17e-01   915.178s
1878000 +6.19351574e+06 +6.21740098e+06  2.39e+04   5.74e+00     5.16e-01   915.657s
1879000 +6.19349921e+06 +6.21738465e+06  2.39e+04   5.75e+00     5.17e-01   916.136s
1880000 +6.19347915e+06 +6.21736485e+06  2.39e+04   5.76e+00     5.16e-01   916.615s
1881000 +6.19347074e+06 +6.21734700e+06  2.39e+04   5.74e+00     5.16e-01   917.093s
1882000 +6.19345452e+06 +6.21731873e+06  2.39e+04   5.73e+00     5.15e-01   917.572s
1883000 +6.19344573e+06 +6.21730067e+06  2.39e+04   5.72e+00     5.15e-01   918.051s
1884000 +6.19342535e+06 +6.21727888e+06  2.39e+04   5.72e+00     5.14e-01   918.530s
1885000 +6.19340948e+06 +6.21725088e+06  2.38e+04   5.71e+00     5.14e-01   919.009s
1886000 +6.19338721e+06 +6.21722161e+06  2.38e+04   5.72e+00     5.14e-01   919.487s
1887000 +6.19337503e+06 +6.21719859e+06  2.38e+04   5.72e+00     5.13e-01   919.966s
1888000 +6.19336195e+06 +6.21717207e+06  2.38e+04   5.70e+00     5.12e-01   920.445s
1889000 +6.19334570e+06 +6.21714656e+06  2.38e+04   5.70e+00     5.12e-01   920.924s
1890000 +6.19332973e+06 +6.21712650e+06  2.38e+04   5.68e+00     5.12e-01   921.403s
1891000 +6.19330694e+06 +6.21711059e+06  2.38e+04   5.68e+00     5.12e-01   921.882s
1892000 +6.19328703e+06 +6.21709180e+06  2.38e+04   5.68e+00     5.12e-01   922.360s
1893000 +6.19326787e+06 +6.21707288e+06  2.38e+04   5.69e+00     5.12e-01   922.839s
1894000 +6.19324272e+06 +6.21706221e+06  2.38e+04   5.68e+00     5.10e-01   923.318s
1895000 +6.19321784e+06 +6.21703412e+06  2.38e+04   5.69e+00     5.10e-01   923.797s
1896000 +6.19319898e+06 +6.21701624e+06  2.38e+04   5.70e+00     5.09e-01   924.276s
1897000 +6.19318343e+06 +6.21699805e+06  2.38e+04   5.70e+00     5.10e-01   924.755s
1898000 +6.19316396e+06 +6.21697571e+06  2.38e+04   5.70e+00     5.09e-01   925.234s
1899000 +6.19314548e+06 +6.21695495e+06  2.38e+04   5.71e+00     5.08e-01   925.712s
1900000 +6.19313287e+06 +6.21694096e+06  2.38e+04   5.70e+00     5.08e-01   926.191s
1901000 +6.19311664e+06 +6.21691932e+06  2.38e+04   5.71e+00     5.07e-01   926.670s
1902000 +6.19310424e+06 +6.21689416e+06  2.38e+04   5.70e+00     5.07e-01   927.149s
1903000 +6.19310332e+06 +6.21686594e+06  2.38e+04   5.67e+00     5.06e-01   927.628s
1904000 +6.19309475e+06 +6.21684371e+06  2.37e+04   5.67e+00     5.06e-01   928.107s
1905000 +6.19308457e+06 +6.21682176e+06  2.37e+04   5.67e+00     5.05e-01   928.586s
1906000 +6.19308054e+06 +6.21679536e+06  2.37e+04   5.65e+00     5.05e-01   929.064s
1907000 +6.19307389e+06 +6.21676543e+06  2.37e+04   5.64e+00     5.05e-01   929.543s
1908000 +6.19305724e+06 +6.21674108e+06  2.37e+04   5.65e+00     5.04e-01   930.022s
1909000 +6.19304934e+06 +6.21671921e+06  2.37e+04   5.65e+00     5.03e-01   930.500s
1910000 +6.19303117e+06 +6.21669034e+06  2.37e+04   5.64e+00     5.02e-01   930.979s
1911000 +6.19300821e+06 +6.21666437e+06  2.37e+04   5.66e+00     5.03e-01   931.458s
1912000 +6.19298386e+06 +6.21663826e+06  2.37e+04   5.67e+00     5.01e-01   931.937s
1913000 +6.19296496e+06 +6.21661204e+06  2.36e+04   5.67e+00     5.02e-01   932.416s
1914000 +6.19295048e+06 +6.21659319e+06  2.36e+04   5.65e+00     5.01e-01   932.895s
1915000 +6.19293570e+06 +6.21657465e+06  2.36e+04   5.66e+00     5.01e-01   933.373s
1916000 +6.19292365e+06 +6.21654836e+06  2.36e+04   5.66e+00     5.01e-01   933.852s
1917000 +6.19291233e+06 +6.21653427e+06  2.36e+04   5.64e+00     5.01e-01   934.331s
1918000 +6.19289902e+06 +6.21651297e+06  2.36e+04   5.64e+00     4.99e-01   934.810s
1919000 +6.19288397e+06 +6.21648924e+06  2.36e+04   5.65e+00     4.98e-01   935.289s
1920000 +6.19287573e+06 +6.21647112e+06  2.36e+04   5.63e+00     4.98e-01   935.768s
1921000 +6.19287227e+06 +6.21645261e+06  2.36e+04   5.59e+00     4.98e-01   936.246s
1922000 +6.19285633e+06 +6.21644328e+06  2.36e+04   5.59e+00     4.98e-01   936.725s
1923000 +6.19284290e+06 +6.21642039e+06  2.36e+04   5.59e+00     4.98e-01   937.204s
1924000 +6.19282628e+06 +6.21640334e+06  2.36e+04   5.57e+00     4.98e-01   937.683s
1925000 +6.19281057e+06 +6.21638999e+06  2.36e+04   5.56e+00     4.98e-01   938.162s
1926000 +6.19280401e+06 +6.21637660e+06  2.36e+04   5.56e+00     4.97e-01   938.641s
1927000 +6.19279640e+06 +6.21635988e+06  2.36e+04   5.54e+00     4.96e-01   939.119s
1928000 +6.19278300e+06 +6.21633940e+06  2.36e+04   5.51e+00     4.97e-01   939.598s
1929000 +6.19277383e+06 +6.21632352e+06  2.35e+04   5.50e+00     4.96e-01   940.077s
1930000 +6.19275921e+06 +6.21630593e+06  2.35e+04   5.51e+00     4.95e-01   940.556s
1931000 +6.19274757e+06 +6.21628627e+06  2.35e+04   5.50e+00     4.95e-01   941.035s
1932000 +6.19273437e+06 +6.21627291e+06  2.35e+04   5.48e+00     4.94e-01   941.513s
1933000 +6.19272596e+06 +6.21625495e+06  2.35e+04   5.46e+00     4.93e-01   941.992s
1934000 +6.19271281e+06 +6.21623597e+06  2.35e+04   5.47e+00     4.92e-01   942.471s
1935000 +6.19269954e+06 +6.21620231e+06  2.35e+04   5.47e+00     4.93e-01   942.950s
1936000 +6.19268533e+06 +6.21616965e+06  2.35e+04   5.46e+00     4.93e-01   943.429s
1937000 +6.19266944e+06 +6.21614272e+06  2.35e+04   5.48e+00     4.93e-01   943.908s
1938000 +6.19266402e+06 +6.21612079e+06  2.35e+04   5.48e+00     4.92e-01   944.386s
1939000 +6.19264987e+06 +6.21609970e+06  2.34e+04   5.48e+00     4.92e-01   944.865s
1940000 +6.19264230e+06 +6.21607550e+06  2.34e+04   5.47e+00     4.92e-01   945.344s
1941000 +6.19263100e+06 +6.21605070e+06  2.34e+04   5.47e+00     4.91e-01   945.823s
1942000 +6.19261636e+06 +6.21602036e+06  2.34e+04   5.47e+00     4.90e-01   946.301s
1943000 +6.19260279e+06 +6.21599829e+06  2.34e+04   5.46e+00     4.90e-01   946.780s
1944000 +6.19257893e+06 +6.21597353e+06  2.34e+04   5.47e+00     4.89e-01   947.259s
1945000 +6.19256653e+06 +6.21595407e+06  2.34e+04   5.47e+00     4.89e-01   947.738s
1946000 +6.19255371e+06 +6.21593032e+06  2.34e+04   5.46e+00     4.88e-01   948.217s
1947000 +6.19253376e+06 +6.21591135e+06  2.34e+04   5.44e+00     4.88e-01   948.695s
1948000 +6.19252344e+06 +6.21588775e+06  2.34e+04   5.45e+00     4.88e-01   949.174s
1949000 +6.19250954e+06 +6.21586696e+06  2.34e+04   5.46e+00     4.87e-01   949.653s
1950000 +6.19250073e+06 +6.21584650e+06  2.33e+04   5.44e+00     4.86e-01   950.132s
1951000 +6.19248714e+06 +6.21582738e+06  2.33e+04   5.43e+00     4.85e-01   950.611s
1952000 +6.19247956e+06 +6.21580249e+06  2.33e+04   5.42e+00     4.85e-01   951.090s
1953000 +6.19247096e+06 +6.21578453e+06  2.33e+04   5.41e+00     4.84e-01   951.568s
1954000 +6.19246102e+06 +6.21575834e+06  2.33e+04   5.39e+00     4.84e-01   952.047s
1955000 +6.19244037e+06 +6.21573951e+06  2.33e+04   5.39e+00     4.84e-01   952.526s
1956000 +6.19243337e+06 +6.21572160e+06  2.33e+04   5.38e+00     4.84e-01   953.005s
1957000 +6.19242242e+06 +6.21570977e+06  2.33e+04   5.38e+00     4.84e-01   953.484s
1958000 +6.19241388e+06 +6.21569429e+06  2.33e+04   5.37e+00     4.82e-01   953.962s
1959000 +6.19240529e+06 +6.21567607e+06  2.33e+04   5.34e+00     4.82e-01   954.441s
1960000 +6.19239240e+06 +6.21565683e+06  2.33e+04   5.34e+00     4.81e-01   954.920s
1961000 +6.19238432e+06 +6.21563670e+06  2.33e+04   5.33e+00     4.80e-01   955.399s
1962000 +6.19237628e+06 +6.21561543e+06  2.32e+04   5.31e+00     4.81e-01   955.877s
1963000 +6.19236802e+06 +6.21559680e+06  2.32e+04   5.30e+00     4.81e-01   956.356s
1964000 +6.19235895e+06 +6.21557338e+06  2.32e+04   5.29e+00     4.81e-01   956.835s
1965000 +6.19234596e+06 +6.21555483e+06  2.32e+04   5.29e+00     4.80e-01   957.314s
1966000 +6.19233221e+06 +6.21554073e+06  2.32e+04   5.27e+00     4.79e-01   957.793s
1967000 +6.19232269e+06 +6.21551969e+06  2.32e+04   5.28e+00     4.80e-01   958.271s
1968000 +6.19231215e+06 +6.21549446e+06  2.32e+04   5.27e+00     4.79e-01   958.750s
1969000 +6.19230735e+06 +6.21547696e+06  2.32e+04   5.25e+00     4.78e-01   959.229s
1970000 +6.19230206e+06 +6.21545918e+06  2.32e+04   5.25e+00     4.77e-01   959.708s
1971000 +6.19229964e+06 +6.21543019e+06  2.31e+04   5.24e+00     4.76e-01   960.187s
1972000 +6.19229268e+06 +6.21539904e+06  2.31e+04   5.22e+00     4.76e-01   960.666s
1973000 +6.19228427e+06 +6.21537510e+06  2.31e+04   5.22e+00     4.76e-01   961.144s
1974000 +6.19227831e+06 +6.21535689e+06  2.31e+04   5.21e+00     4.75e-01   961.623s
1975000 +6.19226530e+06 +6.21533379e+06  2.31e+04   5.20e+00     4.75e-01   962.102s
1976000 +6.19225569e+06 +6.21530947e+06  2.31e+04   5.19e+00     4.75e-01   962.580s
1977000 +6.19224489e+06 +6.21528716e+06  2.30e+04   5.20e+00     4.74e-01   963.059s
1978000 +6.19223281e+06 +6.21526914e+06  2.30e+04   5.20e+00     4.74e-01   963.538s
1979000 +6.19222468e+06 +6.21525128e+06  2.30e+04   5.19e+00     4.74e-01   964.017s
1980000 +6.19221210e+06 +6.21523948e+06  2.30e+04   5.19e+00     4.74e-01   964.495s
1981000 +6.19220121e+06 +6.21522246e+06  2.30e+04   5.18e+00     4.73e-01   964.974s
1982000 +6.19218565e+06 +6.21520855e+06  2.30e+04   5.17e+00     4.72e-01   965.453s
1983000 +6.19217044e+06 +6.21519294e+06  2.30e+04   5.17e+00     4.73e-01   965.932s
1984000 +6.19215731e+06 +6.21517153e+06  2.30e+04   5.17e+00     4.72e-01   966.411s
1985000 +6.19214728e+06 +6.21515415e+06  2.30e+04   5.16e+00     4.72e-01   966.890s
1986000 +6.19213562e+06 +6.21513535e+06  2.30e+04   5.16e+00     4.71e-01   967.369s
1987000 +6.19212166e+06 +6.21510956e+06  2.30e+04   5.16e+00     4.70e-01   967.847s
1988000 +6.19210756e+06 +6.21509433e+06  2.30e+04   5.14e+00     4.70e-01   968.326s
1989000 +6.19209416e+06 +6.21506979e+06  2.30e+04   5.14e+00     4.69e-01   968.805s
1990000 +6.19207752e+06 +6.21504399e+06  2.30e+04   5.15e+00     4.68e-01   969.284s
1991000 +6.19206203e+06 +6.21502104e+06  2.30e+04   5.15e+00     4.69e-01   969.762s
1992000 +6.19205012e+06 +6.21500132e+06  2.30e+04   5.14e+00     4.68e-01   970.241s
1993000 +6.19203815e+06 +6.21498702e+06  2.29e+04   5.14e+00     4.67e-01   970.720s
1994000 +6.19203205e+06 +6.21496658e+06  2.29e+04   5.13e+00     4.66e-01   971.199s
1995000 +6.19202214e+06 +6.21494991e+06  2.29e+04   5.12e+00     4.66e-01   971.678s
1996000 +6.19200797e+06 +6.21493142e+06  2.29e+04   5.12e+00     4.66e-01   972.156s
1997000 +6.19199675e+06 +6.21491172e+06  2.29e+04   5.13e+00     4.65e-01   972.635s
1998000 +6.19198181e+06 +6.21488443e+06  2.29e+04   5.13e+00     4.65e-01   973.114s
1999000 +6.19196930e+06 +6.21485971e+06  2.29e+04   5.13e+00     4.65e-01   973.593s
2000000 +6.19195784e+06 +6.21484368e+06  2.29e+04   5.12e+00     4.64e-01   974.072s
2001000 +6.19195069e+06 +6.21482001e+06  2.29e+04   5.12e+00     4.65e-01   974.550s
2002000 +6.19194521e+06 +6.21480246e+06  2.29e+04   5.11e+00     4.64e-01   975.029s
2003000 +6.19192977e+06 +6.21478882e+06  2.29e+04   5.10e+00     4.63e-01   975.508s
2004000 +6.19191850e+06 +6.21477217e+06  2.29e+04   5.09e+00     4.63e-01   975.987s
2005000 +6.19190948e+06 +6.21475368e+06  2.28e+04   5.10e+00     4.63e-01   976.465s
2006000 +6.19189834e+06 +6.21474275e+06  2.28e+04   5.11e+00     4.63e-01   976.944s
2007000 +6.19188293e+06 +6.21472129e+06  2.28e+04   5.11e+00     4.62e-01   977.423s
2008000 +6.19187070e+06 +6.21470001e+06  2.28e+04   5.11e+00     4.62e-01   977.902s
2009000 +6.19185934e+06 +6.21468650e+06  2.28e+04   5.12e+00     4.62e-01   978.380s
2010000 +6.19185095e+06 +6.21467418e+06  2.28e+04   5.11e+00     4.62e-01   978.859s
2011000 +6.19183670e+06 +6.21465848e+06  2.28e+04   5.10e+00     4.61e-01   979.338s
2012000 +6.19182786e+06 +6.21464449e+06  2.28e+04   5.10e+00     4.60e-01   979.817s
2013000 +6.19181553e+06 +6.21462231e+06  2.28e+04   5.10e+00     4.60e-01   980.296s
2014000 +6.19180032e+06 +6.21460070e+06  2.28e+04   5.10e+00     4.60e-01   980.774s
2015000 +6.19178913e+06 +6.21457761e+06  2.28e+04   5.09e+00     4.60e-01   981.253s
2016000 +6.19177638e+06 +6.21455934e+06  2.28e+04   5.08e+00     4.59e-01   981.732s
2017000 +6.19176269e+06 +6.21454162e+06  2.28e+04   5.08e+00     4.59e-01   982.211s
2018000 +6.19175232e+06 +6.21452387e+06  2.28e+04   5.08e+00     4.59e-01   982.689s
2019000 +6.19174425e+06 +6.21451524e+06  2.28e+04   5.06e+00     4.58e-01   983.168s
2020000 +6.19174124e+06 +6.21450482e+06  2.28e+04   5.05e+00     4.59e-01   983.647s
2021000 +6.19173788e+06 +6.21448254e+06  2.27e+04   5.04e+00     4.58e-01   984.126s
2022000 +6.19172376e+06 +6.21445889e+06  2.27e+04   5.04e+00     4.58e-01   984.605s
2023000 +6.19170915e+06 +6.21444680e+06  2.27e+04   5.04e+00     4.57e-01   985.084s
2024000 +6.19169794e+06 +6.21443219e+06  2.27e+04   5.03e+00     4.57e-01   985.562s
2025000 +6.19169018e+06 +6.21441653e+06  2.27e+04   5.01e+00     4.57e-01   986.041s
2026000 +6.19168019e+06 +6.21439894e+06  2.27e+04   5.01e+00     4.57e-01   986.520s
2027000 +6.19166744e+06 +6.21438187e+06  2.27e+04   5.01e+00     4.56e-01   986.999s
2028000 +6.19165558e+06 +6.21436855e+06  2.27e+04   5.01e+00     4.56e-01   987.478s
2029000 +6.19164656e+06 +6.21435104e+06  2.27e+04   4.99e+00     4.55e-01   987.956s
2030000 +6.19163627e+06 +6.21433555e+06  2.27e+04   5.00e+00     4.55e-01   988.435s
2031000 +6.19162478e+06 +6.21431933e+06  2.27e+04   4.99e+00     4.55e-01   988.914s
2032000 +6.19161477e+06 +6.21430190e+06  2.27e+04   4.97e+00     4.54e-01   989.393s
2033000 +6.19160522e+06 +6.21428596e+06  2.27e+04   4.97e+00     4.54e-01   989.872s
2034000 +6.19159467e+06 +6.21427522e+06  2.27e+04   4.97e+00     4.54e-01   990.351s
2035000 +6.19158820e+06 +6.21426443e+06  2.27e+04   4.96e+00     4.53e-01   990.829s
2036000 +6.19158690e+06 +6.21424852e+06  2.27e+04   4.95e+00     4.52e-01   991.308s
2037000 +6.19157912e+06 +6.21423082e+06  2.27e+04   4.94e+00     4.52e-01   991.787s
2038000 +6.19156860e+06 +6.21420827e+06  2.26e+04   4.93e+00     4.52e-01   992.266s
2039000 +6.19155984e+06 +6.21418827e+06  2.26e+04   4.93e+00     4.52e-01   992.745s
2040000 +6.19155140e+06 +6.21416426e+06  2.26e+04   4.93e+00     4.52e-01   993.223s
2041000 +6.19154425e+06 +6.21414318e+06  2.26e+04   4.92e+00     4.52e-01   993.702s
2042000 +6.19154224e+06 +6.21413078e+06  2.26e+04   4.90e+00     4.51e-01   994.181s
2043000 +6.19153534e+06 +6.21411641e+06  2.26e+04   4.90e+00     4.52e-01   994.660s
2044000 +6.19152759e+06 +6.21410616e+06  2.26e+04   4.88e+00     4.51e-01   995.138s
2045000 +6.19152345e+06 +6.21409818e+06  2.26e+04   4.87e+00     4.51e-01   995.617s
2046000 +6.19151505e+06 +6.21408452e+06  2.26e+04   4.87e+00     4.51e-01   996.096s
2047000 +6.19151009e+06 +6.21406509e+06  2.26e+04   4.85e+00     4.51e-01   996.575s
2048000 +6.19150740e+06 +6.21404509e+06  2.25e+04   4.83e+00     4.50e-01   997.053s
2049000 +6.19150179e+06 +6.21402654e+06  2.25e+04   4.82e+00     4.50e-01   997.532s
2050000 +6.19149646e+06 +6.21401421e+06  2.25e+04   4.80e+00     4.49e-01   998.011s
2051000 +6.19149076e+06 +6.21399595e+06  2.25e+04   4.78e+00     4.49e-01   998.490s
2052000 +6.19148792e+06 +6.21397763e+06  2.25e+04   4.76e+00     4.48e-01   998.969s
2053000 +6.19148058e+06 +6.21395776e+06  2.25e+04   4.76e+00     4.48e-01   999.447s
2054000 +6.19147307e+06 +6.21394428e+06  2.25e+04   4.74e+00     4.48e-01   999.926s
2055000 +6.19147198e+06 +6.21392782e+06  2.25e+04   4.72e+00     4.47e-01   1000.405s
2056000 +6.19147047e+06 +6.21390740e+06  2.24e+04   4.70e+00     4.47e-01   1000.884s
2057000 +6.19146249e+06 +6.21389100e+06  2.24e+04   4.69e+00     4.47e-01   1001.363s
2058000 +6.19145124e+06 +6.21387277e+06  2.24e+04   4.68e+00     4.47e-01   1001.841s
2059000 +6.19144246e+06 +6.21385866e+06  2.24e+04   4.68e+00     4.48e-01   1002.320s
2060000 +6.19143650e+06 +6.21384388e+06  2.24e+04   4.67e+00     4.47e-01   1002.799s
2061000 +6.19142944e+06 +6.21383025e+06  2.24e+04   4.66e+00     4.47e-01   1003.277s
2062000 +6.19142660e+06 +6.21381177e+06  2.24e+04   4.65e+00     4.46e-01   1003.756s
2063000 +6.19142088e+06 +6.21379888e+06  2.24e+04   4.63e+00     4.46e-01   1004.235s
2064000 +6.19142020e+06 +6.21378710e+06  2.24e+04   4.61e+00     4.46e-01   1004.714s
2065000 +6.19141835e+06 +6.21377537e+06  2.24e+04   4.60e+00     4.45e-01   1005.193s
2066000 +6.19141421e+06 +6.21376325e+06  2.23e+04   4.59e+00     4.46e-01   1005.671s
2067000 +6.19140485e+06 +6.21375675e+06  2.24e+04   4.58e+00     4.45e-01   1006.150s
2068000 +6.19139749e+06 +6.21374620e+06  2.23e+04   4.58e+00     4.45e-01   1006.629s
2069000 +6.19139142e+06 +6.21372094e+06  2.23e+04   4.57e+00     4.44e-01   1007.108s
2070000 +6.19138980e+06 +6.21369622e+06  2.23e+04   4.56e+00     4.44e-01   1007.587s
2071000 +6.19138730e+06 +6.21367400e+06  2.23e+04   4.55e+00     4.44e-01   1008.066s
2072000 +6.19137991e+06 +6.21365801e+06  2.23e+04   4.53e+00     4.44e-01   1008.545s
2073000 +6.19138141e+06 +6.21364246e+06  2.23e+04   4.51e+00     4.44e-01   1009.023s
2074000 +6.19137187e+06 +6.21362588e+06  2.23e+04   4.51e+00     4.43e-01   1009.502s
2075000 +6.19136155e+06 +6.21360692e+06  2.22e+04   4.51e+00     4.43e-01   1009.981s
2076000 +6.19135314e+06 +6.21358834e+06  2.22e+04   4.49e+00     4.43e-01   1010.460s
2077000 +6.19134786e+06 +6.21357526e+06  2.22e+04   4.49e+00     4.42e-01   1010.939s
2078000 +6.19134786e+06 +6.21355982e+06  2.22e+04   4.48e+00     4.42e-01   1011.418s
2079000 +6.19134616e+06 +6.21354906e+06  2.22e+04   4.45e+00     4.42e-01   1011.896s
2080000 +6.19134307e+06 +6.21352759e+06  2.22e+04   4.44e+00     4.42e-01   1012.375s
2081000 +6.19134027e+06 +6.21351021e+06  2.22e+04   4.43e+00     4.41e-01   1012.854s
2082000 +6.19134017e+06 +6.21349607e+06  2.22e+04   4.41e+00     4.41e-01   1013.333s
2083000 +6.19134195e+06 +6.21347936e+06  2.21e+04   4.38e+00     4.40e-01   1013.812s
2084000 +6.19134136e+06 +6.21346904e+06  2.21e+04   4.36e+00     4.40e-01   1014.290s
2085000 +6.19133842e+06 +6.21346186e+06  2.21e+04   4.35e+00     4.40e-01   1014.769s
2086000 +6.19133075e+06 +6.21345339e+06  2.21e+04   4.34e+00     4.40e-01   1015.248s
2087000 +6.19132238e+06 +6.21344111e+06  2.21e+04   4.33e+00     4.39e-01   1015.727s
2088000 +6.19131673e+06 +6.21341853e+06  2.21e+04   4.32e+00     4.39e-01   1016.205s
2089000 +6.19131265e+06 +6.21339951e+06  2.21e+04   4.31e+00     4.38e-01   1016.684s
2090000 +6.19131306e+06 +6.21337698e+06  2.21e+04   4.29e+00     4.38e-01   1017.163s
2091000 +6.19131180e+06 +6.21336354e+06  2.21e+04   4.27e+00     4.38e-01   1017.642s
2092000 +6.19131141e+06 +6.21334666e+06  2.20e+04   4.25e+00     4.37e-01   1018.120s
2093000 +6.19130865e+06 +6.21333542e+06  2.20e+04   4.25e+00     4.36e-01   1018.599s
2094000 +6.19130370e+06 +6.21332316e+06  2.20e+04   4.23e+00     4.37e-01   1019.078s
2095000 +6.19129809e+06 +6.21330855e+06  2.20e+04   4.21e+00     4.37e-01   1019.557s
2096000 +6.19129176e+06 +6.21329669e+06  2.20e+04   4.21e+00     4.35e-01   1020.036s
2097000 +6.19128281e+06 +6.21328091e+06  2.20e+04   4.21e+00     4.36e-01   1020.515s
2098000 +6.19128008e+06 +6.21326209e+06  2.20e+04   4.19e+00     4.36e-01   1020.994s
2099000 +6.19127294e+06 +6.21324582e+06  2.20e+04   4.18e+00     4.35e-01   1021.472s
2100000 +6.19126879e+06 +6.21322642e+06  2.20e+04   4.18e+00     4.35e-01   1021.951s
2101000 +6.19126681e+06 +6.21320860e+06  2.19e+04   4.16e+00     4.34e-01   1022.430s
2102000 +6.19126377e+06 +6.21318449e+06  2.19e+04   4.14e+00     4.34e-01   1022.909s
2103000 +6.19125821e+06 +6.21316025e+06  2.19e+04   4.13e+00     4.33e-01   1023.388s
2104000 +6.19125371e+06 +6.21314641e+06  2.19e+04   4.12e+00     4.33e-01   1023.867s
2105000 +6.19124915e+06 +6.21313937e+06  2.19e+04   4.11e+00     4.33e-01   1024.346s
2106000 +6.19124473e+06 +6.21312904e+06  2.19e+04   4.09e+00     4.33e-01   1024.824s
2107000 +6.19123803e+06 +6.21311463e+06  2.19e+04   4.09e+00     4.32e-01   1025.303s
2108000 +6.19122856e+06 +6.21310323e+06  2.19e+04   4.08e+00     4.32e-01   1025.782s
2109000 +6.19122566e+06 +6.21309047e+06  2.19e+04   4.08e+00     4.32e-01   1026.261s
2110000 +6.19122196e+06 +6.21307271e+06  2.19e+04   4.07e+00     4.32e-01   1026.740s
2111000 +6.19121537e+06 +6.21305750e+06  2.18e+04   4.06e+00     4.32e-01   1027.218s
2112000 +6.19121523e+06 +6.21303943e+06  2.18e+04   4.04e+00     4.32e-01   1027.697s
2113000 +6.19120657e+06 +6.21301942e+06  2.18e+04   4.04e+00     4.31e-01   1028.176s
2114000 +6.19120031e+06 +6.21300782e+06  2.18e+04   4.03e+00     4.31e-01   1028.655s
2115000 +6.19119243e+06 +6.21299483e+06  2.18e+04   4.02e+00     4.32e-01   1029.134s
2116000 +6.19118286e+06 +6.21298653e+06  2.18e+04   4.01e+00     4.31e-01   1029.612s
2117000 +6.19117192e+06 +6.21298094e+06  2.18e+04   4.01e+00     4.31e-01   1030.091s
2118000 +6.19116010e+06 +6.21296818e+06  2.18e+04   4.01e+00     4.30e-01   1030.570s
2119000 +6.19115549e+06 +6.21295151e+06  2.18e+04   4.00e+00     4.30e-01   1031.049s
2120000 +6.19114991e+06 +6.21293160e+06  2.18e+04   3.99e+00     4.29e-01   1031.528s
2121000 +6.19114276e+06 +6.21291602e+06  2.18e+04   3.97e+00     4.29e-01   1032.006s
2122000 +6.19113617e+06 +6.21290614e+06  2.18e+04   3.97e+00     4.30e-01   1032.485s
2123000 +6.19112750e+06 +6.21288231e+06  2.18e+04   3.97e+00     4.29e-01   1032.964s
2124000 +6.19111129e+06 +6.21286415e+06  2.18e+04   3.97e+00     4.29e-01   1033.443s
2125000 +6.19110136e+06 +6.21285064e+06  2.17e+04   3.96e+00     4.29e-01   1033.922s
2126000 +6.19109659e+06 +6.21284375e+06  2.17e+04   3.95e+00     4.28e-01   1034.401s
2127000 +6.19108999e+06 +6.21283347e+06  2.17e+04   3.95e+00     4.28e-01   1034.880s
2128000 +6.19108045e+06 +6.21281953e+06  2.17e+04   3.95e+00     4.28e-01   1035.359s
2129000 +6.19107312e+06 +6.21280474e+06  2.17e+04   3.94e+00     4.27e-01   1035.837s
2130000 +6.19106354e+06 +6.21279204e+06  2.17e+04   3.94e+00     4.28e-01   1036.316s
2131000 +6.19105495e+06 +6.21277722e+06  2.17e+04   3.95e+00     4.27e-01   1036.795s
2132000 +6.19104836e+06 +6.21276701e+06  2.17e+04   3.93e+00     4.27e-01   1037.273s
2133000 +6.19104047e+06 +6.21275978e+06  2.17e+04   3.93e+00     4.26e-01   1037.752s
2134000 +6.19103421e+06 +6.21274396e+06  2.17e+04   3.93e+00     4.26e-01   1038.231s
2135000 +6.19103107e+06 +6.21272849e+06  2.17e+04   3.92e+00     4.26e-01   1038.710s
2136000 +6.19102295e+06 +6.21271886e+06  2.17e+04   3.92e+00     4.26e-01   1039.189s
2137000 +6.19101870e+06 +6.21270081e+06  2.17e+04   3.91e+00     4.25e-01   1039.668s
2138000 +6.19100873e+06 +6.21268784e+06  2.17e+04   3.91e+00     4.25e-01   1040.146s
2139000 +6.19100306e+06 +6.21267383e+06  2.17e+04   3.91e+00     4.24e-01   1040.625s
2140000 +6.19099694e+06 +6.21266064e+06  2.17e+04   3.90e+00     4.24e-01   1041.104s
2141000 +6.19099586e+06 +6.21264350e+06  2.16e+04   3.89e+00     4.24e-01   1041.583s
2142000 +6.19098983e+06 +6.21262447e+06  2.16e+04   3.89e+00     4.24e-01   1042.062s
2143000 +6.19098239e+06 +6.21260796e+06  2.16e+04   3.89e+00     4.23e-01   1042.541s
2144000 +6.19097626e+06 +6.21259800e+06  2.16e+04   3.88e+00     4.23e-01   1043.019s
2145000 +6.19096599e+06 +6.21258880e+06  2.16e+04   3.87e+00     4.23e-01   1043.498s
2146000 +6.19095978e+06 +6.21257840e+06  2.16e+04   3.87e+00     4.22e-01   1043.977s
2147000 +6.19095277e+06 +6.21256417e+06  2.16e+04   3.86e+00     4.22e-01   1044.456s
2148000 +6.19094436e+06 +6.21255275e+06  2.16e+04   3.85e+00     4.23e-01   1044.934s
2149000 +6.19094364e+06 +6.21253713e+06  2.16e+04   3.84e+00     4.22e-01   1045.413s
2150000 +6.19094180e+06 +6.21252935e+06  2.16e+04   3.82e+00     4.22e-01   1045.892s
2151000 +6.19093409e+06 +6.21251798e+06  2.16e+04   3.81e+00     4.22e-01   1046.371s
2152000 +6.19092961e+06 +6.21250572e+06  2.16e+04   3.79e+00     4.21e-01   1046.850s
2153000 +6.19092395e+06 +6.21249557e+06  2.16e+04   3.78e+00     4.22e-01   1047.328s
2154000 +6.19104553e+06 +6.21233149e+06  2.13e+04   3.81e+00     4.21e-01   1047.808s
2155000 +6.19155942e+06 +6.21196536e+06  2.04e+04   4.12e+00     4.19e-01   1048.287s
2156000 +6.19217500e+06 +6.21151035e+06  1.93e+04   4.88e+00     4.16e-01   1048.765s
2157000 +6.19274216e+06 +6.21111359e+06  1.84e+04   5.81e+00     4.12e-01   1049.244s
2158000 +6.19324234e+06 +6.21067584e+06  1.74e+04   6.75e+00     4.08e-01   1049.723s
2159000 +6.19371384e+06 +6.21022181e+06  1.65e+04   7.96e+00     4.03e-01   1050.202s
2160000 +6.19409525e+06 +6.20974506e+06  1.56e+04   8.96e+00     3.98e-01   1050.681s
2161000 +6.19434789e+06 +6.20927897e+06  1.49e+04   9.79e+00     3.92e-01   1051.159s
2162000 +6.19455833e+06 +6.20880712e+06  1.42e+04   1.09e+01     3.87e-01   1051.638s
2163000 +6.19487193e+06 +6.20834767e+06  1.35e+04   1.17e+01     3.81e-01   1052.117s
2164000 +6.19488316e+06 +6.20790583e+06  1.30e+04   1.23e+01     3.74e-01   1052.596s
2165000 +6.19508408e+06 +6.20747005e+06  1.24e+04   1.30e+01     3.69e-01   1053.075s
2166000 +6.19508531e+06 +6.20705344e+06  1.20e+04   1.36e+01     3.62e-01   1053.554s
2167000 +6.19515836e+06 +6.20665271e+06  1.15e+04   1.40e+01     3.55e-01   1054.033s
2168000 +6.19478829e+06 +6.20629046e+06  1.15e+04   1.46e+01     3.50e-01   1054.512s
2169000 +6.19456577e+06 +6.20593913e+06  1.14e+04   1.49e+01     3.43e-01   1054.991s
2170000 +6.19438141e+06 +6.20557739e+06  1.12e+04   1.53e+01     3.38e-01   1055.470s
2171000 +6.19412657e+06 +6.20523033e+06  1.11e+04   1.54e+01     3.31e-01   1055.949s
2172000 +6.19405289e+06 +6.20487064e+06  1.08e+04   1.57e+01     3.26e-01   1056.428s
2173000 +6.19369464e+06 +6.20454156e+06  1.08e+04   1.58e+01     3.20e-01   1056.907s
2174000 +6.19358031e+06 +6.20423424e+06  1.07e+04   1.58e+01     3.15e-01   1057.386s
2175000 +6.19328434e+06 +6.20395525e+06  1.07e+04   1.61e+01     3.10e-01   1057.865s
2176000 +6.19299781e+06 +6.20368945e+06  1.07e+04   1.62e+01     3.07e-01   1058.343s
2177000 +6.19275679e+06 +6.20343482e+06  1.07e+04   1.62e+01     3.02e-01   1058.822s
2178000 +6.19247268e+06 +6.20317404e+06  1.07e+04   1.64e+01     2.97e-01   1059.301s
2179000 +6.19230852e+06 +6.20292722e+06  1.06e+04   1.65e+01     2.94e-01   1059.780s
2180000 +6.19210439e+06 +6.20270537e+06  1.06e+04   1.63e+01     2.90e-01   1060.259s
2181000 +6.19196633e+06 +6.20247409e+06  1.05e+04   1.64e+01     2.87e-01   1060.738s
2182000 +6.19174581e+06 +6.20225977e+06  1.05e+04   1.64e+01     2.84e-01   1061.217s
2183000 +6.19152645e+06 +6.20204763e+06  1.05e+04   1.65e+01     2.80e-01   1061.696s
2184000 +6.19141802e+06 +6.20184960e+06  1.04e+04   1.61e+01     2.77e-01   1062.175s
2185000 +6.19129775e+06 +6.20167101e+06  1.04e+04   1.59e+01     2.75e-01   1062.654s
2186000 +6.19105752e+06 +6.20148581e+06  1.04e+04   1.57e+01     2.72e-01   1063.133s
2187000 +6.19099430e+06 +6.20131220e+06  1.03e+04   1.55e+01     2.69e-01   1063.612s
2188000 +6.19088098e+06 +6.20112642e+06  1.02e+04   1.53e+01     2.66e-01   1064.091s
2189000 +6.19070957e+06 +6.20096011e+06  1.03e+04   1.49e+01     2.64e-01   1064.570s
2190000 +6.19055942e+06 +6.20077917e+06  1.02e+04   1.44e+01     2.61e-01   1065.049s
2191000 +6.19045238e+06 +6.20061753e+06  1.02e+04   1.40e+01     2.58e-01   1065.528s
2192000 +6.19031723e+06 +6.20045110e+06  1.01e+04   1.38e+01     2.54e-01   1066.007s
2193000 +6.19011912e+06 +6.20027152e+06  1.02e+04   1.32e+01     2.51e-01   1066.486s
2194000 +6.18997755e+06 +6.20009633e+06  1.01e+04   1.28e+01     2.48e-01   1066.964s
2195000 +6.18986939e+06 +6.19992697e+06  1.01e+04   1.25e+01     2.44e-01   1067.443s
2196000 +6.18969574e+06 +6.19976318e+06  1.01e+04   1.20e+01     2.41e-01   1067.922s
2197000 +6.18955181e+06 +6.19959097e+06  1.00e+04   1.16e+01     2.38e-01   1068.401s
2198000 +6.18950244e+06 +6.19942765e+06  9.93e+03   1.13e+01     2.36e-01   1068.880s
2199000 +6.18935515e+06 +6.19926351e+06  9.91e+03   1.10e+01     2.34e-01   1069.359s
2200000 +6.18927302e+06 +6.19911044e+06  9.84e+03   1.05e+01     2.31e-01   1069.838s
2201000 +6.18919749e+06 +6.19896703e+06  9.77e+03   1.02e+01     2.29e-01   1070.317s
2202000 +6.18902794e+06 +6.19883793e+06  9.81e+03   9.84e+00     2.26e-01   1070.796s
2203000 +6.18889223e+06 +6.19872680e+06  9.83e+03   9.57e+00     2.24e-01   1071.275s
2204000 +6.18874764e+06 +6.19861018e+06  9.86e+03   9.31e+00     2.22e-01   1071.754s
2205000 +6.18864533e+06 +6.19849262e+06  9.85e+03   9.12e+00     2.19e-01   1072.233s
2206000 +6.18842805e+06 +6.19836473e+06  9.94e+03   8.81e+00     2.17e-01   1072.712s
2207000 +6.18832526e+06 +6.19824854e+06  9.92e+03   8.60e+00     2.15e-01   1073.191s
2208000 +6.18811165e+06 +6.19813158e+06  1.00e+04   8.43e+00     2.13e-01   1073.670s
2209000 +6.18806320e+06 +6.19802156e+06  9.96e+03   8.29e+00     2.11e-01   1074.149s
2210000 +6.18804845e+06 +6.19791878e+06  9.87e+03   8.23e+00     2.09e-01   1074.628s
2211000 +6.18800261e+06 +6.19781283e+06  9.81e+03   8.37e+00     2.07e-01   1075.107s
2212000 +6.18794754e+06 +6.19770449e+06  9.76e+03   8.36e+00     2.05e-01   1075.586s
2213000 +6.18791101e+06 +6.19759712e+06  9.69e+03   8.37e+00     2.02e-01   1076.065s
2214000 +6.18786914e+06 +6.19749519e+06  9.63e+03   8.29e+00     2.01e-01   1076.544s
2215000 +6.18778946e+06 +6.19739715e+06  9.61e+03   8.19e+00     2.00e-01   1077.023s
2216000 +6.18771145e+06 +6.19730060e+06  9.59e+03   8.12e+00     1.98e-01   1077.502s
2217000 +6.18767953e+06 +6.19721174e+06  9.53e+03   8.31e+00     1.97e-01   1077.981s
2218000 +6.18765251e+06 +6.19711901e+06  9.47e+03   8.52e+00     1.96e-01   1078.460s
2219000 +6.18763409e+06 +6.19702166e+06  9.39e+03   8.57e+00     1.94e-01   1078.939s
2220000 +6.18755773e+06 +6.19693532e+06  9.38e+03   8.42e+00     1.92e-01   1079.418s
2221000 +6.18750362e+06 +6.19684766e+06  9.34e+03   8.43e+00     1.90e-01   1079.897s
2222000 +6.18750376e+06 +6.19675860e+06  9.25e+03   8.58e+00     1.90e-01   1080.376s
2223000 +6.18742643e+06 +6.19666919e+06  9.24e+03   8.69e+00     1.88e-01   1080.855s
2224000 +6.18741226e+06 +6.19658406e+06  9.17e+03   8.72e+00     1.87e-01   1081.334s
2225000 +6.18735731e+06 +6.19650773e+06  9.15e+03   8.68e+00     1.86e-01   1081.813s
2226000 +6.18728320e+06 +6.19641978e+06  9.14e+03   8.67e+00     1.84e-01   1082.292s
2227000 +6.18723410e+06 +6.19634414e+06  9.11e+03   8.72e+00     1.83e-01   1082.771s
2228000 +6.18716037e+06 +6.19628186e+06  9.12e+03   8.70e+00     1.82e-01   1083.250s
2229000 +6.18715693e+06 +6.19621401e+06  9.06e+03   8.68e+00     1.81e-01   1083.729s
2230000 +6.18705675e+06 +6.19614609e+06  9.09e+03   8.65e+00     1.80e-01   1084.208s
2231000 +6.18705415e+06 +6.19607785e+06  9.02e+03   8.81e+00     1.78e-01   1084.687s
2232000 +6.18706922e+06 +6.19600648e+06  8.94e+03   8.99e+00     1.77e-01   1085.166s
2233000 +6.18700869e+06 +6.19593631e+06  8.93e+03   8.97e+00     1.76e-01   1085.645s
2234000 +6.18692661e+06 +6.19586227e+06  8.94e+03   9.00e+00     1.75e-01   1086.124s
2235000 +6.18689658e+06 +6.19578755e+06  8.89e+03   9.18e+00     1.75e-01   1086.603s
2236000 +6.18685409e+06 +6.19570492e+06  8.85e+03   9.23e+00     1.74e-01   1087.082s
2237000 +6.18686504e+06 +6.19563042e+06  8.77e+03   9.14e+00     1.73e-01   1087.561s
2238000 +6.18682784e+06 +6.19555159e+06  8.72e+03   9.27e+00     1.71e-01   1088.040s
2239000 +6.18677174e+06 +6.19547583e+06  8.70e+03   9.47e+00     1.70e-01   1088.519s
2240000 +6.18669126e+06 +6.19541143e+06  8.72e+03   9.52e+00     1.69e-01   1088.998s
2241000 +6.18671092e+06 +6.19532405e+06  8.61e+03   9.55e+00     1.69e-01   1089.477s
2242000 +6.18661407e+06 +6.19525327e+06  8.64e+03   9.67e+00     1.68e-01   1089.956s
2243000 +6.18660495e+06 +6.19518700e+06  8.58e+03   9.85e+00     1.67e-01   1090.435s
2244000 +6.18655458e+06 +6.19512644e+06  8.57e+03   9.85e+00     1.66e-01   1090.914s
2245000 +6.18651254e+06 +6.19506117e+06  8.55e+03   9.89e+00     1.65e-01   1091.393s
2246000 +6.18641547e+06 +6.19499695e+06  8.58e+03   9.77e+00     1.64e-01   1091.872s
2247000 +6.18637855e+06 +6.19492346e+06  8.54e+03   9.86e+00     1.63e-01   1092.351s
2248000 +6.18636594e+06 +6.19485684e+06  8.49e+03   1.00e+01     1.63e-01   1092.830s
2249000 +6.18632771e+06 +6.19479171e+06  8.46e+03   1.01e+01     1.62e-01   1093.309s
2250000 +6.18631521e+06 +6.19472896e+06  8.41e+03   1.00e+01     1.61e-01   1093.788s
2251000 +6.18624736e+06 +6.19466337e+06  8.42e+03   1.01e+01     1.60e-01   1094.267s
2252000 +6.18621088e+06 +6.19459825e+06  8.39e+03   1.01e+01     1.59e-01   1094.746s
2253000 +6.18616782e+06 +6.19453707e+06  8.37e+03   9.97e+00     1.58e-01   1095.225s
2254000 +6.18614056e+06 +6.19447415e+06  8.33e+03   1.01e+01     1.57e-01   1095.704s
2255000 +6.18613402e+06 +6.19440931e+06  8.28e+03   1.03e+01     1.56e-01   1096.182s
2256000 +6.18613470e+06 +6.19434886e+06  8.21e+03   1.02e+01     1.55e-01   1096.661s
2257000 +6.18609234e+06 +6.19428760e+06  8.20e+03   1.01e+01     1.54e-01   1097.140s
2258000 +6.18605947e+06 +6.19423252e+06  8.17e+03   1.02e+01     1.54e-01   1097.619s
2259000 +6.18605935e+06 +6.19418371e+06  8.12e+03   1.02e+01     1.53e-01   1098.098s
2260000 +6.18605519e+06 +6.19412958e+06  8.07e+03   1.02e+01     1.52e-01   1098.577s
2261000 +6.18603858e+06 +6.19407523e+06  8.04e+03   1.02e+01     1.51e-01   1099.056s
2262000 +6.18597816e+06 +6.19402456e+06  8.05e+03   1.03e+01     1.50e-01   1099.535s
2263000 +6.18596426e+06 +6.19396992e+06  8.01e+03   1.03e+01     1.49e-01   1100.014s
2264000 +6.18592201e+06 +6.19391040e+06  7.99e+03   1.03e+01     1.48e-01   1100.493s
2265000 +6.18589220e+06 +6.19385347e+06  7.96e+03   1.01e+01     1.48e-01   1100.972s
2266000 +6.18587933e+06 +6.19379805e+06  7.92e+03   1.01e+01     1.47e-01   1101.451s
2267000 +6.18582845e+06 +6.19373547e+06  7.91e+03   1.02e+01     1.45e-01   1101.930s
2268000 +6.18580738e+06 +6.19367622e+06  7.87e+03   1.02e+01     1.44e-01   1102.409s
2269000 +6.18575571e+06 +6.19361997e+06  7.86e+03   1.01e+01     1.44e-01   1102.888s
2270000 +6.18574776e+06 +6.19356643e+06  7.82e+03   1.01e+01     1.43e-01   1103.367s
2271000 +6.18568125e+06 +6.19351732e+06  7.84e+03   1.02e+01     1.42e-01   1103.846s
2272000 +6.18564134e+06 +6.19346434e+06  7.82e+03   1.01e+01     1.41e-01   1104.325s
2273000 +6.18561560e+06 +6.19341492e+06  7.80e+03   1.01e+01     1.40e-01   1104.804s
2274000 +6.18558567e+06 +6.19335929e+06  7.77e+03   1.02e+01     1.40e-01   1105.283s
2275000 +6.18553950e+06 +6.19330970e+06  7.77e+03   1.02e+01     1.39e-01   1105.762s
2276000 +6.18550988e+06 +6.19326136e+06  7.75e+03   1.02e+01     1.39e-01   1106.241s
2277000 +6.18548088e+06 +6.19320890e+06  7.73e+03   1.02e+01     1.37e-01   1106.720s
2278000 +6.18544422e+06 +6.19316193e+06  7.72e+03   1.03e+01     1.37e-01   1107.199s
2279000 +6.18536497e+06 +6.19311889e+06  7.75e+03   1.02e+01     1.36e-01   1107.678s
2280000 +6.18534062e+06 +6.19307741e+06  7.74e+03   1.02e+01     1.36e-01   1108.157s
2281000 +6.18531207e+06 +6.19303440e+06  7.72e+03   1.04e+01     1.36e-01   1108.636s
2282000 +6.18524968e+06 +6.19299313e+06  7.74e+03   1.04e+01     1.35e-01   1109.115s
2283000 +6.18521084e+06 +6.19294958e+06  7.74e+03   1.04e+01     1.34e-01   1109.594s
2284000 +6.18519468e+06 +6.19290946e+06  7.71e+03   1.03e+01     1.34e-01   1110.073s
2285000 +6.18516707e+06 +6.19286736e+06  7.70e+03   1.04e+01     1.33e-01   1110.552s
2286000 +6.18514810e+06 +6.19282001e+06  7.67e+03   1.05e+01     1.33e-01   1111.031s
2287000 +6.18512772e+06 +6.19277007e+06  7.64e+03   1.06e+01     1.32e-01   1111.510s
2288000 +6.18513854e+06 +6.19271919e+06  7.58e+03   1.06e+01     1.31e-01   1111.989s
2289000 +6.18512369e+06 +6.19267423e+06  7.55e+03   1.07e+01     1.31e-01   1112.468s
2290000 +6.18516540e+06 +6.19263412e+06  7.47e+03   1.09e+01     1.30e-01   1112.947s
2291000 +6.18515173e+06 +6.19258909e+06  7.44e+03   1.09e+01     1.30e-01   1113.426s
2292000 +6.18515968e+06 +6.19254352e+06  7.38e+03   1.09e+01     1.29e-01   1113.905s
2293000 +6.18515469e+06 +6.19249955e+06  7.34e+03   1.11e+01     1.29e-01   1114.384s
2294000 +6.18510356e+06 +6.19245958e+06  7.36e+03   1.11e+01     1.28e-01   1114.862s
2295000 +6.18511590e+06 +6.19242023e+06  7.30e+03   1.11e+01     1.27e-01   1115.341s
2296000 +6.18511861e+06 +6.19238328e+06  7.26e+03   1.13e+01     1.27e-01   1115.820s
2297000 +6.18510461e+06 +6.19234503e+06  7.24e+03   1.14e+01     1.27e-01   1116.299s
2298000 +6.18506639e+06 +6.19230237e+06  7.24e+03   1.14e+01     1.27e-01   1116.778s
2299000 +6.18504073e+06 +6.19226218e+06  7.22e+03   1.15e+01     1.26e-01   1117.257s
2300000 +6.18504980e+06 +6.19222485e+06  7.18e+03   1.15e+01     1.26e-01   1117.736s
2301000 +6.18503109e+06 +6.19218396e+06  7.15e+03   1.15e+01     1.25e-01   1118.215s
2302000 +6.18501985e+06 +6.19214341e+06  7.12e+03   1.17e+01     1.24e-01   1118.694s
2303000 +6.18501659e+06 +6.19209971e+06  7.08e+03   1.18e+01     1.24e-01   1119.173s
2304000 +6.18504302e+06 +6.19205361e+06  7.01e+03   1.19e+01     1.23e-01   1119.652s
2305000 +6.18502975e+06 +6.19201127e+06  6.98e+03   1.20e+01     1.23e-01   1120.131s
2306000 +6.18499975e+06 +6.19197129e+06  6.97e+03   1.20e+01     1.23e-01   1120.610s
2307000 +6.18496231e+06 +6.19193146e+06  6.97e+03   1.20e+01     1.22e-01   1121.089s
2308000 +6.18496877e+06 +6.19189361e+06  6.92e+03   1.21e+01     1.22e-01   1121.568s
2309000 +6.18494673e+06 +6.19185270e+06  6.91e+03   1.22e+01     1.21e-01   1122.047s
2310000 +6.18493792e+06 +6.19181159e+06  6.87e+03   1.22e+01     1.21e-01   1122.526s
2311000 +6.18484635e+06 +6.19177270e+06  6.93e+03   1.21e+01     1.20e-01   1123.005s
2312000 +6.18482055e+06 +6.19173611e+06  6.92e+03   1.23e+01     1.19e-01   1123.484s
2313000 +6.18483522e+06 +6.19169515e+06  6.86e+03   1.23e+01     1.19e-01   1123.963s
2314000 +6.18483721e+06 +6.19166678e+06  6.83e+03   1.23e+01     1.18e-01   1124.442s
2315000 +6.18481500e+06 +6.19163991e+06  6.82e+03   1.24e+01     1.17e-01   1124.921s
2316000 +6.18481102e+06 +6.19161075e+06  6.80e+03   1.25e+01     1.17e-01   1125.400s
2317000 +6.18477010e+06 +6.19156703e+06  6.80e+03   1.24e+01     1.17e-01   1125.879s
2318000 +6.18474971e+06 +6.19153332e+06  6.78e+03   1.23e+01     1.16e-01   1126.358s
2319000 +6.18473282e+06 +6.19149925e+06  6.77e+03   1.24e+01     1.16e-01   1126.837s
2320000 +6.18470850e+06 +6.19146604e+06  6.76e+03   1.25e+01     1.15e-01   1127.316s
2321000 +6.18471983e+06 +6.19142771e+06  6.71e+03   1.26e+01     1.14e-01   1127.795s
2322000 +6.18467408e+06 +6.19139020e+06  6.72e+03   1.25e+01     1.14e-01   1128.274s
2323000 +6.18465945e+06 +6.19135409e+06  6.69e+03   1.25e+01     1.14e-01   1128.753s
2324000 +6.18463047e+06 +6.19131659e+06  6.69e+03   1.26e+01     1.13e-01   1129.232s
2325000 +6.18461402e+06 +6.19128254e+06  6.67e+03   1.26e+01     1.13e-01   1129.710s
2326000 +6.18462440e+06 +6.19124617e+06  6.62e+03   1.26e+01     1.12e-01   1130.189s
2327000 +6.18460711e+06 +6.19119661e+06  6.59e+03   1.27e+01     1.12e-01   1130.669s
2328000 +6.18460019e+06 +6.19115946e+06  6.56e+03   1.28e+01     1.11e-01   1131.147s
2329000 +6.18461063e+06 +6.19112179e+06  6.51e+03   1.28e+01     1.11e-01   1131.626s
2330000 +6.18457913e+06 +6.19108173e+06  6.50e+03   1.28e+01     1.10e-01   1132.105s
2331000 +6.18451624e+06 +6.19104340e+06  6.53e+03   1.28e+01     1.10e-01   1132.584s
2332000 +6.18451036e+06 +6.19100576e+06  6.50e+03   1.28e+01     1.09e-01   1133.063s
2333000 +6.18451098e+06 +6.19096615e+06  6.46e+03   1.28e+01     1.09e-01   1133.542s
2334000 +6.18449043e+06 +6.19093043e+06  6.44e+03   1.29e+01     1.08e-01   1134.021s
2335000 +6.18446095e+06 +6.19089465e+06  6.43e+03   1.30e+01     1.08e-01   1134.500s
2336000 +6.18445304e+06 +6.19085777e+06  6.40e+03   1.29e+01     1.07e-01   1134.979s
2337000 +6.18441518e+06 +6.19082064e+06  6.41e+03   1.29e+01     1.07e-01   1135.458s
2338000 +6.18441193e+06 +6.19078851e+06  6.38e+03   1.30e+01     1.06e-01   1135.937s
2339000 +6.18434503e+06 +6.19075136e+06  6.41e+03   1.30e+01     1.06e-01   1136.416s
2340000 +6.18433754e+06 +6.19072242e+06  6.38e+03   1.30e+01     1.06e-01   1136.895s
2341000 +6.18432233e+06 +6.19068491e+06  6.36e+03   1.31e+01     1.06e-01   1137.374s
2342000 +6.18430881e+06 +6.19064951e+06  6.34e+03   1.32e+01     1.05e-01   1137.852s
2343000 +6.18423700e+06 +6.19061922e+06  6.38e+03   1.31e+01     1.05e-01   1138.331s
2344000 +6.18425969e+06 +6.19058483e+06  6.33e+03   1.31e+01     1.05e-01   1138.811s
2345000 +6.18422919e+06 +6.19055947e+06  6.33e+03   1.32e+01     1.04e-01   1139.289s
2346000 +6.18420581e+06 +6.19052440e+06  6.32e+03   1.32e+01     1.04e-01   1139.768s
2347000 +6.18417386e+06 +6.19048900e+06  6.32e+03   1.33e+01     1.04e-01   1140.247s
2348000 +6.18416271e+06 +6.19044952e+06  6.29e+03   1.33e+01     1.03e-01   1140.726s
2349000 +6.18412830e+06 +6.19041219e+06  6.28e+03   1.33e+01     1.03e-01   1141.205s
2350000 +6.18410848e+06 +6.19037954e+06  6.27e+03   1.33e+01     1.02e-01   1141.684s
2351000 +6.18409144e+06 +6.19034324e+06  6.25e+03   1.34e+01     1.02e-01   1142.163s
2352000 +6.18404799e+06 +6.19030157e+06  6.25e+03   1.34e+01     1.01e-01   1142.642s
2353000 +6.18404000e+06 +6.19026808e+06  6.23e+03   1.34e+01     1.01e-01   1143.121s
2354000 +6.18404217e+06 +6.19023206e+06  6.19e+03   1.34e+01     1.00e-01   1143.600s
2355000 +6.18400761e+06 +6.19020222e+06  6.19e+03   1.35e+01     1.00e-01   1144.079s
2356000 +6.18395570e+06 +6.19017002e+06  6.21e+03   1.35e+01     9.98e-02   1144.558s
2357000 +6.18395339e+06 +6.19013867e+06  6.19e+03   1.35e+01     1.00e-01   1145.036s
2358000 +6.18395918e+06 +6.19010717e+06  6.15e+03   1.36e+01     9.97e-02   1145.515s
2359000 +6.18394822e+06 +6.19007365e+06  6.13e+03   1.36e+01     9.92e-02   1145.994s
2360000 +6.18390716e+06 +6.19004379e+06  6.14e+03   1.36e+01     9.89e-02   1146.473s
2361000 +6.18387863e+06 +6.19000833e+06  6.13e+03   1.36e+01     9.85e-02   1146.953s
2362000 +6.18386585e+06 +6.18997768e+06  6.11e+03   1.37e+01     9.83e-02   1147.432s
2363000 +6.18384458e+06 +6.18995392e+06  6.11e+03   1.37e+01     9.79e-02   1147.911s
2364000 +6.18382945e+06 +6.18991869e+06  6.09e+03   1.37e+01     9.74e-02   1148.390s
2365000 +6.18384033e+06 +6.18989603e+06  6.06e+03   1.39e+01     9.73e-02   1148.868s
2366000 +6.18382357e+06 +6.18986113e+06  6.04e+03   1.39e+01     9.72e-02   1149.347s
2367000 +6.18381747e+06 +6.18983787e+06  6.02e+03   1.39e+01     9.68e-02   1149.826s
2368000 +6.18380342e+06 +6.18980566e+06  6.00e+03   1.40e+01     9.62e-02   1150.305s
2369000 +6.18381234e+06 +6.18977849e+06  5.97e+03   1.41e+01     9.61e-02   1150.784s
2370000 +6.18381109e+06 +6.18974694e+06  5.94e+03   1.41e+01     9.59e-02   1151.263s
2371000 +6.18386941e+06 +6.18972528e+06  5.86e+03   1.42e+01     9.55e-02   1151.742s
2372000 +6.18383881e+06 +6.18969591e+06  5.86e+03   1.43e+01     9.54e-02   1152.221s
2373000 +6.18383140e+06 +6.18967088e+06  5.84e+03   1.44e+01     9.53e-02   1152.700s
2374000 +6.18383333e+06 +6.18964026e+06  5.81e+03   1.44e+01     9.50e-02   1153.179s
2375000 +6.18382493e+06 +6.18961392e+06  5.79e+03   1.44e+01     9.49e-02   1153.658s
2376000 +6.18381734e+06 +6.18958032e+06  5.76e+03   1.45e+01     9.44e-02   1154.137s
2377000 +6.18378722e+06 +6.18954159e+06  5.75e+03   1.46e+01     9.41e-02   1154.616s
2378000 +6.18378472e+06 +6.18951143e+06  5.73e+03   1.46e+01     9.37e-02   1155.095s
2379000 +6.18376956e+06 +6.18947742e+06  5.71e+03   1.45e+01     9.34e-02   1155.573s
2380000 +6.18375174e+06 +6.18945324e+06  5.70e+03   1.46e+01     9.32e-02   1156.052s
2381000 +6.18373530e+06 +6.18942379e+06  5.69e+03   1.46e+01     9.30e-02   1156.531s
2382000 +6.18371202e+06 +6.18939281e+06  5.68e+03   1.46e+01     9.23e-02   1157.010s
2383000 +6.18370881e+06 +6.18937004e+06  5.66e+03   1.48e+01     9.22e-02   1157.489s
2384000 +6.18366392e+06 +6.18933561e+06  5.67e+03   1.47e+01     9.16e-02   1157.968s
2385000 +6.18364282e+06 +6.18931081e+06  5.67e+03   1.47e+01     9.17e-02   1158.447s
2386000 +6.18362928e+06 +6.18928261e+06  5.65e+03   1.47e+01     9.12e-02   1158.926s
2387000 +6.18356250e+06 +6.18925667e+06  5.69e+03   1.47e+01     9.10e-02   1159.405s
2388000 +6.18356330e+06 +6.18922998e+06  5.67e+03   1.47e+01     9.10e-02   1159.884s
2389000 +6.18356507e+06 +6.18920226e+06  5.64e+03   1.48e+01     9.07e-02   1160.363s
2390000 +6.18352865e+06 +6.18917203e+06  5.64e+03   1.48e+01     9.03e-02   1160.842s
2391000 +6.18350013e+06 +6.18914787e+06  5.65e+03   1.47e+01     9.02e-02   1161.321s
2392000 +6.18343964e+06 +6.18912281e+06  5.68e+03   1.47e+01     9.00e-02   1161.800s
2393000 +6.18344302e+06 +6.18910080e+06  5.66e+03   1.48e+01     8.96e-02   1162.279s
2394000 +6.18341355e+06 +6.18908009e+06  5.67e+03   1.48e+01     8.95e-02   1162.758s
2395000 +6.18341191e+06 +6.18905936e+06  5.65e+03   1.48e+01     8.96e-02   1163.237s
2396000 +6.18345155e+06 +6.18903674e+06  5.59e+03   1.49e+01     8.93e-02   1163.716s
2397000 +6.18347054e+06 +6.18901157e+06  5.54e+03   1.51e+01     8.92e-02   1164.195s
2398000 +6.18348512e+06 +6.18898450e+06  5.50e+03   1.50e+01     8.87e-02   1164.674s
2399000 +6.18345004e+06 +6.18895854e+06  5.51e+03   1.50e+01     8.87e-02   1165.153s
2400000 +6.18343862e+06 +6.18892983e+06  5.49e+03   1.51e+01     8.82e-02   1165.632s
2401000 +6.18344150e+06 +6.18890360e+06  5.46e+03   1.52e+01     8.81e-02   1166.111s
2402000 +6.18343977e+06 +6.18887099e+06  5.43e+03   1.52e+01     8.82e-02   1166.590s
2403000 +6.18340376e+06 +6.18884814e+06  5.44e+03   1.52e+01     8.78e-02   1167.069s
2404000 +6.18338119e+06 +6.18882204e+06  5.44e+03   1.52e+01     8.75e-02   1167.548s
2405000 +6.18336862e+06 +6.18879837e+06  5.43e+03   1.52e+01     8.73e-02   1168.027s
2406000 +6.18334736e+06 +6.18877515e+06  5.43e+03   1.52e+01     8.72e-02   1168.506s
2407000 +6.18332465e+06 +6.18875447e+06  5.43e+03   1.52e+01     8.69e-02   1168.985s
2408000 +6.18330875e+06 +6.18873150e+06  5.42e+03   1.52e+01     8.67e-02   1169.464s
2409000 +6.18328184e+06 +6.18870819e+06  5.43e+03   1.53e+01     8.67e-02   1169.943s
2410000 +6.18328578e+06 +6.18868481e+06  5.40e+03   1.54e+01     8.64e-02   1170.422s
2411000 +6.18326820e+06 +6.18866523e+06  5.40e+03   1.54e+01     8.62e-02   1170.901s
2412000 +6.18324836e+06 +6.18863933e+06  5.39e+03   1.54e+01     8.61e-02   1171.379s
2413000 +6.18325473e+06 +6.18861887e+06  5.36e+03   1.54e+01     8.59e-02   1171.858s
2414000 +6.18319486e+06 +6.18859059e+06  5.40e+03   1.54e+01     8.56e-02   1172.337s
2415000 +6.18316959e+06 +6.18856241e+06  5.39e+03   1.55e+01     8.56e-02   1172.816s
2416000 +6.18315997e+06 +6.18853801e+06  5.38e+03   1.55e+01     8.54e-02   1173.295s
2417000 +6.18314017e+06 +6.18851446e+06  5.37e+03   1.54e+01     8.53e-02   1173.774s
2418000 +6.18310705e+06 +6.18849045e+06  5.38e+03   1.55e+01     8.49e-02   1174.253s
2419000 +6.18311697e+06 +6.18846718e+06  5.35e+03   1.56e+01     8.47e-02   1174.732s
2420000 +6.18309679e+06 +6.18844326e+06  5.35e+03   1.55e+01     8.43e-02   1175.211s
2421000 +6.18304833e+06 +6.18841905e+06  5.37e+03   1.55e+01     8.40e-02   1175.690s
2422000 +6.18301914e+06 +6.18839294e+06  5.37e+03   1.56e+01     8.38e-02   1176.169s
2423000 +6.18297107e+06 +6.18836621e+06  5.40e+03   1.56e+01     8.37e-02   1176.648s
2424000 +6.18290087e+06 +6.18834001e+06  5.44e+03   1.55e+01     8.35e-02   1177.127s
2425000 +6.18285196e+06 +6.18831425e+06  5.46e+03   1.54e+01     8.34e-02   1177.606s
2426000 +6.18284120e+06 +6.18828992e+06  5.45e+03   1.54e+01     8.32e-02   1178.085s
2427000 +6.18283598e+06 +6.18826569e+06  5.43e+03   1.55e+01     8.31e-02   1178.564s
2428000 +6.18281801e+06 +6.18824212e+06  5.42e+03   1.56e+01     8.31e-02   1179.043s
2429000 +6.18277643e+06 +6.18821771e+06  5.44e+03   1.55e+01     8.30e-02   1179.522s
2430000 +6.18273156e+06 +6.18819598e+06  5.46e+03   1.55e+01     8.24e-02   1180.001s
2431000 +6.18270496e+06 +6.18817868e+06  5.47e+03   1.55e+01     8.22e-02   1180.480s
2432000 +6.18268592e+06 +6.18815473e+06  5.47e+03   1.56e+01     8.21e-02   1180.959s
2433000 +6.18265211e+06 +6.18814302e+06  5.49e+03   1.55e+01     8.17e-02   1181.438s
2434000 +6.18262421e+06 +6.18812054e+06  5.50e+03   1.56e+01     8.17e-02   1181.917s
2435000 +6.18259749e+06 +6.18810409e+06  5.51e+03   1.56e+01     8.14e-02   1182.396s
2436000 +6.18259771e+06 +6.18808595e+06  5.49e+03   1.56e+01     8.13e-02   1182.875s
2437000 +6.18257452e+06 +6.18806482e+06  5.49e+03   1.56e+01     8.09e-02   1183.354s
2438000 +6.18254810e+06 +6.18804387e+06  5.50e+03   1.57e+01     8.08e-02   1183.833s
2439000 +6.18252659e+06 +6.18801918e+06  5.49e+03   1.57e+01     8.06e-02   1184.312s
2440000 +6.18251118e+06 +6.18800069e+06  5.49e+03   1.56e+01     8.04e-02   1184.791s
2441000 +6.18249915e+06 +6.18797826e+06  5.48e+03   1.57e+01     8.04e-02   1185.270s
2442000 +6.18249468e+06 +6.18795399e+06  5.46e+03   1.58e+01     8.03e-02   1185.749s
2443000 +6.18244994e+06 +6.18793757e+06  5.49e+03   1.57e+01     8.01e-02   1186.228s
2444000 +6.18241622e+06 +6.18791142e+06  5.50e+03   1.57e+01     7.98e-02   1186.707s
2445000 +6.18239627e+06 +6.18789323e+06  5.50e+03   1.58e+01     7.94e-02   1187.185s
2446000 +6.18236207e+06 +6.18786726e+06  5.51e+03   1.57e+01     7.93e-02   1187.665s
2447000 +6.18231472e+06 +6.18785333e+06  5.54e+03   1.57e+01     7.91e-02   1188.143s
2448000 +6.18229154e+06 +6.18783370e+06  5.54e+03   1.57e+01     7.88e-02   1188.623s
2449000 +6.18225683e+06 +6.18780788e+06  5.55e+03   1.57e+01     7.88e-02   1189.101s
2450000 +6.18220919e+06 +6.18778210e+06  5.57e+03   1.57e+01     7.86e-02   1189.581s
2451000 +6.18220286e+06 +6.18775929e+06  5.56e+03   1.57e+01     7.83e-02   1190.059s
2452000 +6.18219711e+06 +6.18773723e+06  5.54e+03   1.57e+01     7.83e-02   1190.539s
2453000 +6.18215390e+06 +6.18771469e+06  5.56e+03   1.57e+01     7.80e-02   1191.018s
2454000 +6.18212201e+06 +6.18769242e+06  5.57e+03   1.57e+01     7.79e-02   1191.497s
2455000 +6.18207963e+06 +6.18766663e+06  5.59e+03   1.57e+01     7.77e-02   1191.976s
2456000 +6.18204768e+06 +6.18764944e+06  5.60e+03   1.57e+01     7.75e-02   1192.455s
2457000 +6.18201956e+06 +6.18763273e+06  5.61e+03   1.57e+01     7.75e-02   1192.934s
2458000 +6.18199015e+06 +6.18760510e+06  5.61e+03   1.56e+01     7.71e-02   1193.412s
2459000 +6.18194705e+06 +6.18758722e+06  5.64e+03   1.56e+01     7.69e-02   1193.892s
2460000 +6.18189163e+06 +6.18757170e+06  5.68e+03   1.56e+01     7.68e-02   1194.370s
2461000 +6.18188681e+06 +6.18755136e+06  5.66e+03   1.57e+01     7.67e-02   1194.849s
2462000 +6.18186969e+06 +6.18753548e+06  5.67e+03   1.57e+01     7.65e-02   1195.328s
2463000 +6.18183839e+06 +6.18751877e+06  5.68e+03   1.57e+01     7.65e-02   1195.807s
2464000 +6.18182406e+06 +6.18750260e+06  5.68e+03   1.57e+01     7.64e-02   1196.287s
2465000 +6.18178293e+06 +6.18748528e+06  5.70e+03   1.56e+01     7.62e-02   1196.766s
2466000 +6.18176014e+06 +6.18746831e+06  5.71e+03   1.57e+01     7.60e-02   1197.245s
2467000 +6.18175735e+06 +6.18745212e+06  5.69e+03   1.57e+01     7.59e-02   1197.724s
2468000 +6.18175901e+06 +6.18743440e+06  5.68e+03   1.57e+01     7.59e-02   1198.203s
2469000 +6.18173698e+06 +6.18741294e+06  5.68e+03   1.57e+01     7.55e-02   1198.682s
2470000 +6.18174129e+06 +6.18739392e+06  5.65e+03   1.58e+01     7.54e-02   1199.161s
2471000 +6.18177117e+06 +6.18737353e+06  5.60e+03   1.58e+01     7.53e-02   1199.640s
2472000 +6.18174842e+06 +6.18734944e+06  5.60e+03   1.59e+01     7.47e-02   1200.119s
2473000 +6.18174895e+06 +6.18732953e+06  5.58e+03   1.60e+01     7.49e-02   1200.598s
2474000 +6.18174851e+06 +6.18731515e+06  5.57e+03   1.60e+01     7.46e-02   1201.077s
2475000 +6.18175583e+06 +6.18729500e+06  5.54e+03   1.60e+01     7.46e-02   1201.556s
2476000 +6.18174628e+06 +6.18727927e+06  5.53e+03   1.60e+01     7.42e-02   1202.035s
2477000 +6.18173490e+06 +6.18725760e+06  5.52e+03   1.61e+01     7.43e-02   1202.514s
2478000 +6.18172057e+06 +6.18723232e+06  5.51e+03   1.61e+01     7.40e-02   1202.993s
2479000 +6.18170377e+06 +6.18721074e+06  5.51e+03   1.61e+01     7.36e-02   1203.471s
2480000 +6.18168778e+06 +6.18718499e+06  5.50e+03   1.61e+01     7.36e-02   1203.950s
2481000 +6.18165654e+06 +6.18716164e+06  5.51e+03   1.62e+01     7.33e-02   1204.429s
2482000 +6.18164803e+06 +6.18714083e+06  5.49e+03   1.62e+01     7.32e-02   1204.908s
2483000 +6.18165193e+06 +6.18711972e+06  5.47e+03   1.62e+01     7.30e-02   1205.387s
2484000 +6.18164325e+06 +6.18710321e+06  5.46e+03   1.62e+01     7.27e-02   1205.866s
2485000 +6.18162758e+06 +6.18708377e+06  5.46e+03   1.63e+01     7.25e-02   1206.345s
2486000 +6.18160750e+06 +6.18706751e+06  5.46e+03   1.63e+01     7.24e-02   1206.824s
2487000 +6.18158380e+06 +6.18704640e+06  5.46e+03   1.63e+01     7.22e-02   1207.303s
2488000 +6.18157640e+06 +6.18702741e+06  5.45e+03   1.63e+01     7.21e-02   1207.782s
2489000 +6.18158335e+06 +6.18700283e+06  5.42e+03   1.63e+01     7.21e-02   1208.261s
2490000 +6.18154827e+06 +6.18698464e+06  5.44e+03   1.64e+01     7.20e-02   1208.740s
2491000 +6.18154254e+06 +6.18696580e+06  5.42e+03   1.64e+01     7.20e-02   1209.219s
2492000 +6.18150800e+06 +6.18695086e+06  5.44e+03   1.63e+01     7.17e-02   1209.698s
2493000 +6.18149639e+06 +6.18693402e+06  5.44e+03   1.64e+01     7.16e-02   1210.177s
2494000 +6.18147271e+06 +6.18691861e+06  5.45e+03   1.64e+01     7.14e-02   1210.656s
2495000 +6.18143326e+06 +6.18690305e+06  5.47e+03   1.64e+01     7.14e-02   1211.135s
2496000 +6.18140122e+06 +6.18687864e+06  5.48e+03   1.64e+01     7.13e-02   1211.614s
2497000 +6.18138234e+06 +6.18686107e+06  5.48e+03   1.64e+01     7.11e-02   1212.093s
2498000 +6.18135656e+06 +6.18684660e+06  5.49e+03   1.64e+01     7.12e-02   1212.572s
2499000 +6.18133943e+06 +6.18682962e+06  5.49e+03   1.64e+01     7.09e-02   1213.051s
2500000 +6.18133755e+06 +6.18680843e+06  5.47e+03   1.64e+01     7.07e-02   1213.530s
2501000 +6.18130070e+06 +6.18678794e+06  5.49e+03   1.64e+01     7.07e-02   1214.009s
2502000 +6.18130344e+06 +6.18676912e+06  5.47e+03   1.65e+01     7.07e-02   1214.488s
2503000 +6.18130523e+06 +6.18675132e+06  5.45e+03   1.66e+01     7.07e-02   1214.967s
2504000 +6.18127700e+06 +6.18672828e+06  5.45e+03   1.66e+01     7.07e-02   1215.446s
2505000 +6.18126320e+06 +6.18670574e+06  5.44e+03   1.66e+01     7.06e-02   1215.925s
2506000 +6.18124022e+06 +6.18668443e+06  5.44e+03   1.65e+01     7.06e-02   1216.404s
2507000 +6.18123131e+06 +6.18666385e+06  5.43e+03   1.66e+01     7.04e-02   1216.883s
2508000 +6.18120271e+06 +6.18664717e+06  5.44e+03   1.66e+01     7.01e-02   1217.362s
2509000 +6.18118309e+06 +6.18662858e+06  5.45e+03   1.66e+01     7.02e-02   1217.841s
2510000 +6.18117056e+06 +6.18661046e+06  5.44e+03   1.66e+01     7.01e-02   1218.320s
2511000 +6.18117327e+06 +6.18658923e+06  5.42e+03   1.67e+01     7.02e-02   1218.799s
2512000 +6.18112457e+06 +6.18656539e+06  5.44e+03   1.67e+01     7.00e-02   1219.278s
2513000 +6.18110653e+06 +6.18654672e+06  5.44e+03   1.66e+01     7.00e-02   1219.757s
2514000 +6.18109681e+06 +6.18653039e+06  5.43e+03   1.66e+01     7.02e-02   1220.236s
2515000 +6.18108411e+06 +6.18651320e+06  5.43e+03   1.67e+01     7.00e-02   1220.715s
2516000 +6.18106900e+06 +6.18649292e+06  5.42e+03   1.67e+01     7.00e-02   1221.194s
2517000 +6.18102932e+06 +6.18647131e+06  5.44e+03   1.66e+01     6.96e-02   1221.673s
2518000 +6.18100097e+06 +6.18645180e+06  5.45e+03   1.66e+01     6.95e-02   1222.151s
2519000 +6.18099372e+06 +6.18642856e+06  5.43e+03   1.67e+01     6.93e-02   1222.631s
2520000 +6.18098935e+06 +6.18640320e+06  5.41e+03   1.67e+01     6.94e-02   1223.109s
2521000 +6.18097326e+06 +6.18637545e+06  5.40e+03   1.67e+01     6.94e-02   1223.589s
2522000 +6.18095038e+06 +6.18635490e+06  5.40e+03   1.67e+01     6.91e-02   1224.067s
2523000 +6.18092871e+06 +6.18633498e+06  5.41e+03   1.67e+01     6.92e-02   1224.546s
2524000 +6.18089500e+06 +6.18631106e+06  5.42e+03   1.67e+01     6.92e-02   1225.025s
2525000 +6.18086418e+06 +6.18628901e+06  5.42e+03   1.67e+01     6.89e-02   1225.504s
2526000 +6.18086120e+06 +6.18626784e+06  5.41e+03   1.66e+01     6.87e-02   1225.983s
2527000 +6.18081907e+06 +6.18624589e+06  5.43e+03   1.67e+01     6.87e-02   1226.462s
2528000 +6.18078308e+06 +6.18622451e+06  5.44e+03   1.67e+01     6.88e-02   1226.941s
2529000 +6.18078294e+06 +6.18620262e+06  5.42e+03   1.67e+01     6.86e-02   1227.420s
2530000 +6.18075379e+06 +6.18618520e+06  5.43e+03   1.66e+01     6.85e-02   1227.899s
2531000 +6.18074654e+06 +6.18616602e+06  5.42e+03   1.67e+01     6.85e-02   1228.378s
2532000 +6.18072890e+06 +6.18614474e+06  5.42e+03   1.67e+01     6.83e-02   1228.857s
2533000 +6.18071145e+06 +6.18611887e+06  5.41e+03   1.67e+01     6.83e-02   1229.336s
2534000 +6.18068318e+06 +6.18610495e+06  5.42e+03   1.67e+01     6.82e-02   1229.815s
2535000 +6.18065329e+06 +6.18608892e+06  5.44e+03   1.67e+01     6.81e-02   1230.294s
2536000 +6.18061341e+06 +6.18606897e+06  5.46e+03   1.66e+01     6.80e-02   1230.773s
2537000 +6.18060713e+06 +6.18604984e+06  5.44e+03   1.67e+01     6.77e-02   1231.252s
2538000 +6.18057106e+06 +6.18602865e+06  5.46e+03   1.67e+01     6.77e-02   1231.731s
2539000 +6.18053600e+06 +6.18599891e+06  5.46e+03   1.67e+01     6.75e-02   1232.211s
2540000 +6.18054100e+06 +6.18598041e+06  5.44e+03   1.67e+01     6.74e-02   1232.690s
2541000 +6.18052526e+06 +6.18596235e+06  5.44e+03   1.67e+01     6.73e-02   1233.168s
2542000 +6.18048212e+06 +6.18593746e+06  5.46e+03   1.66e+01     6.74e-02   1233.647s
2543000 +6.18042316e+06 +6.18591711e+06  5.49e+03   1.66e+01     6.72e-02   1234.126s
2544000 +6.18038216e+06 +6.18590165e+06  5.52e+03   1.66e+01     6.73e-02   1234.605s
2545000 +6.18037510e+06 +6.18588021e+06  5.51e+03   1.66e+01     6.73e-02   1235.084s
2546000 +6.18035794e+06 +6.18586099e+06  5.50e+03   1.67e+01     6.71e-02   1235.563s
2547000 +6.18034340e+06 +6.18584416e+06  5.50e+03   1.67e+01     6.70e-02   1236.042s
2548000 +6.18031576e+06 +6.18582188e+06  5.51e+03   1.67e+01     6.69e-02   1236.521s
2549000 +6.18031006e+06 +6.18580563e+06  5.50e+03   1.67e+01     6.67e-02   1237.000s
2550000 +6.18028125e+06 +6.18578656e+06  5.51e+03   1.67e+01     6.67e-02   1237.479s
2551000 +6.18023901e+06 +6.18576739e+06  5.53e+03   1.67e+01     6.65e-02   1237.958s
2552000 +6.18022539e+06 +6.18574136e+06  5.52e+03   1.67e+01     6.66e-02   1238.437s
2553000 +6.18019234e+06 +6.18572006e+06  5.53e+03   1.67e+01     6.66e-02   1238.916s
2554000 +6.18016632e+06 +6.18570325e+06  5.54e+03   1.67e+01     6.64e-02   1239.395s
2555000 +6.18014052e+06 +6.18567950e+06  5.54e+03   1.67e+01     6.65e-02   1239.874s
2556000 +6.18014277e+06 +6.18566103e+06  5.52e+03   1.67e+01     6.64e-02   1240.353s
2557000 +6.18016185e+06 +6.18564047e+06  5.48e+03   1.68e+01     6.63e-02   1240.832s
2558000 +6.18012023e+06 +6.18562379e+06  5.50e+03   1.67e+01     6.61e-02   1241.311s
2559000 +6.18009844e+06 +6.18560272e+06  5.50e+03   1.67e+01     6.62e-02   1241.790s
2560000 +6.18008239e+06 +6.18558772e+06  5.51e+03   1.67e+01     6.60e-02   1242.269s
2561000 +6.18005372e+06 +6.18557142e+06  5.52e+03   1.67e+01     6.58e-02   1242.748s
2562000 +6.18003050e+06 +6.18555609e+06  5.53e+03   1.67e+01     6.56e-02   1243.227s
2563000 +6.18000732e+06 +6.18553898e+06  5.53e+03   1.68e+01     6.55e-02   1243.706s
2564000 +6.17997764e+06 +6.18551929e+06  5.54e+03   1.68e+01     6.53e-02   1244.185s
2565000 +6.17994149e+06 +6.18550641e+06  5.56e+03   1.67e+01     6.51e-02   1244.664s
2566000 +6.17994146e+06 +6.18548872e+06  5.55e+03   1.68e+01     6.50e-02   1245.143s
2567000 +6.17993002e+06 +6.18547599e+06  5.55e+03   1.68e+01     6.52e-02   1245.622s
2568000 +6.17990887e+06 +6.18545557e+06  5.55e+03   1.68e+01     6.50e-02   1246.101s
2569000 +6.17988603e+06 +6.18544019e+06  5.55e+03   1.68e+01     6.50e-02   1246.580s
2570000 +6.17987121e+06 +6.18542305e+06  5.55e+03   1.68e+01     6.47e-02   1247.058s
2571000 +6.17987990e+06 +6.18540013e+06  5.52e+03   1.69e+01     6.46e-02   1247.537s
2572000 +6.17985731e+06 +6.18538246e+06  5.53e+03   1.68e+01     6.45e-02   1248.016s
2573000 +6.17982407e+06 +6.18536460e+06  5.54e+03   1.68e+01     6.43e-02   1248.495s
2574000 +6.17975615e+06 +6.18534778e+06  5.59e+03   1.67e+01     6.40e-02   1248.974s
2575000 +6.17972505e+06 +6.18532765e+06  5.60e+03   1.68e+01     6.39e-02   1249.453s
2576000 +6.17970432e+06 +6.18530783e+06  5.60e+03   1.68e+01     6.38e-02   1249.932s
2577000 +6.17966472e+06 +6.18529104e+06  5.63e+03   1.67e+01     6.37e-02   1250.411s
2578000 +6.17963723e+06 +6.18527301e+06  5.64e+03   1.67e+01     6.36e-02   1250.890s
2579000 +6.17960453e+06 +6.18525675e+06  5.65e+03   1.67e+01     6.33e-02   1251.369s
2580000 +6.17958029e+06 +6.18523414e+06  5.65e+03   1.67e+01     6.33e-02   1251.848s
2581000 +6.17956268e+06 +6.18521604e+06  5.65e+03   1.67e+01     6.34e-02   1252.327s
2582000 +6.17954547e+06 +6.18519628e+06  5.65e+03   1.67e+01     6.33e-02   1252.806s
2583000 +6.17952394e+06 +6.18517821e+06  5.65e+03   1.67e+01     6.30e-02   1253.285s
2584000 +6.17949961e+06 +6.18516105e+06  5.66e+03   1.67e+01     6.28e-02   1253.764s
2585000 +6.17949045e+06 +6.18514437e+06  5.65e+03   1.67e+01     6.27e-02   1254.243s
2586000 +6.17947895e+06 +6.18512486e+06  5.65e+03   1.68e+01     6.25e-02   1254.722s
2587000 +6.17946127e+06 +6.18510804e+06  5.65e+03   1.68e+01     6.23e-02   1255.201s
2588000 +6.17945042e+06 +6.18509265e+06  5.64e+03   1.68e+01     6.23e-02   1255.680s
2589000 +6.17945072e+06 +6.18507492e+06  5.62e+03   1.67e+01     6.23e-02   1256.159s
2590000 +6.17941912e+06 +6.18505697e+06  5.64e+03   1.68e+01     6.23e-02   1256.637s
2591000 +6.17939642e+06 +6.18504243e+06  5.65e+03   1.68e+01     6.23e-02   1257.116s
2592000 +6.17937751e+06 +6.18502745e+06  5.65e+03   1.68e+01     6.22e-02   1257.595s
2593000 +6.17936066e+06 +6.18500641e+06  5.65e+03   1.68e+01     6.20e-02   1258.074s
2594000 +6.17934883e+06 +6.18499405e+06  5.65e+03   1.68e+01     6.19e-02   1258.553s
2595000 +6.17932192e+06 +6.18497289e+06  5.65e+03   1.68e+01     6.17e-02   1259.032s
2596000 +6.17930219e+06 +6.18495693e+06  5.65e+03   1.68e+01     6.17e-02   1259.511s
2597000 +6.17925444e+06 +6.18494275e+06  5.69e+03   1.67e+01     6.15e-02   1259.990s
2598000 +6.17921912e+06 +6.18493019e+06  5.71e+03   1.67e+01     6.15e-02   1260.469s
2599000 +6.17920134e+06 +6.18491232e+06  5.71e+03   1.67e+01     6.13e-02   1260.948s
2600000 +6.17919038e+06 +6.18489358e+06  5.70e+03   1.67e+01     6.14e-02   1261.427s
2601000 +6.17917786e+06 +6.18488096e+06  5.70e+03   1.67e+01     6.14e-02   1261.906s
2602000 +6.17915871e+06 +6.18487052e+06  5.71e+03   1.67e+01     6.13e-02   1262.385s
2603000 +6.17915513e+06 +6.18485313e+06  5.70e+03   1.68e+01     6.12e-02   1262.864s
2604000 +6.17912604e+06 +6.18484082e+06  5.71e+03   1.68e+01     6.11e-02   1263.343s
2605000 +6.17910478e+06 +6.18482618e+06  5.72e+03   1.68e+01     6.09e-02   1263.822s
2606000 +6.17906813e+06 +6.18481196e+06  5.74e+03   1.68e+01     6.08e-02   1264.301s
2607000 +6.17902907e+06 +6.18479334e+06  5.76e+03   1.67e+01     6.08e-02   1264.780s
2608000 +6.17900737e+06 +6.18477804e+06  5.77e+03   1.67e+01     6.06e-02   1265.259s
2609000 +6.17898417e+06 +6.18476212e+06  5.78e+03   1.68e+01     6.08e-02   1265.738s
2610000 +6.17897247e+06 +6.18474545e+06  5.77e+03   1.67e+01     6.06e-02   1266.217s
2611000 +6.17895669e+06 +6.18472827e+06  5.77e+03   1.67e+01     6.03e-02   1266.696s
2612000 +6.17895110e+06 +6.18471471e+06  5.76e+03   1.68e+01     6.02e-02   1267.175s
2613000 +6.17892856e+06 +6.18470238e+06  5.77e+03   1.68e+01     6.03e-02   1267.654s
2614000 +6.17892567e+06 +6.18468627e+06  5.76e+03   1.68e+01     6.02e-02   1268.133s
2615000 +6.17891881e+06 +6.18467228e+06  5.75e+03   1.68e+01     6.02e-02   1268.612s
2616000 +6.17891090e+06 +6.18465686e+06  5.75e+03   1.68e+01     6.01e-02   1269.091s
2617000 +6.17887852e+06 +6.18464341e+06  5.76e+03   1.68e+01     6.01e-02   1269.570s
2618000 +6.17884506e+06 +6.18463004e+06  5.78e+03   1.68e+01     6.00e-02   1270.049s
2619000 +6.17882965e+06 +6.18461041e+06  5.78e+03   1.68e+01     5.99e-02   1270.528s
2620000 +6.17881621e+06 +6.18459454e+06  5.78e+03   1.69e+01     5.99e-02   1271.007s
2621000 +6.17878313e+06 +6.18457780e+06  5.79e+03   1.68e+01     5.99e-02   1271.486s
2622000 +6.17876619e+06 +6.18456561e+06  5.80e+03   1.68e+01     5.97e-02   1271.965s
2623000 +6.17873883e+06 +6.18455172e+06  5.81e+03   1.68e+01     5.96e-02   1272.444s
2624000 +6.17872148e+06 +6.18453790e+06  5.82e+03   1.68e+01     5.97e-02   1272.923s
2625000 +6.17870159e+06 +6.18452554e+06  5.82e+03   1.68e+01     5.96e-02   1273.402s
2626000 +6.17868173e+06 +6.18451364e+06  5.83e+03   1.68e+01     5.96e-02   1273.881s
2627000 +6.17865500e+06 +6.18450135e+06  5.85e+03   1.69e+01     5.95e-02   1274.360s
2628000 +6.17865484e+06 +6.18449120e+06  5.84e+03   1.69e+01     5.94e-02   1274.839s
2629000 +6.17867678e+06 +6.18447875e+06  5.80e+03   1.69e+01     5.94e-02   1275.318s
2630000 +6.17866743e+06 +6.18446841e+06  5.80e+03   1.69e+01     5.93e-02   1275.797s
2631000 +6.17864988e+06 +6.18445622e+06  5.81e+03   1.69e+01     5.93e-02   1276.276s
2632000 +6.17861676e+06 +6.18444452e+06  5.83e+03   1.69e+01     5.92e-02   1276.754s
2633000 +6.17862876e+06 +6.18443061e+06  5.80e+03   1.69e+01     5.93e-02   1277.233s
2634000 +6.17862270e+06 +6.18441499e+06  5.79e+03   1.70e+01     5.92e-02   1277.712s
2635000 +6.17861639e+06 +6.18439416e+06  5.78e+03   1.70e+01     5.90e-02   1278.191s
2636000 +6.17860944e+06 +6.18437503e+06  5.77e+03   1.70e+01     5.89e-02   1278.670s
2637000 +6.17861019e+06 +6.18435524e+06  5.75e+03   1.71e+01     5.87e-02   1279.149s
2638000 +6.17859975e+06 +6.18434111e+06  5.74e+03   1.71e+01     5.86e-02   1279.628s
2639000 +6.17859496e+06 +6.18432443e+06  5.73e+03   1.71e+01     5.86e-02   1280.107s
2640000 +6.17858802e+06 +6.18430927e+06  5.72e+03   1.71e+01     5.85e-02   1280.586s
2641000 +6.17857721e+06 +6.18429272e+06  5.72e+03   1.70e+01     5.83e-02   1281.065s
2642000 +6.17856900e+06 +6.18427079e+06  5.70e+03   1.71e+01     5.82e-02   1281.544s
2643000 +6.17856216e+06 +6.18424890e+06  5.69e+03   1.71e+01     5.82e-02   1282.023s
2644000 +6.17855024e+06 +6.18423072e+06  5.68e+03   1.72e+01     5.80e-02   1282.502s
2645000 +6.17853274e+06 +6.18421106e+06  5.68e+03   1.72e+01     5.79e-02   1282.981s
2646000 +6.17850310e+06 +6.18419274e+06  5.69e+03   1.71e+01     5.77e-02   1283.460s
2647000 +6.17850214e+06 +6.18417713e+06  5.67e+03   1.72e+01     5.77e-02   1283.939s
2648000 +6.17846589e+06 +6.18416076e+06  5.69e+03   1.72e+01     5.77e-02   1284.418s
2649000 +6.17846423e+06 +6.18414412e+06  5.68e+03   1.72e+01     5.76e-02   1284.897s
2650000 +6.17844011e+06 +6.18412802e+06  5.69e+03   1.72e+01     5.74e-02   1285.376s
2651000 +6.17843291e+06 +6.18410751e+06  5.67e+03   1.72e+01     5.75e-02   1285.855s
2652000 +6.17842827e+06 +6.18408984e+06  5.66e+03   1.73e+01     5.74e-02   1286.334s
2653000 +6.17842957e+06 +6.18407878e+06  5.65e+03   1.73e+01     5.72e-02   1286.813s
2654000 +6.17840278e+06 +6.18406445e+06  5.66e+03   1.73e+01     5.71e-02   1287.292s
2655000 +6.17838186e+06 +6.18405395e+06  5.67e+03   1.72e+01     5.70e-02   1287.771s
2656000 +6.17836305e+06 +6.18403373e+06  5.67e+03   1.72e+01     5.70e-02   1288.250s
2657000 +6.17833968e+06 +6.18402084e+06  5.68e+03   1.73e+01     5.69e-02   1288.729s
2658000 +6.17834421e+06 +6.18400272e+06  5.66e+03   1.73e+01     5.69e-02   1289.208s
2659000 +6.17831609e+06 +6.18399107e+06  5.67e+03   1.72e+01     5.67e-02   1289.687s
2660000 +6.17830870e+06 +6.18397571e+06  5.67e+03   1.72e+01     5.66e-02   1290.166s
2661000 +6.17830241e+06 +6.18396632e+06  5.66e+03   1.73e+01     5.65e-02   1290.645s
2662000 +6.17828518e+06 +6.18395200e+06  5.67e+03   1.73e+01     5.66e-02   1291.124s
2663000 +6.17826694e+06 +6.18394079e+06  5.67e+03   1.73e+01     5.65e-02   1291.603s
2664000 +6.17824076e+06 +6.18392459e+06  5.68e+03   1.73e+01     5.63e-02   1292.082s
2665000 +6.17821565e+06 +6.18390869e+06  5.69e+03   1.73e+01     5.61e-02   1292.561s
2666000 +6.17819854e+06 +6.18389365e+06  5.70e+03   1.73e+01     5.61e-02   1293.040s
2667000 +6.17817446e+06 +6.18388084e+06  5.71e+03   1.73e+01     5.60e-02   1293.519s
2668000 +6.17814375e+06 +6.18386152e+06  5.72e+03   1.72e+01     5.59e-02   1293.998s
2669000 +6.17811917e+06 +6.18384697e+06  5.73e+03   1.73e+01     5.59e-02   1294.477s
2670000 +6.17810845e+06 +6.18383026e+06  5.72e+03   1.73e+01     5.56e-02   1294.956s
2671000 +6.17809343e+06 +6.18381786e+06  5.72e+03   1.72e+01     5.57e-02   1295.435s
2672000 +6.17807549e+06 +6.18380262e+06  5.73e+03   1.73e+01     5.55e-02   1295.914s
2673000 +6.17804620e+06 +6.18378776e+06  5.74e+03   1.73e+01     5.54e-02   1296.392s
2674000 +6.17803433e+06 +6.18377889e+06  5.74e+03   1.72e+01     5.53e-02   1296.871s
2675000 +6.17801857e+06 +6.18376341e+06  5.74e+03   1.73e+01     5.53e-02   1297.350s
2676000 +6.17800789e+06 +6.18375090e+06  5.74e+03   1.73e+01     5.53e-02   1297.829s
2677000 +6.17799276e+06 +6.18374185e+06  5.75e+03   1.73e+01     5.53e-02   1298.308s
2678000 +6.17798301e+06 +6.18372709e+06  5.74e+03   1.73e+01     5.52e-02   1298.787s
2679000 +6.17798346e+06 +6.18371442e+06  5.73e+03   1.73e+01     5.50e-02   1299.266s
2680000 +6.17796259e+06 +6.18370513e+06  5.74e+03   1.73e+01     5.51e-02   1299.745s
2681000 +6.17796265e+06 +6.18369198e+06  5.73e+03   1.73e+01     5.48e-02   1300.224s
2682000 +6.17794778e+06 +6.18367806e+06  5.73e+03   1.73e+01     5.47e-02   1300.703s
2683000 +6.17790936e+06 +6.18365896e+06  5.75e+03   1.74e+01     5.47e-02   1301.182s
2684000 +6.17790052e+06 +6.18364449e+06  5.74e+03   1.73e+01     5.47e-02   1301.661s
2685000 +6.17789650e+06 +6.18363306e+06  5.74e+03   1.74e+01     5.46e-02   1302.140s
2686000 +6.17787724e+06 +6.18361445e+06  5.74e+03   1.74e+01     5.46e-02   1302.619s
2687000 +6.17786550e+06 +6.18360079e+06  5.74e+03   1.74e+01     5.46e-02   1303.098s
2688000 +6.17784040e+06 +6.18358562e+06  5.75e+03   1.74e+01     5.43e-02   1303.577s
2689000 +6.17783326e+06 +6.18357043e+06  5.74e+03   1.74e+01     5.43e-02   1304.056s
2690000 +6.17781569e+06 +6.18356397e+06  5.75e+03   1.74e+01     5.42e-02   1304.535s
2691000 +6.17780436e+06 +6.18355150e+06  5.75e+03   1.74e+01     5.41e-02   1305.014s
2692000 +6.17777870e+06 +6.18353608e+06  5.76e+03   1.74e+01     5.40e-02   1305.493s
2693000 +6.17775579e+06 +6.18352443e+06  5.77e+03   1.74e+01     5.40e-02   1305.971s
2694000 +6.17773033e+06 +6.18351018e+06  5.78e+03   1.74e+01     5.40e-02   1306.450s
2695000 +6.17772167e+06 +6.18350081e+06  5.78e+03   1.74e+01     5.38e-02   1306.929s
2696000 +6.17771717e+06 +6.18348669e+06  5.77e+03   1.75e+01     5.37e-02   1307.408s
2697000 +6.17768271e+06 +6.18346831e+06  5.79e+03   1.74e+01     5.37e-02   1307.887s
2698000 +6.17765392e+06 +6.18345807e+06  5.80e+03   1.74e+01     5.35e-02   1308.366s
2699000 +6.17764879e+06 +6.18344760e+06  5.80e+03   1.74e+01     5.34e-02   1308.845s
2700000 +6.17765223e+06 +6.18343496e+06  5.78e+03   1.75e+01     5.34e-02   1309.324s
2701000 +6.17764459e+06 +6.18342416e+06  5.78e+03   1.75e+01     5.34e-02   1309.803s
2702000 +6.17762216e+06 +6.18341332e+06  5.79e+03   1.75e+01     5.32e-02   1310.282s
2703000 +6.17763275e+06 +6.18340238e+06  5.77e+03   1.75e+01     5.31e-02   1310.761s
2704000 +6.17763944e+06 +6.18339326e+06  5.75e+03   1.75e+01     5.32e-02   1311.240s
2705000 +6.17763261e+06 +6.18337808e+06  5.75e+03   1.76e+01     5.30e-02   1311.719s
2706000 +6.17761925e+06 +6.18336160e+06  5.74e+03   1.76e+01     5.29e-02   1312.198s
2707000 +6.17761552e+06 +6.18334830e+06  5.73e+03   1.76e+01     5.27e-02   1312.677s
2708000 +6.17759209e+06 +6.18333263e+06  5.74e+03   1.76e+01     5.27e-02   1313.156s
2709000 +6.17757774e+06 +6.18332079e+06  5.74e+03   1.76e+01     5.27e-02   1313.635s
2710000 +6.17757689e+06 +6.18330744e+06  5.73e+03   1.76e+01     5.25e-02   1314.114s
2711000 +6.17756699e+06 +6.18329253e+06  5.73e+03   1.77e+01     5.26e-02   1314.593s
2712000 +6.17754704e+06 +6.18328129e+06  5.73e+03   1.77e+01     5.25e-02   1315.072s
2713000 +6.17753434e+06 +6.18326473e+06  5.73e+03   1.77e+01     5.24e-02   1315.551s
2714000 +6.17751741e+06 +6.18324986e+06  5.73e+03   1.77e+01     5.22e-02   1316.030s
2715000 +6.17751627e+06 +6.18323803e+06  5.72e+03   1.77e+01     5.22e-02   1316.509s
2716000 +6.17748520e+06 +6.18322619e+06  5.74e+03   1.77e+01     5.22e-02   1316.988s
2717000 +6.17746267e+06 +6.18320897e+06  5.75e+03   1.77e+01     5.21e-02   1317.467s
2718000 +6.17745285e+06 +6.18319589e+06  5.74e+03   1.77e+01     5.21e-02   1317.946s
2719000 +6.17743565e+06 +6.18318181e+06  5.75e+03   1.77e+01     5.20e-02   1318.425s
2720000 +6.17741406e+06 +6.18316280e+06  5.75e+03   1.77e+01     5.20e-02   1318.904s
2721000 +6.17739540e+06 +6.18314616e+06  5.75e+03   1.77e+01     5.18e-02   1319.383s
2722000 +6.17740471e+06 +6.18313229e+06  5.73e+03   1.77e+01     5.19e-02   1319.862s
2723000 +6.17738763e+06 +6.18312327e+06  5.74e+03   1.77e+01     5.17e-02   1320.341s
2724000 +6.17737149e+06 +6.18311108e+06  5.74e+03   1.77e+01     5.17e-02   1320.820s
2725000 +6.17736554e+06 +6.18309825e+06  5.73e+03   1.78e+01     5.15e-02   1321.299s
2726000 +6.17737132e+06 +6.18308661e+06  5.72e+03   1.78e+01     5.16e-02   1321.778s
2727000 +6.17737140e+06 +6.18307131e+06  5.70e+03   1.78e+01     5.17e-02   1322.257s
2728000 +6.17736376e+06 +6.18305457e+06  5.69e+03   1.78e+01     5.16e-02   1322.736s
2729000 +6.17734143e+06 +6.18304251e+06  5.70e+03   1.79e+01     5.17e-02   1323.215s
2730000 +6.17734195e+06 +6.18303552e+06  5.69e+03   1.79e+01     5.15e-02   1323.694s
2731000 +6.17733246e+06 +6.18302353e+06  5.69e+03   1.78e+01     5.15e-02   1324.173s
2732000 +6.17729964e+06 +6.18300833e+06  5.71e+03   1.78e+01     5.13e-02   1324.652s
2733000 +6.17728512e+06 +6.18299700e+06  5.71e+03   1.79e+01     5.12e-02   1325.131s
2734000 +6.17728327e+06 +6.18298557e+06  5.70e+03   1.78e+01     5.12e-02   1325.610s
2735000 +6.17728532e+06 +6.18297071e+06  5.69e+03   1.79e+01     5.12e-02   1326.089s
2736000 +6.17727985e+06 +6.18295872e+06  5.68e+03   1.79e+01     5.11e-02   1326.568s
2737000 +6.17727294e+06 +6.18295066e+06  5.68e+03   1.79e+01     5.09e-02   1327.047s
2738000 +6.17725073e+06 +6.18294206e+06  5.69e+03   1.79e+01     5.10e-02   1327.526s
2739000 +6.17722795e+06 +6.18292632e+06  5.70e+03   1.79e+01     5.09e-02   1328.005s
2740000 +6.17722044e+06 +6.18291291e+06  5.69e+03   1.79e+01     5.09e-02   1328.484s
2741000 +6.17719581e+06 +6.18290525e+06  5.71e+03   1.79e+01     5.09e-02   1328.963s
2742000 +6.17717815e+06 +6.18289531e+06  5.72e+03   1.80e+01     5.09e-02   1329.442s
2743000 +6.17717163e+06 +6.18288432e+06  5.71e+03   1.80e+01     5.09e-02   1329.921s
2744000 +6.17714992e+06 +6.18287566e+06  5.73e+03   1.79e+01     5.08e-02   1330.400s
2745000 +6.17714787e+06 +6.18286291e+06  5.72e+03   1.80e+01     5.07e-02   1330.879s
2746000 +6.17713209e+06 +6.18284811e+06  5.72e+03   1.80e+01     5.06e-02   1331.358s
2747000 +6.17712522e+06 +6.18283743e+06  5.71e+03   1.80e+01     5.05e-02   1331.837s
2748000 +6.17712702e+06 +6.18282229e+06  5.70e+03   1.80e+01     5.05e-02   1332.316s
2749000 +6.17711374e+06 +6.18280777e+06  5.69e+03   1.80e+01     5.04e-02   1332.795s
2750000 +6.17712835e+06 +6.18279786e+06  5.67e+03   1.81e+01     5.04e-02   1333.274s
2751000 +6.17711728e+06 +6.18278681e+06  5.67e+03   1.81e+01     5.03e-02   1333.753s
2752000 +6.17711466e+06 +6.18277220e+06  5.66e+03   1.81e+01     5.02e-02   1334.232s
2753000 +6.17710955e+06 +6.18275782e+06  5.65e+03   1.81e+01     5.01e-02   1334.711s
2754000 +6.17709254e+06 +6.18274743e+06  5.65e+03   1.81e+01     5.01e-02   1335.189s
2755000 +6.17709985e+06 +6.18273430e+06  5.63e+03   1.82e+01     5.00e-02   1335.668s
2756000 +6.17708517e+06 +6.18271648e+06  5.63e+03   1.81e+01     4.99e-02   1336.147s
2757000 +6.17707053e+06 +6.18270154e+06  5.63e+03   1.81e+01     4.98e-02   1336.626s
2758000 +6.17707278e+06 +6.18269547e+06  5.62e+03   1.82e+01     4.98e-02   1337.105s
2759000 +6.17707229e+06 +6.18268256e+06  5.61e+03   1.82e+01     4.98e-02   1337.584s
2760000 +6.17705600e+06 +6.18266664e+06  5.61e+03   1.82e+01     4.99e-02   1338.063s
2761000 +6.17701579e+06 +6.18264861e+06  5.63e+03   1.82e+01     4.98e-02   1338.542s
2762000 +6.17699109e+06 +6.18263250e+06  5.64e+03   1.82e+01     4.97e-02   1339.021s
2763000 +6.17698920e+06 +6.18261410e+06  5.62e+03   1.82e+01     4.95e-02   1339.500s
2764000 +6.17697371e+06 +6.18259994e+06  5.63e+03   1.82e+01     4.95e-02   1339.979s
2765000 +6.17696988e+06 +6.18258970e+06  5.62e+03   1.82e+01     4.95e-02   1340.458s
2766000 +6.17695961e+06 +6.18257574e+06  5.62e+03   1.82e+01     4.93e-02   1340.937s
2767000 +6.17695452e+06 +6.18256101e+06  5.61e+03   1.82e+01     4.93e-02   1341.416s
2768000 +6.17695004e+06 +6.18255373e+06  5.60e+03   1.83e+01     4.92e-02   1341.895s
2769000 +6.17693673e+06 +6.18254112e+06  5.60e+03   1.83e+01     4.92e-02   1342.374s
2770000 +6.17692407e+06 +6.18252949e+06  5.61e+03   1.83e+01     4.92e-02   1342.853s
2771000 +6.17689574e+06 +6.18252114e+06  5.63e+03   1.83e+01     4.93e-02   1343.332s
2772000 +6.17687744e+06 +6.18251046e+06  5.63e+03   1.82e+01     4.92e-02   1343.811s
2773000 +6.17686771e+06 +6.18249890e+06  5.63e+03   1.83e+01     4.91e-02   1344.290s
2774000 +6.17686623e+06 +6.18248415e+06  5.62e+03   1.83e+01     4.91e-02   1344.769s
2775000 +6.17683505e+06 +6.18247392e+06  5.64e+03   1.83e+01     4.90e-02   1345.248s
2776000 +6.17682252e+06 +6.18246222e+06  5.64e+03   1.83e+01     4.89e-02   1345.727s
2777000 +6.17680017e+06 +6.18245041e+06  5.65e+03   1.83e+01     4.88e-02   1346.206s
2778000 +6.17679002e+06 +6.18244312e+06  5.65e+03   1.83e+01     4.87e-02   1346.685s
2779000 +6.17676727e+06 +6.18243124e+06  5.66e+03   1.83e+01     4.87e-02   1347.164s
2780000 +6.17674989e+06 +6.18241571e+06  5.67e+03   1.83e+01     4.88e-02   1347.644s
2781000 +6.17672683e+06 +6.18240306e+06  5.68e+03   1.83e+01     4.88e-02   1348.123s
2782000 +6.17670813e+06 +6.18239402e+06  5.69e+03   1.82e+01     4.86e-02   1348.601s
2783000 +6.17668521e+06 +6.18238453e+06  5.70e+03   1.83e+01     4.85e-02   1349.080s
2784000 +6.17669468e+06 +6.18237408e+06  5.68e+03   1.83e+01     4.86e-02   1349.559s
2785000 +6.17670084e+06 +6.18236024e+06  5.66e+03   1.83e+01     4.85e-02   1350.038s
2786000 +6.17669229e+06 +6.18234323e+06  5.65e+03   1.83e+01     4.86e-02   1350.517s
2787000 +6.17668226e+06 +6.18233134e+06  5.65e+03   1.84e+01     4.84e-02   1350.996s
2788000 +6.17666556e+06 +6.18231946e+06  5.65e+03   1.84e+01     4.85e-02   1351.475s
2789000 +6.17665341e+06 +6.18230655e+06  5.65e+03   1.83e+01     4.84e-02   1351.954s
2790000 +6.17664175e+06 +6.18229454e+06  5.65e+03   1.83e+01     4.84e-02   1352.434s
2791000 +6.17662765e+06 +6.18228452e+06  5.66e+03   1.84e+01     4.83e-02   1352.913s
2792000 +6.17661211e+06 +6.18227032e+06  5.66e+03   1.84e+01     4.83e-02   1353.392s
2793000 +6.17661769e+06 +6.18225526e+06  5.64e+03   1.84e+01     4.82e-02   1353.871s
2794000 +6.17661056e+06 +6.18224059e+06  5.63e+03   1.84e+01     4.82e-02   1354.350s
2795000 +6.17659819e+06 +6.18222978e+06  5.63e+03   1.84e+01     4.80e-02   1354.829s
2796000 +6.17658148e+06 +6.18221616e+06  5.63e+03   1.84e+01     4.79e-02   1355.308s
2797000 +6.17658391e+06 +6.18220537e+06  5.62e+03   1.85e+01     4.78e-02   1355.787s
2798000 +6.17658756e+06 +6.18219440e+06  5.61e+03   1.85e+01     4.78e-02   1356.266s
2799000 +6.17657905e+06 +6.18218305e+06  5.60e+03   1.85e+01     4.78e-02   1356.745s
2800000 +6.17655912e+06 +6.18217112e+06  5.61e+03   1.85e+01     4.78e-02   1357.224s
2801000 +6.17654085e+06 +6.18216210e+06  5.62e+03   1.85e+01     4.77e-02   1357.703s
2802000 +6.17651629e+06 +6.18215078e+06  5.63e+03   1.85e+01     4.77e-02   1358.182s
2803000 +6.17650001e+06 +6.18213809e+06  5.64e+03   1.85e+01     4.76e-02   1358.661s
2804000 +6.17649326e+06 +6.18212707e+06  5.63e+03   1.85e+01     4.76e-02   1359.140s
2805000 +6.17648597e+06 +6.18211697e+06  5.63e+03   1.85e+01     4.74e-02   1359.619s
2806000 +6.17647742e+06 +6.18211141e+06  5.63e+03   1.85e+01     4.74e-02   1360.098s
2807000 +6.17645765e+06 +6.18210324e+06  5.65e+03   1.85e+01     4.74e-02   1360.577s
2808000 +6.17645199e+06 +6.18209230e+06  5.64e+03   1.85e+01     4.74e-02   1361.056s
2809000 +6.17644447e+06 +6.18208358e+06  5.64e+03   1.85e+01     4.74e-02   1361.535s
2810000 +6.17640432e+06 +6.18207206e+06  5.67e+03   1.85e+01     4.74e-02   1362.014s
2811000 +6.17636992e+06 +6.18206167e+06  5.69e+03   1.85e+01     4.73e-02   1362.493s
2812000 +6.17635765e+06 +6.18205343e+06  5.70e+03   1.85e+01     4.73e-02   1362.972s
2813000 +6.17633210e+06 +6.18204464e+06  5.71e+03   1.85e+01     4.72e-02   1363.451s
2814000 +6.17633129e+06 +6.18203220e+06  5.70e+03   1.85e+01     4.72e-02   1363.930s
2815000 +6.17631654e+06 +6.18202217e+06  5.71e+03   1.85e+01     4.71e-02   1364.409s
2816000 +6.17630698e+06 +6.18200954e+06  5.70e+03   1.85e+01     4.71e-02   1364.888s
2817000 +6.17631157e+06 +6.18199706e+06  5.69e+03   1.85e+01     4.70e-02   1365.367s
2818000 +6.17629954e+06 +6.18198387e+06  5.68e+03   1.85e+01     4.70e-02   1365.846s
2819000 +6.17629013e+06 +6.18197180e+06  5.68e+03   1.85e+01     4.69e-02   1366.325s
2820000 +6.17628331e+06 +6.18196571e+06  5.68e+03   1.85e+01     4.69e-02   1366.804s
2821000 +6.17624517e+06 +6.18195418e+06  5.71e+03   1.85e+01     4.68e-02   1367.283s
2822000 +6.17624489e+06 +6.18194247e+06  5.70e+03   1.85e+01     4.67e-02   1367.762s
2823000 +6.17622757e+06 +6.18192987e+06  5.70e+03   1.85e+01     4.67e-02   1368.241s
2824000 +6.17621028e+06 +6.18191577e+06  5.71e+03   1.85e+01     4.66e-02   1368.720s
2825000 +6.17620501e+06 +6.18190156e+06  5.70e+03   1.85e+01     4.65e-02   1369.199s
2826000 +6.17619059e+06 +6.18188653e+06  5.70e+03   1.86e+01     4.63e-02   1369.678s
2827000 +6.17619222e+06 +6.18187819e+06  5.69e+03   1.86e+01     4.63e-02   1370.157s
2828000 +6.17618235e+06 +6.18186596e+06  5.68e+03   1.86e+01     4.62e-02   1370.636s
2829000 +6.17617174e+06 +6.18185440e+06  5.68e+03   1.86e+01     4.62e-02   1371.115s
2830000 +6.17615364e+06 +6.18184424e+06  5.69e+03   1.86e+01     4.62e-02   1371.594s
2831000 +6.17613986e+06 +6.18183007e+06  5.69e+03   1.86e+01     4.61e-02   1372.073s
2832000 +6.17612443e+06 +6.18181632e+06  5.69e+03   1.86e+01     4.60e-02   1372.552s
2833000 +6.17610918e+06 +6.18180013e+06  5.69e+03   1.86e+01     4.60e-02   1373.031s
2834000 +6.17609362e+06 +6.18178282e+06  5.69e+03   1.86e+01     4.57e-02   1373.510s
2835000 +6.17609162e+06 +6.18177235e+06  5.68e+03   1.86e+01     4.58e-02   1373.989s
2836000 +6.17607645e+06 +6.18176554e+06  5.69e+03   1.86e+01     4.57e-02   1374.468s
2837000 +6.17606671e+06 +6.18175013e+06  5.68e+03   1.86e+01     4.55e-02   1374.947s
2838000 +6.17604717e+06 +6.18173617e+06  5.69e+03   1.86e+01     4.55e-02   1375.426s
2839000 +6.17603097e+06 +6.18172963e+06  5.70e+03   1.87e+01     4.55e-02   1375.905s
2840000 +6.17601587e+06 +6.18171844e+06  5.70e+03   1.86e+01     4.55e-02   1376.384s
2841000 +6.17600058e+06 +6.18170349e+06  5.70e+03   1.86e+01     4.55e-02   1376.863s
2842000 +6.17598972e+06 +6.18169560e+06  5.71e+03   1.86e+01     4.54e-02   1377.342s
2843000 +6.17597333e+06 +6.18168630e+06  5.71e+03   1.86e+01     4.54e-02   1377.821s
2844000 +6.17596546e+06 +6.18167763e+06  5.71e+03   1.86e+01     4.52e-02   1378.300s
2845000 +6.17597756e+06 +6.18165977e+06  5.68e+03   1.87e+01     4.52e-02   1378.779s
2846000 +6.17595834e+06 +6.18164705e+06  5.69e+03   1.87e+01     4.51e-02   1379.258s
2847000 +6.17594098e+06 +6.18163606e+06  5.70e+03   1.87e+01     4.50e-02   1379.737s
2848000 +6.17594053e+06 +6.18162068e+06  5.68e+03   1.87e+01     4.50e-02   1380.216s
2849000 +6.17593102e+06 +6.18161264e+06  5.68e+03   1.88e+01     4.49e-02   1380.695s
2850000 +6.17592026e+06 +6.18159751e+06  5.68e+03   1.87e+01     4.50e-02   1381.174s
2851000 +6.17590431e+06 +6.18158384e+06  5.68e+03   1.87e+01     4.49e-02   1381.652s
2852000 +6.17588894e+06 +6.18157728e+06  5.69e+03   1.87e+01     4.49e-02   1382.132s
2853000 +6.17587551e+06 +6.18156619e+06  5.69e+03   1.88e+01     4.48e-02   1382.610s
2854000 +6.17586762e+06 +6.18155746e+06  5.69e+03   1.87e+01     4.48e-02   1383.089s
2855000 +6.17584601e+06 +6.18154619e+06  5.70e+03   1.88e+01     4.46e-02   1383.569s
2856000 +6.17583301e+06 +6.18154011e+06  5.71e+03   1.88e+01     4.46e-02   1384.048s
2857000 +6.17580464e+06 +6.18153408e+06  5.73e+03   1.87e+01     4.45e-02   1384.526s
2858000 +6.17578888e+06 +6.18152211e+06  5.73e+03   1.87e+01     4.44e-02   1385.005s
2859000 +6.17578785e+06 +6.18151279e+06  5.72e+03   1.88e+01     4.43e-02   1385.484s
2860000 +6.17578352e+06 +6.18150209e+06  5.72e+03   1.88e+01     4.43e-02   1385.963s
2861000 +6.17577112e+06 +6.18148867e+06  5.72e+03   1.87e+01     4.42e-02   1386.442s
2862000 +6.17575338e+06 +6.18147672e+06  5.72e+03   1.88e+01     4.42e-02   1386.921s
2863000 +6.17574816e+06 +6.18146484e+06  5.72e+03   1.88e+01     4.41e-02   1387.400s
2864000 +6.17573350e+06 +6.18145383e+06  5.72e+03   1.87e+01     4.41e-02   1387.879s
2865000 +6.17571775e+06 +6.18144282e+06  5.73e+03   1.87e+01     4.40e-02   1388.358s
2866000 +6.17569970e+06 +6.18142992e+06  5.73e+03   1.88e+01     4.40e-02   1388.837s
2867000 +6.17569832e+06 +6.18141441e+06  5.72e+03   1.88e+01     4.39e-02   1389.316s
2868000 +6.17568609e+06 +6.18140436e+06  5.72e+03   1.87e+01     4.38e-02   1389.795s
2869000 +6.17566422e+06 +6.18139456e+06  5.73e+03   1.87e+01     4.38e-02   1390.274s
2870000 +6.17563799e+06 +6.18138896e+06  5.75e+03   1.88e+01     4.39e-02   1390.753s
2871000 +6.17561648e+06 +6.18137764e+06  5.76e+03   1.88e+01     4.39e-02   1391.232s
2872000 +6.17559248e+06 +6.18136804e+06  5.78e+03   1.87e+01     4.37e-02   1391.711s
2873000 +6.17557104e+06 +6.18135566e+06  5.78e+03   1.87e+01     4.37e-02   1392.190s
2874000 +6.17556017e+06 +6.18134298e+06  5.78e+03   1.87e+01     4.37e-02   1392.669s
2875000 +6.17553777e+06 +6.18133081e+06  5.79e+03   1.87e+01     4.36e-02   1393.148s
2876000 +6.17551923e+06 +6.18131856e+06  5.80e+03   1.87e+01     4.35e-02   1393.627s
2877000 +6.17549550e+06 +6.18130882e+06  5.81e+03   1.87e+01     4.35e-02   1394.106s
2878000 +6.17548251e+06 +6.18130370e+06  5.82e+03   1.87e+01     4.32e-02   1394.585s
2879000 +6.17547505e+06 +6.18129230e+06  5.82e+03   1.86e+01     4.32e-02   1395.064s
2880000 +6.17545478e+06 +6.18128195e+06  5.83e+03   1.87e+01     4.31e-02   1395.543s
2881000 +6.17543779e+06 +6.18126995e+06  5.83e+03   1.87e+01     4.31e-02   1396.022s
2882000 +6.17542268e+06 +6.18126049e+06  5.84e+03   1.87e+01     4.30e-02   1396.501s
2883000 +6.17540939e+06 +6.18125055e+06  5.84e+03   1.87e+01     4.31e-02   1396.980s
2884000 +6.17539542e+06 +6.18124310e+06  5.85e+03   1.87e+01     4.30e-02   1397.459s
2885000 +6.17538097e+06 +6.18123882e+06  5.86e+03   1.87e+01     4.30e-02   1397.938s
2886000 +6.17536624e+06 +6.18122888e+06  5.86e+03   1.87e+01     4.29e-02   1398.417s
2887000 +6.17535029e+06 +6.18122011e+06  5.87e+03   1.87e+01     4.29e-02   1398.896s
2888000 +6.17534322e+06 +6.18120771e+06  5.86e+03   1.87e+01     4.29e-02   1399.375s
2889000 +6.17532835e+06 +6.18119820e+06  5.87e+03   1.87e+01     4.29e-02   1399.854s
2890000 +6.17530169e+06 +6.18118727e+06  5.89e+03   1.87e+01     4.28e-02   1400.333s
2891000 +6.17528866e+06 +6.18117099e+06  5.88e+03   1.87e+01     4.29e-02   1400.812s
2892000 +6.17528504e+06 +6.18116228e+06  5.88e+03   1.87e+01     4.28e-02   1401.291s
2893000 +6.17527738e+06 +6.18115678e+06  5.88e+03   1.88e+01     4.28e-02   1401.770s
2894000 +6.17526518e+06 +6.18115357e+06  5.89e+03   1.87e+01     4.28e-02   1402.249s
2895000 +6.17524782e+06 +6.18114554e+06  5.90e+03   1.87e+01     4.28e-02   1402.728s
2896000 +6.17523650e+06 +6.18114288e+06  5.91e+03   1.87e+01     4.27e-02   1403.207s
2897000 +6.17523377e+06 +6.18113004e+06  5.90e+03   1.87e+01     4.26e-02   1403.686s
2898000 +6.17522366e+06 +6.18111956e+06  5.90e+03   1.87e+01     4.26e-02   1404.164s
2899000 +6.17521717e+06 +6.18111040e+06  5.89e+03   1.87e+01     4.24e-02   1404.643s
2900000 +6.17520122e+06 +6.18110288e+06  5.90e+03   1.88e+01     4.24e-02   1405.122s
2901000 +6.17520000e+06 +6.18109291e+06  5.89e+03   1.88e+01     4.24e-02   1405.601s
2902000 +6.17518142e+06 +6.18108437e+06  5.90e+03   1.88e+01     4.24e-02   1406.081s
2903000 +6.17516981e+06 +6.18107342e+06  5.90e+03   1.88e+01     4.22e-02   1406.560s
2904000 +6.17515415e+06 +6.18106808e+06  5.91e+03   1.88e+01     4.23e-02   1407.039s
2905000 +6.17514141e+06 +6.18106207e+06  5.92e+03   1.87e+01     4.22e-02   1407.518s
2906000 +6.17524901e+06 +6.18083968e+06  5.59e+03   1.92e+01     4.11e-02   1407.997s
2907000 +6.17535624e+06 +6.18073311e+06  5.38e+03   1.96e+01     4.11e-02   1408.476s
2908000 +6.17558303e+06 +6.18065797e+06  5.07e+03   2.01e+01     4.10e-02   1408.955s
2909000 +6.17577726e+06 +6.18058003e+06  4.80e+03   2.06e+01     4.09e-02   1409.433s
2910000 +6.17588102e+06 +6.18050345e+06  4.62e+03   2.10e+01     4.07e-02   1409.912s
2911000 +6.17601677e+06 +6.18041860e+06  4.40e+03   2.13e+01     4.06e-02   1410.391s
2912000 +6.17609699e+06 +6.18033612e+06  4.24e+03   2.17e+01     4.04e-02   1410.870s
2913000 +6.17628881e+06 +6.18023330e+06  3.94e+03   2.19e+01     4.02e-02   1411.349s
2914000 +6.17633416e+06 +6.18013725e+06  3.80e+03   2.22e+01     4.01e-02   1411.827s
2915000 +6.17630232e+06 +6.18003795e+06  3.74e+03   2.24e+01     3.98e-02   1412.306s
2916000 +6.17631404e+06 +6.17993207e+06  3.62e+03   2.25e+01     3.96e-02   1412.785s
2917000 +6.17631389e+06 +6.17983239e+06  3.52e+03   2.26e+01     3.94e-02   1413.264s
2918000 +6.17636908e+06 +6.17972757e+06  3.36e+03   2.29e+01     3.91e-02   1413.743s
2919000 +6.17640782e+06 +6.17961240e+06  3.20e+03   2.31e+01     3.89e-02   1414.222s
2920000 +6.17644376e+06 +6.17949350e+06  3.05e+03   2.33e+01     3.87e-02   1414.701s
2921000 +6.17644121e+06 +6.17940151e+06  2.96e+03   2.33e+01     3.85e-02   1415.180s
2922000 +6.17643083e+06 +6.17930430e+06  2.87e+03   2.36e+01     3.82e-02   1415.659s
2923000 +6.17646015e+06 +6.17920379e+06  2.74e+03   2.39e+01     3.79e-02   1416.138s
2924000 +6.17648638e+06 +6.17910607e+06  2.62e+03   2.40e+01     3.76e-02   1416.616s
2925000 +6.17650012e+06 +6.17900396e+06  2.50e+03   2.42e+01     3.73e-02   1417.095s
2926000 +6.17653640e+06 +6.17890125e+06  2.36e+03   2.44e+01     3.70e-02   1417.574s
2927000 +6.17656749e+06 +6.17879723e+06  2.23e+03   2.46e+01     3.66e-02   1418.053s
2928000 +6.17641741e+06 +6.17869280e+06  2.28e+03   2.48e+01     3.62e-02   1418.532s
2929000 +6.17626528e+06 +6.17859243e+06  2.33e+03   2.47e+01     3.59e-02   1419.011s
2930000 +6.17622390e+06 +6.17847186e+06  2.25e+03   2.46e+01     3.55e-02   1419.490s
2931000 +6.17611357e+06 +6.17836753e+06  2.25e+03   2.47e+01     3.52e-02   1419.969s
2932000 +6.17603743e+06 +6.17824956e+06  2.21e+03   2.50e+01     3.49e-02   1420.448s
2933000 +6.17600151e+06 +6.17814026e+06  2.14e+03   2.50e+01     3.45e-02   1420.927s
2934000 +6.17593665e+06 +6.17803832e+06  2.10e+03   2.51e+01     3.43e-02   1421.406s
2935000 +6.17582639e+06 +6.17793766e+06  2.11e+03   2.51e+01     3.39e-02   1421.885s
2936000 +6.17566514e+06 +6.17784159e+06  2.18e+03   2.50e+01     3.36e-02   1422.363s
2937000 +6.17550277e+06 +6.17773912e+06  2.24e+03   2.50e+01     3.32e-02   1422.842s
2938000 +6.17544555e+06 +6.17764404e+06  2.20e+03   2.50e+01     3.29e-02   1423.321s
2939000 +6.17541839e+06 +6.17754160e+06  2.12e+03   2.51e+01     3.26e-02   1423.800s
2940000 +6.17533804e+06 +6.17744781e+06  2.11e+03   2.51e+01     3.22e-02   1424.279s
2941000 +6.17513027e+06 +6.17736334e+06  2.23e+03   2.51e+01     3.19e-02   1424.758s
2942000 +6.17504964e+06 +6.17727265e+06  2.22e+03   2.49e+01     3.16e-02   1425.237s
2943000 +6.17502609e+06 +6.17717745e+06  2.15e+03   2.50e+01     3.14e-02   1425.716s
2944000 +6.17492794e+06 +6.17708543e+06  2.16e+03   2.51e+01     3.11e-02   1426.195s
2945000 +6.17491093e+06 +6.17700268e+06  2.09e+03   2.51e+01     3.08e-02   1426.674s
2946000 +6.17489500e+06 +6.17691636e+06  2.02e+03   2.50e+01     3.06e-02   1427.153s
2947000 +6.17477123e+06 +6.17682581e+06  2.05e+03   2.52e+01     3.03e-02   1427.632s
2948000 +6.17459653e+06 +6.17673363e+06  2.14e+03   2.55e+01     3.00e-02   1428.111s
2949000 +6.17449058e+06 +6.17664779e+06  2.16e+03   2.54e+01     2.99e-02   1428.590s
2950000 +6.17438933e+06 +6.17656621e+06  2.18e+03   2.54e+01     2.98e-02   1429.069s
2951000 +6.17428691e+06 +6.17648505e+06  2.20e+03   2.54e+01     2.96e-02   1429.548s
2952000 +6.17419151e+06 +6.17640527e+06  2.21e+03   2.54e+01     2.94e-02   1430.027s
2953000 +6.17410848e+06 +6.17631328e+06  2.20e+03   2.53e+01     2.92e-02   1430.506s
2954000 +6.17392136e+06 +6.17623435e+06  2.31e+03   2.52e+01     2.90e-02   1430.985s
2955000 +6.17392627e+06 +6.17614545e+06  2.22e+03   2.55e+01     2.88e-02   1431.464s
2956000 +6.17387136e+06 +6.17606337e+06  2.19e+03   2.56e+01     2.86e-02   1431.943s
2957000 +6.17372843e+06 +6.17597214e+06  2.24e+03   2.57e+01     2.84e-02   1432.421s
2958000 +6.17358213e+06 +6.17588613e+06  2.30e+03   2.54e+01     2.81e-02   1432.900s
2959000 +6.17347729e+06 +6.17581572e+06  2.34e+03   2.50e+01     2.79e-02   1433.379s
2960000 +6.17345066e+06 +6.17574968e+06  2.30e+03   2.50e+01     2.77e-02   1433.858s
2961000 +6.17339594e+06 +6.17566992e+06  2.27e+03   2.54e+01     2.75e-02   1434.337s
2962000 +6.17331787e+06 +6.17560262e+06  2.28e+03   2.55e+01     2.73e-02   1434.816s
2963000 +6.17326576e+06 +6.17552430e+06  2.26e+03   2.53e+01     2.72e-02   1435.295s
2964000 +6.17308286e+06 +6.17544784e+06  2.36e+03   2.52e+01     2.70e-02   1435.774s
2965000 +6.17312222e+06 +6.17537396e+06  2.25e+03   2.53e+01     2.68e-02   1436.253s
2966000 +6.17298365e+06 +6.17530210e+06  2.32e+03   2.53e+01     2.66e-02   1436.732s
2967000 +6.17285410e+06 +6.17522407e+06  2.37e+03   2.50e+01     2.64e-02   1437.211s
2968000 +6.17287864e+06 +6.17513920e+06  2.26e+03   2.52e+01     2.60e-02   1437.690s
2969000 +6.17295044e+06 +6.17507591e+06  2.13e+03   2.55e+01     2.57e-02   1438.169s
2970000 +6.17285627e+06 +6.17499907e+06  2.14e+03   2.57e+01     2.56e-02   1438.648s
2971000 +6.17278661e+06 +6.17491704e+06  2.13e+03   2.55e+01     2.55e-02   1439.127s
2972000 +6.17261894e+06 +6.17484639e+06  2.23e+03   2.54e+01     2.53e-02   1439.606s
2973000 +6.17259053e+06 +6.17477698e+06  2.19e+03   2.53e+01     2.51e-02   1440.085s
2974000 +6.17245769e+06 +6.17470665e+06  2.25e+03   2.53e+01     2.50e-02   1440.564s
2975000 +6.17239263e+06 +6.17463091e+06  2.24e+03   2.53e+01     2.47e-02   1441.043s
2976000 +6.17229392e+06 +6.17456009e+06  2.27e+03   2.55e+01     2.45e-02   1441.522s
2977000 +6.17221329e+06 +6.17450682e+06  2.29e+03   2.55e+01     2.42e-02   1442.001s
2978000 +6.17207395e+06 +6.17444864e+06  2.37e+03   2.54e+01     2.40e-02   1442.480s
2979000 +6.17198313e+06 +6.17438534e+06  2.40e+03   2.51e+01     2.39e-02   1442.958s
2980000 +6.17189499e+06 +6.17431924e+06  2.42e+03   2.50e+01     2.37e-02   1443.437s
2981000 +6.17172002e+06 +6.17425003e+06  2.53e+03   2.48e+01     2.36e-02   1443.916s
2982000 +6.17162102e+06 +6.17418365e+06  2.56e+03   2.47e+01     2.34e-02   1444.395s
2983000 +6.17150602e+06 +6.17411020e+06  2.60e+03   2.50e+01     2.32e-02   1444.874s
2984000 +6.17148326e+06 +6.17403915e+06  2.56e+03   2.51e+01     2.30e-02   1445.353s
2985000 +6.17131106e+06 +6.17396918e+06  2.66e+03   2.46e+01     2.28e-02   1445.832s
2986000 +6.17130241e+06 +6.17389172e+06  2.59e+03   2.46e+01     2.27e-02   1446.311s
2987000 +6.17119204e+06 +6.17383269e+06  2.64e+03   2.49e+01     2.25e-02   1446.790s
2988000 +6.17107036e+06 +6.17377346e+06  2.70e+03   2.50e+01     2.23e-02   1447.269s
2989000 +6.17103121e+06 +6.17370701e+06  2.68e+03   2.47e+01     2.22e-02   1447.748s
2990000 +6.17093682e+06 +6.17364412e+06  2.71e+03   2.47e+01     2.20e-02   1448.227s
2991000 +6.17085621e+06 +6.17359010e+06  2.73e+03   2.49e+01     2.20e-02   1448.706s
2992000 +6.17075919e+06 +6.17351979e+06  2.76e+03   2.47e+01     2.19e-02   1449.185s
2993000 +6.17072930e+06 +6.17345437e+06  2.73e+03   2.45e+01     2.18e-02   1449.664s
2994000 +6.17070415e+06 +6.17339316e+06  2.69e+03   2.46e+01     2.17e-02   1450.143s
2995000 +6.17048844e+06 +6.17333649e+06  2.85e+03   2.49e+01     2.15e-02   1450.622s
2996000 +6.17045273e+06 +6.17327035e+06  2.82e+03   2.49e+01     2.14e-02   1451.101s
2997000 +6.17033130e+06 +6.17321379e+06  2.88e+03   2.46e+01     2.12e-02   1451.580s
2998000 +6.17024886e+06 +6.17314330e+06  2.89e+03   2.43e+01     2.10e-02   1452.059s
2999000 +6.17017618e+06 +6.17307917e+06  2.90e+03   2.42e+01     2.09e-02   1452.538s
3000000 +6.17004705e+06 +6.17302337e+06  2.98e+03   2.43e+01     2.07e-02   1453.017s
3001000 +6.17011741e+06 +6.17298252e+06  2.87e+03   2.46e+01     2.06e-02   1453.496s
3002000 +6.16994853e+06 +6.17291132e+06  2.96e+03   2.47e+01     2.05e-02   1453.975s
3003000 +6.16990794e+06 +6.17285315e+06  2.95e+03   2.45e+01     2.04e-02   1454.454s
3004000 +6.16982739e+06 +6.17279544e+06  2.97e+03   2.46e+01     2.03e-02   1454.933s
3005000 +6.16978305e+06 +6.17274284e+06  2.96e+03   2.46e+01     2.01e-02   1455.412s
3006000 +6.16970848e+06 +6.17267360e+06  2.97e+03   2.42e+01     2.01e-02   1455.891s
3007000 +6.16965242e+06 +6.17261201e+06  2.96e+03   2.39e+01     1.99e-02   1456.370s
3008000 +6.16952537e+06 +6.17256394e+06  3.04e+03   2.43e+01     1.98e-02   1456.849s
3009000 +6.16951196e+06 +6.17250205e+06  2.99e+03   2.46e+01     1.97e-02   1457.328s
3010000 +6.16945401e+06 +6.17243921e+06  2.99e+03   2.44e+01     1.96e-02   1457.806s
3011000 +6.16940162e+06 +6.17237512e+06  2.97e+03   2.43e+01     1.95e-02   1458.285s
3012000 +6.16923243e+06 +6.17233238e+06  3.10e+03   2.43e+01     1.94e-02   1458.764s
3013000 +6.16918864e+06 +6.17228478e+06  3.10e+03   2.42e+01     1.93e-02   1459.244s
3014000 +6.16911865e+06 +6.17222357e+06  3.10e+03   2.39e+01     1.93e-02   1459.723s
3015000 +6.16900577e+06 +6.17215808e+06  3.15e+03   2.40e+01     1.91e-02   1460.201s
3016000 +6.16896630e+06 +6.17209714e+06  3.13e+03   2.42e+01     1.91e-02   1460.680s
3017000 +6.16894146e+06 +6.17204897e+06  3.11e+03   2.41e+01     1.90e-02   1461.159s
3018000 +6.16881304e+06 +6.17199590e+06  3.18e+03   2.41e+01     1.90e-02   1461.638s
3019000 +6.16883928e+06 +6.17193434e+06  3.10e+03   2.41e+01     1.89e-02   1462.117s
3020000 +6.16884756e+06 +6.17186544e+06  3.02e+03   2.41e+01     1.87e-02   1462.596s
3021000 +6.16877686e+06 +6.17180667e+06  3.03e+03   2.41e+01     1.87e-02   1463.075s
3022000 +6.16857863e+06 +6.17174652e+06  3.17e+03   2.41e+01     1.86e-02   1463.554s
3023000 +6.16854658e+06 +6.17169671e+06  3.15e+03   2.42e+01     1.85e-02   1464.033s
3024000 +6.16850598e+06 +6.17163921e+06  3.13e+03   2.43e+01     1.84e-02   1464.512s
3025000 +6.16840461e+06 +6.17158589e+06  3.18e+03   2.42e+01     1.84e-02   1464.991s
3026000 +6.16841861e+06 +6.17152774e+06  3.11e+03   2.40e+01     1.83e-02   1465.470s
3027000 +6.16838223e+06 +6.17147196e+06  3.09e+03   2.40e+01     1.83e-02   1465.949s
3028000 +6.16828916e+06 +6.17141491e+06  3.13e+03   2.45e+01     1.82e-02   1466.428s
3029000 +6.16820369e+06 +6.17136506e+06  3.16e+03   2.46e+01     1.81e-02   1466.907s
3030000 +6.16808035e+06 +6.17129765e+06  3.22e+03   2.39e+01     1.81e-02   1467.386s
3031000 +6.16802654e+06 +6.17124785e+06  3.22e+03   2.38e+01     1.80e-02   1467.865s
3032000 +6.16796277e+06 +6.17119726e+06  3.23e+03   2.41e+01     1.80e-02   1468.344s
3033000 +6.16783320e+06 +6.17114291e+06  3.31e+03   2.42e+01     1.79e-02   1468.823s
3034000 +6.16781032e+06 +6.17108710e+06  3.28e+03   2.41e+01     1.79e-02   1469.302s
3035000 +6.16771019e+06 +6.17103802e+06  3.33e+03   2.39e+01     1.78e-02   1469.781s
3036000 +6.16769066e+06 +6.17098274e+06  3.29e+03   2.39e+01     1.77e-02   1470.259s
3037000 +6.16764180e+06 +6.17092391e+06  3.28e+03   2.39e+01     1.76e-02   1470.738s
3038000 +6.16762570e+06 +6.17088246e+06  3.26e+03   2.40e+01     1.76e-02   1471.217s
3039000 +6.16743865e+06 +6.17083241e+06  3.39e+03   2.41e+01     1.76e-02   1471.696s
3040000 +6.16735472e+06 +6.17079032e+06  3.44e+03   2.40e+01     1.75e-02   1472.175s
3041000 +6.16736931e+06 +6.17074534e+06  3.38e+03   2.39e+01     1.74e-02   1472.654s
3042000 +6.16720061e+06 +6.17069149e+06  3.49e+03   2.38e+01     1.74e-02   1473.133s
3043000 +6.16715679e+06 +6.17064505e+06  3.49e+03   2.37e+01     1.73e-02   1473.612s
3044000 +6.16719208e+06 +6.17059784e+06  3.41e+03   2.40e+01     1.73e-02   1474.091s
3045000 +6.16707698e+06 +6.17055470e+06  3.48e+03   2.42e+01     1.72e-02   1474.570s
3046000 +6.16706213e+06 +6.17051199e+06  3.45e+03   2.39e+01     1.72e-02   1475.049s
3047000 +6.16694417e+06 +6.17045990e+06  3.52e+03   2.36e+01     1.71e-02   1475.528s
3048000 +6.16691199e+06 +6.17041925e+06  3.51e+03   2.37e+01     1.70e-02   1476.007s
3049000 +6.16681600e+06 +6.17038374e+06  3.57e+03   2.39e+01     1.69e-02   1476.486s
3050000 +6.16685234e+06 +6.17034063e+06  3.49e+03   2.40e+01     1.69e-02   1476.965s
3051000 +6.16680953e+06 +6.17028977e+06  3.48e+03   2.40e+01     1.69e-02   1477.444s
3052000 +6.16678213e+06 +6.17024751e+06  3.47e+03   2.38e+01     1.68e-02   1477.923s
3053000 +6.16675578e+06 +6.17020618e+06  3.45e+03   2.38e+01     1.68e-02   1478.402s
3054000 +6.16670048e+06 +6.17016458e+06  3.46e+03   2.39e+01     1.68e-02   1478.881s
3055000 +6.16655736e+06 +6.17012314e+06  3.57e+03   2.39e+01     1.67e-02   1479.360s
3056000 +6.16650804e+06 +6.17008228e+06  3.57e+03   2.38e+01     1.67e-02   1479.839s
3057000 +6.16648172e+06 +6.17003730e+06  3.56e+03   2.39e+01     1.66e-02   1480.318s
3058000 +6.16646565e+06 +6.16999400e+06  3.53e+03   2.40e+01     1.66e-02   1480.797s
3059000 +6.16650700e+06 +6.16994049e+06  3.43e+03   2.39e+01     1.66e-02   1481.276s
3060000 +6.16636370e+06 +6.16989637e+06  3.53e+03   2.40e+01     1.65e-02   1481.755s
3061000 +6.16631591e+06 +6.16985032e+06  3.53e+03   2.40e+01     1.65e-02   1482.234s
3062000 +6.16624982e+06 +6.16980539e+06  3.56e+03   2.38e+01     1.64e-02   1482.713s
3063000 +6.16622346e+06 +6.16976597e+06  3.54e+03   2.37e+01     1.64e-02   1483.192s
3064000 +6.16602703e+06 +6.16972339e+06  3.70e+03   2.38e+01     1.64e-02   1483.671s
3065000 +6.16596927e+06 +6.16967712e+06  3.71e+03   2.37e+01     1.63e-02   1484.150s
3066000 +6.16583538e+06 +6.16963118e+06  3.80e+03   2.35e+01     1.62e-02   1484.628s
3067000 +6.16575932e+06 +6.16959169e+06  3.83e+03   2.35e+01     1.62e-02   1485.108s
3068000 +6.16567214e+06 +6.16954837e+06  3.88e+03   2.35e+01     1.61e-02   1485.587s
3069000 +6.16554048e+06 +6.16950602e+06  3.97e+03   2.34e+01     1.60e-02   1486.066s
3070000 +6.16557453e+06 +6.16945950e+06  3.88e+03   2.34e+01     1.60e-02   1486.545s
3071000 +6.16549309e+06 +6.16941692e+06  3.92e+03   2.35e+01     1.59e-02   1487.024s
3072000 +6.16553667e+06 +6.16936204e+06  3.83e+03   2.37e+01     1.59e-02   1487.503s
3073000 +6.16541506e+06 +6.16931750e+06  3.90e+03   2.36e+01     1.58e-02   1487.981s
3074000 +6.16533790e+06 +6.16927188e+06  3.93e+03   2.34e+01     1.58e-02   1488.461s
3075000 +6.16534597e+06 +6.16922134e+06  3.88e+03   2.34e+01     1.57e-02   1488.940s
3076000 +6.16529113e+06 +6.16918006e+06  3.89e+03   2.34e+01     1.57e-02   1489.419s
3077000 +6.16524390e+06 +6.16912950e+06  3.89e+03   2.35e+01     1.56e-02   1489.898s
3078000 +6.16524445e+06 +6.16908425e+06  3.84e+03   2.38e+01     1.55e-02   1490.377s
3079000 +6.16527513e+06 +6.16904121e+06  3.77e+03   2.38e+01     1.55e-02   1490.856s
3080000 +6.16520190e+06 +6.16899646e+06  3.79e+03   2.34e+01     1.55e-02   1491.335s
3081000 +6.16507817e+06 +6.16895123e+06  3.87e+03   2.34e+01     1.55e-02   1491.814s
3082000 +6.16499897e+06 +6.16891741e+06  3.92e+03   2.35e+01     1.54e-02   1492.293s
3083000 +6.16501839e+06 +6.16887769e+06  3.86e+03   2.35e+01     1.53e-02   1492.772s
3084000 +6.16500013e+06 +6.16884323e+06  3.84e+03   2.36e+01     1.53e-02   1493.250s
3085000 +6.16492353e+06 +6.16880827e+06  3.88e+03   2.35e+01     1.53e-02   1493.729s
3086000 +6.16491279e+06 +6.16876953e+06  3.86e+03   2.35e+01     1.52e-02   1494.208s
3087000 +6.16487347e+06 +6.16872475e+06  3.85e+03   2.38e+01     1.52e-02   1494.687s
3088000 +6.16480742e+06 +6.16869202e+06  3.88e+03   2.38e+01     1.51e-02   1495.166s
3089000 +6.16463051e+06 +6.16865157e+06  4.02e+03   2.34e+01     1.51e-02   1495.645s
3090000 +6.16460333e+06 +6.16861278e+06  4.01e+03   2.34e+01     1.50e-02   1496.124s
3091000 +6.16452224e+06 +6.16857875e+06  4.06e+03   2.33e+01     1.50e-02   1496.603s
3092000 +6.16443223e+06 +6.16854791e+06  4.12e+03   2.32e+01     1.49e-02   1497.082s
3093000 +6.16445888e+06 +6.16851473e+06  4.06e+03   2.34e+01     1.48e-02   1497.561s
3094000 +6.16448431e+06 +6.16847787e+06  3.99e+03   2.36e+01     1.48e-02   1498.040s
3095000 +6.16442480e+06 +6.16844365e+06  4.02e+03   2.33e+01     1.48e-02   1498.519s
3096000 +6.16434974e+06 +6.16841186e+06  4.06e+03   2.32e+01     1.47e-02   1498.998s
3097000 +6.16423363e+06 +6.16838819e+06  4.15e+03   2.34e+01     1.47e-02   1499.477s
3098000 +6.16421312e+06 +6.16836282e+06  4.15e+03   2.35e+01     1.46e-02   1499.956s
3099000 +6.16423714e+06 +6.16832987e+06  4.09e+03   2.34e+01     1.46e-02   1500.435s
3100000 +6.16421177e+06 +6.16829910e+06  4.09e+03   2.36e+01     1.45e-02   1500.914s
3101000 +6.16413566e+06 +6.16826545e+06  4.13e+03   2.36e+01     1.45e-02   1501.393s
3102000 +6.16411835e+06 +6.16823354e+06  4.12e+03   2.34e+01     1.45e-02   1501.872s
3103000 +6.16400165e+06 +6.16819701e+06  4.20e+03   2.33e+01     1.45e-02   1502.351s
3104000 +6.16395261e+06 +6.16815756e+06  4.20e+03   2.34e+01     1.44e-02   1502.830s
3105000 +6.16393715e+06 +6.16811677e+06  4.18e+03   2.35e+01     1.44e-02   1503.309s
3106000 +6.16387562e+06 +6.16808282e+06  4.21e+03   2.36e+01     1.43e-02   1503.788s
3107000 +6.16383169e+06 +6.16805693e+06  4.23e+03   2.35e+01     1.44e-02   1504.267s
3108000 +6.16374742e+06 +6.16801754e+06  4.27e+03   2.33e+01     1.43e-02   1504.746s
3109000 +6.16364376e+06 +6.16798128e+06  4.34e+03   2.34e+01     1.43e-02   1505.225s
3110000 +6.16362450e+06 +6.16794727e+06  4.32e+03   2.33e+01     1.42e-02   1505.704s
3111000 +6.16357033e+06 +6.16790994e+06  4.34e+03   2.32e+01     1.42e-02   1506.183s
3112000 +6.16345868e+06 +6.16788059e+06  4.42e+03   2.34e+01     1.42e-02   1506.662s
3113000 +6.16335994e+06 +6.16784858e+06  4.49e+03   2.35e+01     1.41e-02   1507.141s
3114000 +6.16333454e+06 +6.16781374e+06  4.48e+03   2.33e+01     1.41e-02   1507.620s
3115000 +6.16329827e+06 +6.16778096e+06  4.48e+03   2.32e+01     1.40e-02   1508.099s
3116000 +6.16321836e+06 +6.16774533e+06  4.53e+03   2.33e+01     1.40e-02   1508.578s
3117000 +6.16315301e+06 +6.16770306e+06  4.55e+03   2.35e+01     1.39e-02   1509.057s
3118000 +6.16319810e+06 +6.16766918e+06  4.47e+03   2.35e+01     1.39e-02   1509.536s
3119000 +6.16318688e+06 +6.16762884e+06  4.44e+03   2.34e+01     1.39e-02   1510.015s
3120000 +6.16317840e+06 +6.16760430e+06  4.43e+03   2.34e+01     1.39e-02   1510.494s
3121000 +6.16313594e+06 +6.16757123e+06  4.44e+03   2.34e+01     1.38e-02   1510.973s
3122000 +6.16316376e+06 +6.16753360e+06  4.37e+03   2.33e+01     1.39e-02   1511.452s
3123000 +6.16308353e+06 +6.16749066e+06  4.41e+03   2.35e+01     1.38e-02   1511.930s
3124000 +6.16300305e+06 +6.16745389e+06  4.45e+03   2.35e+01     1.37e-02   1512.410s
3125000 +6.16297047e+06 +6.16742572e+06  4.46e+03   2.34e+01     1.37e-02   1512.889s
3126000 +6.16288670e+06 +6.16738666e+06  4.50e+03   2.33e+01     1.37e-02   1513.368s
3127000 +6.16286751e+06 +6.16735945e+06  4.49e+03   2.33e+01     1.36e-02   1513.847s
3128000 +6.16284064e+06 +6.16732570e+06  4.49e+03   2.35e+01     1.36e-02   1514.326s
3129000 +6.16280056e+06 +6.16729442e+06  4.49e+03   2.36e+01     1.36e-02   1514.805s
3130000 +6.16276362e+06 +6.16725216e+06  4.49e+03   2.36e+01     1.36e-02   1515.283s
3131000 +6.16271122e+06 +6.16721213e+06  4.50e+03   2.35e+01     1.35e-02   1515.762s
3132000 +6.16276997e+06 +6.16717051e+06  4.40e+03   2.35e+01     1.34e-02   1516.241s
3133000 +6.16272677e+06 +6.16713474e+06  4.41e+03   2.34e+01     1.34e-02   1516.720s
3134000 +6.16269121e+06 +6.16710218e+06  4.41e+03   2.36e+01     1.34e-02   1517.199s
3135000 +6.16271391e+06 +6.16706843e+06  4.35e+03   2.39e+01     1.34e-02   1517.678s
3136000 +6.16271181e+06 +6.16703335e+06  4.32e+03   2.39e+01     1.34e-02   1518.157s
3137000 +6.16266422e+06 +6.16699897e+06  4.33e+03   2.36e+01     1.34e-02   1518.636s
3138000 +6.16259364e+06 +6.16696395e+06  4.37e+03   2.35e+01     1.33e-02   1519.115s
3139000 +6.16267801e+06 +6.16693704e+06  4.26e+03   2.36e+01     1.33e-02   1519.594s
3140000 +6.16264660e+06 +6.16689774e+06  4.25e+03   2.37e+01     1.32e-02   1520.073s
3141000 +6.16261955e+06 +6.16686859e+06  4.25e+03   2.39e+01     1.32e-02   1520.552s
3142000 +6.16259282e+06 +6.16684002e+06  4.25e+03   2.38e+01     1.32e-02   1521.031s
3143000 +6.16254653e+06 +6.16681222e+06  4.27e+03   2.36e+01     1.32e-02   1521.510s
3144000 +6.16246667e+06 +6.16678066e+06  4.31e+03   2.36e+01     1.31e-02   1521.989s
3145000 +6.16240205e+06 +6.16674883e+06  4.35e+03   2.36e+01     1.31e-02   1522.468s
3146000 +6.16228304e+06 +6.16671966e+06  4.44e+03   2.36e+01     1.31e-02   1522.947s
3147000 +6.16224819e+06 +6.16668300e+06  4.43e+03   2.37e+01     1.31e-02   1523.426s
3148000 +6.16223417e+06 +6.16665390e+06  4.42e+03   2.37e+01     1.30e-02   1523.905s
3149000 +6.16219080e+06 +6.16662314e+06  4.43e+03   2.36e+01     1.30e-02   1524.384s
3150000 +6.16215029e+06 +6.16659557e+06  4.45e+03   2.35e+01     1.29e-02   1524.863s
3151000 +6.16212350e+06 +6.16656869e+06  4.45e+03   2.37e+01     1.30e-02   1525.342s
3152000 +6.16205809e+06 +6.16653581e+06  4.48e+03   2.36e+01     1.29e-02   1525.821s
3153000 +6.16204419e+06 +6.16650715e+06  4.46e+03   2.35e+01     1.29e-02   1526.300s
3154000 +6.16206092e+06 +6.16648196e+06  4.42e+03   2.36e+01     1.29e-02   1526.779s
3155000 +6.16201771e+06 +6.16644694e+06  4.43e+03   2.38e+01     1.29e-02   1527.258s
3156000 +6.16195198e+06 +6.16641445e+06  4.46e+03   2.36e+01     1.29e-02   1527.737s
3157000 +6.16186538e+06 +6.16638705e+06  4.52e+03   2.36e+01     1.29e-02   1528.216s
3158000 +6.16180987e+06 +6.16636140e+06  4.55e+03   2.36e+01     1.29e-02   1528.695s
3159000 +6.16178536e+06 +6.16633750e+06  4.55e+03   2.35e+01     1.29e-02   1529.174s
3160000 +6.16178825e+06 +6.16630484e+06  4.52e+03   2.35e+01     1.28e-02   1529.653s
3161000 +6.16170569e+06 +6.16626500e+06  4.56e+03   2.37e+01     1.28e-02   1530.132s
3162000 +6.16172750e+06 +6.16623553e+06  4.51e+03   2.38e+01     1.28e-02   1530.611s
3163000 +6.16169857e+06 +6.16621737e+06  4.52e+03   2.36e+01     1.28e-02   1531.090s
3164000 +6.16167808e+06 +6.16618663e+06  4.51e+03   2.38e+01     1.27e-02   1531.569s
3165000 +6.16163627e+06 +6.16614950e+06  4.51e+03   2.37e+01     1.27e-02   1532.048s
3166000 +6.16164206e+06 +6.16612206e+06  4.48e+03   2.35e+01     1.27e-02   1532.527s
3167000 +6.16170061e+06 +6.16609602e+06  4.40e+03   2.35e+01     1.27e-02   1533.006s
3168000 +6.16160877e+06 +6.16607202e+06  4.46e+03   2.38e+01     1.27e-02   1533.484s
3169000 +6.16157985e+06 +6.16604378e+06  4.46e+03   2.40e+01     1.27e-02   1533.963s
3170000 +6.16153330e+06 +6.16600794e+06  4.47e+03   2.37e+01     1.27e-02   1534.442s
3171000 +6.16152889e+06 +6.16597799e+06  4.45e+03   2.35e+01     1.27e-02   1534.921s
3172000 +6.16140869e+06 +6.16595664e+06  4.55e+03   2.37e+01     1.26e-02   1535.400s
3173000 +6.16136337e+06 +6.16593251e+06  4.57e+03   2.36e+01     1.26e-02   1535.880s
3174000 +6.16133136e+06 +6.16589412e+06  4.56e+03   2.35e+01     1.26e-02   1536.359s
3175000 +6.16136268e+06 +6.16585289e+06  4.49e+03   2.37e+01     1.25e-02   1536.837s
3176000 +6.16132794e+06 +6.16582078e+06  4.49e+03   2.38e+01     1.25e-02   1537.316s
3177000 +6.16133517e+06 +6.16579336e+06  4.46e+03   2.40e+01     1.25e-02   1537.795s
3178000 +6.16128406e+06 +6.16575799e+06  4.47e+03   2.39e+01     1.25e-02   1538.274s
3179000 +6.16123754e+06 +6.16572234e+06  4.48e+03   2.38e+01     1.25e-02   1538.753s
3180000 +6.16120802e+06 +6.16568693e+06  4.48e+03   2.37e+01     1.25e-02   1539.232s
3181000 +6.16116979e+06 +6.16566034e+06  4.49e+03   2.37e+01     1.25e-02   1539.711s
3182000 +6.16106572e+06 +6.16563239e+06  4.57e+03   2.37e+01     1.24e-02   1540.190s
3183000 +6.16104984e+06 +6.16559969e+06  4.55e+03   2.37e+01     1.24e-02   1540.669s
3184000 +6.16101276e+06 +6.16555976e+06  4.55e+03   2.38e+01     1.24e-02   1541.148s
3185000 +6.16096201e+06 +6.16552326e+06  4.56e+03   2.37e+01     1.24e-02   1541.627s
3186000 +6.16097901e+06 +6.16549288e+06  4.51e+03   2.37e+01     1.23e-02   1542.106s
3187000 +6.16093745e+06 +6.16545848e+06  4.52e+03   2.38e+01     1.23e-02   1542.585s
3188000 +6.16084444e+06 +6.16542941e+06  4.58e+03   2.38e+01     1.23e-02   1543.064s
3189000 +6.16087165e+06 +6.16539443e+06  4.52e+03   2.36e+01     1.23e-02   1543.543s
3190000 +6.16080273e+06 +6.16536322e+06  4.56e+03   2.37e+01     1.22e-02   1544.022s
3191000 +6.16085819e+06 +6.16533722e+06  4.48e+03   2.39e+01     1.22e-02   1544.501s
3192000 +6.16083613e+06 +6.16530084e+06  4.46e+03   2.39e+01     1.22e-02   1544.980s
3193000 +6.16079922e+06 +6.16527549e+06  4.48e+03   2.37e+01     1.22e-02   1545.459s
3194000 +6.16073295e+06 +6.16523981e+06  4.51e+03   2.37e+01     1.22e-02   1545.938s
3195000 +6.16060682e+06 +6.16521259e+06  4.61e+03   2.36e+01     1.21e-02   1546.416s
3196000 +6.16056676e+06 +6.16518875e+06  4.62e+03   2.35e+01     1.21e-02   1546.895s
3197000 +6.16059954e+06 +6.16515838e+06  4.56e+03   2.38e+01     1.20e-02   1547.374s
3198000 +6.16053705e+06 +6.16512565e+06  4.59e+03   2.39e+01     1.20e-02   1547.853s
3199000 +6.16048399e+06 +6.16510007e+06  4.62e+03   2.37e+01     1.20e-02   1548.332s
3200000 +6.16047240e+06 +6.16506625e+06  4.59e+03   2.37e+01     1.20e-02   1548.811s
3201000 +6.16042136e+06 +6.16503707e+06  4.62e+03   2.39e+01     1.20e-02   1549.291s
3202000 +6.16038334e+06 +6.16500372e+06  4.62e+03   2.37e+01     1.20e-02   1549.770s
3203000 +6.16031452e+06 +6.16496464e+06  4.65e+03   2.36e+01     1.19e-02   1550.249s
3204000 +6.16024375e+06 +6.16493540e+06  4.69e+03   2.37e+01     1.19e-02   1550.728s
3205000 +6.16024776e+06 +6.16491447e+06  4.67e+03   2.38e+01     1.19e-02   1551.207s
3206000 +6.16018681e+06 +6.16488612e+06  4.70e+03   2.37e+01     1.18e-02   1551.686s
3207000 +6.16012860e+06 +6.16485618e+06  4.73e+03   2.37e+01     1.18e-02   1552.165s
3208000 +6.16006146e+06 +6.16481700e+06  4.76e+03   2.36e+01     1.17e-02   1552.644s
3209000 +6.16003269e+06 +6.16478878e+06  4.76e+03   2.35e+01     1.17e-02   1553.123s
3210000 +6.16000416e+06 +6.16476278e+06  4.76e+03   2.36e+01     1.17e-02   1553.602s
3211000 +6.15992903e+06 +6.16473599e+06  4.81e+03   2.37e+01     1.17e-02   1554.081s
3212000 +6.15992968e+06 +6.16470571e+06  4.78e+03   2.37e+01     1.16e-02   1554.560s
3213000 +6.15992261e+06 +6.16468005e+06  4.76e+03   2.37e+01     1.17e-02   1555.039s
3214000 +6.15987735e+06 +6.16465577e+06  4.78e+03   2.36e+01     1.16e-02   1555.517s
3215000 +6.15982180e+06 +6.16462883e+06  4.81e+03   2.34e+01     1.17e-02   1555.996s
3216000 +6.15976675e+06 +6.16459578e+06  4.83e+03   2.36e+01     1.16e-02   1556.476s
3217000 +6.15975193e+06 +6.16456561e+06  4.81e+03   2.36e+01     1.16e-02   1556.955s
3218000 +6.15964656e+06 +6.16454058e+06  4.89e+03   2.34e+01     1.16e-02   1557.434s
3219000 +6.15969608e+06 +6.16451647e+06  4.82e+03   2.35e+01     1.16e-02   1557.913s
3220000 +6.15962335e+06 +6.16448704e+06  4.86e+03   2.37e+01     1.15e-02   1558.392s
3221000 +6.15961227e+06 +6.16445379e+06  4.84e+03   2.36e+01     1.15e-02   1558.871s
3222000 +6.15954414e+06 +6.16442980e+06  4.89e+03   2.35e+01     1.15e-02   1559.350s
3223000 +6.15952183e+06 +6.16440247e+06  4.88e+03   2.36e+01     1.15e-02   1559.829s
3224000 +6.15954397e+06 +6.16437909e+06  4.84e+03   2.36e+01     1.15e-02   1560.308s
3225000 +6.15946320e+06 +6.16434022e+06  4.88e+03   2.34e+01     1.15e-02   1560.787s
3226000 +6.15939972e+06 +6.16430620e+06  4.91e+03   2.35e+01     1.15e-02   1561.265s
3227000 +6.15940243e+06 +6.16428136e+06  4.88e+03   2.37e+01     1.14e-02   1561.744s
3228000 +6.15929726e+06 +6.16425853e+06  4.96e+03   2.34e+01     1.14e-02   1562.223s
3229000 +6.15929660e+06 +6.16422683e+06  4.93e+03   2.33e+01     1.14e-02   1562.702s
3230000 +6.15927070e+06 +6.16419015e+06  4.92e+03   2.35e+01     1.14e-02   1563.181s
3231000 +6.15926249e+06 +6.16416584e+06  4.90e+03   2.36e+01     1.14e-02   1563.660s
3232000 +6.15924782e+06 +6.16413967e+06  4.89e+03   2.34e+01     1.14e-02   1564.139s
3233000 +6.15919764e+06 +6.16411395e+06  4.92e+03   2.35e+01     1.13e-02   1564.619s
3234000 +6.15912385e+06 +6.16408302e+06  4.96e+03   2.35e+01     1.12e-02   1565.098s
3235000 +6.15906681e+06 +6.16405305e+06  4.99e+03   2.33e+01     1.12e-02   1565.577s
3236000 +6.15903885e+06 +6.16402453e+06  4.99e+03   2.33e+01     1.12e-02   1566.056s
3237000 +6.15899368e+06 +6.16400344e+06  5.01e+03   2.33e+01     1.12e-02   1566.534s
3238000 +6.15894563e+06 +6.16398482e+06  5.04e+03   2.33e+01     1.12e-02   1567.013s
3239000 +6.15890694e+06 +6.16395846e+06  5.05e+03   2.34e+01     1.11e-02   1567.493s
3240000 +6.15887345e+06 +6.16392755e+06  5.05e+03   2.33e+01     1.12e-02   1567.972s
3241000 +6.15886361e+06 +6.16390382e+06  5.04e+03   2.32e+01     1.11e-02   1568.451s
3242000 +6.15881193e+06 +6.16388220e+06  5.07e+03   2.33e+01     1.11e-02   1568.930s
3243000 +6.15874499e+06 +6.16385247e+06  5.11e+03   2.32e+01     1.11e-02   1569.409s
3244000 +6.15873993e+06 +6.16382254e+06  5.08e+03   2.32e+01     1.11e-02   1569.888s
3245000 +6.15872672e+06 +6.16379339e+06  5.07e+03   2.32e+01     1.10e-02   1570.367s
3246000 +6.15863537e+06 +6.16377314e+06  5.14e+03   2.33e+01     1.10e-02   1570.846s
3247000 +6.15858282e+06 +6.16374999e+06  5.17e+03   2.33e+01     1.10e-02   1571.324s
3248000 +6.15858187e+06 +6.16372342e+06  5.14e+03   2.32e+01     1.10e-02   1571.803s
3249000 +6.15853509e+06 +6.16369727e+06  5.16e+03   2.31e+01     1.10e-02   1572.282s
3250000 +6.15850781e+06 +6.16366595e+06  5.16e+03   2.33e+01     1.10e-02   1572.761s
3251000 +6.15853205e+06 +6.16364131e+06  5.11e+03   2.32e+01     1.10e-02   1573.240s
3252000 +6.15849392e+06 +6.16361325e+06  5.12e+03   2.33e+01     1.10e-02   1573.719s
3253000 +6.15848470e+06 +6.16357946e+06  5.09e+03   2.32e+01     1.09e-02   1574.198s
3254000 +6.15842360e+06 +6.16354350e+06  5.12e+03   2.30e+01     1.09e-02   1574.677s
3255000 +6.15836448e+06 +6.16351770e+06  5.15e+03   2.32e+01     1.09e-02   1575.156s
3256000 +6.15838721e+06 +6.16349028e+06  5.10e+03   2.32e+01     1.08e-02   1575.635s
3257000 +6.15831673e+06 +6.16346282e+06  5.15e+03   2.30e+01     1.08e-02   1576.114s
3258000 +6.15829559e+06 +6.16343017e+06  5.13e+03   2.30e+01     1.08e-02   1576.593s
3259000 +6.15832121e+06 +6.16340325e+06  5.08e+03   2.32e+01     1.08e-02   1577.072s
3260000 +6.15826046e+06 +6.16337829e+06  5.12e+03   2.30e+01     1.08e-02   1577.551s
3261000 +6.15823061e+06 +6.16335195e+06  5.12e+03   2.28e+01     1.07e-02   1578.030s
3262000 +6.15823456e+06 +6.16333308e+06  5.10e+03   2.31e+01     1.08e-02   1578.509s
3263000 +6.15821832e+06 +6.16331128e+06  5.09e+03   2.33e+01     1.07e-02   1578.988s
3264000 +6.15824309e+06 +6.16328589e+06  5.04e+03   2.31e+01     1.07e-02   1579.467s
3265000 +6.15817684e+06 +6.16325895e+06  5.08e+03   2.30e+01     1.07e-02   1579.946s
3266000 +6.15817009e+06 +6.16322483e+06  5.05e+03   2.31e+01     1.07e-02   1580.425s
3267000 +6.15813838e+06 +6.16319854e+06  5.06e+03   2.30e+01     1.06e-02   1580.904s
3268000 +6.15809925e+06 +6.16316788e+06  5.07e+03   2.31e+01     1.06e-02   1581.383s
3269000 +6.15807649e+06 +6.16314015e+06  5.06e+03   2.31e+01     1.05e-02   1581.861s
3270000 +6.15793592e+06 +6.16311150e+06  5.18e+03   2.31e+01     1.05e-02   1582.340s
3271000 +6.15794773e+06 +6.16308328e+06  5.14e+03   2.30e+01     1.05e-02   1582.819s
3272000 +6.15791351e+06 +6.16305389e+06  5.14e+03   2.31e+01     1.05e-02   1583.299s
3273000 +6.15791183e+06 +6.16302809e+06  5.12e+03   2.30e+01     1.05e-02   1583.777s
3274000 +6.15789382e+06 +6.16300414e+06  5.11e+03   2.29e+01     1.05e-02   1584.256s
3275000 +6.15789755e+06 +6.16297868e+06  5.08e+03   2.29e+01     1.05e-02   1584.735s
3276000 +6.15783479e+06 +6.16295365e+06  5.12e+03   2.30e+01     1.05e-02   1585.214s
3277000 +6.15784048e+06 +6.16292064e+06  5.08e+03   2.31e+01     1.05e-02   1585.693s
3278000 +6.15778528e+06 +6.16289890e+06  5.11e+03   2.30e+01     1.04e-02   1586.172s
3279000 +6.15776135e+06 +6.16287931e+06  5.12e+03   2.29e+01     1.04e-02   1586.651s
3280000 +6.15776220e+06 +6.16285953e+06  5.10e+03   2.29e+01     1.04e-02   1587.130s
3281000 +6.15777741e+06 +6.16283043e+06  5.05e+03   2.30e+01     1.04e-02   1587.609s
3282000 +6.15777612e+06 +6.16280305e+06  5.03e+03   2.30e+01     1.04e-02   1588.088s
3283000 +6.15777884e+06 +6.16277991e+06  5.00e+03   2.30e+01     1.03e-02   1588.567s
3284000 +6.15778556e+06 +6.16275597e+06  4.97e+03   2.31e+01     1.04e-02   1589.046s
3285000 +6.15775128e+06 +6.16273530e+06  4.98e+03   2.32e+01     1.03e-02   1589.525s
3286000 +6.15770649e+06 +6.16270381e+06  5.00e+03   2.32e+01     1.03e-02   1590.004s
3287000 +6.15767689e+06 +6.16268077e+06  5.00e+03   2.30e+01     1.03e-02   1590.483s
3288000 +6.15762603e+06 +6.16266213e+06  5.04e+03   2.31e+01     1.02e-02   1590.962s
3289000 +6.15761136e+06 +6.16264049e+06  5.03e+03   2.32e+01     1.02e-02   1591.441s
3290000 +6.15757005e+06 +6.16261590e+06  5.05e+03   2.31e+01     1.02e-02   1591.920s
3291000 +6.15753237e+06 +6.16258810e+06  5.06e+03   2.30e+01     1.02e-02   1592.399s
3292000 +6.15748322e+06 +6.16256251e+06  5.08e+03   2.30e+01     1.01e-02   1592.878s
3293000 +6.15742714e+06 +6.16253825e+06  5.11e+03   2.30e+01     1.02e-02   1593.357s
3294000 +6.15733827e+06 +6.16250971e+06  5.17e+03   2.29e+01     1.01e-02   1593.836s
3295000 +6.15731677e+06 +6.16249047e+06  5.17e+03   2.30e+01     1.01e-02   1594.315s
3296000 +6.15730267e+06 +6.16245976e+06  5.16e+03   2.32e+01     1.01e-02   1594.794s
3297000 +6.15725865e+06 +6.16243780e+06  5.18e+03   2.31e+01     1.01e-02   1595.273s
3298000 +6.15723364e+06 +6.16241983e+06  5.19e+03   2.29e+01     1.01e-02   1595.752s
3299000 +6.15724540e+06 +6.16239804e+06  5.15e+03   2.30e+01     1.01e-02   1596.231s
3300000 +6.15718050e+06 +6.16237202e+06  5.19e+03   2.31e+01     1.00e-02   1596.710s
3301000 +6.15713935e+06 +6.16234239e+06  5.20e+03   2.30e+01     1.00e-02   1597.189s
3302000 +6.15712684e+06 +6.16231426e+06  5.19e+03   2.30e+01     1.00e-02   1597.668s
3303000 +6.15711958e+06 +6.16229022e+06  5.17e+03   2.31e+01     1.00e-02   1598.147s
3304000 +6.15704844e+06 +6.16226498e+06  5.22e+03   2.30e+01     1.00e-02   1598.626s
3305000 +6.15703721e+06 +6.16224065e+06  5.20e+03   2.30e+01     1.00e-02   1599.105s
3306000 +6.15701271e+06 +6.16221278e+06  5.20e+03   2.30e+01     1.00e-02   1599.584s
3307000 +6.15695264e+06 +6.16219017e+06  5.24e+03   2.30e+01     1.00e-02   1600.063s
3308000 +6.15689680e+06 +6.16216524e+06  5.27e+03   2.30e+01     1.00e-02   1600.542s
3309000 +6.15680894e+06 +6.16213971e+06  5.33e+03   2.31e+01     9.96e-03   1601.021s
3310000 +6.15677329e+06 +6.16211679e+06  5.34e+03   2.31e+01     9.92e-03   1601.500s
3311000 +6.15676141e+06 +6.16209180e+06  5.33e+03   2.29e+01     9.92e-03   1601.979s
3312000 +6.15670663e+06 +6.16206282e+06  5.36e+03   2.29e+01     9.88e-03   1602.458s
3313000 +6.15665783e+06 +6.16203326e+06  5.38e+03   2.29e+01     9.87e-03   1602.937s
3314000 +6.15668406e+06 +6.16200084e+06  5.32e+03   2.30e+01     9.85e-03   1603.416s
3315000 +6.15667158e+06 +6.16198120e+06  5.31e+03   2.29e+01     9.81e-03   1603.895s
3316000 +6.15659605e+06 +6.16195990e+06  5.36e+03   2.28e+01     9.79e-03   1604.374s
3317000 +6.15652591e+06 +6.16193166e+06  5.41e+03   2.28e+01     9.75e-03   1604.853s
3318000 +6.15649695e+06 +6.16190821e+06  5.41e+03   2.30e+01     9.74e-03   1605.332s
3319000 +6.15643861e+06 +6.16188058e+06  5.44e+03   2.28e+01     9.71e-03   1605.811s
3320000 +6.15645386e+06 +6.16184923e+06  5.40e+03   2.27e+01     9.70e-03   1606.290s
3321000 +6.15645344e+06 +6.16182180e+06  5.37e+03   2.28e+01     9.73e-03   1606.769s
3322000 +6.15638854e+06 +6.16179559e+06  5.41e+03   2.29e+01     9.70e-03   1607.248s
3323000 +6.15634162e+06 +6.16176962e+06  5.43e+03   2.27e+01     9.71e-03   1607.727s
3324000 +6.15633401e+06 +6.16174254e+06  5.41e+03   2.25e+01     9.67e-03   1608.206s
3325000 +6.15635235e+06 +6.16172557e+06  5.37e+03   2.27e+01     9.65e-03   1608.685s
3326000 +6.15630619e+06 +6.16170267e+06  5.40e+03   2.28e+01     9.66e-03   1609.163s
3327000 +6.15622854e+06 +6.16168369e+06  5.46e+03   2.26e+01     9.66e-03   1609.642s
3328000 +6.15614497e+06 +6.16165624e+06  5.51e+03   2.24e+01     9.64e-03   1610.121s
3329000 +6.15614881e+06 +6.16163760e+06  5.49e+03   2.25e+01     9.62e-03   1610.600s
3330000 +6.15613514e+06 +6.16161607e+06  5.48e+03   2.27e+01     9.60e-03   1611.079s
3331000 +6.15609782e+06 +6.16158970e+06  5.49e+03   2.26e+01     9.61e-03   1611.558s
3332000 +6.15605164e+06 +6.16156115e+06  5.51e+03   2.25e+01     9.62e-03   1612.037s
3333000 +6.15601985e+06 +6.16153903e+06  5.52e+03   2.27e+01     9.61e-03   1612.516s
3334000 +6.15601300e+06 +6.16151406e+06  5.50e+03   2.27e+01     9.57e-03   1612.995s
3335000 +6.15598383e+06 +6.16149804e+06  5.51e+03   2.25e+01     9.54e-03   1613.474s
3336000 +6.15600352e+06 +6.16146948e+06  5.47e+03   2.24e+01     9.52e-03   1613.953s
3337000 +6.15595521e+06 +6.16144125e+06  5.49e+03   2.25e+01     9.52e-03   1614.432s
3338000 +6.15591514e+06 +6.16141506e+06  5.50e+03   2.25e+01     9.50e-03   1614.911s
3339000 +6.15583152e+06 +6.16139552e+06  5.56e+03   2.25e+01     9.49e-03   1615.389s
3340000 +6.15579154e+06 +6.16137105e+06  5.58e+03   2.25e+01     9.49e-03   1615.869s
3341000 +6.15576880e+06 +6.16134302e+06  5.57e+03   2.25e+01     9.46e-03   1616.348s
3342000 +6.15574192e+06 +6.16132189e+06  5.58e+03   2.24e+01     9.42e-03   1616.827s
3343000 +6.15575377e+06 +6.16129512e+06  5.54e+03   2.25e+01     9.43e-03   1617.306s
3344000 +6.15573165e+06 +6.16127656e+06  5.54e+03   2.25e+01     9.42e-03   1617.785s
3345000 +6.15570457e+06 +6.16125024e+06  5.55e+03   2.24e+01     9.43e-03   1618.264s
3346000 +6.15567008e+06 +6.16122665e+06  5.56e+03   2.24e+01     9.43e-03   1618.743s
3347000 +6.15569060e+06 +6.16120619e+06  5.52e+03   2.26e+01     9.43e-03   1619.221s
3348000 +6.15566330e+06 +6.16118776e+06  5.52e+03   2.25e+01     9.41e-03   1619.701s
3349000 +6.15564393e+06 +6.16116669e+06  5.52e+03   2.24e+01     9.39e-03   1620.180s
3350000 +6.15560588e+06 +6.16113961e+06  5.53e+03   2.24e+01     9.39e-03   1620.659s
3351000 +6.15556868e+06 +6.16111481e+06  5.55e+03   2.24e+01     9.37e-03   1621.138s
3352000 +6.15552184e+06 +6.16109148e+06  5.57e+03   2.24e+01     9.37e-03   1621.616s
3353000 +6.15545696e+06 +6.16106498e+06  5.61e+03   2.24e+01     9.36e-03   1622.095s
3354000 +6.15542664e+06 +6.16103801e+06  5.61e+03   2.24e+01     9.35e-03   1622.575s
3355000 +6.15540264e+06 +6.16101490e+06  5.61e+03   2.24e+01     9.31e-03   1623.054s
3356000 +6.15535152e+06 +6.16099223e+06  5.64e+03   2.24e+01     9.30e-03   1623.533s
3357000 +6.15535150e+06 +6.16097004e+06  5.62e+03   2.23e+01     9.30e-03   1624.012s
3358000 +6.15529226e+06 +6.16094663e+06  5.65e+03   2.22e+01     9.27e-03   1624.491s
3359000 +6.15521667e+06 +6.16092121e+06  5.70e+03   2.22e+01     9.28e-03   1624.970s
3360000 +6.15517008e+06 +6.16089697e+06  5.73e+03   2.21e+01     9.27e-03   1625.449s
3361000 +6.15507485e+06 +6.16086988e+06  5.80e+03   2.20e+01     9.26e-03   1625.928s
3362000 +6.15504947e+06 +6.16084599e+06  5.80e+03   2.21e+01     9.25e-03   1626.407s
3363000 +6.15501865e+06 +6.16082167e+06  5.80e+03   2.21e+01     9.23e-03   1626.886s
3364000 +6.15498302e+06 +6.16080438e+06  5.82e+03   2.20e+01     9.24e-03   1627.365s
3365000 +6.15492769e+06 +6.16078595e+06  5.86e+03   2.19e+01     9.23e-03   1627.843s
3366000 +6.15490106e+06 +6.16076679e+06  5.87e+03   2.18e+01     9.23e-03   1628.322s
3367000 +6.15485979e+06 +6.16074760e+06  5.89e+03   2.18e+01     9.21e-03   1628.801s
3368000 +6.15482669e+06 +6.16072940e+06  5.90e+03   2.18e+01     9.19e-03   1629.280s
3369000 +6.15478683e+06 +6.16070690e+06  5.92e+03   2.19e+01     9.17e-03   1629.759s
3370000 +6.15474948e+06 +6.16068428e+06  5.93e+03   2.19e+01     9.17e-03   1630.238s
3371000 +6.15468504e+06 +6.16066140e+06  5.98e+03   2.17e+01     9.17e-03   1630.717s
3372000 +6.15468127e+06 +6.16063909e+06  5.96e+03   2.16e+01     9.16e-03   1631.196s
3373000 +6.15461829e+06 +6.16061514e+06  6.00e+03   2.17e+01     9.16e-03   1631.675s
3374000 +6.15459919e+06 +6.16059499e+06  6.00e+03   2.17e+01     9.16e-03   1632.154s
3375000 +6.15459931e+06 +6.16056591e+06  5.97e+03   2.17e+01     9.15e-03   1632.633s
3376000 +6.15456213e+06 +6.16054037e+06  5.98e+03   2.18e+01     9.13e-03   1633.112s
3377000 +6.15454943e+06 +6.16051356e+06  5.96e+03   2.20e+01     9.13e-03   1633.591s
3378000 +6.15452546e+06 +6.16049354e+06  5.97e+03   2.18e+01     9.11e-03   1634.070s
3379000 +6.15446342e+06 +6.16046637e+06  6.00e+03   2.16e+01     9.14e-03   1634.549s
3380000 +6.15447310e+06 +6.16044271e+06  5.97e+03   2.18e+01     9.13e-03   1635.028s
3381000 +6.15449071e+06 +6.16042108e+06  5.93e+03   2.18e+01     9.12e-03   1635.507s
3382000 +6.15442941e+06 +6.16040104e+06  5.97e+03   2.17e+01     9.12e-03   1635.985s
3383000 +6.15437685e+06 +6.16037800e+06  6.00e+03   2.18e+01     9.11e-03   1636.464s
3384000 +6.15440074e+06 +6.16035451e+06  5.95e+03   2.18e+01     9.08e-03   1636.943s
3385000 +6.15439965e+06 +6.16033088e+06  5.93e+03   2.18e+01     9.09e-03   1637.422s
3386000 +6.15434692e+06 +6.16031120e+06  5.96e+03   2.17e+01     9.06e-03   1637.901s
3387000 +6.15426706e+06 +6.16029307e+06  6.03e+03   2.18e+01     9.10e-03   1638.380s
3388000 +6.15426189e+06 +6.16027496e+06  6.01e+03   2.17e+01     9.11e-03   1638.859s
3389000 +6.15421923e+06 +6.16024771e+06  6.03e+03   2.16e+01     9.08e-03   1639.339s
3390000 +6.15418311e+06 +6.16021660e+06  6.03e+03   2.16e+01     9.08e-03   1639.817s
3391000 +6.15418554e+06 +6.16019419e+06  6.01e+03   2.17e+01     9.05e-03   1640.296s
3392000 +6.15416353e+06 +6.16017202e+06  6.01e+03   2.17e+01     9.06e-03   1640.775s
3393000 +6.15412967e+06 +6.16014607e+06  6.02e+03   2.16e+01     9.04e-03   1641.254s
3394000 +6.15415614e+06 +6.16012403e+06  5.97e+03   2.15e+01     9.02e-03   1641.733s
3395000 +6.15410798e+06 +6.16010273e+06  5.99e+03   2.15e+01     9.04e-03   1642.212s
3396000 +6.15406969e+06 +6.16008003e+06  6.01e+03   2.16e+01     9.04e-03   1642.691s
3397000 +6.15408624e+06 +6.16005736e+06  5.97e+03   2.16e+01     9.02e-03   1643.170s
3398000 +6.15406639e+06 +6.16003362e+06  5.97e+03   2.16e+01     9.05e-03   1643.649s
3399000 +6.15405505e+06 +6.16001017e+06  5.96e+03   2.16e+01     9.04e-03   1644.128s
3400000 +6.15391858e+06 +6.15998532e+06  6.07e+03   2.16e+01     9.03e-03   1644.607s
3401000 +6.15389368e+06 +6.15995855e+06  6.06e+03   2.14e+01     9.00e-03   1645.086s
3402000 +6.15381531e+06 +6.15994249e+06  6.13e+03   2.14e+01     8.99e-03   1645.565s
3403000 +6.15378884e+06 +6.15991416e+06  6.13e+03   2.14e+01     8.99e-03   1646.044s
3404000 +6.15376322e+06 +6.15988501e+06  6.12e+03   2.14e+01     8.97e-03   1646.523s
3405000 +6.15372885e+06 +6.15986340e+06  6.13e+03   2.15e+01     8.96e-03   1647.002s
3406000 +6.15369351e+06 +6.15983574e+06  6.14e+03   2.14e+01     8.95e-03   1647.481s
3407000 +6.15368960e+06 +6.15980900e+06  6.12e+03   2.13e+01     8.94e-03   1647.960s
3408000 +6.15367244e+06 +6.15977932e+06  6.11e+03   2.12e+01     8.93e-03   1648.439s
3409000 +6.15362554e+06 +6.15975466e+06  6.13e+03   2.13e+01     8.96e-03   1648.917s
3410000 +6.15358360e+06 +6.15973355e+06  6.15e+03   2.12e+01     8.93e-03   1649.397s
3411000 +6.15350822e+06 +6.15970637e+06  6.20e+03   2.12e+01     8.92e-03   1649.876s
3412000 +6.15344826e+06 +6.15968463e+06  6.24e+03   2.11e+01     8.89e-03   1650.355s
3413000 +6.15346278e+06 +6.15965422e+06  6.19e+03   2.13e+01     8.87e-03   1650.834s
3414000 +6.15345348e+06 +6.15963363e+06  6.18e+03   2.14e+01     8.88e-03   1651.313s
3415000 +6.15346610e+06 +6.15961104e+06  6.14e+03   2.13e+01     8.87e-03   1651.791s
3416000 +6.15340899e+06 +6.15958721e+06  6.18e+03   2.10e+01     8.83e-03   1652.270s
3417000 +6.15338115e+06 +6.15956119e+06  6.18e+03   2.10e+01     8.85e-03   1652.750s
3418000 +6.15334745e+06 +6.15953770e+06  6.19e+03   2.10e+01     8.82e-03   1653.228s
3419000 +6.15330843e+06 +6.15951484e+06  6.21e+03   2.09e+01     8.80e-03   1653.707s
3420000 +6.15327816e+06 +6.15949300e+06  6.21e+03   2.09e+01     8.81e-03   1654.186s
3421000 +6.15325805e+06 +6.15947058e+06  6.21e+03   2.11e+01     8.81e-03   1654.665s
3422000 +6.15323843e+06 +6.15944905e+06  6.21e+03   2.11e+01     8.81e-03   1655.144s
3423000 +6.15318344e+06 +6.15942663e+06  6.24e+03   2.08e+01     8.77e-03   1655.623s
3424000 +6.15316794e+06 +6.15940674e+06  6.24e+03   2.07e+01     8.78e-03   1656.102s
3425000 +6.15309118e+06 +6.15938288e+06  6.29e+03   2.08e+01     8.77e-03   1656.581s
3426000 +6.15310082e+06 +6.15935774e+06  6.26e+03   2.08e+01     8.77e-03   1657.060s
3427000 +6.15313172e+06 +6.15932690e+06  6.20e+03   2.08e+01     8.76e-03   1657.539s
3428000 +6.15305230e+06 +6.15930348e+06  6.25e+03   2.08e+01     8.74e-03   1658.018s
3429000 +6.15304440e+06 +6.15927878e+06  6.23e+03   2.08e+01     8.71e-03   1658.497s
3430000 +6.15301966e+06 +6.15925565e+06  6.24e+03   2.08e+01     8.71e-03   1658.976s
3431000 +6.15297860e+06 +6.15923536e+06  6.26e+03   2.08e+01     8.70e-03   1659.455s
3432000 +6.15298064e+06 +6.15921013e+06  6.23e+03   2.09e+01     8.69e-03   1659.934s
3433000 +6.15297316e+06 +6.15918902e+06  6.22e+03   2.08e+01     8.66e-03   1660.413s
3434000 +6.15290524e+06 +6.15916439e+06  6.26e+03   2.07e+01     8.64e-03   1660.892s
3435000 +6.15289831e+06 +6.15913991e+06  6.24e+03   2.07e+01     8.63e-03   1661.371s
3436000 +6.15284715e+06 +6.15911208e+06  6.26e+03   2.07e+01     8.62e-03   1661.850s
3437000 +6.15282347e+06 +6.15908931e+06  6.27e+03   2.06e+01     8.62e-03   1662.329s
3438000 +6.15280568e+06 +6.15906179e+06  6.26e+03   2.06e+01     8.62e-03   1662.808s
3439000 +6.15279020e+06 +6.15904068e+06  6.25e+03   2.08e+01     8.61e-03   1663.287s
3440000 +6.15274866e+06 +6.15901481e+06  6.27e+03   2.07e+01     8.59e-03   1663.766s
3441000 +6.15268630e+06 +6.15899417e+06  6.31e+03   2.04e+01     8.57e-03   1664.245s
3442000 +6.15265008e+06 +6.15896723e+06  6.32e+03   2.06e+01     8.60e-03   1664.724s
3443000 +6.15268757e+06 +6.15894354e+06  6.26e+03   2.07e+01     8.61e-03   1665.203s
3444000 +6.15264632e+06 +6.15891749e+06  6.27e+03   2.07e+01     8.57e-03   1665.682s
3445000 +6.15261795e+06 +6.15889301e+06  6.28e+03   2.06e+01     8.55e-03   1666.161s
3446000 +6.15257257e+06 +6.15886668e+06  6.29e+03   2.06e+01     8.56e-03   1666.640s
3447000 +6.15248803e+06 +6.15883939e+06  6.35e+03   2.06e+01     8.57e-03   1667.119s
3448000 +6.15243452e+06 +6.15881680e+06  6.38e+03   2.04e+01     8.54e-03   1667.598s
3449000 +6.15240264e+06 +6.15879936e+06  6.40e+03   2.04e+01     8.55e-03   1668.077s
3450000 +6.15235594e+06 +6.15877516e+06  6.42e+03   2.04e+01     8.52e-03   1668.556s
3451000 +6.15230643e+06 +6.15874602e+06  6.44e+03   2.03e+01     8.50e-03   1669.035s
3452000 +6.15229610e+06 +6.15872621e+06  6.43e+03   2.03e+01     8.50e-03   1669.514s
3453000 +6.15219462e+06 +6.15870474e+06  6.51e+03   2.04e+01     8.49e-03   1669.993s
3454000 +6.15218959e+06 +6.15868310e+06  6.49e+03   2.03e+01     8.47e-03   1670.472s
3455000 +6.15234692e+06 +6.15866206e+06  6.32e+03   2.05e+01     8.49e-03   1670.951s
3456000 +6.15231497e+06 +6.15864612e+06  6.33e+03   2.07e+01     8.48e-03   1671.430s
3457000 +6.15226844e+06 +6.15862355e+06  6.36e+03   2.05e+01     8.47e-03   1671.909s
3458000 +6.15220346e+06 +6.15860340e+06  6.40e+03   2.02e+01     8.47e-03   1672.388s
3459000 +6.15216853e+06 +6.15858343e+06  6.41e+03   2.02e+01     8.49e-03   1672.867s
3460000 +6.15217835e+06 +6.15856127e+06  6.38e+03   2.04e+01     8.46e-03   1673.346s
3461000 +6.15214814e+06 +6.15854038e+06  6.39e+03   2.04e+01     8.46e-03   1673.825s
3462000 +6.15212211e+06 +6.15852036e+06  6.40e+03   2.03e+01     8.44e-03   1674.304s
3463000 +6.15210787e+06 +6.15850334e+06  6.40e+03   2.03e+01     8.40e-03   1674.783s
3464000 +6.15206982e+06 +6.15848168e+06  6.41e+03   2.04e+01     8.41e-03   1675.262s
3465000 +6.15202011e+06 +6.15846221e+06  6.44e+03   2.02e+01     8.38e-03   1675.741s
3466000 +6.15200998e+06 +6.15844017e+06  6.43e+03   2.01e+01     8.37e-03   1676.220s
3467000 +6.15198977e+06 +6.15841637e+06  6.43e+03   2.01e+01     8.37e-03   1676.699s
3468000 +6.15191103e+06 +6.15839562e+06  6.48e+03   2.02e+01     8.38e-03   1677.178s
3469000 +6.15184724e+06 +6.15837398e+06  6.53e+03   2.01e+01     8.37e-03   1677.657s
3470000 +6.15186095e+06 +6.15833871e+06  6.48e+03   2.01e+01     8.36e-03   1678.136s
3471000 +6.15183061e+06 +6.15831459e+06  6.48e+03   2.01e+01     8.36e-03   1678.615s
3472000 +6.15183698e+06 +6.15829581e+06  6.46e+03   2.00e+01     8.34e-03   1679.094s
3473000 +6.15185787e+06 +6.15827824e+06  6.42e+03   2.00e+01     8.34e-03   1679.573s
3474000 +6.15179303e+06 +6.15825672e+06  6.46e+03   2.00e+01     8.37e-03   1680.052s
3475000 +6.15178886e+06 +6.15823461e+06  6.45e+03   2.00e+01     8.38e-03   1680.531s
3476000 +6.15175575e+06 +6.15821160e+06  6.46e+03   2.01e+01     8.35e-03   1681.010s
3477000 +6.15172552e+06 +6.15818943e+06  6.46e+03   2.01e+01     8.34e-03   1681.489s
3478000 +6.15170702e+06 +6.15816625e+06  6.46e+03   2.01e+01     8.31e-03   1681.968s
3479000 +6.15167051e+06 +6.15814256e+06  6.47e+03   1.99e+01     8.29e-03   1682.447s
3480000 +6.15167699e+06 +6.15812160e+06  6.44e+03   2.00e+01     8.29e-03   1682.925s
3481000 +6.15160759e+06 +6.15810464e+06  6.50e+03   2.01e+01     8.29e-03   1683.404s
3482000 +6.15159265e+06 +6.15808352e+06  6.49e+03   1.99e+01     8.27e-03   1683.883s
3483000 +6.15156935e+06 +6.15806062e+06  6.49e+03   1.98e+01     8.25e-03   1684.362s
3484000 +6.15160154e+06 +6.15804081e+06  6.44e+03   2.00e+01     8.29e-03   1684.841s
3485000 +6.15152346e+06 +6.15802347e+06  6.50e+03   1.99e+01     8.25e-03   1685.320s
3486000 +6.15151575e+06 +6.15800429e+06  6.49e+03   1.98e+01     8.24e-03   1685.799s
3487000 +6.15148611e+06 +6.15798588e+06  6.50e+03   1.99e+01     8.21e-03   1686.278s
3488000 +6.15141001e+06 +6.15796311e+06  6.55e+03   1.99e+01     8.19e-03   1686.757s
3489000 +6.15140131e+06 +6.15794079e+06  6.54e+03   1.98e+01     8.19e-03   1687.236s
3490000 +6.15138822e+06 +6.15792436e+06  6.54e+03   1.98e+01     8.15e-03   1687.715s
3491000 +6.15133298e+06 +6.15790566e+06  6.57e+03   1.99e+01     8.15e-03   1688.194s
3492000 +6.15132334e+06 +6.15788386e+06  6.56e+03   1.97e+01     8.11e-03   1688.673s
3493000 +6.15129840e+06 +6.15786089e+06  6.56e+03   1.97e+01     8.11e-03   1689.152s
3494000 +6.15127610e+06 +6.15783877e+06  6.56e+03   1.98e+01     8.13e-03   1689.631s
3495000 +6.15126757e+06 +6.15781917e+06  6.55e+03   1.98e+01     8.11e-03   1690.110s
3496000 +6.15125977e+06 +6.15780137e+06  6.54e+03   1.97e+01     8.10e-03   1690.589s
3497000 +6.15123527e+06 +6.15777716e+06  6.54e+03   1.98e+01     8.11e-03   1691.068s
3498000 +6.15116567e+06 +6.15775374e+06  6.59e+03   1.98e+01     8.06e-03   1691.547s
3499000 +6.15110424e+06 +6.15773879e+06  6.63e+03   1.96e+01     8.04e-03   1692.026s
3500000 +6.15103611e+06 +6.15771821e+06  6.68e+03   1.96e+01     8.01e-03   1692.505s
3501000 +6.15100105e+06 +6.15770285e+06  6.70e+03   1.98e+01     8.01e-03   1692.984s
3502000 +6.15100020e+06 +6.15767802e+06  6.68e+03   1.97e+01     8.00e-03   1693.463s
3503000 +6.15098844e+06 +6.15766317e+06  6.67e+03   1.96e+01     8.00e-03   1693.941s
3504000 +6.15096483e+06 +6.15764118e+06  6.68e+03   1.96e+01     7.99e-03   1694.420s
3505000 +6.15091916e+06 +6.15762001e+06  6.70e+03   1.96e+01     7.97e-03   1694.900s
3506000 +6.15091148e+06 +6.15759720e+06  6.69e+03   1.95e+01     7.95e-03   1695.379s
3507000 +6.15093498e+06 +6.15757404e+06  6.64e+03   1.96e+01     7.97e-03   1695.858s
3508000 +6.15087530e+06 +6.15755176e+06  6.68e+03   1.97e+01     7.94e-03   1696.337s
3509000 +6.15086566e+06 +6.15753150e+06  6.67e+03   1.97e+01     7.93e-03   1696.816s
3510000 +6.15083854e+06 +6.15751539e+06  6.68e+03   1.95e+01     7.94e-03   1697.295s
3511000 +6.15075547e+06 +6.15749579e+06  6.74e+03   1.95e+01     7.92e-03   1697.774s
3512000 +6.15076448e+06 +6.15747575e+06  6.71e+03   1.96e+01     7.90e-03   1698.253s
3513000 +6.15070420e+06 +6.15745028e+06  6.75e+03   1.96e+01     7.91e-03   1698.732s
3514000 +6.15068185e+06 +6.15743046e+06  6.75e+03   1.95e+01     7.90e-03   1699.211s
3515000 +6.15066592e+06 +6.15741162e+06  6.75e+03   1.95e+01     7.89e-03   1699.690s
3516000 +6.15060333e+06 +6.15739835e+06  6.80e+03   1.96e+01     7.90e-03   1700.169s
3517000 +6.15053314e+06 +6.15738317e+06  6.85e+03   1.95e+01     7.90e-03   1700.647s
3518000 +6.15054508e+06 +6.15736740e+06  6.82e+03   1.95e+01     7.85e-03   1701.126s
3519000 +6.15051402e+06 +6.15734393e+06  6.83e+03   1.95e+01     7.85e-03   1701.605s
3520000 +6.15046002e+06 +6.15732635e+06  6.87e+03   1.96e+01     7.84e-03   1702.084s
3521000 +6.15045795e+06 +6.15731179e+06  6.85e+03   1.94e+01     7.82e-03   1702.563s
3522000 +6.15041126e+06 +6.15729488e+06  6.88e+03   1.93e+01     7.81e-03   1703.042s
3523000 +6.15042108e+06 +6.15727341e+06  6.85e+03   1.95e+01     7.83e-03   1703.521s
3524000 +6.15039390e+06 +6.15725420e+06  6.86e+03   1.94e+01     7.81e-03   1704.000s
3525000 +6.15032677e+06 +6.15723657e+06  6.91e+03   1.93e+01     7.79e-03   1704.479s
3526000 +6.15028901e+06 +6.15722520e+06  6.94e+03   1.94e+01     7.80e-03   1704.958s
3527000 +6.15028677e+06 +6.15720962e+06  6.92e+03   1.94e+01     7.82e-03   1705.437s
3528000 +6.15030009e+06 +6.15719109e+06  6.89e+03   1.94e+01     7.79e-03   1705.917s
3529000 +6.15024377e+06 +6.15717837e+06  6.93e+03   1.94e+01     7.78e-03   1706.396s
3530000 +6.15019579e+06 +6.15716278e+06  6.97e+03   1.93e+01     7.75e-03   1706.875s
3531000 +6.15018956e+06 +6.15714563e+06  6.96e+03   1.94e+01     7.73e-03   1707.354s
3532000 +6.15012470e+06 +6.15712691e+06  7.00e+03   1.94e+01     7.73e-03   1707.833s
3533000 +6.15012418e+06 +6.15710834e+06  6.98e+03   1.94e+01     7.77e-03   1708.312s
3534000 +6.15017051e+06 +6.15709326e+06  6.92e+03   1.94e+01     7.74e-03   1708.791s
3535000 +6.15010123e+06 +6.15707225e+06  6.97e+03   1.95e+01     7.73e-03   1709.270s
3536000 +6.15008662e+06 +6.15705433e+06  6.97e+03   1.94e+01     7.70e-03   1709.749s
3537000 +6.15010822e+06 +6.15703446e+06  6.93e+03   1.92e+01     7.71e-03   1710.228s
3538000 +6.15004898e+06 +6.15701930e+06  6.97e+03   1.93e+01     7.68e-03   1710.707s
3539000 +6.15001794e+06 +6.15699237e+06  6.97e+03   1.95e+01     7.65e-03   1711.186s
3540000 +6.14999252e+06 +6.15697902e+06  6.99e+03   1.94e+01     7.65e-03   1711.665s
3541000 +6.14998468e+06 +6.15696478e+06  6.98e+03   1.93e+01     7.66e-03   1712.144s
3542000 +6.14995932e+06 +6.15694734e+06  6.99e+03   1.93e+01     7.66e-03   1712.623s
3543000 +6.14994829e+06 +6.15693280e+06  6.98e+03   1.93e+01     7.66e-03   1713.102s
3544000 +6.14990256e+06 +6.15692083e+06  7.02e+03   1.92e+01     7.63e-03   1713.581s
3545000 +6.14989829e+06 +6.15690310e+06  7.00e+03   1.92e+01     7.61e-03   1714.060s
3546000 +6.14990776e+06 +6.15688585e+06  6.98e+03   1.92e+01     7.60e-03   1714.539s
3547000 +6.14988547e+06 +6.15687103e+06  6.99e+03   1.94e+01     7.61e-03   1715.017s
3548000 +6.14985267e+06 +6.15685108e+06  7.00e+03   1.94e+01     7.60e-03   1715.496s
3549000 +6.14982922e+06 +6.15683069e+06  7.00e+03   1.92e+01     7.58e-03   1715.976s
3550000 +6.14982124e+06 +6.15681397e+06  6.99e+03   1.91e+01     7.56e-03   1716.454s
3551000 +6.14981383e+06 +6.15679471e+06  6.98e+03   1.92e+01     7.61e-03   1716.934s
3552000 +6.14979484e+06 +6.15677832e+06  6.98e+03   1.92e+01     7.59e-03   1717.413s
3553000 +6.14978016e+06 +6.15676141e+06  6.98e+03   1.91e+01     7.60e-03   1717.892s
3554000 +6.14977827e+06 +6.15673895e+06  6.96e+03   1.92e+01     7.63e-03   1718.371s
3555000 +6.14974697e+06 +6.15672224e+06  6.98e+03   1.92e+01     7.61e-03   1718.850s
3556000 +6.14968458e+06 +6.15632096e+06  6.64e+03   1.95e+01     6.35e-03   1719.329s
3557000 +6.14980806e+06 +6.15622479e+06  6.42e+03   1.99e+01     6.32e-03   1719.808s
3558000 +6.14995564e+06 +6.15616139e+06  6.21e+03   2.05e+01     6.30e-03   1720.286s
3559000 +6.15013476e+06 +6.15610053e+06  5.97e+03   2.11e+01     6.29e-03   1720.765s
3560000 +6.15030546e+06 +6.15602236e+06  5.72e+03   2.19e+01     6.29e-03   1721.243s
3561000 +6.15050893e+06 +6.15596311e+06  5.45e+03   2.25e+01     6.28e-03   1721.722s
3562000 +6.15065742e+06 +6.15591044e+06  5.25e+03   2.30e+01     6.28e-03   1722.200s
3563000 +6.15074944e+06 +6.15585624e+06  5.11e+03   2.36e+01     6.28e-03   1722.679s
3564000 +6.15087564e+06 +6.15579738e+06  4.92e+03   2.43e+01     6.28e-03   1723.158s
3565000 +6.15095150e+06 +6.15573057e+06  4.78e+03   2.49e+01     6.27e-03   1723.636s
3566000 +6.15098383e+06 +6.15567241e+06  4.69e+03   2.53e+01     6.27e-03   1724.115s
3567000 +6.15109431e+06 +6.15561185e+06  4.52e+03   2.56e+01     6.27e-03   1724.594s
3568000 +6.15117807e+06 +6.15554697e+06  4.37e+03   2.60e+01     6.27e-03   1725.073s
3569000 +6.15126386e+06 +6.15548309e+06  4.22e+03   2.66e+01     6.27e-03   1725.552s
3570000 +6.15128735e+06 +6.15541887e+06  4.13e+03   2.70e+01     6.27e-03   1726.030s
3571000 +6.15130785e+06 +6.15536311e+06  4.06e+03   2.74e+01     6.26e-03   1726.509s
3572000 +6.15135759e+06 +6.15530575e+06  3.95e+03   2.75e+01     6.25e-03   1726.988s
3573000 +6.15144163e+06 +6.15524184e+06  3.80e+03   2.79e+01     6.26e-03   1727.466s
3574000 +6.15152074e+06 +6.15516217e+06  3.64e+03   2.84e+01     6.26e-03   1727.945s
3575000 +6.15147039e+06 +6.15507974e+06  3.61e+03   2.86e+01     6.25e-03   1728.424s
3576000 +6.15152388e+06 +6.15500937e+06  3.49e+03   2.88e+01     6.24e-03   1728.903s
3577000 +6.15162299e+06 +6.15494285e+06  3.32e+03   2.92e+01     6.24e-03   1729.382s
3578000 +6.15166422e+06 +6.15487024e+06  3.21e+03   2.97e+01     6.23e-03   1729.861s
3579000 +6.15169338e+06 +6.15479848e+06  3.11e+03   2.99e+01     6.24e-03   1730.339s
3580000 +6.15174875e+06 +6.15472728e+06  2.98e+03   2.99e+01     6.24e-03   1730.818s
3581000 +6.15167827e+06 +6.15466212e+06  2.98e+03   3.01e+01     6.23e-03   1731.297s
3582000 +6.15166712e+06 +6.15459767e+06  2.93e+03   3.01e+01     6.21e-03   1731.776s
3583000 +6.15158231e+06 +6.15452886e+06  2.95e+03   2.99e+01     6.20e-03   1732.255s
3584000 +6.15163337e+06 +6.15445656e+06  2.82e+03   3.02e+01     6.20e-03   1732.733s
3585000 +6.15156924e+06 +6.15438249e+06  2.81e+03   3.07e+01     6.19e-03   1733.212s
3586000 +6.15163659e+06 +6.15431341e+06  2.68e+03   3.07e+01     6.17e-03   1733.691s
3587000 +6.15170049e+06 +6.15423389e+06  2.53e+03   3.05e+01     6.16e-03   1734.170s
3588000 +6.15163851e+06 +6.15416410e+06  2.53e+03   3.08e+01     6.15e-03   1734.649s
3589000 +6.15151486e+06 +6.15409030e+06  2.58e+03   3.13e+01     6.14e-03   1735.128s
3590000 +6.15149087e+06 +6.15401197e+06  2.52e+03   3.12e+01     6.12e-03   1735.606s
3591000 +6.15152299e+06 +6.15393200e+06  2.41e+03   3.08e+01     6.11e-03   1736.085s
3592000 +6.15158482e+06 +6.15386620e+06  2.28e+03   3.13e+01     6.09e-03   1736.564s
3593000 +6.15156211e+06 +6.15378961e+06  2.23e+03   3.16e+01     6.09e-03   1737.043s
3594000 +6.15156576e+06 +6.15371583e+06  2.15e+03   3.18e+01     6.08e-03   1737.522s
3595000 +6.15152291e+06 +6.15364496e+06  2.12e+03   3.20e+01     6.09e-03   1738.000s
3596000 +6.15149887e+06 +6.15356987e+06  2.07e+03   3.21e+01     6.07e-03   1738.479s
3597000 +6.15137007e+06 +6.15349019e+06  2.12e+03   3.18e+01     6.05e-03   1738.958s
3598000 +6.15142151e+06 +6.15341317e+06  1.99e+03   3.17e+01     6.06e-03   1739.437s
3599000 +6.15136422e+06 +6.15333725e+06  1.97e+03   3.21e+01     6.04e-03   1739.916s
3600000 +6.15146813e+06 +6.15326269e+06  1.79e+03   3.24e+01     6.04e-03   1740.395s
3601000 +6.15136907e+06 +6.15319058e+06  1.82e+03   3.23e+01     6.03e-03   1740.874s
3602000 +6.15140319e+06 +6.15311290e+06  1.71e+03   3.24e+01     6.01e-03   1741.352s
3603000 +6.15147436e+06 +6.15303426e+06  1.56e+03   3.28e+01     6.01e-03   1741.831s
3604000 +6.15134266e+06 +6.15294951e+06  1.61e+03   3.31e+01     6.01e-03   1742.310s
3605000 +6.15133925e+06 +6.15287358e+06  1.53e+03   3.31e+01     6.00e-03   1742.789s
3606000 +6.15121692e+06 +6.15278530e+06  1.57e+03   3.33e+01     5.98e-03   1743.268s
3607000 +6.15116915e+06 +6.15271806e+06  1.55e+03   3.34e+01     5.97e-03   1743.747s
3608000 +6.15115405e+06 +6.15263920e+06  1.49e+03   3.34e+01     5.97e-03   1744.226s
3609000 +6.15119016e+06 +6.15255906e+06  1.37e+03   3.34e+01     5.96e-03   1744.705s
3610000 +6.15128244e+06 +6.15247092e+06  1.19e+03   3.39e+01     5.96e-03   1745.184s
3611000 +6.15117150e+06 +6.15239158e+06  1.22e+03   3.38e+01     5.95e-03   1745.663s
3612000 +6.15123929e+06 +6.15231470e+06  1.08e+03   3.36e+01     5.94e-03   1746.142s
3613000 +6.15112674e+06 +6.15223642e+06  1.11e+03   3.36e+01     5.92e-03   1746.620s
3614000 +6.15117760e+06 +6.15216566e+06  9.88e+02   3.38e+01     5.92e-03   1747.099s
3615000 +6.15127875e+06 +6.15209373e+06  8.15e+02   3.38e+01     5.91e-03   1747.578s
3616000 +6.15094851e+06 +6.15200665e+06  1.06e+03   3.39e+01     5.90e-03   1748.057s
3617000 +6.15097441e+06 +6.15192593e+06  9.52e+02   3.40e+01     5.91e-03   1748.536s
3618000 +6.15087314e+06 +6.15184650e+06  9.73e+02   3.39e+01     5.89e-03   1749.014s
3619000 +6.15063986e+06 +6.15176968e+06  1.13e+03   3.37e+01     5.86e-03   1749.493s
3620000 +6.15077427e+06 +6.15169863e+06  9.24e+02   3.38e+01     5.86e-03   1749.972s
3621000 +6.15058067e+06 +6.15162378e+06  1.04e+03   3.41e+01     5.84e-03   1750.451s
3622000 +6.15060157e+06 +6.15154615e+06  9.45e+02   3.42e+01     5.85e-03   1750.930s
3623000 +6.15056800e+06 +6.15146448e+06  8.96e+02   3.39e+01     5.84e-03   1751.409s
3624000 +6.15053813e+06 +6.15138844e+06  8.50e+02   3.38e+01     5.83e-03   1751.888s
3625000 +6.15052274e+06 +6.15131675e+06  7.94e+02   3.40e+01     5.84e-03   1752.367s
3626000 +6.15059241e+06 +6.15123029e+06  6.38e+02   3.39e+01     5.83e-03   1752.846s
3627000 +6.15054209e+06 +6.15114724e+06  6.05e+02   3.37e+01     5.82e-03   1753.325s
3628000 +6.15055164e+06 +6.15107797e+06  5.26e+02   3.39e+01     5.81e-03   1753.804s
3629000 +6.15058949e+06 +6.15099829e+06  4.09e+02   3.41e+01     5.80e-03   1754.283s
3630000 +6.15043610e+06 +6.15092171e+06  4.86e+02   3.37e+01     5.78e-03   1754.761s
3631000 +6.15040310e+06 +6.15083171e+06  4.29e+02   3.37e+01     5.78e-03   1755.240s
3632000 +6.15040909e+06 +6.15075618e+06  3.47e+02   3.40e+01     5.76e-03   1755.719s
3633000 +6.15043211e+06 +6.15068530e+06  2.53e+02   3.39e+01     5.76e-03   1756.198s
3634000 +6.15022055e+06 +6.15059948e+06  3.79e+02   3.34e+01     5.73e-03   1756.677s
3635000 +6.15015528e+06 +6.15052153e+06  3.66e+02   3.37e+01     5.74e-03   1757.156s
3636000 +6.15004793e+06 +6.15044471e+06  3.97e+02   3.41e+01     5.72e-03   1757.635s
3637000 +6.15001747e+06 +6.15036724e+06  3.50e+02   3.36e+01     5.71e-03   1758.114s
3638000 +6.14996854e+06 +6.15029207e+06  3.24e+02   3.33e+01     5.69e-03   1758.593s
3639000 +6.14979512e+06 +6.15021529e+06  4.20e+02   3.35e+01     5.66e-03   1759.071s
3640000 +6.14983019e+06 +6.15013463e+06  3.04e+02   3.40e+01     5.68e-03   1759.550s
3641000 +6.14978645e+06 +6.15005527e+06  2.69e+02   3.37e+01     5.67e-03   1760.029s
3642000 +6.14981029e+06 +6.14997617e+06  1.66e+02   3.36e+01     5.65e-03   1760.508s
3643000 +6.14965577e+06 +6.14989325e+06  2.37e+02   3.37e+01     5.65e-03   1760.987s
3644000 +6.14968607e+06 +6.14981969e+06  1.34e+02   3.37e+01     5.63e-03   1761.466s
3645000 +6.14969389e+06 +6.14974863e+06  5.47e+01   3.37e+01     5.61e-03   1761.945s
3646000 +6.14966824e+06 +6.14967436e+06  6.12e+00   3.39e+01     5.59e-03   1762.424s
3647000 +6.14965608e+06 +6.14959581e+06  6.03e+01   3.39e+01     5.57e-03   1762.903s
3648000 +6.14942853e+06 +6.14952007e+06  9.15e+01   3.36e+01     5.55e-03   1763.382s
3649000 +6.14949988e+06 +6.14944509e+06  5.48e+01   3.35e+01     5.53e-03   1763.860s
3650000 +6.14953448e+06 +6.14936879e+06  1.66e+02   3.38e+01     5.53e-03   1764.339s
3651000 +6.14947283e+06 +6.14929709e+06  1.76e+02   3.38e+01     5.54e-03   1764.818s
3652000 +6.14933614e+06 +6.14922731e+06  1.09e+02   3.34e+01     5.51e-03   1765.297s
3653000 +6.14935983e+06 +6.14915698e+06  2.03e+02   3.32e+01     5.50e-03   1765.776s
3654000 +6.14939634e+06 +6.14908271e+06  3.14e+02   3.35e+01     5.50e-03   1766.255s
3655000 +6.14923722e+06 +6.14900746e+06  2.30e+02   3.36e+01     5.49e-03   1766.734s
3656000 +6.14922140e+06 +6.14894223e+06  2.79e+02   3.34e+01     5.46e-03   1767.213s
3657000 +6.14914691e+06 +6.14887170e+06  2.75e+02   3.33e+01     5.45e-03   1767.692s
3658000 +6.14909058e+06 +6.14880503e+06  2.86e+02   3.32e+01     5.44e-03   1768.171s
3659000 +6.14904500e+06 +6.14873514e+06  3.10e+02   3.34e+01     5.44e-03   1768.650s
3660000 +6.14883324e+06 +6.14866423e+06  1.69e+02   3.33e+01     5.41e-03   1769.129s
3661000 +6.14882736e+06 +6.14859331e+06  2.34e+02   3.29e+01     5.40e-03   1769.608s
3662000 +6.14862581e+06 +6.14852691e+06  9.89e+01   3.27e+01     5.39e-03   1770.087s
3663000 +6.14854551e+06 +6.14845553e+06  9.00e+01   3.29e+01     5.38e-03   1770.566s
3664000 +6.14849849e+06 +6.14838598e+06  1.13e+02   3.29e+01     5.38e-03   1771.045s
3665000 +6.14848250e+06 +6.14831444e+06  1.68e+02   3.27e+01     5.37e-03   1771.524s
3666000 +6.14841580e+06 +6.14824807e+06  1.68e+02   3.25e+01     5.36e-03   1772.003s
3667000 +6.14842777e+06 +6.14818077e+06  2.47e+02   3.27e+01     5.35e-03   1772.482s
3668000 +6.14833870e+06 +6.14811705e+06  2.22e+02   3.26e+01     5.37e-03   1772.961s
3669000 +6.14836996e+06 +6.14805148e+06  3.18e+02   3.25e+01     5.35e-03   1773.440s
3670000 +6.14821117e+06 +6.14799163e+06  2.20e+02   3.25e+01     5.33e-03   1773.919s
3671000 +6.14807243e+06 +6.14792295e+06  1.49e+02   3.23e+01     5.31e-03   1774.398s
3672000 +6.14810144e+06 +6.14785473e+06  2.47e+02   3.21e+01     5.30e-03   1774.877s
3673000 +6.14807620e+06 +6.14779220e+06  2.84e+02   3.23e+01     5.29e-03   1775.356s
3674000 +6.14802275e+06 +6.14772458e+06  2.98e+02   3.24e+01     5.27e-03   1775.835s
3675000 +6.14788246e+06 +6.14766028e+06  2.22e+02   3.20e+01     5.25e-03   1776.314s
3676000 +6.14771843e+06 +6.14759851e+06  1.20e+02   3.20e+01     5.23e-03   1776.793s
3677000 +6.14771636e+06 +6.14753685e+06  1.80e+02   3.20e+01     5.21e-03   1777.272s
3678000 +6.14756203e+06 +6.14748276e+06  7.93e+01   3.18e+01     5.21e-03   1777.751s
3679000 +6.14736289e+06 +6.14742175e+06  5.89e+01   3.15e+01     5.20e-03   1778.230s
3680000 +6.14710325e+06 +6.14736979e+06  2.67e+02   3.13e+01     5.18e-03   1778.709s
3681000 +6.14715134e+06 +6.14731207e+06  1.61e+02   3.15e+01     5.17e-03   1779.188s
3682000 +6.14701403e+06 +6.14725988e+06  2.46e+02   3.11e+01     5.15e-03   1779.667s
3683000 +6.14700204e+06 +6.14720591e+06  2.04e+02   3.09e+01     5.13e-03   1780.146s
3684000 +6.14666000e+06 +6.14715359e+06  4.94e+02   3.11e+01     5.13e-03   1780.625s
3685000 +6.14686600e+06 +6.14710206e+06  2.36e+02   3.12e+01     5.12e-03   1781.104s
3686000 +6.14671193e+06 +6.14704784e+06  3.36e+02   3.06e+01     5.10e-03   1781.583s
3687000 +6.14665974e+06 +6.14699486e+06  3.35e+02   3.06e+01     5.10e-03   1782.062s
3688000 +6.14658079e+06 +6.14694058e+06  3.60e+02   3.08e+01     5.09e-03   1782.541s
3689000 +6.14663534e+06 +6.14688493e+06  2.50e+02   3.08e+01     5.09e-03   1783.020s
3690000 +6.14645629e+06 +6.14682778e+06  3.71e+02   3.04e+01     5.08e-03   1783.499s
3691000 +6.14630829e+06 +6.14677700e+06  4.69e+02   3.04e+01     5.05e-03   1783.978s
3692000 +6.14626741e+06 +6.14672187e+06  4.54e+02   3.06e+01     5.06e-03   1784.457s
3693000 +6.14633863e+06 +6.14666997e+06  3.31e+02   3.04e+01     5.05e-03   1784.936s
3694000 +6.14633682e+06 +6.14661636e+06  2.80e+02   3.03e+01     5.04e-03   1785.415s
3695000 +6.14626138e+06 +6.14656202e+06  3.01e+02   3.04e+01     5.03e-03   1785.894s
3696000 +6.14623581e+06 +6.14651010e+06  2.74e+02   3.02e+01     5.04e-03   1786.373s
3697000 +6.14621906e+06 +6.14646296e+06  2.44e+02   3.00e+01     5.01e-03   1786.851s
3698000 +6.14601368e+06 +6.14641301e+06  3.99e+02   3.00e+01     5.02e-03   1787.330s
3699000 +6.14602678e+06 +6.14636403e+06  3.37e+02   3.00e+01     5.01e-03   1787.809s
3700000 +6.14593497e+06 +6.14631517e+06  3.80e+02   3.00e+01     5.00e-03   1788.289s
3701000 +6.14581876e+06 +6.14626865e+06  4.50e+02   2.97e+01     4.98e-03   1788.767s
3702000 +6.14574265e+06 +6.14622183e+06  4.79e+02   2.95e+01     4.97e-03   1789.247s
3703000 +6.14570088e+06 +6.14617942e+06  4.79e+02   2.98e+01     4.97e-03   1789.725s
3704000 +6.14569599e+06 +6.14613060e+06  4.35e+02   2.99e+01     4.97e-03   1790.204s
3705000 +6.14559561e+06 +6.14607436e+06  4.79e+02   2.93e+01     4.95e-03   1790.683s
3706000 +6.14566594e+06 +6.14602289e+06  3.57e+02   2.93e+01     4.94e-03   1791.162s
3707000 +6.14568731e+06 +6.14596897e+06  2.82e+02   2.99e+01     4.95e-03   1791.641s
3708000 +6.14555384e+06 +6.14592643e+06  3.73e+02   2.97e+01     4.92e-03   1792.120s
3709000 +6.14556644e+06 +6.14587908e+06  3.13e+02   2.93e+01     4.92e-03   1792.599s
3710000 +6.14545327e+06 +6.14582409e+06  3.71e+02   2.96e+01     4.92e-03   1793.078s
3711000 +6.14543742e+06 +6.14577513e+06  3.38e+02   2.97e+01     4.92e-03   1793.557s
3712000 +6.14534241e+06 +6.14572463e+06  3.82e+02   2.95e+01     4.90e-03   1794.036s
3713000 +6.14522741e+06 +6.14567655e+06  4.49e+02   2.94e+01     4.89e-03   1794.515s
3714000 +6.14515511e+06 +6.14562858e+06  4.73e+02   2.94e+01     4.89e-03   1794.994s
3715000 +6.14509609e+06 +6.14558309e+06  4.87e+02   2.92e+01     4.88e-03   1795.473s
3716000 +6.14501494e+06 +6.14553663e+06  5.22e+02   2.92e+01     4.88e-03   1795.952s
3717000 +6.14480466e+06 +6.14548835e+06  6.84e+02   2.91e+01     4.87e-03   1796.431s
3718000 +6.14473557e+06 +6.14543928e+06  7.04e+02   2.93e+01     4.86e-03   1796.910s
3719000 +6.14470930e+06 +6.14539170e+06  6.82e+02   2.90e+01     4.84e-03   1797.389s
3720000 +6.14467537e+06 +6.14534855e+06  6.73e+02   2.88e+01     4.84e-03   1797.868s
3721000 +6.14480240e+06 +6.14530017e+06  4.98e+02   2.90e+01     4.83e-03   1798.347s
3722000 +6.14459284e+06 +6.14524849e+06  6.56e+02   2.91e+01     4.84e-03   1798.826s
3723000 +6.14451700e+06 +6.14519920e+06  6.82e+02   2.87e+01     4.81e-03   1799.305s
3724000 +6.14444350e+06 +6.14515084e+06  7.07e+02   2.85e+01     4.80e-03   1799.784s
3725000 +6.14437108e+06 +6.14510734e+06  7.36e+02   2.88e+01     4.78e-03   1800.263s
3726000 +6.14438537e+06 +6.14505517e+06  6.70e+02   2.88e+01     4.79e-03   1800.742s
3727000 +6.14429234e+06 +6.14500689e+06  7.15e+02   2.85e+01     4.79e-03   1801.221s
3728000 +6.14419237e+06 +6.14496436e+06  7.72e+02   2.83e+01     4.77e-03   1801.700s
3729000 +6.14417999e+06 +6.14492206e+06  7.42e+02   2.87e+01     4.78e-03   1802.179s
3730000 +6.14413157e+06 +6.14487733e+06  7.46e+02   2.84e+01     4.77e-03   1802.658s
3731000 +6.14394998e+06 +6.14482235e+06  8.72e+02   2.81e+01     4.73e-03   1803.137s
3732000 +6.14391257e+06 +6.14477226e+06  8.60e+02   2.82e+01     4.76e-03   1803.616s
3733000 +6.14397943e+06 +6.14472301e+06  7.44e+02   2.83e+01     4.75e-03   1804.095s
3734000 +6.14399943e+06 +6.14467729e+06  6.78e+02   2.81e+01     4.74e-03   1804.574s
3735000 +6.14395148e+06 +6.14463266e+06  6.81e+02   2.81e+01     4.75e-03   1805.053s
3736000 +6.14367472e+06 +6.14458810e+06  9.13e+02   2.82e+01     4.75e-03   1805.532s
3737000 +6.14368383e+06 +6.14454510e+06  8.61e+02   2.79e+01     4.74e-03   1806.011s
3738000 +6.14349849e+06 +6.14450157e+06  1.00e+03   2.75e+01     4.72e-03   1806.490s
3739000 +6.14350880e+06 +6.14445914e+06  9.50e+02   2.78e+01     4.71e-03   1806.969s
3740000 +6.14339037e+06 +6.14441442e+06  1.02e+03   2.79e+01     4.71e-03   1807.448s
3741000 +6.14328219e+06 +6.14437206e+06  1.09e+03   2.73e+01     4.70e-03   1807.927s
3742000 +6.14323177e+06 +6.14432442e+06  1.09e+03   2.71e+01     4.69e-03   1808.406s
3743000 +6.14315906e+06 +6.14428237e+06  1.12e+03   2.74e+01     4.68e-03   1808.885s
3744000 +6.14306793e+06 +6.14424292e+06  1.17e+03   2.73e+01     4.67e-03   1809.364s
3745000 +6.14288044e+06 +6.14420576e+06  1.33e+03   2.70e+01     4.66e-03   1809.842s
3746000 +6.14290729e+06 +6.14416185e+06  1.25e+03   2.70e+01     4.65e-03   1810.322s
3747000 +6.14294142e+06 +6.14412052e+06  1.18e+03   2.70e+01     4.64e-03   1810.801s
3748000 +6.14278756e+06 +6.14407325e+06  1.29e+03   2.71e+01     4.63e-03   1811.280s
3749000 +6.14268501e+06 +6.14402416e+06  1.34e+03   2.70e+01     4.62e-03   1811.759s
3750000 +6.14261464e+06 +6.14397516e+06  1.36e+03   2.67e+01     4.60e-03   1812.238s
3751000 +6.14254409e+06 +6.14393103e+06  1.39e+03   2.65e+01     4.59e-03   1812.717s
3752000 +6.14238851e+06 +6.14388918e+06  1.50e+03   2.66e+01     4.58e-03   1813.196s
3753000 +6.14244396e+06 +6.14384899e+06  1.41e+03   2.69e+01     4.58e-03   1813.675s
3754000 +6.14232800e+06 +6.14381281e+06  1.48e+03   2.65e+01     4.57e-03   1814.154s
3755000 +6.14241802e+06 +6.14376631e+06  1.35e+03   2.65e+01     4.58e-03   1814.633s
3756000 +6.14230861e+06 +6.14371949e+06  1.41e+03   2.64e+01     4.56e-03   1815.111s
3757000 +6.14242900e+06 +6.14367612e+06  1.25e+03   2.66e+01     4.57e-03   1815.591s
3758000 +6.14233827e+06 +6.14363565e+06  1.30e+03   2.67e+01     4.57e-03   1816.070s
3759000 +6.14229292e+06 +6.14359440e+06  1.30e+03   2.64e+01     4.57e-03   1816.549s
3760000 +6.14224371e+06 +6.14355309e+06  1.31e+03   2.63e+01     4.56e-03   1817.028s
3761000 +6.14216205e+06 +6.14351143e+06  1.35e+03   2.62e+01     4.54e-03   1817.507s
3762000 +6.14218276e+06 +6.14347165e+06  1.29e+03   2.64e+01     4.54e-03   1817.986s
3763000 +6.14210054e+06 +6.14343215e+06  1.33e+03   2.64e+01     4.54e-03   1818.465s
3764000 +6.14198358e+06 +6.14339087e+06  1.41e+03   2.62e+01     4.53e-03   1818.943s
3765000 +6.14183535e+06 +6.14334550e+06  1.51e+03   2.59e+01     4.52e-03   1819.422s
3766000 +6.14182256e+06 +6.14330726e+06  1.48e+03   2.60e+01     4.52e-03   1819.901s
3767000 +6.14178717e+06 +6.14326892e+06  1.48e+03   2.60e+01     4.51e-03   1820.380s
3768000 +6.14169831e+06 +6.14321784e+06  1.52e+03   2.59e+01     4.50e-03   1820.859s
3769000 +6.14166555e+06 +6.14317494e+06  1.51e+03   2.59e+01     4.49e-03   1821.338s
3770000 +6.14166216e+06 +6.14313706e+06  1.47e+03   2.60e+01     4.50e-03   1821.817s
3771000 +6.14168723e+06 +6.14309564e+06  1.41e+03   2.61e+01     4.50e-03   1822.296s
3772000 +6.14164216e+06 +6.14305114e+06  1.41e+03   2.61e+01     4.49e-03   1822.775s
3773000 +6.14165707e+06 +6.14300359e+06  1.35e+03   2.61e+01     4.48e-03   1823.254s
3774000 +6.14164917e+06 +6.14296870e+06  1.32e+03   2.61e+01     4.48e-03   1823.733s
3775000 +6.14160145e+06 +6.14292531e+06  1.32e+03   2.62e+01     4.46e-03   1824.212s
3776000 +6.14158747e+06 +6.14288119e+06  1.29e+03   2.62e+01     4.46e-03   1824.691s
3777000 +6.14161190e+06 +6.14283830e+06  1.23e+03   2.59e+01     4.45e-03   1825.171s
3778000 +6.14152075e+06 +6.14279281e+06  1.27e+03   2.58e+01     4.45e-03   1825.650s
3779000 +6.14141515e+06 +6.14275218e+06  1.34e+03   2.58e+01     4.42e-03   1826.129s
3780000 +6.14143480e+06 +6.14271040e+06  1.28e+03   2.61e+01     4.44e-03   1826.607s
3781000 +6.14140264e+06 +6.14266624e+06  1.26e+03   2.60e+01     4.44e-03   1827.087s
3782000 +6.14127952e+06 +6.14262489e+06  1.35e+03   2.59e+01     4.43e-03   1827.566s
3783000 +6.14139388e+06 +6.14258718e+06  1.19e+03   2.58e+01     4.43e-03   1828.044s
3784000 +6.14134198e+06 +6.14254789e+06  1.21e+03   2.58e+01     4.41e-03   1828.523s
3785000 +6.14125296e+06 +6.14250983e+06  1.26e+03   2.59e+01     4.41e-03   1829.003s
3786000 +6.14121267e+06 +6.14246722e+06  1.25e+03   2.57e+01     4.39e-03   1829.481s
3787000 +6.14117362e+06 +6.14242579e+06  1.25e+03   2.56e+01     4.39e-03   1829.960s
3788000 +6.14110656e+06 +6.14238547e+06  1.28e+03   2.56e+01     4.37e-03   1830.439s
3789000 +6.14113447e+06 +6.14234839e+06  1.21e+03   2.55e+01     4.37e-03   1830.918s
3790000 +6.14107638e+06 +6.14230870e+06  1.23e+03   2.54e+01     4.38e-03   1831.397s
3791000 +6.14096493e+06 +6.14227053e+06  1.31e+03   2.54e+01     4.36e-03   1831.876s
3792000 +6.14092667e+06 +6.14223118e+06  1.30e+03   2.53e+01     4.36e-03   1832.355s
3793000 +6.14085273e+06 +6.14219735e+06  1.34e+03   2.51e+01     4.35e-03   1832.835s
3794000 +6.14076913e+06 +6.14216002e+06  1.39e+03   2.52e+01     4.33e-03   1833.314s
3795000 +6.14067973e+06 +6.14212177e+06  1.44e+03   2.53e+01     4.33e-03   1833.793s
3796000 +6.14067135e+06 +6.14208101e+06  1.41e+03   2.50e+01     4.33e-03   1834.272s
3797000 +6.14066574e+06 +6.14204107e+06  1.38e+03   2.50e+01     4.32e-03   1834.751s
3798000 +6.14062257e+06 +6.14200366e+06  1.38e+03   2.51e+01     4.32e-03   1835.230s
3799000 +6.14054674e+06 +6.14196643e+06  1.42e+03   2.50e+01     4.30e-03   1835.709s
3800000 +6.14047046e+06 +6.14192749e+06  1.46e+03   2.48e+01     4.29e-03   1836.188s
3801000 +6.14044270e+06 +6.14188948e+06  1.45e+03   2.49e+01     4.28e-03   1836.667s
3802000 +6.14048886e+06 +6.14185157e+06  1.36e+03   2.50e+01     4.28e-03   1837.145s
3803000 +6.14036556e+06 +6.14181179e+06  1.45e+03   2.49e+01     4.27e-03   1837.624s
3804000 +6.14041350e+06 +6.14178090e+06  1.37e+03   2.48e+01     4.26e-03   1838.104s
3805000 +6.14048612e+06 +6.14174550e+06  1.26e+03   2.49e+01     4.28e-03   1838.583s
3806000 +6.14033240e+06 +6.14171450e+06  1.38e+03   2.49e+01     4.27e-03   1839.062s
3807000 +6.14023111e+06 +6.14168011e+06  1.45e+03   2.48e+01     4.26e-03   1839.541s
3808000 +6.14026092e+06 +6.14164378e+06  1.38e+03   2.47e+01     4.25e-03   1840.020s
3809000 +6.14024567e+06 +6.14160833e+06  1.36e+03   2.45e+01     4.23e-03   1840.499s
3810000 +6.14015230e+06 +6.14156916e+06  1.42e+03   2.46e+01     4.22e-03   1840.978s
3811000 +6.14007405e+06 +6.14153320e+06  1.46e+03   2.46e+01     4.20e-03   1841.457s
3812000 +6.14014010e+06 +6.14149638e+06  1.36e+03   2.45e+01     4.20e-03   1841.936s
3813000 +6.14009627e+06 +6.14145425e+06  1.36e+03   2.44e+01     4.19e-03   1842.415s
3814000 +6.14008667e+06 +6.14141944e+06  1.33e+03   2.46e+01     4.18e-03   1842.894s
3815000 +6.14002954e+06 +6.14138181e+06  1.35e+03   2.47e+01     4.18e-03   1843.373s
3816000 +6.13989076e+06 +6.14134018e+06  1.45e+03   2.43e+01     4.16e-03   1843.851s
3817000 +6.13995430e+06 +6.14130673e+06  1.35e+03   2.44e+01     4.17e-03   1844.330s
3818000 +6.13982583e+06 +6.14127456e+06  1.45e+03   2.44e+01     4.16e-03   1844.809s
3819000 +6.13982013e+06 +6.14123735e+06  1.42e+03   2.43e+01     4.15e-03   1845.288s
3820000 +6.13977792e+06 +6.14119837e+06  1.42e+03   2.43e+01     4.14e-03   1845.767s
3821000 +6.13984393e+06 +6.14115638e+06  1.31e+03   2.43e+01     4.14e-03   1846.246s
3822000 +6.13979597e+06 +6.14111503e+06  1.32e+03   2.43e+01     4.15e-03   1846.725s
3823000 +6.13971583e+06 +6.14107341e+06  1.36e+03   2.43e+01     4.13e-03   1847.205s
3824000 +6.13973803e+06 +6.14104651e+06  1.31e+03   2.42e+01     4.13e-03   1847.684s
3825000 +6.13967518e+06 +6.14100928e+06  1.33e+03   2.40e+01     4.12e-03   1848.163s
3826000 +6.13962997e+06 +6.14097354e+06  1.34e+03   2.40e+01     4.11e-03   1848.641s
3827000 +6.13959284e+06 +6.14093677e+06  1.34e+03   2.43e+01     4.13e-03   1849.120s
3828000 +6.13953651e+06 +6.14090263e+06  1.37e+03   2.42e+01     4.12e-03   1849.599s
3829000 +6.13947012e+06 +6.14086463e+06  1.39e+03   2.40e+01     4.10e-03   1850.078s
3830000 +6.13939108e+06 +6.14083049e+06  1.44e+03   2.39e+01     4.10e-03   1850.557s
3831000 +6.13932035e+06 +6.14079738e+06  1.48e+03   2.39e+01     4.08e-03   1851.036s
3832000 +6.13926385e+06 +6.14076194e+06  1.50e+03   2.39e+01     4.07e-03   1851.515s
3833000 +6.13930078e+06 +6.14072486e+06  1.42e+03   2.39e+01     4.07e-03   1851.994s
3834000 +6.13928092e+06 +6.14069094e+06  1.41e+03   2.38e+01     4.07e-03   1852.473s
3835000 +6.13929951e+06 +6.14065584e+06  1.36e+03   2.39e+01     4.07e-03   1852.952s
3836000 +6.13918734e+06 +6.14061874e+06  1.43e+03   2.39e+01     4.05e-03   1853.432s
3837000 +6.13920969e+06 +6.14057722e+06  1.37e+03   2.38e+01     4.05e-03   1853.910s
3838000 +6.13914989e+06 +6.14054450e+06  1.39e+03   2.37e+01     4.04e-03   1854.389s
3839000 +6.13911959e+06 +6.14050976e+06  1.39e+03   2.37e+01     4.04e-03   1854.868s
3840000 +6.13911290e+06 +6.14047854e+06  1.37e+03   2.37e+01     4.03e-03   1855.347s
3841000 +6.13911458e+06 +6.14043878e+06  1.32e+03   2.37e+01     4.02e-03   1855.826s
3842000 +6.13897255e+06 +6.14040647e+06  1.43e+03   2.37e+01     4.03e-03   1856.305s
3843000 +6.13887323e+06 +6.14036670e+06  1.49e+03   2.35e+01     4.01e-03   1856.784s
3844000 +6.13886801e+06 +6.14033060e+06  1.46e+03   2.34e+01     4.00e-03   1857.263s
3845000 +6.13888964e+06 +6.14029617e+06  1.41e+03   2.35e+01     4.01e-03   1857.742s
3846000 +6.13897007e+06 +6.14026621e+06  1.30e+03   2.37e+01     4.01e-03   1858.221s
3847000 +6.13895229e+06 +6.14022772e+06  1.28e+03   2.35e+01     4.01e-03   1858.700s
3848000 +6.13886606e+06 +6.14019643e+06  1.33e+03   2.35e+01     3.99e-03   1859.179s
3849000 +6.13885904e+06 +6.14016258e+06  1.30e+03   2.36e+01     3.99e-03   1859.658s
3850000 +6.13872534e+06 +6.14012685e+06  1.40e+03   2.34e+01     3.98e-03   1860.137s
3851000 +6.13866008e+06 +6.14009029e+06  1.43e+03   2.31e+01     3.96e-03   1860.616s
3852000 +6.13863176e+06 +6.14005337e+06  1.42e+03   2.30e+01     3.95e-03   1861.095s
3853000 +6.13865485e+06 +6.14001872e+06  1.36e+03   2.31e+01     3.96e-03   1861.574s
3854000 +6.13864199e+06 +6.13998839e+06  1.35e+03   2.31e+01     3.96e-03   1862.053s
3855000 +6.13856794e+06 +6.13995913e+06  1.39e+03   2.31e+01     3.94e-03   1862.532s
3856000 +6.13855672e+06 +6.13993161e+06  1.37e+03   2.30e+01     3.93e-03   1863.011s
3857000 +6.13855476e+06 +6.13990161e+06  1.35e+03   2.30e+01     3.92e-03   1863.490s
3858000 +6.13853192e+06 +6.13986723e+06  1.34e+03   2.29e+01     3.92e-03   1863.969s
3859000 +6.13848732e+06 +6.13983172e+06  1.34e+03   2.30e+01     3.91e-03   1864.448s
3860000 +6.13838318e+06 +6.13980394e+06  1.42e+03   2.29e+01     3.90e-03   1864.927s
3861000 +6.13831524e+06 +6.13977417e+06  1.46e+03   2.28e+01     3.88e-03   1865.406s
3862000 +6.13833640e+06 +6.13973786e+06  1.40e+03   2.27e+01     3.89e-03   1865.885s
3863000 +6.13832421e+06 +6.13970661e+06  1.38e+03   2.27e+01     3.88e-03   1866.364s
3864000 +6.13827866e+06 +6.13967370e+06  1.40e+03   2.27e+01     3.88e-03   1866.843s
3865000 +6.13814015e+06 +6.13964665e+06  1.51e+03   2.25e+01     3.86e-03   1867.322s
3866000 +6.13813268e+06 +6.13961583e+06  1.48e+03   2.25e+01     3.85e-03   1867.801s
3867000 +6.13808380e+06 +6.13958569e+06  1.50e+03   2.26e+01     3.86e-03   1868.280s
3868000 +6.13800075e+06 +6.13955413e+06  1.55e+03   2.25e+01     3.84e-03   1868.759s
3869000 +6.13796876e+06 +6.13952493e+06  1.56e+03   2.25e+01     3.84e-03   1869.238s
3870000 +6.13798952e+06 +6.13950048e+06  1.51e+03   2.25e+01     3.84e-03   1869.717s
3871000 +6.13789362e+06 +6.13946929e+06  1.58e+03   2.24e+01     3.82e-03   1870.196s
3872000 +6.13790472e+06 +6.13943750e+06  1.53e+03   2.25e+01     3.83e-03   1870.675s
3873000 +6.13791044e+06 +6.13940815e+06  1.50e+03   2.26e+01     3.83e-03   1871.154s
3874000 +6.13787383e+06 +6.13937654e+06  1.50e+03   2.24e+01     3.82e-03   1871.633s
3875000 +6.13782498e+06 +6.13934599e+06  1.52e+03   2.23e+01     3.81e-03   1872.112s
3876000 +6.13777447e+06 +6.13931723e+06  1.54e+03   2.24e+01     3.81e-03   1872.591s
3877000 +6.13773622e+06 +6.13928619e+06  1.55e+03   2.24e+01     3.80e-03   1873.070s
3878000 +6.13766397e+06 +6.13925619e+06  1.59e+03   2.23e+01     3.79e-03   1873.549s
3879000 +6.13766548e+06 +6.13922626e+06  1.56e+03   2.23e+01     3.78e-03   1874.028s
3880000 +6.13767380e+06 +6.13919820e+06  1.52e+03   2.23e+01     3.79e-03   1874.507s
3881000 +6.13765624e+06 +6.13916431e+06  1.51e+03   2.24e+01     3.79e-03   1874.986s
3882000 +6.13767069e+06 +6.13913449e+06  1.46e+03   2.25e+01     3.79e-03   1875.465s
3883000 +6.13773131e+06 +6.13910257e+06  1.37e+03   2.22e+01     3.78e-03   1875.944s
3884000 +6.13765031e+06 +6.13907026e+06  1.42e+03   2.22e+01     3.77e-03   1876.424s
3885000 +6.13757508e+06 +6.13903708e+06  1.46e+03   2.22e+01     3.77e-03   1876.902s
3886000 +6.13756473e+06 +6.13900465e+06  1.44e+03   2.21e+01     3.76e-03   1877.381s
3887000 +6.13756880e+06 +6.13896979e+06  1.40e+03   2.20e+01     3.75e-03   1877.861s
3888000 +6.13758878e+06 +6.13894433e+06  1.36e+03   2.21e+01     3.76e-03   1878.339s
3889000 +6.13761492e+06 +6.13891358e+06  1.30e+03   2.21e+01     3.75e-03   1878.818s
3890000 +6.13762222e+06 +6.13888528e+06  1.26e+03   2.22e+01     3.75e-03   1879.297s
3891000 +6.13753770e+06 +6.13885916e+06  1.32e+03   2.21e+01     3.73e-03   1879.776s
3892000 +6.13741843e+06 +6.13882897e+06  1.41e+03   2.20e+01     3.72e-03   1880.255s
3893000 +6.13742325e+06 +6.13880528e+06  1.38e+03   2.19e+01     3.72e-03   1880.734s
3894000 +6.13735133e+06 +6.13877194e+06  1.42e+03   2.19e+01     3.72e-03   1881.213s
3895000 +6.13730575e+06 +6.13874905e+06  1.44e+03   2.18e+01     3.71e-03   1881.692s
3896000 +6.13721758e+06 +6.13871878e+06  1.50e+03   2.18e+01     3.70e-03   1882.171s
3897000 +6.13716508e+06 +6.13869171e+06  1.53e+03   2.16e+01     3.70e-03   1882.650s
3898000 +6.13714522e+06 +6.13866820e+06  1.52e+03   2.16e+01     3.69e-03   1883.129s
3899000 +6.13715919e+06 +6.13863254e+06  1.47e+03   2.16e+01     3.68e-03   1883.608s
3900000 +6.13712077e+06 +6.13860676e+06  1.49e+03   2.16e+01     3.69e-03   1884.087s
3901000 +6.13710412e+06 +6.13858316e+06  1.48e+03   2.14e+01     3.68e-03   1884.566s
3902000 +6.13713743e+06 +6.13855466e+06  1.42e+03   2.13e+01     3.67e-03   1885.045s
3903000 +6.13709464e+06 +6.13853026e+06  1.44e+03   2.15e+01     3.67e-03   1885.524s
3904000 +6.13706451e+06 +6.13850106e+06  1.44e+03   2.16e+01     3.67e-03   1886.003s
3905000 +6.13698811e+06 +6.13847453e+06  1.49e+03   2.13e+01     3.65e-03   1886.482s
3906000 +6.13697636e+06 +6.13844802e+06  1.47e+03   2.12e+01     3.66e-03   1886.961s
3907000 +6.13696051e+06 +6.13842274e+06  1.46e+03   2.15e+01     3.66e-03   1887.440s
3908000 +6.13698843e+06 +6.13839499e+06  1.41e+03   2.15e+01     3.65e-03   1887.919s
3909000 +6.13697957e+06 +6.13836830e+06  1.39e+03   2.13e+01     3.65e-03   1888.398s
3910000 +6.13691333e+06 +6.13834290e+06  1.43e+03   2.11e+01     3.64e-03   1888.877s
3911000 +6.13687735e+06 +6.13832045e+06  1.44e+03   2.12e+01     3.62e-03   1889.356s
3912000 +6.13683757e+06 +6.13828958e+06  1.45e+03   2.12e+01     3.63e-03   1889.835s
3913000 +6.13680338e+06 +6.13826327e+06  1.46e+03   2.12e+01     3.63e-03   1890.314s
3914000 +6.13680486e+06 +6.13823706e+06  1.43e+03   2.11e+01     3.61e-03   1890.793s
3915000 +6.13673799e+06 +6.13820903e+06  1.47e+03   2.10e+01     3.60e-03   1891.272s
3916000 +6.13662449e+06 +6.13818329e+06  1.56e+03   2.10e+01     3.60e-03   1891.751s
3917000 +6.13665178e+06 +6.13815882e+06  1.51e+03   2.11e+01     3.60e-03   1892.231s
3918000 +6.13665386e+06 +6.13813563e+06  1.48e+03   2.11e+01     3.59e-03   1892.710s
3919000 +6.13668833e+06 +6.13810382e+06  1.42e+03   2.09e+01     3.59e-03   1893.189s
3920000 +6.13667360e+06 +6.13807153e+06  1.40e+03   2.11e+01     3.60e-03   1893.668s
3921000 +6.13663220e+06 +6.13804052e+06  1.41e+03   2.11e+01     3.60e-03   1894.147s
3922000 +6.13657975e+06 +6.13800596e+06  1.43e+03   2.09e+01     3.59e-03   1894.626s
3923000 +6.13663930e+06 +6.13797322e+06  1.33e+03   2.08e+01     3.60e-03   1895.105s
3924000 +6.13662655e+06 +6.13794975e+06  1.32e+03   2.09e+01     3.60e-03   1895.584s
3925000 +6.13667993e+06 +6.13791878e+06  1.24e+03   2.11e+01     3.60e-03   1896.063s
3926000 +6.13665400e+06 +6.13789238e+06  1.24e+03   2.10e+01     3.61e-03   1896.542s
3927000 +6.13657848e+06 +6.13786948e+06  1.29e+03   2.08e+01     3.61e-03   1897.021s
3928000 +6.13660989e+06 +6.13784536e+06  1.24e+03   2.08e+01     3.61e-03   1897.500s
3929000 +6.13664564e+06 +6.13781049e+06  1.16e+03   2.11e+01     3.63e-03   1897.979s
3930000 +6.13667906e+06 +6.13778247e+06  1.10e+03   2.10e+01     3.62e-03   1898.458s
3931000 +6.13670925e+06 +6.13775428e+06  1.05e+03   2.08e+01     3.63e-03   1898.937s
3932000 +6.13657996e+06 +6.13772869e+06  1.15e+03   2.09e+01     3.61e-03   1899.416s
3933000 +6.13664088e+06 +6.13770333e+06  1.06e+03   2.10e+01     3.62e-03   1899.895s
3934000 +6.13662470e+06 +6.13768131e+06  1.06e+03   2.08e+01     3.60e-03   1900.375s
3935000 +6.13655503e+06 +6.13765796e+06  1.10e+03   2.07e+01     3.60e-03   1900.854s
3936000 +6.13647586e+06 +6.13763471e+06  1.16e+03   2.07e+01     3.61e-03   1901.333s
3937000 +6.13648505e+06 +6.13760659e+06  1.12e+03   2.09e+01     3.62e-03   1901.812s
3938000 +6.13643527e+06 +6.13758120e+06  1.15e+03   2.08e+01     3.61e-03   1902.291s
3939000 +6.13636368e+06 +6.13755677e+06  1.19e+03   2.07e+01     3.62e-03   1902.770s
3940000 +6.13634625e+06 +6.13753101e+06  1.18e+03   2.07e+01     3.61e-03   1903.249s
3941000 +6.13637653e+06 +6.13750511e+06  1.13e+03   2.07e+01     3.62e-03   1903.728s
3942000 +6.13642899e+06 +6.13748400e+06  1.06e+03   2.08e+01     3.62e-03   1904.207s
3943000 +6.13636284e+06 +6.13746178e+06  1.10e+03   2.07e+01     3.62e-03   1904.686s
3944000 +6.13638698e+06 +6.13743306e+06  1.05e+03   2.08e+01     3.63e-03   1905.165s
3945000 +6.13635434e+06 +6.13740884e+06  1.05e+03   2.07e+01     3.62e-03   1905.644s
3946000 +6.13629683e+06 +6.13738020e+06  1.08e+03   2.07e+01     3.62e-03   1906.123s
3947000 +6.13631588e+06 +6.13735342e+06  1.04e+03   2.08e+01     3.62e-03   1906.602s
3948000 +6.13623814e+06 +6.13732987e+06  1.09e+03   2.06e+01     3.62e-03   1907.081s
3949000 +6.13627158e+06 +6.13730508e+06  1.03e+03   2.06e+01     3.62e-03   1907.560s
3950000 +6.13628919e+06 +6.13728513e+06  9.96e+02   2.07e+01     3.62e-03   1908.039s
3951000 +6.13624342e+06 +6.13725785e+06  1.01e+03   2.09e+01     3.63e-03   1908.518s
3952000 +6.13626295e+06 +6.13722664e+06  9.64e+02   2.08e+01     3.64e-03   1908.997s
3953000 +6.13627564e+06 +6.13720690e+06  9.31e+02   2.07e+01     3.64e-03   1909.476s
3954000 +6.13630860e+06 +6.13717729e+06  8.69e+02   2.09e+01     3.64e-03   1909.955s
3955000 +6.13630599e+06 +6.13715433e+06  8.48e+02   2.11e+01     3.65e-03   1910.434s
3956000 +6.13632443e+06 +6.13712660e+06  8.02e+02   2.08e+01     3.64e-03   1910.913s
3957000 +6.13620011e+06 +6.13710089e+06  9.01e+02   2.07e+01     3.64e-03   1911.392s
3958000 +6.13621979e+06 +6.13707966e+06  8.60e+02   2.08e+01     3.65e-03   1911.871s
3959000 +6.13622751e+06 +6.13705241e+06  8.25e+02   2.09e+01     3.66e-03   1912.350s
3960000 +6.13626175e+06 +6.13702531e+06  7.64e+02   2.08e+01     3.66e-03   1912.828s
3961000 +6.13622691e+06 +6.13700510e+06  7.78e+02   2.08e+01     3.65e-03   1913.307s
3962000 +6.13621263e+06 +6.13698508e+06  7.72e+02   2.07e+01     3.65e-03   1913.787s
3963000 +6.13622545e+06 +6.13696481e+06  7.39e+02   2.09e+01     3.67e-03   1914.266s
3964000 +6.13629702e+06 +6.13694159e+06  6.45e+02   2.10e+01     3.68e-03   1914.745s
3965000 +6.13626275e+06 +6.13691262e+06  6.50e+02   2.09e+01     3.67e-03   1915.224s
3966000 +6.13621411e+06 +6.13688520e+06  6.71e+02   2.08e+01     3.67e-03   1915.703s
3967000 +6.13626288e+06 +6.13685884e+06  5.96e+02   2.10e+01     3.67e-03   1916.182s
3968000 +6.13621887e+06 +6.13683695e+06  6.18e+02   2.11e+01     3.66e-03   1916.661s
3969000 +6.13621162e+06 +6.13681370e+06  6.02e+02   2.09e+01     3.66e-03   1917.140s
3970000 +6.13616355e+06 +6.13679014e+06  6.27e+02   2.09e+01     3.66e-03   1917.619s
3971000 +6.13612703e+06 +6.13676284e+06  6.36e+02   2.10e+01     3.67e-03   1918.098s
3972000 +6.13610948e+06 +6.13674145e+06  6.32e+02   2.10e+01     3.67e-03   1918.577s
3973000 +6.13612328e+06 +6.13671833e+06  5.95e+02   2.10e+01     3.67e-03   1919.056s
3974000 +6.13611415e+06 +6.13669729e+06  5.83e+02   2.10e+01     3.66e-03   1919.535s
3975000 +6.13603167e+06 +6.13667128e+06  6.40e+02   2.09e+01     3.65e-03   1920.014s
3976000 +6.13601118e+06 +6.13664799e+06  6.37e+02   2.10e+01     3.67e-03   1920.493s
3977000 +6.13598437e+06 +6.13662603e+06  6.42e+02   2.09e+01     3.66e-03   1920.972s
3978000 +6.13593748e+06 +6.13660501e+06  6.68e+02   2.09e+01     3.65e-03   1921.451s
3979000 +6.13597140e+06 +6.13658258e+06  6.11e+02   2.08e+01     3.64e-03   1921.930s
3980000 +6.13599782e+06 +6.13656302e+06  5.65e+02   2.09e+01     3.64e-03   1922.409s
3981000 +6.13589067e+06 +6.13653916e+06  6.48e+02   2.10e+01     3.64e-03   1922.888s
3982000 +6.13582135e+06 +6.13651245e+06  6.91e+02   2.10e+01     3.65e-03   1923.367s
3983000 +6.13584959e+06 +6.13649122e+06  6.42e+02   2.08e+01     3.65e-03   1923.846s
3984000 +6.13582502e+06 +6.13646653e+06  6.42e+02   2.08e+01     3.66e-03   1924.325s
3985000 +6.13582092e+06 +6.13644032e+06  6.19e+02   2.09e+01     3.65e-03   1924.804s
3986000 +6.13577799e+06 +6.13641622e+06  6.38e+02   2.10e+01     3.64e-03   1925.283s
3987000 +6.13575626e+06 +6.13639034e+06  6.34e+02   2.08e+01     3.64e-03   1925.762s
3988000 +6.13577460e+06 +6.13636988e+06  5.95e+02   2.09e+01     3.65e-03   1926.241s
3989000 +6.13579113e+06 +6.13634650e+06  5.55e+02   2.11e+01     3.65e-03   1926.720s
3990000 +6.13565636e+06 +6.13632818e+06  6.72e+02   2.10e+01     3.63e-03   1927.199s
3991000 +6.13558162e+06 +6.13630561e+06  7.24e+02   2.07e+01     3.62e-03   1927.679s
3992000 +6.13556975e+06 +6.13628246e+06  7.13e+02   2.07e+01     3.63e-03   1928.157s
3993000 +6.13557181e+06 +6.13626239e+06  6.91e+02   2.09e+01     3.63e-03   1928.636s
3994000 +6.13555931e+06 +6.13623935e+06  6.80e+02   2.09e+01     3.63e-03   1929.116s
3995000 +6.13551826e+06 +6.13621634e+06  6.98e+02   2.07e+01     3.61e-03   1929.595s
3996000 +6.13546895e+06 +6.13619686e+06  7.28e+02   2.06e+01     3.60e-03   1930.074s
3997000 +6.13544427e+06 +6.13617295e+06  7.29e+02   2.07e+01     3.62e-03   1930.553s
3998000 +6.13543224e+06 +6.13614867e+06  7.16e+02   2.08e+01     3.63e-03   1931.032s
3999000 +6.13550205e+06 +6.13612659e+06  6.25e+02   2.08e+01     3.63e-03   1931.511s
4000000 +6.13543153e+06 +6.13610503e+06  6.73e+02   2.06e+01     3.62e-03   1931.990s
4001000 +6.13543475e+06 +6.13608131e+06  6.47e+02   2.08e+01     3.62e-03   1932.469s
4002000 +6.13546272e+06 +6.13605559e+06  5.93e+02   2.09e+01     3.62e-03   1932.948s
4003000 +6.13542928e+06 +6.13603208e+06  6.03e+02   2.09e+01     3.63e-03   1933.427s
4004000 +6.13535744e+06 +6.13600171e+06  6.44e+02   2.07e+01     3.61e-03   1933.906s
4005000 +6.13532950e+06 +6.13597728e+06  6.48e+02   2.08e+01     3.61e-03   1934.385s
4006000 +6.13530382e+06 +6.13595574e+06  6.52e+02   2.09e+01     3.62e-03   1934.864s
4007000 +6.13531902e+06 +6.13593751e+06  6.18e+02   2.08e+01     3.62e-03   1935.343s
4008000 +6.13531221e+06 +6.13591646e+06  6.04e+02   2.06e+01     3.60e-03   1935.822s
4009000 +6.13530548e+06 +6.13589345e+06  5.88e+02   2.08e+01     3.61e-03   1936.301s
4010000 +6.13524738e+06 +6.13587646e+06  6.29e+02   2.08e+01     3.61e-03   1936.780s
4011000 +6.13525015e+06 +6.13584456e+06  5.94e+02   2.07e+01     3.60e-03   1937.260s
4012000 +6.13522837e+06 +6.13582235e+06  5.94e+02   2.06e+01     3.61e-03   1937.738s
4013000 +6.13514792e+06 +6.13579700e+06  6.49e+02   2.06e+01     3.61e-03   1938.217s
4014000 +6.13514058e+06 +6.13577776e+06  6.37e+02   2.07e+01     3.62e-03   1938.697s
4015000 +6.13518187e+06 +6.13575791e+06  5.76e+02   2.06e+01     3.60e-03   1939.176s
4016000 +6.13510771e+06 +6.13573862e+06  6.31e+02   2.07e+01     3.61e-03   1939.655s
4017000 +6.13516560e+06 +6.13571526e+06  5.50e+02   2.06e+01     3.62e-03   1940.134s
4018000 +6.13505043e+06 +6.13568572e+06  6.35e+02   2.05e+01     3.61e-03   1940.613s
4019000 +6.13504768e+06 +6.13566607e+06  6.18e+02   2.06e+01     3.60e-03   1941.092s
4020000 +6.13501488e+06 +6.13564321e+06  6.28e+02   2.06e+01     3.60e-03   1941.571s
4021000 +6.13498379e+06 +6.13562169e+06  6.38e+02   2.04e+01     3.59e-03   1942.050s
4022000 +6.13497115e+06 +6.13560171e+06  6.31e+02   2.04e+01     3.58e-03   1942.529s
4023000 +6.13495828e+06 +6.13557857e+06  6.20e+02   2.06e+01     3.59e-03   1943.008s
4024000 +6.13490555e+06 +6.13555870e+06  6.53e+02   2.05e+01     3.59e-03   1943.487s
4025000 +6.13487277e+06 +6.13553450e+06  6.62e+02   2.03e+01     3.58e-03   1943.966s
4026000 +6.13490331e+06 +6.13551477e+06  6.11e+02   2.05e+01     3.60e-03   1944.445s
4027000 +6.13483470e+06 +6.13549367e+06  6.59e+02   2.05e+01     3.60e-03   1944.924s
4028000 +6.13482273e+06 +6.13547037e+06  6.48e+02   2.04e+01     3.59e-03   1945.403s
4029000 +6.13480894e+06 +6.13544591e+06  6.37e+02   2.04e+01     3.61e-03   1945.882s
4030000 +6.13468764e+06 +6.13542528e+06  7.38e+02   2.04e+01     3.60e-03   1946.361s
4031000 +6.13473327e+06 +6.13540405e+06  6.71e+02   2.05e+01     3.60e-03   1946.840s
4032000 +6.13469990e+06 +6.13538461e+06  6.85e+02   2.03e+01     3.59e-03   1947.319s
4033000 +6.13459550e+06 +6.13536712e+06  7.72e+02   2.02e+01     3.59e-03   1947.798s
4034000 +6.13463452e+06 +6.13534813e+06  7.14e+02   2.02e+01     3.58e-03   1948.277s
4035000 +6.13458276e+06 +6.13532640e+06  7.44e+02   2.02e+01     3.58e-03   1948.756s
4036000 +6.13441689e+06 +6.13530365e+06  8.87e+02   2.02e+01     3.57e-03   1949.235s
4037000 +6.13437600e+06 +6.13528442e+06  9.08e+02   2.01e+01     3.56e-03   1949.714s
4038000 +6.13440001e+06 +6.13526484e+06  8.65e+02   2.00e+01     3.58e-03   1950.193s
4039000 +6.13431982e+06 +6.13524422e+06  9.24e+02   2.01e+01     3.58e-03   1950.672s
4040000 +6.13427205e+06 +6.13522621e+06  9.54e+02   2.01e+01     3.57e-03   1951.151s
4041000 +6.13428683e+06 +6.13520506e+06  9.18e+02   2.00e+01     3.57e-03   1951.630s
4042000 +6.13418217e+06 +6.13518645e+06  1.00e+03   1.98e+01     3.54e-03   1952.109s
4043000 +6.13425517e+06 +6.13516826e+06  9.13e+02   1.99e+01     3.56e-03   1952.589s
4044000 +6.13426371e+06 +6.13514710e+06  8.83e+02   2.00e+01     3.57e-03   1953.067s
4045000 +6.13422178e+06 +6.13512430e+06  9.03e+02   1.99e+01     3.55e-03   1953.546s
4046000 +6.13414481e+06 +6.13510606e+06  9.61e+02   1.99e+01     3.55e-03   1954.025s
4047000 +6.13413620e+06 +6.13508706e+06  9.51e+02   1.98e+01     3.55e-03   1954.505s
4048000 +6.13408234e+06 +6.13506924e+06  9.87e+02   1.99e+01     3.55e-03   1954.983s
4049000 +6.13405167e+06 +6.13504654e+06  9.95e+02   1.99e+01     3.55e-03   1955.463s
4050000 +6.13402385e+06 +6.13502620e+06  1.00e+03   1.97e+01     3.54e-03   1955.942s
4051000 +6.13398522e+06 +6.13500857e+06  1.02e+03   1.97e+01     3.54e-03   1956.420s
4052000 +6.13394267e+06 +6.13499272e+06  1.05e+03   1.97e+01     3.54e-03   1956.900s
4053000 +6.13399021e+06 +6.13497637e+06  9.86e+02   1.98e+01     3.55e-03   1957.379s
4054000 +6.13395494e+06 +6.13495665e+06  1.00e+03   1.96e+01     3.53e-03   1957.858s
4055000 +6.13389081e+06 +6.13493709e+06  1.05e+03   1.96e+01     3.52e-03   1958.337s
4056000 +6.13386852e+06 +6.13492094e+06  1.05e+03   1.96e+01     3.52e-03   1958.816s
4057000 +6.13382893e+06 +6.13490185e+06  1.07e+03   1.97e+01     3.51e-03   1959.295s
4058000 +6.13385776e+06 +6.13488596e+06  1.03e+03   1.97e+01     3.52e-03   1959.774s
4059000 +6.13381957e+06 +6.13486880e+06  1.05e+03   1.95e+01     3.51e-03   1960.253s
4060000 +6.13375817e+06 +6.13485127e+06  1.09e+03   1.95e+01     3.50e-03   1960.732s
4061000 +6.13378773e+06 +6.13483314e+06  1.05e+03   1.96e+01     3.51e-03   1961.211s
4062000 +6.13368274e+06 +6.13481244e+06  1.13e+03   1.96e+01     3.51e-03   1961.690s
4063000 +6.13372806e+06 +6.13479514e+06  1.07e+03   1.95e+01     3.49e-03   1962.169s
4064000 +6.13363788e+06 +6.13477725e+06  1.14e+03   1.95e+01     3.49e-03   1962.648s
4065000 +6.13365821e+06 +6.13475694e+06  1.10e+03   1.95e+01     3.49e-03   1963.127s
4066000 +6.13355885e+06 +6.13474185e+06  1.18e+03   1.94e+01     3.48e-03   1963.606s
4067000 +6.13346817e+06 +6.13472976e+06  1.26e+03   1.93e+01     3.47e-03   1964.085s
4068000 +6.13345239e+06 +6.13471372e+06  1.26e+03   1.93e+01     3.47e-03   1964.564s
4069000 +6.13340086e+06 +6.13469613e+06  1.30e+03   1.92e+01     3.45e-03   1965.043s
4070000 +6.13342017e+06 +6.13467824e+06  1.26e+03   1.92e+01     3.45e-03   1965.522s
4071000 +6.13340373e+06 +6.13466268e+06  1.26e+03   1.93e+01     3.45e-03   1966.001s
4072000 +6.13344877e+06 +6.13464684e+06  1.20e+03   1.93e+01     3.45e-03   1966.480s
4073000 +6.13334731e+06 +6.13462439e+06  1.28e+03   1.91e+01     3.43e-03   1966.959s
4074000 +6.13323771e+06 +6.13460740e+06  1.37e+03   1.91e+01     3.43e-03   1967.438s
4075000 +6.13323258e+06 +6.13458902e+06  1.36e+03   1.92e+01     3.43e-03   1967.917s
4076000 +6.13319775e+06 +6.13457440e+06  1.38e+03   1.90e+01     3.42e-03   1968.396s
4077000 +6.13316752e+06 +6.13456243e+06  1.39e+03   1.88e+01     3.41e-03   1968.875s
4078000 +6.13310214e+06 +6.13454555e+06  1.44e+03   1.88e+01     3.40e-03   1969.355s
4079000 +6.13310499e+06 +6.13453130e+06  1.43e+03   1.88e+01     3.40e-03   1969.833s
4080000 +6.13316733e+06 +6.13450934e+06  1.34e+03   1.89e+01     3.39e-03   1970.312s
4081000 +6.13311289e+06 +6.13449333e+06  1.38e+03   1.88e+01     3.39e-03   1970.792s
4082000 +6.13311031e+06 +6.13447525e+06  1.36e+03   1.88e+01     3.39e-03   1971.271s
4083000 +6.13302527e+06 +6.13445855e+06  1.43e+03   1.88e+01     3.39e-03   1971.750s
4084000 +6.13300493e+06 +6.13444302e+06  1.44e+03   1.88e+01     3.39e-03   1972.229s
4085000 +6.13297473e+06 +6.13442729e+06  1.45e+03   1.87e+01     3.37e-03   1972.708s
4086000 +6.13297038e+06 +6.13441326e+06  1.44e+03   1.87e+01     3.36e-03   1973.187s
4087000 +6.13296849e+06 +6.13439561e+06  1.43e+03   1.87e+01     3.37e-03   1973.666s
4088000 +6.13297491e+06 +6.13437925e+06  1.40e+03   1.88e+01     3.37e-03   1974.145s
4089000 +6.13301610e+06 +6.13436014e+06  1.34e+03   1.87e+01     3.36e-03   1974.624s
4090000 +6.13304239e+06 +6.13434551e+06  1.30e+03   1.87e+01     3.36e-03   1975.103s
4091000 +6.13297918e+06 +6.13433189e+06  1.35e+03   1.87e+01     3.34e-03   1975.582s
4092000 +6.13284293e+06 +6.13431416e+06  1.47e+03   1.86e+01     3.34e-03   1976.061s
4093000 +6.13285177e+06 +6.13429402e+06  1.44e+03   1.86e+01     3.34e-03   1976.540s
4094000 +6.13278718e+06 +6.13427870e+06  1.49e+03   1.85e+01     3.33e-03   1977.019s
4095000 +6.13279161e+06 +6.13426191e+06  1.47e+03   1.84e+01     3.32e-03   1977.498s
4096000 +6.13277261e+06 +6.13424552e+06  1.47e+03   1.84e+01     3.31e-03   1977.977s
4097000 +6.13270989e+06 +6.13423025e+06  1.52e+03   1.84e+01     3.31e-03   1978.456s
4098000 +6.13271481e+06 +6.13421136e+06  1.50e+03   1.84e+01     3.31e-03   1978.935s
4099000 +6.13267316e+06 +6.13419810e+06  1.52e+03   1.83e+01     3.31e-03   1979.414s
4100000 +6.13262218e+06 +6.13418372e+06  1.56e+03   1.84e+01     3.30e-03   1979.893s
4101000 +6.13258378e+06 +6.13416820e+06  1.58e+03   1.83e+01     3.30e-03   1980.372s
4102000 +6.13250960e+06 +6.13415373e+06  1.64e+03   1.82e+01     3.29e-03   1980.851s
4103000 +6.13249060e+06 +6.13413657e+06  1.65e+03   1.81e+01     3.27e-03   1981.330s
4104000 +6.13253192e+06 +6.13412210e+06  1.59e+03   1.81e+01     3.27e-03   1981.810s
4105000 +6.13251073e+06 +6.13410627e+06  1.60e+03   1.81e+01     3.27e-03   1982.289s
4106000 +6.13248312e+06 +6.13409595e+06  1.61e+03   1.81e+01     3.26e-03   1982.768s
4107000 +6.13243685e+06 +6.13408309e+06  1.65e+03   1.81e+01     3.26e-03   1983.247s
4108000 +6.13235543e+06 +6.13406817e+06  1.71e+03   1.80e+01     3.25e-03   1983.726s
4109000 +6.13237341e+06 +6.13405335e+06  1.68e+03   1.80e+01     3.26e-03   1984.205s
4110000 +6.13234770e+06 +6.13403610e+06  1.69e+03   1.81e+01     3.26e-03   1984.684s
4111000 +6.13233640e+06 +6.13402027e+06  1.68e+03   1.80e+01     3.25e-03   1985.163s
4112000 +6.13229611e+06 +6.13400861e+06  1.71e+03   1.79e+01     3.24e-03   1985.642s
4113000 +6.13226549e+06 +6.13399029e+06  1.72e+03   1.79e+01     3.24e-03   1986.121s
4114000 +6.13225075e+06 +6.13397674e+06  1.73e+03   1.80e+01     3.24e-03   1986.600s
4115000 +6.13220792e+06 +6.13396361e+06  1.76e+03   1.78e+01     3.22e-03   1987.079s
4116000 +6.13218844e+06 +6.13394890e+06  1.76e+03   1.77e+01     3.22e-03   1987.558s
4117000 +6.13216815e+06 +6.13393609e+06  1.77e+03   1.78e+01     3.22e-03   1988.037s
4118000 +6.13212730e+06 +6.13391965e+06  1.79e+03   1.77e+01     3.21e-03   1988.516s
4119000 +6.13216432e+06 +6.13390632e+06  1.74e+03   1.77e+01     3.21e-03   1988.995s
4120000 +6.13206647e+06 +6.13389132e+06  1.82e+03   1.76e+01     3.20e-03   1989.474s
4121000 +6.13207548e+06 +6.13387441e+06  1.80e+03   1.76e+01     3.20e-03   1989.953s
4122000 +6.13205684e+06 +6.13386224e+06  1.81e+03   1.76e+01     3.19e-03   1990.432s
4123000 +6.13207701e+06 +6.13384908e+06  1.77e+03   1.77e+01     3.20e-03   1990.911s
4124000 +6.13203710e+06 +6.13383478e+06  1.80e+03   1.76e+01     3.19e-03   1991.390s
4125000 +6.13200080e+06 +6.13382392e+06  1.82e+03   1.75e+01     3.19e-03   1991.869s
4126000 +6.13203480e+06 +6.13380924e+06  1.77e+03   1.76e+01     3.19e-03   1992.348s
4127000 +6.13204307e+06 +6.13379378e+06  1.75e+03   1.76e+01     3.19e-03   1992.827s
4128000 +6.13205541e+06 +6.13377959e+06  1.72e+03   1.76e+01     3.19e-03   1993.307s
4129000 +6.13201672e+06 +6.13376266e+06  1.75e+03   1.76e+01     3.19e-03   1993.786s
4130000 +6.13200654e+06 +6.13374588e+06  1.74e+03   1.76e+01     3.18e-03   1994.265s
4131000 +6.13207318e+06 +6.13373170e+06  1.66e+03   1.76e+01     3.19e-03   1994.744s
4132000 +6.13201900e+06 +6.13371534e+06  1.70e+03   1.76e+01     3.18e-03   1995.223s
4133000 +6.13194880e+06 +6.13369948e+06  1.75e+03   1.75e+01     3.17e-03   1995.702s
4134000 +6.13191936e+06 +6.13368739e+06  1.77e+03   1.75e+01     3.16e-03   1996.181s
4135000 +6.13184938e+06 +6.13367264e+06  1.82e+03   1.74e+01     3.16e-03   1996.660s
4136000 +6.13184235e+06 +6.13366020e+06  1.82e+03   1.74e+01     3.16e-03   1997.139s
4137000 +6.13181800e+06 +6.13364577e+06  1.83e+03   1.74e+01     3.15e-03   1997.618s
4138000 +6.13180889e+06 +6.13363024e+06  1.82e+03   1.73e+01     3.14e-03   1998.098s
4139000 +6.13179643e+06 +6.13361768e+06  1.82e+03   1.73e+01     3.14e-03   1998.577s
4140000 +6.13174072e+06 +6.13360502e+06  1.86e+03   1.73e+01     3.14e-03   1999.056s
4141000 +6.13166322e+06 +6.13359486e+06  1.93e+03   1.73e+01     3.13e-03   1999.535s
4142000 +6.13169481e+06 +6.13358103e+06  1.89e+03   1.72e+01     3.13e-03   2000.014s
4143000 +6.13165484e+06 +6.13356795e+06  1.91e+03   1.72e+01     3.12e-03   2000.493s
4144000 +6.13163687e+06 +6.13355389e+06  1.92e+03   1.72e+01     3.12e-03   2000.972s
4145000 +6.13160417e+06 +6.13354107e+06  1.94e+03   1.72e+01     3.12e-03   2001.451s
4146000 +6.13157216e+06 +6.13352738e+06  1.96e+03   1.72e+01     3.11e-03   2001.930s
4147000 +6.13149440e+06 +6.13351490e+06  2.02e+03   1.70e+01     3.09e-03   2002.409s
4148000 +6.13152514e+06 +6.13350157e+06  1.98e+03   1.71e+01     3.10e-03   2002.888s
4149000 +6.13153470e+06 +6.13349034e+06  1.96e+03   1.71e+01     3.10e-03   2003.367s
4150000 +6.13151576e+06 +6.13347885e+06  1.96e+03   1.70e+01     3.10e-03   2003.846s
4151000 +6.13150170e+06 +6.13346622e+06  1.96e+03   1.70e+01     3.09e-03   2004.325s
4152000 +6.13141045e+06 +6.13345014e+06  2.04e+03   1.70e+01     3.09e-03   2004.805s
4153000 +6.13142345e+06 +6.13343575e+06  2.01e+03   1.70e+01     3.08e-03   2005.284s
4154000 +6.13140021e+06 +6.13342035e+06  2.02e+03   1.69e+01     3.07e-03   2005.763s
4155000 +6.13140008e+06 +6.13341023e+06  2.01e+03   1.69e+01     3.07e-03   2006.242s
4156000 +6.13131305e+06 +6.13339939e+06  2.09e+03   1.69e+01     3.05e-03   2006.721s
4157000 +6.13127884e+06 +6.13338578e+06  2.11e+03   1.68e+01     3.05e-03   2007.200s
4158000 +6.13127450e+06 +6.13337575e+06  2.10e+03   1.68e+01     3.05e-03   2007.679s
4159000 +6.13122857e+06 +6.13336290e+06  2.13e+03   1.68e+01     3.04e-03   2008.158s
4160000 +6.13121895e+06 +6.13335188e+06  2.13e+03   1.67e+01     3.03e-03   2008.637s
4161000 +6.13120534e+06 +6.13333935e+06  2.13e+03   1.67e+01     3.04e-03   2009.116s
4162000 +6.13120499e+06 +6.13332334e+06  2.12e+03   1.67e+01     3.04e-03   2009.595s
4163000 +6.13119640e+06 +6.13331058e+06  2.11e+03   1.67e+01     3.03e-03   2010.074s
4164000 +6.13117825e+06 +6.13329441e+06  2.12e+03   1.66e+01     3.02e-03   2010.553s
4165000 +6.13123627e+06 +6.13327782e+06  2.04e+03   1.66e+01     3.02e-03   2011.032s
4166000 +6.13124284e+06 +6.13326369e+06  2.02e+03   1.67e+01     3.02e-03   2011.511s
4167000 +6.13120408e+06 +6.13325072e+06  2.05e+03   1.66e+01     3.01e-03   2011.990s
4168000 +6.13119263e+06 +6.13324077e+06  2.05e+03   1.65e+01     3.01e-03   2012.469s
4169000 +6.13110982e+06 +6.13323076e+06  2.12e+03   1.65e+01     3.01e-03   2012.948s
4170000 +6.13114645e+06 +6.13322021e+06  2.07e+03   1.66e+01     3.01e-03   2013.427s
4171000 +6.13116264e+06 +6.13320943e+06  2.05e+03   1.65e+01     3.01e-03   2013.906s
4172000 +6.13114498e+06 +6.13319518e+06  2.05e+03   1.65e+01     3.00e-03   2014.386s
4173000 +6.13111128e+06 +6.13318257e+06  2.07e+03   1.65e+01     3.00e-03   2014.865s
4174000 +6.13110997e+06 +6.13317030e+06  2.06e+03   1.65e+01     3.00e-03   2015.344s
4175000 +6.13111875e+06 +6.13315467e+06  2.04e+03   1.66e+01     3.00e-03   2015.822s
4176000 +6.13110556e+06 +6.13314165e+06  2.04e+03   1.65e+01     3.00e-03   2016.302s
4177000 +6.13108613e+06 +6.13312778e+06  2.04e+03   1.65e+01     2.99e-03   2016.781s
4178000 +6.13112912e+06 +6.13311387e+06  1.98e+03   1.65e+01     2.99e-03   2017.260s
4179000 +6.13113649e+06 +6.13310171e+06  1.97e+03   1.65e+01     2.99e-03   2017.739s
4180000 +6.13107966e+06 +6.13308990e+06  2.01e+03   1.65e+01     2.99e-03   2018.218s
4181000 +6.13104101e+06 +6.13307769e+06  2.04e+03   1.65e+01     2.99e-03   2018.697s
4182000 +6.13104075e+06 +6.13306506e+06  2.02e+03   1.64e+01     2.99e-03   2019.176s
4183000 +6.13105181e+06 +6.13305229e+06  2.00e+03   1.64e+01     2.98e-03   2019.655s
4184000 +6.13106377e+06 +6.13304013e+06  1.98e+03   1.65e+01     2.98e-03   2020.134s
4185000 +6.13098213e+06 +6.13302507e+06  2.04e+03   1.64e+01     2.97e-03   2020.613s
4186000 +6.13094163e+06 +6.13301419e+06  2.07e+03   1.63e+01     2.95e-03   2021.092s
4187000 +6.13092974e+06 +6.13299869e+06  2.07e+03   1.63e+01     2.96e-03   2021.571s
4188000 +6.13090715e+06 +6.13298757e+06  2.08e+03   1.64e+01     2.97e-03   2022.050s
4189000 +6.13095058e+06 +6.13297211e+06  2.02e+03   1.63e+01     2.96e-03   2022.529s
4190000 +6.13091339e+06 +6.13295856e+06  2.05e+03   1.62e+01     2.95e-03   2023.008s
4191000 +6.13086184e+06 +6.13294537e+06  2.08e+03   1.63e+01     2.97e-03   2023.488s
4192000 +6.13082921e+06 +6.13292693e+06  2.10e+03   1.62e+01     2.95e-03   2023.967s
4193000 +6.13077669e+06 +6.13291423e+06  2.14e+03   1.62e+01     2.94e-03   2024.446s
4194000 +6.13078998e+06 +6.13289807e+06  2.11e+03   1.62e+01     2.95e-03   2024.925s
4195000 +6.13076181e+06 +6.13288355e+06  2.12e+03   1.62e+01     2.95e-03   2025.404s
4196000 +6.13075640e+06 +6.13287330e+06  2.12e+03   1.62e+01     2.95e-03   2025.883s
4197000 +6.13076431e+06 +6.13285867e+06  2.09e+03   1.62e+01     2.95e-03   2026.362s
4198000 +6.13072822e+06 +6.13284986e+06  2.12e+03   1.62e+01     2.95e-03   2026.841s
4199000 +6.13071982e+06 +6.13283876e+06  2.12e+03   1.61e+01     2.94e-03   2027.320s
4200000 +6.13066048e+06 +6.13282866e+06  2.17e+03   1.61e+01     2.94e-03   2027.799s
4201000 +6.13065013e+06 +6.13281826e+06  2.17e+03   1.61e+01     2.94e-03   2028.278s
4202000 +6.13065605e+06 +6.13280575e+06  2.15e+03   1.61e+01     2.94e-03   2028.757s
4203000 +6.13063090e+06 +6.13279164e+06  2.16e+03   1.61e+01     2.94e-03   2029.236s
4204000 +6.13063484e+06 +6.13277918e+06  2.14e+03   1.61e+01     2.94e-03   2029.716s
4205000 +6.13061678e+06 +6.13276557e+06  2.15e+03   1.61e+01     2.94e-03   2030.195s
4206000 +6.13061371e+06 +6.13275327e+06  2.14e+03   1.62e+01     2.95e-03   2030.674s
4207000 +6.13055413e+06 +6.13274033e+06  2.19e+03   1.62e+01     2.94e-03   2031.153s
4208000 +6.13049846e+06 +6.13272576e+06  2.23e+03   1.62e+01     2.94e-03   2031.632s
4209000 +6.13047339e+06 +6.13271128e+06  2.24e+03   1.61e+01     2.94e-03   2032.111s
4210000 +6.13047223e+06 +6.13270022e+06  2.23e+03   1.61e+01     2.94e-03   2032.590s
4211000 +6.13045561e+06 +6.13268888e+06  2.23e+03   1.60e+01     2.93e-03   2033.069s
4212000 +6.13043818e+06 +6.13267962e+06  2.24e+03   1.60e+01     2.92e-03   2033.549s
4213000 +6.13041423e+06 +6.13266967e+06  2.26e+03   1.60e+01     2.93e-03   2034.028s
4214000 +6.13039084e+06 +6.13265838e+06  2.27e+03   1.61e+01     2.94e-03   2034.507s
4215000 +6.13036707e+06 +6.13264734e+06  2.28e+03   1.61e+01     2.93e-03   2034.986s
4216000 +6.13036913e+06 +6.13263649e+06  2.27e+03   1.61e+01     2.93e-03   2035.465s
4217000 +6.13033952e+06 +6.13262513e+06  2.29e+03   1.61e+01     2.93e-03   2035.944s
4218000 +6.13030249e+06 +6.13261503e+06  2.31e+03   1.60e+01     2.93e-03   2036.423s
4219000 +6.13035187e+06 +6.13260270e+06  2.25e+03   1.60e+01     2.93e-03   2036.902s
4220000 +6.13037211e+06 +6.13259542e+06  2.22e+03   1.60e+01     2.94e-03   2037.381s
4221000 +6.13037846e+06 +6.13258413e+06  2.21e+03   1.61e+01     2.95e-03   2037.860s
4222000 +6.13030434e+06 +6.13257362e+06  2.27e+03   1.61e+01     2.94e-03   2038.339s
4223000 +6.13026682e+06 +6.13256317e+06  2.30e+03   1.60e+01     2.94e-03   2038.818s
4224000 +6.13022884e+06 +6.13255296e+06  2.32e+03   1.61e+01     2.94e-03   2039.297s
4225000 +6.13021983e+06 +6.13254564e+06  2.33e+03   1.61e+01     2.94e-03   2039.776s
4226000 +6.13016136e+06 +6.13253301e+06  2.37e+03   1.61e+01     2.94e-03   2040.256s
4227000 +6.13010575e+06 +6.13252297e+06  2.42e+03   1.61e+01     2.94e-03   2040.735s
4228000 +6.13010230e+06 +6.13251234e+06  2.41e+03   1.60e+01     2.94e-03   2041.214s
4229000 +6.13010928e+06 +6.13249961e+06  2.39e+03   1.61e+01     2.95e-03   2041.693s
4230000 +6.13013745e+06 +6.13248808e+06  2.35e+03   1.61e+01     2.96e-03   2042.172s
4231000 +6.13013479e+06 +6.13247593e+06  2.34e+03   1.60e+01     2.95e-03   2042.651s
4232000 +6.13010730e+06 +6.13246294e+06  2.36e+03   1.60e+01     2.95e-03   2043.130s
4233000 +6.13004369e+06 +6.13245234e+06  2.41e+03   1.60e+01     2.94e-03   2043.610s
4234000 +6.13000331e+06 +6.13243650e+06  2.43e+03   1.60e+01     2.94e-03   2044.089s
4235000 +6.12996347e+06 +6.13242226e+06  2.46e+03   1.60e+01     2.94e-03   2044.568s
4236000 +6.12995125e+06 +6.13240917e+06  2.46e+03   1.61e+01     2.95e-03   2045.047s
4237000 +6.12991657e+06 +6.13239573e+06  2.48e+03   1.60e+01     2.94e-03   2045.526s
4238000 +6.12991481e+06 +6.13238577e+06  2.47e+03   1.60e+01     2.94e-03   2046.005s
4239000 +6.12992352e+06 +6.13237438e+06  2.45e+03   1.60e+01     2.93e-03   2046.484s
4240000 +6.12986174e+06 +6.13236246e+06  2.50e+03   1.60e+01     2.93e-03   2046.963s
4241000 +6.12990685e+06 +6.13235254e+06  2.45e+03   1.60e+01     2.93e-03   2047.442s
4242000 +6.12986061e+06 +6.13233967e+06  2.48e+03   1.60e+01     2.93e-03   2047.921s
4243000 +6.12982347e+06 +6.13232501e+06  2.50e+03   1.60e+01     2.92e-03   2048.400s
4244000 +6.12983646e+06 +6.13231274e+06  2.48e+03   1.59e+01     2.92e-03   2048.880s
4245000 +6.12982729e+06 +6.13229970e+06  2.47e+03   1.59e+01     2.91e-03   2049.359s
4246000 +6.12980132e+06 +6.13229010e+06  2.49e+03   1.59e+01     2.92e-03   2049.838s
4247000 +6.12975078e+06 +6.13227961e+06  2.53e+03   1.59e+01     2.92e-03   2050.319s
4248000 +6.12976283e+06 +6.13227030e+06  2.51e+03   1.59e+01     2.93e-03   2050.798s
4249000 +6.12975371e+06 +6.13225967e+06  2.51e+03   1.59e+01     2.92e-03   2051.277s
4250000 +6.12969702e+06 +6.13224983e+06  2.55e+03   1.58e+01     2.92e-03   2051.756s
4251000 +6.12967211e+06 +6.13224115e+06  2.57e+03   1.58e+01     2.91e-03   2052.235s
4252000 +6.12965953e+06 +6.13222933e+06  2.57e+03   1.59e+01     2.92e-03   2052.715s
4253000 +6.12961897e+06 +6.13221758e+06  2.60e+03   1.59e+01     2.92e-03   2053.194s
4254000 +6.12964686e+06 +6.13220815e+06  2.56e+03   1.58e+01     2.91e-03   2053.673s
4255000 +6.12960355e+06 +6.13219453e+06  2.59e+03   1.59e+01     2.91e-03   2054.152s
4256000 +6.12962022e+06 +6.13218481e+06  2.56e+03   1.59e+01     2.92e-03   2054.631s
4257000 +6.12959593e+06 +6.13217378e+06  2.58e+03   1.60e+01     2.93e-03   2055.110s
4258000 +6.12954073e+06 +6.13216296e+06  2.62e+03   1.59e+01     2.92e-03   2055.589s
4259000 +6.12957648e+06 +6.13215267e+06  2.58e+03   1.60e+01     2.92e-03   2056.068s
4260000 +6.12952712e+06 +6.13214053e+06  2.61e+03   1.59e+01     2.91e-03   2056.547s
4261000 +6.12948188e+06 +6.13213313e+06  2.65e+03   1.59e+01     2.91e-03   2057.026s
4262000 +6.12944750e+06 +6.13212155e+06  2.67e+03   1.59e+01     2.91e-03   2057.505s
4263000 +6.12947606e+06 +6.13211226e+06  2.64e+03   1.59e+01     2.92e-03   2057.985s
4264000 +6.12944912e+06 +6.13210244e+06  2.65e+03   1.59e+01     2.91e-03   2058.464s
4265000 +6.12939755e+06 +6.13209240e+06  2.69e+03   1.59e+01     2.91e-03   2058.943s
4266000 +6.12940605e+06 +6.13207889e+06  2.67e+03   1.59e+01     2.92e-03   2059.422s
4267000 +6.12938207e+06 +6.13206625e+06  2.68e+03   1.60e+01     2.92e-03   2059.901s
4268000 +6.12931219e+06 +6.13205720e+06  2.75e+03   1.60e+01     2.91e-03   2060.380s
4269000 +6.12929935e+06 +6.13204838e+06  2.75e+03   1.60e+01     2.91e-03   2060.859s
4270000 +6.12932299e+06 +6.13203819e+06  2.72e+03   1.60e+01     2.91e-03   2061.338s
4271000 +6.12932583e+06 +6.13202836e+06  2.70e+03   1.60e+01     2.92e-03   2061.817s
4272000 +6.12928319e+06 +6.13201978e+06  2.74e+03   1.60e+01     2.92e-03   2062.296s
4273000 +6.12927816e+06 +6.13201009e+06  2.73e+03   1.60e+01     2.92e-03   2062.775s
4274000 +6.12926860e+06 +6.13200053e+06  2.73e+03   1.59e+01     2.94e-03   2063.255s
4275000 +6.12929817e+06 +6.13199171e+06  2.69e+03   1.59e+01     2.93e-03   2063.734s
4276000 +6.12926136e+06 +6.13198140e+06  2.72e+03   1.59e+01     2.93e-03   2064.212s
4277000 +6.12925384e+06 +6.13197229e+06  2.72e+03   1.59e+01     2.93e-03   2064.692s
4278000 +6.12920460e+06 +6.13196499e+06  2.76e+03   1.59e+01     2.92e-03   2065.171s
4279000 +6.12916566e+06 +6.13195447e+06  2.79e+03   1.58e+01     2.91e-03   2065.650s
4280000 +6.12915074e+06 +6.13194582e+06  2.80e+03   1.58e+01     2.91e-03   2066.129s
4281000 +6.12912098e+06 +6.13193453e+06  2.81e+03   1.59e+01     2.91e-03   2066.608s
4282000 +6.12911586e+06 +6.13192377e+06  2.81e+03   1.58e+01     2.91e-03   2067.087s
4283000 +6.12907934e+06 +6.13191533e+06  2.84e+03   1.58e+01     2.91e-03   2067.566s
4284000 +6.12906734e+06 +6.13190343e+06  2.84e+03   1.58e+01     2.91e-03   2068.045s
4285000 +6.12905595e+06 +6.13189429e+06  2.84e+03   1.58e+01     2.91e-03   2068.524s
4286000 +6.12903905e+06 +6.13188369e+06  2.84e+03   1.58e+01     2.91e-03   2069.003s
4287000 +6.12905296e+06 +6.13187340e+06  2.82e+03   1.59e+01     2.91e-03   2069.483s
4288000 +6.12903077e+06 +6.13186342e+06  2.83e+03   1.58e+01     2.92e-03   2069.962s
4289000 +6.12900947e+06 +6.13185125e+06  2.84e+03   1.59e+01     2.92e-03   2070.441s
4290000 +6.12895706e+06 +6.13184184e+06  2.88e+03   1.59e+01     2.91e-03   2070.920s
4291000 +6.12898511e+06 +6.13183203e+06  2.85e+03   1.59e+01     2.93e-03   2071.399s
4292000 +6.12896979e+06 +6.13182111e+06  2.85e+03   1.59e+01     2.93e-03   2071.878s
4293000 +6.12899729e+06 +6.13181165e+06  2.81e+03   1.59e+01     2.92e-03   2072.357s
4294000 +6.12891457e+06 +6.13180381e+06  2.89e+03   1.59e+01     2.92e-03   2072.836s
4295000 +6.12895284e+06 +6.13179315e+06  2.84e+03   1.59e+01     2.92e-03   2073.316s
4296000 +6.12891400e+06 +6.13178481e+06  2.87e+03   1.59e+01     2.92e-03   2073.795s
4297000 +6.12888070e+06 +6.13177698e+06  2.90e+03   1.59e+01     2.92e-03   2074.274s
4298000 +6.12891692e+06 +6.13176716e+06  2.85e+03   1.58e+01     2.92e-03   2074.753s
4299000 +6.12892585e+06 +6.13175908e+06  2.83e+03   1.58e+01     2.92e-03   2075.232s
4300000 +6.12892496e+06 +6.13174711e+06  2.82e+03   1.58e+01     2.91e-03   2075.711s
4301000 +6.12886651e+06 +6.13173871e+06  2.87e+03   1.58e+01     2.91e-03   2076.190s
4302000 +6.12889649e+06 +6.13172955e+06  2.83e+03   1.58e+01     2.91e-03   2076.669s
4303000 +6.12886203e+06 +6.13171918e+06  2.86e+03   1.58e+01     2.91e-03   2077.148s
4304000 +6.12883550e+06 +6.13171001e+06  2.87e+03   1.58e+01     2.91e-03   2077.627s
4305000 +6.12884468e+06 +6.13169762e+06  2.85e+03   1.58e+01     2.90e-03   2078.106s
4306000 +6.12880177e+06 +6.13168774e+06  2.89e+03   1.58e+01     2.90e-03   2078.586s
4307000 +6.12878629e+06 +6.13167559e+06  2.89e+03   1.58e+01     2.90e-03   2079.065s
4308000 +6.12874799e+06 +6.13166641e+06  2.92e+03   1.58e+01     2.89e-03   2079.544s
4309000 +6.12875650e+06 +6.13165738e+06  2.90e+03   1.58e+01     2.90e-03   2080.023s
4310000 +6.12872943e+06 +6.13164808e+06  2.92e+03   1.58e+01     2.90e-03   2080.502s
4311000 +6.12870050e+06 +6.13163963e+06  2.94e+03   1.58e+01     2.90e-03   2080.981s
4312000 +6.12865079e+06 +6.13162955e+06  2.98e+03   1.58e+01     2.89e-03   2081.460s
4313000 +6.12864041e+06 +6.13161940e+06  2.98e+03   1.58e+01     2.89e-03   2081.939s
4314000 +6.12868811e+06 +6.13160787e+06  2.92e+03   1.58e+01     2.90e-03   2082.418s
4315000 +6.12866674e+06 +6.13159965e+06  2.93e+03   1.58e+01     2.90e-03   2082.897s
4316000 +6.12865092e+06 +6.13158963e+06  2.94e+03   1.58e+01     2.89e-03   2083.376s
4317000 +6.12862286e+06 +6.13158056e+06  2.96e+03   1.58e+01     2.90e-03   2083.856s
4318000 +6.12858834e+06 +6.13157135e+06  2.98e+03   1.58e+01     2.90e-03   2084.335s
4319000 +6.12856747e+06 +6.13155944e+06  2.99e+03   1.58e+01     2.89e-03   2084.814s
4320000 +6.12857523e+06 +6.13154778e+06  2.97e+03   1.58e+01     2.89e-03   2085.293s
4321000 +6.12857220e+06 +6.13153755e+06  2.97e+03   1.58e+01     2.90e-03   2085.772s
4322000 +6.12855987e+06 +6.13152583e+06  2.97e+03   1.58e+01     2.89e-03   2086.251s
4323000 +6.12852654e+06 +6.13151687e+06  2.99e+03   1.58e+01     2.88e-03   2086.730s
4324000 +6.12850051e+06 +6.13150662e+06  3.01e+03   1.58e+01     2.89e-03   2087.209s
4325000 +6.12845010e+06 +6.13149904e+06  3.05e+03   1.58e+01     2.89e-03   2087.689s
4326000 +6.12842000e+06 +6.13149198e+06  3.07e+03   1.58e+01     2.88e-03   2088.168s
4327000 +6.12843358e+06 +6.13148337e+06  3.05e+03   1.59e+01     2.89e-03   2088.647s
4328000 +6.12836244e+06 +6.13147633e+06  3.11e+03   1.58e+01     2.89e-03   2089.126s
4329000 +6.12833744e+06 +6.13146816e+06  3.13e+03   1.57e+01     2.88e-03   2089.605s
4330000 +6.12833503e+06 +6.13145907e+06  3.12e+03   1.58e+01     2.88e-03   2090.084s
4331000 +6.12832698e+06 +6.13145101e+06  3.12e+03   1.58e+01     2.88e-03   2090.564s
4332000 +6.12827670e+06 +6.13144071e+06  3.16e+03   1.57e+01     2.87e-03   2091.043s
4333000 +6.12822966e+06 +6.13143018e+06  3.20e+03   1.57e+01     2.87e-03   2091.522s
4334000 +6.12822625e+06 +6.13142038e+06  3.19e+03   1.58e+01     2.87e-03   2092.001s
4335000 +6.12821541e+06 +6.13141050e+06  3.20e+03   1.58e+01     2.87e-03   2092.480s
4336000 +6.12775672e+06 +6.13119897e+06  3.44e+03   1.54e+01     1.77e-03   2092.959s
4337000 +6.12772336e+06 +6.13117143e+06  3.45e+03   1.55e+01     1.76e-03   2093.437s
4338000 +6.12771772e+06 +6.13114412e+06  3.43e+03   1.57e+01     1.76e-03   2093.916s
4339000 +6.12771474e+06 +6.13112016e+06  3.41e+03   1.58e+01     1.77e-03   2094.394s
4340000 +6.12772749e+06 +6.13109505e+06  3.37e+03   1.60e+01     1.77e-03   2094.873s
4341000 +6.12772081e+06 +6.13107309e+06  3.35e+03   1.62e+01     1.77e-03   2095.351s
4342000 +6.12772668e+06 +6.13105251e+06  3.33e+03   1.63e+01     1.77e-03   2095.830s
4343000 +6.12775598e+06 +6.13103440e+06  3.28e+03   1.64e+01     1.77e-03   2096.308s
4344000 +6.12774802e+06 +6.13101460e+06  3.27e+03   1.66e+01     1.78e-03   2096.787s
4345000 +6.12774935e+06 +6.13099030e+06  3.24e+03   1.67e+01     1.78e-03   2097.265s
4346000 +6.12777653e+06 +6.13097022e+06  3.19e+03   1.69e+01     1.78e-03   2097.744s
4347000 +6.12779130e+06 +6.13095058e+06  3.16e+03   1.70e+01     1.79e-03   2098.223s
4348000 +6.12780308e+06 +6.13093120e+06  3.13e+03   1.72e+01     1.79e-03   2098.701s
4349000 +6.12780978e+06 +6.13091137e+06  3.10e+03   1.73e+01     1.79e-03   2099.179s
4350000 +6.12783187e+06 +6.13089101e+06  3.06e+03   1.75e+01     1.79e-03   2099.658s
4351000 +6.12786976e+06 +6.13087076e+06  3.00e+03   1.76e+01     1.80e-03   2100.136s
4352000 +6.12791240e+06 +6.13084941e+06  2.94e+03   1.78e+01     1.80e-03   2100.615s
4353000 +6.12796430e+06 +6.13082933e+06  2.87e+03   1.80e+01     1.81e-03   2101.093s
4354000 +6.12795804e+06 +6.13080855e+06  2.85e+03   1.82e+01     1.81e-03   2101.572s
4355000 +6.12797490e+06 +6.13078708e+06  2.81e+03   1.84e+01     1.82e-03   2102.051s
4356000 +6.12798118e+06 +6.13076666e+06  2.79e+03   1.85e+01     1.83e-03   2102.529s
4357000 +6.12796460e+06 +6.13074338e+06  2.78e+03   1.86e+01     1.83e-03   2103.008s
4358000 +6.12795696e+06 +6.13072100e+06  2.76e+03   1.87e+01     1.83e-03   2103.486s
4359000 +6.12803692e+06 +6.13069810e+06  2.66e+03   1.89e+01     1.84e-03   2103.965s
4360000 +6.12804786e+06 +6.13067661e+06  2.63e+03   1.91e+01     1.84e-03   2104.444s
4361000 +6.12808036e+06 +6.13065581e+06  2.58e+03   1.92e+01     1.85e-03   2104.922s
4362000 +6.12805322e+06 +6.13063585e+06  2.58e+03   1.94e+01     1.85e-03   2105.401s
4363000 +6.12804073e+06 +6.13061293e+06  2.57e+03   1.94e+01     1.85e-03   2105.880s
4364000 +6.12804450e+06 +6.13059237e+06  2.55e+03   1.96e+01     1.85e-03   2106.359s
4365000 +6.12813157e+06 +6.13056993e+06  2.44e+03   1.97e+01     1.86e-03   2106.837s
4366000 +6.12815731e+06 +6.13054750e+06  2.39e+03   1.99e+01     1.87e-03   2107.316s
4367000 +6.12823342e+06 +6.13052250e+06  2.29e+03   2.01e+01     1.87e-03   2107.794s
4368000 +6.12823203e+06 +6.13049964e+06  2.27e+03   2.02e+01     1.88e-03   2108.273s
4369000 +6.12822831e+06 +6.13047552e+06  2.25e+03   2.04e+01     1.88e-03   2108.751s
4370000 +6.12818827e+06 +6.13045282e+06  2.26e+03   2.04e+01     1.88e-03   2109.230s
4371000 +6.12820543e+06 +6.13042811e+06  2.22e+03   2.05e+01     1.89e-03   2109.709s
4372000 +6.12818884e+06 +6.13040638e+06  2.22e+03   2.06e+01     1.89e-03   2110.188s
4373000 +6.12818269e+06 +6.13038418e+06  2.20e+03   2.08e+01     1.90e-03   2110.666s
4374000 +6.12821329e+06 +6.13035980e+06  2.15e+03   2.09e+01     1.90e-03   2111.145s
4375000 +6.12819317e+06 +6.13033798e+06  2.14e+03   2.10e+01     1.90e-03   2111.624s
4376000 +6.12822980e+06 +6.13031447e+06  2.08e+03   2.11e+01     1.91e-03   2112.103s
4377000 +6.12823194e+06 +6.13029039e+06  2.06e+03   2.13e+01     1.91e-03   2112.581s
4378000 +6.12817133e+06 +6.13026695e+06  2.10e+03   2.14e+01     1.91e-03   2113.060s
4379000 +6.12815898e+06 +6.13024297e+06  2.08e+03   2.15e+01     1.92e-03   2113.539s
4380000 +6.12815812e+06 +6.13022042e+06  2.06e+03   2.16e+01     1.93e-03   2114.018s
4381000 +6.12821265e+06 +6.13019521e+06  1.98e+03   2.18e+01     1.94e-03   2114.496s
4382000 +6.12811081e+06 +6.13016740e+06  2.06e+03   2.18e+01     1.93e-03   2114.975s
4383000 +6.12815672e+06 +6.13014520e+06  1.99e+03   2.19e+01     1.94e-03   2115.454s
4384000 +6.12821569e+06 +6.13011945e+06  1.90e+03   2.20e+01     1.94e-03   2115.933s
4385000 +6.12822870e+06 +6.13009533e+06  1.87e+03   2.22e+01     1.95e-03   2116.411s
4386000 +6.12818690e+06 +6.13007058e+06  1.88e+03   2.22e+01     1.95e-03   2116.890s
4387000 +6.12813595e+06 +6.13004883e+06  1.91e+03   2.24e+01     1.96e-03   2117.369s
4388000 +6.12811060e+06 +6.13002636e+06  1.92e+03   2.24e+01     1.95e-03   2117.848s
4389000 +6.12808263e+06 +6.13000327e+06  1.92e+03   2.25e+01     1.96e-03   2118.326s
4390000 +6.12810708e+06 +6.12998362e+06  1.88e+03   2.27e+01     1.97e-03   2118.805s
4391000 +6.12815922e+06 +6.12996093e+06  1.80e+03   2.29e+01     1.97e-03   2119.284s
4392000 +6.12812400e+06 +6.12993804e+06  1.81e+03   2.29e+01     1.97e-03   2119.763s
4393000 +6.12814546e+06 +6.12991422e+06  1.77e+03   2.29e+01     1.97e-03   2120.242s
4394000 +6.12812950e+06 +6.12989231e+06  1.76e+03   2.30e+01     1.98e-03   2120.720s
4395000 +6.12808488e+06 +6.12986916e+06  1.78e+03   2.31e+01     1.98e-03   2121.199s
4396000 +6.12808285e+06 +6.12984529e+06  1.76e+03   2.31e+01     1.98e-03   2121.678s
4397000 +6.12810057e+06 +6.12982393e+06  1.72e+03   2.31e+01     1.98e-03   2122.157s
4398000 +6.12807547e+06 +6.12980193e+06  1.73e+03   2.32e+01     1.98e-03   2122.635s
4399000 +6.12805101e+06 +6.12977672e+06  1.73e+03   2.33e+01     1.98e-03   2123.114s
4400000 +6.12803751e+06 +6.12975280e+06  1.72e+03   2.34e+01     1.99e-03   2123.593s
4401000 +6.12805243e+06 +6.12973017e+06  1.68e+03   2.35e+01     1.99e-03   2124.072s
4402000 +6.12795377e+06 +6.12970654e+06  1.75e+03   2.34e+01     1.99e-03   2124.550s
4403000 +6.12800051e+06 +6.12968222e+06  1.68e+03   2.34e+01     1.99e-03   2125.029s
4404000 +6.12796406e+06 +6.12965806e+06  1.69e+03   2.35e+01     1.99e-03   2125.508s
4405000 +6.12803936e+06 +6.12963450e+06  1.60e+03   2.37e+01     2.00e-03   2125.987s
4406000 +6.12807690e+06 +6.12961032e+06  1.53e+03   2.38e+01     2.01e-03   2126.465s
4407000 +6.12804040e+06 +6.12958792e+06  1.55e+03   2.38e+01     2.01e-03   2126.944s
4408000 +6.12805076e+06 +6.12956286e+06  1.51e+03   2.39e+01     2.01e-03   2127.423s
4409000 +6.12797335e+06 +6.12954030e+06  1.57e+03   2.40e+01     2.02e-03   2127.902s
4410000 +6.12798731e+06 +6.12951766e+06  1.53e+03   2.42e+01     2.02e-03   2128.381s
4411000 +6.12794106e+06 +6.12949569e+06  1.55e+03   2.42e+01     2.02e-03   2128.860s
4412000 +6.12795569e+06 +6.12947433e+06  1.52e+03   2.43e+01     2.02e-03   2129.338s
4413000 +6.12788366e+06 +6.12945167e+06  1.57e+03   2.44e+01     2.02e-03   2129.817s
4414000 +6.12785598e+06 +6.12943125e+06  1.58e+03   2.44e+01     2.02e-03   2130.296s
4415000 +6.12780339e+06 +6.12940809e+06  1.60e+03   2.44e+01     2.02e-03   2130.775s
4416000 +6.12782351e+06 +6.12938607e+06  1.56e+03   2.45e+01     2.03e-03   2131.254s
4417000 +6.12769300e+06 +6.12936301e+06  1.67e+03   2.44e+01     2.02e-03   2131.732s
4418000 +6.12773607e+06 +6.12934242e+06  1.61e+03   2.45e+01     2.02e-03   2132.211s
4419000 +6.12780100e+06 +6.12931648e+06  1.52e+03   2.46e+01     2.03e-03   2132.690s
4420000 +6.12782016e+06 +6.12928874e+06  1.47e+03   2.48e+01     2.04e-03   2133.169s
4421000 +6.12774276e+06 +6.12926624e+06  1.52e+03   2.48e+01     2.04e-03   2133.648s
4422000 +6.12777842e+06 +6.12924321e+06  1.46e+03   2.49e+01     2.04e-03   2134.126s
4423000 +6.12773588e+06 +6.12922114e+06  1.49e+03   2.50e+01     2.05e-03   2134.605s
4424000 +6.12768494e+06 +6.12920172e+06  1.52e+03   2.50e+01     2.05e-03   2135.084s
4425000 +6.12764897e+06 +6.12918241e+06  1.53e+03   2.50e+01     2.05e-03   2135.563s
4426000 +6.12770839e+06 +6.12916210e+06  1.45e+03   2.52e+01     2.05e-03   2136.042s
4427000 +6.12766608e+06 +6.12914094e+06  1.47e+03   2.52e+01     2.05e-03   2136.520s
4428000 +6.12766961e+06 +6.12912040e+06  1.45e+03   2.53e+01     2.06e-03   2136.999s
4429000 +6.12767122e+06 +6.12909639e+06  1.43e+03   2.52e+01     2.05e-03   2137.478s
4430000 +6.12768566e+06 +6.12907428e+06  1.39e+03   2.53e+01     2.05e-03   2137.957s
4431000 +6.12756439e+06 +6.12905169e+06  1.49e+03   2.53e+01     2.06e-03   2138.436s
4432000 +6.12762473e+06 +6.12902852e+06  1.40e+03   2.54e+01     2.07e-03   2138.914s
4433000 +6.12761895e+06 +6.12900520e+06  1.39e+03   2.55e+01     2.06e-03   2139.393s
4434000 +6.12752364e+06 +6.12898130e+06  1.46e+03   2.54e+01     2.06e-03   2139.872s
4435000 +6.12751217e+06 +6.12895884e+06  1.45e+03   2.54e+01     2.07e-03   2140.351s
4436000 +6.12756320e+06 +6.12893858e+06  1.38e+03   2.55e+01     2.07e-03   2140.830s
4437000 +6.12748796e+06 +6.12891685e+06  1.43e+03   2.55e+01     2.06e-03   2141.309s
4438000 +6.12748544e+06 +6.12889552e+06  1.41e+03   2.55e+01     2.07e-03   2141.787s
4439000 +6.12737368e+06 +6.12887293e+06  1.50e+03   2.55e+01     2.07e-03   2142.266s
4440000 +6.12736457e+06 +6.12885225e+06  1.49e+03   2.56e+01     2.07e-03   2142.745s
4441000 +6.12732612e+06 +6.12882848e+06  1.50e+03   2.57e+01     2.07e-03   2143.224s
4442000 +6.12725362e+06 +6.12880837e+06  1.55e+03   2.56e+01     2.06e-03   2143.703s
4443000 +6.12726218e+06 +6.12878604e+06  1.52e+03   2.56e+01     2.07e-03   2144.182s
4444000 +6.12719738e+06 +6.12876518e+06  1.57e+03   2.56e+01     2.07e-03   2144.661s
4445000 +6.12724953e+06 +6.12874480e+06  1.50e+03   2.58e+01     2.08e-03   2145.140s
4446000 +6.12725590e+06 +6.12872411e+06  1.47e+03   2.58e+01     2.07e-03   2145.618s
4447000 +6.12732702e+06 +6.12870638e+06  1.38e+03   2.58e+01     2.07e-03   2146.097s
4448000 +6.12724696e+06 +6.12868382e+06  1.44e+03   2.58e+01     2.07e-03   2146.576s
4449000 +6.12730628e+06 +6.12866227e+06  1.36e+03   2.59e+01     2.07e-03   2147.055s
4450000 +6.12731637e+06 +6.12864054e+06  1.32e+03   2.60e+01     2.08e-03   2147.534s
4451000 +6.12729361e+06 +6.12861938e+06  1.33e+03   2.59e+01     2.08e-03   2148.013s
4452000 +6.12728260e+06 +6.12859790e+06  1.32e+03   2.60e+01     2.08e-03   2148.492s
4453000 +6.12724391e+06 +6.12857769e+06  1.33e+03   2.60e+01     2.07e-03   2148.970s
4454000 +6.12719960e+06 +6.12855594e+06  1.36e+03   2.60e+01     2.07e-03   2149.449s
4455000 +6.12720813e+06 +6.12853565e+06  1.33e+03   2.60e+01     2.08e-03   2149.928s
4456000 +6.12719766e+06 +6.12851550e+06  1.32e+03   2.61e+01     2.08e-03   2150.407s
4457000 +6.12717458e+06 +6.12849289e+06  1.32e+03   2.61e+01     2.07e-03   2150.886s
4458000 +6.12715223e+06 +6.12847111e+06  1.32e+03   2.60e+01     2.08e-03   2151.365s
4459000 +6.12712339e+06 +6.12845096e+06  1.33e+03   2.61e+01     2.08e-03   2151.843s
4460000 +6.12714984e+06 +6.12843230e+06  1.28e+03   2.62e+01     2.08e-03   2152.322s
4461000 +6.12719164e+06 +6.12841249e+06  1.22e+03   2.63e+01     2.09e-03   2152.801s
4462000 +6.12717117e+06 +6.12839210e+06  1.22e+03   2.62e+01     2.08e-03   2153.280s
4463000 +6.12712694e+06 +6.12837174e+06  1.24e+03   2.62e+01     2.08e-03   2153.759s
4464000 +6.12711753e+06 +6.12835186e+06  1.23e+03   2.64e+01     2.09e-03   2154.238s
4465000 +6.12710469e+06 +6.12833313e+06  1.23e+03   2.63e+01     2.09e-03   2154.717s
4466000 +6.12709139e+06 +6.12831320e+06  1.22e+03   2.64e+01     2.09e-03   2155.195s
4467000 +6.12706637e+06 +6.12829472e+06  1.23e+03   2.64e+01     2.08e-03   2155.674s
4468000 +6.12706780e+06 +6.12827478e+06  1.21e+03   2.64e+01     2.09e-03   2156.153s
4469000 +6.12707823e+06 +6.12825525e+06  1.18e+03   2.65e+01     2.09e-03   2156.632s
4470000 +6.12710322e+06 +6.12823211e+06  1.13e+03   2.65e+01     2.10e-03   2157.111s
4471000 +6.12708634e+06 +6.12821223e+06  1.13e+03   2.65e+01     2.09e-03   2157.590s
4472000 +6.12708519e+06 +6.12819180e+06  1.11e+03   2.66e+01     2.09e-03   2158.069s
4473000 +6.12713247e+06 +6.12817223e+06  1.04e+03   2.64e+01     2.08e-03   2158.547s
4474000 +6.12703856e+06 +6.12815226e+06  1.11e+03   2.62e+01     2.07e-03   2159.026s
4475000 +6.12703522e+06 +6.12813421e+06  1.10e+03   2.62e+01     2.07e-03   2159.505s
4476000 +6.12703965e+06 +6.12811668e+06  1.08e+03   2.62e+01     2.07e-03   2159.984s
4477000 +6.12706822e+06 +6.12809962e+06  1.03e+03   2.63e+01     2.07e-03   2160.463s
4478000 +6.12701038e+06 +6.12807992e+06  1.07e+03   2.63e+01     2.07e-03   2160.942s
4479000 +6.12700711e+06 +6.12806088e+06  1.05e+03   2.63e+01     2.06e-03   2161.421s
4480000 +6.12698427e+06 +6.12804354e+06  1.06e+03   2.62e+01     2.07e-03   2161.899s
4481000 +6.12707338e+06 +6.12802449e+06  9.51e+02   2.64e+01     2.07e-03   2162.378s
4482000 +6.12703967e+06 +6.12800585e+06  9.66e+02   2.63e+01     2.07e-03   2162.857s
4483000 +6.12705074e+06 +6.12798626e+06  9.36e+02   2.64e+01     2.07e-03   2163.336s
4484000 +6.12700396e+06 +6.12796659e+06  9.63e+02   2.64e+01     2.07e-03   2163.815s
4485000 +6.12700221e+06 +6.12794903e+06  9.47e+02   2.65e+01     2.07e-03   2164.294s
4486000 +6.12698627e+06 +6.12792976e+06  9.43e+02   2.64e+01     2.07e-03   2164.773s
4487000 +6.12689090e+06 +6.12791212e+06  1.02e+03   2.64e+01     2.07e-03   2165.252s
4488000 +6.12689619e+06 +6.12789396e+06  9.98e+02   2.65e+01     2.07e-03   2165.731s
4489000 +6.12679344e+06 +6.12787563e+06  1.08e+03   2.64e+01     2.07e-03   2166.210s
4490000 +6.12682851e+06 +6.12785534e+06  1.03e+03   2.63e+01     2.07e-03   2166.689s
4491000 +6.12681677e+06 +6.12783601e+06  1.02e+03   2.64e+01     2.06e-03   2167.168s
4492000 +6.12683919e+06 +6.12781681e+06  9.78e+02   2.65e+01     2.06e-03   2167.647s
4493000 +6.12669421e+06 +6.12779762e+06  1.10e+03   2.63e+01     2.06e-03   2168.125s
4494000 +6.12673340e+06 +6.12777827e+06  1.04e+03   2.64e+01     2.06e-03   2168.604s
4495000 +6.12669521e+06 +6.12776059e+06  1.07e+03   2.65e+01     2.06e-03   2169.083s
4496000 +6.12673392e+06 +6.12774256e+06  1.01e+03   2.64e+01     2.06e-03   2169.562s
4497000 +6.12669132e+06 +6.12772624e+06  1.03e+03   2.63e+01     2.05e-03   2170.041s
4498000 +6.12664084e+06 +6.12770773e+06  1.07e+03   2.63e+01     2.05e-03   2170.520s
4499000 +6.12662145e+06 +6.12768777e+06  1.07e+03   2.64e+01     2.05e-03   2170.999s
4500000 +6.12660470e+06 +6.12767174e+06  1.07e+03   2.63e+01     2.05e-03   2171.478s
4501000 +6.12658559e+06 +6.12765499e+06  1.07e+03   2.63e+01     2.04e-03   2171.956s
4502000 +6.12665265e+06 +6.12763900e+06  9.86e+02   2.64e+01     2.05e-03   2172.435s
4503000 +6.12662107e+06 +6.12762153e+06  1.00e+03   2.64e+01     2.05e-03   2172.914s
4504000 +6.12657800e+06 +6.12760281e+06  1.02e+03   2.64e+01     2.05e-03   2173.393s
4505000 +6.12658223e+06 +6.12758374e+06  1.00e+03   2.65e+01     2.05e-03   2173.872s
4506000 +6.12651356e+06 +6.12756700e+06  1.05e+03   2.63e+01     2.04e-03   2174.351s
4507000 +6.12646317e+06 +6.12754939e+06  1.09e+03   2.64e+01     2.04e-03   2174.830s
4508000 +6.12643108e+06 +6.12753235e+06  1.10e+03   2.64e+01     2.04e-03   2175.309s
4509000 +6.12637456e+06 +6.12751423e+06  1.14e+03   2.63e+01     2.03e-03   2175.788s
4510000 +6.12635110e+06 +6.12749587e+06  1.14e+03   2.62e+01     2.03e-03   2176.267s
4511000 +6.12641253e+06 +6.12747835e+06  1.07e+03   2.63e+01     2.02e-03   2176.746s
4512000 +6.12635462e+06 +6.12746083e+06  1.11e+03   2.62e+01     2.02e-03   2177.225s
4513000 +6.12634810e+06 +6.12744358e+06  1.10e+03   2.62e+01     2.03e-03   2177.704s
4514000 +6.12631326e+06 +6.12742737e+06  1.11e+03   2.62e+01     2.02e-03   2178.183s
4515000 +6.12635601e+06 +6.12741233e+06  1.06e+03   2.63e+01     2.02e-03   2178.662s
4516000 +6.12624935e+06 +6.12739615e+06  1.15e+03   2.62e+01     2.02e-03   2179.141s
4517000 +6.12621883e+06 +6.12738013e+06  1.16e+03   2.61e+01     2.02e-03   2179.620s
4518000 +6.12618943e+06 +6.12736428e+06  1.17e+03   2.62e+01     2.01e-03   2180.099s
4519000 +6.12627585e+06 +6.12734729e+06  1.07e+03   2.62e+01     2.01e-03   2180.577s
4520000 +6.12621493e+06 +6.12733103e+06  1.12e+03   2.61e+01     2.01e-03   2181.056s
4521000 +6.12620343e+06 +6.12731533e+06  1.11e+03   2.62e+01     2.02e-03   2181.536s
4522000 +6.12617589e+06 +6.12729740e+06  1.12e+03   2.63e+01     2.02e-03   2182.014s
4523000 +6.12611930e+06 +6.12728059e+06  1.16e+03   2.63e+01     2.02e-03   2182.493s
4524000 +6.12615758e+06 +6.12726199e+06  1.10e+03   2.62e+01     2.02e-03   2182.973s
4525000 +6.12615232e+06 +6.12724665e+06  1.09e+03   2.63e+01     2.03e-03   2183.451s
4526000 +6.12610172e+06 +6.12722988e+06  1.13e+03   2.63e+01     2.02e-03   2183.930s
4527000 +6.12604944e+06 +6.12721538e+06  1.17e+03   2.63e+01     2.01e-03   2184.409s
4528000 +6.12606774e+06 +6.12720149e+06  1.13e+03   2.61e+01     2.01e-03   2184.888s
4529000 +6.12606385e+06 +6.12718734e+06  1.12e+03   2.61e+01     2.01e-03   2185.367s
4530000 +6.12603377e+06 +6.12717209e+06  1.14e+03   2.62e+01     2.00e-03   2185.846s
4531000 +6.12605870e+06 +6.12715621e+06  1.10e+03   2.62e+01     2.01e-03   2186.325s
4532000 +6.12598636e+06 +6.12714252e+06  1.16e+03   2.60e+01     2.01e-03   2186.804s
4533000 +6.12599331e+06 +6.12712633e+06  1.13e+03   2.62e+01     2.01e-03   2187.283s
4534000 +6.12602192e+06 +6.12711279e+06  1.09e+03   2.62e+01     2.00e-03   2187.762s
4535000 +6.12605054e+06 +6.12709844e+06  1.05e+03   2.62e+01     2.01e-03   2188.241s
4536000 +6.12599202e+06 +6.12708348e+06  1.09e+03   2.61e+01     2.00e-03   2188.720s
4537000 +6.12599879e+06 +6.12706703e+06  1.07e+03   2.63e+01     2.01e-03   2189.199s
4538000 +6.12596495e+06 +6.12704969e+06  1.08e+03   2.63e+01     2.01e-03   2189.678s
4539000 +6.12594458e+06 +6.12703583e+06  1.09e+03   2.63e+01     2.01e-03   2190.157s
4540000 +6.12587924e+06 +6.12702081e+06  1.14e+03   2.62e+01     2.00e-03   2190.636s
4541000 +6.12590667e+06 +6.12700697e+06  1.10e+03   2.62e+01     2.00e-03   2191.114s
4542000 +6.12590250e+06 +6.12699425e+06  1.09e+03   2.62e+01     2.01e-03   2191.593s
4543000 +6.12589097e+06 +6.12697969e+06  1.09e+03   2.62e+01     2.00e-03   2192.072s
4544000 +6.12585910e+06 +6.12696529e+06  1.11e+03   2.62e+01     2.01e-03   2192.551s
4545000 +6.12583012e+06 +6.12694934e+06  1.12e+03   2.62e+01     2.00e-03   2193.030s
4546000 +6.12581338e+06 +6.12693426e+06  1.12e+03   2.60e+01     1.98e-03   2193.509s
4547000 +6.12582773e+06 +6.12691889e+06  1.09e+03   2.60e+01     1.99e-03   2193.988s
4548000 +6.12582979e+06 +6.12690343e+06  1.07e+03   2.60e+01     1.99e-03   2194.467s
4549000 +6.12580988e+06 +6.12688764e+06  1.08e+03   2.61e+01     1.99e-03   2194.946s
4550000 +6.12582747e+06 +6.12687297e+06  1.05e+03   2.62e+01     1.99e-03   2195.425s
4551000 +6.12583069e+06 +6.12685827e+06  1.03e+03   2.60e+01     1.99e-03   2195.904s
4552000 +6.12575973e+06 +6.12684221e+06  1.08e+03   2.59e+01     1.98e-03   2196.383s
4553000 +6.12567615e+06 +6.12682728e+06  1.15e+03   2.60e+01     1.97e-03   2196.862s
4554000 +6.12560965e+06 +6.12681273e+06  1.20e+03   2.60e+01     1.97e-03   2197.341s
4555000 +6.12563095e+06 +6.12679791e+06  1.17e+03   2.58e+01     1.97e-03   2197.819s
4556000 +6.12557458e+06 +6.12678500e+06  1.21e+03   2.58e+01     1.97e-03   2198.298s
4557000 +6.12561748e+06 +6.12676960e+06  1.15e+03   2.59e+01     1.96e-03   2198.777s
4558000 +6.12554316e+06 +6.12675510e+06  1.21e+03   2.59e+01     1.97e-03   2199.256s
4559000 +6.12554042e+06 +6.12674090e+06  1.20e+03   2.58e+01     1.97e-03   2199.735s
4560000 +6.12558712e+06 +6.12672798e+06  1.14e+03   2.59e+01     1.97e-03   2200.214s
4561000 +6.12557858e+06 +6.12671731e+06  1.14e+03   2.60e+01     1.97e-03   2200.693s
4562000 +6.12553460e+06 +6.12670583e+06  1.17e+03   2.59e+01     1.97e-03   2201.172s
4563000 +6.12548905e+06 +6.12669388e+06  1.20e+03   2.58e+01     1.96e-03   2201.651s
4564000 +6.12547678e+06 +6.12668130e+06  1.20e+03   2.58e+01     1.96e-03   2202.130s
4565000 +6.12545297e+06 +6.12666992e+06  1.22e+03   2.58e+01     1.96e-03   2202.609s
4566000 +6.12541834e+06 +6.12665630e+06  1.24e+03   2.58e+01     1.95e-03   2203.088s
4567000 +6.12534911e+06 +6.12664401e+06  1.29e+03   2.57e+01     1.95e-03   2203.567s
4568000 +6.12534707e+06 +6.12663138e+06  1.28e+03   2.57e+01     1.94e-03   2204.046s
4569000 +6.12530365e+06 +6.12661766e+06  1.31e+03   2.57e+01     1.94e-03   2204.525s
4570000 +6.12529741e+06 +6.12660600e+06  1.31e+03   2.57e+01     1.95e-03   2205.004s
4571000 +6.12531399e+06 +6.12659344e+06  1.28e+03   2.56e+01     1.94e-03   2205.483s
4572000 +6.12526711e+06 +6.12658130e+06  1.31e+03   2.57e+01     1.94e-03   2205.962s
4573000 +6.12523540e+06 +6.12656819e+06  1.33e+03   2.57e+01     1.93e-03   2206.441s
4574000 +6.12518472e+06 +6.12655501e+06  1.37e+03   2.55e+01     1.93e-03   2206.920s
4575000 +6.12526884e+06 +6.12654385e+06  1.28e+03   2.56e+01     1.93e-03   2207.399s
4576000 +6.12529143e+06 +6.12653075e+06  1.24e+03   2.57e+01     1.93e-03   2207.878s
4577000 +6.12531863e+06 +6.12651933e+06  1.20e+03   2.56e+01     1.94e-03   2208.357s
4578000 +6.12528875e+06 +6.12650790e+06  1.22e+03   2.55e+01     1.93e-03   2208.836s
4579000 +6.12530797e+06 +6.12649604e+06  1.19e+03   2.56e+01     1.93e-03   2209.315s
4580000 +6.12536106e+06 +6.12648313e+06  1.12e+03   2.58e+01     1.94e-03   2209.794s
4581000 +6.12535270e+06 +6.12646995e+06  1.12e+03   2.58e+01     1.94e-03   2210.273s
4582000 +6.12528665e+06 +6.12645828e+06  1.17e+03   2.57e+01     1.93e-03   2210.752s
4583000 +6.12532299e+06 +6.12644705e+06  1.12e+03   2.57e+01     1.93e-03   2211.231s
4584000 +6.12525641e+06 +6.12643564e+06  1.18e+03   2.58e+01     1.94e-03   2211.709s
4585000 +6.12527199e+06 +6.12642423e+06  1.15e+03   2.57e+01     1.93e-03   2212.189s
4586000 +6.12526945e+06 +6.12641248e+06  1.14e+03   2.56e+01     1.94e-03   2212.668s
4587000 +6.12526644e+06 +6.12640038e+06  1.13e+03   2.57e+01     1.94e-03   2213.146s
4588000 +6.12521274e+06 +6.12638784e+06  1.18e+03   2.58e+01     1.93e-03   2213.625s
4589000 +6.12514883e+06 +6.12637718e+06  1.23e+03   2.56e+01     1.93e-03   2214.104s
4590000 +6.12520114e+06 +6.12636568e+06  1.16e+03   2.57e+01     1.93e-03   2214.583s
4591000 +6.12522123e+06 +6.12635404e+06  1.13e+03   2.57e+01     1.93e-03   2215.062s
4592000 +6.12517931e+06 +6.12634086e+06  1.16e+03   2.57e+01     1.93e-03   2215.541s
4593000 +6.12516406e+06 +6.12632996e+06  1.17e+03   2.57e+01     1.93e-03   2216.020s
4594000 +6.12508864e+06 +6.12631798e+06  1.23e+03   2.56e+01     1.92e-03   2216.499s
4595000 +6.12511659e+06 +6.12630707e+06  1.19e+03   2.57e+01     1.93e-03   2216.978s
4596000 +6.12505683e+06 +6.12629505e+06  1.24e+03   2.57e+01     1.92e-03   2217.457s
4597000 +6.12503366e+06 +6.12628293e+06  1.25e+03   2.57e+01     1.92e-03   2217.936s
4598000 +6.12505472e+06 +6.12627211e+06  1.22e+03   2.56e+01     1.92e-03   2218.415s
4599000 +6.12510077e+06 +6.12626070e+06  1.16e+03   2.57e+01     1.93e-03   2218.894s
4600000 +6.12509078e+06 +6.12624906e+06  1.16e+03   2.57e+01     1.92e-03   2219.373s
4601000 +6.12507992e+06 +6.12623732e+06  1.16e+03   2.57e+01     1.92e-03   2219.852s
4602000 +6.12513843e+06 +6.12622727e+06  1.09e+03   2.58e+01     1.92e-03   2220.331s
4603000 +6.12512770e+06 +6.12621467e+06  1.09e+03   2.57e+01     1.92e-03   2220.810s
4604000 +6.12507603e+06 +6.12620252e+06  1.13e+03   2.57e+01     1.92e-03   2221.289s
4605000 +6.12502429e+06 +6.12619097e+06  1.17e+03   2.57e+01     1.92e-03   2221.768s
4606000 +6.12504226e+06 +6.12618005e+06  1.14e+03   2.57e+01     1.92e-03   2222.246s
4607000 +6.12500920e+06 +6.12616927e+06  1.16e+03   2.58e+01     1.92e-03   2222.725s
4608000 +6.12499284e+06 +6.12615761e+06  1.16e+03   2.57e+01     1.91e-03   2223.204s
4609000 +6.12507137e+06 +6.12614763e+06  1.08e+03   2.57e+01     1.91e-03   2223.683s
4610000 +6.12505941e+06 +6.12613876e+06  1.08e+03   2.57e+01     1.91e-03   2224.162s
4611000 +6.12506233e+06 +6.12612841e+06  1.07e+03   2.58e+01     1.92e-03   2224.641s
4612000 +6.12505076e+06 +6.12611713e+06  1.07e+03   2.58e+01     1.92e-03   2225.120s
4613000 +6.12507159e+06 +6.12610540e+06  1.03e+03   2.58e+01     1.92e-03   2225.599s
4614000 +6.12511002e+06 +6.12609511e+06  9.85e+02   2.59e+01     1.92e-03   2226.077s
4615000 +6.12510485e+06 +6.12608400e+06  9.79e+02   2.59e+01     1.92e-03   2226.556s
4616000 +6.12513917e+06 +6.12607136e+06  9.32e+02   2.58e+01     1.92e-03   2227.035s
4617000 +6.12516334e+06 +6.12606011e+06  8.97e+02   2.60e+01     1.93e-03   2227.514s
4618000 +6.12511500e+06 +6.12604777e+06  9.33e+02   2.60e+01     1.93e-03   2227.993s
4619000 +6.12517259e+06 +6.12603668e+06  8.64e+02   2.61e+01     1.94e-03   2228.472s
4620000 +6.12509331e+06 +6.12602586e+06  9.33e+02   2.60e+01     1.93e-03   2228.951s
4621000 +6.12495593e+06 +6.12601516e+06  1.06e+03   2.60e+01     1.92e-03   2229.430s
4622000 +6.12496301e+06 +6.12600455e+06  1.04e+03   2.61e+01     1.93e-03   2229.908s
4623000 +6.12497195e+06 +6.12599404e+06  1.02e+03   2.60e+01     1.92e-03   2230.387s
4624000 +6.12498168e+06 +6.12598281e+06  1.00e+03   2.60e+01     1.92e-03   2230.866s
4625000 +6.12495450e+06 +6.12597185e+06  1.02e+03   2.61e+01     1.92e-03   2231.345s
4626000 +6.12486917e+06 +6.12596153e+06  1.09e+03   2.61e+01     1.92e-03   2231.824s
4627000 +6.12493133e+06 +6.12595102e+06  1.02e+03   2.61e+01     1.92e-03   2232.303s
4628000 +6.12481464e+06 +6.12594062e+06  1.13e+03   2.61e+01     1.92e-03   2232.782s
4629000 +6.12485587e+06 +6.12592999e+06  1.07e+03   2.61e+01     1.91e-03   2233.260s
4630000 +6.12483142e+06 +6.12591900e+06  1.09e+03   2.60e+01     1.91e-03   2233.739s
4631000 +6.12483906e+06 +6.12590842e+06  1.07e+03   2.60e+01     1.91e-03   2234.218s
4632000 +6.12485769e+06 +6.12589771e+06  1.04e+03   2.61e+01     1.91e-03   2234.697s
4633000 +6.12490340e+06 +6.12588546e+06  9.82e+02   2.61e+01     1.92e-03   2235.176s
4634000 +6.12486037e+06 +6.12587367e+06  1.01e+03   2.61e+01     1.92e-03   2235.655s
4635000 +6.12484004e+06 +6.12586259e+06  1.02e+03   2.61e+01     1.91e-03   2236.134s
4636000 +6.12481899e+06 +6.12584881e+06  1.03e+03   2.61e+01     1.91e-03   2236.612s
4637000 +6.12483512e+06 +6.12583725e+06  1.00e+03   2.60e+01     1.91e-03   2237.092s
4638000 +6.12480625e+06 +6.12582588e+06  1.02e+03   2.60e+01     1.92e-03   2237.570s
4639000 +6.12476862e+06 +6.12581662e+06  1.05e+03   2.61e+01     1.92e-03   2238.049s
4640000 +6.12474239e+06 +6.12580497e+06  1.06e+03   2.61e+01     1.91e-03   2238.528s
4641000 +6.12471606e+06 +6.12579417e+06  1.08e+03   2.61e+01     1.91e-03   2239.007s
4642000 +6.12472977e+06 +6.12578332e+06  1.05e+03   2.61e+01     1.91e-03   2239.486s
4643000 +6.12463062e+06 +6.12577111e+06  1.14e+03   2.61e+01     1.91e-03   2239.965s
4644000 +6.12464537e+06 +6.12576076e+06  1.12e+03   2.61e+01     1.91e-03   2240.444s
4645000 +6.12469689e+06 +6.12574941e+06  1.05e+03   2.61e+01     1.91e-03   2240.922s
4646000 +6.12462299e+06 +6.12573961e+06  1.12e+03   2.61e+01     1.91e-03   2241.401s
4647000 +6.12462844e+06 +6.12572661e+06  1.10e+03   2.62e+01     1.91e-03   2241.880s
4648000 +6.12463060e+06 +6.12571457e+06  1.08e+03   2.62e+01     1.91e-03   2242.359s
4649000 +6.12458928e+06 +6.12570368e+06  1.11e+03   2.61e+01     1.90e-03   2242.838s
4650000 +6.12461259e+06 +6.12569314e+06  1.08e+03   2.61e+01     1.90e-03   2243.317s
4651000 +6.12465699e+06 +6.12568010e+06  1.02e+03   2.62e+01     1.91e-03   2243.795s
4652000 +6.12461042e+06 +6.12566942e+06  1.06e+03   2.61e+01     1.90e-03   2244.274s
4653000 +6.12459520e+06 +6.12565586e+06  1.06e+03   2.61e+01     1.90e-03   2244.753s
4654000 +6.12461081e+06 +6.12564537e+06  1.03e+03   2.61e+01     1.90e-03   2245.232s
4655000 +6.12459993e+06 +6.12563496e+06  1.04e+03   2.62e+01     1.90e-03   2245.711s
4656000 +6.12459598e+06 +6.12562296e+06  1.03e+03   2.62e+01     1.90e-03   2246.190s
4657000 +6.12459944e+06 +6.12561164e+06  1.01e+03   2.61e+01     1.90e-03   2246.669s
4658000 +6.12463150e+06 +6.12560084e+06  9.69e+02   2.61e+01     1.90e-03   2247.148s
4659000 +6.12456987e+06 +6.12558925e+06  1.02e+03   2.61e+01     1.90e-03   2247.626s
4660000 +6.12453098e+06 +6.12557864e+06  1.05e+03   2.62e+01     1.90e-03   2248.105s
4661000 +6.12447939e+06 +6.12556835e+06  1.09e+03   2.61e+01     1.90e-03   2248.584s
4662000 +6.12446529e+06 +6.12555855e+06  1.09e+03   2.62e+01     1.90e-03   2249.063s
4663000 +6.12451080e+06 +6.12554730e+06  1.04e+03   2.63e+01     1.90e-03   2249.542s
4664000 +6.12449283e+06 +6.12553653e+06  1.04e+03   2.61e+01     1.89e-03   2250.021s
4665000 +6.12449988e+06 +6.12552558e+06  1.03e+03   2.60e+01     1.89e-03   2250.500s
4666000 +6.12450949e+06 +6.12551375e+06  1.00e+03   2.61e+01     1.90e-03   2250.979s
4667000 +6.12448179e+06 +6.12549991e+06  1.02e+03   2.62e+01     1.89e-03   2251.458s
4668000 +6.12446690e+06 +6.12549006e+06  1.02e+03   2.60e+01     1.89e-03   2251.937s
4669000 +6.12444436e+06 +6.12547883e+06  1.03e+03   2.61e+01     1.88e-03   2252.415s
4670000 +6.12450054e+06 +6.12546863e+06  9.68e+02   2.62e+01     1.89e-03   2252.894s
4671000 +6.12452151e+06 +6.12545818e+06  9.37e+02   2.61e+01     1.89e-03   2253.373s
4672000 +6.12444762e+06 +6.12543465e+06  9.87e+02   2.58e+01     1.19e-03   2253.853s
4673000 +6.12442807e+06 +6.12542361e+06  9.96e+02   2.59e+01     1.18e-03   2254.331s
4674000 +6.12441372e+06 +6.12541469e+06  1.00e+03   2.60e+01     1.17e-03   2254.809s
4675000 +6.12441845e+06 +6.12540576e+06  9.87e+02   2.61e+01     1.17e-03   2255.287s
4676000 +6.12441948e+06 +6.12539725e+06  9.78e+02   2.62e+01     1.17e-03   2255.766s
4677000 +6.12442514e+06 +6.12538905e+06  9.64e+02   2.63e+01     1.18e-03   2256.244s
4678000 +6.12444742e+06 +6.12538029e+06  9.33e+02   2.65e+01     1.18e-03   2256.722s
4679000 +6.12446495e+06 +6.12537231e+06  9.07e+02   2.66e+01     1.18e-03   2257.201s
4680000 +6.12447475e+06 +6.12536448e+06  8.90e+02   2.67e+01     1.18e-03   2257.679s
4681000 +6.12448278e+06 +6.12535650e+06  8.74e+02   2.68e+01     1.18e-03   2258.157s
4682000 +6.12448506e+06 +6.12534818e+06  8.63e+02   2.69e+01     1.18e-03   2258.635s
4683000 +6.12449769e+06 +6.12533978e+06  8.42e+02   2.70e+01     1.18e-03   2259.114s
4684000 +6.12453078e+06 +6.12533133e+06  8.01e+02   2.71e+01     1.19e-03   2259.592s
4685000 +6.12456665e+06 +6.12532242e+06  7.56e+02   2.73e+01     1.19e-03   2260.070s
4686000 +6.12458170e+06 +6.12531353e+06  7.32e+02   2.74e+01     1.19e-03   2260.549s
4687000 +6.12460588e+06 +6.12530426e+06  6.98e+02   2.75e+01     1.19e-03   2261.027s
4688000 +6.12461795e+06 +6.12529438e+06  6.76e+02   2.76e+01     1.19e-03   2261.506s
4689000 +6.12461925e+06 +6.12528393e+06  6.65e+02   2.76e+01     1.19e-03   2261.984s
4690000 +6.12466550e+06 +6.12527447e+06  6.09e+02   2.77e+01     1.19e-03   2262.462s
4691000 +6.12469011e+06 +6.12526423e+06  5.74e+02   2.78e+01     1.20e-03   2262.941s
4692000 +6.12474016e+06 +6.12525397e+06  5.14e+02   2.80e+01     1.20e-03   2263.420s
4693000 +6.12473537e+06 +6.12524341e+06  5.08e+02   2.80e+01     1.20e-03   2263.898s
4694000 +6.12475591e+06 +6.12523261e+06  4.77e+02   2.82e+01     1.20e-03   2264.377s
4695000 +6.12474467e+06 +6.12522178e+06  4.77e+02   2.83e+01     1.20e-03   2264.855s
4696000 +6.12477854e+06 +6.12521042e+06  4.32e+02   2.84e+01     1.20e-03   2265.333s
4697000 +6.12477382e+06 +6.12519903e+06  4.25e+02   2.85e+01     1.21e-03   2265.812s
4698000 +6.12476099e+06 +6.12518712e+06  4.26e+02   2.85e+01     1.21e-03   2266.290s
4699000 +6.12475768e+06 +6.12517767e+06  4.20e+02   2.86e+01     1.21e-03   2266.769s
4700000 +6.12480616e+06 +6.12516632e+06  3.60e+02   2.88e+01     1.21e-03   2267.247s
4701000 +6.12481569e+06 +6.12515609e+06  3.40e+02   2.88e+01     1.21e-03   2267.726s
4702000 +6.12482870e+06 +6.12514379e+06  3.15e+02   2.89e+01     1.21e-03   2268.204s
4703000 +6.12487113e+06 +6.12513302e+06  2.62e+02   2.90e+01     1.22e-03   2268.683s
4704000 +6.12485816e+06 +6.12512239e+06  2.64e+02   2.91e+01     1.22e-03   2269.161s
4705000 +6.12486593e+06 +6.12511018e+06  2.44e+02   2.92e+01     1.22e-03   2269.640s
4706000 +6.12483079e+06 +6.12509823e+06  2.67e+02   2.92e+01     1.22e-03   2270.118s
4707000 +6.12484560e+06 +6.12508685e+06  2.41e+02   2.94e+01     1.22e-03   2270.596s
4708000 +6.12483300e+06 +6.12507643e+06  2.43e+02   2.95e+01     1.22e-03   2271.075s
4709000 +6.12486803e+06 +6.12506428e+06  1.96e+02   2.96e+01     1.23e-03   2271.554s
4710000 +6.12487114e+06 +6.12505352e+06  1.82e+02   2.97e+01     1.23e-03   2272.032s
4711000 +6.12488766e+06 +6.12504193e+06  1.54e+02   2.97e+01     1.23e-03   2272.511s
4712000 +6.12493270e+06 +6.12503067e+06  9.80e+01   2.98e+01     1.23e-03   2272.990s
4713000 +6.12491769e+06 +6.12501943e+06  1.02e+02   3.00e+01     1.24e-03   2273.468s
4714000 +6.12495406e+06 +6.12500792e+06  5.39e+01   3.00e+01     1.24e-03   2273.947s
4715000 +6.12493370e+06 +6.12499591e+06  6.22e+01   3.01e+01     1.24e-03   2274.425s
4716000 +6.12488709e+06 +6.12498409e+06  9.70e+01   3.02e+01     1.24e-03   2274.904s
4717000 +6.12498548e+06 +6.12497199e+06  1.35e+01   3.04e+01     1.24e-03   2275.382s
4718000 +6.12495374e+06 +6.12495992e+06  6.18e+00   3.05e+01     1.24e-03   2275.861s
4719000 +6.12492866e+06 +6.12494731e+06  1.86e+01   3.06e+01     1.24e-03   2276.339s
4720000 +6.12494907e+06 +6.12493509e+06  1.40e+01   3.07e+01     1.25e-03   2276.818s
4721000 +6.12491203e+06 +6.12492358e+06  1.16e+01   3.08e+01     1.25e-03   2277.296s
4722000 +6.12493693e+06 +6.12491145e+06  2.55e+01   3.09e+01     1.25e-03   2277.775s
4723000 +6.12498656e+06 +6.12489863e+06  8.79e+01   3.11e+01     1.25e-03   2278.254s
4724000 +6.12496417e+06 +6.12488507e+06  7.91e+01   3.11e+01     1.25e-03   2278.732s
4725000 +6.12497555e+06 +6.12487250e+06  1.03e+02   3.12e+01     1.25e-03   2279.211s
4726000 +6.12491087e+06 +6.12485877e+06  5.21e+01   3.12e+01     1.25e-03   2279.689s
4727000 +6.12493821e+06 +6.12484561e+06  9.26e+01   3.13e+01     1.26e-03   2280.168s
4728000 +6.12494840e+06 +6.12483201e+06  1.16e+02   3.14e+01     1.26e-03   2280.646s
4729000 +6.12491795e+06 +6.12481959e+06  9.84e+01   3.15e+01     1.26e-03   2281.125s
4730000 +6.12491625e+06 +6.12480594e+06  1.10e+02   3.16e+01     1.26e-03   2281.604s
4731000 +6.12485938e+06 +6.12479320e+06  6.62e+01   3.16e+01     1.26e-03   2282.082s
4732000 +6.12482927e+06 +6.12477936e+06  4.99e+01   3.17e+01     1.26e-03   2282.561s
4733000 +6.12484037e+06 +6.12476745e+06  7.29e+01   3.18e+01     1.26e-03   2283.039s
4734000 +6.12481130e+06 +6.12475361e+06  5.77e+01   3.18e+01     1.26e-03   2283.518s
4735000 +6.12480739e+06 +6.12474011e+06  6.73e+01   3.19e+01     1.27e-03   2283.996s
4736000 +6.12483310e+06 +6.12472637e+06  1.07e+02   3.20e+01     1.27e-03   2284.475s
4737000 +6.12483294e+06 +6.12471381e+06  1.19e+02   3.21e+01     1.27e-03   2284.954s
4738000 +6.12478133e+06 +6.12470146e+06  7.99e+01   3.21e+01     1.27e-03   2285.432s
4739000 +6.12479420e+06 +6.12468935e+06  1.05e+02   3.22e+01     1.27e-03   2285.911s
4740000 +6.12477501e+06 +6.12467572e+06  9.93e+01   3.23e+01     1.27e-03   2286.389s
4741000 +6.12471184e+06 +6.12466274e+06  4.91e+01   3.22e+01     1.27e-03   2286.868s
4742000 +6.12472906e+06 +6.12464995e+06  7.91e+01   3.23e+01     1.27e-03   2287.346s
4743000 +6.12470857e+06 +6.12463791e+06  7.07e+01   3.24e+01     1.27e-03   2287.825s
4744000 +6.12472398e+06 +6.12462464e+06  9.93e+01   3.24e+01     1.27e-03   2288.304s
4745000 +6.12465945e+06 +6.12461111e+06  4.83e+01   3.25e+01     1.27e-03   2288.782s
4746000 +6.12468111e+06 +6.12459792e+06  8.32e+01   3.26e+01     1.28e-03   2289.261s
4747000 +6.12466821e+06 +6.12458482e+06  8.34e+01   3.26e+01     1.27e-03   2289.740s
4748000 +6.12463893e+06 +6.12457133e+06  6.76e+01   3.26e+01     1.27e-03   2290.218s
4749000 +6.12467458e+06 +6.12455839e+06  1.16e+02   3.28e+01     1.28e-03   2290.697s
4750000 +6.12471866e+06 +6.12454481e+06  1.74e+02   3.29e+01     1.28e-03   2291.175s
4751000 +6.12476654e+06 +6.12453204e+06  2.34e+02   3.29e+01     1.28e-03   2291.654s
4752000 +6.12474493e+06 +6.12451998e+06  2.25e+02   3.30e+01     1.28e-03   2292.133s
4753000 +6.12475957e+06 +6.12450797e+06  2.52e+02   3.31e+01     1.28e-03   2292.612s
4754000 +6.12482333e+06 +6.12449540e+06  3.28e+02   3.33e+01     1.29e-03   2293.090s
4755000 +6.12480107e+06 +6.12448144e+06  3.20e+02   3.33e+01     1.29e-03   2293.569s
4756000 +6.12482181e+06 +6.12446711e+06  3.55e+02   3.35e+01     1.29e-03   2294.047s
4757000 +6.12489949e+06 +6.12445453e+06  4.45e+02   3.36e+01     1.30e-03   2294.526s
4758000 +6.12486947e+06 +6.12444084e+06  4.29e+02   3.36e+01     1.30e-03   2295.004s
4759000 +6.12490072e+06 +6.12442788e+06  4.73e+02   3.37e+01     1.30e-03   2295.483s
4760000 +6.12482075e+06 +6.12441275e+06  4.08e+02   3.38e+01     1.30e-03   2295.961s
4761000 +6.12477804e+06 +6.12439971e+06  3.78e+02   3.38e+01     1.30e-03   2296.440s
4762000 +6.12478164e+06 +6.12438554e+06  3.96e+02   3.38e+01     1.30e-03   2296.919s
4763000 +6.12480623e+06 +6.12437121e+06  4.35e+02   3.38e+01     1.30e-03   2297.397s
4764000 +6.12476901e+06 +6.12435759e+06  4.11e+02   3.39e+01     1.30e-03   2297.876s
4765000 +6.12475162e+06 +6.12434463e+06  4.07e+02   3.39e+01     1.30e-03   2298.354s
4766000 +6.12475140e+06 +6.12433135e+06  4.20e+02   3.40e+01     1.31e-03   2298.833s
4767000 +6.12472668e+06 +6.12431731e+06  4.09e+02   3.41e+01     1.31e-03   2299.312s
4768000 +6.12474659e+06 +6.12430440e+06  4.42e+02   3.42e+01     1.31e-03   2299.790s
4769000 +6.12474699e+06 +6.12428963e+06  4.57e+02   3.42e+01     1.31e-03   2300.269s
4770000 +6.12476553e+06 +6.12427544e+06  4.90e+02   3.43e+01     1.31e-03   2300.748s
4771000 +6.12474036e+06 +6.12426234e+06  4.78e+02   3.43e+01     1.31e-03   2301.226s
4772000 +6.12475000e+06 +6.12424779e+06  5.02e+02   3.43e+01     1.31e-03   2301.705s
4773000 +6.12468448e+06 +6.12423358e+06  4.51e+02   3.44e+01     1.31e-03   2302.184s
4774000 +6.12472706e+06 +6.12421913e+06  5.08e+02   3.45e+01     1.32e-03   2302.663s
4775000 +6.12471987e+06 +6.12420412e+06  5.16e+02   3.45e+01     1.32e-03   2303.141s
4776000 +6.12466598e+06 +6.12418961e+06  4.76e+02   3.46e+01     1.32e-03   2303.620s
4777000 +6.12472086e+06 +6.12417660e+06  5.44e+02   3.46e+01     1.32e-03   2304.098s
4778000 +6.12472805e+06 +6.12416223e+06  5.66e+02   3.47e+01     1.32e-03   2304.577s
4779000 +6.12471445e+06 +6.12414805e+06  5.66e+02   3.48e+01     1.32e-03   2305.056s
4780000 +6.12475820e+06 +6.12413380e+06  6.24e+02   3.49e+01     1.32e-03   2305.535s
4781000 +6.12477816e+06 +6.12411985e+06  6.58e+02   3.49e+01     1.32e-03   2306.013s
4782000 +6.12478899e+06 +6.12410461e+06  6.84e+02   3.50e+01     1.33e-03   2306.492s
4783000 +6.12487054e+06 +6.12409025e+06  7.80e+02   3.50e+01     1.33e-03   2306.971s
4784000 +6.12482439e+06 +6.12407764e+06  7.47e+02   3.51e+01     1.33e-03   2307.449s
4785000 +6.12480950e+06 +6.12406254e+06  7.47e+02   3.51e+01     1.33e-03   2307.928s
4786000 +6.12497293e+06 +6.12404727e+06  9.26e+02   3.52e+01     1.34e-03   2308.407s
4787000 +6.12489941e+06 +6.12403279e+06  8.67e+02   3.52e+01     1.33e-03   2308.886s
4788000 +6.12494784e+06 +6.12401979e+06  9.28e+02   3.52e+01     1.33e-03   2309.365s
4789000 +6.12494670e+06 +6.12400537e+06  9.41e+02   3.53e+01     1.33e-03   2309.843s
4790000 +6.12493790e+06 +6.12399157e+06  9.46e+02   3.52e+01     1.33e-03   2310.322s
4791000 +6.12491908e+06 +6.12397746e+06  9.42e+02   3.53e+01     1.34e-03   2310.800s
4792000 +6.12489430e+06 +6.12396358e+06  9.31e+02   3.54e+01     1.33e-03   2311.279s
4793000 +6.12496179e+06 +6.12394982e+06  1.01e+03   3.55e+01     1.34e-03   2311.758s
4794000 +6.12487109e+06 +6.12393642e+06  9.35e+02   3.54e+01     1.33e-03   2312.236s
4795000 +6.12482033e+06 +6.12392183e+06  8.98e+02   3.54e+01     1.33e-03   2312.715s
4796000 +6.12480496e+06 +6.12390781e+06  8.97e+02   3.54e+01     1.33e-03   2313.194s
4797000 +6.12483452e+06 +6.12389401e+06  9.41e+02   3.55e+01     1.34e-03   2313.672s
4798000 +6.12486868e+06 +6.12388114e+06  9.88e+02   3.54e+01     1.34e-03   2314.151s
4799000 +6.12484934e+06 +6.12386734e+06  9.82e+02   3.56e+01     1.34e-03   2314.630s
4800000 +6.12491979e+06 +6.12385493e+06  1.06e+03   3.57e+01     1.34e-03   2315.108s
4801000 +6.12481185e+06 +6.12384200e+06  9.70e+02   3.56e+01     1.34e-03   2315.587s
4802000 +6.12484810e+06 +6.12382903e+06  1.02e+03   3.57e+01     1.34e-03   2316.066s
4803000 +6.12480827e+06 +6.12381506e+06  9.93e+02   3.58e+01     1.34e-03   2316.544s
4804000 +6.12479468e+06 +6.12380306e+06  9.92e+02   3.58e+01     1.34e-03   2317.023s
4805000 +6.12478197e+06 +6.12379007e+06  9.92e+02   3.58e+01     1.35e-03   2317.501s
4806000 +6.12475203e+06 +6.12377642e+06  9.76e+02   3.59e+01     1.35e-03   2317.980s
4807000 +6.12486647e+06 +6.12376373e+06  1.10e+03   3.60e+01     1.35e-03   2318.459s
4808000 +6.12480224e+06 +6.12375075e+06  1.05e+03   3.59e+01     1.35e-03   2318.937s
4809000 +6.12484261e+06 +6.12373848e+06  1.10e+03   3.60e+01     1.35e-03   2319.416s
4810000 +6.12476452e+06 +6.12372730e+06  1.04e+03   3.60e+01     1.35e-03   2319.895s
4811000 +6.12478413e+06 +6.12371343e+06  1.07e+03   3.61e+01     1.35e-03   2320.374s
4812000 +6.12479339e+06 +6.12370116e+06  1.09e+03   3.61e+01     1.35e-03   2320.852s
4813000 +6.12471784e+06 +6.12368688e+06  1.03e+03   3.60e+01     1.35e-03   2321.331s
4814000 +6.12467767e+06 +6.12367409e+06  1.00e+03   3.62e+01     1.34e-03   2321.809s
4815000 +6.12464629e+06 +6.12366097e+06  9.85e+02   3.62e+01     1.34e-03   2322.288s
4816000 +6.12465729e+06 +6.12364949e+06  1.01e+03   3.61e+01     1.35e-03   2322.767s
4817000 +6.12460948e+06 +6.12363728e+06  9.72e+02   3.61e+01     1.35e-03   2323.246s
4818000 +6.12451762e+06 +6.12362527e+06  8.92e+02   3.61e+01     1.34e-03   2323.724s
4819000 +6.12450515e+06 +6.12361290e+06  8.92e+02   3.62e+01     1.34e-03   2324.203s
4820000 +6.12446870e+06 +6.12360077e+06  8.68e+02   3.61e+01     1.34e-03   2324.682s
4821000 +6.12452631e+06 +6.12358898e+06  9.37e+02   3.63e+01     1.35e-03   2325.161s
4822000 +6.12456486e+06 +6.12357711e+06  9.88e+02   3.64e+01     1.35e-03   2325.639s
4823000 +6.12451526e+06 +6.12356395e+06  9.51e+02   3.62e+01     1.34e-03   2326.117s
4824000 +6.12456897e+06 +6.12355344e+06  1.02e+03   3.63e+01     1.35e-03   2326.596s
4825000 +6.12454504e+06 +6.12354169e+06  1.00e+03   3.62e+01     1.34e-03   2327.075s
4826000 +6.12456021e+06 +6.12352807e+06  1.03e+03   3.63e+01     1.35e-03   2327.554s
4827000 +6.12453644e+06 +6.12351534e+06  1.02e+03   3.63e+01     1.34e-03   2328.032s
4828000 +6.12462463e+06 +6.12350387e+06  1.12e+03   3.64e+01     1.35e-03   2328.511s
4829000 +6.12457674e+06 +6.12349147e+06  1.09e+03   3.65e+01     1.35e-03   2328.990s
4830000 +6.12452362e+06 +6.12347697e+06  1.05e+03   3.66e+01     1.35e-03   2329.468s
4831000 +6.12456498e+06 +6.12346502e+06  1.10e+03   3.66e+01     1.35e-03   2329.947s
4832000 +6.12448469e+06 +6.12345226e+06  1.03e+03   3.64e+01     1.35e-03   2330.426s
4833000 +6.12450524e+06 +6.12343938e+06  1.07e+03   3.65e+01     1.34e-03   2330.905s
4834000 +6.12447116e+06 +6.12342702e+06  1.04e+03   3.66e+01     1.34e-03   2331.383s
4835000 +6.12440956e+06 +6.12341511e+06  9.94e+02   3.63e+01     1.34e-03   2331.862s
4836000 +6.12445955e+06 +6.12340355e+06  1.06e+03   3.64e+01     1.34e-03   2332.341s
4837000 +6.12452458e+06 +6.12339148e+06  1.13e+03   3.66e+01     1.34e-03   2332.820s
4838000 +6.12455188e+06 +6.12337803e+06  1.17e+03   3.66e+01     1.34e-03   2333.298s
4839000 +6.12453914e+06 +6.12336610e+06  1.17e+03   3.64e+01     1.35e-03   2333.777s
4840000 +6.12453616e+06 +6.12335384e+06  1.18e+03   3.65e+01     1.35e-03   2334.256s
4841000 +6.12460801e+06 +6.12334189e+06  1.27e+03   3.67e+01     1.35e-03   2334.735s
4842000 +6.12463369e+06 +6.12332972e+06  1.30e+03   3.67e+01     1.35e-03   2335.213s
4843000 +6.12465448e+06 +6.12331625e+06  1.34e+03   3.67e+01     1.35e-03   2335.692s
4844000 +6.12460228e+06 +6.12330178e+06  1.30e+03   3.67e+01     1.35e-03   2336.171s
4845000 +6.12453598e+06 +6.12328996e+06  1.25e+03   3.66e+01     1.34e-03   2336.650s
4846000 +6.12451660e+06 +6.12327739e+06  1.24e+03   3.65e+01     1.34e-03   2337.128s
4847000 +6.12445894e+06 +6.12326561e+06  1.19e+03   3.64e+01     1.34e-03   2337.607s
4848000 +6.12447283e+06 +6.12325489e+06  1.22e+03   3.66e+01     1.34e-03   2338.086s
4849000 +6.12442335e+06 +6.12324425e+06  1.18e+03   3.66e+01     1.34e-03   2338.565s
4850000 +6.12443324e+06 +6.12323143e+06  1.20e+03   3.65e+01     1.34e-03   2339.043s
4851000 +6.12444476e+06 +6.12322051e+06  1.22e+03   3.65e+01     1.34e-03   2339.522s
4852000 +6.12444797e+06 +6.12320860e+06  1.24e+03   3.65e+01     1.34e-03   2340.001s
4853000 +6.12443771e+06 +6.12319628e+06  1.24e+03   3.65e+01     1.34e-03   2340.480s
4854000 +6.12438356e+06 +6.12318415e+06  1.20e+03   3.63e+01     1.33e-03   2340.958s
4855000 +6.12433500e+06 +6.12317212e+06  1.16e+03   3.64e+01     1.33e-03   2341.437s
4856000 +6.12431759e+06 +6.12315957e+06  1.16e+03   3.65e+01     1.33e-03   2341.915s
4857000 +6.12437864e+06 +6.12314764e+06  1.23e+03   3.66e+01     1.33e-03   2342.394s
4858000 +6.12444378e+06 +6.12313518e+06  1.31e+03   3.65e+01     1.33e-03   2342.873s
4859000 +6.12451807e+06 +6.12312321e+06  1.39e+03   3.63e+01     1.33e-03   2343.352s
4860000 +6.12452487e+06 +6.12311212e+06  1.41e+03   3.62e+01     1.33e-03   2343.831s
4861000 +6.12452565e+06 +6.12309961e+06  1.43e+03   3.62e+01     1.33e-03   2344.309s
4862000 +6.12455598e+06 +6.12308773e+06  1.47e+03   3.61e+01     1.32e-03   2344.788s
4863000 +6.12457081e+06 +6.12307446e+06  1.50e+03   3.61e+01     1.32e-03   2345.267s
4864000 +6.12451948e+06 +6.12306139e+06  1.46e+03   3.61e+01     1.32e-03   2345.746s
4865000 +6.12449528e+06 +6.12304860e+06  1.45e+03   3.58e+01     1.31e-03   2346.224s
4866000 +6.12450986e+06 +6.12303604e+06  1.47e+03   3.56e+01     1.31e-03   2346.703s
4867000 +6.12447927e+06 +6.12302517e+06  1.45e+03   3.57e+01     1.31e-03   2347.182s
4868000 +6.12450310e+06 +6.12301307e+06  1.49e+03   3.56e+01     1.30e-03   2347.661s
4869000 +6.12449601e+06 +6.12299965e+06  1.50e+03   3.56e+01     1.30e-03   2348.139s
4870000 +6.12451386e+06 +6.12298777e+06  1.53e+03   3.56e+01     1.31e-03   2348.618s
4871000 +6.12451989e+06 +6.12297540e+06  1.54e+03   3.56e+01     1.30e-03   2349.097s
4872000 +6.12457710e+06 +6.12296250e+06  1.61e+03   3.57e+01     1.30e-03   2349.576s
4873000 +6.12461329e+06 +6.12295104e+06  1.66e+03   3.58e+01     1.31e-03   2350.055s
4874000 +6.12460181e+06 +6.12293849e+06  1.66e+03   3.56e+01     1.31e-03   2350.533s
4875000 +6.12460826e+06 +6.12292660e+06  1.68e+03   3.56e+01     1.31e-03   2351.012s
4876000 +6.12455550e+06 +6.12291474e+06  1.64e+03   3.56e+01     1.30e-03   2351.490s
4877000 +6.12449096e+06 +6.12290217e+06  1.59e+03   3.56e+01     1.30e-03   2351.969s
4878000 +6.12452866e+06 +6.12289060e+06  1.64e+03   3.55e+01     1.30e-03   2352.448s
4879000 +6.12453831e+06 +6.12287853e+06  1.66e+03   3.56e+01     1.30e-03   2352.927s
4880000 +6.12451639e+06 +6.12286805e+06  1.65e+03   3.54e+01     1.30e-03   2353.405s
4881000 +6.12443072e+06 +6.12285741e+06  1.57e+03   3.53e+01     1.30e-03   2353.884s
4882000 +6.12444179e+06 +6.12284660e+06  1.60e+03   3.52e+01     1.29e-03   2354.363s
4883000 +6.12450020e+06 +6.12283434e+06  1.67e+03   3.54e+01     1.30e-03   2354.842s
4884000 +6.12446165e+06 +6.12282241e+06  1.64e+03   3.53e+01     1.29e-03   2355.320s
4885000 +6.12445706e+06 +6.12280989e+06  1.65e+03   3.53e+01     1.29e-03   2355.799s
4886000 +6.12443095e+06 +6.12279834e+06  1.63e+03   3.54e+01     1.29e-03   2356.278s
4887000 +6.12440634e+06 +6.12278566e+06  1.62e+03   3.53e+01     1.29e-03   2356.756s
4888000 +6.12433370e+06 +6.12277302e+06  1.56e+03   3.51e+01     1.29e-03   2357.235s
4889000 +6.12438411e+06 +6.12276082e+06  1.62e+03   3.51e+01     1.29e-03   2357.714s
4890000 +6.12431173e+06 +6.12274984e+06  1.56e+03   3.51e+01     1.29e-03   2358.193s
4891000 +6.12429144e+06 +6.12273946e+06  1.55e+03   3.51e+01     1.28e-03   2358.672s
4892000 +6.12429283e+06 +6.12272750e+06  1.57e+03   3.51e+01     1.28e-03   2359.150s
4893000 +6.12426411e+06 +6.12271527e+06  1.55e+03   3.50e+01     1.28e-03   2359.629s
4894000 +6.12420231e+06 +6.12270429e+06  1.50e+03   3.49e+01     1.28e-03   2360.108s
4895000 +6.12421163e+06 +6.12269303e+06  1.52e+03   3.50e+01     1.28e-03   2360.587s
4896000 +6.12416506e+06 +6.12268164e+06  1.48e+03   3.50e+01     1.28e-03   2361.066s
4897000 +6.12416585e+06 +6.12266847e+06  1.50e+03   3.49e+01     1.28e-03   2361.544s
4898000 +6.12415817e+06 +6.12265724e+06  1.50e+03   3.50e+01     1.28e-03   2362.023s
4899000 +6.12422916e+06 +6.12264597e+06  1.58e+03   3.50e+01     1.27e-03   2362.502s
4900000 +6.12412922e+06 +6.12263440e+06  1.49e+03   3.49e+01     1.27e-03   2362.980s
4901000 +6.12414088e+06 +6.12262363e+06  1.52e+03   3.48e+01     1.27e-03   2363.459s
4902000 +6.12406051e+06 +6.12261272e+06  1.45e+03   3.48e+01     1.27e-03   2363.938s
4903000 +6.12407526e+06 +6.12260097e+06  1.47e+03   3.48e+01     1.27e-03   2364.416s
4904000 +6.12408625e+06 +6.12259047e+06  1.50e+03   3.49e+01     1.27e-03   2364.895s
4905000 +6.12405678e+06 +6.12257987e+06  1.48e+03   3.49e+01     1.27e-03   2365.374s
4906000 +6.12411324e+06 +6.12256948e+06  1.54e+03   3.49e+01     1.27e-03   2365.853s
4907000 +6.12412395e+06 +6.12255770e+06  1.57e+03   3.48e+01     1.27e-03   2366.332s
4908000 +6.12411214e+06 +6.12254668e+06  1.57e+03   3.46e+01     1.26e-03   2366.810s
4909000 +6.12417316e+06 +6.12253577e+06  1.64e+03   3.47e+01     1.26e-03   2367.289s
4910000 +6.12413591e+06 +6.12252586e+06  1.61e+03   3.46e+01     1.26e-03   2367.768s
4911000 +6.12418716e+06 +6.12251418e+06  1.67e+03   3.45e+01     1.26e-03   2368.246s
4912000 +6.12416423e+06 +6.12250306e+06  1.66e+03   3.47e+01     1.27e-03   2368.725s
4913000 +6.12413334e+06 +6.12249176e+06  1.64e+03   3.47e+01     1.26e-03   2369.203s
4914000 +6.12418719e+06 +6.12248175e+06  1.71e+03   3.45e+01     1.26e-03   2369.682s
4915000 +6.12418294e+06 +6.12247121e+06  1.71e+03   3.46e+01     1.27e-03   2370.161s
4916000 +6.12414095e+06 +6.12246101e+06  1.68e+03   3.47e+01     1.26e-03   2370.639s
4917000 +6.12411462e+06 +6.12245036e+06  1.66e+03   3.47e+01     1.27e-03   2371.118s
4918000 +6.12412230e+06 +6.12244101e+06  1.68e+03   3.45e+01     1.27e-03   2371.597s
4919000 +6.12410736e+06 +6.12242919e+06  1.68e+03   3.47e+01     1.27e-03   2372.076s
4920000 +6.12414155e+06 +6.12241956e+06  1.72e+03   3.48e+01     1.27e-03   2372.554s
4921000 +6.12417061e+06 +6.12240877e+06  1.76e+03   3.47e+01     1.27e-03   2373.033s
4922000 +6.12413206e+06 +6.12239857e+06  1.73e+03   3.46e+01     1.27e-03   2373.512s
4923000 +6.12416110e+06 +6.12238863e+06  1.77e+03   3.48e+01     1.27e-03   2373.990s
4924000 +6.12410124e+06 +6.12237912e+06  1.72e+03   3.46e+01     1.27e-03   2374.469s
4925000 +6.12423815e+06 +6.12236785e+06  1.87e+03   3.46e+01     1.27e-03   2374.948s
4926000 +6.12421884e+06 +6.12235785e+06  1.86e+03   3.47e+01     1.27e-03   2375.427s
4927000 +6.12423812e+06 +6.12234877e+06  1.89e+03   3.47e+01     1.27e-03   2375.905s
4928000 +6.12419002e+06 +6.12233905e+06  1.85e+03   3.46e+01     1.26e-03   2376.384s
4929000 +6.12419804e+06 +6.12232875e+06  1.87e+03   3.45e+01     1.26e-03   2376.863s
4930000 +6.12417995e+06 +6.12231801e+06  1.86e+03   3.44e+01     1.26e-03   2377.341s
4931000 +6.12415029e+06 +6.12230955e+06  1.84e+03   3.45e+01     1.26e-03   2377.820s
4932000 +6.12417316e+06 +6.12229981e+06  1.87e+03   3.45e+01     1.26e-03   2378.299s
4933000 +6.12416626e+06 +6.12228885e+06  1.88e+03   3.45e+01     1.26e-03   2378.778s
4934000 +6.12414697e+06 +6.12227716e+06  1.87e+03   3.46e+01     1.26e-03   2379.257s
4935000 +6.12414954e+06 +6.12226662e+06  1.88e+03   3.45e+01     1.26e-03   2379.735s
4936000 +6.12409950e+06 +6.12225590e+06  1.84e+03   3.43e+01     1.26e-03   2380.214s
4937000 +6.12422012e+06 +6.12224715e+06  1.97e+03   3.44e+01     1.26e-03   2380.693s
4938000 +6.12414273e+06 +6.12223610e+06  1.91e+03   3.44e+01     1.26e-03   2381.171s
4939000 +6.12413334e+06 +6.12222825e+06  1.91e+03   3.44e+01     1.26e-03   2381.650s
4940000 +6.12411118e+06 +6.12221900e+06  1.89e+03   3.45e+01     1.26e-03   2382.129s
4941000 +6.12408644e+06 +6.12220961e+06  1.88e+03   3.45e+01     1.26e-03   2382.608s
4942000 +6.12411739e+06 +6.12219879e+06  1.92e+03   3.44e+01     1.26e-03   2383.086s
4943000 +6.12413264e+06 +6.12218917e+06  1.94e+03   3.41e+01     1.25e-03   2383.565s
4944000 +6.12416359e+06 +6.12217891e+06  1.98e+03   3.41e+01     1.25e-03   2384.044s
4945000 +6.12421310e+06 +6.12217105e+06  2.04e+03   3.42e+01     1.25e-03   2384.523s
4946000 +6.12417016e+06 +6.12216212e+06  2.01e+03   3.42e+01     1.25e-03   2385.002s
4947000 +6.12419517e+06 +6.12215315e+06  2.04e+03   3.43e+01     1.25e-03   2385.480s
4948000 +6.12420158e+06 +6.12214447e+06  2.06e+03   3.42e+01     1.25e-03   2385.959s
4949000 +6.12421498e+06 +6.12213530e+06  2.08e+03   3.41e+01     1.25e-03   2386.438s
4950000 +6.12414304e+06 +6.12212705e+06  2.02e+03   3.40e+01     1.24e-03   2386.916s
4951000 +6.12409631e+06 +6.12211794e+06  1.98e+03   3.39e+01     1.24e-03   2387.395s
4952000 +6.12403130e+06 +6.12210906e+06  1.92e+03   3.39e+01     1.24e-03   2387.874s
4953000 +6.12409953e+06 +6.12209975e+06  2.00e+03   3.40e+01     1.24e-03   2388.353s
4954000 +6.12409059e+06 +6.12209082e+06  2.00e+03   3.40e+01     1.24e-03   2388.831s
4955000 +6.12406859e+06 +6.12208296e+06  1.99e+03   3.41e+01     1.24e-03   2389.310s
4956000 +6.12407115e+06 +6.12207448e+06  2.00e+03   3.39e+01     1.24e-03   2389.789s
4957000 +6.12404812e+06 +6.12206554e+06  1.98e+03   3.39e+01     1.24e-03   2390.268s
4958000 +6.12405051e+06 +6.12205748e+06  1.99e+03   3.39e+01     1.24e-03   2390.747s
4959000 +6.12407967e+06 +6.12204809e+06  2.03e+03   3.40e+01     1.24e-03   2391.226s
4960000 +6.12412433e+06 +6.12203917e+06  2.09e+03   3.40e+01     1.24e-03   2391.705s
4961000 +6.12411636e+06 +6.12203056e+06  2.09e+03   3.41e+01     1.24e-03   2392.183s
4962000 +6.12406938e+06 +6.12202235e+06  2.05e+03   3.41e+01     1.24e-03   2392.662s
4963000 +6.12401445e+06 +6.12201364e+06  2.00e+03   3.40e+01     1.24e-03   2393.141s
4964000 +6.12402255e+06 +6.12200495e+06  2.02e+03   3.39e+01     1.24e-03   2393.619s
4965000 +6.12399538e+06 +6.12199616e+06  2.00e+03   3.39e+01     1.24e-03   2394.098s
4966000 +6.12405589e+06 +6.12198808e+06  2.07e+03   3.39e+01     1.24e-03   2394.577s
4967000 +6.12404210e+06 +6.12198004e+06  2.06e+03   3.38e+01     1.23e-03   2395.055s
4968000 +6.12403801e+06 +6.12197040e+06  2.07e+03   3.38e+01     1.23e-03   2395.534s
4969000 +6.12409165e+06 +6.12196178e+06  2.13e+03   3.39e+01     1.23e-03   2396.013s
4970000 +6.12404199e+06 +6.12195257e+06  2.09e+03   3.38e+01     1.23e-03   2396.492s
4971000 +6.12407837e+06 +6.12194373e+06  2.13e+03   3.36e+01     1.23e-03   2396.971s
4972000 +6.12404254e+06 +6.12193599e+06  2.11e+03   3.36e+01     1.23e-03   2397.449s
4973000 +6.12408636e+06 +6.12192702e+06  2.16e+03   3.36e+01     1.23e-03   2397.928s
4974000 +6.12401300e+06 +6.12192020e+06  2.09e+03   3.36e+01     1.23e-03   2398.407s
4975000 +6.12392894e+06 +6.12191248e+06  2.02e+03   3.36e+01     1.22e-03   2398.886s
4976000 +6.12395220e+06 +6.12190454e+06  2.05e+03   3.36e+01     1.22e-03   2399.365s
4977000 +6.12397599e+06 +6.12189721e+06  2.08e+03   3.35e+01     1.22e-03   2399.843s
4978000 +6.12389343e+06 +6.12188836e+06  2.01e+03   3.34e+01     1.22e-03   2400.322s
4979000 +6.12388002e+06 +6.12188031e+06  2.00e+03   3.34e+01     1.22e-03   2400.801s
4980000 +6.12389027e+06 +6.12187209e+06  2.02e+03   3.34e+01     1.22e-03   2401.280s
4981000 +6.12397467e+06 +6.12186419e+06  2.11e+03   3.36e+01     1.22e-03   2401.758s
4982000 +6.12398823e+06 +6.12185646e+06  2.13e+03   3.36e+01     1.22e-03   2402.237s
4983000 +6.12390883e+06 +6.12184757e+06  2.06e+03   3.34e+01     1.22e-03   2402.715s
4984000 +6.12396267e+06 +6.12183959e+06  2.12e+03   3.34e+01     1.22e-03   2403.194s
4985000 +6.12392260e+06 +6.12183119e+06  2.09e+03   3.34e+01     1.22e-03   2403.673s
4986000 +6.12393952e+06 +6.12182342e+06  2.12e+03   3.33e+01     1.22e-03   2404.152s
4987000 +6.12401645e+06 +6.12181663e+06  2.20e+03   3.33e+01     1.22e-03   2404.630s
4988000 +6.12401068e+06 +6.12181020e+06  2.20e+03   3.34e+01     1.21e-03   2405.109s
4989000 +6.12401827e+06 +6.12180346e+06  2.21e+03   3.34e+01     1.21e-03   2405.588s
4990000 +6.12398341e+06 +6.12179589e+06  2.19e+03   3.32e+01     1.21e-03   2406.067s
4991000 +6.12397662e+06 +6.12178995e+06  2.19e+03   3.32e+01     1.21e-03   2406.545s
4992000 +6.12391911e+06 +6.12178234e+06  2.14e+03   3.31e+01     1.21e-03   2407.024s
4993000 +6.12387426e+06 +6.12177552e+06  2.10e+03   3.31e+01     1.21e-03   2407.503s
4994000 +6.12388118e+06 +6.12176738e+06  2.11e+03   3.32e+01     1.21e-03   2407.981s
4995000 +6.12389679e+06 +6.12176073e+06  2.14e+03   3.32e+01     1.21e-03   2408.460s
4996000 +6.12389219e+06 +6.12175305e+06  2.14e+03   3.31e+01     1.21e-03   2408.938s
4997000 +6.12387233e+06 +6.12174537e+06  2.13e+03   3.32e+01     1.21e-03   2409.417s
4998000 +6.12387626e+06 +6.12173847e+06  2.14e+03   3.31e+01     1.21e-03   2409.896s
4999000 +6.12386882e+06 +6.12173137e+06  2.14e+03   3.30e+01     1.21e-03   2410.375s
5000000 +6.12387981e+06 +6.12172416e+06  2.16e+03   3.31e+01     1.21e-03   2410.853s
5001000 +6.12384948e+06 +6.12171677e+06  2.13e+03   3.31e+01     1.20e-03   2411.332s
5002000 +6.12389994e+06 +6.12171091e+06  2.19e+03   3.30e+01     1.21e-03   2411.811s
5003000 +6.12393290e+06 +6.12170451e+06  2.23e+03   3.30e+01     1.21e-03   2412.290s
5004000 +6.12394065e+06 +6.12169822e+06  2.24e+03   3.32e+01     1.21e-03   2412.769s
5005000 +6.12392234e+06 +6.12169191e+06  2.23e+03   3.29e+01     1.20e-03   2413.248s
5006000 +6.12389724e+06 +6.12168570e+06  2.21e+03   3.27e+01     1.20e-03   2413.726s
5007000 +6.12389610e+06 +6.12167930e+06  2.22e+03   3.29e+01     1.20e-03   2414.205s
5008000 +6.12393517e+06 +6.12167255e+06  2.26e+03   3.30e+01     1.20e-03   2414.684s
5009000 +6.12388969e+06 +6.12166526e+06  2.22e+03   3.28e+01     1.19e-03   2415.162s
5010000 +6.12392673e+06 +6.12165891e+06  2.27e+03   3.27e+01     1.20e-03   2415.641s
5011000 +6.12389125e+06 +6.12165181e+06  2.24e+03   3.27e+01     1.20e-03   2416.120s
5012000 +6.12387044e+06 +6.12164470e+06  2.23e+03   3.27e+01     1.19e-03   2416.599s
5013000 +6.12385114e+06 +6.12163722e+06  2.21e+03   3.26e+01     1.19e-03   2417.077s
5014000 +6.12383594e+06 +6.12163050e+06  2.21e+03   3.27e+01     1.20e-03   2417.556s
5015000 +6.12386737e+06 +6.12162462e+06  2.24e+03   3.28e+01     1.20e-03   2418.035s
5016000 +6.12386965e+06 +6.12161882e+06  2.25e+03   3.28e+01     1.20e-03   2418.514s
5017000 +6.12389266e+06 +6.12161155e+06  2.28e+03   3.27e+01     1.20e-03   2418.993s
5018000 +6.12392338e+06 +6.12160513e+06  2.32e+03   3.27e+01     1.20e-03   2419.471s
5019000 +6.12392439e+06 +6.12159847e+06  2.33e+03   3.27e+01     1.20e-03   2419.950s
5020000 +6.12397273e+06 +6.12159283e+06  2.38e+03   3.27e+01     1.20e-03   2420.429s
5021000 +6.12395067e+06 +6.12158693e+06  2.36e+03   3.27e+01     1.20e-03   2420.908s
5022000 +6.12394605e+06 +6.12158039e+06  2.37e+03   3.26e+01     1.20e-03   2421.387s
5023000 +6.12387171e+06 +6.12157418e+06  2.30e+03   3.26e+01     1.19e-03   2421.865s
5024000 +6.12386725e+06 +6.12156761e+06  2.30e+03   3.26e+01     1.19e-03   2422.344s
5025000 +6.12385083e+06 +6.12156221e+06  2.29e+03   3.26e+01     1.19e-03   2422.823s
5026000 +6.12383446e+06 +6.12155517e+06  2.28e+03   3.24e+01     1.19e-03   2423.302s
5027000 +6.12381551e+06 +6.12154857e+06  2.27e+03   3.24e+01     1.19e-03   2423.780s
5028000 +6.12383162e+06 +6.12154192e+06  2.29e+03   3.25e+01     1.19e-03   2424.259s
5029000 +6.12378887e+06 +6.12153665e+06  2.25e+03   3.26e+01     1.19e-03   2424.738s
5030000 +6.12381644e+06 +6.12153109e+06  2.29e+03   3.25e+01     1.19e-03   2425.217s
5031000 +6.12386051e+06 +6.12152433e+06  2.34e+03   3.26e+01     1.19e-03   2425.696s
5032000 +6.12382684e+06 +6.12151930e+06  2.31e+03   3.26e+01     1.18e-03   2426.174s
5033000 +6.12386551e+06 +6.12151459e+06  2.35e+03   3.24e+01     1.19e-03   2426.653s
5034000 +6.12392979e+06 +6.12150947e+06  2.42e+03   3.23e+01     1.19e-03   2427.132s
5035000 +6.12393530e+06 +6.12150429e+06  2.43e+03   3.25e+01     1.18e-03   2427.611s
5036000 +6.12398058e+06 +6.12149883e+06  2.48e+03   3.26e+01     1.19e-03   2428.089s
5037000 +6.12396913e+06 +6.12149347e+06  2.48e+03   3.25e+01     1.19e-03   2428.568s
5038000 +6.12394817e+06 +6.12148736e+06  2.46e+03   3.25e+01     1.19e-03   2429.047s
5039000 +6.12397523e+06 +6.12148185e+06  2.49e+03   3.26e+01     1.18e-03   2429.526s
5040000 +6.12398095e+06 +6.12147646e+06  2.50e+03   3.24e+01     1.19e-03   2430.005s
5041000 +6.12399571e+06 +6.12147033e+06  2.53e+03   3.23e+01     1.19e-03   2430.483s
5042000 +6.12399315e+06 +6.12146429e+06  2.53e+03   3.26e+01     1.19e-03   2430.962s
5043000 +6.12396648e+06 +6.12145842e+06  2.51e+03   3.25e+01     1.18e-03   2431.441s
5044000 +6.12399173e+06 +6.12145296e+06  2.54e+03   3.23e+01     1.18e-03   2431.920s
5045000 +6.12400620e+06 +6.12144751e+06  2.56e+03   3.24e+01     1.18e-03   2432.399s
5046000 +6.12397466e+06 +6.12144211e+06  2.53e+03   3.24e+01     1.18e-03   2432.877s
5047000 +6.12398650e+06 +6.12143730e+06  2.55e+03   3.23e+01     1.18e-03   2433.356s
5048000 +6.12389221e+06 +6.12143117e+06  2.46e+03   3.22e+01     1.18e-03   2433.835s
5049000 +6.12397934e+06 +6.12142550e+06  2.55e+03   3.23e+01     1.18e-03   2434.314s
5050000 +6.12394750e+06 +6.12141936e+06  2.53e+03   3.23e+01     1.18e-03   2434.793s
5051000 +6.12396517e+06 +6.12141394e+06  2.55e+03   3.24e+01     1.18e-03   2435.272s
5052000 +6.12396970e+06 +6.12140852e+06  2.56e+03   3.24e+01     1.18e-03   2435.751s
5053000 +6.12393134e+06 +6.12140302e+06  2.53e+03   3.23e+01     1.18e-03   2436.229s
5054000 +6.12392315e+06 +6.12139767e+06  2.53e+03   3.22e+01     1.18e-03   2436.708s
5055000 +6.12393844e+06 +6.12139305e+06  2.55e+03   3.22e+01     1.18e-03   2437.187s
5056000 +6.12395939e+06 +6.12138736e+06  2.57e+03   3.21e+01     1.17e-03   2437.666s
5057000 +6.12396995e+06 +6.12138202e+06  2.59e+03   3.21e+01     1.17e-03   2438.145s
5058000 +6.12397804e+06 +6.12137594e+06  2.60e+03   3.24e+01     1.17e-03   2438.623s
5059000 +6.12395805e+06 +6.12137056e+06  2.59e+03   3.23e+01     1.17e-03   2439.102s
5060000 +6.12392194e+06 +6.12136626e+06  2.56e+03   3.19e+01     1.17e-03   2439.581s
5061000 +6.12394779e+06 +6.12136083e+06  2.59e+03   3.19e+01     1.17e-03   2440.060s
5062000 +6.12397421e+06 +6.12135585e+06  2.62e+03   3.19e+01     1.17e-03   2440.539s
5063000 +6.12390449e+06 +6.12135009e+06  2.55e+03   3.18e+01     1.16e-03   2441.017s
5064000 +6.12389700e+06 +6.12134519e+06  2.55e+03   3.18e+01     1.16e-03   2441.496s
5065000 +6.12381100e+06 +6.12134016e+06  2.47e+03   3.20e+01     1.17e-03   2441.975s
5066000 +6.12379980e+06 +6.12133558e+06  2.46e+03   3.19e+01     1.16e-03   2442.454s
5067000 +6.12380447e+06 +6.12133113e+06  2.47e+03   3.16e+01     1.16e-03   2442.932s
5068000 +6.12380636e+06 +6.12132621e+06  2.48e+03   3.16e+01     1.16e-03   2443.411s
5069000 +6.12386365e+06 +6.12132084e+06  2.54e+03   3.16e+01     1.16e-03   2443.890s
5070000 +6.12391241e+06 +6.12131433e+06  2.60e+03   3.17e+01     1.16e-03   2444.369s
5071000 +6.12388592e+06 +6.12130914e+06  2.58e+03   3.17e+01     1.16e-03   2444.848s
5072000 +6.12385657e+06 +6.12130442e+06  2.55e+03   3.16e+01     1.15e-03   2445.326s
5073000 +6.12384888e+06 +6.12129938e+06  2.55e+03   3.18e+01     1.15e-03   2445.805s
5074000 +6.12381070e+06 +6.12129426e+06  2.52e+03   3.16e+01     1.15e-03   2446.284s
5075000 +6.12377720e+06 +6.12128936e+06  2.49e+03   3.13e+01     1.15e-03   2446.763s
5076000 +6.12381387e+06 +6.12128449e+06  2.53e+03   3.12e+01     1.15e-03   2447.241s
5077000 +6.12381696e+06 +6.12128017e+06  2.54e+03   3.14e+01     1.14e-03   2447.720s
5078000 +6.12379391e+06 +6.12127664e+06  2.52e+03   3.15e+01     1.15e-03   2448.199s
5079000 +6.12378279e+06 +6.12127213e+06  2.51e+03   3.13e+01     1.15e-03   2448.678s
5080000 +6.12379981e+06 +6.12126799e+06  2.53e+03   3.14e+01     1.14e-03   2449.156s
5081000 +6.12378123e+06 +6.12126263e+06  2.52e+03   3.14e+01     1.14e-03   2449.635s
5082000 +6.12377943e+06 +6.12125905e+06  2.52e+03   3.11e+01     1.14e-03   2450.114s
5083000 +6.12375032e+06 +6.12125407e+06  2.50e+03   3.10e+01     1.14e-03   2450.593s
5084000 +6.12377060e+06 +6.12124940e+06  2.52e+03   3.12e+01     1.14e-03   2451.072s
5085000 +6.12375538e+06 +6.12124530e+06  2.51e+03   3.13e+01     1.14e-03   2451.551s
5086000 +6.12371469e+06 +6.12124007e+06  2.47e+03   3.14e+01     1.14e-03   2452.029s
5087000 +6.12370275e+06 +6.12123545e+06  2.47e+03   3.13e+01     1.14e-03   2452.508s
5088000 +6.12370640e+06 +6.12123089e+06  2.48e+03   3.11e+01     1.14e-03   2452.987s
5089000 +6.12363674e+06 +6.12122669e+06  2.41e+03   3.10e+01     1.14e-03   2453.466s
5090000 +6.12368284e+06 +6.12122244e+06  2.46e+03   3.11e+01     1.14e-03   2453.944s
5091000 +6.12366098e+06 +6.12121833e+06  2.44e+03   3.10e+01     1.13e-03   2454.423s
5092000 +6.12360471e+06 +6.12121378e+06  2.39e+03   3.11e+01     1.13e-03   2454.902s
5093000 +6.12361950e+06 +6.12120995e+06  2.41e+03   3.13e+01     1.13e-03   2455.381s
5094000 +6.12364708e+06 +6.12120568e+06  2.44e+03   3.12e+01     1.13e-03   2455.859s
5095000 +6.12356451e+06 +6.12120130e+06  2.36e+03   3.09e+01     1.13e-03   2456.338s
5096000 +6.12359516e+06 +6.12119755e+06  2.40e+03   3.08e+01     1.13e-03   2456.817s
5097000 +6.12356121e+06 +6.12119369e+06  2.37e+03   3.09e+01     1.13e-03   2457.296s
5098000 +6.12361722e+06 +6.12119040e+06  2.43e+03   3.08e+01     1.13e-03   2457.775s
5099000 +6.12362265e+06 +6.12118701e+06  2.44e+03   3.08e+01     1.13e-03   2458.253s
5100000 +6.12358691e+06 +6.12118369e+06  2.40e+03   3.10e+01     1.12e-03   2458.732s
5101000 +6.12356404e+06 +6.12118058e+06  2.38e+03   3.11e+01     1.13e-03   2459.211s
5102000 +6.12354597e+06 +6.12117615e+06  2.37e+03   3.08e+01     1.13e-03   2459.690s
5103000 +6.12351694e+06 +6.12117278e+06  2.34e+03   3.05e+01     1.13e-03   2460.168s
5104000 +6.12354025e+06 +6.12116882e+06  2.37e+03   3.07e+01     1.12e-03   2460.647s
5105000 +6.12355384e+06 +6.12116520e+06  2.39e+03   3.07e+01     1.12e-03   2461.126s
5106000 +6.12357403e+06 +6.12116172e+06  2.41e+03   3.06e+01     1.12e-03   2461.605s
5107000 +6.12366517e+06 +6.12115836e+06  2.51e+03   3.07e+01     1.12e-03   2462.083s
5108000 +6.12360767e+06 +6.12115517e+06  2.45e+03   3.08e+01     1.12e-03   2462.562s
5109000 +6.12359122e+06 +6.12115146e+06  2.44e+03   3.06e+01     1.12e-03   2463.041s
5110000 +6.12358313e+06 +6.12114785e+06  2.44e+03   3.03e+01     1.12e-03   2463.520s
5111000 +6.12365772e+06 +6.12114480e+06  2.51e+03   3.04e+01     1.12e-03   2463.999s
5112000 +6.12360264e+06 +6.12114186e+06  2.46e+03   3.05e+01     1.11e-03   2464.477s
5113000 +6.12360613e+06 +6.12113801e+06  2.47e+03   3.05e+01     1.11e-03   2464.956s
5114000 +6.12361354e+06 +6.12113513e+06  2.48e+03   3.04e+01     1.11e-03   2465.435s
5115000 +6.12359832e+06 +6.12113250e+06  2.47e+03   3.03e+01     1.11e-03   2465.914s
5116000 +6.12362379e+06 +6.12112920e+06  2.49e+03   3.03e+01     1.11e-03   2466.393s
5117000 +6.12360637e+06 +6.12112538e+06  2.48e+03   3.02e+01     1.11e-03   2466.871s
5118000 +6.12361943e+06 +6.12112257e+06  2.50e+03   3.00e+01     1.11e-03   2467.350s
5119000 +6.12359169e+06 +6.12112053e+06  2.47e+03   3.00e+01     1.10e-03   2467.829s
5120000 +6.12357159e+06 +6.12111784e+06  2.45e+03   3.02e+01     1.10e-03   2468.307s
5121000 +6.12362658e+06 +6.12111621e+06  2.51e+03   3.02e+01     1.10e-03   2468.786s
5122000 +6.12353051e+06 +6.12111354e+06  2.42e+03   3.00e+01     1.10e-03   2469.265s
5123000 +6.12354128e+06 +6.12111230e+06  2.43e+03   3.00e+01     1.10e-03   2469.744s
5124000 +6.12353588e+06 +6.12110977e+06  2.43e+03   3.00e+01     1.09e-03   2470.223s
5125000 +6.12350948e+06 +6.12110815e+06  2.40e+03   2.97e+01     1.09e-03   2470.702s
5126000 +6.12349865e+06 +6.12110535e+06  2.39e+03   2.97e+01     1.09e-03   2471.180s
5127000 +6.12353244e+06 +6.12110375e+06  2.43e+03   2.99e+01     1.09e-03   2471.659s
5128000 +6.12355055e+06 +6.12110065e+06  2.45e+03   3.00e+01     1.09e-03   2472.138s
5129000 +6.12355243e+06 +6.12109723e+06  2.46e+03   2.98e+01     1.09e-03   2472.616s
5130000 +6.12354367e+06 +6.12109435e+06  2.45e+03   2.97e+01     1.09e-03   2473.095s
5131000 +6.12349616e+06 +6.12109140e+06  2.40e+03   2.97e+01     1.09e-03   2473.574s
5132000 +6.12343135e+06 +6.12108902e+06  2.34e+03   2.96e+01     1.08e-03   2474.053s
5133000 +6.12343620e+06 +6.12108583e+06  2.35e+03   2.95e+01     1.08e-03   2474.532s
5134000 +6.12344515e+06 +6.12108353e+06  2.36e+03   2.95e+01     1.08e-03   2475.010s
5135000 +6.12347576e+06 +6.12108022e+06  2.40e+03   2.98e+01     1.08e-03   2475.489s
5136000 +6.12342082e+06 +6.12107836e+06  2.34e+03   2.97e+01     1.08e-03   2475.968s
5137000 +6.12339948e+06 +6.12107576e+06  2.32e+03   2.95e+01     1.08e-03   2476.447s
5138000 +6.12338111e+06 +6.12107364e+06  2.31e+03   2.93e+01     1.08e-03   2476.926s
5139000 +6.12335691e+06 +6.12107136e+06  2.29e+03   2.94e+01     1.07e-03   2477.404s
5140000 +6.12328698e+06 +6.12106936e+06  2.22e+03   2.94e+01     1.07e-03   2477.883s
5141000 +6.12332115e+06 +6.12106688e+06  2.25e+03   2.92e+01     1.07e-03   2478.362s
5142000 +6.12330775e+06 +6.12106482e+06  2.24e+03   2.93e+01     1.07e-03   2478.840s
5143000 +6.12328253e+06 +6.12106260e+06  2.22e+03   2.95e+01     1.07e-03   2479.319s
5144000 +6.12325685e+06 +6.12106011e+06  2.20e+03   2.92e+01     1.06e-03   2479.798s
5145000 +6.12326091e+06 +6.12105737e+06  2.20e+03   2.89e+01     1.07e-03   2480.277s
5146000 +6.12327610e+06 +6.12105502e+06  2.22e+03   2.91e+01     1.07e-03   2480.756s
5147000 +6.12326062e+06 +6.12105230e+06  2.21e+03   2.92e+01     1.06e-03   2481.235s
5148000 +6.12321860e+06 +6.12104952e+06  2.17e+03   2.90e+01     1.06e-03   2481.713s
5149000 +6.12320950e+06 +6.12104812e+06  2.16e+03   2.89e+01     1.06e-03   2482.192s
5150000 +6.12320525e+06 +6.12104656e+06  2.16e+03   2.90e+01     1.05e-03   2482.671s
5151000 +6.12315301e+06 +6.12104369e+06  2.11e+03   2.90e+01     1.06e-03   2483.150s
5152000 +6.12319742e+06 +6.12104109e+06  2.16e+03   2.88e+01     1.05e-03   2483.629s
5153000 +6.12316844e+06 +6.12103867e+06  2.13e+03   2.86e+01     1.05e-03   2484.107s
5154000 +6.12311400e+06 +6.12103634e+06  2.08e+03   2.87e+01     1.05e-03   2484.586s
5155000 +6.12311179e+06 +6.12103352e+06  2.08e+03   2.87e+01     1.04e-03   2485.065s
5156000 +6.12310406e+06 +6.12103183e+06  2.07e+03   2.87e+01     1.04e-03   2485.543s
5157000 +6.12309978e+06 +6.12102886e+06  2.07e+03   2.85e+01     1.04e-03   2486.022s
5158000 +6.12306039e+06 +6.12102693e+06  2.03e+03   2.86e+01     1.04e-03   2486.501s
5159000 +6.12309197e+06 +6.12102502e+06  2.07e+03   2.85e+01     1.04e-03   2486.980s
5160000 +6.12311516e+06 +6.12102287e+06  2.09e+03   2.82e+01     1.04e-03   2487.459s
5161000 +6.12313701e+06 +6.12102117e+06  2.12e+03   2.82e+01     1.04e-03   2487.938s
5162000 +6.12309442e+06 +6.12101874e+06  2.08e+03   2.85e+01     1.04e-03   2488.416s
5163000 +6.12308886e+06 +6.12101712e+06  2.07e+03   2.85e+01     1.03e-03   2488.895s
5164000 +6.12312313e+06 +6.12101481e+06  2.11e+03   2.83e+01     1.04e-03   2489.374s
5165000 +6.12310618e+06 +6.12101273e+06  2.09e+03   2.83e+01     1.03e-03   2489.853s
5166000 +6.12308036e+06 +6.12101085e+06  2.07e+03   2.84e+01     1.03e-03   2490.332s
5167000 +6.12310794e+06 +6.12100875e+06  2.10e+03   2.82e+01     1.04e-03   2490.810s
5168000 +6.12318958e+06 +6.12100770e+06  2.18e+03   2.81e+01     1.04e-03   2491.289s
5169000 +6.12313254e+06 +6.12100561e+06  2.13e+03   2.83e+01     1.03e-03   2491.768s
5170000 +6.12314520e+06 +6.12100411e+06  2.14e+03   2.84e+01     1.03e-03   2492.247s
5171000 +6.12311161e+06 +6.12100336e+06  2.11e+03   2.83e+01     1.03e-03   2492.726s
5172000 +6.12315400e+06 +6.12100106e+06  2.15e+03   2.82e+01     1.03e-03   2493.204s
5173000 +6.12317688e+06 +6.12099988e+06  2.18e+03   2.81e+01     1.03e-03   2493.683s
5174000 +6.12315922e+06 +6.12099835e+06  2.16e+03   2.81e+01     1.02e-03   2494.162s
5175000 +6.12314842e+06 +6.12099601e+06  2.15e+03   2.80e+01     1.03e-03   2494.641s
5176000 +6.12318737e+06 +6.12099451e+06  2.19e+03   2.81e+01     1.03e-03   2495.119s
5177000 +6.12322931e+06 +6.12099272e+06  2.24e+03   2.83e+01     1.03e-03   2495.598s
5178000 +6.12315237e+06 +6.12099107e+06  2.16e+03   2.82e+01     1.02e-03   2496.077s
5179000 +6.12315450e+06 +6.12098915e+06  2.17e+03   2.80e+01     1.02e-03   2496.556s
5180000 +6.12312851e+06 +6.12098772e+06  2.14e+03   2.79e+01     1.02e-03   2497.035s
5181000 +6.12313466e+06 +6.12098596e+06  2.15e+03   2.78e+01     1.02e-03   2497.514s
5182000 +6.12312701e+06 +6.12098382e+06  2.14e+03   2.80e+01     1.02e-03   2497.993s
5183000 +6.12309122e+06 +6.12098255e+06  2.11e+03   2.79e+01     1.02e-03   2498.471s
5184000 +6.12309681e+06 +6.12098080e+06  2.12e+03   2.79e+01     1.02e-03   2498.950s
5185000 +6.12312886e+06 +6.12097963e+06  2.15e+03   2.81e+01     1.02e-03   2499.429s
5186000 +6.12313079e+06 +6.12097818e+06  2.15e+03   2.81e+01     1.02e-03   2499.907s
5187000 +6.12311789e+06 +6.12097623e+06  2.14e+03   2.77e+01     1.02e-03   2500.386s
5188000 +6.12311393e+06 +6.12097375e+06  2.14e+03   2.77e+01     1.02e-03   2500.865s
5189000 +6.12305169e+06 +6.12097219e+06  2.08e+03   2.78e+01     1.02e-03   2501.344s
5190000 +6.12303384e+06 +6.12097088e+06  2.06e+03   2.78e+01     1.02e-03   2501.823s
5191000 +6.12301498e+06 +6.12096937e+06  2.05e+03   2.77e+01     1.01e-03   2502.301s
5192000 +6.12302003e+06 +6.12096712e+06  2.05e+03   2.76e+01     1.01e-03   2502.780s
5193000 +6.12300195e+06 +6.12096527e+06  2.04e+03   2.78e+01     1.01e-03   2503.259s
5194000 +6.12302824e+06 +6.12096350e+06  2.06e+03   2.77e+01     1.01e-03   2503.738s
5195000 +6.12305563e+06 +6.12096153e+06  2.09e+03   2.74e+01     1.01e-03   2504.217s
5196000 +6.12304693e+06 +6.12095991e+06  2.09e+03   2.75e+01     1.01e-03   2504.696s
5197000 +6.12304355e+06 +6.12095778e+06  2.09e+03   2.78e+01     1.01e-03   2505.174s
5198000 +6.12298484e+06 +6.12095643e+06  2.03e+03   2.76e+01     1.01e-03   2505.653s
5199000 +6.12298184e+06 +6.12095449e+06  2.03e+03   2.75e+01     1.01e-03   2506.132s
5200000 +6.12293954e+06 +6.12095317e+06  1.99e+03   2.76e+01     1.01e-03   2506.611s
5201000 +6.12293406e+06 +6.12095188e+06  1.98e+03   2.77e+01     1.01e-03   2507.090s
5202000 +6.12296315e+06 +6.12094990e+06  2.01e+03   2.74e+01     1.01e-03   2507.569s
5203000 +6.12293985e+06 +6.12094862e+06  1.99e+03   2.73e+01     1.01e-03   2508.047s
5204000 +6.12290440e+06 +6.12094749e+06  1.96e+03   2.75e+01     1.01e-03   2508.526s
5205000 +6.12286837e+06 +6.12094619e+06  1.92e+03   2.76e+01     1.00e-03   2509.005s
5206000 +6.12284720e+06 +6.12094480e+06  1.90e+03   2.75e+01     1.00e-03   2509.484s
5207000 +6.12284291e+06 +6.12094338e+06  1.90e+03   2.74e+01     1.00e-03   2509.962s
5208000 +6.12284687e+06 +6.12094175e+06  1.91e+03   2.74e+01     9.99e-04   2510.441s
5209000 +6.12281996e+06 +6.12093958e+06  1.88e+03   2.73e+01     9.96e-04   2510.920s
5210000 +6.12285308e+06 +6.12093783e+06  1.92e+03   2.71e+01     9.97e-04   2511.399s
5211000 +6.12283273e+06 +6.12093560e+06  1.90e+03   2.72e+01     9.97e-04   2511.878s
5212000 +6.12279528e+06 +6.12093369e+06  1.86e+03   2.75e+01     9.94e-04   2512.356s
5213000 +6.12279591e+06 +6.12093189e+06  1.86e+03   2.75e+01     9.91e-04   2512.835s
5214000 +6.12285337e+06 +6.12093047e+06  1.92e+03   2.72e+01     9.93e-04   2513.314s
5215000 +6.12283809e+06 +6.12092916e+06  1.91e+03   2.70e+01     9.88e-04   2513.793s
5216000 +6.12279724e+06 +6.12092824e+06  1.87e+03   2.71e+01     9.87e-04   2514.272s
5217000 +6.12279130e+06 +6.12092709e+06  1.86e+03   2.71e+01     9.85e-04   2514.750s
5218000 +6.12275318e+06 +6.12092563e+06  1.83e+03   2.70e+01     9.85e-04   2515.229s
5219000 +6.12275176e+06 +6.12092359e+06  1.83e+03   2.71e+01     9.86e-04   2515.708s
5220000 +6.12273501e+06 +6.12092143e+06  1.81e+03   2.72e+01     9.80e-04   2516.187s
5221000 +6.12274011e+06 +6.12092112e+06  1.82e+03   2.71e+01     9.78e-04   2516.666s
5222000 +6.12268866e+06 +6.12091918e+06  1.77e+03   2.68e+01     9.79e-04   2517.144s
5223000 +6.12266621e+06 +6.12091677e+06  1.75e+03   2.67e+01     9.74e-04   2517.623s
5224000 +6.12269269e+06 +6.12091454e+06  1.78e+03   2.69e+01     9.75e-04   2518.102s
5225000 +6.12270347e+06 +6.12091264e+06  1.79e+03   2.69e+01     9.79e-04   2518.581s
5226000 +6.12268918e+06 +6.12091037e+06  1.78e+03   2.68e+01     9.75e-04   2519.060s
5227000 +6.12266369e+06 +6.12090848e+06  1.76e+03   2.69e+01     9.75e-04   2519.538s
5228000 +6.12266823e+06 +6.12090772e+06  1.76e+03   2.71e+01     9.75e-04   2520.017s
5229000 +6.12271565e+06 +6.12090522e+06  1.81e+03   2.68e+01     9.71e-04   2520.496s
5230000 +6.12268868e+06 +6.12090324e+06  1.79e+03   2.65e+01     9.70e-04   2520.975s
5231000 +6.12273148e+06 +6.12090214e+06  1.83e+03   2.66e+01     9.73e-04   2521.454s
5232000 +6.12267125e+06 +6.12090074e+06  1.77e+03   2.67e+01     9.67e-04   2521.933s
5233000 +6.12266925e+06 +6.12089893e+06  1.77e+03   2.67e+01     9.64e-04   2522.412s
5234000 +6.12267955e+06 +6.12089744e+06  1.78e+03   2.67e+01     9.67e-04   2522.890s
5235000 +6.12268620e+06 +6.12089593e+06  1.79e+03   2.68e+01     9.64e-04   2523.370s
5236000 +6.12274975e+06 +6.12089390e+06  1.86e+03   2.67e+01     9.65e-04   2523.848s
5237000 +6.12275337e+06 +6.12089198e+06  1.86e+03   2.64e+01     9.68e-04   2524.327s
5238000 +6.12272516e+06 +6.12089013e+06  1.84e+03   2.63e+01     9.65e-04   2524.806s
5239000 +6.12271038e+06 +6.12088880e+06  1.82e+03   2.66e+01     9.66e-04   2525.285s
5240000 +6.12265984e+06 +6.12088662e+06  1.77e+03   2.66e+01     9.63e-04   2525.764s
5241000 +6.12269578e+06 +6.12088458e+06  1.81e+03   2.67e+01     9.65e-04   2526.243s
5242000 +6.12269045e+06 +6.12088249e+06  1.81e+03   2.67e+01     9.68e-04   2526.722s
5243000 +6.12262319e+06 +6.12088114e+06  1.74e+03   2.66e+01     9.65e-04   2527.200s
5244000 +6.12263304e+06 +6.12087934e+06  1.75e+03   2.65e+01     9.62e-04   2527.679s
5245000 +6.12268084e+06 +6.12087663e+06  1.80e+03   2.63e+01     9.63e-04   2528.158s
5246000 +6.12264686e+06 +6.12087481e+06  1.77e+03   2.64e+01     9.62e-04   2528.637s
5247000 +6.12265802e+06 +6.12087280e+06  1.79e+03   2.66e+01     9.61e-04   2529.116s
5248000 +6.12266544e+06 +6.12087157e+06  1.79e+03   2.67e+01     9.62e-04   2529.594s
5249000 +6.12262689e+06 +6.12086962e+06  1.76e+03   2.66e+01     9.63e-04   2530.073s
5250000 +6.12265237e+06 +6.12086805e+06  1.78e+03   2.64e+01     9.60e-04   2530.552s
5251000 +6.12262992e+06 +6.12086645e+06  1.76e+03   2.62e+01     9.58e-04   2531.031s
5252000 +6.12263845e+06 +6.12086489e+06  1.77e+03   2.62e+01     9.56e-04   2531.510s
5253000 +6.12264581e+06 +6.12086291e+06  1.78e+03   2.63e+01     9.59e-04   2531.989s
5254000 +6.12263333e+06 +6.12086064e+06  1.77e+03   2.64e+01     9.59e-04   2532.467s
5255000 +6.12262212e+06 +6.12085946e+06  1.76e+03   2.65e+01     9.56e-04   2532.946s
5256000 +6.12261436e+06 +6.12085773e+06  1.76e+03   2.66e+01     9.56e-04   2533.425s
5257000 +6.12266475e+06 +6.12085620e+06  1.81e+03   2.63e+01     9.61e-04   2533.904s
5258000 +6.12263408e+06 +6.12085427e+06  1.78e+03   2.61e+01     9.57e-04   2534.383s
5259000 +6.12265430e+06 +6.12085235e+06  1.80e+03   2.62e+01     9.54e-04   2534.861s
5260000 +6.12259420e+06 +6.12085031e+06  1.74e+03   2.63e+01     9.56e-04   2535.340s
5261000 +6.12264540e+06 +6.12084836e+06  1.80e+03   2.63e+01     9.55e-04   2535.819s
5262000 +6.12265926e+06 +6.12084738e+06  1.81e+03   2.65e+01     9.55e-04   2536.298s
5263000 +6.12264765e+06 +6.12084526e+06  1.80e+03   2.64e+01     9.52e-04   2536.776s
5264000 +6.12261357e+06 +6.12084329e+06  1.77e+03   2.62e+01     9.52e-04   2537.255s
5265000 +6.12262238e+06 +6.12084158e+06  1.78e+03   2.61e+01     9.52e-04   2537.734s
5266000 +6.12261974e+06 +6.12083968e+06  1.78e+03   2.62e+01     9.52e-04   2538.212s
5267000 +6.12260525e+06 +6.12083772e+06  1.77e+03   2.63e+01     9.53e-04   2538.691s
5268000 +6.12268960e+06 +6.12083490e+06  1.85e+03   2.64e+01     9.55e-04   2539.170s
5269000 +6.12266578e+06 +6.12083302e+06  1.83e+03   2.64e+01     9.54e-04   2539.649s
5270000 +6.12263847e+06 +6.12083144e+06  1.81e+03   2.63e+01     9.51e-04   2540.127s
5271000 +6.12266088e+06 +6.12083025e+06  1.83e+03   2.62e+01     9.52e-04   2540.606s
5272000 +6.12266289e+06 +6.12082846e+06  1.83e+03   2.61e+01     9.54e-04   2541.085s
5273000 +6.12266757e+06 +6.12082619e+06  1.84e+03   2.61e+01     9.50e-04   2541.564s
5274000 +6.12264882e+06 +6.12082457e+06  1.82e+03   2.62e+01     9.51e-04   2542.043s
5275000 +6.12259887e+06 +6.12082321e+06  1.78e+03   2.64e+01     9.52e-04   2542.522s
5276000 +6.12263434e+06 +6.12082198e+06  1.81e+03   2.63e+01     9.51e-04   2543.000s
5277000 +6.12258755e+06 +6.12082040e+06  1.77e+03   2.61e+01     9.48e-04   2543.479s
5278000 +6.12260883e+06 +6.12081895e+06  1.79e+03   2.61e+01     9.46e-04   2543.958s
5279000 +6.12257117e+06 +6.12081776e+06  1.75e+03   2.61e+01     9.44e-04   2544.437s
5280000 +6.12257808e+06 +6.12081594e+06  1.76e+03   2.58e+01     9.44e-04   2544.916s
5281000 +6.12255713e+06 +6.12081407e+06  1.74e+03   2.59e+01     9.43e-04   2545.394s
5282000 +6.12258725e+06 +6.12081264e+06  1.77e+03   2.63e+01     9.42e-04   2545.873s
5283000 +6.12256191e+06 +6.12081123e+06  1.75e+03   2.61e+01     9.42e-04   2546.352s
5284000 +6.12257296e+06 +6.12080940e+06  1.76e+03   2.59e+01     9.40e-04   2546.831s
5285000 +6.12259695e+06 +6.12080775e+06  1.79e+03   2.59e+01     9.39e-04   2547.310s
5286000 +6.12255965e+06 +6.12080619e+06  1.75e+03   2.59e+01     9.41e-04   2547.789s
5287000 +6.12260609e+06 +6.12080413e+06  1.80e+03   2.58e+01     9.44e-04   2548.268s
5288000 +6.12261796e+06 +6.12080191e+06  1.82e+03   2.60e+01     9.43e-04   2548.747s
5289000 +6.12262647e+06 +6.12079967e+06  1.83e+03   2.61e+01     9.45e-04   2549.225s
5290000 +6.12263727e+06 +6.12079797e+06  1.84e+03   2.62e+01     9.45e-04   2549.704s
5291000 +6.12259774e+06 +6.12079611e+06  1.80e+03   2.60e+01     9.43e-04   2550.183s
5292000 +6.12260776e+06 +6.12079498e+06  1.81e+03   2.59e+01     9.45e-04   2550.662s
5293000 +6.12260950e+06 +6.12079360e+06  1.82e+03   2.59e+01     9.45e-04   2551.141s
5294000 +6.12264412e+06 +6.12079041e+06  1.85e+03   2.60e+01     9.45e-04   2551.620s
5295000 +6.12262061e+06 +6.12078860e+06  1.83e+03   2.60e+01     9.45e-04   2552.099s
5296000 +6.12265814e+06 +6.12078657e+06  1.87e+03   2.59e+01     9.45e-04   2552.577s
5297000 +6.12267616e+06 +6.12078476e+06  1.89e+03   2.61e+01     9.45e-04   2553.056s
5298000 +6.12268859e+06 +6.12078271e+06  1.91e+03   2.61e+01     9.44e-04   2553.535s
5299000 +6.12269329e+06 +6.12078119e+06  1.91e+03   2.59e+01     9.45e-04   2554.014s
5300000 +6.12269580e+06 +6.12077958e+06  1.92e+03   2.58e+01     9.44e-04   2554.493s
5301000 +6.12267436e+06 +6.12077753e+06  1.90e+03   2.59e+01     9.43e-04   2554.972s
5302000 +6.12267572e+06 +6.12077556e+06  1.90e+03   2.59e+01     9.41e-04   2555.451s
5303000 +6.12267275e+06 +6.12077439e+06  1.90e+03   2.59e+01     9.40e-04   2555.929s
5304000 +6.12271999e+06 +6.12077248e+06  1.95e+03   2.60e+01     9.42e-04   2556.408s
5305000 +6.12266783e+06 +6.12077039e+06  1.90e+03   2.60e+01     9.41e-04   2556.887s
5306000 +6.12271762e+06 +6.12076850e+06  1.95e+03   2.59e+01     9.40e-04   2557.366s
5307000 +6.12271983e+06 +6.12076701e+06  1.95e+03   2.57e+01     9.43e-04   2557.844s
5308000 +6.12272977e+06 +6.12076520e+06  1.96e+03   2.58e+01     9.44e-04   2558.323s
5309000 +6.12274957e+06 +6.12076365e+06  1.99e+03   2.60e+01     9.43e-04   2558.802s
5310000 +6.12277118e+06 +6.12076135e+06  2.01e+03   2.61e+01     9.45e-04   2559.281s
5311000 +6.12277524e+06 +6.12075985e+06  2.02e+03   2.61e+01     9.46e-04   2559.759s
5312000 +6.12277948e+06 +6.12075832e+06  2.02e+03   2.60e+01     9.44e-04   2560.238s
5313000 +6.12279112e+06 +6.12075714e+06  2.03e+03   2.60e+01     9.46e-04   2560.717s
5314000 +6.12277441e+06 +6.12075531e+06  2.02e+03   2.59e+01     9.47e-04   2561.196s
5315000 +6.12274167e+06 +6.12075396e+06  1.99e+03   2.59e+01     9.48e-04   2561.675s
5316000 +6.12275956e+06 +6.12075196e+06  2.01e+03   2.61e+01     9.48e-04   2562.153s
5317000 +6.12277882e+06 +6.12074980e+06  2.03e+03   2.62e+01     9.46e-04   2562.632s
5318000 +6.12278530e+06 +6.12074777e+06  2.04e+03   2.61e+01     9.49e-04   2563.111s
5319000 +6.12278814e+06 +6.12074604e+06  2.04e+03   2.60e+01     9.49e-04   2563.590s
5320000 +6.12278988e+06 +6.12074397e+06  2.05e+03   2.61e+01     9.47e-04   2564.068s
5321000 +6.12275885e+06 +6.12074199e+06  2.02e+03   2.60e+01     9.49e-04   2564.547s
5322000 +6.12276196e+06 +6.12074070e+06  2.02e+03   2.59e+01     9.50e-04   2565.026s
5323000 +6.12282221e+06 +6.12073922e+06  2.08e+03   2.61e+01     9.49e-04   2565.505s
5324000 +6.12280471e+06 +6.12073756e+06  2.07e+03   2.61e+01     9.49e-04   2565.983s
5325000 +6.12281452e+06 +6.12073559e+06  2.08e+03   2.61e+01     9.50e-04   2566.462s
5326000 +6.12276490e+06 +6.12073349e+06  2.03e+03   2.61e+01     9.45e-04   2566.941s
5327000 +6.12275582e+06 +6.12073134e+06  2.02e+03   2.60e+01     9.45e-04   2567.420s
5328000 +6.12274099e+06 +6.12072986e+06  2.01e+03   2.58e+01     9.47e-04   2567.898s
5329000 +6.12270135e+06 +6.12072803e+06  1.97e+03   2.59e+01     9.44e-04   2568.377s
5330000 +6.12267591e+06 +6.12072594e+06  1.95e+03   2.61e+01     9.47e-04   2568.856s
5331000 +6.12269072e+06 +6.12072338e+06  1.97e+03   2.61e+01     9.49e-04   2569.335s
5332000 +6.12269165e+06 +6.12072124e+06  1.97e+03   2.62e+01     9.43e-04   2569.814s
5333000 +6.12267943e+06 +6.12071900e+06  1.96e+03   2.62e+01     9.44e-04   2570.293s
5334000 +6.12266740e+06 +6.12071662e+06  1.95e+03   2.59e+01     9.46e-04   2570.772s
5335000 +6.12270236e+06 +6.12071484e+06  1.99e+03   2.58e+01     9.44e-04   2571.250s
5336000 +6.12267346e+06 +6.12071318e+06  1.96e+03   2.59e+01     9.43e-04   2571.729s
5337000 +6.12264289e+06 +6.12071045e+06  1.93e+03   2.60e+01     9.46e-04   2572.208s
5338000 +6.12266099e+06 +6.12070913e+06  1.95e+03   2.62e+01     9.46e-04   2572.687s
5339000 +6.12269059e+06 +6.12070744e+06  1.98e+03   2.63e+01     9.45e-04   2573.165s
5340000 +6.12270258e+06 +6.12070520e+06  2.00e+03   2.61e+01     9.48e-04   2573.645s
5341000 +6.12272261e+06 +6.12070323e+06  2.02e+03   2.60e+01     9.54e-04   2574.123s
5342000 +6.12269709e+06 +6.12070072e+06  2.00e+03   2.59e+01     9.49e-04   2574.602s
5343000 +6.12275748e+06 +6.12069928e+06  2.06e+03   2.60e+01     9.49e-04   2575.081s
5344000 +6.12270440e+06 +6.12069764e+06  2.01e+03   2.60e+01     9.49e-04   2575.560s
5345000 +6.12273023e+06 +6.12069551e+06  2.03e+03   2.61e+01     9.49e-04   2576.039s
5346000 +6.12273788e+06 +6.12069366e+06  2.04e+03   2.62e+01     9.47e-04   2576.518s
5347000 +6.12273711e+06 +6.12069151e+06  2.05e+03   2.60e+01     9.47e-04   2576.997s
5348000 +6.12270938e+06 +6.12068900e+06  2.02e+03   2.59e+01     9.48e-04   2577.476s
5349000 +6.12268646e+06 +6.12068707e+06  2.00e+03   2.59e+01     9.45e-04   2577.955s
5350000 +6.12270515e+06 +6.12068523e+06  2.02e+03   2.59e+01     9.45e-04   2578.433s
5351000 +6.12266923e+06 +6.12068359e+06  1.99e+03   2.59e+01     9.47e-04   2578.912s
5352000 +6.12267149e+06 +6.12068155e+06  1.99e+03   2.61e+01     9.46e-04   2579.391s
5353000 +6.12267892e+06 +6.12067986e+06  2.00e+03   2.61e+01     9.43e-04   2579.870s
5354000 +6.12262091e+06 +6.12067789e+06  1.94e+03   2.60e+01     9.43e-04   2580.349s
5355000 +6.12264891e+06 +6.12067571e+06  1.97e+03   2.59e+01     9.41e-04   2580.828s
5356000 +6.12259291e+06 +6.12067396e+06  1.92e+03   2.57e+01     9.40e-04   2581.306s
5357000 +6.12262850e+06 +6.12067148e+06  1.96e+03   2.57e+01     9.41e-04   2581.785s
5358000 +6.12265759e+06 +6.12066939e+06  1.99e+03   2.60e+01     9.41e-04   2582.264s
5359000 +6.12270838e+06 +6.12066716e+06  2.04e+03   2.60e+01     9.43e-04   2582.743s
5360000 +6.12271620e+06 +6.12066520e+06  2.05e+03   2.60e+01     9.45e-04   2583.222s
5361000 +6.12270202e+06 +6.12066344e+06  2.04e+03   2.60e+01     9.41e-04   2583.701s
5362000 +6.12269744e+06 +6.12066164e+06  2.04e+03   2.58e+01     9.41e-04   2584.180s
5363000 +6.12270605e+06 +6.12065998e+06  2.05e+03   2.57e+01     9.44e-04   2584.658s
5364000 +6.12272072e+06 +6.12065846e+06  2.06e+03   2.59e+01     9.44e-04   2585.137s
5365000 +6.12275248e+06 +6.12065664e+06  2.10e+03   2.61e+01     9.45e-04   2585.616s
5366000 +6.12269316e+06 +6.12065536e+06  2.04e+03   2.59e+01     9.46e-04   2586.095s
5367000 +6.12267785e+06 +6.12065361e+06  2.02e+03   2.59e+01     9.43e-04   2586.574s
5368000 +6.12267279e+06 +6.12065216e+06  2.02e+03   2.60e+01     9.42e-04   2587.053s
5369000 +6.12271337e+06 +6.12065029e+06  2.06e+03   2.59e+01     9.45e-04   2587.531s
5370000 +6.12267812e+06 +6.12064878e+06  2.03e+03   2.58e+01     9.44e-04   2588.010s
5371000 +6.12275387e+06 +6.12064695e+06  2.11e+03   2.60e+01     9.44e-04   2588.489s
5372000 +6.12275159e+06 +6.12064481e+06  2.11e+03   2.60e+01     9.46e-04   2588.968s
5373000 +6.12275826e+06 +6.12064299e+06  2.12e+03   2.59e+01     9.48e-04   2589.447s
5374000 +6.12274338e+06 +6.12064078e+06  2.10e+03   2.60e+01     9.47e-04   2589.925s
5375000 +6.12270834e+06 +6.12063883e+06  2.07e+03   2.60e+01     9.46e-04   2590.404s
5376000 +6.12265785e+06 +6.12063688e+06  2.02e+03   2.59e+01     9.43e-04   2590.883s
5377000 +6.12266776e+06 +6.12063511e+06  2.03e+03   2.59e+01     9.41e-04   2591.362s
5378000 +6.12265478e+06 +6.12063303e+06  2.02e+03   2.58e+01     9.41e-04   2591.841s
5379000 +6.12264933e+06 +6.12063139e+06  2.02e+03   2.57e+01     9.42e-04   2592.320s
5380000 +6.12268802e+06 +6.12062982e+06  2.06e+03   2.59e+01     9.42e-04   2592.799s
5381000 +6.12268555e+06 +6.12062802e+06  2.06e+03   2.61e+01     9.41e-04   2593.278s
5382000 +6.12270910e+06 +6.12062645e+06  2.08e+03   2.59e+01     9.42e-04   2593.756s
5383000 +6.12269833e+06 +6.12062473e+06  2.07e+03   2.57e+01     9.41e-04   2594.235s
5384000 +6.12265818e+06 +6.12062288e+06  2.04e+03   2.58e+01     9.40e-04   2594.714s
5385000 +6.12270179e+06 +6.12062084e+06  2.08e+03   2.58e+01     9.40e-04   2595.193s
5386000 +6.12270117e+06 +6.12061838e+06  2.08e+03   2.57e+01     9.42e-04   2595.672s
5387000 +6.12265135e+06 +6.12061635e+06  2.03e+03   2.59e+01     9.38e-04   2596.150s
5388000 +6.12264085e+06 +6.12061439e+06  2.03e+03   2.60e+01     9.37e-04   2596.629s
5389000 +6.12264472e+06 +6.12061250e+06  2.03e+03   2.58e+01     9.40e-04   2597.108s
5390000 +6.12264581e+06 +6.12061067e+06  2.04e+03   2.57e+01     9.39e-04   2597.587s
5391000 +6.12261239e+06 +6.12060898e+06  2.00e+03   2.58e+01     9.37e-04   2598.066s
5392000 +6.12260993e+06 +6.12060676e+06  2.00e+03   2.57e+01     9.38e-04   2598.544s
5393000 +6.12260941e+06 +6.12060503e+06  2.00e+03   2.57e+01     9.37e-04   2599.023s
5394000 +6.12264603e+06 +6.12060341e+06  2.04e+03   2.58e+01     9.35e-04   2599.502s
5395000 +6.12266841e+06 +6.12060147e+06  2.07e+03   2.57e+01     9.40e-04   2599.981s
5396000 +6.12264911e+06 +6.12059980e+06  2.05e+03   2.58e+01     9.39e-04   2600.460s
5397000 +6.12266418e+06 +6.12059780e+06  2.07e+03   2.59e+01     9.36e-04   2600.939s
5398000 +6.12265205e+06 +6.12059633e+06  2.06e+03   2.57e+01     9.38e-04   2601.417s
5399000 +6.12262819e+06 +6.12059458e+06  2.03e+03   2.56e+01     9.38e-04   2601.896s
5400000 +6.12265952e+06 +6.12059299e+06  2.07e+03   2.59e+01     9.39e-04   2602.375s
5401000 +6.12262442e+06 +6.12059128e+06  2.03e+03   2.57e+01     9.38e-04   2602.854s
5402000 +6.12261886e+06 +6.12058836e+06  2.03e+03   2.57e+01     9.41e-04   2603.333s
5403000 +6.12261463e+06 +6.12058631e+06  2.03e+03   2.59e+01     9.38e-04   2603.812s
5404000 +6.12259642e+06 +6.12058439e+06  2.01e+03   2.60e+01     9.38e-04   2604.290s
5405000 +6.12259606e+06 +6.12058194e+06  2.01e+03   2.57e+01     9.41e-04   2604.769s
5406000 +6.12261761e+06 +6.12058001e+06  2.04e+03   2.57e+01     9.40e-04   2605.248s
5407000 +6.12261842e+06 +6.12057811e+06  2.04e+03   2.58e+01     9.38e-04   2605.727s
5408000 +6.12263955e+06 +6.12057592e+06  2.06e+03   2.58e+01     9.40e-04   2606.206s
5409000 +6.12260065e+06 +6.12057402e+06  2.03e+03   2.58e+01     9.38e-04   2606.685s
5410000 +6.12256284e+06 +6.12057220e+06  1.99e+03   2.57e+01     9.35e-04   2607.164s
5411000 +6.12259142e+06 +6.12057048e+06  2.02e+03   2.57e+01     9.37e-04   2607.643s
5412000 +6.12257255e+06 +6.12056875e+06  2.00e+03   2.57e+01     9.37e-04   2608.121s
5413000 +6.12256750e+06 +6.12056696e+06  2.00e+03   2.57e+01     9.38e-04   2608.600s
5414000 +6.12258249e+06 +6.12056501e+06  2.02e+03   2.58e+01     9.38e-04   2609.079s
5415000 +6.12255880e+06 +6.12056318e+06  2.00e+03   2.57e+01     9.36e-04   2609.558s
5416000 +6.12256260e+06 +6.12056094e+06  2.00e+03   2.57e+01     9.33e-04   2610.037s
5417000 +6.12256735e+06 +6.12055885e+06  2.01e+03   2.56e+01     9.32e-04   2610.516s
5418000 +6.12255338e+06 +6.12055722e+06  2.00e+03   2.56e+01     9.35e-04   2610.995s
5419000 +6.12253133e+06 +6.12055538e+06  1.98e+03   2.57e+01     9.33e-04   2611.474s
5420000 +6.12255796e+06 +6.12055336e+06  2.00e+03   2.58e+01     9.31e-04   2611.952s
5421000 +6.12255988e+06 +6.12055159e+06  2.01e+03   2.55e+01     9.33e-04   2612.431s
5422000 +6.12252002e+06 +6.12054995e+06  1.97e+03   2.55e+01     9.30e-04   2612.910s
5423000 +6.12251390e+06 +6.12054847e+06  1.97e+03   2.56e+01     9.25e-04   2613.389s
5424000 +6.12255597e+06 +6.12054734e+06  2.01e+03   2.56e+01     9.30e-04   2613.868s
5425000 +6.12258994e+06 +6.12054586e+06  2.04e+03   2.56e+01     9.32e-04   2614.347s
5426000 +6.12257465e+06 +6.12054429e+06  2.03e+03   2.56e+01     9.27e-04   2614.825s
5427000 +6.12241220e+06 +6.12053628e+06  1.88e+03   2.53e+01     7.63e-04   2615.305s
5428000 +6.12233419e+06 +6.12053162e+06  1.80e+03   2.51e+01     7.59e-04   2615.783s
5429000 +6.12228423e+06 +6.12052793e+06  1.76e+03   2.51e+01     7.58e-04   2616.261s
5430000 +6.12226823e+06 +6.12052433e+06  1.74e+03   2.51e+01     7.57e-04   2616.739s
5431000 +6.12224939e+06 +6.12052071e+06  1.73e+03   2.51e+01     7.57e-04   2617.217s
5432000 +6.12225929e+06 +6.12051736e+06  1.74e+03   2.51e+01     7.57e-04   2617.695s
5433000 +6.12227175e+06 +6.12051389e+06  1.76e+03   2.52e+01     7.57e-04   2618.174s
5434000 +6.12227175e+06 +6.12051048e+06  1.76e+03   2.52e+01     7.58e-04   2618.652s
5435000 +6.12226324e+06 +6.12050693e+06  1.76e+03   2.52e+01     7.58e-04   2619.130s
5436000 +6.12226436e+06 +6.12050352e+06  1.76e+03   2.52e+01     7.58e-04   2619.608s
5437000 +6.12226143e+06 +6.12049992e+06  1.76e+03   2.52e+01     7.58e-04   2620.086s
5438000 +6.12227217e+06 +6.12049656e+06  1.78e+03   2.53e+01     7.59e-04   2620.565s
5439000 +6.12226710e+06 +6.12049318e+06  1.77e+03   2.53e+01     7.60e-04   2621.043s
5440000 +6.12227114e+06 +6.12048981e+06  1.78e+03   2.53e+01     7.61e-04   2621.521s
5441000 +6.12226466e+06 +6.12048653e+06  1.78e+03   2.53e+01     7.61e-04   2622.000s
5442000 +6.12227897e+06 +6.12048320e+06  1.80e+03   2.53e+01     7.61e-04   2622.478s
5443000 +6.12226719e+06 +6.12047982e+06  1.79e+03   2.54e+01     7.61e-04   2622.956s
5444000 +6.12226362e+06 +6.12047607e+06  1.79e+03   2.54e+01     7.62e-04   2623.434s
5445000 +6.12225015e+06 +6.12047261e+06  1.78e+03   2.54e+01     7.62e-04   2623.912s
5446000 +6.12226291e+06 +6.12046936e+06  1.79e+03   2.54e+01     7.63e-04   2624.391s
5447000 +6.12227621e+06 +6.12046605e+06  1.81e+03   2.54e+01     7.64e-04   2624.869s
5448000 +6.12227450e+06 +6.12046169e+06  1.81e+03   2.55e+01     7.64e-04   2625.347s
5449000 +6.12226081e+06 +6.12045719e+06  1.80e+03   2.55e+01     7.64e-04   2625.826s
5450000 +6.12228963e+06 +6.12045392e+06  1.84e+03   2.55e+01     7.65e-04   2626.304s
5451000 +6.12229833e+06 +6.12045015e+06  1.85e+03   2.55e+01     7.66e-04   2626.782s
5452000 +6.12230263e+06 +6.12044550e+06  1.86e+03   2.55e+01     7.66e-04   2627.260s
5453000 +6.12230397e+06 +6.12044149e+06  1.86e+03   2.56e+01     7.66e-04   2627.738s
5454000 +6.12232298e+06 +6.12043753e+06  1.89e+03   2.56e+01     7.66e-04   2628.217s
5455000 +6.12233304e+06 +6.12043326e+06  1.90e+03   2.56e+01     7.67e-04   2628.695s
5456000 +6.12232381e+06 +6.12042900e+06  1.89e+03   2.56e+01     7.67e-04   2629.173s
5457000 +6.12233385e+06 +6.12042550e+06  1.91e+03   2.56e+01     7.67e-04   2629.651s
5458000 +6.12232946e+06 +6.12042156e+06  1.91e+03   2.56e+01     7.67e-04   2630.130s
5459000 +6.12231420e+06 +6.12041810e+06  1.90e+03   2.56e+01     7.67e-04   2630.608s
5460000 +6.12233089e+06 +6.12041554e+06  1.92e+03   2.56e+01     7.67e-04   2631.086s
5461000 +6.12234252e+06 +6.12041257e+06  1.93e+03   2.56e+01     7.68e-04   2631.565s
5462000 +6.12233396e+06 +6.12040902e+06  1.92e+03   2.56e+01     7.68e-04   2632.043s
5463000 +6.12232621e+06 +6.12040526e+06  1.92e+03   2.56e+01     7.68e-04   2632.521s
5464000 +6.12231399e+06 +6.12040194e+06  1.91e+03   2.56e+01     7.68e-04   2633.000s
5465000 +6.12231888e+06 +6.12039918e+06  1.92e+03   2.57e+01     7.68e-04   2633.478s
5466000 +6.12231440e+06 +6.12039531e+06  1.92e+03   2.57e+01     7.69e-04   2633.956s
5467000 +6.12231050e+06 +6.12039177e+06  1.92e+03   2.57e+01     7.68e-04   2634.435s
5468000 +6.12234870e+06 +6.12038692e+06  1.96e+03   2.57e+01     7.70e-04   2634.913s
5469000 +6.12233229e+06 +6.12038303e+06  1.95e+03   2.57e+01     7.70e-04   2635.392s
5470000 +6.12231696e+06 +6.12037876e+06  1.94e+03   2.57e+01     7.69e-04   2635.870s
5471000 +6.12234796e+06 +6.12037479e+06  1.97e+03   2.58e+01     7.71e-04   2636.348s
5472000 +6.12234281e+06 +6.12037249e+06  1.97e+03   2.58e+01     7.71e-04   2636.826s
5473000 +6.12232860e+06 +6.12036888e+06  1.96e+03   2.58e+01     7.71e-04   2637.305s
5474000 +6.12234893e+06 +6.12036456e+06  1.98e+03   2.58e+01     7.71e-04   2637.783s
5475000 +6.12231901e+06 +6.12036120e+06  1.96e+03   2.58e+01     7.71e-04   2638.262s
5476000 +6.12232674e+06 +6.12035709e+06  1.97e+03   2.58e+01     7.71e-04   2638.740s
5477000 +6.12231817e+06 +6.12035309e+06  1.97e+03   2.58e+01     7.71e-04   2639.218s
5478000 +6.12230666e+06 +6.12034986e+06  1.96e+03   2.57e+01     7.70e-04   2639.696s
5479000 +6.12231789e+06 +6.12034595e+06  1.97e+03   2.58e+01     7.71e-04   2640.175s
5480000 +6.12233764e+06 +6.12034297e+06  1.99e+03   2.58e+01     7.72e-04   2640.653s
5481000 +6.12234117e+06 +6.12033881e+06  2.00e+03   2.58e+01     7.71e-04   2641.132s
5482000 +6.12235951e+06 +6.12033540e+06  2.02e+03   2.58e+01     7.72e-04   2641.610s
5483000 +6.12234427e+06 +6.12033196e+06  2.01e+03   2.59e+01     7.72e-04   2642.088s
5484000 +6.12233554e+06 +6.12032811e+06  2.01e+03   2.58e+01     7.72e-04   2642.567s
5485000 +6.12232552e+06 +6.12032498e+06  2.00e+03   2.58e+01     7.71e-04   2643.045s
5486000 +6.12234561e+06 +6.12032139e+06  2.02e+03   2.58e+01     7.72e-04   2643.523s
5487000 +6.12233153e+06 +6.12031818e+06  2.01e+03   2.58e+01     7.72e-04   2644.002s
5488000 +6.12233690e+06 +6.12031445e+06  2.02e+03   2.59e+01     7.72e-04   2644.480s
5489000 +6.12234173e+06 +6.12031157e+06  2.03e+03   2.59e+01     7.73e-04   2644.958s
5490000 +6.12234852e+06 +6.12030831e+06  2.04e+03   2.58e+01     7.72e-04   2645.437s
5491000 +6.12235146e+06 +6.12030543e+06  2.05e+03   2.58e+01     7.72e-04   2645.915s
5492000 +6.12235628e+06 +6.12030253e+06  2.05e+03   2.58e+01     7.73e-04   2646.394s
5493000 +6.12233546e+06 +6.12029943e+06  2.04e+03   2.59e+01     7.74e-04   2646.872s
5494000 +6.12235428e+06 +6.12029642e+06  2.06e+03   2.59e+01     7.74e-04   2647.350s
5495000 +6.12236238e+06 +6.12029334e+06  2.07e+03   2.59e+01     7.73e-04   2647.829s
5496000 +6.12237690e+06 +6.12029054e+06  2.09e+03   2.59e+01     7.73e-04   2648.307s
5497000 +6.12235689e+06 +6.12028745e+06  2.07e+03   2.58e+01     7.72e-04   2648.785s
5498000 +6.12233935e+06 +6.12028442e+06  2.05e+03   2.58e+01     7.71e-04   2649.264s
5499000 +6.12234431e+06 +6.12028115e+06  2.06e+03   2.58e+01     7.71e-04   2649.742s
5500000 +6.12233573e+06 +6.12027809e+06  2.06e+03   2.58e+01     7.72e-04   2650.220s
5501000 +6.12233025e+06 +6.12027479e+06  2.06e+03   2.58e+01     7.72e-04   2650.699s
5502000 +6.12236587e+06 +6.12027154e+06  2.09e+03   2.59e+01     7.75e-04   2651.177s
5503000 +6.12233536e+06 +6.12026905e+06  2.07e+03   2.59e+01     7.73e-04   2651.656s
5504000 +6.12234303e+06 +6.12026601e+06  2.08e+03   2.59e+01     7.75e-04   2652.134s
5505000 +6.12233861e+06 +6.12026259e+06  2.08e+03   2.59e+01     7.75e-04   2652.612s
5506000 +6.12234972e+06 +6.12025944e+06  2.09e+03   2.59e+01     7.76e-04   2653.091s
5507000 +6.12231932e+06 +6.12025665e+06  2.06e+03   2.59e+01     7.73e-04   2653.569s
5508000 +6.12235184e+06 +6.12025334e+06  2.10e+03   2.59e+01     7.74e-04   2654.048s
5509000 +6.12233403e+06 +6.12025012e+06  2.08e+03   2.58e+01     7.74e-04   2654.526s
5510000 +6.12235008e+06 +6.12024664e+06  2.10e+03   2.59e+01     7.74e-04   2655.005s
5511000 +6.12232784e+06 +6.12024351e+06  2.08e+03   2.59e+01     7.73e-04   2655.483s
5512000 +6.12235563e+06 +6.12024010e+06  2.12e+03   2.59e+01     7.74e-04   2655.961s
5513000 +6.12232399e+06 +6.12023722e+06  2.09e+03   2.58e+01     7.74e-04   2656.440s
5514000 +6.12230750e+06 +6.12023368e+06  2.07e+03   2.59e+01     7.73e-04   2656.918s
5515000 +6.12232381e+06 +6.12023065e+06  2.09e+03   2.59e+01     7.73e-04   2657.396s
5516000 +6.12230255e+06 +6.12022745e+06  2.08e+03   2.59e+01     7.73e-04   2657.875s
5517000 +6.12229592e+06 +6.12022430e+06  2.07e+03   2.58e+01     7.73e-04   2658.353s
5518000 +6.12231761e+06 +6.12022132e+06  2.10e+03   2.59e+01     7.74e-04   2658.832s
5519000 +6.12228943e+06 +6.12021850e+06  2.07e+03   2.59e+01     7.72e-04   2659.310s
5520000 +6.12229943e+06 +6.12021529e+06  2.08e+03   2.59e+01     7.72e-04   2659.788s
5521000 +6.12228194e+06 +6.12021216e+06  2.07e+03   2.59e+01     7.71e-04   2660.266s
5522000 +6.12229319e+06 +6.12020851e+06  2.08e+03   2.59e+01     7.72e-04   2660.745s
5523000 +6.12227491e+06 +6.12020509e+06  2.07e+03   2.58e+01     7.71e-04   2661.223s
5524000 +6.12227681e+06 +6.12020168e+06  2.08e+03   2.58e+01     7.72e-04   2661.702s
5525000 +6.12226750e+06 +6.12019847e+06  2.07e+03   2.58e+01     7.72e-04   2662.180s
5526000 +6.12225561e+06 +6.12019529e+06  2.06e+03   2.59e+01     7.71e-04   2662.659s
5527000 +6.12225988e+06 +6.12019199e+06  2.07e+03   2.59e+01     7.72e-04   2663.137s
5528000 +6.12226090e+06 +6.12018888e+06  2.07e+03   2.59e+01     7.71e-04   2663.616s
5529000 +6.12229035e+06 +6.12018574e+06  2.10e+03   2.59e+01     7.71e-04   2664.094s
5530000 +6.12224903e+06 +6.12018248e+06  2.07e+03   2.58e+01     7.70e-04   2664.572s
5531000 +6.12224789e+06 +6.12017901e+06  2.07e+03   2.58e+01     7.71e-04   2665.051s
5532000 +6.12222373e+06 +6.12017600e+06  2.05e+03   2.58e+01     7.68e-04   2665.529s
5533000 +6.12224155e+06 +6.12017306e+06  2.07e+03   2.58e+01     7.68e-04   2666.007s
5534000 +6.12224708e+06 +6.12016989e+06  2.08e+03   2.58e+01     7.69e-04   2666.486s
5535000 +6.12225189e+06 +6.12016701e+06  2.08e+03   2.59e+01     7.68e-04   2666.964s
5536000 +6.12224086e+06 +6.12016343e+06  2.08e+03   2.58e+01     7.66e-04   2667.443s
5537000 +6.12226092e+06 +6.12016037e+06  2.10e+03   2.58e+01     7.68e-04   2667.921s
5538000 +6.12223058e+06 +6.12015726e+06  2.07e+03   2.58e+01     7.66e-04   2668.399s
5539000 +6.12222701e+06 +6.12015445e+06  2.07e+03   2.57e+01     7.66e-04   2668.878s
5540000 +6.12224284e+06 +6.12015090e+06  2.09e+03   2.57e+01     7.68e-04   2669.356s
5541000 +6.12222807e+06 +6.12014742e+06  2.08e+03   2.58e+01     7.66e-04   2669.834s
5542000 +6.12222897e+06 +6.12014458e+06  2.08e+03   2.59e+01     7.66e-04   2670.313s
5543000 +6.12221837e+06 +6.12014167e+06  2.08e+03   2.58e+01     7.66e-04   2670.791s
5544000 +6.12221329e+06 +6.12013883e+06  2.07e+03   2.58e+01     7.66e-04   2671.270s
5545000 +6.12222590e+06 +6.12013576e+06  2.09e+03   2.57e+01     7.66e-04   2671.748s
5546000 +6.12219659e+06 +6.12013308e+06  2.06e+03   2.56e+01     7.64e-04   2672.226s
5547000 +6.12219101e+06 +6.12012978e+06  2.06e+03   2.56e+01     7.62e-04   2672.705s
5548000 +6.12216581e+06 +6.12012682e+06  2.04e+03   2.57e+01     7.61e-04   2673.183s
5549000 +6.12220061e+06 +6.12012378e+06  2.08e+03   2.58e+01     7.62e-04   2673.662s
5550000 +6.12218817e+06 +6.12012028e+06  2.07e+03   2.57e+01     7.61e-04   2674.140s
5551000 +6.12223535e+06 +6.12011744e+06  2.12e+03   2.56e+01     7.61e-04   2674.619s
5552000 +6.12224233e+06 +6.12011429e+06  2.13e+03   2.55e+01     7.62e-04   2675.097s
5553000 +6.12221985e+06 +6.12011170e+06  2.11e+03   2.56e+01     7.62e-04   2675.575s
5554000 +6.12218588e+06 +6.12010889e+06  2.08e+03   2.56e+01     7.59e-04   2676.054s
5555000 +6.12220108e+06 +6.12010584e+06  2.10e+03   2.56e+01     7.60e-04   2676.532s
5556000 +6.12224352e+06 +6.12010234e+06  2.14e+03   2.57e+01     7.62e-04   2677.011s
5557000 +6.12220990e+06 +6.12009956e+06  2.11e+03   2.57e+01     7.59e-04   2677.489s
5558000 +6.12221250e+06 +6.12009645e+06  2.12e+03   2.57e+01     7.58e-04   2677.968s
5559000 +6.12219725e+06 +6.12009380e+06  2.10e+03   2.55e+01     7.59e-04   2678.446s
5560000 +6.12215588e+06 +6.12009103e+06  2.06e+03   2.55e+01     7.56e-04   2678.925s
5561000 +6.12217430e+06 +6.12008800e+06  2.09e+03   2.56e+01     7.56e-04   2679.403s
5562000 +6.12216034e+06 +6.12008493e+06  2.08e+03   2.56e+01     7.56e-04   2679.882s
5563000 +6.12216996e+06 +6.12008201e+06  2.09e+03   2.55e+01     7.55e-04   2680.360s
5564000 +6.12214636e+06 +6.12007892e+06  2.07e+03   2.56e+01     7.55e-04   2680.839s
5565000 +6.12213625e+06 +6.12007589e+06  2.06e+03   2.56e+01     7.54e-04   2681.317s
5566000 +6.12215741e+06 +6.12007244e+06  2.08e+03   2.54e+01     7.56e-04   2681.796s
5567000 +6.12215337e+06 +6.12006969e+06  2.08e+03   2.54e+01     7.55e-04   2682.274s
5568000 +6.12215947e+06 +6.12006621e+06  2.09e+03   2.55e+01     7.53e-04   2682.752s
5569000 +6.12213999e+06 +6.12006333e+06  2.08e+03   2.55e+01     7.53e-04   2683.230s
5570000 +6.12214614e+06 +6.12006024e+06  2.09e+03   2.55e+01     7.53e-04   2683.709s
5571000 +6.12214321e+06 +6.12005713e+06  2.09e+03   2.55e+01     7.52e-04   2684.187s
5572000 +6.12213740e+06 +6.12005462e+06  2.08e+03   2.54e+01     7.51e-04   2684.666s
5573000 +6.12213844e+06 +6.12005170e+06  2.09e+03   2.53e+01     7.53e-04   2685.144s
5574000 +6.12210570e+06 +6.12004898e+06  2.06e+03   2.54e+01     7.52e-04   2685.623s
5575000 +6.12208187e+06 +6.12004645e+06  2.04e+03   2.54e+01     7.51e-04   2686.101s
5576000 +6.12209372e+06 +6.12004340e+06  2.05e+03   2.55e+01     7.53e-04   2686.580s
5577000 +6.12211316e+06 +6.12004075e+06  2.07e+03   2.55e+01     7.53e-04   2687.058s
5578000 +6.12207931e+06 +6.12003818e+06  2.04e+03   2.54e+01     7.49e-04   2687.537s
5579000 +6.12207392e+06 +6.12003538e+06  2.04e+03   2.53e+01     7.49e-04   2688.015s
5580000 +6.12206513e+06 +6.12003262e+06  2.03e+03   2.53e+01     7.48e-04   2688.493s
5581000 +6.12204458e+06 +6.12002986e+06  2.01e+03   2.53e+01     7.47e-04   2688.972s
5582000 +6.12207446e+06 +6.12002745e+06  2.05e+03   2.54e+01     7.49e-04   2689.450s
5583000 +6.12206234e+06 +6.12002527e+06  2.04e+03   2.53e+01     7.48e-04   2689.929s
5584000 +6.12205541e+06 +6.12002244e+06  2.03e+03   2.54e+01     7.46e-04   2690.407s
5585000 +6.12204172e+06 +6.12001979e+06  2.02e+03   2.54e+01     7.46e-04   2690.886s
5586000 +6.12202491e+06 +6.12001682e+06  2.01e+03   2.53e+01     7.46e-04   2691.364s
5587000 +6.12201912e+06 +6.12001439e+06  2.00e+03   2.52e+01     7.46e-04   2691.843s
5588000 +6.12199613e+06 +6.12001190e+06  1.98e+03   2.52e+01     7.44e-04   2692.321s
5589000 +6.12198418e+06 +6.12000978e+06  1.97e+03   2.52e+01     7.43e-04   2692.800s
5590000 +6.12200463e+06 +6.12000693e+06  2.00e+03   2.52e+01     7.43e-04   2693.278s
5591000 +6.12199040e+06 +6.12000465e+06  1.99e+03   2.53e+01     7.43e-04   2693.757s
5592000 +6.12198802e+06 +6.12000205e+06  1.99e+03   2.53e+01     7.44e-04   2694.235s
5593000 +6.12198290e+06 +6.11999966e+06  1.98e+03   2.51e+01     7.42e-04   2694.714s
5594000 +6.12197053e+06 +6.11999652e+06  1.97e+03   2.50e+01     7.43e-04   2695.193s
5595000 +6.12193519e+06 +6.11999377e+06  1.94e+03   2.51e+01     7.41e-04   2695.671s
5596000 +6.12192491e+06 +6.11999117e+06  1.93e+03   2.52e+01     7.39e-04   2696.150s
5597000 +6.12195752e+06 +6.11998823e+06  1.97e+03   2.52e+01     7.41e-04   2696.628s
5598000 +6.12195883e+06 +6.11998590e+06  1.97e+03   2.52e+01     7.39e-04   2697.106s
5599000 +6.12197226e+06 +6.11998339e+06  1.99e+03   2.51e+01     7.39e-04   2697.585s
5600000 +6.12197639e+06 +6.11998073e+06  2.00e+03   2.51e+01     7.39e-04   2698.063s
5601000 +6.12197987e+06 +6.11997800e+06  2.00e+03   2.51e+01     7.40e-04   2698.542s
5602000 +6.12198785e+06 +6.11997537e+06  2.01e+03   2.50e+01     7.38e-04   2699.020s
5603000 +6.12197644e+06 +6.11997231e+06  2.00e+03   2.51e+01     7.38e-04   2699.499s
5604000 +6.12202124e+06 +6.11996983e+06  2.05e+03   2.52e+01     7.41e-04   2699.977s
5605000 +6.12199531e+06 +6.11996712e+06  2.03e+03   2.52e+01     7.39e-04   2700.456s
5606000 +6.12201826e+06 +6.11996432e+06  2.05e+03   2.51e+01     7.39e-04   2700.935s
5607000 +6.12200553e+06 +6.11996212e+06  2.04e+03   2.50e+01     7.36e-04   2701.413s
5608000 +6.12196156e+06 +6.11995982e+06  2.00e+03   2.50e+01     7.37e-04   2701.892s
5609000 +6.12198294e+06 +6.11995738e+06  2.03e+03   2.50e+01     7.38e-04   2702.370s
5610000 +6.12197928e+06 +6.11995455e+06  2.02e+03   2.50e+01     7.37e-04   2702.848s
5611000 +6.12200968e+06 +6.11995250e+06  2.06e+03   2.51e+01     7.37e-04   2703.327s
5612000 +6.12200835e+06 +6.11994991e+06  2.06e+03   2.51e+01     7.38e-04   2703.805s
5613000 +6.12197236e+06 +6.11994745e+06  2.02e+03   2.50e+01     7.35e-04   2704.284s
5614000 +6.12196433e+06 +6.11994544e+06  2.02e+03   2.50e+01     7.35e-04   2704.762s
5615000 +6.12196209e+06 +6.11994322e+06  2.02e+03   2.49e+01     7.35e-04   2705.241s
5616000 +6.12193636e+06 +6.11994088e+06  2.00e+03   2.49e+01     7.33e-04   2705.719s
5617000 +6.12191233e+06 +6.11993826e+06  1.97e+03   2.49e+01     7.32e-04   2706.198s
5618000 +6.12190357e+06 +6.11993573e+06  1.97e+03   2.50e+01     7.33e-04   2706.676s
5619000 +6.12191310e+06 +6.11993322e+06  1.98e+03   2.50e+01     7.31e-04   2707.155s
5620000 +6.12190613e+06 +6.11993073e+06  1.98e+03   2.50e+01     7.32e-04   2707.633s
5621000 +6.12191510e+06 +6.11992855e+06  1.99e+03   2.49e+01     7.31e-04   2708.112s
5622000 +6.12190917e+06 +6.11992625e+06  1.98e+03   2.48e+01     7.33e-04   2708.591s
5623000 +6.12194084e+06 +6.11992408e+06  2.02e+03   2.48e+01     7.32e-04   2709.069s
5624000 +6.12192757e+06 +6.11992170e+06  2.01e+03   2.49e+01     7.31e-04   2709.547s
5625000 +6.12189864e+06 +6.11991924e+06  1.98e+03   2.49e+01     7.30e-04   2710.026s
5626000 +6.12187580e+06 +6.11991708e+06  1.96e+03   2.48e+01     7.25e-04   2710.504s
5627000 +6.12186701e+06 +6.11991505e+06  1.95e+03   2.48e+01     7.23e-04   2710.983s
5628000 +6.12190588e+06 +6.11991336e+06  1.99e+03   2.47e+01     7.26e-04   2711.462s
5629000 +6.12189325e+06 +6.11991115e+06  1.98e+03   2.46e+01     7.26e-04   2711.940s
5630000 +6.12187770e+06 +6.11990891e+06  1.97e+03   2.47e+01     7.24e-04   2712.419s
5631000 +6.12187616e+06 +6.11990686e+06  1.97e+03   2.47e+01     7.24e-04   2712.898s
5632000 +6.12191758e+06 +6.11990457e+06  2.01e+03   2.47e+01     7.26e-04   2713.376s
5633000 +6.12188414e+06 +6.11990317e+06  1.98e+03   2.46e+01     7.22e-04   2713.855s
5634000 +6.12185407e+06 +6.11990094e+06  1.95e+03   2.47e+01     7.22e-04   2714.333s
5635000 +6.12188377e+06 +6.11989869e+06  1.99e+03   2.46e+01     7.22e-04   2714.812s
5636000 +6.12187505e+06 +6.11989654e+06  1.98e+03   2.46e+01     7.21e-04   2715.290s
5637000 +6.12187302e+06 +6.11989413e+06  1.98e+03   2.45e+01     7.20e-04   2715.769s
5638000 +6.12190479e+06 +6.11989270e+06  2.01e+03   2.45e+01     7.21e-04   2716.247s
5639000 +6.12193866e+06 +6.11989116e+06  2.05e+03   2.46e+01     7.23e-04   2716.726s
5640000 +6.12188795e+06 +6.11988898e+06  2.00e+03   2.47e+01     7.20e-04   2717.204s
5641000 +6.12186900e+06 +6.11988657e+06  1.98e+03   2.46e+01     7.20e-04   2717.683s
5642000 +6.12184837e+06 +6.11988467e+06  1.96e+03   2.45e+01     7.20e-04   2718.161s
5643000 +6.12183124e+06 +6.11988236e+06  1.95e+03   2.45e+01     7.18e-04   2718.640s
5644000 +6.12179531e+06 +6.11988071e+06  1.91e+03   2.44e+01     7.16e-04   2719.119s
5645000 +6.12185878e+06 +6.11987843e+06  1.98e+03   2.45e+01     7.20e-04   2719.597s
5646000 +6.12184669e+06 +6.11987693e+06  1.97e+03   2.45e+01     7.18e-04   2720.076s
5647000 +6.12188416e+06 +6.11987488e+06  2.01e+03   2.46e+01     7.19e-04   2720.554s
5648000 +6.12184233e+06 +6.11987281e+06  1.97e+03   2.45e+01     7.19e-04   2721.033s
5649000 +6.12184777e+06 +6.11987122e+06  1.98e+03   2.44e+01     7.18e-04   2721.511s
5650000 +6.12182817e+06 +6.11986956e+06  1.96e+03   2.44e+01     7.16e-04   2721.990s
5651000 +6.12183542e+06 +6.11986765e+06  1.97e+03   2.44e+01     7.16e-04   2722.469s
5652000 +6.12179051e+06 +6.11986540e+06  1.93e+03   2.43e+01     7.13e-04   2722.947s
5653000 +6.12180256e+06 +6.11986371e+06  1.94e+03   2.43e+01     7.12e-04   2723.426s
5654000 +6.12179177e+06 +6.11986162e+06  1.93e+03   2.44e+01     7.13e-04   2723.904s
5655000 +6.12179101e+06 +6.11986008e+06  1.93e+03   2.44e+01     7.13e-04   2724.383s
5656000 +6.12179143e+06 +6.11985803e+06  1.93e+03   2.44e+01     7.14e-04   2724.861s
5657000 +6.12175070e+06 +6.11985614e+06  1.89e+03   2.44e+01     7.12e-04   2725.340s
5658000 +6.12177571e+06 +6.11985406e+06  1.92e+03   2.43e+01     7.10e-04   2725.819s
5659000 +6.12175851e+06 +6.11985207e+06  1.91e+03   2.42e+01     7.09e-04   2726.297s
5660000 +6.12173906e+06 +6.11984996e+06  1.89e+03   2.42e+01     7.09e-04   2726.776s
5661000 +6.12172486e+06 +6.11984783e+06  1.88e+03   2.43e+01     7.07e-04   2727.255s
5662000 +6.12170970e+06 +6.11984539e+06  1.86e+03   2.43e+01     7.07e-04   2727.733s
5663000 +6.12171744e+06 +6.11984329e+06  1.87e+03   2.43e+01     7.07e-04   2728.212s
5664000 +6.12172500e+06 +6.11984137e+06  1.88e+03   2.42e+01     7.07e-04   2728.691s
5665000 +6.12173888e+06 +6.11983880e+06  1.90e+03   2.42e+01     7.08e-04   2729.169s
5666000 +6.12178258e+06 +6.11983756e+06  1.95e+03   2.42e+01     7.09e-04   2729.648s
5667000 +6.12177025e+06 +6.11983562e+06  1.93e+03   2.42e+01     7.07e-04   2730.126s
5668000 +6.12177667e+06 +6.11983429e+06  1.94e+03   2.43e+01     7.08e-04   2730.605s
5669000 +6.12176895e+06 +6.11983240e+06  1.94e+03   2.42e+01     7.06e-04   2731.084s
5670000 +6.12178956e+06 +6.11983107e+06  1.96e+03   2.42e+01     7.07e-04   2731.562s
5671000 +6.12176077e+06 +6.11982897e+06  1.93e+03   2.41e+01     7.07e-04   2732.041s
5672000 +6.12175306e+06 +6.11982710e+06  1.93e+03   2.41e+01     7.06e-04   2732.519s
5673000 +6.12174573e+06 +6.11982506e+06  1.92e+03   2.42e+01     7.06e-04   2732.998s
5674000 +6.12174348e+06 +6.11982373e+06  1.92e+03   2.43e+01     7.06e-04   2733.476s
5675000 +6.12175992e+06 +6.11982229e+06  1.94e+03   2.43e+01     7.07e-04   2733.955s
5676000 +6.12176714e+06 +6.11982105e+06  1.95e+03   2.41e+01     7.06e-04   2734.433s
5677000 +6.12175666e+06 +6.11981958e+06  1.94e+03   2.41e+01     7.06e-04   2734.912s
5678000 +6.12176712e+06 +6.11981883e+06  1.95e+03   2.41e+01     7.05e-04   2735.391s
5679000 +6.12175773e+06 +6.11981717e+06  1.94e+03   2.41e+01     7.05e-04   2735.869s
5680000 +6.12178123e+06 +6.11981529e+06  1.97e+03   2.41e+01     7.04e-04   2736.348s
5681000 +6.12175880e+06 +6.11981346e+06  1.95e+03   2.42e+01     7.04e-04   2736.826s
5682000 +6.12177239e+06 +6.11981084e+06  1.96e+03   2.42e+01     7.04e-04   2737.305s
5683000 +6.12176373e+06 +6.11980942e+06  1.95e+03   2.40e+01     7.03e-04   2737.783s
5684000 +6.12177205e+06 +6.11980751e+06  1.96e+03   2.40e+01     7.03e-04   2738.262s
5685000 +6.12179526e+06 +6.11980593e+06  1.99e+03   2.41e+01     7.05e-04   2738.741s
5686000 +6.12176637e+06 +6.11980477e+06  1.96e+03   2.40e+01     7.04e-04   2739.219s
5687000 +6.12178141e+06 +6.11980320e+06  1.98e+03   2.41e+01     7.05e-04   2739.698s
5688000 +6.12174663e+06 +6.11980132e+06  1.95e+03   2.41e+01     7.04e-04   2740.176s
5689000 +6.12179084e+06 +6.11979947e+06  1.99e+03   2.42e+01     7.07e-04   2740.655s
5690000 +6.12178576e+06 +6.11979730e+06  1.99e+03   2.42e+01     7.08e-04   2741.134s
5691000 +6.12176788e+06 +6.11979530e+06  1.97e+03   2.41e+01     7.06e-04   2741.612s
5692000 +6.12180993e+06 +6.11979395e+06  2.02e+03   2.41e+01     7.07e-04   2742.091s
5693000 +6.12180527e+06 +6.11979157e+06  2.01e+03   2.40e+01     7.07e-04   2742.569s
5694000 +6.12180193e+06 +6.11979016e+06  2.01e+03   2.42e+01     7.05e-04   2743.048s
5695000 +6.12183757e+06 +6.11978834e+06  2.05e+03   2.43e+01     7.08e-04   2743.527s
5696000 +6.12185292e+06 +6.11978722e+06  2.07e+03   2.42e+01     7.07e-04   2744.006s
5697000 +6.12183821e+06 +6.11978595e+06  2.05e+03   2.41e+01     7.06e-04   2744.484s
5698000 +6.12185318e+06 +6.11978453e+06  2.07e+03   2.41e+01     7.06e-04   2744.963s
5699000 +6.12179986e+06 +6.11978299e+06  2.02e+03   2.40e+01     7.05e-04   2745.441s
5700000 +6.12180216e+06 +6.11978168e+06  2.02e+03   2.41e+01     7.06e-04   2745.920s
5701000 +6.12175825e+06 +6.11978026e+06  1.98e+03   2.41e+01     7.03e-04   2746.399s
5702000 +6.12175883e+06 +6.11977879e+06  1.98e+03   2.41e+01     7.02e-04   2746.877s
5703000 +6.12178509e+06 +6.11977692e+06  2.01e+03   2.41e+01     7.03e-04   2747.356s
5704000 +6.12176720e+06 +6.11977569e+06  1.99e+03   2.39e+01     7.02e-04   2747.835s
5705000 +6.12176385e+06 +6.11977418e+06  1.99e+03   2.40e+01     7.02e-04   2748.313s
5706000 +6.12177145e+06 +6.11977275e+06  2.00e+03   2.41e+01     7.02e-04   2748.792s
5707000 +6.12176036e+06 +6.11977162e+06  1.99e+03   2.41e+01     7.03e-04   2749.270s
5708000 +6.12177818e+06 +6.11976962e+06  2.01e+03   2.40e+01     7.03e-04   2749.749s
5709000 +6.12175587e+06 +6.11976832e+06  1.99e+03   2.40e+01     7.00e-04   2750.228s
5710000 +6.12181072e+06 +6.11976626e+06  2.04e+03   2.40e+01     7.00e-04   2750.706s
5711000 +6.12179172e+06 +6.11976491e+06  2.03e+03   2.40e+01     7.00e-04   2751.185s
5712000 +6.12179775e+06 +6.11976332e+06  2.03e+03   2.40e+01     7.00e-04   2751.663s
5713000 +6.12181747e+06 +6.11976183e+06  2.06e+03   2.40e+01     7.00e-04   2752.142s
5714000 +6.12183226e+06 +6.11976027e+06  2.07e+03   2.40e+01     7.02e-04   2752.621s
5715000 +6.12180986e+06 +6.11975840e+06  2.05e+03   2.39e+01     7.02e-04   2753.100s
5716000 +6.12180841e+06 +6.11975660e+06  2.05e+03   2.39e+01     7.00e-04   2753.578s
5717000 +6.12181593e+06 +6.11975566e+06  2.06e+03   2.40e+01     7.00e-04   2754.057s
5718000 +6.12180628e+06 +6.11975419e+06  2.05e+03   2.41e+01     7.01e-04   2754.536s
5719000 +6.12177316e+06 +6.11975261e+06  2.02e+03   2.40e+01     7.00e-04   2755.014s
5720000 +6.12175862e+06 +6.11975150e+06  2.01e+03   2.39e+01     6.98e-04   2755.493s
5721000 +6.12173187e+06 +6.11975010e+06  1.98e+03   2.40e+01     6.97e-04   2755.972s
5722000 +6.12174268e+06 +6.11974884e+06  1.99e+03   2.40e+01     6.97e-04   2756.450s
5723000 +6.12172054e+06 +6.11974796e+06  1.97e+03   2.39e+01     6.98e-04   2756.929s
5724000 +6.12171655e+06 +6.11974687e+06  1.97e+03   2.39e+01     6.96e-04   2757.407s
5725000 +6.12175356e+06 +6.11974562e+06  2.01e+03   2.39e+01     6.97e-04   2757.886s
5726000 +6.12174114e+06 +6.11974397e+06  2.00e+03   2.38e+01     6.95e-04   2758.365s
5727000 +6.12177541e+06 +6.11974283e+06  2.03e+03   2.39e+01     6.94e-04   2758.843s
5728000 +6.12175612e+06 +6.11974144e+06  2.01e+03   2.39e+01     6.92e-04   2759.322s
5729000 +6.12173977e+06 +6.11973954e+06  2.00e+03   2.38e+01     6.92e-04   2759.800s
5730000 +6.12174943e+06 +6.11973845e+06  2.01e+03   2.37e+01     6.93e-04   2760.279s
5731000 +6.12175606e+06 +6.11973701e+06  2.02e+03   2.37e+01     6.94e-04   2760.758s
5732000 +6.12175005e+06 +6.11973558e+06  2.01e+03   2.38e+01     6.95e-04   2761.237s
5733000 +6.12175476e+06 +6.11973381e+06  2.02e+03   2.39e+01     6.94e-04   2761.715s
5734000 +6.12175126e+06 +6.11973258e+06  2.02e+03   2.39e+01     6.95e-04   2762.194s
5735000 +6.12172289e+06 +6.11973093e+06  1.99e+03   2.38e+01     6.93e-04   2762.673s
5736000 +6.12170933e+06 +6.11972965e+06  1.98e+03   2.39e+01     6.95e-04   2763.151s
5737000 +6.12171799e+06 +6.11972830e+06  1.99e+03   2.39e+01     6.95e-04   2763.630s
5738000 +6.12169567e+06 +6.11972659e+06  1.97e+03   2.38e+01     6.95e-04   2764.109s
5739000 +6.12166319e+06 +6.11972525e+06  1.94e+03   2.38e+01     6.93e-04   2764.587s
5740000 +6.12169963e+06 +6.11972321e+06  1.98e+03   2.40e+01     6.93e-04   2765.066s
5741000 +6.12170363e+06 +6.11972240e+06  1.98e+03   2.39e+01     6.93e-04   2765.544s
5742000 +6.12169776e+06 +6.11972086e+06  1.98e+03   2.38e+01     6.94e-04   2766.023s
5743000 +6.12170365e+06 +6.11971943e+06  1.98e+03   2.39e+01     6.95e-04   2766.502s
5744000 +6.12170253e+06 +6.11971829e+06  1.98e+03   2.39e+01     6.94e-04   2766.980s
5745000 +6.12172602e+06 +6.11971685e+06  2.01e+03   2.39e+01     6.95e-04   2767.459s
5746000 +6.12172705e+06 +6.11971571e+06  2.01e+03   2.38e+01     6.94e-04   2767.937s
5747000 +6.12168310e+06 +6.11971446e+06  1.97e+03   2.39e+01     6.92e-04   2768.416s
5748000 +6.12166808e+06 +6.11971321e+06  1.95e+03   2.39e+01     6.91e-04   2768.895s
5749000 +6.12165170e+06 +6.11971218e+06  1.94e+03   2.39e+01     6.92e-04   2769.373s
5750000 +6.12166900e+06 +6.11971087e+06  1.96e+03   2.39e+01     6.91e-04   2769.852s
5751000 +6.12166047e+06 +6.11970933e+06  1.95e+03   2.38e+01     6.91e-04   2770.330s
5752000 +6.12164553e+06 +6.11970784e+06  1.94e+03   2.38e+01     6.91e-04   2770.809s
5753000 +6.12164532e+06 +6.11970711e+06  1.94e+03   2.38e+01     6.90e-04   2771.287s
5754000 +6.12170072e+06 +6.11970530e+06  2.00e+03   2.39e+01     6.93e-04   2771.766s
5755000 +6.12167290e+06 +6.11970401e+06  1.97e+03   2.40e+01     6.93e-04   2772.245s
5756000 +6.12168562e+06 +6.11970324e+06  1.98e+03   2.40e+01     6.92e-04   2772.723s
5757000 +6.12167276e+06 +6.11970173e+06  1.97e+03   2.39e+01     6.91e-04   2773.202s
5758000 +6.12167592e+06 +6.11970066e+06  1.98e+03   2.38e+01     6.93e-04   2773.681s
5759000 +6.12164362e+06 +6.11970005e+06  1.94e+03   2.38e+01     6.92e-04   2774.159s
5760000 +6.12162966e+06 +6.11969908e+06  1.93e+03   2.39e+01     6.93e-04   2774.638s
5761000 +6.12164219e+06 +6.11969829e+06  1.94e+03   2.39e+01     6.94e-04   2775.116s
5762000 +6.12164474e+06 +6.11969753e+06  1.95e+03   2.40e+01     6.96e-04   2775.595s
5763000 +6.12168395e+06 +6.11969668e+06  1.99e+03   2.40e+01     6.95e-04   2776.074s
5764000 +6.12164890e+06 +6.11969571e+06  1.95e+03   2.38e+01     6.93e-04   2776.552s
5765000 +6.12164696e+06 +6.11969524e+06  1.95e+03   2.38e+01     6.94e-04   2777.031s
5766000 +6.12164696e+06 +6.11969404e+06  1.95e+03   2.39e+01     6.94e-04   2777.509s
5767000 +6.12167590e+06 +6.11969308e+06  1.98e+03   2.39e+01     6.95e-04   2777.988s
5768000 +6.12167314e+06 +6.11969209e+06  1.98e+03   2.40e+01     6.96e-04   2778.467s
5769000 +6.12166774e+06 +6.11969114e+06  1.98e+03   2.40e+01     6.95e-04   2778.945s
5770000 +6.12167106e+06 +6.11968923e+06  1.98e+03   2.39e+01     6.93e-04   2779.424s
5771000 +6.12166864e+06 +6.11968747e+06  1.98e+03   2.39e+01     6.93e-04   2779.902s
5772000 +6.12169882e+06 +6.11968627e+06  2.01e+03   2.38e+01     6.90e-04   2780.381s
5773000 +6.12161410e+06 +6.11968167e+06  1.93e+03   2.35e+01     7.09e-04   2780.861s
5774000 +6.12158609e+06 +6.11967919e+06  1.91e+03   2.35e+01     7.07e-04   2781.339s
5775000 +6.12157453e+06 +6.11967689e+06  1.90e+03   2.35e+01     7.06e-04   2781.817s
5776000 +6.12156859e+06 +6.11967464e+06  1.89e+03   2.35e+01     7.05e-04   2782.295s
5777000 +6.12156101e+06 +6.11967247e+06  1.89e+03   2.34e+01     7.04e-04   2782.774s
5778000 +6.12155681e+06 +6.11967036e+06  1.89e+03   2.34e+01     7.03e-04   2783.252s
5779000 +6.12155029e+06 +6.11966827e+06  1.88e+03   2.34e+01     7.03e-04   2783.730s
5780000 +6.12154368e+06 +6.11966597e+06  1.88e+03   2.34e+01     7.03e-04   2784.208s
5781000 +6.12154546e+06 +6.11966388e+06  1.88e+03   2.34e+01     7.02e-04   2784.687s
5782000 +6.12154848e+06 +6.11966172e+06  1.89e+03   2.34e+01     7.01e-04   2785.165s
5783000 +6.12153730e+06 +6.11965963e+06  1.88e+03   2.34e+01     7.01e-04   2785.643s
5784000 +6.12155621e+06 +6.11965757e+06  1.90e+03   2.34e+01     7.02e-04   2786.121s
5785000 +6.12156581e+06 +6.11965554e+06  1.91e+03   2.34e+01     7.02e-04   2786.600s
5786000 +6.12156688e+06 +6.11965355e+06  1.91e+03   2.34e+01     7.02e-04   2787.078s
5787000 +6.12157723e+06 +6.11965144e+06  1.93e+03   2.34e+01     7.02e-04   2787.556s
5788000 +6.12156877e+06 +6.11964944e+06  1.92e+03   2.34e+01     7.01e-04   2788.034s
5789000 +6.12155762e+06 +6.11964741e+06  1.91e+03   2.34e+01     7.00e-04   2788.513s
5790000 +6.12156594e+06 +6.11964534e+06  1.92e+03   2.34e+01     7.01e-04   2788.991s
5791000 +6.12156835e+06 +6.11964322e+06  1.93e+03   2.34e+01     7.01e-04   2789.469s
5792000 +6.12158431e+06 +6.11964114e+06  1.94e+03   2.34e+01     7.01e-04   2789.948s
5793000 +6.12157563e+06 +6.11963913e+06  1.94e+03   2.33e+01     7.00e-04   2790.426s
5794000 +6.12157738e+06 +6.11963719e+06  1.94e+03   2.34e+01     7.00e-04   2790.904s
5795000 +6.12156644e+06 +6.11963526e+06  1.93e+03   2.34e+01     7.00e-04   2791.383s
5796000 +6.12157120e+06 +6.11963345e+06  1.94e+03   2.34e+01     7.00e-04   2791.861s
5797000 +6.12155775e+06 +6.11963179e+06  1.93e+03   2.34e+01     6.99e-04   2792.339s
5798000 +6.12158080e+06 +6.11963010e+06  1.95e+03   2.33e+01     7.00e-04   2792.817s
5799000 +6.12157216e+06 +6.11962848e+06  1.94e+03   2.33e+01     6.99e-04   2793.296s
5800000 +6.12156456e+06 +6.11962672e+06  1.94e+03   2.33e+01     6.99e-04   2793.774s
5801000 +6.12155004e+06 +6.11962505e+06  1.92e+03   2.33e+01     6.98e-04   2794.253s
5802000 +6.12153718e+06 +6.11962337e+06  1.91e+03   2.33e+01     6.98e-04   2794.731s
5803000 +6.12153907e+06 +6.11962173e+06  1.92e+03   2.34e+01     6.98e-04   2795.209s
5804000 +6.12153351e+06 +6.11961989e+06  1.91e+03   2.34e+01     6.97e-04   2795.688s
5805000 +6.12152407e+06 +6.11961819e+06  1.91e+03   2.33e+01     6.97e-04   2796.166s
5806000 +6.12152798e+06 +6.11961654e+06  1.91e+03   2.33e+01     6.97e-04   2796.644s
5807000 +6.12151124e+06 +6.11961499e+06  1.90e+03   2.33e+01     6.96e-04   2797.122s
5808000 +6.12150502e+06 +6.11961341e+06  1.89e+03   2.33e+01     6.96e-04   2797.601s
5809000 +6.12150798e+06 +6.11961146e+06  1.90e+03   2.33e+01     6.96e-04   2798.079s
5810000 +6.12151728e+06 +6.11960965e+06  1.91e+03   2.33e+01     6.95e-04   2798.558s
5811000 +6.12152007e+06 +6.11960823e+06  1.91e+03   2.33e+01     6.95e-04   2799.036s
5812000 +6.12151239e+06 +6.11960658e+06  1.91e+03   2.32e+01     6.95e-04   2799.514s
5813000 +6.12153757e+06 +6.11960481e+06  1.93e+03   2.32e+01     6.95e-04   2799.993s
5814000 +6.12151660e+06 +6.11960325e+06  1.91e+03   2.32e+01     6.94e-04   2800.471s
5815000 +6.12150619e+06 +6.11960169e+06  1.90e+03   2.32e+01     6.93e-04   2800.949s
5816000 +6.12150228e+06 +6.11959997e+06  1.90e+03   2.32e+01     6.93e-04   2801.428s
5817000 +6.12151872e+06 +6.11959837e+06  1.92e+03   2.33e+01     6.94e-04   2801.906s
5818000 +6.12151833e+06 +6.11959670e+06  1.92e+03   2.33e+01     6.94e-04   2802.384s
5819000 +6.12154407e+06 +6.11959509e+06  1.95e+03   2.33e+01     6.94e-04   2802.862s
5820000 +6.12154126e+06 +6.11959347e+06  1.95e+03   2.32e+01     6.94e-04   2803.341s
5821000 +6.12154510e+06 +6.11959179e+06  1.95e+03   2.32e+01     6.95e-04   2803.819s
5822000 +6.12154571e+06 +6.11959024e+06  1.96e+03   2.32e+01     6.94e-04   2804.297s
5823000 +6.12153245e+06 +6.11958845e+06  1.94e+03   2.33e+01     6.94e-04   2804.776s
5824000 +6.12154074e+06 +6.11958715e+06  1.95e+03   2.33e+01     6.94e-04   2805.254s
5825000 +6.12153307e+06 +6.11958576e+06  1.95e+03   2.33e+01     6.94e-04   2805.733s
5826000 +6.12155738e+06 +6.11958423e+06  1.97e+03   2.33e+01     6.95e-04   2806.211s
5827000 +6.12154980e+06 +6.11958251e+06  1.97e+03   2.32e+01     6.95e-04   2806.689s
5828000 +6.12128939e+06 +6.11958130e+06  1.71e+03   2.30e+01     6.85e-04   2807.167s
5829000 +6.12122607e+06 +6.11957988e+06  1.65e+03   2.30e+01     6.84e-04   2807.646s
5830000 +6.12118557e+06 +6.11957861e+06  1.61e+03   2.31e+01     6.82e-04   2808.124s
5831000 +6.12116961e+06 +6.11957776e+06  1.59e+03   2.31e+01     6.81e-04   2808.602s
5832000 +6.12117657e+06 +6.11957694e+06  1.60e+03   2.30e+01     6.81e-04   2809.081s
5833000 +6.12116634e+06 +6.11957596e+06  1.59e+03   2.30e+01     6.81e-04   2809.559s
5834000 +6.12113821e+06 +6.11957459e+06  1.56e+03   2.30e+01     6.79e-04   2810.038s
5835000 +6.12111442e+06 +6.11957300e+06  1.54e+03   2.29e+01     6.77e-04   2810.516s
5836000 +6.12114234e+06 +6.11957227e+06  1.57e+03   2.30e+01     6.79e-04   2810.995s
5837000 +6.12112331e+06 +6.11957114e+06  1.55e+03   2.30e+01     6.78e-04   2811.473s
5838000 +6.12110597e+06 +6.11957021e+06  1.54e+03   2.31e+01     6.77e-04   2811.952s
5839000 +6.12108318e+06 +6.11956873e+06  1.51e+03   2.30e+01     6.76e-04   2812.430s
5840000 +6.12110563e+06 +6.11956773e+06  1.54e+03   2.29e+01     6.78e-04   2812.908s
5841000 +6.12107197e+06 +6.11956664e+06  1.51e+03   2.29e+01     6.77e-04   2813.387s
5842000 +6.12108617e+06 +6.11956587e+06  1.52e+03   2.30e+01     6.77e-04   2813.865s
5843000 +6.12110235e+06 +6.11956452e+06  1.54e+03   2.30e+01     6.78e-04   2814.344s
5844000 +6.12109822e+06 +6.11956378e+06  1.53e+03   2.30e+01     6.78e-04   2814.822s
5845000 +6.12108307e+06 +6.11956271e+06  1.52e+03   2.30e+01     6.77e-04   2815.301s
5846000 +6.12109717e+06 +6.11956175e+06  1.54e+03   2.31e+01     6.78e-04   2815.779s
5847000 +6.12107086e+06 +6.11956090e+06  1.51e+03   2.30e+01     6.77e-04   2816.258s
5848000 +6.12109329e+06 +6.11955962e+06  1.53e+03   2.29e+01     6.80e-04   2816.736s
5849000 +6.12107850e+06 +6.11955867e+06  1.52e+03   2.29e+01     6.78e-04   2817.214s
5850000 +6.12108305e+06 +6.11955776e+06  1.53e+03   2.30e+01     6.77e-04   2817.693s
5851000 +6.12105986e+06 +6.11955696e+06  1.50e+03   2.30e+01     6.77e-04   2818.172s
5852000 +6.12107752e+06 +6.11955604e+06  1.52e+03   2.30e+01     6.78e-04   2818.650s
5853000 +6.12108392e+06 +6.11955515e+06  1.53e+03   2.30e+01     6.79e-04   2819.128s
5854000 +6.12106481e+06 +6.11955402e+06  1.51e+03   2.31e+01     6.77e-04   2819.607s
5855000 +6.12109269e+06 +6.11955302e+06  1.54e+03   2.30e+01     6.77e-04   2820.086s
5856000 +6.12108583e+06 +6.11955213e+06  1.53e+03   2.29e+01     6.78e-04   2820.564s
5857000 +6.12105810e+06 +6.11955138e+06  1.51e+03   2.29e+01     6.77e-04   2821.042s
5858000 +6.12107661e+06 +6.11955062e+06  1.53e+03   2.30e+01     6.77e-04   2821.521s
5859000 +6.12109158e+06 +6.11955007e+06  1.54e+03   2.30e+01     6.76e-04   2821.999s
5860000 +6.12107150e+06 +6.11954913e+06  1.52e+03   2.30e+01     6.77e-04   2822.478s
5861000 +6.12106659e+06 +6.11954793e+06  1.52e+03   2.30e+01     6.76e-04   2822.956s
5862000 +6.12108429e+06 +6.11954676e+06  1.54e+03   2.30e+01     6.77e-04   2823.435s
5863000 +6.12109561e+06 +6.11954576e+06  1.55e+03   2.30e+01     6.77e-04   2823.913s
5864000 +6.12109382e+06 +6.11954488e+06  1.55e+03   2.29e+01     6.77e-04   2824.392s
5865000 +6.12108958e+06 +6.11954390e+06  1.55e+03   2.29e+01     6.77e-04   2824.870s
5866000 +6.12110234e+06 +6.11954295e+06  1.56e+03   2.30e+01     6.78e-04   2825.349s
5867000 +6.12110246e+06 +6.11954233e+06  1.56e+03   2.31e+01     6.78e-04   2825.827s
5868000 +6.12108866e+06 +6.11954148e+06  1.55e+03   2.30e+01     6.78e-04   2826.305s
5869000 +6.12110094e+06 +6.11954099e+06  1.56e+03   2.30e+01     6.77e-04   2826.784s
5870000 +6.12111587e+06 +6.11954029e+06  1.58e+03   2.30e+01     6.77e-04   2827.262s
5871000 +6.12113511e+06 +6.11953983e+06  1.60e+03   2.29e+01     6.78e-04   2827.741s
5872000 +6.12114135e+06 +6.11953891e+06  1.60e+03   2.28e+01     6.78e-04   2828.219s
5873000 +6.12114280e+06 +6.11953846e+06  1.60e+03   2.30e+01     6.77e-04   2828.698s
5874000 +6.12113304e+06 +6.11953762e+06  1.60e+03   2.31e+01     6.75e-04   2829.176s
5875000 +6.12111184e+06 +6.11953700e+06  1.57e+03   2.30e+01     6.75e-04   2829.655s
5876000 +6.12110897e+06 +6.11953523e+06  1.57e+03   2.29e+01     6.76e-04   2830.133s
5877000 +6.12112857e+06 +6.11953407e+06  1.59e+03   2.30e+01     6.76e-04   2830.611s
5878000 +6.12113174e+06 +6.11953308e+06  1.60e+03   2.30e+01     6.77e-04   2831.090s
5879000 +6.12111633e+06 +6.11953206e+06  1.58e+03   2.28e+01     6.76e-04   2831.569s
5880000 +6.12111315e+06 +6.11953111e+06  1.58e+03   2.29e+01     6.76e-04   2832.047s
5881000 +6.12113245e+06 +6.11952979e+06  1.60e+03   2.31e+01     6.76e-04   2832.526s
5882000 +6.12112311e+06 +6.11952879e+06  1.59e+03   2.31e+01     6.76e-04   2833.004s
5883000 +6.12114962e+06 +6.11952824e+06  1.62e+03   2.30e+01     6.78e-04   2833.483s
5884000 +6.12116721e+06 +6.11952746e+06  1.64e+03   2.30e+01     6.78e-04   2833.961s
5885000 +6.12114122e+06 +6.11952675e+06  1.61e+03   2.29e+01     6.76e-04   2834.440s
5886000 +6.12114044e+06 +6.11952567e+06  1.61e+03   2.29e+01     6.77e-04   2834.918s
5887000 +6.12115303e+06 +6.11952491e+06  1.63e+03   2.30e+01     6.79e-04   2835.397s
5888000 +6.12116108e+06 +6.11952356e+06  1.64e+03   2.31e+01     6.78e-04   2835.875s
5889000 +6.12116203e+06 +6.11952114e+06  1.64e+03   2.32e+01     6.77e-04   2836.354s
5890000 +6.12115353e+06 +6.11952098e+06  1.63e+03   2.31e+01     6.77e-04   2836.832s
5891000 +6.12112049e+06 +6.11951972e+06  1.60e+03   2.30e+01     6.78e-04   2837.311s
5892000 +6.12113989e+06 +6.11951914e+06  1.62e+03   2.30e+01     6.80e-04   2837.789s
5893000 +6.12115967e+06 +6.11951845e+06  1.64e+03   2.31e+01     6.81e-04   2838.268s
5894000 +6.12114800e+06 +6.11951693e+06  1.63e+03   2.31e+01     6.81e-04   2838.746s
5895000 +6.12112165e+06 +6.11951627e+06  1.61e+03   2.31e+01     6.79e-04   2839.225s
5896000 +6.12114301e+06 +6.11951519e+06  1.63e+03   2.32e+01     6.81e-04   2839.704s
5897000 +6.12113423e+06 +6.11951458e+06  1.62e+03   2.32e+01     6.79e-04   2840.182s
5898000 +6.12113544e+06 +6.11951352e+06  1.62e+03   2.31e+01     6.79e-04   2840.661s
5899000 +6.12115654e+06 +6.11951242e+06  1.64e+03   2.30e+01     6.81e-04   2841.139s
5900000 +6.12114868e+06 +6.11951088e+06  1.64e+03   2.30e+01     6.81e-04   2841.617s
5901000 +6.12114057e+06 +6.11951033e+06  1.63e+03   2.31e+01     6.81e-04   2842.096s
5902000 +6.12114684e+06 +6.11950967e+06  1.64e+03   2.32e+01     6.83e-04   2842.575s
5903000 +6.12115198e+06 +6.11950880e+06  1.64e+03   2.32e+01     6.84e-04   2843.053s
5904000 +6.12113123e+06 +6.11950810e+06  1.62e+03   2.33e+01     6.83e-04   2843.532s
5905000 +6.12110802e+06 +6.11950712e+06  1.60e+03   2.33e+01     6.81e-04   2844.011s
5906000 +6.12109925e+06 +6.11950649e+06  1.59e+03   2.31e+01     6.83e-04   2844.489s
5907000 +6.12109612e+06 +6.11950575e+06  1.59e+03   2.31e+01     6.84e-04   2844.968s
5908000 +6.12110026e+06 +6.11950517e+06  1.60e+03   2.31e+01     6.83e-04   2845.446s
5909000 +6.12105400e+06 +6.11950414e+06  1.55e+03   2.33e+01     6.82e-04   2845.925s
5910000 +6.12107026e+06 +6.11950350e+06  1.57e+03   2.33e+01     6.84e-04   2846.404s
5911000 +6.12106014e+06 +6.11950264e+06  1.56e+03   2.32e+01     6.83e-04   2846.882s
5912000 +6.12104691e+06 +6.11950168e+06  1.55e+03   2.32e+01     6.83e-04   2847.361s
5913000 +6.12105015e+06 +6.11950068e+06  1.55e+03   2.32e+01     6.85e-04   2847.839s
5914000 +6.12103871e+06 +6.11950034e+06  1.54e+03   2.31e+01     6.84e-04   2848.318s
5915000 +6.12103668e+06 +6.11949957e+06  1.54e+03   2.32e+01     6.85e-04   2848.796s
5916000 +6.12104937e+06 +6.11949861e+06  1.55e+03   2.33e+01     6.83e-04   2849.275s
5917000 +6.12106370e+06 +6.11949788e+06  1.57e+03   2.34e+01     6.84e-04   2849.754s
5918000 +6.12104692e+06 +6.11949744e+06  1.55e+03   2.33e+01     6.85e-04   2850.232s
5919000 +6.12106991e+06 +6.11949679e+06  1.57e+03   2.32e+01     6.85e-04   2850.711s
5920000 +6.12105966e+06 +6.11949644e+06  1.56e+03   2.32e+01     6.85e-04   2851.190s
5921000 +6.12105963e+06 +6.11949579e+06  1.56e+03   2.32e+01     6.84e-04   2851.668s
5922000 +6.12106089e+06 +6.11949520e+06  1.57e+03   2.32e+01     6.85e-04   2852.146s
5923000 +6.12107276e+06 +6.11949503e+06  1.58e+03   2.32e+01     6.85e-04   2852.625s
5924000 +6.12107410e+06 +6.11949459e+06  1.58e+03   2.33e+01     6.85e-04   2853.104s
5925000 +6.12105979e+06 +6.11949372e+06  1.57e+03   2.33e+01     6.85e-04   2853.582s
5926000 +6.12104376e+06 +6.11949287e+06  1.55e+03   2.32e+01     6.85e-04   2854.061s
5927000 +6.12104630e+06 +6.11949253e+06  1.55e+03   2.32e+01     6.84e-04   2854.539s
5928000 +6.12102931e+06 +6.11949183e+06  1.54e+03   2.33e+01     6.84e-04   2855.018s
5929000 +6.12102913e+06 +6.11949118e+06  1.54e+03   2.33e+01     6.84e-04   2855.497s
5930000 +6.12101781e+06 +6.11949026e+06  1.53e+03   2.32e+01     6.84e-04   2855.975s
5931000 +6.12100776e+06 +6.11948931e+06  1.52e+03   2.33e+01     6.82e-04   2856.454s
5932000 +6.12099291e+06 +6.11948917e+06  1.50e+03   2.33e+01     6.81e-04   2856.932s
5933000 +6.12098479e+06 +6.11948890e+06  1.50e+03   2.33e+01     6.83e-04   2857.411s
5934000 +6.12096326e+06 +6.11948873e+06  1.47e+03   2.31e+01     6.82e-04   2857.889s
5935000 +6.12097804e+06 +6.11948822e+06  1.49e+03   2.32e+01     6.83e-04   2858.368s
5936000 +6.12102170e+06 +6.11948781e+06  1.53e+03   2.33e+01     6.84e-04   2858.846s
5937000 +6.12101312e+06 +6.11948734e+06  1.53e+03   2.34e+01     6.86e-04   2859.325s
5938000 +6.12094420e+06 +6.11948667e+06  1.46e+03   2.33e+01     6.85e-04   2859.803s
5939000 +6.12095917e+06 +6.11948593e+06  1.47e+03   2.33e+01     6.86e-04   2860.282s
5940000 +6.12096599e+06 +6.11948535e+06  1.48e+03   2.34e+01     6.85e-04   2860.760s
5941000 +6.12096505e+06 +6.11948469e+06  1.48e+03   2.32e+01     6.85e-04   2861.239s
5942000 +6.12094690e+06 +6.11948390e+06  1.46e+03   2.32e+01     6.85e-04   2861.718s
5943000 +6.12097203e+06 +6.11948293e+06  1.49e+03   2.33e+01     6.86e-04   2862.196s
5944000 +6.12095745e+06 +6.11948245e+06  1.47e+03   2.33e+01     6.84e-04   2862.675s
5945000 +6.12097422e+06 +6.11948142e+06  1.49e+03   2.32e+01     6.82e-04   2863.153s
5946000 +6.12097826e+06 +6.11948087e+06  1.50e+03   2.32e+01     6.83e-04   2863.632s
5947000 +6.12097333e+06 +6.11948019e+06  1.49e+03   2.32e+01     6.81e-04   2864.110s
5948000 +6.12096442e+06 +6.11947942e+06  1.49e+03   2.32e+01     6.82e-04   2864.589s
5949000 +6.12092644e+06 +6.11947820e+06  1.45e+03   2.31e+01     6.81e-04   2865.067s
5950000 +6.12093015e+06 +6.11947768e+06  1.45e+03   2.31e+01     6.81e-04   2865.546s
5951000 +6.12093160e+06 +6.11947677e+06  1.45e+03   2.32e+01     6.83e-04   2866.025s
5952000 +6.12091307e+06 +6.11947620e+06  1.44e+03   2.33e+01     6.83e-04   2866.503s
5953000 +6.12092117e+06 +6.11947602e+06  1.45e+03   2.34e+01     6.85e-04   2866.982s
5954000 +6.12091585e+06 +6.11947583e+06  1.44e+03   2.34e+01     6.86e-04   2867.460s
5955000 +6.12087380e+06 +6.11947515e+06  1.40e+03   2.33e+01     6.84e-04   2867.939s
5956000 +6.12087587e+06 +6.11947464e+06  1.40e+03   2.32e+01     6.83e-04   2868.417s
5957000 +6.12085930e+06 +6.11947402e+06  1.39e+03   2.32e+01     6.85e-04   2868.896s
5958000 +6.12086209e+06 +6.11947358e+06  1.39e+03   2.32e+01     6.85e-04   2869.374s
5959000 +6.12085300e+06 +6.11947280e+06  1.38e+03   2.33e+01     6.84e-04   2869.853s
5960000 +6.12084682e+06 +6.11947195e+06  1.37e+03   2.33e+01     6.82e-04   2870.331s
5961000 +6.12083841e+06 +6.11947080e+06  1.37e+03   2.33e+01     6.82e-04   2870.810s
5962000 +6.12081870e+06 +6.11947023e+06  1.35e+03   2.32e+01     6.80e-04   2871.288s
5963000 +6.12083089e+06 +6.11946965e+06  1.36e+03   2.32e+01     6.80e-04   2871.767s
5964000 +6.12082474e+06 +6.11946910e+06  1.36e+03   2.32e+01     6.82e-04   2872.246s
5965000 +6.12078999e+06 +6.11946860e+06  1.32e+03   2.32e+01     6.81e-04   2872.724s
5966000 +6.12078385e+06 +6.11946825e+06  1.32e+03   2.32e+01     6.79e-04   2873.203s
5967000 +6.12079608e+06 +6.11946770e+06  1.33e+03   2.32e+01     6.79e-04   2873.681s
5968000 +6.12077040e+06 +6.11946705e+06  1.30e+03   2.32e+01     6.77e-04   2874.160s
5969000 +6.12078861e+06 +6.11946671e+06  1.32e+03   2.33e+01     6.79e-04   2874.639s
5970000 +6.12077352e+06 +6.11946634e+06  1.31e+03   2.32e+01     6.77e-04   2875.117s
5971000 +6.12075597e+06 +6.11946580e+06  1.29e+03   2.31e+01     6.75e-04   2875.596s
5972000 +6.12073876e+06 +6.11946554e+06  1.27e+03   2.31e+01     6.74e-04   2876.074s
5973000 +6.12075452e+06 +6.11946465e+06  1.29e+03   2.31e+01     6.74e-04   2876.553s
5974000 +6.12078448e+06 +6.11946340e+06  1.32e+03   2.31e+01     6.74e-04   2877.031s
5975000 +6.12077749e+06 +6.11946288e+06  1.31e+03   2.31e+01     6.75e-04   2877.510s
5976000 +6.12078227e+06 +6.11946220e+06  1.32e+03   2.32e+01     6.76e-04   2877.989s
5977000 +6.12076847e+06 +6.11946103e+06  1.31e+03   2.31e+01     6.76e-04   2878.467s
5978000 +6.12076103e+06 +6.11946052e+06  1.30e+03   2.30e+01     6.74e-04   2878.946s
5979000 +6.12077319e+06 +6.11945958e+06  1.31e+03   2.31e+01     6.73e-04   2879.424s
5980000 +6.12075289e+06 +6.11945835e+06  1.29e+03   2.31e+01     6.74e-04   2879.903s
5981000 +6.12076218e+06 +6.11945714e+06  1.31e+03   2.31e+01     6.73e-04   2880.381s
5982000 +6.12074171e+06 +6.11945607e+06  1.29e+03   2.31e+01     6.73e-04   2880.860s
5983000 +6.12076387e+06 +6.11945513e+06  1.31e+03   2.31e+01     6.73e-04   2881.338s
5984000 +6.12075245e+06 +6.11945458e+06  1.30e+03   2.30e+01     6.74e-04   2881.817s
5985000 +6.12075026e+06 +6.11945377e+06  1.30e+03   2.31e+01     6.74e-04   2882.296s
5986000 +6.12074790e+06 +6.11945257e+06  1.30e+03   2.32e+01     6.74e-04   2882.774s
5987000 +6.12074649e+06 +6.11945190e+06  1.29e+03   2.32e+01     6.74e-04   2883.253s
5988000 +6.12075643e+06 +6.11945089e+06  1.31e+03   2.32e+01     6.76e-04   2883.732s
5989000 +6.12075937e+06 +6.11945028e+06  1.31e+03   2.31e+01     6.77e-04   2884.210s
5990000 +6.12073422e+06 +6.11944855e+06  1.29e+03   2.31e+01     6.75e-04   2884.689s
5991000 +6.12073336e+06 +6.11944797e+06  1.29e+03   2.31e+01     6.76e-04   2885.167s
5992000 +6.12072403e+06 +6.11944716e+06  1.28e+03   2.32e+01     6.75e-04   2885.646s
5993000 +6.12071563e+06 +6.11944670e+06  1.27e+03   2.32e+01     6.77e-04   2886.125s
5994000 +6.12072293e+06 +6.11944583e+06  1.28e+03   2.32e+01     6.78e-04   2886.603s
5995000 +6.12074314e+06 +6.11944505e+06  1.30e+03   2.33e+01     6.80e-04   2887.082s
5996000 +6.12073310e+06 +6.11944472e+06  1.29e+03   2.32e+01     6.81e-04   2887.560s
5997000 +6.12073975e+06 +6.11944430e+06  1.30e+03   2.33e+01     6.82e-04   2888.039s
5998000 +6.12074640e+06 +6.11944367e+06  1.30e+03   2.33e+01     6.82e-04   2888.517s
5999000 +6.12075076e+06 +6.11944299e+06  1.31e+03   2.33e+01     6.83e-04   2888.996s
6000000 +6.12072911e+06 +6.11944231e+06  1.29e+03   2.32e+01     6.82e-04   2889.475s
6001000 +6.12076736e+06 +6.11944139e+06  1.33e+03   2.33e+01     6.83e-04   2889.953s
6002000 +6.12076704e+06 +6.11944102e+06  1.33e+03   2.33e+01     6.81e-04   2890.432s
6003000 +6.12076706e+06 +6.11944019e+06  1.33e+03   2.33e+01     6.82e-04   2890.910s
6004000 +6.12075103e+06 +6.11943943e+06  1.31e+03   2.32e+01     6.81e-04   2891.389s
6005000 +6.12075406e+06 +6.11943855e+06  1.32e+03   2.33e+01     6.82e-04   2891.867s
6006000 +6.12076046e+06 +6.11943783e+06  1.32e+03   2.33e+01     6.85e-04   2892.346s
6007000 +6.12077074e+06 +6.11943753e+06  1.33e+03   2.34e+01     6.83e-04   2892.824s
6008000 +6.12073141e+06 +6.11943697e+06  1.29e+03   2.34e+01     6.83e-04   2893.303s
6009000 +6.12073963e+06 +6.11943646e+06  1.30e+03   2.33e+01     6.82e-04   2893.782s
6010000 +6.12074533e+06 +6.11943564e+06  1.31e+03   2.32e+01     6.82e-04   2894.260s
6011000 +6.12074874e+06 +6.11943486e+06  1.31e+03   2.32e+01     6.83e-04   2894.739s
6012000 +6.12072704e+06 +6.11943414e+06  1.29e+03   2.32e+01     6.83e-04   2895.218s
6013000 +6.12071759e+06 +6.11943339e+06  1.28e+03   2.33e+01     6.83e-04   2895.696s
6014000 +6.12070416e+06 +6.11943315e+06  1.27e+03   2.34e+01     6.81e-04   2896.174s
6015000 +6.12069832e+06 +6.11943291e+06  1.27e+03   2.33e+01     6.79e-04   2896.653s
6016000 +6.12067492e+06 +6.11943230e+06  1.24e+03   2.32e+01     6.79e-04   2897.132s
6017000 +6.12069029e+06 +6.11943168e+06  1.26e+03   2.32e+01     6.81e-04   2897.610s
6018000 +6.12069270e+06 +6.11943148e+06  1.26e+03   2.33e+01     6.80e-04   2898.089s
6019000 +6.12068869e+06 +6.11943098e+06  1.26e+03   2.33e+01     6.81e-04   2898.567s
6020000 +6.12068465e+06 +6.11943034e+06  1.25e+03   2.32e+01     6.81e-04   2899.046s
6021000 +6.12067014e+06 +6.11942945e+06  1.24e+03   2.33e+01     6.79e-04   2899.525s
6022000 +6.12067080e+06 +6.11942853e+06  1.24e+03   2.32e+01     6.78e-04   2900.003s
6023000 +6.12066655e+06 +6.11942795e+06  1.24e+03   2.31e+01     6.77e-04   2900.482s
6024000 +6.12067075e+06 +6.11942744e+06  1.24e+03   2.32e+01     6.75e-04   2900.961s
6025000 +6.12066452e+06 +6.11942686e+06  1.24e+03   2.33e+01     6.75e-04   2901.439s
6026000 +6.12065307e+06 +6.11942608e+06  1.23e+03   2.32e+01     6.75e-04   2901.918s
6027000 +6.12065627e+06 +6.11942529e+06  1.23e+03   2.31e+01     6.74e-04   2902.396s
6028000 +6.12066286e+06 +6.11942419e+06  1.24e+03   2.31e+01     6.74e-04   2902.875s
6029000 +6.12067351e+06 +6.11942350e+06  1.25e+03   2.32e+01     6.75e-04   2903.353s
6030000 +6.12066419e+06 +6.11942290e+06  1.24e+03   2.32e+01     6.75e-04   2903.832s
6031000 +6.12064777e+06 +6.11942199e+06  1.23e+03   2.31e+01     6.72e-04   2904.311s
6032000 +6.12063968e+06 +6.11942082e+06  1.22e+03   2.30e+01     6.71e-04   2904.789s
6033000 +6.12064532e+06 +6.11942046e+06  1.22e+03   2.31e+01     6.73e-04   2905.268s
6034000 +6.12065929e+06 +6.11942016e+06  1.24e+03   2.30e+01     6.73e-04   2905.747s
6035000 +6.12066767e+06 +6.11941978e+06  1.25e+03   2.31e+01     6.74e-04   2906.225s
6036000 +6.12065620e+06 +6.11941937e+06  1.24e+03   2.32e+01     6.73e-04   2906.704s
6037000 +6.12064410e+06 +6.11941875e+06  1.23e+03   2.31e+01     6.72e-04   2907.182s
6038000 +6.12066454e+06 +6.11941796e+06  1.25e+03   2.30e+01     6.73e-04   2907.661s
6039000 +6.12062195e+06 +6.11941724e+06  1.20e+03   2.30e+01     6.70e-04   2908.140s
6040000 +6.12059138e+06 +6.11941672e+06  1.17e+03   2.31e+01     6.70e-04   2908.618s
6041000 +6.12058474e+06 +6.11941633e+06  1.17e+03   2.31e+01     6.70e-04   2909.097s
6042000 +6.12058456e+06 +6.11941617e+06  1.17e+03   2.30e+01     6.70e-04   2909.575s
6043000 +6.12056344e+06 +6.11941560e+06  1.15e+03   2.30e+01     6.68e-04   2910.054s
6044000 +6.12055702e+06 +6.11941482e+06  1.14e+03   2.29e+01     6.68e-04   2910.533s
6045000 +6.12055985e+06 +6.11941407e+06  1.15e+03   2.30e+01     6.69e-04   2911.011s
6046000 +6.12055771e+06 +6.11941342e+06  1.14e+03   2.31e+01     6.69e-04   2911.490s
6047000 +6.12047989e+06 +6.11941066e+06  1.07e+03   2.29e+01     9.54e-04   2911.969s
6048000 +6.12045887e+06 +6.11940934e+06  1.05e+03   2.29e+01     9.54e-04   2912.447s
6049000 +6.12045170e+06 +6.11940802e+06  1.04e+03   2.29e+01     9.53e-04   2912.925s
6050000 +6.12044915e+06 +6.11940667e+06  1.04e+03   2.29e+01     9.53e-04   2913.404s
6051000 +6.12045086e+06 +6.11940533e+06  1.05e+03   2.29e+01     9.52e-04   2913.882s
6052000 +6.12045394e+06 +6.11940406e+06  1.05e+03   2.29e+01     9.52e-04   2914.360s
6053000 +6.12044325e+06 +6.11940282e+06  1.04e+03   2.29e+01     9.53e-04   2914.838s
6054000 +6.12044055e+06 +6.11940152e+06  1.04e+03   2.29e+01     9.53e-04   2915.316s
6055000 +6.12044011e+06 +6.11940021e+06  1.04e+03   2.29e+01     9.53e-04   2915.795s
6056000 +6.12043505e+06 +6.11939899e+06  1.04e+03   2.29e+01     9.53e-04   2916.273s
6057000 +6.12043603e+06 +6.11939774e+06  1.04e+03   2.29e+01     9.54e-04   2916.751s
6058000 +6.12042416e+06 +6.11939645e+06  1.03e+03   2.29e+01     9.54e-04   2917.230s
6059000 +6.12042403e+06 +6.11939530e+06  1.03e+03   2.29e+01     9.55e-04   2917.708s
6060000 +6.12041738e+06 +6.11939416e+06  1.02e+03   2.29e+01     9.55e-04   2918.186s
6061000 +6.12040557e+06 +6.11939296e+06  1.01e+03   2.29e+01     9.54e-04   2918.664s
6062000 +6.12040744e+06 +6.11939167e+06  1.02e+03   2.29e+01     9.54e-04   2919.143s
6063000 +6.12039919e+06 +6.11939040e+06  1.01e+03   2.29e+01     9.53e-04   2919.621s
6064000 +6.12040605e+06 +6.11938920e+06  1.02e+03   2.29e+01     9.54e-04   2920.099s
6065000 +6.12040007e+06 +6.11938805e+06  1.01e+03   2.29e+01     9.54e-04   2920.578s
6066000 +6.12039398e+06 +6.11938685e+06  1.01e+03   2.29e+01     9.54e-04   2921.056s
6067000 +6.12039845e+06 +6.11938571e+06  1.01e+03   2.29e+01     9.54e-04   2921.534s
6068000 +6.12039927e+06 +6.11938450e+06  1.01e+03   2.29e+01     9.54e-04   2922.012s
6069000 +6.12038881e+06 +6.11938340e+06  1.01e+03   2.29e+01     9.54e-04   2922.491s
6070000 +6.12038664e+06 +6.11938222e+06  1.00e+03   2.29e+01     9.54e-04   2922.969s
6071000 +6.12037318e+06 +6.11938090e+06  9.92e+02   2.29e+01     9.53e-04   2923.448s
6072000 +6.12037624e+06 +6.11937974e+06  9.96e+02   2.29e+01     9.52e-04   2923.926s
6073000 +6.12036966e+06 +6.11937854e+06  9.91e+02   2.29e+01     9.52e-04   2924.404s
6074000 +6.12037559e+06 +6.11937749e+06  9.98e+02   2.29e+01     9.52e-04   2924.882s
6075000 +6.12036304e+06 +6.11937627e+06  9.87e+02   2.29e+01     9.51e-04   2925.361s
6076000 +6.12035697e+06 +6.11937527e+06  9.82e+02   2.29e+01     9.52e-04   2925.839s
6077000 +6.12034806e+06 +6.11937431e+06  9.74e+02   2.29e+01     9.51e-04   2926.317s
6078000 +6.12034436e+06 +6.11937330e+06  9.71e+02   2.29e+01     9.51e-04   2926.796s
6079000 +6.12034160e+06 +6.11937197e+06  9.70e+02   2.29e+01     9.49e-04   2927.274s
6080000 +6.12033487e+06 +6.11937103e+06  9.64e+02   2.28e+01     9.49e-04   2927.752s
6081000 +6.12033588e+06 +6.11936982e+06  9.66e+02   2.28e+01     9.48e-04   2928.231s
6082000 +6.12033674e+06 +6.11936877e+06  9.68e+02   2.28e+01     9.47e-04   2928.709s
6083000 +6.12032868e+06 +6.11936779e+06  9.61e+02   2.28e+01     9.47e-04   2929.187s
6084000 +6.12033272e+06 +6.11936675e+06  9.66e+02   2.28e+01     9.47e-04   2929.666s
6085000 +6.12034183e+06 +6.11936561e+06  9.76e+02   2.28e+01     9.48e-04   2930.144s
6086000 +6.12033140e+06 +6.11936444e+06  9.67e+02   2.28e+01     9.47e-04   2930.622s
6087000 +6.12032456e+06 +6.11936334e+06  9.61e+02   2.28e+01     9.45e-04   2931.101s
6088000 +6.12032004e+06 +6.11936223e+06  9.58e+02   2.27e+01     9.45e-04   2931.579s
6089000 +6.12032024e+06 +6.11936126e+06  9.59e+02   2.27e+01     9.44e-04   2932.057s
6090000 +6.12032186e+06 +6.11936024e+06  9.62e+02   2.27e+01     9.45e-04   2932.536s
6091000 +6.12031390e+06 +6.11935915e+06  9.55e+02   2.27e+01     9.44e-04   2933.014s
6092000 +6.12030944e+06 +6.11935813e+06  9.51e+02   2.27e+01     9.44e-04   2933.493s
6093000 +6.12030954e+06 +6.11935726e+06  9.52e+02   2.27e+01     9.43e-04   2933.971s
6094000 +6.12031064e+06 +6.11935650e+06  9.54e+02   2.27e+01     9.44e-04   2934.449s
6095000 +6.12031646e+06 +6.11935557e+06  9.61e+02   2.27e+01     9.44e-04   2934.928s
6096000 +6.12031324e+06 +6.11935462e+06  9.59e+02   2.27e+01     9.43e-04   2935.406s
6097000 +6.12029900e+06 +6.11935356e+06  9.45e+02   2.26e+01     9.42e-04   2935.885s
6098000 +6.12030221e+06 +6.11935239e+06  9.50e+02   2.27e+01     9.42e-04   2936.363s
6099000 +6.12029743e+06 +6.11935128e+06  9.46e+02   2.27e+01     9.41e-04   2936.841s
6100000 +6.12028897e+06 +6.11935046e+06  9.39e+02   2.27e+01     9.41e-04   2937.320s
6101000 +6.12029434e+06 +6.11934963e+06  9.45e+02   2.27e+01     9.41e-04   2937.798s
6102000 +6.12029805e+06 +6.11934835e+06  9.50e+02   2.26e+01     9.42e-04   2938.277s
6103000 +6.12029377e+06 +6.11934735e+06  9.46e+02   2.26e+01     9.40e-04   2938.755s
6104000 +6.12030154e+06 +6.11934637e+06  9.55e+02   2.26e+01     9.42e-04   2939.233s
6105000 +6.12029301e+06 +6.11934554e+06  9.47e+02   2.26e+01     9.40e-04   2939.712s
6106000 +6.12028296e+06 +6.11934453e+06  9.38e+02   2.27e+01     9.39e-04   2940.190s
6107000 +6.12003862e+06 +6.11934384e+06  6.95e+02   2.23e+01     9.19e-04   2940.669s
6108000 +6.12010129e+06 +6.11934311e+06  7.58e+02   2.24e+01     9.21e-04   2941.147s
6109000 +6.12008154e+06 +6.11934231e+06  7.39e+02   2.23e+01     9.21e-04   2941.625s
6110000 +6.12009034e+06 +6.11934164e+06  7.49e+02   2.23e+01     9.21e-04   2942.104s
6111000 +6.12008353e+06 +6.11934119e+06  7.42e+02   2.23e+01     9.21e-04   2942.582s
6112000 +6.12007829e+06 +6.11934049e+06  7.38e+02   2.24e+01     9.22e-04   2943.060s
6113000 +6.12004276e+06 +6.11934003e+06  7.03e+02   2.24e+01     9.18e-04   2943.539s
6114000 +6.12003887e+06 +6.11933944e+06  6.99e+02   2.24e+01     9.19e-04   2944.017s
6115000 +6.12004306e+06 +6.11933876e+06  7.04e+02   2.24e+01     9.19e-04   2944.496s
6116000 +6.12002937e+06 +6.11933765e+06  6.92e+02   2.24e+01     9.18e-04   2944.974s
6117000 +6.12002028e+06 +6.11933693e+06  6.83e+02   2.23e+01     9.16e-04   2945.453s
6118000 +6.12001874e+06 +6.11933629e+06  6.82e+02   2.22e+01     9.17e-04   2945.931s
6119000 +6.12001537e+06 +6.11933540e+06  6.80e+02   2.23e+01     9.17e-04   2946.410s
6120000 +6.11999608e+06 +6.11933458e+06  6.61e+02   2.24e+01     9.15e-04   2946.888s
6121000 +6.11999856e+06 +6.11933374e+06  6.65e+02   2.23e+01     9.14e-04   2947.367s
6122000 +6.11998751e+06 +6.11933304e+06  6.54e+02   2.22e+01     9.12e-04   2947.845s
6123000 +6.11998223e+06 +6.11933218e+06  6.50e+02   2.22e+01     9.10e-04   2948.323s
6124000 +6.11996984e+06 +6.11933138e+06  6.38e+02   2.22e+01     9.08e-04   2948.802s
6125000 +6.11996376e+06 +6.11933047e+06  6.33e+02   2.22e+01     9.08e-04   2949.280s
6126000 +6.11996178e+06 +6.11932971e+06  6.32e+02   2.22e+01     9.07e-04   2949.758s
6127000 +6.11995281e+06 +6.11932942e+06  6.23e+02   2.23e+01     9.06e-04   2950.237s
6128000 +6.11992150e+06 +6.11932877e+06  5.93e+02   2.22e+01     9.03e-04   2950.715s
6129000 +6.11992758e+06 +6.11932835e+06  5.99e+02   2.21e+01     9.05e-04   2951.193s
6130000 +6.11992607e+06 +6.11932779e+06  5.98e+02   2.21e+01     9.03e-04   2951.672s
6131000 +6.11991192e+06 +6.11932722e+06  5.85e+02   2.21e+01     9.02e-04   2952.151s
6132000 +6.11991979e+06 +6.11932688e+06  5.93e+02   2.21e+01     9.02e-04   2952.629s
6133000 +6.11990061e+06 +6.11932633e+06  5.74e+02   2.21e+01     8.99e-04   2953.107s
6134000 +6.11988931e+06 +6.11932590e+06  5.63e+02   2.21e+01     8.97e-04   2953.585s
6135000 +6.11986128e+06 +6.11932539e+06  5.36e+02   2.21e+01     8.96e-04   2954.064s
6136000 +6.11984982e+06 +6.11932448e+06  5.25e+02   2.20e+01     8.94e-04   2954.542s
6137000 +6.11984207e+06 +6.11932361e+06  5.18e+02   2.19e+01     8.93e-04   2955.021s
6138000 +6.11982565e+06 +6.11932305e+06  5.03e+02   2.19e+01     8.92e-04   2955.499s
6139000 +6.11983178e+06 +6.11932221e+06  5.10e+02   2.19e+01     8.93e-04   2955.977s
6140000 +6.11983153e+06 +6.11932142e+06  5.10e+02   2.20e+01     8.91e-04   2956.456s
6141000 +6.11981992e+06 +6.11932064e+06  4.99e+02   2.20e+01     8.89e-04   2956.935s
6142000 +6.11980352e+06 +6.11932002e+06  4.84e+02   2.19e+01     8.88e-04   2957.413s
6143000 +6.11979229e+06 +6.11931993e+06  4.72e+02   2.19e+01     8.88e-04   2957.891s
6144000 +6.11980427e+06 +6.11931933e+06  4.85e+02   2.19e+01     8.87e-04   2958.370s
6145000 +6.11981413e+06 +6.11931869e+06  4.95e+02   2.18e+01     8.89e-04   2958.848s
6146000 +6.11979697e+06 +6.11931827e+06  4.79e+02   2.18e+01     8.87e-04   2959.327s
6147000 +6.11979568e+06 +6.11931783e+06  4.78e+02   2.19e+01     8.87e-04   2959.805s
6148000 +6.11981660e+06 +6.11931714e+06  4.99e+02   2.20e+01     8.88e-04   2960.283s
6149000 +6.11980789e+06 +6.11931657e+06  4.91e+02   2.19e+01     8.89e-04   2960.762s
6150000 +6.11978877e+06 +6.11931586e+06  4.73e+02   2.19e+01     8.87e-04   2961.240s
6151000 +6.11981033e+06 +6.11931529e+06  4.95e+02   2.18e+01     8.87e-04   2961.719s
6152000 +6.11979878e+06 +6.11931465e+06  4.84e+02   2.18e+01     8.86e-04   2962.197s
6153000 +6.11978479e+06 +6.11931380e+06  4.71e+02   2.18e+01     8.84e-04   2962.675s
6154000 +6.11978342e+06 +6.11931326e+06  4.70e+02   2.18e+01     8.83e-04   2963.154s
6155000 +6.11978795e+06 +6.11931263e+06  4.75e+02   2.19e+01     8.82e-04   2963.632s
6156000 +6.11977696e+06 +6.11931213e+06  4.65e+02   2.18e+01     8.81e-04   2964.111s
6157000 +6.11976443e+06 +6.11931178e+06  4.53e+02   2.17e+01     8.81e-04   2964.589s
6158000 +6.11975334e+06 +6.11931127e+06  4.42e+02   2.17e+01     8.80e-04   2965.068s
6159000 +6.11974843e+06 +6.11931040e+06  4.38e+02   2.17e+01     8.79e-04   2965.546s
6160000 +6.11975161e+06 +6.11930974e+06  4.42e+02   2.17e+01     8.77e-04   2966.025s
6161000 +6.11972943e+06 +6.11930906e+06  4.20e+02   2.16e+01     8.75e-04   2966.503s
6162000 +6.11971952e+06 +6.11930828e+06  4.11e+02   2.16e+01     8.73e-04   2966.982s
6163000 +6.11971961e+06 +6.11930748e+06  4.12e+02   2.16e+01     8.71e-04   2967.460s
6164000 +6.11971903e+06 +6.11930688e+06  4.12e+02   2.15e+01     8.70e-04   2967.939s
6165000 +6.11972138e+06 +6.11930641e+06  4.15e+02   2.15e+01     8.69e-04   2968.417s
6166000 +6.11971023e+06 +6.11930593e+06  4.04e+02   2.15e+01     8.67e-04   2968.896s
6167000 +6.11969063e+06 +6.11930552e+06  3.85e+02   2.15e+01     8.65e-04   2969.374s
6168000 +6.11969820e+06 +6.11930492e+06  3.93e+02   2.14e+01     8.66e-04   2969.852s
6169000 +6.11969772e+06 +6.11930449e+06  3.93e+02   2.15e+01     8.65e-04   2970.331s
6170000 +6.11967979e+06 +6.11930443e+06  3.75e+02   2.14e+01     8.62e-04   2970.809s
6171000 +6.11967093e+06 +6.11930453e+06  3.66e+02   2.14e+01     8.61e-04   2971.288s
6172000 +6.11967531e+06 +6.11930404e+06  3.71e+02   2.14e+01     8.61e-04   2971.766s
6173000 +6.11966908e+06 +6.11930344e+06  3.66e+02   2.14e+01     8.62e-04   2972.244s
6174000 +6.11966771e+06 +6.11930296e+06  3.65e+02   2.14e+01     8.61e-04   2972.723s
6175000 +6.11965741e+06 +6.11930253e+06  3.55e+02   2.14e+01     8.60e-04   2973.202s
6176000 +6.11964649e+06 +6.11930179e+06  3.45e+02   2.13e+01     8.57e-04   2973.680s
6177000 +6.11963897e+06 +6.11930166e+06  3.37e+02   2.13e+01     8.58e-04   2974.159s
6178000 +6.11964154e+06 +6.11930133e+06  3.40e+02   2.13e+01     8.57e-04   2974.637s
6179000 +6.11965025e+06 +6.11930100e+06  3.49e+02   2.14e+01     8.58e-04   2975.115s
6180000 +6.11964821e+06 +6.11930062e+06  3.48e+02   2.14e+01     8.58e-04   2975.594s
6181000 +6.11963436e+06 +6.11930011e+06  3.34e+02   2.13e+01     8.56e-04   2976.072s
6182000 +6.11963293e+06 +6.11930004e+06  3.33e+02   2.12e+01     8.55e-04   2976.551s
6183000 +6.11962562e+06 +6.11929970e+06  3.26e+02   2.12e+01     8.53e-04   2977.029s
6184000 +6.11960729e+06 +6.11929959e+06  3.08e+02   2.12e+01     8.53e-04   2977.508s
6185000 +6.11960196e+06 +6.11929908e+06  3.03e+02   2.12e+01     8.53e-04   2977.986s
6186000 +6.11960673e+06 +6.11929875e+06  3.08e+02   2.13e+01     8.53e-04   2978.465s
6187000 +6.11961227e+06 +6.11929841e+06  3.14e+02   2.13e+01     8.54e-04   2978.943s
6188000 +6.11961018e+06 +6.11929837e+06  3.12e+02   2.12e+01     8.52e-04   2979.421s
6189000 +6.11959313e+06 +6.11929830e+06  2.95e+02   2.12e+01     8.52e-04   2979.900s
6190000 +6.11958355e+06 +6.11929778e+06  2.86e+02   2.12e+01     8.50e-04   2980.378s
6191000 +6.11959345e+06 +6.11929779e+06  2.96e+02   2.11e+01     8.49e-04   2980.857s
6192000 +6.11958506e+06 +6.11929740e+06  2.88e+02   2.11e+01     8.50e-04   2981.335s
6193000 +6.11959233e+06 +6.11929694e+06  2.95e+02   2.12e+01     8.49e-04   2981.813s
6194000 +6.11959575e+06 +6.11929646e+06  2.99e+02   2.12e+01     8.48e-04   2982.292s
6195000 +6.11959760e+06 +6.11929637e+06  3.01e+02   2.11e+01     8.48e-04   2982.770s
6196000 +6.11959537e+06 +6.11929557e+06  3.00e+02   2.11e+01     8.47e-04   2983.249s
6197000 +6.11958664e+06 +6.11929501e+06  2.92e+02   2.11e+01     8.47e-04   2983.727s
6198000 +6.11958709e+06 +6.11929496e+06  2.92e+02   2.11e+01     8.46e-04   2984.206s
6199000 +6.11958325e+06 +6.11929465e+06  2.89e+02   2.11e+01     8.46e-04   2984.684s
6200000 +6.11957993e+06 +6.11929441e+06  2.86e+02   2.11e+01     8.45e-04   2985.163s
6201000 +6.11957845e+06 +6.11929420e+06  2.84e+02   2.11e+01     8.45e-04   2985.641s
6202000 +6.11956202e+06 +6.11929414e+06  2.68e+02   2.10e+01     8.43e-04   2986.120s
6203000 +6.11953954e+06 +6.11929418e+06  2.45e+02   2.10e+01     8.41e-04   2986.598s
6204000 +6.11954381e+06 +6.11929384e+06  2.50e+02   2.10e+01     8.41e-04   2987.076s
6205000 +6.11953654e+06 +6.11929370e+06  2.43e+02   2.09e+01     8.39e-04   2987.555s
6206000 +6.11954301e+06 +6.11929359e+06  2.49e+02   2.10e+01     8.39e-04   2988.034s
6207000 +6.11954107e+06 +6.11929318e+06  2.48e+02   2.10e+01     8.38e-04   2988.512s
6208000 +6.11953689e+06 +6.11929299e+06  2.44e+02   2.10e+01     8.38e-04   2988.991s
6209000 +6.11951309e+06 +6.11929275e+06  2.20e+02   2.09e+01     8.35e-04   2989.469s
6210000 +6.11951809e+06 +6.11929248e+06  2.26e+02   2.09e+01     8.34e-04   2989.948s
6211000 +6.11950919e+06 +6.11929219e+06  2.17e+02   2.09e+01     8.33e-04   2990.426s
6212000 +6.11951323e+06 +6.11929149e+06  2.22e+02   2.09e+01     8.33e-04   2990.905s
6213000 +6.11952947e+06 +6.11929109e+06  2.38e+02   2.09e+01     8.33e-04   2991.383s
6214000 +6.11953428e+06 +6.11929061e+06  2.44e+02   2.09e+01     8.33e-04   2991.861s
6215000 +6.11952522e+06 +6.11929031e+06  2.35e+02   2.09e+01     8.33e-04   2992.340s
6216000 +6.11960071e+06 +6.11928975e+06  3.11e+02   2.10e+01     8.44e-04   2992.818s
6217000 +6.11957363e+06 +6.11928952e+06  2.84e+02   2.09e+01     8.39e-04   2993.297s
6218000 +6.11960141e+06 +6.11928918e+06  3.12e+02   2.09e+01     8.39e-04   2993.776s
6219000 +6.11959215e+06 +6.11928897e+06  3.03e+02   2.10e+01     8.40e-04   2994.254s
6220000 +6.11958892e+06 +6.11928880e+06  3.00e+02   2.10e+01     8.38e-04   2994.733s
6221000 +6.11958114e+06 +6.11928829e+06  2.93e+02   2.09e+01     8.37e-04   2995.211s
6222000 +6.11959130e+06 +6.11928819e+06  3.03e+02   2.09e+01     8.37e-04   2995.690s
6223000 +6.11957009e+06 +6.11928789e+06  2.82e+02   2.09e+01     8.36e-04   2996.168s
6224000 +6.11954825e+06 +6.11928747e+06  2.61e+02   2.09e+01     8.33e-04   2996.647s
6225000 +6.11954671e+06 +6.11928707e+06  2.60e+02   2.08e+01     8.33e-04   2997.125s
6226000 +6.11955272e+06 +6.11928671e+06  2.66e+02   2.08e+01     8.34e-04   2997.604s
6227000 +6.11955698e+06 +6.11928638e+06  2.71e+02   2.09e+01     8.34e-04   2998.083s
6228000 +6.11955556e+06 +6.11928624e+06  2.69e+02   2.09e+01     8.33e-04   2998.561s
6229000 +6.11956630e+06 +6.11928628e+06  2.80e+02   2.09e+01     8.33e-04   2999.039s
6230000 +6.11954858e+06 +6.11928615e+06  2.62e+02   2.09e+01     8.33e-04   2999.518s
6231000 +6.11954290e+06 +6.11928620e+06  2.57e+02   2.09e+01     8.32e-04   2999.997s
6232000 +6.11953493e+06 +6.11928635e+06  2.49e+02   2.08e+01     8.30e-04   3000.475s
6233000 +6.11953224e+06 +6.11928615e+06  2.46e+02   2.08e+01     8.31e-04   3000.954s
6234000 +6.11954075e+06 +6.11928577e+06  2.55e+02   2.08e+01     8.31e-04   3001.432s
6235000 +6.11954224e+06 +6.11928523e+06  2.57e+02   2.09e+01     8.30e-04   3001.911s
6236000 +6.11954500e+06 +6.11928515e+06  2.60e+02   2.08e+01     8.30e-04   3002.389s
6237000 +6.11953850e+06 +6.11928456e+06  2.54e+02   2.08e+01     8.29e-04   3002.868s
6238000 +6.11954035e+06 +6.11928454e+06  2.56e+02   2.07e+01     8.28e-04   3003.346s
6239000 +6.11952397e+06 +6.11928433e+06  2.40e+02   2.08e+01     8.28e-04   3003.825s
6240000 +6.11951885e+06 +6.11928421e+06  2.35e+02   2.08e+01     8.28e-04   3004.303s
6241000 +6.11952588e+06 +6.11928381e+06  2.42e+02   2.08e+01     8.27e-04   3004.782s
6242000 +6.11954564e+06 +6.11928349e+06  2.62e+02   2.08e+01     8.25e-04   3005.260s
6243000 +6.11953114e+06 +6.11928313e+06  2.48e+02   2.07e+01     8.26e-04   3005.739s
6244000 +6.11953722e+06 +6.11928267e+06  2.55e+02   2.07e+01     8.25e-04   3006.217s
6245000 +6.11951648e+06 +6.11928233e+06  2.34e+02   2.07e+01     8.25e-04   3006.696s
6246000 +6.11950346e+06 +6.11928197e+06  2.21e+02   2.08e+01     8.26e-04   3007.174s
6247000 +6.11950407e+06 +6.11928159e+06  2.22e+02   2.08e+01     8.27e-04   3007.653s
6248000 +6.11953650e+06 +6.11928105e+06  2.55e+02   2.08e+01     8.29e-04   3008.131s
6249000 +6.11954430e+06 +6.11928071e+06  2.64e+02   2.08e+01     8.30e-04   3008.610s
6250000 +6.11952944e+06 +6.11928040e+06  2.49e+02   2.08e+01     8.28e-04   3009.088s
6251000 +6.11951893e+06 +6.11928009e+06  2.39e+02   2.08e+01     8.28e-04   3009.567s
6252000 +6.11952674e+06 +6.11927982e+06  2.47e+02   2.08e+01     8.26e-04   3010.045s
6253000 +6.11952221e+06 +6.11927915e+06  2.43e+02   2.07e+01     8.25e-04   3010.524s
6254000 +6.11952043e+06 +6.11927885e+06  2.42e+02   2.07e+01     8.26e-04   3011.003s
6255000 +6.11952327e+06 +6.11927832e+06  2.45e+02   2.07e+01     8.24e-04   3011.481s
6256000 +6.11953875e+06 +6.11927775e+06  2.61e+02   2.07e+01     8.25e-04   3011.960s
6257000 +6.11954623e+06 +6.11927753e+06  2.69e+02   2.07e+01     8.26e-04   3012.438s
6258000 +6.11954736e+06 +6.11927760e+06  2.70e+02   2.07e+01     8.27e-04   3012.917s
6259000 +6.11957001e+06 +6.11927731e+06  2.93e+02   2.07e+01     8.28e-04   3013.395s
6260000 +6.11955392e+06 +6.11927712e+06  2.77e+02   2.07e+01     8.28e-04   3013.874s
6261000 +6.11954611e+06 +6.11927706e+06  2.69e+02   2.07e+01     8.27e-04   3014.352s
6262000 +6.11955244e+06 +6.11927658e+06  2.76e+02   2.08e+01     8.26e-04   3014.831s
6263000 +6.11955284e+06 +6.11927623e+06  2.77e+02   2.08e+01     8.26e-04   3015.310s
6264000 +6.11953511e+06 +6.11927558e+06  2.60e+02   2.07e+01     8.25e-04   3015.788s
6265000 +6.11952531e+06 +6.11927514e+06  2.50e+02   2.06e+01     8.24e-04   3016.267s
6266000 +6.11952339e+06 +6.11927491e+06  2.48e+02   2.07e+01     8.23e-04   3016.745s
6267000 +6.11951148e+06 +6.11927480e+06  2.37e+02   2.07e+01     8.22e-04   3017.224s
6268000 +6.11950605e+06 +6.11927446e+06  2.32e+02   2.06e+01     8.19e-04   3017.703s
6269000 +6.11948195e+06 +6.11927402e+06  2.08e+02   2.06e+01     8.17e-04   3018.181s
6270000 +6.11946145e+06 +6.11927318e+06  1.88e+02   2.06e+01     8.15e-04   3018.660s
6271000 +6.11947391e+06 +6.11927279e+06  2.01e+02   2.06e+01     8.16e-04   3019.138s
6272000 +6.11947620e+06 +6.11927266e+06  2.04e+02   2.05e+01     8.17e-04   3019.617s
6273000 +6.11947493e+06 +6.11927210e+06  2.03e+02   2.06e+01     8.15e-04   3020.096s
6274000 +6.11945503e+06 +6.11927175e+06  1.83e+02   2.06e+01     8.12e-04   3020.574s
6275000 +6.11944127e+06 +6.11927136e+06  1.70e+02   2.05e+01     8.12e-04   3021.053s
6276000 +6.11944873e+06 +6.11927113e+06  1.78e+02   2.05e+01     8.11e-04   3021.531s
6277000 +6.11946722e+06 +6.11927123e+06  1.96e+02   2.05e+01     8.13e-04   3022.010s
6278000 +6.11946542e+06 +6.11927101e+06  1.94e+02   2.05e+01     8.13e-04   3022.488s
6279000 +6.11946097e+06 +6.11927082e+06  1.90e+02   2.05e+01     8.12e-04   3022.967s
6280000 +6.11947493e+06 +6.11927063e+06  2.04e+02   2.05e+01     8.13e-04   3023.445s
6281000 +6.11947044e+06 +6.11927032e+06  2.00e+02   2.05e+01     8.13e-04   3023.924s
6282000 +6.11948367e+06 +6.11927020e+06  2.13e+02   2.06e+01     8.14e-04   3024.402s
6283000 +6.11948272e+06 +6.11927025e+06  2.12e+02   2.06e+01     8.13e-04   3024.881s
6284000 +6.11948949e+06 +6.11926996e+06  2.20e+02   2.05e+01     8.15e-04   3025.359s
6285000 +6.11950128e+06 +6.11927007e+06  2.31e+02   2.05e+01     8.15e-04   3025.837s
6286000 +6.11948315e+06 +6.11927003e+06  2.13e+02   2.05e+01     8.14e-04   3026.316s
6287000 +6.11948082e+06 +6.11927007e+06  2.11e+02   2.05e+01     8.14e-04   3026.794s
6288000 +6.11948259e+06 +6.11927025e+06  2.12e+02   2.05e+01     8.13e-04   3027.273s
6289000 +6.11947842e+06 +6.11927034e+06  2.08e+02   2.05e+01     8.13e-04   3027.752s
6290000 +6.11948586e+06 +6.11927006e+06  2.16e+02   2.05e+01     8.13e-04   3028.230s
6291000 +6.11947942e+06 +6.11926986e+06  2.10e+02   2.05e+01     8.11e-04   3028.709s
6292000 +6.11947607e+06 +6.11926976e+06  2.06e+02   2.04e+01     8.12e-04   3029.187s
6293000 +6.11949451e+06 +6.11926933e+06  2.25e+02   2.04e+01     8.13e-04   3029.666s
6294000 +6.11947703e+06 +6.11926909e+06  2.08e+02   2.05e+01     8.13e-04   3030.144s
6295000 +6.11948237e+06 +6.11926863e+06  2.14e+02   2.05e+01     8.12e-04   3030.623s
6296000 +6.11948897e+06 +6.11926812e+06  2.21e+02   2.05e+01     8.11e-04   3031.101s
6297000 +6.11948875e+06 +6.11926804e+06  2.21e+02   2.05e+01     8.10e-04   3031.580s
6298000 +6.11948647e+06 +6.11926756e+06  2.19e+02   2.04e+01     8.10e-04   3032.058s
6299000 +6.11947180e+06 +6.11926723e+06  2.05e+02   2.03e+01     8.07e-04   3032.537s
6300000 +6.11948540e+06 +6.11926681e+06  2.19e+02   2.03e+01     8.08e-04   3033.015s
6301000 +6.11945592e+06 +6.11926644e+06  1.89e+02   2.04e+01     8.06e-04   3033.494s
6302000 +6.11947073e+06 +6.11926616e+06  2.05e+02   2.04e+01     8.07e-04   3033.972s
6303000 +6.11947581e+06 +6.11926594e+06  2.10e+02   2.04e+01     8.06e-04   3034.451s
6304000 +6.11946503e+06 +6.11926574e+06  1.99e+02   2.04e+01     8.07e-04   3034.929s
6305000 +6.11945712e+06 +6.11926517e+06  1.92e+02   2.03e+01     8.06e-04   3035.408s
6306000 +6.11945275e+06 +6.11926489e+06  1.88e+02   2.03e+01     8.06e-04   3035.886s
6307000 +6.11945345e+06 +6.11926447e+06  1.89e+02   2.03e+01     8.04e-04   3036.365s
6308000 +6.11947073e+06 +6.11926398e+06  2.07e+02   2.03e+01     8.04e-04   3036.843s
6309000 +6.11947079e+06 +6.11926392e+06  2.07e+02   2.03e+01     8.02e-04   3037.322s
6310000 +6.11946833e+06 +6.11926375e+06  2.05e+02   2.03e+01     8.02e-04   3037.800s
6311000 +6.11945478e+06 +6.11926387e+06  1.91e+02   2.03e+01     8.00e-04   3038.279s
6312000 +6.11946843e+06 +6.11926360e+06  2.05e+02   2.02e+01     8.01e-04   3038.757s
6313000 +6.11945924e+06 +6.11926363e+06  1.96e+02   2.02e+01     8.01e-04   3039.236s
6314000 +6.11946930e+06 +6.11926328e+06  2.06e+02   2.02e+01     8.01e-04   3039.714s
6315000 +6.11946079e+06 +6.11926353e+06  1.97e+02   2.02e+01     8.01e-04   3040.193s
6316000 +6.11947530e+06 +6.11926348e+06  2.12e+02   2.03e+01     8.02e-04   3040.671s
6317000 +6.11946432e+06 +6.11926326e+06  2.01e+02   2.03e+01     8.02e-04   3041.150s
6318000 +6.11945999e+06 +6.11926332e+06  1.97e+02   2.03e+01     8.02e-04   3041.629s
6319000 +6.11945010e+06 +6.11926292e+06  1.87e+02   2.02e+01     8.02e-04   3042.107s
6320000 +6.11944102e+06 +6.11926290e+06  1.78e+02   2.02e+01     8.03e-04   3042.585s
6321000 +6.11944101e+06 +6.11926292e+06  1.78e+02   2.02e+01     8.00e-04   3043.064s
6322000 +6.11945074e+06 +6.11926261e+06  1.88e+02   2.03e+01     7.99e-04   3043.543s
6323000 +6.11944327e+06 +6.11926207e+06  1.81e+02   2.02e+01     7.99e-04   3044.021s
6324000 +6.11943545e+06 +6.11926190e+06  1.74e+02   2.02e+01     7.98e-04   3044.500s
6325000 +6.11941190e+06 +6.11926160e+06  1.50e+02   2.02e+01     7.96e-04   3044.978s
6326000 +6.11942168e+06 +6.11926152e+06  1.60e+02   2.02e+01     7.96e-04   3045.457s
6327000 +6.11941427e+06 +6.11926117e+06  1.53e+02   2.01e+01     7.95e-04   3045.936s
6328000 +6.11942857e+06 +6.11926074e+06  1.68e+02   2.01e+01     7.96e-04   3046.414s
6329000 +6.11942708e+06 +6.11926060e+06  1.66e+02   2.02e+01     7.95e-04   3046.893s
6330000 +6.11938981e+06 +6.11926037e+06  1.29e+02   2.02e+01     2.02e-03   3047.372s
6331000 +6.11939120e+06 +6.11925956e+06  1.32e+02   2.02e+01     2.02e-03   3047.850s
6332000 +6.11937953e+06 +6.11925829e+06  1.21e+02   2.02e+01     2.02e-03   3048.328s
6333000 +6.11937331e+06 +6.11925671e+06  1.17e+02   2.02e+01     2.02e-03   3048.806s
6334000 +6.11937167e+06 +6.11925531e+06  1.16e+02   2.02e+01     2.02e-03   3049.284s
6335000 +6.11936137e+06 +6.11925395e+06  1.07e+02   2.01e+01     2.02e-03   3049.763s
6336000 +6.11935518e+06 +6.11925245e+06  1.03e+02   2.01e+01     2.01e-03   3050.241s
6337000 +6.11934197e+06 +6.11925115e+06  9.08e+01   2.01e+01     2.01e-03   3050.719s
6338000 +6.11933370e+06 +6.11924995e+06  8.38e+01   2.01e+01     2.01e-03   3051.197s
6339000 +6.11932259e+06 +6.11924860e+06  7.40e+01   2.01e+01     2.01e-03   3051.675s
6340000 +6.11932089e+06 +6.11924734e+06  7.36e+01   2.01e+01     2.01e-03   3052.154s
6341000 +6.11931779e+06 +6.11924635e+06  7.14e+01   2.01e+01     2.01e-03   3052.632s
6342000 +6.11930633e+06 +6.11924532e+06  6.10e+01   2.01e+01     2.00e-03   3053.110s
6343000 +6.11930080e+06 +6.11924404e+06  5.68e+01   2.00e+01     2.00e-03   3053.589s
6344000 +6.11928900e+06 +6.11924278e+06  4.62e+01   2.00e+01     2.00e-03   3054.067s
6345000 +6.11937029e+06 +6.11924155e+06  1.29e+02   1.96e+01     1.98e-03   3054.545s
6346000 +6.11935770e+06 +6.11924021e+06  1.17e+02   1.96e+01     1.97e-03   3055.023s
6347000 +6.11935082e+06 +6.11923927e+06  1.12e+02   1.97e+01     1.97e-03   3055.502s
6348000 +6.11934123e+06 +6.11923801e+06  1.03e+02   1.97e+01     1.97e-03   3055.980s
6349000 +6.11935177e+06 +6.11923693e+06  1.15e+02   1.95e+01     1.97e-03   3056.458s
6350000 +6.11935872e+06 +6.11923555e+06  1.23e+02   1.95e+01     1.96e-03   3056.937s
6351000 +6.11933617e+06 +6.11923472e+06  1.01e+02   1.96e+01     1.96e-03   3057.415s
6352000 +6.11934445e+06 +6.11923401e+06  1.10e+02   1.96e+01     1.97e-03   3057.893s
6353000 +6.11935206e+06 +6.11923345e+06  1.19e+02   1.95e+01     1.96e-03   3058.372s
6354000 +6.11933393e+06 +6.11923201e+06  1.02e+02   1.95e+01     1.95e-03   3058.850s
6355000 +6.11931887e+06 +6.11923100e+06  8.79e+01   1.95e+01     1.95e-03   3059.328s
6356000 +6.11930853e+06 +6.11922960e+06  7.89e+01   1.95e+01     1.95e-03   3059.807s
6357000 +6.11930741e+06 +6.11922846e+06  7.89e+01   1.94e+01     1.95e-03   3060.285s
6358000 +6.11929299e+06 +6.11922748e+06  6.55e+01   1.93e+01     1.94e-03   3060.763s
6359000 +6.11929302e+06 +6.11922584e+06  6.72e+01   1.94e+01     1.94e-03   3061.242s
6360000 +6.11926571e+06 +6.11922493e+06  4.08e+01   1.93e+01     1.94e-03   3061.720s
6361000 +6.11925972e+06 +6.11922365e+06  3.61e+01   1.93e+01     1.93e-03   3062.199s
6362000 +6.11924668e+06 +6.11922284e+06  2.38e+01   1.93e+01     1.93e-03   3062.677s
6363000 +6.11924623e+06 +6.11922180e+06  2.44e+01   1.93e+01     1.93e-03   3063.155s
6364000 +6.11924290e+06 +6.11922112e+06  2.18e+01   1.93e+01     1.93e-03   3063.634s
6365000 +6.11923655e+06 +6.11922051e+06  1.60e+01   1.92e+01     1.93e-03   3064.112s
6366000 +6.11922728e+06 +6.11921957e+06  7.71e+00   1.91e+01     1.92e-03   3064.590s
6367000 +6.11921642e+06 +6.11921877e+06  2.35e+00   1.92e+01     1.92e-03   3065.069s
6368000 +6.11916993e+06 +6.11921793e+06  4.80e+01   1.91e+01     1.91e-03   3065.547s
6369000 +6.11917960e+06 +6.11921647e+06  3.69e+01   1.91e+01     1.91e-03   3066.026s
6370000 +6.11917480e+06 +6.11921547e+06  4.07e+01   1.90e+01     1.91e-03   3066.504s
6371000 +6.11917028e+06 +6.11921480e+06  4.45e+01   1.91e+01     1.90e-03   3066.983s
6372000 +6.11913726e+06 +6.11921390e+06  7.66e+01   1.90e+01     1.90e-03   3067.461s
6373000 +6.11912927e+06 +6.11921237e+06  8.31e+01   1.89e+01     1.90e-03   3067.940s
6374000 +6.11913894e+06 +6.11921074e+06  7.18e+01   1.90e+01     1.90e-03   3068.418s
6375000 +6.11913450e+06 +6.11920980e+06  7.53e+01   1.90e+01     1.89e-03   3068.896s
6376000 +6.11913011e+06 +6.11920887e+06  7.88e+01   1.90e+01     1.89e-03   3069.375s
6377000 +6.11909495e+06 +6.11920821e+06  1.13e+02   1.89e+01     1.88e-03   3069.853s
6378000 +6.11908081e+06 +6.11920785e+06  1.27e+02   1.89e+01     1.88e-03   3070.332s
6379000 +6.11907486e+06 +6.11920668e+06  1.32e+02   1.89e+01     1.88e-03   3070.810s
6380000 +6.11907127e+06 +6.11920596e+06  1.35e+02   1.88e+01     1.87e-03   3071.289s
6381000 +6.11905382e+06 +6.11920511e+06  1.51e+02   1.88e+01     1.87e-03   3071.767s
6382000 +6.11904537e+06 +6.11920423e+06  1.59e+02   1.88e+01     1.87e-03   3072.245s
6383000 +6.11904050e+06 +6.11920298e+06  1.62e+02   1.88e+01     1.86e-03   3072.724s
6384000 +6.11903656e+06 +6.11920140e+06  1.65e+02   1.87e+01     1.86e-03   3073.202s
6385000 +6.11901966e+06 +6.11920033e+06  1.81e+02   1.87e+01     1.85e-03   3073.680s
6386000 +6.11901536e+06 +6.11919931e+06  1.84e+02   1.87e+01     1.85e-03   3074.159s
6387000 +6.11901346e+06 +6.11919784e+06  1.84e+02   1.86e+01     1.84e-03   3074.637s
6388000 +6.11901062e+06 +6.11919729e+06  1.87e+02   1.86e+01     1.84e-03   3075.115s
6389000 +6.11899117e+06 +6.11919632e+06  2.05e+02   1.86e+01     1.84e-03   3075.594s
6390000 +6.11897638e+06 +6.11919489e+06  2.19e+02   1.85e+01     1.83e-03   3076.073s
6391000 +6.11897659e+06 +6.11919386e+06  2.17e+02   1.85e+01     1.83e-03   3076.551s
6392000 +6.11896662e+06 +6.11919352e+06  2.27e+02   1.84e+01     1.81e-03   3077.030s
6393000 +6.11896005e+06 +6.11919312e+06  2.33e+02   1.84e+01     1.81e-03   3077.508s
6394000 +6.11894986e+06 +6.11919211e+06  2.42e+02   1.83e+01     1.81e-03   3077.987s
6395000 +6.11895472e+06 +6.11919104e+06  2.36e+02   1.83e+01     1.80e-03   3078.465s
6396000 +6.11893213e+06 +6.11919006e+06  2.58e+02   1.83e+01     1.80e-03   3078.944s
6397000 +6.11893671e+06 +6.11918906e+06  2.52e+02   1.82e+01     1.79e-03   3079.422s
6398000 +6.11895214e+06 +6.11918760e+06  2.35e+02   1.82e+01     1.79e-03   3079.901s
6399000 +6.11893346e+06 +6.11918654e+06  2.53e+02   1.82e+01     1.79e-03   3080.379s
6400000 +6.11893703e+06 +6.11918562e+06  2.49e+02   1.82e+01     1.79e-03   3080.858s
6401000 +6.11893713e+06 +6.11918495e+06  2.48e+02   1.81e+01     1.78e-03   3081.336s
6402000 +6.11892630e+06 +6.11918469e+06  2.58e+02   1.81e+01     1.77e-03   3081.814s
6403000 +6.11893254e+06 +6.11918395e+06  2.51e+02   1.81e+01     1.78e-03   3082.293s
6404000 +6.11892542e+06 +6.11918305e+06  2.58e+02   1.81e+01     1.77e-03   3082.771s
6405000 +6.11892242e+06 +6.11918249e+06  2.60e+02   1.81e+01     1.77e-03   3083.250s
6406000 +6.11892541e+06 +6.11918151e+06  2.56e+02   1.81e+01     1.77e-03   3083.728s
6407000 +6.11891347e+06 +6.11918078e+06  2.67e+02   1.80e+01     1.76e-03   3084.206s
6408000 +6.11890570e+06 +6.11917980e+06  2.74e+02   1.80e+01     1.76e-03   3084.685s
6409000 +6.11890543e+06 +6.11917895e+06  2.74e+02   1.79e+01     1.76e-03   3085.163s
6410000 +6.11888439e+06 +6.11917795e+06  2.94e+02   1.79e+01     1.75e-03   3085.642s
6411000 +6.11887722e+06 +6.11917731e+06  3.00e+02   1.80e+01     1.76e-03   3086.120s
6412000 +6.11886778e+06 +6.11917658e+06  3.09e+02   1.79e+01     1.75e-03   3086.599s
6413000 +6.11886031e+06 +6.11917588e+06  3.16e+02   1.79e+01     1.75e-03   3087.077s
6414000 +6.11886030e+06 +6.11917487e+06  3.15e+02   1.79e+01     1.74e-03   3087.556s
6415000 +6.11884455e+06 +6.11917402e+06  3.29e+02   1.79e+01     1.74e-03   3088.034s
6416000 +6.11884058e+06 +6.11917358e+06  3.33e+02   1.78e+01     1.74e-03   3088.513s
6417000 +6.11883834e+06 +6.11917194e+06  3.34e+02   1.77e+01     1.73e-03   3088.991s
6418000 +6.11883270e+06 +6.11917083e+06  3.38e+02   1.77e+01     1.73e-03   3089.470s
6419000 +6.11883546e+06 +6.11917000e+06  3.35e+02   1.77e+01     1.72e-03   3089.948s
6420000 +6.11885795e+06 +6.11916878e+06  3.11e+02   1.75e+01     1.72e-03   3090.427s
6421000 +6.11879511e+06 +6.11916755e+06  3.72e+02   1.76e+01     1.72e-03   3090.905s
6422000 +6.11879884e+06 +6.11916667e+06  3.68e+02   1.75e+01     1.71e-03   3091.384s
6423000 +6.11880418e+06 +6.11916604e+06  3.62e+02   1.75e+01     1.70e-03   3091.862s
6424000 +6.11876944e+06 +6.11916505e+06  3.96e+02   1.75e+01     1.70e-03   3092.341s
6425000 +6.11879713e+06 +6.11916413e+06  3.67e+02   1.74e+01     1.70e-03   3092.819s
6426000 +6.11879669e+06 +6.11916320e+06  3.67e+02   1.74e+01     1.69e-03   3093.298s
6427000 +6.11875582e+06 +6.11916267e+06  4.07e+02   1.75e+01     1.69e-03   3093.776s
6428000 +6.11877305e+06 +6.11916206e+06  3.89e+02   1.73e+01     1.69e-03   3094.255s
6429000 +6.11877994e+06 +6.11916119e+06  3.81e+02   1.72e+01     1.68e-03   3094.734s
6430000 +6.11875914e+06 +6.11916051e+06  4.01e+02   1.73e+01     1.68e-03   3095.212s
6431000 +6.11879745e+06 +6.11915984e+06  3.62e+02   1.73e+01     1.68e-03   3095.691s
6432000 +6.11881105e+06 +6.11915937e+06  3.48e+02   1.72e+01     1.68e-03   3096.169s
6433000 +6.11878767e+06 +6.11915891e+06  3.71e+02   1.72e+01     1.68e-03   3096.647s
6434000 +6.11879275e+06 +6.11915794e+06  3.65e+02   1.72e+01     1.68e-03   3097.126s
6435000 +6.11880039e+06 +6.11915642e+06  3.56e+02   1.72e+01     1.67e-03   3097.604s
6436000 +6.11877447e+06 +6.11915515e+06  3.81e+02   1.72e+01     1.67e-03   3098.083s
6437000 +6.11881010e+06 +6.11915399e+06  3.44e+02   1.71e+01     1.67e-03   3098.561s
6438000 +6.11880581e+06 +6.11915273e+06  3.47e+02   1.71e+01     1.67e-03   3099.040s
6439000 +6.11879149e+06 +6.11915149e+06  3.60e+02   1.71e+01     1.66e-03   3099.518s
6440000 +6.11879174e+06 +6.11915037e+06  3.59e+02   1.70e+01     1.66e-03   3099.997s
6441000 +6.11879528e+06 +6.11914904e+06  3.54e+02   1.69e+01     1.65e-03   3100.475s
6442000 +6.11877652e+06 +6.11914873e+06  3.72e+02   1.69e+01     1.65e-03   3100.954s
6443000 +6.11877543e+06 +6.11914792e+06  3.72e+02   1.69e+01     1.65e-03   3101.432s
6444000 +6.11877760e+06 +6.11914724e+06  3.70e+02   1.69e+01     1.64e-03   3101.911s
6445000 +6.11876182e+06 +6.11914643e+06  3.85e+02   1.69e+01     1.64e-03   3102.389s
6446000 +6.11875510e+06 +6.11914578e+06  3.91e+02   1.68e+01     1.64e-03   3102.868s
6447000 +6.11874758e+06 +6.11914507e+06  3.97e+02   1.68e+01     1.64e-03   3103.346s
6448000 +6.11875054e+06 +6.11914465e+06  3.94e+02   1.68e+01     1.63e-03   3103.825s
6449000 +6.11875564e+06 +6.11914407e+06  3.88e+02   1.68e+01     1.63e-03   3104.303s
6450000 +6.11873526e+06 +6.11914378e+06  4.09e+02   1.67e+01     1.63e-03   3104.782s
6451000 +6.11873588e+06 +6.11914320e+06  4.07e+02   1.67e+01     1.63e-03   3105.260s
6452000 +6.11870219e+06 +6.11914303e+06  4.41e+02   1.68e+01     1.62e-03   3105.739s
6453000 +6.11870998e+06 +6.11914245e+06  4.32e+02   1.67e+01     1.61e-03   3106.217s
6454000 +6.11870701e+06 +6.11914216e+06  4.35e+02   1.66e+01     1.62e-03   3106.696s
6455000 +6.11871075e+06 +6.11914228e+06  4.32e+02   1.66e+01     1.61e-03   3107.174s
6456000 +6.11871814e+06 +6.11914152e+06  4.23e+02   1.66e+01     1.61e-03   3107.653s
6457000 +6.11869748e+06 +6.11914107e+06  4.44e+02   1.66e+01     1.61e-03   3108.131s
6458000 +6.11869270e+06 +6.11914070e+06  4.48e+02   1.66e+01     1.60e-03   3108.610s
6459000 +6.11869790e+06 +6.11914076e+06  4.43e+02   1.65e+01     1.60e-03   3109.088s
6460000 +6.11867905e+06 +6.11914030e+06  4.61e+02   1.65e+01     1.60e-03   3109.567s
6461000 +6.11867901e+06 +6.11913928e+06  4.60e+02   1.65e+01     1.60e-03   3110.046s
6462000 +6.11868150e+06 +6.11913879e+06  4.57e+02   1.64e+01     1.59e-03   3110.524s
6463000 +6.11866879e+06 +6.11913841e+06  4.70e+02   1.64e+01     1.59e-03   3111.003s
6464000 +6.11865289e+06 +6.11913799e+06  4.85e+02   1.64e+01     1.58e-03   3111.481s
6465000 +6.11863862e+06 +6.11913746e+06  4.99e+02   1.64e+01     1.58e-03   3111.960s
6466000 +6.11864464e+06 +6.11913723e+06  4.93e+02   1.63e+01     1.57e-03   3112.438s
6467000 +6.11863247e+06 +6.11913683e+06  5.04e+02   1.63e+01     1.57e-03   3112.917s
6468000 +6.11863468e+06 +6.11913640e+06  5.02e+02   1.63e+01     1.57e-03   3113.395s
6469000 +6.11863801e+06 +6.11913638e+06  4.98e+02   1.63e+01     1.57e-03   3113.874s
6470000 +6.11862362e+06 +6.11913657e+06  5.13e+02   1.63e+01     1.57e-03   3114.352s
6471000 +6.11864131e+06 +6.11913662e+06  4.95e+02   1.62e+01     1.57e-03   3114.831s
6472000 +6.11863417e+06 +6.11913664e+06  5.02e+02   1.63e+01     1.57e-03   3115.309s
6473000 +6.11864715e+06 +6.11913669e+06  4.90e+02   1.63e+01     1.56e-03   3115.788s
6474000 +6.11863034e+06 +6.11913639e+06  5.06e+02   1.62e+01     1.56e-03   3116.266s
6475000 +6.11862923e+06 +6.11913620e+06  5.07e+02   1.62e+01     1.56e-03   3116.745s
6476000 +6.11863679e+06 +6.11913619e+06  4.99e+02   1.62e+01     1.55e-03   3117.223s
6477000 +6.11863183e+06 +6.11913614e+06  5.04e+02   1.62e+01     1.55e-03   3117.702s
6478000 +6.11862152e+06 +6.11913645e+06  5.15e+02   1.61e+01     1.55e-03   3118.180s
6479000 +6.11861908e+06 +6.11913630e+06  5.17e+02   1.61e+01     1.55e-03   3118.659s
6480000 +6.11860728e+06 +6.11913606e+06  5.29e+02   1.61e+01     1.54e-03   3119.137s
6481000 +6.11862691e+06 +6.11913559e+06  5.09e+02   1.61e+01     1.54e-03   3119.615s
6482000 +6.11861020e+06 +6.11913576e+06  5.26e+02   1.61e+01     1.54e-03   3120.094s
6483000 +6.11861436e+06 +6.11913567e+06  5.21e+02   1.60e+01     1.54e-03   3120.573s
6484000 +6.11862226e+06 +6.11913562e+06  5.13e+02   1.60e+01     1.54e-03   3121.051s
6485000 +6.11861030e+06 +6.11913546e+06  5.25e+02   1.60e+01     1.53e-03   3121.530s
6486000 +6.11859742e+06 +6.11913537e+06  5.38e+02   1.60e+01     1.53e-03   3122.008s
6487000 +6.11858085e+06 +6.11913484e+06  5.54e+02   1.59e+01     1.53e-03   3122.487s
6488000 +6.11859313e+06 +6.11913476e+06  5.42e+02   1.59e+01     1.52e-03   3122.966s
6489000 +6.11859181e+06 +6.11913461e+06  5.43e+02   1.59e+01     1.52e-03   3123.444s
6490000 +6.11858151e+06 +6.11913483e+06  5.53e+02   1.59e+01     1.52e-03   3123.923s
6491000 +6.11858049e+06 +6.11913496e+06  5.54e+02   1.58e+01     1.52e-03   3124.401s
6492000 +6.11858032e+06 +6.11913512e+06  5.55e+02   1.58e+01     1.52e-03   3124.880s
6493000 +6.11857326e+06 +6.11913530e+06  5.62e+02   1.59e+01     1.51e-03   3125.359s
6494000 +6.11857912e+06 +6.11913555e+06  5.56e+02   1.59e+01     1.51e-03   3125.837s
6495000 +6.11855248e+06 +6.11913590e+06  5.83e+02   1.58e+01     1.51e-03   3126.316s
6496000 +6.11856598e+06 +6.11913560e+06  5.70e+02   1.58e+01     1.51e-03   3126.794s
6497000 +6.11857679e+06 +6.11913609e+06  5.59e+02   1.58e+01     1.51e-03   3127.273s
6498000 +6.11856045e+06 +6.11913605e+06  5.76e+02   1.58e+01     1.51e-03   3127.751s
6499000 +6.11855281e+06 +6.11913579e+06  5.83e+02   1.58e+01     1.51e-03   3128.230s
6500000 +6.11856040e+06 +6.11913540e+06  5.75e+02   1.58e+01     1.51e-03   3128.709s
6501000 +6.11855080e+06 +6.11913515e+06  5.84e+02   1.58e+01     1.51e-03   3129.187s
6502000 +6.11854665e+06 +6.11913496e+06  5.88e+02   1.58e+01     1.50e-03   3129.666s
6503000 +6.11855001e+06 +6.11913503e+06  5.85e+02   1.57e+01     1.50e-03   3130.144s
6504000 +6.11854062e+06 +6.11913531e+06  5.95e+02   1.57e+01     1.50e-03   3130.623s
6505000 +6.11850524e+06 +6.11913563e+06  6.30e+02   1.57e+01     1.49e-03   3131.102s
6506000 +6.11850340e+06 +6.11913593e+06  6.33e+02   1.57e+01     1.49e-03   3131.580s
6507000 +6.11849261e+06 +6.11913633e+06  6.44e+02   1.56e+01     1.48e-03   3132.059s
6508000 +6.11847184e+06 +6.11913665e+06  6.65e+02   1.56e+01     1.48e-03   3132.537s
6509000 +6.11848149e+06 +6.11913697e+06  6.55e+02   1.56e+01     1.48e-03   3133.016s
6510000 +6.11848675e+06 +6.11913717e+06  6.50e+02   1.56e+01     1.48e-03   3133.495s
6511000 +6.11847611e+06 +6.11913768e+06  6.62e+02   1.56e+01     1.48e-03   3133.973s
6512000 +6.11847234e+06 +6.11913843e+06  6.66e+02   1.56e+01     1.47e-03   3134.452s
6513000 +6.11845235e+06 +6.11913883e+06  6.86e+02   1.56e+01     1.47e-03   3134.930s
6514000 +6.11844562e+06 +6.11913918e+06  6.94e+02   1.56e+01     1.47e-03   3135.409s
6515000 +6.11844188e+06 +6.11913929e+06  6.97e+02   1.55e+01     1.47e-03   3135.887s
6516000 +6.11845000e+06 +6.11913935e+06  6.89e+02   1.55e+01     1.47e-03   3136.366s
6517000 +6.11843191e+06 +6.11913973e+06  7.08e+02   1.55e+01     1.46e-03   3136.845s
6518000 +6.11843489e+06 +6.11914014e+06  7.05e+02   1.55e+01     1.46e-03   3137.323s
6519000 +6.11845234e+06 +6.11914052e+06  6.88e+02   1.55e+01     1.47e-03   3137.802s
6520000 +6.11843939e+06 +6.11914102e+06  7.02e+02   1.55e+01     1.46e-03   3138.280s
6521000 +6.11842337e+06 +6.11914111e+06  7.18e+02   1.54e+01     1.46e-03   3138.759s
6522000 +6.11842314e+06 +6.11914135e+06  7.18e+02   1.54e+01     1.46e-03   3139.238s
6523000 +6.11841571e+06 +6.11914151e+06  7.26e+02   1.54e+01     1.46e-03   3139.716s
6524000 +6.11839881e+06 +6.11914199e+06  7.43e+02   1.54e+01     1.46e-03   3140.195s
6525000 +6.11841641e+06 +6.11914221e+06  7.26e+02   1.54e+01     1.46e-03   3140.674s
6526000 +6.11840832e+06 +6.11914227e+06  7.34e+02   1.54e+01     1.46e-03   3141.152s
6527000 +6.11840131e+06 +6.11914251e+06  7.41e+02   1.54e+01     1.45e-03   3141.631s
6528000 +6.11839510e+06 +6.11914269e+06  7.48e+02   1.53e+01     1.45e-03   3142.109s
6529000 +6.11838421e+06 +6.11914323e+06  7.59e+02   1.53e+01     1.45e-03   3142.588s
6530000 +6.11837789e+06 +6.11914312e+06  7.65e+02   1.53e+01     1.44e-03   3143.066s
6531000 +6.11838493e+06 +6.11914356e+06  7.59e+02   1.53e+01     1.44e-03   3143.545s
6532000 +6.11837423e+06 +6.11914373e+06  7.70e+02   1.53e+01     1.43e-03   3144.023s
6533000 +6.11836904e+06 +6.11914427e+06  7.75e+02   1.53e+01     1.43e-03   3144.502s
6534000 +6.11835559e+06 +6.11914496e+06  7.89e+02   1.52e+01     1.43e-03   3144.980s
6535000 +6.11836219e+06 +6.11914573e+06  7.84e+02   1.52e+01     1.43e-03   3145.459s
6536000 +6.11836272e+06 +6.11914609e+06  7.83e+02   1.52e+01     1.43e-03   3145.937s
6537000 +6.11836323e+06 +6.11914682e+06  7.84e+02   1.52e+01     1.43e-03   3146.416s
6538000 +6.11836471e+06 +6.11914758e+06  7.83e+02   1.52e+01     1.42e-03   3146.895s
6539000 +6.11836174e+06 +6.11914823e+06  7.86e+02   1.52e+01     1.42e-03   3147.373s
6540000 +6.11836445e+06 +6.11914866e+06  7.84e+02   1.52e+01     1.42e-03   3147.852s
6541000 +6.11836599e+06 +6.11914904e+06  7.83e+02   1.51e+01     1.42e-03   3148.330s
6542000 +6.11835515e+06 +6.11914939e+06  7.94e+02   1.51e+01     1.42e-03   3148.809s
6543000 +6.11835999e+06 +6.11914980e+06  7.90e+02   1.51e+01     1.42e-03   3149.287s
6544000 +6.11835412e+06 +6.11915042e+06  7.96e+02   1.51e+01     1.42e-03   3149.766s
6545000 +6.11834564e+06 +6.11915118e+06  8.06e+02   1.51e+01     1.41e-03   3150.244s
6546000 +6.11833631e+06 +6.11915152e+06  8.15e+02   1.50e+01     1.41e-03   3150.723s
6547000 +6.11827948e+06 +6.11915074e+06  8.71e+02   1.50e+01     6.37e-03   3151.202s
6548000 +6.11828504e+06 +6.11914849e+06  8.63e+02   1.49e+01     6.34e-03   3151.681s
6549000 +6.11826128e+06 +6.11914674e+06  8.85e+02   1.49e+01     6.34e-03   3152.159s
6550000 +6.11824171e+06 +6.11914537e+06  9.04e+02   1.49e+01     6.33e-03   3152.637s
6551000 +6.11822325e+06 +6.11914361e+06  9.20e+02   1.49e+01     6.32e-03   3153.115s
6552000 +6.11820431e+06 +6.11914186e+06  9.38e+02   1.49e+01     6.31e-03   3153.593s
6553000 +6.11819186e+06 +6.11913900e+06  9.47e+02   1.49e+01     6.29e-03   3154.072s
6554000 +6.11820368e+06 +6.11913546e+06  9.32e+02   1.49e+01     6.29e-03   3154.550s
6555000 +6.11818645e+06 +6.11913177e+06  9.45e+02   1.49e+01     6.28e-03   3155.029s
6556000 +6.11817727e+06 +6.11912810e+06  9.51e+02   1.48e+01     6.27e-03   3155.507s
6557000 +6.11815813e+06 +6.11912531e+06  9.67e+02   1.48e+01     6.27e-03   3155.985s
6558000 +6.11815597e+06 +6.11912194e+06  9.66e+02   1.48e+01     6.27e-03   3156.464s
6559000 +6.11813685e+06 +6.11911889e+06  9.82e+02   1.48e+01     6.26e-03   3156.942s
6560000 +6.11813381e+06 +6.11911641e+06  9.83e+02   1.48e+01     6.24e-03   3157.421s
6561000 +6.11813660e+06 +6.11911321e+06  9.77e+02   1.47e+01     6.24e-03   3157.899s
6562000 +6.11812634e+06 +6.11910993e+06  9.84e+02   1.47e+01     6.23e-03   3158.378s
6563000 +6.11812149e+06 +6.11910782e+06  9.86e+02   1.47e+01     6.23e-03   3158.856s
6564000 +6.11812314e+06 +6.11910512e+06  9.82e+02   1.47e+01     6.21e-03   3159.335s
6565000 +6.11810454e+06 +6.11910223e+06  9.98e+02   1.46e+01     6.18e-03   3159.813s
6566000 +6.11808470e+06 +6.11910092e+06  1.02e+03   1.46e+01     6.18e-03   3160.291s
6567000 +6.11806801e+06 +6.11909929e+06  1.03e+03   1.46e+01     6.16e-03   3160.770s
6568000 +6.11806152e+06 +6.11909749e+06  1.04e+03   1.46e+01     6.14e-03   3161.248s
6569000 +6.11803613e+06 +6.11909616e+06  1.06e+03   1.46e+01     6.13e-03   3161.727s
6570000 +6.11802940e+06 +6.11909459e+06  1.07e+03   1.45e+01     6.11e-03   3162.205s
6571000 +6.11802543e+06 +6.11909333e+06  1.07e+03   1.45e+01     6.10e-03   3162.683s
6572000 +6.11799466e+06 +6.11909125e+06  1.10e+03   1.45e+01     6.08e-03   3163.162s
6573000 +6.11798556e+06 +6.11909031e+06  1.10e+03   1.44e+01     6.07e-03   3163.640s
6574000 +6.11797097e+06 +6.11908931e+06  1.12e+03   1.44e+01     6.05e-03   3164.119s
6575000 +6.11795574e+06 +6.11908842e+06  1.13e+03   1.44e+01     6.04e-03   3164.598s
6576000 +6.11795224e+06 +6.11908668e+06  1.13e+03   1.44e+01     6.04e-03   3165.076s
6577000 +6.11793066e+06 +6.11908580e+06  1.16e+03   1.44e+01     6.04e-03   3165.555s
6578000 +6.11793850e+06 +6.11908302e+06  1.14e+03   1.44e+01     6.03e-03   3166.033s
6579000 +6.11793531e+06 +6.11908197e+06  1.15e+03   1.43e+01     6.02e-03   3166.512s
6580000 +6.11793546e+06 +6.11907959e+06  1.14e+03   1.43e+01     6.00e-03   3166.990s
6581000 +6.11792607e+06 +6.11907758e+06  1.15e+03   1.43e+01     5.98e-03   3167.469s
6582000 +6.11790504e+06 +6.11907571e+06  1.17e+03   1.43e+01     5.96e-03   3167.947s
6583000 +6.11791586e+06 +6.11907412e+06  1.16e+03   1.42e+01     5.96e-03   3168.426s
6584000 +6.11790232e+06 +6.11907194e+06  1.17e+03   1.42e+01     5.94e-03   3168.904s
6585000 +6.11789329e+06 +6.11906910e+06  1.18e+03   1.42e+01     5.92e-03   3169.382s
6586000 +6.11789819e+06 +6.11906686e+06  1.17e+03   1.41e+01     5.91e-03   3169.861s
6587000 +6.11789768e+06 +6.11906395e+06  1.17e+03   1.41e+01     5.91e-03   3170.339s
6588000 +6.11788475e+06 +6.11906224e+06  1.18e+03   1.41e+01     5.89e-03   3170.818s
6589000 +6.11787958e+06 +6.11906009e+06  1.18e+03   1.40e+01     5.87e-03   3171.296s
6590000 +6.11786424e+06 +6.11905781e+06  1.19e+03   1.40e+01     5.86e-03   3171.775s
6591000 +6.11786449e+06 +6.11905593e+06  1.19e+03   1.40e+01     5.84e-03   3172.254s
6592000 +6.11784564e+06 +6.11905468e+06  1.21e+03   1.39e+01     5.83e-03   3172.732s
6593000 +6.11784566e+06 +6.11905327e+06  1.21e+03   1.39e+01     5.81e-03   3173.211s
6594000 +6.11782950e+06 +6.11905199e+06  1.22e+03   1.39e+01     5.77e-03   3173.689s
6595000 +6.11781694e+06 +6.11904979e+06  1.23e+03   1.38e+01     5.76e-03   3174.168s
6596000 +6.11781280e+06 +6.11904769e+06  1.23e+03   1.38e+01     5.75e-03   3174.646s
6597000 +6.11780835e+06 +6.11904752e+06  1.24e+03   1.37e+01     5.74e-03   3175.125s
6598000 +6.11779159e+06 +6.11904704e+06  1.26e+03   1.37e+01     5.71e-03   3175.603s
6599000 +6.11778950e+06 +6.11904539e+06  1.26e+03   1.37e+01     5.71e-03   3176.082s
6600000 +6.11777385e+06 +6.11904444e+06  1.27e+03   1.37e+01     5.69e-03   3176.561s
6601000 +6.11776305e+06 +6.11904348e+06  1.28e+03   1.36e+01     5.69e-03   3177.039s
6602000 +6.11779682e+06 +6.11904229e+06  1.25e+03   1.36e+01     5.67e-03   3177.518s
6603000 +6.11775244e+06 +6.11904058e+06  1.29e+03   1.35e+01     5.63e-03   3177.997s
6604000 +6.11772428e+06 +6.11903857e+06  1.31e+03   1.35e+01     5.60e-03   3178.475s
6605000 +6.11770555e+06 +6.11903681e+06  1.33e+03   1.35e+01     5.56e-03   3178.954s
6606000 +6.11767720e+06 +6.11903530e+06  1.36e+03   1.35e+01     5.55e-03   3179.432s
6607000 +6.11769655e+06 +6.11903415e+06  1.34e+03   1.34e+01     5.54e-03   3179.911s
6608000 +6.11769331e+06 +6.11903349e+06  1.34e+03   1.34e+01     5.54e-03   3180.389s
6609000 +6.11766856e+06 +6.11903197e+06  1.36e+03   1.33e+01     5.50e-03   3180.868s
6610000 +6.11764653e+06 +6.11903148e+06  1.38e+03   1.33e+01     5.46e-03   3181.346s
6611000 +6.11763997e+06 +6.11903070e+06  1.39e+03   1.33e+01     5.43e-03   3181.825s
6612000 +6.11762693e+06 +6.11902961e+06  1.40e+03   1.33e+01     5.40e-03   3182.304s
6613000 +6.11763570e+06 +6.11902827e+06  1.39e+03   1.32e+01     5.39e-03   3182.782s
6614000 +6.11763446e+06 +6.11902614e+06  1.39e+03   1.32e+01     5.38e-03   3183.261s
6615000 +6.11763307e+06 +6.11902520e+06  1.39e+03   1.32e+01     5.37e-03   3183.740s
6616000 +6.11762639e+06 +6.11902410e+06  1.40e+03   1.32e+01     5.36e-03   3184.218s
6617000 +6.11761420e+06 +6.11902370e+06  1.41e+03   1.31e+01     5.34e-03   3184.697s
6618000 +6.11760156e+06 +6.11902263e+06  1.42e+03   1.31e+01     5.33e-03   3185.176s
6619000 +6.11759035e+06 +6.11902155e+06  1.43e+03   1.31e+01     5.31e-03   3185.655s
6620000 +6.11759417e+06 +6.11902027e+06  1.43e+03   1.31e+01     5.30e-03   3186.133s
6621000 +6.11759076e+06 +6.11901863e+06  1.43e+03   1.31e+01     5.28e-03   3186.612s
6622000 +6.11759496e+06 +6.11901752e+06  1.42e+03   1.30e+01     5.28e-03   3187.090s
6623000 +6.11759477e+06 +6.11901567e+06  1.42e+03   1.30e+01     5.26e-03   3187.569s
6624000 +6.11758596e+06 +6.11901452e+06  1.43e+03   1.30e+01     5.26e-03   3188.048s
6625000 +6.11759458e+06 +6.11901396e+06  1.42e+03   1.30e+01     5.26e-03   3188.526s
6626000 +6.11756336e+06 +6.11901303e+06  1.45e+03   1.29e+01     5.24e-03   3189.005s
6627000 +6.11755976e+06 +6.11901226e+06  1.45e+03   1.29e+01     5.22e-03   3189.484s
6628000 +6.11756360e+06 +6.11901039e+06  1.45e+03   1.29e+01     5.21e-03   3189.962s
6629000 +6.11755229e+06 +6.11900968e+06  1.46e+03   1.29e+01     5.21e-03   3190.441s
6630000 +6.11744057e+06 +6.11899888e+06  1.56e+03   1.29e+01     3.45e-02   3190.920s
6631000 +6.11748367e+06 +6.11898473e+06  1.50e+03   1.28e+01     3.46e-02   3191.399s
6632000 +6.11745109e+06 +6.11896609e+06  1.52e+03   1.28e+01     3.42e-02   3191.877s
6633000 +6.11741107e+06 +6.11894723e+06  1.54e+03   1.27e+01     3.40e-02   3192.355s
6634000 +6.11735026e+06 +6.11892940e+06  1.58e+03   1.27e+01     3.37e-02   3192.833s
6635000 +6.11731229e+06 +6.11891015e+06  1.60e+03   1.26e+01     3.34e-02   3193.312s
6636000 +6.11725259e+06 +6.11888807e+06  1.64e+03   1.26e+01     3.29e-02   3193.790s
6637000 +6.11722772e+06 +6.11886749e+06  1.64e+03   1.25e+01     3.26e-02   3194.269s
6638000 +6.11718834e+06 +6.11885033e+06  1.66e+03   1.24e+01     3.21e-02   3194.747s
6639000 +6.11713337e+06 +6.11883031e+06  1.70e+03   1.23e+01     3.15e-02   3195.226s
6640000 +6.11713042e+06 +6.11880979e+06  1.68e+03   1.22e+01     3.11e-02   3195.704s
6641000 +6.11706672e+06 +6.11879162e+06  1.72e+03   1.21e+01     3.06e-02   3196.183s
6642000 +6.11704632e+06 +6.11876846e+06  1.72e+03   1.20e+01     3.02e-02   3196.661s
6643000 +6.11702186e+06 +6.11874230e+06  1.72e+03   1.19e+01     2.98e-02   3197.140s
6644000 +6.11701660e+06 +6.11872363e+06  1.71e+03   1.19e+01     2.97e-02   3197.618s
6645000 +6.11697325e+06 +6.11870692e+06  1.73e+03   1.18e+01     2.93e-02   3198.097s
6646000 +6.11696126e+06 +6.11868751e+06  1.73e+03   1.17e+01     2.91e-02   3198.576s
6647000 +6.11688368e+06 +6.11867365e+06  1.79e+03   1.17e+01     2.87e-02   3199.054s
6648000 +6.11686932e+06 +6.11865937e+06  1.79e+03   1.16e+01     2.82e-02   3199.533s
6649000 +6.11684857e+06 +6.11864391e+06  1.80e+03   1.16e+01     2.80e-02   3200.012s
6650000 +6.11682328e+06 +6.11862726e+06  1.80e+03   1.15e+01     2.78e-02   3200.490s
6651000 +6.11683795e+06 +6.11861197e+06  1.77e+03   1.14e+01     2.77e-02   3200.969s
6652000 +6.11682759e+06 +6.11860466e+06  1.78e+03   1.14e+01     2.76e-02   3201.447s
6653000 +6.11683022e+06 +6.11858859e+06  1.76e+03   1.13e+01     2.74e-02   3201.926s
6654000 +6.11681151e+06 +6.11857848e+06  1.77e+03   1.13e+01     2.73e-02   3202.405s
6655000 +6.11677671e+06 +6.11857045e+06  1.79e+03   1.13e+01     2.70e-02   3202.883s
6656000 +6.11675381e+06 +6.11855810e+06  1.80e+03   1.12e+01     2.68e-02   3203.362s
6657000 +6.11672694e+06 +6.11853848e+06  1.81e+03   1.11e+01     2.65e-02   3203.841s
6658000 +6.11666754e+06 +6.11848611e+06  1.82e+03   1.11e+01     1.80e-01   3204.320s
6659000 +6.11651653e+06 +6.11828314e+06  1.77e+03   1.10e+01     1.72e-01   3204.798s
6660000 +6.11628724e+06 +6.11810037e+06  1.81e+03   1.09e+01     1.63e-01   3205.277s
6661000 +6.11613805e+06 +6.11795159e+06  1.81e+03   1.07e+01     1.58e-01   3205.755s
6662000 +6.11609566e+06 +6.11780576e+06  1.71e+03   1.04e+01     1.51e-01   3206.234s
6663000 +6.11602531e+06 +6.11770471e+06  1.68e+03   1.03e+01     1.47e-01   3206.713s
6664000 +6.11593327e+06 +6.11761645e+06  1.68e+03   1.01e+01     1.41e-01   3207.191s
6665000 +6.11587370e+06 +6.11749596e+06  1.62e+03   9.86e+00     1.36e-01   3207.670s
6666000 +6.11576138e+06 +6.11744885e+06  1.69e+03   9.73e+00     1.31e-01   3208.149s
6667000 +6.11572827e+06 +6.11736693e+06  1.64e+03   9.67e+00     1.29e-01   3208.628s
6668000 +6.11567145e+06 +6.11734708e+06  1.68e+03   9.55e+00     1.24e-01   3209.106s
6669000 +6.11564048e+06 +6.11732368e+06  1.68e+03   9.42e+00     1.21e-01   3209.585s
6670000 +6.11561834e+06 +6.11730314e+06  1.68e+03   9.34e+00     1.18e-01   3210.064s
6671000 +6.11558562e+06 +6.11727332e+06  1.69e+03   9.27e+00     1.14e-01   3210.543s
6672000 +6.11557560e+06 +6.11725459e+06  1.68e+03   9.14e+00     1.10e-01   3211.021s
6673000 +6.11558083e+06 +6.11725168e+06  1.67e+03   9.06e+00     1.09e-01   3211.500s
6674000 +6.11554966e+06 +6.11722656e+06  1.68e+03   9.03e+00     1.06e-01   3211.979s
6675000 +6.11553595e+06 +6.11722328e+06  1.69e+03   8.95e+00     1.04e-01   3212.458s
6676000 +6.11552836e+06 +6.11720373e+06  1.68e+03   8.87e+00     1.01e-01   3212.937s
6677000 +6.11553140e+06 +6.11720618e+06  1.67e+03   8.80e+00     9.98e-02   3213.416s
6678000 +6.11549831e+06 +6.11719471e+06  1.70e+03   8.78e+00     9.75e-02   3213.894s
6679000 +6.11549519e+06 +6.11719500e+06  1.70e+03   8.76e+00     9.52e-02   3214.373s
6680000 +6.11548575e+06 +6.11719956e+06  1.71e+03   8.70e+00     9.29e-02   3214.852s
6681000 +6.11547135e+06 +6.11718502e+06  1.71e+03   8.61e+00     9.12e-02   3215.331s
6682000 +6.11545168e+06 +6.11718090e+06  1.73e+03   8.55e+00     8.52e-02   3215.810s
6683000 +6.11544109e+06 +6.11717641e+06  1.74e+03   8.52e+00     8.33e-02   3216.289s
6684000 +6.11543047e+06 +6.11718744e+06  1.76e+03   8.52e+00     8.16e-02   3216.768s
6685000 +6.11542284e+06 +6.11716669e+06  1.74e+03   8.52e+00     8.06e-02   3217.247s
6686000 +6.11542730e+06 +6.11717202e+06  1.74e+03   8.45e+00     8.04e-02   3217.725s
6687000 +6.11542319e+06 +6.11716642e+06  1.74e+03   8.39e+00     7.89e-02   3218.204s
6688000 +6.11534939e+06 +6.11707640e+06  1.73e+03   8.41e+00     2.88e-01   3218.683s
6689000 +6.11527948e+06 +6.11696298e+06  1.68e+03   8.40e+00     2.80e-01   3219.162s
6690000 +6.11519966e+06 +6.11684365e+06  1.64e+03   8.42e+00     2.67e-01   3219.640s
6691000 +6.11512505e+06 +6.11671882e+06  1.59e+03   8.42e+00     2.56e-01   3220.119s
6692000 +6.11505148e+06 +6.11667159e+06  1.62e+03   8.38e+00     2.38e-01   3220.598s
6693000 +6.11501345e+06 +6.11661290e+06  1.60e+03   8.36e+00     2.28e-01   3221.077s
6694000 +6.11497793e+06 +6.11659316e+06  1.62e+03   8.35e+00     2.19e-01   3221.555s
6695000 +6.11494545e+06 +6.11656170e+06  1.62e+03   8.33e+00     2.11e-01   3222.034s
6696000 +6.11497321e+06 +6.11653768e+06  1.56e+03   8.27e+00     2.02e-01   3222.512s
6697000 +6.11499119e+06 +6.11652427e+06  1.53e+03   8.21e+00     1.95e-01   3222.991s
6698000 +6.11498685e+06 +6.11654381e+06  1.56e+03   8.17e+00     1.90e-01   3223.470s
6699000 +6.11499022e+06 +6.11653679e+06  1.55e+03   8.13e+00     1.84e-01   3223.948s
6700000 +6.11500356e+06 +6.11655207e+06  1.55e+03   8.08e+00     1.80e-01   3224.427s
6701000 +6.11502293e+06 +6.11652636e+06  1.50e+03   8.02e+00     1.75e-01   3224.906s
6702000 +6.11504837e+06 +6.11655233e+06  1.50e+03   7.96e+00     1.71e-01   3225.385s
6703000 +6.11508640e+06 +6.11655618e+06  1.47e+03   7.90e+00     1.69e-01   3225.863s
6704000 +6.11511722e+06 +6.11657045e+06  1.45e+03   7.84e+00     1.68e-01   3226.342s
6705000 +6.11514179e+06 +6.11654045e+06  1.40e+03   7.78e+00     1.64e-01   3226.821s
6706000 +6.11516929e+06 +6.11652280e+06  1.35e+03   7.73e+00     1.61e-01   3227.300s
6707000 +6.11519404e+06 +6.11651420e+06  1.32e+03   7.67e+00     1.58e-01   3227.778s
6708000 +6.11521125e+06 +6.11648674e+06  1.28e+03   7.60e+00     1.55e-01   3228.257s
6709000 +6.11523793e+06 +6.11646923e+06  1.23e+03   7.56e+00     1.53e-01   3228.736s
6710000 +6.11525336e+06 +6.11645261e+06  1.20e+03   7.52e+00     1.50e-01   3229.214s
6711000 +6.11526236e+06 +6.11642612e+06  1.16e+03   7.48e+00     1.48e-01   3229.693s
6712000 +6.11527972e+06 +6.11642910e+06  1.15e+03   7.44e+00     1.47e-01   3230.172s
6713000 +6.11530202e+06 +6.11643804e+06  1.14e+03   7.40e+00     1.46e-01   3230.650s
6714000 +6.11531681e+06 +6.11643247e+06  1.12e+03   7.38e+00     1.44e-01   3231.129s
6715000 +6.11531639e+06 +6.11643935e+06  1.12e+03   7.38e+00     1.43e-01   3231.608s
6716000 +6.11531251e+06 +6.11646584e+06  1.15e+03   7.38e+00     1.42e-01   3232.087s
6717000 +6.11532584e+06 +6.11646409e+06  1.14e+03   7.34e+00     1.40e-01   3232.565s
6718000 +6.11533661e+06 +6.11645224e+06  1.12e+03   7.33e+00     1.38e-01   3233.044s
6719000 +6.11534318e+06 +6.11647980e+06  1.14e+03   7.31e+00     1.37e-01   3233.523s
6720000 +6.11533904e+06 +6.11647721e+06  1.14e+03   7.31e+00     1.35e-01   3234.002s
6721000 +6.11532870e+06 +6.11647798e+06  1.15e+03   7.32e+00     1.34e-01   3234.480s
6722000 +6.11532806e+06 +6.11647863e+06  1.15e+03   7.32e+00     1.32e-01   3234.959s
6723000 +6.11533199e+06 +6.11649342e+06  1.16e+03   7.32e+00     1.31e-01   3235.438s
6724000 +6.11534133e+06 +6.11650297e+06  1.16e+03   7.29e+00     1.30e-01   3235.916s
6725000 +6.11534746e+06 +6.11650641e+06  1.16e+03   7.28e+00     1.29e-01   3236.395s
6726000 +6.11534680e+06 +6.11649317e+06  1.15e+03   7.27e+00     3.43e-01   3236.875s
6727000 +6.11532862e+06 +6.11644300e+06  1.11e+03   7.29e+00     3.36e-01   3237.353s
6728000 +6.11531954e+06 +6.11641733e+06  1.10e+03   7.29e+00     3.35e-01   3237.831s
6729000 +6.11531621e+06 +6.11643863e+06  1.12e+03   7.29e+00     3.33e-01   3238.310s
6730000 +6.11531949e+06 +6.11645349e+06  1.13e+03   7.27e+00     3.31e-01   3238.789s
6731000 +6.11532635e+06 +6.11643407e+06  1.11e+03   7.25e+00     3.30e-01   3239.267s
6732000 +6.11533492e+06 +6.11642228e+06  1.09e+03   7.23e+00     3.26e-01   3239.746s
6733000 +6.11533978e+06 +6.11640713e+06  1.07e+03   7.22e+00     3.17e-01   3240.224s
6734000 +6.11534250e+06 +6.11644207e+06  1.10e+03   7.20e+00     3.12e-01   3240.703s
6735000 +6.11534805e+06 +6.11643852e+06  1.09e+03   7.18e+00     3.06e-01   3241.182s
6736000 +6.11535738e+06 +6.11645727e+06  1.10e+03   7.16e+00     2.97e-01   3241.660s
6737000 +6.11536469e+06 +6.11648554e+06  1.12e+03   7.15e+00     2.88e-01   3242.139s
6738000 +6.11537638e+06 +6.11649419e+06  1.12e+03   7.13e+00     2.79e-01   3242.618s
6739000 +6.11537392e+06 +6.11652192e+06  1.15e+03   7.12e+00     2.67e-01   3243.096s
6740000 +6.11536827e+06 +6.11651718e+06  1.15e+03   7.14e+00     2.58e-01   3243.575s
6741000 +6.11536477e+06 +6.11654461e+06  1.18e+03   7.17e+00     2.52e-01   3244.053s
6742000 +6.11536578e+06 +6.11653380e+06  1.17e+03   7.18e+00     2.49e-01   3244.532s
6743000 +6.11537872e+06 +6.11656461e+06  1.19e+03   7.14e+00     2.47e-01   3245.011s
6744000 +6.11538411e+06 +6.11655734e+06  1.17e+03   7.12e+00     2.42e-01   3245.489s
6745000 +6.11538976e+06 +6.11656582e+06  1.18e+03   7.11e+00     2.38e-01   3245.968s
6746000 +6.11539646e+06 +6.11656597e+06  1.17e+03   7.11e+00     2.33e-01   3246.447s
6747000 +6.11539778e+06 +6.11655913e+06  1.16e+03   7.11e+00     2.30e-01   3246.925s
6748000 +6.11539880e+06 +6.11657515e+06  1.18e+03   7.10e+00     2.22e-01   3247.404s
6749000 +6.11540243e+06 +6.11658185e+06  1.18e+03   7.11e+00     2.15e-01   3247.882s
6750000 +6.11540574e+06 +6.11658496e+06  1.18e+03   7.09e+00     2.10e-01   3248.361s
6751000 +6.11540628e+06 +6.11659243e+06  1.19e+03   7.09e+00     2.06e-01   3248.839s
6752000 +6.11540660e+06 +6.11658649e+06  1.18e+03   7.09e+00     2.03e-01   3249.318s
6753000 +6.11540878e+06 +6.11659082e+06  1.18e+03   7.10e+00     2.00e-01   3249.796s
6754000 +6.11540633e+06 +6.11658814e+06  1.18e+03   7.09e+00     1.96e-01   3250.275s
6755000 +6.11540584e+06 +6.11657357e+06  1.17e+03   7.09e+00     1.93e-01   3250.753s
6756000 +6.11540744e+06 +6.11658021e+06  1.17e+03   7.09e+00     1.90e-01   3251.232s
6757000 +6.11540706e+06 +6.11658802e+06  1.18e+03   7.09e+00     1.88e-01   3251.711s
6758000 +6.11541072e+06 +6.11659691e+06  1.19e+03   7.09e+00     1.85e-01   3252.189s
6759000 +6.11541167e+06 +6.11661936e+06  1.21e+03   7.08e+00     1.83e-01   3252.668s
6760000 +6.11541511e+06 +6.11659730e+06  1.18e+03   7.08e+00     1.80e-01   3253.147s
6761000 +6.11541941e+06 +6.11660917e+06  1.19e+03   7.08e+00     1.79e-01   3253.625s
6762000 +6.11542205e+06 +6.11661882e+06  1.20e+03   7.07e+00     1.76e-01   3254.104s
6763000 +6.11542296e+06 +6.11661499e+06  1.19e+03   7.06e+00     1.75e-01   3254.582s
6764000 +6.11542523e+06 +6.11663386e+06  1.21e+03   7.06e+00     1.71e-01   3255.061s
6765000 +6.11542721e+06 +6.11663795e+06  1.21e+03   7.06e+00     1.69e-01   3255.539s
6766000 +6.11542847e+06 +6.11664272e+06  1.21e+03   7.06e+00     1.68e-01   3256.018s
6767000 +6.11543089e+06 +6.11663608e+06  1.21e+03   7.05e+00     1.65e-01   3256.497s
6768000 +6.11543480e+06 +6.11663582e+06  1.20e+03   7.05e+00     1.65e-01   3256.975s
6769000 +6.11543752e+06 +6.11664680e+06  1.21e+03   7.04e+00     1.61e-01   3257.454s
6770000 +6.11544142e+06 +6.11664618e+06  1.20e+03   7.04e+00     1.61e-01   3257.932s
6771000 +6.11544405e+06 +6.11664497e+06  1.20e+03   7.03e+00     1.59e-01   3258.411s
6772000 +6.11544580e+06 +6.11665352e+06  1.21e+03   7.03e+00     1.58e-01   3258.889s
6773000 +6.11544824e+06 +6.11666013e+06  1.21e+03   7.03e+00     1.58e-01   3259.368s
6774000 +6.11545186e+06 +6.11666208e+06  1.21e+03   7.02e+00     1.56e-01   3259.847s
6775000 +6.11545826e+06 +6.11666121e+06  1.20e+03   7.01e+00     1.55e-01   3260.325s
6776000 +6.11546333e+06 +6.11666883e+06  1.21e+03   7.00e+00     1.52e-01   3260.804s
6777000 +6.11546972e+06 +6.11666209e+06  1.19e+03   6.99e+00     1.50e-01   3261.282s
6778000 +6.11547267e+06 +6.11665767e+06  1.18e+03   6.99e+00     1.51e-01   3261.761s
6779000 +6.11547742e+06 +6.11666551e+06  1.19e+03   6.98e+00     1.48e-01   3262.239s
6780000 +6.11548227e+06 +6.11667295e+06  1.19e+03   6.97e+00     1.49e-01   3262.718s
6781000 +6.11548757e+06 +6.11667814e+06  1.19e+03   6.97e+00     1.46e-01   3263.197s
6782000 +6.11549126e+06 +6.11667505e+06  1.18e+03   6.96e+00     1.46e-01   3263.675s
6783000 +6.11549358e+06 +6.11666827e+06  1.17e+03   6.95e+00     1.46e-01   3264.154s
6784000 +6.11549248e+06 +6.11667605e+06  1.18e+03   6.95e+00     2.05e-01   3264.633s
6785000 +6.11549247e+06 +6.11668271e+06  1.19e+03   6.96e+00     2.01e-01   3265.111s
6786000 +6.11549428e+06 +6.11669245e+06  1.20e+03   6.96e+00     1.99e-01   3265.590s
6787000 +6.11549579e+06 +6.11670229e+06  1.21e+03   6.95e+00     1.97e-01   3266.068s
6788000 +6.11549666e+06 +6.11671327e+06  1.22e+03   6.95e+00     1.95e-01   3266.546s
6789000 +6.11549826e+06 +6.11671717e+06  1.22e+03   6.95e+00     1.93e-01   3267.025s
6790000 +6.11550183e+06 +6.11671442e+06  1.21e+03   6.94e+00     1.91e-01   3267.503s
6791000 +6.11550506e+06 +6.11671370e+06  1.21e+03   6.94e+00     1.89e-01   3267.982s
6792000 +6.11550748e+06 +6.11671569e+06  1.21e+03   6.93e+00     1.86e-01   3268.460s
6793000 +6.11551109e+06 +6.11672271e+06  1.21e+03   6.93e+00     1.81e-01   3268.938s
6794000 +6.11551494e+06 +6.11672635e+06  1.21e+03   6.92e+00     1.81e-01   3269.417s
6795000 +6.11551896e+06 +6.11673142e+06  1.21e+03   6.91e+00     1.78e-01   3269.895s
6796000 +6.11552313e+06 +6.11674025e+06  1.22e+03   6.91e+00     1.77e-01   3270.374s
6797000 +6.11552736e+06 +6.11674296e+06  1.22e+03   6.90e+00     1.76e-01   3270.852s
6798000 +6.11553145e+06 +6.11674705e+06  1.22e+03   6.90e+00     1.74e-01   3271.331s
6799000 +6.11553552e+06 +6.11675260e+06  1.22e+03   6.89e+00     1.72e-01   3271.809s
6800000 +6.11553987e+06 +6.11675471e+06  1.21e+03   6.88e+00     1.64e-01   3272.288s
6801000 +6.11554361e+06 +6.11675532e+06  1.21e+03   6.88e+00     2.23e-01   3272.767s
6802000 +6.11554724e+06 +6.11675770e+06  1.21e+03   6.87e+00     2.21e-01   3273.245s
6803000 +6.11555070e+06 +6.11675983e+06  1.21e+03   6.87e+00     2.18e-01   3273.723s
6804000 +6.11555438e+06 +6.11675958e+06  1.21e+03   6.86e+00     2.13e-01   3274.201s
6805000 +6.11555806e+06 +6.11675993e+06  1.20e+03   6.86e+00     2.09e-01   3274.679s
6806000 +6.11556214e+06 +6.11675947e+06  1.20e+03   6.85e+00     2.06e-01   3275.157s
6807000 +6.11556697e+06 +6.11676520e+06  1.20e+03   6.84e+00     2.04e-01   3275.636s
6808000 +6.11557163e+06 +6.11676746e+06  1.20e+03   6.84e+00     2.02e-01   3276.114s
6809000 +6.11557603e+06 +6.11676676e+06  1.19e+03   6.83e+00     2.00e-01   3276.593s
6810000 +6.11558037e+06 +6.11676511e+06  1.18e+03   6.82e+00     1.96e-01   3277.071s
6811000 +6.11558621e+06 +6.11676608e+06  1.18e+03   6.81e+00     1.86e-01   3277.549s
6812000 +6.11559060e+06 +6.11677145e+06  1.18e+03   6.81e+00     1.86e-01   3278.027s
6813000 +6.11559480e+06 +6.11676622e+06  1.17e+03   6.80e+00     1.81e-01   3278.506s
6814000 +6.11559885e+06 +6.11675972e+06  1.16e+03   6.79e+00     1.75e-01   3278.984s
6815000 +6.11560305e+06 +6.11675772e+06  1.15e+03   6.79e+00     1.71e-01   3279.462s
6816000 +6.11560633e+06 +6.11676154e+06  1.16e+03   6.78e+00     1.70e-01   3279.941s
6817000 +6.11560932e+06 +6.11676052e+06  1.15e+03   6.78e+00     1.68e-01   3280.419s
6818000 +6.11561290e+06 +6.11676412e+06  1.15e+03   6.77e+00     1.66e-01   3280.898s
6819000 +6.11561659e+06 +6.11676504e+06  1.15e+03   6.77e+00     1.59e-01   3281.376s
6820000 +6.11562006e+06 +6.11676382e+06  1.14e+03   6.76e+00     1.57e-01   3281.854s
6821000 +6.11562438e+06 +6.11676384e+06  1.14e+03   6.76e+00     1.51e-01   3282.333s
6822000 +6.11562866e+06 +6.11675776e+06  1.13e+03   6.75e+00     1.49e-01   3282.811s
6823000 +6.11563190e+06 +6.11675893e+06  1.13e+03   6.75e+00     1.47e-01   3283.289s
6824000 +6.11563545e+06 +6.11675761e+06  1.12e+03   6.74e+00     1.45e-01   3283.768s
6825000 +6.11563894e+06 +6.11675870e+06  1.12e+03   6.73e+00     1.45e-01   3284.246s
6826000 +6.11564262e+06 +6.11675914e+06  1.12e+03   6.73e+00     1.41e-01   3284.725s
6827000 +6.11564669e+06 +6.11676091e+06  1.11e+03   6.72e+00     1.91e-01   3285.203s
6828000 +6.11565035e+06 +6.11676035e+06  1.11e+03   6.72e+00     1.88e-01   3285.682s
6829000 +6.11565337e+06 +6.11675636e+06  1.10e+03   6.71e+00     1.85e-01   3286.160s
6830000 +6.11565594e+06 +6.11675694e+06  1.10e+03   6.71e+00     1.83e-01   3286.639s
6831000 +6.11565898e+06 +6.11675248e+06  1.09e+03   6.71e+00     1.80e-01   3287.117s
6832000 +6.11566183e+06 +6.11674881e+06  1.09e+03   6.70e+00     1.78e-01   3287.595s
6833000 +6.11566405e+06 +6.11674628e+06  1.08e+03   6.70e+00     1.76e-01   3288.073s
6834000 +6.11566764e+06 +6.11674900e+06  1.08e+03   6.69e+00     1.73e-01   3288.552s
6835000 +6.11567175e+06 +6.11674651e+06  1.07e+03   6.69e+00     1.71e-01   3289.030s
6836000 +6.11567660e+06 +6.11674261e+06  1.07e+03   6.68e+00     1.69e-01   3289.508s
6837000 +6.11568109e+06 +6.11673970e+06  1.06e+03   6.67e+00     1.64e-01   3289.987s
6838000 +6.11568532e+06 +6.11673909e+06  1.05e+03   6.66e+00     1.60e-01   3290.465s
6839000 +6.11568948e+06 +6.11673868e+06  1.05e+03   6.66e+00     1.56e-01   3290.943s
6840000 +6.11569300e+06 +6.11674109e+06  1.05e+03   6.65e+00     1.52e-01   3291.421s
6841000 +6.11569552e+06 +6.11673875e+06  1.04e+03   6.65e+00     1.50e-01   3291.900s
6842000 +6.11569771e+06 +6.11673682e+06  1.04e+03   6.65e+00     1.48e-01   3292.378s
6843000 +6.11570002e+06 +6.11673433e+06  1.03e+03   6.64e+00     1.45e-01   3292.856s
6844000 +6.11570187e+06 +6.11672945e+06  1.03e+03   6.64e+00     1.43e-01   3293.335s
6845000 +6.11570361e+06 +6.11672520e+06  1.02e+03   6.64e+00     1.42e-01   3293.813s
6846000 +6.11570511e+06 +6.11672420e+06  1.02e+03   6.64e+00     1.39e-01   3294.292s
6847000 +6.11570659e+06 +6.11671884e+06  1.01e+03   6.63e+00     1.37e-01   3294.770s
6848000 +6.11570799e+06 +6.11672092e+06  1.01e+03   6.63e+00     1.36e-01   3295.248s
6849000 +6.11570872e+06 +6.11671988e+06  1.01e+03   6.63e+00     1.34e-01   3295.726s
6850000 +6.11570927e+06 +6.11672045e+06  1.01e+03   6.63e+00     1.32e-01   3296.205s
6851000 +6.11571093e+06 +6.11672036e+06  1.01e+03   6.62e+00     1.31e-01   3296.683s
6852000 +6.11571296e+06 +6.11671793e+06  1.00e+03   6.62e+00     1.30e-01   3297.161s
6853000 +6.11571529e+06 +6.11671906e+06  1.00e+03   6.62e+00     1.29e-01   3297.640s
6854000 +6.11571777e+06 +6.11671706e+06  9.99e+02   6.61e+00     1.27e-01   3298.118s
6855000 +6.11572076e+06 +6.11672179e+06  1.00e+03   6.61e+00     1.27e-01   3298.597s
6856000 +6.11572383e+06 +6.11671719e+06  9.93e+02   6.61e+00     1.25e-01   3299.075s
6857000 +6.11572685e+06 +6.11672226e+06  9.95e+02   6.60e+00     1.24e-01   3299.553s
6858000 +6.11573068e+06 +6.11672002e+06  9.89e+02   6.59e+00     1.22e-01   3300.031s
6859000 +6.11573418e+06 +6.11672019e+06  9.86e+02   6.59e+00     1.21e-01   3300.510s
6860000 +6.11573798e+06 +6.11672071e+06  9.83e+02   6.58e+00     1.18e-01   3300.988s
6861000 +6.11574124e+06 +6.11671393e+06  9.73e+02   6.58e+00     1.79e-01   3301.467s
6862000 +6.11574356e+06 +6.11670879e+06  9.65e+02   6.57e+00     1.76e-01   3301.945s
6863000 +6.11574605e+06 +6.11670635e+06  9.60e+02   6.57e+00     1.75e-01   3302.424s
6864000 +6.11574858e+06 +6.11671047e+06  9.62e+02   6.57e+00     1.74e-01   3302.902s
6865000 +6.11575122e+06 +6.11670679e+06  9.56e+02   6.56e+00     1.72e-01   3303.380s
6866000 +6.11575407e+06 +6.11670302e+06  9.49e+02   6.56e+00     1.70e-01   3303.859s
6867000 +6.11575664e+06 +6.11670054e+06  9.44e+02   6.55e+00     1.66e-01   3304.337s
6868000 +6.11575897e+06 +6.11669723e+06  9.38e+02   6.55e+00     1.65e-01   3304.815s
6869000 +6.11576129e+06 +6.11669452e+06  9.33e+02   6.55e+00     1.63e-01   3305.294s
6870000 +6.11576351e+06 +6.11669368e+06  9.30e+02   6.54e+00     1.61e-01   3305.772s
6871000 +6.11576553e+06 +6.11669337e+06  9.28e+02   6.54e+00     1.55e-01   3306.251s
6872000 +6.11576735e+06 +6.11669204e+06  9.25e+02   6.54e+00     1.52e-01   3306.729s
6873000 +6.11576909e+06 +6.11669272e+06  9.24e+02   6.54e+00     1.49e-01   3307.207s
6874000 +6.11577081e+06 +6.11669270e+06  9.22e+02   6.53e+00     1.48e-01   3307.686s
6875000 +6.11577249e+06 +6.11669011e+06  9.18e+02   6.53e+00     1.47e-01   3308.164s
6876000 +6.11577417e+06 +6.11668531e+06  9.11e+02   6.53e+00     1.46e-01   3308.642s
6877000 +6.11577587e+06 +6.11668306e+06  9.07e+02   6.52e+00     1.46e-01   3309.121s
6878000 +6.11577751e+06 +6.11668375e+06  9.06e+02   6.52e+00     1.45e-01   3309.599s
6879000 +6.11577906e+06 +6.11668417e+06  9.05e+02   6.52e+00     1.44e-01   3310.077s
6880000 +6.11578092e+06 +6.11668466e+06  9.04e+02   6.52e+00     1.44e-01   3310.555s
6881000 +6.11578284e+06 +6.11668590e+06  9.03e+02   6.51e+00     1.43e-01   3311.034s
6882000 +6.11578512e+06 +6.11668599e+06  9.01e+02   6.51e+00     1.36e-01   3311.512s
6883000 +6.11578754e+06 +6.11668919e+06  9.02e+02   6.51e+00     1.35e-01   3311.991s
6884000 +6.11579018e+06 +6.11668699e+06  8.97e+02   6.50e+00     1.35e-01   3312.469s
6885000 +6.11579327e+06 +6.11668467e+06  8.91e+02   6.50e+00     1.32e-01   3312.947s
6886000 +6.11579640e+06 +6.11669400e+06  8.98e+02   6.49e+00     1.31e-01   3313.426s
6887000 +6.11579973e+06 +6.11669150e+06  8.92e+02   6.49e+00     1.30e-01   3313.904s
6888000 +6.11580331e+06 +6.11669252e+06  8.89e+02   6.48e+00     1.30e-01   3314.382s
6889000 +6.11580707e+06 +6.11669174e+06  8.85e+02   6.47e+00     1.30e-01   3314.861s
6890000 +6.11581106e+06 +6.11669218e+06  8.81e+02   6.47e+00     1.29e-01   3315.339s
6891000 +6.11581499e+06 +6.11669255e+06  8.78e+02   6.46e+00     1.28e-01   3315.817s
6892000 +6.11581905e+06 +6.11669531e+06  8.76e+02   6.46e+00     1.26e-01   3316.296s
6893000 +6.11582328e+06 +6.11669703e+06  8.74e+02   6.45e+00     1.26e-01   3316.774s
6894000 +6.11582744e+06 +6.11670151e+06  8.74e+02   6.44e+00     1.25e-01   3317.252s
6895000 +6.11583196e+06 +6.11670309e+06  8.71e+02   6.44e+00     1.24e-01   3317.731s
6896000 +6.11583687e+06 +6.11670407e+06  8.67e+02   6.43e+00     1.25e-01   3318.209s
6897000 +6.11584206e+06 +6.11670632e+06  8.64e+02   6.42e+00     1.24e-01   3318.688s
6898000 +6.11584736e+06 +6.11670350e+06  8.56e+02   6.41e+00     1.24e-01   3319.166s
6899000 +6.11585226e+06 +6.11669965e+06  8.47e+02   6.40e+00     1.23e-01   3319.644s
6900000 +6.11585715e+06 +6.11669644e+06  8.39e+02   6.40e+00     1.23e-01   3320.122s
6901000 +6.11586200e+06 +6.11669681e+06  8.35e+02   6.39e+00     1.23e-01   3320.600s
6902000 +6.11586688e+06 +6.11669602e+06  8.29e+02   6.38e+00     1.22e-01   3321.079s
6903000 +6.11587159e+06 +6.11669985e+06  8.28e+02   6.37e+00     1.22e-01   3321.557s
6904000 +6.11587631e+06 +6.11670216e+06  8.26e+02   6.37e+00     1.22e-01   3322.035s
6905000 +6.11588126e+06 +6.11670339e+06  8.22e+02   6.36e+00     1.18e-01   3322.514s
6906000 +6.11588638e+06 +6.11670416e+06  8.18e+02   6.35e+00     1.09e-01   3322.992s
6907000 +6.11589175e+06 +6.11670356e+06  8.12e+02   6.34e+00     1.11e-01   3323.470s
6908000 +6.11589735e+06 +6.11670354e+06  8.06e+02   6.33e+00     1.07e-01   3323.949s
6909000 +6.11590285e+06 +6.11670175e+06  7.99e+02   6.32e+00     1.01e-01   3324.427s
6910000 +6.11590820e+06 +6.11669879e+06  7.91e+02   6.32e+00     9.93e-02   3324.905s
6911000 +6.11591362e+06 +6.11670280e+06  7.89e+02   6.31e+00     9.88e-02   3325.384s
6912000 +6.11591891e+06 +6.11670779e+06  7.89e+02   6.30e+00     9.84e-02   3325.862s
6913000 +6.11592448e+06 +6.11670593e+06  7.81e+02   6.29e+00     9.71e-02   3326.340s
6914000 +6.11593021e+06 +6.11670405e+06  7.74e+02   6.28e+00     9.59e-02   3326.819s
6915000 +6.11593630e+06 +6.11670317e+06  7.67e+02   6.27e+00     9.56e-02   3327.297s
6916000 +6.11594286e+06 +6.11669883e+06  7.56e+02   6.26e+00     9.41e-02   3327.776s
6917000 +6.11594974e+06 +6.11669831e+06  7.49e+02   6.25e+00     9.42e-02   3328.254s
6918000 +6.11595691e+06 +6.11670217e+06  7.45e+02   6.24e+00     9.40e-02   3328.732s
6919000 +6.11596408e+06 +6.11670047e+06  7.36e+02   6.23e+00     9.34e-02   3329.211s
6920000 +6.11597141e+06 +6.11669218e+06  7.21e+02   6.22e+00     9.37e-02   3329.689s
6921000 +6.11597876e+06 +6.11669357e+06  7.15e+02   6.20e+00     9.27e-02   3330.167s
6922000 +6.11598619e+06 +6.11669518e+06  7.09e+02   6.19e+00     9.27e-02   3330.646s
6923000 +6.11599363e+06 +6.11668956e+06  6.96e+02   6.18e+00     9.19e-02   3331.124s
6924000 +6.11600124e+06 +6.11669160e+06  6.90e+02   6.17e+00     9.21e-02   3331.602s
6925000 +6.11600920e+06 +6.11668946e+06  6.80e+02   6.16e+00     9.23e-02   3332.081s
6926000 +6.11601728e+06 +6.11669072e+06  6.73e+02   6.14e+00     9.12e-02   3332.559s
6927000 +6.11602160e+06 +6.11669116e+06  6.70e+02   6.14e+00     9.12e-02   3333.037s
6928000 +6.11602420e+06 +6.11667769e+06  6.53e+02   6.13e+00     9.04e-02   3333.515s
6929000 +6.11602658e+06 +6.11668075e+06  6.54e+02   6.13e+00     9.03e-02   3333.994s
6930000 +6.11602905e+06 +6.11667443e+06  6.45e+02   6.12e+00     9.08e-02   3334.472s
6931000 +6.11603152e+06 +6.11667950e+06  6.48e+02   6.12e+00     8.95e-02   3334.950s
6932000 +6.11603405e+06 +6.11667913e+06  6.45e+02   6.12e+00     8.90e-02   3335.429s
6933000 +6.11603679e+06 +6.11667712e+06  6.40e+02   6.11e+00     8.88e-02   3335.907s
6934000 +6.11603904e+06 +6.11666818e+06  6.29e+02   6.11e+00     8.83e-02   3336.386s
6935000 +6.11604159e+06 +6.11666916e+06  6.28e+02   6.10e+00     8.83e-02   3336.864s
6936000 +6.11604432e+06 +6.11667627e+06  6.32e+02   6.10e+00     8.82e-02   3337.342s
6937000 +6.11604703e+06 +6.11667559e+06  6.29e+02   6.10e+00     8.80e-02   3337.821s
6938000 +6.11604961e+06 +6.11667114e+06  6.22e+02   6.09e+00     8.79e-02   3338.299s
6939000 +6.11605206e+06 +6.11666764e+06  6.16e+02   6.09e+00     8.73e-02   3338.777s
6940000 +6.11605443e+06 +6.11666044e+06  6.06e+02   6.08e+00     8.75e-02   3339.256s
6941000 +6.11605667e+06 +6.11666718e+06  6.11e+02   6.08e+00     8.70e-02   3339.734s
6942000 +6.11605886e+06 +6.11666757e+06  6.09e+02   6.08e+00     8.69e-02   3340.212s
6943000 +6.11606130e+06 +6.11665989e+06  5.99e+02   6.07e+00     8.67e-02   3340.691s
6944000 +6.11606381e+06 +6.11665884e+06  5.95e+02   6.07e+00     8.66e-02   3341.169s
6945000 +6.11606616e+06 +6.11666466e+06  5.98e+02   6.07e+00     8.60e-02   3341.647s
6946000 +6.11606841e+06 +6.11666436e+06  5.96e+02   6.06e+00     8.58e-02   3342.126s
6947000 +6.11607052e+06 +6.11666240e+06  5.92e+02   6.06e+00     8.57e-02   3342.604s
6948000 +6.11607256e+06 +6.11665876e+06  5.86e+02   6.06e+00     8.52e-02   3343.082s
6949000 +6.11607461e+06 +6.11665832e+06  5.84e+02   6.05e+00     8.41e-02   3343.561s
6950000 +6.11607669e+06 +6.11665617e+06  5.79e+02   6.05e+00     8.45e-02   3344.039s
6951000 +6.11607887e+06 +6.11665736e+06  5.78e+02   6.05e+00     8.38e-02   3344.517s
6952000 +6.11608088e+06 +6.11665101e+06  5.70e+02   6.04e+00     8.37e-02   3344.996s
6953000 +6.11608304e+06 +6.11665410e+06  5.71e+02   6.04e+00     8.38e-02   3345.474s
6954000 +6.11608532e+06 +6.11666140e+06  5.76e+02   6.04e+00     8.33e-02   3345.952s
6955000 +6.11608760e+06 +6.11664976e+06  5.62e+02   6.03e+00     8.36e-02   3346.431s
6956000 +6.11609001e+06 +6.11664845e+06  5.58e+02   6.03e+00     8.27e-02   3346.909s
6957000 +6.11609243e+06 +6.11665122e+06  5.59e+02   6.02e+00     8.31e-02   3347.388s
6958000 +6.11609493e+06 +6.11665120e+06  5.56e+02   6.02e+00     8.23e-02   3347.866s
6959000 +6.11609744e+06 +6.11664939e+06  5.52e+02   6.02e+00     8.26e-02   3348.345s
6960000 +6.11609993e+06 +6.11665744e+06  5.58e+02   6.01e+00     8.16e-02   3348.823s
6961000 +6.11610230e+06 +6.11665838e+06  5.56e+02   6.01e+00     8.19e-02   3349.301s
6962000 +6.11610487e+06 +6.11664958e+06  5.45e+02   6.00e+00     8.16e-02   3349.780s
6963000 +6.11610727e+06 +6.11664591e+06  5.39e+02   6.00e+00     8.12e-02   3350.258s
6964000 +6.11610985e+06 +6.11664698e+06  5.37e+02   6.00e+00     8.12e-02   3350.737s
6965000 +6.11611240e+06 +6.11664966e+06  5.37e+02   5.99e+00     8.10e-02   3351.215s
6966000 +6.11611513e+06 +6.11664813e+06  5.33e+02   5.99e+00     8.10e-02   3351.693s
6967000 +6.11611794e+06 +6.11664620e+06  5.28e+02   5.98e+00     8.09e-02   3352.172s
6968000 +6.11612080e+06 +6.11664675e+06  5.26e+02   5.98e+00     8.09e-02   3352.650s
6969000 +6.11612359e+06 +6.11664101e+06  5.17e+02   5.97e+00     8.07e-02   3353.128s
6970000 +6.11612625e+06 +6.11664009e+06  5.14e+02   5.97e+00     8.08e-02   3353.607s
6971000 +6.11612902e+06 +6.11663652e+06  5.08e+02   5.97e+00     8.03e-02   3354.085s
6972000 +6.11613162e+06 +6.11663441e+06  5.03e+02   5.96e+00     8.02e-02   3354.564s
6973000 +6.11613444e+06 +6.11663229e+06  4.98e+02   5.96e+00     8.03e-02   3355.042s
6974000 +6.11613730e+06 +6.11662374e+06  4.86e+02   5.95e+00     8.04e-02   3355.520s
6975000 +6.11614017e+06 +6.11662196e+06  4.82e+02   5.95e+00     8.02e-02   3355.999s
6976000 +6.11614316e+06 +6.11662089e+06  4.78e+02   5.94e+00     8.01e-02   3356.477s
6977000 +6.11614619e+06 +6.11662425e+06  4.78e+02   5.94e+00     7.99e-02   3356.955s
6978000 +6.11614917e+06 +6.11662509e+06  4.76e+02   5.93e+00     8.00e-02   3357.434s
6979000 +6.11615205e+06 +6.11661774e+06  4.66e+02   5.93e+00     8.00e-02   3357.912s
6980000 +6.11615490e+06 +6.11661694e+06  4.62e+02   5.93e+00     7.83e-02   3358.390s
6981000 +6.11615789e+06 +6.11661569e+06  4.58e+02   5.92e+00     7.84e-02   3358.869s
6982000 +6.11616093e+06 +6.11661570e+06  4.55e+02   5.92e+00     7.83e-02   3359.347s
6983000 +6.11616389e+06 +6.11661937e+06  4.55e+02   5.91e+00     7.82e-02   3359.825s
6984000 +6.11616663e+06 +6.11661203e+06  4.45e+02   5.91e+00     7.81e-02   3360.304s
6985000 +6.11616939e+06 +6.11661373e+06  4.44e+02   5.90e+00     7.78e-02   3360.782s
6986000 +6.11617239e+06 +6.11662321e+06  4.51e+02   5.90e+00     7.78e-02   3361.261s
6987000 +6.11617566e+06 +6.11662967e+06  4.54e+02   5.89e+00     7.78e-02   3361.739s
6988000 +6.11617908e+06 +6.11662266e+06  4.44e+02   5.89e+00     7.77e-02   3362.218s
6989000 +6.11618243e+06 +6.11661947e+06  4.37e+02   5.88e+00     7.75e-02   3362.696s
6990000 +6.11618591e+06 +6.11661656e+06  4.31e+02   5.88e+00     7.73e-02   3363.174s
6991000 +6.11618926e+06 +6.11661180e+06  4.23e+02   5.87e+00     7.73e-02   3363.653s
6992000 +6.11619271e+06 +6.11661020e+06  4.17e+02   5.86e+00     7.71e-02   3364.131s
6993000 +6.11619632e+06 +6.11661040e+06  4.14e+02   5.86e+00     7.69e-02   3364.609s
6994000 +6.11619995e+06 +6.11661191e+06  4.12e+02   5.85e+00     7.69e-02   3365.088s
6995000 +6.11620355e+06 +6.11661430e+06  4.11e+02   5.85e+00     7.67e-02   3365.566s
6996000 +6.11620695e+06 +6.11661386e+06  4.07e+02   5.84e+00     7.66e-02   3366.045s
6997000 +6.11621040e+06 +6.11661310e+06  4.03e+02   5.84e+00     7.65e-02   3366.523s
6998000 +6.11621370e+06 +6.11661397e+06  4.00e+02   5.83e+00     7.63e-02   3367.001s
6999000 +6.11621712e+06 +6.11661419e+06  3.97e+02   5.83e+00     7.64e-02   3367.480s
7000000 +6.11622047e+06 +6.11661334e+06  3.93e+02   5.82e+00     7.63e-02   3367.958s
7001000 +6.11622378e+06 +6.11661066e+06  3.87e+02   5.82e+00     7.62e-02   3368.437s
7002000 +6.11622683e+06 +6.11660766e+06  3.81e+02   5.81e+00     7.61e-02   3368.915s
7003000 +6.11622988e+06 +6.11660714e+06  3.77e+02   5.81e+00     7.62e-02   3369.394s
7004000 +6.11623322e+06 +6.11660900e+06  3.76e+02   5.80e+00     7.61e-02   3369.872s
7005000 +6.11623653e+06 +6.11661195e+06  3.75e+02   5.80e+00     7.61e-02   3370.350s
7006000 +6.11623982e+06 +6.11660921e+06  3.69e+02   5.79e+00     7.57e-02   3370.829s
7007000 +6.11624320e+06 +6.11660851e+06  3.65e+02   5.79e+00     7.58e-02   3371.307s
7008000 +6.11624649e+06 +6.11661029e+06  3.64e+02   5.78e+00     7.56e-02   3371.786s
7009000 +6.11624993e+06 +6.11660849e+06  3.59e+02   5.77e+00     7.52e-02   3372.264s
7010000 +6.11625324e+06 +6.11660868e+06  3.55e+02   5.77e+00     7.48e-02   3372.742s
7011000 +6.11625636e+06 +6.11660904e+06  3.53e+02   5.76e+00     7.51e-02   3373.221s
7012000 +6.11625977e+06 +6.11660656e+06  3.47e+02   5.76e+00     7.48e-02   3373.699s
7013000 +6.11626328e+06 +6.11660368e+06  3.40e+02   5.75e+00     7.45e-02   3374.178s
7014000 +6.11626639e+06 +6.11659987e+06  3.33e+02   5.75e+00     7.43e-02   3374.656s
7015000 +6.11626962e+06 +6.11659932e+06  3.30e+02   5.74e+00     7.40e-02   3375.134s
7016000 +6.11627304e+06 +6.11660689e+06  3.34e+02   5.74e+00     7.37e-02   3375.613s
7017000 +6.11627652e+06 +6.11660500e+06  3.28e+02   5.73e+00     7.32e-02   3376.091s
7018000 +6.11628003e+06 +6.11659807e+06  3.18e+02   5.73e+00     7.26e-02   3376.570s
7019000 +6.11628339e+06 +6.11659939e+06  3.16e+02   5.72e+00     7.19e-02   3377.048s
7020000 +6.11628689e+06 +6.11660030e+06  3.13e+02   5.72e+00     7.18e-02   3377.527s
7021000 +6.11628998e+06 +6.11659734e+06  3.07e+02   5.71e+00     1.13e-01   3378.006s
7022000 +6.11629125e+06 +6.11659559e+06  3.04e+02   5.71e+00     1.09e-01   3378.484s
7023000 +6.11629254e+06 +6.11659736e+06  3.05e+02   5.71e+00     1.07e-01   3378.962s
7024000 +6.11629395e+06 +6.11659549e+06  3.02e+02   5.71e+00     1.07e-01   3379.441s
7025000 +6.11629547e+06 +6.11659072e+06  2.95e+02   5.70e+00     1.06e-01   3379.919s
7026000 +6.11629706e+06 +6.11658676e+06  2.90e+02   5.70e+00     1.05e-01   3380.397s
7027000 +6.11629854e+06 +6.11658893e+06  2.90e+02   5.70e+00     1.05e-01   3380.875s
7028000 +6.11630024e+06 +6.11658742e+06  2.87e+02   5.69e+00     1.00e-01   3381.354s
7029000 +6.11630209e+06 +6.11658711e+06  2.85e+02   5.69e+00     1.01e-01   3381.832s
7030000 +6.11630399e+06 +6.11658344e+06  2.79e+02   5.69e+00     1.00e-01   3382.310s
7031000 +6.11630606e+06 +6.11658023e+06  2.74e+02   5.69e+00     9.95e-02   3382.789s
7032000 +6.11630801e+06 +6.11657917e+06  2.71e+02   5.68e+00     9.95e-02   3383.267s
7033000 +6.11631020e+06 +6.11657584e+06  2.66e+02   5.68e+00     9.87e-02   3383.745s
7034000 +6.11631248e+06 +6.11657334e+06  2.61e+02   5.68e+00     9.57e-02   3384.224s
7035000 +6.11631492e+06 +6.11656838e+06  2.53e+02   5.67e+00     9.50e-02   3384.702s
7036000 +6.11631747e+06 +6.11657036e+06  2.53e+02   5.67e+00     9.51e-02   3385.180s
7037000 +6.11632007e+06 +6.11656742e+06  2.47e+02   5.66e+00     9.47e-02   3385.659s
7038000 +6.11632268e+06 +6.11656512e+06  2.42e+02   5.66e+00     9.41e-02   3386.137s
7039000 +6.11632534e+06 +6.11656122e+06  2.36e+02   5.66e+00     9.41e-02   3386.616s
7040000 +6.11632819e+06 +6.11656178e+06  2.34e+02   5.65e+00     9.36e-02   3387.094s
7041000 +6.11633127e+06 +6.11655683e+06  2.26e+02   5.65e+00     9.37e-02   3387.572s
7042000 +6.11633450e+06 +6.11654957e+06  2.15e+02   5.64e+00     9.35e-02   3388.051s
7043000 +6.11633807e+06 +6.11654408e+06  2.06e+02   5.64e+00     9.27e-02   3388.529s
7044000 +6.11634163e+06 +6.11653895e+06  1.97e+02   5.63e+00     9.25e-02   3389.007s
7045000 +6.11634529e+06 +6.11653645e+06  1.91e+02   5.62e+00     9.20e-02   3389.486s
7046000 +6.11634909e+06 +6.11653452e+06  1.85e+02   5.62e+00     9.13e-02   3389.964s
7047000 +6.11635304e+06 +6.11653078e+06  1.78e+02   5.61e+00     9.18e-02   3390.443s
7048000 +6.11635724e+06 +6.11652882e+06  1.72e+02   5.60e+00     9.18e-02   3390.921s
7049000 +6.11636154e+06 +6.11652670e+06  1.65e+02   5.60e+00     9.19e-02   3391.399s
7050000 +6.11636613e+06 +6.11652211e+06  1.56e+02   5.59e+00     9.21e-02   3391.878s
7051000 +6.11637094e+06 +6.11652362e+06  1.53e+02   5.58e+00     9.05e-02   3392.356s
7052000 +6.11637593e+06 +6.11652463e+06  1.49e+02   5.58e+00     9.05e-02   3392.835s
7053000 +6.11638080e+06 +6.11652159e+06  1.41e+02   5.57e+00     9.12e-02   3393.313s
7054000 +6.11638508e+06 +6.11652528e+06  1.40e+02   5.56e+00     9.02e-02   3393.791s
7055000 +6.11638919e+06 +6.11652546e+06  1.36e+02   5.55e+00     9.05e-02   3394.270s
7056000 +6.11639351e+06 +6.11652255e+06  1.29e+02   5.55e+00     9.04e-02   3394.748s
7057000 +6.11639811e+06 +6.11652091e+06  1.23e+02   5.54e+00     8.97e-02   3395.226s
7058000 +6.11640283e+06 +6.11651899e+06  1.16e+02   5.53e+00     8.99e-02   3395.705s
7059000 +6.11640785e+06 +6.11651522e+06  1.07e+02   5.52e+00     9.00e-02   3396.183s
7060000 +6.11641310e+06 +6.11651032e+06  9.72e+01   5.52e+00     8.97e-02   3396.662s
7061000 +6.11641828e+06 +6.11651477e+06  9.65e+01   5.51e+00     8.94e-02   3397.140s
7062000 +6.11642334e+06 +6.11651406e+06  9.07e+01   5.50e+00     8.91e-02   3397.618s
7063000 +6.11642785e+06 +6.11651694e+06  8.91e+01   5.49e+00     8.90e-02   3398.097s
7064000 +6.11643222e+06 +6.11651839e+06  8.62e+01   5.49e+00     8.91e-02   3398.575s
7065000 +6.11643655e+06 +6.11651825e+06  8.17e+01   5.48e+00     8.92e-02   3399.053s
7066000 +6.11644103e+06 +6.11651856e+06  7.75e+01   5.47e+00     8.90e-02   3399.531s
7067000 +6.11644604e+06 +6.11651383e+06  6.78e+01   5.46e+00     8.91e-02   3400.010s
7068000 +6.11645137e+06 +6.11651724e+06  6.59e+01   5.46e+00     8.87e-02   3400.488s
7069000 +6.11645698e+06 +6.11651647e+06  5.95e+01   5.45e+00     8.88e-02   3400.967s
7070000 +6.11646291e+06 +6.11651198e+06  4.91e+01   5.44e+00     8.91e-02   3401.445s
7071000 +6.11646930e+06 +6.11651813e+06  4.88e+01   5.43e+00     8.93e-02   3401.924s
7072000 +6.11647595e+06 +6.11651329e+06  3.73e+01   5.42e+00     8.96e-02   3402.402s
7073000 +6.11648279e+06 +6.11651047e+06  2.77e+01   5.41e+00     8.97e-02   3402.880s
7074000 +6.11648993e+06 +6.11650444e+06  1.45e+01   5.40e+00     8.96e-02   3403.359s
7075000 +6.11649679e+06 +6.11650334e+06  6.54e+00   5.38e+00     8.98e-02   3403.837s
7076000 +6.11650319e+06 +6.11649735e+06  5.84e+00   5.37e+00     8.91e-02   3404.315s
7077000 +6.11650903e+06 +6.11649689e+06  1.21e+01   5.37e+00     8.89e-02   3404.794s
7078000 +6.11651476e+06 +6.11649362e+06  2.11e+01   5.36e+00     8.86e-02   3405.272s
7079000 +6.11652045e+06 +6.11649565e+06  2.48e+01   5.35e+00     8.83e-02   3405.750s
7080000 +6.11652612e+06 +6.11649830e+06  2.78e+01   5.34e+00     8.65e-02   3406.229s
7081000 +6.11653221e+06 +6.11649776e+06  3.45e+01   5.33e+00     8.63e-02   3406.707s
7082000 +6.11653843e+06 +6.11650447e+06  3.40e+01   5.32e+00     8.69e-02   3407.186s
7083000 +6.11654492e+06 +6.11650303e+06  4.19e+01   5.31e+00     8.59e-02   3407.664s
7084000 +6.11655131e+06 +6.11649802e+06  5.33e+01   5.30e+00     8.65e-02   3408.142s
7085000 +6.11655739e+06 +6.11649472e+06  6.27e+01   5.29e+00     8.66e-02   3408.621s
7086000 +6.11656336e+06 +6.11648720e+06  7.62e+01   5.28e+00     8.63e-02   3409.099s
7087000 +6.11656957e+06 +6.11648633e+06  8.32e+01   5.27e+00     8.70e-02   3409.578s
7088000 +6.11657587e+06 +6.11649050e+06  8.54e+01   5.26e+00     8.62e-02   3410.056s
7089000 +6.11658245e+06 +6.11649008e+06  9.24e+01   5.25e+00     8.62e-02   3410.534s
7090000 +6.11658904e+06 +6.11648423e+06  1.05e+02   5.24e+00     8.59e-02   3411.013s
7091000 +6.11659598e+06 +6.11648413e+06  1.12e+02   5.23e+00     8.58e-02   3411.491s
7092000 +6.11660333e+06 +6.11648211e+06  1.21e+02   5.22e+00     8.66e-02   3411.970s
7093000 +6.11661084e+06 +6.11648693e+06  1.24e+02   5.20e+00     8.68e-02   3412.448s
7094000 +6.11661827e+06 +6.11649316e+06  1.25e+02   5.19e+00     8.70e-02   3412.926s
7095000 +6.11662522e+06 +6.11648572e+06  1.40e+02   5.18e+00     8.72e-02   3413.404s
7096000 +6.11663202e+06 +6.11648033e+06  1.52e+02   5.17e+00     8.65e-02   3413.883s
7097000 +6.11663917e+06 +6.11647655e+06  1.63e+02   5.16e+00     8.67e-02   3414.361s
7098000 +6.11664680e+06 +6.11647191e+06  1.75e+02   5.15e+00     8.69e-02   3414.840s
7099000 +6.11665453e+06 +6.11646476e+06  1.90e+02   5.14e+00     8.69e-02   3415.318s
7100000 +6.11666244e+06 +6.11647157e+06  1.91e+02   5.12e+00     8.76e-02   3415.796s
7101000 +6.11667026e+06 +6.11645889e+06  2.11e+02   5.11e+00     8.71e-02   3416.275s
7102000 +6.11667782e+06 +6.11646286e+06  2.15e+02   5.10e+00     8.74e-02   3416.753s
7103000 +6.11668583e+06 +6.11647421e+06  2.12e+02   5.09e+00     8.72e-02   3417.231s
7104000 +6.11669377e+06 +6.11647021e+06  2.24e+02   5.07e+00     8.73e-02   3417.710s
7105000 +6.11670156e+06 +6.11646903e+06  2.33e+02   5.06e+00     8.76e-02   3418.188s
7106000 +6.11670916e+06 +6.11647131e+06  2.38e+02   5.05e+00     8.72e-02   3418.667s
7107000 +6.11671679e+06 +6.11646770e+06  2.49e+02   5.04e+00     8.76e-02   3419.145s
7108000 +6.11672472e+06 +6.11646594e+06  2.59e+02   5.02e+00     8.76e-02   3419.623s
7109000 +6.11673269e+06 +6.11646635e+06  2.66e+02   5.01e+00     8.75e-02   3420.102s
7110000 +6.11674048e+06 +6.11646565e+06  2.75e+02   5.00e+00     8.75e-02   3420.580s
7111000 +6.11674828e+06 +6.11645973e+06  2.89e+02   4.99e+00     8.71e-02   3421.058s
7112000 +6.11675585e+06 +6.11646001e+06  2.96e+02   4.98e+00     8.72e-02   3421.537s
7113000 +6.11676347e+06 +6.11644543e+06  3.18e+02   4.96e+00     8.73e-02   3422.015s
7114000 +6.11677122e+06 +6.11644213e+06  3.29e+02   4.95e+00     8.69e-02   3422.494s
7115000 +6.11677876e+06 +6.11645023e+06  3.29e+02   4.94e+00     8.67e-02   3422.972s
7116000 +6.11678708e+06 +6.11646649e+06  3.21e+02   4.93e+00     8.70e-02   3423.450s
7117000 +6.11679545e+06 +6.11646625e+06  3.29e+02   4.91e+00     8.75e-02   3423.929s
7118000 +6.11680428e+06 +6.11646907e+06  3.35e+02   4.90e+00     8.81e-02   3424.407s
7119000 +6.11681280e+06 +6.11646730e+06  3.46e+02   4.89e+00     8.85e-02   3424.886s
7120000 +6.11682128e+06 +6.11646072e+06  3.61e+02   4.87e+00     8.89e-02   3425.364s
7121000 +6.11682998e+06 +6.11645140e+06  3.79e+02   4.86e+00     8.90e-02   3425.843s
7122000 +6.11683881e+06 +6.11645608e+06  3.83e+02   4.85e+00     8.92e-02   3426.321s
7123000 +6.11684739e+06 +6.11645480e+06  3.93e+02   4.83e+00     8.97e-02   3426.800s
7124000 +6.11685590e+06 +6.11645840e+06  3.97e+02   4.82e+00     8.99e-02   3427.278s
7125000 +6.11686434e+06 +6.11644969e+06  4.15e+02   4.80e+00     9.02e-02   3427.756s
7126000 +6.11687270e+06 +6.11645234e+06  4.20e+02   4.79e+00     8.99e-02   3428.235s
7127000 +6.11688089e+06 +6.11645469e+06  4.26e+02   4.78e+00     8.93e-02   3428.713s
7128000 +6.11688940e+06 +6.11645461e+06  4.35e+02   4.77e+00     8.93e-02   3429.192s
7129000 +6.11689830e+06 +6.11646419e+06  4.34e+02   4.75e+00     8.89e-02   3429.670s
7130000 +6.11690727e+06 +6.11646083e+06  4.46e+02   4.74e+00     8.84e-02   3430.149s
7131000 +6.11691644e+06 +6.11646238e+06  4.54e+02   4.72e+00     8.82e-02   3430.627s
7132000 +6.11692595e+06 +6.11645160e+06  4.74e+02   4.71e+00     8.81e-02   3431.106s
7133000 +6.11693531e+06 +6.11645483e+06  4.80e+02   4.69e+00     8.84e-02   3431.584s
7134000 +6.11694472e+06 +6.11645366e+06  4.91e+02   4.68e+00     8.86e-02   3432.063s
7135000 +6.11695417e+06 +6.11645480e+06  4.99e+02   4.66e+00     8.84e-02   3432.541s
7136000 +6.11696405e+06 +6.11645489e+06  5.09e+02   4.65e+00     8.87e-02   3433.019s
7137000 +6.11697420e+06 +6.11645754e+06  5.17e+02   4.63e+00     8.89e-02   3433.498s
7138000 +6.11698451e+06 +6.11645800e+06  5.27e+02   4.62e+00     8.88e-02   3433.976s
7139000 +6.11699478e+06 +6.11646130e+06  5.33e+02   4.60e+00     8.86e-02   3434.455s
7140000 +6.11700443e+06 +6.11646637e+06  5.38e+02   4.58e+00     8.85e-02   3434.933s
7141000 +6.11701276e+06 +6.11646164e+06  5.51e+02   4.57e+00     8.85e-02   3435.412s
7142000 +6.11702137e+06 +6.11647176e+06  5.50e+02   4.56e+00     8.82e-02   3435.890s
7143000 +6.11702983e+06 +6.11647620e+06  5.54e+02   4.54e+00     8.75e-02   3436.368s
7144000 +6.11703860e+06 +6.11648236e+06  5.56e+02   4.53e+00     8.81e-02   3436.847s
7145000 +6.11704758e+06 +6.11648435e+06  5.63e+02   4.52e+00     8.88e-02   3437.325s
7146000 +6.11705656e+06 +6.11646901e+06  5.88e+02   4.50e+00     9.00e-02   3437.803s
7147000 +6.11706579e+06 +6.11647394e+06  5.92e+02   4.49e+00     8.93e-02   3438.282s
7148000 +6.11707547e+06 +6.11646480e+06  6.11e+02   4.47e+00     8.97e-02   3438.760s
7149000 +6.11708532e+06 +6.11646396e+06  6.21e+02   4.46e+00     9.01e-02   3439.238s
7150000 +6.11709515e+06 +6.11646411e+06  6.31e+02   4.44e+00     9.06e-02   3439.717s
7151000 +6.11710522e+06 +6.11646055e+06  6.45e+02   4.43e+00     9.07e-02   3440.195s
7152000 +6.11711556e+06 +6.11645960e+06  6.56e+02   4.41e+00     9.03e-02   3440.674s
7153000 +6.11712568e+06 +6.11645328e+06  6.72e+02   4.39e+00     9.05e-02   3441.152s
7154000 +6.11713618e+06 +6.11645342e+06  6.83e+02   4.38e+00     9.05e-02   3441.631s
7155000 +6.11714676e+06 +6.11644644e+06  7.00e+02   4.36e+00     9.00e-02   3442.109s
7156000 +6.11715732e+06 +6.11644678e+06  7.11e+02   4.34e+00     9.00e-02   3442.587s
7157000 +6.11716780e+06 +6.11645266e+06  7.15e+02   4.33e+00     9.04e-02   3443.066s
7158000 +6.11717860e+06 +6.11645172e+06  7.27e+02   4.31e+00     9.12e-02   3443.544s
7159000 +6.11718963e+06 +6.11645439e+06  7.35e+02   4.29e+00     9.19e-02   3444.022s
7160000 +6.11720062e+06 +6.11645445e+06  7.46e+02   4.27e+00     9.16e-02   3444.501s
7161000 +6.11721200e+06 +6.11644580e+06  7.66e+02   4.26e+00     9.19e-02   3444.979s
7162000 +6.11722371e+06 +6.11644575e+06  7.78e+02   4.24e+00     9.25e-02   3445.457s
7163000 +6.11723447e+06 +6.11645468e+06  7.80e+02   4.22e+00     9.22e-02   3445.936s
7164000 +6.11724406e+06 +6.11646139e+06  7.83e+02   4.21e+00     9.16e-02   3446.414s
7165000 +6.11725371e+06 +6.11646425e+06  7.89e+02   4.19e+00     9.20e-02   3446.893s
7166000 +6.11726383e+06 +6.11647271e+06  7.91e+02   4.18e+00     9.22e-02   3447.371s
7167000 +6.11727417e+06 +6.11646621e+06  8.08e+02   4.16e+00     9.34e-02   3447.850s
7168000 +6.11728407e+06 +6.11647053e+06  8.14e+02   4.14e+00     9.32e-02   3448.328s
7169000 +6.11729286e+06 +6.11645680e+06  8.36e+02   4.13e+00     9.34e-02   3448.806s
7170000 +6.11730073e+06 +6.11645447e+06  8.46e+02   4.12e+00     9.38e-02   3449.285s
7171000 +6.11730776e+06 +6.11645505e+06  8.53e+02   4.11e+00     9.31e-02   3449.763s
7172000 +6.11731417e+06 +6.11647046e+06  8.44e+02   4.10e+00     9.26e-02   3450.241s
7173000 +6.11732143e+06 +6.11647526e+06  8.46e+02   4.08e+00     9.26e-02   3450.720s
7174000 +6.11732847e+06 +6.11647610e+06  8.52e+02   4.07e+00     9.17e-02   3451.198s
7175000 +6.11733484e+06 +6.11646828e+06  8.67e+02   4.06e+00     9.16e-02   3451.676s
7176000 +6.11734169e+06 +6.11645724e+06  8.84e+02   4.05e+00     9.18e-02   3452.155s
7177000 +6.11734857e+06 +6.11643334e+06  9.15e+02   4.04e+00     9.26e-02   3452.633s
7178000 +6.11735568e+06 +6.11643538e+06  9.20e+02   4.03e+00     9.31e-02   3453.111s
7179000 +6.11736248e+06 +6.11643540e+06  9.27e+02   4.02e+00     9.38e-02   3453.590s
7180000 +6.11736902e+06 +6.11643783e+06  9.31e+02   4.01e+00     9.35e-02   3454.068s
7181000 +6.11737574e+06 +6.11643352e+06  9.42e+02   4.00e+00     9.32e-02   3454.546s
7182000 +6.11738255e+06 +6.11644321e+06  9.39e+02   3.99e+00     9.24e-02   3455.025s
7183000 +6.11739006e+06 +6.11644651e+06  9.44e+02   3.98e+00     9.24e-02   3455.503s
7184000 +6.11739768e+06 +6.11644776e+06  9.50e+02   3.96e+00     9.27e-02   3455.982s
7185000 +6.11740539e+06 +6.11645265e+06  9.53e+02   3.95e+00     9.27e-02   3456.460s
7186000 +6.11741258e+06 +6.11644893e+06  9.64e+02   3.94e+00     9.30e-02   3456.938s
7187000 +6.11741986e+06 +6.11645370e+06  9.66e+02   3.93e+00     9.35e-02   3457.417s
7188000 +6.11742724e+06 +6.11647246e+06  9.55e+02   3.92e+00     9.29e-02   3457.895s
7189000 +6.11743455e+06 +6.11647169e+06  9.63e+02   3.91e+00     9.22e-02   3458.373s
7190000 +6.11744183e+06 +6.11648466e+06  9.57e+02   3.89e+00     9.33e-02   3458.852s
7191000 +6.11744922e+06 +6.11648150e+06  9.68e+02   3.88e+00     9.31e-02   3459.330s
7192000 +6.11745643e+06 +6.11648046e+06  9.76e+02   3.87e+00     9.30e-02   3459.808s
7193000 +6.11746349e+06 +6.11648700e+06  9.76e+02   3.86e+00     9.24e-02   3460.287s
7194000 +6.11747063e+06 +6.11648127e+06  9.89e+02   3.85e+00     9.21e-02   3460.765s
7195000 +6.11747728e+06 +6.11648888e+06  9.88e+02   3.84e+00     9.15e-02   3461.243s
7196000 +6.11748292e+06 +6.11648246e+06  1.00e+03   3.83e+00     9.15e-02   3461.722s
7197000 +6.11748885e+06 +6.11649161e+06  9.97e+02   3.82e+00     9.22e-02   3462.200s
7198000 +6.11749510e+06 +6.11648747e+06  1.01e+03   3.81e+00     9.21e-02   3462.679s
7199000 +6.11750145e+06 +6.11649229e+06  1.01e+03   3.80e+00     9.22e-02   3463.157s
7200000 +6.11750797e+06 +6.11648593e+06  1.02e+03   3.79e+00     9.22e-02   3463.636s
7201000 +6.11751433e+06 +6.11648417e+06  1.03e+03   3.78e+00     9.18e-02   3464.114s
7202000 +6.11752053e+06 +6.11647906e+06  1.04e+03   3.77e+00     9.10e-02   3464.593s
7203000 +6.11752657e+06 +6.11648776e+06  1.04e+03   3.76e+00     9.03e-02   3465.071s
7204000 +6.11753254e+06 +6.11649209e+06  1.04e+03   3.75e+00     8.99e-02   3465.549s
7205000 +6.11753864e+06 +6.11648183e+06  1.06e+03   3.74e+00     8.90e-02   3466.028s
7206000 +6.11754436e+06 +6.11648395e+06  1.06e+03   3.73e+00     8.92e-02   3466.506s
7207000 +6.11755021e+06 +6.11647699e+06  1.07e+03   3.72e+00     8.83e-02   3466.985s
7208000 +6.11755595e+06 +6.11647616e+06  1.08e+03   3.71e+00     8.82e-02   3467.463s
7209000 +6.11755838e+06 +6.11647229e+06  1.09e+03   3.71e+00     1.21e-01   3467.942s
7210000 +6.11756085e+06 +6.11647289e+06  1.09e+03   3.71e+00     1.21e-01   3468.420s
7211000 +6.11756369e+06 +6.11647518e+06  1.09e+03   3.70e+00     1.19e-01   3468.898s
7212000 +6.11756685e+06 +6.11647764e+06  1.09e+03   3.70e+00     1.17e-01   3469.376s
7213000 +6.11757031e+06 +6.11647681e+06  1.09e+03   3.69e+00     1.16e-01   3469.855s
7214000 +6.11757404e+06 +6.11647736e+06  1.10e+03   3.69e+00     1.16e-01   3470.333s
7215000 +6.11757803e+06 +6.11647821e+06  1.10e+03   3.68e+00     1.16e-01   3470.811s
7216000 +6.11758220e+06 +6.11647509e+06  1.11e+03   3.67e+00     1.16e-01   3471.289s
7217000 +6.11758653e+06 +6.11647311e+06  1.11e+03   3.67e+00     1.16e-01   3471.768s
7218000 +6.11759106e+06 +6.11647368e+06  1.12e+03   3.66e+00     1.15e-01   3472.246s
7219000 +6.11759591e+06 +6.11647281e+06  1.12e+03   3.65e+00     1.15e-01   3472.724s
7220000 +6.11760091e+06 +6.11647903e+06  1.12e+03   3.64e+00     1.15e-01   3473.202s
7221000 +6.11760616e+06 +6.11647690e+06  1.13e+03   3.64e+00     1.15e-01   3473.681s
7222000 +6.11761116e+06 +6.11647863e+06  1.13e+03   3.63e+00     1.15e-01   3474.159s
7223000 +6.11761608e+06 +6.11648072e+06  1.14e+03   3.62e+00     1.15e-01   3474.637s
7224000 +6.11762132e+06 +6.11648055e+06  1.14e+03   3.61e+00     1.15e-01   3475.116s
7225000 +6.11762657e+06 +6.11647950e+06  1.15e+03   3.60e+00     1.16e-01   3475.594s
7226000 +6.11763200e+06 +6.11647348e+06  1.16e+03   3.59e+00     1.15e-01   3476.072s
7227000 +6.11763775e+06 +6.11647850e+06  1.16e+03   3.59e+00     1.15e-01   3476.551s
7228000 +6.11764400e+06 +6.11648452e+06  1.16e+03   3.58e+00     1.14e-01   3477.029s
7229000 +6.11765067e+06 +6.11649062e+06  1.16e+03   3.57e+00     1.14e-01   3477.507s
7230000 +6.11765763e+06 +6.11649666e+06  1.16e+03   3.55e+00     1.13e-01   3477.986s
7231000 +6.11766501e+06 +6.11648411e+06  1.18e+03   3.54e+00     1.13e-01   3478.464s
7232000 +6.11767117e+06 +6.11648343e+06  1.19e+03   3.53e+00     1.11e-01   3478.942s
7233000 +6.11767713e+06 +6.11648224e+06  1.19e+03   3.52e+00     1.10e-01   3479.420s
7234000 +6.11768343e+06 +6.11649233e+06  1.19e+03   3.51e+00     1.10e-01   3479.898s
7235000 +6.11769003e+06 +6.11649822e+06  1.19e+03   3.50e+00     1.09e-01   3480.376s
7236000 +6.11769694e+06 +6.11648129e+06  1.22e+03   3.49e+00     1.10e-01   3480.855s
7237000 +6.11770389e+06 +6.11647687e+06  1.23e+03   3.48e+00     1.10e-01   3481.333s
7238000 +6.11771122e+06 +6.11647541e+06  1.24e+03   3.47e+00     1.10e-01   3481.811s
7239000 +6.11771806e+06 +6.11646874e+06  1.25e+03   3.46e+00     1.09e-01   3482.290s
7240000 +6.11772433e+06 +6.11647509e+06  1.25e+03   3.45e+00     1.09e-01   3482.768s
7241000 +6.11773010e+06 +6.11647776e+06  1.25e+03   3.44e+00     1.09e-01   3483.246s
7242000 +6.11773637e+06 +6.11647706e+06  1.26e+03   3.43e+00     1.09e-01   3483.725s
7243000 +6.11774350e+06 +6.11647908e+06  1.26e+03   3.42e+00     1.10e-01   3484.203s
7244000 +6.11775055e+06 +6.11648354e+06  1.27e+03   3.41e+00     1.11e-01   3484.681s
7245000 +6.11775797e+06 +6.11647558e+06  1.28e+03   3.40e+00     1.11e-01   3485.159s
7246000 +6.11776537e+06 +6.11647090e+06  1.29e+03   3.38e+00     1.12e-01   3485.638s
7247000 +6.11777309e+06 +6.11647053e+06  1.30e+03   3.37e+00     1.14e-01   3486.116s
7248000 +6.11778101e+06 +6.11646974e+06  1.31e+03   3.36e+00     1.14e-01   3486.594s
7249000 +6.11778888e+06 +6.11647126e+06  1.32e+03   3.35e+00     1.14e-01   3487.072s
7250000 +6.11779687e+06 +6.11646994e+06  1.33e+03   3.34e+00     1.13e-01   3487.551s
7251000 +6.11780479e+06 +6.11647002e+06  1.33e+03   3.32e+00     1.11e-01   3488.029s
7252000 +6.11781280e+06 +6.11646800e+06  1.34e+03   3.31e+00     1.11e-01   3488.507s
7253000 +6.11782099e+06 +6.11646800e+06  1.35e+03   3.30e+00     1.11e-01   3488.986s
7254000 +6.11782948e+06 +6.11646885e+06  1.36e+03   3.28e+00     1.13e-01   3489.464s
7255000 +6.11783812e+06 +6.11647383e+06  1.36e+03   3.27e+00     1.12e-01   3489.942s
7256000 +6.11784727e+06 +6.11646621e+06  1.38e+03   3.26e+00     1.13e-01   3490.420s
7257000 +6.11785682e+06 +6.11646553e+06  1.39e+03   3.24e+00     1.13e-01   3490.899s
7258000 +6.11786637e+06 +6.11647005e+06  1.40e+03   3.23e+00     1.15e-01   3491.377s
7259000 +6.11787602e+06 +6.11646552e+06  1.41e+03   3.21e+00     1.16e-01   3491.855s
7260000 +6.11788582e+06 +6.11646793e+06  1.42e+03   3.19e+00     1.17e-01   3492.333s
7261000 +6.11789538e+06 +6.11647067e+06  1.42e+03   3.18e+00     1.17e-01   3492.812s
7262000 +6.11790462e+06 +6.11646996e+06  1.43e+03   3.17e+00     1.17e-01   3493.290s
7263000 +6.11791369e+06 +6.11647625e+06  1.44e+03   3.15e+00     1.16e-01   3493.768s
7264000 +6.11792294e+06 +6.11647207e+06  1.45e+03   3.14e+00     1.17e-01   3494.247s
7265000 +6.11793253e+06 +6.11647345e+06  1.46e+03   3.12e+00     1.16e-01   3494.725s
7266000 +6.11794242e+06 +6.11647922e+06  1.46e+03   3.11e+00     1.17e-01   3495.203s
7267000 +6.11795230e+06 +6.11647673e+06  1.48e+03   3.09e+00     1.18e-01   3495.681s
7268000 +6.11796200e+06 +6.11646971e+06  1.49e+03   3.08e+00     1.20e-01   3496.160s
7269000 +6.11797200e+06 +6.11646877e+06  1.50e+03   3.06e+00     1.21e-01   3496.638s
7270000 +6.11798189e+06 +6.11647584e+06  1.51e+03   3.04e+00     1.20e-01   3497.117s
7271000 +6.11799211e+06 +6.11646055e+06  1.53e+03   3.03e+00     1.21e-01   3497.595s
7272000 +6.11800250e+06 +6.11646160e+06  1.54e+03   3.01e+00     1.21e-01   3498.074s
7273000 +6.11801303e+06 +6.11646560e+06  1.55e+03   2.99e+00     1.22e-01   3498.552s
7274000 +6.11802365e+06 +6.11646035e+06  1.56e+03   2.98e+00     1.21e-01   3499.030s
7275000 +6.11803371e+06 +6.11646063e+06  1.57e+03   2.96e+00     1.18e-01   3499.509s
7276000 +6.11804395e+06 +6.11643969e+06  1.60e+03   2.95e+00     1.22e-01   3499.987s
7277000 +6.11805424e+06 +6.11645065e+06  1.60e+03   2.93e+00     1.26e-01   3500.465s
7278000 +6.11806423e+06 +6.11645861e+06  1.61e+03   2.91e+00     1.27e-01   3500.944s
7279000 +6.11807414e+06 +6.11646612e+06  1.61e+03   2.90e+00     1.28e-01   3501.422s
7280000 +6.11808404e+06 +6.11646841e+06  1.62e+03   2.88e+00     1.29e-01   3501.900s
7281000 +6.11809398e+06 +6.11647510e+06  1.62e+03   2.87e+00     1.31e-01   3502.379s
7282000 +6.11810340e+06 +6.11647140e+06  1.63e+03   2.85e+00     1.31e-01   3502.857s
7283000 +6.11811282e+06 +6.11648992e+06  1.62e+03   2.84e+00     1.31e-01   3503.335s
7284000 +6.11812246e+06 +6.11648585e+06  1.64e+03   2.82e+00     1.31e-01   3503.813s
7285000 +6.11813213e+06 +6.11648247e+06  1.65e+03   2.81e+00     1.32e-01   3504.292s
7286000 +6.11814212e+06 +6.11648216e+06  1.66e+03   2.79e+00     1.32e-01   3504.770s
7287000 +6.11815239e+06 +6.11649924e+06  1.65e+03   2.78e+00     1.31e-01   3505.248s
7288000 +6.11816287e+06 +6.11649050e+06  1.67e+03   2.76e+00     1.33e-01   3505.727s
7289000 +6.11817347e+06 +6.11649463e+06  1.68e+03   2.74e+00     1.33e-01   3506.205s
7290000 +6.11818370e+06 +6.11649899e+06  1.68e+03   2.73e+00     1.34e-01   3506.684s
7291000 +6.11819358e+06 +6.11650863e+06  1.68e+03   2.71e+00     1.36e-01   3507.162s
7292000 +6.11820324e+06 +6.11652537e+06  1.68e+03   2.70e+00     1.35e-01   3507.640s
7293000 +6.11821295e+06 +6.11652512e+06  1.69e+03   2.68e+00     1.34e-01   3508.118s
7294000 +6.11822289e+06 +6.11650629e+06  1.72e+03   2.66e+00     1.33e-01   3508.597s
7295000 +6.11823307e+06 +6.11651254e+06  1.72e+03   2.65e+00     1.35e-01   3509.075s
7296000 +6.11824346e+06 +6.11651854e+06  1.72e+03   2.63e+00     1.37e-01   3509.554s
7297000 +6.11825384e+06 +6.11649678e+06  1.76e+03   2.62e+00     1.37e-01   3510.032s
7298000 +6.11826418e+06 +6.11649288e+06  1.77e+03   2.60e+00     1.39e-01   3510.510s
7299000 +6.11827430e+06 +6.11649328e+06  1.78e+03   2.58e+00     1.39e-01   3510.989s
7300000 +6.11828428e+06 +6.11650281e+06  1.78e+03   2.57e+00     1.39e-01   3511.467s
7301000 +6.11829421e+06 +6.11651282e+06  1.78e+03   2.55e+00     1.39e-01   3511.945s
7302000 +6.11830434e+06 +6.11650252e+06  1.80e+03   2.54e+00     1.41e-01   3512.424s
7303000 +6.11831454e+06 +6.11648754e+06  1.83e+03   2.52e+00     1.41e-01   3512.902s
7304000 +6.11832478e+06 +6.11648747e+06  1.84e+03   2.51e+00     1.43e-01   3513.380s
7305000 +6.11833484e+06 +6.11648680e+06  1.85e+03   2.49e+00     1.42e-01   3513.859s
7306000 +6.11834183e+06 +6.11647303e+06  1.87e+03   2.48e+00     1.37e-01   3514.337s
7307000 +6.11834857e+06 +6.11646722e+06  1.88e+03   2.47e+00     1.31e-01   3514.815s
7308000 +6.11835531e+06 +6.11648710e+06  1.87e+03   2.46e+00     1.28e-01   3515.294s
7309000 +6.11836175e+06 +6.11647310e+06  1.89e+03   2.45e+00     1.26e-01   3515.772s
7310000 +6.11836831e+06 +6.11648737e+06  1.88e+03   2.44e+00     1.24e-01   3516.251s
7311000 +6.11837414e+06 +6.11645658e+06  1.92e+03   2.43e+00     1.23e-01   3516.729s
7312000 +6.11838005e+06 +6.11645277e+06  1.93e+03   2.42e+00     1.24e-01   3517.207s
7313000 +6.11838589e+06 +6.11644062e+06  1.95e+03   2.41e+00     1.21e-01   3517.686s
7314000 +6.11839205e+06 +6.11643842e+06  1.95e+03   2.40e+00     1.20e-01   3518.164s
7315000 +6.11839820e+06 +6.11644349e+06  1.95e+03   2.39e+00     1.19e-01   3518.642s
7316000 +6.11840461e+06 +6.11645793e+06  1.95e+03   2.38e+00     1.21e-01   3519.120s
7317000 +6.11841083e+06 +6.11646401e+06  1.95e+03   2.37e+00     1.22e-01   3519.599s
7318000 +6.11841687e+06 +6.11646322e+06  1.95e+03   2.36e+00     1.21e-01   3520.077s
7319000 +6.11842295e+06 +6.11646357e+06  1.96e+03   2.35e+00     1.21e-01   3520.555s
7320000 +6.11842914e+06 +6.11645917e+06  1.97e+03   2.34e+00     1.19e-01   3521.034s
7321000 +6.11843530e+06 +6.11647174e+06  1.96e+03   2.33e+00     1.20e-01   3521.512s
7322000 +6.11844175e+06 +6.11647317e+06  1.97e+03   2.32e+00     1.20e-01   3521.991s
7323000 +6.11844763e+06 +6.11646055e+06  1.99e+03   2.31e+00     1.21e-01   3522.469s
7324000 +6.11845373e+06 +6.11646194e+06  1.99e+03   2.30e+00     1.21e-01   3522.948s
7325000 +6.11845978e+06 +6.11646273e+06  2.00e+03   2.29e+00     1.20e-01   3523.426s
7326000 +6.11846547e+06 +6.11646460e+06  2.00e+03   2.28e+00     1.19e-01   3523.904s
7327000 +6.11847123e+06 +6.11645098e+06  2.02e+03   2.28e+00     1.17e-01   3524.383s
7328000 +6.11847725e+06 +6.11645624e+06  2.02e+03   2.27e+00     1.15e-01   3524.861s
7329000 +6.11848344e+06 +6.11644027e+06  2.04e+03   2.26e+00     1.15e-01   3525.339s
7330000 +6.11848931e+06 +6.11642846e+06  2.06e+03   2.25e+00     1.16e-01   3525.818s
7331000 +6.11849492e+06 +6.11642130e+06  2.07e+03   2.24e+00     1.14e-01   3526.296s
7332000 +6.11850028e+06 +6.11640384e+06  2.10e+03   2.23e+00     1.13e-01   3526.774s
7333000 +6.11850551e+06 +6.11640410e+06  2.10e+03   2.22e+00     1.13e-01   3527.253s
7334000 +6.11851105e+06 +6.11640477e+06  2.11e+03   2.21e+00     1.14e-01   3527.731s
7335000 +6.11851679e+06 +6.11640846e+06  2.11e+03   2.20e+00     1.15e-01   3528.209s
7336000 +6.11852216e+06 +6.11640325e+06  2.12e+03   2.19e+00     1.14e-01   3528.688s
7337000 +6.11852717e+06 +6.11641855e+06  2.11e+03   2.19e+00     1.14e-01   3529.166s
7338000 +6.11853182e+06 +6.11640017e+06  2.13e+03   2.18e+00     1.14e-01   3529.644s
7339000 +6.11853676e+06 +6.11639792e+06  2.14e+03   2.17e+00     1.13e-01   3530.123s
7340000 +6.11854180e+06 +6.11639525e+06  2.15e+03   2.16e+00     1.12e-01   3530.601s
7341000 +6.11854706e+06 +6.11638674e+06  2.16e+03   2.16e+00     1.13e-01   3531.079s
7342000 +6.11855205e+06 +6.11637880e+06  2.17e+03   2.15e+00     1.14e-01   3531.557s
7343000 +6.11855716e+06 +6.11638921e+06  2.17e+03   2.14e+00     1.12e-01   3532.036s
7344000 +6.11856191e+06 +6.11638909e+06  2.17e+03   2.13e+00     1.12e-01   3532.514s
7345000 +6.11856670e+06 +6.11638004e+06  2.19e+03   2.12e+00     1.11e-01   3532.993s
7346000 +6.11857174e+06 +6.11637411e+06  2.20e+03   2.12e+00     1.12e-01   3533.471s
7347000 +6.11857698e+06 +6.11637699e+06  2.20e+03   2.11e+00     1.10e-01   3533.949s
7348000 +6.11858201e+06 +6.11637723e+06  2.20e+03   2.10e+00     1.09e-01   3534.427s
7349000 +6.11858717e+06 +6.11637282e+06  2.21e+03   2.09e+00     1.08e-01   3534.906s
7350000 +6.11859237e+06 +6.11635929e+06  2.23e+03   2.08e+00     1.07e-01   3535.384s
7351000 +6.11859757e+06 +6.11636020e+06  2.24e+03   2.08e+00     1.07e-01   3535.862s
7352000 +6.11860264e+06 +6.11636009e+06  2.24e+03   2.07e+00     1.08e-01   3536.341s
7353000 +6.11860787e+06 +6.11637497e+06  2.23e+03   2.06e+00     1.08e-01   3536.819s
7354000 +6.11861325e+06 +6.11634938e+06  2.26e+03   2.05e+00     1.08e-01   3537.297s
7355000 +6.11861863e+06 +6.11635508e+06  2.26e+03   2.04e+00     1.09e-01   3537.776s
7356000 +6.11862400e+06 +6.11634655e+06  2.28e+03   2.03e+00     1.09e-01   3538.254s
7357000 +6.11862923e+06 +6.11634550e+06  2.28e+03   2.03e+00     1.07e-01   3538.733s
7358000 +6.11863442e+06 +6.11634838e+06  2.29e+03   2.02e+00     1.07e-01   3539.211s
7359000 +6.11863963e+06 +6.11634836e+06  2.29e+03   2.01e+00     1.08e-01   3539.689s
7360000 +6.11864481e+06 +6.11635012e+06  2.29e+03   2.00e+00     1.08e-01   3540.167s
7361000 +6.11864983e+06 +6.11634770e+06  2.30e+03   1.99e+00     1.09e-01   3540.646s
7362000 +6.11865472e+06 +6.11636149e+06  2.29e+03   1.99e+00     1.09e-01   3541.124s
7363000 +6.11865973e+06 +6.11636201e+06  2.30e+03   1.98e+00     1.10e-01   3541.602s
7364000 +6.11866478e+06 +6.11636903e+06  2.30e+03   1.97e+00     1.09e-01   3542.081s
7365000 +6.11866989e+06 +6.11637118e+06  2.30e+03   1.96e+00     1.08e-01   3542.559s
7366000 +6.11867516e+06 +6.11636494e+06  2.31e+03   1.95e+00     1.07e-01   3543.037s
7367000 +6.11868051e+06 +6.11636615e+06  2.31e+03   1.95e+00     1.07e-01   3543.515s
7368000 +6.11868580e+06 +6.11636098e+06  2.32e+03   1.94e+00     1.07e-01   3543.994s
7369000 +6.11869085e+06 +6.11635647e+06  2.33e+03   1.93e+00     1.07e-01   3544.472s
7370000 +6.11869619e+06 +6.11635377e+06  2.34e+03   1.92e+00     1.08e-01   3544.950s
7371000 +6.11870172e+06 +6.11636231e+06  2.34e+03   1.91e+00     1.09e-01   3545.428s
7372000 +6.11870726e+06 +6.11635413e+06  2.35e+03   1.90e+00     1.09e-01   3545.907s
7373000 +6.11871261e+06 +6.11636707e+06  2.35e+03   1.89e+00     1.10e-01   3546.385s
7374000 +6.11871794e+06 +6.11636607e+06  2.35e+03   1.89e+00     1.10e-01   3546.864s
7375000 +6.11872335e+06 +6.11636861e+06  2.35e+03   1.88e+00     1.09e-01   3547.342s
7376000 +6.11872894e+06 +6.11637513e+06  2.35e+03   1.87e+00     1.09e-01   3547.820s
7377000 +6.11873458e+06 +6.11637407e+06  2.36e+03   1.86e+00     1.09e-01   3548.299s
7378000 +6.11874020e+06 +6.11637153e+06  2.37e+03   1.85e+00     1.08e-01   3548.777s
7379000 +6.11874552e+06 +6.11636752e+06  2.38e+03   1.84e+00     1.08e-01   3549.255s
7380000 +6.11875100e+06 +6.11636460e+06  2.39e+03   1.83e+00     1.08e-01   3549.734s
7381000 +6.11875623e+06 +6.11635902e+06  2.40e+03   1.83e+00     1.06e-01   3550.212s
7382000 +6.11876138e+06 +6.11635867e+06  2.40e+03   1.82e+00     1.05e-01   3550.690s
7383000 +6.11876619e+06 +6.11635253e+06  2.41e+03   1.81e+00     1.05e-01   3551.169s
7384000 +6.11877090e+06 +6.11635780e+06  2.41e+03   1.80e+00     1.05e-01   3551.647s
7385000 +6.11877550e+06 +6.11634737e+06  2.43e+03   1.80e+00     1.05e-01   3552.125s
7386000 +6.11878032e+06 +6.11634832e+06  2.43e+03   1.79e+00     1.05e-01   3552.604s
7387000 +6.11878515e+06 +6.11635180e+06  2.43e+03   1.78e+00     1.06e-01   3553.082s
7388000 +6.11878986e+06 +6.11634769e+06  2.44e+03   1.77e+00     1.06e-01   3553.560s
7389000 +6.11879443e+06 +6.11635201e+06  2.44e+03   1.77e+00     1.07e-01   3554.038s
7390000 +6.11879885e+06 +6.11634734e+06  2.45e+03   1.76e+00     1.08e-01   3554.517s
7391000 +6.11880329e+06 +6.11635251e+06  2.45e+03   1.75e+00     1.08e-01   3554.995s
7392000 +6.11880773e+06 +6.11635778e+06  2.45e+03   1.75e+00     1.08e-01   3555.474s
7393000 +6.11881219e+06 +6.11635552e+06  2.46e+03   1.74e+00     1.08e-01   3555.952s
7394000 +6.11881672e+06 +6.11634942e+06  2.47e+03   1.73e+00     1.07e-01   3556.430s
7395000 +6.11882137e+06 +6.11634103e+06  2.48e+03   1.72e+00     1.07e-01   3556.909s
7396000 +6.11882597e+06 +6.11634535e+06  2.48e+03   1.72e+00     1.07e-01   3557.387s
7397000 +6.11883058e+06 +6.11634425e+06  2.49e+03   1.71e+00     1.06e-01   3557.865s
7398000 +6.11883508e+06 +6.11633997e+06  2.50e+03   1.70e+00     1.06e-01   3558.343s
7399000 +6.11883962e+06 +6.11634205e+06  2.50e+03   1.70e+00     1.05e-01   3558.822s
7400000 +6.11884409e+06 +6.11634546e+06  2.50e+03   1.69e+00     1.03e-01   3559.300s
7401000 +6.11884857e+06 +6.11633661e+06  2.51e+03   1.68e+00     1.03e-01   3559.778s
7402000 +6.11885304e+06 +6.11633895e+06  2.51e+03   1.67e+00     1.03e-01   3560.257s
7403000 +6.11885764e+06 +6.11634179e+06  2.52e+03   1.67e+00     1.03e-01   3560.735s
7404000 +6.11886231e+06 +6.11634387e+06  2.52e+03   1.66e+00     1.03e-01   3561.213s
7405000 +6.11886698e+06 +6.11634466e+06  2.52e+03   1.65e+00     1.03e-01   3561.692s
7406000 +6.11887159e+06 +6.11634613e+06  2.53e+03   1.65e+00     1.03e-01   3562.170s
7407000 +6.11887611e+06 +6.11634874e+06  2.53e+03   1.64e+00     1.04e-01   3562.649s
7408000 +6.11888065e+06 +6.11634284e+06  2.54e+03   1.63e+00     1.04e-01   3563.127s
7409000 +6.11888517e+06 +6.11633916e+06  2.55e+03   1.62e+00     1.05e-01   3563.605s
7410000 +6.11888972e+06 +6.11634124e+06  2.55e+03   1.62e+00     1.05e-01   3564.084s
7411000 +6.11889419e+06 +6.11634740e+06  2.55e+03   1.61e+00     1.05e-01   3564.562s
7412000 +6.11889880e+06 +6.11634772e+06  2.55e+03   1.60e+00     1.05e-01   3565.040s
7413000 +6.11890334e+06 +6.11634378e+06  2.56e+03   1.60e+00     1.04e-01   3565.519s
7414000 +6.11890777e+06 +6.11634432e+06  2.56e+03   1.59e+00     1.04e-01   3565.997s
7415000 +6.11891240e+06 +6.11634425e+06  2.57e+03   1.58e+00     1.04e-01   3566.475s
7416000 +6.11891675e+06 +6.11634665e+06  2.57e+03   1.57e+00     1.04e-01   3566.953s
7417000 +6.11892130e+06 +6.11633989e+06  2.58e+03   1.57e+00     1.03e-01   3567.432s
7418000 +6.11892570e+06 +6.11633927e+06  2.59e+03   1.56e+00     1.04e-01   3567.910s
7419000 +6.11893023e+06 +6.11633664e+06  2.59e+03   1.55e+00     1.04e-01   3568.388s
7420000 +6.11893475e+06 +6.11634077e+06  2.59e+03   1.55e+00     1.04e-01   3568.866s
7421000 +6.11893924e+06 +6.11633888e+06  2.60e+03   1.54e+00     1.05e-01   3569.345s
7422000 +6.11894397e+06 +6.11634237e+06  2.60e+03   1.53e+00     1.07e-01   3569.823s
7423000 +6.11894867e+06 +6.11633774e+06  2.61e+03   1.52e+00     1.07e-01   3570.301s
7424000 +6.11895336e+06 +6.11633791e+06  2.62e+03   1.52e+00     1.07e-01   3570.780s
7425000 +6.11895817e+06 +6.11633142e+06  2.63e+03   1.51e+00     1.07e-01   3571.258s
7426000 +6.11896288e+06 +6.11633609e+06  2.63e+03   1.50e+00     1.08e-01   3571.736s
7427000 +6.11896764e+06 +6.11633046e+06  2.64e+03   1.49e+00     1.08e-01   3572.215s
7428000 +6.11897240e+06 +6.11633284e+06  2.64e+03   1.49e+00     1.08e-01   3572.693s
7429000 +6.11897717e+06 +6.11633577e+06  2.64e+03   1.48e+00     1.08e-01   3573.171s
7430000 +6.11898184e+06 +6.11632930e+06  2.65e+03   1.47e+00     1.08e-01   3573.650s
7431000 +6.11898652e+06 +6.11632776e+06  2.66e+03   1.46e+00     1.06e-01   3574.128s
7432000 +6.11899130e+06 +6.11632704e+06  2.66e+03   1.46e+00     1.06e-01   3574.606s
7433000 +6.11899585e+06 +6.11632737e+06  2.67e+03   1.45e+00     1.06e-01   3575.085s
7434000 +6.11900029e+06 +6.11632954e+06  2.67e+03   1.44e+00     1.06e-01   3575.563s
7435000 +6.11900468e+06 +6.11632103e+06  2.68e+03   1.44e+00     1.06e-01   3576.041s
7436000 +6.11900904e+06 +6.11631606e+06  2.69e+03   1.43e+00     1.06e-01   3576.519s
7437000 +6.11901336e+06 +6.11631774e+06  2.70e+03   1.42e+00     1.05e-01   3576.998s
7438000 +6.11901778e+06 +6.11632344e+06  2.69e+03   1.42e+00     1.06e-01   3577.476s
7439000 +6.11902212e+06 +6.11632616e+06  2.70e+03   1.41e+00     1.05e-01   3577.955s
7440000 +6.11902658e+06 +6.11631812e+06  2.71e+03   1.40e+00     1.06e-01   3578.433s
7441000 +6.11903116e+06 +6.11631719e+06  2.71e+03   1.39e+00     1.05e-01   3578.911s
7442000 +6.11903555e+06 +6.11631964e+06  2.72e+03   1.39e+00     1.06e-01   3579.389s
7443000 +6.11903967e+06 +6.11631320e+06  2.73e+03   1.38e+00     1.06e-01   3579.868s
7444000 +6.11904343e+06 +6.11630348e+06  2.74e+03   1.38e+00     1.06e-01   3580.346s
7445000 +6.11904724e+06 +6.11629606e+06  2.75e+03   1.37e+00     1.07e-01   3580.824s
7446000 +6.11905095e+06 +6.11628608e+06  2.76e+03   1.36e+00     1.07e-01   3581.302s
7447000 +6.11905468e+06 +6.11630003e+06  2.75e+03   1.36e+00     1.07e-01   3581.781s
7448000 +6.11905849e+06 +6.11629907e+06  2.76e+03   1.35e+00     1.07e-01   3582.259s
7449000 +6.11906216e+06 +6.11630082e+06  2.76e+03   1.35e+00     1.06e-01   3582.737s
7450000 +6.11906581e+06 +6.11630302e+06  2.76e+03   1.34e+00     1.06e-01   3583.216s
7451000 +6.11906939e+06 +6.11630119e+06  2.77e+03   1.34e+00     1.05e-01   3583.694s
7452000 +6.11907267e+06 +6.11629773e+06  2.77e+03   1.33e+00     1.05e-01   3584.172s
7453000 +6.11907643e+06 +6.11629394e+06  2.78e+03   1.32e+00     1.04e-01   3584.651s
7454000 +6.11908021e+06 +6.11629033e+06  2.79e+03   1.32e+00     1.04e-01   3585.129s
7455000 +6.11908395e+06 +6.11629953e+06  2.78e+03   1.31e+00     1.04e-01   3585.607s
7456000 +6.11908770e+06 +6.11630292e+06  2.78e+03   1.31e+00     1.04e-01   3586.085s
7457000 +6.11909126e+06 +6.11629822e+06  2.79e+03   1.30e+00     1.04e-01   3586.564s
7458000 +6.11909481e+06 +6.11629264e+06  2.80e+03   1.30e+00     1.04e-01   3587.042s
7459000 +6.11909798e+06 +6.11628233e+06  2.82e+03   1.29e+00     1.05e-01   3587.521s
7460000 +6.11910069e+06 +6.11628690e+06  2.81e+03   1.29e+00     1.05e-01   3587.999s
7461000 +6.11910340e+06 +6.11628962e+06  2.81e+03   1.28e+00     1.04e-01   3588.477s
7462000 +6.11910606e+06 +6.11629008e+06  2.82e+03   1.28e+00     1.04e-01   3588.955s
7463000 +6.11910878e+06 +6.11628653e+06  2.82e+03   1.27e+00     1.04e-01   3589.434s
7464000 +6.11911155e+06 +6.11628626e+06  2.83e+03   1.27e+00     1.04e-01   3589.912s
7465000 +6.11911438e+06 +6.11628671e+06  2.83e+03   1.26e+00     1.04e-01   3590.390s
7466000 +6.11911731e+06 +6.11629157e+06  2.83e+03   1.26e+00     1.04e-01   3590.868s
7467000 +6.11912027e+06 +6.11629036e+06  2.83e+03   1.25e+00     1.04e-01   3591.346s
7468000 +6.11912331e+06 +6.11628833e+06  2.83e+03   1.25e+00     1.03e-01   3591.825s
7469000 +6.11912641e+06 +6.11628449e+06  2.84e+03   1.25e+00     1.03e-01   3592.303s
7470000 +6.11912963e+06 +6.11628341e+06  2.85e+03   1.24e+00     1.02e-01   3592.781s
7471000 +6.11913291e+06 +6.11628007e+06  2.85e+03   1.24e+00     1.02e-01   3593.259s
7472000 +6.11913625e+06 +6.11627856e+06  2.86e+03   1.23e+00     1.01e-01   3593.737s
7473000 +6.11913962e+06 +6.11627712e+06  2.86e+03   1.22e+00     1.01e-01   3594.215s
7474000 +6.11914307e+06 +6.11627660e+06  2.87e+03   1.22e+00     1.02e-01   3594.694s
7475000 +6.11914660e+06 +6.11627457e+06  2.87e+03   1.21e+00     1.02e-01   3595.172s
7476000 +6.11915017e+06 +6.11627474e+06  2.88e+03   1.21e+00     1.02e-01   3595.650s
7477000 +6.11915385e+06 +6.11627102e+06  2.88e+03   1.20e+00     1.02e-01   3596.128s
7478000 +6.11915760e+06 +6.11626969e+06  2.89e+03   1.20e+00     1.03e-01   3596.607s
7479000 +6.11916139e+06 +6.11626781e+06  2.89e+03   1.19e+00     1.03e-01   3597.085s
7480000 +6.11916531e+06 +6.11626636e+06  2.90e+03   1.18e+00     1.03e-01   3597.563s
7481000 +6.11916918e+06 +6.11626607e+06  2.90e+03   1.18e+00     1.03e-01   3598.041s
7482000 +6.11917314e+06 +6.11626081e+06  2.91e+03   1.17e+00     1.03e-01   3598.520s
7483000 +6.11917694e+06 +6.11625885e+06  2.92e+03   1.17e+00     1.03e-01   3598.998s
7484000 +6.11918069e+06 +6.11625541e+06  2.93e+03   1.16e+00     1.03e-01   3599.476s
7485000 +6.11918444e+06 +6.11625557e+06  2.93e+03   1.15e+00     1.03e-01   3599.954s
PDLP finished
Status: Time Limit   Objective: 6.11918519e+06  Iterations: 7485200  Time: 3600.054s

### exit_code=0
### finished=2026-07-24T07:46:24.044740
### gpu_peak_mb=10874.4
### gpu_peak2_mb=0.0
### per_gpu_peak_mb=[10874.375]
