### solver=cuopt-distributed
### instance=/home/scratch.vmostovoi_gpu/datasets/PSLP_presolved/psr-100_PSLP_presolved.mps
### n_gpus=8
### CUDA_VISIBLE_DEVICES=0,1,2,3,4,5,6,7
### started=2026-08-10T08:07:51.847544
### argv=/home/scratch.vmostovoi_gpu/mostovoi_cuopt/cpp/build/cuopt_cli --method 1 --presolve 0 --mps-reader experimental-fast --time-limit 3600 --iteration-limit 1000000000 --relative-primal-tolerance 1e-6 --relative-dual-tolerance 1e-6 --relative-gap-tolerance 1e-6 --log-to-console true --num-gpus 8 /home/scratch.vmostovoi_gpu/datasets/PSLP_presolved/psr-100_PSLP_presolved.mps
### --- solver output ---
Setting parameter iteration_limit to 1000000000
Setting parameter log_to_console to true
Setting parameter method to 1
Setting parameter num_gpus to 8
Setting parameter presolve to 0
Setting parameter relative_dual_tolerance to 1.000000e-06
Setting parameter relative_gap_tolerance to 1.000000e-06
Setting parameter relative_primal_tolerance to 1.000000e-06
Setting parameter time_limit to 3.600000e+03
Reading file psr-100_PSLP_presolved.mps
Using experimental fast MPS parser for '/home/scratch.vmostovoi_gpu/datasets/PSLP_presolved/psr-100_PSLP_presolved.mps'
Read file psr-100_PSLP_presolved.mps in 32.32 seconds
cuOpt version: 26.10.0, git hash: f3ebc673, host arch: x86_64, device archs: 100a-real
CPU: INTEL(R) XEON(R) PLATINUM 8570, threads (physical/logical): 112/224, RAM (available/total): 1935.29 / 2015.54 GiB
CUDA 13.3, device: NVIDIA B200 (ID 0), VRAM: 178.34 GiB
CUDA device UUID: 48ab7b4d-7b0a-65b7-4538-4e37338d2330
CUDA 13.3, device: NVIDIA B200 (ID 1), VRAM: 178.34 GiB
CUDA device UUID: 5dd43d25-54eb-687e-91f8-d4c917f40a3c
CUDA 13.3, device: NVIDIA B200 (ID 2), VRAM: 178.34 GiB
CUDA device UUID: a40e62a0-1502-ea41-88b7-8ebfb62f67b6
CUDA 13.3, device: NVIDIA B200 (ID 3), VRAM: 178.34 GiB
CUDA device UUID: 69c2235c-eda1-228c-f9ee-e444f16a4e31
CUDA 13.3, device: NVIDIA B200 (ID 4), VRAM: 178.34 GiB
CUDA device UUID: 92e986d5-fb1f-ac84-bd70-b03e127c762a
CUDA 13.3, device: NVIDIA B200 (ID 5), VRAM: 178.34 GiB
CUDA device UUID: fb4dfdcf-c8fe-1714-a140-0823be2fde13
CUDA 13.3, device: NVIDIA B200 (ID 6), VRAM: 178.34 GiB
CUDA device UUID: 3519c8dd-244c-a241-e2ee-ef61e97ec465
CUDA 13.3, device: NVIDIA B200 (ID 7), VRAM: 178.34 GiB
CUDA device UUID: b80ee313-5762-b760-dd9a-a5669634bef9
Solving a problem with 173558092 constraints, 153583727 variables (0 integers), and 588156995 nonzeros
Solving with distributed PDLP on 8 GPUs.
NCCL version 2.30.7+cuda13.3
      0 +8.79066000e+08 +8.79066000e+08  0.00e+00   1.10e+09     1.65e+07   85.092s
   1000 +6.38117430e+11 +6.93308954e+15  6.93e+15   1.50e+08     3.92e+05   88.431s
   2000 +7.30698870e+11 +1.17763085e+17  1.18e+17   1.49e+08     1.30e+06   91.326s
   3000 +7.87680703e+11 +1.78179814e+18  1.78e+18   1.48e+08     8.89e+06   94.220s
   4000 +8.30019861e+11 +1.50739070e+19  1.51e+19   1.48e+08     9.82e+07   97.114s
   5000 +8.70051909e+11 +4.52322085e+19  4.52e+19   1.48e+08     1.03e+08   100.008s
   6000 +9.09366505e+11 +2.03598092e+20  2.04e+20   1.48e+08     2.02e+09   102.905s
   7000 +9.27894222e+11 +8.75679694e+20  8.76e+20   1.48e+08     2.04e+09   105.802s
   8000 +9.55254438e+11 +1.54722844e+21  1.55e+21   1.48e+08     2.05e+09   108.698s
   9000 +9.85760034e+11 +2.21699522e+21  2.22e+21   1.48e+08     2.05e+09   111.593s
  10000 +9.97198147e+11 +2.36653339e+22  2.37e+22   1.48e+08     7.86e+10   114.496s
  11000 +1.00771842e+12 +5.03127797e+22  5.03e+22   1.48e+08     7.87e+10   117.378s
  12000 +1.02066720e+12 +7.69580295e+22  7.70e+22   1.48e+08     7.88e+10   120.258s
  13000 +1.03468475e+12 +1.03587465e+23  1.04e+23   1.48e+08     7.88e+10   123.137s
  14000 +1.04929690e+12 +1.30201137e+23  1.30e+23   1.48e+08     7.88e+10   126.019s
  15000 +1.05595484e+12 +1.47456269e+24  1.47e+24   1.48e+08     6.52e+12   128.909s
  16000 +1.05858888e+12 +3.69748545e+24  3.70e+24   1.48e+08     6.52e+12   131.792s
  17000 +1.06216317e+12 +5.92049326e+24  5.92e+24   1.48e+08     6.52e+12   134.676s
  18000 +1.06630090e+12 +8.14349526e+24  8.14e+24   1.48e+08     6.53e+12   137.560s
  19000 +1.07074864e+12 +1.03663164e+25  1.04e+25   1.48e+08     6.53e+12   140.447s
  20000 +1.07532657e+12 +1.25888880e+25  1.26e+25   1.48e+08     6.53e+12   143.329s
  21000 +1.07989970e+12 +1.48112879e+25  1.48e+25   1.48e+08     6.53e+12   146.214s
  22000 +1.08419621e+12 +1.70335929e+25  1.70e+25   1.48e+08     6.53e+12   149.094s
  23000 +1.32566614e+13 +1.83533629e+25  1.84e+25   3.77e+08     1.45e+09   151.982s
  24000 +1.17260175e+13 +1.83533694e+25  1.84e+25   2.79e+08     4.25e+07   154.856s
  25000 +1.03222494e+13 +1.83533743e+25  1.84e+25   2.51e+08     3.37e+07   157.727s
  26000 +9.23738240e+12 +1.83533785e+25  1.84e+25   2.37e+08     2.97e+07   160.596s
  27000 +8.47740871e+12 +1.83533822e+25  1.84e+25   2.27e+08     2.74e+07   163.468s
  28000 +7.84062703e+12 +1.83533856e+25  1.84e+25   2.20e+08     2.58e+07   166.341s
  29000 +7.25758521e+12 +1.83533888e+25  1.84e+25   2.14e+08     2.45e+07   169.208s
  30000 +6.74960558e+12 +1.83533919e+25  1.84e+25   2.11e+08     2.36e+07   172.076s
  31000 +6.35050272e+12 +1.83533948e+25  1.84e+25   2.07e+08     2.26e+07   174.943s
  32000 +6.07514336e+12 +1.83533976e+25  1.84e+25   2.04e+08     2.17e+07   177.810s
  33000 +5.89048702e+12 +1.83534003e+25  1.84e+25   2.02e+08     2.10e+07   180.678s
  34000 +5.74935307e+12 +1.83534029e+25  1.84e+25   2.00e+08     2.05e+07   183.544s
  35000 +5.62609458e+12 +1.83534055e+25  1.84e+25   1.99e+08     2.01e+07   186.412s
  36000 +5.54487459e+12 +1.83534129e+25  1.84e+25   1.92e+08     2.03e+08   189.282s
  37000 +5.48204335e+12 +1.83534397e+25  1.84e+25   1.84e+08     1.80e+08   192.150s
  38000 +5.43741832e+12 +1.83534636e+25  1.84e+25   1.79e+08     1.68e+08   195.017s
  39000 +5.40730913e+12 +1.83534860e+25  1.84e+25   1.76e+08     1.60e+08   197.884s
  40000 +5.38421100e+12 +1.83535074e+25  1.84e+25   1.74e+08     1.53e+08   200.752s
  41000 +5.36396991e+12 +1.83535281e+25  1.84e+25   1.73e+08     1.48e+08   203.619s
  42000 +5.34438518e+12 +1.83535484e+25  1.84e+25   1.71e+08     1.45e+08   206.487s
  43000 +5.32688142e+12 +1.83535682e+25  1.84e+25   1.70e+08     1.41e+08   209.353s
  44000 +5.31017048e+12 +1.83535876e+25  1.84e+25   1.69e+08     1.37e+08   212.221s
  45000 +5.29363741e+12 +1.83536068e+25  1.84e+25   1.69e+08     1.35e+08   215.088s
  46000 +5.27692889e+12 +1.83536257e+25  1.84e+25   1.68e+08     1.33e+08   217.955s
  47000 +5.26183354e+12 +1.83536444e+25  1.84e+25   1.67e+08     1.31e+08   220.822s
  48000 +5.24825492e+12 +1.83536628e+25  1.84e+25   1.67e+08     1.29e+08   223.694s
  49000 +5.23468403e+12 +1.83536810e+25  1.84e+25   1.66e+08     1.27e+08   226.568s
  50000 +5.22101756e+12 +1.83536989e+25  1.84e+25   1.65e+08     1.24e+08   229.435s
  51000 +5.20754427e+12 +1.83537165e+25  1.84e+25   1.65e+08     1.23e+08   232.303s
  52000 +5.19412889e+12 +1.83537339e+25  1.84e+25   1.64e+08     1.20e+08   235.170s
  53000 +5.18038451e+12 +1.83537511e+25  1.84e+25   1.64e+08     1.19e+08   238.043s
  54000 +5.16770905e+12 +1.83537683e+25  1.84e+25   1.63e+08     1.17e+08   240.918s
  55000 +5.16336182e+12 +1.83539295e+25  1.84e+25   1.61e+08     5.97e+09   243.800s
  56000 +5.17782498e+12 +1.83547405e+25  1.84e+25   1.56e+08     5.16e+09   246.679s
  57000 +5.17819784e+12 +1.83555085e+25  1.84e+25   1.54e+08     4.52e+09   249.558s
  58000 +5.17515511e+12 +1.83562381e+25  1.84e+25   1.52e+08     4.02e+09   252.435s
  59000 +5.17025246e+12 +1.83569559e+25  1.84e+25   1.52e+08     3.66e+09   255.314s
  60000 +5.16366773e+12 +1.83576648e+25  1.84e+25   1.52e+08     3.50e+09   258.183s
  61000 +5.15710373e+12 +1.83583705e+25  1.84e+25   1.51e+08     3.34e+09   261.052s
  62000 +5.14958874e+12 +1.83590726e+25  1.84e+25   1.51e+08     3.24e+09   263.920s
  63000 +5.14202055e+12 +1.83597730e+25  1.84e+25   1.51e+08     3.16e+09   266.789s
  64000 +5.13427538e+12 +1.83604708e+25  1.84e+25   1.51e+08     3.12e+09   269.657s
  65000 +5.12678646e+12 +1.83611682e+25  1.84e+25   1.51e+08     3.07e+09   272.526s
  66000 +5.11974096e+12 +1.83618635e+25  1.84e+25   1.51e+08     3.04e+09   275.394s
  67000 +5.11288918e+12 +1.83625580e+25  1.84e+25   1.51e+08     3.00e+09   278.263s
  68000 +5.10587558e+12 +1.83632491e+25  1.84e+25   1.51e+08     2.97e+09   281.131s
  69000 +5.09873934e+12 +1.83639409e+25  1.84e+25   1.50e+08     2.93e+09   283.999s
  70000 +5.09158197e+12 +1.83646305e+25  1.84e+25   1.50e+08     2.92e+09   286.870s
  71000 +5.08387052e+12 +1.83653203e+25  1.84e+25   1.50e+08     2.89e+09   289.745s
  72000 +5.07612065e+12 +1.83660085e+25  1.84e+25   1.50e+08     2.87e+09   292.617s
  73000 +5.06869374e+12 +1.83666961e+25  1.84e+25   1.50e+08     2.85e+09   295.485s
  74000 +5.06171442e+12 +1.83673829e+25  1.84e+25   1.50e+08     2.83e+09   298.353s
  75000 +5.05397950e+12 +1.83680684e+25  1.84e+25   1.50e+08     2.82e+09   301.222s
  76000 +5.04671461e+12 +1.83687533e+25  1.84e+25   1.50e+08     2.80e+09   304.098s
  77000 +5.03898456e+12 +1.83694378e+25  1.84e+25   1.50e+08     2.79e+09   306.973s
  78000 +5.03145229e+12 +1.83701219e+25  1.84e+25   1.50e+08     2.77e+09   309.849s
  79000 +5.02396548e+12 +1.83708049e+25  1.84e+25   1.50e+08     2.76e+09   312.723s
  80000 +5.01636465e+12 +1.83714879e+25  1.84e+25   1.50e+08     2.75e+09   315.596s
  81000 +5.00880926e+12 +1.83721701e+25  1.84e+25   1.50e+08     2.74e+09   318.464s
  82000 +5.00147449e+12 +1.83728525e+25  1.84e+25   1.50e+08     2.73e+09   321.332s
  83000 +4.99429700e+12 +1.83735347e+25  1.84e+25   1.50e+08     2.72e+09   324.200s
  84000 +4.98721272e+12 +1.83742163e+25  1.84e+25   1.50e+08     2.72e+09   327.068s
  85000 +4.98022742e+12 +1.83748972e+25  1.84e+25   1.50e+08     2.71e+09   329.936s
  86000 +4.97944593e+12 +1.83850450e+25  1.84e+25   1.50e+08     1.95e+11   332.808s
  87000 +4.99767047e+12 +1.84333633e+25  1.84e+25   1.49e+08     1.84e+11   335.684s
  88000 +5.00446127e+12 +1.84819916e+25  1.85e+25   1.49e+08     1.73e+11   338.558s
  89000 +5.00944010e+12 +1.85305484e+25  1.85e+25   1.48e+08     1.65e+11   341.434s
  90000 +5.01396774e+12 +1.85789670e+25  1.86e+25   1.48e+08     1.60e+11   344.312s
  91000 +5.01801137e+12 +1.86272921e+25  1.86e+25   1.48e+08     1.58e+11   347.189s
  92000 +5.02269420e+12 +1.86755052e+25  1.87e+25   1.48e+08     1.57e+11   350.063s
  93000 +5.02710368e+12 +1.87236638e+25  1.87e+25   1.48e+08     1.54e+11   352.937s
  94000 +5.03122325e+12 +1.87717145e+25  1.88e+25   1.48e+08     1.53e+11   355.810s
  95000 +5.03400047e+12 +1.88197162e+25  1.88e+25   1.48e+08     1.51e+11   358.684s
  96000 +5.03758270e+12 +1.88677062e+25  1.89e+25   1.48e+08     1.51e+11   361.560s
  97000 +5.04014056e+12 +1.89156592e+25  1.89e+25   1.48e+08     1.50e+11   364.434s
  98000 +5.04213605e+12 +1.89635757e+25  1.90e+25   1.48e+08     1.49e+11   367.308s
  99000 +5.04496881e+12 +1.90114412e+25  1.90e+25   1.48e+08     1.48e+11   370.182s
 100000 +5.04895038e+12 +1.90592761e+25  1.91e+25   1.48e+08     1.47e+11   373.063s
 101000 +5.05229642e+12 +1.91070275e+25  1.91e+25   1.48e+08     1.45e+11   375.943s
 102000 +5.05395774e+12 +1.91547484e+25  1.92e+25   1.48e+08     1.44e+11   378.816s
 103000 +5.05591604e+12 +1.92024658e+25  1.92e+25   1.48e+08     1.44e+11   381.689s
 104000 +5.05739010e+12 +1.92501786e+25  1.93e+25   1.48e+08     1.43e+11   384.562s
 105000 +5.05901935e+12 +1.92978722e+25  1.93e+25   1.48e+08     1.43e+11   387.435s
 106000 +5.06005269e+12 +1.93455539e+25  1.93e+25   1.48e+08     1.43e+11   390.308s
 107000 +5.06102006e+12 +1.93932326e+25  1.94e+25   1.48e+08     1.42e+11   393.181s
 108000 +5.06222313e+12 +1.94409070e+25  1.94e+25   1.48e+08     1.42e+11   396.055s
 109000 +5.06306077e+12 +1.94885778e+25  1.95e+25   1.48e+08     1.42e+11   398.927s
 110000 +5.06368222e+12 +1.95362456e+25  1.95e+25   1.48e+08     1.42e+11   401.805s
 111000 +5.06407349e+12 +1.95839124e+25  1.96e+25   1.48e+08     1.42e+11   404.682s
 112000 +5.06486186e+12 +1.96315806e+25  1.96e+25   1.48e+08     1.41e+11   407.564s
 113000 +5.06561224e+12 +1.96792267e+25  1.97e+25   1.48e+08     1.41e+11   410.446s
 114000 +5.06587265e+12 +1.97268669e+25  1.97e+25   1.48e+08     1.41e+11   413.331s
 115000 +5.06607728e+12 +1.97745062e+25  1.98e+25   1.48e+08     1.41e+11   416.211s
 116000 +5.06623255e+12 +1.98221428e+25  1.98e+25   1.48e+08     1.41e+11   419.093s
 117000 +5.06643037e+12 +1.98697778e+25  1.99e+25   1.48e+08     1.41e+11   421.972s
 118000 +5.06656406e+12 +1.99174114e+25  1.99e+25   1.48e+08     1.41e+11   424.845s
 119000 +5.06657252e+12 +1.99650445e+25  2.00e+25   1.48e+08     1.41e+11   427.721s
 120000 +5.06687458e+12 +2.00126761e+25  2.00e+25   1.48e+08     1.41e+11   430.594s
 121000 +5.06694777e+12 +2.00603066e+25  2.01e+25   1.48e+08     1.40e+11   433.467s
 122000 +5.06684271e+12 +2.01079358e+25  2.01e+25   1.48e+08     1.40e+11   436.339s
 123000 +5.06683508e+12 +2.01555657e+25  2.02e+25   1.48e+08     1.40e+11   439.212s
 124000 +5.06675870e+12 +2.02031959e+25  2.02e+25   1.48e+08     1.40e+11   442.089s
 125000 +5.06679892e+12 +2.02508256e+25  2.03e+25   1.48e+08     1.40e+11   444.971s
 126000 +5.06658131e+12 +2.02984546e+25  2.03e+25   1.48e+08     1.40e+11   447.853s
 127000 +5.06636029e+12 +2.03460838e+25  2.03e+25   1.48e+08     1.40e+11   450.733s
 128000 +5.06620847e+12 +2.03937113e+25  2.04e+25   1.48e+08     1.40e+11   453.614s
 129000 +5.06604083e+12 +2.04413371e+25  2.04e+25   1.48e+08     1.40e+11   456.493s
 130000 +5.06590797e+12 +2.04889610e+25  2.05e+25   1.48e+08     1.40e+11   459.373s
 131000 +5.06574530e+12 +2.05365849e+25  2.05e+25   1.48e+08     1.40e+11   462.253s
 132000 +5.06542387e+12 +2.05842083e+25  2.06e+25   1.48e+08     1.40e+11   465.126s
 133000 +5.06519066e+12 +2.06318320e+25  2.06e+25   1.48e+08     1.40e+11   467.999s
 134000 +5.06496989e+12 +2.06794540e+25  2.07e+25   1.48e+08     1.40e+11   470.877s
 135000 +5.08466205e+12 +3.17411673e+25  3.17e+25   1.48e+08     4.05e+13   473.767s
 136000 +5.08564014e+12 +4.55561682e+25  4.56e+25   1.48e+08     4.05e+13   476.650s
 137000 +5.08638154e+12 +5.93711555e+25  5.94e+25   1.48e+08     4.05e+13   479.534s
 138000 +5.08697686e+12 +7.31861476e+25  7.32e+25   1.48e+08     4.05e+13   482.417s
 139000 +5.08747736e+12 +8.70011423e+25  8.70e+25   1.48e+08     4.05e+13   485.301s
 140000 +5.08788210e+12 +1.00816150e+26  1.01e+26   1.48e+08     4.05e+13   488.183s
 141000 +5.08817229e+12 +1.14631166e+26  1.15e+26   1.48e+08     4.05e+13   491.069s
 142000 +5.08842840e+12 +1.28446187e+26  1.28e+26   1.48e+08     4.05e+13   493.951s
 143000 +5.08867463e+12 +1.42261217e+26  1.42e+26   1.48e+08     4.05e+13   496.829s
 144000 +5.08889090e+12 +1.56076251e+26  1.56e+26   1.48e+08     4.05e+13   499.703s
 145000 +5.08909735e+12 +1.69891287e+26  1.70e+26   1.48e+08     4.05e+13   502.578s
 146000 +5.08929713e+12 +1.83706328e+26  1.84e+26   1.48e+08     4.05e+13   505.452s
 147000 +5.08949059e+12 +1.97521371e+26  1.98e+26   1.48e+08     4.05e+13   508.327s
 148000 +5.08965886e+12 +2.11336416e+26  2.11e+26   1.48e+08     4.05e+13   511.201s
 149000 +5.08981447e+12 +2.25151464e+26  2.25e+26   1.48e+08     4.05e+13   514.076s
 150000 +5.08996772e+12 +2.38966515e+26  2.39e+26   1.48e+08     4.05e+13   516.959s
 151000 +5.09011200e+12 +2.52781569e+26  2.53e+26   1.48e+08     4.05e+13   519.838s
 152000 +5.09024850e+12 +2.66596623e+26  2.67e+26   1.48e+08     4.05e+13   522.720s
 153000 +5.09039884e+12 +2.80411679e+26  2.80e+26   1.48e+08     4.05e+13   525.604s
 154000 +5.09052972e+12 +2.94226736e+26  2.94e+26   1.48e+08     4.05e+13   528.483s
 155000 +5.09065292e+12 +3.08041791e+26  3.08e+26   1.48e+08     4.05e+13   531.366s
 156000 +5.09077625e+12 +3.21856844e+26  3.22e+26   1.48e+08     4.05e+13   534.249s
 157000 +5.09089551e+12 +3.35671890e+26  3.36e+26   1.48e+08     4.05e+13   537.127s
 158000 +5.09101735e+12 +3.49486940e+26  3.49e+26   1.48e+08     4.05e+13   540.006s
 159000 +5.09114602e+12 +3.63301989e+26  3.63e+26   1.48e+08     4.05e+13   542.889s
 160000 +5.09127278e+12 +3.77117031e+26  3.77e+26   1.48e+08     4.05e+13   545.770s
 161000 +5.09138771e+12 +3.90932078e+26  3.91e+26   1.48e+08     4.05e+13   548.654s
 162000 +5.09152144e+12 +4.04747125e+26  4.05e+26   1.48e+08     4.05e+13   551.534s
 163000 +5.09166759e+12 +4.18562173e+26  4.19e+26   1.48e+08     4.05e+13   554.409s
 164000 +5.09180410e+12 +4.32377219e+26  4.32e+26   1.48e+08     4.05e+13   557.283s
 165000 +5.09194685e+12 +4.46192271e+26  4.46e+26   1.48e+08     4.05e+13   560.158s
 166000 +5.09209333e+12 +4.60007326e+26  4.60e+26   1.48e+08     4.05e+13   563.032s
 167000 +5.09224166e+12 +4.73822366e+26  4.74e+26   1.48e+08     4.05e+13   565.906s
 168000 +5.09240536e+12 +4.87637402e+26  4.88e+26   1.48e+08     4.05e+13   568.781s
 169000 +5.09257235e+12 +5.01452439e+26  5.01e+26   1.48e+08     4.05e+13   571.655s
 170000 +5.09274573e+12 +5.15267484e+26  5.15e+26   1.48e+08     4.05e+13   574.529s
 171000 +5.09290639e+12 +5.29082513e+26  5.29e+26   1.48e+08     4.05e+13   577.404s
 172000 +5.09304802e+12 +5.42897546e+26  5.43e+26   1.48e+08     4.05e+13   580.278s
 173000 +5.09318896e+12 +5.56712579e+26  5.57e+26   1.48e+08     4.05e+13   583.153s
 174000 +5.09333473e+12 +5.70527612e+26  5.71e+26   1.48e+08     4.05e+13   586.027s
 175000 +5.09347315e+12 +5.84342645e+26  5.84e+26   1.48e+08     4.05e+13   588.901s
 176000 +5.09360980e+12 +5.98157679e+26  5.98e+26   1.48e+08     4.05e+13   591.775s
 177000 +5.09375750e+12 +6.11972716e+26  6.12e+26   1.48e+08     4.05e+13   594.649s
 178000 +5.09389798e+12 +6.25787746e+26  6.26e+26   1.48e+08     4.05e+13   597.524s
 179000 +5.09401992e+12 +6.39602777e+26  6.40e+26   1.48e+08     4.05e+13   600.405s
 180000 +5.09414298e+12 +6.53417809e+26  6.53e+26   1.48e+08     4.05e+13   603.279s
 181000 +5.09428491e+12 +6.67232851e+26  6.67e+26   1.48e+08     4.05e+13   606.153s
 182000 +5.09443148e+12 +6.81047888e+26  6.81e+26   1.48e+08     4.05e+13   609.028s
 183000 +5.09459099e+12 +6.94862924e+26  6.95e+26   1.48e+08     4.05e+13   611.908s
 184000 +5.09474685e+12 +7.08677960e+26  7.09e+26   1.48e+08     4.05e+13   614.788s
 185000 +5.09490032e+12 +7.22492987e+26  7.22e+26   1.48e+08     4.05e+13   617.663s
 186000 +5.09506236e+12 +7.36308024e+26  7.36e+26   1.48e+08     4.05e+13   620.538s
 187000 +5.09523684e+12 +7.50123065e+26  7.50e+26   1.48e+08     4.05e+13   623.421s
 188000 +5.09542678e+12 +7.63938099e+26  7.64e+26   1.48e+08     4.05e+13   626.302s
 189000 +5.09562201e+12 +7.77753130e+26  7.78e+26   1.48e+08     4.05e+13   629.188s
 190000 +5.09581159e+12 +7.91568166e+26  7.92e+26   1.48e+08     4.05e+13   632.071s
 191000 +5.09601317e+12 +8.05383204e+26  8.05e+26   1.48e+08     4.05e+13   634.953s
 192000 +5.09620509e+12 +8.19198239e+26  8.19e+26   1.48e+08     4.05e+13   637.837s
 193000 +5.09639511e+12 +8.33013280e+26  8.33e+26   1.48e+08     4.05e+13   640.722s
 194000 +5.09658977e+12 +8.46828325e+26  8.47e+26   1.48e+08     4.05e+13   643.609s
 195000 +5.09679859e+12 +8.60643370e+26  8.61e+26   1.48e+08     4.05e+13   646.495s
 196000 +5.09702338e+12 +8.74458415e+26  8.74e+26   1.48e+08     4.05e+13   649.380s
 197000 +5.09725661e+12 +8.88273438e+26  8.88e+26   1.48e+08     4.05e+13   652.264s
 198000 +5.09747968e+12 +9.02088443e+26  9.02e+26   1.48e+08     4.05e+13   655.146s
 199000 +5.09770940e+12 +9.15903456e+26  9.16e+26   1.48e+08     4.05e+13   658.029s
 200000 +5.09792491e+12 +9.29718531e+26  9.30e+26   1.48e+08     4.05e+13   660.912s
 201000 +5.09814310e+12 +9.43533611e+26  9.44e+26   1.48e+08     4.05e+13   663.793s
 202000 +5.09835473e+12 +9.57348643e+26  9.57e+26   1.48e+08     4.05e+13   666.674s
 203000 +5.09856871e+12 +9.71163665e+26  9.71e+26   1.48e+08     4.05e+13   669.554s
 204000 +5.09878571e+12 +9.84978718e+26  9.85e+26   1.48e+08     4.05e+13   672.435s
 205000 +5.09901743e+12 +9.98793794e+26  9.99e+26   1.48e+08     4.05e+13   675.315s
 206000 +5.09927484e+12 +1.01260886e+27  1.01e+27   1.48e+08     4.05e+13   678.194s
 207000 +5.09952283e+12 +1.02642390e+27  1.03e+27   1.48e+08     4.05e+13   681.074s
 208000 +5.09976518e+12 +1.04023893e+27  1.04e+27   1.48e+08     4.05e+13   683.959s
 209000 +5.09998006e+12 +1.05405400e+27  1.05e+27   1.48e+08     4.05e+13   686.842s
 210000 +1.24803311e+13 +1.06509262e+27  1.07e+27   6.39e+08     2.04e+09   689.728s
 211000 +1.20098930e+13 +1.06509264e+27  1.07e+27   3.89e+08     7.35e+07   692.617s
 212000 +1.10367195e+13 +1.06509265e+27  1.07e+27   3.41e+08     6.10e+07   695.497s
 213000 +1.01920088e+13 +1.06509266e+27  1.07e+27   3.14e+08     5.42e+07   698.380s
 214000 +9.49002525e+12 +1.06509267e+27  1.07e+27   2.98e+08     4.97e+07   701.266s
 215000 +8.95624222e+12 +1.06509268e+27  1.07e+27   2.88e+08     4.68e+07   704.150s
 216000 +8.54484035e+12 +1.06509269e+27  1.07e+27   2.78e+08     4.43e+07   707.031s
 217000 +8.22719656e+12 +1.06509269e+27  1.07e+27   2.69e+08     4.21e+07   709.909s
 218000 +7.99261628e+12 +1.06509270e+27  1.07e+27   2.64e+08     4.06e+07   712.789s
 219000 +7.81857802e+12 +1.06509271e+27  1.07e+27   2.59e+08     3.94e+07   715.668s
 220000 +7.68389112e+12 +1.06509271e+27  1.07e+27   2.55e+08     3.83e+07   718.548s
 221000 +7.57153064e+12 +1.06509272e+27  1.07e+27   2.52e+08     3.74e+07   721.426s
 222000 +7.47196906e+12 +1.06509272e+27  1.07e+27   2.49e+08     3.67e+07   724.305s
 223000 +7.38138979e+12 +1.06509273e+27  1.07e+27   2.46e+08     3.60e+07   727.183s
 224000 +7.29538854e+12 +1.06509274e+27  1.07e+27   2.43e+08     3.53e+07   730.060s
 225000 +7.21566698e+12 +1.06509274e+27  1.07e+27   2.41e+08     3.48e+07   732.936s
 226000 +7.22731510e+12 +1.06509280e+27  1.07e+27   2.16e+08     6.25e+08   735.818s
 227000 +7.21917673e+12 +1.06509289e+27  1.07e+27   2.02e+08     5.42e+08   738.694s
 228000 +7.21149620e+12 +1.06509296e+27  1.07e+27   1.94e+08     4.97e+08   741.572s
 229000 +7.20355208e+12 +1.06509302e+27  1.07e+27   1.89e+08     4.69e+08   744.450s
 230000 +7.19602387e+12 +1.06509308e+27  1.07e+27   1.85e+08     4.44e+08   747.327s
 231000 +7.18899249e+12 +1.06509314e+27  1.07e+27   1.83e+08     4.28e+08   750.204s
 232000 +7.18239078e+12 +1.06509320e+27  1.07e+27   1.81e+08     4.13e+08   753.081s
 233000 +7.17590790e+12 +1.06509325e+27  1.07e+27   1.79e+08     4.02e+08   755.957s
 234000 +7.16959740e+12 +1.06509330e+27  1.07e+27   1.77e+08     3.91e+08   758.835s
 235000 +7.16358110e+12 +1.06509335e+27  1.07e+27   1.76e+08     3.82e+08   761.711s
 236000 +7.15793645e+12 +1.06509340e+27  1.07e+27   1.75e+08     3.75e+08   764.587s
 237000 +7.15196835e+12 +1.06509345e+27  1.07e+27   1.74e+08     3.68e+08   767.462s
 238000 +7.14628667e+12 +1.06509350e+27  1.07e+27   1.73e+08     3.62e+08   770.342s
 239000 +7.14095892e+12 +1.06509355e+27  1.07e+27   1.73e+08     3.56e+08   773.217s
 240000 +7.13511241e+12 +1.06509360e+27  1.07e+27   1.72e+08     3.52e+08   776.096s
 241000 +7.13045275e+12 +1.06509365e+27  1.07e+27   1.71e+08     3.47e+08   778.971s
 242000 +7.12462696e+12 +1.06509369e+27  1.07e+27   1.71e+08     3.43e+08   781.849s
 243000 +7.11947202e+12 +1.06509374e+27  1.07e+27   1.70e+08     3.38e+08   784.726s
 244000 +7.11433025e+12 +1.06509379e+27  1.07e+27   1.70e+08     3.35e+08   787.603s
 245000 +7.10888525e+12 +1.06509383e+27  1.07e+27   1.69e+08     3.32e+08   790.475s
 246000 +7.10403670e+12 +1.06509388e+27  1.07e+27   1.69e+08     3.28e+08   793.351s
 247000 +7.09909342e+12 +1.06509392e+27  1.07e+27   1.69e+08     3.26e+08   796.225s
 248000 +7.09412099e+12 +1.06509397e+27  1.07e+27   1.68e+08     3.22e+08   799.102s
 249000 +7.08884663e+12 +1.06509401e+27  1.07e+27   1.68e+08     3.20e+08   801.975s
 250000 +7.08483515e+12 +1.06509406e+27  1.07e+27   1.68e+08     3.17e+08   804.851s
 251000 +7.07990715e+12 +1.06509410e+27  1.07e+27   1.67e+08     3.15e+08   807.729s
 252000 +7.07541267e+12 +1.06509414e+27  1.07e+27   1.67e+08     3.13e+08   810.608s
 253000 +7.07088715e+12 +1.06509419e+27  1.07e+27   1.67e+08     3.10e+08   813.482s
 254000 +7.06655631e+12 +1.06509423e+27  1.07e+27   1.66e+08     3.08e+08   816.357s
 255000 +7.06263287e+12 +1.06509427e+27  1.07e+27   1.66e+08     3.06e+08   819.235s
 256000 +7.05844698e+12 +1.06509432e+27  1.07e+27   1.66e+08     3.04e+08   822.111s
 257000 +7.05397781e+12 +1.06509436e+27  1.07e+27   1.66e+08     3.03e+08   824.988s
 258000 +7.04961812e+12 +1.06509440e+27  1.07e+27   1.66e+08     3.01e+08   827.865s
 259000 +7.04581277e+12 +1.06509444e+27  1.07e+27   1.65e+08     2.99e+08   830.742s
 260000 +7.04191650e+12 +1.06509449e+27  1.07e+27   1.65e+08     2.97e+08   833.617s
 261000 +7.03743354e+12 +1.06509453e+27  1.07e+27   1.65e+08     2.96e+08   836.491s
 262000 +7.03375499e+12 +1.06509457e+27  1.07e+27   1.65e+08     2.94e+08   839.369s
 263000 +7.02971570e+12 +1.06509461e+27  1.07e+27   1.65e+08     2.93e+08   842.243s
 264000 +7.02585910e+12 +1.06509465e+27  1.07e+27   1.65e+08     2.91e+08   845.119s
 265000 +7.02194809e+12 +1.06509469e+27  1.07e+27   1.64e+08     2.90e+08   847.994s
 266000 +7.01837705e+12 +1.06509474e+27  1.07e+27   1.64e+08     2.89e+08   850.870s
 267000 +7.01493701e+12 +1.06509478e+27  1.07e+27   1.64e+08     2.87e+08   853.747s
 268000 +7.01124657e+12 +1.06509482e+27  1.07e+27   1.64e+08     2.86e+08   856.623s
 269000 +7.00723422e+12 +1.06509486e+27  1.07e+27   1.64e+08     2.85e+08   859.499s
 270000 +7.00365598e+12 +1.06509490e+27  1.07e+27   1.64e+08     2.84e+08   862.374s
 271000 +7.00000002e+12 +1.06509494e+27  1.07e+27   1.63e+08     2.82e+08   865.252s
 272000 +6.99638390e+12 +1.06509498e+27  1.07e+27   1.63e+08     2.81e+08   868.129s
 273000 +6.99322291e+12 +1.06509502e+27  1.07e+27   1.63e+08     2.80e+08   871.006s
 274000 +6.98981178e+12 +1.06509506e+27  1.07e+27   1.63e+08     2.79e+08   873.881s
 275000 +6.98643575e+12 +1.06509510e+27  1.07e+27   1.63e+08     2.78e+08   876.755s
 276000 +6.98299790e+12 +1.06509514e+27  1.07e+27   1.63e+08     2.77e+08   879.630s
 277000 +6.97957964e+12 +1.06509518e+27  1.07e+27   1.63e+08     2.76e+08   882.505s
 278000 +6.97614276e+12 +1.06509522e+27  1.07e+27   1.63e+08     2.75e+08   885.381s
 279000 +6.97281464e+12 +1.06509526e+27  1.07e+27   1.63e+08     2.74e+08   888.262s
 280000 +6.96944661e+12 +1.06509530e+27  1.07e+27   1.62e+08     2.73e+08   891.137s
 281000 +6.96619366e+12 +1.06509534e+27  1.07e+27   1.62e+08     2.72e+08   894.014s
 282000 +6.96272648e+12 +1.06509538e+27  1.07e+27   1.62e+08     2.71e+08   896.890s
 283000 +6.98809159e+12 +1.06509882e+27  1.07e+27   1.58e+08     2.99e+10   899.773s
 284000 +7.00749860e+12 +1.06510312e+27  1.07e+27   1.56e+08     2.62e+10   902.651s
 285000 +7.01702372e+12 +1.06510722e+27  1.07e+27   1.55e+08     2.45e+10   905.530s
 286000 +7.02468099e+12 +1.06511123e+27  1.07e+27   1.54e+08     2.32e+10   908.409s
 287000 +7.02932439e+12 +1.06511517e+27  1.07e+27   1.54e+08     2.23e+10   911.286s
 288000 +7.03118473e+12 +1.06511909e+27  1.07e+27   1.53e+08     2.15e+10   914.165s
 289000 +7.03758571e+12 +1.06512296e+27  1.07e+27   1.53e+08     2.10e+10   917.044s
 290000 +7.04229597e+12 +1.06512681e+27  1.07e+27   1.52e+08     2.04e+10   919.918s
 291000 +7.04422079e+12 +1.06513063e+27  1.07e+27   1.52e+08     2.00e+10   922.792s
 292000 +7.04417274e+12 +1.06513443e+27  1.07e+27   1.52e+08     1.96e+10   925.669s
 293000 +7.04576003e+12 +1.06513819e+27  1.07e+27   1.52e+08     1.93e+10   928.547s
 294000 +7.04627744e+12 +1.06514193e+27  1.07e+27   1.52e+08     1.90e+10   931.423s
 295000 +7.04772125e+12 +1.06514563e+27  1.07e+27   1.51e+08     1.87e+10   934.298s
 296000 +7.04761970e+12 +1.06514933e+27  1.07e+27   1.51e+08     1.83e+10   937.173s
 297000 +7.04793120e+12 +1.06515302e+27  1.07e+27   1.51e+08     1.80e+10   940.052s
 298000 +7.04714716e+12 +1.06515668e+27  1.07e+27   1.51e+08     1.77e+10   942.927s
 299000 +7.04595266e+12 +1.06516032e+27  1.07e+27   1.51e+08     1.74e+10   945.803s
 300000 +7.04482207e+12 +1.06516394e+27  1.07e+27   1.50e+08     1.71e+10   948.680s
 301000 +7.04516207e+12 +1.06516756e+27  1.07e+27   1.50e+08     1.68e+10   951.559s
 302000 +7.04612174e+12 +1.06517118e+27  1.07e+27   1.50e+08     1.66e+10   954.438s
 303000 +7.04639233e+12 +1.06517477e+27  1.07e+27   1.50e+08     1.63e+10   957.317s
 304000 +7.04530898e+12 +1.06517836e+27  1.07e+27   1.50e+08     1.60e+10   960.194s
 305000 +7.04358774e+12 +1.06518194e+27  1.07e+27   1.50e+08     1.58e+10   963.074s
 306000 +7.04137203e+12 +1.06518550e+27  1.07e+27   1.50e+08     1.56e+10   965.951s
 307000 +7.03913718e+12 +1.06518905e+27  1.07e+27   1.50e+08     1.55e+10   968.833s
 308000 +7.03715776e+12 +1.06519259e+27  1.07e+27   1.49e+08     1.53e+10   971.711s
 309000 +7.03537534e+12 +1.06519614e+27  1.07e+27   1.49e+08     1.51e+10   974.589s
 310000 +7.03320077e+12 +1.06519967e+27  1.07e+27   1.49e+08     1.49e+10   977.468s
 311000 +7.03112368e+12 +1.06520321e+27  1.07e+27   1.49e+08     1.46e+10   980.348s
 312000 +7.02915558e+12 +1.06520675e+27  1.07e+27   1.49e+08     1.44e+10   983.225s
 313000 +7.02754670e+12 +1.06521029e+27  1.07e+27   1.49e+08     1.43e+10   986.103s
 314000 +7.02585963e+12 +1.06521382e+27  1.07e+27   1.49e+08     1.42e+10   988.978s
 315000 +7.02452753e+12 +1.06521735e+27  1.07e+27   1.49e+08     1.41e+10   991.854s
 316000 +7.02327235e+12 +1.06522087e+27  1.07e+27   1.49e+08     1.40e+10   994.729s
 317000 +7.02149633e+12 +1.06522439e+27  1.07e+27   1.49e+08     1.39e+10   997.604s
 318000 +7.01943147e+12 +1.06522789e+27  1.07e+27   1.49e+08     1.38e+10   1000.479s
 319000 +7.01741841e+12 +1.06523138e+27  1.07e+27   1.49e+08     1.37e+10   1003.354s
 320000 +7.01543298e+12 +1.06523488e+27  1.07e+27   1.49e+08     1.35e+10   1006.229s
 321000 +7.01339412e+12 +1.06523838e+27  1.07e+27   1.49e+08     1.34e+10   1009.102s
 322000 +7.01130626e+12 +1.06524188e+27  1.07e+27   1.49e+08     1.33e+10   1011.974s
 323000 +7.00921367e+12 +1.06524538e+27  1.07e+27   1.49e+08     1.32e+10   1014.850s
 324000 +7.00702345e+12 +1.06524889e+27  1.07e+27   1.49e+08     1.31e+10   1017.725s
 325000 +7.00476196e+12 +1.06525239e+27  1.07e+27   1.49e+08     1.30e+10   1020.598s
 326000 +7.00251976e+12 +1.06525589e+27  1.07e+27   1.49e+08     1.30e+10   1023.473s
 327000 +7.00032569e+12 +1.06525938e+27  1.07e+27   1.49e+08     1.29e+10   1026.346s
 328000 +6.99828981e+12 +1.06526287e+27  1.07e+27   1.49e+08     1.28e+10   1029.218s
 329000 +6.99694106e+12 +1.06526636e+27  1.07e+27   1.49e+08     1.28e+10   1032.091s
 330000 +6.99524652e+12 +1.06526984e+27  1.07e+27   1.49e+08     1.27e+10   1034.966s
 331000 +6.99329845e+12 +1.06527332e+27  1.07e+27   1.49e+08     1.27e+10   1037.839s
 332000 +6.99128984e+12 +1.06527680e+27  1.07e+27   1.49e+08     1.26e+10   1040.716s
 333000 +6.98950374e+12 +1.06528028e+27  1.07e+27   1.49e+08     1.25e+10   1043.591s
 334000 +6.98805783e+12 +1.06528377e+27  1.07e+27   1.49e+08     1.25e+10   1046.465s
 335000 +6.98649266e+12 +1.06528725e+27  1.07e+27   1.49e+08     1.24e+10   1049.339s
 336000 +6.98492974e+12 +1.06529073e+27  1.07e+27   1.48e+08     1.23e+10   1052.214s
 337000 +6.98347317e+12 +1.06529420e+27  1.07e+27   1.48e+08     1.22e+10   1055.085s
 338000 +6.98241687e+12 +1.06529768e+27  1.07e+27   1.48e+08     1.22e+10   1057.959s
 339000 +6.98098753e+12 +1.06530115e+27  1.07e+27   1.48e+08     1.21e+10   1060.835s
 340000 +6.97925563e+12 +1.06530462e+27  1.07e+27   1.48e+08     1.21e+10   1063.711s
 341000 +6.97754792e+12 +1.06530809e+27  1.07e+27   1.48e+08     1.20e+10   1066.584s
 342000 +6.97593702e+12 +1.06531156e+27  1.07e+27   1.48e+08     1.20e+10   1069.461s
 343000 +6.97423884e+12 +1.06531503e+27  1.07e+27   1.48e+08     1.20e+10   1072.337s
 344000 +6.97237093e+12 +1.06531850e+27  1.07e+27   1.48e+08     1.19e+10   1075.213s
 345000 +6.97053343e+12 +1.06532197e+27  1.07e+27   1.48e+08     1.19e+10   1078.089s
 346000 +6.96888541e+12 +1.06532544e+27  1.07e+27   1.48e+08     1.18e+10   1080.965s
 347000 +6.96733691e+12 +1.06532891e+27  1.07e+27   1.48e+08     1.17e+10   1083.842s
 348000 +6.96577266e+12 +1.06533237e+27  1.07e+27   1.48e+08     1.17e+10   1086.718s
 349000 +6.96450970e+12 +1.06533584e+27  1.07e+27   1.48e+08     1.17e+10   1089.594s
 350000 +6.96322565e+12 +1.06533930e+27  1.07e+27   1.48e+08     1.17e+10   1092.465s
 351000 +6.96171780e+12 +1.06534276e+27  1.07e+27   1.48e+08     1.16e+10   1095.335s
 352000 +6.96026192e+12 +1.06534622e+27  1.07e+27   1.48e+08     1.16e+10   1098.205s
 353000 +6.95884467e+12 +1.06534967e+27  1.07e+27   1.48e+08     1.16e+10   1101.076s
 354000 +6.95721909e+12 +1.06535313e+27  1.07e+27   1.48e+08     1.15e+10   1103.946s
 355000 +6.95558337e+12 +1.06535659e+27  1.07e+27   1.48e+08     1.15e+10   1106.817s
 356000 +6.95376196e+12 +1.06536005e+27  1.07e+27   1.48e+08     1.14e+10   1109.687s
 357000 +6.95202016e+12 +1.06536351e+27  1.07e+27   1.48e+08     1.14e+10   1112.557s
 358000 +6.95022560e+12 +1.06536697e+27  1.07e+27   1.48e+08     1.14e+10   1115.428s
 359000 +6.94832848e+12 +1.06537043e+27  1.07e+27   1.48e+08     1.14e+10   1118.298s
 360000 +6.94653211e+12 +1.06537389e+27  1.07e+27   1.48e+08     1.13e+10   1121.168s
 361000 +6.94478876e+12 +1.06537735e+27  1.07e+27   1.48e+08     1.13e+10   1124.039s
 362000 +6.94322631e+12 +1.06538081e+27  1.07e+27   1.48e+08     1.13e+10   1126.910s
 363000 +6.94166123e+12 +1.06538426e+27  1.07e+27   1.48e+08     1.13e+10   1129.780s
 364000 +6.94027625e+12 +1.06538771e+27  1.07e+27   1.48e+08     1.12e+10   1132.651s
 365000 +6.93918319e+12 +1.06539117e+27  1.07e+27   1.48e+08     1.12e+10   1135.522s
 366000 +6.93788632e+12 +1.06539462e+27  1.07e+27   1.48e+08     1.12e+10   1138.392s
 367000 +6.93653659e+12 +1.06539807e+27  1.07e+27   1.48e+08     1.12e+10   1141.263s
 368000 +6.93539150e+12 +1.06540152e+27  1.07e+27   1.48e+08     1.12e+10   1144.133s
 369000 +6.93410777e+12 +1.06540498e+27  1.07e+27   1.48e+08     1.11e+10   1147.004s
 370000 +6.93283629e+12 +1.06540843e+27  1.07e+27   1.48e+08     1.11e+10   1149.874s
 371000 +6.93161316e+12 +1.06541188e+27  1.07e+27   1.48e+08     1.11e+10   1152.745s
 372000 +6.93022711e+12 +1.06541533e+27  1.07e+27   1.48e+08     1.10e+10   1155.615s
 373000 +6.92893937e+12 +1.06541878e+27  1.07e+27   1.48e+08     1.10e+10   1158.486s
 374000 +6.92788848e+12 +1.06542223e+27  1.07e+27   1.48e+08     1.10e+10   1161.356s
 375000 +6.92675937e+12 +1.06542568e+27  1.07e+27   1.48e+08     1.10e+10   1164.227s
 376000 +6.92580436e+12 +1.06542913e+27  1.07e+27   1.48e+08     1.10e+10   1167.097s
 377000 +6.92491983e+12 +1.06543258e+27  1.07e+27   1.48e+08     1.09e+10   1169.968s
 378000 +6.92368753e+12 +1.06543602e+27  1.07e+27   1.48e+08     1.09e+10   1172.844s
 379000 +6.92240800e+12 +1.06543947e+27  1.07e+27   1.48e+08     1.09e+10   1175.723s
 380000 +6.92101930e+12 +1.06544292e+27  1.07e+27   1.48e+08     1.09e+10   1178.593s
 381000 +6.91959677e+12 +1.06544636e+27  1.07e+27   1.48e+08     1.09e+10   1181.464s
 382000 +6.91823086e+12 +1.06544981e+27  1.07e+27   1.48e+08     1.09e+10   1184.334s
 383000 +6.91683202e+12 +1.06545326e+27  1.07e+27   1.48e+08     1.09e+10   1187.205s
 384000 +6.91548288e+12 +1.06545670e+27  1.07e+27   1.48e+08     1.09e+10   1190.075s
 385000 +6.91426792e+12 +1.06546015e+27  1.07e+27   1.48e+08     1.08e+10   1192.946s
 386000 +6.91296460e+12 +1.06546360e+27  1.07e+27   1.48e+08     1.08e+10   1195.817s
 387000 +6.91148438e+12 +1.06546705e+27  1.07e+27   1.48e+08     1.08e+10   1198.687s
 388000 +6.91001052e+12 +1.06547049e+27  1.07e+27   1.48e+08     1.08e+10   1201.557s
 389000 +6.90870133e+12 +1.06547394e+27  1.07e+27   1.48e+08     1.08e+10   1204.427s
 390000 +6.90746750e+12 +1.06547738e+27  1.07e+27   1.48e+08     1.08e+10   1207.298s
 391000 +6.90638912e+12 +1.06548083e+27  1.07e+27   1.48e+08     1.08e+10   1210.168s
 392000 +6.90534849e+12 +1.06548427e+27  1.07e+27   1.48e+08     1.08e+10   1213.039s
 393000 +6.90424664e+12 +1.06548772e+27  1.07e+27   1.48e+08     1.08e+10   1215.910s
 394000 +6.90308284e+12 +1.06549116e+27  1.07e+27   1.48e+08     1.08e+10   1218.780s
 395000 +6.90189197e+12 +1.06549461e+27  1.07e+27   1.48e+08     1.07e+10   1221.651s
 396000 +6.90074211e+12 +1.06549805e+27  1.07e+27   1.48e+08     1.07e+10   1224.521s
 397000 +6.89945906e+12 +1.06550150e+27  1.07e+27   1.48e+08     1.07e+10   1227.392s
 398000 +6.89811734e+12 +1.06550494e+27  1.07e+27   1.48e+08     1.07e+10   1230.262s
 399000 +6.89671337e+12 +1.06550838e+27  1.07e+27   1.48e+08     1.07e+10   1233.133s
 400000 +6.89541029e+12 +1.06551183e+27  1.07e+27   1.48e+08     1.07e+10   1236.003s
 401000 +6.89421204e+12 +1.06551527e+27  1.07e+27   1.48e+08     1.07e+10   1238.874s
 402000 +6.89293703e+12 +1.06551871e+27  1.07e+27   1.48e+08     1.07e+10   1241.744s
 403000 +6.89169550e+12 +1.06552216e+27  1.07e+27   1.48e+08     1.07e+10   1244.615s
 404000 +6.89043470e+12 +1.06552560e+27  1.07e+27   1.48e+08     1.06e+10   1247.485s
 405000 +6.88905916e+12 +1.06552904e+27  1.07e+27   1.48e+08     1.06e+10   1250.356s
 406000 +6.88785206e+12 +1.06553248e+27  1.07e+27   1.48e+08     1.06e+10   1253.226s
 407000 +6.88659815e+12 +1.06553592e+27  1.07e+27   1.48e+08     1.06e+10   1256.096s
 408000 +6.88543941e+12 +1.06553937e+27  1.07e+27   1.48e+08     1.06e+10   1258.966s
 409000 +6.88429101e+12 +1.06554281e+27  1.07e+27   1.48e+08     1.06e+10   1261.837s
 410000 +6.88304503e+12 +1.06554625e+27  1.07e+27   1.48e+08     1.06e+10   1264.707s
 411000 +6.88188558e+12 +1.06554969e+27  1.07e+27   1.48e+08     1.06e+10   1267.578s
 412000 +6.88081799e+12 +1.06555314e+27  1.07e+27   1.48e+08     1.06e+10   1270.448s
 413000 +6.87960033e+12 +1.06555658e+27  1.07e+27   1.48e+08     1.06e+10   1273.319s
 414000 +6.87839729e+12 +1.06556002e+27  1.07e+27   1.48e+08     1.06e+10   1276.189s
 415000 +6.87729748e+12 +1.06556346e+27  1.07e+27   1.48e+08     1.05e+10   1279.060s
 416000 +6.87636162e+12 +1.06556690e+27  1.07e+27   1.48e+08     1.05e+10   1281.930s
 417000 +6.87509820e+12 +1.06557034e+27  1.07e+27   1.48e+08     1.05e+10   1284.800s
 418000 +6.87390106e+12 +1.06557378e+27  1.07e+27   1.48e+08     1.05e+10   1287.671s
 419000 +6.87264622e+12 +1.06557722e+27  1.07e+27   1.48e+08     1.05e+10   1290.541s
 420000 +6.87147367e+12 +1.06558066e+27  1.07e+27   1.48e+08     1.05e+10   1293.411s
 421000 +6.87026669e+12 +1.06558410e+27  1.07e+27   1.48e+08     1.05e+10   1296.282s
 422000 +6.86911038e+12 +1.06558754e+27  1.07e+27   1.48e+08     1.05e+10   1299.152s
 423000 +6.86811606e+12 +1.06559098e+27  1.07e+27   1.48e+08     1.05e+10   1302.022s
 424000 +6.86703875e+12 +1.06559442e+27  1.07e+27   1.48e+08     1.05e+10   1304.892s
 425000 +6.86596985e+12 +1.06559786e+27  1.07e+27   1.48e+08     1.05e+10   1307.763s
 426000 +6.86482327e+12 +1.06560130e+27  1.07e+27   1.48e+08     1.05e+10   1310.633s
 427000 +6.86374165e+12 +1.06560474e+27  1.07e+27   1.48e+08     1.05e+10   1313.504s
 428000 +6.86260606e+12 +1.06560818e+27  1.07e+27   1.48e+08     1.05e+10   1316.374s
 429000 +6.86151595e+12 +1.06561162e+27  1.07e+27   1.48e+08     1.05e+10   1319.244s
 430000 +6.86042109e+12 +1.06561506e+27  1.07e+27   1.48e+08     1.05e+10   1322.115s
 431000 +6.85926232e+12 +1.06561849e+27  1.07e+27   1.48e+08     1.04e+10   1324.985s
 432000 +6.85819102e+12 +1.06562193e+27  1.07e+27   1.48e+08     1.04e+10   1327.855s
 433000 +6.85709296e+12 +1.06562537e+27  1.07e+27   1.48e+08     1.04e+10   1330.726s
 434000 +6.85586549e+12 +1.06562881e+27  1.07e+27   1.48e+08     1.04e+10   1333.596s
 435000 +6.85472339e+12 +1.06563225e+27  1.07e+27   1.48e+08     1.04e+10   1336.466s
 436000 +6.85359567e+12 +1.06563569e+27  1.07e+27   1.48e+08     1.04e+10   1339.336s
 437000 +6.85247890e+12 +1.06563913e+27  1.07e+27   1.48e+08     1.04e+10   1342.207s
 438000 +6.85144216e+12 +1.06564257e+27  1.07e+27   1.48e+08     1.04e+10   1345.077s
 439000 +6.85031663e+12 +1.06564600e+27  1.07e+27   1.48e+08     1.04e+10   1347.947s
 440000 +6.84926713e+12 +1.06564944e+27  1.07e+27   1.48e+08     1.04e+10   1350.817s
 441000 +6.84800758e+12 +1.06565288e+27  1.07e+27   1.48e+08     1.04e+10   1353.688s
 442000 +6.85071288e+12 +1.06624317e+27  1.07e+27   1.48e+08     1.73e+12   1356.567s
 443000 +6.85356707e+12 +1.06683335e+27  1.07e+27   1.48e+08     1.73e+12   1359.442s
 444000 +6.85592896e+12 +1.06742354e+27  1.07e+27   1.48e+08     1.73e+12   1362.318s
 445000 +6.85751375e+12 +1.06801368e+27  1.07e+27   1.48e+08     1.73e+12   1365.193s
 446000 +6.85886828e+12 +1.06860377e+27  1.07e+27   1.48e+08     1.73e+12   1368.067s
 447000 +6.85994180e+12 +1.06919384e+27  1.07e+27   1.48e+08     1.73e+12   1370.942s
 448000 +6.86084912e+12 +1.06978390e+27  1.07e+27   1.48e+08     1.73e+12   1373.817s
 449000 +6.86164952e+12 +1.07037394e+27  1.07e+27   1.48e+08     1.73e+12   1376.692s
 450000 +6.86244715e+12 +1.07096396e+27  1.07e+27   1.48e+08     1.73e+12   1379.567s
 451000 +6.86317582e+12 +1.07155398e+27  1.07e+27   1.48e+08     1.73e+12   1382.441s
 452000 +6.86375999e+12 +1.07214399e+27  1.07e+27   1.48e+08     1.73e+12   1385.316s
 453000 +6.86433249e+12 +1.07273401e+27  1.07e+27   1.48e+08     1.73e+12   1388.191s
 454000 +6.86485787e+12 +1.07332402e+27  1.07e+27   1.48e+08     1.73e+12   1391.065s
 455000 +6.86530497e+12 +1.07391403e+27  1.07e+27   1.48e+08     1.73e+12   1393.940s
 456000 +6.86567384e+12 +1.07450403e+27  1.07e+27   1.48e+08     1.73e+12   1396.814s
 457000 +6.86602402e+12 +1.07509403e+27  1.08e+27   1.48e+08     1.73e+12   1399.689s
 458000 +6.86637831e+12 +1.07568402e+27  1.08e+27   1.48e+08     1.73e+12   1402.564s
 459000 +6.86675233e+12 +1.07627401e+27  1.08e+27   1.48e+08     1.73e+12   1405.439s
 460000 +6.86713368e+12 +1.07686401e+27  1.08e+27   1.48e+08     1.73e+12   1408.314s
 461000 +6.86746762e+12 +1.07745401e+27  1.08e+27   1.48e+08     1.73e+12   1411.189s
 462000 +6.86788899e+12 +1.07804401e+27  1.08e+27   1.48e+08     1.73e+12   1414.063s
 463000 +6.86834444e+12 +1.07863401e+27  1.08e+27   1.48e+08     1.73e+12   1416.938s
 464000 +6.86878723e+12 +1.07922402e+27  1.08e+27   1.48e+08     1.73e+12   1419.813s
 465000 +6.86923608e+12 +1.07981402e+27  1.08e+27   1.48e+08     1.73e+12   1422.688s
 466000 +6.86965655e+12 +1.08040403e+27  1.08e+27   1.48e+08     1.73e+12   1425.563s
 467000 +6.87002533e+12 +1.08099404e+27  1.08e+27   1.48e+08     1.73e+12   1428.437s
 468000 +6.87037432e+12 +1.08158405e+27  1.08e+27   1.48e+08     1.73e+12   1431.312s
 469000 +6.87066824e+12 +1.08217406e+27  1.08e+27   1.48e+08     1.73e+12   1434.187s
 470000 +6.87101150e+12 +1.08276406e+27  1.08e+27   1.48e+08     1.73e+12   1437.062s
 471000 +6.87132511e+12 +1.08335407e+27  1.08e+27   1.48e+08     1.73e+12   1439.936s
 472000 +6.87159787e+12 +1.08394408e+27  1.08e+27   1.48e+08     1.73e+12   1442.811s
 473000 +6.87180650e+12 +1.08453409e+27  1.08e+27   1.48e+08     1.73e+12   1445.686s
 474000 +6.87197172e+12 +1.08512410e+27  1.09e+27   1.48e+08     1.73e+12   1448.561s
 475000 +6.87213747e+12 +1.08571411e+27  1.09e+27   1.48e+08     1.73e+12   1451.436s
 476000 +6.87233416e+12 +1.08630411e+27  1.09e+27   1.48e+08     1.73e+12   1454.311s
 477000 +6.87250471e+12 +1.08689412e+27  1.09e+27   1.48e+08     1.73e+12   1457.185s
 478000 +6.87271240e+12 +1.08748413e+27  1.09e+27   1.48e+08     1.73e+12   1460.060s
 479000 +6.87290445e+12 +1.08807413e+27  1.09e+27   1.48e+08     1.73e+12   1462.935s
 480000 +6.87310479e+12 +1.08866413e+27  1.09e+27   1.48e+08     1.73e+12   1465.810s
 481000 +6.87327756e+12 +1.08925414e+27  1.09e+27   1.48e+08     1.73e+12   1468.685s
 482000 +6.87341342e+12 +1.08984415e+27  1.09e+27   1.48e+08     1.73e+12   1471.560s
 483000 +6.87354176e+12 +1.09043416e+27  1.09e+27   1.48e+08     1.73e+12   1474.435s
 484000 +6.87369915e+12 +1.09102417e+27  1.09e+27   1.48e+08     1.73e+12   1477.309s
 485000 +6.87386427e+12 +1.09161418e+27  1.09e+27   1.48e+08     1.73e+12   1480.184s
 486000 +6.87403486e+12 +1.09220418e+27  1.09e+27   1.48e+08     1.73e+12   1483.059s
 487000 +6.87419766e+12 +1.09279419e+27  1.09e+27   1.48e+08     1.73e+12   1485.934s
 488000 +6.87436640e+12 +1.09338420e+27  1.09e+27   1.48e+08     1.73e+12   1488.808s
 489000 +6.87454706e+12 +1.09397421e+27  1.09e+27   1.48e+08     1.73e+12   1491.683s
 490000 +6.87468409e+12 +1.09456422e+27  1.09e+27   1.48e+08     1.73e+12   1494.558s
 491000 +6.87481495e+12 +1.09515422e+27  1.10e+27   1.48e+08     1.73e+12   1497.433s
 492000 +6.87495123e+12 +1.09574423e+27  1.10e+27   1.48e+08     1.73e+12   1500.314s
 493000 +6.87508129e+12 +1.09633423e+27  1.10e+27   1.48e+08     1.73e+12   1503.196s
 494000 +6.87520651e+12 +1.09692424e+27  1.10e+27   1.48e+08     1.73e+12   1506.071s
 495000 +6.87530528e+12 +1.09751424e+27  1.10e+27   1.48e+08     1.73e+12   1508.945s
 496000 +6.87538451e+12 +1.09810424e+27  1.10e+27   1.48e+08     1.73e+12   1511.820s
 497000 +6.87548037e+12 +1.09869425e+27  1.10e+27   1.48e+08     1.73e+12   1514.695s
 498000 +6.87556596e+12 +1.09928426e+27  1.10e+27   1.48e+08     1.73e+12   1517.570s
 499000 +6.87565483e+12 +1.09987426e+27  1.10e+27   1.48e+08     1.73e+12   1520.445s
 500000 +6.87572747e+12 +1.10046427e+27  1.10e+27   1.48e+08     1.73e+12   1523.320s
 501000 +6.87577178e+12 +1.10105427e+27  1.10e+27   1.48e+08     1.73e+12   1526.195s
 502000 +6.87579887e+12 +1.10164428e+27  1.10e+27   1.48e+08     1.73e+12   1529.070s
 503000 +6.87584426e+12 +1.10223429e+27  1.10e+27   1.48e+08     1.73e+12   1531.944s
 504000 +6.87592350e+12 +1.10282430e+27  1.10e+27   1.48e+08     1.73e+12   1534.819s
 505000 +6.87599656e+12 +1.10341431e+27  1.10e+27   1.48e+08     1.73e+12   1537.695s
 506000 +6.87606239e+12 +1.10400432e+27  1.10e+27   1.48e+08     1.73e+12   1540.580s
 507000 +6.87610691e+12 +1.10459432e+27  1.10e+27   1.48e+08     1.73e+12   1543.466s
 508000 +6.87615471e+12 +1.10518433e+27  1.11e+27   1.48e+08     1.73e+12   1546.354s
 509000 +6.87618760e+12 +1.10577433e+27  1.11e+27   1.48e+08     1.73e+12   1549.229s
 510000 +6.87621323e+12 +1.10636433e+27  1.11e+27   1.48e+08     1.73e+12   1552.105s
 511000 +6.87625174e+12 +1.10695433e+27  1.11e+27   1.48e+08     1.73e+12   1554.986s
 512000 +6.87630709e+12 +1.10754434e+27  1.11e+27   1.48e+08     1.73e+12   1557.861s
 513000 +6.87636375e+12 +1.10813434e+27  1.11e+27   1.48e+08     1.73e+12   1560.736s
 514000 +6.87640075e+12 +1.10872435e+27  1.11e+27   1.48e+08     1.73e+12   1563.611s
 515000 +6.87643797e+12 +1.10931435e+27  1.11e+27   1.48e+08     1.73e+12   1566.487s
 516000 +6.87647247e+12 +1.10990435e+27  1.11e+27   1.48e+08     1.73e+12   1569.374s
 517000 +6.87651963e+12 +1.11049436e+27  1.11e+27   1.48e+08     1.73e+12   1572.251s
 518000 +6.87657673e+12 +1.11108436e+27  1.11e+27   1.48e+08     1.73e+12   1575.126s
 519000 +6.87661117e+12 +1.11167437e+27  1.11e+27   1.48e+08     1.73e+12   1578.001s
 520000 +6.87664116e+12 +1.11226437e+27  1.11e+27   1.48e+08     1.73e+12   1580.876s
 521000 +6.87666613e+12 +1.11285438e+27  1.11e+27   1.48e+08     1.73e+12   1583.751s
 522000 +6.87668874e+12 +1.11344438e+27  1.11e+27   1.48e+08     1.73e+12   1586.626s
 523000 +6.87671438e+12 +1.11403439e+27  1.11e+27   1.48e+08     1.73e+12   1589.500s
 524000 +6.87679458e+12 +1.11462440e+27  1.11e+27   1.48e+08     1.73e+12   1592.375s
 525000 +6.87681709e+12 +1.11521440e+27  1.12e+27   1.48e+08     1.73e+12   1595.250s
 526000 +6.87681836e+12 +1.11580441e+27  1.12e+27   1.48e+08     1.73e+12   1598.125s
 527000 +6.87683599e+12 +1.11639441e+27  1.12e+27   1.48e+08     1.73e+12   1600.999s
 528000 +6.87686600e+12 +1.11698442e+27  1.12e+27   1.48e+08     1.73e+12   1603.874s
 529000 +6.87689599e+12 +1.11757443e+27  1.12e+27   1.48e+08     1.73e+12   1606.749s
 530000 +6.87690908e+12 +1.11816443e+27  1.12e+27   1.48e+08     1.73e+12   1609.624s
 531000 +6.87693636e+12 +1.11875443e+27  1.12e+27   1.48e+08     1.73e+12   1612.499s
 532000 +6.87695426e+12 +1.11934444e+27  1.12e+27   1.48e+08     1.73e+12   1615.374s
 533000 +6.87696858e+12 +1.11993444e+27  1.12e+27   1.48e+08     1.73e+12   1618.248s
 534000 +6.87697331e+12 +1.12052445e+27  1.12e+27   1.48e+08     1.73e+12   1621.123s
 535000 +6.87698848e+12 +1.12111445e+27  1.12e+27   1.48e+08     1.73e+12   1623.998s
 536000 +6.87702336e+12 +1.12170445e+27  1.12e+27   1.48e+08     1.73e+12   1626.873s
 537000 +6.87705375e+12 +1.12229445e+27  1.12e+27   1.48e+08     1.73e+12   1629.748s
 538000 +6.87706551e+12 +1.12288445e+27  1.12e+27   1.48e+08     1.73e+12   1632.623s
 539000 +6.87708100e+12 +1.12347446e+27  1.12e+27   1.48e+08     1.73e+12   1635.497s
 540000 +6.87709664e+12 +1.12406446e+27  1.12e+27   1.48e+08     1.73e+12   1638.372s
 541000 +6.87711134e+12 +1.12465447e+27  1.12e+27   1.48e+08     1.73e+12   1641.247s
 542000 +6.87712004e+12 +1.12524447e+27  1.13e+27   1.48e+08     1.73e+12   1644.122s
 543000 +6.87713099e+12 +1.12583448e+27  1.13e+27   1.48e+08     1.73e+12   1646.997s
 544000 +6.87713190e+12 +1.12642448e+27  1.13e+27   1.48e+08     1.73e+12   1649.872s
 545000 +6.87714072e+12 +1.12701448e+27  1.13e+27   1.48e+08     1.73e+12   1652.747s
 546000 +6.87714810e+12 +1.12760449e+27  1.13e+27   1.48e+08     1.73e+12   1655.622s
 547000 +6.87714743e+12 +1.12819449e+27  1.13e+27   1.48e+08     1.73e+12   1658.497s
 548000 +6.87714371e+12 +1.12878449e+27  1.13e+27   1.48e+08     1.73e+12   1661.372s
 549000 +6.87715880e+12 +1.12937450e+27  1.13e+27   1.48e+08     1.73e+12   1664.246s
 550000 +6.87715170e+12 +1.12996450e+27  1.13e+27   1.48e+08     1.73e+12   1667.121s
 551000 +6.87714114e+12 +1.13055450e+27  1.13e+27   1.48e+08     1.73e+12   1669.996s
 552000 +6.87713216e+12 +1.13114451e+27  1.13e+27   1.48e+08     1.73e+12   1672.871s
 553000 +6.87711782e+12 +1.13173451e+27  1.13e+27   1.48e+08     1.73e+12   1675.746s
 554000 +6.87710460e+12 +1.13232451e+27  1.13e+27   1.48e+08     1.73e+12   1678.621s
 555000 +6.87707722e+12 +1.13291451e+27  1.13e+27   1.48e+08     1.73e+12   1681.495s
 556000 +6.87705195e+12 +1.13350452e+27  1.13e+27   1.48e+08     1.73e+12   1684.370s
 557000 +6.87702625e+12 +1.13409452e+27  1.13e+27   1.48e+08     1.73e+12   1687.245s
 558000 +6.87701232e+12 +1.13468452e+27  1.13e+27   1.48e+08     1.73e+12   1690.120s
 559000 +6.87699481e+12 +1.13527453e+27  1.14e+27   1.48e+08     1.73e+12   1692.995s
 560000 +6.87698443e+12 +1.13586453e+27  1.14e+27   1.48e+08     1.73e+12   1695.870s
 561000 +6.87697250e+12 +1.13645453e+27  1.14e+27   1.48e+08     1.73e+12   1698.744s
 562000 +6.87694989e+12 +1.13704454e+27  1.14e+27   1.48e+08     1.73e+12   1701.619s
 563000 +6.87692707e+12 +1.13763454e+27  1.14e+27   1.48e+08     1.73e+12   1704.494s
 564000 +6.87689601e+12 +1.13822454e+27  1.14e+27   1.48e+08     1.73e+12   1707.369s
 565000 +6.87686787e+12 +1.13881455e+27  1.14e+27   1.48e+08     1.73e+12   1710.244s
 566000 +6.87685088e+12 +1.13940455e+27  1.14e+27   1.48e+08     1.73e+12   1713.119s
 567000 +6.87684172e+12 +1.13999455e+27  1.14e+27   1.48e+08     1.73e+12   1715.994s
 568000 +6.87684453e+12 +1.14058455e+27  1.14e+27   1.48e+08     1.73e+12   1718.868s
 569000 +6.87684870e+12 +1.14117456e+27  1.14e+27   1.48e+08     1.73e+12   1721.742s
 570000 +6.87688830e+12 +1.14176456e+27  1.14e+27   1.48e+08     1.73e+12   1724.617s
 571000 +6.87687526e+12 +1.14235456e+27  1.14e+27   1.48e+08     1.73e+12   1727.491s
 572000 +6.87686788e+12 +1.14294456e+27  1.14e+27   1.48e+08     1.73e+12   1730.366s
 573000 +6.87687177e+12 +1.14353456e+27  1.14e+27   1.48e+08     1.73e+12   1733.241s
 574000 +6.87685123e+12 +1.14412457e+27  1.14e+27   1.48e+08     1.73e+12   1736.115s
 575000 +6.87682655e+12 +1.14471457e+27  1.14e+27   1.48e+08     1.73e+12   1738.990s
 576000 +6.87680286e+12 +1.14530457e+27  1.15e+27   1.48e+08     1.73e+12   1741.865s
 577000 +6.87677979e+12 +1.14589457e+27  1.15e+27   1.48e+08     1.73e+12   1744.740s
 578000 +6.87675510e+12 +1.14648457e+27  1.15e+27   1.48e+08     1.73e+12   1747.614s
 579000 +6.87672640e+12 +1.14707457e+27  1.15e+27   1.48e+08     1.73e+12   1750.489s
 580000 +6.87669856e+12 +1.14766458e+27  1.15e+27   1.48e+08     1.73e+12   1753.364s
 581000 +6.87667223e+12 +1.14825458e+27  1.15e+27   1.48e+08     1.73e+12   1756.239s
 582000 +6.87663902e+12 +1.14884458e+27  1.15e+27   1.48e+08     1.73e+12   1759.114s
 583000 +6.87660292e+12 +1.14943458e+27  1.15e+27   1.48e+08     1.73e+12   1761.988s
 584000 +6.87657270e+12 +1.15002459e+27  1.15e+27   1.48e+08     1.73e+12   1764.864s
 585000 +6.87654035e+12 +1.15061459e+27  1.15e+27   1.48e+08     1.73e+12   1767.738s
 586000 +6.87650600e+12 +1.15120459e+27  1.15e+27   1.48e+08     1.73e+12   1770.613s
 587000 +6.87648061e+12 +1.15179460e+27  1.15e+27   1.48e+08     1.73e+12   1773.488s
 588000 +6.87645046e+12 +1.15238460e+27  1.15e+27   1.48e+08     1.73e+12   1776.362s
 589000 +6.87641274e+12 +1.15297460e+27  1.15e+27   1.48e+08     1.73e+12   1779.237s
 590000 +6.87639246e+12 +1.15356460e+27  1.15e+27   1.48e+08     1.73e+12   1782.112s
 591000 +6.87637625e+12 +1.15415461e+27  1.15e+27   1.48e+08     1.73e+12   1784.987s
 592000 +6.87637352e+12 +1.15474461e+27  1.15e+27   1.48e+08     1.73e+12   1787.862s
 593000 +6.87643425e+12 +1.15533461e+27  1.16e+27   1.48e+08     1.73e+12   1790.737s
 594000 +6.87642980e+12 +1.15592461e+27  1.16e+27   1.48e+08     1.73e+12   1793.612s
 595000 +6.87641337e+12 +1.15651461e+27  1.16e+27   1.48e+08     1.73e+12   1796.486s
 596000 +6.87639167e+12 +1.15710461e+27  1.16e+27   1.48e+08     1.73e+12   1799.361s
 597000 +6.87636978e+12 +1.15769462e+27  1.16e+27   1.48e+08     1.73e+12   1802.235s
 598000 +6.87634459e+12 +1.15828462e+27  1.16e+27   1.48e+08     1.73e+12   1805.110s
 599000 +6.87631701e+12 +1.15887462e+27  1.16e+27   1.48e+08     1.73e+12   1807.985s
 600000 +6.87630678e+12 +1.15946462e+27  1.16e+27   1.48e+08     1.73e+12   1810.860s
 601000 +6.87630094e+12 +1.16005462e+27  1.16e+27   1.48e+08     1.73e+12   1813.734s
 602000 +6.87629972e+12 +1.16064462e+27  1.16e+27   1.48e+08     1.73e+12   1816.609s
 603000 +6.87629885e+12 +1.16123462e+27  1.16e+27   1.48e+08     1.73e+12   1819.483s
 604000 +6.87629645e+12 +1.16182462e+27  1.16e+27   1.48e+08     1.73e+12   1822.358s
 605000 +6.87629195e+12 +1.16241462e+27  1.16e+27   1.48e+08     1.73e+12   1825.233s
 606000 +6.87628117e+12 +1.16300462e+27  1.16e+27   1.48e+08     1.73e+12   1828.107s
 607000 +6.87627510e+12 +1.16359462e+27  1.16e+27   1.48e+08     1.73e+12   1830.982s
 608000 +6.87626517e+12 +1.16418463e+27  1.16e+27   1.48e+08     1.73e+12   1833.856s
 609000 +6.87624840e+12 +1.16477463e+27  1.16e+27   1.48e+08     1.73e+12   1836.731s
 610000 +6.87622941e+12 +1.16536463e+27  1.17e+27   1.48e+08     1.73e+12   1839.605s
 611000 +6.87621865e+12 +1.16595463e+27  1.17e+27   1.48e+08     1.73e+12   1842.479s
 612000 +6.87620485e+12 +1.16654464e+27  1.17e+27   1.48e+08     1.73e+12   1845.353s
 613000 +6.87618474e+12 +1.16713464e+27  1.17e+27   1.48e+08     1.73e+12   1848.228s
 614000 +6.87617116e+12 +1.16772464e+27  1.17e+27   1.48e+08     1.73e+12   1851.102s
 615000 +6.87616796e+12 +1.16831465e+27  1.17e+27   1.48e+08     1.73e+12   1853.977s
 616000 +6.87616191e+12 +1.16890465e+27  1.17e+27   1.48e+08     1.73e+12   1856.851s
 617000 +6.87614611e+12 +1.16949465e+27  1.17e+27   1.48e+08     1.73e+12   1859.726s
 618000 +6.87613017e+12 +1.17008465e+27  1.17e+27   1.48e+08     1.73e+12   1862.600s
 619000 +6.87610757e+12 +1.17067465e+27  1.17e+27   1.48e+08     1.73e+12   1865.483s
 620000 +6.87608695e+12 +1.17126466e+27  1.17e+27   1.48e+08     1.73e+12   1868.372s
 621000 +6.87606916e+12 +1.17185466e+27  1.17e+27   1.48e+08     1.73e+12   1871.257s
 622000 +6.87604591e+12 +1.17244466e+27  1.17e+27   1.48e+08     1.73e+12   1874.146s
 623000 +6.87601833e+12 +1.17303466e+27  1.17e+27   1.48e+08     1.73e+12   1877.031s
 624000 +6.87598457e+12 +1.17362466e+27  1.17e+27   1.48e+08     1.73e+12   1879.918s
 625000 +6.87595740e+12 +1.17421466e+27  1.17e+27   1.48e+08     1.73e+12   1882.803s
 626000 +6.87592652e+12 +1.17480466e+27  1.17e+27   1.48e+08     1.73e+12   1885.690s
 627000 +6.87589330e+12 +1.17539466e+27  1.18e+27   1.48e+08     1.73e+12   1888.575s
 628000 +6.87586752e+12 +1.17598466e+27  1.18e+27   1.48e+08     1.73e+12   1891.460s
 629000 +6.87584602e+12 +1.17657466e+27  1.18e+27   1.48e+08     1.73e+12   1894.343s
 630000 +6.87582326e+12 +1.17716466e+27  1.18e+27   1.48e+08     1.73e+12   1897.229s
 631000 +6.87580415e+12 +1.17775466e+27  1.18e+27   1.48e+08     1.73e+12   1900.116s
 632000 +6.87579151e+12 +1.17834466e+27  1.18e+27   1.48e+08     1.73e+12   1903.001s
 633000 +6.87577831e+12 +1.17893466e+27  1.18e+27   1.48e+08     1.73e+12   1905.885s
 634000 +6.87577242e+12 +1.17952466e+27  1.18e+27   1.48e+08     1.73e+12   1908.773s
 635000 +6.87576506e+12 +1.18011466e+27  1.18e+27   1.48e+08     1.73e+12   1911.654s
 636000 +6.87576882e+12 +1.18070466e+27  1.18e+27   1.48e+08     1.73e+12   1914.531s
 637000 +6.87577185e+12 +1.18129467e+27  1.18e+27   1.48e+08     1.73e+12   1917.406s
 638000 +6.87577787e+12 +1.18188467e+27  1.18e+27   1.48e+08     1.73e+12   1920.281s
 639000 +6.87576530e+12 +1.18247467e+27  1.18e+27   1.48e+08     1.73e+12   1923.155s
 640000 +6.87576020e+12 +1.18306467e+27  1.18e+27   1.48e+08     1.73e+12   1926.030s
 641000 +6.87574726e+12 +1.18365468e+27  1.18e+27   1.48e+08     1.73e+12   1928.905s
 642000 +6.87572390e+12 +1.18424468e+27  1.18e+27   1.48e+08     1.73e+12   1931.779s
 643000 +6.87569319e+12 +1.18483468e+27  1.18e+27   1.48e+08     1.73e+12   1934.654s
 644000 +6.87566910e+12 +1.18542469e+27  1.19e+27   1.48e+08     1.73e+12   1937.529s
 645000 +6.87565206e+12 +1.18601469e+27  1.19e+27   1.48e+08     1.73e+12   1940.403s
 646000 +6.87563091e+12 +1.18660469e+27  1.19e+27   1.48e+08     1.73e+12   1943.278s
 647000 +6.87560804e+12 +1.18719469e+27  1.19e+27   1.48e+08     1.73e+12   1946.152s
 648000 +6.87557946e+12 +1.18778469e+27  1.19e+27   1.48e+08     1.73e+12   1949.027s
 649000 +6.87556080e+12 +1.18837469e+27  1.19e+27   1.48e+08     1.73e+12   1951.902s
 650000 +6.87555983e+12 +1.18896468e+27  1.19e+27   1.48e+08     1.73e+12   1954.776s
 651000 +6.87556070e+12 +1.18955468e+27  1.19e+27   1.48e+08     1.73e+12   1957.651s
 652000 +6.87555921e+12 +1.19014468e+27  1.19e+27   1.48e+08     1.73e+12   1960.525s
 653000 +6.87555207e+12 +1.19073468e+27  1.19e+27   1.48e+08     1.73e+12   1963.400s
 654000 +6.87554833e+12 +1.19132468e+27  1.19e+27   1.48e+08     1.73e+12   1966.275s
 655000 +6.87554988e+12 +1.19191467e+27  1.19e+27   1.48e+08     1.73e+12   1969.150s
 656000 +6.87555378e+12 +1.19250467e+27  1.19e+27   1.48e+08     1.73e+12   1972.025s
 657000 +6.87553953e+12 +1.19309467e+27  1.19e+27   1.48e+08     1.73e+12   1974.899s
 658000 +6.87557695e+12 +1.19368467e+27  1.19e+27   1.48e+08     1.73e+12   1977.774s
 659000 +6.87560924e+12 +1.19427467e+27  1.19e+27   1.48e+08     1.73e+12   1980.648s
 660000 +6.87563821e+12 +1.19486467e+27  1.19e+27   1.48e+08     1.73e+12   1983.523s
 661000 +6.87565508e+12 +1.19545467e+27  1.20e+27   1.48e+08     1.73e+12   1986.397s
 662000 +6.87568537e+12 +1.19604467e+27  1.20e+27   1.48e+08     1.73e+12   1989.272s
 663000 +6.87571967e+12 +1.19663467e+27  1.20e+27   1.48e+08     1.73e+12   1992.146s
 664000 +6.87575304e+12 +1.19722468e+27  1.20e+27   1.48e+08     1.73e+12   1995.021s
 665000 +6.87576971e+12 +1.19781468e+27  1.20e+27   1.48e+08     1.73e+12   1997.895s
 666000 +6.87578098e+12 +1.19840468e+27  1.20e+27   1.48e+08     1.73e+12   2000.770s
 667000 +6.87579746e+12 +1.19899468e+27  1.20e+27   1.48e+08     1.73e+12   2003.644s
 668000 +6.87581872e+12 +1.19958469e+27  1.20e+27   1.48e+08     1.73e+12   2006.519s
 669000 +6.87583069e+12 +1.20017469e+27  1.20e+27   1.48e+08     1.73e+12   2009.393s
 670000 +6.87581048e+12 +1.20076469e+27  1.20e+27   1.48e+08     1.73e+12   2012.268s
 671000 +6.87579705e+12 +1.20135469e+27  1.20e+27   1.48e+08     1.73e+12   2015.143s
 672000 +6.87578893e+12 +1.20194469e+27  1.20e+27   1.48e+08     1.73e+12   2018.017s
 673000 +6.87577869e+12 +1.20253469e+27  1.20e+27   1.48e+08     1.73e+12   2020.892s
 674000 +6.87576116e+12 +1.20312469e+27  1.20e+27   1.48e+08     1.73e+12   2023.767s
 675000 +6.87575443e+12 +1.20371469e+27  1.20e+27   1.48e+08     1.73e+12   2026.642s
 676000 +6.87576136e+12 +1.20430470e+27  1.20e+27   1.48e+08     1.73e+12   2029.516s
 677000 +6.87575724e+12 +1.20489470e+27  1.20e+27   1.48e+08     1.73e+12   2032.391s
 678000 +6.87574232e+12 +1.20548470e+27  1.21e+27   1.48e+08     1.73e+12   2035.265s
 679000 +6.87572748e+12 +1.20607470e+27  1.21e+27   1.48e+08     1.73e+12   2038.140s
 680000 +6.87571378e+12 +1.20666470e+27  1.21e+27   1.48e+08     1.73e+12   2041.014s
 681000 +6.87569653e+12 +1.20725469e+27  1.21e+27   1.48e+08     1.73e+12   2043.889s
 682000 +6.87567716e+12 +1.20784469e+27  1.21e+27   1.48e+08     1.73e+12   2046.764s
 683000 +6.87565821e+12 +1.20843469e+27  1.21e+27   1.48e+08     1.73e+12   2049.638s
 684000 +6.87564492e+12 +1.20902469e+27  1.21e+27   1.48e+08     1.73e+12   2052.513s
 685000 +6.87564400e+12 +1.20961469e+27  1.21e+27   1.48e+08     1.73e+12   2055.388s
 686000 +6.87564572e+12 +1.21020469e+27  1.21e+27   1.48e+08     1.73e+12   2058.262s
 687000 +6.87563947e+12 +1.21079469e+27  1.21e+27   1.48e+08     1.73e+12   2061.137s
 688000 +6.87563497e+12 +1.21138469e+27  1.21e+27   1.48e+08     1.73e+12   2064.012s
 689000 +6.87563769e+12 +1.21197469e+27  1.21e+27   1.48e+08     1.73e+12   2066.886s
 690000 +6.62451817e+12 +1.21209195e+27  1.21e+27   2.32e+08     1.87e+07   2069.765s
 691000 +6.49602022e+12 +1.21209195e+27  1.21e+27   2.02e+08     1.34e+07   2072.634s
 692000 +6.45598755e+12 +1.21209196e+27  1.21e+27   1.80e+08     3.09e+07   2075.506s
 693000 +6.42090938e+12 +1.21209196e+27  1.21e+27   1.72e+08     2.70e+07   2078.375s
 694000 +6.38695163e+12 +1.21209196e+27  1.21e+27   1.68e+08     2.45e+07   2081.244s
 695000 +6.35455315e+12 +1.21209197e+27  1.21e+27   1.65e+08     2.26e+07   2084.114s
 696000 +6.32157488e+12 +1.21209197e+27  1.21e+27   1.64e+08     2.14e+07   2086.982s
 697000 +6.29088026e+12 +1.21209197e+27  1.21e+27   1.62e+08     2.04e+07   2089.851s
 698000 +6.25939655e+12 +1.21209197e+27  1.21e+27   1.61e+08     1.96e+07   2092.720s
 699000 +6.22898273e+12 +1.21209198e+27  1.21e+27   1.60e+08     1.89e+07   2095.588s
 700000 +6.19709671e+12 +1.21209198e+27  1.21e+27   1.59e+08     1.83e+07   2098.457s
 701000 +6.16372454e+12 +1.21209198e+27  1.21e+27   1.59e+08     1.79e+07   2101.325s
 702000 +6.13277880e+12 +1.21209198e+27  1.21e+27   1.59e+08     1.75e+07   2104.194s
 703000 +6.10411269e+12 +1.21209199e+27  1.21e+27   1.58e+08     1.72e+07   2107.062s
 704000 +6.07643971e+12 +1.21209199e+27  1.21e+27   1.58e+08     1.68e+07   2109.931s
 705000 +6.04886279e+12 +1.21209199e+27  1.21e+27   1.57e+08     1.65e+07   2112.800s
 706000 +6.02212776e+12 +1.21209199e+27  1.21e+27   1.57e+08     1.62e+07   2115.668s
 707000 +5.99680780e+12 +1.21209200e+27  1.21e+27   1.57e+08     1.61e+07   2118.537s
 708000 +5.97225217e+12 +1.21209200e+27  1.21e+27   1.56e+08     1.59e+07   2121.406s
 709000 +5.94811373e+12 +1.21209200e+27  1.21e+27   1.56e+08     1.56e+07   2124.275s
 710000 +5.92351953e+12 +1.21209200e+27  1.21e+27   1.56e+08     1.54e+07   2127.143s
 711000 +5.89974576e+12 +1.21209201e+27  1.21e+27   1.56e+08     1.52e+07   2130.012s
 712000 +5.87605599e+12 +1.21209201e+27  1.21e+27   1.56e+08     1.51e+07   2132.880s
 713000 +5.85342427e+12 +1.21209201e+27  1.21e+27   1.55e+08     1.50e+07   2135.749s
 714000 +5.83113243e+12 +1.21209201e+27  1.21e+27   1.55e+08     1.48e+07   2138.618s
 715000 +5.80887413e+12 +1.21209202e+27  1.21e+27   1.55e+08     1.47e+07   2141.486s
 716000 +5.78830075e+12 +1.21209202e+27  1.21e+27   1.55e+08     1.46e+07   2144.354s
 717000 +5.76795874e+12 +1.21209202e+27  1.21e+27   1.55e+08     1.44e+07   2147.223s
 718000 +5.74769435e+12 +1.21209202e+27  1.21e+27   1.55e+08     1.43e+07   2150.091s
 719000 +5.72817992e+12 +1.21209202e+27  1.21e+27   1.54e+08     1.42e+07   2152.960s
 720000 +5.70912464e+12 +1.21209203e+27  1.21e+27   1.54e+08     1.41e+07   2155.828s
 721000 +5.69020171e+12 +1.21209203e+27  1.21e+27   1.54e+08     1.40e+07   2158.697s
 722000 +5.67150201e+12 +1.21209203e+27  1.21e+27   1.54e+08     1.39e+07   2161.565s
 723000 +5.65253473e+12 +1.21209203e+27  1.21e+27   1.54e+08     1.38e+07   2164.434s
 724000 +5.63372244e+12 +1.21209204e+27  1.21e+27   1.54e+08     1.37e+07   2167.302s
 725000 +5.61541487e+12 +1.21209204e+27  1.21e+27   1.54e+08     1.36e+07   2170.170s
 726000 +5.59769983e+12 +1.21209204e+27  1.21e+27   1.54e+08     1.35e+07   2173.039s
 727000 +5.57982800e+12 +1.21209204e+27  1.21e+27   1.54e+08     1.35e+07   2175.907s
 728000 +5.56241497e+12 +1.21209204e+27  1.21e+27   1.53e+08     1.34e+07   2178.776s
 729000 +5.54484163e+12 +1.21209205e+27  1.21e+27   1.53e+08     1.33e+07   2181.644s
 730000 +5.52762072e+12 +1.21209205e+27  1.21e+27   1.53e+08     1.32e+07   2184.513s
 731000 +5.51069042e+12 +1.21209205e+27  1.21e+27   1.53e+08     1.31e+07   2187.381s
 732000 +5.49449445e+12 +1.21209205e+27  1.21e+27   1.53e+08     1.31e+07   2190.249s
 733000 +5.47779479e+12 +1.21209206e+27  1.21e+27   1.53e+08     1.30e+07   2193.118s
 734000 +5.46151963e+12 +1.21209206e+27  1.21e+27   1.53e+08     1.29e+07   2195.986s
 735000 +5.44516437e+12 +1.21209206e+27  1.21e+27   1.53e+08     1.29e+07   2198.854s
 736000 +5.42887933e+12 +1.21209206e+27  1.21e+27   1.53e+08     1.29e+07   2201.722s
 737000 +5.41301162e+12 +1.21209206e+27  1.21e+27   1.53e+08     1.28e+07   2204.591s
 738000 +5.39695387e+12 +1.21209207e+27  1.21e+27   1.53e+08     1.27e+07   2207.459s
 739000 +5.38111563e+12 +1.21209207e+27  1.21e+27   1.53e+08     1.27e+07   2210.327s
 740000 +5.36593999e+12 +1.21209207e+27  1.21e+27   1.53e+08     1.27e+07   2213.195s
 741000 +5.35071770e+12 +1.21209207e+27  1.21e+27   1.53e+08     1.26e+07   2216.063s
 742000 +5.33517462e+12 +1.21209208e+27  1.21e+27   1.53e+08     1.25e+07   2218.932s
 743000 +5.31908407e+12 +1.21209208e+27  1.21e+27   1.52e+08     1.25e+07   2221.800s
 744000 +5.30355859e+12 +1.21209208e+27  1.21e+27   1.52e+08     1.24e+07   2224.668s
 745000 +5.28850173e+12 +1.21209208e+27  1.21e+27   1.52e+08     1.24e+07   2227.537s
 746000 +5.27342761e+12 +1.21209208e+27  1.21e+27   1.52e+08     1.23e+07   2230.405s
 747000 +5.25881554e+12 +1.21209209e+27  1.21e+27   1.52e+08     1.23e+07   2233.274s
 748000 +5.24418252e+12 +1.21209209e+27  1.21e+27   1.52e+08     1.22e+07   2236.142s
 749000 +5.24418671e+12 +1.21209214e+27  1.21e+27   1.52e+08     6.71e+08   2239.014s
 750000 +5.25319796e+12 +1.21209227e+27  1.21e+27   1.50e+08     6.38e+08   2241.883s
 751000 +5.25016568e+12 +1.21209240e+27  1.21e+27   1.50e+08     5.93e+08   2244.752s
 752000 +5.24219161e+12 +1.21209253e+27  1.21e+27   1.49e+08     5.57e+08   2247.621s
 753000 +5.23100455e+12 +1.21209266e+27  1.21e+27   1.49e+08     5.31e+08   2250.489s
 754000 +5.21898250e+12 +1.21209278e+27  1.21e+27   1.49e+08     5.10e+08   2253.358s
 755000 +5.20697843e+12 +1.21209291e+27  1.21e+27   1.49e+08     4.90e+08   2256.227s
 756000 +5.19755788e+12 +1.21209303e+27  1.21e+27   1.49e+08     4.78e+08   2259.096s
 757000 +5.19050589e+12 +1.21209316e+27  1.21e+27   1.49e+08     4.67e+08   2261.964s
 758000 +5.18508044e+12 +1.21209328e+27  1.21e+27   1.49e+08     4.58e+08   2264.833s
 759000 +5.18104284e+12 +1.21209341e+27  1.21e+27   1.49e+08     4.52e+08   2267.702s
 760000 +5.17731026e+12 +1.21209353e+27  1.21e+27   1.49e+08     4.46e+08   2270.571s
 761000 +5.17478829e+12 +1.21209366e+27  1.21e+27   1.49e+08     4.42e+08   2273.439s
 762000 +5.17221970e+12 +1.21209378e+27  1.21e+27   1.49e+08     4.38e+08   2276.308s
 763000 +5.16984028e+12 +1.21209391e+27  1.21e+27   1.49e+08     4.34e+08   2279.176s
 764000 +5.16776998e+12 +1.21209403e+27  1.21e+27   1.49e+08     4.31e+08   2282.045s
 765000 +5.16582906e+12 +1.21209416e+27  1.21e+27   1.49e+08     4.28e+08   2284.913s
 766000 +5.16454095e+12 +1.21209428e+27  1.21e+27   1.49e+08     4.26e+08   2287.782s
 767000 +5.16313929e+12 +1.21209440e+27  1.21e+27   1.49e+08     4.24e+08   2290.651s
 768000 +5.16201375e+12 +1.21209453e+27  1.21e+27   1.49e+08     4.22e+08   2293.520s
 769000 +5.16104290e+12 +1.21209465e+27  1.21e+27   1.48e+08     4.20e+08   2296.388s
 770000 +5.15981417e+12 +1.21209478e+27  1.21e+27   1.48e+08     4.18e+08   2299.258s
 771000 +5.15844921e+12 +1.21209490e+27  1.21e+27   1.48e+08     4.16e+08   2302.126s
 772000 +5.15728857e+12 +1.21209503e+27  1.21e+27   1.48e+08     4.15e+08   2304.995s
 773000 +5.15531088e+12 +1.21209515e+27  1.21e+27   1.48e+08     4.13e+08   2307.863s
 774000 +5.15345834e+12 +1.21209528e+27  1.21e+27   1.48e+08     4.12e+08   2310.732s
 775000 +5.15166988e+12 +1.21209540e+27  1.21e+27   1.48e+08     4.10e+08   2313.601s
 776000 +5.15026315e+12 +1.21209552e+27  1.21e+27   1.48e+08     4.09e+08   2316.469s
 777000 +5.14892999e+12 +1.21209565e+27  1.21e+27   1.48e+08     4.08e+08   2319.338s
 778000 +5.14752924e+12 +1.21209577e+27  1.21e+27   1.48e+08     4.07e+08   2322.207s
 779000 +5.14561188e+12 +1.21209590e+27  1.21e+27   1.48e+08     4.06e+08   2325.075s
 780000 +5.14367468e+12 +1.21209602e+27  1.21e+27   1.48e+08     4.04e+08   2327.944s
 781000 +5.14144814e+12 +1.21209614e+27  1.21e+27   1.48e+08     4.04e+08   2330.812s
 782000 +5.13996326e+12 +1.21209627e+27  1.21e+27   1.48e+08     4.02e+08   2333.681s
 783000 +5.13825053e+12 +1.21209639e+27  1.21e+27   1.48e+08     4.02e+08   2336.554s
 784000 +5.13648206e+12 +1.21209652e+27  1.21e+27   1.48e+08     4.01e+08   2339.431s
 785000 +5.13469913e+12 +1.21209664e+27  1.21e+27   1.48e+08     4.00e+08   2342.308s
 786000 +5.13245565e+12 +1.21209676e+27  1.21e+27   1.48e+08     3.99e+08   2345.185s
 787000 +5.13027331e+12 +1.21209689e+27  1.21e+27   1.48e+08     3.99e+08   2348.060s
 788000 +5.12847154e+12 +1.21209701e+27  1.21e+27   1.48e+08     3.98e+08   2350.936s
 789000 +5.12712559e+12 +1.21209713e+27  1.21e+27   1.48e+08     3.97e+08   2353.810s
 790000 +5.12559446e+12 +1.21209726e+27  1.21e+27   1.48e+08     3.97e+08   2356.687s
 791000 +5.12436187e+12 +1.21209738e+27  1.21e+27   1.48e+08     3.96e+08   2359.563s
 792000 +5.12315988e+12 +1.21209751e+27  1.21e+27   1.48e+08     3.96e+08   2362.444s
 793000 +5.12207888e+12 +1.21209763e+27  1.21e+27   1.48e+08     3.95e+08   2365.324s
 794000 +5.12115429e+12 +1.21209775e+27  1.21e+27   1.48e+08     3.94e+08   2368.206s
 795000 +5.12003463e+12 +1.21209788e+27  1.21e+27   1.48e+08     3.94e+08   2371.086s
 796000 +5.11857109e+12 +1.21209800e+27  1.21e+27   1.48e+08     3.94e+08   2373.966s
 797000 +5.11774469e+12 +1.21209812e+27  1.21e+27   1.48e+08     3.93e+08   2376.845s
 798000 +5.11692259e+12 +1.21209825e+27  1.21e+27   1.48e+08     3.93e+08   2379.725s
 799000 +5.11593046e+12 +1.21209837e+27  1.21e+27   1.48e+08     3.92e+08   2382.599s
 800000 +5.11517966e+12 +1.21209850e+27  1.21e+27   1.48e+08     3.92e+08   2385.476s
 801000 +5.11449156e+12 +1.21209862e+27  1.21e+27   1.48e+08     3.92e+08   2388.352s
 802000 +5.11389415e+12 +1.21209874e+27  1.21e+27   1.48e+08     3.91e+08   2391.227s
 803000 +5.11321108e+12 +1.21209887e+27  1.21e+27   1.48e+08     3.91e+08   2394.106s
 804000 +5.11283762e+12 +1.21209899e+27  1.21e+27   1.48e+08     3.91e+08   2396.987s
 805000 +5.11218905e+12 +1.21209911e+27  1.21e+27   1.48e+08     3.90e+08   2399.862s
 806000 +5.11123062e+12 +1.21209924e+27  1.21e+27   1.48e+08     3.90e+08   2402.740s
 807000 +5.11067680e+12 +1.21209936e+27  1.21e+27   1.48e+08     3.89e+08   2405.614s
 808000 +5.11001871e+12 +1.21209948e+27  1.21e+27   1.48e+08     3.89e+08   2408.491s
 809000 +5.10946876e+12 +1.21209961e+27  1.21e+27   1.48e+08     3.88e+08   2411.367s
 810000 +5.10882290e+12 +1.21209973e+27  1.21e+27   1.48e+08     3.88e+08   2414.249s
 811000 +5.10823967e+12 +1.21209985e+27  1.21e+27   1.48e+08     3.88e+08   2417.127s
 812000 +5.10780965e+12 +1.21209998e+27  1.21e+27   1.48e+08     3.88e+08   2420.007s
 813000 +5.10714424e+12 +1.21210010e+27  1.21e+27   1.48e+08     3.87e+08   2422.886s
 814000 +5.10644565e+12 +1.21210022e+27  1.21e+27   1.48e+08     3.87e+08   2425.763s
 815000 +5.10592896e+12 +1.21210035e+27  1.21e+27   1.48e+08     3.87e+08   2428.643s
 816000 +5.10550141e+12 +1.21210047e+27  1.21e+27   1.48e+08     3.86e+08   2431.520s
 817000 +5.10508467e+12 +1.21210059e+27  1.21e+27   1.48e+08     3.86e+08   2434.394s
 818000 +5.10438442e+12 +1.21210072e+27  1.21e+27   1.48e+08     3.86e+08   2437.272s
 819000 +5.10404545e+12 +1.21210084e+27  1.21e+27   1.48e+08     3.86e+08   2440.145s
 820000 +5.10376985e+12 +1.21210096e+27  1.21e+27   1.48e+08     3.85e+08   2443.020s
 821000 +5.10349557e+12 +1.21210109e+27  1.21e+27   1.48e+08     3.85e+08   2445.898s
 822000 +5.10341811e+12 +1.21210121e+27  1.21e+27   1.48e+08     3.85e+08   2448.769s
 823000 +5.10359008e+12 +1.21210133e+27  1.21e+27   1.48e+08     3.84e+08   2451.637s
 824000 +5.10304860e+12 +1.21210146e+27  1.21e+27   1.48e+08     3.84e+08   2454.505s
 825000 +5.10262501e+12 +1.21210158e+27  1.21e+27   1.48e+08     3.84e+08   2457.373s
 826000 +5.10230025e+12 +1.21210170e+27  1.21e+27   1.48e+08     3.84e+08   2460.242s
 827000 +5.10236068e+12 +1.21210183e+27  1.21e+27   1.48e+08     3.84e+08   2463.111s
 828000 +5.10215006e+12 +1.21210195e+27  1.21e+27   1.48e+08     3.83e+08   2465.979s
 829000 +5.10187038e+12 +1.21210207e+27  1.21e+27   1.48e+08     3.83e+08   2468.848s
 830000 +5.10143529e+12 +1.21210220e+27  1.21e+27   1.48e+08     3.83e+08   2471.716s
 831000 +5.10118938e+12 +1.21210232e+27  1.21e+27   1.48e+08     3.83e+08   2474.584s
 832000 +5.10126026e+12 +1.21210244e+27  1.21e+27   1.48e+08     3.82e+08   2477.453s
 833000 +5.10126864e+12 +1.21210257e+27  1.21e+27   1.48e+08     3.82e+08   2480.321s
 834000 +5.10097147e+12 +1.21210269e+27  1.21e+27   1.48e+08     3.82e+08   2483.189s
 835000 +5.10065926e+12 +1.21210281e+27  1.21e+27   1.48e+08     3.81e+08   2486.058s
 836000 +5.10037156e+12 +1.21210294e+27  1.21e+27   1.48e+08     3.80e+08   2488.926s
 837000 +5.10018930e+12 +1.21210306e+27  1.21e+27   1.48e+08     3.80e+08   2491.794s
 838000 +5.09984710e+12 +1.21210318e+27  1.21e+27   1.48e+08     3.80e+08   2494.663s
 839000 +5.09955204e+12 +1.21210331e+27  1.21e+27   1.48e+08     3.81e+08   2497.532s
 840000 +5.09923996e+12 +1.21210343e+27  1.21e+27   1.48e+08     3.81e+08   2500.400s
 841000 +5.09871337e+12 +1.21210355e+27  1.21e+27   1.48e+08     3.80e+08   2503.269s
 842000 +5.09850081e+12 +1.21210368e+27  1.21e+27   1.48e+08     3.80e+08   2506.137s
 843000 +5.09803995e+12 +1.21210380e+27  1.21e+27   1.48e+08     3.80e+08   2509.006s
 844000 +5.09757447e+12 +1.21210392e+27  1.21e+27   1.48e+08     3.79e+08   2511.874s
 845000 +5.09731673e+12 +1.21210405e+27  1.21e+27   1.48e+08     3.79e+08   2514.742s
 846000 +5.09706983e+12 +1.21210417e+27  1.21e+27   1.48e+08     3.79e+08   2517.611s
 847000 +5.09679980e+12 +1.21210429e+27  1.21e+27   1.48e+08     3.79e+08   2520.479s
 848000 +5.09656715e+12 +1.21210442e+27  1.21e+27   1.48e+08     3.78e+08   2523.347s
 849000 +5.09623098e+12 +1.21210454e+27  1.21e+27   1.48e+08     3.78e+08   2526.215s
 850000 +5.09596384e+12 +1.21210466e+27  1.21e+27   1.48e+08     3.78e+08   2529.084s
 851000 +5.09562763e+12 +1.21210478e+27  1.21e+27   1.48e+08     3.78e+08   2531.953s
 852000 +5.09504888e+12 +1.21210491e+27  1.21e+27   1.48e+08     3.77e+08   2534.820s
 853000 +5.09473985e+12 +1.21210503e+27  1.21e+27   1.48e+08     3.77e+08   2537.689s
 854000 +5.09453176e+12 +1.21210515e+27  1.21e+27   1.48e+08     3.77e+08   2540.557s
 855000 +5.09436037e+12 +1.21210528e+27  1.21e+27   1.48e+08     3.77e+08   2543.426s
 856000 +5.09436960e+12 +1.21210540e+27  1.21e+27   1.48e+08     3.77e+08   2546.294s
 857000 +5.09432594e+12 +1.21210552e+27  1.21e+27   1.48e+08     3.77e+08   2549.163s
 858000 +5.09416592e+12 +1.21210565e+27  1.21e+27   1.48e+08     3.77e+08   2552.032s
 859000 +5.09402131e+12 +1.21210577e+27  1.21e+27   1.48e+08     3.76e+08   2554.901s
 860000 +5.09393288e+12 +1.21210589e+27  1.21e+27   1.48e+08     3.76e+08   2557.769s
 861000 +5.09385249e+12 +1.21210601e+27  1.21e+27   1.48e+08     3.76e+08   2560.637s
 862000 +5.09383290e+12 +1.21210614e+27  1.21e+27   1.48e+08     3.75e+08   2563.506s
 863000 +5.09404034e+12 +1.21210626e+27  1.21e+27   1.48e+08     3.75e+08   2566.374s
 864000 +5.09420122e+12 +1.21210638e+27  1.21e+27   1.48e+08     3.75e+08   2569.243s
 865000 +5.09407201e+12 +1.21210651e+27  1.21e+27   1.48e+08     3.75e+08   2572.111s
 866000 +5.09366387e+12 +1.21210663e+27  1.21e+27   1.48e+08     3.75e+08   2574.980s
 867000 +5.09349845e+12 +1.21210675e+27  1.21e+27   1.48e+08     3.75e+08   2577.848s
 868000 +5.09333807e+12 +1.21210688e+27  1.21e+27   1.48e+08     3.75e+08   2580.717s
 869000 +5.09297224e+12 +1.21210700e+27  1.21e+27   1.48e+08     3.75e+08   2583.585s
 870000 +5.09278226e+12 +1.21210712e+27  1.21e+27   1.48e+08     3.75e+08   2586.453s
 871000 +5.09248056e+12 +1.21210724e+27  1.21e+27   1.48e+08     3.74e+08   2589.322s
 872000 +5.09228570e+12 +1.21210737e+27  1.21e+27   1.48e+08     3.74e+08   2592.191s
 873000 +5.09208775e+12 +1.21210749e+27  1.21e+27   1.48e+08     3.74e+08   2595.059s
 874000 +5.09152523e+12 +1.21210761e+27  1.21e+27   1.48e+08     3.74e+08   2597.927s
 875000 +5.09090460e+12 +1.21210774e+27  1.21e+27   1.48e+08     3.73e+08   2600.796s
 876000 +5.09054543e+12 +1.21210786e+27  1.21e+27   1.48e+08     3.73e+08   2603.664s
 877000 +5.09029845e+12 +1.21210798e+27  1.21e+27   1.48e+08     3.73e+08   2606.533s
 878000 +5.09011071e+12 +1.21210811e+27  1.21e+27   1.48e+08     3.73e+08   2609.401s
 879000 +5.09002091e+12 +1.21210823e+27  1.21e+27   1.48e+08     3.73e+08   2612.270s
 880000 +5.08994069e+12 +1.21210835e+27  1.21e+27   1.48e+08     3.73e+08   2615.138s
 881000 +5.08977308e+12 +1.21210847e+27  1.21e+27   1.48e+08     3.73e+08   2618.007s
 882000 +5.08958641e+12 +1.21210860e+27  1.21e+27   1.48e+08     3.73e+08   2620.875s
 883000 +5.08967009e+12 +1.21210872e+27  1.21e+27   1.48e+08     3.73e+08   2623.743s
 884000 +5.08963841e+12 +1.21210884e+27  1.21e+27   1.48e+08     3.73e+08   2626.611s
 885000 +5.08929004e+12 +1.21210897e+27  1.21e+27   1.48e+08     3.73e+08   2629.480s
 886000 +5.08927617e+12 +1.21210909e+27  1.21e+27   1.48e+08     3.72e+08   2632.348s
 887000 +5.08957388e+12 +1.21210921e+27  1.21e+27   1.48e+08     3.72e+08   2635.217s
 888000 +5.08956223e+12 +1.21210933e+27  1.21e+27   1.48e+08     3.72e+08   2638.085s
 889000 +5.08940708e+12 +1.21210946e+27  1.21e+27   1.48e+08     3.72e+08   2640.954s
 890000 +5.08912980e+12 +1.21210958e+27  1.21e+27   1.48e+08     3.72e+08   2643.822s
 891000 +5.08867302e+12 +1.21210970e+27  1.21e+27   1.48e+08     3.72e+08   2646.691s
 892000 +5.08838982e+12 +1.21210983e+27  1.21e+27   1.48e+08     3.71e+08   2649.560s
 893000 +5.08811404e+12 +1.21210995e+27  1.21e+27   1.48e+08     3.71e+08   2652.428s
 894000 +5.08793534e+12 +1.21211007e+27  1.21e+27   1.48e+08     3.71e+08   2655.297s
 895000 +5.08742986e+12 +1.21211019e+27  1.21e+27   1.48e+08     3.71e+08   2658.165s
 896000 +5.08718064e+12 +1.21211032e+27  1.21e+27   1.48e+08     3.71e+08   2661.033s
 897000 +5.08695413e+12 +1.21211044e+27  1.21e+27   1.48e+08     3.71e+08   2663.902s
 898000 +5.08678001e+12 +1.21211056e+27  1.21e+27   1.48e+08     3.71e+08   2666.770s
 899000 +5.08670320e+12 +1.21211069e+27  1.21e+27   1.48e+08     3.71e+08   2669.639s
 900000 +5.08644378e+12 +1.21211081e+27  1.21e+27   1.48e+08     3.71e+08   2672.507s
 901000 +5.08620579e+12 +1.21211093e+27  1.21e+27   1.48e+08     3.71e+08   2675.375s
 902000 +5.08619502e+12 +1.21211105e+27  1.21e+27   1.48e+08     3.71e+08   2678.243s
 903000 +5.08595401e+12 +1.21211118e+27  1.21e+27   1.48e+08     3.71e+08   2681.112s
 904000 +5.08607458e+12 +1.21211130e+27  1.21e+27   1.48e+08     3.71e+08   2683.980s
 905000 +5.08587336e+12 +1.21211142e+27  1.21e+27   1.48e+08     3.71e+08   2686.847s
 906000 +5.08609046e+12 +1.21211155e+27  1.21e+27   1.48e+08     3.70e+08   2689.716s
 907000 +5.08599859e+12 +1.21211167e+27  1.21e+27   1.48e+08     3.70e+08   2692.584s
 908000 +5.08567956e+12 +1.21211179e+27  1.21e+27   1.48e+08     3.70e+08   2695.452s
 909000 +5.08531809e+12 +1.21211191e+27  1.21e+27   1.48e+08     3.70e+08   2698.320s
 910000 +5.08507976e+12 +1.21211204e+27  1.21e+27   1.48e+08     3.70e+08   2701.189s
 911000 +5.08457172e+12 +1.21211216e+27  1.21e+27   1.48e+08     3.70e+08   2704.056s
 912000 +5.08416146e+12 +1.21211228e+27  1.21e+27   1.48e+08     3.70e+08   2706.925s
 913000 +5.08379197e+12 +1.21211241e+27  1.21e+27   1.48e+08     3.70e+08   2709.793s
 914000 +5.08349621e+12 +1.21211253e+27  1.21e+27   1.48e+08     3.70e+08   2712.661s
 915000 +5.08329737e+12 +1.21211265e+27  1.21e+27   1.48e+08     3.70e+08   2715.529s
 916000 +5.08281194e+12 +1.21211277e+27  1.21e+27   1.48e+08     3.69e+08   2718.397s
 917000 +5.08243461e+12 +1.21211290e+27  1.21e+27   1.48e+08     3.69e+08   2721.266s
 918000 +5.08216283e+12 +1.21211302e+27  1.21e+27   1.48e+08     3.69e+08   2724.134s
 919000 +5.08204798e+12 +1.21211314e+27  1.21e+27   1.48e+08     3.69e+08   2727.002s
 920000 +5.08195248e+12 +1.21211327e+27  1.21e+27   1.48e+08     3.69e+08   2729.870s
 921000 +5.08174704e+12 +1.21211339e+27  1.21e+27   1.48e+08     3.69e+08   2732.739s
 922000 +5.08133782e+12 +1.21211351e+27  1.21e+27   1.48e+08     3.69e+08   2735.607s
 923000 +5.08100470e+12 +1.21211363e+27  1.21e+27   1.48e+08     3.69e+08   2738.475s
 924000 +5.08097010e+12 +1.21211376e+27  1.21e+27   1.48e+08     3.69e+08   2741.343s
 925000 +5.08062743e+12 +1.21211388e+27  1.21e+27   1.48e+08     3.69e+08   2744.211s
 926000 +5.08034044e+12 +1.21211400e+27  1.21e+27   1.48e+08     3.69e+08   2747.079s
 927000 +5.08051296e+12 +1.21211413e+27  1.21e+27   1.48e+08     3.69e+08   2749.947s
 928000 +5.08039423e+12 +1.21211425e+27  1.21e+27   1.48e+08     3.69e+08   2752.815s
 929000 +5.08042589e+12 +1.21211437e+27  1.21e+27   1.48e+08     3.69e+08   2755.684s
 930000 +5.08032445e+12 +1.21211449e+27  1.21e+27   1.48e+08     3.68e+08   2758.552s
 931000 +5.08019295e+12 +1.21211462e+27  1.21e+27   1.48e+08     3.68e+08   2761.420s
 932000 +5.08024812e+12 +1.21211474e+27  1.21e+27   1.48e+08     3.68e+08   2764.288s
 933000 +5.08029517e+12 +1.21211486e+27  1.21e+27   1.48e+08     3.68e+08   2767.156s
 934000 +5.07995877e+12 +1.21211498e+27  1.21e+27   1.48e+08     3.68e+08   2770.024s
 935000 +5.07940557e+12 +1.21211511e+27  1.21e+27   1.48e+08     3.68e+08   2772.892s
 936000 +5.07862013e+12 +1.21211523e+27  1.21e+27   1.48e+08     3.68e+08   2775.760s
 937000 +5.07806434e+12 +1.21211535e+27  1.21e+27   1.48e+08     3.68e+08   2778.628s
 938000 +5.07773200e+12 +1.21211548e+27  1.21e+27   1.48e+08     3.68e+08   2781.497s
 939000 +5.07770555e+12 +1.21211560e+27  1.21e+27   1.48e+08     3.68e+08   2784.364s
 940000 +5.07768269e+12 +1.21211572e+27  1.21e+27   1.48e+08     3.68e+08   2787.233s
 941000 +5.07736069e+12 +1.21211584e+27  1.21e+27   1.48e+08     3.68e+08   2790.101s
 942000 +5.07717565e+12 +1.21211597e+27  1.21e+27   1.48e+08     3.68e+08   2792.969s
 943000 +5.07685231e+12 +1.21211609e+27  1.21e+27   1.48e+08     3.68e+08   2795.837s
 944000 +5.07648191e+12 +1.21211621e+27  1.21e+27   1.48e+08     3.68e+08   2798.716s
 945000 +5.07632464e+12 +1.21211633e+27  1.21e+27   1.48e+08     3.67e+08   2801.594s
 946000 +5.07634987e+12 +1.21211646e+27  1.21e+27   1.48e+08     3.67e+08   2804.464s
 947000 +5.07608985e+12 +1.21211658e+27  1.21e+27   1.48e+08     3.67e+08   2807.332s
 948000 +5.07566651e+12 +1.21211670e+27  1.21e+27   1.48e+08     3.67e+08   2810.200s
 949000 +5.07556362e+12 +1.21211683e+27  1.21e+27   1.48e+08     3.67e+08   2813.068s
 950000 +5.07542476e+12 +1.21211695e+27  1.21e+27   1.48e+08     3.67e+08   2815.936s
 951000 +5.07518654e+12 +1.21211707e+27  1.21e+27   1.48e+08     3.67e+08   2818.804s
 952000 +5.07499763e+12 +1.21211719e+27  1.21e+27   1.48e+08     3.67e+08   2821.673s
 953000 +5.07447159e+12 +1.21211732e+27  1.21e+27   1.48e+08     3.67e+08   2824.541s
 954000 +5.07415512e+12 +1.21211744e+27  1.21e+27   1.48e+08     3.67e+08   2827.409s
 955000 +5.07425935e+12 +1.21211756e+27  1.21e+27   1.48e+08     3.67e+08   2830.277s
 956000 +5.07439967e+12 +1.21211768e+27  1.21e+27   1.48e+08     3.67e+08   2833.145s
 957000 +5.07418896e+12 +1.21211781e+27  1.21e+27   1.48e+08     3.67e+08   2836.013s
 958000 +5.07406987e+12 +1.21211793e+27  1.21e+27   1.48e+08     3.66e+08   2838.881s
 959000 +5.07370778e+12 +1.21211805e+27  1.21e+27   1.48e+08     3.66e+08   2841.750s
 960000 +5.07349203e+12 +1.21211818e+27  1.21e+27   1.48e+08     3.66e+08   2844.618s
 961000 +5.07329293e+12 +1.21211830e+27  1.21e+27   1.48e+08     3.66e+08   2847.486s
 962000 +5.07293234e+12 +1.21211842e+27  1.21e+27   1.48e+08     3.66e+08   2850.355s
 963000 +5.07275730e+12 +1.21211854e+27  1.21e+27   1.48e+08     3.66e+08   2853.230s
 964000 +5.07248658e+12 +1.21211867e+27  1.21e+27   1.48e+08     3.66e+08   2856.111s
 965000 +5.07198110e+12 +1.21211879e+27  1.21e+27   1.48e+08     3.66e+08   2858.989s
 966000 +5.07161839e+12 +1.21211891e+27  1.21e+27   1.48e+08     3.66e+08   2861.872s
 967000 +5.07125144e+12 +1.21211903e+27  1.21e+27   1.48e+08     3.66e+08   2864.742s
 968000 +5.07115751e+12 +1.21211916e+27  1.21e+27   1.48e+08     3.66e+08   2867.612s
 969000 +5.07108361e+12 +1.21211928e+27  1.21e+27   1.48e+08     3.66e+08   2870.492s
 970000 +5.07099464e+12 +1.21211940e+27  1.21e+27   1.48e+08     3.66e+08   2873.371s
 971000 +5.07075345e+12 +1.21211953e+27  1.21e+27   1.48e+08     3.66e+08   2876.249s
 972000 +5.07055590e+12 +1.21211965e+27  1.21e+27   1.48e+08     3.66e+08   2879.130s
 973000 +5.07036087e+12 +1.21211977e+27  1.21e+27   1.48e+08     3.66e+08   2882.005s
 974000 +5.07037305e+12 +1.21211989e+27  1.21e+27   1.48e+08     3.66e+08   2884.880s
 975000 +5.07023419e+12 +1.21212002e+27  1.21e+27   1.48e+08     3.66e+08   2887.762s
 976000 +5.07011317e+12 +1.21212014e+27  1.21e+27   1.48e+08     3.66e+08   2890.644s
 977000 +5.06988383e+12 +1.21212026e+27  1.21e+27   1.48e+08     3.66e+08   2893.528s
 978000 +5.06975109e+12 +1.21212038e+27  1.21e+27   1.48e+08     3.65e+08   2896.410s
 979000 +5.06951606e+12 +1.21212051e+27  1.21e+27   1.48e+08     3.65e+08   2899.282s
 980000 +5.06931407e+12 +1.21212063e+27  1.21e+27   1.48e+08     3.65e+08   2902.151s
 981000 +5.06914746e+12 +1.21212075e+27  1.21e+27   1.48e+08     3.65e+08   2905.019s
 982000 +5.06919553e+12 +1.21212088e+27  1.21e+27   1.48e+08     3.65e+08   2907.887s
 983000 +5.06939063e+12 +1.21212100e+27  1.21e+27   1.48e+08     3.65e+08   2910.756s
 984000 +5.06923367e+12 +1.21212112e+27  1.21e+27   1.48e+08     3.65e+08   2913.624s
 985000 +5.06928081e+12 +1.21212124e+27  1.21e+27   1.48e+08     3.65e+08   2916.492s
 986000 +5.06915390e+12 +1.21212137e+27  1.21e+27   1.48e+08     3.65e+08   2919.361s
 987000 +5.06895370e+12 +1.21212149e+27  1.21e+27   1.48e+08     3.65e+08   2922.229s
 988000 +5.06860041e+12 +1.21212161e+27  1.21e+27   1.48e+08     3.65e+08   2925.097s
 989000 +5.06837175e+12 +1.21212173e+27  1.21e+27   1.48e+08     3.65e+08   2927.969s
 990000 +5.06799593e+12 +1.21212186e+27  1.21e+27   1.48e+08     3.65e+08   2930.849s
 991000 +5.06779786e+12 +1.21212198e+27  1.21e+27   1.48e+08     3.65e+08   2933.733s
 992000 +5.06728100e+12 +1.21212210e+27  1.21e+27   1.48e+08     3.65e+08   2936.614s
 993000 +5.06692273e+12 +1.21212222e+27  1.21e+27   1.48e+08     3.65e+08   2939.496s
 994000 +5.06665778e+12 +1.21212235e+27  1.21e+27   1.48e+08     3.65e+08   2942.377s
 995000 +5.06623654e+12 +1.21212247e+27  1.21e+27   1.48e+08     3.65e+08   2945.260s
 996000 +5.06600968e+12 +1.21212259e+27  1.21e+27   1.48e+08     3.65e+08   2948.142s
 997000 +5.06613295e+12 +1.21212271e+27  1.21e+27   1.48e+08     3.65e+08   2951.015s
 998000 +5.06637674e+12 +1.21212284e+27  1.21e+27   1.48e+08     3.65e+08   2953.883s
 999000 +5.06622044e+12 +1.21212296e+27  1.21e+27   1.48e+08     3.65e+08   2956.764s
1000000 +5.06589146e+12 +1.21212308e+27  1.21e+27   1.48e+08     3.64e+08   2959.646s
1001000 +5.06564571e+12 +1.21212320e+27  1.21e+27   1.48e+08     3.64e+08   2962.529s
1002000 +5.06540637e+12 +1.21212333e+27  1.21e+27   1.48e+08     3.64e+08   2965.411s
1003000 +5.06521434e+12 +1.21212345e+27  1.21e+27   1.48e+08     3.64e+08   2968.283s
1004000 +5.06497942e+12 +1.21212357e+27  1.21e+27   1.48e+08     3.64e+08   2971.152s
1005000 +5.06493540e+12 +1.21212370e+27  1.21e+27   1.48e+08     3.63e+08   2974.029s
1006000 +5.06495661e+12 +1.21212382e+27  1.21e+27   1.48e+08     3.64e+08   2976.907s
1007000 +5.06487940e+12 +1.21212394e+27  1.21e+27   1.48e+08     3.64e+08   2979.790s
1008000 +5.06467464e+12 +1.21212406e+27  1.21e+27   1.48e+08     3.64e+08   2982.666s
1009000 +5.06471397e+12 +1.21212419e+27  1.21e+27   1.48e+08     3.64e+08   2985.546s
1010000 +5.06473603e+12 +1.21212431e+27  1.21e+27   1.48e+08     3.64e+08   2988.420s
1011000 +5.06428177e+12 +1.21212443e+27  1.21e+27   1.48e+08     3.64e+08   2991.288s
1012000 +5.06425327e+12 +1.21212455e+27  1.21e+27   1.48e+08     3.64e+08   2994.156s
1013000 +5.06425210e+12 +1.21212468e+27  1.21e+27   1.48e+08     3.64e+08   2997.026s
1014000 +5.06410072e+12 +1.21212480e+27  1.21e+27   1.48e+08     3.64e+08   2999.906s
1015000 +5.06376618e+12 +1.21212492e+27  1.21e+27   1.48e+08     3.64e+08   3002.779s
1016000 +5.06313522e+12 +1.21212504e+27  1.21e+27   1.48e+08     3.64e+08   3005.649s
1017000 +5.06296275e+12 +1.21212517e+27  1.21e+27   1.48e+08     3.64e+08   3008.530s
1018000 +5.06256774e+12 +1.21212529e+27  1.21e+27   1.48e+08     3.64e+08   3011.412s
1019000 +5.06232983e+12 +1.21212541e+27  1.21e+27   1.48e+08     3.64e+08   3014.296s
1020000 +5.06193445e+12 +1.21212553e+27  1.21e+27   1.48e+08     3.64e+08   3017.174s
1021000 +5.06151052e+12 +1.21212566e+27  1.21e+27   1.48e+08     3.64e+08   3020.042s
1022000 +5.06107599e+12 +1.21212578e+27  1.21e+27   1.48e+08     3.64e+08   3022.911s
1023000 +5.06084919e+12 +1.21212590e+27  1.21e+27   1.48e+08     3.64e+08   3025.779s
1024000 +5.06095826e+12 +1.21212603e+27  1.21e+27   1.48e+08     3.64e+08   3028.648s
1025000 +5.06077925e+12 +1.21212615e+27  1.21e+27   1.48e+08     3.63e+08   3031.516s
1026000 +5.06083219e+12 +1.21212627e+27  1.21e+27   1.48e+08     3.63e+08   3034.384s
1027000 +5.06075308e+12 +1.21212639e+27  1.21e+27   1.48e+08     3.63e+08   3037.253s
1028000 +5.06040715e+12 +1.21212652e+27  1.21e+27   1.48e+08     3.63e+08   3040.121s
1029000 +5.06019895e+12 +1.21212664e+27  1.21e+27   1.48e+08     3.63e+08   3042.989s
1030000 +5.06044634e+12 +1.21212676e+27  1.21e+27   1.48e+08     3.63e+08   3045.857s
1031000 +5.06043657e+12 +1.21212688e+27  1.21e+27   1.48e+08     3.63e+08   3048.725s
1032000 +5.06093822e+12 +1.21212701e+27  1.21e+27   1.48e+08     3.63e+08   3051.594s
1033000 +5.06104507e+12 +1.21212713e+27  1.21e+27   1.48e+08     3.63e+08   3054.462s
1034000 +5.06084524e+12 +1.21212725e+27  1.21e+27   1.48e+08     3.63e+08   3057.330s
1035000 +5.06095441e+12 +1.21212737e+27  1.21e+27   1.48e+08     3.63e+08   3060.199s
1036000 +5.06073402e+12 +1.21212750e+27  1.21e+27   1.48e+08     3.63e+08   3063.067s
1037000 +5.06032317e+12 +1.21212762e+27  1.21e+27   1.48e+08     3.63e+08   3065.935s
1038000 +5.06050567e+12 +1.21212774e+27  1.21e+27   1.48e+08     3.63e+08   3068.803s
1039000 +5.06012791e+12 +1.21212786e+27  1.21e+27   1.48e+08     3.63e+08   3071.672s
1040000 +5.05982612e+12 +1.21212799e+27  1.21e+27   1.48e+08     3.63e+08   3074.540s
1041000 +5.05961809e+12 +1.21212811e+27  1.21e+27   1.48e+08     3.63e+08   3077.408s
1042000 +5.05933304e+12 +1.21212823e+27  1.21e+27   1.48e+08     3.63e+08   3080.277s
1043000 +5.05869787e+12 +1.21212835e+27  1.21e+27   1.48e+08     3.63e+08   3083.145s
1044000 +5.05843046e+12 +1.21212848e+27  1.21e+27   1.48e+08     3.63e+08   3086.014s
1045000 +5.05799191e+12 +1.21212860e+27  1.21e+27   1.48e+08     3.63e+08   3088.882s
1046000 +5.05754530e+12 +1.21212872e+27  1.21e+27   1.48e+08     3.63e+08   3091.751s
1047000 +5.05725273e+12 +1.21212884e+27  1.21e+27   1.48e+08     3.63e+08   3094.620s
1048000 +5.05713152e+12 +1.21212897e+27  1.21e+27   1.48e+08     3.63e+08   3097.488s
1049000 +5.05717497e+12 +1.21212909e+27  1.21e+27   1.48e+08     3.63e+08   3100.356s
1050000 +5.05705839e+12 +1.21212921e+27  1.21e+27   1.48e+08     3.63e+08   3103.225s
1051000 +5.05668521e+12 +1.21212933e+27  1.21e+27   1.48e+08     3.62e+08   3106.093s
1052000 +5.05660299e+12 +1.21212946e+27  1.21e+27   1.48e+08     3.62e+08   3108.962s
1053000 +5.05673455e+12 +1.21212958e+27  1.21e+27   1.48e+08     3.62e+08   3111.830s
1054000 +5.05650315e+12 +1.21212970e+27  1.21e+27   1.48e+08     3.62e+08   3114.698s
1055000 +5.05625148e+12 +1.21212983e+27  1.21e+27   1.48e+08     3.62e+08   3117.566s
1056000 +5.05610048e+12 +1.21212995e+27  1.21e+27   1.48e+08     3.62e+08   3120.435s
1057000 +5.05597440e+12 +1.21213007e+27  1.21e+27   1.48e+08     3.62e+08   3123.303s
1058000 +5.05600773e+12 +1.21213019e+27  1.21e+27   1.48e+08     3.62e+08   3126.172s
1059000 +5.05607249e+12 +1.21213032e+27  1.21e+27   1.48e+08     3.62e+08   3129.040s
1060000 +5.05583970e+12 +1.21213044e+27  1.21e+27   1.48e+08     3.62e+08   3131.908s
1061000 +5.05563722e+12 +1.21213056e+27  1.21e+27   1.48e+08     3.62e+08   3134.777s
1062000 +5.05569310e+12 +1.21213068e+27  1.21e+27   1.48e+08     3.62e+08   3137.646s
1063000 +5.05579515e+12 +1.21213081e+27  1.21e+27   1.48e+08     3.62e+08   3140.526s
1064000 +5.05577178e+12 +1.21213093e+27  1.21e+27   1.48e+08     3.62e+08   3143.408s
1065000 +5.05551846e+12 +1.21213105e+27  1.21e+27   1.48e+08     3.62e+08   3146.289s
1066000 +5.05508893e+12 +1.21213117e+27  1.21e+27   1.48e+08     3.62e+08   3149.166s
1067000 +5.05479708e+12 +1.21213130e+27  1.21e+27   1.48e+08     3.62e+08   3152.042s
1068000 +5.05434475e+12 +1.21213142e+27  1.21e+27   1.48e+08     3.62e+08   3154.916s
1069000 +5.05418752e+12 +1.21213154e+27  1.21e+27   1.48e+08     3.62e+08   3157.785s
1070000 +5.05374922e+12 +1.21213166e+27  1.21e+27   1.48e+08     3.62e+08   3160.653s
1071000 +5.05311702e+12 +1.21213179e+27  1.21e+27   1.48e+08     3.62e+08   3163.521s
1072000 +5.05282656e+12 +1.21213191e+27  1.21e+27   1.48e+08     3.62e+08   3166.389s
1073000 +5.05273587e+12 +1.21213203e+27  1.21e+27   1.48e+08     3.62e+08   3169.257s
1074000 +5.05274349e+12 +1.21213215e+27  1.21e+27   1.48e+08     3.62e+08   3172.126s
1075000 +5.05258759e+12 +1.21213228e+27  1.21e+27   1.48e+08     3.62e+08   3174.994s
1076000 +5.05252785e+12 +1.21213240e+27  1.21e+27   1.48e+08     3.62e+08   3177.862s
1077000 +5.05234162e+12 +1.21213252e+27  1.21e+27   1.48e+08     3.62e+08   3180.730s
1078000 +5.05228443e+12 +1.21213264e+27  1.21e+27   1.48e+08     3.62e+08   3183.598s
1079000 +5.05226849e+12 +1.21213277e+27  1.21e+27   1.48e+08     3.62e+08   3186.466s
1080000 +5.05222207e+12 +1.21213289e+27  1.21e+27   1.48e+08     3.62e+08   3189.335s
1081000 +5.05206345e+12 +1.21213301e+27  1.21e+27   1.48e+08     3.62e+08   3192.202s
1082000 +5.05190266e+12 +1.21213313e+27  1.21e+27   1.48e+08     3.62e+08   3195.071s
1083000 +5.05163747e+12 +1.21213326e+27  1.21e+27   1.48e+08     3.62e+08   3197.939s
1084000 +5.05185911e+12 +1.21213338e+27  1.21e+27   1.48e+08     3.62e+08   3200.808s
1085000 +5.05199377e+12 +1.21213350e+27  1.21e+27   1.48e+08     3.62e+08   3203.676s
1086000 +5.05198809e+12 +1.21213362e+27  1.21e+27   1.48e+08     3.62e+08   3206.545s
1087000 +5.05158628e+12 +1.21213375e+27  1.21e+27   1.48e+08     3.62e+08   3209.413s
1088000 +5.05154903e+12 +1.21213387e+27  1.21e+27   1.48e+08     3.62e+08   3212.281s
1089000 +5.05186975e+12 +1.21213399e+27  1.21e+27   1.48e+08     3.62e+08   3215.149s
1090000 +5.05182087e+12 +1.21213412e+27  1.21e+27   1.48e+08     3.62e+08   3218.018s
1091000 +5.05150796e+12 +1.21213424e+27  1.21e+27   1.48e+08     3.62e+08   3220.886s
1092000 +5.05113068e+12 +1.21213436e+27  1.21e+27   1.48e+08     3.62e+08   3223.754s
1093000 +5.05084748e+12 +1.21213448e+27  1.21e+27   1.48e+08     3.62e+08   3226.623s
1094000 +5.05037244e+12 +1.21213461e+27  1.21e+27   1.48e+08     3.62e+08   3229.491s
1095000 +5.04988073e+12 +1.21213473e+27  1.21e+27   1.48e+08     3.62e+08   3232.359s
1096000 +5.04955663e+12 +1.21213485e+27  1.21e+27   1.48e+08     3.62e+08   3235.228s
1097000 +5.04909974e+12 +1.21213497e+27  1.21e+27   1.48e+08     3.62e+08   3238.096s
1098000 +5.04856688e+12 +1.21213510e+27  1.21e+27   1.48e+08     3.62e+08   3240.965s
1099000 +5.04827432e+12 +1.21213522e+27  1.21e+27   1.48e+08     3.61e+08   3243.833s
1100000 +5.04819579e+12 +1.21213534e+27  1.21e+27   1.48e+08     3.61e+08   3246.702s
1101000 +5.04813830e+12 +1.21213546e+27  1.21e+27   1.48e+08     3.61e+08   3249.570s
1102000 +5.04795212e+12 +1.21213559e+27  1.21e+27   1.48e+08     3.61e+08   3252.439s
1103000 +5.04761126e+12 +1.21213571e+27  1.21e+27   1.48e+08     3.61e+08   3255.307s
1104000 +5.04765236e+12 +1.21213583e+27  1.21e+27   1.48e+08     3.61e+08   3258.175s
1105000 +5.04764463e+12 +1.21213595e+27  1.21e+27   1.48e+08     3.61e+08   3261.043s
1106000 +5.04773014e+12 +1.21213608e+27  1.21e+27   1.48e+08     3.61e+08   3263.912s
1107000 +5.04759934e+12 +1.21213620e+27  1.21e+27   1.48e+08     3.61e+08   3266.780s
1108000 +5.04744610e+12 +1.21213632e+27  1.21e+27   1.48e+08     3.61e+08   3269.649s
1109000 +5.04718470e+12 +1.21213644e+27  1.21e+27   1.48e+08     3.61e+08   3272.517s
1110000 +5.04720848e+12 +1.21213657e+27  1.21e+27   1.48e+08     3.61e+08   3275.385s
1111000 +5.04734550e+12 +1.21213669e+27  1.21e+27   1.48e+08     3.61e+08   3278.253s
1112000 +5.04745596e+12 +1.21213681e+27  1.21e+27   1.48e+08     3.61e+08   3281.122s
1113000 +5.04714841e+12 +1.21213693e+27  1.21e+27   1.48e+08     3.61e+08   3283.991s
1114000 +5.04712851e+12 +1.21213706e+27  1.21e+27   1.48e+08     3.61e+08   3286.858s
1115000 +5.04717976e+12 +1.21213718e+27  1.21e+27   1.48e+08     3.61e+08   3289.727s
1116000 +5.04745641e+12 +1.21213730e+27  1.21e+27   1.48e+08     3.61e+08   3292.595s
1117000 +5.04728081e+12 +1.21213742e+27  1.21e+27   1.48e+08     3.61e+08   3295.464s
1118000 +5.04692461e+12 +1.21213755e+27  1.21e+27   1.48e+08     3.61e+08   3298.332s
1119000 +5.04656043e+12 +1.21213767e+27  1.21e+27   1.48e+08     3.61e+08   3301.200s
1120000 +5.04611403e+12 +1.21213779e+27  1.21e+27   1.48e+08     3.61e+08   3304.069s
1121000 +5.04566318e+12 +1.21213791e+27  1.21e+27   1.48e+08     3.61e+08   3306.937s
1122000 +5.04517098e+12 +1.21213804e+27  1.21e+27   1.48e+08     3.61e+08   3309.805s
1123000 +5.04485738e+12 +1.21213816e+27  1.21e+27   1.48e+08     3.61e+08   3312.674s
1124000 +5.04428017e+12 +1.21213828e+27  1.21e+27   1.48e+08     3.61e+08   3315.543s
1125000 +5.04396509e+12 +1.21213840e+27  1.21e+27   1.48e+08     3.61e+08   3318.411s
1126000 +5.04351861e+12 +1.21213853e+27  1.21e+27   1.48e+08     3.61e+08   3321.279s
1127000 +5.04316395e+12 +1.21213865e+27  1.21e+27   1.48e+08     3.61e+08   3324.148s
1128000 +5.04277049e+12 +1.21213877e+27  1.21e+27   1.48e+08     3.61e+08   3327.016s
1129000 +5.04263897e+12 +1.21213889e+27  1.21e+27   1.48e+08     3.61e+08   3329.885s
1130000 +5.04269171e+12 +1.21213902e+27  1.21e+27   1.48e+08     3.61e+08   3332.753s
1131000 +5.04292173e+12 +1.21213914e+27  1.21e+27   1.48e+08     3.61e+08   3335.621s
1132000 +5.04286044e+12 +1.21213926e+27  1.21e+27   1.48e+08     3.61e+08   3338.489s
1133000 +5.04279979e+12 +1.21213938e+27  1.21e+27   1.48e+08     3.61e+08   3341.357s
1134000 +5.04281759e+12 +1.21213951e+27  1.21e+27   1.48e+08     3.61e+08   3344.225s
1135000 +5.04287413e+12 +1.21213963e+27  1.21e+27   1.48e+08     3.61e+08   3347.093s
1136000 +5.04297976e+12 +1.21213975e+27  1.21e+27   1.48e+08     3.61e+08   3349.961s
1137000 +5.04286783e+12 +1.21213987e+27  1.21e+27   1.48e+08     3.61e+08   3352.829s
1138000 +5.04296404e+12 +1.21214000e+27  1.21e+27   1.48e+08     3.61e+08   3355.698s
1139000 +5.04296112e+12 +1.21214012e+27  1.21e+27   1.48e+08     3.61e+08   3358.566s
1140000 +5.04284056e+12 +1.21214024e+27  1.21e+27   1.48e+08     3.61e+08   3361.434s
1141000 +5.04292183e+12 +1.21214036e+27  1.21e+27   1.48e+08     3.61e+08   3364.303s
1142000 +5.04279781e+12 +1.21214049e+27  1.21e+27   1.48e+08     3.61e+08   3367.171s
1143000 +5.04227842e+12 +1.21214061e+27  1.21e+27   1.48e+08     3.61e+08   3370.040s
1144000 +5.04185047e+12 +1.21214073e+27  1.21e+27   1.48e+08     3.61e+08   3372.908s
1145000 +5.04161177e+12 +1.21214085e+27  1.21e+27   1.48e+08     3.61e+08   3375.777s
1146000 +5.04120818e+12 +1.21214098e+27  1.21e+27   1.48e+08     3.61e+08   3378.645s
1147000 +5.04090476e+12 +1.21214110e+27  1.21e+27   1.48e+08     3.61e+08   3381.514s
1148000 +5.04048608e+12 +1.21214122e+27  1.21e+27   1.48e+08     3.61e+08   3384.382s
1149000 +5.04021547e+12 +1.21214134e+27  1.21e+27   1.48e+08     3.61e+08   3387.250s
1150000 +5.03978984e+12 +1.21214147e+27  1.21e+27   1.48e+08     3.61e+08   3390.119s
1151000 +5.03976729e+12 +1.21214159e+27  1.21e+27   1.48e+08     3.60e+08   3392.988s
1152000 +5.03977058e+12 +1.21214171e+27  1.21e+27   1.48e+08     3.60e+08   3395.856s
1153000 +5.03958421e+12 +1.21214183e+27  1.21e+27   1.48e+08     3.60e+08   3398.724s
1154000 +5.03901175e+12 +1.21214196e+27  1.21e+27   1.48e+08     3.60e+08   3401.593s
1155000 +5.03878106e+12 +1.21214208e+27  1.21e+27   1.48e+08     3.60e+08   3404.461s
1156000 +5.03864086e+12 +1.21214220e+27  1.21e+27   1.48e+08     3.60e+08   3407.329s
1157000 +5.03854124e+12 +1.21214232e+27  1.21e+27   1.48e+08     3.60e+08   3410.197s
1158000 +5.03846222e+12 +1.21214245e+27  1.21e+27   1.48e+08     3.60e+08   3413.065s
1159000 +5.03828997e+12 +1.21214257e+27  1.21e+27   1.48e+08     3.61e+08   3415.934s
1160000 +5.03824528e+12 +1.21214269e+27  1.21e+27   1.48e+08     3.61e+08   3418.802s
1161000 +5.03827401e+12 +1.21214281e+27  1.21e+27   1.48e+08     3.61e+08   3421.670s
1162000 +5.03816765e+12 +1.21214294e+27  1.21e+27   1.48e+08     3.60e+08   3424.538s
1163000 +5.03832568e+12 +1.21214306e+27  1.21e+27   1.48e+08     3.60e+08   3427.407s
1164000 +5.03841912e+12 +1.21214318e+27  1.21e+27   1.48e+08     3.61e+08   3430.275s
1165000 +5.03868532e+12 +1.21214330e+27  1.21e+27   1.48e+08     3.60e+08   3433.143s
1166000 +5.03863960e+12 +1.21214343e+27  1.21e+27   1.48e+08     3.60e+08   3436.011s
1167000 +5.03852805e+12 +1.21214355e+27  1.21e+27   1.48e+08     3.60e+08   3438.879s
1168000 +5.03841413e+12 +1.21214367e+27  1.21e+27   1.48e+08     3.60e+08   3441.747s
1169000 +5.03831871e+12 +1.21214379e+27  1.21e+27   1.48e+08     3.60e+08   3444.616s
1170000 +5.04793472e+12 +1.21215444e+27  1.21e+27   1.48e+08     1.57e+11   3447.488s
1171000 +5.06905838e+12 +1.21220717e+27  1.21e+27   1.48e+08     1.56e+11   3450.359s
1172000 +5.08163481e+12 +1.21225989e+27  1.21e+27   1.48e+08     1.56e+11   3453.230s
1173000 +5.09197538e+12 +1.21231261e+27  1.21e+27   1.48e+08     1.57e+11   3456.101s
1174000 +5.10251303e+12 +1.21236534e+27  1.21e+27   1.48e+08     1.57e+11   3458.971s
1175000 +5.11213742e+12 +1.21241810e+27  1.21e+27   1.48e+08     1.58e+11   3461.842s
1176000 +5.12148625e+12 +1.21247089e+27  1.21e+27   1.48e+08     1.58e+11   3464.712s
1177000 +5.13087767e+12 +1.21252372e+27  1.21e+27   1.48e+08     1.58e+11   3467.583s
1178000 +5.13887356e+12 +1.21257659e+27  1.21e+27   1.48e+08     1.58e+11   3470.454s
1179000 +5.14668579e+12 +1.21262950e+27  1.21e+27   1.48e+08     1.58e+11   3473.324s
1180000 +5.15299472e+12 +1.21268243e+27  1.21e+27   1.48e+08     1.58e+11   3476.195s
1181000 +5.15828272e+12 +1.21273537e+27  1.21e+27   1.48e+08     1.57e+11   3479.065s
1182000 +5.16339108e+12 +1.21278832e+27  1.21e+27   1.48e+08     1.57e+11   3481.936s
1183000 +5.16798004e+12 +1.21284129e+27  1.21e+27   1.48e+08     1.57e+11   3484.806s
1184000 +5.17172183e+12 +1.21289426e+27  1.21e+27   1.48e+08     1.57e+11   3487.676s
1185000 +5.17487132e+12 +1.21294723e+27  1.21e+27   1.48e+08     1.56e+11   3490.546s
1186000 +5.17764135e+12 +1.21300020e+27  1.21e+27   1.48e+08     1.56e+11   3493.416s
1187000 +5.17985253e+12 +1.21305317e+27  1.21e+27   1.48e+08     1.56e+11   3496.287s
1188000 +5.18181512e+12 +1.21310613e+27  1.21e+27   1.48e+08     1.56e+11   3499.157s
1189000 +5.18363866e+12 +1.21315910e+27  1.21e+27   1.48e+08     1.56e+11   3502.028s
1190000 +5.18509078e+12 +1.21321206e+27  1.21e+27   1.48e+08     1.55e+11   3504.899s
1191000 +5.18631864e+12 +1.21326501e+27  1.21e+27   1.48e+08     1.55e+11   3507.769s
1192000 +5.18719206e+12 +1.21331795e+27  1.21e+27   1.48e+08     1.55e+11   3510.639s
1193000 +5.18783929e+12 +1.21337089e+27  1.21e+27   1.48e+08     1.55e+11   3513.509s
1194000 +5.18843136e+12 +1.21342382e+27  1.21e+27   1.48e+08     1.55e+11   3516.380s
1195000 +5.18872541e+12 +1.21347674e+27  1.21e+27   1.48e+08     1.55e+11   3519.250s
1196000 +5.18886607e+12 +1.21352967e+27  1.21e+27   1.48e+08     1.55e+11   3522.120s
1197000 +5.18887622e+12 +1.21358258e+27  1.21e+27   1.48e+08     1.55e+11   3524.990s
1198000 +5.18898474e+12 +1.21363549e+27  1.21e+27   1.48e+08     1.55e+11   3527.860s
1199000 +5.18917399e+12 +1.21368840e+27  1.21e+27   1.48e+08     1.55e+11   3530.731s
1200000 +5.18916382e+12 +1.21374131e+27  1.21e+27   1.48e+08     1.55e+11   3533.601s
1201000 +5.18909642e+12 +1.21379421e+27  1.21e+27   1.48e+08     1.55e+11   3536.472s
1202000 +5.18907063e+12 +1.21384711e+27  1.21e+27   1.48e+08     1.55e+11   3539.342s
1203000 +5.18908869e+12 +1.21390002e+27  1.21e+27   1.48e+08     1.55e+11   3542.212s
1204000 +5.18907790e+12 +1.21395292e+27  1.21e+27   1.48e+08     1.55e+11   3545.083s
1205000 +5.18902874e+12 +1.21400582e+27  1.21e+27   1.48e+08     1.55e+11   3547.953s
1206000 +5.18898765e+12 +1.21405873e+27  1.21e+27   1.48e+08     1.55e+11   3550.823s
1207000 +5.18906617e+12 +1.21411163e+27  1.21e+27   1.48e+08     1.55e+11   3553.693s
1208000 +5.18930484e+12 +1.21416454e+27  1.21e+27   1.48e+08     1.55e+11   3556.563s
1209000 +5.18938933e+12 +1.21421744e+27  1.21e+27   1.48e+08     1.55e+11   3559.433s
1210000 +5.18952523e+12 +1.21427035e+27  1.21e+27   1.48e+08     1.55e+11   3562.303s
1211000 +5.18961325e+12 +1.21432326e+27  1.21e+27   1.48e+08     1.55e+11   3565.173s
1212000 +5.18978668e+12 +1.21437616e+27  1.21e+27   1.48e+08     1.55e+11   3568.043s
1213000 +5.18978918e+12 +1.21442907e+27  1.21e+27   1.48e+08     1.55e+11   3570.912s
1214000 +5.18982735e+12 +1.21448198e+27  1.21e+27   1.48e+08     1.55e+11   3573.782s
1215000 +5.18978116e+12 +1.21453489e+27  1.21e+27   1.48e+08     1.55e+11   3576.652s
1216000 +5.18974537e+12 +1.21458779e+27  1.21e+27   1.48e+08     1.55e+11   3579.522s
1217000 +5.18969134e+12 +1.21464070e+27  1.21e+27   1.48e+08     1.55e+11   3582.392s
1218000 +5.18948527e+12 +1.21469361e+27  1.21e+27   1.48e+08     1.55e+11   3585.262s
1219000 +5.18929404e+12 +1.21474652e+27  1.21e+27   1.48e+08     1.55e+11   3588.132s
1220000 +5.18918013e+12 +1.21479942e+27  1.21e+27   1.48e+08     1.55e+11   3591.002s
1221000 +5.18922186e+12 +1.21485233e+27  1.21e+27   1.48e+08     1.55e+11   3593.872s
1222000 +5.18927795e+12 +1.21490524e+27  1.21e+27   1.48e+08     1.55e+11   3596.742s
1223000 +5.18929124e+12 +1.21495814e+27  1.21e+27   1.48e+08     1.55e+11   3599.612s
PDLP finished
Status: Time Limit   Objective: 5.18929194e+12  Iterations: 1223200  Time: 3605.163s

### exit_code=0
### finished=2026-08-10T09:09:13.952641
### gpu_peak_mb=24634.4
### gpu_peak2_mb=24218.4
### per_gpu_peak_mb=[23994.375, 21946.375, 24218.375, 24634.375, 23642.375, 23386.375, 22778.375, 22874.375]
