### solver=cuopt-distributed
### instance=/home/scratch.vmostovoi_gpu/datasets/open_energy_benchmark/pypsa-eur-elec-100-3h.mps
### n_gpus=8
### CUDA_VISIBLE_DEVICES=0,1,2,3,4,5,6,7
### started=2026-07-29T19:30:26.137146
### argv=/home/scratch.vmostovoi_gpu/mostovoi_cuopt/cpp/build/cuopt_cli --use-distributed-pdlp true --method 1 --mps-reader experimental-fast --time-limit 3600 --iteration-limit 1000000000 --relative-primal-tolerance 1e-6 --relative-dual-tolerance 1e-6 --relative-gap-tolerance 1e-6 --log-to-console true /home/scratch.vmostovoi_gpu/datasets/open_energy_benchmark/pypsa-eur-elec-100-3h.mps
### --- solver output ---
Setting parameter iteration_limit to 1000000000
Setting parameter log_to_console to true
Setting parameter method to 1
Setting parameter relative_dual_tolerance to 1.000000e-06
Setting parameter relative_gap_tolerance to 1.000000e-06
Setting parameter relative_primal_tolerance to 1.000000e-06
Setting parameter time_limit to 3.600000e+03
Setting parameter use_distributed_pdlp to true
Reading file pypsa-eur-elec-100-3h.mps
Using experimental fast MPS parser for '/home/scratch.vmostovoi_gpu/datasets/open_energy_benchmark/pypsa-eur-elec-100-3h.mps'
Read file pypsa-eur-elec-100-3h.mps in 3.39 seconds
cuOpt version: 26.8.0, git hash: 7116ead1, host arch: x86_64, device archs: 100a-real
CPU: INTEL(R) XEON(R) PLATINUM 8570, threads (physical/logical): 112/224, RAM: 1183.01 GiB
CUDA 13.3, device: NVIDIA B200 (ID 0), VRAM: 178.34 GiB
CUDA device UUID: 48ab7b4d-7b0a-65b7-4538-4e37338d2330
CUDA 13.3, device: NVIDIA B200 (ID 1), VRAM: 178.34 GiB
CUDA device UUID: 5dd43d25-54eb-687e-91f8-d4c917f40a3c
CUDA 13.3, device: NVIDIA B200 (ID 2), VRAM: 178.34 GiB
CUDA device UUID: a40e62a0-1502-ea41-88b7-8ebfb62f67b6
CUDA 13.3, device: NVIDIA B200 (ID 3), VRAM: 178.34 GiB
CUDA device UUID: 69c2235c-eda1-228c-f9ee-e444f16a4e31
CUDA 13.3, device: NVIDIA B200 (ID 4), VRAM: 178.34 GiB
CUDA device UUID: 92e986d5-fb1f-ac84-bd70-b03e127c762a
CUDA 13.3, device: NVIDIA B200 (ID 5), VRAM: 178.34 GiB
CUDA device UUID: fb4dfdcf-c8fe-1714-a140-0823be2fde13
CUDA 13.3, device: NVIDIA B200 (ID 6), VRAM: 178.34 GiB
CUDA device UUID: 3519c8dd-244c-a241-e2ee-ef61e97ec465
CUDA 13.3, device: NVIDIA B200 (ID 7), VRAM: 178.34 GiB
CUDA device UUID: b80ee313-5762-b760-dd9a-a5669634bef9
Solving a problem with 14064375 constraints, 6720092 variables (0 integers), and 27072974 nonzeros
Using PSLP presolver
PSLP Presolved problem: 4818598 constraints, 6016126 variables, 16580817 non-zeros
PSLP presolve time: 4.99s
Solving with distributed PDLP on 8 GPUs.
NCCL version 2.30.7+cuda13.3
      0 -4.88098763e+10 -4.88098763e+10  0.00e+00   3.37e+06     3.50e+06   12.144s
   1000 +3.80113326e+10 +3.83790120e+10  3.68e+08   1.92e+04     3.61e+02   12.540s
   2000 +3.76621032e+10 +3.79815123e+10  3.19e+08   1.71e+04     9.28e+01   12.769s
   3000 +3.74536045e+10 +3.78041689e+10  3.51e+08   1.91e+04     5.21e+01   12.998s
   4000 +3.73087339e+10 +3.77073536e+10  3.99e+08   1.21e+04     2.91e+01   13.228s
   5000 +3.72213189e+10 +3.76486792e+10  4.27e+08   9.57e+03     2.36e+01   13.457s
   6000 +3.71703595e+10 +3.75881187e+10  4.18e+08   1.24e+04     1.58e+01   13.686s
   7000 +3.70835980e+10 +3.74876927e+10  4.04e+08   1.96e+04     1.62e+01   13.913s
   8000 +3.69976121e+10 +3.74060852e+10  4.08e+08   2.02e+04     1.69e+01   14.144s
   9000 +3.69260076e+10 +3.73457191e+10  4.20e+08   1.84e+04     1.60e+01   14.371s
  10000 +3.68482581e+10 +3.72658408e+10  4.18e+08   3.13e+04     1.01e+01   14.600s
  11000 +3.67935666e+10 +3.71926420e+10  3.99e+08   3.83e+04     1.17e+01   14.829s
  12000 +3.67592701e+10 +3.71252759e+10  3.66e+08   4.20e+04     1.31e+01   15.054s
  13000 +3.67362294e+10 +3.70595457e+10  3.23e+08   4.34e+04     1.42e+01   15.279s
  14000 +3.66791347e+10 +3.70052659e+10  3.26e+08   4.39e+04     1.48e+01   15.505s
  15000 +3.66358676e+10 +3.69397759e+10  3.04e+08   4.72e+04     9.70e+00   15.733s
  16000 +3.65727832e+10 +3.68806338e+10  3.08e+08   5.04e+04     1.05e+01   15.958s
  17000 +3.64981001e+10 +3.68333715e+10  3.35e+08   4.99e+04     1.08e+01   16.184s
  18000 +3.64219896e+10 +3.67804520e+10  3.58e+08   4.87e+04     1.04e+01   16.409s
  19000 +3.63275712e+10 +3.67271106e+10  4.00e+08   4.75e+04     9.96e+00   16.635s
  20000 +3.62388365e+10 +3.66814017e+10  4.43e+08   4.55e+04     9.24e+00   16.861s
  21000 +3.61363511e+10 +3.66280167e+10  4.92e+08   4.08e+04     7.98e+00   17.087s
  22000 +3.60386648e+10 +3.65776684e+10  5.39e+08   3.72e+04     6.68e+00   17.313s
  23000 +3.59477959e+10 +3.65019487e+10  5.54e+08   3.70e+04     3.30e+00   17.539s
  24000 +3.58738806e+10 +3.64290972e+10  5.55e+08   4.15e+04     3.34e+00   17.765s
  25000 +3.57922566e+10 +3.63533024e+10  5.61e+08   4.30e+04     3.28e+00   17.991s
  26000 +3.57274876e+10 +3.62915050e+10  5.64e+08   4.30e+04     3.21e+00   18.216s
  27000 +3.56797167e+10 +3.62427690e+10  5.63e+08   4.23e+04     3.12e+00   18.442s
  28000 +3.56341715e+10 +3.61954749e+10  5.61e+08   4.10e+04     3.02e+00   18.667s
  29000 +3.55997178e+10 +3.61539559e+10  5.54e+08   4.01e+04     2.91e+00   18.894s
  30000 +3.55711655e+10 +3.61147653e+10  5.44e+08   3.85e+04     2.82e+00   19.119s
  31000 +3.55377600e+10 +3.60724820e+10  5.35e+08   3.77e+04     2.71e+00   19.344s
  32000 +3.55127059e+10 +3.60365025e+10  5.24e+08   3.67e+04     2.61e+00   19.570s
  33000 +3.54861810e+10 +3.60008821e+10  5.15e+08   3.54e+04     2.51e+00   19.796s
  34000 +3.54654907e+10 +3.59692375e+10  5.04e+08   3.41e+04     2.41e+00   20.021s
  35000 +3.54419323e+10 +3.59378338e+10  4.96e+08   3.34e+04     2.33e+00   20.247s
  36000 +3.54178364e+10 +3.58870607e+10  4.69e+08   3.70e+04     1.51e+00   20.474s
  37000 +3.54061271e+10 +3.58259234e+10  4.20e+08   4.50e+04     1.56e+00   20.699s
  38000 +3.53900048e+10 +3.57718498e+10  3.82e+08   4.94e+04     1.61e+00   20.925s
  39000 +3.53830505e+10 +3.57317775e+10  3.49e+08   5.12e+04     1.63e+00   21.151s
  40000 +3.53789980e+10 +3.57005804e+10  3.22e+08   5.27e+04     1.64e+00   21.376s
  41000 +3.53725630e+10 +3.56732457e+10  3.01e+08   5.40e+04     1.65e+00   21.602s
  42000 +3.53700591e+10 +3.56477988e+10  2.78e+08   5.44e+04     1.68e+00   21.831s
  43000 +3.53628050e+10 +3.56228804e+10  2.60e+08   5.53e+04     1.70e+00   22.056s
  44000 +3.53586733e+10 +3.55931073e+10  2.34e+08   5.57e+04     1.72e+00   22.282s
  45000 +3.53533592e+10 +3.55646893e+10  2.11e+08   5.50e+04     1.71e+00   22.508s
  46000 +3.53467605e+10 +3.55406042e+10  1.94e+08   5.42e+04     1.70e+00   22.733s
  47000 +3.53321309e+10 +3.55070710e+10  1.75e+08   5.39e+04     1.66e+00   22.959s
  48000 +3.53122410e+10 +3.54678953e+10  1.56e+08   5.29e+04     1.62e+00   23.184s
  49000 +3.52961321e+10 +3.54304053e+10  1.34e+08   5.15e+04     1.56e+00   23.409s
  50000 +3.52754921e+10 +3.54071147e+10  1.32e+08   4.95e+04     1.49e+00   23.637s
  51000 +3.52573814e+10 +3.53932626e+10  1.36e+08   4.80e+04     1.44e+00   23.863s
  52000 +3.52389850e+10 +3.53828523e+10  1.44e+08   4.71e+04     1.41e+00   24.089s
  53000 +3.52304285e+10 +3.53713208e+10  1.41e+08   4.61e+04     1.37e+00   24.314s
  54000 +3.52228078e+10 +3.53533352e+10  1.31e+08   4.55e+04     1.33e+00   24.540s
  55000 +3.52136087e+10 +3.53360729e+10  1.22e+08   4.47e+04     1.29e+00   24.765s
  56000 +3.51936343e+10 +3.53176746e+10  1.24e+08   4.48e+04     7.89e-01   24.992s
  57000 +3.51921465e+10 +3.52894793e+10  9.73e+07   4.89e+04     8.17e-01   25.219s
  58000 +3.51912337e+10 +3.52535832e+10  6.23e+07   5.19e+04     8.46e-01   25.445s
  59000 +3.51902450e+10 +3.52215238e+10  3.13e+07   5.29e+04     8.63e-01   25.670s
  60000 +3.51876909e+10 +3.51971804e+10  9.49e+06   5.39e+04     8.86e-01   25.897s
  61000 +3.51894459e+10 +3.51791592e+10  1.03e+07   5.44e+04     9.03e-01   26.122s
  62000 +3.51828640e+10 +3.51651618e+10  1.77e+07   5.44e+04     9.20e-01   26.348s
  63000 +3.51784932e+10 +3.51526511e+10  2.58e+07   5.46e+04     9.20e-01   26.574s
  64000 +3.51683120e+10 +3.51406821e+10  2.76e+07   5.48e+04     9.26e-01   26.800s
  65000 +3.51669224e+10 +3.51294117e+10  3.75e+07   5.46e+04     9.16e-01   27.025s
  66000 +3.51599329e+10 +3.51203062e+10  3.96e+07   5.45e+04     9.17e-01   27.250s
  67000 +3.51536868e+10 +3.51116187e+10  4.21e+07   5.40e+04     9.05e-01   27.475s
  68000 +3.51464495e+10 +3.51034424e+10  4.30e+07   5.36e+04     8.97e-01   27.703s
  69000 +3.51381367e+10 +3.50958098e+10  4.23e+07   5.33e+04     8.83e-01   27.928s
  70000 +3.51299101e+10 +3.50885069e+10  4.14e+07   5.26e+04     8.68e-01   28.154s
  71000 +3.51193317e+10 +3.50828758e+10  3.65e+07   5.22e+04     8.51e-01   28.379s
  72000 +3.51153601e+10 +3.50764789e+10  3.89e+07   5.17e+04     8.38e-01   28.605s
  73000 +3.51062559e+10 +3.50709634e+10  3.53e+07   5.11e+04     8.21e-01   28.831s
  74000 +3.50999848e+10 +3.50659172e+10  3.41e+07   5.08e+04     8.09e-01   29.058s
  75000 +3.50892452e+10 +3.50621988e+10  2.70e+07   5.02e+04     7.91e-01   29.284s
  76000 +3.50772146e+10 +3.50584080e+10  1.88e+07   4.94e+04     7.76e-01   29.510s
  77000 +3.50730458e+10 +3.50538926e+10  1.92e+07   4.92e+04     7.59e-01   29.736s
  78000 +3.50616225e+10 +3.50496133e+10  1.20e+07   4.85e+04     7.49e-01   29.961s
  79000 +3.50565990e+10 +3.50456363e+10  1.10e+07   4.79e+04     7.35e-01   30.187s
  80000 +3.50469087e+10 +3.50411687e+10  5.74e+06   4.69e+04     7.21e-01   30.412s
  81000 +3.50394881e+10 +3.50375930e+10  1.90e+06   4.63e+04     7.03e-01   30.637s
  82000 +3.50349781e+10 +3.50345571e+10  4.21e+05   4.55e+04     6.85e-01   30.863s
  83000 +3.50281915e+10 +3.50318563e+10  3.66e+06   4.48e+04     6.74e-01   31.088s
  84000 +3.50240043e+10 +3.50292983e+10  5.29e+06   4.39e+04     6.63e-01   31.314s
  85000 +3.50160863e+10 +3.50269287e+10  1.08e+07   4.32e+04     6.51e-01   31.539s
  86000 +3.50108090e+10 +3.50245960e+10  1.38e+07   4.24e+04     6.39e-01   31.764s
  87000 +3.49841898e+10 +3.50205542e+10  3.64e+07   4.07e+04     5.70e-01   31.991s
  88000 +3.49748073e+10 +3.50149909e+10  4.02e+07   4.01e+04     5.66e-01   32.216s
  89000 +3.49691424e+10 +3.50108595e+10  4.17e+07   3.95e+04     5.65e-01   32.441s
  90000 +3.49599687e+10 +3.50079695e+10  4.80e+07   3.87e+04     5.64e-01   32.666s
  91000 +3.49505155e+10 +3.50058585e+10  5.53e+07   3.80e+04     5.57e-01   32.892s
  92000 +3.49424692e+10 +3.50007744e+10  5.83e+07   3.74e+04     5.51e-01   33.117s
  93000 +3.49341045e+10 +3.49911189e+10  5.70e+07   3.70e+04     5.55e-01   33.343s
  94000 +3.49288924e+10 +3.49822932e+10  5.34e+07   3.67e+04     5.47e-01   33.568s
  95000 +3.49262193e+10 +3.49733453e+10  4.71e+07   3.61e+04     5.40e-01   33.793s
  96000 +3.49180239e+10 +3.49625117e+10  4.45e+07   3.57e+04     5.34e-01   34.019s
  97000 +3.49095805e+10 +3.49544742e+10  4.49e+07   3.51e+04     5.31e-01   34.243s
  98000 +3.49062029e+10 +3.49495056e+10  4.33e+07   3.44e+04     5.25e-01   34.468s
  99000 +3.49016702e+10 +3.49449596e+10  4.33e+07   3.39e+04     5.16e-01   34.693s
 100000 +3.49022296e+10 +3.49410281e+10  3.88e+07   3.33e+04     5.08e-01   34.919s
 101000 +3.48994951e+10 +3.49393210e+10  3.98e+07   3.29e+04     5.03e-01   35.145s
 102000 +3.48992352e+10 +3.49371882e+10  3.80e+07   3.21e+04     4.97e-01   35.370s
 103000 +3.48981385e+10 +3.49345941e+10  3.65e+07   3.15e+04     4.88e-01   35.596s
 104000 +3.48951761e+10 +3.49326165e+10  3.74e+07   3.11e+04     4.79e-01   35.821s
 105000 +3.48957958e+10 +3.49309692e+10  3.52e+07   3.04e+04     4.66e-01   36.047s
 106000 +3.48965263e+10 +3.49294704e+10  3.29e+07   2.98e+04     4.58e-01   36.273s
 107000 +3.48954863e+10 +3.49273796e+10  3.19e+07   2.93e+04     4.50e-01   36.498s
 108000 +3.48938568e+10 +3.49269402e+10  3.31e+07   2.88e+04     4.45e-01   36.724s
 109000 +3.48935349e+10 +3.49251706e+10  3.16e+07   2.82e+04     4.40e-01   36.949s
 110000 +3.48939596e+10 +3.49237539e+10  2.98e+07   2.78e+04     4.33e-01   37.175s
 111000 +3.48938377e+10 +3.49232067e+10  2.94e+07   2.73e+04     4.29e-01   37.400s
 112000 +3.48953161e+10 +3.49236403e+10  2.83e+07   2.68e+04     4.25e-01   37.625s
 113000 +3.48929054e+10 +3.49235665e+10  3.07e+07   2.64e+04     4.19e-01   37.850s
 114000 +3.48936628e+10 +3.49240009e+10  3.03e+07   2.60e+04     4.15e-01   38.076s
 115000 +3.48930896e+10 +3.49256042e+10  3.25e+07   2.55e+04     4.11e-01   38.301s
 116000 +3.48942802e+10 +3.49272414e+10  3.30e+07   2.51e+04     4.07e-01   38.527s
 117000 +3.48928860e+10 +3.49265114e+10  3.36e+07   2.48e+04     4.02e-01   38.752s
 118000 +3.48931976e+10 +3.49254337e+10  3.22e+07   2.44e+04     3.94e-01   38.978s
 119000 +3.48940304e+10 +3.49242432e+10  3.02e+07   2.40e+04     3.89e-01   39.203s
 120000 +3.48953626e+10 +3.49233366e+10  2.80e+07   2.37e+04     3.83e-01   39.429s
 121000 +3.48956696e+10 +3.49226707e+10  2.70e+07   2.33e+04     3.73e-01   39.654s
 122000 +3.48959134e+10 +3.49226614e+10  2.67e+07   2.29e+04     3.66e-01   39.879s
 123000 +3.48960577e+10 +3.49231509e+10  2.71e+07   2.25e+04     3.58e-01   40.104s
 124000 +3.48964874e+10 +3.49235034e+10  2.70e+07   2.21e+04     3.51e-01   40.330s
 125000 +3.48969860e+10 +3.49240785e+10  2.71e+07   2.17e+04     3.45e-01   40.556s
 126000 +3.48975900e+10 +3.49243147e+10  2.67e+07   2.15e+04     3.38e-01   40.781s
 127000 +3.48971331e+10 +3.49245444e+10  2.74e+07   2.12e+04     3.35e-01   41.006s
 128000 +3.48976384e+10 +3.49249206e+10  2.73e+07   2.08e+04     3.31e-01   41.232s
 129000 +3.48979504e+10 +3.49260211e+10  2.81e+07   2.05e+04     3.29e-01   41.458s
 130000 +3.48977189e+10 +3.49269905e+10  2.93e+07   2.03e+04     3.23e-01   41.683s
 131000 +3.48977711e+10 +3.49281069e+10  3.03e+07   2.00e+04     3.20e-01   41.908s
 132000 +3.48975483e+10 +3.49290593e+10  3.15e+07   1.97e+04     3.18e-01   42.134s
 133000 +3.48968797e+10 +3.49300142e+10  3.31e+07   1.95e+04     3.14e-01   42.359s
 134000 +3.48972761e+10 +3.49306788e+10  3.34e+07   1.94e+04     3.12e-01   42.585s
 135000 +3.48964377e+10 +3.49310314e+10  3.46e+07   1.91e+04     3.11e-01   42.810s
 136000 +3.49014722e+10 +3.49259208e+10  2.44e+07   1.79e+04     1.64e+00   43.037s
 137000 +3.48999264e+10 +3.49200991e+10  2.02e+07   1.68e+04     1.58e+00   43.262s
 138000 +3.48987864e+10 +3.49163588e+10  1.76e+07   1.59e+04     1.52e+00   43.487s
 139000 +3.48946466e+10 +3.49126094e+10  1.80e+07   1.51e+04     1.48e+00   43.713s
 140000 +3.48932660e+10 +3.49102677e+10  1.70e+07   1.43e+04     1.44e+00   43.938s
 141000 +3.48945441e+10 +3.49084672e+10  1.39e+07   1.37e+04     1.40e+00   44.163s
 142000 +3.48954957e+10 +3.49080723e+10  1.26e+07   1.30e+04     1.35e+00   44.388s
 143000 +3.48964260e+10 +3.49093774e+10  1.30e+07   1.24e+04     1.30e+00   44.613s
 144000 +3.48978177e+10 +3.49113144e+10  1.35e+07   1.19e+04     1.25e+00   44.838s
 145000 +3.48983877e+10 +3.49131752e+10  1.48e+07   1.14e+04     1.21e+00   45.063s
 146000 +3.48994202e+10 +3.49154166e+10  1.60e+07   1.09e+04     1.17e+00   45.288s
 147000 +3.49008950e+10 +3.49171356e+10  1.62e+07   1.04e+04     1.14e+00   45.513s
 148000 +3.49021198e+10 +3.49196328e+10  1.75e+07   1.00e+04     1.10e+00   45.738s
 149000 +3.49040043e+10 +3.49214227e+10  1.74e+07   9.67e+03     1.06e+00   45.963s
 150000 +3.49046423e+10 +3.49238354e+10  1.92e+07   9.25e+03     1.03e+00   46.188s
 151000 +3.49062255e+10 +3.49261068e+10  1.99e+07   8.90e+03     9.88e-01   46.413s
 152000 +3.49086589e+10 +3.49281969e+10  1.95e+07   8.66e+03     9.60e-01   46.638s
 153000 +3.49098915e+10 +3.49299517e+10  2.01e+07   8.23e+03     9.26e-01   46.863s
 154000 +3.49128038e+10 +3.49315214e+10  1.87e+07   7.93e+03     8.89e-01   47.088s
 155000 +3.49146605e+10 +3.49331404e+10  1.85e+07   7.64e+03     8.52e-01   47.313s
 156000 +3.49170154e+10 +3.49339676e+10  1.70e+07   7.45e+03     8.23e-01   47.538s
 157000 +3.49185717e+10 +3.49352670e+10  1.67e+07   7.17e+03     7.94e-01   47.763s
 158000 +3.49202532e+10 +3.49361867e+10  1.59e+07   6.92e+03     7.69e-01   47.988s
 159000 +3.49211400e+10 +3.49369868e+10  1.58e+07   6.72e+03     7.40e-01   48.213s
 160000 +3.49231705e+10 +3.49379174e+10  1.47e+07   6.52e+03     7.24e-01   48.438s
 161000 +3.49247461e+10 +3.49388387e+10  1.41e+07   6.30e+03     7.02e-01   48.663s
 162000 +3.49264348e+10 +3.49404075e+10  1.40e+07   6.12e+03     6.81e-01   48.888s
 163000 +3.49281797e+10 +3.49413795e+10  1.32e+07   5.92e+03     6.60e-01   49.113s
 164000 +3.49286110e+10 +3.49423989e+10  1.38e+07   5.76e+03     6.36e-01   49.338s
 165000 +3.49300368e+10 +3.49424398e+10  1.24e+07   5.56e+03     6.17e-01   49.563s
 166000 +3.49306123e+10 +3.49426151e+10  1.20e+07   5.39e+03     6.02e-01   49.787s
 167000 +3.49315332e+10 +3.49430703e+10  1.15e+07   5.25e+03     5.88e-01   50.012s
 168000 +3.49315931e+10 +3.49439080e+10  1.23e+07   5.13e+03     5.70e-01   50.237s
 169000 +3.49325206e+10 +3.49451570e+10  1.26e+07   4.96e+03     5.57e-01   50.462s
 170000 +3.49325548e+10 +3.49461570e+10  1.36e+07   4.84e+03     5.46e-01   50.687s
 171000 +3.49337139e+10 +3.49470421e+10  1.33e+07   4.72e+03     5.32e-01   50.912s
 172000 +3.49344755e+10 +3.49474875e+10  1.30e+07   4.61e+03     5.14e-01   51.138s
 173000 +3.49348932e+10 +3.49481040e+10  1.32e+07   4.51e+03     5.00e-01   51.363s
 174000 +3.49350574e+10 +3.49484871e+10  1.34e+07   4.39e+03     4.92e-01   51.589s
 175000 +3.49360691e+10 +3.49488847e+10  1.28e+07   4.29e+03     4.78e-01   51.814s
 176000 +3.49368999e+10 +3.49490556e+10  1.22e+07   4.18e+03     4.67e-01   52.040s
 177000 +3.49378119e+10 +3.49492391e+10  1.14e+07   4.07e+03     4.54e-01   52.265s
 178000 +3.49378691e+10 +3.49495186e+10  1.16e+07   3.99e+03     4.47e-01   52.491s
 179000 +3.49386541e+10 +3.49497014e+10  1.10e+07   3.87e+03     4.36e-01   52.716s
 180000 +3.49394643e+10 +3.49498309e+10  1.04e+07   3.82e+03     4.25e-01   52.942s
 181000 +3.49399473e+10 +3.49499800e+10  1.00e+07   3.74e+03     4.17e-01   53.167s
 182000 +3.49400476e+10 +3.49499673e+10  9.92e+06   3.66e+03     4.10e-01   53.393s
 183000 +3.49520154e+10 +3.49483192e+10  3.70e+06   3.01e+03     1.35e+00   53.620s
 184000 +3.49532886e+10 +3.49470064e+10  6.28e+06   2.64e+03     1.07e+00   53.845s
 185000 +3.49542048e+10 +3.49462435e+10  7.96e+06   2.30e+03     9.50e-01   54.070s
 186000 +3.49548158e+10 +3.49457064e+10  9.11e+06   2.05e+03     8.71e-01   54.295s
 187000 +3.49554931e+10 +3.49449123e+10  1.06e+07   1.87e+03     8.07e-01   54.520s
 188000 +3.49559537e+10 +3.49452028e+10  1.08e+07   1.70e+03     7.44e-01   54.745s
 189000 +3.49565288e+10 +3.49454046e+10  1.11e+07   1.57e+03     6.86e-01   54.970s
 190000 +3.49566561e+10 +3.49457101e+10  1.09e+07   1.45e+03     6.45e-01   55.195s
 191000 +3.49567156e+10 +3.49463552e+10  1.04e+07   1.32e+03     6.14e-01   55.421s
 192000 +3.49566313e+10 +3.49467340e+10  9.90e+06   1.21e+03     5.87e-01   55.646s
 193000 +3.49569800e+10 +3.49472645e+10  9.72e+06   1.15e+03     5.55e-01   55.871s
 194000 +3.49569898e+10 +3.49479227e+10  9.07e+06   1.06e+03     5.46e-01   56.097s
 195000 +3.49573290e+10 +3.49484298e+10  8.90e+06   1.01e+03     5.20e-01   56.322s
 196000 +3.49573676e+10 +3.49489778e+10  8.39e+06   9.46e+02     5.01e-01   56.548s
 197000 +3.49574739e+10 +3.49495922e+10  7.88e+06   8.91e+02     4.86e-01   56.773s
 198000 +3.49577945e+10 +3.49502085e+10  7.59e+06   8.49e+02     4.73e-01   56.998s
 199000 +3.49579117e+10 +3.49503759e+10  7.54e+06   8.07e+02     4.57e-01   57.224s
 200000 +3.49580087e+10 +3.49506471e+10  7.36e+06   7.75e+02     4.51e-01   57.450s
 201000 +3.49582198e+10 +3.49510161e+10  7.20e+06   7.49e+02     4.38e-01   57.675s
 202000 +3.49583579e+10 +3.49512159e+10  7.14e+06   7.17e+02     4.30e-01   57.900s
 203000 +3.49583570e+10 +3.49516314e+10  6.73e+06   6.91e+02     4.24e-01   58.125s
 204000 +3.49583026e+10 +3.49519543e+10  6.35e+06   6.58e+02     4.19e-01   58.350s
 205000 +3.49583508e+10 +3.49522030e+10  6.15e+06   6.37e+02     4.08e-01   58.575s
 206000 +3.49584265e+10 +3.49523426e+10  6.08e+06   6.12e+02     4.04e-01   58.800s
 207000 +3.49584611e+10 +3.49523366e+10  6.12e+06   5.90e+02     4.00e-01   59.025s
 208000 +3.49584096e+10 +3.49525079e+10  5.90e+06   5.70e+02     3.96e-01   59.250s
 209000 +3.49585069e+10 +3.49527374e+10  5.77e+06   5.59e+02     3.89e-01   59.475s
 210000 +3.49584733e+10 +3.49530695e+10  5.40e+06   5.41e+02     3.87e-01   59.700s
 211000 +3.49585484e+10 +3.49532619e+10  5.29e+06   5.25e+02     3.87e-01   59.925s
 212000 +3.49585122e+10 +3.49534344e+10  5.08e+06   5.16e+02     3.79e-01   60.150s
 213000 +3.49586167e+10 +3.49538179e+10  4.80e+06   5.04e+02     3.76e-01   60.375s
 214000 +3.49590918e+10 +3.49541796e+10  4.91e+06   3.97e+02     1.06e+00   60.602s
 215000 +3.49592577e+10 +3.49546664e+10  4.59e+06   3.61e+02     1.04e+00   60.827s
 216000 +3.49592937e+10 +3.49548550e+10  4.44e+06   3.31e+02     1.02e+00   61.052s
 217000 +3.49593185e+10 +3.49550173e+10  4.30e+06   3.07e+02     1.00e+00   61.277s
 218000 +3.49594136e+10 +3.49553405e+10  4.07e+06   2.92e+02     9.89e-01   61.502s
 219000 +3.49594105e+10 +3.49556127e+10  3.80e+06   2.80e+02     9.79e-01   61.727s
 220000 +3.49593761e+10 +3.49557262e+10  3.65e+06   2.70e+02     9.71e-01   61.952s
 221000 +3.49594079e+10 +3.49559124e+10  3.50e+06   2.62e+02     9.62e-01   62.177s
 222000 +3.49593994e+10 +3.49562149e+10  3.18e+06   2.59e+02     9.56e-01   62.402s
 223000 +3.49594166e+10 +3.49565383e+10  2.88e+06   2.53e+02     9.51e-01   62.627s
 224000 +3.49594282e+10 +3.49565796e+10  2.85e+06   2.49e+02     9.44e-01   62.853s
 225000 +3.49594443e+10 +3.49564435e+10  3.00e+06   2.35e+02     5.82e+00   63.080s
 226000 +3.49595079e+10 +3.49567876e+10  2.72e+06   2.16e+02     5.80e+00   63.306s
 227000 +3.49595999e+10 +3.49569185e+10  2.68e+06   1.97e+02     5.33e+00   63.532s
 228000 +3.49596629e+10 +3.49567487e+10  2.91e+06   1.85e+02     5.14e+00   63.757s
 229000 +3.49597221e+10 +3.49571011e+10  2.62e+06   1.80e+02     5.02e+00   63.982s
 230000 +3.49597495e+10 +3.49574263e+10  2.32e+06   1.76e+02     4.65e+00   64.207s
 231000 +3.49598021e+10 +3.49575807e+10  2.22e+06   1.70e+02     4.71e+00   64.432s
 232000 +3.49598341e+10 +3.49575291e+10  2.30e+06   1.67e+02     4.41e+00   64.657s
 233000 +3.49598971e+10 +3.49577836e+10  2.11e+06   1.62e+02     4.30e+00   64.882s
 234000 +3.49599385e+10 +3.49578224e+10  2.12e+06   1.60e+02     4.16e+00   65.107s
 235000 +3.49599695e+10 +3.49579964e+10  1.97e+06   1.57e+02     4.06e+00   65.332s
 236000 +3.49599938e+10 +3.49580314e+10  1.96e+06   1.55e+02     3.91e+00   65.557s
 237000 +3.49600175e+10 +3.49581895e+10  1.83e+06   1.53e+02     3.87e+00   65.782s
 238000 +3.49600582e+10 +3.49582507e+10  1.81e+06   1.51e+02     3.89e+00   66.007s
 239000 +3.49600596e+10 +3.49583949e+10  1.66e+06   1.49e+02     3.71e+00   66.232s
 240000 +3.49600696e+10 +3.49582948e+10  1.77e+06   1.48e+02     3.64e+00   66.457s
 241000 +3.49601102e+10 +3.49583999e+10  1.71e+06   1.45e+02     3.78e+00   66.682s
 242000 +3.49604117e+10 +3.49581442e+10  2.27e+06   1.23e+02     9.75e+01   66.909s
 243000 +3.49609106e+10 +3.49611864e+10  2.76e+05   9.71e+01     1.79e+02   67.134s
 244000 +3.49613834e+10 +3.49645377e+10  3.15e+06   8.82e+01     1.15e+02   67.358s
 245000 +3.49614047e+10 +3.49610043e+10  4.00e+05   8.08e+01     5.01e+01   67.583s
 246000 +3.49615017e+10 +3.49602794e+10  1.22e+06   7.40e+01     8.08e+01   67.808s
 247000 +3.49617203e+10 +3.49643811e+10  2.66e+06   6.36e+01     1.08e+02   68.033s
 248000 +3.49621102e+10 +3.49634011e+10  1.29e+06   5.19e+01     1.21e+02   68.258s
 249000 +3.49623543e+10 +3.49649339e+10  2.58e+06   4.60e+01     9.89e+01   68.483s
 250000 +3.49625021e+10 +3.49619414e+10  5.61e+05   4.23e+01     7.05e+01   68.708s
 251000 +3.49625506e+10 +3.49613399e+10  1.21e+06   4.04e+01     4.72e+01   68.933s
 252000 +3.49625416e+10 +3.49617829e+10  7.59e+05   3.60e+01     3.98e+01   69.160s
 253000 +3.49626205e+10 +3.49625529e+10  6.77e+04   3.47e+01     6.20e+01   69.385s
 254000 +3.49627069e+10 +3.49640009e+10  1.29e+06   3.41e+01     6.83e+01   69.610s
 255000 +3.49628523e+10 +3.49642254e+10  1.37e+06   2.30e+01     1.12e+02   69.835s
 256000 +3.49630814e+10 +3.49627597e+10  3.22e+05   1.56e+01     1.32e+02   70.060s
 257000 +3.49632823e+10 +3.49634641e+10  1.82e+05   1.07e+01     1.21e+02   70.285s
 258000 +3.49634250e+10 +3.49634904e+10  6.54e+04   8.03e+00     9.92e+01   70.509s
 259000 +3.49634861e+10 +3.49646125e+10  1.13e+06   7.28e+00     7.29e+01   70.734s
 260000 +3.49634831e+10 +3.49632123e+10  2.71e+05   7.23e+00     5.03e+01   70.959s
 261000 +3.49634555e+10 +3.49643070e+10  8.51e+05   7.22e+00     3.74e+01   71.185s
 262000 +3.49634624e+10 +3.49639188e+10  4.56e+05   5.12e+00     3.07e+01   71.411s
 263000 +3.49635076e+10 +3.49633509e+10  1.57e+05   3.96e+00     2.63e+01   71.636s
 264000 +3.49635417e+10 +3.49625207e+10  1.02e+06   3.94e+00     2.03e+01   71.861s
 265000 +3.49635574e+10 +3.49614958e+10  2.06e+06   3.94e+00     1.39e+01   72.086s
 266000 +3.49635539e+10 +3.49613522e+10  2.20e+06   3.84e+00     7.99e+00   72.311s
 267000 +3.49635423e+10 +3.49615842e+10  1.96e+06   3.56e+00     3.71e+00   72.536s
 268000 +3.49635257e+10 +3.49612396e+10  2.29e+06   3.26e+00     2.31e+00   72.761s
 269000 +3.49635134e+10 +3.49616952e+10  1.82e+06   2.92e+00     2.17e+00   72.986s
 270000 +3.49635005e+10 +3.49613568e+10  2.14e+06   2.62e+00     2.10e+00   73.211s
 271000 +3.49634940e+10 +3.49614691e+10  2.02e+06   2.48e+00     2.38e+00   73.436s
 272000 +3.49634927e+10 +3.49613081e+10  2.18e+06   2.38e+00     2.47e+00   73.660s
 273000 +3.49634913e+10 +3.49615315e+10  1.96e+06   2.30e+00     2.41e+00   73.885s
 274000 +3.49634898e+10 +3.49611425e+10  2.35e+06   2.20e+00     2.29e+00   74.110s
 275000 +3.49634891e+10 +3.49614707e+10  2.02e+06   2.06e+00     2.06e+00   74.335s
 276000 +3.49634858e+10 +3.49610625e+10  2.42e+06   2.00e+00     1.86e+00   74.560s
 277000 +3.49634835e+10 +3.49610234e+10  2.46e+06   1.95e+00     1.78e+00   74.785s
 278000 +3.49634799e+10 +3.49614154e+10  2.06e+06   1.82e+00     1.76e+00   75.010s
 279000 +3.49634784e+10 +3.49612926e+10  2.19e+06   1.74e+00     1.71e+00   75.235s
 280000 +3.49634765e+10 +3.49616110e+10  1.87e+06   1.62e+00     1.77e+00   75.460s
 281000 +3.49634762e+10 +3.49614281e+10  2.05e+06   1.63e+00     1.85e+00   75.685s
 282000 +3.49634758e+10 +3.49610301e+10  2.45e+06   1.64e+00     1.92e+00   75.910s
 283000 +3.49634761e+10 +3.49611651e+10  2.31e+06   1.60e+00     1.96e+00   76.135s
 284000 +3.49634766e+10 +3.49613903e+10  2.09e+06   1.58e+00     1.69e+00   76.360s
 285000 +3.49634760e+10 +3.49609220e+10  2.55e+06   1.61e+00     1.59e+00   76.584s
 286000 +3.49634748e+10 +3.49612998e+10  2.18e+06   1.69e+00     1.57e+00   76.809s
 287000 +3.49634726e+10 +3.49612612e+10  2.21e+06   1.68e+00     1.55e+00   77.034s
 288000 +3.49634704e+10 +3.49607777e+10  2.69e+06   1.53e+00     1.55e+00   77.259s
 289000 +3.49634681e+10 +3.49609034e+10  2.56e+06   1.60e+00     1.54e+00   77.484s
 290000 +3.49634668e+10 +3.49607053e+10  2.76e+06   1.53e+00     1.58e+00   77.709s
 291000 +3.49634735e+10 +3.49606474e+10  2.83e+06   3.79e+00     1.93e+00   77.935s
 292000 +3.49634761e+10 +3.49603784e+10  3.10e+06   3.18e+00     1.65e+00   78.160s
 293000 +3.49634797e+10 +3.49601700e+10  3.31e+06   3.29e+00     1.41e+00   78.385s
 294000 +3.49634787e+10 +3.49599925e+10  3.49e+06   3.30e+00     1.24e+00   78.610s
 295000 +3.49634760e+10 +3.49603273e+10  3.15e+06   3.85e+00     1.16e+00   78.835s
 296000 +3.49634700e+10 +3.49604443e+10  3.03e+06   3.58e+00     1.13e+00   79.060s
 297000 +3.49634674e+10 +3.49602309e+10  3.24e+06   3.61e+00     1.11e+00   79.285s
 298000 +3.49634642e+10 +3.49602947e+10  3.17e+06   3.38e+00     1.16e+00   79.509s
 299000 +3.49634590e+10 +3.49603535e+10  3.11e+06   3.27e+00     1.18e+00   79.734s
 300000 +3.49634610e+10 +3.49602883e+10  3.17e+06   3.38e+00     1.03e+00   79.959s
 301000 +3.49634608e+10 +3.49604741e+10  2.99e+06   3.33e+00     1.11e+00   80.184s
 302000 +3.49634618e+10 +3.49607236e+10  2.74e+06   3.54e+00     1.14e+00   80.409s
 303000 +3.49634603e+10 +3.49605789e+10  2.88e+06   3.38e+00     1.14e+00   80.634s
 304000 +3.49634621e+10 +3.49605799e+10  2.88e+06   3.50e+00     1.12e+00   80.859s
 305000 +3.49634573e+10 +3.49606396e+10  2.82e+06   3.35e+00     1.19e+00   81.085s
 306000 +3.49634566e+10 +3.49607863e+10  2.67e+06   3.28e+00     1.09e+00   81.310s
 307000 +3.49634573e+10 +3.49606655e+10  2.79e+06   3.25e+00     1.00e+00   81.535s
 308000 +3.49634559e+10 +3.49607590e+10  2.70e+06   3.26e+00     9.83e-01   81.759s
 309000 +3.49634559e+10 +3.49606728e+10  2.78e+06   3.24e+00     8.13e-01   81.984s
 310000 +3.49634602e+10 +3.49604455e+10  3.01e+06   3.23e+00     7.31e-01   82.209s
 311000 +3.49634624e+10 +3.49605467e+10  2.92e+06   3.11e+00     6.91e-01   82.434s
 312000 +3.49634619e+10 +3.49605957e+10  2.87e+06   3.06e+00     6.93e-01   82.659s
 313000 +3.49634596e+10 +3.49605858e+10  2.87e+06   3.04e+00     6.96e-01   82.884s
 314000 +3.49634573e+10 +3.49607351e+10  2.72e+06   2.97e+00     7.09e-01   83.109s
 315000 +3.49634532e+10 +3.49606647e+10  2.79e+06   3.01e+00     6.88e-01   83.334s
 316000 +3.49634518e+10 +3.49604464e+10  3.01e+06   3.37e+00     5.89e-01   83.559s
 317000 +3.49634544e+10 +3.49603634e+10  3.09e+06   3.45e+00     5.58e-01   83.784s
 318000 +3.49634552e+10 +3.49602411e+10  3.21e+06   3.15e+00     5.61e-01   84.009s
 319000 +3.49634459e+10 +3.49602367e+10  3.21e+06   1.42e+01     5.28e-01   84.235s
 320000 +3.49634547e+10 +3.49603314e+10  3.12e+06   1.87e+01     5.29e-01   84.460s
 321000 +3.49634777e+10 +3.49607691e+10  2.71e+06   2.00e+01     4.78e-01   84.685s
 322000 +3.49634829e+10 +3.49610983e+10  2.38e+06   1.95e+01     4.13e-01   84.910s
 323000 +3.49635081e+10 +3.49611294e+10  2.38e+06   2.02e+01     3.81e-01   85.135s
 324000 +3.49635038e+10 +3.49610679e+10  2.44e+06   1.86e+01     2.91e-01   85.360s
 325000 +3.49635043e+10 +3.49608844e+10  2.62e+06   1.85e+01     2.82e-01   85.585s
 326000 +3.49635035e+10 +3.49608081e+10  2.70e+06   1.72e+01     2.56e-01   85.810s
 327000 +3.49635105e+10 +3.49608589e+10  2.65e+06   1.58e+01     2.55e-01   86.035s
 328000 +3.49635118e+10 +3.49607867e+10  2.73e+06   1.39e+01     2.20e-01   86.260s
 329000 +3.49635116e+10 +3.49606912e+10  2.82e+06   1.35e+01     2.19e-01   86.485s
 330000 +3.49635161e+10 +3.49606091e+10  2.91e+06   1.41e+01     2.02e-01   86.710s
 331000 +3.49635151e+10 +3.49607000e+10  2.82e+06   1.32e+01     2.01e-01   86.935s
 332000 +3.49635183e+10 +3.49607201e+10  2.80e+06   1.23e+01     1.77e-01   87.160s
 333000 +3.49635068e+10 +3.49608299e+10  2.68e+06   1.14e+01     1.69e-01   87.385s
 334000 +3.49635017e+10 +3.49608329e+10  2.67e+06   1.13e+01     1.74e-01   87.610s
 335000 +3.49634973e+10 +3.49608011e+10  2.70e+06   1.12e+01     1.61e-01   87.834s
 336000 +3.49634979e+10 +3.49606997e+10  2.80e+06   1.06e+01     1.56e-01   88.059s
 337000 +3.49634929e+10 +3.49607310e+10  2.76e+06   1.08e+01     1.49e-01   88.284s
 338000 +3.49634901e+10 +3.49608060e+10  2.68e+06   1.06e+01     1.58e-01   88.509s
 339000 +3.49635013e+10 +3.49608147e+10  2.69e+06   1.01e+01     1.93e-01   88.734s
 340000 +3.49635077e+10 +3.49607717e+10  2.74e+06   9.85e+00     1.45e-01   88.959s
 341000 +3.49634998e+10 +3.49608577e+10  2.64e+06   1.02e+01     1.67e-01   89.184s
 342000 +3.49634906e+10 +3.49608453e+10  2.65e+06   9.97e+00     1.52e-01   89.408s
 343000 +3.49634854e+10 +3.49609056e+10  2.58e+06   9.70e+00     1.31e-01   89.633s
 344000 +3.49634835e+10 +3.49608754e+10  2.61e+06   1.04e+01     1.29e-01   89.858s
 345000 +3.49634817e+10 +3.49608392e+10  2.64e+06   9.88e+00     1.27e-01   90.083s
 346000 +3.49634908e+10 +3.49607900e+10  2.70e+06   9.22e+00     1.22e-01   90.308s
 347000 +3.49634874e+10 +3.49608783e+10  2.61e+06   9.15e+00     1.18e-01   90.533s
 348000 +3.49634852e+10 +3.49610072e+10  2.48e+06   8.91e+00     1.14e-01   90.758s
 349000 +3.49634797e+10 +3.49610503e+10  2.43e+06   9.02e+00     1.14e-01   90.983s
 350000 +3.49634773e+10 +3.49610422e+10  2.44e+06   8.90e+00     1.07e-01   91.209s
 351000 +3.49634782e+10 +3.49610860e+10  2.39e+06   8.54e+00     1.11e-01   91.434s
 352000 +3.49634767e+10 +3.49611136e+10  2.36e+06   8.65e+00     1.07e-01   91.659s
 353000 +3.49634705e+10 +3.49610757e+10  2.39e+06   8.53e+00     1.05e-01   91.885s
 354000 +3.49634754e+10 +3.49610634e+10  2.41e+06   8.42e+00     1.03e-01   92.110s
 355000 +3.49634729e+10 +3.49610070e+10  2.47e+06   7.78e+00     1.00e-01   92.336s
 356000 +3.49634743e+10 +3.49610286e+10  2.45e+06   7.60e+00     9.95e-02   92.561s
 357000 +3.49634671e+10 +3.49611471e+10  2.32e+06   7.58e+00     1.00e-01   92.786s
 358000 +3.49634667e+10 +3.49612413e+10  2.23e+06   7.33e+00     9.44e-02   93.012s
 359000 +3.49634653e+10 +3.49612178e+10  2.25e+06   7.20e+00     9.37e-02   93.237s
 360000 +3.49634645e+10 +3.49612313e+10  2.23e+06   6.80e+00     9.18e-02   93.463s
 361000 +3.49634665e+10 +3.49612126e+10  2.25e+06   7.00e+00     9.38e-02   93.688s
 362000 +3.49634598e+10 +3.49612302e+10  2.23e+06   7.03e+00     8.77e-02   93.913s
 363000 +3.49634596e+10 +3.49613380e+10  2.12e+06   6.64e+00     8.62e-02   94.138s
 364000 +3.49634584e+10 +3.49613824e+10  2.08e+06   6.61e+00     8.51e-02   94.363s
 365000 +3.49634597e+10 +3.49613827e+10  2.08e+06   6.40e+00     8.36e-02   94.588s
 366000 +3.49634576e+10 +3.49612864e+10  2.17e+06   6.35e+00     8.44e-02   94.813s
 367000 +3.49634551e+10 +3.49612745e+10  2.18e+06   6.14e+00     8.28e-02   95.038s
 368000 +3.49634679e+10 +3.49612533e+10  2.21e+06   1.74e+01     8.17e-02   95.264s
 369000 +3.49634822e+10 +3.49613109e+10  2.17e+06   1.96e+01     8.36e-02   95.489s
 370000 +3.49634845e+10 +3.49613579e+10  2.13e+06   1.84e+01     7.45e-02   95.714s
 371000 +3.49634854e+10 +3.49613779e+10  2.11e+06   1.76e+01     6.23e-02   95.939s
 372000 +3.49634912e+10 +3.49614296e+10  2.06e+06   1.72e+01     6.22e-02   96.164s
 373000 +3.49634842e+10 +3.49614972e+10  1.99e+06   1.86e+01     5.81e-02   96.389s
 374000 +3.49634815e+10 +3.49614995e+10  1.98e+06   1.90e+01     5.66e-02   96.614s
 375000 +3.49634748e+10 +3.49615131e+10  1.96e+06   1.80e+01     5.52e-02   96.839s
 376000 +3.49634813e+10 +3.49615240e+10  1.96e+06   1.98e+01     6.02e-02   97.064s
 377000 +3.49634925e+10 +3.49615633e+10  1.93e+06   1.97e+01     5.99e-02   97.289s
 378000 +3.49635034e+10 +3.49616048e+10  1.90e+06   1.85e+01     5.55e-02   97.514s
 379000 +3.49634968e+10 +3.49616491e+10  1.85e+06   1.84e+01     5.10e-02   97.739s
 380000 +3.49634915e+10 +3.49616312e+10  1.86e+06   1.86e+01     4.72e-02   97.964s
 381000 +3.49634782e+10 +3.49616765e+10  1.80e+06   1.80e+01     4.64e-02   98.189s
 382000 +3.49634769e+10 +3.49617775e+10  1.70e+06   1.79e+01     4.74e-02   98.415s
 383000 +3.49634743e+10 +3.49617999e+10  1.67e+06   1.84e+01     4.63e-02   98.640s
 384000 +3.49634792e+10 +3.49617757e+10  1.70e+06   1.70e+01     4.63e-02   98.865s
 385000 +3.49634760e+10 +3.49617214e+10  1.75e+06   1.58e+01     4.55e-02   99.091s
 386000 +3.49634758e+10 +3.49617285e+10  1.75e+06   1.49e+01     4.37e-02   99.317s
 387000 +3.49634767e+10 +3.49617746e+10  1.70e+06   1.48e+01     4.27e-02   99.542s
 388000 +3.49634687e+10 +3.49617955e+10  1.67e+06   1.46e+01     4.22e-02   99.767s
 389000 +3.49634749e+10 +3.49618096e+10  1.67e+06   1.56e+01     4.03e-02   99.992s
 390000 +3.49634757e+10 +3.49617632e+10  1.71e+06   1.52e+01     3.93e-02   100.217s
 391000 +3.49634667e+10 +3.49617429e+10  1.72e+06   1.49e+01     3.85e-02   100.442s
 392000 +3.49634699e+10 +3.49617704e+10  1.70e+06   1.56e+01     3.70e-02   100.667s
 393000 +3.49634657e+10 +3.49617383e+10  1.73e+06   1.55e+01     4.09e-02   100.891s
 394000 +3.49634586e+10 +3.49617651e+10  1.69e+06   1.59e+01     4.19e-02   101.116s
 395000 +3.49634545e+10 +3.49617538e+10  1.70e+06   1.50e+01     4.02e-02   101.342s
 396000 +3.49634605e+10 +3.49617186e+10  1.74e+06   1.54e+01     3.80e-02   101.568s
 397000 +3.49634634e+10 +3.49617077e+10  1.76e+06   1.64e+01     3.75e-02   101.793s
 398000 +3.49634729e+10 +3.49617073e+10  1.77e+06   1.61e+01     3.72e-02   102.018s
 399000 +3.49634610e+10 +3.49617243e+10  1.74e+06   1.60e+01     4.08e-02   102.243s
 400000 +3.49634576e+10 +3.49617615e+10  1.70e+06   1.53e+01     4.29e-02   102.468s
 401000 +3.49634542e+10 +3.49617717e+10  1.68e+06   1.46e+01     4.13e-02   102.693s
 402000 +3.49634578e+10 +3.49617716e+10  1.69e+06   1.44e+01     3.69e-02   102.919s
 403000 +3.49634574e+10 +3.49617755e+10  1.68e+06   1.42e+01     3.80e-02   103.144s
 404000 +3.49634531e+10 +3.49617838e+10  1.67e+06   1.41e+01     3.84e-02   103.369s
 405000 +3.49634561e+10 +3.49617864e+10  1.67e+06   1.42e+01     3.81e-02   103.594s
 406000 +3.49634480e+10 +3.49617813e+10  1.67e+06   1.46e+01     3.60e-02   103.819s
 407000 +3.49634429e+10 +3.49618148e+10  1.63e+06   1.45e+01     3.61e-02   104.044s
 408000 +3.49634407e+10 +3.49619032e+10  1.54e+06   1.46e+01     3.53e-02   104.269s
 409000 +3.49634359e+10 +3.49619473e+10  1.49e+06   1.48e+01     3.44e-02   104.494s
 410000 +3.49634382e+10 +3.49619467e+10  1.49e+06   1.38e+01     3.39e-02   104.719s
 411000 +3.49634360e+10 +3.49619609e+10  1.48e+06   1.33e+01     3.43e-02   104.944s
 412000 +3.49634402e+10 +3.49619912e+10  1.45e+06   1.33e+01     3.37e-02   105.169s
 413000 +3.49634448e+10 +3.49619946e+10  1.45e+06   1.35e+01     3.34e-02   105.394s
 414000 +3.49634427e+10 +3.49619613e+10  1.48e+06   1.34e+01     3.31e-02   105.619s
 415000 +3.49634358e+10 +3.49620100e+10  1.43e+06   1.36e+01     3.37e-02   105.843s
 416000 +3.49634405e+10 +3.49620168e+10  1.42e+06   1.33e+01     3.29e-02   106.068s
 417000 +3.49634400e+10 +3.49619907e+10  1.45e+06   1.33e+01     3.30e-02   106.293s
 418000 +3.49634331e+10 +3.49619900e+10  1.44e+06   1.31e+01     3.29e-02   106.518s
 419000 +3.49634443e+10 +3.49619909e+10  1.45e+06   1.32e+01     3.22e-02   106.743s
 420000 +3.49634462e+10 +3.49620167e+10  1.43e+06   1.35e+01     3.15e-02   106.968s
 421000 +3.49634432e+10 +3.49620333e+10  1.41e+06   1.31e+01     3.13e-02   107.192s
 422000 +3.49634388e+10 +3.49620628e+10  1.38e+06   1.37e+01     3.10e-02   107.417s
 423000 +3.49634460e+10 +3.49620669e+10  1.38e+06   1.38e+01     3.16e-02   107.642s
 424000 +3.49634415e+10 +3.49621040e+10  1.34e+06   1.37e+01     3.19e-02   107.868s
 425000 +3.49634439e+10 +3.49621350e+10  1.31e+06   1.36e+01     3.05e-02   108.093s
 426000 +3.49634411e+10 +3.49621824e+10  1.26e+06   1.32e+01     3.08e-02   108.318s
 427000 +3.49634473e+10 +3.49621709e+10  1.28e+06   1.37e+01     3.07e-02   108.543s
 428000 +3.49634448e+10 +3.49622055e+10  1.24e+06   1.35e+01     3.03e-02   108.768s
 429000 +3.49634412e+10 +3.49622451e+10  1.20e+06   1.33e+01     3.12e-02   108.993s
 430000 +3.49634460e+10 +3.49622928e+10  1.15e+06   1.40e+01     3.06e-02   109.218s
 431000 +3.49634410e+10 +3.49623442e+10  1.10e+06   1.38e+01     2.98e-02   109.442s
 432000 +3.49634416e+10 +3.49623995e+10  1.04e+06   1.37e+01     2.99e-02   109.667s
 433000 +3.49634411e+10 +3.49623865e+10  1.05e+06   1.39e+01     3.00e-02   109.892s
 434000 +3.49634441e+10 +3.49624353e+10  1.01e+06   1.36e+01     2.94e-02   110.118s
 435000 +3.49634418e+10 +3.49624960e+10  9.46e+05   1.30e+01     2.96e-02   110.343s
 436000 +3.49634414e+10 +3.49625427e+10  8.99e+05   1.36e+01     2.90e-02   110.567s
 437000 +3.49634466e+10 +3.49626085e+10  8.38e+05   1.35e+01     3.02e-02   110.792s
 438000 +3.49634427e+10 +3.49626516e+10  7.91e+05   1.32e+01     3.01e-02   111.017s
 439000 +3.49634462e+10 +3.49626586e+10  7.88e+05   1.33e+01     3.01e-02   111.242s
 440000 +3.49634458e+10 +3.49627067e+10  7.39e+05   1.29e+01     2.91e-02   111.467s
 441000 +3.49634411e+10 +3.49626965e+10  7.45e+05   1.28e+01     2.91e-02   111.692s
 442000 +3.49634415e+10 +3.49626581e+10  7.83e+05   1.28e+01     3.00e-02   111.918s
 443000 +3.49634410e+10 +3.49626125e+10  8.29e+05   1.24e+01     3.15e-02   112.143s
 444000 +3.49634382e+10 +3.49626325e+10  8.06e+05   1.23e+01     2.96e-02   112.368s
 445000 +3.49634408e+10 +3.49626297e+10  8.11e+05   1.24e+01     2.83e-02   112.593s
 446000 +3.49634369e+10 +3.49626180e+10  8.19e+05   1.29e+01     2.85e-02   112.818s
 447000 +3.49634372e+10 +3.49626283e+10  8.09e+05   1.28e+01     2.81e-02   113.043s
 448000 +3.49634344e+10 +3.49626216e+10  8.13e+05   1.29e+01     2.75e-02   113.268s
 449000 +3.49634360e+10 +3.49625963e+10  8.40e+05   1.25e+01     2.75e-02   113.493s
 450000 +3.49634368e+10 +3.49625591e+10  8.78e+05   1.23e+01     2.72e-02   113.717s
 451000 +3.49634357e+10 +3.49625309e+10  9.05e+05   1.28e+01     2.73e-02   113.942s
 452000 +3.49634338e+10 +3.49625273e+10  9.07e+05   1.28e+01     2.75e-02   114.167s
 453000 +3.49634392e+10 +3.49624903e+10  9.49e+05   1.25e+01     2.71e-02   114.391s
 454000 +3.49634304e+10 +3.49624651e+10  9.65e+05   1.25e+01     2.66e-02   114.616s
 455000 +3.49634315e+10 +3.49624131e+10  1.02e+06   1.26e+01     2.65e-02   114.841s
 456000 +3.49634275e+10 +3.49623590e+10  1.07e+06   1.22e+01     2.79e-02   115.066s
 457000 +3.49634363e+10 +3.49623492e+10  1.09e+06   1.26e+01     2.67e-02   115.290s
 458000 +3.49634357e+10 +3.49623571e+10  1.08e+06   1.25e+01     2.60e-02   115.515s
 459000 +3.49634367e+10 +3.49623377e+10  1.10e+06   1.24e+01     2.66e-02   115.740s
 460000 +3.49634402e+10 +3.49623158e+10  1.12e+06   1.22e+01     2.83e-02   115.965s
 461000 +3.49634318e+10 +3.49623515e+10  1.08e+06   1.23e+01     2.68e-02   116.190s
 462000 +3.49634310e+10 +3.49623945e+10  1.04e+06   1.22e+01     2.56e-02   116.415s
 463000 +3.49634332e+10 +3.49624542e+10  9.79e+05   1.24e+01     2.57e-02   116.640s
 464000 +3.49634313e+10 +3.49624729e+10  9.58e+05   1.25e+01     2.50e-02   116.865s
 465000 +3.49634280e+10 +3.49624918e+10  9.36e+05   1.18e+01     2.53e-02   117.089s
 466000 +3.49634275e+10 +3.49625368e+10  8.91e+05   1.23e+01     2.49e-02   117.315s
 467000 +3.49634277e+10 +3.49625989e+10  8.29e+05   1.14e+01     2.47e-02   117.539s
 468000 +3.49634330e+10 +3.49626413e+10  7.92e+05   1.15e+01     2.46e-02   117.764s
 469000 +3.49634322e+10 +3.49626599e+10  7.72e+05   1.14e+01     2.49e-02   117.990s
 470000 +3.49634296e+10 +3.49626610e+10  7.69e+05   1.16e+01     2.43e-02   118.214s
 471000 +3.49634327e+10 +3.49626506e+10  7.82e+05   1.16e+01     2.55e-02   118.439s
 472000 +3.49634357e+10 +3.49626507e+10  7.85e+05   1.15e+01     2.49e-02   118.664s
 473000 +3.49634336e+10 +3.49626211e+10  8.13e+05   1.15e+01     2.50e-02   118.889s
 474000 +3.49634303e+10 +3.49626354e+10  7.95e+05   1.18e+01     2.47e-02   119.114s
 475000 +3.49634295e+10 +3.49626422e+10  7.87e+05   1.17e+01     2.43e-02   119.339s
 476000 +3.49634312e+10 +3.49626448e+10  7.86e+05   1.11e+01     2.38e-02   119.564s
 477000 +3.49634339e+10 +3.49626442e+10  7.90e+05   1.07e+01     2.39e-02   119.789s
 478000 +3.49634344e+10 +3.49626607e+10  7.74e+05   1.09e+01     2.43e-02   120.014s
 479000 +3.49634306e+10 +3.49626460e+10  7.85e+05   1.10e+01     2.36e-02   120.239s
 480000 +3.49634304e+10 +3.49626849e+10  7.46e+05   1.10e+01     2.34e-02   120.464s
 481000 +3.49634306e+10 +3.49626883e+10  7.42e+05   1.10e+01     2.33e-02   120.689s
 482000 +3.49634302e+10 +3.49626770e+10  7.53e+05   1.11e+01     2.41e-02   120.914s
 483000 +3.49634303e+10 +3.49626740e+10  7.56e+05   1.06e+01     2.41e-02   121.139s
 484000 +3.49634216e+10 +3.49626771e+10  7.44e+05   3.59e+01     1.88e-02   121.366s
 485000 +3.49634212e+10 +3.49626649e+10  7.56e+05   4.93e+01     1.66e-02   121.591s
 486000 +3.49634135e+10 +3.49626699e+10  7.44e+05   5.71e+01     1.65e-02   121.816s
 487000 +3.49634111e+10 +3.49626712e+10  7.40e+05   6.13e+01     1.61e-02   122.041s
 488000 +3.49634105e+10 +3.49626734e+10  7.37e+05   6.24e+01     1.55e-02   122.266s
 489000 +3.49634042e+10 +3.49626957e+10  7.09e+05   6.28e+01     1.56e-02   122.491s
 490000 +3.49633983e+10 +3.49627169e+10  6.81e+05   7.10e+01     1.48e-02   122.716s
 491000 +3.49634140e+10 +3.49627405e+10  6.73e+05   7.54e+01     1.41e-02   122.941s
 492000 +3.49634091e+10 +3.49627815e+10  6.28e+05   7.49e+01     1.43e-02   123.165s
 493000 +3.49634033e+10 +3.49628174e+10  5.86e+05   7.63e+01     1.45e-02   123.391s
 494000 +3.49634108e+10 +3.49628615e+10  5.49e+05   7.83e+01     1.42e-02   123.616s
 495000 +3.49633775e+10 +3.49628765e+10  5.01e+05   7.86e+01     1.44e-02   123.841s
 496000 +3.49633659e+10 +3.49629071e+10  4.59e+05   7.41e+01     1.46e-02   124.066s
 497000 +3.49633443e+10 +3.49629388e+10  4.05e+05   7.29e+01     1.43e-02   124.291s
 498000 +3.49633772e+10 +3.49629646e+10  4.13e+05   7.56e+01     1.43e-02   124.516s
 499000 +3.49633535e+10 +3.49630025e+10  3.51e+05   7.41e+01     1.38e-02   124.742s
 500000 +3.49633380e+10 +3.49630546e+10  2.83e+05   7.45e+01     1.39e-02   124.967s
 501000 +3.49633633e+10 +3.49631097e+10  2.54e+05   7.44e+01     1.37e-02   125.192s
 502000 +3.49633447e+10 +3.49631693e+10  1.75e+05   7.49e+01     1.41e-02   125.418s
 503000 +3.49633417e+10 +3.49632346e+10  1.07e+05   7.17e+01     1.40e-02   125.643s
 504000 +3.49633454e+10 +3.49632656e+10  7.98e+04   7.11e+01     1.37e-02   125.868s
 505000 +3.49633496e+10 +3.49632422e+10  1.07e+05   6.97e+01     1.35e-02   126.093s
 506000 +3.49633795e+10 +3.49632120e+10  1.67e+05   7.12e+01     1.28e-02   126.319s
 507000 +3.49633562e+10 +3.49631481e+10  2.08e+05   7.18e+01     1.25e-02   126.544s
 508000 +3.49633654e+10 +3.49631076e+10  2.58e+05   7.07e+01     1.28e-02   126.770s
 509000 +3.49633640e+10 +3.49631038e+10  2.60e+05   7.42e+01     1.24e-02   126.995s
 510000 +3.49633828e+10 +3.49630869e+10  2.96e+05   7.28e+01     1.23e-02   127.220s
 511000 +3.49633760e+10 +3.49630816e+10  2.94e+05   7.10e+01     1.22e-02   127.446s
 512000 +3.49633584e+10 +3.49630685e+10  2.90e+05   6.79e+01     1.22e-02   127.671s
 513000 +3.49633405e+10 +3.49630585e+10  2.82e+05   6.58e+01     1.22e-02   127.896s
 514000 +3.49633514e+10 +3.49630823e+10  2.69e+05   6.71e+01     1.16e-02   128.122s
 515000 +3.49633535e+10 +3.49631410e+10  2.13e+05   6.62e+01     1.16e-02   128.346s
 516000 +3.49633423e+10 +3.49631872e+10  1.55e+05   6.54e+01     1.15e-02   128.571s
 517000 +3.49633829e+10 +3.49632055e+10  1.77e+05   6.31e+01     1.16e-02   128.796s
 518000 +3.49633599e+10 +3.49632042e+10  1.56e+05   6.19e+01     1.13e-02   129.022s
 519000 +3.49633535e+10 +3.49631892e+10  1.64e+05   5.88e+01     1.15e-02   129.247s
 520000 +3.49633780e+10 +3.49631715e+10  2.07e+05   5.81e+01     1.13e-02   129.471s
 521000 +3.49633584e+10 +3.49631349e+10  2.23e+05   5.60e+01     1.13e-02   129.696s
 522000 +3.49633620e+10 +3.49630933e+10  2.69e+05   5.76e+01     1.09e-02   129.921s
 523000 +3.49633670e+10 +3.49630799e+10  2.87e+05   5.86e+01     1.05e-02   130.146s
 524000 +3.49633468e+10 +3.49630948e+10  2.52e+05   5.87e+01     1.02e-02   130.371s
 525000 +3.49633581e+10 +3.49631272e+10  2.31e+05   5.59e+01     1.04e-02   130.595s
 526000 +3.49633674e+10 +3.49631230e+10  2.44e+05   5.31e+01     1.04e-02   130.820s
 527000 +3.49633763e+10 +3.49631117e+10  2.65e+05   5.21e+01     1.02e-02   131.045s
 528000 +3.49633795e+10 +3.49631099e+10  2.70e+05   5.06e+01     1.02e-02   131.270s
 529000 +3.49633876e+10 +3.49631323e+10  2.55e+05   5.03e+01     9.93e-03   131.495s
 530000 +3.49634077e+10 +3.49631339e+10  2.74e+05   4.91e+01     1.05e-02   131.720s
 531000 +3.49634070e+10 +3.49631447e+10  2.62e+05   4.85e+01     9.78e-03   131.944s
 532000 +3.49633821e+10 +3.49631632e+10  2.19e+05   4.66e+01     9.48e-03   132.169s
 533000 +3.49633860e+10 +3.49631955e+10  1.91e+05   4.58e+01     9.57e-03   132.394s
 534000 +3.49633819e+10 +3.49632364e+10  1.46e+05   4.43e+01     9.75e-03   132.619s
 535000 +3.49633933e+10 +3.49632765e+10  1.17e+05   4.50e+01     9.36e-03   132.844s
 536000 +3.49633873e+10 +3.49632948e+10  9.26e+04   4.58e+01     9.11e-03   133.069s
 537000 +3.49633877e+10 +3.49632837e+10  1.04e+05   4.39e+01     9.01e-03   133.294s
 538000 +3.49633914e+10 +3.49632679e+10  1.23e+05   4.27e+01     8.81e-03   133.519s
 539000 +3.49633895e+10 +3.49632641e+10  1.25e+05   4.25e+01     9.10e-03   133.744s
 540000 +3.49634045e+10 +3.49632696e+10  1.35e+05   4.36e+01     8.92e-03   133.969s
 541000 +3.49633990e+10 +3.49632453e+10  1.54e+05   4.29e+01     8.61e-03   134.194s
 542000 +3.49633936e+10 +3.49632291e+10  1.65e+05   4.11e+01     8.66e-03   134.419s
 543000 +3.49633937e+10 +3.49632151e+10  1.79e+05   4.02e+01     9.30e-03   134.644s
 544000 +3.49633845e+10 +3.49631935e+10  1.91e+05   3.88e+01     9.72e-03   134.869s
 545000 +3.49633923e+10 +3.49631944e+10  1.98e+05   3.69e+01     8.69e-03   135.094s
 546000 +3.49633981e+10 +3.49632149e+10  1.83e+05   3.58e+01     8.45e-03   135.320s
 547000 +3.49634077e+10 +3.49632280e+10  1.80e+05   3.70e+01     9.20e-03   135.545s
 548000 +3.49634027e+10 +3.49632494e+10  1.53e+05   3.75e+01     9.07e-03   135.770s
 549000 +3.49634099e+10 +3.49632508e+10  1.59e+05   3.63e+01     8.27e-03   135.995s
 550000 +3.49633938e+10 +3.49632709e+10  1.23e+05   3.58e+01     8.02e-03   136.220s
 551000 +3.49633852e+10 +3.49632792e+10  1.06e+05   3.33e+01     8.70e-03   136.445s
 552000 +3.49633869e+10 +3.49632651e+10  1.22e+05   3.38e+01     7.98e-03   136.669s
 553000 +3.49633960e+10 +3.49632489e+10  1.47e+05   3.35e+01     7.60e-03   136.894s
 554000 +3.49634027e+10 +3.49632555e+10  1.47e+05   3.40e+01     7.71e-03   137.119s
 555000 +3.49633999e+10 +3.49632546e+10  1.45e+05   3.37e+01     7.89e-03   137.344s
 556000 +3.49633959e+10 +3.49632512e+10  1.45e+05   3.28e+01     7.61e-03   137.569s
 557000 +3.49634098e+10 +3.49632429e+10  1.67e+05   3.14e+01     7.56e-03   137.794s
 558000 +3.49633974e+10 +3.49632307e+10  1.67e+05   3.07e+01     7.53e-03   138.020s
 559000 +3.49634063e+10 +3.49632229e+10  1.83e+05   3.12e+01     7.65e-03   138.245s
 560000 +3.49634059e+10 +3.49632136e+10  1.92e+05   3.22e+01     7.25e-03   138.470s
 561000 +3.49634141e+10 +3.49632090e+10  2.05e+05   3.13e+01     6.96e-03   138.694s
 562000 +3.49633990e+10 +3.49632056e+10  1.93e+05   3.11e+01     6.99e-03   138.919s
 563000 +3.49634073e+10 +3.49632014e+10  2.06e+05   3.03e+01     7.05e-03   139.144s
 564000 +3.49633982e+10 +3.49632006e+10  1.98e+05   3.03e+01     7.18e-03   139.370s
 565000 +3.49633955e+10 +3.49631926e+10  2.03e+05   3.04e+01     6.76e-03   139.595s
 566000 +3.49633882e+10 +3.49631968e+10  1.91e+05   4.70e+01     5.19e-03   139.821s
 567000 +3.49634062e+10 +3.49631920e+10  2.14e+05   5.76e+01     5.13e-03   140.046s
 568000 +3.49633956e+10 +3.49631850e+10  2.11e+05   6.35e+01     5.06e-03   140.271s
 569000 +3.49633772e+10 +3.49631783e+10  1.99e+05   6.60e+01     5.05e-03   140.496s
 570000 +3.49633527e+10 +3.49631729e+10  1.80e+05   6.93e+01     5.17e-03   140.721s
 571000 +3.49633309e+10 +3.49631681e+10  1.63e+05   7.01e+01     5.01e-03   140.946s
 572000 +3.49633390e+10 +3.49631647e+10  1.74e+05   7.34e+01     4.91e-03   141.171s
 573000 +3.49633405e+10 +3.49631600e+10  1.80e+05   7.63e+01     4.88e-03   141.396s
 574000 +3.49633378e+10 +3.49631620e+10  1.76e+05   7.94e+01     4.89e-03   141.621s
 575000 +3.49633636e+10 +3.49631693e+10  1.94e+05   8.10e+01     5.04e-03   141.846s
 576000 +3.49633828e+10 +3.49631781e+10  2.05e+05   8.36e+01     4.92e-03   142.071s
 577000 +3.49633618e+10 +3.49631839e+10  1.78e+05   8.21e+01     5.03e-03   142.296s
 578000 +3.49633812e+10 +3.49631917e+10  1.90e+05   8.48e+01     4.92e-03   142.521s
 579000 +3.49633748e+10 +3.49631894e+10  1.85e+05   8.64e+01     4.79e-03   142.746s
 580000 +3.49633830e+10 +3.49631796e+10  2.03e+05   8.92e+01     4.75e-03   142.972s
 581000 +3.49633895e+10 +3.49631731e+10  2.16e+05   9.21e+01     4.71e-03   143.197s
 582000 +3.49633843e+10 +3.49631609e+10  2.23e+05   8.93e+01     4.80e-03   143.422s
 583000 +3.49633788e+10 +3.49631539e+10  2.25e+05   8.56e+01     4.74e-03   143.647s
 584000 +3.49633895e+10 +3.49631597e+10  2.30e+05   8.18e+01     4.57e-03   143.873s
 585000 +3.49633747e+10 +3.49631629e+10  2.12e+05   7.73e+01     4.40e-03   144.098s
 586000 +3.49633736e+10 +3.49631624e+10  2.11e+05   7.45e+01     4.49e-03   144.324s
 587000 +3.49633735e+10 +3.49631668e+10  2.07e+05   7.32e+01     4.59e-03   144.549s
 588000 +3.49633883e+10 +3.49631702e+10  2.18e+05   7.58e+01     4.47e-03   144.774s
 589000 +3.49633722e+10 +3.49631739e+10  1.98e+05   7.56e+01     4.55e-03   144.999s
 590000 +3.49633419e+10 +3.49631809e+10  1.61e+05   8.11e+01     4.50e-03   145.224s
 591000 +3.49633167e+10 +3.49631857e+10  1.31e+05   8.48e+01     4.71e-03   145.449s
 592000 +3.49632915e+10 +3.49631945e+10  9.70e+04   9.04e+01     4.93e-03   145.674s
 593000 +3.49632837e+10 +3.49631994e+10  8.43e+04   9.04e+01     4.86e-03   145.899s
 594000 +3.49632697e+10 +3.49632015e+10  6.82e+04   9.33e+01     4.88e-03   146.124s
 595000 +3.49632854e+10 +3.49632149e+10  7.05e+04   8.96e+01     4.62e-03   146.349s
 596000 +3.49632957e+10 +3.49632318e+10  6.38e+04   8.61e+01     4.53e-03   146.574s
 597000 +3.49633417e+10 +3.49632376e+10  1.04e+05   7.91e+01     4.66e-03   146.800s
 598000 +3.49633791e+10 +3.49632554e+10  1.24e+05   7.80e+01     4.31e-03   147.025s
 599000 +3.49634057e+10 +3.49632669e+10  1.39e+05   7.36e+01     4.11e-03   147.250s
 600000 +3.49633985e+10 +3.49632723e+10  1.26e+05   6.99e+01     3.88e-03   147.475s
 601000 +3.49634040e+10 +3.49632719e+10  1.32e+05   1.32e+02     2.66e-03   147.702s
 602000 +3.49634076e+10 +3.49632720e+10  1.36e+05   1.48e+02     2.54e-03   147.927s
 603000 +3.49633454e+10 +3.49632690e+10  7.63e+04   1.64e+02     2.50e-03   148.152s
 604000 +3.49632666e+10 +3.49632729e+10  6.32e+03   1.87e+02     2.52e-03   148.377s
 605000 +3.49632498e+10 +3.49632815e+10  3.17e+04   1.95e+02     2.48e-03   148.602s
 606000 +3.49632757e+10 +3.49632913e+10  1.55e+04   1.84e+02     2.50e-03   148.827s
 607000 +3.49632540e+10 +3.49632966e+10  4.26e+04   1.72e+02     2.44e-03   149.051s
 608000 +3.49632425e+10 +3.49633044e+10  6.19e+04   1.69e+02     2.31e-03   149.276s
 609000 +3.49632871e+10 +3.49633076e+10  2.05e+04   1.73e+02     2.24e-03   149.501s
 610000 +3.49632698e+10 +3.49633140e+10  4.42e+04   1.74e+02     2.26e-03   149.726s
 611000 +3.49632898e+10 +3.49633183e+10  2.85e+04   1.73e+02     2.20e-03   149.952s
 612000 +3.49633445e+10 +3.49633174e+10  2.71e+04   1.67e+02     2.18e-03   150.177s
 613000 +3.49633744e+10 +3.49633174e+10  5.70e+04   1.67e+02     2.12e-03   150.403s
 614000 +3.49633415e+10 +3.49633164e+10  2.51e+04   1.76e+02     2.22e-03   150.628s
 615000 +3.49633547e+10 +3.49633156e+10  3.91e+04   1.87e+02     2.10e-03   150.853s
 616000 +3.49634203e+10 +3.49633211e+10  9.93e+04   2.00e+02     2.00e-03   151.078s
 617000 +3.49634725e+10 +3.49633176e+10  1.55e+05   2.17e+02     1.98e-03   151.303s
 618000 +3.49634223e+10 +3.49633148e+10  1.08e+05   2.20e+02     1.96e-03   151.527s
 619000 +3.49634594e+10 +3.49633132e+10  1.46e+05   2.02e+02     1.98e-03   151.752s
 620000 +3.49633651e+10 +3.49633087e+10  5.63e+04   2.04e+02     2.02e-03   151.977s
 621000 +3.49633505e+10 +3.49633090e+10  4.14e+04   1.98e+02     2.15e-03   152.202s
 622000 +3.49633654e+10 +3.49633082e+10  5.72e+04   1.95e+02     2.10e-03   152.427s
 623000 +3.49633153e+10 +3.49633155e+10  1.73e+02   1.87e+02     2.11e-03   152.652s
 624000 +3.49633250e+10 +3.49633179e+10  7.07e+03   1.83e+02     1.99e-03   152.877s
 625000 +3.49633207e+10 +3.49633204e+10  3.59e+02   1.75e+02     2.01e-03   153.103s
 626000 +3.49633116e+10 +3.49633261e+10  1.45e+04   1.62e+02     1.86e-03   153.328s
 627000 +3.49633966e+10 +3.49633292e+10  6.74e+04   1.60e+02     1.82e-03   153.554s
 628000 +3.49634133e+10 +3.49633328e+10  8.05e+04   1.52e+02     1.87e-03   153.779s
 629000 +3.49633315e+10 +3.49633369e+10  5.35e+03   1.48e+02     1.75e-03   154.005s
 630000 +3.49634435e+10 +3.49633349e+10  1.09e+05   1.37e+02     1.74e-03   154.230s
 631000 +3.49633338e+10 +3.49633316e+10  2.17e+03   1.32e+02     1.68e-03   154.455s
 632000 +3.49633699e+10 +3.49633326e+10  3.73e+04   1.31e+02     1.64e-03   154.681s
 633000 +3.49633728e+10 +3.49633354e+10  3.74e+04   1.28e+02     1.61e-03   154.906s
 634000 +3.49633313e+10 +3.49633384e+10  7.06e+03   1.23e+02     1.59e-03   155.131s
 635000 +3.49633757e+10 +3.49633400e+10  3.57e+04   1.19e+02     1.52e-03   155.357s
 636000 +3.49633464e+10 +3.49633408e+10  5.62e+03   1.15e+02     1.54e-03   155.583s
 637000 +3.49633777e+10 +3.49633424e+10  3.53e+04   1.15e+02     1.49e-03   155.808s
 638000 +3.49634264e+10 +3.49633432e+10  8.32e+04   1.12e+02     1.42e-03   156.033s
 639000 +3.49634020e+10 +3.49633414e+10  6.06e+04   1.14e+02     1.44e-03   156.259s
 640000 +3.49634608e+10 +3.49633391e+10  1.22e+05   1.13e+02     1.44e-03   156.484s
 641000 +3.49634706e+10 +3.49633388e+10  1.32e+05   1.11e+02     1.37e-03   156.709s
 642000 +3.49634108e+10 +3.49633362e+10  7.46e+04   1.13e+02     1.39e-03   156.934s
 643000 +3.49634019e+10 +3.49633365e+10  6.55e+04   1.13e+02     1.34e-03   157.159s
 644000 +3.49633970e+10 +3.49633383e+10  5.87e+04   1.16e+02     1.34e-03   157.384s
 645000 +3.49633991e+10 +3.49633391e+10  6.00e+04   1.13e+02     1.31e-03   157.609s
 646000 +3.49633715e+10 +3.49633405e+10  3.11e+04   1.10e+02     1.27e-03   157.834s
 647000 +3.49633371e+10 +3.49633413e+10  4.23e+03   1.11e+02     1.32e-03   158.059s
 648000 +3.49633757e+10 +3.49633427e+10  3.30e+04   1.08e+02     1.24e-03   158.284s
 649000 +3.49633607e+10 +3.49633430e+10  1.77e+04   1.07e+02     1.32e-03   158.509s
 650000 +3.49634034e+10 +3.49633423e+10  6.11e+04   1.33e+02     8.84e-04   158.735s
 651000 +3.49634110e+10 +3.49633406e+10  7.04e+04   1.43e+02     7.18e-04   158.960s
 652000 +3.49634313e+10 +3.49633410e+10  9.03e+04   1.53e+02     6.71e-04   159.185s
 653000 +3.49634415e+10 +3.49633424e+10  9.92e+04   1.67e+02     6.57e-04   159.410s
 654000 +3.49634155e+10 +3.49633428e+10  7.27e+04   1.80e+02     6.71e-04   159.635s
 655000 +3.49632966e+10 +3.49633439e+10  4.73e+04   1.91e+02     6.64e-04   159.860s
 656000 +3.49632384e+10 +3.49633456e+10  1.07e+05   1.96e+02     6.57e-04   160.085s
 657000 +3.49632158e+10 +3.49633480e+10  1.32e+05   1.95e+02     6.43e-04   160.309s
 658000 +3.49632365e+10 +3.49633508e+10  1.14e+05   1.89e+02     6.70e-04   160.534s
 659000 +3.49632757e+10 +3.49633525e+10  7.68e+04   1.87e+02     7.00e-04   160.759s
 660000 +3.49632234e+10 +3.49633535e+10  1.30e+05   1.89e+02     6.46e-04   160.984s
 661000 +3.49632074e+10 +3.49633556e+10  1.48e+05   1.90e+02     6.63e-04   161.209s
 662000 +3.49632437e+10 +3.49633586e+10  1.15e+05   1.82e+02     6.71e-04   161.434s
 663000 +3.49633195e+10 +3.49633617e+10  4.22e+04   1.76e+02     6.43e-04   161.659s
 664000 +3.49632031e+10 +3.49633638e+10  1.61e+05   1.76e+02     6.75e-04   161.884s
 665000 +3.49632415e+10 +3.49633654e+10  1.24e+05   1.79e+02     6.17e-04   162.109s
 666000 +3.49632566e+10 +3.49633671e+10  1.10e+05   1.79e+02     6.03e-04   162.334s
 667000 +3.49633454e+10 +3.49633687e+10  2.34e+04   1.78e+02     6.16e-04   162.559s
 668000 +3.49633372e+10 +3.49633694e+10  3.22e+04   1.80e+02     5.75e-04   162.784s
 669000 +3.49633603e+10 +3.49633702e+10  9.87e+03   1.78e+02     6.09e-04   163.009s
 670000 +3.49633908e+10 +3.49633712e+10  1.97e+04   1.77e+02     5.77e-04   163.233s
 671000 +3.49633579e+10 +3.49633712e+10  1.34e+04   1.73e+02     5.97e-04   163.458s
 672000 +3.49633313e+10 +3.49633725e+10  4.12e+04   1.73e+02     5.51e-04   163.683s
 673000 +3.49633096e+10 +3.49633730e+10  6.34e+04   1.71e+02     5.76e-04   163.908s
 674000 +3.49633490e+10 +3.49633727e+10  2.37e+04   1.70e+02     5.49e-04   164.134s
 675000 +3.49633382e+10 +3.49633731e+10  3.48e+04   1.69e+02     5.26e-04   164.359s
 676000 +3.49633300e+10 +3.49633746e+10  4.46e+04   1.70e+02     5.34e-04   164.584s
 677000 +3.49633645e+10 +3.49633764e+10  1.19e+04   1.63e+02     5.21e-04   164.809s
 678000 +3.49633684e+10 +3.49633783e+10  9.87e+03   1.58e+02     4.95e-04   165.035s
 679000 +3.49633334e+10 +3.49633788e+10  4.53e+04   1.56e+02     4.80e-04   165.260s
 680000 +3.49633748e+10 +3.49633792e+10  4.44e+03   1.53e+02     4.63e-04   165.486s
 681000 +3.49633228e+10 +3.49633804e+10  5.76e+04   1.48e+02     4.57e-04   165.711s
 682000 +3.49633128e+10 +3.49633813e+10  6.85e+04   1.44e+02     4.83e-04   165.936s
 683000 +3.49633134e+10 +3.49633818e+10  6.85e+04   1.39e+02     4.39e-04   166.162s
 684000 +3.49632504e+10 +3.49633813e+10  1.31e+05   1.44e+02     4.28e-04   166.387s
 685000 +3.49632630e+10 +3.49633808e+10  1.18e+05   1.44e+02     4.39e-04   166.613s
 686000 +3.49633150e+10 +3.49633802e+10  6.52e+04   1.39e+02     4.29e-04   166.838s
 687000 +3.49633812e+10 +3.49633782e+10  3.09e+03   1.36e+02     4.49e-04   167.063s
 688000 +3.49634154e+10 +3.49633775e+10  3.79e+04   1.37e+02     3.92e-04   167.288s
 689000 +3.49634027e+10 +3.49633785e+10  2.43e+04   1.35e+02     4.05e-04   167.513s
 690000 +3.49633395e+10 +3.49633797e+10  4.01e+04   1.29e+02     3.91e-04   167.738s
 691000 +3.49633521e+10 +3.49633800e+10  2.79e+04   1.21e+02     3.91e-04   167.963s
 692000 +3.49633563e+10 +3.49633801e+10  2.38e+04   1.14e+02     3.75e-04   168.188s
 693000 +3.49633892e+10 +3.49633797e+10  9.51e+03   1.13e+02     3.69e-04   168.413s
 694000 +3.49633903e+10 +3.49633798e+10  1.05e+04   1.15e+02     1.99e-04   168.640s
 695000 +3.49633707e+10 +3.49633800e+10  9.32e+03   1.09e+02     1.68e-04   168.864s
 696000 +3.49633787e+10 +3.49633804e+10  1.71e+03   1.09e+02     1.57e-04   169.090s
 697000 +3.49633718e+10 +3.49633805e+10  8.76e+03   1.08e+02     1.57e-04   169.315s
 698000 +3.49633729e+10 +3.49633806e+10  7.72e+03   1.13e+02     1.55e-04   169.540s
 699000 +3.49633543e+10 +3.49633806e+10  2.63e+04   1.25e+02     1.55e-04   169.766s
 700000 +3.49633903e+10 +3.49633807e+10  9.62e+03   1.15e+02     1.53e-04   169.991s
 701000 +3.49633815e+10 +3.49633808e+10  6.95e+02   1.06e+02     1.73e-04   170.215s
 702000 +3.49633739e+10 +3.49633810e+10  7.12e+03   1.02e+02     1.56e-04   170.440s
 703000 +3.49633742e+10 +3.49633813e+10  7.04e+03   1.02e+02     1.52e-04   170.666s
 704000 +3.49633444e+10 +3.49633815e+10  3.70e+04   1.09e+02     1.48e-04   170.890s
 705000 +3.49633319e+10 +3.49633816e+10  4.97e+04   1.17e+02     1.47e-04   171.116s
 706000 +3.49633600e+10 +3.49633819e+10  2.19e+04   1.17e+02     1.37e-04   171.340s
 707000 +3.49633857e+10 +3.49633823e+10  3.42e+03   1.18e+02     1.60e-04   171.565s
 708000 +3.49634110e+10 +3.49633826e+10  2.85e+04   1.20e+02     1.40e-04   171.790s
 709000 +3.49634361e+10 +3.49633828e+10  5.33e+04   1.20e+02     1.23e-04   172.015s
 710000 +3.49634223e+10 +3.49633828e+10  3.96e+04   1.19e+02     1.26e-04   172.240s
 711000 +3.49634191e+10 +3.49633827e+10  3.64e+04   1.02e+02     1.21e-04   172.465s
 712000 +3.49634254e+10 +3.49633825e+10  4.30e+04   8.90e+01     1.14e-04   172.690s
 713000 +3.49633957e+10 +3.49633822e+10  1.35e+04   8.69e+01     1.21e-04   172.915s
 714000 +3.49633960e+10 +3.49633822e+10  1.38e+04   8.84e+01     1.13e-04   173.139s
 715000 +3.49633957e+10 +3.49633824e+10  1.33e+04   8.57e+01     1.16e-04   173.364s
 716000 +3.49634312e+10 +3.49633825e+10  4.87e+04   8.85e+01     8.39e-05   173.591s
 717000 +3.49634123e+10 +3.49633825e+10  2.99e+04   9.16e+01     7.38e-05   173.816s
 718000 +3.49633960e+10 +3.49633826e+10  1.34e+04   9.87e+01     6.97e-05   174.040s
 719000 +3.49633944e+10 +3.49633827e+10  1.17e+04   1.07e+02     7.22e-05   174.265s
 720000 +3.49633980e+10 +3.49633828e+10  1.52e+04   1.14e+02     6.96e-05   174.491s
 721000 +3.49633925e+10 +3.49633828e+10  9.66e+03   1.17e+02     6.60e-05   174.716s
 722000 +3.49633947e+10 +3.49633829e+10  1.18e+04   1.24e+02     6.35e-05   174.941s
 723000 +3.49633871e+10 +3.49633830e+10  4.09e+03   1.25e+02     6.37e-05   175.167s
 724000 +3.49633863e+10 +3.49633831e+10  3.26e+03   1.24e+02     6.27e-05   175.393s
 725000 +3.49633858e+10 +3.49633833e+10  2.56e+03   1.20e+02     6.57e-05   175.618s
 726000 +3.49633968e+10 +3.49633834e+10  1.34e+04   1.14e+02     5.97e-05   175.843s
 727000 +3.49634121e+10 +3.49633835e+10  2.86e+04   1.06e+02     5.74e-05   176.069s
 728000 +3.49634247e+10 +3.49633835e+10  4.12e+04   9.28e+01     5.63e-05   176.294s
 729000 +3.49634461e+10 +3.49633836e+10  6.26e+04   8.75e+01     5.34e-05   176.520s
 730000 +3.49634504e+10 +3.49633835e+10  6.70e+04   8.43e+01     6.24e-05   176.745s
 731000 +3.49634354e+10 +3.49633835e+10  5.19e+04   8.07e+01     5.44e-05   176.970s
 732000 +3.49634364e+10 +3.49633834e+10  5.29e+04   7.96e+01     5.32e-05   177.196s
 733000 +3.49634216e+10 +3.49633834e+10  3.81e+04   7.81e+01     6.00e-05   177.421s
 734000 +3.49634290e+10 +3.49633834e+10  4.56e+04   7.87e+01     5.02e-05   177.647s
 735000 +3.49634265e+10 +3.49633832e+10  4.33e+04   8.07e+01     5.08e-05   177.872s
 736000 +3.49633854e+10 +3.49633832e+10  2.14e+03   8.32e+01     5.12e-05   178.097s
 737000 +3.49633941e+10 +3.49633833e+10  1.08e+04   8.36e+01     4.63e-05   178.323s
 738000 +3.49634327e+10 +3.49633832e+10  4.95e+04   8.37e+01     5.40e-05   178.548s
 739000 +3.49634124e+10 +3.49633832e+10  2.93e+04   8.31e+01     5.18e-05   178.773s
 740000 +3.49634027e+10 +3.49633832e+10  1.94e+04   8.15e+01     4.73e-05   178.999s
 741000 +3.49634089e+10 +3.49633832e+10  2.57e+04   8.06e+01     4.62e-05   179.224s
 742000 +3.49633823e+10 +3.49633832e+10  9.31e+02   7.97e+01     4.49e-05   179.449s
 743000 +3.49634153e+10 +3.49633832e+10  3.21e+04   7.71e+01     4.39e-05   179.674s
 744000 +3.49634393e+10 +3.49633831e+10  5.62e+04   7.54e+01     4.76e-05   179.900s
 745000 +3.49634196e+10 +3.49633830e+10  3.66e+04   7.51e+01     4.46e-05   180.126s
 746000 +3.49634208e+10 +3.49633830e+10  3.77e+04   7.47e+01     4.33e-05   180.351s
 747000 +3.49634447e+10 +3.49633830e+10  6.17e+04   7.40e+01     4.42e-05   180.576s
 748000 +3.49634178e+10 +3.49633830e+10  3.48e+04   7.39e+01     3.58e-05   180.803s
 749000 +3.49634154e+10 +3.49633830e+10  3.23e+04   7.48e+01     3.07e-05   181.028s
 750000 +3.49634317e+10 +3.49633831e+10  4.86e+04   7.52e+01     2.99e-05   181.254s
 751000 +3.49634048e+10 +3.49633831e+10  2.17e+04   7.71e+01     3.00e-05   181.479s
 752000 +3.49634099e+10 +3.49633831e+10  2.68e+04   7.76e+01     3.03e-05   181.704s
 753000 +3.49634178e+10 +3.49633831e+10  3.47e+04   7.54e+01     2.98e-05   181.929s
 754000 +3.49634099e+10 +3.49633831e+10  2.67e+04   7.42e+01     2.84e-05   182.154s
 755000 +3.49634148e+10 +3.49633832e+10  3.16e+04   7.34e+01     2.84e-05   182.380s
 756000 +3.49634162e+10 +3.49633832e+10  3.31e+04   7.31e+01     2.75e-05   182.605s
 757000 +3.49633989e+10 +3.49633832e+10  1.57e+04   7.22e+01     2.70e-05   182.830s
 758000 +3.49634181e+10 +3.49633833e+10  3.48e+04   7.19e+01     2.73e-05   183.055s
 759000 +3.49634177e+10 +3.49633833e+10  3.44e+04   7.02e+01     2.72e-05   183.280s
 760000 +3.49634311e+10 +3.49633833e+10  4.78e+04   6.98e+01     2.75e-05   183.505s
 761000 +3.49634204e+10 +3.49633833e+10  3.71e+04   6.94e+01     2.68e-05   183.730s
 762000 +3.49634357e+10 +3.49633833e+10  5.23e+04   6.84e+01     2.67e-05   183.955s
 763000 +3.49634243e+10 +3.49633833e+10  4.10e+04   6.81e+01     2.60e-05   184.180s
 764000 +3.49634203e+10 +3.49633833e+10  3.70e+04   6.76e+01     2.66e-05   184.405s
 765000 +3.49634207e+10 +3.49633834e+10  3.73e+04   6.80e+01     2.66e-05   184.630s
 766000 +3.49634349e+10 +3.49633834e+10  5.16e+04   6.73e+01     2.66e-05   184.855s
 767000 +3.49634285e+10 +3.49633833e+10  4.52e+04   6.88e+01     2.58e-05   185.080s
 768000 +3.49634109e+10 +3.49633833e+10  2.76e+04   6.96e+01     2.62e-05   185.305s
 769000 +3.49634126e+10 +3.49633834e+10  2.92e+04   7.04e+01     2.46e-05   185.530s
 770000 +3.49634091e+10 +3.49633834e+10  2.57e+04   7.17e+01     2.66e-05   185.755s
 771000 +3.49634032e+10 +3.49633834e+10  1.98e+04   7.31e+01     2.61e-05   185.980s
 772000 +3.49634021e+10 +3.49633835e+10  1.86e+04   7.51e+01     2.50e-05   186.205s
 773000 +3.49633902e+10 +3.49633835e+10  6.70e+03   7.68e+01     2.52e-05   186.430s
 774000 +3.49633962e+10 +3.49633835e+10  1.27e+04   7.72e+01     2.50e-05   186.655s
 775000 +3.49633994e+10 +3.49633835e+10  1.59e+04   7.75e+01     2.38e-05   186.880s
 776000 +3.49634102e+10 +3.49633835e+10  2.67e+04   7.70e+01     2.48e-05   187.105s
 777000 +3.49634113e+10 +3.49633835e+10  2.77e+04   7.69e+01     2.50e-05   187.330s
 778000 +3.49634088e+10 +3.49633835e+10  2.53e+04   7.75e+01     2.31e-05   187.555s
 779000 +3.49634117e+10 +3.49633835e+10  2.82e+04   7.76e+01     2.45e-05   187.780s
 780000 +3.49634169e+10 +3.49633835e+10  3.33e+04   7.64e+01     2.39e-05   188.004s
 781000 +3.49634122e+10 +3.49633835e+10  2.87e+04   7.58e+01     2.27e-05   188.229s
 782000 +3.49634095e+10 +3.49633835e+10  2.59e+04   7.50e+01     2.22e-05   188.454s
 783000 +3.49634150e+10 +3.49633835e+10  3.15e+04   7.47e+01     2.24e-05   188.679s
 784000 +3.49634378e+10 +3.49633835e+10  5.43e+04   7.43e+01     2.25e-05   188.904s
 785000 +3.49634503e+10 +3.49633835e+10  6.68e+04   7.32e+01     2.23e-05   189.129s
 786000 +3.49634531e+10 +3.49633835e+10  6.96e+04   7.52e+01     1.89e-05   189.355s
 787000 +3.49634497e+10 +3.49633835e+10  6.62e+04   7.90e+01     1.81e-05   189.581s
 788000 +3.49634398e+10 +3.49633835e+10  5.64e+04   8.01e+01     1.68e-05   189.806s
 789000 +3.49634435e+10 +3.49633835e+10  6.00e+04   8.15e+01     1.66e-05   190.031s
 790000 +3.49634448e+10 +3.49633835e+10  6.13e+04   8.21e+01     1.64e-05   190.255s
 791000 +3.49634366e+10 +3.49633834e+10  5.32e+04   8.16e+01     1.62e-05   190.480s
 792000 +3.49634267e+10 +3.49633835e+10  4.33e+04   8.18e+01     1.62e-05   190.705s
 793000 +3.49634317e+10 +3.49633835e+10  4.83e+04   8.12e+01     1.60e-05   190.930s
 794000 +3.49634588e+10 +3.49633835e+10  7.54e+04   7.96e+01     1.55e-05   191.155s
 795000 +3.49634616e+10 +3.49633835e+10  7.81e+04   7.92e+01     1.57e-05   191.380s
 796000 +3.49634849e+10 +3.49633834e+10  1.01e+05   7.94e+01     1.55e-05   191.605s
 797000 +3.49634797e+10 +3.49633834e+10  9.63e+04   7.88e+01     1.55e-05   191.830s
 798000 +3.49634849e+10 +3.49633834e+10  1.02e+05   7.90e+01     1.50e-05   192.055s
 799000 +3.49634828e+10 +3.49633834e+10  9.95e+04   7.94e+01     1.51e-05   192.280s
 800000 +3.49634678e+10 +3.49633834e+10  8.44e+04   7.84e+01     1.53e-05   192.505s
 801000 +3.49634802e+10 +3.49633833e+10  9.69e+04   7.79e+01     1.46e-05   192.730s
 802000 +3.49634802e+10 +3.49633834e+10  9.68e+04   7.69e+01     1.48e-05   192.955s
 803000 +3.49634713e+10 +3.49633833e+10  8.80e+04   7.57e+01     1.51e-05   193.180s
 804000 +3.49634702e+10 +3.49633834e+10  8.68e+04   7.57e+01     1.50e-05   193.405s
 805000 +3.49634765e+10 +3.49633834e+10  9.31e+04   7.50e+01     1.47e-05   193.629s
 806000 +3.49634707e+10 +3.49633833e+10  8.74e+04   7.38e+01     1.47e-05   193.854s
 807000 +3.49634680e+10 +3.49633834e+10  8.47e+04   7.38e+01     1.47e-05   194.080s
 808000 +3.49634706e+10 +3.49633834e+10  8.72e+04   7.38e+01     1.49e-05   194.305s
 809000 +3.49634793e+10 +3.49633834e+10  9.59e+04   7.54e+01     1.54e-05   194.531s
 810000 +3.49634602e+10 +3.49633834e+10  7.68e+04   7.58e+01     1.50e-05   194.756s
 811000 +3.49634714e+10 +3.49633834e+10  8.80e+04   7.58e+01     1.53e-05   194.982s
 812000 +3.49634735e+10 +3.49633834e+10  9.01e+04   7.55e+01     1.48e-05   195.208s
 813000 +3.49634680e+10 +3.49633834e+10  8.46e+04   7.55e+01     1.48e-05   195.433s
 814000 +3.49634815e+10 +3.49633834e+10  9.82e+04   7.45e+01     1.48e-05   195.658s
 815000 +3.49634762e+10 +3.49633833e+10  9.28e+04   7.45e+01     1.48e-05   195.884s
 816000 +3.49634800e+10 +3.49633833e+10  9.66e+04   7.43e+01     1.56e-05   196.110s
 817000 +3.49634647e+10 +3.49633834e+10  8.14e+04   7.46e+01     1.56e-05   196.335s
 818000 +3.49635045e+10 +3.49633833e+10  1.21e+05   7.46e+01     1.50e-05   196.560s
 819000 +3.49634815e+10 +3.49633834e+10  9.81e+04   7.42e+01     1.49e-05   196.785s
 820000 +3.49634712e+10 +3.49633833e+10  8.78e+04   7.36e+01     1.46e-05   197.009s
 821000 +3.49634806e+10 +3.49633833e+10  9.72e+04   7.47e+01     1.50e-05   197.235s
 822000 +3.49634774e+10 +3.49633833e+10  9.41e+04   7.55e+01     1.48e-05   197.460s
 823000 +3.49634740e+10 +3.49633833e+10  9.07e+04   7.51e+01     1.45e-05   197.684s
 824000 +3.49634678e+10 +3.49633833e+10  8.45e+04   7.44e+01     1.46e-05   197.909s
 825000 +3.49634683e+10 +3.49633833e+10  8.49e+04   7.41e+01     1.47e-05   198.134s
 826000 +3.49634645e+10 +3.49633834e+10  8.11e+04   7.26e+01     1.53e-05   198.359s
 827000 +3.49634553e+10 +3.49633834e+10  7.19e+04   7.15e+01     1.55e-05   198.584s
 828000 +3.49634560e+10 +3.49633834e+10  7.26e+04   7.17e+01     1.58e-05   198.809s
 829000 +3.49634680e+10 +3.49633834e+10  8.45e+04   7.44e+01     1.48e-05   199.034s
 830000 +3.49634733e+10 +3.49633834e+10  8.98e+04   7.92e+01     1.48e-05   199.259s
 831000 +3.49634928e+10 +3.49633834e+10  1.09e+05   8.49e+01     1.43e-05   199.484s
 832000 +3.49635029e+10 +3.49633833e+10  1.20e+05   8.86e+01     1.45e-05   199.709s
 833000 +3.49634891e+10 +3.49633833e+10  1.06e+05   9.13e+01     1.44e-05   199.933s
 834000 +3.49634631e+10 +3.49633832e+10  7.99e+04   9.41e+01     1.44e-05   200.158s
 835000 +3.49634322e+10 +3.49633832e+10  4.90e+04   9.69e+01     1.41e-05   200.383s
 836000 +3.49634149e+10 +3.49633832e+10  3.16e+04   1.01e+02     1.40e-05   200.608s
 837000 +3.49634156e+10 +3.49633832e+10  3.23e+04   1.05e+02     1.42e-05   200.833s
 838000 +3.49634206e+10 +3.49633832e+10  3.73e+04   1.07e+02     1.42e-05   201.058s
 839000 +3.49633908e+10 +3.49633833e+10  7.53e+03   1.10e+02     1.42e-05   201.283s
 840000 +3.49633872e+10 +3.49633834e+10  3.86e+03   1.11e+02     1.37e-05   201.508s
 841000 +3.49634058e+10 +3.49633835e+10  2.24e+04   1.10e+02     1.35e-05   201.733s
 842000 +3.49634195e+10 +3.49633835e+10  3.60e+04   1.10e+02     1.37e-05   201.958s
 843000 +3.49633954e+10 +3.49633835e+10  1.19e+04   1.10e+02     1.40e-05   202.183s
 844000 +3.49634078e+10 +3.49633836e+10  2.43e+04   1.11e+02     1.35e-05   202.408s
 845000 +3.49634129e+10 +3.49633836e+10  2.94e+04   1.12e+02     1.34e-05   202.633s
 846000 +3.49634012e+10 +3.49633836e+10  1.76e+04   1.11e+02     1.32e-05   202.858s
 847000 +3.49634040e+10 +3.49633836e+10  2.04e+04   1.06e+02     1.44e-05   203.083s
 848000 +3.49634120e+10 +3.49633836e+10  2.84e+04   9.73e+01     1.33e-05   203.308s
 849000 +3.49634039e+10 +3.49633836e+10  2.02e+04   9.35e+01     1.33e-05   203.533s
 850000 +3.49634382e+10 +3.49633836e+10  5.46e+04   9.01e+01     1.28e-05   203.757s
 851000 +3.49634416e+10 +3.49633837e+10  5.80e+04   8.65e+01     1.20e-05   203.982s
 852000 +3.49634275e+10 +3.49633836e+10  4.39e+04   8.44e+01     1.18e-05   204.207s
 853000 +3.49634477e+10 +3.49633836e+10  6.41e+04   8.20e+01     1.15e-05   204.432s
 854000 +3.49634489e+10 +3.49633836e+10  6.54e+04   8.03e+01     1.11e-05   204.657s
 855000 +3.49634604e+10 +3.49633835e+10  7.69e+04   7.81e+01     1.12e-05   204.882s
 856000 +3.49634764e+10 +3.49633835e+10  9.29e+04   7.71e+01     5.87e-06   205.109s
 857000 +3.49634940e+10 +3.49633835e+10  1.10e+05   7.69e+01     5.16e-06   205.334s
 858000 +3.49635109e+10 +3.49633835e+10  1.27e+05   7.83e+01     4.75e-06   205.558s
 859000 +3.49635242e+10 +3.49633834e+10  1.41e+05   8.02e+01     4.52e-06   205.783s
 860000 +3.49635308e+10 +3.49633834e+10  1.47e+05   8.19e+01     4.35e-06   206.008s
 861000 +3.49635318e+10 +3.49633834e+10  1.48e+05   8.33e+01     4.23e-06   206.233s
 862000 +3.49635269e+10 +3.49633834e+10  1.44e+05   8.38e+01     4.20e-06   206.458s
 863000 +3.49635184e+10 +3.49633833e+10  1.35e+05   8.39e+01     4.01e-06   206.683s
 864000 +3.49635048e+10 +3.49633833e+10  1.22e+05   8.33e+01     3.82e-06   206.908s
 865000 +3.49634964e+10 +3.49633833e+10  1.13e+05   8.23e+01     3.70e-06   207.133s
 866000 +3.49634901e+10 +3.49633833e+10  1.07e+05   8.11e+01     3.62e-06   207.358s
 867000 +3.49634826e+10 +3.49633833e+10  9.92e+04   7.99e+01     3.51e-06   207.582s
 868000 +3.49634692e+10 +3.49633833e+10  8.58e+04   7.89e+01     3.49e-06   207.808s
 869000 +3.49634586e+10 +3.49633833e+10  7.52e+04   7.77e+01     3.43e-06   208.033s
 870000 +3.49634542e+10 +3.49633834e+10  7.09e+04   7.67e+01     3.38e-06   208.259s
 871000 +3.49634560e+10 +3.49633834e+10  7.26e+04   7.58e+01     3.37e-06   208.484s
 872000 +3.49634620e+10 +3.49633834e+10  7.86e+04   7.53e+01     3.31e-06   208.710s
 873000 +3.49634646e+10 +3.49633834e+10  8.12e+04   7.47e+01     3.33e-06   208.935s
 874000 +3.49634613e+10 +3.49633834e+10  7.79e+04   7.45e+01     3.29e-06   209.161s
 875000 +3.49634583e+10 +3.49633834e+10  7.49e+04   7.35e+01     3.46e-06   209.387s
 876000 +3.49634770e+10 +3.49633834e+10  9.36e+04   7.18e+01     3.48e-06   209.612s
 877000 +3.49634713e+10 +3.49633834e+10  8.79e+04   7.10e+01     3.30e-06   209.837s
 878000 +3.49634715e+10 +3.49633834e+10  8.81e+04   7.04e+01     3.25e-06   210.063s
 879000 +3.49634683e+10 +3.49633834e+10  8.49e+04   6.98e+01     3.16e-06   210.288s
 880000 +3.49634699e+10 +3.49633834e+10  8.64e+04   6.96e+01     3.08e-06   210.514s
 881000 +3.49634655e+10 +3.49633834e+10  8.21e+04   6.92e+01     3.11e-06   210.740s
 882000 +3.49634637e+10 +3.49633834e+10  8.03e+04   6.87e+01     3.02e-06   210.965s
 883000 +3.49634611e+10 +3.49633834e+10  7.77e+04   6.87e+01     2.99e-06   211.191s
 884000 +3.49634607e+10 +3.49633834e+10  7.73e+04   6.90e+01     2.94e-06   211.416s
 885000 +3.49634649e+10 +3.49633834e+10  8.15e+04   6.87e+01     2.91e-06   211.642s
 886000 +3.49634598e+10 +3.49633834e+10  7.64e+04   6.85e+01     2.89e-06   211.867s
 887000 +3.49634592e+10 +3.49633834e+10  7.58e+04   6.82e+01     2.87e-06   212.093s
 888000 +3.49634546e+10 +3.49633834e+10  7.12e+04   6.80e+01     2.84e-06   212.319s
 889000 +3.49634523e+10 +3.49633834e+10  6.89e+04   6.77e+01     2.81e-06   212.544s
 890000 +3.49634513e+10 +3.49633834e+10  6.79e+04   6.73e+01     2.79e-06   212.769s
 891000 +3.49634505e+10 +3.49633834e+10  6.71e+04   6.73e+01     2.76e-06   212.994s
 892000 +3.49634508e+10 +3.49633834e+10  6.74e+04   6.71e+01     2.72e-06   213.220s
 893000 +3.49634510e+10 +3.49633834e+10  6.76e+04   6.69e+01     2.73e-06   213.445s
 894000 +3.49634510e+10 +3.49633834e+10  6.75e+04   6.68e+01     2.73e-06   213.671s
 895000 +3.49634453e+10 +3.49633834e+10  6.19e+04   6.66e+01     2.69e-06   213.897s
 896000 +3.49634507e+10 +3.49633834e+10  6.72e+04   6.67e+01     2.70e-06   214.122s
 897000 +3.49634489e+10 +3.49633834e+10  6.54e+04   6.66e+01     2.70e-06   214.348s
 898000 +3.49634492e+10 +3.49633834e+10  6.58e+04   6.67e+01     2.69e-06   214.573s
 899000 +3.49634492e+10 +3.49633834e+10  6.58e+04   6.66e+01     2.64e-06   214.799s
 900000 +3.49634506e+10 +3.49633834e+10  6.72e+04   6.65e+01     2.64e-06   215.024s
 901000 +3.49634525e+10 +3.49633834e+10  6.90e+04   6.65e+01     2.62e-06   215.250s
 902000 +3.49634516e+10 +3.49633834e+10  6.82e+04   6.64e+01     2.62e-06   215.475s
 903000 +3.49634502e+10 +3.49633834e+10  6.68e+04   6.64e+01     2.66e-06   215.701s
 904000 +3.49634497e+10 +3.49633834e+10  6.62e+04   6.62e+01     2.61e-06   215.927s
 905000 +3.49634497e+10 +3.49633834e+10  6.63e+04   6.60e+01     2.61e-06   216.152s
 906000 +3.49634507e+10 +3.49633834e+10  6.73e+04   6.57e+01     2.59e-06   216.378s
 907000 +3.49634550e+10 +3.49633834e+10  7.16e+04   6.56e+01     2.58e-06   216.603s
 908000 +3.49634548e+10 +3.49633834e+10  7.14e+04   6.55e+01     2.58e-06   216.829s
 909000 +3.49634576e+10 +3.49633834e+10  7.42e+04   6.53e+01     2.58e-06   217.054s
 910000 +3.49634584e+10 +3.49633834e+10  7.49e+04   6.52e+01     2.56e-06   217.279s
 911000 +3.49634564e+10 +3.49633834e+10  7.29e+04   6.54e+01     2.58e-06   217.505s
 912000 +3.49634551e+10 +3.49633834e+10  7.17e+04   6.54e+01     2.56e-06   217.730s
 913000 +3.49634572e+10 +3.49633834e+10  7.38e+04   6.53e+01     2.56e-06   217.956s
 914000 +3.49634603e+10 +3.49633834e+10  7.69e+04   6.54e+01     2.53e-06   218.181s
 915000 +3.49634613e+10 +3.49633834e+10  7.79e+04   6.54e+01     2.56e-06   218.407s
 916000 +3.49634612e+10 +3.49633834e+10  7.78e+04   6.51e+01     2.53e-06   218.632s
 917000 +3.49634531e+10 +3.49633834e+10  6.97e+04   6.52e+01     2.53e-06   218.858s
 918000 +3.49634552e+10 +3.49633834e+10  7.18e+04   6.52e+01     2.52e-06   219.083s
 919000 +3.49634536e+10 +3.49633834e+10  7.02e+04   6.51e+01     2.53e-06   219.309s
 920000 +3.49634542e+10 +3.49633834e+10  7.07e+04   6.49e+01     2.50e-06   219.534s
 921000 +3.49634571e+10 +3.49633834e+10  7.37e+04   6.48e+01     2.58e-06   219.760s
 922000 +3.49634623e+10 +3.49633834e+10  7.89e+04   6.48e+01     2.54e-06   219.986s
 923000 +3.49634601e+10 +3.49633834e+10  7.67e+04   6.45e+01     7.44e-06   220.213s
 924000 +3.49634576e+10 +3.49633834e+10  7.42e+04   6.43e+01     7.44e-06   220.439s
 925000 +3.49634549e+10 +3.49633834e+10  7.14e+04   6.40e+01     7.39e-06   220.665s
 926000 +3.49634523e+10 +3.49633834e+10  6.89e+04   6.38e+01     7.33e-06   220.890s
 927000 +3.49634504e+10 +3.49633834e+10  6.70e+04   6.35e+01     7.27e-06   221.116s
 928000 +3.49634490e+10 +3.49633834e+10  6.55e+04   6.34e+01     7.25e-06   221.341s
 929000 +3.49634476e+10 +3.49633834e+10  6.42e+04   6.33e+01     7.24e-06   221.567s
 930000 +3.49634464e+10 +3.49633834e+10  6.30e+04   6.32e+01     7.18e-06   221.792s
 931000 +3.49634460e+10 +3.49633834e+10  6.26e+04   6.31e+01     7.17e-06   222.018s
 932000 +3.49634463e+10 +3.49633834e+10  6.28e+04   6.31e+01     7.16e-06   222.243s
 933000 +3.49634460e+10 +3.49633834e+10  6.25e+04   6.30e+01     7.15e-06   222.469s
 934000 +3.49634458e+10 +3.49633834e+10  6.24e+04   6.30e+01     7.15e-06   222.694s
 935000 +3.49634462e+10 +3.49633834e+10  6.28e+04   6.31e+01     7.15e-06   222.919s
 936000 +3.49634468e+10 +3.49633834e+10  6.34e+04   6.30e+01     7.14e-06   223.144s
 937000 +3.49634467e+10 +3.49633834e+10  6.33e+04   6.30e+01     7.13e-06   223.369s
 938000 +3.49634462e+10 +3.49633834e+10  6.28e+04   6.31e+01     7.12e-06   223.595s
 939000 +3.49634457e+10 +3.49633834e+10  6.22e+04   6.31e+01     7.12e-06   223.821s
 940000 +3.49634457e+10 +3.49633834e+10  6.23e+04   6.30e+01     7.13e-06   224.046s
 941000 +3.49634461e+10 +3.49633834e+10  6.27e+04   6.29e+01     7.13e-06   224.271s
 942000 +3.49634438e+10 +3.49633834e+10  6.03e+04   6.29e+01     7.14e-06   224.497s
 943000 +3.49634452e+10 +3.49633834e+10  6.18e+04   6.29e+01     7.14e-06   224.723s
 944000 +3.49634459e+10 +3.49633834e+10  6.24e+04   6.28e+01     7.12e-06   224.948s
 945000 +3.49634460e+10 +3.49633834e+10  6.26e+04   6.29e+01     7.12e-06   225.174s
 946000 +3.49634467e+10 +3.49633834e+10  6.33e+04   6.28e+01     7.11e-06   225.399s
 947000 +3.49634474e+10 +3.49633834e+10  6.39e+04   6.28e+01     7.12e-06   225.625s
 948000 +3.49634473e+10 +3.49633834e+10  6.38e+04   6.28e+01     7.12e-06   225.850s
 949000 +3.49634473e+10 +3.49633834e+10  6.39e+04   6.28e+01     7.11e-06   226.076s
 950000 +3.49634476e+10 +3.49633834e+10  6.41e+04   6.28e+01     7.12e-06   226.301s
 951000 +3.49634466e+10 +3.49633834e+10  6.32e+04   6.28e+01     7.11e-06   226.526s
 952000 +3.49634469e+10 +3.49633834e+10  6.35e+04   6.28e+01     7.10e-06   226.752s
 953000 +3.49634486e+10 +3.49633834e+10  6.51e+04   6.25e+01     7.33e-06   226.977s
 954000 +3.49634519e+10 +3.49633834e+10  6.84e+04   6.21e+01     7.14e-06   227.203s
 955000 +3.49634497e+10 +3.49633834e+10  6.62e+04   6.22e+01     7.14e-06   227.428s
 956000 +3.49634469e+10 +3.49633834e+10  6.35e+04   6.23e+01     7.12e-06   227.654s
 957000 +3.49634482e+10 +3.49633834e+10  6.48e+04   6.23e+01     7.13e-06   227.880s
 958000 +3.49634488e+10 +3.49633834e+10  6.54e+04   6.23e+01     7.13e-06   228.105s
 959000 +3.49634492e+10 +3.49633834e+10  6.58e+04   6.21e+01     7.14e-06   228.331s
 960000 +3.49634476e+10 +3.49633834e+10  6.41e+04   6.22e+01     7.12e-06   228.556s
 961000 +3.49634471e+10 +3.49633834e+10  6.37e+04   6.22e+01     7.11e-06   228.782s
 962000 +3.49634469e+10 +3.49633834e+10  6.34e+04   6.22e+01     7.12e-06   229.007s
 963000 +3.49634486e+10 +3.49633834e+10  6.52e+04   6.22e+01     7.12e-06   229.233s
 964000 +3.49634486e+10 +3.49633834e+10  6.52e+04   6.22e+01     7.12e-06   229.459s
 965000 +3.49634479e+10 +3.49633834e+10  6.45e+04   6.22e+01     7.13e-06   229.684s
 966000 +3.49634482e+10 +3.49633834e+10  6.47e+04   6.21e+01     7.12e-06   229.910s
 967000 +3.49634484e+10 +3.49633834e+10  6.50e+04   6.22e+01     7.11e-06   230.135s
 968000 +3.49634490e+10 +3.49633834e+10  6.56e+04   6.21e+01     7.12e-06   230.361s
 969000 +3.49634484e+10 +3.49633834e+10  6.50e+04   6.21e+01     7.10e-06   230.586s
 970000 +3.49634482e+10 +3.49633834e+10  6.48e+04   6.21e+01     7.10e-06   230.812s
 971000 +3.49634495e+10 +3.49633834e+10  6.60e+04   6.20e+01     7.10e-06   231.038s
 972000 +3.49634492e+10 +3.49633834e+10  6.58e+04   6.20e+01     7.09e-06   231.264s
 973000 +3.49634491e+10 +3.49633834e+10  6.57e+04   6.19e+01     7.09e-06   231.489s
 974000 +3.49634488e+10 +3.49633834e+10  6.54e+04   6.20e+01     7.08e-06   231.715s
 975000 +3.49634495e+10 +3.49633834e+10  6.60e+04   6.19e+01     7.08e-06   231.940s
 976000 +3.49634480e+10 +3.49633834e+10  6.46e+04   6.17e+01     7.09e-06   232.166s
 977000 +3.49634487e+10 +3.49633834e+10  6.53e+04   6.16e+01     7.09e-06   232.391s
 978000 +3.49634483e+10 +3.49633834e+10  6.48e+04   6.14e+01     7.06e-06   232.616s
 979000 +3.49634480e+10 +3.49633834e+10  6.46e+04   6.12e+01     7.07e-06   232.842s
 980000 +3.49634468e+10 +3.49633834e+10  6.34e+04   6.12e+01     7.06e-06   233.067s
 981000 +3.49634474e+10 +3.49633834e+10  6.40e+04   6.12e+01     7.05e-06   233.292s
 982000 +3.49634490e+10 +3.49633834e+10  6.56e+04   6.12e+01     7.05e-06   233.517s
 983000 +3.49634479e+10 +3.49633834e+10  6.45e+04   6.11e+01     7.04e-06   233.743s
 984000 +3.49634472e+10 +3.49633834e+10  6.38e+04   6.10e+01     7.04e-06   233.968s
 985000 +3.49634470e+10 +3.49633834e+10  6.36e+04   6.10e+01     7.02e-06   234.193s
 986000 +3.49634484e+10 +3.49633834e+10  6.50e+04   6.10e+01     7.03e-06   234.418s
 987000 +3.49634472e+10 +3.49633834e+10  6.38e+04   6.09e+01     7.02e-06   234.643s
 988000 +3.49634471e+10 +3.49633834e+10  6.36e+04   6.09e+01     7.00e-06   234.869s
 989000 +3.49634459e+10 +3.49633834e+10  6.25e+04   6.08e+01     7.00e-06   235.094s
 990000 +3.49634442e+10 +3.49633834e+10  6.08e+04   6.07e+01     7.01e-06   235.320s
 991000 +3.49634433e+10 +3.49633834e+10  5.99e+04   6.06e+01     7.00e-06   235.546s
 992000 +3.49634422e+10 +3.49633834e+10  5.88e+04   6.06e+01     6.98e-06   235.771s
 993000 +3.49634418e+10 +3.49633834e+10  5.83e+04   6.06e+01     7.01e-06   235.997s
 994000 +3.49634421e+10 +3.49633834e+10  5.87e+04   6.06e+01     6.99e-06   236.223s
 995000 +3.49634421e+10 +3.49633834e+10  5.87e+04   6.06e+01     6.98e-06   236.448s
 996000 +3.49634412e+10 +3.49633834e+10  5.78e+04   6.05e+01     6.96e-06   236.674s
 997000 +3.49634407e+10 +3.49633834e+10  5.73e+04   6.05e+01     6.95e-06   236.899s
 998000 +3.49634422e+10 +3.49633834e+10  5.88e+04   6.05e+01     6.95e-06   237.125s
 999000 +3.49634430e+10 +3.49633834e+10  5.96e+04   6.05e+01     6.95e-06   237.350s
1000000 +3.49634432e+10 +3.49633834e+10  5.98e+04   6.05e+01     6.96e-06   237.576s
1001000 +3.49634431e+10 +3.49633834e+10  5.97e+04   6.04e+01     6.93e-06   237.801s
1002000 +3.49634425e+10 +3.49633834e+10  5.90e+04   6.04e+01     6.92e-06   238.026s
1003000 +3.49634417e+10 +3.49633834e+10  5.83e+04   6.04e+01     6.93e-06   238.252s
1004000 +3.49634417e+10 +3.49633834e+10  5.82e+04   6.04e+01     6.92e-06   238.478s
1005000 +3.49634415e+10 +3.49633834e+10  5.81e+04   6.04e+01     6.92e-06   238.703s
1006000 +3.49634411e+10 +3.49633834e+10  5.76e+04   6.04e+01     6.93e-06   238.929s
1007000 +3.49634418e+10 +3.49633834e+10  5.84e+04   6.03e+01     6.91e-06   239.154s
1008000 +3.49634427e+10 +3.49633834e+10  5.92e+04   6.03e+01     6.91e-06   239.380s
1009000 +3.49634416e+10 +3.49633834e+10  5.81e+04   6.03e+01     6.90e-06   239.606s
1010000 +3.49634417e+10 +3.49633834e+10  5.82e+04   6.03e+01     6.88e-06   239.831s
1011000 +3.49634403e+10 +3.49633834e+10  5.69e+04   6.03e+01     6.95e-06   240.056s
1012000 +3.49634391e+10 +3.49633834e+10  5.57e+04   6.01e+01     7.19e-06   240.282s
1013000 +3.49634397e+10 +3.49633834e+10  5.63e+04   5.97e+01     6.99e-06   240.507s
1014000 +3.49634384e+10 +3.49633834e+10  5.49e+04   5.96e+01     6.87e-06   240.733s
1015000 +3.49634376e+10 +3.49633834e+10  5.42e+04   5.94e+01     6.91e-06   240.959s
1016000 +3.49634368e+10 +3.49633834e+10  5.34e+04   5.92e+01     6.82e-06   241.184s
1017000 +3.49634376e+10 +3.49633834e+10  5.42e+04   5.90e+01     6.83e-06   241.410s
1018000 +3.49634358e+10 +3.49633834e+10  5.23e+04   5.90e+01     6.78e-06   241.635s
1019000 +3.49634372e+10 +3.49633834e+10  5.38e+04   5.92e+01     6.85e-06   241.861s
1020000 +3.49634398e+10 +3.49633834e+10  5.64e+04   5.91e+01     6.89e-06   242.086s
1021000 +3.49634414e+10 +3.49633834e+10  5.80e+04   5.91e+01     6.84e-06   242.312s
1022000 +3.49634411e+10 +3.49633834e+10  5.77e+04   5.91e+01     6.92e-06   242.537s
1023000 +3.49634402e+10 +3.49633834e+10  5.67e+04   5.90e+01     6.79e-06   242.763s
1024000 +3.49634406e+10 +3.49633834e+10  5.71e+04   5.91e+01     6.78e-06   242.989s
1025000 +3.49634449e+10 +3.49633834e+10  6.15e+04   5.92e+01     6.74e-06   243.214s
1026000 +3.49634438e+10 +3.49633834e+10  6.03e+04   5.94e+01     6.81e-06   243.439s
1027000 +3.49634464e+10 +3.49633834e+10  6.30e+04   5.94e+01     6.82e-06   243.665s
1028000 +3.49634466e+10 +3.49633834e+10  6.32e+04   5.93e+01     6.81e-06   243.891s
1029000 +3.49634426e+10 +3.49633834e+10  5.92e+04   5.93e+01     6.81e-06   244.116s
1030000 +3.49634418e+10 +3.49633834e+10  5.84e+04   5.92e+01     6.82e-06   244.343s
1031000 +3.49634384e+10 +3.49633834e+10  5.50e+04   5.90e+01     6.78e-06   244.568s
1032000 +3.49634394e+10 +3.49633834e+10  5.60e+04   5.91e+01     6.74e-06   244.794s
1033000 +3.49634388e+10 +3.49633834e+10  5.54e+04   5.91e+01     6.70e-06   245.020s
1034000 +3.49634398e+10 +3.49633834e+10  5.64e+04   5.92e+01     6.71e-06   245.246s
1035000 +3.49634410e+10 +3.49633834e+10  5.76e+04   5.92e+01     6.75e-06   245.471s
1036000 +3.49634402e+10 +3.49633834e+10  5.67e+04   5.92e+01     6.79e-06   245.697s
1037000 +3.49634390e+10 +3.49633834e+10  5.56e+04   5.92e+01     6.75e-06   245.922s
1038000 +3.49634392e+10 +3.49633834e+10  5.58e+04   5.93e+01     6.81e-06   246.148s
1039000 +3.49634383e+10 +3.49633834e+10  5.49e+04   5.92e+01     6.74e-06   246.373s
1040000 +3.49634362e+10 +3.49633835e+10  5.27e+04   5.92e+01     6.71e-06   246.598s
1041000 +3.49634401e+10 +3.49633835e+10  5.66e+04   5.92e+01     6.79e-06   246.824s
1042000 +3.49634381e+10 +3.49633835e+10  5.47e+04   5.93e+01     6.73e-06   247.050s
1043000 +3.49634425e+10 +3.49633835e+10  5.91e+04   5.93e+01     6.71e-06   247.275s
1044000 +3.49634418e+10 +3.49633835e+10  5.84e+04   5.91e+01     6.75e-06   247.501s
1045000 +3.49634413e+10 +3.49633835e+10  5.79e+04   5.90e+01     6.71e-06   247.727s
1046000 +3.49634414e+10 +3.49633835e+10  5.80e+04   5.90e+01     6.87e-06   247.952s
1047000 +3.49634372e+10 +3.49633835e+10  5.37e+04   5.89e+01     6.98e-06   248.178s
1048000 +3.49634350e+10 +3.49633835e+10  5.15e+04   5.89e+01     6.84e-06   248.403s
1049000 +3.49634352e+10 +3.49633834e+10  5.18e+04   5.90e+01     6.66e-06   248.629s
1050000 +3.49634373e+10 +3.49633834e+10  5.38e+04   5.90e+01     6.74e-06   248.854s
1051000 +3.49634399e+10 +3.49633834e+10  5.65e+04   5.91e+01     6.81e-06   249.080s
1052000 +3.49634407e+10 +3.49633834e+10  5.72e+04   5.91e+01     6.70e-06   249.306s
1053000 +3.49634415e+10 +3.49633834e+10  5.81e+04   5.92e+01     6.74e-06   249.532s
1054000 +3.49634434e+10 +3.49633834e+10  5.99e+04   5.93e+01     6.78e-06   249.758s
1055000 +3.49634437e+10 +3.49633834e+10  6.03e+04   5.93e+01     6.74e-06   249.983s
1056000 +3.49634428e+10 +3.49633834e+10  5.94e+04   5.93e+01     6.69e-06   250.209s
1057000 +3.49634426e+10 +3.49633834e+10  5.92e+04   5.93e+01     6.65e-06   250.435s
1058000 +3.49634425e+10 +3.49633834e+10  5.90e+04   5.92e+01     6.67e-06   250.660s
1059000 +3.49634415e+10 +3.49633834e+10  5.81e+04   5.91e+01     6.66e-06   250.886s
1060000 +3.49634391e+10 +3.49633834e+10  5.57e+04   5.91e+01     6.68e-06   251.111s
1061000 +3.49634401e+10 +3.49633834e+10  5.67e+04   5.91e+01     6.68e-06   251.337s
1062000 +3.49634416e+10 +3.49633834e+10  5.82e+04   5.90e+01     6.64e-06   251.562s
1063000 +3.49634408e+10 +3.49633834e+10  5.74e+04   5.90e+01     6.62e-06   251.788s
1064000 +3.49634392e+10 +3.49633834e+10  5.58e+04   5.90e+01     6.60e-06   252.013s
1065000 +3.49634375e+10 +3.49633834e+10  5.41e+04   5.89e+01     6.58e-06   252.239s
1066000 +3.49634376e+10 +3.49633834e+10  5.42e+04   5.88e+01     6.57e-06   252.464s
1067000 +3.49634365e+10 +3.49633834e+10  5.30e+04   5.89e+01     6.58e-06   252.690s
1068000 +3.49634381e+10 +3.49633834e+10  5.47e+04   5.89e+01     6.61e-06   252.915s
1069000 +3.49634405e+10 +3.49633834e+10  5.71e+04   5.90e+01     6.63e-06   253.141s
1070000 +3.49634413e+10 +3.49633834e+10  5.79e+04   5.90e+01     6.63e-06   253.366s
1071000 +3.49634395e+10 +3.49633834e+10  5.60e+04   5.89e+01     6.60e-06   253.592s
1072000 +3.49634377e+10 +3.49633834e+10  5.42e+04   5.89e+01     6.59e-06   253.817s
1073000 +3.49634362e+10 +3.49633835e+10  5.27e+04   5.88e+01     6.58e-06   254.043s
1074000 +3.49634381e+10 +3.49633835e+10  5.46e+04   5.87e+01     6.55e-06   254.269s
1075000 +3.49634374e+10 +3.49633835e+10  5.39e+04   5.87e+01     6.60e-06   254.494s
1076000 +3.49634352e+10 +3.49633835e+10  5.18e+04   5.87e+01     6.60e-06   254.720s
1077000 +3.49634362e+10 +3.49633835e+10  5.27e+04   5.87e+01     6.61e-06   254.946s
1078000 +3.49634377e+10 +3.49633835e+10  5.43e+04   5.87e+01     6.65e-06   255.172s
1079000 +3.49634411e+10 +3.49633835e+10  5.77e+04   5.87e+01     6.63e-06   255.397s
1080000 +3.49634424e+10 +3.49633835e+10  5.89e+04   5.87e+01     6.59e-06   255.622s
1081000 +3.49634413e+10 +3.49633835e+10  5.78e+04   5.88e+01     6.67e-06   255.848s
1082000 +3.49634420e+10 +3.49633834e+10  5.85e+04   5.88e+01     6.59e-06   256.073s
1083000 +3.49634403e+10 +3.49633834e+10  5.69e+04   5.88e+01     6.60e-06   256.299s
1084000 +3.49634399e+10 +3.49633834e+10  5.65e+04   5.89e+01     6.67e-06   256.524s
1085000 +3.49634403e+10 +3.49633834e+10  5.69e+04   5.89e+01     6.73e-06   256.750s
1086000 +3.49634413e+10 +3.49633834e+10  5.79e+04   5.89e+01     6.67e-06   256.975s
1087000 +3.49634403e+10 +3.49633834e+10  5.68e+04   5.89e+01     6.57e-06   257.201s
1088000 +3.49634404e+10 +3.49633834e+10  5.70e+04   5.89e+01     6.67e-06   257.426s
1089000 +3.49634383e+10 +3.49633834e+10  5.49e+04   5.89e+01     6.70e-06   257.652s
1090000 +3.49634378e+10 +3.49633834e+10  5.43e+04   5.89e+01     6.61e-06   257.877s
1091000 +3.49634394e+10 +3.49633834e+10  5.59e+04   5.89e+01     6.54e-06   258.103s
1092000 +3.49634373e+10 +3.49633834e+10  5.38e+04   5.88e+01     6.53e-06   258.329s
1093000 +3.49634384e+10 +3.49633834e+10  5.49e+04   5.88e+01     6.55e-06   258.555s
1094000 +3.49634378e+10 +3.49633834e+10  5.43e+04   5.87e+01     6.55e-06   258.780s
1095000 +3.49634372e+10 +3.49633834e+10  5.38e+04   5.87e+01     6.53e-06   259.006s
1096000 +3.49634384e+10 +3.49633834e+10  5.49e+04   5.87e+01     6.54e-06   259.231s
1097000 +3.49634387e+10 +3.49633834e+10  5.52e+04   5.86e+01     6.51e-06   259.457s
1098000 +3.49634387e+10 +3.49633834e+10  5.53e+04   5.86e+01     6.52e-06   259.682s
1099000 +3.49634376e+10 +3.49633834e+10  5.41e+04   5.87e+01     6.52e-06   259.908s
1100000 +3.49634370e+10 +3.49633834e+10  5.35e+04   5.87e+01     6.51e-06   260.134s
1101000 +3.49634374e+10 +3.49633834e+10  5.40e+04   5.87e+01     6.54e-06   260.359s
1102000 +3.49634392e+10 +3.49633835e+10  5.58e+04   5.86e+01     6.52e-06   260.585s
1103000 +3.49634383e+10 +3.49633835e+10  5.48e+04   5.86e+01     6.52e-06   260.810s
1104000 +3.49634390e+10 +3.49633834e+10  5.55e+04   5.86e+01     6.51e-06   261.036s
1105000 +3.49634368e+10 +3.49633834e+10  5.34e+04   5.86e+01     6.51e-06   261.261s
1106000 +3.49634361e+10 +3.49633834e+10  5.27e+04   5.87e+01     6.52e-06   261.487s
1107000 +3.49634354e+10 +3.49633834e+10  5.20e+04   5.87e+01     6.50e-06   261.713s
1108000 +3.49634363e+10 +3.49633834e+10  5.29e+04   5.87e+01     6.49e-06   261.938s
1109000 +3.49634370e+10 +3.49633835e+10  5.35e+04   5.88e+01     6.51e-06   262.164s
1110000 +3.49634375e+10 +3.49633835e+10  5.40e+04   5.88e+01     6.52e-06   262.390s
1111000 +3.49634398e+10 +3.49633834e+10  5.63e+04   5.87e+01     6.51e-06   262.615s
1112000 +3.49634412e+10 +3.49633834e+10  5.77e+04   5.88e+01     6.55e-06   262.841s
1113000 +3.49634412e+10 +3.49633834e+10  5.78e+04   5.88e+01     6.53e-06   263.066s
1114000 +3.49634393e+10 +3.49633834e+10  5.58e+04   5.88e+01     6.55e-06   263.292s
1115000 +3.49634393e+10 +3.49633834e+10  5.59e+04   5.88e+01     6.55e-06   263.517s
1116000 +3.49634383e+10 +3.49633834e+10  5.49e+04   5.87e+01     6.53e-06   263.743s
1117000 +3.49634388e+10 +3.49633834e+10  5.54e+04   5.88e+01     6.49e-06   263.968s
1118000 +3.49634373e+10 +3.49633834e+10  5.39e+04   5.88e+01     6.51e-06   264.194s
1119000 +3.49634377e+10 +3.49633834e+10  5.42e+04   5.87e+01     6.53e-06   264.420s
1120000 +3.49634377e+10 +3.49633834e+10  5.43e+04   5.87e+01     6.55e-06   264.645s
1121000 +3.49634391e+10 +3.49633834e+10  5.57e+04   5.86e+01     6.52e-06   264.870s
1122000 +3.49634391e+10 +3.49633834e+10  5.57e+04   5.86e+01     6.49e-06   265.096s
1123000 +3.49634384e+10 +3.49633834e+10  5.50e+04   5.86e+01     6.50e-06   265.321s
1124000 +3.49634386e+10 +3.49633834e+10  5.52e+04   5.86e+01     6.53e-06   265.547s
1125000 +3.49634373e+10 +3.49633834e+10  5.39e+04   5.87e+01     6.50e-06   265.772s
1126000 +3.49634366e+10 +3.49633834e+10  5.32e+04   5.87e+01     6.52e-06   265.997s
1127000 +3.49634372e+10 +3.49633835e+10  5.37e+04   5.87e+01     6.50e-06   266.223s
1128000 +3.49634389e+10 +3.49633835e+10  5.54e+04   5.87e+01     6.51e-06   266.448s
1129000 +3.49634392e+10 +3.49633835e+10  5.57e+04   5.87e+01     6.49e-06   266.673s
1130000 +3.49634394e+10 +3.49633835e+10  5.59e+04   5.87e+01     6.52e-06   266.900s
1131000 +3.49634387e+10 +3.49633834e+10  5.52e+04   5.87e+01     6.54e-06   267.126s
1132000 +3.49634383e+10 +3.49633834e+10  5.49e+04   5.87e+01     6.53e-06   267.352s
1133000 +3.49634379e+10 +3.49633834e+10  5.45e+04   5.87e+01     6.49e-06   267.578s
1134000 +3.49634372e+10 +3.49633834e+10  5.37e+04   5.87e+01     6.48e-06   267.804s
1135000 +3.49634375e+10 +3.49633834e+10  5.41e+04   5.87e+01     6.47e-06   268.029s
1136000 +3.49634376e+10 +3.49633835e+10  5.41e+04   5.87e+01     6.50e-06   268.255s
1137000 +3.49634378e+10 +3.49633835e+10  5.43e+04   5.87e+01     6.53e-06   268.481s
1138000 +3.49634384e+10 +3.49633834e+10  5.49e+04   5.87e+01     6.52e-06   268.707s
1139000 +3.49634391e+10 +3.49633834e+10  5.56e+04   5.87e+01     6.50e-06   268.932s
1140000 +3.49634402e+10 +3.49633834e+10  5.68e+04   5.87e+01     6.48e-06   269.157s
1141000 +3.49634407e+10 +3.49633834e+10  5.73e+04   5.87e+01     6.51e-06   269.383s
1142000 +3.49634398e+10 +3.49633834e+10  5.63e+04   5.87e+01     6.51e-06   269.608s
1143000 +3.49634393e+10 +3.49633834e+10  5.59e+04   5.87e+01     6.52e-06   269.834s
1144000 +3.49634400e+10 +3.49633834e+10  5.66e+04   5.87e+01     6.49e-06   270.060s
1145000 +3.49634374e+10 +3.49633834e+10  5.39e+04   5.87e+01     6.50e-06   270.286s
1146000 +3.49634374e+10 +3.49633834e+10  5.40e+04   5.86e+01     6.49e-06   270.511s
1147000 +3.49634395e+10 +3.49633834e+10  5.61e+04   5.87e+01     6.48e-06   270.737s
1148000 +3.49634381e+10 +3.49633834e+10  5.47e+04   5.86e+01     6.47e-06   270.962s
1149000 +3.49634377e+10 +3.49633834e+10  5.43e+04   5.86e+01     6.47e-06   271.188s
1150000 +3.49634376e+10 +3.49633834e+10  5.42e+04   5.86e+01     6.46e-06   271.413s
1151000 +3.49634388e+10 +3.49633834e+10  5.54e+04   5.85e+01     6.47e-06   271.639s
1152000 +3.49634395e+10 +3.49633834e+10  5.61e+04   5.85e+01     6.47e-06   271.865s
1153000 +3.49634396e+10 +3.49633834e+10  5.62e+04   5.85e+01     6.47e-06   272.090s
1154000 +3.49634375e+10 +3.49633834e+10  5.41e+04   5.86e+01     6.48e-06   272.315s
1155000 +3.49634383e+10 +3.49633834e+10  5.48e+04   5.85e+01     6.69e-06   272.541s
1156000 +3.49634379e+10 +3.49633834e+10  5.44e+04   5.85e+01     6.63e-06   272.766s
1157000 +3.49634374e+10 +3.49633834e+10  5.40e+04   5.86e+01     6.63e-06   272.992s
1158000 +3.49634387e+10 +3.49633834e+10  5.52e+04   5.86e+01     6.60e-06   273.218s
1159000 +3.49634386e+10 +3.49633834e+10  5.52e+04   5.85e+01     6.65e-06   273.443s
1160000 +3.49634387e+10 +3.49633834e+10  5.52e+04   5.85e+01     6.63e-06   273.669s
1161000 +3.49634364e+10 +3.49633835e+10  5.30e+04   5.85e+01     6.55e-06   273.894s
1162000 +3.49634374e+10 +3.49633835e+10  5.39e+04   5.85e+01     6.58e-06   274.120s
1163000 +3.49634373e+10 +3.49633835e+10  5.38e+04   5.85e+01     6.57e-06   274.345s
1164000 +3.49634382e+10 +3.49633835e+10  5.48e+04   5.86e+01     6.55e-06   274.571s
1165000 +3.49634376e+10 +3.49633834e+10  5.41e+04   5.86e+01     6.60e-06   274.796s
1166000 +3.49634374e+10 +3.49633834e+10  5.40e+04   5.87e+01     6.58e-06   275.022s
1167000 +3.49634388e+10 +3.49633834e+10  5.53e+04   5.86e+01     6.59e-06   275.247s
1168000 +3.49634383e+10 +3.49633834e+10  5.49e+04   5.86e+01     6.66e-06   275.473s
1169000 +3.49634383e+10 +3.49633834e+10  5.49e+04   5.86e+01     6.61e-06   275.698s
1170000 +3.49634375e+10 +3.49633834e+10  5.40e+04   5.85e+01     6.66e-06   275.924s
1171000 +3.49634371e+10 +3.49633834e+10  5.37e+04   5.85e+01     6.67e-06   276.149s
1172000 +3.49634384e+10 +3.49633834e+10  5.50e+04   5.85e+01     6.65e-06   276.375s
1173000 +3.49634370e+10 +3.49633834e+10  5.35e+04   5.85e+01     6.63e-06   276.600s
1174000 +3.49634368e+10 +3.49633834e+10  5.33e+04   5.85e+01     6.57e-06   276.826s
1175000 +3.49634363e+10 +3.49633834e+10  5.29e+04   5.84e+01     6.62e-06   277.051s
1176000 +3.49634371e+10 +3.49633834e+10  5.37e+04   5.84e+01     6.58e-06   277.277s
1177000 +3.49634363e+10 +3.49633834e+10  5.28e+04   5.83e+01     6.54e-06   277.502s
1178000 +3.49634378e+10 +3.49633834e+10  5.44e+04   5.83e+01     6.53e-06   277.728s
1179000 +3.49634370e+10 +3.49633834e+10  5.36e+04   5.82e+01     6.53e-06   277.954s
1180000 +3.49634400e+10 +3.49633834e+10  5.66e+04   5.82e+01     6.56e-06   278.179s
1181000 +3.49634406e+10 +3.49633834e+10  5.72e+04   5.82e+01     6.55e-06   278.405s
1182000 +3.49634395e+10 +3.49633834e+10  5.61e+04   5.83e+01     6.58e-06   278.630s
1183000 +3.49634384e+10 +3.49633834e+10  5.50e+04   5.84e+01     6.62e-06   278.856s
1184000 +3.49634365e+10 +3.49633834e+10  5.31e+04   5.84e+01     6.57e-06   279.082s
1185000 +3.49634348e+10 +3.49633834e+10  5.13e+04   5.84e+01     6.52e-06   279.309s
1186000 +3.49634355e+10 +3.49633834e+10  5.20e+04   5.84e+01     6.57e-06   279.534s
1187000 +3.49634364e+10 +3.49633834e+10  5.30e+04   5.84e+01     6.56e-06   279.759s
1188000 +3.49634385e+10 +3.49633834e+10  5.50e+04   5.84e+01     6.52e-06   279.985s
1189000 +3.49634380e+10 +3.49633834e+10  5.45e+04   5.84e+01     6.52e-06   280.210s
1190000 +3.49634384e+10 +3.49633834e+10  5.50e+04   5.84e+01     6.61e-06   280.436s
1191000 +3.49634377e+10 +3.49633834e+10  5.43e+04   5.84e+01     6.60e-06   280.661s
1192000 +3.49634389e+10 +3.49633834e+10  5.54e+04   5.85e+01     6.53e-06   280.887s
1193000 +3.49634367e+10 +3.49633834e+10  5.33e+04   5.85e+01     6.53e-06   281.112s
1194000 +3.49634361e+10 +3.49633834e+10  5.27e+04   5.85e+01     6.54e-06   281.338s
1195000 +3.49634363e+10 +3.49633834e+10  5.29e+04   5.85e+01     6.53e-06   281.563s
1196000 +3.49634373e+10 +3.49633834e+10  5.39e+04   5.83e+01     6.51e-06   281.789s
1197000 +3.49634373e+10 +3.49633834e+10  5.39e+04   5.81e+01     6.45e-06   282.014s
1198000 +3.49634367e+10 +3.49633834e+10  5.33e+04   5.80e+01     6.49e-06   282.240s
1199000 +3.49634379e+10 +3.49633834e+10  5.45e+04   5.76e+01     6.38e-06   282.465s
1200000 +3.49634364e+10 +3.49633834e+10  5.29e+04   5.68e+01     6.32e-06   282.691s
1201000 +3.49634365e+10 +3.49633834e+10  5.31e+04   5.65e+01     6.31e-06   282.916s
1202000 +3.49634349e+10 +3.49633834e+10  5.15e+04   5.66e+01     6.40e-06   283.142s
1203000 +3.49634379e+10 +3.49633834e+10  5.45e+04   5.63e+01     6.46e-06   283.367s
1204000 +3.49634376e+10 +3.49633834e+10  5.42e+04   5.61e+01     6.42e-06   283.593s
1205000 +3.49634373e+10 +3.49633834e+10  5.39e+04   5.61e+01     2.07e-04   283.820s
1206000 +3.49634376e+10 +3.49633833e+10  5.43e+04   5.59e+01     2.08e-04   284.046s
1207000 +3.49634359e+10 +3.49633832e+10  5.27e+04   5.56e+01     2.18e-04   284.272s
1208000 +3.49634322e+10 +3.49633832e+10  4.89e+04   5.31e+01     2.30e-04   284.497s
1209000 +3.49634299e+10 +3.49633832e+10  4.67e+04   5.37e+01     2.05e-04   284.723s
1210000 +3.49634280e+10 +3.49633833e+10  4.48e+04   5.27e+01     1.99e-04   284.949s
1211000 +3.49634273e+10 +3.49633833e+10  4.39e+04   5.29e+01     1.97e-04   285.176s
1212000 +3.49634256e+10 +3.49633834e+10  4.22e+04   5.26e+01     1.93e-04   285.401s
1213000 +3.49634244e+10 +3.49633835e+10  4.08e+04   5.24e+01     1.93e-04   285.627s
1214000 +3.49634244e+10 +3.49633836e+10  4.08e+04   5.25e+01     1.91e-04   285.853s
1215000 +3.49634256e+10 +3.49633838e+10  4.18e+04   5.24e+01     1.88e-04   286.078s
1216000 +3.49634268e+10 +3.49633838e+10  4.30e+04   5.23e+01     1.88e-04   286.305s
1217000 +3.49634277e+10 +3.49633839e+10  4.37e+04   5.22e+01     1.88e-04   286.531s
1218000 +3.49634269e+10 +3.49633839e+10  4.30e+04   4.92e+01     2.22e-04   286.756s
1219000 +3.49634241e+10 +3.49633841e+10  4.00e+04   4.67e+01     1.93e-04   286.982s
1220000 +3.49634260e+10 +3.49633842e+10  4.18e+04   4.52e+01     1.92e-04   287.207s
1221000 +3.49634276e+10 +3.49633843e+10  4.34e+04   4.59e+01     1.92e-04   287.433s
1222000 +3.49634249e+10 +3.49633842e+10  4.07e+04   4.43e+01     1.89e-04   287.658s
1223000 +3.49634254e+10 +3.49633841e+10  4.13e+04   4.44e+01     1.89e-04   287.884s
1224000 +3.49634224e+10 +3.49633841e+10  3.83e+04   4.37e+01     1.87e-04   288.110s
1225000 +3.49634236e+10 +3.49633841e+10  3.95e+04   4.39e+01     1.87e-04   288.336s
1226000 +3.49634237e+10 +3.49633840e+10  3.96e+04   4.33e+01     1.91e-04   288.561s
1227000 +3.49634243e+10 +3.49633840e+10  4.04e+04   4.28e+01     1.90e-04   288.787s
1228000 +3.49634222e+10 +3.49633837e+10  3.85e+04   4.33e+01     1.90e-04   289.012s
1229000 +3.49634212e+10 +3.49633829e+10  3.83e+04   4.26e+01     1.82e-04   289.238s
1230000 +3.49634204e+10 +3.49633821e+10  3.83e+04   4.22e+01     1.81e-04   289.463s
1231000 +3.49634203e+10 +3.49633818e+10  3.85e+04   4.24e+01     1.83e-04   289.689s
1232000 +3.49634188e+10 +3.49633821e+10  3.67e+04   4.18e+01     1.79e-04   289.914s
1233000 +3.49634160e+10 +3.49633824e+10  3.36e+04   4.13e+01     1.80e-04   290.140s
1234000 +3.49634105e+10 +3.49633825e+10  2.80e+04   4.12e+01     1.78e-04   290.365s
1235000 +3.49634119e+10 +3.49633829e+10  2.90e+04   4.11e+01     1.76e-04   290.590s
1236000 +3.49634134e+10 +3.49633831e+10  3.03e+04   4.09e+01     1.76e-04   290.816s
1237000 +3.49634121e+10 +3.49633832e+10  2.88e+04   4.05e+01     1.74e-04   291.042s
1238000 +3.49634149e+10 +3.49633832e+10  3.16e+04   4.07e+01     1.74e-04   291.267s
1239000 +3.49634166e+10 +3.49633832e+10  3.34e+04   4.01e+01     1.77e-04   291.493s
1240000 +3.49634153e+10 +3.49633835e+10  3.18e+04   3.82e+01     6.16e-04   291.720s
1241000 +3.49634122e+10 +3.49633843e+10  2.78e+04   3.75e+01     6.28e-04   291.946s
1242000 +3.49634094e+10 +3.49633852e+10  2.41e+04   3.65e+01     6.26e-04   292.171s
1243000 +3.49634092e+10 +3.49633863e+10  2.29e+04   3.60e+01     6.14e-04   292.396s
1244000 +3.49634084e+10 +3.49633873e+10  2.11e+04   3.53e+01     5.98e-04   292.622s
1245000 +3.49634069e+10 +3.49633880e+10  1.88e+04   3.48e+01     5.88e-04   292.848s
1246000 +3.49634068e+10 +3.49633884e+10  1.84e+04   3.42e+01     5.84e-04   293.073s
1247000 +3.49634077e+10 +3.49633886e+10  1.91e+04   3.37e+01     5.80e-04   293.299s
1248000 +3.49634082e+10 +3.49633886e+10  1.96e+04   3.31e+01     5.96e-04   293.525s
1249000 +3.49634085e+10 +3.49633883e+10  2.02e+04   3.25e+01     5.86e-04   293.750s
1250000 +3.49634091e+10 +3.49633882e+10  2.09e+04   3.20e+01     5.81e-04   293.976s
1251000 +3.49634086e+10 +3.49633879e+10  2.06e+04   3.15e+01     5.73e-04   294.201s
1252000 +3.49634075e+10 +3.49633879e+10  1.96e+04   3.14e+01     5.54e-04   294.427s
1253000 +3.49634071e+10 +3.49633879e+10  1.91e+04   3.11e+01     5.59e-04   294.652s
1254000 +3.49634047e+10 +3.49633888e+10  1.59e+04   3.04e+01     5.36e-04   294.877s
1255000 +3.49634066e+10 +3.49633897e+10  1.69e+04   2.99e+01     5.96e-04   295.103s
1256000 +3.49634075e+10 +3.49633902e+10  1.73e+04   2.97e+01     5.35e-04   295.328s
1257000 +3.49634088e+10 +3.49633902e+10  1.85e+04   2.93e+01     5.80e-04   295.554s
1258000 +3.49634108e+10 +3.49633892e+10  2.17e+04   2.89e+01     5.49e-04   295.779s
1259000 +3.49634093e+10 +3.49633883e+10  2.10e+04   2.84e+01     5.49e-04   296.005s
1260000 +3.49634099e+10 +3.49633872e+10  2.27e+04   2.80e+01     5.32e-04   296.230s
1261000 +3.49634101e+10 +3.49633853e+10  2.47e+04   2.79e+01     5.15e-04   296.456s
1262000 +3.49634115e+10 +3.49633840e+10  2.75e+04   2.74e+01     5.00e-04   296.681s
1263000 +3.49634099e+10 +3.49633830e+10  2.69e+04   2.75e+01     4.81e-04   296.907s
1264000 +3.49634095e+10 +3.49633828e+10  2.67e+04   2.73e+01     4.79e-04   297.132s
1265000 +3.49634090e+10 +3.49633829e+10  2.62e+04   2.73e+01     4.77e-04   297.357s
1266000 +3.49634079e+10 +3.49633826e+10  2.54e+04   2.73e+01     4.71e-04   297.582s
1267000 +3.49634087e+10 +3.49633826e+10  2.61e+04   2.71e+01     4.69e-04   297.808s
1268000 +3.49634095e+10 +3.49633830e+10  2.65e+04   2.71e+01     4.64e-04   298.033s
1269000 +3.49634093e+10 +3.49633839e+10  2.54e+04   2.68e+01     4.77e-04   298.259s
1270000 +3.49634084e+10 +3.49633844e+10  2.40e+04   2.67e+01     4.60e-04   298.484s
1271000 +3.49634071e+10 +3.49633856e+10  2.16e+04   2.64e+01     1.54e-03   298.711s
1272000 +3.49634079e+10 +3.49633865e+10  2.14e+04   2.63e+01     1.52e-03   298.937s
1273000 +3.49634087e+10 +3.49633872e+10  2.15e+04   2.61e+01     1.55e-03   299.162s
1274000 +3.49634082e+10 +3.49633875e+10  2.07e+04   2.39e+01     2.20e-03   299.388s
1275000 +3.49634071e+10 +3.49633905e+10  1.66e+04   1.89e+01     2.21e-03   299.613s
1276000 +3.49634069e+10 +3.49633949e+10  1.20e+04   1.73e+01     1.77e-03   299.839s
1277000 +3.49634065e+10 +3.49633989e+10  7.58e+03   1.66e+01     1.48e-03   300.064s
1278000 +3.49634065e+10 +3.49634024e+10  4.10e+03   1.61e+01     1.47e-03   300.290s
1279000 +3.49634071e+10 +3.49634052e+10  1.93e+03   1.59e+01     1.55e-03   300.515s
1280000 +3.49634061e+10 +3.49634075e+10  1.42e+03   1.54e+01     1.74e-03   300.740s
1281000 +3.49634059e+10 +3.49634103e+10  4.40e+03   1.51e+01     1.82e-03   300.966s
1282000 +3.49634071e+10 +3.49634121e+10  4.98e+03   1.47e+01     1.82e-03   301.192s
1283000 +3.49634091e+10 +3.49634127e+10  3.64e+03   1.46e+01     1.86e-03   301.417s
1284000 +3.49634103e+10 +3.49634123e+10  1.98e+03   1.46e+01     1.82e-03   301.642s
1285000 +3.49634101e+10 +3.49634129e+10  2.74e+03   1.45e+01     1.38e-03   301.868s
1286000 +3.49634102e+10 +3.49634141e+10  3.82e+03   1.41e+01     1.19e-03   302.093s
1287000 +3.49634111e+10 +3.49634149e+10  3.85e+03   1.40e+01     1.21e-03   302.319s
1288000 +3.49634098e+10 +3.49634151e+10  5.24e+03   1.38e+01     2.62e-03   302.546s
1289000 +3.49634087e+10 +3.49634171e+10  8.40e+03   1.36e+01     2.60e-03   302.772s
1290000 +3.49634087e+10 +3.49634200e+10  1.13e+04   1.33e+01     2.74e-03   302.997s
1291000 +3.49634089e+10 +3.49634233e+10  1.44e+04   1.33e+01     2.52e-03   303.223s
1292000 +3.49634089e+10 +3.49634255e+10  1.65e+04   1.31e+01     2.56e-03   303.448s
1293000 +3.49634087e+10 +3.49634265e+10  1.78e+04   1.30e+01     3.20e-03   303.674s
1294000 +3.49634088e+10 +3.49634278e+10  1.90e+04   1.28e+01     3.57e-03   303.899s
1295000 +3.49634079e+10 +3.49634267e+10  1.88e+04   1.27e+01     3.35e-03   304.125s
1296000 +3.49634082e+10 +3.49634168e+10  8.64e+03   1.24e+01     2.99e-03   304.350s
1297000 +3.49634081e+10 +3.49634069e+10  1.23e+03   1.23e+01     2.95e-03   304.576s
1298000 +3.49634090e+10 +3.49634015e+10  7.49e+03   1.22e+01     3.17e-03   304.801s
1299000 +3.49634088e+10 +3.49634044e+10  4.49e+03   1.22e+01     3.24e-03   305.027s
1300000 +3.49634085e+10 +3.49634055e+10  2.93e+03   1.20e+01     3.27e-03   305.252s
1301000 +3.49634091e+10 +3.49634054e+10  3.73e+03   1.20e+01     3.25e-03   305.478s
1302000 +3.49634092e+10 +3.49634065e+10  2.65e+03   1.19e+01     3.28e-03   305.703s
1303000 +3.49634091e+10 +3.49634075e+10  1.54e+03   1.17e+01     3.29e-03   305.929s
1304000 +3.49634083e+10 +3.49634080e+10  3.43e+02   1.16e+01     3.07e-03   306.155s
1305000 +3.49634086e+10 +3.49634042e+10  4.41e+03   1.15e+01     2.80e-03   306.380s
1306000 +3.49634088e+10 +3.49634017e+10  7.04e+03   1.15e+01     2.73e-03   306.606s
1307000 +3.49634091e+10 +3.49634003e+10  8.82e+03   1.14e+01     2.59e-03   306.831s
1308000 +3.49634098e+10 +3.49633990e+10  1.08e+04   1.13e+01     2.47e-03   307.057s
1309000 +3.49634103e+10 +3.49633956e+10  1.46e+04   1.12e+01     4.79e-03   307.284s
1310000 +3.49634104e+10 +3.49633919e+10  1.85e+04   1.11e+01     5.69e-03   307.509s
1311000 +3.49634093e+10 +3.49633907e+10  1.86e+04   1.10e+01     6.03e-03   307.735s
1312000 +3.49634087e+10 +3.49633913e+10  1.75e+04   1.09e+01     5.84e-03   307.960s
1313000 +3.49634090e+10 +3.49633912e+10  1.77e+04   1.08e+01     5.33e-03   308.186s
1314000 +3.49634086e+10 +3.49633932e+10  1.54e+04   1.07e+01     5.02e-03   308.411s
1315000 +3.49634089e+10 +3.49633950e+10  1.39e+04   1.06e+01     4.88e-03   308.637s
1316000 +3.49634090e+10 +3.49633968e+10  1.22e+04   1.05e+01     4.62e-03   308.862s
1317000 +3.49634090e+10 +3.49633986e+10  1.05e+04   1.04e+01     4.57e-03   309.088s
1318000 +3.49634096e+10 +3.49633895e+10  2.01e+04   8.13e+00     5.11e-03   309.313s
1319000 +3.49634095e+10 +3.49633891e+10  2.04e+04   7.73e+00     4.68e-03   309.539s
1320000 +3.49634088e+10 +3.49633813e+10  2.75e+04   7.50e+00     4.34e-03   309.765s
1321000 +3.49634078e+10 +3.49633729e+10  3.50e+04   6.31e+00     1.50e-02   309.992s
1322000 +3.49634065e+10 +3.49633558e+10  5.07e+04   4.39e+00     2.64e-02   310.217s
1323000 +3.49634045e+10 +3.49633512e+10  5.33e+04   3.89e+00     3.13e-02   310.443s
1324000 +3.49634028e+10 +3.49633406e+10  6.22e+04   3.80e+00     3.11e-02   310.668s
1325000 +3.49634012e+10 +3.49633315e+10  6.97e+04   3.64e+00     3.06e-02   310.894s
1326000 +3.49634003e+10 +3.49633312e+10  6.91e+04   3.46e+00     2.88e-02   311.119s
1326400 +3.49633999e+10 +3.49633308e+10  6.91e+04   3.35e+00     3.90e-02   311.211s
LP Solver status:                Optimal
Primal objective:                +3.49633999e+10
Dual objective:                  +3.49633308e+10
Duality gap (abs/rel):           +6.91e+04 / +9.88e-07
Primal infeasibility (abs/rel):  +3.35e+00 / +9.93e-07
Dual infeasibility (abs/rel):    +3.90e-02 / +1.11e-08
Distributed PDLP finished
Status: Optimal   Objective: 3.49633999e+10  Iterations: 1326400  Time: 312.536s

### exit_code=0
### finished=2026-07-29T19:35:57.143267
### gpu_peak_mb=6074.4
### gpu_peak2_mb=5690.4
### per_gpu_peak_mb=[6074.375, 5690.375, 5690.375, 5690.375, 5626.375, 5626.375, 5658.375, 5658.375]
