### solver=cuopt-distributed
### instance=/home/scratch.cmaes_sw/hans_lps/s82.mps
### n_gpus=8
### CUDA_VISIBLE_DEVICES=0,1,2,3,4,5,6,7
### started=2026-08-10T14:32:55.137050
### argv=/home/scratch.vmostovoi_gpu/mostovoi_cuopt/cpp/build/cuopt_cli --method 1 --mps-reader experimental-fast --time-limit 3600 --iteration-limit 1000000000 --relative-primal-tolerance 1e-6 --relative-dual-tolerance 1e-6 --relative-gap-tolerance 1e-6 --log-to-console true --num-gpus 8 /home/scratch.cmaes_sw/hans_lps/s82.mps
### --- solver output ---
Setting parameter iteration_limit to 1000000000
Setting parameter log_to_console to true
Setting parameter method to 1
Setting parameter num_gpus to 8
Setting parameter relative_dual_tolerance to 1.000000e-06
Setting parameter relative_gap_tolerance to 1.000000e-06
Setting parameter relative_primal_tolerance to 1.000000e-06
Setting parameter time_limit to 3.600000e+03
Reading file s82.mps
Using experimental fast MPS parser for '/home/scratch.cmaes_sw/hans_lps/s82.mps'
Read file s82.mps in 1.67 seconds
cuOpt version: 26.10.0, git hash: f3ebc673, host arch: x86_64, device archs: 100a-real
CPU: INTEL(R) XEON(R) PLATINUM 8570, threads (physical/logical): 112/224, RAM (available/total): 1962.17 / 2015.54 GiB
CUDA 13.3, device: NVIDIA B200 (ID 0), VRAM: 178.34 GiB
CUDA device UUID: 48ab7b4d-7b0a-65b7-4538-4e37338d2330
CUDA 13.3, device: NVIDIA B200 (ID 1), VRAM: 178.34 GiB
CUDA device UUID: 5dd43d25-54eb-687e-91f8-d4c917f40a3c
CUDA 13.3, device: NVIDIA B200 (ID 2), VRAM: 178.34 GiB
CUDA device UUID: a40e62a0-1502-ea41-88b7-8ebfb62f67b6
CUDA 13.3, device: NVIDIA B200 (ID 3), VRAM: 178.34 GiB
CUDA device UUID: 69c2235c-eda1-228c-f9ee-e444f16a4e31
CUDA 13.3, device: NVIDIA B200 (ID 4), VRAM: 178.34 GiB
CUDA device UUID: 92e986d5-fb1f-ac84-bd70-b03e127c762a
CUDA 13.3, device: NVIDIA B200 (ID 5), VRAM: 178.34 GiB
CUDA device UUID: fb4dfdcf-c8fe-1714-a140-0823be2fde13
CUDA 13.3, device: NVIDIA B200 (ID 6), VRAM: 178.34 GiB
CUDA device UUID: 3519c8dd-244c-a241-e2ee-ef61e97ec465
CUDA 13.3, device: NVIDIA B200 (ID 7), VRAM: 178.34 GiB
CUDA device UUID: b80ee313-5762-b760-dd9a-a5669634bef9
Solving a problem with 87878 constraints, 1690631 variables (0 integers), and 7022608 nonzeros
Using PSLP presolver
PSLP Presolved problem: 86310 constraints, 1689103 variables, 6747734 non-zeros
PSLP presolve time: 0.54s
Solving with distributed PDLP on 8 GPUs.
NCCL version 2.30.7+cuda13.3
      0 +9.00000000e-01 +9.00000000e-01  0.00e+00   3.11e+05     7.79e+00   5.264s
   1000 -3.45256170e+01 -3.87943665e+01  4.27e+00   2.21e+03     2.44e-01   5.634s
   2000 -3.46505286e+01 -3.50785021e+01  4.28e-01   3.03e+00     1.86e-01   5.850s
   3000 -3.46845540e+01 -3.44959738e+01  1.89e-01   3.97e-01     3.72e-01   6.065s
   4000 -3.46916177e+01 -3.33577679e+01  1.33e+00   5.59e-01     4.00e-01   6.281s
   5000 -3.46915152e+01 -3.15057969e+01  3.19e+00   3.68e-01     5.96e-01   6.497s
   6000 -3.46894589e+01 -2.85134968e+01  6.18e+00   3.78e-01     9.38e-01   6.712s
   7000 -3.46862287e+01 -2.09972999e+01  1.37e+01   4.03e-01     1.83e+00   6.927s
   8000 -3.46803473e+01 -1.37109229e+01  2.10e+01   3.59e-01     2.42e+00   7.141s
   9000 -3.46746262e+01 -6.81878876e+00  2.79e+01   3.54e-01     2.76e+00   7.356s
  10000 -3.46281925e+01 +2.00849540e+01  5.47e+01   3.86e-01     5.76e+00   7.572s
  11000 -3.45070707e+01 +5.16403498e+01  8.61e+01   4.15e-01     8.14e+00   7.784s
  12000 -3.43876121e+01 +8.16522542e+01  1.16e+02   4.27e-01     1.06e+01   7.996s
  13000 -3.43052136e+01 +1.08725811e+02  1.43e+02   3.94e-01     1.02e+01   8.209s
  14000 -3.42385773e+01 +1.36790576e+02  1.71e+02   4.92e-01     9.11e+00   8.421s
  15000 -3.42136574e+01 +2.17115562e+02  2.51e+02   3.37e-01     1.16e+01   8.636s
  16000 -3.41960915e+01 +3.34379939e+02  3.69e+02   3.34e-01     1.53e+01   8.848s
  17000 -3.41744427e+01 +4.49265163e+02  4.83e+02   3.06e-01     1.78e+01   9.060s
  18000 -3.41520766e+01 +5.56653167e+02  5.91e+02   4.04e-01     1.90e+01   9.272s
  19000 -3.41281096e+01 +6.61307143e+02  6.95e+02   3.60e-01     2.14e+01   9.484s
  20000 -3.41030565e+01 +7.63426639e+02  7.98e+02   2.81e-01     2.22e+01   9.696s
  21000 -3.40782833e+01 +8.59855695e+02  8.94e+02   2.79e-01     2.11e+01   9.908s
  22000 -3.40583399e+01 +9.51327808e+02  9.85e+02   3.30e-01     2.02e+01   10.120s
  23000 -3.40412130e+01 +1.13218990e+03  1.17e+03   2.89e-01     2.51e+01   10.334s
  24000 -3.40281444e+01 +1.47513642e+03  1.51e+03   2.80e-01     3.72e+01   10.545s
  25000 -3.40070800e+01 +1.81824120e+03  1.85e+03   3.01e-01     5.10e+01   10.757s
  26000 -3.39848722e+01 +2.15739018e+03  2.19e+03   2.61e-01     5.59e+01   10.970s
  27000 -3.39607428e+01 +2.48902924e+03  2.52e+03   2.39e-01     5.36e+01   11.181s
  28000 -3.39269429e+01 +2.81208393e+03  2.85e+03   2.37e-01     7.09e+01   11.393s
  29000 -3.38917691e+01 +3.11251840e+03  3.15e+03   2.28e-01     9.47e+01   11.605s
  30000 -3.38450690e+01 +3.41994107e+03  3.45e+03   2.23e-01     1.25e+02   11.817s
  31000 -3.37850932e+01 +3.71313792e+03  3.75e+03   2.51e-01     1.56e+02   12.029s
  32000 -3.37230758e+01 +4.01132439e+03  4.05e+03   2.31e-01     1.79e+02   12.241s
  33000 -3.36583991e+01 +4.29962495e+03  4.33e+03   3.32e-01     1.81e+02   12.454s
  34000 -3.35826987e+01 +4.57939519e+03  4.61e+03   2.04e-01     2.06e+02   12.665s
  35000 -3.35216660e+01 +4.84491197e+03  4.88e+03   4.50e-01     1.88e+02   12.877s
  36000 -3.34985684e+01 +5.37709846e+03  5.41e+03   2.00e-01     3.67e+01   13.091s
  37000 -3.34952114e+01 +6.00050815e+03  6.03e+03   1.99e-01     4.12e+01   13.303s
  38000 -3.34925201e+01 +6.55371752e+03  6.59e+03   2.01e-01     4.45e+01   13.516s
  39000 -3.34899665e+01 +7.28344160e+03  7.32e+03   1.96e-01     4.91e+01   13.728s
  40000 -3.34866628e+01 +8.02592610e+03  8.06e+03   1.92e-01     5.39e+01   13.940s
  41000 -3.34830202e+01 +8.72373586e+03  8.76e+03   1.93e-01     5.69e+01   14.152s
  42000 -3.34790739e+01 +9.44248730e+03  9.48e+03   1.97e-01     6.07e+01   14.364s
  43000 -3.34746894e+01 +1.01573536e+04  1.02e+04   1.93e-01     6.51e+01   14.576s
  44000 -3.34699585e+01 +1.08517567e+04  1.09e+04   1.91e-01     6.91e+01   14.788s
  45000 -3.34649213e+01 +1.15405064e+04  1.16e+04   1.87e-01     7.05e+01   15.000s
  46000 -3.34595029e+01 +1.22279026e+04  1.23e+04   1.85e-01     7.00e+01   15.212s
  47000 -3.34537290e+01 +1.28958151e+04  1.29e+04   1.84e-01     7.33e+01   15.423s
  48000 -3.34476548e+01 +1.35561147e+04  1.36e+04   1.80e-01     7.58e+01   15.636s
  49000 -3.34412411e+01 +1.41918171e+04  1.42e+04   1.79e-01     7.80e+01   15.847s
  50000 -3.34344930e+01 +1.48290442e+04  1.49e+04   1.81e-01     8.12e+01   16.059s
  51000 -3.34274661e+01 +1.53626639e+04  1.54e+04   1.75e-01     6.78e+01   16.271s
  52000 -3.34201058e+01 +1.59558366e+04  1.60e+04   1.73e-01     6.65e+01   16.484s
  53000 -3.34125472e+01 +1.65382597e+04  1.66e+04   1.68e-01     6.57e+01   16.695s
  54000 -3.34046723e+01 +1.71012095e+04  1.71e+04   1.65e-01     6.69e+01   16.908s
  55000 -3.33966467e+01 +1.76483606e+04  1.77e+04   1.83e-01     7.08e+01   17.120s
  56000 -3.33914813e+01 +1.86519387e+04  1.87e+04   1.62e-01     7.27e+01   17.334s
  57000 -3.33882511e+01 +2.00417239e+04  2.01e+04   1.61e-01     7.05e+01   17.546s
  58000 -3.33846707e+01 +2.14205035e+04  2.15e+04   1.61e-01     6.63e+01   17.758s
  59000 -3.33808018e+01 +2.27935799e+04  2.28e+04   1.60e-01     6.37e+01   17.970s
  60000 -3.33766710e+01 +2.41380379e+04  2.42e+04   1.58e-01     6.92e+01   18.182s
  61000 -3.33722587e+01 +2.54769334e+04  2.55e+04   1.57e-01     7.55e+01   18.394s
  62000 -3.33675549e+01 +2.67901809e+04  2.68e+04   1.60e-01     7.74e+01   18.606s
  63000 -3.33625914e+01 +2.80796494e+04  2.81e+04   1.54e-01     7.69e+01   18.819s
  64000 -3.33574092e+01 +2.93545780e+04  2.94e+04   1.51e-01     7.95e+01   19.031s
  65000 -3.33518341e+01 +3.05905022e+04  3.06e+04   1.60e-01     6.48e+01   19.244s
  66000 -3.33391235e+01 +3.17961871e+04  3.18e+04   1.51e-01     6.82e+01   19.457s
  67000 -3.33327539e+01 +3.29906779e+04  3.30e+04   1.42e-01     7.07e+01   19.669s
  68000 -3.33200174e+01 +3.41419582e+04  3.42e+04   1.41e-01     7.49e+01   19.882s
  69000 -3.33125967e+01 +3.52617466e+04  3.53e+04   1.41e-01     7.74e+01   20.095s
  70000 -3.33193663e+01 +3.63597401e+04  3.64e+04   1.37e-01     8.24e+01   20.307s
  71000 -3.33128113e+01 +3.74521267e+04  3.75e+04   1.34e-01     8.76e+01   20.520s
  72000 -3.33055615e+01 +3.85017508e+04  3.85e+04   1.36e-01     9.37e+01   20.733s
  73000 -3.32985469e+01 +3.95680753e+04  3.96e+04   1.33e-01     9.96e+01   20.945s
  74000 -3.32904434e+01 +4.05469039e+04  4.06e+04   1.53e-01     1.02e+02   21.158s
  75000 -3.32837572e+01 +4.14981692e+04  4.15e+04   1.25e-01     1.03e+02   21.371s
  76000 -3.32756096e+01 +4.24331434e+04  4.25e+04   1.72e-01     1.04e+02   21.583s
  77000 -3.32681293e+01 +4.32201130e+04  4.33e+04   1.27e-01     1.04e+02   21.796s
  78000 -3.32603342e+01 +4.33397231e+04  4.34e+04   2.31e-01     1.02e+02   22.009s
  79000 -3.32537647e+01 +4.42440485e+04  4.43e+04   2.22e-01     9.99e+01   22.221s
  80000 -3.32489917e+01 +4.51886638e+04  4.52e+04   1.14e-01     1.06e+02   22.433s
  81000 -3.32423009e+01 +4.60127404e+04  4.60e+04   1.12e-01     1.08e+02   22.646s
  82000 -3.32354833e+01 +4.66598896e+04  4.67e+04   1.14e-01     1.04e+02   22.859s
  83000 -3.32286845e+01 +4.71596393e+04  4.72e+04   1.12e-01     1.10e+02   23.072s
  84000 -3.32221072e+01 +4.76793294e+04  4.77e+04   1.17e-01     1.10e+02   23.284s
  85000 -3.32150071e+01 +4.79959546e+04  4.80e+04   1.10e-01     1.02e+02   23.497s
  86000 -3.32090026e+01 +4.31862138e+04  4.32e+04   2.39e+00     9.97e+01   23.710s
  87000 -3.32047866e+01 +4.01376175e+04  4.02e+04   1.02e-01     9.54e+01   23.924s
  88000 -3.32011058e+01 +4.08618874e+04  4.09e+04   1.02e-01     8.41e+01   24.136s
  89000 -3.31979775e+01 +4.16229464e+04  4.17e+04   1.02e-01     8.39e+01   24.349s
  90000 -3.31946752e+01 +4.25419515e+04  4.26e+04   1.05e-01     8.78e+01   24.561s
  91000 -3.31910698e+01 +4.35451449e+04  4.36e+04   1.01e-01     8.97e+01   24.774s
  92000 -3.31872177e+01 +4.44619362e+04  4.45e+04   1.01e-01     9.13e+01   24.986s
  93000 -3.31833103e+01 +4.53715667e+04  4.54e+04   1.07e-01     9.24e+01   25.199s
  94000 -3.31795094e+01 +4.62466214e+04  4.63e+04   9.96e-02     9.38e+01   25.412s
  95000 -3.31686945e+01 +4.71396671e+04  4.72e+04   9.31e-02     9.55e+01   25.625s
  96000 -3.31442683e+01 +4.79993137e+04  4.80e+04   9.22e-02     9.13e+01   25.837s
  97000 -3.31225182e+01 +4.88212021e+04  4.89e+04   9.09e-02     9.26e+01   26.049s
  98000 -3.31012514e+01 +4.96332742e+04  4.97e+04   9.02e-02     9.44e+01   26.261s
  99000 -3.30821040e+01 +5.04256130e+04  5.05e+04   8.76e-02     9.59e+01   26.474s
 100000 -3.30583302e+01 +5.12063230e+04  5.12e+04   8.69e-02     1.01e+02   26.686s
 101000 -3.30351589e+01 +5.19661962e+04  5.20e+04   8.68e-02     1.07e+02   26.899s
 102000 -3.30110433e+01 +5.26960927e+04  5.27e+04   8.87e-02     1.15e+02   27.111s
 103000 -3.29746933e+01 +5.34143054e+04  5.34e+04   8.32e-02     1.22e+02   27.324s
 104000 -3.29375873e+01 +5.41221156e+04  5.42e+04   8.19e-02     1.07e+02   27.537s
 105000 -3.28926088e+01 +5.48118013e+04  5.48e+04   9.27e-02     1.11e+02   27.750s
 106000 -3.28399107e+01 +5.54998728e+04  5.55e+04   8.53e-02     1.14e+02   27.963s
 107000 -3.27973391e+01 +5.61560827e+04  5.62e+04   1.18e-01     1.11e+02   28.175s
 108000 -3.27566417e+01 +5.67890325e+04  5.68e+04   1.04e-01     1.16e+02   28.388s
 109000 -3.27207055e+01 +5.74590365e+04  5.75e+04   1.11e-01     1.11e+02   28.601s
 110000 -3.26852823e+01 +5.81228826e+04  5.82e+04   1.27e-01     1.13e+02   28.813s
 111000 -3.26411274e+01 +5.87582831e+04  5.88e+04   7.32e-02     1.13e+02   29.025s
 112000 -3.25929865e+01 +5.93535506e+04  5.94e+04   7.38e-02     1.14e+02   29.238s
 113000 -3.25273663e+01 +5.99559465e+04  6.00e+04   1.32e-01     1.14e+02   29.450s
 114000 -3.24761421e+01 +6.04892582e+04  6.05e+04   7.06e-02     1.11e+02   29.663s
 115000 -3.24396400e+01 +6.10290571e+04  6.11e+04   7.75e-02     1.12e+02   29.875s
 116000 -3.23980160e+01 +6.15592867e+04  6.16e+04   7.83e-02     1.12e+02   30.087s
 117000 -3.23551473e+01 +6.20538589e+04  6.21e+04   7.46e-02     1.10e+02   30.300s
 118000 -3.23178027e+01 +6.25777838e+04  6.26e+04   1.14e-01     1.06e+02   30.512s
 119000 -3.22885709e+01 +6.30258853e+04  6.31e+04   6.16e-02     9.81e+01   30.725s
 120000 -3.22673326e+01 +6.34438460e+04  6.35e+04   1.07e-01     1.00e+02   30.938s
 121000 -3.22452855e+01 +6.38960383e+04  6.39e+04   6.06e-02     1.01e+02   31.150s
 122000 -3.22280486e+01 +6.43008953e+04  6.43e+04   9.65e-02     1.02e+02   31.363s
 123000 -3.22131609e+01 +6.47045275e+04  6.47e+04   5.64e-02     1.02e+02   31.576s
 124000 -3.22048810e+01 +6.50570454e+04  6.51e+04   5.68e-02     1.02e+02   31.788s
 125000 -3.21909416e+01 +6.53759657e+04  6.54e+04   6.36e-02     9.94e+01   32.001s
 126000 -3.21676365e+01 +6.56761803e+04  6.57e+04   5.67e-02     1.09e+02   32.214s
 127000 -3.21402757e+01 +6.59569435e+04  6.60e+04   5.22e-02     1.13e+02   32.427s
 128000 -3.21218792e+01 +6.62313224e+04  6.63e+04   9.82e-02     1.17e+02   32.640s
 129000 -3.21041941e+01 +6.64571757e+04  6.65e+04   5.39e-02     1.22e+02   32.852s
 130000 -3.20856826e+01 +6.65943890e+04  6.66e+04   5.10e-02     1.26e+02   33.064s
 131000 -3.20631429e+01 +6.66414375e+04  6.67e+04   1.64e-01     1.29e+02   33.277s
 132000 -3.20329836e+01 +6.67393292e+04  6.68e+04   4.32e-02     1.36e+02   33.490s
 133000 -3.20040221e+01 +6.67296837e+04  6.68e+04   4.39e-02     1.37e+02   33.702s
 134000 -3.19722899e+01 +6.65926699e+04  6.66e+04   5.68e-02     1.37e+02   33.914s
 135000 -3.19404352e+01 +6.64681008e+04  6.65e+04   7.78e-02     1.51e+02   34.127s
 136000 -3.19093058e+01 +6.63663633e+04  6.64e+04   4.40e-02     1.51e+02   34.341s
 137000 -3.18748426e+01 +6.53162225e+04  6.53e+04   4.72e-02     1.74e+02   34.553s
 138000 -3.18396617e+01 +6.50460561e+04  6.51e+04   5.68e-02     1.88e+02   34.765s
 139000 -3.18117459e+01 +6.45704053e+04  6.46e+04   6.45e-02     1.81e+02   34.976s
 140000 -3.17900979e+01 +6.45584368e+04  6.46e+04   5.99e-02     1.83e+02   35.189s
 141000 -3.17587415e+01 +6.48054558e+04  6.48e+04   4.79e-02     1.85e+02   35.401s
 142000 -3.17146722e+01 +6.47761538e+04  6.48e+04   5.10e-02     1.93e+02   35.613s
 143000 -3.16666098e+01 +6.40716970e+04  6.41e+04   6.83e-02     1.61e+02   35.825s
 144000 -3.16483944e+01 +6.30320224e+04  6.31e+04   3.84e-02     1.45e+02   36.037s
 145000 -3.16285023e+01 +6.27213244e+04  6.28e+04   1.20e-01     1.49e+02   36.249s
 146000 -3.15857482e+01 +6.27783129e+04  6.28e+04   8.10e-02     1.54e+02   36.461s
 147000 -3.15643176e+01 +6.28315802e+04  6.29e+04   6.62e-02     1.47e+02   36.673s
 148000 -3.15471684e+01 +6.28548423e+04  6.29e+04   4.52e-02     1.48e+02   36.886s
 149000 -3.15345162e+01 +6.28272329e+04  6.29e+04   3.03e-02     1.38e+02   37.098s
 150000 -3.15120316e+01 +6.26995488e+04  6.27e+04   4.73e-02     1.66e+02   37.311s
 151000 -3.14810339e+01 +6.27119945e+04  6.27e+04   5.38e-02     1.69e+02   37.524s
 152000 -3.14578640e+01 +6.27213993e+04  6.28e+04   3.20e-02     1.68e+02   37.736s
 153000 -3.14392859e+01 +6.26820754e+04  6.27e+04   2.64e-02     1.72e+02   37.948s
 154000 -3.14289514e+01 +6.22435028e+04  6.23e+04   1.57e-01     1.70e+02   38.161s
 155000 -3.14173457e+01 +5.94060021e+04  5.94e+04   1.09e-02     1.74e+02   38.374s
 156000 -3.14115367e+01 +5.96415915e+04  5.97e+04   1.35e-02     1.67e+02   38.586s
 157000 -3.14058503e+01 +5.96065470e+04  5.96e+04   2.10e-01     1.75e+02   38.798s
 158000 -3.14016734e+01 +5.94834314e+04  5.95e+04   6.68e-02     1.67e+02   39.010s
 159000 -3.13980682e+01 +5.92671557e+04  5.93e+04   1.90e-02     1.64e+02   39.223s
 160000 -3.13963496e+01 +5.67437513e+04  5.68e+04   1.25e-02     1.38e+02   39.435s
 161000 -3.13943741e+01 +5.62961213e+04  5.63e+04   7.43e-02     1.37e+02   39.647s
 162000 -3.14000559e+01 +5.59675038e+04  5.60e+04   1.11e-01     1.31e+02   39.859s
 163000 -3.14018484e+01 +5.54363145e+04  5.55e+04   1.55e-01     1.30e+02   40.072s
 164000 -3.14030865e+01 +5.31404641e+04  5.32e+04   3.48e-02     1.25e+02   40.284s
 165000 -3.14210360e+01 +5.21252037e+04  5.22e+04   4.53e-02     1.21e+02   40.496s
 166000 -3.14283404e+01 +5.12995029e+04  5.13e+04   2.95e-02     1.20e+02   40.708s
 167000 -3.14341535e+01 +5.03532438e+04  5.04e+04   3.39e-02     1.20e+02   40.920s
 168000 -3.14414975e+01 +4.93443231e+04  4.94e+04   4.94e-02     1.16e+02   41.133s
 169000 -3.14589114e+01 +4.84965733e+04  4.85e+04   4.19e-02     1.13e+02   41.345s
 170000 -3.14968062e+01 +4.77597334e+04  4.78e+04   9.20e-01     1.10e+02   41.557s
 171000 -3.14986817e+01 +4.70261499e+04  4.71e+04   6.06e-02     1.09e+02   41.770s
 172000 -3.15241629e+01 +4.58794365e+04  4.59e+04   1.40e-01     1.11e+02   41.982s
 173000 -3.15578604e+01 +4.50878956e+04  4.51e+04   1.10e-01     1.08e+02   42.194s
 174000 -3.15648705e+01 +4.42087220e+04  4.42e+04   4.29e-02     1.07e+02   42.405s
 175000 -3.16030752e+01 +4.33337443e+04  4.34e+04   7.40e-02     1.02e+02   42.617s
 176000 -3.16339225e+01 +4.24736003e+04  4.25e+04   1.20e+00     9.51e+01   42.829s
 177000 -3.16515507e+01 +4.16094573e+04  4.16e+04   4.70e-02     8.65e+01   43.041s
 178000 -3.16831481e+01 +4.05057187e+04  4.05e+04   4.42e-02     8.33e+01   43.254s
 179000 -3.16800980e+01 +3.92426555e+04  3.93e+04   1.61e-01     1.05e+02   43.466s
 180000 -3.16711215e+01 +3.88231052e+04  3.89e+04   6.44e-01     1.15e+02   43.678s
 181000 -3.16904618e+01 +3.87169022e+04  3.87e+04   1.04e-01     1.17e+02   43.890s
 182000 -3.16964838e+01 +3.84897219e+04  3.85e+04   4.04e-02     1.24e+02   44.102s
 183000 -3.16952696e+01 +3.85274198e+04  3.86e+04   9.88e-02     1.10e+02   44.314s
 184000 -3.16966490e+01 +3.83380627e+04  3.84e+04   5.35e-01     1.04e+02   44.526s
 185000 -3.16908306e+01 +3.80242088e+04  3.81e+04   1.67e-01     1.03e+02   44.738s
 186000 -3.17046441e+01 +3.75382366e+04  3.76e+04   4.83e-01     9.37e+01   44.950s
 187000 -3.17343164e+01 +3.70084433e+04  3.70e+04   4.38e-01     9.64e+01   45.162s
 188000 -3.17505833e+01 +3.65131826e+04  3.65e+04   3.62e-02     9.11e+01   45.374s
 189000 -3.17367924e+01 +3.60864395e+04  3.61e+04   1.07e-01     9.05e+01   45.586s
 190000 -3.17614381e+01 +3.57839425e+04  3.58e+04   9.77e-02     9.00e+01   45.798s
 191000 -3.17779188e+01 +3.55379799e+04  3.56e+04   3.79e-02     8.70e+01   46.010s
 192000 -3.17845610e+01 +3.52271635e+04  3.53e+04   3.81e-02     7.81e+01   46.223s
 193000 -3.17851447e+01 +3.49258319e+04  3.50e+04   5.32e-02     7.39e+01   46.435s
 194000 -3.17973460e+01 +3.46126386e+04  3.46e+04   1.35e-01     7.31e+01   46.647s
 195000 -3.18118609e+01 +3.42723487e+04  3.43e+04   5.36e-02     6.68e+01   46.859s
 196000 -3.18198040e+01 +3.39288295e+04  3.40e+04   3.87e-02     6.73e+01   47.070s
 197000 -3.18162297e+01 +3.35625447e+04  3.36e+04   3.49e-01     7.03e+01   47.282s
 198000 -3.18211900e+01 +3.32451029e+04  3.33e+04   2.74e-01     8.19e+01   47.495s
 199000 -3.18444411e+01 +3.29069891e+04  3.29e+04   6.61e-02     7.26e+01   47.707s
 200000 -3.18567230e+01 +3.26369839e+04  3.27e+04   8.21e-02     7.28e+01   47.919s
 201000 -3.18369891e+01 +3.23254584e+04  3.24e+04   2.32e-01     7.48e+01   48.131s
 202000 -3.18602709e+01 +3.20490422e+04  3.21e+04   2.12e-01     7.64e+01   48.343s
 203000 -3.18912016e+01 +3.17272864e+04  3.18e+04   3.64e-02     8.15e+01   48.555s
 204000 -3.18968107e+01 +3.12486517e+04  3.13e+04   3.86e-02     8.27e+01   48.767s
 205000 -3.19177205e+01 +3.07215171e+04  3.08e+04   1.30e-01     8.75e+01   48.980s
 206000 -3.19157116e+01 +3.01451383e+04  3.02e+04   4.30e-02     8.99e+01   49.192s
 207000 -3.19235684e+01 +2.94948378e+04  2.95e+04   8.82e-02     9.01e+01   49.404s
 208000 -3.19158299e+01 +2.88575936e+04  2.89e+04   7.93e-02     9.45e+01   49.617s
 209000 -3.19261771e+01 +2.81628717e+04  2.82e+04   5.08e-01     9.39e+01   49.829s
 210000 -3.19232515e+01 +2.74992650e+04  2.75e+04   1.65e-01     9.51e+01   50.041s
 211000 -3.19205053e+01 +2.69041448e+04  2.69e+04   3.84e-02     1.04e+02   50.253s
 212000 -3.27836604e+01 -4.33954119e+04  4.34e+04   1.98e+01     1.23e+00   50.469s
 213000 -3.25628494e+01 -4.32474309e+04  4.32e+04   1.53e+01     5.70e-01   50.681s
 214000 -3.16248328e+01 -4.30151417e+04  4.30e+04   6.42e+02     6.66e+00   50.894s
 215000 -3.19907134e+01 -4.27963446e+04  4.28e+04   3.24e+01     4.07e+00   51.108s
 216000 -3.19734614e+01 -4.22480752e+04  4.22e+04   1.76e+01     3.22e+00   51.320s
 217000 -3.18725689e+01 -4.06500397e+04  4.06e+04   1.41e+00     1.50e+02   51.533s
 218000 -3.21198224e+01 -3.79906293e+04  3.80e+04   7.43e-01     3.35e+01   51.745s
 219000 -3.21605170e+01 -3.61733898e+04  3.61e+04   6.01e-01     2.18e+01   51.957s
 220000 -3.22747406e+01 -3.47879630e+04  3.48e+04   5.20e-01     2.00e+01   52.169s
 221000 -3.24576467e+01 -3.37144376e+04  3.37e+04   4.92e-01     1.75e+01   52.382s
 222000 -3.25293607e+01 -3.28615600e+04  3.28e+04   4.33e-01     2.24e+01   52.593s
 223000 -3.25292939e+01 -3.21968746e+04  3.22e+04   4.04e-01     1.31e+01   52.805s
 224000 -3.25303489e+01 -3.15795338e+04  3.15e+04   3.90e-01     1.34e+01   53.017s
 225000 -3.25305866e+01 -3.10512280e+04  3.10e+04   4.57e-01     1.34e+01   53.229s
 226000 -3.25313270e+01 -3.06549398e+04  3.06e+04   3.46e-01     1.01e+01   53.441s
 227000 -3.25306017e+01 -2.27588431e+04  2.27e+04   1.43e-01     1.55e+03   53.655s
 228000 -3.25321791e+01 -2.00611258e+04  2.00e+04   2.41e-01     6.51e+02   53.867s
 229000 -3.86790328e+01 -2.21442957e+04  2.21e+04   6.22e+05     1.50e+01   54.080s
 230000 -3.25668152e+01 -1.97113810e+04  1.97e+04   1.34e+01     1.45e+01   54.295s
 231000 -3.24994680e+01 -1.94156539e+04  1.94e+04   1.22e+01     6.08e+00   54.507s
 232000 -3.24864502e+01 -1.92474749e+04  1.92e+04   6.76e+00     3.72e+00   54.718s
 233000 -3.24939847e+01 -1.91277204e+04  1.91e+04   4.21e+00     3.16e+00   54.931s
 234000 -3.25038276e+01 -1.89609694e+04  1.89e+04   3.56e+00     1.18e+01   55.144s
 235000 -3.24881672e+01 -1.89148850e+04  1.89e+04   5.47e+00     1.18e+01   55.356s
 236000 -3.24802897e+01 -1.88823361e+04  1.88e+04   3.01e+00     6.25e+00   55.568s
 237000 -3.24614757e+01 -1.88578688e+04  1.88e+04   1.10e+00     5.49e+00   55.780s
 238000 -3.23987453e+01 -1.88322618e+04  1.88e+04   3.63e+00     8.98e+00   55.994s
 239000 -3.24385769e+01 -1.88050959e+04  1.88e+04   2.03e+00     2.77e+01   56.206s
 240000 -3.24036783e+01 -1.87867510e+04  1.88e+04   2.67e+00     2.04e+01   56.418s
 241000 -3.24321093e+01 -1.87740693e+04  1.87e+04   9.64e-01     9.75e+00   56.631s
 242000 -3.24226258e+01 -1.87622773e+04  1.87e+04   1.45e+00     7.16e+00   56.843s
 243000 -3.24352269e+01 -1.87544282e+04  1.87e+04   4.03e-01     9.31e+00   57.055s
 244000 -3.24582539e+01 -1.87480528e+04  1.87e+04   8.05e-01     7.90e+00   57.268s
 245000 -3.24165567e+01 -1.87461595e+04  1.87e+04   9.14e-01     5.04e+00   57.480s
 246000 -3.24328168e+01 -1.87448058e+04  1.87e+04   2.67e-01     5.45e+00   57.693s
 247000 -3.24810028e+01 -1.87435678e+04  1.87e+04   1.40e-01     5.33e+00   57.905s
 248000 -3.24969034e+01 -1.87422148e+04  1.87e+04   2.10e-01     3.60e+00   58.117s
 249000 -3.24936329e+01 -1.87409057e+04  1.87e+04   3.15e-01     3.04e+00   58.330s
 250000 -3.25050265e+01 -1.87395656e+04  1.87e+04   3.98e-01     3.75e+00   58.542s
 251000 -3.25243256e+01 -1.87388378e+04  1.87e+04   1.96e-01     4.94e+00   58.756s
 252000 -3.25256764e+01 -1.87375014e+04  1.87e+04   2.47e-01     5.03e+00   58.968s
 253000 -3.25266637e+01 -1.87359248e+04  1.87e+04   3.45e-01     4.61e+00   59.181s
 254000 -3.25277436e+01 -1.87343575e+04  1.87e+04   1.33e-01     4.26e+00   59.394s
 255000 -3.25288377e+01 -1.87326860e+04  1.87e+04   9.56e-02     3.94e+00   59.606s
 256000 -3.25301664e+01 -1.87309626e+04  1.87e+04   9.25e-02     3.69e+00   59.819s
 257000 -3.25306631e+01 -1.87292057e+04  1.87e+04   1.51e-01     3.52e+00   60.031s
 258000 -3.25311817e+01 -1.87274169e+04  1.87e+04   1.37e-01     3.35e+00   60.243s
 259000 -3.25314286e+01 -1.87256258e+04  1.87e+04   1.88e-01     3.26e+00   60.455s
 260000 -3.25321551e+01 -1.87238626e+04  1.87e+04   1.66e-01     3.17e+00   60.667s
 261000 -3.25330210e+01 -1.87221378e+04  1.87e+04   1.02e-01     3.01e+00   60.879s
 262000 -3.25338705e+01 -1.87204005e+04  1.87e+04   8.72e-02     2.69e+00   61.091s
 263000 -3.25346930e+01 -1.87186739e+04  1.87e+04   9.25e-02     2.45e+00   61.303s
 264000 -3.25353003e+01 -1.87169485e+04  1.87e+04   9.18e-02     2.27e+00   61.515s
 265000 -3.25363969e+01 -1.87150798e+04  1.87e+04   9.09e-02     2.07e+00   61.727s
 266000 -3.25371976e+01 -1.87133284e+04  1.87e+04   8.83e-02     1.85e+00   61.938s
 267000 -3.25379909e+01 -1.87115477e+04  1.87e+04   8.58e-02     1.63e+00   62.151s
 268000 -3.25386076e+01 -1.87100195e+04  1.87e+04   7.83e-02     1.46e+00   62.362s
 269000 -3.25394435e+01 -1.87070059e+04  1.87e+04   1.26e-01     1.20e+00   62.576s
 270000 -3.25403209e+01 -1.87036959e+04  1.87e+04   7.49e-02     9.48e-01   62.788s
 271000 -3.25413249e+01 -1.87003757e+04  1.87e+04   7.73e-02     7.52e-01   62.999s
 272000 -3.25422245e+01 -1.86971132e+04  1.87e+04   7.24e-02     5.38e-01   63.211s
 273000 -3.25434352e+01 -1.86938776e+04  1.87e+04   7.27e-02     6.41e-01   63.424s
 274000 -3.25461968e+01 -1.86907842e+04  1.87e+04   7.46e-02     5.08e-01   63.635s
 275000 -3.25476886e+01 -1.86876847e+04  1.87e+04   7.36e-02     4.64e-01   63.847s
 276000 -3.25509563e+01 -1.86846053e+04  1.87e+04   7.39e-02     1.25e+00   64.059s
 277000 -3.25547069e+01 -1.86816281e+04  1.86e+04   2.78e-01     5.40e-01   64.271s
 278000 -3.25557114e+01 -1.86786689e+04  1.86e+04   7.51e-02     5.48e-01   64.483s
 279000 -3.25566999e+01 -1.86756428e+04  1.86e+04   7.95e-02     5.09e-01   64.695s
 280000 -3.25575782e+01 -1.86726718e+04  1.86e+04   9.77e-02     5.56e-01   64.908s
 281000 -3.25589237e+01 -1.86698693e+04  1.86e+04   8.22e-02     3.91e-01   65.120s
 282000 -3.25597307e+01 -1.86669948e+04  1.86e+04   7.45e-02     3.73e-01   65.332s
 283000 -3.25605048e+01 -1.86641155e+04  1.86e+04   7.14e-02     3.66e-01   65.544s
 284000 -3.25612612e+01 -1.86612778e+04  1.86e+04   7.10e-02     3.39e-01   65.756s
 285000 -3.25618910e+01 -1.86584147e+04  1.86e+04   7.08e-02     3.30e-01   65.968s
 286000 -3.25624618e+01 -1.86555436e+04  1.86e+04   7.08e-02     3.24e-01   66.180s
 287000 -3.25630651e+01 -1.86526953e+04  1.86e+04   7.07e-02     3.43e-01   66.392s
 288000 -3.25636411e+01 -1.86498344e+04  1.86e+04   7.07e-02     3.08e-01   66.604s
 289000 -3.25641151e+01 -1.86469655e+04  1.86e+04   7.07e-02     3.11e-01   66.816s
 290000 -3.25646173e+01 -1.86441211e+04  1.86e+04   7.07e-02     3.12e-01   67.028s
 291000 -3.25651077e+01 -1.86412579e+04  1.86e+04   7.07e-02     3.09e-01   67.239s
 292000 -3.25655893e+01 -1.86383880e+04  1.86e+04   7.07e-02     3.55e-01   67.452s
 293000 -3.25660013e+01 -1.86355516e+04  1.86e+04   7.07e-02     3.19e-01   67.664s
 294000 -3.25664314e+01 -1.86326853e+04  1.86e+04   7.07e-02     2.99e-01   67.876s
 295000 -3.25668640e+01 -1.86298162e+04  1.86e+04   7.07e-02     3.40e-01   68.088s
 296000 -3.25672309e+01 -1.86269773e+04  1.86e+04   7.07e-02     3.14e-01   68.300s
 297000 -3.25675603e+01 -1.86241084e+04  1.86e+04   7.07e-02     2.96e-01   68.512s
 298000 -3.25678983e+01 -1.86212415e+04  1.86e+04   7.07e-02     3.22e-01   68.724s
 299000 -3.25682264e+01 -1.86183990e+04  1.86e+04   7.07e-02     3.18e-01   68.936s
 300000 -3.25685497e+01 -1.86155322e+04  1.86e+04   7.06e-02     2.89e-01   69.148s
 301000 -3.25688436e+01 -1.86126767e+04  1.86e+04   7.07e-02     3.06e-01   69.360s
 302000 -3.25691293e+01 -1.86098226e+04  1.86e+04   7.07e-02     3.06e-01   69.573s
 303000 -3.25694272e+01 -1.86069598e+04  1.86e+04   7.06e-02     2.92e-01   69.784s
 304000 -3.25697197e+01 -1.86041105e+04  1.86e+04   7.06e-02     3.23e-01   69.996s
 305000 -3.25699921e+01 -1.86012579e+04  1.86e+04   7.06e-02     3.44e-01   70.208s
 306000 -3.25702507e+01 -1.85984103e+04  1.86e+04   7.06e-02     4.17e-01   70.420s
 307000 -3.25705169e+01 -1.85955580e+04  1.86e+04   7.06e-02     4.00e-01   70.632s
 308000 -3.25707948e+01 -1.85926998e+04  1.86e+04   7.06e-02     4.37e-01   70.844s
 309000 -3.25710549e+01 -1.85898632e+04  1.86e+04   7.05e-02     3.45e-01   71.056s
 310000 -3.25712912e+01 -1.85870073e+04  1.86e+04   7.06e-02     4.39e-01   71.268s
 311000 -3.25715345e+01 -1.85841548e+04  1.86e+04   7.05e-02     4.79e-01   71.480s
 312000 -3.25717862e+01 -1.85813116e+04  1.85e+04   7.06e-02     3.79e-01   71.692s
 313000 -3.25720328e+01 -1.85784552e+04  1.85e+04   7.06e-02     3.48e-01   71.904s
 314000 -3.25722638e+01 -1.85756110e+04  1.85e+04   7.05e-02     4.35e-01   72.116s
 315000 -3.25724846e+01 -1.85727621e+04  1.85e+04   7.05e-02     4.35e-01   72.328s
 316000 -3.25727106e+01 -1.85699124e+04  1.85e+04   7.05e-02     3.48e-01   72.540s
 317000 -3.25729433e+01 -1.85670651e+04  1.85e+04   7.05e-02     3.54e-01   72.752s
 318000 -3.25731660e+01 -1.85642183e+04  1.85e+04   7.05e-02     4.26e-01   72.964s
 319000 -3.25733728e+01 -1.85613714e+04  1.85e+04   7.05e-02     3.98e-01   73.177s
 320000 -3.25735795e+01 -1.85585248e+04  1.85e+04   7.05e-02     3.23e-01   73.388s
 321000 -3.25737927e+01 -1.85556762e+04  1.85e+04   7.05e-02     3.62e-01   73.600s
 322000 -3.25740058e+01 -1.85528258e+04  1.85e+04   7.05e-02     4.09e-01   73.812s
 323000 -3.25742112e+01 -1.85499902e+04  1.85e+04   7.05e-02     3.70e-01   74.024s
 324000 -3.25744068e+01 -1.85471367e+04  1.85e+04   7.05e-02     3.21e-01   74.236s
 325000 -3.25745995e+01 -1.85442905e+04  1.85e+04   7.05e-02     3.52e-01   74.448s
 326000 -3.25747971e+01 -1.85414536e+04  1.85e+04   7.05e-02     3.95e-01   74.660s
 327000 -3.25749964e+01 -1.85385962e+04  1.85e+04   7.05e-02     3.53e-01   74.873s
 328000 -3.25751883e+01 -1.85357581e+04  1.85e+04   7.05e-02     3.02e-01   75.084s
 329000 -3.25753728e+01 -1.85329236e+04  1.85e+04   7.05e-02     3.57e-01   75.296s
 330000 -3.25755562e+01 -1.85300694e+04  1.85e+04   7.05e-02     3.81e-01   75.509s
 331000 -3.25757464e+01 -1.85272317e+04  1.85e+04   7.05e-02     3.24e-01   75.720s
 332000 -3.25759364e+01 -1.85243856e+04  1.85e+04   7.05e-02     3.08e-01   75.933s
 333000 -3.25761166e+01 -1.85215420e+04  1.85e+04   7.04e-02     3.58e-01   76.145s
 334000 -3.25762927e+01 -1.85186975e+04  1.85e+04   7.05e-02     3.61e-01   76.357s
 335000 -3.25764663e+01 -1.85158541e+04  1.85e+04   7.04e-02     3.08e-01   76.569s
 336000 -3.25766420e+01 -1.85130149e+04  1.85e+04   7.05e-02     3.09e-01   76.780s
 337000 -3.25768203e+01 -1.85101692e+04  1.85e+04   7.05e-02     3.58e-01   76.993s
 338000 -3.25769940e+01 -1.85073300e+04  1.85e+04   7.05e-02     3.43e-01   77.204s
 339000 -3.25771618e+01 -1.85044934e+04  1.85e+04   7.05e-02     2.95e-01   77.417s
 340000 -3.25773266e+01 -1.85016489e+04  1.85e+04   7.05e-02     3.16e-01   77.629s
 341000 -3.25774913e+01 -1.84988070e+04  1.85e+04   7.03e-02     3.52e-01   77.841s
 342000 -3.25776631e+01 -1.84960036e+04  1.85e+04   7.03e-02     3.26e-01   78.053s
 343000 -3.25778312e+01 -1.84931873e+04  1.85e+04   7.03e-02     2.95e-01   78.265s
 344000 -3.25779942e+01 -1.84903698e+04  1.85e+04   7.02e-02     3.12e-01   78.477s
 345000 -3.25781545e+01 -1.84875664e+04  1.85e+04   7.02e-02     3.40e-01   78.689s
 346000 -3.25783145e+01 -1.84847493e+04  1.85e+04   7.02e-02     3.14e-01   78.901s
 347000 -3.25784756e+01 -1.84819317e+04  1.84e+04   7.02e-02     2.85e-01   79.113s
 348000 -3.25786381e+01 -1.84791287e+04  1.84e+04   7.02e-02     3.18e-01   79.325s
 349000 -3.25787971e+01 -1.84763111e+04  1.84e+04   7.02e-02     3.34e-01   79.537s
 350000 -3.25789535e+01 -1.84734964e+04  1.84e+04   7.02e-02     2.96e-01   79.749s
 351000 -3.25791074e+01 -1.84706905e+04  1.84e+04   7.02e-02     2.86e-01   79.961s
 352000 -3.25792703e+01 -1.84678929e+04  1.84e+04   7.02e-02     3.24e-01   80.173s
 353000 -3.25794158e+01 -1.84651399e+04  1.84e+04   6.97e-02     3.27e-01   80.385s
 354000 -3.25795798e+01 -1.84624286e+04  1.84e+04   6.94e-02     2.92e-01   80.597s
 355000 -3.25797358e+01 -1.84597413e+04  1.84e+04   6.94e-02     2.86e-01   80.809s
 356000 -3.25798908e+01 -1.84570587e+04  1.84e+04   6.91e-02     3.19e-01   81.021s
 357000 -3.25800400e+01 -1.84543754e+04  1.84e+04   6.91e-02     3.07e-01   81.233s
 358000 -3.25801895e+01 -1.84516912e+04  1.84e+04   6.93e-02     2.76e-01   81.446s
 359000 -3.25803399e+01 -1.84490081e+04  1.84e+04   6.90e-02     2.90e-01   81.658s
 360000 -3.25804891e+01 -1.84463250e+04  1.84e+04   6.91e-02     3.12e-01   81.870s
 361000 -3.25806379e+01 -1.84436419e+04  1.84e+04   6.92e-02     2.97e-01   82.082s
 362000 -3.25807829e+01 -1.84409606e+04  1.84e+04   6.90e-02     2.74e-01   82.294s
 363000 -3.25809228e+01 -1.84382773e+04  1.84e+04   6.90e-02     2.87e-01   82.507s
 364000 -3.25810626e+01 -1.84355946e+04  1.84e+04   6.90e-02     3.07e-01   82.718s
 365000 -3.25812052e+01 -1.84329103e+04  1.84e+04   6.90e-02     2.89e-01   82.930s
 366000 -3.25813491e+01 -1.84302282e+04  1.84e+04   6.90e-02     2.70e-01   83.142s
 367000 -3.25814927e+01 -1.84275455e+04  1.84e+04   6.90e-02     2.92e-01   83.354s
 368000 -3.25816319e+01 -1.84248623e+04  1.84e+04   6.90e-02     3.02e-01   83.566s
 369000 -3.25817688e+01 -1.84221800e+04  1.84e+04   6.89e-02     2.78e-01   83.778s
 370000 -3.25819064e+01 -1.84194984e+04  1.84e+04   6.89e-02     2.70e-01   83.990s
 371000 -3.25820445e+01 -1.84168160e+04  1.84e+04   6.90e-02     2.93e-01   84.202s
 372000 -3.25821840e+01 -1.84141366e+04  1.84e+04   6.89e-02     2.97e-01   84.414s
 373000 -3.25823231e+01 -1.84114542e+04  1.84e+04   6.89e-02     2.71e-01   84.626s
 374000 -3.25824588e+01 -1.84087722e+04  1.84e+04   6.89e-02     2.70e-01   84.838s
 375000 -3.25825928e+01 -1.84060918e+04  1.84e+04   6.89e-02     2.94e-01   85.050s
 376000 -3.25827264e+01 -1.84034088e+04  1.84e+04   6.89e-02     2.88e-01   85.262s
 377000 -3.25828591e+01 -1.84007289e+04  1.84e+04   6.89e-02     2.64e-01   85.475s
 378000 -3.25829933e+01 -1.83980494e+04  1.84e+04   6.89e-02     2.76e-01   85.687s
 379000 -3.25831281e+01 -1.83953965e+04  1.84e+04   6.87e-02     2.94e-01   85.899s
 380000 -3.25832624e+01 -1.83927700e+04  1.84e+04   6.83e-02     2.81e-01   86.111s
 381000 -3.25833943e+01 -1.83901499e+04  1.84e+04   6.96e-02     2.64e-01   86.322s
 382000 -3.25835239e+01 -1.83875255e+04  1.84e+04   6.84e-02     2.74e-01   86.534s
 383000 -3.25836530e+01 -1.83848986e+04  1.84e+04   6.86e-02     2.88e-01   86.746s
 384000 -3.25837836e+01 -1.83822783e+04  1.83e+04   6.83e-02     2.75e-01   86.958s
 385000 -3.25839148e+01 -1.83796494e+04  1.83e+04   6.98e-02     2.61e-01   87.170s
 386000 -3.25840462e+01 -1.83770321e+04  1.83e+04   6.83e-02     2.76e-01   87.382s
 387000 -3.25841766e+01 -1.83744118e+04  1.83e+04   6.83e-02     2.85e-01   87.594s
 388000 -3.25843054e+01 -1.83717950e+04  1.83e+04   6.82e-02     2.67e-01   87.806s
 389000 -3.25844323e+01 -1.83691755e+04  1.83e+04   6.84e-02     2.60e-01   88.018s
 390000 -3.25845590e+01 -1.83665589e+04  1.83e+04   6.82e-02     2.81e-01   88.230s
 391000 -3.25846851e+01 -1.83639416e+04  1.83e+04   6.82e-02     2.90e-01   88.442s
 392000 -3.25848131e+01 -1.83613272e+04  1.83e+04   6.85e-02     2.65e-01   88.654s
 393000 -3.25849409e+01 -1.83587143e+04  1.83e+04   6.81e-02     2.61e-01   88.867s
 394000 -3.25850682e+01 -1.83560985e+04  1.83e+04   6.82e-02     2.80e-01   89.078s
 395000 -3.25851930e+01 -1.83534869e+04  1.83e+04   6.82e-02     2.74e-01   89.290s
 396000 -3.25853164e+01 -1.83508720e+04  1.83e+04   6.81e-02     2.56e-01   89.502s
 397000 -3.25854388e+01 -1.83482596e+04  1.83e+04   6.82e-02     2.63e-01   89.714s
 398000 -3.25855589e+01 -1.83456358e+04  1.83e+04   7.05e-02     2.76e-01   89.926s
 399000 -3.25856797e+01 -1.83430306e+04  1.83e+04   6.81e-02     2.69e-01   90.138s
 400000 -3.25858009e+01 -1.83404178e+04  1.83e+04   6.81e-02     2.56e-01   90.350s
 401000 -3.25859217e+01 -1.83378024e+04  1.83e+04   6.81e-02     2.64e-01   90.562s
 402000 -3.25860419e+01 -1.83351905e+04  1.83e+04   6.81e-02     2.75e-01   90.774s
 403000 -3.25861597e+01 -1.83325774e+04  1.83e+04   6.81e-02     2.63e-01   90.986s
 404000 -3.25862760e+01 -1.83299637e+04  1.83e+04   6.81e-02     2.53e-01   91.198s
 405000 -3.25863924e+01 -1.83273517e+04  1.83e+04   6.81e-02     2.66e-01   91.410s
 406000 -3.25865092e+01 -1.83247402e+04  1.83e+04   6.81e-02     2.73e-01   91.622s
 407000 -3.25866274e+01 -1.83221285e+04  1.83e+04   6.81e-02     2.61e-01   91.834s
 408000 -3.25867459e+01 -1.83195155e+04  1.83e+04   6.80e-02     2.55e-01   92.046s
 409000 -3.25868631e+01 -1.83169022e+04  1.83e+04   6.81e-02     2.66e-01   92.258s
 410000 -3.25869794e+01 -1.83142921e+04  1.83e+04   6.80e-02     2.72e-01   92.470s
 411000 -3.25870939e+01 -1.83116797e+04  1.83e+04   6.80e-02     2.54e-01   92.681s
 412000 -3.25872078e+01 -1.83090693e+04  1.83e+04   6.80e-02     2.55e-01   92.894s
 413000 -3.25873221e+01 -1.83064561e+04  1.83e+04   6.80e-02     2.67e-01   93.106s
 414000 -3.25874372e+01 -1.83038436e+04  1.83e+04   6.80e-02     2.67e-01   93.318s
 415000 -3.25875528e+01 -1.83012314e+04  1.83e+04   6.80e-02     2.52e-01   93.530s
 416000 -3.25876687e+01 -1.82986196e+04  1.83e+04   6.80e-02     2.57e-01   93.742s
 417000 -3.25877835e+01 -1.82960078e+04  1.83e+04   6.80e-02     2.67e-01   93.954s
 418000 -3.25878971e+01 -1.82933960e+04  1.83e+04   6.80e-02     2.61e-01   94.166s
 419000 -3.25880095e+01 -1.82907854e+04  1.83e+04   6.80e-02     2.50e-01   94.378s
 420000 -3.25878711e+01 -1.80264270e+04  1.80e+04   6.69e-02     7.29e+01   94.591s
 421000 -3.25878515e+01 -1.77062328e+04  1.77e+04   6.64e-02     2.57e+01   94.803s
 422000 -3.25878656e+01 -1.73935913e+04  1.74e+04   6.60e-02     3.64e+01   95.015s
 423000 -3.25878703e+01 -1.70921561e+04  1.71e+04   6.50e-02     4.10e+01   95.228s
 424000 -3.25878335e+01 -1.67979277e+04  1.68e+04   6.33e-02     4.42e+01   95.440s
 425000 -3.25878104e+01 -1.65151696e+04  1.65e+04   6.26e-02     3.62e+01   95.652s
 426000 -3.25877436e+01 -1.62430943e+04  1.62e+04   1.11e-01     5.47e+01   95.863s
 427000 -3.25877604e+01 -1.59845309e+04  1.60e+04   6.28e-02     5.02e+01   96.075s
 428000 -3.25877542e+01 -1.57328463e+04  1.57e+04   5.99e-02     3.28e+01   96.288s
 429000 -3.25877377e+01 -1.54863808e+04  1.55e+04   5.89e-02     4.65e+01   96.500s
 430000 -3.25877315e+01 -1.52450780e+04  1.52e+04   5.86e-02     5.02e+01   96.712s
 431000 -3.25877112e+01 -1.50077343e+04  1.50e+04   5.79e-02     4.56e+01   96.924s
 432000 -3.25877010e+01 -1.47747749e+04  1.47e+04   5.77e-02     4.80e+01   97.136s
 433000 -3.25876707e+01 -1.45512851e+04  1.45e+04   5.67e-02     5.53e+01   97.348s
 434000 -3.25876502e+01 -1.43310376e+04  1.43e+04   5.69e-02     6.13e+01   97.560s
 435000 -3.25876416e+01 -1.41134054e+04  1.41e+04   5.57e-02     6.95e+01   97.772s
 436000 -3.25876153e+01 -1.39039865e+04  1.39e+04   5.64e-02     6.01e+01   97.984s
 437000 -3.25875898e+01 -1.36988055e+04  1.37e+04   5.53e-02     4.57e+01   98.196s
 438000 -3.25876006e+01 -1.34952553e+04  1.35e+04   5.43e-02     5.65e+01   98.408s
 439000 -3.25875850e+01 -1.32944976e+04  1.33e+04   5.39e-02     4.92e+01   98.621s
 440000 -3.25875549e+01 -1.30949951e+04  1.31e+04   5.38e-02     4.59e+01   98.833s
 441000 -3.25875528e+01 -1.28987484e+04  1.29e+04   5.34e-02     5.83e+01   99.045s
 442000 -3.25912645e+01 -1.29193723e+04  1.29e+04   1.92e+00     7.74e-01   99.260s
 443000 -3.26068273e+01 -1.29138355e+04  1.29e+04   2.95e+00     9.29e-01   99.473s
 444000 -3.26085986e+01 -1.28988419e+04  1.29e+04   7.54e-01     3.02e+00   99.687s
 445000 -3.26057298e+01 -1.28985083e+04  1.29e+04   3.10e+00     2.37e+01   99.899s
 446000 -3.26025156e+01 -1.28982512e+04  1.29e+04   2.45e-01     2.38e+01   100.110s
 447000 -3.26034072e+01 -1.28982197e+04  1.29e+04   3.75e-01     9.50e+00   100.322s
 448000 -3.26050822e+01 -1.28981469e+04  1.29e+04   6.95e-02     1.94e-01   100.536s
 449000 -3.26067802e+01 -1.28980447e+04  1.29e+04   5.71e-02     1.57e-01   100.748s
 450000 -3.26084985e+01 -1.28979408e+04  1.29e+04   5.52e-02     1.36e-01   100.960s
 451000 -3.26102257e+01 -1.28978389e+04  1.29e+04   5.46e-02     1.31e-01   101.171s
 452000 -3.26119381e+01 -1.28977445e+04  1.29e+04   6.14e-02     1.25e-01   101.383s
 453000 -3.26136187e+01 -1.28976571e+04  1.29e+04   5.33e-02     1.20e-01   101.595s
 454000 -3.26152187e+01 -1.28975704e+04  1.29e+04   5.43e-02     1.16e-01   101.807s
 455000 -3.26167245e+01 -1.28974830e+04  1.29e+04   5.55e-02     1.13e-01   102.019s
 456000 -3.26181326e+01 -1.28973960e+04  1.29e+04   5.37e-02     1.11e-01   102.231s
 457000 -3.26194573e+01 -1.28973100e+04  1.29e+04   5.33e-02     1.08e-01   102.443s
 458000 -3.26207227e+01 -1.28972234e+04  1.29e+04   5.30e-02     1.06e-01   102.656s
 459000 -3.26219565e+01 -1.28971370e+04  1.29e+04   5.28e-02     1.04e-01   102.868s
 460000 -3.26231801e+01 -1.28970496e+04  1.29e+04   5.29e-02     1.02e-01   103.080s
 461000 -3.26244038e+01 -1.28969624e+04  1.29e+04   5.28e-02     1.01e-01   103.292s
 462000 -3.26256356e+01 -1.28968741e+04  1.29e+04   5.30e-02     1.00e-01   103.504s
 463000 -3.26268720e+01 -1.28967865e+04  1.29e+04   5.29e-02     9.96e-02   103.716s
 464000 -3.26281072e+01 -1.28966989e+04  1.29e+04   5.35e-02     9.86e-02   103.928s
 465000 -3.26293322e+01 -1.28966119e+04  1.29e+04   5.33e-02     9.72e-02   104.140s
 466000 -3.26305430e+01 -1.28965249e+04  1.29e+04   5.28e-02     9.60e-02   104.352s
 467000 -3.26317381e+01 -1.28964382e+04  1.29e+04   5.29e-02     9.44e-02   104.564s
 468000 -3.26329150e+01 -1.28963510e+04  1.29e+04   5.38e-02     9.30e-02   104.776s
 469000 -3.26340757e+01 -1.28962638e+04  1.29e+04   5.33e-02     9.18e-02   104.988s
 470000 -3.26352255e+01 -1.28961767e+04  1.29e+04   5.28e-02     9.12e-02   105.200s
 471000 -3.26363702e+01 -1.28960892e+04  1.29e+04   5.31e-02     9.05e-02   105.411s
 472000 -3.26375094e+01 -1.28960020e+04  1.29e+04   5.28e-02     8.96e-02   105.624s
 473000 -3.26386445e+01 -1.28959146e+04  1.29e+04   5.28e-02     8.89e-02   105.835s
 474000 -3.26397722e+01 -1.28958271e+04  1.29e+04   5.35e-02     8.84e-02   106.047s
 475000 -3.26408979e+01 -1.28957399e+04  1.29e+04   5.28e-02     8.78e-02   106.259s
 476000 -3.26420268e+01 -1.28956523e+04  1.29e+04   5.28e-02     8.65e-02   106.471s
 477000 -3.26431517e+01 -1.28955652e+04  1.29e+04   5.28e-02     8.56e-02   106.683s
 478000 -3.26442726e+01 -1.28954776e+04  1.29e+04   5.27e-02     8.52e-02   106.895s
 479000 -3.26453879e+01 -1.28953905e+04  1.29e+04   5.28e-02     8.46e-02   107.108s
 480000 -3.26464943e+01 -1.28953035e+04  1.29e+04   5.27e-02     8.35e-02   107.320s
 481000 -3.26475938e+01 -1.28952169e+04  1.29e+04   5.29e-02     8.28e-02   107.531s
 482000 -3.26486857e+01 -1.28951296e+04  1.29e+04   5.28e-02     8.16e-02   107.743s
 483000 -3.26497725e+01 -1.28950428e+04  1.29e+04   5.28e-02     8.10e-02   107.955s
 484000 -3.26508547e+01 -1.28949554e+04  1.29e+04   5.30e-02     7.98e-02   108.167s
 485000 -3.26519315e+01 -1.28948684e+04  1.29e+04   5.28e-02     7.87e-02   108.379s
 486000 -3.26530062e+01 -1.28947808e+04  1.29e+04   5.30e-02     7.73e-02   108.591s
 487000 -3.26540813e+01 -1.28946937e+04  1.29e+04   5.28e-02     7.73e-02   108.803s
 488000 -3.26551545e+01 -1.28946062e+04  1.29e+04   5.34e-02     7.69e-02   109.015s
 489000 -3.26561989e+01 -1.28945215e+04  1.29e+04   9.71e-02     4.28e-02   109.227s
 490000 -3.26571923e+01 -1.28944308e+04  1.29e+04   7.84e-02     6.96e-02   109.439s
 491000 -3.26581829e+01 -1.28943451e+04  1.29e+04   3.00e-01     5.58e-02   109.651s
 492000 -3.26591745e+01 -1.28942598e+04  1.29e+04   6.01e-02     4.11e-02   109.863s
 493000 -3.26601613e+01 -1.28941701e+04  1.29e+04   6.64e-02     6.41e-02   110.075s
 494000 -3.26611440e+01 -1.28940840e+04  1.29e+04   2.53e-01     5.39e-02   110.287s
 495000 -3.26621254e+01 -1.28939982e+04  1.29e+04   5.39e-02     4.07e-02   110.499s
 496000 -3.26631041e+01 -1.28939090e+04  1.29e+04   5.50e-02     6.04e-02   110.711s
 497000 -3.26640808e+01 -1.28938228e+04  1.29e+04   2.27e-01     5.15e-02   110.924s
 498000 -3.26650568e+01 -1.28937370e+04  1.29e+04   5.29e-02     4.00e-02   111.136s
 499000 -3.26660303e+01 -1.28936483e+04  1.29e+04   5.46e-02     5.73e-02   111.348s
 500000 -3.26670006e+01 -1.28935621e+04  1.29e+04   1.96e-01     4.83e-02   111.560s
 501000 -3.26679697e+01 -1.28934759e+04  1.29e+04   5.37e-02     3.95e-02   111.772s
 502000 -3.26689375e+01 -1.28933869e+04  1.29e+04   5.45e-02     5.49e-02   111.984s
 503000 -3.26699049e+01 -1.28933007e+04  1.29e+04   1.68e-01     4.55e-02   112.196s
 504000 -3.26708735e+01 -1.28932144e+04  1.29e+04   6.26e-02     3.97e-02   112.408s
 505000 -3.26718408e+01 -1.28931257e+04  1.29e+04   5.45e-02     5.28e-02   112.620s
 506000 -3.26728081e+01 -1.28930399e+04  1.29e+04   1.38e-01     4.28e-02   112.831s
 507000 -3.26737738e+01 -1.28929530e+04  1.29e+04   9.15e-02     4.01e-02   113.043s
 508000 -3.26747380e+01 -1.28928649e+04  1.29e+04   7.01e-02     5.04e-02   113.255s
 509000 -3.26756987e+01 -1.28927789e+04  1.29e+04   1.02e-01     4.04e-02   113.468s
 510000 -3.26766584e+01 -1.28926920e+04  1.29e+04   6.81e-02     4.03e-02   113.679s
 511000 -3.26776166e+01 -1.28926042e+04  1.29e+04   8.64e-02     4.74e-02   113.892s
 512000 -3.26785733e+01 -1.28925181e+04  1.29e+04   9.20e-02     3.85e-02   114.103s
 513000 -3.26795295e+01 -1.28924308e+04  1.29e+04   6.01e-02     4.03e-02   114.316s
 514000 -3.26804843e+01 -1.28923433e+04  1.29e+04   8.04e-02     4.47e-02   114.528s
 515000 -3.26814384e+01 -1.28922570e+04  1.29e+04   1.03e-01     3.78e-02   114.740s
 516000 -3.26823926e+01 -1.28921697e+04  1.29e+04   5.30e-02     4.02e-02   114.953s
 517000 -3.26833452e+01 -1.28920823e+04  1.29e+04   6.36e-02     4.25e-02   115.164s
 518000 -3.26842978e+01 -1.28919959e+04  1.29e+04   7.12e-02     3.75e-02   115.377s
 519000 -3.26852498e+01 -1.28919085e+04  1.29e+04   5.88e-02     3.94e-02   115.589s
 520000 -3.26862004e+01 -1.28918215e+04  1.29e+04   6.27e-02     4.08e-02   115.801s
 521000 -3.26871510e+01 -1.28917349e+04  1.29e+04   5.40e-02     3.65e-02   116.013s
 522000 -3.26881011e+01 -1.28916475e+04  1.29e+04   5.61e-02     3.88e-02   116.225s
 523000 -3.26890501e+01 -1.28915604e+04  1.29e+04   6.30e-02     3.97e-02   116.437s
 524000 -3.26899987e+01 -1.28914738e+04  1.29e+04   5.28e-02     3.59e-02   116.649s
 525000 -3.26909469e+01 -1.28913864e+04  1.29e+04   5.26e-02     3.84e-02   116.861s
 526000 -3.26918942e+01 -1.28912994e+04  1.29e+04   6.46e-02     3.85e-02   117.072s
 527000 -3.26928407e+01 -1.28912126e+04  1.29e+04   5.27e-02     3.54e-02   117.285s
 528000 -3.26937869e+01 -1.28911254e+04  1.29e+04   5.38e-02     3.79e-02   117.497s
 529000 -3.26947315e+01 -1.28910384e+04  1.29e+04   6.59e-02     3.72e-02   117.709s
 530000 -3.26956754e+01 -1.28909517e+04  1.29e+04   5.27e-02     3.47e-02   117.921s
 531000 -3.26966186e+01 -1.28908643e+04  1.29e+04   5.26e-02     3.73e-02   118.133s
 532000 -3.26975606e+01 -1.28907775e+04  1.29e+04   6.20e-02     3.59e-02   118.345s
 533000 -3.26985019e+01 -1.28906905e+04  1.29e+04   5.28e-02     3.42e-02   118.557s
 534000 -3.26994428e+01 -1.28906031e+04  1.29e+04   5.31e-02     3.67e-02   118.769s
 535000 -3.27003834e+01 -1.28905164e+04  1.29e+04   7.70e-02     3.48e-02   118.980s
 536000 -3.27013236e+01 -1.28904296e+04  1.29e+04   5.89e-02     3.41e-02   119.192s
 537000 -3.27022637e+01 -1.28903419e+04  1.29e+04   5.27e-02     3.63e-02   119.405s
 538000 -3.27032037e+01 -1.28902552e+04  1.29e+04   6.04e-02     3.43e-02   119.616s
 539000 -3.27041432e+01 -1.28901683e+04  1.29e+04   5.50e-02     3.36e-02   119.828s
 540000 -3.27050818e+01 -1.28900810e+04  1.29e+04   5.26e-02     3.54e-02   120.040s
 541000 -3.27060192e+01 -1.28899944e+04  1.29e+04   5.66e-02     3.33e-02   120.252s
 542000 -3.27069562e+01 -1.28899073e+04  1.29e+04   5.27e-02     3.31e-02   120.464s
 543000 -3.27078925e+01 -1.28898201e+04  1.29e+04   5.61e-02     3.47e-02   120.675s
 544000 -3.27088283e+01 -1.28897334e+04  1.29e+04   5.35e-02     3.25e-02   120.887s
 545000 -3.27097639e+01 -1.28896463e+04  1.29e+04   5.29e-02     3.31e-02   121.100s
 546000 -3.27106987e+01 -1.28895587e+04  1.29e+04   5.64e-02     3.41e-02   121.312s
 547000 -3.27116329e+01 -1.28894718e+04  1.29e+04   5.30e-02     3.20e-02   121.524s
 548000 -3.27125668e+01 -1.28893848e+04  1.29e+04   5.27e-02     3.29e-02   121.736s
 549000 -3.27134993e+01 -1.28892978e+04  1.29e+04   5.67e-02     3.31e-02   121.948s
 550000 -3.27144314e+01 -1.28892111e+04  1.29e+04   5.27e-02     3.14e-02   122.160s
 551000 -3.27153631e+01 -1.28891238e+04  1.29e+04   5.27e-02     3.28e-02   122.372s
 552000 -3.27162945e+01 -1.28890369e+04  1.29e+04   5.82e-02     3.23e-02   122.584s
 553000 -3.27172259e+01 -1.28889502e+04  1.29e+04   5.26e-02     3.52e-02   122.796s
 554000 -3.27181570e+01 -1.28888623e+04  1.29e+04   5.59e-02     3.74e-02   123.008s
 555000 -3.27190911e+01 -1.28887760e+04  1.29e+04   5.30e-02     3.09e-02   123.220s
 556000 -3.27200205e+01 -1.28886889e+04  1.29e+04   5.27e-02     3.17e-02   123.432s
 557000 -3.27209544e+01 -1.28886013e+04  1.29e+04   5.56e-02     3.71e-02   123.644s
 558000 -3.27218847e+01 -1.28885155e+04  1.29e+04   5.26e-02     3.32e-02   123.855s
 559000 -3.27228154e+01 -1.28884276e+04  1.29e+04   5.26e-02     3.47e-02   124.068s
 560000 -3.27237473e+01 -1.28883409e+04  1.29e+04   5.42e-02     3.10e-02   124.279s
 561000 -3.27246750e+01 -1.28882541e+04  1.29e+04   5.28e-02     3.09e-02   124.491s
 562000 -3.27256064e+01 -1.28881665e+04  1.29e+04   5.27e-02     3.59e-02   124.704s
 563000 -3.27265348e+01 -1.28880802e+04  1.29e+04   5.29e-02     3.25e-02   124.916s
 564000 -3.27274633e+01 -1.28879928e+04  1.29e+04   5.26e-02     3.29e-02   125.127s
 565000 -3.27283936e+01 -1.28879060e+04  1.29e+04   5.39e-02     3.06e-02   125.339s
 566000 -3.27293191e+01 -1.28878191e+04  1.29e+04   5.27e-02     3.08e-02   125.551s
 567000 -3.27302484e+01 -1.28877316e+04  1.29e+04   5.32e-02     3.48e-02   125.763s
 568000 -3.27311755e+01 -1.28876454e+04  1.29e+04   5.26e-02     3.11e-02   125.975s
 569000 -3.27321017e+01 -1.28875577e+04  1.29e+04   5.28e-02     3.14e-02   126.187s
 570000 -3.27330303e+01 -1.28874710e+04  1.29e+04   5.28e-02     3.04e-02   126.399s
 571000 -3.27339551e+01 -1.28873842e+04  1.29e+04   5.28e-02     3.03e-02   126.611s
 572000 -3.27348824e+01 -1.28872968e+04  1.29e+04   5.26e-02     3.36e-02   126.823s
 573000 -3.27358087e+01 -1.28872103e+04  1.29e+04   5.27e-02     3.02e-02   127.035s
 574000 -3.27367337e+01 -1.28871229e+04  1.29e+04   5.27e-02     3.04e-02   127.247s
 575000 -3.27376611e+01 -1.28870359e+04  1.29e+04   5.27e-02     3.02e-02   127.459s
 576000 -3.27385855e+01 -1.28869493e+04  1.29e+04   5.26e-02     3.00e-02   127.670s
 577000 -3.27395118e+01 -1.28868618e+04  1.29e+04   5.26e-02     3.26e-02   127.882s
 578000 -3.27404374e+01 -1.28867753e+04  1.29e+04   5.29e-02     2.95e-02   128.094s
 579000 -3.27413616e+01 -1.28866881e+04  1.29e+04   5.28e-02     2.94e-02   128.307s
 580000 -3.27422877e+01 -1.28866009e+04  1.29e+04   5.26e-02     3.00e-02   128.519s
 581000 -3.27432106e+01 -1.28865144e+04  1.29e+04   5.26e-02     2.94e-02   128.731s
 582000 -3.27441347e+01 -1.28864269e+04  1.29e+04   5.27e-02     3.14e-02   128.943s
 583000 -3.27450580e+01 -1.28863404e+04  1.29e+04   5.26e-02     2.86e-02   129.154s
 584000 -3.27459798e+01 -1.28862532e+04  1.29e+04   5.27e-02     2.87e-02   129.366s
 585000 -3.27469040e+01 -1.28861661e+04  1.29e+04   5.27e-02     2.98e-02   129.578s
 586000 -3.27478252e+01 -1.28860795e+04  1.29e+04   5.26e-02     2.90e-02   129.790s
 587000 -3.27487481e+01 -1.28859922e+04  1.29e+04   5.26e-02     3.04e-02   130.002s
 588000 -3.27496706e+01 -1.28859054e+04  1.29e+04   5.27e-02     2.82e-02   130.214s
 589000 -3.27505913e+01 -1.28858183e+04  1.29e+04   5.26e-02     2.82e-02   130.426s
 590000 -3.27515130e+01 -1.28857304e+04  1.29e+04   5.27e-02     2.94e-02   130.638s
 591000 -3.27524306e+01 -1.28856437e+04  1.29e+04   5.26e-02     2.85e-02   130.850s
 592000 -3.27533487e+01 -1.28855565e+04  1.29e+04   5.26e-02     2.96e-02   131.062s
 593000 -3.27542678e+01 -1.28854698e+04  1.29e+04   5.27e-02     2.79e-02   131.274s
 594000 -3.27551848e+01 -1.28853826e+04  1.29e+04   5.26e-02     2.79e-02   131.486s
 595000 -3.27561031e+01 -1.28852954e+04  1.29e+04   5.26e-02     2.91e-02   131.698s
 596000 -3.27570200e+01 -1.28852088e+04  1.29e+04   5.26e-02     2.80e-02   131.910s
 597000 -3.27579374e+01 -1.28851214e+04  1.29e+04   5.27e-02     2.89e-02   132.122s
 598000 -3.27588553e+01 -1.28850347e+04  1.29e+04   5.26e-02     2.76e-02   132.334s
 599000 -3.27597713e+01 -1.28849477e+04  1.29e+04   5.28e-02     2.75e-02   132.547s
 600000 -3.27606886e+01 -1.28848605e+04  1.29e+04   5.26e-02     2.87e-02   132.759s
 601000 -3.27616043e+01 -1.28847738e+04  1.29e+04   5.26e-02     2.77e-02   132.971s
 602000 -3.27625205e+01 -1.28846866e+04  1.29e+04   5.27e-02     2.83e-02   133.182s
 603000 -3.27634366e+01 -1.28845997e+04  1.29e+04   5.27e-02     2.72e-02   133.395s
 604000 -3.27643510e+01 -1.28845127e+04  1.29e+04   5.26e-02     2.71e-02   133.607s
 605000 -3.27652673e+01 -1.28844256e+04  1.29e+04   5.27e-02     2.83e-02   133.819s
 606000 -3.27661771e+01 -1.28843367e+04  1.29e+04   5.32e-02     2.68e-02   134.031s
 607000 -3.27670848e+01 -1.28842492e+04  1.29e+04   5.66e-02     2.76e-02   134.243s
 608000 -3.27679940e+01 -1.28841626e+04  1.29e+04   5.62e-02     2.65e-02   134.455s
 609000 -3.27689016e+01 -1.28840754e+04  1.29e+04   5.28e-02     2.63e-02   134.667s
 610000 -3.27698093e+01 -1.28839880e+04  1.29e+04   5.30e-02     2.73e-02   134.879s
 611000 -3.27707157e+01 -1.28839007e+04  1.29e+04   5.41e-02     2.64e-02   135.091s
 612000 -3.27716208e+01 -1.28838131e+04  1.29e+04   5.30e-02     2.70e-02   135.303s
 613000 -3.27725260e+01 -1.28837262e+04  1.29e+04   5.26e-02     2.63e-02   135.515s
 614000 -3.27734296e+01 -1.28836393e+04  1.29e+04   5.26e-02     2.61e-02   135.727s
 615000 -3.27743354e+01 -1.28835523e+04  1.29e+04   5.28e-02     2.67e-02   135.939s
 616000 -3.27752398e+01 -1.28834653e+04  1.29e+04   5.26e-02     2.59e-02   136.151s
 617000 -3.27761440e+01 -1.28833779e+04  1.29e+04   5.26e-02     2.66e-02   136.363s
 618000 -3.27770482e+01 -1.28832909e+04  1.29e+04   5.27e-02     2.60e-02   136.575s
 619000 -3.27779510e+01 -1.28832037e+04  1.29e+04   5.28e-02     2.61e-02   136.787s
 620000 -3.27788537e+01 -1.28831165e+04  1.29e+04   5.26e-02     2.64e-02   136.999s
 621000 -3.27797549e+01 -1.28830296e+04  1.29e+04   5.28e-02     2.57e-02   137.211s
 622000 -3.27806565e+01 -1.28829422e+04  1.29e+04   5.27e-02     2.61e-02   137.423s
 623000 -3.27815572e+01 -1.28828548e+04  1.29e+04   5.27e-02     2.56e-02   137.635s
 624000 -3.27824556e+01 -1.28827678e+04  1.28e+04   5.28e-02     2.56e-02   137.847s
 625000 -3.27833549e+01 -1.28826812e+04  1.28e+04   5.27e-02     2.60e-02   138.059s
 626000 -3.27842543e+01 -1.28825939e+04  1.28e+04   5.26e-02     2.55e-02   138.271s
 627000 -3.27851529e+01 -1.28825064e+04  1.28e+04   5.27e-02     2.57e-02   138.482s
 628000 -3.27860510e+01 -1.28824196e+04  1.28e+04   5.26e-02     2.53e-02   138.694s
 629000 -3.27869487e+01 -1.28823326e+04  1.28e+04   5.27e-02     2.53e-02   138.907s
 630000 -3.27878464e+01 -1.28822454e+04  1.28e+04   5.29e-02     2.55e-02   139.118s
 631000 -3.27887247e+01 -1.28820996e+04  1.28e+04   5.31e-02     2.53e-02   139.331s
 632000 -3.27895968e+01 -1.28820064e+04  1.28e+04   3.14e-01     2.55e-02   139.543s
 633000 -3.27904613e+01 -1.28819681e+04  1.28e+04   2.10e-01     2.51e-02   139.755s
 634000 -3.27913211e+01 -1.28818635e+04  1.28e+04   5.30e-02     2.52e-02   139.967s
 635000 -3.27921894e+01 -1.28817466e+04  1.28e+04   5.29e-02     2.52e-02   140.179s
 636000 -3.27930558e+01 -1.28816852e+04  1.28e+04   2.54e-01     2.52e-02   140.391s
 637000 -3.27939164e+01 -1.28816082e+04  1.28e+04   5.26e-02     2.52e-02   140.603s
 638000 -3.27947805e+01 -1.28814973e+04  1.28e+04   5.26e-02     2.50e-02   140.814s
 639000 -3.27956448e+01 -1.28814149e+04  1.28e+04   1.41e-01     2.43e-02   141.026s
 640000 -3.27965022e+01 -1.28813417e+04  1.28e+04   5.37e-02     2.41e-02   141.239s
 641000 -3.27973578e+01 -1.28812445e+04  1.28e+04   5.27e-02     2.38e-02   141.451s
 642000 -3.27982159e+01 -1.28811530e+04  1.28e+04   5.74e-02     2.35e-02   141.663s
 643000 -3.27990733e+01 -1.28810746e+04  1.28e+04   6.87e-02     2.32e-02   141.875s
 644000 -3.27999296e+01 -1.28809863e+04  1.28e+04   5.27e-02     2.33e-02   142.087s
 645000 -3.28007853e+01 -1.28808935e+04  1.28e+04   5.26e-02     2.31e-02   142.299s
 646000 -3.28016407e+01 -1.28808092e+04  1.28e+04   6.06e-02     2.32e-02   142.511s
 647000 -3.28024950e+01 -1.28807247e+04  1.28e+04   5.39e-02     2.31e-02   142.723s
 648000 -3.28033486e+01 -1.28806340e+04  1.28e+04   5.27e-02     2.31e-02   142.935s
 649000 -3.28042023e+01 -1.28805462e+04  1.28e+04   5.33e-02     2.30e-02   143.147s
 650000 -3.28050567e+01 -1.28804618e+04  1.28e+04   5.29e-02     2.30e-02   143.359s
 651000 -3.28059109e+01 -1.28803737e+04  1.28e+04   5.27e-02     2.30e-02   143.571s
 652000 -3.28067636e+01 -1.28802846e+04  1.28e+04   5.27e-02     2.29e-02   143.783s
 653000 -3.28076155e+01 -1.28801982e+04  1.28e+04   5.27e-02     2.29e-02   143.995s
 654000 -3.28084668e+01 -1.28801120e+04  1.28e+04   5.29e-02     2.27e-02   144.207s
 655000 -3.28093188e+01 -1.28800242e+04  1.28e+04   5.26e-02     2.27e-02   144.419s
 656000 -3.28101704e+01 -1.28799365e+04  1.28e+04   5.27e-02     2.26e-02   144.631s
 657000 -3.28110209e+01 -1.28798496e+04  1.28e+04   5.27e-02     2.26e-02   144.843s
 658000 -3.28118720e+01 -1.28797627e+04  1.28e+04   5.28e-02     2.26e-02   145.054s
 659000 -3.28127229e+01 -1.28796749e+04  1.28e+04   5.26e-02     2.26e-02   145.266s
 660000 -3.28135730e+01 -1.28795876e+04  1.28e+04   5.27e-02     2.26e-02   145.479s
 661000 -3.28144231e+01 -1.28795008e+04  1.28e+04   5.27e-02     2.25e-02   145.691s
 662000 -3.28152734e+01 -1.28794135e+04  1.28e+04   5.33e-02     2.24e-02   145.903s
 663000 -3.28161222e+01 -1.28793261e+04  1.28e+04   5.26e-02     2.24e-02   146.115s
 664000 -3.28169709e+01 -1.28792388e+04  1.28e+04   5.27e-02     2.24e-02   146.327s
 665000 -3.28178199e+01 -1.28791519e+04  1.28e+04   5.27e-02     2.23e-02   146.538s
 666000 -3.28186688e+01 -1.28790648e+04  1.28e+04   5.28e-02     2.23e-02   146.751s
 667000 -3.28195168e+01 -1.28789772e+04  1.28e+04   5.28e-02     2.22e-02   146.963s
 668000 -3.28203638e+01 -1.28788901e+04  1.28e+04   5.27e-02     2.22e-02   147.175s
 669000 -3.28212109e+01 -1.28788027e+04  1.28e+04   5.28e-02     2.21e-02   147.387s
 670000 -3.28220573e+01 -1.28787154e+04  1.28e+04   5.29e-02     2.23e-02   147.599s
 671000 -3.28229029e+01 -1.28786280e+04  1.28e+04   5.27e-02     2.20e-02   147.811s
 672000 -3.28237481e+01 -1.28785408e+04  1.28e+04   5.26e-02     2.20e-02   148.022s
 673000 -3.28245942e+01 -1.28784538e+04  1.28e+04   5.27e-02     2.19e-02   148.234s
 674000 -3.28254398e+01 -1.28783664e+04  1.28e+04   5.27e-02     2.20e-02   148.447s
 675000 -3.28262843e+01 -1.28782790e+04  1.28e+04   5.26e-02     2.19e-02   148.659s
 676000 -3.28271288e+01 -1.28781921e+04  1.28e+04   5.27e-02     2.19e-02   148.870s
 677000 -3.28279739e+01 -1.28781053e+04  1.28e+04   5.27e-02     2.18e-02   149.082s
 678000 -3.28288185e+01 -1.28780177e+04  1.28e+04   5.26e-02     2.18e-02   149.294s
 679000 -3.28296616e+01 -1.28779301e+04  1.28e+04   5.26e-02     2.18e-02   149.507s
 680000 -3.28305049e+01 -1.28778434e+04  1.28e+04   5.27e-02     2.17e-02   149.719s
 681000 -3.28313489e+01 -1.28777563e+04  1.28e+04   5.31e-02     2.18e-02   149.931s
 682000 -3.28321920e+01 -1.28776684e+04  1.28e+04   5.27e-02     2.17e-02   150.143s
 683000 -3.28330344e+01 -1.28775812e+04  1.28e+04   5.27e-02     2.17e-02   150.355s
 684000 -3.28338767e+01 -1.28774946e+04  1.28e+04   5.26e-02     2.16e-02   150.567s
 685000 -3.28347197e+01 -1.28774073e+04  1.28e+04   5.34e-02     2.15e-02   150.779s
 686000 -3.28355604e+01 -1.28773194e+04  1.28e+04   5.27e-02     2.16e-02   150.991s
 687000 -3.28364002e+01 -1.28772323e+04  1.28e+04   5.27e-02     2.16e-02   151.203s
 688000 -3.28372408e+01 -1.28771456e+04  1.28e+04   5.27e-02     2.15e-02   151.415s
 689000 -3.28380813e+01 -1.28770583e+04  1.28e+04   5.27e-02     2.15e-02   151.627s
 690000 -3.28389209e+01 -1.28769707e+04  1.28e+04   5.29e-02     2.15e-02   151.839s
 691000 -3.28397595e+01 -1.28768834e+04  1.28e+04   5.26e-02     2.14e-02   152.050s
 692000 -3.28405844e+01 -1.28767896e+04  1.28e+04   5.33e-02     2.15e-02   152.263s
 693000 -3.28413974e+01 -1.28767031e+04  1.28e+04   5.26e-02     2.21e-02   152.474s
 694000 -3.28422114e+01 -1.28766190e+04  1.28e+04   5.26e-02     2.11e-02   152.686s
 695000 -3.28430275e+01 -1.28765332e+04  1.28e+04   5.26e-02     2.21e-02   152.898s
 696000 -3.28438456e+01 -1.28764477e+04  1.28e+04   5.27e-02     2.10e-02   153.110s
 697000 -3.28446654e+01 -1.28763598e+04  1.28e+04   7.63e-01     2.18e-02   153.322s
 698000 -3.28454839e+01 -1.28762710e+04  1.28e+04   1.52e+00     2.20e-02   153.534s
 699000 -3.28462966e+01 -1.28761813e+04  1.28e+04   1.66e+00     2.15e-02   153.746s
 700000 -3.28465223e+01 -1.28754554e+04  1.28e+04   5.27e-02     8.06e-02   153.960s
 701000 -3.28466078e+01 -1.28745968e+04  1.28e+04   5.26e-02     6.41e-02   154.172s
 702000 -3.28466926e+01 -1.28737339e+04  1.28e+04   5.27e-02     6.32e-02   154.384s
 703000 -3.28467757e+01 -1.28728706e+04  1.28e+04   5.27e-02     6.23e-02   154.595s
 704000 -3.28468586e+01 -1.28720111e+04  1.28e+04   5.27e-02     6.23e-02   154.808s
 705000 -3.28469420e+01 -1.28711541e+04  1.28e+04   5.27e-02     6.26e-02   155.020s
 706000 -3.28470257e+01 -1.28702960e+04  1.28e+04   5.26e-02     6.21e-02   155.232s
 707000 -3.28471093e+01 -1.28694375e+04  1.28e+04   5.26e-02     6.22e-02   155.444s
 708000 -3.28471927e+01 -1.28685790e+04  1.28e+04   5.26e-02     6.21e-02   155.655s
 709000 -3.28472760e+01 -1.28677211e+04  1.28e+04   5.26e-02     6.20e-02   155.867s
 710000 -3.28473591e+01 -1.28668630e+04  1.28e+04   5.26e-02     6.21e-02   156.080s
 711000 -3.28474418e+01 -1.28660048e+04  1.28e+04   5.26e-02     6.20e-02   156.292s
 712000 -3.28475246e+01 -1.28651473e+04  1.28e+04   5.26e-02     1.73e-01   156.504s
 713000 -3.28476080e+01 -1.28642897e+04  1.28e+04   5.26e-02     1.72e-01   156.716s
 714000 -3.28476911e+01 -1.28634313e+04  1.28e+04   5.26e-02     7.16e-02   156.928s
 715000 -3.28477732e+01 -1.28625722e+04  1.28e+04   5.26e-02     1.43e-01   157.140s
 716000 -3.28478550e+01 -1.28617139e+04  1.28e+04   5.26e-02     6.20e-02   157.351s
 717000 -3.28479379e+01 -1.28608595e+04  1.28e+04   5.26e-02     1.51e-01   157.563s
 718000 -3.28480219e+01 -1.28600026e+04  1.28e+04   5.26e-02     1.09e-01   157.775s
 719000 -3.28481051e+01 -1.28591419e+04  1.28e+04   5.26e-02     8.62e-02   157.987s
 720000 -3.28481867e+01 -1.28582810e+04  1.28e+04   5.26e-02     1.07e-01   158.199s
 721000 -3.28482683e+01 -1.28574254e+04  1.28e+04   5.26e-02     7.05e-02   158.411s
 722000 -3.28483515e+01 -1.28565716e+04  1.28e+04   5.26e-02     1.31e-01   158.623s
 723000 -3.28484354e+01 -1.28557133e+04  1.28e+04   5.26e-02     7.49e-02   158.834s
 724000 -3.28485181e+01 -1.28548517e+04  1.28e+04   5.26e-02     9.18e-02   159.046s
 725000 -3.28485996e+01 -1.28539925e+04  1.28e+04   5.26e-02     8.21e-02   159.258s
 726000 -3.28486816e+01 -1.28531379e+04  1.28e+04   5.26e-02     8.19e-02   159.470s
 727000 -3.28487651e+01 -1.28522825e+04  1.28e+04   5.26e-02     1.10e-01   159.682s
 728000 -3.28488485e+01 -1.28514227e+04  1.28e+04   5.26e-02     6.26e-02   159.894s
 729000 -3.28489306e+01 -1.28505622e+04  1.28e+04   5.26e-02     9.05e-02   160.105s
 730000 -3.28490122e+01 -1.28497049e+04  1.28e+04   5.26e-02     6.71e-02   160.317s
 731000 -3.28490949e+01 -1.28488506e+04  1.28e+04   6.57e-02     8.89e-02   160.529s
 732000 -3.28491786e+01 -1.28479939e+04  1.28e+04   5.84e-02     9.18e-02   160.742s
 733000 -3.28492617e+01 -1.28471334e+04  1.28e+04   5.81e-02     6.37e-02   160.953s
 734000 -3.28493437e+01 -1.28462735e+04  1.28e+04   5.30e-02     8.49e-02   161.165s
 735000 -3.28494256e+01 -1.28454177e+04  1.28e+04   5.30e-02     6.21e-02   161.378s
 736000 -3.28495085e+01 -1.28445621e+04  1.28e+04   5.47e-02     9.03e-02   161.590s
 737000 -3.28495918e+01 -1.28437047e+04  1.28e+04   5.27e-02     7.68e-02   161.801s
 738000 -3.28496746e+01 -1.28428444e+04  1.28e+04   5.26e-02     6.86e-02   162.014s
 739000 -3.28497564e+01 -1.28419860e+04  1.28e+04   5.29e-02     7.72e-02   162.226s
 740000 -3.28498400e+01 -1.28411322e+04  1.28e+04   5.68e-02     6.67e-02   162.438s
 741000 -3.28499241e+01 -1.28402837e+04  1.28e+04   5.40e-02     8.78e-02   162.650s
 742000 -3.28500093e+01 -1.28394212e+04  1.28e+04   5.29e-02     6.68e-02   162.862s
 743000 -3.28500936e+01 -1.28385697e+04  1.28e+04   5.35e-02     7.30e-02   163.074s
 744000 -3.28501794e+01 -1.28377154e+04  1.28e+04   5.27e-02     6.99e-02   163.286s
 745000 -3.28502643e+01 -1.28368564e+04  1.28e+04   5.33e-02     6.91e-02   163.499s
 746000 -3.28503462e+01 -1.28359940e+04  1.28e+04   5.34e-02     8.27e-02   163.711s
 747000 -3.28504282e+01 -1.28351440e+04  1.28e+04   5.33e-02     6.28e-02   163.923s
 748000 -3.28505115e+01 -1.28342926e+04  1.28e+04   5.27e-02     7.42e-02   164.135s
 749000 -3.28505946e+01 -1.28334361e+04  1.28e+04   5.32e-02     6.40e-02   164.346s
 750000 -3.28506771e+01 -1.28325801e+04  1.28e+04   5.25e-02     7.34e-02   164.558s
 751000 -3.28507600e+01 -1.28317294e+04  1.28e+04   5.25e-02     7.51e-02   164.770s
 752000 -3.28508437e+01 -1.28308748e+04  1.28e+04   5.26e-02     6.26e-02   164.982s
 753000 -3.28509266e+01 -1.28300176e+04  1.28e+04   5.27e-02     7.22e-02   165.193s
 754000 -3.28510083e+01 -1.28291604e+04  1.28e+04   5.26e-02     6.19e-02   165.405s
 755000 -3.28510904e+01 -1.28283095e+04  1.28e+04   5.27e-02     7.54e-02   165.617s
 756000 -3.28511738e+01 -1.28274579e+04  1.28e+04   5.37e-02     6.86e-02   165.829s
 757000 -3.28512571e+01 -1.28266013e+04  1.28e+04   5.36e-02     6.48e-02   166.041s
 758000 -3.28513393e+01 -1.28257437e+04  1.28e+04   5.38e-02     6.90e-02   166.253s
 759000 -3.28514214e+01 -1.28248911e+04  1.28e+04   5.31e-02     6.29e-02   166.465s
 760000 -3.28515044e+01 -1.28240386e+04  1.28e+04   5.27e-02     7.48e-02   166.677s
 761000 -3.28515878e+01 -1.28231840e+04  1.28e+04   5.27e-02     6.42e-02   166.889s
 762000 -3.28516703e+01 -1.28223267e+04  1.28e+04   5.27e-02     6.69e-02   167.100s
 763000 -3.28517523e+01 -1.28214719e+04  1.28e+04   5.27e-02     6.56e-02   167.313s
 764000 -3.28518348e+01 -1.28206203e+04  1.28e+04   5.27e-02     6.53e-02   167.524s
 765000 -3.28519182e+01 -1.28197672e+04  1.28e+04   5.27e-02     7.25e-02   167.736s
 766000 -3.28520013e+01 -1.28189102e+04  1.28e+04   5.26e-02     6.20e-02   167.948s
 767000 -3.28520836e+01 -1.28180546e+04  1.28e+04   5.26e-02     6.79e-02   168.160s
 768000 -3.28521656e+01 -1.28172003e+04  1.28e+04   5.27e-02     6.30e-02   168.372s
 769000 -3.28522482e+01 -1.28163480e+04  1.28e+04   5.31e-02     6.78e-02   168.584s
 770000 -3.28523310e+01 -1.28154931e+04  1.28e+04   5.26e-02     6.93e-02   168.796s
 771000 -3.28524136e+01 -1.28146377e+04  1.28e+04   5.25e-02     6.21e-02   169.008s
 772000 -3.28524958e+01 -1.28137828e+04  1.28e+04   5.32e-02     6.75e-02   169.220s
 773000 -3.28525782e+01 -1.28129293e+04  1.28e+04   5.26e-02     6.18e-02   169.432s
 774000 -3.28526609e+01 -1.28120757e+04  1.28e+04   5.25e-02     6.93e-02   169.644s
 775000 -3.28527437e+01 -1.28112206e+04  1.28e+04   5.27e-02     6.60e-02   169.856s
 776000 -3.28528261e+01 -1.28103647e+04  1.28e+04   5.25e-02     6.34e-02   170.068s
 777000 -3.28529081e+01 -1.28095105e+04  1.28e+04   5.27e-02     6.61e-02   170.280s
 778000 -3.28529905e+01 -1.28086571e+04  1.28e+04   5.27e-02     6.23e-02   170.493s
 779000 -3.28530732e+01 -1.28078035e+04  1.28e+04   5.25e-02     6.95e-02   170.705s
 780000 -3.28531561e+01 -1.28069486e+04  1.28e+04   5.26e-02     6.32e-02   170.917s
 781000 -3.28532386e+01 -1.28060929e+04  1.28e+04   5.25e-02     6.47e-02   171.129s
 782000 -3.28533207e+01 -1.28052384e+04  1.28e+04   5.25e-02     6.43e-02   171.341s
 783000 -3.28534030e+01 -1.28043846e+04  1.28e+04   5.25e-02     6.38e-02   171.553s
 784000 -3.28534855e+01 -1.28035309e+04  1.28e+04   5.26e-02     6.86e-02   171.765s
 785000 -3.28535682e+01 -1.28026759e+04  1.28e+04   5.25e-02     6.20e-02   171.977s
 786000 -3.28536506e+01 -1.28018211e+04  1.28e+04   5.26e-02     6.54e-02   172.189s
 787000 -3.28537328e+01 -1.28009669e+04  1.28e+04   5.25e-02     6.26e-02   172.401s
 788000 -3.28538153e+01 -1.28001132e+04  1.28e+04   5.26e-02     6.54e-02   172.614s
 789000 -3.28538980e+01 -1.27992585e+04  1.28e+04   5.25e-02     6.67e-02   172.826s
 790000 -3.28539805e+01 -1.27984032e+04  1.28e+04   5.25e-02     6.20e-02   173.038s
 791000 -3.28540626e+01 -1.27975484e+04  1.28e+04   5.25e-02     6.54e-02   173.250s
 792000 -3.28541447e+01 -1.27966946e+04  1.28e+04   5.26e-02     6.19e-02   173.462s
 793000 -3.28542273e+01 -1.27958412e+04  1.28e+04   5.25e-02     6.65e-02   173.673s
 794000 -3.28543101e+01 -1.27949866e+04  1.28e+04   5.25e-02     6.46e-02   173.886s
 795000 -3.28543926e+01 -1.27941312e+04  1.28e+04   5.25e-02     6.26e-02   174.098s
 796000 -3.28544748e+01 -1.27932765e+04  1.28e+04   5.25e-02     6.47e-02   174.310s
 797000 -3.28545570e+01 -1.27924223e+04  1.28e+04   5.25e-02     6.21e-02   174.522s
 798000 -3.28546394e+01 -1.27915685e+04  1.28e+04   5.25e-02     6.69e-02   174.734s
 799000 -3.28547220e+01 -1.27907140e+04  1.28e+04   5.25e-02     6.29e-02   174.946s
 800000 -3.28548044e+01 -1.27898592e+04  1.28e+04   5.25e-02     6.36e-02   175.158s
 801000 -3.28548866e+01 -1.27890046e+04  1.28e+04   5.25e-02     6.35e-02   175.370s
 802000 -3.28549689e+01 -1.27881505e+04  1.28e+04   5.25e-02     6.30e-02   175.582s
 803000 -3.28550514e+01 -1.27872962e+04  1.28e+04   5.25e-02     6.64e-02   175.794s
 804000 -3.28551339e+01 -1.27864415e+04  1.28e+04   5.25e-02     6.20e-02   176.006s
 805000 -3.28552160e+01 -1.27855865e+04  1.28e+04   5.25e-02     6.43e-02   176.218s
 806000 -3.28552980e+01 -1.27847320e+04  1.28e+04   5.25e-02     6.25e-02   176.430s
 807000 -3.28553802e+01 -1.27838782e+04  1.28e+04   5.25e-02     6.41e-02   176.641s
 808000 -3.28554627e+01 -1.27830242e+04  1.28e+04   5.25e-02     6.52e-02   176.853s
 809000 -3.28555452e+01 -1.27821694e+04  1.27e+04   5.25e-02     6.18e-02   177.066s
 810000 -3.28556273e+01 -1.27813142e+04  1.27e+04   5.25e-02     6.43e-02   177.278s
 811000 -3.28557093e+01 -1.27804597e+04  1.27e+04   5.25e-02     6.19e-02   177.490s
 812000 -3.28557915e+01 -1.27796058e+04  1.27e+04   5.25e-02     6.50e-02   177.702s
 813000 -3.28558739e+01 -1.27787516e+04  1.27e+04   5.25e-02     6.38e-02   177.914s
 814000 -3.28559562e+01 -1.27778969e+04  1.27e+04   5.25e-02     6.23e-02   178.125s
 815000 -3.28560382e+01 -1.27770419e+04  1.27e+04   5.26e-02     6.38e-02   178.337s
 816000 -3.28561165e+01 -1.27761885e+04  1.27e+04   5.59e-02     6.82e-02   178.549s
 817000 -3.28562007e+01 -1.27753473e+04  1.27e+04   6.05e-02     7.37e-02   178.761s
 818000 -3.28562864e+01 -1.27744943e+04  1.27e+04   5.26e-02     7.00e-02   178.974s
 819000 -3.28563693e+01 -1.27736350e+04  1.27e+04   5.30e-02     6.55e-02   179.186s
 820000 -3.28564502e+01 -1.27727809e+04  1.27e+04   5.27e-02     6.37e-02   179.398s
 821000 -3.28565317e+01 -1.27719325e+04  1.27e+04   5.42e-02     6.36e-02   179.610s
 822000 -3.28566145e+01 -1.27710874e+04  1.27e+04   5.32e-02     6.53e-02   179.822s
 823000 -3.28566987e+01 -1.27702430e+04  1.27e+04   5.28e-02     6.24e-02   180.034s
 824000 -3.28567851e+01 -1.27694003e+04  1.27e+04   5.24e-02     6.31e-02   180.245s
 825000 -3.28568709e+01 -1.27685454e+04  1.27e+04   5.31e-02     6.19e-02   180.457s
 826000 -3.28569531e+01 -1.27676900e+04  1.27e+04   5.26e-02     6.32e-02   180.669s
 827000 -3.28570340e+01 -1.27668413e+04  1.27e+04   5.30e-02     6.49e-02   180.881s
 828000 -3.28571159e+01 -1.27659973e+04  1.27e+04   5.23e-02     6.24e-02   181.094s
 829000 -3.28571984e+01 -1.27651521e+04  1.27e+04   5.25e-02     6.33e-02   181.305s
 830000 -3.28572808e+01 -1.27643029e+04  1.27e+04   5.24e-02     6.15e-02   181.517s
 831000 -3.28573630e+01 -1.27634551e+04  1.27e+04   5.27e-02     6.34e-02   181.729s
 832000 -3.28574456e+01 -1.27626096e+04  1.27e+04   5.24e-02     6.29e-02   181.941s
 833000 -3.28575283e+01 -1.27617611e+04  1.27e+04   5.27e-02     6.19e-02   182.153s
 834000 -3.28576105e+01 -1.27609113e+04  1.27e+04   5.24e-02     6.29e-02   182.365s
 835000 -3.28576919e+01 -1.27600628e+04  1.27e+04   5.24e-02     6.18e-02   182.578s
 836000 -3.28577735e+01 -1.27592172e+04  1.27e+04   5.24e-02     6.40e-02   182.790s
 837000 -3.28578560e+01 -1.27583723e+04  1.27e+04   5.24e-02     6.22e-02   183.002s
 838000 -3.28579388e+01 -1.27575233e+04  1.27e+04   5.24e-02     6.20e-02   183.214s
 839000 -3.28580209e+01 -1.27566745e+04  1.27e+04   5.25e-02     6.23e-02   183.426s
 840000 -3.28581030e+01 -1.27558270e+04  1.27e+04   5.24e-02     6.19e-02   183.638s
 841000 -3.28581855e+01 -1.27549804e+04  1.27e+04   5.23e-02     6.36e-02   183.850s
 842000 -3.28582679e+01 -1.27541326e+04  1.27e+04   5.26e-02     6.18e-02   184.062s
 843000 -3.28583498e+01 -1.27532832e+04  1.27e+04   5.24e-02     6.26e-02   184.275s
 844000 -3.28584314e+01 -1.27524358e+04  1.27e+04   5.24e-02     6.20e-02   184.487s
 845000 -3.28585134e+01 -1.27515894e+04  1.27e+04   5.23e-02     6.24e-02   184.699s
 846000 -3.28585959e+01 -1.27507433e+04  1.27e+04   5.24e-02     6.30e-02   184.911s
 847000 -3.28586785e+01 -1.27498954e+04  1.27e+04   5.24e-02     6.14e-02   185.123s
 848000 -3.28587610e+01 -1.27490495e+04  1.27e+04   5.24e-02     6.31e-02   185.335s
 849000 -3.28588447e+01 -1.27482067e+04  1.27e+04   5.23e-02     6.18e-02   185.547s
 850000 -3.28589277e+01 -1.27473524e+04  1.27e+04   5.26e-02     6.31e-02   185.759s
 851000 -3.28590087e+01 -1.27465020e+04  1.27e+04   5.23e-02     6.29e-02   185.971s
 852000 -3.28590897e+01 -1.27456587e+04  1.27e+04   5.23e-02     6.21e-02   186.183s
 853000 -3.28591723e+01 -1.27448159e+04  1.27e+04   5.28e-02     6.29e-02   186.394s
 854000 -3.28592552e+01 -1.27439681e+04  1.27e+04   5.30e-02     6.16e-02   186.606s
 855000 -3.28593373e+01 -1.27431179e+04  1.27e+04   5.23e-02     6.34e-02   186.818s
 856000 -3.28594188e+01 -1.27422711e+04  1.27e+04   5.23e-02     6.20e-02   187.030s
 857000 -3.28595008e+01 -1.27414283e+04  1.27e+04   5.23e-02     6.21e-02   187.242s
 858000 -3.28595836e+01 -1.27405814e+04  1.27e+04   5.23e-02     6.21e-02   187.454s
 859000 -3.28596660e+01 -1.27397319e+04  1.27e+04   5.24e-02     6.19e-02   187.666s
 860000 -3.28597475e+01 -1.27388836e+04  1.27e+04   5.23e-02     6.33e-02   187.878s
 861000 -3.28598291e+01 -1.27380392e+04  1.27e+04   5.23e-02     6.17e-02   188.089s
 862000 -3.28599113e+01 -1.27371942e+04  1.27e+04   5.23e-02     6.24e-02   188.301s
 863000 -3.28599938e+01 -1.27363464e+04  1.27e+04   5.23e-02     6.17e-02   188.513s
 864000 -3.28600757e+01 -1.27354976e+04  1.27e+04   5.23e-02     6.23e-02   188.725s
 865000 -3.28601574e+01 -1.27346516e+04  1.27e+04   5.24e-02     6.28e-02   188.937s
 866000 -3.28602397e+01 -1.27338071e+04  1.27e+04   5.23e-02     6.15e-02   189.149s
 867000 -3.28603221e+01 -1.27329597e+04  1.27e+04   5.23e-02     6.24e-02   189.361s
 868000 -3.28604040e+01 -1.27321114e+04  1.27e+04   5.23e-02     6.16e-02   189.573s
 869000 -3.28604856e+01 -1.27312636e+04  1.27e+04   5.24e-02     6.28e-02   189.785s
 870000 -3.28605675e+01 -1.27304192e+04  1.27e+04   5.23e-02     6.23e-02   189.997s
 871000 -3.28606498e+01 -1.27295733e+04  1.27e+04   5.23e-02     6.16e-02   190.209s
 872000 -3.28607322e+01 -1.27287262e+04  1.27e+04   5.25e-02     6.21e-02   190.420s
 873000 -3.28608141e+01 -1.27278777e+04  1.27e+04   5.25e-02     6.15e-02   190.632s
 874000 -3.28608959e+01 -1.27270312e+04  1.27e+04   5.24e-02     6.28e-02   190.844s
 875000 -3.28609780e+01 -1.27261865e+04  1.27e+04   5.24e-02     6.19e-02   191.056s
 876000 -3.28610602e+01 -1.27253388e+04  1.27e+04   5.24e-02     6.20e-02   191.269s
 877000 -3.28611421e+01 -1.27244910e+04  1.27e+04   5.23e-02     6.20e-02   191.481s
 878000 -3.28612237e+01 -1.27236437e+04  1.27e+04   5.23e-02     6.18e-02   191.693s
 879000 -3.28613057e+01 -1.27227991e+04  1.27e+04   5.23e-02     6.27e-02   191.905s
 880000 -3.28613880e+01 -1.27219527e+04  1.27e+04   5.23e-02     6.15e-02   192.117s
 881000 -3.28614704e+01 -1.27211053e+04  1.27e+04   5.23e-02     6.20e-02   192.328s
 882000 -3.28615521e+01 -1.27202569e+04  1.27e+04   5.23e-02     6.17e-02   192.540s
 883000 -3.28616338e+01 -1.27194106e+04  1.27e+04   5.23e-02     6.21e-02   192.752s
 884000 -3.28617158e+01 -1.27185650e+04  1.27e+04   5.23e-02     6.25e-02   192.965s
 885000 -3.28617980e+01 -1.27177185e+04  1.27e+04   5.24e-02     6.15e-02   193.177s
 886000 -3.28618801e+01 -1.27168712e+04  1.27e+04   5.24e-02     6.21e-02   193.389s
 887000 -3.28619618e+01 -1.27160235e+04  1.27e+04   5.24e-02     6.15e-02   193.601s
 888000 -3.28620437e+01 -1.27151780e+04  1.27e+04   5.23e-02     6.23e-02   193.813s
 889000 -3.28621259e+01 -1.27143317e+04  1.27e+04   5.23e-02     6.21e-02   194.026s
 890000 -3.28622081e+01 -1.27134849e+04  1.27e+04   5.23e-02     6.16e-02   194.237s
 891000 -3.28622899e+01 -1.27126368e+04  1.27e+04   5.23e-02     6.20e-02   194.449s
 892000 -3.28623716e+01 -1.27117901e+04  1.27e+04   5.23e-02     6.15e-02   194.661s
 893000 -3.28624535e+01 -1.27109443e+04  1.27e+04   5.23e-02     6.25e-02   194.873s
 894000 -3.28625360e+01 -1.27101012e+04  1.27e+04   5.23e-02     6.18e-02   195.085s
 895000 -3.28626199e+01 -1.27092576e+04  1.27e+04   5.23e-02     6.17e-02   195.297s
 896000 -3.28627026e+01 -1.27084051e+04  1.27e+04   5.26e-02     6.17e-02   195.509s
 897000 -3.28627835e+01 -1.27075566e+04  1.27e+04   5.27e-02     6.19e-02   195.721s
 898000 -3.28628649e+01 -1.27067150e+04  1.27e+04   5.24e-02     6.26e-02   195.933s
 899000 -3.28629473e+01 -1.27058709e+04  1.27e+04   5.23e-02     6.19e-02   196.145s
 900000 -3.28630296e+01 -1.27050231e+04  1.27e+04   5.23e-02     6.19e-02   196.357s
 901000 -3.28631112e+01 -1.27041758e+04  1.27e+04   5.23e-02     6.17e-02   196.569s
 902000 -3.28631924e+01 -1.27033295e+04  1.27e+04   5.23e-02     6.19e-02   196.781s
 903000 -3.28632745e+01 -1.27024883e+04  1.27e+04   5.24e-02     6.21e-02   196.993s
 904000 -3.28633573e+01 -1.27016424e+04  1.27e+04   5.23e-02     6.14e-02   197.205s
 905000 -3.28634396e+01 -1.27007936e+04  1.27e+04   5.23e-02     6.18e-02   197.417s
 906000 -3.28635208e+01 -1.26999462e+04  1.27e+04   5.23e-02     6.16e-02   197.629s
 907000 -3.28636021e+01 -1.26991014e+04  1.27e+04   5.23e-02     6.21e-02   197.841s
 908000 -3.28636842e+01 -1.26982593e+04  1.27e+04   5.23e-02     6.20e-02   198.053s
 909000 -3.28637665e+01 -1.26974115e+04  1.27e+04   5.23e-02     6.15e-02   198.265s
 910000 -3.28638483e+01 -1.26965641e+04  1.27e+04   5.23e-02     6.18e-02   198.477s
 911000 -3.28639301e+01 -1.26957208e+04  1.27e+04   6.20e-02     6.15e-02   198.689s
 912000 -3.28640131e+01 -1.26948780e+04  1.27e+04   6.08e-02     6.20e-02   198.901s
 913000 -3.28640956e+01 -1.26940296e+04  1.27e+04   5.45e-02     6.17e-02   199.113s
 914000 -3.28641771e+01 -1.26931810e+04  1.27e+04   5.29e-02     6.17e-02   199.325s
 915000 -3.28642583e+01 -1.26923361e+04  1.27e+04   5.24e-02     6.19e-02   199.537s
 916000 -3.28643402e+01 -1.26914938e+04  1.27e+04   5.23e-02     6.17e-02   199.749s
 917000 -3.28644225e+01 -1.26906478e+04  1.27e+04   5.23e-02     6.21e-02   199.961s
 918000 -3.28645046e+01 -1.26898012e+04  1.27e+04   5.23e-02     6.15e-02   200.173s
 919000 -3.28645863e+01 -1.26889549e+04  1.27e+04   5.23e-02     6.17e-02   200.385s
 920000 -3.28646681e+01 -1.26881105e+04  1.27e+04   5.24e-02     6.16e-02   200.597s
 921000 -3.28647503e+01 -1.26872663e+04  1.27e+04   5.23e-02     6.17e-02   200.809s
 922000 -3.28648325e+01 -1.26864193e+04  1.27e+04   5.23e-02     6.21e-02   201.020s
 923000 -3.28649139e+01 -1.26855717e+04  1.27e+04   5.23e-02     6.16e-02   201.232s
 924000 -3.28649953e+01 -1.26847267e+04  1.27e+04   5.23e-02     6.19e-02   201.444s
 925000 -3.28650769e+01 -1.26838828e+04  1.27e+04   5.24e-02     6.16e-02   201.656s
 926000 -3.28651590e+01 -1.26830381e+04  1.27e+04   5.23e-02     6.18e-02   201.868s
 927000 -3.28652411e+01 -1.26821914e+04  1.26e+04   5.23e-02     6.18e-02   202.080s
 928000 -3.28653229e+01 -1.26813457e+04  1.26e+04   5.23e-02     6.15e-02   202.292s
 929000 -3.28654046e+01 -1.26805001e+04  1.26e+04   5.23e-02     6.18e-02   202.503s
 930000 -3.28654865e+01 -1.26796550e+04  1.26e+04   5.23e-02     6.15e-02   202.715s
 931000 -3.28655683e+01 -1.26788094e+04  1.26e+04   5.23e-02     6.22e-02   202.927s
 932000 -3.28656499e+01 -1.26779629e+04  1.26e+04   5.23e-02     6.18e-02   203.139s
 933000 -3.28657315e+01 -1.26771176e+04  1.26e+04   5.23e-02     6.17e-02   203.351s
 934000 -3.28658132e+01 -1.26762731e+04  1.26e+04   5.23e-02     6.17e-02   203.563s
 935000 -3.28658952e+01 -1.26754283e+04  1.26e+04   5.23e-02     6.15e-02   203.775s
 936000 -3.28659772e+01 -1.26745822e+04  1.26e+04   5.24e-02     6.20e-02   203.987s
 937000 -3.28660591e+01 -1.26737360e+04  1.26e+04   5.23e-02     6.16e-02   204.198s
 938000 -3.28661407e+01 -1.26728902e+04  1.26e+04   5.23e-02     6.18e-02   204.411s
 939000 -3.28662223e+01 -1.26720452e+04  1.26e+04   5.23e-02     6.17e-02   204.623s
 940000 -3.28663040e+01 -1.26711991e+04  1.26e+04   5.23e-02     6.17e-02   204.835s
 941000 -3.28663857e+01 -1.26703542e+04  1.26e+04   5.23e-02     6.20e-02   205.047s
 942000 -3.28664674e+01 -1.26695083e+04  1.26e+04   5.23e-02     6.14e-02   205.259s
 943000 -3.28665492e+01 -1.26686631e+04  1.26e+04   5.23e-02     6.17e-02   205.471s
 944000 -3.28666311e+01 -1.26678183e+04  1.26e+04   5.23e-02     6.15e-02   205.683s
 945000 -3.28667128e+01 -1.26669720e+04  1.26e+04   5.23e-02     6.18e-02   205.895s
 946000 -3.28667945e+01 -1.26661262e+04  1.26e+04   5.23e-02     6.19e-02   206.107s
 947000 -3.28668761e+01 -1.26652780e+04  1.26e+04   5.24e-02     6.16e-02   206.318s
 948000 -3.28669576e+01 -1.26644333e+04  1.26e+04   5.23e-02     6.18e-02   206.530s
 949000 -3.28670390e+01 -1.26635872e+04  1.26e+04   5.24e-02     6.15e-02   206.743s
 950000 -3.28671205e+01 -1.26627421e+04  1.26e+04   5.23e-02     6.20e-02   206.954s
 951000 -3.28672020e+01 -1.26618965e+04  1.26e+04   5.24e-02     6.17e-02   207.166s
 952000 -3.28672836e+01 -1.26610509e+04  1.26e+04   5.23e-02     6.15e-02   207.379s
 953000 -3.28673652e+01 -1.26602057e+04  1.26e+04   5.23e-02     6.17e-02   207.591s
 954000 -3.28674467e+01 -1.26593600e+04  1.26e+04   5.25e-02     6.15e-02   207.803s
 955000 -3.28675281e+01 -1.26585142e+04  1.26e+04   5.23e-02     6.20e-02   208.015s
 956000 -3.28676096e+01 -1.26576684e+04  1.26e+04   5.23e-02     6.16e-02   208.227s
 957000 -3.28676911e+01 -1.26568232e+04  1.26e+04   5.24e-02     6.17e-02   208.439s
 958000 -3.28677725e+01 -1.26559772e+04  1.26e+04   5.23e-02     6.17e-02   208.651s
 959000 -3.28678539e+01 -1.26551326e+04  1.26e+04   5.25e-02     6.16e-02   208.863s
 960000 -3.28679354e+01 -1.26542869e+04  1.26e+04   5.25e-02     6.19e-02   209.075s
 961000 -3.28680170e+01 -1.26534418e+04  1.26e+04   5.23e-02     6.14e-02   209.287s
 962000 -3.28680986e+01 -1.26525958e+04  1.26e+04   5.24e-02     6.17e-02   209.498s
 963000 -3.28681800e+01 -1.26517500e+04  1.26e+04   5.23e-02     6.15e-02   209.710s
 964000 -3.28682614e+01 -1.26509095e+04  1.26e+04   5.28e-02     6.19e-02   209.922s
 965000 -3.28683449e+01 -1.26500664e+04  1.26e+04   5.29e-02     6.16e-02   210.135s
 966000 -3.28684276e+01 -1.26492166e+04  1.26e+04   5.23e-02     6.14e-02   210.347s
 967000 -3.28685089e+01 -1.26483667e+04  1.26e+04   5.26e-02     6.19e-02   210.559s
 968000 -3.28685890e+01 -1.26475198e+04  1.26e+04   5.22e-02     6.17e-02   210.770s
 969000 -3.28686695e+01 -1.26466769e+04  1.26e+04   5.23e-02     6.20e-02   210.982s
 970000 -3.28687515e+01 -1.26458374e+04  1.26e+04   5.26e-02     6.18e-02   211.194s
 971000 -3.28688337e+01 -1.26449911e+04  1.26e+04   5.23e-02     6.14e-02   211.406s
 972000 -3.28689148e+01 -1.26441421e+04  1.26e+04   5.23e-02     6.16e-02   211.618s
 973000 -3.28689955e+01 -1.26432974e+04  1.26e+04   5.22e-02     6.15e-02   211.830s
 974000 -3.28690768e+01 -1.26424555e+04  1.26e+04   5.22e-02     6.17e-02   212.042s
 975000 -3.28691587e+01 -1.26416121e+04  1.26e+04   5.25e-02     6.16e-02   212.254s
 976000 -3.28692405e+01 -1.26407635e+04  1.26e+04   5.24e-02     6.16e-02   212.466s
 977000 -3.28693213e+01 -1.26399161e+04  1.26e+04   5.23e-02     6.17e-02   212.678s
 978000 -3.28694017e+01 -1.26390722e+04  1.26e+04   5.23e-02     6.17e-02   212.890s
 979000 -3.28694830e+01 -1.26382300e+04  1.26e+04   5.24e-02     6.18e-02   213.102s
 980000 -3.28695650e+01 -1.26373860e+04  1.26e+04   5.24e-02     6.14e-02   213.313s
 981000 -3.28696468e+01 -1.26365390e+04  1.26e+04   5.23e-02     6.15e-02   213.525s
 982000 -3.28697277e+01 -1.26356917e+04  1.26e+04   5.23e-02     6.15e-02   213.737s
 983000 -3.28698087e+01 -1.26348473e+04  1.26e+04   5.23e-02     6.17e-02   213.949s
 984000 -3.28698900e+01 -1.26340043e+04  1.26e+04   5.24e-02     6.18e-02   214.161s
 985000 -3.28699715e+01 -1.26331590e+04  1.26e+04   5.22e-02     6.15e-02   214.373s
 986000 -3.28700528e+01 -1.26323122e+04  1.26e+04   5.23e-02     6.17e-02   214.585s
 987000 -3.28701337e+01 -1.26314662e+04  1.26e+04   5.23e-02     6.15e-02   214.797s
 988000 -3.28702148e+01 -1.26306234e+04  1.26e+04   5.23e-02     6.16e-02   215.008s
 989000 -3.28702964e+01 -1.26297788e+04  1.26e+04   5.22e-02     6.15e-02   215.220s
 990000 -3.28703781e+01 -1.26289335e+04  1.26e+04   5.23e-02     6.14e-02   215.433s
 991000 -3.28704593e+01 -1.26280867e+04  1.26e+04   5.22e-02     6.16e-02   215.645s
 992000 -3.28705402e+01 -1.26272407e+04  1.26e+04   5.22e-02     6.15e-02   215.857s
 993000 -3.28706212e+01 -1.26263971e+04  1.26e+04   5.22e-02     6.17e-02   216.069s
 994000 -3.28707025e+01 -1.26255530e+04  1.26e+04   5.23e-02     6.16e-02   216.281s
 995000 -3.28707840e+01 -1.26247080e+04  1.26e+04   5.22e-02     6.15e-02   216.492s
 996000 -3.28708652e+01 -1.26238611e+04  1.26e+04   5.23e-02     6.16e-02   216.704s
 997000 -3.28709462e+01 -1.26230163e+04  1.26e+04   5.22e-02     6.15e-02   216.916s
 998000 -3.28710274e+01 -1.26221718e+04  1.26e+04   5.22e-02     6.17e-02   217.128s
 999000 -3.28711098e+01 -1.26213293e+04  1.26e+04   5.42e-02     6.14e-02   217.340s
1000000 -3.28711927e+01 -1.26204895e+04  1.26e+04   5.28e-02     6.11e-02   217.552s
1001000 -3.28712758e+01 -1.26196449e+04  1.26e+04   5.33e-02     6.12e-02   217.764s
1002000 -3.28713576e+01 -1.26187948e+04  1.26e+04   5.22e-02     6.17e-02   217.976s
1003000 -3.28714384e+01 -1.26179474e+04  1.26e+04   5.24e-02     6.19e-02   218.189s
1004000 -3.28715188e+01 -1.26171031e+04  1.26e+04   5.23e-02     6.18e-02   218.401s
1005000 -3.28715999e+01 -1.26162610e+04  1.26e+04   5.22e-02     6.19e-02   218.613s
1006000 -3.28716816e+01 -1.26154152e+04  1.26e+04   5.22e-02     6.15e-02   218.826s
1007000 -3.28717628e+01 -1.26145690e+04  1.26e+04   5.23e-02     6.15e-02   219.037s
1008000 -3.28718440e+01 -1.26137270e+04  1.26e+04   5.23e-02     6.14e-02   219.249s
1009000 -3.28719254e+01 -1.26128848e+04  1.26e+04   5.23e-02     6.14e-02   219.462s
1010000 -3.28720072e+01 -1.26120407e+04  1.26e+04   5.22e-02     6.15e-02   219.674s
1011000 -3.28720885e+01 -1.26111930e+04  1.26e+04   5.23e-02     6.16e-02   219.886s
1012000 -3.28721691e+01 -1.26103443e+04  1.26e+04   5.22e-02     6.19e-02   220.098s
1013000 -3.28722494e+01 -1.26095013e+04  1.26e+04   5.23e-02     6.17e-02   220.310s
1014000 -3.28723304e+01 -1.26086613e+04  1.26e+04   5.23e-02     6.15e-02   220.522s
1015000 -3.28724120e+01 -1.26078178e+04  1.26e+04   5.22e-02     6.13e-02   220.734s
1016000 -3.28724935e+01 -1.26069724e+04  1.26e+04   5.23e-02     6.13e-02   220.946s
1017000 -3.28725745e+01 -1.26061255e+04  1.26e+04   5.22e-02     6.16e-02   221.158s
1018000 -3.28726553e+01 -1.26052792e+04  1.26e+04   5.23e-02     6.15e-02   221.370s
1019000 -3.28727362e+01 -1.26044368e+04  1.26e+04   5.22e-02     6.17e-02   221.582s
1020000 -3.28728171e+01 -1.26035922e+04  1.26e+04   5.23e-02     6.17e-02   221.794s
1021000 -3.28728979e+01 -1.26027475e+04  1.26e+04   5.23e-02     6.17e-02   222.006s
1022000 -3.28729787e+01 -1.26019048e+04  1.26e+04   5.22e-02     6.16e-02   222.218s
1023000 -3.28730597e+01 -1.26010599e+04  1.26e+04   5.22e-02     6.13e-02   222.430s
1024000 -3.28731412e+01 -1.26002159e+04  1.26e+04   5.22e-02     6.14e-02   222.642s
1025000 -3.28732226e+01 -1.25993715e+04  1.26e+04   5.22e-02     6.13e-02   222.853s
1026000 -3.28733037e+01 -1.25985243e+04  1.26e+04   5.22e-02     6.16e-02   223.066s
1027000 -3.28733843e+01 -1.25976801e+04  1.26e+04   5.22e-02     6.17e-02   223.278s
1028000 -3.28734649e+01 -1.25968376e+04  1.26e+04   5.22e-02     6.16e-02   223.490s
1029000 -3.28735456e+01 -1.25959926e+04  1.26e+04   5.22e-02     6.17e-02   223.702s
1030000 -3.28736266e+01 -1.25951489e+04  1.26e+04   5.22e-02     6.14e-02   223.913s
1031000 -3.28737077e+01 -1.25943032e+04  1.26e+04   5.22e-02     6.16e-02   224.125s
1032000 -3.28737888e+01 -1.25934578e+04  1.26e+04   5.22e-02     6.14e-02   224.338s
1033000 -3.28738699e+01 -1.25926163e+04  1.26e+04   5.22e-02     6.14e-02   224.550s
1034000 -3.28739510e+01 -1.25917717e+04  1.26e+04   5.22e-02     6.15e-02   224.762s
1035000 -3.28740320e+01 -1.25909259e+04  1.26e+04   5.22e-02     6.16e-02   224.974s
1036000 -3.28741127e+01 -1.25900810e+04  1.26e+04   5.22e-02     6.18e-02   225.186s
1037000 -3.28741935e+01 -1.25892501e+04  1.26e+04   5.22e-02     6.16e-02   225.398s
1038000 -3.28742750e+01 -1.25883869e+04  1.26e+04   5.22e-02     6.21e-02   225.610s
1039000 -3.28743565e+01 -1.25875614e+04  1.26e+04   5.22e-02     6.23e-02   225.822s
1040000 -3.28744373e+01 -1.25867022e+04  1.26e+04   5.22e-02     6.20e-02   226.034s
1041000 -3.28745180e+01 -1.25858698e+04  1.26e+04   5.22e-02     6.17e-02   226.247s
1042000 -3.28745992e+01 -1.25850291e+04  1.26e+04   5.22e-02     6.16e-02   226.459s
1043000 -3.28746803e+01 -1.25841612e+04  1.26e+04   5.22e-02     6.21e-02   226.671s
1044000 -3.28747613e+01 -1.25833391e+04  1.26e+04   5.22e-02     6.20e-02   226.883s
1045000 -3.28748415e+01 -1.25824777e+04  1.25e+04   5.22e-02     6.19e-02   227.095s
1046000 -3.28749219e+01 -1.25816346e+04  1.25e+04   5.22e-02     6.17e-02   227.307s
1047000 -3.28750030e+01 -1.25808084e+04  1.25e+04   5.22e-02     6.16e-02   227.519s
1048000 -3.28750843e+01 -1.25799401e+04  1.25e+04   5.22e-02     6.17e-02   227.731s
1049000 -3.28751655e+01 -1.25791123e+04  1.25e+04   5.22e-02     6.15e-02   227.943s
1050000 -3.28752460e+01 -1.25782613e+04  1.25e+04   5.22e-02     6.16e-02   228.156s
1051000 -3.28753264e+01 -1.25774094e+04  1.25e+04   5.22e-02     6.17e-02   228.368s
1052000 -3.28754070e+01 -1.25765821e+04  1.25e+04   5.22e-02     6.18e-02   228.580s
1053000 -3.28754877e+01 -1.25757253e+04  1.25e+04   5.22e-02     6.17e-02   228.792s
1054000 -3.28755684e+01 -1.25748856e+04  1.25e+04   5.22e-02     6.15e-02   229.004s
1055000 -3.28756490e+01 -1.25740432e+04  1.25e+04   5.22e-02     6.16e-02   229.215s
1056000 -3.28757297e+01 -1.25731905e+04  1.25e+04   5.22e-02     6.14e-02   229.427s
1057000 -3.28758106e+01 -1.25723566e+04  1.25e+04   5.22e-02     6.15e-02   229.640s
1058000 -3.28758917e+01 -1.25715082e+04  1.25e+04   5.22e-02     6.14e-02   229.852s
1059000 -3.28759726e+01 -1.25706624e+04  1.25e+04   5.22e-02     6.15e-02   230.064s
1060000 -3.28760530e+01 -1.25698219e+04  1.25e+04   5.22e-02     6.17e-02   230.276s
1061000 -3.28761334e+01 -1.25689722e+04  1.25e+04   5.22e-02     6.16e-02   230.488s
1062000 -3.28762139e+01 -1.25681312e+04  1.25e+04   5.22e-02     6.17e-02   230.700s
1063000 -3.28762946e+01 -1.25672877e+04  1.25e+04   5.22e-02     6.15e-02   230.912s
1064000 -3.28763753e+01 -1.25664412e+04  1.25e+04   5.22e-02     6.15e-02   231.124s
1065000 -3.28764561e+01 -1.25655991e+04  1.25e+04   5.22e-02     6.15e-02   231.336s
1066000 -3.28765369e+01 -1.25647558e+04  1.25e+04   5.22e-02     6.13e-02   231.548s
1067000 -3.28766177e+01 -1.25639091e+04  1.25e+04   5.22e-02     6.15e-02   231.760s
1068000 -3.28766984e+01 -1.25630654e+04  1.25e+04   5.22e-02     6.15e-02   231.972s
1069000 -3.28767790e+01 -1.25622209e+04  1.25e+04   5.22e-02     6.17e-02   232.184s
1070000 -3.28768594e+01 -1.25613740e+04  1.25e+04   5.22e-02     6.17e-02   232.397s
1071000 -3.28769398e+01 -1.25605340e+04  1.25e+04   5.22e-02     6.15e-02   232.609s
1072000 -3.28770204e+01 -1.25596895e+04  1.25e+04   5.22e-02     6.15e-02   232.821s
1073000 -3.28771011e+01 -1.25588451e+04  1.25e+04   5.22e-02     6.14e-02   233.033s
1074000 -3.28771821e+01 -1.25580016e+04  1.25e+04   5.22e-02     6.15e-02   233.245s
1075000 -3.28772629e+01 -1.25571548e+04  1.25e+04   5.22e-02     6.14e-02   233.457s
1076000 -3.28773435e+01 -1.25563114e+04  1.25e+04   5.22e-02     6.15e-02   233.669s
1077000 -3.28774240e+01 -1.25554667e+04  1.25e+04   5.22e-02     6.15e-02   233.881s
1078000 -3.28775044e+01 -1.25546234e+04  1.25e+04   5.22e-02     6.16e-02   234.093s
1079000 -3.28775849e+01 -1.25537799e+04  1.25e+04   5.22e-02     6.17e-02   234.305s
1080000 -3.28776655e+01 -1.25529339e+04  1.25e+04   5.22e-02     6.15e-02   234.518s
1081000 -3.28777459e+01 -1.25520902e+04  1.25e+04   5.22e-02     6.15e-02   234.730s
1082000 -3.28778265e+01 -1.25512466e+04  1.25e+04   5.22e-02     6.13e-02   234.942s
1083000 -3.28779074e+01 -1.25504023e+04  1.25e+04   5.22e-02     6.14e-02   235.153s
1084000 -3.28779882e+01 -1.25495590e+04  1.25e+04   5.22e-02     6.14e-02   235.365s
1085000 -3.28780688e+01 -1.25487135e+04  1.25e+04   5.22e-02     6.14e-02   235.578s
1086000 -3.28781492e+01 -1.25478688e+04  1.25e+04   5.22e-02     6.16e-02   235.790s
1087000 -3.28782294e+01 -1.25470235e+04  1.25e+04   5.22e-02     6.16e-02   236.003s
1088000 -3.28783096e+01 -1.25461795e+04  1.25e+04   5.22e-02     6.16e-02   236.215s
1089000 -3.28783901e+01 -1.25453363e+04  1.25e+04   5.22e-02     6.15e-02   236.427s
1090000 -3.28784706e+01 -1.25444925e+04  1.25e+04   5.22e-02     6.14e-02   236.639s
1091000 -3.28785511e+01 -1.25436488e+04  1.25e+04   5.22e-02     6.14e-02   236.851s
1092000 -3.28786317e+01 -1.25428046e+04  1.25e+04   5.22e-02     6.13e-02   237.063s
1093000 -3.28786716e+01 -1.25079363e+04  1.25e+04   5.21e-02     6.02e+00   237.277s
1094000 -3.28786686e+01 -1.24218648e+04  1.24e+04   5.28e-02     6.25e+00   237.489s
1095000 -3.28786728e+01 -1.23362398e+04  1.23e+04   5.27e-02     6.07e+00   237.701s
1096000 -3.28786752e+01 -1.22507433e+04  1.22e+04   5.25e-02     5.98e+00   237.913s
1097000 -3.28786628e+01 -1.21657904e+04  1.21e+04   9.73e-02     7.63e+00   238.125s
1098000 -3.28786493e+01 -1.20819668e+04  1.20e+04   5.15e-02     2.32e+01   238.338s
1099000 -3.28786518e+01 -1.19983486e+04  1.20e+04   5.45e-02     1.48e+01   238.550s
1100000 -3.28786512e+01 -1.19150955e+04  1.19e+04   5.15e-02     1.28e+01   238.762s
1101000 -3.28786532e+01 -1.18321599e+04  1.18e+04   5.13e-02     9.14e+00   238.973s
1102000 -3.28786475e+01 -1.17494219e+04  1.17e+04   5.13e-02     8.53e+00   239.186s
1103000 -3.28786415e+01 -1.16677890e+04  1.16e+04   5.89e-02     1.16e+01   239.398s
1104000 -3.28786288e+01 -1.15861801e+04  1.16e+04   5.07e-02     9.83e+00   239.610s
1105000 -3.28786329e+01 -1.15053598e+04  1.15e+04   5.07e-02     1.04e+01   239.822s
1106000 -3.28786306e+01 -1.14248605e+04  1.14e+04   5.06e-02     7.67e+00   240.034s
1107000 -3.28786183e+01 -1.13450597e+04  1.13e+04   6.08e-02     7.83e+00   240.246s
1108000 -3.28785992e+01 -1.12662338e+04  1.12e+04   5.03e-02     8.57e+00   240.458s
1109000 -3.28785573e+01 -1.11890810e+04  1.12e+04   5.25e-02     2.03e+01   240.671s
1110000 -3.28785781e+01 -1.11132134e+04  1.11e+04   4.97e-02     1.95e+01   240.883s
1111000 -3.28785753e+01 -1.10379313e+04  1.10e+04   4.98e-02     1.94e+01   241.095s
1112000 -3.28785859e+01 -1.09624892e+04  1.09e+04   4.92e-02     1.70e+01   241.307s
1113000 -3.28785885e+01 -1.08878746e+04  1.09e+04   4.90e-02     1.61e+01   241.520s
1114000 -3.28785804e+01 -1.08129722e+04  1.08e+04   4.92e-02     1.42e+01   241.732s
1115000 -3.28785784e+01 -1.07388429e+04  1.07e+04   4.94e-02     1.55e+01   241.944s
1116000 -3.28785777e+01 -1.06649413e+04  1.06e+04   4.88e-02     1.35e+01   242.156s
1117000 -3.28785812e+01 -1.05917401e+04  1.06e+04   4.85e-02     1.34e+01   242.368s
1118000 -3.28785865e+01 -1.05185260e+04  1.05e+04   4.85e-02     1.15e+01   242.581s
1119000 -3.28785825e+01 -1.04454728e+04  1.04e+04   4.85e-02     1.07e+01   242.793s
1120000 -3.28785689e+01 -1.03729408e+04  1.03e+04   6.32e-02     1.92e+01   243.005s
1121000 -3.28785665e+01 -1.03003110e+04  1.03e+04   4.83e-02     2.07e+01   243.218s
1122000 -3.28785704e+01 -1.02285561e+04  1.02e+04   4.83e-02     2.08e+01   243.430s
1123000 -3.28785660e+01 -1.01562567e+04  1.01e+04   4.81e-02     1.71e+01   243.642s
1124000 -3.28785733e+01 -1.00844591e+04  1.01e+04   4.81e-02     1.41e+01   243.855s
1125000 -3.28785555e+01 -1.00128350e+04  9.98e+03   5.01e-02     1.53e+01   244.066s
1126000 -3.28785627e+01 -9.94165184e+03  9.91e+03   4.82e-02     1.75e+01   244.279s
1127000 -3.28785605e+01 -9.87094304e+03  9.84e+03   4.78e-02     1.82e+01   244.491s
1128000 -3.28785617e+01 -9.80032320e+03  9.77e+03   4.77e-02     1.57e+01   244.703s
1129000 -3.28785634e+01 -9.72970315e+03  9.70e+03   4.78e-02     1.25e+01   244.915s
1130000 -3.28785577e+01 -9.65948442e+03  9.63e+03   4.77e-02     1.27e+01   245.127s
1131000 -3.28785609e+01 -9.58952589e+03  9.56e+03   4.76e-02     1.43e+01   245.340s
1132000 -3.28785389e+01 -9.52001442e+03  9.49e+03   4.76e-02     2.03e+01   245.552s
1133000 -3.28785387e+01 -9.45021149e+03  9.42e+03   4.81e-02     2.28e+01   245.764s
1134000 -3.28785438e+01 -9.38100614e+03  9.35e+03   4.73e-02     1.75e+01   245.976s
1135000 -3.28785379e+01 -9.31211398e+03  9.28e+03   5.29e-02     1.25e+01   246.189s
1136000 -3.28785353e+01 -9.24350039e+03  9.21e+03   4.71e-02     2.22e+01   246.400s
1137000 -3.28785317e+01 -9.17502805e+03  9.14e+03   4.71e-02     1.79e+01   246.613s
1138000 -3.28785283e+01 -9.10664959e+03  9.07e+03   4.71e-02     1.25e+01   246.825s
1139000 -3.28785356e+01 -9.03854661e+03  9.01e+03   4.70e-02     1.74e+01   247.037s
1140000 -3.28785337e+01 -8.97056021e+03  8.94e+03   4.73e-02     1.28e+01   247.249s
1141000 -3.28785383e+01 -8.90252608e+03  8.87e+03   4.69e-02     1.36e+01   247.461s
1142000 -3.28785366e+01 -8.83447384e+03  8.80e+03   4.69e-02     1.61e+01   247.673s
1143000 -3.28785355e+01 -8.76666221e+03  8.73e+03   4.69e-02     1.15e+01   247.885s
1144000 -3.28785313e+01 -8.69905580e+03  8.67e+03   4.69e-02     1.37e+01   248.098s
1145000 -3.28785091e+01 -8.63201572e+03  8.60e+03   4.83e-02     2.13e+01   248.310s
1146000 -3.28785145e+01 -8.56509964e+03  8.53e+03   5.17e-02     2.12e+01   248.522s
1147000 -3.28785103e+01 -8.49844204e+03  8.47e+03   4.66e-02     1.88e+01   248.734s
1148000 -3.28785129e+01 -8.43183932e+03  8.40e+03   4.70e-02     1.63e+01   248.946s
1149000 -3.28785145e+01 -8.36538094e+03  8.33e+03   4.65e-02     1.61e+01   249.158s
1150000 -3.28785147e+01 -8.29889189e+03  8.27e+03   4.65e-02     1.49e+01   249.369s
1151000 -3.28785191e+01 -8.23242132e+03  8.20e+03   4.65e-02     1.44e+01   249.581s
1152000 -3.28785228e+01 -8.16615214e+03  8.13e+03   4.64e-02     1.67e+01   249.794s
1153000 -3.28785248e+01 -8.10005192e+03  8.07e+03   4.64e-02     1.61e+01   250.006s
1154000 -3.28785262e+01 -8.03384944e+03  8.00e+03   4.65e-02     1.33e+01   250.219s
1155000 -3.28785043e+01 -7.96779659e+03  7.93e+03   5.40e-02     1.38e+01   250.431s
1156000 -3.28785182e+01 -7.90219357e+03  7.87e+03   4.62e-02     1.27e+01   250.643s
1157000 -3.28785176e+01 -7.83675692e+03  7.80e+03   4.63e-02     1.30e+01   250.854s
1158000 -3.28784956e+01 -7.77255526e+03  7.74e+03   4.63e-02     1.99e+01   251.066s
1159000 -3.28784970e+01 -7.70710616e+03  7.67e+03   4.81e-02     1.56e+01   251.278s
1160000 -3.28784966e+01 -7.64266349e+03  7.61e+03   4.58e-02     1.75e+01   251.491s
1161000 -3.28784565e+01 -7.57956347e+03  7.55e+03   4.62e-02     1.28e+01   251.703s
1162000 -3.28784627e+01 -7.51714527e+03  7.48e+03   4.52e-02     1.36e+01   251.915s
1163000 -3.28784736e+01 -7.45492644e+03  7.42e+03   4.54e-02     1.89e+01   252.127s
1164000 -3.28784808e+01 -7.39302374e+03  7.36e+03   4.52e-02     1.72e+01   252.339s
1165000 -3.28784878e+01 -7.33099545e+03  7.30e+03   4.51e-02     1.26e+01   252.552s
1166000 -3.28784784e+01 -7.26920004e+03  7.24e+03   4.65e-02     1.24e+01   252.763s
1167000 -3.28784834e+01 -7.20795923e+03  7.18e+03   4.56e-02     1.21e+01   252.976s
1168000 -3.28784889e+01 -7.14670493e+03  7.11e+03   4.49e-02     1.31e+01   253.188s
1169000 -3.28784901e+01 -7.08520683e+03  7.05e+03   4.49e-02     1.41e+01   253.400s
1170000 -3.28784865e+01 -7.02402145e+03  6.99e+03   4.48e-02     1.30e+01   253.612s
1171000 -3.28784888e+01 -6.96312357e+03  6.93e+03   4.49e-02     1.07e+01   253.824s
1172000 -3.28784814e+01 -6.90267623e+03  6.87e+03   4.47e-02     1.77e+01   254.037s
1173000 -3.28784824e+01 -6.84204485e+03  6.81e+03   4.48e-02     1.48e+01   254.249s
1174000 -3.28784886e+01 -6.78172269e+03  6.75e+03   4.48e-02     1.36e+01   254.461s
1175000 -3.28784898e+01 -6.72151730e+03  6.69e+03   4.46e-02     1.41e+01   254.674s
1176000 -3.28784919e+01 -6.66120520e+03  6.63e+03   4.59e-02     1.45e+01   254.886s
1177000 -3.28784921e+01 -6.60089648e+03  6.57e+03   4.45e-02     1.43e+01   255.098s
1178000 -3.28784858e+01 -6.54099310e+03  6.51e+03   4.44e-02     1.26e+01   255.310s
1179000 -3.28784864e+01 -6.48122346e+03  6.45e+03   4.82e-02     8.40e+00   255.522s
1180000 -3.28784882e+01 -6.42140299e+03  6.39e+03   4.53e-02     1.37e+01   255.734s
1181000 -3.28784899e+01 -6.36162618e+03  6.33e+03   4.47e-02     1.38e+01   255.945s
1182000 -3.28784927e+01 -6.30207937e+03  6.27e+03   4.85e-02     9.62e+00   256.158s
1183000 -3.28784855e+01 -6.24263411e+03  6.21e+03   4.43e-02     1.11e+01   256.370s
1184000 -3.28784930e+01 -6.18329789e+03  6.15e+03   4.42e-02     9.41e+00   256.582s
1185000 -3.28784901e+01 -6.12412744e+03  6.09e+03   4.42e-02     9.73e+00   256.794s
1186000 -3.28784815e+01 -6.06507697e+03  6.03e+03   4.41e-02     1.15e+01   257.006s
1187000 -3.28784792e+01 -6.00613891e+03  5.97e+03   4.63e-02     1.24e+01   257.218s
1188000 -3.28784755e+01 -5.94753496e+03  5.91e+03   4.42e-02     1.49e+01   257.430s
1189000 -3.28784765e+01 -5.88923323e+03  5.86e+03   4.39e-02     1.79e+01   257.642s
1190000 -3.28784682e+01 -5.83121342e+03  5.80e+03   5.00e-02     1.39e+01   257.854s
1191000 -3.28784703e+01 -5.77313529e+03  5.74e+03   4.83e-02     1.14e+01   258.066s
1192000 -3.28784737e+01 -5.71510295e+03  5.68e+03   4.49e-02     1.40e+01   258.278s
1193000 -3.28784269e+01 -5.65871323e+03  5.63e+03   4.34e-02     1.80e+01   258.491s
1194000 -3.28784421e+01 -5.60233251e+03  5.57e+03   4.34e-02     1.41e+01   258.703s
1195000 -3.28784486e+01 -5.54605193e+03  5.51e+03   4.34e-02     1.39e+01   258.915s
1196000 -3.28784616e+01 -5.48998313e+03  5.46e+03   4.33e-02     1.37e+01   259.127s
1197000 -3.28784638e+01 -5.43404867e+03  5.40e+03   4.33e-02     1.42e+01   259.339s
1198000 -3.28784635e+01 -5.37803296e+03  5.35e+03   4.33e-02     1.48e+01   259.552s
1199000 -3.28784672e+01 -5.32224244e+03  5.29e+03   4.32e-02     7.75e+00   259.764s
1200000 -3.28784678e+01 -5.26658001e+03  5.23e+03   4.32e-02     1.23e+01   259.976s
1201000 -3.28784559e+01 -5.21101719e+03  5.18e+03   4.39e-02     1.28e+01   260.188s
1202000 -3.28784371e+01 -5.15573470e+03  5.12e+03   4.32e-02     1.87e+01   260.401s
1203000 -3.28784392e+01 -5.10051401e+03  5.07e+03   4.53e-02     1.57e+01   260.613s
1204000 -3.28784434e+01 -5.04549577e+03  5.01e+03   4.31e-02     1.38e+01   260.825s
1205000 -3.28784416e+01 -4.99061642e+03  4.96e+03   4.29e-02     1.97e+01   261.037s
1206000 -3.28784460e+01 -4.93584456e+03  4.90e+03   4.30e-02     1.53e+01   261.249s
1207000 -3.28784518e+01 -4.88104937e+03  4.85e+03   4.29e-02     1.42e+01   261.461s
1208000 -3.28784511e+01 -4.82642829e+03  4.79e+03   4.28e-02     1.15e+01   261.674s
1209000 -3.28784533e+01 -4.77192139e+03  4.74e+03   4.28e-02     1.39e+01   261.886s
1210000 -3.28784537e+01 -4.71740182e+03  4.68e+03   4.27e-02     1.23e+01   262.098s
1211000 -3.28784572e+01 -4.66288149e+03  4.63e+03   4.28e-02     8.46e+00   262.310s
1212000 -3.28784602e+01 -4.60846903e+03  4.58e+03   4.27e-02     1.45e+01   262.522s
1213000 -3.28784523e+01 -4.55427058e+03  4.52e+03   4.26e-02     9.11e+00   262.735s
1214000 -3.28784644e+01 -4.50015789e+03  4.47e+03   4.27e-02     1.07e+01   262.947s
1215000 -3.28784459e+01 -4.44631055e+03  4.41e+03   4.25e-02     1.29e+01   263.159s
1216000 -3.28784360e+01 -4.39275671e+03  4.36e+03   4.25e-02     1.33e+01   263.371s
1217000 -3.28784394e+01 -4.33918365e+03  4.31e+03   4.25e-02     9.58e+00   263.583s
1218000 -3.28738106e+01 -4.14805504e+04  4.14e+04   4.46e-02     2.34e+05   263.797s
1219000 -3.45324919e+01 -3.58129864e+05  3.58e+05   6.54e+04     1.17e+03   264.012s
1220000 -3.21605151e+01 -2.47685840e+05  2.48e+05   4.50e+02     1.86e+02   264.226s
1221000 -3.02454954e+01 -2.09835630e+05  2.10e+05   2.31e+01     5.03e+02   264.440s
1222000 -3.13074119e+01 -1.69316294e+05  1.69e+05   1.49e+01     6.90e+02   264.652s
1223000 -3.07468527e+01 -1.52181902e+05  1.52e+05   1.52e+01     5.74e+02   264.864s
1224000 -3.03400401e+01 -1.39482236e+05  1.39e+05   3.91e+01     5.37e+02   265.076s
1225000 -3.03732691e+01 -1.29126977e+05  1.29e+05   9.79e+00     4.35e+02   265.288s
1226000 -3.06688746e+01 -1.21352897e+05  1.21e+05   9.74e+00     3.38e+02   265.500s
1227000 -3.10318734e+01 -1.14755783e+05  1.15e+05   2.04e+01     2.54e+02   265.712s
1228000 -3.12535520e+01 -1.06948588e+05  1.07e+05   1.90e+02     5.92e+02   265.926s
1229000 -3.10087427e+01 -8.59169700e+04  8.59e+04   9.85e+00     8.51e+02   266.138s
1230000 -3.13443414e+01 -7.00839000e+04  7.01e+04   1.62e+01     7.86e+02   266.349s
1231000 -3.08740572e+01 -5.72268672e+04  5.72e+04   3.72e+00     8.16e+02   266.561s
1232000 -2.98966823e+01 -5.08779128e+04  5.08e+04   2.59e+00     6.90e+02   266.773s
1233000 -2.94220961e+01 -4.83058641e+04  4.83e+04   1.51e+00     4.87e+02   266.986s
1234000 -2.86760938e+01 -4.60305157e+04  4.60e+04   5.15e+00     4.24e+02   267.198s
1235000 -2.80418517e+01 -4.41117655e+04  4.41e+04   3.22e+00     4.21e+02   267.410s
1236000 -2.74041454e+01 -4.25168114e+04  4.25e+04   9.53e-01     3.65e+02   267.622s
1237000 -2.68885643e+01 -4.12314053e+04  4.12e+04   2.28e+00     3.14e+02   267.834s
1238000 -2.67222333e+01 -4.01347005e+04  4.01e+04   8.03e-01     3.29e+02   268.046s
1239000 -2.67410212e+01 -3.90464759e+04  3.90e+04   1.29e+00     2.97e+02   268.258s
1240000 -2.71021581e+01 -3.71909393e+04  3.72e+04   8.41e-01     1.59e+03   268.472s
1241000 -2.71427232e+01 -3.46268565e+04  3.46e+04   1.40e+00     1.19e+03   268.684s
1242000 -2.71440436e+01 -3.24860439e+04  3.25e+04   3.93e-01     9.79e+02   268.896s
1243000 -2.69765117e+01 -3.02810352e+04  3.03e+04   8.81e-01     8.74e+02   269.108s
1244000 -2.73542392e+01 -2.81167477e+04  2.81e+04   5.57e-01     7.84e+02   269.320s
1245000 -2.81324480e+01 -2.62269894e+04  2.62e+04   5.97e-01     7.18e+02   269.532s
1246000 -2.81824046e+01 -2.46297827e+04  2.46e+04   1.24e+00     6.30e+02   269.744s
1247000 -2.79203951e+01 -2.31376415e+04  2.31e+04   6.82e-01     5.78e+02   269.955s
1248000 -2.72971405e+01 -2.16458423e+04  2.16e+04   2.73e-01     5.29e+02   270.168s
1249000 -2.64176383e+01 -2.01635793e+04  2.01e+04   2.77e-01     4.78e+02   270.380s
1250000 -2.58327717e+01 -1.86842061e+04  1.87e+04   4.73e-01     4.18e+02   270.592s
1251000 -2.53085804e+01 -1.73145603e+04  1.73e+04   7.50e-01     3.63e+02   270.804s
1252000 -2.48831298e+01 -1.60812245e+04  1.61e+04   7.62e-01     3.23e+02   271.016s
1253000 -2.47332072e+01 -1.49238789e+04  1.49e+04   6.69e-01     3.01e+02   271.228s
1254000 -2.46032447e+01 -1.37464707e+04  1.37e+04   2.46e-01     2.75e+02   271.440s
1255000 -2.45205209e+01 -1.25567008e+04  1.25e+04   9.48e-01     2.59e+02   271.652s
1256000 -2.44608283e+01 -1.13735225e+04  1.13e+04   2.55e-01     2.42e+02   271.865s
1257000 -2.44642879e+01 -1.02234079e+04  1.02e+04   2.49e-01     2.34e+02   272.076s
1258000 -2.45689446e+01 -9.11194328e+03  9.09e+03   4.58e-01     2.13e+02   272.288s
1259000 -2.46870070e+01 -8.06344791e+03  8.04e+03   7.60e-01     2.03e+02   272.500s
1260000 -2.48638766e+01 -7.06408965e+03  7.04e+03   8.10e-01     1.96e+02   272.712s
1261000 -2.52393881e+01 -6.08330868e+03  6.06e+03   2.66e-01     1.81e+02   272.924s
1262000 -2.56605420e+01 -5.15828140e+03  5.13e+03   2.21e-01     1.80e+02   273.136s
1263000 -2.59839621e+01 -4.32724390e+03  4.30e+03   2.16e-01     1.78e+02   273.349s
1264000 -2.63543109e+01 -4.02958056e+03  4.00e+03   1.03e+00     2.52e+02   273.561s
1265000 -2.69748686e+01 -4.01307090e+03  3.99e+03   1.58e-01     2.82e+02   273.773s
1266000 -2.71421601e+01 -3.98371330e+03  3.96e+03   1.54e-01     2.66e+02   273.985s
1267000 -2.69434005e+01 -3.93546927e+03  3.91e+03   2.46e-01     2.55e+02   274.198s
1268000 -2.71401411e+01 -3.87376269e+03  3.85e+03   2.49e-01     2.50e+02   274.410s
1269000 -2.21078061e+01 -4.04841446e+03  4.03e+03   3.17e+01     3.77e+00   274.625s
1270000 -2.15326498e+01 -4.04571810e+03  4.02e+03   7.13e+00     1.15e+00   274.837s
1271000 -2.01959010e+01 -4.05494469e+03  4.03e+03   1.69e+00     1.04e+00   275.050s
1272000 -1.98308472e+01 -4.06021534e+03  4.04e+03   1.44e+01     3.99e-01   275.262s
1273000 -1.98903879e+01 -4.06100602e+03  4.04e+03   8.12e+00     3.29e-01   275.474s
1274000 -2.00928491e+01 -4.06030702e+03  4.04e+03   1.91e+00     2.28e-01   275.686s
1275000 -2.01621758e+01 -4.05977693e+03  4.04e+03   3.00e+00     1.77e-01   275.898s
1276000 -2.01029001e+01 -4.05930389e+03  4.04e+03   3.67e+00     1.87e-01   276.110s
1277000 -2.01870392e+01 -4.05888244e+03  4.04e+03   2.51e+00     1.73e-01   276.322s
1278000 -2.01575194e+01 -4.05826076e+03  4.04e+03   3.49e+00     1.70e-01   276.534s
1279000 -2.05392158e+01 -4.05816966e+03  4.04e+03   1.94e+00     1.38e-01   276.746s
1280000 -2.06218416e+01 -4.05745973e+03  4.04e+03   1.97e+00     1.22e-01   276.958s
1281000 -2.11309519e+01 -4.05713030e+03  4.04e+03   6.66e+00     1.11e-01   277.170s
1282000 -2.13248353e+01 -4.05674049e+03  4.04e+03   3.57e+00     1.41e-01   277.382s
1283000 -2.10430983e+01 -4.05636849e+03  4.04e+03   2.22e+00     1.04e-01   277.594s
1284000 -2.20050848e+01 -4.05605336e+03  4.03e+03   1.46e+00     9.49e-02   277.805s
1285000 -2.17963438e+01 -4.05571769e+03  4.03e+03   3.42e+00     8.03e-02   278.017s
1286000 -2.22865608e+01 -4.05541759e+03  4.03e+03   1.45e+00     7.87e-02   278.229s
1287000 -2.19020690e+01 -4.05512797e+03  4.03e+03   2.75e+00     6.88e-02   278.441s
1288000 -2.19539194e+01 -4.05478665e+03  4.03e+03   2.22e+00     6.29e-02   278.653s
1289000 -2.23437399e+01 -4.05455601e+03  4.03e+03   1.65e+00     6.13e-02   278.865s
1290000 -2.22415113e+01 -4.05434644e+03  4.03e+03   1.11e+00     7.10e-02   279.077s
1291000 -2.27800177e+01 -4.05445061e+03  4.03e+03   1.43e+00     2.24e-01   279.291s
1292000 -2.32236322e+01 -4.05368293e+03  4.03e+03   1.41e+00     3.16e-01   279.503s
1293000 -2.32854157e+01 -4.05304501e+03  4.03e+03   1.55e+00     2.57e-01   279.715s
1294000 -2.33236097e+01 -4.05223455e+03  4.03e+03   3.45e+00     2.26e-01   279.927s
1295000 -2.34396195e+01 -4.05156353e+03  4.03e+03   1.77e+00     1.98e-01   280.139s
1296000 -2.35453478e+01 -4.05082184e+03  4.03e+03   2.01e+00     1.70e-01   280.351s
1297000 -2.36119080e+01 -4.05027079e+03  4.03e+03   2.06e+00     1.44e-01   280.563s
1298000 -2.37175410e+01 -4.04962336e+03  4.03e+03   2.57e+00     1.29e-01   280.776s
1299000 -2.38543022e+01 -4.04900354e+03  4.03e+03   1.63e+00     1.69e-01   280.988s
1300000 -2.39305326e+01 -4.04861414e+03  4.02e+03   1.45e+00     1.53e-01   281.200s
1301000 -2.39438711e+01 -4.04831000e+03  4.02e+03   2.67e+00     1.29e-01   281.412s
1302000 -2.39885600e+01 -4.04767302e+03  4.02e+03   1.69e+00     1.17e-01   281.624s
1303000 -2.42322583e+01 -4.04723486e+03  4.02e+03   1.14e+00     1.06e-01   281.837s
1304000 -2.44113030e+01 -4.04690017e+03  4.02e+03   1.35e+00     1.07e-01   282.049s
1305000 -2.44191843e+01 -4.04652510e+03  4.02e+03   5.50e-01     1.14e-01   282.261s
1306000 -2.45210925e+01 -4.04611603e+03  4.02e+03   2.15e-01     1.22e-01   282.473s
1307000 -2.46589966e+01 -4.04566807e+03  4.02e+03   5.53e-01     1.21e-01   282.685s
1308000 -2.46590514e+01 -4.04527450e+03  4.02e+03   1.31e+00     1.11e-01   282.897s
1309000 -2.54227018e+01 -4.04405322e+03  4.02e+03   3.08e-01     3.71e-01   283.111s
1310000 -2.55938978e+01 -4.04209478e+03  4.02e+03   2.23e-01     2.99e-01   283.322s
1311000 -2.57336589e+01 -4.04022390e+03  4.01e+03   2.13e-01     2.46e-01   283.534s
1312000 -2.59076016e+01 -4.03566159e+03  4.01e+03   1.87e-01     3.22e+00   283.748s
1313000 -2.65253629e+01 -4.02238568e+03  4.00e+03   1.76e-01     2.32e+00   283.960s
1314000 -2.73749974e+01 -4.01153455e+03  3.98e+03   1.74e-01     2.32e+00   284.172s
1315000 -2.81206380e+01 -4.00161853e+03  3.97e+03   1.54e-01     2.24e+00   284.384s
1316000 -2.89637434e+01 -3.99260418e+03  3.96e+03   1.33e-01     1.82e+00   284.596s
1317000 -2.89971254e+01 -3.98378287e+03  3.95e+03   1.12e-01     1.56e+00   284.809s
1318000 -2.89999432e+01 -3.97543560e+03  3.95e+03   1.02e-01     1.94e+00   285.020s
1319000 -2.90002657e+01 -3.96724591e+03  3.94e+03   1.37e-01     2.05e+00   285.233s
1320000 -2.90009348e+01 -3.95918649e+03  3.93e+03   8.92e-02     1.15e+00   285.445s
1321000 -2.90015619e+01 -3.95125036e+03  3.92e+03   8.98e-02     9.60e-01   285.657s
1322000 -2.90026875e+01 -3.94367551e+03  3.91e+03   9.67e-02     1.13e+00   285.869s
1323000 -2.90049544e+01 -3.93610930e+03  3.91e+03   8.80e-02     1.00e+00   286.082s
1324000 -2.90075651e+01 -3.92873179e+03  3.90e+03   8.91e-02     7.82e-01   286.294s
1325000 -2.90222995e+01 -3.92165807e+03  3.89e+03   9.59e-02     1.05e+00   286.506s
1326000 -2.92077883e+01 -3.91481822e+03  3.89e+03   9.70e-02     2.25e+00   286.718s
1327000 -2.94438887e+01 -3.90828997e+03  3.88e+03   7.91e-02     1.66e+00   286.930s
1328000 -2.94584873e+01 -3.90198498e+03  3.87e+03   7.81e-02     1.25e+00   287.142s
1329000 -2.94273359e+01 -3.89572201e+03  3.87e+03   1.15e-01     1.15e+00   287.353s
1330000 -2.94170026e+01 -3.88950526e+03  3.86e+03   7.95e-02     1.07e+00   287.566s
1331000 -2.94570933e+01 -3.88337737e+03  3.85e+03   9.38e-02     1.18e+00   287.778s
1332000 -2.95116591e+01 -3.87736430e+03  3.85e+03   9.14e-02     1.15e+00   287.990s
1333000 -2.95617193e+01 -3.87145599e+03  3.84e+03   7.41e-02     1.04e+00   288.202s
1334000 -2.96614494e+01 -3.86559400e+03  3.84e+03   7.31e-02     5.30e+00   288.413s
1335000 -3.00630566e+01 -3.86005748e+03  3.83e+03   7.17e-02     1.12e+01   288.625s
1336000 -3.04887628e+01 -3.85509361e+03  3.82e+03   6.84e-02     6.91e+00   288.837s
1337000 -3.04985364e+01 -3.85066398e+03  3.82e+03   6.74e-02     5.15e+00   289.049s
1338000 -3.06392241e+01 -3.71004144e+03  3.68e+03   7.65e-02     6.62e+01   289.262s
1339000 -3.08718623e+01 -3.58880873e+03  3.56e+03   6.04e-02     5.52e+01   289.475s
1340000 -3.10956900e+01 -3.48001914e+03  3.45e+03   5.41e-02     4.74e+01   289.687s
1341000 -3.12098579e+01 -3.38653349e+03  3.36e+03   4.98e-02     6.55e+01   289.899s
1342000 -3.30643584e+01 -3.39189278e+03  3.36e+03   2.27e+01     4.75e+00   290.114s
1343000 -3.30857498e+01 -3.38926168e+03  3.36e+03   4.39e+01     1.48e+00   290.326s
1344000 -3.31143928e+01 -3.38699438e+03  3.35e+03   1.01e+01     6.72e-01   290.538s
1345000 -3.31465617e+01 -3.38554167e+03  3.35e+03   2.41e+00     7.01e-01   290.750s
1346000 -3.31792494e+01 -3.38366957e+03  3.35e+03   2.80e+00     4.18e-01   290.962s
1347000 -3.31929861e+01 -3.38229974e+03  3.35e+03   1.26e+00     3.85e-01   291.174s
1348000 -3.32154288e+01 -3.38058761e+03  3.35e+03   2.15e+00     2.26e+00   291.387s
1349000 -3.32206835e+01 -3.37782608e+03  3.34e+03   1.36e+00     1.92e+00   291.599s
1350000 -3.32252982e+01 -3.37624285e+03  3.34e+03   7.04e-01     1.46e+00   291.812s
1351000 -3.32334358e+01 -3.37522955e+03  3.34e+03   1.47e+00     1.58e+00   292.023s
1352000 -3.32438578e+01 -3.37433720e+03  3.34e+03   2.46e-01     1.61e+00   292.236s
1353000 -3.32523854e+01 -3.37344531e+03  3.34e+03   2.32e-01     1.54e+00   292.448s
1354000 -3.32610858e+01 -3.37286080e+03  3.34e+03   2.76e-01     1.62e+00   292.660s
1355000 -3.32698160e+01 -3.37283417e+03  3.34e+03   4.79e-01     1.64e+00   292.872s
1356000 -3.32767262e+01 -3.37276987e+03  3.34e+03   6.94e-01     1.64e+00   293.084s
1357000 -3.32818543e+01 -3.37268182e+03  3.34e+03   9.41e-02     1.56e+00   293.297s
1358000 -3.32884962e+01 -3.37257860e+03  3.34e+03   1.64e-01     1.53e+00   293.510s
1359000 -3.32906372e+01 -3.37247926e+03  3.34e+03   1.58e-01     1.59e+00   293.722s
1360000 -3.32928003e+01 -3.37235234e+03  3.34e+03   7.15e-02     1.11e+00   293.934s
1361000 -3.32946057e+01 -3.37219789e+03  3.34e+03   1.68e-01     9.85e-01   294.146s
1362000 -3.32963516e+01 -3.37203400e+03  3.34e+03   5.17e-01     8.16e-01   294.358s
1363000 -3.32982537e+01 -3.37185566e+03  3.34e+03   2.17e-01     7.54e-01   294.570s
1364000 -3.33006749e+01 -3.37169376e+03  3.34e+03   7.08e-02     7.30e-01   294.782s
1365000 -3.33071711e+01 -3.37154466e+03  3.34e+03   1.45e-01     6.56e-01   294.994s
1366000 -3.33113117e+01 -3.37137637e+03  3.34e+03   1.58e-01     5.42e-01   295.206s
1367000 -3.33130466e+01 -3.37119404e+03  3.34e+03   1.27e-01     4.47e-01   295.418s
1368000 -3.33155196e+01 -3.37102665e+03  3.34e+03   8.58e-02     3.74e-01   295.630s
1369000 -3.33188408e+01 -3.37086477e+03  3.34e+03   6.30e-02     3.26e-01   295.842s
1370000 -3.33222455e+01 -3.37070447e+03  3.34e+03   5.54e-02     2.78e-01   296.054s
1371000 -3.33255879e+01 -3.37055498e+03  3.34e+03   5.69e-02     2.54e-01   296.266s
1372000 -3.33293072e+01 -3.37041435e+03  3.34e+03   7.36e-02     2.60e-01   296.478s
1373000 -3.33331734e+01 -3.37026692e+03  3.34e+03   7.16e-02     2.50e-01   296.690s
1374000 -3.33370132e+01 -3.37012055e+03  3.34e+03   1.58e-01     2.12e-01   296.901s
1375000 -3.33397821e+01 -3.36998338e+03  3.34e+03   6.44e-02     1.82e-01   297.113s
1376000 -3.33424333e+01 -3.36985118e+03  3.34e+03   5.30e-02     1.81e-01   297.326s
1377000 -3.33444080e+01 -3.36957443e+03  3.34e+03   9.78e-02     3.18e-01   297.539s
1378000 -3.33452076e+01 -3.36902957e+03  3.34e+03   5.01e-02     3.30e-01   297.751s
1379000 -3.33459630e+01 -3.36846346e+03  3.34e+03   5.02e-02     2.74e-01   297.963s
1380000 -3.33465886e+01 -3.36790044e+03  3.33e+03   5.01e-02     2.38e-01   298.175s
1381000 -3.33472972e+01 -3.36734132e+03  3.33e+03   5.47e-02     2.34e-01   298.387s
1382000 -3.33480603e+01 -3.36678734e+03  3.33e+03   5.01e-02     2.50e-01   298.599s
1383000 -3.33487644e+01 -3.36622396e+03  3.33e+03   6.66e-02     2.35e-01   298.811s
1384000 -3.33493758e+01 -3.36566223e+03  3.33e+03   4.99e-02     2.05e-01   299.023s
1385000 -3.33495767e+01 -3.36511292e+03  3.33e+03   7.68e-02     4.83e-01   299.235s
1386000 -3.33498968e+01 -3.36454710e+03  3.33e+03   6.57e-02     2.72e-01   299.448s
1387000 -3.33506215e+01 -3.36401082e+03  3.33e+03   5.11e-02     2.15e-01   299.660s
1388000 -3.33512575e+01 -3.36347667e+03  3.33e+03   4.98e-02     2.09e-01   299.872s
1389000 -3.33518991e+01 -3.36293608e+03  3.33e+03   5.00e-02     1.83e-01   300.084s
1390000 -3.33518754e+01 -3.36240326e+03  3.33e+03   5.37e-02     5.87e-01   300.296s
1391000 -3.33518727e+01 -3.36186691e+03  3.33e+03   4.92e-02     4.59e-01   300.508s
1392000 -3.33520204e+01 -3.36131124e+03  3.33e+03   4.93e-02     3.01e-01   300.720s
1393000 -3.33526492e+01 -3.36079212e+03  3.33e+03   5.00e-02     2.43e-01   300.932s
1394000 -3.33535827e+01 -3.36027249e+03  3.33e+03   4.91e-02     1.92e-01   301.144s
1395000 -3.33541567e+01 -3.35975251e+03  3.33e+03   5.09e-02     2.02e-01   301.356s
1396000 -3.33546703e+01 -3.35922066e+03  3.33e+03   5.10e-02     2.14e-01   301.568s
1397000 -3.33552504e+01 -3.35868099e+03  3.33e+03   4.95e-02     2.03e-01   301.780s
1398000 -3.33458938e+01 -3.35815503e+03  3.32e+03   6.00e-02     2.31e-01   301.992s
1399000 -3.32779288e+01 -3.35765567e+03  3.32e+03   4.94e-02     3.88e-01   302.203s
1400000 -3.32323066e+01 -3.35715145e+03  3.32e+03   5.28e-02     4.83e-01   302.415s
1401000 -3.32034219e+01 -3.35662840e+03  3.32e+03   5.93e-02     5.10e-01   302.627s
1402000 -3.31480426e+01 -3.35610394e+03  3.32e+03   4.89e-02     4.85e-01   302.840s
1403000 -3.31027414e+01 -3.35557256e+03  3.32e+03   4.85e-02     4.19e-01   303.052s
1404000 -3.30782773e+01 -3.35504077e+03  3.32e+03   4.96e-02     3.28e-01   303.263s
1405000 -3.30663265e+01 -3.35452522e+03  3.32e+03   4.82e-02     2.31e-01   303.475s
1406000 -3.30618720e+01 -3.35401182e+03  3.32e+03   4.78e-02     1.71e-01   303.687s
1407000 -3.30710750e+01 -3.35350056e+03  3.32e+03   4.80e-02     1.89e-01   303.899s
1408000 -3.30945049e+01 -3.35299219e+03  3.32e+03   4.90e-02     2.43e-01   304.111s
1409000 -3.31244402e+01 -3.35247164e+03  3.32e+03   4.92e-02     2.45e-01   304.322s
1410000 -3.31498478e+01 -3.35196233e+03  3.32e+03   4.83e-02     2.18e-01   304.535s
1411000 -3.31632537e+01 -3.35145198e+03  3.32e+03   4.95e-02     1.92e-01   304.747s
1412000 -3.31551680e+01 -3.35094267e+03  3.32e+03   4.79e-02     2.31e-01   304.959s
1413000 -3.31240504e+01 -3.35042547e+03  3.32e+03   4.85e-02     2.72e-01   305.171s
1414000 -3.30865481e+01 -3.34992252e+03  3.32e+03   4.81e-02     3.06e-01   305.383s
1415000 -3.30561911e+01 -3.34941047e+03  3.32e+03   4.74e-02     2.97e-01   305.595s
1416000 -3.30371980e+01 -3.34889611e+03  3.32e+03   4.88e-02     2.77e-01   305.807s
1417000 -3.30234597e+01 -3.34838819e+03  3.32e+03   4.87e-02     2.47e-01   306.019s
1418000 -3.30141312e+01 -3.34788558e+03  3.31e+03   4.78e-02     2.03e-01   306.231s
1419000 -3.30101997e+01 -3.34737439e+03  3.31e+03   4.88e-02     1.76e-01   306.443s
1420000 -3.30085630e+01 -3.34686752e+03  3.31e+03   4.82e-02     1.59e-01   306.655s
1421000 -3.30118300e+01 -3.34635308e+03  3.31e+03   4.79e-02     1.45e-01   306.867s
1422000 -3.30184815e+01 -3.34585290e+03  3.31e+03   4.83e-02     1.29e-01   307.079s
1423000 -3.30254405e+01 -3.34534349e+03  3.31e+03   5.74e-02     1.45e-01   307.291s
1424000 -3.30347745e+01 -3.34483543e+03  3.31e+03   4.87e-02     1.50e-01   307.503s
1425000 -3.30406984e+01 -3.34432889e+03  3.31e+03   4.76e-02     1.53e-01   307.715s
1426000 -3.30414803e+01 -3.34382660e+03  3.31e+03   4.75e-02     1.29e-01   307.927s
1427000 -3.30424960e+01 -3.34327371e+03  3.31e+03   9.07e-02     1.92e-01   308.139s
1428000 -3.30360274e+01 -3.34273729e+03  3.31e+03   5.31e-02     2.37e-01   308.351s
1429000 -3.30266509e+01 -3.34221871e+03  3.31e+03   1.08e-01     2.33e-01   308.563s
1430000 -3.30110710e+01 -3.34171883e+03  3.31e+03   4.67e-02     2.61e-01   308.775s
1431000 -3.29899721e+01 -3.34121923e+03  3.31e+03   8.77e-02     3.13e-01   308.988s
1432000 -3.29683077e+01 -3.34072155e+03  3.31e+03   5.83e-02     3.18e-01   309.200s
1433000 -3.29441477e+01 -3.34019298e+03  3.31e+03   5.26e-02     3.19e-01   309.412s
1434000 -3.29222354e+01 -3.33970942e+03  3.31e+03   4.91e-02     2.93e-01   309.624s
1435000 -3.29031281e+01 -3.33921615e+03  3.31e+03   4.65e-02     2.84e-01   309.836s
1436000 -3.28903405e+01 -3.33876793e+03  3.31e+03   1.41e-01     2.50e-01   310.048s
1437000 -3.28883420e+01 -3.33827201e+03  3.31e+03   5.17e-02     2.19e-01   310.260s
1438000 -3.28909535e+01 -3.33775585e+03  3.30e+03   9.08e-02     2.07e-01   310.472s
1439000 -3.28947643e+01 -3.33724238e+03  3.30e+03   5.68e-02     2.08e-01   310.684s
1440000 -3.29024573e+01 -3.33675528e+03  3.30e+03   6.13e-02     2.15e-01   310.896s
1441000 -3.29072308e+01 -3.33625573e+03  3.30e+03   5.05e-02     2.13e-01   311.108s
1442000 -3.29112538e+01 -3.33575952e+03  3.30e+03   5.66e-02     2.11e-01   311.321s
1443000 -3.29148809e+01 -3.33527518e+03  3.30e+03   4.90e-02     2.02e-01   311.532s
1444000 -3.29110569e+01 -3.33477679e+03  3.30e+03   4.97e-02     2.10e-01   311.744s
1445000 -3.29075676e+01 -3.33427535e+03  3.30e+03   6.52e-02     2.06e-01   311.956s
1446000 -3.29035023e+01 -3.33378673e+03  3.30e+03   6.10e-02     2.11e-01   312.169s
1447000 -3.28958980e+01 -3.33329394e+03  3.30e+03   7.25e-02     2.05e-01   312.381s
1448000 -3.28913045e+01 -3.33279204e+03  3.30e+03   7.66e-02     2.08e-01   312.593s
1449000 -3.28844964e+01 -3.33229543e+03  3.30e+03   6.17e-02     2.11e-01   312.805s
1450000 -3.28794818e+01 -3.33180876e+03  3.30e+03   9.73e-02     2.04e-01   313.017s
1451000 -3.28771343e+01 -3.33130687e+03  3.30e+03   5.93e-02     2.05e-01   313.229s
1452000 -3.28735675e+01 -3.33080767e+03  3.30e+03   5.13e-02     2.01e-01   313.441s
1453000 -3.28710407e+01 -3.33031686e+03  3.30e+03   5.48e-02     2.00e-01   313.653s
1454000 -3.28688869e+01 -3.32982313e+03  3.30e+03   5.10e-02     1.95e-01   313.865s
1455000 -3.28666374e+01 -3.32931869e+03  3.30e+03   4.87e-02     1.89e-01   314.077s
1456000 -3.28672654e+01 -3.32883706e+03  3.30e+03   5.86e-02     1.89e-01   314.290s
1457000 -3.28657324e+01 -3.32834781e+03  3.30e+03   5.85e-02     1.91e-01   314.502s
1458000 -3.28644072e+01 -3.32785254e+03  3.29e+03   6.26e-02     1.94e-01   314.714s
1459000 -3.28628002e+01 -3.32735618e+03  3.29e+03   4.84e-02     1.96e-01   314.926s
1460000 -3.28604339e+01 -3.32687323e+03  3.29e+03   5.63e-02     1.92e-01   315.138s
1461000 -3.28582247e+01 -3.32637371e+03  3.29e+03   4.71e-02     1.91e-01   315.350s
1462000 -3.28550393e+01 -3.32588278e+03  3.29e+03   5.48e-02     1.88e-01   315.562s
1463000 -3.28515200e+01 -3.32540328e+03  3.29e+03   4.92e-02     1.78e-01   315.774s
1464000 -3.28483954e+01 -3.32490827e+03  3.29e+03   5.19e-02     1.73e-01   315.986s
1465000 -3.28459851e+01 -3.32441840e+03  3.29e+03   5.37e-02     1.69e-01   316.198s
1466000 -3.28429086e+01 -3.32393947e+03  3.29e+03   4.65e-02     1.63e-01   316.410s
1467000 -3.28402923e+01 -3.32345069e+03  3.29e+03   4.93e-02     1.60e-01   316.622s
1468000 -3.28374909e+01 -3.32294685e+03  3.29e+03   5.52e-02     1.64e-01   316.834s
1469000 -3.28350504e+01 -3.32246997e+03  3.29e+03   4.93e-02     1.66e-01   317.046s
1470000 -3.28308082e+01 -3.32199667e+03  3.29e+03   4.59e-02     1.64e-01   317.259s
1471000 -3.28270522e+01 -3.32149822e+03  3.29e+03   4.75e-02     1.58e-01   317.471s
1472000 -3.28260007e+01 -3.32101516e+03  3.29e+03   4.57e-02     1.54e-01   317.682s
1473000 -3.28255570e+01 -3.32054072e+03  3.29e+03   4.78e-02     1.50e-01   317.894s
1474000 -3.28254125e+01 -3.32005221e+03  3.29e+03   4.58e-02     1.48e-01   318.106s
1475000 -3.28246730e+01 -3.31957091e+03  3.29e+03   4.69e-02     1.49e-01   318.318s
1476000 -3.28232583e+01 -3.31909045e+03  3.29e+03   4.72e-02     1.53e-01   318.530s
1477000 -3.28215458e+01 -3.31860143e+03  3.29e+03   4.62e-02     1.58e-01   318.742s
1478000 -3.28180680e+01 -3.31811556e+03  3.29e+03   9.04e-02     1.65e-01   318.954s
1479000 -3.28137984e+01 -3.31763869e+03  3.28e+03   4.55e-02     1.63e-01   319.166s
1480000 -3.28090454e+01 -3.31716313e+03  3.28e+03   6.04e-02     1.64e-01   319.378s
1481000 -3.28042412e+01 -3.31667650e+03  3.28e+03   4.66e-02     1.66e-01   319.591s
1482000 -3.28005109e+01 -3.31619508e+03  3.28e+03   4.69e-02     1.64e-01   319.802s
1483000 -3.27975772e+01 -3.31571431e+03  3.28e+03   4.79e-02     1.63e-01   320.014s
1484000 -3.27954347e+01 -3.31523037e+03  3.28e+03   4.53e-02     1.63e-01   320.226s
1485000 -3.27944828e+01 -3.31474711e+03  3.28e+03   5.94e-02     1.62e-01   320.438s
1486000 -3.27945176e+01 -3.31426964e+03  3.28e+03   4.66e-02     1.63e-01   320.650s
1487000 -3.27935858e+01 -3.31379997e+03  3.28e+03   4.58e-02     1.62e-01   320.862s
1488000 -3.27923474e+01 -3.31331502e+03  3.28e+03   4.53e-02     1.62e-01   321.075s
1489000 -3.27912676e+01 -3.31283741e+03  3.28e+03   4.67e-02     1.61e-01   321.287s
1490000 -3.27911201e+01 -3.31238152e+03  3.28e+03   4.53e-02     1.63e-01   321.499s
1491000 -3.27884965e+01 -3.31191140e+03  3.28e+03   4.75e-02     1.65e-01   321.711s
1492000 -3.27866933e+01 -3.31142626e+03  3.28e+03   9.57e-02     1.64e-01   321.923s
1493000 -3.27862360e+01 -3.31092729e+03  3.28e+03   8.62e-02     1.65e-01   322.135s
1494000 -3.27853282e+01 -3.31044581e+03  3.28e+03   8.07e-02     1.71e-01   322.347s
1495000 -3.27796161e+01 -3.30997650e+03  3.28e+03   5.78e-02     1.83e-01   322.559s
1496000 -3.27725176e+01 -3.30949746e+03  3.28e+03   4.56e-02     2.00e-01   322.771s
1497000 -3.27611566e+01 -3.30903609e+03  3.28e+03   4.51e-02     2.12e-01   322.983s
1498000 -3.27475522e+01 -3.30855173e+03  3.28e+03   7.97e-02     2.25e-01   323.196s
1499000 -3.27390311e+01 -3.30807746e+03  3.28e+03   4.50e-02     2.20e-01   323.407s
1500000 -3.27236170e+01 -3.30759657e+03  3.27e+03   4.54e-02     2.34e-01   323.620s
1501000 -3.27077949e+01 -3.30712936e+03  3.27e+03   7.71e-02     2.43e-01   323.832s
1502000 -3.26928163e+01 -3.30665337e+03  3.27e+03   5.48e-02     2.49e-01   324.044s
1503000 -3.26761045e+01 -3.30619056e+03  3.27e+03   5.49e-02     2.50e-01   324.256s
1504000 -3.26596214e+01 -3.30571657e+03  3.27e+03   4.99e-02     2.53e-01   324.468s
1505000 -3.26418339e+01 -3.30524362e+03  3.27e+03   5.73e-02     2.52e-01   324.680s
1506000 -3.26259616e+01 -3.30478396e+03  3.27e+03   5.13e-02     2.46e-01   324.892s
1507000 -3.26139796e+01 -3.30431500e+03  3.27e+03   4.64e-02     2.44e-01   325.104s
1508000 -3.26017926e+01 -3.30384081e+03  3.27e+03   4.68e-02     2.37e-01   325.315s
1509000 -3.25905334e+01 -3.30337406e+03  3.27e+03   4.59e-02     2.32e-01   325.527s
1510000 -3.25804597e+01 -3.30290884e+03  3.27e+03   4.52e-02     2.30e-01   325.739s
1511000 -3.25711851e+01 -3.30244311e+03  3.27e+03   4.84e-02     2.19e-01   325.951s
1512000 -3.25630904e+01 -3.30197688e+03  3.27e+03   6.08e-02     2.19e-01   326.163s
1513000 -3.25561437e+01 -3.30149941e+03  3.27e+03   4.78e-02     2.15e-01   326.375s
1514000 -3.25488060e+01 -3.30104088e+03  3.27e+03   4.48e-02     2.12e-01   326.587s
1515000 -3.25424518e+01 -3.30057275e+03  3.27e+03   4.56e-02     2.05e-01   326.799s
1516000 -3.25359557e+01 -3.30010150e+03  3.27e+03   4.48e-02     2.01e-01   327.011s
1517000 -3.25299534e+01 -3.29963379e+03  3.27e+03   4.49e-02     1.93e-01   327.224s
1518000 -3.25259555e+01 -3.29915710e+03  3.27e+03   4.48e-02     1.83e-01   327.435s
1519000 -3.25235149e+01 -3.29869360e+03  3.27e+03   4.77e-02     1.69e-01   327.648s
1520000 -3.25225956e+01 -3.29823460e+03  3.27e+03   4.50e-02     1.55e-01   327.860s
1521000 -3.25233491e+01 -3.29776935e+03  3.27e+03   4.67e-02     1.44e-01   328.072s
1522000 -3.25253592e+01 -3.29730283e+03  3.26e+03   4.65e-02     1.38e-01   328.284s
1523000 -3.25288134e+01 -3.29684600e+03  3.26e+03   4.62e-02     1.29e-01   328.496s
1524000 -3.25323334e+01 -3.29637915e+03  3.26e+03   4.48e-02     1.23e-01   328.709s
1525000 -3.25361295e+01 -3.29591546e+03  3.26e+03   4.59e-02     1.17e-01   328.921s
1526000 -3.25410918e+01 -3.29544861e+03  3.26e+03   4.54e-02     1.13e-01   329.133s
1527000 -3.25443508e+01 -3.29498324e+03  3.26e+03   4.74e-02     1.10e-01   329.345s
1528000 -3.25474949e+01 -3.29451356e+03  3.26e+03   4.48e-02     1.12e-01   329.557s
1529000 -3.25501789e+01 -3.29404101e+03  3.26e+03   4.50e-02     1.14e-01   329.769s
1530000 -3.25522459e+01 -3.29357419e+03  3.26e+03   4.49e-02     1.13e-01   329.981s
1531000 -3.25546209e+01 -3.29310151e+03  3.26e+03   4.85e-02     1.17e-01   330.193s
1532000 -3.25556059e+01 -3.29263181e+03  3.26e+03   4.60e-02     1.14e-01   330.406s
1533000 -3.25564232e+01 -3.29215422e+03  3.26e+03   5.33e-02     1.13e-01   330.618s
1534000 -3.25568456e+01 -3.29167474e+03  3.26e+03   4.48e-02     1.16e-01   330.829s
1535000 -3.25557265e+01 -3.29120347e+03  3.26e+03   4.55e-02     1.20e-01   331.042s
1536000 -3.25537056e+01 -3.29073424e+03  3.26e+03   4.47e-02     1.24e-01   331.254s
1537000 -3.25517667e+01 -3.29026112e+03  3.26e+03   4.46e-02     1.26e-01   331.466s
1538000 -3.25495516e+01 -3.28979755e+03  3.26e+03   4.85e-02     1.26e-01   331.678s
1539000 -3.25464251e+01 -3.28933791e+03  3.26e+03   4.48e-02     1.27e-01   331.890s
1540000 -3.25432855e+01 -3.28886455e+03  3.26e+03   4.48e-02     1.26e-01   332.103s
1541000 -3.25411073e+01 -3.28839578e+03  3.26e+03   4.47e-02     1.26e-01   332.315s
1542000 -3.25386735e+01 -3.28792915e+03  3.26e+03   4.56e-02     1.18e-01   332.527s
1543000 -3.25365106e+01 -3.28746948e+03  3.25e+03   4.55e-02     1.18e-01   332.739s
1544000 -3.25346184e+01 -3.28699853e+03  3.25e+03   4.59e-02     1.11e-01   332.951s
1545000 -3.25335293e+01 -3.28653491e+03  3.25e+03   4.75e-02     1.08e-01   333.164s
1546000 -3.25326310e+01 -3.28606713e+03  3.25e+03   4.51e-02     1.04e-01   333.376s
1547000 -3.25325475e+01 -3.28560011e+03  3.25e+03   4.51e-02     9.87e-02   333.588s
1548000 -3.25328006e+01 -3.28513320e+03  3.25e+03   4.59e-02     9.80e-02   333.800s
1549000 -3.25331543e+01 -3.28466478e+03  3.25e+03   4.75e-02     9.81e-02   334.012s
1550000 -3.25339408e+01 -3.28419923e+03  3.25e+03   4.50e-02     9.91e-02   334.224s
1551000 -3.25347879e+01 -3.28373596e+03  3.25e+03   4.80e-02     1.01e-01   334.436s
1552000 -3.25353177e+01 -3.28326733e+03  3.25e+03   4.74e-02     9.92e-02   334.648s
1553000 -3.25358644e+01 -3.28279302e+03  3.25e+03   4.42e-02     9.88e-02   334.860s
1554000 -3.25354957e+01 -3.28232862e+03  3.25e+03   4.54e-02     1.02e-01   335.072s
1555000 -3.25350816e+01 -3.28186707e+03  3.25e+03   7.45e-02     1.19e-01   335.285s
1556000 -3.25345735e+01 -3.28140315e+03  3.25e+03   5.01e-02     1.02e-01   335.497s
1557000 -3.25342831e+01 -3.28093739e+03  3.25e+03   4.55e-02     1.02e-01   335.709s
1558000 -3.25338742e+01 -3.28047439e+03  3.25e+03   4.85e-02     1.01e-01   335.921s
1559000 -3.25335554e+01 -3.28001092e+03  3.25e+03   4.69e-02     1.00e-01   336.134s
1560000 -3.25333444e+01 -3.27954070e+03  3.25e+03   4.45e-02     1.01e-01   336.346s
1561000 -3.25333073e+01 -3.27907030e+03  3.25e+03   4.46e-02     1.02e-01   336.558s
1562000 -3.25336258e+01 -3.27860069e+03  3.25e+03   4.41e-02     1.03e-01   336.770s
1563000 -3.25335614e+01 -3.27813373e+03  3.25e+03   4.41e-02     1.02e-01   336.982s
1564000 -3.25337320e+01 -3.27766983e+03  3.25e+03   4.64e-02     1.02e-01   337.194s
1565000 -3.25343790e+01 -3.27720610e+03  3.24e+03   4.45e-02     9.87e-02   337.407s
1566000 -3.25343053e+01 -3.27673986e+03  3.24e+03   4.76e-02     9.80e-02   337.619s
1567000 -3.25344552e+01 -3.27627853e+03  3.24e+03   4.43e-02     9.59e-02   337.831s
1568000 -3.25341068e+01 -3.27581577e+03  3.24e+03   4.42e-02     9.50e-02   338.044s
1569000 -3.25339965e+01 -3.27535973e+03  3.24e+03   4.49e-02     9.08e-02   338.256s
1570000 -3.25343001e+01 -3.27490262e+03  3.24e+03   4.43e-02     9.29e-02   338.468s
1571000 -3.25347602e+01 -3.27443775e+03  3.24e+03   4.44e-02     9.27e-02   338.680s
1572000 -3.25348789e+01 -3.27397292e+03  3.24e+03   4.70e-02     9.30e-02   338.892s
1573000 -3.25342922e+01 -3.27350853e+03  3.24e+03   4.48e-02     9.45e-02   339.104s
1574000 -3.25333704e+01 -3.27304546e+03  3.24e+03   4.43e-02     9.33e-02   339.316s
1575000 -3.25330379e+01 -3.27258038e+03  3.24e+03   4.42e-02     9.36e-02   339.529s
1576000 -3.25322863e+01 -3.27211667e+03  3.24e+03   4.41e-02     9.23e-02   339.740s
1577000 -3.25315253e+01 -3.27165328e+03  3.24e+03   4.41e-02     9.22e-02   339.952s
1578000 -3.25313923e+01 -3.27118724e+03  3.24e+03   4.58e-02     9.13e-02   340.164s
1579000 -3.25318385e+01 -3.27072544e+03  3.24e+03   4.59e-02     9.02e-02   340.376s
1580000 -3.25324309e+01 -3.27026576e+03  3.24e+03   4.41e-02     8.90e-02   340.588s
1581000 -3.25329388e+01 -3.26980650e+03  3.24e+03   4.43e-02     8.56e-02   340.800s
1582000 -3.25323923e+01 -3.26934198e+03  3.24e+03   4.43e-02     8.53e-02   341.012s
1583000 -3.25329563e+01 -3.26887633e+03  3.24e+03   4.41e-02     8.80e-02   341.224s
1584000 -3.25334670e+01 -3.26841456e+03  3.24e+03   4.41e-02     8.69e-02   341.436s
1585000 -3.25333727e+01 -3.26794899e+03  3.24e+03   4.64e-02     8.86e-02   341.648s
1586000 -3.25334920e+01 -3.26748587e+03  3.23e+03   4.52e-02     9.14e-02   341.860s
1587000 -3.25328696e+01 -3.26702465e+03  3.23e+03   4.51e-02     9.27e-02   342.072s
1588000 -3.25318999e+01 -3.26656318e+03  3.23e+03   4.40e-02     9.21e-02   342.284s
1589000 -3.25310276e+01 -3.26610012e+03  3.23e+03   4.50e-02     9.32e-02   342.496s
1590000 -3.25297159e+01 -3.26563938e+03  3.23e+03   4.39e-02     9.36e-02   342.708s
1591000 -3.25286166e+01 -3.26517813e+03  3.23e+03   4.60e-02     9.19e-02   342.920s
1592000 -3.25278532e+01 -3.26471679e+03  3.23e+03   4.45e-02     9.18e-02   343.132s
1593000 -3.25272023e+01 -3.26425487e+03  3.23e+03   4.51e-02     9.08e-02   343.345s
1594000 -3.25270382e+01 -3.26379369e+03  3.23e+03   4.54e-02     8.97e-02   343.557s
1595000 -3.25272722e+01 -3.26333443e+03  3.23e+03   4.42e-02     9.00e-02   343.769s
1596000 -3.25269601e+01 -3.26287255e+03  3.23e+03   4.40e-02     8.89e-02   343.981s
1597000 -3.25264969e+01 -3.26241053e+03  3.23e+03   4.40e-02     8.90e-02   344.193s
1598000 -3.25264371e+01 -3.26194985e+03  3.23e+03   4.39e-02     9.04e-02   344.405s
1599000 -3.25261185e+01 -3.26150084e+03  3.23e+03   1.15e-01     9.30e-02   344.617s
1600000 -3.25256280e+01 -3.26104039e+03  3.23e+03   4.52e-02     9.05e-02   344.829s
1601000 -3.25252552e+01 -3.26058102e+03  3.23e+03   4.38e-02     9.01e-02   345.041s
1602000 -3.25251311e+01 -3.26012928e+03  3.23e+03   4.42e-02     9.23e-02   345.253s
1603000 -3.25247708e+01 -3.25965379e+03  3.23e+03   4.41e-02     9.31e-02   345.465s
1604000 -3.25236531e+01 -3.25921002e+03  3.23e+03   4.46e-02     9.33e-02   345.677s
1605000 -3.25216673e+01 -3.25874998e+03  3.23e+03   4.47e-02     9.45e-02   345.889s
1606000 -3.25198743e+01 -3.25829526e+03  3.23e+03   4.43e-02     9.58e-02   346.101s
1607000 -3.25187243e+01 -3.25783714e+03  3.23e+03   4.40e-02     9.28e-02   346.314s
1608000 -3.25174594e+01 -3.25738208e+03  3.22e+03   4.37e-02     9.10e-02   346.525s
1609000 -3.25164402e+01 -3.25692742e+03  3.22e+03   4.42e-02     9.01e-02   346.738s
1610000 -3.25162427e+01 -3.25647978e+03  3.22e+03   4.49e-02     9.02e-02   346.950s
1611000 -3.25160988e+01 -3.25602271e+03  3.22e+03   4.37e-02     8.76e-02   347.162s
1612000 -3.25156727e+01 -3.25557269e+03  3.22e+03   4.36e-02     8.87e-02   347.375s
1613000 -3.25156674e+01 -3.25511743e+03  3.22e+03   4.40e-02     8.89e-02   347.587s
1614000 -3.25156636e+01 -3.25466461e+03  3.22e+03   4.37e-02     8.82e-02   347.799s
1615000 -3.25156737e+01 -3.25421426e+03  3.22e+03   4.39e-02     8.72e-02   348.011s
1616000 -3.25153194e+01 -3.25376284e+03  3.22e+03   4.36e-02     8.68e-02   348.223s
1617000 -3.25144882e+01 -3.25331395e+03  3.22e+03   4.35e-02     8.81e-02   348.435s
1618000 -3.25138481e+01 -3.25286398e+03  3.22e+03   4.34e-02     8.89e-02   348.648s
1619000 -3.25132406e+01 -3.25241455e+03  3.22e+03   4.36e-02     9.03e-02   348.860s
1620000 -3.25124138e+01 -3.25196295e+03  3.22e+03   4.37e-02     9.18e-02   349.072s
1621000 -3.25115303e+01 -3.25150865e+03  3.22e+03   4.37e-02     9.07e-02   349.284s
1622000 -3.25106315e+01 -3.25105389e+03  3.22e+03   4.57e-02     8.94e-02   349.496s
1623000 -3.25098780e+01 -3.25060055e+03  3.22e+03   4.48e-02     9.02e-02   349.708s
1624000 -3.25090051e+01 -3.25014923e+03  3.22e+03   8.84e-02     9.13e-02   349.920s
1625000 -3.25080550e+01 -3.24969542e+03  3.22e+03   4.37e-02     9.13e-02   350.132s
1626000 -3.25072831e+01 -3.24924244e+03  3.22e+03   4.69e-02     9.01e-02   350.345s
1627000 -3.25063456e+01 -3.24879141e+03  3.22e+03   4.48e-02     8.99e-02   350.557s
1628000 -3.25056288e+01 -3.24834627e+03  3.22e+03   4.33e-02     8.87e-02   350.769s
1629000 -3.25051357e+01 -3.24789347e+03  3.22e+03   4.37e-02     8.35e-02   350.981s
1630000 -3.25044282e+01 -3.24744386e+03  3.21e+03   4.54e-02     8.21e-02   351.193s
1631000 -3.25041408e+01 -3.24699828e+03  3.21e+03   4.37e-02     8.40e-02   351.405s
1632000 -3.25039857e+01 -3.24654789e+03  3.21e+03   4.39e-02     8.35e-02   351.618s
1633000 -3.25036556e+01 -3.24610236e+03  3.21e+03   4.31e-02     8.68e-02   351.830s
1634000 -3.25035592e+01 -3.24565737e+03  3.21e+03   4.31e-02     8.53e-02   352.042s
1635000 -3.25030323e+01 -3.24520886e+03  3.21e+03   4.33e-02     8.71e-02   352.254s
1636000 -3.25021066e+01 -3.24476566e+03  3.21e+03   4.47e-02     8.29e-02   352.466s
1637000 -3.25019604e+01 -3.24431935e+03  3.21e+03   4.32e-02     7.91e-02   352.678s
1638000 -3.25021608e+01 -3.24387629e+03  3.21e+03   4.32e-02     7.88e-02   352.890s
1639000 -3.25025249e+01 -3.24342750e+03  3.21e+03   1.40e-01     7.90e-02   353.102s
1640000 -3.25030917e+01 -3.24298574e+03  3.21e+03   4.38e-02     7.77e-02   353.314s
1641000 -3.25032425e+01 -3.24254115e+03  3.21e+03   4.55e-02     8.02e-02   353.526s
1642000 -3.25032769e+01 -3.24209859e+03  3.21e+03   4.36e-02     7.90e-02   353.738s
1643000 -3.25035771e+01 -3.24165884e+03  3.21e+03   5.20e-02     7.98e-02   353.949s
1644000 -3.25040887e+01 -3.24121591e+03  3.21e+03   4.79e-02     8.17e-02   354.161s
1645000 -3.25043584e+01 -3.24077460e+03  3.21e+03   5.01e-02     7.90e-02   354.374s
1646000 -3.25046635e+01 -3.24033011e+03  3.21e+03   4.42e-02     7.75e-02   354.585s
1647000 -3.25048904e+01 -3.23989198e+03  3.21e+03   5.03e-02     7.90e-02   354.798s
1648000 -3.25050864e+01 -3.23945018e+03  3.21e+03   4.29e-02     7.60e-02   355.009s
1649000 -3.25056745e+01 -3.23900852e+03  3.21e+03   4.31e-02     7.67e-02   355.222s
1650000 -3.25061566e+01 -3.23856572e+03  3.21e+03   4.30e-02     7.69e-02   355.434s
1651000 -3.25062987e+01 -3.23812360e+03  3.21e+03   4.37e-02     7.73e-02   355.646s
1652000 -3.25066905e+01 -3.23768354e+03  3.21e+03   4.28e-02     7.70e-02   355.858s
1653000 -3.25070353e+01 -3.23724257e+03  3.20e+03   4.69e-02     7.57e-02   356.069s
1654000 -3.25072576e+01 -3.23680136e+03  3.20e+03   4.26e-02     7.43e-02   356.282s
1655000 -3.25076814e+01 -3.23636206e+03  3.20e+03   4.25e-02     7.33e-02   356.493s
1656000 -3.25078117e+01 -3.23592029e+03  3.20e+03   4.26e-02     7.34e-02   356.705s
1657000 -3.25077756e+01 -3.23548005e+03  3.20e+03   4.30e-02     7.39e-02   356.917s
1658000 -3.25078750e+01 -3.23504019e+03  3.20e+03   4.26e-02     7.32e-02   357.130s
1659000 -3.25079095e+01 -3.23459868e+03  3.20e+03   4.96e-02     7.26e-02   357.341s
1660000 -3.25081678e+01 -3.23415638e+03  3.20e+03   4.38e-02     7.34e-02   357.554s
1661000 -3.25086854e+01 -3.23371675e+03  3.20e+03   4.26e-02     7.37e-02   357.766s
1662000 -3.25091299e+01 -3.23327434e+03  3.20e+03   4.31e-02     7.30e-02   357.978s
1663000 -3.25093726e+01 -3.23283393e+03  3.20e+03   4.26e-02     7.17e-02   358.190s
1664000 -3.25095807e+01 -3.23239594e+03  3.20e+03   4.30e-02     7.19e-02   358.402s
1665000 -3.25096517e+01 -3.23195620e+03  3.20e+03   4.35e-02     7.27e-02   358.614s
1666000 -3.25094990e+01 -3.23151655e+03  3.20e+03   4.33e-02     7.36e-02   358.826s
1667000 -3.25098171e+01 -3.23107570e+03  3.20e+03   4.25e-02     7.39e-02   359.038s
1668000 -3.25097410e+01 -3.23063734e+03  3.20e+03   5.16e-02     7.30e-02   359.251s
1669000 -3.25095882e+01 -3.23019729e+03  3.20e+03   4.29e-02     7.34e-02   359.463s
1670000 -3.25102263e+01 -3.22975620e+03  3.20e+03   4.27e-02     7.41e-02   359.675s
1671000 -3.25105848e+01 -3.22931413e+03  3.20e+03   4.67e-02     7.55e-02   359.887s
1672000 -3.25107340e+01 -3.22887707e+03  3.20e+03   4.79e-02     7.52e-02   360.099s
1673000 -3.25113186e+01 -3.22843790e+03  3.20e+03   4.27e-02     7.29e-02   360.311s
1674000 -3.25113715e+01 -3.22799787e+03  3.20e+03   6.75e-02     7.33e-02   360.523s
1675000 -3.25110251e+01 -3.22756038e+03  3.20e+03   4.59e-02     7.57e-02   360.735s
1676000 -3.25108191e+01 -3.22712381e+03  3.19e+03   4.59e-02     7.42e-02   360.947s
1677000 -3.25103149e+01 -3.22668571e+03  3.19e+03   4.34e-02     7.33e-02   361.159s
1678000 -3.25099001e+01 -3.22624511e+03  3.19e+03   4.34e-02     7.25e-02   361.371s
1679000 -3.25098561e+01 -3.22580525e+03  3.19e+03   4.62e-02     7.27e-02   361.584s
1680000 -3.25097849e+01 -3.22536589e+03  3.19e+03   4.26e-02     7.29e-02   361.796s
1681000 -3.25098935e+01 -3.22492937e+03  3.19e+03   4.24e-02     7.22e-02   362.007s
1682000 -3.25103978e+01 -3.22449179e+03  3.19e+03   4.26e-02     7.18e-02   362.219s
1683000 -3.25105905e+01 -3.22405013e+03  3.19e+03   4.33e-02     7.18e-02   362.431s
1684000 -3.25105612e+01 -3.22361208e+03  3.19e+03   4.54e-02     7.15e-02   362.644s
1685000 -3.25106643e+01 -3.22317683e+03  3.19e+03   4.96e-02     7.11e-02   362.856s
1686000 -3.25104237e+01 -3.22274009e+03  3.19e+03   4.55e-02     7.18e-02   363.069s
1687000 -3.25100168e+01 -3.22230173e+03  3.19e+03   4.59e-02     7.18e-02   363.280s
1688000 -3.25098841e+01 -3.22186580e+03  3.19e+03   4.51e-02     7.23e-02   363.493s
1689000 -3.25098133e+01 -3.22142903e+03  3.19e+03   4.36e-02     7.23e-02   363.705s
1690000 -3.25096656e+01 -3.22099214e+03  3.19e+03   4.30e-02     7.08e-02   363.917s
1691000 -3.25098348e+01 -3.22055433e+03  3.19e+03   4.40e-02     7.06e-02   364.130s
1692000 -3.25099526e+01 -3.22011679e+03  3.19e+03   4.36e-02     7.27e-02   364.342s
1693000 -3.25100318e+01 -3.21968059e+03  3.19e+03   5.74e-02     7.33e-02   364.554s
1694000 -3.25105189e+01 -3.21924469e+03  3.19e+03   5.02e-02     7.33e-02   364.766s
1695000 -3.25109164e+01 -3.21880703e+03  3.19e+03   4.32e-02     7.23e-02   364.978s
1696000 -3.25109877e+01 -3.21836973e+03  3.19e+03   4.40e-02     7.13e-02   365.190s
1697000 -3.25109004e+01 -3.21793430e+03  3.19e+03   4.50e-02     7.18e-02   365.403s
1698000 -3.25106133e+01 -3.21750050e+03  3.18e+03   4.34e-02     7.21e-02   365.615s
1699000 -3.25102911e+01 -3.21706406e+03  3.18e+03   4.33e-02     7.16e-02   365.827s
1700000 -3.25101778e+01 -3.21662385e+03  3.18e+03   4.31e-02     7.09e-02   366.039s
1701000 -3.25099852e+01 -3.21618995e+03  3.18e+03   4.44e-02     7.07e-02   366.251s
1702000 -3.25098323e+01 -3.21575317e+03  3.18e+03   4.45e-02     6.99e-02   366.463s
1703000 -3.25099200e+01 -3.21531653e+03  3.18e+03   4.58e-02     6.92e-02   366.675s
1704000 -3.25101398e+01 -3.21487914e+03  3.18e+03   4.28e-02     6.86e-02   366.887s
1705000 -3.25103794e+01 -3.21444402e+03  3.18e+03   5.33e-02     6.82e-02   367.099s
1706000 -3.25106971e+01 -3.21400816e+03  3.18e+03   4.36e-02     7.72e-02   367.311s
1707000 -3.25110077e+01 -3.21357604e+03  3.18e+03   4.29e-02     7.09e-02   367.523s
1708000 -3.25111497e+01 -3.21313992e+03  3.18e+03   5.29e-02     6.88e-02   367.735s
1709000 -3.25113083e+01 -3.21270669e+03  3.18e+03   4.34e-02     6.87e-02   367.947s
1710000 -3.25113250e+01 -3.21227237e+03  3.18e+03   4.31e-02     6.78e-02   368.159s
1711000 -3.25113703e+01 -3.21183584e+03  3.18e+03   4.23e-02     6.77e-02   368.371s
1712000 -3.25116029e+01 -3.21139914e+03  3.18e+03   4.35e-02     6.80e-02   368.583s
1713000 -3.25115486e+01 -3.21096616e+03  3.18e+03   4.24e-02     6.82e-02   368.795s
1714000 -3.25114343e+01 -3.21053207e+03  3.18e+03   4.21e-02     6.76e-02   369.007s
1715000 -3.25114913e+01 -3.21009795e+03  3.18e+03   4.31e-02     6.66e-02   369.219s
1716000 -3.25116586e+01 -3.20966609e+03  3.18e+03   4.31e-02     6.68e-02   369.431s
1717000 -3.25119851e+01 -3.20923274e+03  3.18e+03   4.29e-02     6.75e-02   369.644s
1718000 -3.25122283e+01 -3.20879956e+03  3.18e+03   4.22e-02     7.08e-02   369.857s
1719000 -3.25125257e+01 -3.20836488e+03  3.18e+03   4.24e-02     8.33e-02   370.068s
1720000 -3.25130028e+01 -3.20792928e+03  3.18e+03   4.62e-02     8.14e-02   370.281s
1721000 -3.25134053e+01 -3.20749627e+03  3.17e+03   4.20e-02     7.59e-02   370.493s
1722000 -3.25137652e+01 -3.20706285e+03  3.17e+03   4.35e-02     8.70e-02   370.705s
1723000 -3.25139796e+01 -3.20663249e+03  3.17e+03   4.24e-02     8.10e-02   370.918s
1724000 -3.25142166e+01 -3.20620097e+03  3.17e+03   4.18e-02     7.50e-02   371.130s
1725000 -3.25144924e+01 -3.20576814e+03  3.17e+03   1.51e-01     7.51e-02   371.342s
1726000 -3.25144742e+01 -3.20533563e+03  3.17e+03   4.92e-02     8.78e-02   371.554s
1727000 -3.25146239e+01 -3.20490436e+03  3.17e+03   4.61e-02     8.39e-02   371.766s
1728000 -3.25148569e+01 -3.20447340e+03  3.17e+03   4.25e-02     7.95e-02   371.978s
1729000 -3.25149953e+01 -3.20404231e+03  3.17e+03   4.17e-02     7.16e-02   372.190s
1730000 -3.25153239e+01 -3.20361440e+03  3.17e+03   7.14e-02     6.72e-02   372.403s
1731000 -3.25155173e+01 -3.20318710e+03  3.17e+03   4.65e-02     6.78e-02   372.615s
1732000 -3.25158079e+01 -3.20275972e+03  3.17e+03   1.01e-01     8.62e-02   372.827s
1733000 -3.25162464e+01 -3.20233363e+03  3.17e+03   4.18e-02     7.86e-02   373.038s
1734000 -3.25164898e+01 -3.20190499e+03  3.17e+03   6.62e-02     6.89e-02   373.251s
1735000 -3.25168586e+01 -3.20147901e+03  3.17e+03   5.12e-02     6.77e-02   373.463s
1736000 -3.25171655e+01 -3.20105489e+03  3.17e+03   4.36e-02     6.77e-02   373.675s
1737000 -3.25175085e+01 -3.20063201e+03  3.17e+03   4.12e-02     6.82e-02   373.887s
1738000 -3.25178866e+01 -3.20020814e+03  3.17e+03   4.22e-02     6.79e-02   374.099s
1739000 -3.25181378e+01 -3.19978454e+03  3.17e+03   4.69e-02     6.68e-02   374.311s
1740000 -3.25184609e+01 -3.19935912e+03  3.17e+03   4.20e-02     6.69e-02   374.524s
1741000 -3.25190338e+01 -3.19893531e+03  3.17e+03   4.20e-02     6.71e-02   374.735s
1742000 -3.25195393e+01 -3.19850992e+03  3.17e+03   4.25e-02     6.64e-02   374.947s
1743000 -3.25199786e+01 -3.19808562e+03  3.17e+03   4.22e-02     6.70e-02   375.160s
1744000 -3.25204207e+01 -3.19766130e+03  3.17e+03   4.19e-02     6.53e-02   375.372s
1745000 -3.25207778e+01 -3.19723639e+03  3.16e+03   4.13e-02     6.60e-02   375.584s
1746000 -3.25209913e+01 -3.19681209e+03  3.16e+03   4.13e-02     6.54e-02   375.796s
1747000 -3.25211254e+01 -3.19638629e+03  3.16e+03   4.18e-02     6.64e-02   376.008s
1748000 -3.25212110e+01 -3.19596403e+03  3.16e+03   4.32e-02     6.72e-02   376.220s
1749000 -3.25213640e+01 -3.19553948e+03  3.16e+03   4.21e-02     6.63e-02   376.433s
1750000 -3.25216097e+01 -3.19511618e+03  3.16e+03   9.46e-02     6.66e-02   376.645s
1751000 -3.25218737e+01 -3.19469151e+03  3.16e+03   4.14e-02     6.50e-02   376.857s
1752000 -3.25223495e+01 -3.19427014e+03  3.16e+03   4.18e-02     6.49e-02   377.070s
1753000 -3.25229615e+01 -3.19384721e+03  3.16e+03   4.25e-02     6.45e-02   377.282s
1754000 -3.25236456e+01 -3.19342353e+03  3.16e+03   4.36e-02     6.45e-02   377.494s
1755000 -3.25249216e+01 -3.19300063e+03  3.16e+03   4.29e-02     6.38e-02   377.706s
1756000 -3.25256279e+01 -3.19257487e+03  3.16e+03   4.34e-02     6.43e-02   377.918s
1757000 -3.25260536e+01 -3.19214959e+03  3.16e+03   4.40e-02     6.31e-02   378.130s
1758000 -3.25268936e+01 -3.19172490e+03  3.16e+03   4.17e-02     6.28e-02   378.343s
1759000 -3.25275905e+01 -3.19130291e+03  3.16e+03   4.15e-02     6.17e-02   378.555s
1760000 -3.25281221e+01 -3.19088064e+03  3.16e+03   4.16e-02     6.27e-02   378.767s
1761000 -3.25287339e+01 -3.19045948e+03  3.16e+03   4.20e-02     6.24e-02   378.979s
1762000 -3.25290887e+01 -3.19003644e+03  3.16e+03   4.21e-02     6.30e-02   379.192s
1763000 -3.25292055e+01 -3.18961347e+03  3.16e+03   4.18e-02     6.24e-02   379.404s
1764000 -3.25295371e+01 -3.18919291e+03  3.16e+03   4.14e-02     6.21e-02   379.616s
1765000 -3.25300209e+01 -3.18877195e+03  3.16e+03   4.19e-02     6.24e-02   379.829s
1766000 -3.25302477e+01 -3.18835121e+03  3.16e+03   4.14e-02     6.24e-02   380.041s
1767000 -3.25307463e+01 -3.18793127e+03  3.16e+03   4.13e-02     6.26e-02   380.253s
1768000 -3.25313002e+01 -3.18751184e+03  3.15e+03   4.12e-02     6.28e-02   380.465s
1769000 -3.25314833e+01 -3.18709133e+03  3.15e+03   4.44e-02     6.24e-02   380.677s
1770000 -3.25320983e+01 -3.18666908e+03  3.15e+03   4.13e-02     6.21e-02   380.889s
1771000 -3.25327761e+01 -3.18624922e+03  3.15e+03   4.14e-02     6.22e-02   381.101s
1772000 -3.25331592e+01 -3.18582513e+03  3.15e+03   4.14e-02     6.28e-02   381.313s
1773000 -3.25336418e+01 -3.18539906e+03  3.15e+03   4.14e-02     6.24e-02   381.525s
1774000 -3.25339062e+01 -3.18497252e+03  3.15e+03   4.11e-02     6.19e-02   381.738s
1775000 -3.25340946e+01 -3.18454748e+03  3.15e+03   4.38e-02     6.20e-02   381.949s
1776000 -3.25345740e+01 -3.18412356e+03  3.15e+03   4.12e-02     6.22e-02   382.162s
1777000 -3.25349554e+01 -3.18369702e+03  3.15e+03   4.11e-02     6.22e-02   382.374s
1778000 -3.25352457e+01 -3.18327171e+03  3.15e+03   4.24e-02     6.18e-02   382.586s
1779000 -3.25357403e+01 -3.18284628e+03  3.15e+03   4.12e-02     6.11e-02   382.798s
1780000 -3.25361015e+01 -3.18242001e+03  3.15e+03   4.14e-02     6.09e-02   383.010s
1781000 -3.25364691e+01 -3.18199660e+03  3.15e+03   4.15e-02     6.08e-02   383.222s
1782000 -3.25371101e+01 -3.18157410e+03  3.15e+03   4.31e-02     6.11e-02   383.434s
1783000 -3.25376025e+01 -3.18115315e+03  3.15e+03   4.32e-02     6.06e-02   383.646s
1784000 -3.25379722e+01 -3.18073156e+03  3.15e+03   4.18e-02     6.06e-02   383.859s
1785000 -3.25384658e+01 -3.18031199e+03  3.15e+03   4.20e-02     6.06e-02   384.071s
1786000 -3.25389744e+01 -3.17989263e+03  3.15e+03   4.09e-02     6.05e-02   384.283s
1787000 -3.25394561e+01 -3.17947125e+03  3.15e+03   4.11e-02     6.02e-02   384.495s
1788000 -3.25399500e+01 -3.17905069e+03  3.15e+03   4.14e-02     5.97e-02   384.707s
1789000 -3.25404386e+01 -3.17863039e+03  3.15e+03   4.29e-02     5.98e-02   384.919s
1790000 -3.25408986e+01 -3.17821113e+03  3.15e+03   4.10e-02     6.11e-02   385.131s
1791000 -3.25413304e+01 -3.17778819e+03  3.15e+03   4.10e-02     6.11e-02   385.343s
1792000 -3.25419145e+01 -3.17736888e+03  3.14e+03   4.76e-02     6.10e-02   385.555s
1793000 -3.25424506e+01 -3.17694366e+03  3.14e+03   4.17e-02     6.06e-02   385.768s
1794000 -3.25431061e+01 -3.17651931e+03  3.14e+03   4.35e-02     5.95e-02   385.980s
1795000 -3.25438808e+01 -3.17609482e+03  3.14e+03   4.09e-02     5.91e-02   386.192s
1796000 -3.25444680e+01 -3.17566966e+03  3.14e+03   4.24e-02     6.40e-02   386.404s
1797000 -3.25451873e+01 -3.17524678e+03  3.14e+03   4.37e-02     6.37e-02   386.615s
1798000 -3.25458369e+01 -3.17482634e+03  3.14e+03   4.23e-02     6.40e-02   386.827s
1799000 -3.25463724e+01 -3.17440411e+03  3.14e+03   4.14e-02     6.21e-02   387.040s
1800000 -3.25470818e+01 -3.17398265e+03  3.14e+03   4.09e-02     6.20e-02   387.252s
1801000 -3.25476037e+01 -3.17356067e+03  3.14e+03   4.08e-02     6.03e-02   387.464s
1802000 -3.25481738e+01 -3.17313854e+03  3.14e+03   4.08e-02     5.94e-02   387.676s
1803000 -3.25488149e+01 -3.17272129e+03  3.14e+03   4.14e-02     5.90e-02   387.888s
1804000 -3.25492906e+01 -3.17230345e+03  3.14e+03   4.09e-02     5.94e-02   388.101s
1805000 -3.25498161e+01 -3.17188554e+03  3.14e+03   4.15e-02     5.91e-02   388.313s
1806000 -3.25503075e+01 -3.17146830e+03  3.14e+03   4.08e-02     5.90e-02   388.525s
1807000 -3.25506900e+01 -3.17105123e+03  3.14e+03   4.08e-02     5.95e-02   388.737s
1808000 -3.25512043e+01 -3.17063380e+03  3.14e+03   4.16e-02     5.95e-02   388.949s
1809000 -3.25516364e+01 -3.17021666e+03  3.14e+03   4.12e-02     5.95e-02   389.161s
1810000 -3.25518878e+01 -3.16979869e+03  3.14e+03   4.08e-02     5.95e-02   389.373s
1811000 -3.25521211e+01 -3.16938029e+03  3.14e+03   4.11e-02     5.94e-02   389.586s
1812000 -3.25523655e+01 -3.16895882e+03  3.14e+03   4.25e-02     5.96e-02   389.798s
1813000 -3.25526498e+01 -3.16853863e+03  3.14e+03   4.10e-02     5.94e-02   390.010s
1814000 -3.25529214e+01 -3.16811952e+03  3.14e+03   4.15e-02     5.92e-02   390.222s
1815000 -3.25531528e+01 -3.16769880e+03  3.14e+03   4.07e-02     5.86e-02   390.434s
1816000 -3.25533462e+01 -3.16727707e+03  3.13e+03   4.11e-02     5.91e-02   390.646s
1817000 -3.25535076e+01 -3.16685768e+03  3.13e+03   4.09e-02     5.95e-02   390.858s
1818000 -3.25536546e+01 -3.16643561e+03  3.13e+03   4.09e-02     5.93e-02   391.070s
1819000 -3.25537755e+01 -3.16601376e+03  3.13e+03   4.08e-02     5.92e-02   391.282s
1820000 -3.25539877e+01 -3.16559300e+03  3.13e+03   4.09e-02     5.91e-02   391.494s
1821000 -3.25541876e+01 -3.16517311e+03  3.13e+03   4.08e-02     5.94e-02   391.706s
1822000 -3.25543486e+01 -3.16475365e+03  3.13e+03   4.16e-02     5.91e-02   391.918s
1823000 -3.25544759e+01 -3.16433422e+03  3.13e+03   4.41e-02     5.89e-02   392.131s
1824000 -3.25545783e+01 -3.16391373e+03  3.13e+03   4.11e-02     5.85e-02   392.343s
1825000 -3.25546647e+01 -3.16349565e+03  3.13e+03   4.12e-02     5.85e-02   392.555s
1826000 -3.25547783e+01 -3.16307659e+03  3.13e+03   4.10e-02     5.86e-02   392.767s
1827000 -3.25549220e+01 -3.16265815e+03  3.13e+03   4.08e-02     5.85e-02   392.979s
1828000 -3.25550311e+01 -3.16224152e+03  3.13e+03   4.09e-02     5.84e-02   393.191s
1829000 -3.25551531e+01 -3.16182442e+03  3.13e+03   4.08e-02     5.83e-02   393.403s
1830000 -3.25553338e+01 -3.16140542e+03  3.13e+03   4.09e-02     5.84e-02   393.615s
1831000 -3.25554646e+01 -3.16098767e+03  3.13e+03   4.08e-02     5.84e-02   393.827s
1832000 -3.25556420e+01 -3.16056923e+03  3.13e+03   4.10e-02     5.81e-02   394.039s
1833000 -3.25557954e+01 -3.16014827e+03  3.13e+03   4.13e-02     5.80e-02   394.251s
1834000 -3.25560368e+01 -3.15972987e+03  3.13e+03   4.10e-02     5.76e-02   394.464s
1835000 -3.25563663e+01 -3.15931049e+03  3.13e+03   4.10e-02     5.72e-02   394.676s
1836000 -3.25565669e+01 -3.15888882e+03  3.13e+03   4.08e-02     5.73e-02   394.888s
1837000 -3.25567983e+01 -3.15846796e+03  3.13e+03   4.07e-02     5.73e-02   395.100s
1838000 -3.25571076e+01 -3.15804910e+03  3.13e+03   4.12e-02     5.77e-02   395.313s
1839000 -3.25573460e+01 -3.15762822e+03  3.13e+03   4.07e-02     5.70e-02   395.525s
1840000 -3.25576261e+01 -3.15721029e+03  3.12e+03   4.13e-02     5.77e-02   395.737s
1841000 -3.25578616e+01 -3.15679072e+03  3.12e+03   4.23e-02     5.70e-02   395.949s
1842000 -3.25580693e+01 -3.15636974e+03  3.12e+03   4.10e-02     5.77e-02   396.161s
1843000 -3.25583077e+01 -3.15594892e+03  3.12e+03   4.13e-02     5.69e-02   396.374s
1844000 -3.25586473e+01 -3.15552996e+03  3.12e+03   4.10e-02     5.74e-02   396.586s
1845000 -3.25589504e+01 -3.15511060e+03  3.12e+03   4.32e-02     5.64e-02   396.798s
1846000 -3.25591798e+01 -3.15469307e+03  3.12e+03   4.10e-02     5.63e-02   397.010s
1847000 -3.25595453e+01 -3.15427415e+03  3.12e+03   4.13e-02     5.68e-02   397.222s
1848000 -3.25599236e+01 -3.15385579e+03  3.12e+03   4.08e-02     5.67e-02   397.434s
1849000 -3.25601750e+01 -3.15343814e+03  3.12e+03   4.07e-02     5.63e-02   397.647s
1850000 -3.25604738e+01 -3.15301988e+03  3.12e+03   4.07e-02     5.57e-02   397.859s
1851000 -3.25606886e+01 -3.15260069e+03  3.12e+03   4.09e-02     5.66e-02   398.071s
1852000 -3.25608475e+01 -3.15218405e+03  3.12e+03   4.12e-02     5.68e-02   398.283s
1853000 -3.25610869e+01 -3.15176410e+03  3.12e+03   4.08e-02     5.65e-02   398.495s
1854000 -3.25612650e+01 -3.15134378e+03  3.12e+03   4.07e-02     5.62e-02   398.708s
1855000 -3.25614069e+01 -3.15092463e+03  3.12e+03   4.16e-02     5.65e-02   398.920s
1856000 -3.25615205e+01 -3.15050534e+03  3.12e+03   4.06e-02     5.71e-02   399.132s
1857000 -3.25616558e+01 -3.15008527e+03  3.12e+03   4.07e-02     5.65e-02   399.343s
1858000 -3.25617883e+01 -3.14966744e+03  3.12e+03   4.07e-02     5.66e-02   399.556s
1859000 -3.25619130e+01 -3.14924719e+03  3.12e+03   4.11e-02     5.63e-02   399.768s
1860000 -3.25620923e+01 -3.14882758e+03  3.12e+03   4.11e-02     5.69e-02   399.980s
1861000 -3.25621886e+01 -3.14840855e+03  3.12e+03   4.08e-02     5.67e-02   400.193s
1862000 -3.25623535e+01 -3.14798755e+03  3.12e+03   4.08e-02     5.65e-02   400.405s
1863000 -3.25625219e+01 -3.14756904e+03  3.12e+03   4.07e-02     5.62e-02   400.616s
1864000 -3.25625744e+01 -3.14714987e+03  3.11e+03   4.07e-02     5.62e-02   400.829s
1865000 -3.25627033e+01 -3.14673111e+03  3.11e+03   4.10e-02     5.67e-02   401.041s
1866000 -3.25628749e+01 -3.14631421e+03  3.11e+03   4.07e-02     5.60e-02   401.253s
1867000 -3.25630450e+01 -3.14589565e+03  3.11e+03   4.07e-02     5.55e-02   401.465s
1868000 -3.25632666e+01 -3.14547566e+03  3.11e+03   4.10e-02     5.55e-02   401.677s
1869000 -3.25635091e+01 -3.14505591e+03  3.11e+03   4.06e-02     5.53e-02   401.889s
1870000 -3.25637334e+01 -3.14463708e+03  3.11e+03   4.17e-02     5.48e-02   402.100s
1871000 -3.25639800e+01 -3.14421825e+03  3.11e+03   4.12e-02     5.47e-02   402.313s
1872000 -3.25642340e+01 -3.14380132e+03  3.11e+03   4.43e-02     5.51e-02   402.525s
1873000 -3.25644709e+01 -3.14338305e+03  3.11e+03   4.07e-02     5.52e-02   402.738s
1874000 -3.25647635e+01 -3.14296307e+03  3.11e+03   4.12e-02     5.49e-02   402.950s
1875000 -3.25650421e+01 -3.14254339e+03  3.11e+03   4.08e-02     5.48e-02   403.163s
1876000 -3.25652470e+01 -3.14212493e+03  3.11e+03   4.72e-02     5.73e-02   403.375s
1877000 -3.25654959e+01 -3.14170707e+03  3.11e+03   4.27e-02     5.64e-02   403.587s
1878000 -3.25657757e+01 -3.14128899e+03  3.11e+03   4.07e-02     5.58e-02   403.800s
1879000 -3.25659416e+01 -3.14087124e+03  3.11e+03   4.09e-02     6.05e-02   404.012s
1880000 -3.25660824e+01 -3.14045273e+03  3.11e+03   4.59e-02     5.55e-02   404.225s
1881000 -3.25662736e+01 -3.14003362e+03  3.11e+03   4.26e-02     5.61e-02   404.437s
1882000 -3.25665798e+01 -3.13961413e+03  3.11e+03   4.06e-02     5.57e-02   404.649s
1883000 -3.25668820e+01 -3.13919797e+03  3.11e+03   4.06e-02     5.50e-02   404.862s
1884000 -3.25671087e+01 -3.13877977e+03  3.11e+03   4.18e-02     5.45e-02   405.074s
1885000 -3.25674089e+01 -3.13836031e+03  3.11e+03   4.06e-02     5.51e-02   405.287s
1886000 -3.25677070e+01 -3.13794224e+03  3.11e+03   4.06e-02     5.48e-02   405.499s
1887000 -3.25680562e+01 -3.13752438e+03  3.10e+03   4.05e-02     5.42e-02   405.712s
1888000 -3.25684175e+01 -3.13710582e+03  3.10e+03   4.10e-02     5.37e-02   405.924s
1889000 -3.25686706e+01 -3.13668844e+03  3.10e+03   4.08e-02     5.53e-02   406.137s
1890000 -3.25690143e+01 -3.13626993e+03  3.10e+03   4.09e-02     5.51e-02   406.349s
1891000 -3.25693773e+01 -3.13585264e+03  3.10e+03   4.07e-02     5.44e-02   406.562s
1892000 -3.25696765e+01 -3.13543601e+03  3.10e+03   4.14e-02     5.46e-02   406.774s
1893000 -3.25699609e+01 -3.13501833e+03  3.10e+03   4.08e-02     5.45e-02   406.987s
1894000 -3.25702578e+01 -3.13460005e+03  3.10e+03   4.06e-02     5.47e-02   407.199s
1895000 -3.25705862e+01 -3.13418062e+03  3.10e+03   4.09e-02     5.44e-02   407.411s
1896000 -3.25709219e+01 -3.13376274e+03  3.10e+03   4.05e-02     5.40e-02   407.624s
1897000 -3.25712059e+01 -3.13334420e+03  3.10e+03   4.07e-02     5.37e-02   407.837s
1898000 -3.25714596e+01 -3.13292647e+03  3.10e+03   4.10e-02     5.36e-02   408.049s
1899000 -3.25717501e+01 -3.13250861e+03  3.10e+03   4.05e-02     5.42e-02   408.262s
1900000 -3.25719987e+01 -3.13209223e+03  3.10e+03   4.09e-02     5.46e-02   408.475s
1901000 -3.25722056e+01 -3.13167521e+03  3.10e+03   4.11e-02     5.46e-02   408.687s
1902000 -3.25724059e+01 -3.13125590e+03  3.10e+03   4.14e-02     5.39e-02   408.900s
1903000 -3.25726552e+01 -3.13083610e+03  3.10e+03   4.07e-02     5.44e-02   409.112s
1904000 -3.25729454e+01 -3.13041884e+03  3.10e+03   4.06e-02     5.45e-02   409.325s
1905000 -3.25731466e+01 -3.13000322e+03  3.10e+03   4.09e-02     5.37e-02   409.538s
1906000 -3.25733237e+01 -3.12958610e+03  3.10e+03   4.12e-02     5.42e-02   409.750s
1907000 -3.25736504e+01 -3.12916887e+03  3.10e+03   4.06e-02     5.37e-02   409.963s
1908000 -3.25740087e+01 -3.12875066e+03  3.10e+03   4.05e-02     5.37e-02   410.175s
1909000 -3.25743671e+01 -3.12833310e+03  3.10e+03   4.06e-02     5.35e-02   410.388s
1910000 -3.25747638e+01 -3.12791418e+03  3.10e+03   4.07e-02     5.36e-02   410.600s
1911000 -3.25751557e+01 -3.12749688e+03  3.09e+03   4.06e-02     5.32e-02   410.813s
1912000 -3.25756955e+01 -3.12708001e+03  3.09e+03   4.10e-02     5.27e-02   411.025s
1913000 -3.25761003e+01 -3.12666241e+03  3.09e+03   4.05e-02     5.24e-02   411.238s
1914000 -3.25764352e+01 -3.12624489e+03  3.09e+03   4.06e-02     5.23e-02   411.451s
1915000 -3.25768498e+01 -3.12582746e+03  3.09e+03   4.11e-02     5.25e-02   411.663s
1916000 -3.25771091e+01 -3.12541039e+03  3.09e+03   4.16e-02     5.25e-02   411.875s
1917000 -3.25773612e+01 -3.12499286e+03  3.09e+03   4.12e-02     5.27e-02   412.088s
1918000 -3.25775746e+01 -3.12457583e+03  3.09e+03   4.38e-02     5.28e-02   412.300s
1919000 -3.25777523e+01 -3.12416096e+03  3.09e+03   4.14e-02     5.33e-02   412.513s
1920000 -3.25780567e+01 -3.12374396e+03  3.09e+03   4.07e-02     5.37e-02   412.725s
1921000 -3.25783681e+01 -3.12332570e+03  3.09e+03   4.08e-02     5.30e-02   412.937s
1922000 -3.25787029e+01 -3.12290615e+03  3.09e+03   4.10e-02     5.27e-02   413.150s
1923000 -3.25790579e+01 -3.12248754e+03  3.09e+03   4.05e-02     5.25e-02   413.362s
1924000 -3.25794688e+01 -3.12207004e+03  3.09e+03   4.17e-02     5.22e-02   413.575s
1925000 -3.25799169e+01 -3.12165707e+03  3.09e+03   4.11e-02     5.22e-02   413.788s
1926000 -3.25801798e+01 -3.12124116e+03  3.09e+03   4.06e-02     5.25e-02   414.000s
1927000 -3.25804602e+01 -3.12082296e+03  3.09e+03   4.15e-02     5.29e-02   414.212s
1928000 -3.25808595e+01 -3.12040535e+03  3.09e+03   4.19e-02     5.24e-02   414.425s
1929000 -3.25812237e+01 -3.11998639e+03  3.09e+03   4.08e-02     5.24e-02   414.637s
1930000 -3.25816374e+01 -3.11957172e+03  3.09e+03   4.11e-02     5.24e-02   414.850s
1931000 -3.25820081e+01 -3.11915449e+03  3.09e+03   4.12e-02     5.20e-02   415.062s
1932000 -3.25823041e+01 -3.11873778e+03  3.09e+03   4.07e-02     5.14e-02   415.275s
1933000 -3.25826799e+01 -3.11832256e+03  3.09e+03   4.15e-02     5.10e-02   415.487s
1934000 -3.25830539e+01 -3.11790492e+03  3.09e+03   4.16e-02     5.13e-02   415.700s
1935000 -3.25835831e+01 -3.11748866e+03  3.08e+03   4.09e-02     5.14e-02   415.912s
1936000 -3.25841600e+01 -3.11707159e+03  3.08e+03   4.10e-02     5.12e-02   416.125s
1937000 -3.25847343e+01 -3.11665391e+03  3.08e+03   4.06e-02     5.12e-02   416.338s
1938000 -3.25852565e+01 -3.11623774e+03  3.08e+03   4.07e-02     5.13e-02   416.550s
1939000 -3.25856892e+01 -3.11582108e+03  3.08e+03   4.05e-02     5.14e-02   416.763s
1940000 -3.25861009e+01 -3.11540441e+03  3.08e+03   4.07e-02     5.23e-02   416.976s
1941000 -3.25865143e+01 -3.11499046e+03  3.08e+03   4.07e-02     5.13e-02   417.188s
1942000 -3.25870065e+01 -3.11457377e+03  3.08e+03   4.09e-02     5.10e-02   417.400s
1943000 -3.25874152e+01 -3.11415654e+03  3.08e+03   4.04e-02     5.18e-02   417.613s
1944000 -3.25880244e+01 -3.11374154e+03  3.08e+03   4.07e-02     5.17e-02   417.826s
1945000 -3.25887789e+01 -3.11332729e+03  3.08e+03   4.07e-02     5.15e-02   418.039s
1946000 -3.25894009e+01 -3.11291020e+03  3.08e+03   4.06e-02     5.14e-02   418.251s
1947000 -3.25898714e+01 -3.11249530e+03  3.08e+03   4.05e-02     5.15e-02   418.464s
1948000 -3.25902418e+01 -3.11208002e+03  3.08e+03   4.05e-02     5.12e-02   418.676s
1949000 -3.25906727e+01 -3.11166205e+03  3.08e+03   4.04e-02     5.12e-02   418.889s
1950000 -3.25912265e+01 -3.11124597e+03  3.08e+03   4.04e-02     5.10e-02   419.101s
1951000 -3.25916869e+01 -3.11082995e+03  3.08e+03   4.10e-02     5.11e-02   419.314s
1952000 -3.25921707e+01 -3.11041422e+03  3.08e+03   4.04e-02     5.13e-02   419.526s
1953000 -3.25927284e+01 -3.10999640e+03  3.08e+03   4.10e-02     5.08e-02   419.738s
1954000 -3.25932129e+01 -3.10958167e+03  3.08e+03   4.05e-02     5.02e-02   419.951s
1955000 -3.25939093e+01 -3.10916428e+03  3.08e+03   4.08e-02     5.00e-02   420.164s
1956000 -3.25947117e+01 -3.10874805e+03  3.08e+03   4.08e-02     4.99e-02   420.376s
1957000 -3.25954134e+01 -3.10833079e+03  3.08e+03   4.07e-02     4.97e-02   420.588s
1958000 -3.25961293e+01 -3.10791185e+03  3.08e+03   4.10e-02     4.99e-02   420.801s
1959000 -3.25967587e+01 -3.10749701e+03  3.07e+03   4.05e-02     4.97e-02   421.013s
1960000 -3.25973945e+01 -3.10708190e+03  3.07e+03   4.05e-02     4.99e-02   421.226s
1961000 -3.25980101e+01 -3.10666808e+03  3.07e+03   4.05e-02     4.98e-02   421.438s
1962000 -3.25985769e+01 -3.10625231e+03  3.07e+03   4.04e-02     5.00e-02   421.651s
1963000 -3.25992306e+01 -3.10583580e+03  3.07e+03   4.05e-02     5.04e-02   421.863s
1964000 -3.25999484e+01 -3.10541910e+03  3.07e+03   4.05e-02     5.03e-02   422.076s
1965000 -3.26006868e+01 -3.10500302e+03  3.07e+03   4.07e-02     4.96e-02   422.289s
1966000 -3.26013573e+01 -3.10458858e+03  3.07e+03   4.04e-02     4.93e-02   422.501s
1967000 -3.26020389e+01 -3.10417374e+03  3.07e+03   4.04e-02     4.96e-02   422.714s
1968000 -3.26027407e+01 -3.10375884e+03  3.07e+03   4.06e-02     5.01e-02   422.926s
1969000 -3.26033708e+01 -3.10334166e+03  3.07e+03   4.18e-02     5.02e-02   423.138s
1970000 -3.26038431e+01 -3.10292635e+03  3.07e+03   4.11e-02     5.05e-02   423.351s
1971000 -3.26043567e+01 -3.10251220e+03  3.07e+03   4.07e-02     5.13e-02   423.563s
1972000 -3.26048581e+01 -3.10209588e+03  3.07e+03   4.11e-02     5.10e-02   423.775s
1973000 -3.26052805e+01 -3.10167677e+03  3.07e+03   4.04e-02     5.06e-02   423.988s
1974000 -3.26058623e+01 -3.10125932e+03  3.07e+03   4.06e-02     4.97e-02   424.200s
1975000 -3.26065845e+01 -3.10084280e+03  3.07e+03   4.09e-02     4.97e-02   424.413s
1976000 -3.26072937e+01 -3.10042941e+03  3.07e+03   4.03e-02     4.98e-02   424.625s
1977000 -3.26079837e+01 -3.10001434e+03  3.07e+03   4.21e-02     5.02e-02   424.837s
1978000 -3.26085569e+01 -3.09960077e+03  3.07e+03   4.19e-02     5.04e-02   425.050s
1979000 -3.26091569e+01 -3.09918962e+03  3.07e+03   4.47e-02     5.02e-02   425.263s
1980000 -3.26098552e+01 -3.09877508e+03  3.07e+03   7.66e-02     5.79e-02   425.475s
1981000 -3.26105099e+01 -3.09836230e+03  3.07e+03   4.71e-02     5.25e-02   425.687s
1982000 -3.26111270e+01 -3.09794558e+03  3.07e+03   4.07e-02     5.07e-02   425.899s
1983000 -3.26117712e+01 -3.09753038e+03  3.06e+03   4.10e-02     5.18e-02   426.112s
1984000 -3.26123739e+01 -3.09711409e+03  3.06e+03   4.16e-02     5.10e-02   426.324s
1985000 -3.26129963e+01 -3.09670335e+03  3.06e+03   4.04e-02     5.06e-02   426.537s
1986000 -3.26136257e+01 -3.09628861e+03  3.06e+03   4.15e-02     5.07e-02   426.749s
1987000 -3.26144360e+01 -3.09587597e+03  3.06e+03   4.06e-02     5.02e-02   426.962s
1988000 -3.26153125e+01 -3.09545904e+03  3.06e+03   4.09e-02     4.95e-02   427.174s
1989000 -3.26160805e+01 -3.09504297e+03  3.06e+03   4.03e-02     4.93e-02   427.387s
1990000 -3.26168701e+01 -3.09462881e+03  3.06e+03   4.12e-02     4.91e-02   427.599s
1991000 -3.26176424e+01 -3.09421433e+03  3.06e+03   4.13e-02     4.95e-02   427.812s
1992000 -3.26183582e+01 -3.09380032e+03  3.06e+03   4.02e-02     4.94e-02   428.024s
1993000 -3.26189780e+01 -3.09338680e+03  3.06e+03   4.08e-02     4.96e-02   428.237s
1994000 -3.26196121e+01 -3.09297464e+03  3.06e+03   4.12e-02     4.91e-02   428.450s
1995000 -3.26201510e+01 -3.09256204e+03  3.06e+03   4.16e-02     4.89e-02   428.662s
1996000 -3.26206435e+01 -3.09214839e+03  3.06e+03   4.24e-02     4.95e-02   428.874s
1997000 -3.26212516e+01 -3.09173415e+03  3.06e+03   4.05e-02     4.98e-02   429.087s
1998000 -3.26218411e+01 -3.09132046e+03  3.06e+03   4.05e-02     4.92e-02   429.299s
1999000 -3.26223618e+01 -3.09090805e+03  3.06e+03   4.03e-02     5.03e-02   429.511s
2000000 -3.26228780e+01 -3.09049628e+03  3.06e+03   4.06e-02     5.02e-02   429.724s
2001000 -3.26232656e+01 -3.09008287e+03  3.06e+03   4.05e-02     5.02e-02   429.937s
2002000 -3.26235663e+01 -3.08966682e+03  3.06e+03   4.07e-02     5.02e-02   430.149s
2003000 -3.26239330e+01 -3.08925126e+03  3.06e+03   4.10e-02     5.00e-02   430.362s
2004000 -3.26244003e+01 -3.08883726e+03  3.06e+03   4.02e-02     4.94e-02   430.574s
2005000 -3.26249437e+01 -3.08842475e+03  3.06e+03   4.04e-02     4.88e-02   430.787s
2006000 -3.26254665e+01 -3.08801340e+03  3.06e+03   4.07e-02     4.92e-02   431.000s
2007000 -3.26258846e+01 -3.08760040e+03  3.05e+03   4.04e-02     4.92e-02   431.212s
2008000 -3.26263156e+01 -3.08718677e+03  3.05e+03   4.03e-02     4.90e-02   431.425s
2009000 -3.26266346e+01 -3.08677052e+03  3.05e+03   4.03e-02     4.89e-02   431.637s
2010000 -3.26268752e+01 -3.08635535e+03  3.05e+03   4.10e-02     4.88e-02   431.850s
2011000 -3.26272181e+01 -3.08594169e+03  3.05e+03   4.05e-02     4.89e-02   432.063s
2012000 -3.26276287e+01 -3.08552680e+03  3.05e+03   4.05e-02     4.86e-02   432.275s
2013000 -3.26280503e+01 -3.08511581e+03  3.05e+03   4.07e-02     4.86e-02   432.488s
2014000 -3.26283740e+01 -3.08470377e+03  3.05e+03   4.13e-02     4.88e-02   432.700s
2015000 -3.26286940e+01 -3.08429257e+03  3.05e+03   4.08e-02     4.94e-02   432.912s
2016000 -3.26289569e+01 -3.08387857e+03  3.05e+03   4.04e-02     4.98e-02   433.124s
2017000 -3.26292198e+01 -3.08346344e+03  3.05e+03   4.09e-02     4.92e-02   433.337s
2018000 -3.26296099e+01 -3.08305007e+03  3.05e+03   4.09e-02     4.89e-02   433.549s
2019000 -3.26299870e+01 -3.08263921e+03  3.05e+03   4.06e-02     4.84e-02   433.762s
2020000 -3.26303330e+01 -3.08223109e+03  3.05e+03   4.02e-02     4.84e-02   433.974s
2021000 -3.26306443e+01 -3.08181727e+03  3.05e+03   4.07e-02     4.86e-02   434.187s
2022000 -3.26309346e+01 -3.08140414e+03  3.05e+03   4.04e-02     4.85e-02   434.399s
2023000 -3.26311103e+01 -3.08098909e+03  3.05e+03   4.04e-02     4.86e-02   434.612s
2024000 -3.26313086e+01 -3.08057624e+03  3.05e+03   4.25e-02     4.87e-02   434.825s
2025000 -3.26315556e+01 -3.08016225e+03  3.05e+03   4.16e-02     4.87e-02   435.037s
2026000 -3.26318427e+01 -3.07974838e+03  3.05e+03   4.06e-02     4.85e-02   435.249s
2027000 -3.26321699e+01 -3.07933465e+03  3.05e+03   4.07e-02     4.81e-02   435.462s
2028000 -3.26324022e+01 -3.07892044e+03  3.05e+03   4.05e-02     4.79e-02   435.674s
2029000 -3.26327263e+01 -3.07850769e+03  3.05e+03   4.02e-02     4.79e-02   435.887s
2030000 -3.26332050e+01 -3.07809481e+03  3.05e+03   4.05e-02     4.80e-02   436.099s
2031000 -3.26335979e+01 -3.07768265e+03  3.05e+03   4.02e-02     4.79e-02   436.311s
2032000 -3.26339658e+01 -3.07727094e+03  3.04e+03   4.02e-02     4.80e-02   436.524s
2033000 -3.26343964e+01 -3.07685854e+03  3.04e+03   4.01e-02     4.81e-02   436.736s
2034000 -3.26347023e+01 -3.07644727e+03  3.04e+03   4.02e-02     4.80e-02   436.949s
2035000 -3.26350311e+01 -3.07603674e+03  3.04e+03   4.01e-02     4.78e-02   437.161s
2036000 -3.26353388e+01 -3.07562514e+03  3.04e+03   4.02e-02     4.77e-02   437.373s
2037000 -3.26355898e+01 -3.07521407e+03  3.04e+03   4.03e-02     4.80e-02   437.586s
2038000 -3.26359446e+01 -3.07480168e+03  3.04e+03   4.09e-02     4.81e-02   437.798s
2039000 -3.26362435e+01 -3.07438796e+03  3.04e+03   4.38e-02     4.79e-02   438.011s
2040000 -3.26364961e+01 -3.07397633e+03  3.04e+03   4.01e-02     4.78e-02   438.223s
2041000 -3.26368586e+01 -3.07356458e+03  3.04e+03   4.03e-02     4.77e-02   438.436s
2042000 -3.26371800e+01 -3.07315102e+03  3.04e+03   4.01e-02     4.77e-02   438.649s
2043000 -3.26375741e+01 -3.07273813e+03  3.04e+03   4.01e-02     4.72e-02   438.861s
2044000 -3.26380375e+01 -3.07232293e+03  3.04e+03   4.01e-02     4.75e-02   439.074s
2045000 -3.26384800e+01 -3.07190847e+03  3.04e+03   4.02e-02     4.83e-02   439.286s
2046000 -3.26389468e+01 -3.07149539e+03  3.04e+03   4.01e-02     4.85e-02   439.499s
2047000 -3.26392551e+01 -3.07108122e+03  3.04e+03   4.03e-02     4.79e-02   439.711s
2048000 -3.26395143e+01 -3.07067076e+03  3.04e+03   4.03e-02     4.75e-02   439.924s
2049000 -3.26397873e+01 -3.07025829e+03  3.04e+03   4.01e-02     4.78e-02   440.137s
2050000 -3.26400802e+01 -3.06984693e+03  3.04e+03   4.01e-02     4.79e-02   440.349s
2051000 -3.26405884e+01 -3.06943554e+03  3.04e+03   4.03e-02     4.81e-02   440.561s
2052000 -3.26411656e+01 -3.06902527e+03  3.04e+03   4.01e-02     4.72e-02   440.774s
2053000 -3.26416503e+01 -3.06861635e+03  3.04e+03   4.06e-02     4.75e-02   440.986s
2054000 -3.26420761e+01 -3.06820475e+03  3.04e+03   4.05e-02     4.81e-02   441.199s
2055000 -3.26423256e+01 -3.06779346e+03  3.04e+03   4.01e-02     4.81e-02   441.411s
2056000 -3.26427297e+01 -3.06738345e+03  3.03e+03   4.01e-02     4.81e-02   441.624s
2057000 -3.26431337e+01 -3.06696914e+03  3.03e+03   4.04e-02     4.79e-02   441.836s
2058000 -3.26434540e+01 -3.06655609e+03  3.03e+03   4.01e-02     4.80e-02   442.048s
2059000 -3.26439377e+01 -3.06614427e+03  3.03e+03   4.01e-02     4.80e-02   442.261s
2060000 -3.26443912e+01 -3.06573167e+03  3.03e+03   4.00e-02     4.79e-02   442.473s
2061000 -3.26447272e+01 -3.06531830e+03  3.03e+03   4.01e-02     4.77e-02   442.686s
2062000 -3.26450875e+01 -3.06490823e+03  3.03e+03   4.04e-02     4.78e-02   442.898s
2063000 -3.26454583e+01 -3.06449153e+03  3.03e+03   4.09e-02     4.82e-02   443.111s
2064000 -3.26459616e+01 -3.06408034e+03  3.03e+03   4.33e-02     4.79e-02   443.324s
2065000 -3.26464333e+01 -3.06367227e+03  3.03e+03   4.27e-02     4.82e-02   443.536s
2066000 -3.26469083e+01 -3.06326862e+03  3.03e+03   6.60e-02     4.87e-02   443.749s
2067000 -3.26475138e+01 -3.06285822e+03  3.03e+03   4.89e-02     5.48e-02   443.961s
2068000 -3.26479341e+01 -3.06244912e+03  3.03e+03   4.71e-02     5.16e-02   444.173s
2069000 -3.26483104e+01 -3.06204049e+03  3.03e+03   4.36e-02     5.42e-02   444.386s
2070000 -3.26487918e+01 -3.06163195e+03  3.03e+03   5.68e-02     5.19e-02   444.599s
2071000 -3.26492605e+01 -3.06122532e+03  3.03e+03   4.86e-02     4.95e-02   444.811s
2072000 -3.26499792e+01 -3.06081794e+03  3.03e+03   4.37e-02     5.10e-02   445.024s
2073000 -3.26508142e+01 -3.06041409e+03  3.03e+03   4.01e-02     4.94e-02   445.236s
2074000 -3.26514800e+01 -3.06000375e+03  3.03e+03   3.99e-02     4.90e-02   445.449s
2075000 -3.26521249e+01 -3.05959540e+03  3.03e+03   4.45e-02     4.85e-02   445.662s
2076000 -3.26528342e+01 -3.05918767e+03  3.03e+03   4.13e-02     5.00e-02   445.874s
2077000 -3.26537061e+01 -3.05878287e+03  3.03e+03   4.01e-02     4.96e-02   446.087s
2078000 -3.26545769e+01 -3.05837390e+03  3.03e+03   3.99e-02     4.92e-02   446.299s
2079000 -3.26552549e+01 -3.05796426e+03  3.03e+03   4.11e-02     4.91e-02   446.512s
2080000 -3.26559415e+01 -3.05755318e+03  3.02e+03   4.31e-02     4.86e-02   446.724s
2081000 -3.26565242e+01 -3.05714757e+03  3.02e+03   4.27e-02     4.91e-02   446.937s
2082000 -3.26572163e+01 -3.05673973e+03  3.02e+03   4.73e-02     4.86e-02   447.149s
2083000 -3.26577140e+01 -3.05633246e+03  3.02e+03   4.20e-02     4.79e-02   447.362s
2084000 -3.26581955e+01 -3.05592555e+03  3.02e+03   4.27e-02     4.79e-02   447.574s
2085000 -3.26588088e+01 -3.05552029e+03  3.02e+03   4.25e-02     4.88e-02   447.787s
2086000 -3.26594183e+01 -3.05511518e+03  3.02e+03   4.06e-02     4.85e-02   448.000s
2087000 -3.26598573e+01 -3.05470947e+03  3.02e+03   4.00e-02     4.79e-02   448.212s
2088000 -3.26604246e+01 -3.05430343e+03  3.02e+03   4.01e-02     4.77e-02   448.425s
2089000 -3.26608787e+01 -3.05389939e+03  3.02e+03   4.00e-02     4.85e-02   448.637s
2090000 -3.26613368e+01 -3.05349550e+03  3.02e+03   4.01e-02     4.83e-02   448.850s
2091000 -3.26618754e+01 -3.05309227e+03  3.02e+03   3.98e-02     4.78e-02   449.062s
2092000 -3.26623704e+01 -3.05268646e+03  3.02e+03   4.01e-02     4.76e-02   449.275s
2093000 -3.26629338e+01 -3.05227850e+03  3.02e+03   4.51e-02     4.82e-02   449.487s
2094000 -3.26635473e+01 -3.05187024e+03  3.02e+03   4.05e-02     4.84e-02   449.700s
2095000 -3.26642039e+01 -3.05146152e+03  3.02e+03   3.99e-02     4.77e-02   449.912s
2096000 -3.26649267e+01 -3.05105321e+03  3.02e+03   4.00e-02     4.70e-02   450.125s
2097000 -3.26655399e+01 -3.05064523e+03  3.02e+03   4.12e-02     4.70e-02   450.336s
2098000 -3.26662281e+01 -3.05024027e+03  3.02e+03   4.00e-02     4.79e-02   450.549s
2099000 -3.26670390e+01 -3.04983474e+03  3.02e+03   4.18e-02     4.79e-02   450.760s
2100000 -3.26677767e+01 -3.04942862e+03  3.02e+03   4.24e-02     4.76e-02   450.973s
2101000 -3.26683577e+01 -3.04902074e+03  3.02e+03   4.20e-02     4.76e-02   451.184s
2102000 -3.26690539e+01 -3.04861518e+03  3.02e+03   3.99e-02     4.83e-02   451.397s
2103000 -3.26698378e+01 -3.04821058e+03  3.02e+03   3.97e-02     4.85e-02   451.609s
2104000 -3.26705877e+01 -3.04780673e+03  3.02e+03   4.04e-02     4.78e-02   451.821s
2105000 -3.26711907e+01 -3.04740238e+03  3.01e+03   3.97e-02     4.76e-02   452.033s
2106000 -3.26716912e+01 -3.04699971e+03  3.01e+03   4.01e-02     4.74e-02   452.245s
2107000 -3.26720542e+01 -3.04659678e+03  3.01e+03   4.00e-02     4.83e-02   452.457s
2108000 -3.26723490e+01 -3.04619200e+03  3.01e+03   4.03e-02     4.82e-02   452.670s
2109000 -3.26725051e+01 -3.04578771e+03  3.01e+03   3.98e-02     4.77e-02   452.882s
2110000 -3.26726705e+01 -3.04537973e+03  3.01e+03   3.98e-02     4.72e-02   453.094s
2111000 -3.26730150e+01 -3.04497297e+03  3.01e+03   4.03e-02     4.70e-02   453.306s
2112000 -3.26735021e+01 -3.04456576e+03  3.01e+03   3.97e-02     4.73e-02   453.518s
2113000 -3.26739924e+01 -3.04415817e+03  3.01e+03   3.98e-02     4.66e-02   453.730s
2114000 -3.26742853e+01 -3.04375019e+03  3.01e+03   3.99e-02     4.62e-02   453.943s
2115000 -3.26747448e+01 -3.04334339e+03  3.01e+03   3.99e-02     4.67e-02   454.155s
2116000 -3.26752135e+01 -3.04293685e+03  3.01e+03   4.02e-02     4.75e-02   454.367s
2117000 -3.26755211e+01 -3.04253219e+03  3.01e+03   3.99e-02     4.72e-02   454.579s
2118000 -3.26758984e+01 -3.04212617e+03  3.01e+03   4.06e-02     4.68e-02   454.791s
2119000 -3.26763445e+01 -3.04172224e+03  3.01e+03   4.02e-02     4.71e-02   455.003s
2120000 -3.26767211e+01 -3.04131810e+03  3.01e+03   3.98e-02     4.77e-02   455.216s
2121000 -3.26771941e+01 -3.04091368e+03  3.01e+03   4.09e-02     4.77e-02   455.427s
2122000 -3.26777001e+01 -3.04051200e+03  3.01e+03   4.04e-02     4.71e-02   455.640s
2123000 -3.26779711e+01 -3.04010741e+03  3.01e+03   3.98e-02     4.67e-02   455.852s
2124000 -3.26783081e+01 -3.03970431e+03  3.01e+03   4.00e-02     4.70e-02   456.064s
2125000 -3.26786956e+01 -3.03930004e+03  3.01e+03   3.98e-02     4.72e-02   456.276s
2126000 -3.26789629e+01 -3.03889541e+03  3.01e+03   4.02e-02     4.67e-02   456.488s
2127000 -3.26792287e+01 -3.03848896e+03  3.01e+03   4.25e-02     4.60e-02   456.700s
2128000 -3.26795108e+01 -3.03808151e+03  3.01e+03   3.97e-02     4.61e-02   456.912s
2129000 -3.26797839e+01 -3.03767533e+03  3.00e+03   3.99e-02     4.68e-02   457.124s
2130000 -3.26799481e+01 -3.03726989e+03  3.00e+03   3.97e-02     4.66e-02   457.336s
2131000 -3.26803364e+01 -3.03686254e+03  3.00e+03   3.97e-02     4.64e-02   457.549s
2132000 -3.26806052e+01 -3.03645647e+03  3.00e+03   3.97e-02     4.65e-02   457.761s
2133000 -3.26808306e+01 -3.03605008e+03  3.00e+03   4.01e-02     4.68e-02   457.973s
2134000 -3.26811954e+01 -3.03564285e+03  3.00e+03   4.15e-02     4.70e-02   458.185s
2135000 -3.26816201e+01 -3.03523866e+03  3.00e+03   3.98e-02     4.69e-02   458.397s
2136000 -3.26821166e+01 -3.03483571e+03  3.00e+03   4.00e-02     4.65e-02   458.609s
2137000 -3.26826306e+01 -3.03443261e+03  3.00e+03   3.97e-02     4.66e-02   458.821s
2138000 -3.26828173e+01 -3.03403017e+03  3.00e+03   4.02e-02     4.69e-02   459.033s
2139000 -3.26833190e+01 -3.03362598e+03  3.00e+03   3.98e-02     4.70e-02   459.245s
2140000 -3.26838342e+01 -3.03322302e+03  3.00e+03   4.26e-02     4.69e-02   459.457s
2141000 -3.26840438e+01 -3.03282239e+03  3.00e+03   4.06e-02     4.67e-02   459.669s
2142000 -3.26843339e+01 -3.03242254e+03  3.00e+03   4.04e-02     4.67e-02   459.881s
2143000 -3.26848404e+01 -3.03201673e+03  3.00e+03   4.31e-02     4.69e-02   460.094s
2144000 -3.26851512e+01 -3.03161719e+03  3.00e+03   4.01e-02     4.72e-02   460.306s
2145000 -3.26856380e+01 -3.03121536e+03  3.00e+03   3.98e-02     4.84e-02   460.518s
2146000 -3.26859724e+01 -3.03080886e+03  3.00e+03   4.00e-02     4.76e-02   460.730s
2147000 -3.26861456e+01 -3.03040117e+03  3.00e+03   3.97e-02     4.75e-02   460.942s
2148000 -3.26866175e+01 -3.02977814e+03  3.00e+03   3.96e-01     4.75e-02   461.155s
2149000 -3.26871442e+01 -3.02934917e+03  3.00e+03   1.41e-01     4.67e-02   461.367s
2150000 -3.26875460e+01 -3.02894880e+03  3.00e+03   4.34e-01     4.68e-02   461.580s
2151000 -3.26880353e+01 -3.02857672e+03  3.00e+03   1.18e+00     4.61e-02   461.792s
2152000 -3.26881603e+01 -3.01678838e+03  2.98e+03   6.58e-02     5.73e+00   462.005s
2153000 -3.26925658e+01 -3.00555680e+03  2.97e+03   7.84e-02     2.39e+00   462.217s
2154000 -3.27171901e+01 -2.99432242e+03  2.96e+03   5.74e-02     6.99e+00   462.429s
2155000 -3.28011609e+01 -2.98330791e+03  2.95e+03   3.56e-02     1.16e+01   462.641s
2156000 -3.30154783e+01 -2.97224515e+03  2.94e+03   2.99e-02     1.82e+01   462.854s
2157000 -3.32524155e+01 -2.96127853e+03  2.93e+03   3.25e-02     2.27e+01   463.066s
2158000 -3.35274392e+01 -2.95030970e+03  2.92e+03   6.41e-02     2.22e+01   463.278s
2159000 -3.35811750e+01 -2.94088214e+03  2.91e+03   6.40e-02     1.01e+01   463.490s
2160000 -3.35832173e+01 -2.93048337e+03  2.90e+03   3.72e-02     8.47e+00   463.702s
2161000 -3.35840997e+01 -2.92032863e+03  2.89e+03   3.37e-02     1.50e+01   463.914s
2162000 -3.35841591e+01 -2.91044441e+03  2.88e+03   2.80e-02     9.25e+00   464.126s
2163000 -3.35848370e+01 -2.90041078e+03  2.87e+03   3.16e-02     4.63e+00   464.338s
2164000 -3.35850941e+01 -2.89054307e+03  2.86e+03   2.89e-02     3.51e+00   464.550s
2165000 -3.35851910e+01 -2.88050933e+03  2.85e+03   2.83e-02     3.85e+00   464.762s
2166000 -3.35855495e+01 -2.87060272e+03  2.84e+03   2.98e-02     5.49e+00   464.974s
2167000 -3.35857488e+01 -2.86077647e+03  2.83e+03   3.45e-02     5.94e+00   465.186s
2168000 -3.35857429e+01 -2.85096257e+03  2.82e+03   3.63e-02     4.72e+00   465.398s
2169000 -3.35859423e+01 -2.84113259e+03  2.81e+03   3.68e-02     3.97e+00   465.611s
2170000 -3.35860244e+01 -2.83132050e+03  2.80e+03   3.57e-02     3.74e+00   465.822s
2171000 -3.35861355e+01 -2.82149153e+03  2.79e+03   2.84e-02     3.29e+00   466.035s
2172000 -3.35862870e+01 -2.81161136e+03  2.78e+03   2.67e-02     2.83e+00   466.247s
2173000 -3.35864715e+01 -2.80180505e+03  2.77e+03   2.68e-02     2.65e+00   466.459s
2174000 -3.35865725e+01 -2.79203939e+03  2.76e+03   2.79e-02     3.27e+00   466.671s
2175000 -3.35865420e+01 -2.78224946e+03  2.75e+03   3.39e-02     3.74e+00   466.883s
2176000 -3.35865030e+01 -2.77251050e+03  2.74e+03   2.71e-02     3.43e+00   467.095s
2177000 -3.35865256e+01 -2.76282920e+03  2.73e+03   2.71e-02     4.32e+00   467.308s
2178000 -3.35865882e+01 -2.75308573e+03  2.72e+03   2.71e-02     3.45e+00   467.520s
2179000 -3.35866892e+01 -2.74334720e+03  2.71e+03   2.68e-02     6.35e+00   467.732s
2180000 -3.35868287e+01 -2.73367979e+03  2.70e+03   2.80e-02     5.91e+00   467.944s
2181000 -3.35869447e+01 -2.72404102e+03  2.69e+03   2.66e-02     4.83e+00   468.156s
2182000 -3.35869580e+01 -2.71431026e+03  2.68e+03   2.64e-02     4.85e+00   468.368s
2183000 -3.35869394e+01 -2.70464521e+03  2.67e+03   2.72e-02     6.60e+00   468.580s
2184000 -3.35869529e+01 -2.69500299e+03  2.66e+03   3.09e-02     3.35e+00   468.792s
2185000 -3.35870105e+01 -2.68535311e+03  2.65e+03   3.09e-02     4.69e+00   469.004s
2186000 -3.35870820e+01 -2.67570671e+03  2.64e+03   2.70e-02     5.65e+00   469.217s
2187000 -3.35871858e+01 -2.66614262e+03  2.63e+03   2.66e-02     4.46e+00   469.429s
2188000 -3.35872912e+01 -2.65657830e+03  2.62e+03   2.63e-02     2.40e+00   469.641s
2189000 -3.35873426e+01 -2.64700637e+03  2.61e+03   2.66e-02     5.20e+00   469.853s
2190000 -3.35873476e+01 -2.63745294e+03  2.60e+03   2.65e-02     3.50e+00   470.065s
2191000 -3.35873540e+01 -2.62789777e+03  2.59e+03   2.62e-02     3.30e+00   470.277s
2192000 -3.35873999e+01 -2.61832681e+03  2.58e+03   2.62e-02     3.86e+00   470.490s
2193000 -3.35874646e+01 -2.60877136e+03  2.58e+03   2.61e-02     4.08e+00   470.701s
2194000 -3.35875434e+01 -2.59922764e+03  2.57e+03   2.68e-02     2.05e+00   470.914s
2195000 -3.35876365e+01 -2.58968753e+03  2.56e+03   2.64e-02     3.58e+00   471.126s
2196000 -3.35877071e+01 -2.58014197e+03  2.55e+03   2.68e-02     3.71e+00   471.338s
2197000 -3.35877318e+01 -2.57062602e+03  2.54e+03   2.68e-02     2.53e+00   471.550s
2198000 -3.35877322e+01 -2.56112403e+03  2.53e+03   3.13e-02     3.57e+00   471.762s
2199000 -3.35877628e+01 -2.55165909e+03  2.52e+03   2.86e-02     3.65e+00   471.974s
2200000 -3.35878187e+01 -2.54219452e+03  2.51e+03   2.70e-02     2.37e+00   472.187s
2201000 -3.35878867e+01 -2.53274068e+03  2.50e+03   2.62e-02     2.39e+00   472.399s
2202000 -3.35879619e+01 -2.52327884e+03  2.49e+03   2.60e-02     3.14e+00   472.611s
2203000 -3.35880365e+01 -2.51381480e+03  2.48e+03   2.60e-02     2.77e+00   472.823s
2204000 -3.35880850e+01 -2.50435608e+03  2.47e+03   2.65e-02     1.73e+00   473.035s
2205000 -3.35881032e+01 -2.49490404e+03  2.46e+03   2.61e-02     3.14e+00   473.247s
2206000 -3.35881240e+01 -2.48544264e+03  2.45e+03   2.60e-02     2.54e+00   473.460s
2207000 -3.35881691e+01 -2.47597238e+03  2.44e+03   2.60e-02     2.00e+00   473.672s
2208000 -3.35882267e+01 -2.46652166e+03  2.43e+03   2.60e-02     2.41e+00   473.884s
2209000 -3.35882924e+01 -2.45708525e+03  2.42e+03   2.60e-02     2.77e+00   474.096s
2210000 -3.35883506e+01 -2.44766249e+03  2.41e+03   3.67e-02     2.04e+00   474.308s
2211000 -3.35884164e+01 -2.43829841e+03  2.40e+03   2.68e-02     2.23e+00   474.520s
2212000 -3.35884431e+01 -2.42894713e+03  2.40e+03   2.63e-02     3.40e+00   474.733s
2213000 -3.35884634e+01 -2.41961784e+03  2.39e+03   2.64e-02     1.90e+00   474.944s
2214000 -3.35885027e+01 -2.41025388e+03  2.38e+03   2.60e-02     2.50e+00   475.156s
2215000 -3.35885549e+01 -2.40089169e+03  2.37e+03   2.59e-02     3.06e+00   475.368s
2216000 -3.35886121e+01 -2.39155322e+03  2.36e+03   2.58e-02     1.96e+00   475.580s
2217000 -3.35886784e+01 -2.38220404e+03  2.35e+03   2.58e-02     2.20e+00   475.792s
2218000 -3.35887434e+01 -2.37284619e+03  2.34e+03   2.58e-02     3.47e+00   476.004s
2219000 -3.35887836e+01 -2.36355530e+03  2.33e+03   2.58e-02     5.67e+00   476.216s
2220000 -3.35888016e+01 -2.35424571e+03  2.32e+03   2.58e-02     5.11e+00   476.428s
2221000 -3.35888331e+01 -2.34492038e+03  2.31e+03   2.64e-02     3.14e+00   476.640s
2222000 -3.35888711e+01 -2.33564634e+03  2.30e+03   2.83e-02     5.02e+00   476.853s
2223000 -3.35889226e+01 -2.32643336e+03  2.29e+03   2.61e-02     5.23e+00   477.065s
2224000 -3.35889819e+01 -2.31720002e+03  2.28e+03   2.64e-02     2.77e+00   477.277s
2225000 -3.35890531e+01 -2.30800416e+03  2.27e+03   2.69e-02     4.37e+00   477.489s
2226000 -3.35891034e+01 -2.29879045e+03  2.27e+03   2.58e-02     5.25e+00   477.701s
2227000 -3.35891258e+01 -2.28957826e+03  2.26e+03   2.59e-02     2.98e+00   477.913s
2228000 -3.35891547e+01 -2.28036354e+03  2.25e+03   2.56e-02     3.47e+00   478.125s
2229000 -3.35891995e+01 -2.27114767e+03  2.24e+03   2.56e-02     5.11e+00   478.337s
2230000 -3.35892449e+01 -2.26195152e+03  2.23e+03   2.56e-02     3.33e+00   478.549s
2231000 -3.35892912e+01 -2.25275014e+03  2.22e+03   2.56e-02     2.59e+00   478.761s
2232000 -3.35893531e+01 -2.24353926e+03  2.21e+03   2.56e-02     4.79e+00   478.973s
2233000 -3.35894101e+01 -2.23435224e+03  2.20e+03   2.56e-02     3.79e+00   479.185s
2234000 -3.35894194e+01 -2.22522338e+03  2.19e+03   2.57e-02     4.68e+00   479.398s
2235000 -3.35894422e+01 -2.21613375e+03  2.18e+03   2.55e-02     6.14e+00   479.610s
2236000 -3.35894804e+01 -2.20708051e+03  2.17e+03   2.54e-02     5.15e+00   479.823s
2237000 -3.35895165e+01 -2.19803928e+03  2.16e+03   2.56e-02     3.10e+00   480.035s
2238000 -3.35886375e+01 -1.50271054e+03  1.47e+03   3.03e-02     3.49e+02   480.248s
2239000 -3.35880076e+01 -9.31592198e+02  8.98e+02   3.49e-02     2.46e+02   480.460s
2240000 -3.35876971e+01 -4.27420608e+02  3.94e+02   2.24e-02     2.54e+02   480.672s
2241000 -3.35863351e+01 -7.61731370e+01  4.26e+01   2.73e-02     9.83e+02   480.884s
2242000 -3.38345444e+01 -9.51246523e+02  9.17e+02   7.97e+02     6.93e+00   481.099s
2243000 -3.36998453e+01 -7.33117337e+02  6.99e+02   6.60e+02     8.79e+00   481.313s
2244000 -3.35795206e+01 -5.22193196e+02  4.89e+02   8.63e+00     9.60e+00   481.525s
2245000 -3.35672723e+01 -4.51723502e+02  4.18e+02   2.77e+00     7.24e+00   481.737s
2246000 -3.35629243e+01 -4.27531835e+02  3.94e+02   2.17e+00     7.33e+00   481.949s
2247000 -3.35711773e+01 -4.05195871e+02  3.72e+02   5.62e+01     6.60e+00   482.161s
2248000 -3.35687328e+01 -3.85559254e+02  3.52e+02   5.70e+01     4.86e+00   482.373s
2249000 -3.35685995e+01 -3.58247452e+02  3.25e+02   1.87e+01     6.23e+00   482.586s
2250000 -3.35679894e+01 -3.10737211e+02  2.77e+02   1.22e+01     6.59e+00   482.799s
2251000 -3.35659338e+01 -2.91863474e+02  2.58e+02   2.46e+01     5.29e+00   483.011s
2252000 -3.35596363e+01 -2.73389792e+02  2.40e+02   2.66e+01     4.53e+00   483.223s
2253000 -3.35571460e+01 -2.53801512e+02  2.20e+02   7.65e-01     4.46e+00   483.436s
2254000 -3.35562506e+01 -2.38007049e+02  2.04e+02   7.12e+00     3.78e+00   483.648s
2255000 -3.35576396e+01 -2.23700309e+02  1.90e+02   2.06e+00     3.36e+00   483.860s
2256000 -3.35284086e+01 -2.10395778e+02  1.77e+02   7.62e-01     2.83e+00   484.072s
2257000 -3.35263853e+01 -1.98936339e+02  1.65e+02   4.70e+00     2.87e+00   484.284s
2258000 -3.35524376e+01 -1.89825607e+02  1.56e+02   4.94e-01     2.84e+00   484.496s
2259000 -3.35462278e+01 -1.79606724e+02  1.46e+02   4.36e+00     2.30e+00   484.708s
2260000 -3.35291539e+01 -1.70028961e+02  1.36e+02   4.34e-01     1.98e+00   484.921s
2261000 -3.35300509e+01 -1.61258842e+02  1.28e+02   9.61e-01     1.85e+00   485.133s
2262000 -3.35324623e+01 -1.52634716e+02  1.19e+02   8.06e-01     1.47e+00   485.345s
2263000 -3.35320130e+01 -1.44134317e+02  1.11e+02   4.47e-01     1.36e+00   485.557s
2264000 -3.35068459e+01 -1.36047433e+02  1.03e+02   4.32e-01     1.20e+00   485.769s
2265000 -3.34924302e+01 -1.28235283e+02  9.47e+01   1.92e+00     1.27e+00   485.981s
2266000 -3.34824990e+01 -1.20592694e+02  8.71e+01   1.10e+00     1.18e+00   486.193s
2267000 -3.34960588e+01 -1.13424530e+02  7.99e+01   4.84e-01     9.56e-01   486.405s
2268000 -3.34969609e+01 -1.06513165e+02  7.30e+01   1.27e+00     1.17e+00   486.617s
2269000 -3.34783396e+01 -9.96349525e+01  6.62e+01   3.53e-01     1.01e+00   486.830s
2270000 -3.35018316e+01 -9.32296404e+01  5.97e+01   9.05e-01     9.43e-01   487.042s
2271000 -3.35008556e+01 -8.71019225e+01  5.36e+01   4.02e-01     1.07e+00   487.254s
2272000 -3.35070769e+01 -8.08695408e+01  4.74e+01   3.40e-01     9.88e-01   487.466s
2273000 -3.35252850e+01 -7.51541391e+01  4.16e+01   6.80e-01     8.92e-01   487.677s
2274000 -3.35138040e+01 -6.94102220e+01  3.59e+01   3.30e-01     9.32e-01   487.889s
2275000 -3.35236492e+01 -6.35170980e+01  3.00e+01   5.90e-01     8.66e-01   488.101s
2276000 -3.35313235e+01 -5.81774276e+01  2.46e+01   4.85e-01     8.81e-01   488.314s
2277000 -3.35270764e+01 -5.42288391e+01  2.07e+01   3.85e-01     9.03e-01   488.525s
2278000 -3.35342447e+01 -5.04470599e+01  1.69e+01   5.24e-01     9.20e-01   488.738s
2279000 -3.35300324e+01 -4.66219777e+01  1.31e+01   4.46e-01     1.25e+00   488.950s
2280000 -3.35296975e+01 -4.27470104e+01  9.22e+00   3.68e-01     1.42e+00   489.162s
2281000 -3.35363197e+01 -3.91479640e+01  5.61e+00   1.40e+00     1.69e+00   489.374s
2282000 -3.35598576e+01 -3.86337724e+01  5.07e+00   4.58e-01     1.95e+00   489.586s
2283000 -3.35965165e+01 -4.03755917e+01  6.78e+00   4.07e-01     5.52e+00   489.799s
2284000 -3.35977681e+01 -4.28094222e+01  9.21e+00   1.76e-01     8.10e+00   490.012s
2285000 -3.36045064e+01 -4.56156835e+01  1.20e+01   9.41e-01     1.11e+01   490.224s
2286000 -3.36028467e+01 -4.77961140e+01  1.42e+01   4.25e-01     1.25e+01   490.436s
2287000 -3.36016754e+01 -4.90262874e+01  1.54e+01   8.83e-01     1.29e+01   490.649s
2288000 -3.36003257e+01 -4.96360034e+01  1.60e+01   2.87e-01     1.21e+01   490.861s
2289000 -3.35992777e+01 -4.98982663e+01  1.63e+01   2.29e-01     1.10e+01   491.073s
2290000 -3.35988892e+01 -4.98945342e+01  1.63e+01   6.58e-02     1.04e+01   491.286s
2291000 -3.35985527e+01 -4.96977531e+01  1.61e+01   1.47e-01     9.60e+00   491.498s
2292000 -3.35981777e+01 -4.93030723e+01  1.57e+01   1.77e-01     8.96e+00   491.710s
2293000 -3.35983873e+01 -4.85373940e+01  1.49e+01   2.38e-01     8.94e+00   491.923s
2294000 -3.35984150e+01 -4.80319467e+01  1.44e+01   1.03e-01     8.97e+00   492.135s
2295000 -3.35982240e+01 -4.75556749e+01  1.40e+01   1.03e-01     8.86e+00   492.347s
2296000 -3.35977387e+01 -4.72025993e+01  1.36e+01   4.94e-02     8.56e+00   492.559s
2297000 -3.35974222e+01 -4.68539555e+01  1.33e+01   9.46e-02     8.33e+00   492.771s
2298000 -3.35972080e+01 -4.64761875e+01  1.29e+01   1.27e-01     8.20e+00   492.983s
2299000 -3.35972611e+01 -4.60755483e+01  1.25e+01   3.34e-02     8.19e+00   493.196s
2300000 -3.35974416e+01 -4.56858398e+01  1.21e+01   1.12e-01     7.83e+00   493.408s
2301000 -3.35974389e+01 -4.54215563e+01  1.18e+01   1.55e-01     7.12e+00   493.620s
2302000 -3.35974052e+01 -4.52087667e+01  1.16e+01   1.21e-01     6.34e+00   493.832s
2303000 -3.35975571e+01 -4.49807254e+01  1.14e+01   9.04e-02     5.74e+00   494.044s
2304000 -3.35977472e+01 -4.47022281e+01  1.11e+01   4.35e-02     5.53e+00   494.257s
2305000 -3.35979768e+01 -4.44339461e+01  1.08e+01   4.84e-02     5.32e+00   494.469s
2306000 -3.35983028e+01 -4.40336583e+01  1.04e+01   3.96e-02     5.11e+00   494.681s
2307000 -3.35985687e+01 -4.36862090e+01  1.01e+01   5.05e-02     4.84e+00   494.893s
2308000 -3.35985499e+01 -4.33202462e+01  9.72e+00   1.58e-01     4.59e+00   495.105s
2309000 -3.35984649e+01 -4.29237558e+01  9.33e+00   1.99e-02     4.39e+00   495.318s
2310000 -3.35987539e+01 -4.24095431e+01  8.81e+00   2.78e-02     3.00e+00   495.531s
2311000 -3.35982613e+01 -4.24310199e+01  8.83e+00   1.51e-02     3.04e+00   495.743s
2312000 -3.35978995e+01 -4.23374737e+01  8.74e+00   5.42e-02     3.00e+00   495.956s
2313000 -3.35978666e+01 -4.22185352e+01  8.62e+00   1.11e-01     2.86e+00   496.168s
2314000 -3.35980305e+01 -4.20216862e+01  8.42e+00   4.89e-02     2.68e+00   496.380s
2315000 -3.35984034e+01 -4.17880986e+01  8.19e+00   8.90e-02     2.63e+00   496.592s
2316000 -3.35989435e+01 -4.15525641e+01  7.95e+00   4.74e-02     2.70e+00   496.804s
2317000 -3.35996123e+01 -4.12984708e+01  7.70e+00   6.11e-02     2.63e+00   497.016s
2318000 -3.36012804e+01 -4.10580145e+01  7.46e+00   2.58e-02     2.40e+00   497.228s
2319000 -3.36030297e+01 -4.08373619e+01  7.23e+00   3.55e-02     1.83e+00   497.440s
2320000 -3.36050507e+01 -4.06216541e+01  7.02e+00   2.95e-02     1.71e+00   497.653s
2321000 -3.36073932e+01 -4.04217847e+01  6.81e+00   4.50e-02     1.53e+00   497.865s
2322000 -3.36086200e+01 -4.02250409e+01  6.62e+00   4.03e-02     1.43e+00   498.076s
2323000 -3.36102828e+01 -4.00392005e+01  6.43e+00   3.40e-02     1.34e+00   498.288s
2324000 -3.36113895e+01 -3.98751777e+01  6.26e+00   7.44e-02     1.24e+00   498.501s
2325000 -3.36124694e+01 -3.97141378e+01  6.10e+00   3.25e-02     1.10e+00   498.713s
2326000 -3.36135897e+01 -3.95590713e+01  5.95e+00   5.94e-02     1.02e+00   498.925s
2327000 -3.36148078e+01 -3.93991405e+01  5.78e+00   2.48e-02     9.52e-01   499.138s
2328000 -3.36159028e+01 -3.92405879e+01  5.62e+00   4.25e-02     8.99e-01   499.350s
2329000 -3.36170061e+01 -3.90820663e+01  5.47e+00   1.17e-01     8.65e-01   499.562s
2330000 -3.36179928e+01 -3.89216540e+01  5.30e+00   3.26e-02     8.08e-01   499.774s
2331000 -3.36189294e+01 -3.87579990e+01  5.14e+00   3.45e-02     7.26e-01   499.986s
2332000 -3.36202592e+01 -3.85964758e+01  4.98e+00   2.49e-02     6.57e-01   500.198s
2333000 -3.36217476e+01 -3.84444685e+01  4.82e+00   2.93e-02     6.00e-01   500.410s
2334000 -3.36226291e+01 -3.83021611e+01  4.68e+00   7.53e-02     5.20e-01   500.622s
2335000 -3.36233778e+01 -3.81552984e+01  4.53e+00   4.90e-02     4.52e-01   500.834s
2336000 -3.36242688e+01 -3.80106416e+01  4.39e+00   2.40e-02     4.14e-01   501.046s
2337000 -3.36254469e+01 -3.78758621e+01  4.25e+00   1.25e-01     4.09e-01   501.258s
2338000 -3.36268504e+01 -3.77583136e+01  4.13e+00   6.72e-02     3.97e-01   501.471s
2339000 -3.36293938e+01 -3.76692692e+01  4.04e+00   1.22e-01     3.82e-01   501.683s
2340000 -3.36320299e+01 -3.76022433e+01  3.97e+00   4.46e-02     3.73e-01   501.895s
2341000 -3.36339146e+01 -3.75402757e+01  3.91e+00   3.29e-02     3.52e-01   502.107s
2342000 -3.36348420e+01 -3.74807790e+01  3.85e+00   2.51e-02     3.36e-01   502.319s
2343000 -3.36354062e+01 -3.74266112e+01  3.79e+00   3.08e-02     3.26e-01   502.531s
2344000 -3.36360312e+01 -3.73683134e+01  3.73e+00   3.31e-02     3.20e-01   502.743s
2345000 -3.36367329e+01 -3.73038952e+01  3.67e+00   2.20e-02     3.14e-01   502.956s
2346000 -3.36375129e+01 -3.72415345e+01  3.60e+00   2.28e-02     3.07e-01   503.168s
2347000 -3.36382805e+01 -3.71856249e+01  3.55e+00   2.66e-02     3.00e-01   503.380s
2348000 -3.36390449e+01 -3.71304884e+01  3.49e+00   5.84e-02     2.91e-01   503.592s
2349000 -3.36398049e+01 -3.70718754e+01  3.43e+00   2.14e-02     2.84e-01   503.804s
2350000 -3.36405678e+01 -3.70146938e+01  3.37e+00   1.92e-02     2.79e-01   504.016s
2351000 -3.36413032e+01 -3.69592648e+01  3.32e+00   2.82e-02     2.75e-01   504.228s
2352000 -3.36420547e+01 -3.69039901e+01  3.26e+00   3.83e-02     2.69e-01   504.440s
2353000 -3.36428426e+01 -3.68480347e+01  3.21e+00   2.81e-02     2.66e-01   504.652s
2354000 -3.36436639e+01 -3.67951889e+01  3.15e+00   2.23e-02     2.63e-01   504.864s
2355000 -3.36444641e+01 -3.67438486e+01  3.10e+00   2.60e-02     2.56e-01   505.076s
2356000 -3.36452162e+01 -3.66936678e+01  3.05e+00   4.78e-02     2.49e-01   505.288s
2357000 -3.36459321e+01 -3.66427171e+01  3.00e+00   2.78e-02     2.43e-01   505.501s
2358000 -3.36466466e+01 -3.65938980e+01  2.95e+00   1.88e-02     2.41e-01   505.713s
2359000 -3.36473676e+01 -3.65447404e+01  2.90e+00   2.03e-02     2.34e-01   505.925s
2360000 -3.36481245e+01 -3.64956092e+01  2.85e+00   3.88e-02     2.18e-01   506.137s
2361000 -3.36488798e+01 -3.64476937e+01  2.80e+00   1.83e-02     2.00e-01   506.349s
2362000 -3.36495927e+01 -3.64017784e+01  2.75e+00   2.64e-02     1.87e-01   506.561s
2363000 -3.36502440e+01 -3.63559030e+01  2.71e+00   2.98e-02     1.67e-01   506.773s
2364000 -3.36508971e+01 -3.63087155e+01  2.66e+00   2.07e-02     1.58e-01   506.985s
2365000 -3.36515706e+01 -3.62611204e+01  2.61e+00   1.87e-02     1.58e-01   507.198s
2366000 -3.36522591e+01 -3.62132016e+01  2.56e+00   1.98e-02     1.60e-01   507.410s
2367000 -3.36529495e+01 -3.61643298e+01  2.51e+00   2.10e-02     1.60e-01   507.622s
2368000 -3.36536512e+01 -3.61144067e+01  2.46e+00   1.76e-02     1.59e-01   507.834s
2369000 -3.36543638e+01 -3.60650150e+01  2.41e+00   2.38e-02     1.54e-01   508.046s
2370000 -3.36550920e+01 -3.60158009e+01  2.36e+00   1.78e-02     1.48e-01   508.258s
2371000 -3.36558058e+01 -3.59660331e+01  2.31e+00   5.10e-02     1.42e-01   508.470s
2372000 -3.36565106e+01 -3.59172413e+01  2.26e+00   1.94e-02     1.38e-01   508.682s
2373000 -3.36572139e+01 -3.58715454e+01  2.21e+00   1.97e-02     1.37e-01   508.894s
2374000 -3.36578443e+01 -3.58283779e+01  2.17e+00   1.90e-02     1.35e-01   509.106s
2375000 -3.36584815e+01 -3.57842665e+01  2.13e+00   2.75e-02     1.33e-01   509.318s
2376000 -3.36591244e+01 -3.57400223e+01  2.08e+00   2.07e-02     1.33e-01   509.531s
2377000 -3.36597880e+01 -3.56962577e+01  2.04e+00   2.34e-02     1.32e-01   509.743s
2378000 -3.36604645e+01 -3.56519532e+01  1.99e+00   1.86e-02     1.33e-01   509.955s
2379000 -3.36611346e+01 -3.56073661e+01  1.95e+00   2.08e-02     1.33e-01   510.167s
2380000 -3.36617919e+01 -3.55622903e+01  1.90e+00   2.05e-02     1.32e-01   510.379s
2381000 -3.36624508e+01 -3.55186879e+01  1.86e+00   1.77e-02     1.31e-01   510.591s
2382000 -3.36631186e+01 -3.54761541e+01  1.81e+00   1.77e-02     1.30e-01   510.803s
2383000 -3.36637921e+01 -3.54331141e+01  1.77e+00   2.45e-02     1.30e-01   511.015s
2384000 -3.36644617e+01 -3.53918627e+01  1.73e+00   2.00e-02     1.31e-01   511.227s
2385000 -3.36651281e+01 -3.53507939e+01  1.69e+00   2.80e-02     1.35e-01   511.439s
2386000 -3.36657955e+01 -3.53106167e+01  1.64e+00   2.91e-02     1.31e-01   511.651s
2387000 -3.36664165e+01 -3.52673712e+01  1.60e+00   2.24e-02     1.24e-01   511.863s
2388000 -3.36671236e+01 -3.52278509e+01  1.56e+00   3.37e-02     1.57e-01   512.075s
2389000 -3.36679983e+01 -3.51713140e+01  1.50e+00   2.14e-02     4.79e-01   512.289s
2390000 -3.36669381e+01 -3.50869739e+01  1.42e+00   4.06e-02     8.51e-01   512.502s
2391000 -3.36676530e+01 -3.50996831e+01  1.43e+00   3.32e-03     2.56e-01   512.715s
2392000 -3.36691489e+01 -3.51146321e+01  1.45e+00   1.32e-02     1.90e-01   512.928s
2393000 -3.36698410e+01 -3.51157112e+01  1.45e+00   2.85e-03     1.69e-01   513.142s
2394000 -3.36704418e+01 -3.51192177e+01  1.45e+00   3.76e-03     1.59e-01   513.353s
2395000 -3.36709357e+01 -3.51187868e+01  1.45e+00   3.95e-03     1.55e-01   513.565s
2396000 -3.36713998e+01 -3.51192337e+01  1.45e+00   3.53e-03     1.51e-01   513.777s
2397000 -3.36718332e+01 -3.51198568e+01  1.45e+00   5.31e-03     1.48e-01   513.990s
2398000 -3.36722543e+01 -3.51199879e+01  1.45e+00   1.05e-03     1.46e-01   514.202s
2399000 -3.36726604e+01 -3.51200169e+01  1.45e+00   4.91e-03     1.44e-01   514.414s
2400000 -3.36730563e+01 -3.51213780e+01  1.45e+00   2.48e-03     1.42e-01   514.626s
2401000 -3.36734428e+01 -3.51216711e+01  1.45e+00   4.13e-03     1.41e-01   514.838s
2402000 -3.36738230e+01 -3.51217494e+01  1.45e+00   2.59e-03     1.39e-01   515.050s
2403000 -3.36741961e+01 -3.51215467e+01  1.45e+00   2.69e-03     1.38e-01   515.262s
2404000 -3.36745630e+01 -3.51217904e+01  1.45e+00   8.04e-04     1.37e-01   515.474s
2405000 -3.36749233e+01 -3.51217949e+01  1.45e+00   1.87e-03     1.36e-01   515.686s
2406000 -3.36752747e+01 -3.51196462e+01  1.44e+00   8.26e-03     1.33e-01   515.898s
2407000 -3.36756190e+01 -3.51197735e+01  1.44e+00   6.53e-03     1.31e-01   516.110s
2408000 -3.36759609e+01 -3.51196800e+01  1.44e+00   2.10e-03     1.31e-01   516.323s
2409000 -3.36763006e+01 -3.51197087e+01  1.44e+00   1.81e-03     1.29e-01   516.535s
2410000 -3.36766352e+01 -3.51199604e+01  1.44e+00   9.71e-04     1.29e-01   516.747s
2411000 -3.36769671e+01 -3.51198532e+01  1.44e+00   2.03e-03     1.28e-01   516.959s
2412000 -3.36772950e+01 -3.51199652e+01  1.44e+00   1.09e-03     1.27e-01   517.172s
2413000 -3.36776214e+01 -3.51200876e+01  1.44e+00   2.08e-03     1.26e-01   517.384s
2414000 -3.36779440e+01 -3.51199615e+01  1.44e+00   1.34e-03     1.25e-01   517.596s
2415000 -3.36782649e+01 -3.51200048e+01  1.44e+00   1.58e-03     1.25e-01   517.808s
2416000 -3.36785831e+01 -3.51202430e+01  1.44e+00   2.73e-03     1.24e-01   518.021s
2417000 -3.36789003e+01 -3.51203427e+01  1.44e+00   1.28e-03     1.24e-01   518.233s
2418000 -3.36792153e+01 -3.51201405e+01  1.44e+00   1.56e-03     1.23e-01   518.445s
2419000 -3.36795291e+01 -3.51202381e+01  1.44e+00   8.19e-04     1.22e-01   518.657s
2420000 -3.36798413e+01 -3.51205095e+01  1.44e+00   1.21e-03     1.22e-01   518.870s
2421000 -3.36801509e+01 -3.51204199e+01  1.44e+00   1.46e-03     1.21e-01   519.081s
2422000 -3.36804598e+01 -3.51203803e+01  1.44e+00   1.25e-03     1.21e-01   519.294s
2423000 -3.36807661e+01 -3.51205595e+01  1.44e+00   1.28e-03     1.20e-01   519.505s
2424000 -3.36810708e+01 -3.51206550e+01  1.44e+00   2.52e-03     1.20e-01   519.718s
2425000 -3.36813738e+01 -3.51206382e+01  1.44e+00   1.28e-03     1.19e-01   519.930s
2426000 -3.36816749e+01 -3.51205542e+01  1.44e+00   1.67e-03     1.18e-01   520.142s
2427000 -3.36819749e+01 -3.51207599e+01  1.44e+00   4.41e-04     1.18e-01   520.354s
2428000 -3.36822726e+01 -3.51208336e+01  1.44e+00   6.50e-04     1.17e-01   520.566s
2429000 -3.36825697e+01 -3.51209463e+01  1.44e+00   1.96e-03     1.17e-01   520.778s
2430000 -3.36828650e+01 -3.51208375e+01  1.44e+00   4.28e-04     1.17e-01   520.990s
2431000 -3.36831591e+01 -3.51208249e+01  1.44e+00   1.03e-03     1.15e-01   521.202s
2432000 -3.36834515e+01 -3.51208232e+01  1.44e+00   2.20e-03     1.15e-01   521.414s
2433000 -3.36837433e+01 -3.51210846e+01  1.44e+00   2.45e-04     1.14e-01   521.626s
2434000 -3.36840331e+01 -3.51210009e+01  1.44e+00   3.12e-04     1.14e-01   521.839s
2435000 -3.36843223e+01 -3.51208663e+01  1.44e+00   1.97e-03     1.13e-01   522.051s
2436000 -3.36846105e+01 -3.51211027e+01  1.44e+00   6.25e-04     1.13e-01   522.263s
2437000 -3.36848984e+01 -3.51212355e+01  1.44e+00   6.21e-04     1.12e-01   522.475s
2438000 -3.36851845e+01 -3.51210795e+01  1.44e+00   1.26e-03     1.12e-01   522.688s
2439000 -3.36854698e+01 -3.51211255e+01  1.44e+00   8.21e-04     1.11e-01   522.900s
2440000 -3.36857543e+01 -3.51213447e+01  1.44e+00   1.17e-03     1.11e-01   523.112s
2441000 -3.36860377e+01 -3.51204611e+01  1.43e+00   6.53e-04     1.10e-01   523.325s
2442000 -3.36863199e+01 -3.51202547e+01  1.43e+00   1.08e-03     1.10e-01   523.537s
2443000 -3.36866013e+01 -3.51203515e+01  1.43e+00   7.57e-04     1.09e-01   523.749s
2444000 -3.36868819e+01 -3.51204268e+01  1.43e+00   1.46e-03     1.09e-01   523.961s
2445000 -3.36871617e+01 -3.51203654e+01  1.43e+00   6.58e-04     1.08e-01   524.173s
2446000 -3.36874410e+01 -3.51202636e+01  1.43e+00   1.05e-03     1.08e-01   524.385s
2447000 -3.36877193e+01 -3.51203080e+01  1.43e+00   1.09e-03     1.07e-01   524.597s
2448000 -3.36879968e+01 -3.51204154e+01  1.43e+00   7.31e-04     1.06e-01   524.809s
2449000 -3.36882733e+01 -3.51203219e+01  1.43e+00   1.16e-03     1.06e-01   525.021s
2450000 -3.36885491e+01 -3.51203192e+01  1.43e+00   1.25e-03     1.05e-01   525.234s
2451000 -3.36888237e+01 -3.51203603e+01  1.43e+00   4.54e-04     1.05e-01   525.446s
2452000 -3.36890965e+01 -3.51204259e+01  1.43e+00   8.01e-04     1.04e-01   525.658s
2453000 -3.36893678e+01 -3.51204256e+01  1.43e+00   1.79e-03     1.03e-01   525.870s
2454000 -3.36896392e+01 -3.51204148e+01  1.43e+00   1.05e-03     1.02e-01   526.082s
2455000 -3.36899086e+01 -3.51204084e+01  1.43e+00   1.12e-03     1.02e-01   526.294s
2456000 -3.36901781e+01 -3.51203613e+01  1.43e+00   1.30e-04     1.01e-01   526.506s
2457000 -3.36904459e+01 -3.51204764e+01  1.43e+00   1.75e-03     9.94e-02   526.718s
2458000 -3.36907130e+01 -3.51204554e+01  1.43e+00   1.27e-03     9.82e-02   526.930s
2459000 -3.36909783e+01 -3.51203424e+01  1.43e+00   4.88e-04     9.75e-02   527.142s
2460000 -3.36912435e+01 -3.51204654e+01  1.43e+00   2.21e-03     9.66e-02   527.354s
2461000 -3.36915080e+01 -3.51205477e+01  1.43e+00   1.08e-03     9.57e-02   527.566s
2462000 -3.36917714e+01 -3.51204855e+01  1.43e+00   8.64e-04     9.51e-02   527.779s
2463000 -3.36920344e+01 -3.51204012e+01  1.43e+00   1.21e-03     9.41e-02   527.991s
2464000 -3.36922960e+01 -3.51205136e+01  1.43e+00   9.31e-04     9.35e-02   528.203s
2465000 -3.36925577e+01 -3.51205494e+01  1.43e+00   3.04e-04     9.29e-02   528.416s
2466000 -3.36928182e+01 -3.51203887e+01  1.43e+00   3.91e-04     9.23e-02   528.628s
2467000 -3.36930784e+01 -3.51204078e+01  1.43e+00   2.50e-03     9.17e-02   528.840s
2468000 -3.36933380e+01 -3.51206419e+01  1.43e+00   1.20e-03     9.12e-02   529.051s
2469000 -3.36935967e+01 -3.51207310e+01  1.43e+00   1.89e-03     9.06e-02   529.264s
2470000 -3.36938550e+01 -3.51205863e+01  1.43e+00   1.27e-03     8.97e-02   529.476s
2471000 -3.36941128e+01 -3.51206563e+01  1.43e+00   5.12e-04     8.91e-02   529.689s
2472000 -3.36943571e+01 -3.51207117e+01  1.43e+00   8.01e-04     8.86e-02   529.901s
2473000 -3.36945746e+01 -3.51208138e+01  1.43e+00   7.11e-04     8.82e-02   530.113s
2474000 -3.36947916e+01 -3.51206482e+01  1.43e+00   4.64e-04     8.76e-02   530.325s
2475000 -3.36950080e+01 -3.51205737e+01  1.43e+00   1.17e-03     8.70e-02   530.537s
2476000 -3.36952233e+01 -3.51205203e+01  1.43e+00   1.39e-02     8.62e-02   530.749s
2477000 -3.36954380e+01 -3.51205884e+01  1.43e+00   5.70e-03     8.59e-02   530.961s
2478000 -3.36956515e+01 -3.51205194e+01  1.42e+00   9.27e-04     8.52e-02   531.173s
2479000 -3.36958660e+01 -3.51207585e+01  1.42e+00   4.36e-03     8.51e-02   531.385s
2480000 -3.36960792e+01 -3.51207568e+01  1.42e+00   7.95e-04     8.46e-02   531.597s
2481000 -3.36962921e+01 -3.51207120e+01  1.42e+00   9.73e-04     8.42e-02   531.810s
2482000 -3.36965046e+01 -3.51206866e+01  1.42e+00   9.41e-04     8.38e-02   532.022s
2483000 -3.36967166e+01 -3.51209142e+01  1.42e+00   2.33e-04     8.34e-02   532.234s
2484000 -3.36969285e+01 -3.51209105e+01  1.42e+00   1.64e-03     8.33e-02   532.446s
2485000 -3.36971400e+01 -3.51207984e+01  1.42e+00   1.75e-03     8.27e-02   532.658s
2486000 -3.36973512e+01 -3.51208337e+01  1.42e+00   1.22e-04     8.25e-02   532.870s
2487000 -3.36975619e+01 -3.51209340e+01  1.42e+00   4.46e-04     8.22e-02   533.082s
2488000 -3.36977718e+01 -3.51209841e+01  1.42e+00   3.14e-04     8.17e-02   533.294s
2489000 -3.36979816e+01 -3.51209327e+01  1.42e+00   3.49e-04     8.14e-02   533.506s
2490000 -3.36981909e+01 -3.51209698e+01  1.42e+00   1.24e-03     8.11e-02   533.718s
2491000 -3.36984000e+01 -3.51209389e+01  1.42e+00   1.23e-03     8.09e-02   533.930s
2492000 -3.36986090e+01 -3.51209982e+01  1.42e+00   9.51e-04     8.06e-02   534.142s
2493000 -3.36988173e+01 -3.51210399e+01  1.42e+00   6.26e-04     8.03e-02   534.354s
2494000 -3.36990254e+01 -3.51209730e+01  1.42e+00   1.02e-03     8.00e-02   534.566s
2495000 -3.36992330e+01 -3.51210706e+01  1.42e+00   1.12e-03     7.97e-02   534.778s
2496000 -3.36994403e+01 -3.51212211e+01  1.42e+00   6.93e-04     7.94e-02   534.991s
2497000 -3.36996472e+01 -3.51211913e+01  1.42e+00   1.17e-03     7.90e-02   535.203s
2498000 -3.36998537e+01 -3.51211898e+01  1.42e+00   1.22e-04     7.88e-02   535.415s
2499000 -3.37000592e+01 -3.51213066e+01  1.42e+00   1.00e-03     7.85e-02   535.627s
2500000 -3.37002656e+01 -3.51213232e+01  1.42e+00   5.44e-04     7.82e-02   535.839s
2501000 -3.37004711e+01 -3.51211921e+01  1.42e+00   6.97e-04     7.82e-02   536.051s
2502000 -3.37248308e+01 -3.51241638e+01  1.40e+00   3.14e-01     5.82e-02   536.265s
2503000 -3.37470845e+01 -3.51254687e+01  1.38e+00   5.43e-01     5.32e-02   536.477s
2504000 -3.37679791e+01 -3.51259215e+01  1.36e+00   5.52e-01     4.96e-02   536.689s
2505000 -3.37841522e+01 -3.48891593e+01  1.11e+00   1.96e-01     4.61e-02   536.901s
2506000 -3.37995857e+01 -3.48867635e+01  1.09e+00   1.79e+01     4.31e-02   537.113s
2507000 -3.39566138e+01 -3.48695202e+01  9.13e-01   2.23e+02     2.00e-02   537.327s
2508000 -3.40767182e+01 -3.48722604e+01  7.96e-01   1.39e+02     1.36e-02   537.539s
2509000 -3.41843313e+01 -3.48713833e+01  6.87e-01   5.96e+01     1.18e-02   537.751s
2510000 -3.42815838e+01 -3.48844531e+01  6.03e-01   1.14e+02     1.13e-02   537.964s
2511000 -3.43520409e+01 -3.48892982e+01  5.37e-01   2.06e+01     9.81e-03   538.176s
2512000 -3.43966553e+01 -3.48807160e+01  4.84e-01   6.82e+01     8.62e-03   538.388s
2513000 -3.44392343e+01 -3.48864890e+01  4.47e-01   8.05e+01     8.06e-03   538.600s
2514000 -3.44715001e+01 -3.48981411e+01  4.27e-01   9.63e+01     7.48e-03   538.812s
2515000 -3.44989222e+01 -3.48997988e+01  4.01e-01   2.63e+01     6.85e-03   539.024s
2516000 -3.45209881e+01 -3.48977099e+01  3.77e-01   1.16e+01     6.36e-03   539.236s
2517000 -3.45290644e+01 -3.48922289e+01  3.63e-01   1.28e+01     5.88e-03   539.448s
2518000 -3.46020781e+01 -3.49052852e+01  3.03e-01   1.52e+02     2.98e-03   539.662s
2519000 -3.46612034e+01 -3.49039510e+01  2.43e-01   1.87e+02     2.36e-03   539.874s
2520000 -3.46964319e+01 -3.49013670e+01  2.05e-01   2.65e+02     2.02e-03   540.086s
2521000 -3.47299474e+01 -3.48992822e+01  1.69e-01   3.42e+02     1.89e-03   540.298s
2522000 -3.47607250e+01 -3.48971125e+01  1.36e-01   3.64e+02     1.69e-03   540.510s
2523000 -3.47913987e+01 -3.48959370e+01  1.05e-01   3.30e+02     1.54e-03   540.722s
2524000 -3.48224245e+01 -3.48950956e+01  7.27e-02   2.63e+02     1.47e-03   540.934s
2525000 -3.48448935e+01 -3.48941456e+01  4.93e-02   1.73e+02     1.37e-03   541.146s
2526000 -3.48644740e+01 -3.48931555e+01  2.87e-02   9.62e+01     1.26e-03   541.358s
2527000 -3.48803929e+01 -3.48924647e+01  1.21e-02   4.56e+01     1.17e-03   541.571s
2528000 -3.48899705e+01 -3.48916023e+01  1.63e-03   2.69e+01     1.10e-03   541.783s
2529000 -3.48923947e+01 -3.48908591e+01  1.54e-03   4.23e+01     1.03e-03   541.995s
2530000 -3.48955011e+01 -3.48901568e+01  5.34e-03   5.95e+01     9.62e-04   542.207s
2531000 -3.48988391e+01 -3.48893105e+01  9.53e-03   9.08e+01     9.34e-04   542.419s
2532000 -3.49019317e+01 -3.48885401e+01  1.34e-02   1.14e+02     8.99e-04   542.630s
2533000 -3.49046035e+01 -3.48878127e+01  1.68e-02   1.12e+02     8.27e-04   542.842s
2534000 -3.49075850e+01 -3.48870586e+01  2.05e-02   1.02e+02     8.06e-04   543.054s
2535000 -3.49098274e+01 -3.48862318e+01  2.36e-02   7.67e+01     7.95e-04   543.266s
2536000 -3.49125868e+01 -3.48854808e+01  2.71e-02   5.02e+01     7.56e-04   543.478s
2537000 -3.49151292e+01 -3.48847550e+01  3.04e-02   2.78e+01     7.54e-04   543.690s
2538000 -3.49179763e+01 -3.48840140e+01  3.40e-02   2.14e+01     7.46e-04   543.902s
2539000 -3.49204327e+01 -3.48833503e+01  3.71e-02   2.47e+01     7.05e-04   544.114s
2540000 -3.49235155e+01 -3.48825761e+01  4.09e-02   3.72e+01     7.01e-04   544.326s
2541000 -3.49263298e+01 -3.48818858e+01  4.44e-02   5.24e+01     6.86e-04   544.538s
2542000 -3.49311715e+01 -3.48820040e+01  4.92e-02   6.67e+01     5.64e-04   544.752s
2543000 -3.49408771e+01 -3.48819432e+01  5.89e-02   1.57e+01     5.28e-04   544.964s
2544000 -3.49456674e+01 -3.48818876e+01  6.38e-02   8.08e+00     4.56e-04   545.176s
2545000 -3.49455193e+01 -3.48816702e+01  6.38e-02   7.64e+00     4.40e-04   545.388s
2546000 -3.49453774e+01 -3.48815084e+01  6.39e-02   3.16e+00     4.33e-04   545.600s
2547000 -3.49457326e+01 -3.48813210e+01  6.44e-02   4.86e+00     4.23e-04   545.812s
2548000 -3.49457243e+01 -3.48811310e+01  6.46e-02   4.16e+00     4.11e-04   546.024s
2549000 -3.49456493e+01 -3.48809393e+01  6.47e-02   2.96e+00     3.99e-04   546.236s
2550000 -3.49455669e+01 -3.48807267e+01  6.48e-02   5.66e+00     3.94e-04   546.448s
2551000 -3.49454631e+01 -3.48805351e+01  6.49e-02   3.40e+00     3.89e-04   546.660s
2552000 -3.49452922e+01 -3.48803440e+01  6.49e-02   3.57e+00     3.58e-04   546.872s
2553000 -3.49454252e+01 -3.48801957e+01  6.52e-02   7.00e+00     3.34e-04   547.084s
2554000 -3.49453363e+01 -3.48799955e+01  6.53e-02   2.89e+00     3.23e-04   547.297s
2555000 -3.49454105e+01 -3.48798434e+01  6.56e-02   4.90e+00     3.01e-04   547.510s
2556000 -3.49453267e+01 -3.48796460e+01  6.57e-02   1.62e+00     2.87e-04   547.723s
2557000 -3.49451728e+01 -3.48794140e+01  6.58e-02   3.64e+00     2.84e-04   547.934s
2558000 -3.49451254e+01 -3.48791764e+01  6.59e-02   3.09e+00     2.84e-04   548.146s
2559000 -3.49450258e+01 -3.48789455e+01  6.61e-02   2.39e+00     2.84e-04   548.359s
2560000 -3.49449292e+01 -3.48787191e+01  6.62e-02   3.68e+00     2.76e-04   548.571s
2561000 -3.49448565e+01 -3.48784867e+01  6.64e-02   3.01e+00     2.72e-04   548.783s
2562000 -3.49448398e+01 -3.48782671e+01  6.66e-02   2.25e+00     2.56e-04   548.995s
2563000 -3.49447111e+01 -3.48780754e+01  6.66e-02   5.14e-01     2.40e-04   549.207s
2564000 -3.49446654e+01 -3.48778972e+01  6.68e-02   4.63e-01     1.66e-04   549.420s
2565000 -3.49446314e+01 -3.48776934e+01  6.69e-02   8.47e-01     1.56e-04   549.632s
2566000 -3.49446444e+01 -3.48774536e+01  6.72e-02   4.22e+00     1.52e-04   549.844s
2567000 -3.49446838e+01 -3.48772278e+01  6.75e-02   3.59e+00     1.46e-04   550.056s
2568000 -3.49447111e+01 -3.48769974e+01  6.77e-02   1.66e+00     1.40e-04   550.268s
2569000 -3.49447057e+01 -3.48767725e+01  6.79e-02   1.05e+00     1.36e-04   550.480s
2570000 -3.49446912e+01 -3.48765471e+01  6.81e-02   9.74e-01     1.32e-04   550.692s
2571000 -3.49447617e+01 -3.48763161e+01  6.84e-02   6.18e-01     1.30e-04   550.904s
2572000 -3.49447585e+01 -3.48760989e+01  6.87e-02   1.01e+00     1.25e-04   551.116s
2573000 -3.49447250e+01 -3.48758613e+01  6.89e-02   1.68e+00     1.25e-04   551.328s
2574000 -3.49447252e+01 -3.48756425e+01  6.91e-02   1.58e+00     1.22e-04   551.540s
2575000 -3.49447589e+01 -3.48754101e+01  6.93e-02   2.43e+00     1.21e-04   551.752s
2576000 -3.49447136e+01 -3.48751824e+01  6.95e-02   2.37e+00     1.22e-04   551.964s
2577000 -3.49447009e+01 -3.48749609e+01  6.97e-02   1.80e+00     1.20e-04   552.176s
2578000 -3.49446619e+01 -3.48747354e+01  6.99e-02   6.91e-01     1.16e-04   552.388s
2579000 -3.49447133e+01 -3.48745189e+01  7.02e-02   1.08e+00     1.11e-04   552.600s
2580000 -3.49447192e+01 -3.48742886e+01  7.04e-02   9.88e-01     1.08e-04   552.812s
2581000 -3.49446419e+01 -3.48740590e+01  7.06e-02   9.53e-01     1.07e-04   553.024s
2582000 -3.49445828e+01 -3.48738242e+01  7.08e-02   1.14e+00     1.06e-04   553.236s
2583000 -3.49445470e+01 -3.48735964e+01  7.10e-02   1.39e+00     1.06e-04   553.448s
2584000 -3.49445433e+01 -3.48733700e+01  7.12e-02   5.63e-01     1.05e-04   553.660s
2585000 -3.49445841e+01 -3.48731454e+01  7.14e-02   1.10e+00     1.03e-04   553.872s
2586000 -3.49446308e+01 -3.48729236e+01  7.17e-02   1.70e+00     1.00e-04   554.084s
2587000 -3.49445303e+01 -3.48726917e+01  7.18e-02   2.30e+00     9.70e-05   554.296s
2588000 -3.49445588e+01 -3.48724762e+01  7.21e-02   3.56e+00     9.55e-05   554.508s
2589000 -3.49444963e+01 -3.48722472e+01  7.22e-02   2.13e+00     9.61e-05   554.720s
2590000 -3.49444345e+01 -3.48720173e+01  7.24e-02   1.39e+00     9.58e-05   554.932s
2591000 -3.49442462e+01 -3.48717947e+01  7.25e-02   7.92e-01     9.56e-05   555.144s
2592000 -3.49441989e+01 -3.48715756e+01  7.26e-02   8.37e-01     9.28e-05   555.356s
2593000 -3.49443222e+01 -3.48713625e+01  7.30e-02   2.91e+00     9.06e-05   555.568s
2594000 -3.49442764e+01 -3.48711410e+01  7.31e-02   1.96e+00     9.03e-05   555.781s
2595000 -3.49443353e+01 -3.48709166e+01  7.34e-02   2.42e+00     9.07e-05   555.993s
2596000 -3.49442447e+01 -3.48706942e+01  7.36e-02   1.09e+00     9.11e-05   556.205s
2597000 -3.49441418e+01 -3.48704693e+01  7.37e-02   1.56e+00     9.09e-05   556.417s
2598000 -3.49440676e+01 -3.48702477e+01  7.38e-02   9.26e-01     9.18e-05   556.629s
2599000 -3.49439389e+01 -3.48700254e+01  7.39e-02   2.23e+00     9.18e-05   556.841s
2600000 -3.49439507e+01 -3.48698003e+01  7.42e-02   2.38e+00     9.20e-05   557.053s
2601000 -3.49438837e+01 -3.48695838e+01  7.43e-02   9.59e-01     9.14e-05   557.265s
2602000 -3.49437277e+01 -3.48693651e+01  7.44e-02   8.10e-01     9.24e-05   557.478s
2603000 -3.49436484e+01 -3.48691481e+01  7.45e-02   8.85e-01     8.88e-05   557.690s
2604000 -3.49435671e+01 -3.48689217e+01  7.46e-02   9.72e-01     8.97e-05   557.902s
2605000 -3.49434647e+01 -3.48686982e+01  7.48e-02   1.28e+00     8.93e-05   558.114s
2606000 -3.49434426e+01 -3.48684856e+01  7.50e-02   1.62e+00     8.78e-05   558.327s
2607000 -3.49434045e+01 -3.48682664e+01  7.51e-02   2.04e+00     8.84e-05   558.538s
2608000 -3.49434223e+01 -3.48680657e+01  7.54e-02   1.92e+00     8.50e-05   558.751s
2609000 -3.49433031e+01 -3.48678423e+01  7.55e-02   1.21e+00     8.46e-05   558.963s
2610000 -3.49432444e+01 -3.48676309e+01  7.56e-02   2.07e+00     8.54e-05   559.175s
2611000 -3.49431609e+01 -3.48674160e+01  7.57e-02   2.29e+00     8.39e-05   559.387s
2612000 -3.49432551e+01 -3.48671915e+01  7.61e-02   1.17e+00     8.53e-05   559.599s
2613000 -3.49432206e+01 -3.48669844e+01  7.62e-02   5.91e-01     8.41e-05   559.811s
2614000 -3.49432478e+01 -3.48667723e+01  7.65e-02   1.20e+00     8.42e-05   560.023s
2615000 -3.49432880e+01 -3.48665555e+01  7.67e-02   7.97e-01     8.56e-05   560.236s
2616000 -3.49432974e+01 -3.48663474e+01  7.70e-02   2.13e+00     8.47e-05   560.448s
2617000 -3.49431903e+01 -3.48661298e+01  7.71e-02   1.30e+00     8.52e-05   560.660s
2618000 -3.49430612e+01 -3.48659118e+01  7.71e-02   1.81e+00     8.44e-05   560.872s
2619000 -3.49430269e+01 -3.48656942e+01  7.73e-02   1.15e+00     8.46e-05   561.084s
2620000 -3.49430064e+01 -3.48654802e+01  7.75e-02   1.15e+00     8.56e-05   561.297s
2621000 -3.49428940e+01 -3.48652702e+01  7.76e-02   1.26e+00     8.55e-05   561.509s
2622000 -3.49430095e+01 -3.48650519e+01  7.80e-02   7.29e-01     8.56e-05   561.721s
2623000 -3.49429572e+01 -3.48648457e+01  7.81e-02   8.06e-01     8.41e-05   561.934s
2624000 -3.49429649e+01 -3.48646285e+01  7.83e-02   1.49e+00     8.29e-05   562.146s
2625000 -3.49429510e+01 -3.48644180e+01  7.85e-02   1.87e+00     7.53e-05   562.358s
2626000 -3.49429596e+01 -3.48641955e+01  7.88e-02   8.34e-01     7.83e-05   562.570s
2627000 -3.49428332e+01 -3.48639831e+01  7.89e-02   2.87e+00     7.54e-05   562.782s
2628000 -3.49428817e+01 -3.48637782e+01  7.91e-02   9.03e-01     7.27e-05   562.994s
2629000 -3.49428829e+01 -3.48635624e+01  7.93e-02   2.03e+00     7.14e-05   563.206s
2630000 -3.49429535e+01 -3.48633358e+01  7.96e-02   1.10e+00     7.34e-05   563.418s
2631000 -3.49429723e+01 -3.48631251e+01  7.98e-02   6.12e-01     7.29e-05   563.630s
2632000 -3.49429842e+01 -3.48629233e+01  8.01e-02   9.18e-01     6.91e-05   563.842s
2633000 -3.49429713e+01 -3.48627115e+01  8.03e-02   5.87e-01     7.00e-05   564.053s
2634000 -3.49429937e+01 -3.48624839e+01  8.05e-02   1.80e+00     7.19e-05   564.266s
2635000 -3.49429823e+01 -3.48622687e+01  8.07e-02   9.03e-01     7.20e-05   564.478s
2636000 -3.49428893e+01 -3.48620620e+01  8.08e-02   1.76e+00     6.81e-05   564.690s
2637000 -3.49428989e+01 -3.48618510e+01  8.10e-02   9.28e-01     6.58e-05   564.902s
2638000 -3.49429286e+01 -3.48616351e+01  8.13e-02   1.17e+00     6.61e-05   565.114s
2639000 -3.49428973e+01 -3.48614150e+01  8.15e-02   6.55e-01     6.69e-05   565.326s
2640000 -3.49429655e+01 -3.48612082e+01  8.18e-02   9.63e-01     6.59e-05   565.538s
2641000 -3.49428961e+01 -3.48609999e+01  8.19e-02   7.81e-01     6.41e-05   565.750s
2642000 -3.49428285e+01 -3.48607907e+01  8.20e-02   8.75e-01     6.32e-05   565.963s
2643000 -3.49428082e+01 -3.48605686e+01  8.22e-02   7.92e-01     6.61e-05   566.175s
2644000 -3.49428137e+01 -3.48603525e+01  8.25e-02   6.45e-01     6.65e-05   566.387s
2645000 -3.49428071e+01 -3.48601483e+01  8.27e-02   1.04e+00     6.52e-05   566.599s
2646000 -3.49427698e+01 -3.48599364e+01  8.28e-02   6.13e-01     6.03e-05   566.811s
2647000 -3.49427856e+01 -3.48597195e+01  8.31e-02   1.93e+00     6.04e-05   567.023s
2648000 -3.49428002e+01 -3.48595000e+01  8.33e-02   1.17e+00     6.08e-05   567.235s
2649000 -3.49426725e+01 -3.48592976e+01  8.34e-02   1.44e+00     5.85e-05   567.447s
2650000 -3.49426133e+01 -3.48590861e+01  8.35e-02   1.07e+00     5.81e-05   567.659s
2651000 -3.49426122e+01 -3.48588671e+01  8.37e-02   9.55e-01     5.93e-05   567.871s
2652000 -3.49426001e+01 -3.48586503e+01  8.39e-02   1.28e+00     6.01e-05   568.083s
2653000 -3.49426176e+01 -3.48584441e+01  8.42e-02   1.71e+00     5.98e-05   568.295s
2654000 -3.49425716e+01 -3.48582317e+01  8.43e-02   1.91e+00     5.85e-05   568.507s
2655000 -3.49426103e+01 -3.48580185e+01  8.46e-02   2.10e+00     5.88e-05   568.720s
2656000 -3.49425158e+01 -3.48578016e+01  8.47e-02   1.38e+00     6.05e-05   568.932s
2657000 -3.49426099e+01 -3.48575903e+01  8.50e-02   1.77e+00     6.06e-05   569.144s
2658000 -3.49425081e+01 -3.48573853e+01  8.51e-02   1.48e+00     5.96e-05   569.356s
2659000 -3.49425039e+01 -3.48571743e+01  8.53e-02   1.22e+00     5.87e-05   569.568s
2660000 -3.49424857e+01 -3.48569591e+01  8.55e-02   7.78e-01     5.97e-05   569.780s
2661000 -3.49424811e+01 -3.48567415e+01  8.57e-02   4.45e-01     6.03e-05   569.993s
2662000 -3.49424818e+01 -3.48565352e+01  8.59e-02   1.03e+00     5.78e-05   570.205s
2663000 -3.49424561e+01 -3.48563264e+01  8.61e-02   9.69e-01     5.62e-05   570.417s
2664000 -3.49424980e+01 -3.48561074e+01  8.64e-02   1.09e+00     5.58e-05   570.630s
2665000 -3.49424235e+01 -3.48558906e+01  8.65e-02   9.33e-01     5.81e-05   570.842s
2666000 -3.49424106e+01 -3.48556754e+01  8.67e-02   1.24e+00     5.82e-05   571.054s
2667000 -3.49423502e+01 -3.48554712e+01  8.69e-02   9.56e-01     5.81e-05   571.266s
2668000 -3.49422902e+01 -3.48552579e+01  8.70e-02   6.08e-01     5.90e-05   571.478s
2669000 -3.49422147e+01 -3.48550409e+01  8.72e-02   7.42e-01     6.10e-05   571.690s
2670000 -3.49421684e+01 -3.48548292e+01  8.73e-02   1.15e+00     6.22e-05   571.902s
2671000 -3.49420656e+01 -3.48546199e+01  8.74e-02   1.01e+00     6.18e-05   572.114s
2672000 -3.49419932e+01 -3.48544141e+01  8.76e-02   1.64e+00     6.07e-05   572.327s
2673000 -3.49419560e+01 -3.48542073e+01  8.77e-02   5.66e-01     5.99e-05   572.539s
2674000 -3.49418609e+01 -3.48539922e+01  8.79e-02   6.10e-01     5.98e-05   572.751s
2675000 -3.49416993e+01 -3.48537869e+01  8.79e-02   2.72e+00     5.74e-05   572.963s
2676000 -3.49415531e+01 -3.48535898e+01  8.80e-02   1.20e+00     5.46e-05   573.175s
2677000 -3.49414897e+01 -3.48533826e+01  8.81e-02   1.12e+00     5.33e-05   573.388s
2678000 -3.49414447e+01 -3.48531787e+01  8.83e-02   4.90e-01     5.40e-05   573.600s
2679000 -3.49415365e+01 -3.48529729e+01  8.86e-02   9.16e-01     5.72e-05   573.812s
2680000 -3.49415217e+01 -3.48527677e+01  8.88e-02   6.36e-01     5.57e-05   574.024s
2681000 -3.49415286e+01 -3.48525642e+01  8.90e-02   9.52e-01     5.48e-05   574.235s
2682000 -3.49415008e+01 -3.48523590e+01  8.91e-02   1.33e+00     5.58e-05   574.447s
2683000 -3.49414025e+01 -3.48521461e+01  8.93e-02   7.69e-01     5.58e-05   574.659s
2684000 -3.49414718e+01 -3.48519398e+01  8.95e-02   1.37e+00     5.51e-05   574.871s
2685000 -3.49414529e+01 -3.48517319e+01  8.97e-02   1.44e+00     5.36e-05   575.083s
2686000 -3.49414329e+01 -3.48515182e+01  8.99e-02   9.76e-01     5.35e-05   575.295s
2687000 -3.49414878e+01 -3.48513125e+01  9.02e-02   6.05e-01     5.36e-05   575.507s
2688000 -3.49414354e+01 -3.48510979e+01  9.03e-02   6.74e-01     5.32e-05   575.720s
2689000 -3.49414561e+01 -3.48508919e+01  9.06e-02   1.32e+00     5.31e-05   575.932s
2690000 -3.49414968e+01 -3.48506865e+01  9.08e-02   6.90e-01     5.36e-05   576.144s
2691000 -3.49414539e+01 -3.48504761e+01  9.10e-02   4.28e-01     5.46e-05   576.356s
2692000 -3.49414940e+01 -3.48502672e+01  9.12e-02   8.56e-01     5.58e-05   576.569s
2693000 -3.49415230e+01 -3.48500650e+01  9.15e-02   1.58e+00     5.10e-05   576.780s
2694000 -3.49414946e+01 -3.48498582e+01  9.16e-02   1.05e+00     5.24e-05   576.992s
2695000 -3.49414511e+01 -3.48496509e+01  9.18e-02   1.09e+00     5.01e-05   577.204s
2696000 -3.49415386e+01 -3.48494453e+01  9.21e-02   1.12e+00     4.93e-05   577.417s
2697000 -3.49415273e+01 -3.48492371e+01  9.23e-02   1.15e+00     5.02e-05   577.629s
2698000 -3.49415268e+01 -3.48490395e+01  9.25e-02   1.08e+00     4.86e-05   577.841s
2699000 -3.49415148e+01 -3.48488300e+01  9.27e-02   4.07e-01     4.93e-05   578.054s
2700000 -3.49415481e+01 -3.48486209e+01  9.29e-02   1.14e+00     4.95e-05   578.266s
2701000 -3.49415487e+01 -3.48484169e+01  9.31e-02   6.58e-01     5.00e-05   578.478s
2702000 -3.49415263e+01 -3.48482099e+01  9.33e-02   7.91e-01     5.07e-05   578.690s
2703000 -3.49415302e+01 -3.48480078e+01  9.35e-02   6.90e-01     4.98e-05   578.902s
2704000 -3.49414659e+01 -3.48477942e+01  9.37e-02   8.33e-01     4.88e-05   579.115s
2705000 -3.49415374e+01 -3.48475828e+01  9.40e-02   9.58e-01     4.85e-05   579.327s
2706000 -3.49415345e+01 -3.48473783e+01  9.42e-02   1.42e+00     4.75e-05   579.540s
2707000 -3.49414686e+01 -3.48471719e+01  9.43e-02   1.24e+00     4.70e-05   579.752s
2708000 -3.49415269e+01 -3.48469619e+01  9.46e-02   6.15e-01     4.74e-05   579.963s
2709000 -3.49415384e+01 -3.48467467e+01  9.48e-02   9.67e-01     4.85e-05   580.176s
2710000 -3.49415630e+01 -3.48465452e+01  9.50e-02   1.83e+00     4.87e-05   580.388s
2711000 -3.49414995e+01 -3.48463393e+01  9.52e-02   7.90e-01     4.78e-05   580.600s
2712000 -3.49415436e+01 -3.48461309e+01  9.54e-02   7.03e-01     4.78e-05   580.812s
2713000 -3.49415331e+01 -3.48459213e+01  9.56e-02   9.68e-01     4.85e-05   581.024s
2714000 -3.49415196e+01 -3.48457197e+01  9.58e-02   1.13e+00     4.81e-05   581.236s
2715000 -3.49413801e+01 -3.48455138e+01  9.59e-02   7.43e-01     4.75e-05   581.449s
2716000 -3.49413906e+01 -3.48453065e+01  9.61e-02   1.29e+00     4.68e-05   581.661s
2717000 -3.49414277e+01 -3.48451005e+01  9.63e-02   7.41e-01     4.74e-05   581.872s
2718000 -3.49414336e+01 -3.48448931e+01  9.65e-02   6.88e-01     4.80e-05   582.084s
2719000 -3.49414515e+01 -3.48446886e+01  9.68e-02   6.36e-01     4.72e-05   582.296s
2720000 -3.49414325e+01 -3.48444839e+01  9.69e-02   8.79e-01     4.68e-05   582.508s
2721000 -3.49414696e+01 -3.48442795e+01  9.72e-02   1.02e+00     4.66e-05   582.720s
2722000 -3.49413961e+01 -3.48440731e+01  9.73e-02   7.33e-01     4.71e-05   582.932s
2723000 -3.49413946e+01 -3.48438638e+01  9.75e-02   8.79e-01     4.70e-05   583.145s
2724000 -3.49413846e+01 -3.48436588e+01  9.77e-02   9.09e-01     4.70e-05   583.357s
2725000 -3.49413719e+01 -3.48434497e+01  9.79e-02   6.93e-01     4.72e-05   583.569s
2726000 -3.49413419e+01 -3.48432398e+01  9.81e-02   1.32e+00     4.69e-05   583.781s
2727000 -3.49412634e+01 -3.48430297e+01  9.82e-02   5.57e-01     4.64e-05   583.993s
2728000 -3.49412803e+01 -3.48428232e+01  9.85e-02   1.16e+00     4.59e-05   584.205s
2729000 -3.49413181e+01 -3.48426115e+01  9.87e-02   7.42e-01     4.62e-05   584.417s
2730000 -3.49413525e+01 -3.48424033e+01  9.89e-02   9.74e-01     4.57e-05   584.629s
2731000 -3.49413261e+01 -3.48421998e+01  9.91e-02   1.20e+00     4.57e-05   584.841s
2732000 -3.49412979e+01 -3.48419927e+01  9.93e-02   4.64e-01     4.49e-05   585.053s
2733000 -3.49412787e+01 -3.48417915e+01  9.95e-02   9.09e-01     4.53e-05   585.266s
2734000 -3.49412490e+01 -3.48415831e+01  9.97e-02   1.52e+00     4.55e-05   585.478s
2735000 -3.49412876e+01 -3.48413756e+01  9.99e-02   1.27e+00     4.61e-05   585.690s
2736000 -3.49412532e+01 -3.48411721e+01  1.00e-01   1.05e+00     4.47e-05   585.903s
2737000 -3.49412796e+01 -3.48409683e+01  1.00e-01   1.43e+00     4.43e-05   586.115s
2738000 -3.49412701e+01 -3.48407633e+01  1.01e-01   9.50e-01     4.40e-05   586.327s
2739000 -3.49412288e+01 -3.48405543e+01  1.01e-01   6.33e-01     4.37e-05   586.540s
2740000 -3.49412213e+01 -3.48403490e+01  1.01e-01   6.46e-01     4.33e-05   586.752s
2741000 -3.49412248e+01 -3.48401428e+01  1.01e-01   9.65e-01     4.37e-05   586.964s
2742000 -3.49412359e+01 -3.48399378e+01  1.01e-01   8.26e-01     4.31e-05   587.176s
2743000 -3.49412195e+01 -3.48397287e+01  1.01e-01   8.15e-01     4.31e-05   587.388s
2744000 -3.49411530e+01 -3.48395222e+01  1.02e-01   1.51e+00     4.34e-05   587.600s
2745000 -3.49411042e+01 -3.48393152e+01  1.02e-01   9.04e-01     4.37e-05   587.811s
2746000 -3.49411112e+01 -3.48391079e+01  1.02e-01   8.78e-01     4.27e-05   588.023s
2747000 -3.49411197e+01 -3.48388982e+01  1.02e-01   7.99e-01     4.25e-05   588.236s
2748000 -3.49410919e+01 -3.48386914e+01  1.02e-01   1.70e+00     4.29e-05   588.448s
2749000 -3.49410936e+01 -3.48384954e+01  1.03e-01   4.10e-01     3.52e-05   588.660s
2750000 -3.49411865e+01 -3.48382862e+01  1.03e-01   1.25e+00     3.52e-05   588.872s
2751000 -3.49411838e+01 -3.48380827e+01  1.03e-01   8.57e-01     3.52e-05   589.084s
2752000 -3.49411886e+01 -3.48378790e+01  1.03e-01   7.92e-01     3.55e-05   589.296s
2753000 -3.49411603e+01 -3.48376707e+01  1.03e-01   5.04e-01     3.66e-05   589.509s
2754000 -3.49412293e+01 -3.48374627e+01  1.04e-01   1.32e+00     3.53e-05   589.721s
2755000 -3.49412179e+01 -3.48372594e+01  1.04e-01   7.29e-01     3.55e-05   589.933s
2756000 -3.49411995e+01 -3.48370560e+01  1.04e-01   7.74e-01     3.42e-05   590.145s
2757000 -3.49413056e+01 -3.48368471e+01  1.04e-01   7.20e-01     3.45e-05   590.357s
2758000 -3.49413299e+01 -3.48366418e+01  1.05e-01   1.08e+00     3.44e-05   590.569s
2759000 -3.49414453e+01 -3.48364379e+01  1.05e-01   6.47e-01     3.45e-05   590.781s
2760000 -3.49414748e+01 -3.48362352e+01  1.05e-01   5.67e-01     3.35e-05   590.993s
2761000 -3.49414515e+01 -3.48360267e+01  1.05e-01   1.74e+00     3.45e-05   591.206s
2762000 -3.49414486e+01 -3.48358215e+01  1.06e-01   7.64e-01     3.39e-05   591.418s
2763000 -3.49414844e+01 -3.48356194e+01  1.06e-01   8.49e-01     3.33e-05   591.630s
2764000 -3.49414679e+01 -3.48354131e+01  1.06e-01   1.12e+00     3.33e-05   591.842s
2765000 -3.49414663e+01 -3.48352058e+01  1.06e-01   1.39e+00     3.36e-05   592.054s
2766000 -3.49414265e+01 -3.48349973e+01  1.06e-01   9.74e-01     3.32e-05   592.267s
2767000 -3.49414390e+01 -3.48347908e+01  1.07e-01   7.97e-01     3.28e-05   592.479s
2768000 -3.49413709e+01 -3.48345826e+01  1.07e-01   2.10e+00     3.29e-05   592.691s
2769000 -3.49414038e+01 -3.48343739e+01  1.07e-01   6.00e-01     3.33e-05   592.902s
2770000 -3.49414212e+01 -3.48341674e+01  1.07e-01   8.11e-01     3.27e-05   593.114s
2771000 -3.49413704e+01 -3.48339588e+01  1.07e-01   1.13e+00     3.31e-05   593.326s
2772000 -3.49413523e+01 -3.48337532e+01  1.08e-01   4.19e-01     3.34e-05   593.538s
2773000 -3.49413683e+01 -3.48335448e+01  1.08e-01   9.27e-01     3.34e-05   593.750s
2774000 -3.49413640e+01 -3.48333365e+01  1.08e-01   6.40e-01     3.33e-05   593.962s
2775000 -3.49413565e+01 -3.48331327e+01  1.08e-01   1.77e+00     3.35e-05   594.174s
2776000 -3.49413376e+01 -3.48329269e+01  1.08e-01   1.52e+00     3.34e-05   594.386s
2777000 -3.49413574e+01 -3.48327174e+01  1.09e-01   8.36e-01     3.29e-05   594.598s
2778000 -3.49413308e+01 -3.48325115e+01  1.09e-01   1.09e+00     3.26e-05   594.811s
2779000 -3.49412951e+01 -3.48323100e+01  1.09e-01   5.27e-01     3.26e-05   595.023s
2780000 -3.49412979e+01 -3.48321079e+01  1.09e-01   6.15e-01     3.15e-05   595.235s
2781000 -3.49412912e+01 -3.48319025e+01  1.09e-01   7.87e-01     3.17e-05   595.447s
2782000 -3.49413128e+01 -3.48316975e+01  1.10e-01   6.76e-01     3.20e-05   595.659s
2783000 -3.49412718e+01 -3.48314945e+01  1.10e-01   8.73e-01     3.17e-05   595.871s
2784000 -3.49412722e+01 -3.48312910e+01  1.10e-01   8.82e-01     3.15e-05   596.083s
2785000 -3.49412923e+01 -3.48310822e+01  1.10e-01   7.83e-01     3.18e-05   596.295s
2786000 -3.49413028e+01 -3.48308745e+01  1.10e-01   7.86e-01     3.22e-05   596.507s
2787000 -3.49413313e+01 -3.48306695e+01  1.11e-01   5.49e-01     3.16e-05   596.719s
2788000 -3.49413097e+01 -3.48304641e+01  1.11e-01   1.26e+00     3.14e-05   596.931s
2789000 -3.49413459e+01 -3.48302568e+01  1.11e-01   4.64e-01     3.20e-05   597.143s
2790000 -3.49413747e+01 -3.48300481e+01  1.11e-01   5.35e-01     3.16e-05   597.355s
2791000 -3.49413126e+01 -3.48298432e+01  1.11e-01   9.52e-01     3.15e-05   597.567s
2792000 -3.49413043e+01 -3.48296384e+01  1.12e-01   4.48e-01     3.17e-05   597.779s
2793000 -3.49413025e+01 -3.48294295e+01  1.12e-01   5.16e-01     3.17e-05   597.991s
2794000 -3.49413091e+01 -3.48292196e+01  1.12e-01   6.74e-01     3.21e-05   598.203s
2795000 -3.49413387e+01 -3.48290125e+01  1.12e-01   8.62e-01     3.20e-05   598.415s
2796000 -3.49413266e+01 -3.48288081e+01  1.13e-01   7.86e-01     3.18e-05   598.627s
2797000 -3.49413372e+01 -3.48286004e+01  1.13e-01   5.29e-01     3.17e-05   598.839s
2798000 -3.49413690e+01 -3.48283906e+01  1.13e-01   8.62e-01     3.20e-05   599.051s
2799000 -3.49413268e+01 -3.48281847e+01  1.13e-01   4.90e-01     3.16e-05   599.264s
2800000 -3.49413401e+01 -3.48279804e+01  1.13e-01   6.49e-01     3.20e-05   599.476s
2801000 -3.49413156e+01 -3.48277744e+01  1.14e-01   5.44e-01     3.17e-05   599.688s
2802000 -3.49413034e+01 -3.48275663e+01  1.14e-01   7.12e-01     3.18e-05   599.900s
2803000 -3.49412650e+01 -3.48273625e+01  1.14e-01   5.20e-01     3.10e-05   600.112s
2804000 -3.49412519e+01 -3.48271619e+01  1.14e-01   7.38e-01     3.05e-05   600.325s
2805000 -3.49412733e+01 -3.48269552e+01  1.14e-01   7.85e-01     3.05e-05   600.537s
2806000 -3.49412886e+01 -3.48267482e+01  1.15e-01   6.28e-01     3.03e-05   600.750s
2807000 -3.49412652e+01 -3.48265449e+01  1.15e-01   4.58e-01     3.02e-05   600.962s
2808000 -3.49412736e+01 -3.48263423e+01  1.15e-01   8.90e-01     3.00e-05   601.174s
2809000 -3.49412746e+01 -3.48261362e+01  1.15e-01   5.12e-01     3.04e-05   601.386s
2810000 -3.49412532e+01 -3.48259291e+01  1.15e-01   5.29e-01     3.03e-05   601.597s
2811000 -3.49412549e+01 -3.48257229e+01  1.16e-01   6.48e-01     2.99e-05   601.810s
2812000 -3.49412773e+01 -3.48255182e+01  1.16e-01   5.92e-01     3.00e-05   602.022s
2813000 -3.49412620e+01 -3.48253124e+01  1.16e-01   4.68e-01     2.97e-05   602.234s
2814000 -3.49412550e+01 -3.48251022e+01  1.16e-01   5.15e-01     2.97e-05   602.446s
2815000 -3.49412542e+01 -3.48248959e+01  1.16e-01   1.00e+00     3.00e-05   602.658s
2816000 -3.49412781e+01 -3.48246883e+01  1.17e-01   5.16e-01     2.99e-05   602.870s
2817000 -3.49412577e+01 -3.48244846e+01  1.17e-01   5.95e-01     2.93e-05   603.082s
2818000 -3.49412732e+01 -3.48242742e+01  1.17e-01   6.17e-01     2.92e-05   603.294s
2819000 -3.49412541e+01 -3.48240658e+01  1.17e-01   4.53e-01     2.92e-05   603.506s
2820000 -3.49413203e+01 -3.48238612e+01  1.17e-01   6.87e-01     2.91e-05   603.718s
2821000 -3.49412707e+01 -3.48236568e+01  1.18e-01   8.16e-01     2.91e-05   603.930s
2822000 -3.49412665e+01 -3.48234510e+01  1.18e-01   8.25e-01     2.94e-05   604.142s
2823000 -3.49412361e+01 -3.48232424e+01  1.18e-01   4.57e-01     3.00e-05   604.354s
2824000 -3.49412469e+01 -3.48230357e+01  1.18e-01   5.08e-01     3.03e-05   604.566s
2825000 -3.49412194e+01 -3.48228291e+01  1.18e-01   6.85e-01     3.07e-05   604.778s
2826000 -3.49412167e+01 -3.48226273e+01  1.19e-01   4.54e-01     3.08e-05   604.990s
2827000 -3.49412359e+01 -3.48224227e+01  1.19e-01   4.33e-01     3.06e-05   605.202s
2828000 -3.49412386e+01 -3.48222151e+01  1.19e-01   5.27e-01     3.09e-05   605.414s
2829000 -3.49412318e+01 -3.48220105e+01  1.19e-01   5.10e-01     3.10e-05   605.627s
2830000 -3.49412372e+01 -3.48218052e+01  1.19e-01   3.87e-01     3.09e-05   605.839s
2831000 -3.49412562e+01 -3.48216018e+01  1.20e-01   4.76e-01     3.04e-05   606.051s
2832000 -3.49412338e+01 -3.48213943e+01  1.20e-01   7.06e-01     3.01e-05   606.263s
2833000 -3.49412401e+01 -3.48211890e+01  1.20e-01   3.89e-01     2.96e-05   606.475s
2834000 -3.49412120e+01 -3.48209852e+01  1.20e-01   4.06e-01     2.88e-05   606.687s
2835000 -3.49411980e+01 -3.48207787e+01  1.20e-01   4.88e-01     2.87e-05   606.899s
2836000 -3.49412029e+01 -3.48205706e+01  1.21e-01   5.91e-01     2.91e-05   607.111s
2837000 -3.49412216e+01 -3.48203660e+01  1.21e-01   7.76e-01     2.99e-05   607.323s
2838000 -3.49411927e+01 -3.48201635e+01  1.21e-01   6.44e-01     3.00e-05   607.536s
2839000 -3.49412139e+01 -3.48199561e+01  1.21e-01   6.36e-01     3.00e-05   607.748s
2840000 -3.49412575e+01 -3.48197480e+01  1.22e-01   5.07e-01     2.98e-05   607.960s
2841000 -3.49412589e+01 -3.48195405e+01  1.22e-01   3.74e-01     2.93e-05   608.172s
2842000 -3.49412622e+01 -3.48193372e+01  1.22e-01   7.83e-01     2.89e-05   608.384s
2843000 -3.49412234e+01 -3.48191322e+01  1.22e-01   4.28e-01     2.82e-05   608.596s
2844000 -3.49412621e+01 -3.48189246e+01  1.22e-01   4.32e-01     2.80e-05   608.809s
2845000 -3.49412640e+01 -3.48187185e+01  1.23e-01   5.79e-01     2.86e-05   609.021s
2846000 -3.49412545e+01 -3.48185136e+01  1.23e-01   5.48e-01     2.80e-05   609.232s
2847000 -3.49412265e+01 -3.48183080e+01  1.23e-01   5.28e-01     2.86e-05   609.445s
2848000 -3.49412177e+01 -3.48181011e+01  1.23e-01   4.03e-01     2.87e-05   609.657s
2849000 -3.49412278e+01 -3.48178962e+01  1.23e-01   5.54e-01     2.87e-05   609.869s
2850000 -3.49412280e+01 -3.48176902e+01  1.24e-01   5.92e-01     2.83e-05   610.082s
2851000 -3.49412124e+01 -3.48174844e+01  1.24e-01   4.89e-01     2.79e-05   610.293s
2852000 -3.49412272e+01 -3.48172771e+01  1.24e-01   4.88e-01     2.76e-05   610.505s
2853000 -3.49412260e+01 -3.48170720e+01  1.24e-01   4.73e-01     2.77e-05   610.717s
2854000 -3.49412193e+01 -3.48168677e+01  1.24e-01   5.89e-01     2.76e-05   610.929s
2855000 -3.49412033e+01 -3.48166610e+01  1.25e-01   5.62e-01     2.80e-05   611.142s
2856000 -3.49412046e+01 -3.48164537e+01  1.25e-01   5.78e-01     2.84e-05   611.354s
2857000 -3.49412084e+01 -3.48162474e+01  1.25e-01   6.15e-01     2.86e-05   611.566s
2858000 -3.49411735e+01 -3.48160437e+01  1.25e-01   4.20e-01     2.84e-05   611.778s
2859000 -3.49411970e+01 -3.48158410e+01  1.25e-01   6.63e-01     2.86e-05   611.990s
2860000 -3.49411984e+01 -3.48156367e+01  1.26e-01   8.05e-01     2.71e-05   612.202s
2861000 -3.49412245e+01 -3.48154293e+01  1.26e-01   6.94e-01     2.71e-05   612.414s
2862000 -3.49412515e+01 -3.48152251e+01  1.26e-01   8.01e-01     2.70e-05   612.626s
2863000 -3.49412601e+01 -3.48150233e+01  1.26e-01   6.93e-01     2.67e-05   612.838s
2864000 -3.49411795e+01 -3.48148179e+01  1.26e-01   9.81e-01     2.53e-05   613.050s
2865000 -3.49412232e+01 -3.48146106e+01  1.27e-01   1.12e+00     2.62e-05   613.262s
2866000 -3.49411912e+01 -3.48144066e+01  1.27e-01   6.50e-01     2.60e-05   613.474s
2867000 -3.49411812e+01 -3.48142029e+01  1.27e-01   9.26e-01     2.63e-05   613.686s
2868000 -3.49411783e+01 -3.48139966e+01  1.27e-01   7.22e-01     2.55e-05   613.898s
2869000 -3.49411865e+01 -3.48137897e+01  1.27e-01   5.61e-01     2.48e-05   614.111s
2870000 -3.49412049e+01 -3.48135825e+01  1.28e-01   8.94e-01     2.37e-05   614.323s
2871000 -3.49411742e+01 -3.48133772e+01  1.28e-01   9.61e-01     2.40e-05   614.535s
2872000 -3.49411906e+01 -3.48131724e+01  1.28e-01   1.15e+00     2.39e-05   614.747s
2873000 -3.49411915e+01 -3.48129685e+01  1.28e-01   6.94e-01     2.41e-05   614.960s
2874000 -3.49411754e+01 -3.48127596e+01  1.28e-01   6.04e-01     2.51e-05   615.172s
2875000 -3.49411865e+01 -3.48125512e+01  1.29e-01   5.40e-01     2.60e-05   615.384s
2876000 -3.49411679e+01 -3.48123466e+01  1.29e-01   4.53e-01     2.58e-05   615.597s
2877000 -3.49411848e+01 -3.48121436e+01  1.29e-01   4.96e-01     2.48e-05   615.808s
2878000 -3.49412082e+01 -3.48119382e+01  1.29e-01   6.11e-01     2.44e-05   616.021s
2879000 -3.49411945e+01 -3.48117334e+01  1.29e-01   5.46e-01     2.34e-05   616.233s
2880000 -3.49411816e+01 -3.48115254e+01  1.30e-01   4.46e-01     2.36e-05   616.445s
2881000 -3.49411758e+01 -3.48113212e+01  1.30e-01   5.67e-01     2.31e-05   616.657s
2882000 -3.49411699e+01 -3.48111158e+01  1.30e-01   4.69e-01     2.40e-05   616.869s
2883000 -3.49411916e+01 -3.48109137e+01  1.30e-01   6.34e-01     2.46e-05   617.081s
2884000 -3.49411604e+01 -3.48107066e+01  1.30e-01   4.31e-01     2.50e-05   617.293s
2885000 -3.49411895e+01 -3.48105032e+01  1.31e-01   6.32e-01     2.50e-05   617.505s
2886000 -3.49411842e+01 -3.48102980e+01  1.31e-01   6.30e-01     2.48e-05   617.717s
2887000 -3.49411605e+01 -3.48100931e+01  1.31e-01   8.40e-01     2.42e-05   617.930s
2888000 -3.49411660e+01 -3.48098879e+01  1.31e-01   4.68e-01     2.37e-05   618.142s
2889000 -3.49411645e+01 -3.48096833e+01  1.31e-01   5.16e-01     2.37e-05   618.354s
2890000 -3.49411505e+01 -3.48094791e+01  1.32e-01   6.36e-01     2.36e-05   618.566s
2891000 -3.49411680e+01 -3.48092724e+01  1.32e-01   4.32e-01     2.45e-05   618.778s
2892000 -3.49411466e+01 -3.48090661e+01  1.32e-01   8.54e-01     2.49e-05   618.990s
2893000 -3.49411717e+01 -3.48088596e+01  1.32e-01   5.18e-01     2.60e-05   619.202s
2894000 -3.49411680e+01 -3.48086557e+01  1.33e-01   6.31e-01     2.56e-05   619.415s
2895000 -3.49411414e+01 -3.48084505e+01  1.33e-01   5.63e-01     2.51e-05   619.627s
2896000 -3.49411526e+01 -3.48082436e+01  1.33e-01   6.25e-01     2.42e-05   619.839s
2897000 -3.49411492e+01 -3.48080358e+01  1.33e-01   5.92e-01     2.43e-05   620.051s
2898000 -3.49411527e+01 -3.48078288e+01  1.33e-01   6.04e-01     2.40e-05   620.263s
2899000 -3.49411848e+01 -3.48076271e+01  1.34e-01   6.20e-01     2.43e-05   620.476s
2900000 -3.49411602e+01 -3.48074214e+01  1.34e-01   6.43e-01     2.48e-05   620.688s
2901000 -3.49411617e+01 -3.48072157e+01  1.34e-01   6.16e-01     2.56e-05   620.900s
2902000 -3.49411534e+01 -3.48070085e+01  1.34e-01   5.84e-01     2.61e-05   621.112s
2903000 -3.49411472e+01 -3.48068025e+01  1.34e-01   5.34e-01     2.58e-05   621.324s
2904000 -3.49411610e+01 -3.48065990e+01  1.35e-01   5.12e-01     2.51e-05   621.536s
2905000 -3.49411535e+01 -3.48063960e+01  1.35e-01   6.26e-01     2.47e-05   621.748s
2906000 -3.49411478e+01 -3.48061906e+01  1.35e-01   5.36e-01     2.45e-05   621.961s
2907000 -3.49411599e+01 -3.48059835e+01  1.35e-01   5.28e-01     2.41e-05   622.173s
2908000 -3.49411412e+01 -3.48057787e+01  1.35e-01   5.07e-01     2.45e-05   622.385s
2909000 -3.49411485e+01 -3.48055725e+01  1.36e-01   4.59e-01     2.53e-05   622.597s
2910000 -3.49411286e+01 -3.48053692e+01  1.36e-01   5.05e-01     2.64e-05   622.809s
2911000 -3.49411425e+01 -3.48051657e+01  1.36e-01   5.37e-01     2.63e-05   623.021s
2912000 -3.49411507e+01 -3.48049600e+01  1.36e-01   4.93e-01     2.63e-05   623.233s
2913000 -3.49411634e+01 -3.48047536e+01  1.36e-01   6.10e-01     2.61e-05   623.445s
2914000 -3.49411284e+01 -3.48045480e+01  1.37e-01   5.51e-01     2.63e-05   623.658s
2915000 -3.49411444e+01 -3.48043461e+01  1.37e-01   5.39e-01     2.57e-05   623.870s
2916000 -3.49411201e+01 -3.48041419e+01  1.37e-01   6.47e-01     2.60e-05   624.082s
2917000 -3.49411212e+01 -3.48039353e+01  1.37e-01   5.62e-01     2.59e-05   624.294s
2918000 -3.49411064e+01 -3.48037274e+01  1.37e-01   3.77e-01     2.69e-05   624.506s
2919000 -3.49411018e+01 -3.48035211e+01  1.38e-01   5.08e-01     2.71e-05   624.718s
2920000 -3.49410748e+01 -3.48033180e+01  1.38e-01   4.90e-01     2.69e-05   624.930s
2921000 -3.49410280e+01 -3.48031137e+01  1.38e-01   4.28e-01     2.71e-05   625.142s
2922000 -3.49408679e+01 -3.48029084e+01  1.38e-01   6.56e-01     2.78e-05   625.354s
2923000 -3.49407725e+01 -3.48027010e+01  1.38e-01   4.83e-01     2.79e-05   625.566s
2924000 -3.49406348e+01 -3.48024972e+01  1.38e-01   6.74e-01     2.75e-05   625.778s
2925000 -3.49404556e+01 -3.48022930e+01  1.38e-01   5.95e-01     2.80e-05   625.990s
2926000 -3.49403961e+01 -3.48020931e+01  1.38e-01   6.98e-01     2.86e-05   626.202s
2927000 -3.49404403e+01 -3.48018919e+01  1.39e-01   1.06e+00     2.94e-05   626.414s
2928000 -3.49405176e+01 -3.48016900e+01  1.39e-01   1.55e+00     2.95e-05   626.626s
2929000 -3.49403159e+01 -3.48014858e+01  1.39e-01   1.32e+00     2.91e-05   626.838s
2930000 -3.49402469e+01 -3.48012864e+01  1.39e-01   1.40e+00     2.87e-05   627.050s
2931000 -3.49402083e+01 -3.48010869e+01  1.39e-01   1.03e+00     2.89e-05   627.261s
2932000 -3.49402777e+01 -3.48008842e+01  1.39e-01   1.37e+00     2.86e-05   627.473s
2933000 -3.49402483e+01 -3.48006814e+01  1.40e-01   1.05e+00     2.85e-05   627.686s
2934000 -3.49402518e+01 -3.48004768e+01  1.40e-01   9.64e-01     2.85e-05   627.898s
2935000 -3.49402768e+01 -3.48002761e+01  1.40e-01   2.22e+00     2.83e-05   628.111s
2936000 -3.49402526e+01 -3.48000750e+01  1.40e-01   1.49e+00     2.83e-05   628.322s
2937000 -3.49403297e+01 -3.47998744e+01  1.40e-01   5.96e-01     2.86e-05   628.534s
2938000 -3.49403715e+01 -3.47996685e+01  1.41e-01   1.38e+00     2.92e-05   628.747s
2939000 -3.49404142e+01 -3.47994638e+01  1.41e-01   5.77e-01     2.97e-05   628.959s
2940000 -3.49404890e+01 -3.47992591e+01  1.41e-01   1.02e+00     2.95e-05   629.171s
2941000 -3.49405051e+01 -3.47990600e+01  1.41e-01   7.07e-01     2.90e-05   629.383s
2942000 -3.49404614e+01 -3.47988568e+01  1.42e-01   9.84e-01     2.86e-05   629.596s
2943000 -3.49403795e+01 -3.47986525e+01  1.42e-01   5.35e-01     2.89e-05   629.808s
2944000 -3.49402771e+01 -3.47984504e+01  1.42e-01   4.87e-01     2.92e-05   630.020s
2945000 -3.49402367e+01 -3.47982472e+01  1.42e-01   6.97e-01     2.88e-05   630.233s
2946000 -3.49402725e+01 -3.47980460e+01  1.42e-01   6.54e-01     2.91e-05   630.445s
2947000 -3.49402723e+01 -3.47978442e+01  1.42e-01   9.38e-01     2.93e-05   630.657s
2948000 -3.49403330e+01 -3.47976427e+01  1.43e-01   4.87e-01     2.98e-05   630.869s
2949000 -3.49403206e+01 -3.47974381e+01  1.43e-01   4.81e-01     2.96e-05   631.081s
2950000 -3.49403352e+01 -3.47972356e+01  1.43e-01   6.05e-01     2.97e-05   631.293s
2951000 -3.49403413e+01 -3.47970343e+01  1.43e-01   5.21e-01     2.97e-05   631.505s
2952000 -3.49403844e+01 -3.47968316e+01  1.44e-01   4.10e-01     2.99e-05   631.717s
2953000 -3.49403674e+01 -3.47966327e+01  1.44e-01   5.65e-01     2.97e-05   631.929s
2954000 -3.49403856e+01 -3.47964292e+01  1.44e-01   5.01e-01     2.99e-05   632.141s
2955000 -3.49403761e+01 -3.47962260e+01  1.44e-01   4.84e-01     3.04e-05   632.354s
2956000 -3.49403362e+01 -3.47960246e+01  1.44e-01   5.96e-01     3.10e-05   632.566s
2957000 -3.49403325e+01 -3.47958226e+01  1.45e-01   5.69e-01     3.13e-05   632.778s
2958000 -3.49403327e+01 -3.47956218e+01  1.45e-01   6.94e-01     3.17e-05   632.989s
2959000 -3.49403718e+01 -3.47954210e+01  1.45e-01   5.21e-01     3.16e-05   633.202s
2960000 -3.49403172e+01 -3.47952199e+01  1.45e-01   4.10e-01     3.15e-05   633.414s
2961000 -3.49403112e+01 -3.47950151e+01  1.45e-01   6.06e-01     3.14e-05   633.626s
2962000 -3.49403512e+01 -3.47948144e+01  1.46e-01   6.22e-01     3.05e-05   633.838s
2963000 -3.49403596e+01 -3.47946107e+01  1.46e-01   6.74e-01     2.86e-05   634.050s
2964000 -3.49403511e+01 -3.47944116e+01  1.46e-01   7.86e-01     2.67e-05   634.262s
2965000 -3.49403751e+01 -3.47942118e+01  1.46e-01   7.66e-01     2.52e-05   634.474s
2966000 -3.49404059e+01 -3.47940092e+01  1.46e-01   9.12e-01     2.41e-05   634.686s
2967000 -3.49404088e+01 -3.47938098e+01  1.47e-01   1.03e+00     2.27e-05   634.898s
2968000 -3.49402872e+01 -3.47936086e+01  1.47e-01   6.61e-01     2.16e-05   635.110s
2969000 -3.49403599e+01 -3.47934095e+01  1.47e-01   8.73e-01     2.15e-05   635.323s
2970000 -3.49404389e+01 -3.47932073e+01  1.47e-01   8.38e-01     2.25e-05   635.535s
2971000 -3.49403808e+01 -3.47930092e+01  1.47e-01   6.80e-01     2.41e-05   635.747s
2972000 -3.49403517e+01 -3.47928055e+01  1.48e-01   5.91e-01     2.61e-05   635.959s
2973000 -3.49403584e+01 -3.47926037e+01  1.48e-01   8.83e-01     2.72e-05   636.171s
2974000 -3.49403055e+01 -3.47924014e+01  1.48e-01   7.14e-01     2.76e-05   636.384s
2975000 -3.49402210e+01 -3.47921978e+01  1.48e-01   5.00e-01     2.65e-05   636.596s
2976000 -3.49401820e+01 -3.47919931e+01  1.48e-01   4.02e-01     2.52e-05   636.808s
2977000 -3.49402007e+01 -3.47917900e+01  1.48e-01   6.20e-01     2.39e-05   637.019s
2978000 -3.49401829e+01 -3.47915837e+01  1.49e-01   8.70e-01     2.24e-05   637.232s
2979000 -3.49401622e+01 -3.47913822e+01  1.49e-01   5.78e-01     2.11e-05   637.444s
2980000 -3.49400962e+01 -3.47911774e+01  1.49e-01   4.03e-01     2.11e-05   637.656s
2981000 -3.49401499e+01 -3.47909720e+01  1.49e-01   4.75e-01     2.10e-05   637.868s
2982000 -3.49401760e+01 -3.47907684e+01  1.49e-01   5.71e-01     2.31e-05   638.080s
2983000 -3.49401528e+01 -3.47905690e+01  1.50e-01   4.71e-01     2.46e-05   638.293s
2984000 -3.49401940e+01 -3.47903667e+01  1.50e-01   4.85e-01     2.66e-05   638.505s
2985000 -3.49402353e+01 -3.47901657e+01  1.50e-01   5.97e-01     2.78e-05   638.717s
2986000 -3.49402082e+01 -3.47899574e+01  1.50e-01   4.55e-01     2.90e-05   638.929s
2987000 -3.49402756e+01 -3.47897534e+01  1.51e-01   4.81e-01     2.93e-05   639.141s
2988000 -3.49402937e+01 -3.47895550e+01  1.51e-01   1.15e+00     2.79e-05   639.353s
2989000 -3.49402476e+01 -3.47893578e+01  1.51e-01   7.22e-01     2.72e-05   639.565s
2990000 -3.49402531e+01 -3.47891550e+01  1.51e-01   7.53e-01     2.58e-05   639.777s
2991000 -3.49402664e+01 -3.47889505e+01  1.51e-01   5.82e-01     2.48e-05   639.989s
2992000 -3.49403206e+01 -3.47887496e+01  1.52e-01   8.52e-01     2.36e-05   640.201s
2993000 -3.49402844e+01 -3.47885527e+01  1.52e-01   8.78e-01     2.24e-05   640.413s
2994000 -3.49402859e+01 -3.47883544e+01  1.52e-01   1.22e+00     2.15e-05   640.625s
2995000 -3.49402600e+01 -3.47881538e+01  1.52e-01   6.63e-01     2.14e-05   640.837s
2996000 -3.49403233e+01 -3.47879521e+01  1.52e-01   9.62e-01     2.13e-05   641.049s
2997000 -3.49402588e+01 -3.47877512e+01  1.53e-01   6.39e-01     2.27e-05   641.262s
2998000 -3.49402770e+01 -3.47875504e+01  1.53e-01   9.68e-01     2.36e-05   641.473s
2999000 -3.49403594e+01 -3.47873485e+01  1.53e-01   5.42e-01     2.49e-05   641.686s
3000000 -3.49403066e+01 -3.47871465e+01  1.53e-01   5.77e-01     2.53e-05   641.897s
3001000 -3.49402148e+01 -3.47869466e+01  1.53e-01   5.04e-01     2.51e-05   642.109s
3002000 -3.49402189e+01 -3.47867415e+01  1.53e-01   4.93e-01     2.43e-05   642.321s
3003000 -3.49401807e+01 -3.47865380e+01  1.54e-01   4.30e-01     2.31e-05   642.533s
3004000 -3.49401739e+01 -3.47863341e+01  1.54e-01   1.01e+00     2.23e-05   642.746s
3005000 -3.49402242e+01 -3.47861346e+01  1.54e-01   4.18e-01     2.14e-05   642.958s
3006000 -3.49402084e+01 -3.47859282e+01  1.54e-01   4.33e-01     2.07e-05   643.170s
3007000 -3.49401227e+01 -3.47857275e+01  1.54e-01   1.18e+00     2.13e-05   643.382s
3008000 -3.49401060e+01 -3.47855270e+01  1.55e-01   9.30e-01     2.26e-05   643.594s
3009000 -3.49401513e+01 -3.47853274e+01  1.55e-01   8.40e-01     2.41e-05   643.806s
3010000 -3.49401173e+01 -3.47851243e+01  1.55e-01   4.68e-01     2.62e-05   644.019s
3011000 -3.49401428e+01 -3.47849179e+01  1.55e-01   8.98e-01     2.74e-05   644.230s
3012000 -3.49402038e+01 -3.47847183e+01  1.55e-01   4.84e-01     2.92e-05   644.442s
3013000 -3.49402182e+01 -3.47845172e+01  1.56e-01   4.87e-01     2.93e-05   644.654s
3014000 -3.49401752e+01 -3.47843205e+01  1.56e-01   5.08e-01     2.89e-05   644.866s
3015000 -3.49401576e+01 -3.47841170e+01  1.56e-01   6.45e-01     2.85e-05   645.078s
3016000 -3.49401917e+01 -3.47839141e+01  1.56e-01   6.38e-01     2.89e-05   645.291s
3017000 -3.49401867e+01 -3.47837128e+01  1.56e-01   5.61e-01     2.77e-05   645.502s
3018000 -3.49401470e+01 -3.47835163e+01  1.57e-01   6.85e-01     2.70e-05   645.715s
3019000 -3.49401214e+01 -3.47833157e+01  1.57e-01   6.68e-01     2.57e-05   645.927s
3020000 -3.49401761e+01 -3.47831121e+01  1.57e-01   7.01e-01     2.50e-05   646.139s
3021000 -3.49402022e+01 -3.47829138e+01  1.57e-01   6.93e-01     2.40e-05   646.351s
3022000 -3.49401386e+01 -3.47827104e+01  1.57e-01   9.91e-01     2.36e-05   646.563s
3023000 -3.49401709e+01 -3.47825145e+01  1.58e-01   7.14e-01     2.38e-05   646.775s
3024000 -3.49401289e+01 -3.47823140e+01  1.58e-01   8.54e-01     2.40e-05   646.987s
3025000 -3.49401066e+01 -3.47821143e+01  1.58e-01   7.72e-01     2.46e-05   647.199s
3026000 -3.49400522e+01 -3.47819112e+01  1.58e-01   8.15e-01     2.49e-05   647.411s
3027000 -3.49398511e+01 -3.47817100e+01  1.58e-01   6.10e-01     2.50e-05   647.623s
3028000 -3.49397350e+01 -3.47815111e+01  1.58e-01   4.53e-01     2.44e-05   647.836s
3029000 -3.49398146e+01 -3.47813144e+01  1.59e-01   1.60e+00     2.34e-05   648.048s
3030000 -3.49397999e+01 -3.47811188e+01  1.59e-01   1.44e+00     2.32e-05   648.260s
3031000 -3.49396531e+01 -3.47809128e+01  1.59e-01   1.85e+00     2.34e-05   648.472s
3032000 -3.49394774e+01 -3.47807199e+01  1.59e-01   5.73e-01     2.44e-05   648.684s
3033000 -3.49392114e+01 -3.47805121e+01  1.59e-01   7.17e-01     2.62e-05   648.896s
3034000 -3.49393414e+01 -3.47803219e+01  1.59e-01   4.85e+00     2.70e-05   649.108s
3035000 -3.49392420e+01 -3.47801245e+01  1.59e-01   5.22e+00     2.65e-05   649.320s
3036000 -3.49392673e+01 -3.47799255e+01  1.59e-01   3.47e+00     2.64e-05   649.532s
3037000 -3.49391325e+01 -3.47797278e+01  1.59e-01   1.69e+00     2.73e-05   649.744s
3038000 -3.49391118e+01 -3.47795199e+01  1.60e-01   1.22e+00     2.72e-05   649.956s
3039000 -3.49392866e+01 -3.47793292e+01  1.60e-01   2.10e+00     2.70e-05   650.168s
3040000 -3.49392537e+01 -3.47791268e+01  1.60e-01   2.71e+00     2.67e-05   650.380s
3041000 -3.49391558e+01 -3.47789317e+01  1.60e-01   1.04e+00     2.63e-05   650.592s
3042000 -3.49391323e+01 -3.47787306e+01  1.60e-01   6.51e-01     2.48e-05   650.804s
3043000 -3.49391699e+01 -3.47785309e+01  1.61e-01   6.86e-01     2.33e-05   651.016s
3044000 -3.49391978e+01 -3.47783340e+01  1.61e-01   9.05e-01     2.39e-05   651.228s
3045000 -3.49393046e+01 -3.47781402e+01  1.61e-01   6.67e-01     2.37e-05   651.440s
3046000 -3.49392040e+01 -3.47779412e+01  1.61e-01   1.31e+00     2.28e-05   651.652s
3047000 -3.49392917e+01 -3.47777447e+01  1.62e-01   1.57e+00     2.24e-05   651.865s
3048000 -3.49392353e+01 -3.47775470e+01  1.62e-01   8.76e-01     2.24e-05   652.077s
3049000 -3.49391318e+01 -3.47773523e+01  1.62e-01   1.07e+00     2.31e-05   652.289s
3050000 -3.49392065e+01 -3.47771583e+01  1.62e-01   7.92e-01     2.29e-05   652.501s
3051000 -3.49391963e+01 -3.47769615e+01  1.62e-01   1.09e+00     2.23e-05   652.712s
3052000 -3.49393010e+01 -3.47767680e+01  1.63e-01   5.99e-01     2.26e-05   652.925s
3053000 -3.49392620e+01 -3.47765714e+01  1.63e-01   9.94e-01     2.22e-05   653.136s
3054000 -3.49391130e+01 -3.47763745e+01  1.63e-01   1.09e+00     2.29e-05   653.349s
3055000 -3.49391656e+01 -3.47761754e+01  1.63e-01   1.08e+00     2.24e-05   653.561s
3056000 -3.49392678e+01 -3.47759828e+01  1.63e-01   9.38e-01     2.24e-05   653.773s
3057000 -3.49393701e+01 -3.47757807e+01  1.64e-01   1.69e+00     2.25e-05   653.985s
3058000 -3.49392701e+01 -3.47755868e+01  1.64e-01   1.13e+00     2.23e-05   654.197s
3059000 -3.49392077e+01 -3.47753868e+01  1.64e-01   1.10e+00     2.19e-05   654.409s
3060000 -3.49391992e+01 -3.47751874e+01  1.64e-01   1.19e+00     2.23e-05   654.621s
3061000 -3.49392571e+01 -3.47749910e+01  1.64e-01   1.59e+00     2.23e-05   654.833s
3062000 -3.49392693e+01 -3.47747902e+01  1.64e-01   7.37e-01     2.23e-05   655.045s
3063000 -3.49391982e+01 -3.47745913e+01  1.65e-01   4.55e-01     2.28e-05   655.257s
3064000 -3.49392460e+01 -3.47743920e+01  1.65e-01   5.58e-01     2.32e-05   655.470s
3065000 -3.49392327e+01 -3.47741937e+01  1.65e-01   9.23e-01     2.39e-05   655.682s
3066000 -3.49391583e+01 -3.47739961e+01  1.65e-01   8.84e-01     2.42e-05   655.894s
3067000 -3.49391360e+01 -3.47737994e+01  1.65e-01   9.80e-01     2.37e-05   656.106s
3068000 -3.49391660e+01 -3.47735992e+01  1.66e-01   7.17e-01     2.35e-05   656.318s
3069000 -3.49392095e+01 -3.47734026e+01  1.66e-01   1.04e+00     2.27e-05   656.530s
3070000 -3.49391653e+01 -3.47732080e+01  1.66e-01   6.69e-01     2.12e-05   656.742s
3071000 -3.49391184e+01 -3.47730137e+01  1.66e-01   1.12e+00     2.08e-05   656.954s
3072000 -3.49391408e+01 -3.47728183e+01  1.66e-01   7.90e-01     2.03e-05   657.167s
3073000 -3.49392201e+01 -3.47726181e+01  1.67e-01   9.11e-01     2.06e-05   657.379s
3074000 -3.49392288e+01 -3.47724224e+01  1.67e-01   6.42e-01     2.04e-05   657.591s
3075000 -3.49391899e+01 -3.47722278e+01  1.67e-01   6.13e-01     2.05e-05   657.802s
3076000 -3.49391754e+01 -3.47720323e+01  1.67e-01   6.78e-01     2.01e-05   658.014s
3077000 -3.49391628e+01 -3.47718342e+01  1.67e-01   5.62e-01     1.98e-05   658.226s
3078000 -3.49392163e+01 -3.47716369e+01  1.68e-01   8.03e-01     1.96e-05   658.438s
3079000 -3.49392221e+01 -3.47714404e+01  1.68e-01   5.58e-01     1.98e-05   658.651s
3080000 -3.49392084e+01 -3.47712426e+01  1.68e-01   6.54e-01     1.99e-05   658.862s
3081000 -3.49392041e+01 -3.47710456e+01  1.68e-01   7.35e-01     1.91e-05   659.074s
3082000 -3.49392093e+01 -3.47708493e+01  1.68e-01   4.10e-01     1.88e-05   659.287s
3083000 -3.49392447e+01 -3.47706512e+01  1.69e-01   9.07e-01     1.91e-05   659.499s
3084000 -3.49392042e+01 -3.47704507e+01  1.69e-01   9.39e-01     1.92e-05   659.711s
3085000 -3.49392256e+01 -3.47702517e+01  1.69e-01   9.33e-01     1.93e-05   659.922s
3086000 -3.49392190e+01 -3.47700554e+01  1.69e-01   4.11e-01     1.95e-05   660.134s
3087000 -3.49392894e+01 -3.47698586e+01  1.69e-01   4.79e-01     1.94e-05   660.346s
3088000 -3.49392091e+01 -3.47696631e+01  1.70e-01   7.12e-01     1.99e-05   660.558s
3089000 -3.49391895e+01 -3.47694637e+01  1.70e-01   3.93e-01     2.01e-05   660.770s
3090000 -3.49391909e+01 -3.47692648e+01  1.70e-01   9.20e-01     1.98e-05   660.983s
3091000 -3.49391669e+01 -3.47690679e+01  1.70e-01   7.35e-01     1.94e-05   661.194s
3092000 -3.49392431e+01 -3.47688723e+01  1.70e-01   1.36e+00     1.95e-05   661.407s
3093000 -3.49392013e+01 -3.47686792e+01  1.71e-01   4.70e-01     1.93e-05   661.619s
3094000 -3.49392077e+01 -3.47684780e+01  1.71e-01   9.30e-01     1.88e-05   661.831s
3095000 -3.49391727e+01 -3.47682835e+01  1.71e-01   7.03e-01     1.87e-05   662.043s
3096000 -3.49392554e+01 -3.47680850e+01  1.71e-01   1.04e+00     1.84e-05   662.255s
3097000 -3.49391796e+01 -3.47678915e+01  1.71e-01   5.47e-01     1.87e-05   662.467s
3098000 -3.49391557e+01 -3.47676952e+01  1.71e-01   9.95e-01     1.85e-05   662.679s
3099000 -3.49391428e+01 -3.47674991e+01  1.72e-01   6.40e-01     1.86e-05   662.891s
3100000 -3.49392144e+01 -3.47673005e+01  1.72e-01   1.04e+00     1.86e-05   663.103s
3101000 -3.49392168e+01 -3.47671040e+01  1.72e-01   7.06e-01     1.91e-05   663.315s
3102000 -3.49391483e+01 -3.47669080e+01  1.72e-01   8.70e-01     1.91e-05   663.528s
3103000 -3.49391592e+01 -3.47667104e+01  1.72e-01   7.04e-01     1.92e-05   663.740s
3104000 -3.49391651e+01 -3.47665130e+01  1.73e-01   5.18e-01     1.91e-05   663.952s
3105000 -3.49392203e+01 -3.47663150e+01  1.73e-01   5.18e-01     1.96e-05   664.164s
3106000 -3.49391634e+01 -3.47661151e+01  1.73e-01   6.55e-01     1.98e-05   664.376s
3107000 -3.49391619e+01 -3.47659176e+01  1.73e-01   4.71e-01     1.95e-05   664.588s
3108000 -3.49392173e+01 -3.47657210e+01  1.73e-01   7.63e-01     1.94e-05   664.801s
3109000 -3.49392139e+01 -3.47655244e+01  1.74e-01   5.71e-01     2.01e-05   665.013s
3110000 -3.49391878e+01 -3.47653256e+01  1.74e-01   4.58e-01     2.06e-05   665.225s
3111000 -3.49391557e+01 -3.47651287e+01  1.74e-01   6.46e-01     2.00e-05   665.438s
3112000 -3.49391678e+01 -3.47649291e+01  1.74e-01   4.90e-01     2.04e-05   665.650s
3113000 -3.49392117e+01 -3.47647312e+01  1.74e-01   9.49e-01     2.15e-05   665.861s
3114000 -3.49392197e+01 -3.47645343e+01  1.75e-01   4.56e-01     2.14e-05   666.073s
3115000 -3.49392294e+01 -3.47643365e+01  1.75e-01   8.72e-01     2.10e-05   666.285s
3116000 -3.49391922e+01 -3.47641404e+01  1.75e-01   5.68e-01     2.14e-05   666.497s
3117000 -3.49392213e+01 -3.47639396e+01  1.75e-01   1.02e+00     2.21e-05   666.709s
3118000 -3.49392030e+01 -3.47637440e+01  1.75e-01   1.02e+00     2.14e-05   666.922s
3119000 -3.49392346e+01 -3.47635462e+01  1.76e-01   9.09e-01     2.07e-05   667.133s
3120000 -3.49392342e+01 -3.47633523e+01  1.76e-01   8.83e-01     2.10e-05   667.345s
3121000 -3.49392279e+01 -3.47631547e+01  1.76e-01   9.76e-01     2.07e-05   667.558s
3122000 -3.49392374e+01 -3.47629584e+01  1.76e-01   1.14e+00     2.04e-05   667.770s
3123000 -3.49392368e+01 -3.47627605e+01  1.76e-01   7.07e-01     2.05e-05   667.982s
3124000 -3.49392577e+01 -3.47625651e+01  1.77e-01   1.08e+00     2.03e-05   668.195s
3125000 -3.49391983e+01 -3.47623680e+01  1.77e-01   6.21e-01     1.99e-05   668.406s
3126000 -3.49391902e+01 -3.47621707e+01  1.77e-01   1.14e+00     1.93e-05   668.618s
3127000 -3.49392267e+01 -3.47619755e+01  1.77e-01   1.06e+00     1.94e-05   668.830s
3128000 -3.49392559e+01 -3.47617772e+01  1.77e-01   1.09e+00     1.98e-05   669.042s
3129000 -3.49392312e+01 -3.47615808e+01  1.78e-01   7.89e-01     1.98e-05   669.255s
3130000 -3.49391942e+01 -3.47613841e+01  1.78e-01   6.06e-01     1.93e-05   669.467s
3131000 -3.49392112e+01 -3.47611865e+01  1.78e-01   6.71e-01     1.94e-05   669.679s
3132000 -3.49392327e+01 -3.47609891e+01  1.78e-01   8.10e-01     1.96e-05   669.891s
3133000 -3.49392252e+01 -3.47607892e+01  1.78e-01   6.42e-01     1.94e-05   670.103s
3134000 -3.49391758e+01 -3.47605915e+01  1.79e-01   8.89e-01     1.75e-05   670.316s
3135000 -3.49391830e+01 -3.47603946e+01  1.79e-01   6.53e-01     1.70e-05   670.528s
3136000 -3.49392016e+01 -3.47601961e+01  1.79e-01   6.94e-01     1.75e-05   670.741s
3137000 -3.49392120e+01 -3.47599981e+01  1.79e-01   5.94e-01     1.76e-05   670.953s
3138000 -3.49391842e+01 -3.47597987e+01  1.79e-01   4.01e-01     1.72e-05   671.165s
3139000 -3.49391587e+01 -3.47595982e+01  1.80e-01   7.31e-01     1.71e-05   671.377s
3140000 -3.49391605e+01 -3.47593999e+01  1.80e-01   4.90e-01     1.75e-05   671.589s
3141000 -3.49391716e+01 -3.47592007e+01  1.80e-01   4.73e-01     1.80e-05   671.801s
3142000 -3.49392004e+01 -3.47590041e+01  1.80e-01   6.28e-01     1.77e-05   672.013s
3143000 -3.49391753e+01 -3.47588065e+01  1.80e-01   7.29e-01     1.73e-05   672.226s
3144000 -3.49391742e+01 -3.47586065e+01  1.81e-01   6.38e-01     1.79e-05   672.438s
3145000 -3.49391779e+01 -3.47584096e+01  1.81e-01   5.03e-01     1.83e-05   672.650s
3146000 -3.49391924e+01 -3.47582124e+01  1.81e-01   5.75e-01     1.86e-05   672.862s
3147000 -3.49392060e+01 -3.47580148e+01  1.81e-01   7.68e-01     1.84e-05   673.075s
3148000 -3.49392056e+01 -3.47578170e+01  1.81e-01   8.23e-01     1.84e-05   673.287s
3149000 -3.49391864e+01 -3.47576187e+01  1.82e-01   5.95e-01     1.86e-05   673.499s
3150000 -3.49392337e+01 -3.47574221e+01  1.82e-01   8.70e-01     1.80e-05   673.710s
3151000 -3.49391947e+01 -3.47572254e+01  1.82e-01   7.08e-01     1.79e-05   673.923s
3152000 -3.49392002e+01 -3.47570279e+01  1.82e-01   9.09e-01     1.81e-05   674.135s
3153000 -3.49391817e+01 -3.47568326e+01  1.82e-01   7.17e-01     1.78e-05   674.347s
3154000 -3.49392065e+01 -3.47566326e+01  1.83e-01   7.84e-01     1.78e-05   674.559s
3155000 -3.49392355e+01 -3.47564366e+01  1.83e-01   9.35e-01     1.77e-05   674.771s
3156000 -3.49392057e+01 -3.47562382e+01  1.83e-01   7.17e-01     1.80e-05   674.983s
3157000 -3.49392219e+01 -3.47560405e+01  1.83e-01   7.69e-01     1.83e-05   675.195s
3158000 -3.49391894e+01 -3.47558451e+01  1.83e-01   6.61e-01     1.79e-05   675.408s
3159000 -3.49392152e+01 -3.47556467e+01  1.84e-01   5.81e-01     1.81e-05   675.619s
3160000 -3.49392091e+01 -3.47554500e+01  1.84e-01   7.76e-01     1.83e-05   675.832s
3161000 -3.49391812e+01 -3.47552516e+01  1.84e-01   5.16e-01     1.84e-05   676.044s
3162000 -3.49391917e+01 -3.47550549e+01  1.84e-01   6.43e-01     1.84e-05   676.256s
3163000 -3.49392038e+01 -3.47548581e+01  1.84e-01   6.93e-01     1.82e-05   676.468s
3164000 -3.49392031e+01 -3.47546605e+01  1.85e-01   6.40e-01     1.83e-05   676.680s
3165000 -3.49391854e+01 -3.47544615e+01  1.85e-01   4.73e-01     1.80e-05   676.892s
3166000 -3.49391741e+01 -3.47542632e+01  1.85e-01   5.18e-01     1.77e-05   677.104s
3167000 -3.49391999e+01 -3.47540653e+01  1.85e-01   6.41e-01     1.77e-05   677.316s
3168000 -3.49391891e+01 -3.47538689e+01  1.85e-01   7.01e-01     1.79e-05   677.528s
3169000 -3.49391934e+01 -3.47536708e+01  1.86e-01   7.31e-01     1.77e-05   677.740s
3170000 -3.49391740e+01 -3.47534751e+01  1.86e-01   4.10e-01     1.84e-05   677.953s
3171000 -3.49391699e+01 -3.47532758e+01  1.86e-01   5.61e-01     1.87e-05   678.164s
3172000 -3.49391666e+01 -3.47530797e+01  1.86e-01   4.31e-01     1.88e-05   678.376s
3173000 -3.49391717e+01 -3.47528804e+01  1.86e-01   4.02e-01     1.80e-05   678.589s
3174000 -3.49391861e+01 -3.47526830e+01  1.87e-01   7.54e-01     1.76e-05   678.800s
3175000 -3.49391646e+01 -3.47524850e+01  1.87e-01   6.97e-01     1.77e-05   679.013s
3176000 -3.49391523e+01 -3.47522862e+01  1.87e-01   6.34e-01     1.79e-05   679.225s
3177000 -3.49391776e+01 -3.47520905e+01  1.87e-01   5.23e-01     1.76e-05   679.437s
3178000 -3.49391974e+01 -3.47518930e+01  1.87e-01   6.27e-01     1.73e-05   679.649s
3179000 -3.49391257e+01 -3.47516962e+01  1.87e-01   6.63e-01     1.70e-05   679.861s
3180000 -3.49391497e+01 -3.47514983e+01  1.88e-01   5.33e-01     1.71e-05   680.073s
3181000 -3.49391413e+01 -3.47513010e+01  1.88e-01   8.71e-01     1.73e-05   680.285s
3182000 -3.49391909e+01 -3.47511053e+01  1.88e-01   9.37e-01     1.64e-05   680.498s
3183000 -3.49391544e+01 -3.47509071e+01  1.88e-01   7.92e-01     1.63e-05   680.710s
3184000 -3.49391401e+01 -3.47507121e+01  1.88e-01   7.74e-01     1.67e-05   680.922s
3185000 -3.49391569e+01 -3.47505130e+01  1.89e-01   6.35e-01     1.68e-05   681.134s
3186000 -3.49391901e+01 -3.47503162e+01  1.89e-01   7.79e-01     1.67e-05   681.346s
3187000 -3.49391497e+01 -3.47501186e+01  1.89e-01   4.75e-01     1.63e-05   681.558s
3188000 -3.49391554e+01 -3.47499230e+01  1.89e-01   8.91e-01     1.66e-05   681.770s
3189000 -3.49391481e+01 -3.47497261e+01  1.89e-01   8.45e-01     1.62e-05   681.982s
3190000 -3.49391927e+01 -3.47495295e+01  1.90e-01   9.90e-01     1.60e-05   682.194s
3191000 -3.49391788e+01 -3.47493317e+01  1.90e-01   5.88e-01     1.60e-05   682.406s
3192000 -3.49391790e+01 -3.47491340e+01  1.90e-01   1.08e+00     1.61e-05   682.618s
3193000 -3.49391598e+01 -3.47489381e+01  1.90e-01   5.42e-01     1.65e-05   682.830s
3194000 -3.49391770e+01 -3.47487381e+01  1.90e-01   9.74e-01     1.66e-05   683.043s
3195000 -3.49391543e+01 -3.47485433e+01  1.91e-01   4.33e-01     1.64e-05   683.254s
3196000 -3.49391644e+01 -3.47483444e+01  1.91e-01   5.11e-01     1.65e-05   683.467s
3197000 -3.49391521e+01 -3.47481478e+01  1.91e-01   5.57e-01     1.65e-05   683.679s
3198000 -3.49391380e+01 -3.47479492e+01  1.91e-01   4.06e-01     1.66e-05   683.891s
3199000 -3.49391354e+01 -3.47477519e+01  1.91e-01   6.84e-01     1.74e-05   684.103s
3200000 -3.49391267e+01 -3.47475546e+01  1.92e-01   5.33e-01     1.68e-05   684.315s
3201000 -3.49391556e+01 -3.47473571e+01  1.92e-01   8.01e-01     1.67e-05   684.527s
3202000 -3.49391300e+01 -3.47471587e+01  1.92e-01   6.99e-01     1.68e-05   684.739s
3203000 -3.49391165e+01 -3.47469611e+01  1.92e-01   7.23e-01     1.67e-05   684.951s
3204000 -3.49390333e+01 -3.47467627e+01  1.92e-01   6.53e-01     1.73e-05   685.163s
3205000 -3.49389376e+01 -3.47465655e+01  1.92e-01   1.00e+00     1.76e-05   685.374s
3206000 -3.49388611e+01 -3.47463685e+01  1.92e-01   7.40e-01     1.83e-05   685.587s
3207000 -3.49388576e+01 -3.47461707e+01  1.93e-01   7.75e-01     1.85e-05   685.799s
3208000 -3.49387627e+01 -3.47459766e+01  1.93e-01   8.59e-01     1.96e-05   686.011s
3209000 -3.49386676e+01 -3.47457793e+01  1.93e-01   1.00e+00     1.98e-05   686.223s
3210000 -3.49385950e+01 -3.47455849e+01  1.93e-01   9.10e-01     1.97e-05   686.435s
3211000 -3.49386040e+01 -3.47453881e+01  1.93e-01   5.34e-01     2.00e-05   686.647s
3212000 -3.49386599e+01 -3.47451952e+01  1.93e-01   9.56e-01     2.11e-05   686.859s
3213000 -3.49386467e+01 -3.47450006e+01  1.94e-01   9.94e-01     2.11e-05   687.072s
3214000 -3.49386170e+01 -3.47448041e+01  1.94e-01   9.93e-01     2.18e-05   687.283s
3215000 -3.49385975e+01 -3.47446090e+01  1.94e-01   4.66e-01     2.22e-05   687.495s
3216000 -3.49386996e+01 -3.47444150e+01  1.94e-01   9.37e-01     2.27e-05   687.708s
3217000 -3.49387172e+01 -3.47442190e+01  1.94e-01   8.31e-01     2.33e-05   687.920s
3218000 -3.49387361e+01 -3.47440205e+01  1.95e-01   1.29e+00     2.25e-05   688.132s
3219000 -3.49387477e+01 -3.47438255e+01  1.95e-01   3.65e-01     2.24e-05   688.344s
3220000 -3.49387512e+01 -3.47436259e+01  1.95e-01   8.26e-01     2.21e-05   688.556s
3221000 -3.49386459e+01 -3.47434297e+01  1.95e-01   6.41e-01     2.17e-05   688.768s
3222000 -3.49385711e+01 -3.47432345e+01  1.95e-01   8.67e-01     2.11e-05   688.980s
3223000 -3.49385582e+01 -3.47430363e+01  1.96e-01   5.18e-01     2.09e-05   689.192s
3224000 -3.49384748e+01 -3.47428372e+01  1.96e-01   6.68e-01     2.12e-05   689.405s
3225000 -3.49384427e+01 -3.47426388e+01  1.96e-01   5.16e-01     2.17e-05   689.617s
3226000 -3.49384789e+01 -3.47424434e+01  1.96e-01   7.39e-01     2.14e-05   689.829s
3227000 -3.49384595e+01 -3.47422503e+01  1.96e-01   7.76e-01     2.09e-05   690.041s
3228000 -3.49384295e+01 -3.47420516e+01  1.96e-01   1.05e+00     2.11e-05   690.253s
3229000 -3.49384447e+01 -3.47418566e+01  1.97e-01   1.40e+00     2.08e-05   690.465s
3230000 -3.49384394e+01 -3.47416597e+01  1.97e-01   5.42e-01     2.07e-05   690.677s
3231000 -3.49384904e+01 -3.47414614e+01  1.97e-01   1.02e+00     2.13e-05   690.889s
3232000 -3.49384010e+01 -3.47412675e+01  1.97e-01   7.60e-01     2.11e-05   691.101s
3233000 -3.49384081e+01 -3.47410723e+01  1.97e-01   9.54e-01     2.09e-05   691.314s
3234000 -3.49384441e+01 -3.47408759e+01  1.98e-01   7.58e-01     2.03e-05   691.526s
3235000 -3.49384265e+01 -3.47406779e+01  1.98e-01   6.88e-01     2.04e-05   691.738s
3236000 -3.49384190e+01 -3.47404820e+01  1.98e-01   7.49e-01     1.99e-05   691.950s
3237000 -3.49384052e+01 -3.47402859e+01  1.98e-01   8.00e-01     1.94e-05   692.163s
3238000 -3.49384053e+01 -3.47400904e+01  1.98e-01   9.90e-01     1.89e-05   692.375s
3239000 -3.49383924e+01 -3.47398960e+01  1.98e-01   8.44e-01     1.95e-05   692.587s
3240000 -3.49384198e+01 -3.47397008e+01  1.99e-01   6.85e-01     1.95e-05   692.799s
3241000 -3.49384341e+01 -3.47395028e+01  1.99e-01   7.82e-01     1.96e-05   693.011s
3242000 -3.49383537e+01 -3.47393050e+01  1.99e-01   9.46e-01     1.93e-05   693.223s
3243000 -3.49384004e+01 -3.47391104e+01  1.99e-01   1.51e+00     1.87e-05   693.435s
3244000 -3.49383853e+01 -3.47389165e+01  1.99e-01   7.48e-01     1.90e-05   693.647s
3245000 -3.49384231e+01 -3.47387184e+01  2.00e-01   1.07e+00     1.88e-05   693.860s
3246000 -3.49383537e+01 -3.47385230e+01  2.00e-01   6.85e-01     1.92e-05   694.072s
3247000 -3.49383131e+01 -3.47383242e+01  2.00e-01   5.57e-01     1.92e-05   694.284s
3248000 -3.49382646e+01 -3.47381279e+01  2.00e-01   9.12e-01     2.06e-05   694.496s
3249000 -3.49380995e+01 -3.47379315e+01  2.00e-01   7.37e-01     2.06e-05   694.708s
3250000 -3.49380044e+01 -3.47377372e+01  2.00e-01   1.51e+00     2.05e-05   694.920s
3251000 -3.49379267e+01 -3.47375420e+01  2.00e-01   1.00e+00     2.02e-05   695.133s
3252000 -3.49379531e+01 -3.47373454e+01  2.01e-01   1.32e+00     1.99e-05   695.345s
3253000 -3.49379115e+01 -3.47371558e+01  2.01e-01   8.56e-01     1.90e-05   695.557s
3254000 -3.49377780e+01 -3.47369596e+01  2.01e-01   8.80e-01     1.87e-05   695.769s
3255000 -3.49376795e+01 -3.47367727e+01  2.01e-01   9.25e-01     1.84e-05   695.981s
3256000 -3.49376594e+01 -3.47365788e+01  2.01e-01   5.90e-01     1.89e-05   696.194s
3257000 -3.49377846e+01 -3.47363862e+01  2.01e-01   1.69e+00     1.93e-05   696.405s
3258000 -3.49377260e+01 -3.47361897e+01  2.02e-01   5.97e-01     2.03e-05   696.617s
3259000 -3.49377656e+01 -3.47359944e+01  2.02e-01   1.26e+00     2.08e-05   696.829s
3260000 -3.49377919e+01 -3.47358027e+01  2.02e-01   3.75e-01     2.07e-05   697.041s
3261000 -3.49377823e+01 -3.47356035e+01  2.02e-01   8.91e-01     2.07e-05   697.253s
3262000 -3.49377836e+01 -3.47354107e+01  2.02e-01   8.49e-01     1.96e-05   697.465s
3263000 -3.49377292e+01 -3.47352089e+01  2.03e-01   8.76e-01     1.83e-05   697.677s
3264000 -3.49377839e+01 -3.47350107e+01  2.03e-01   2.24e+00     1.82e-05   697.889s
3265000 -3.49377814e+01 -3.47348131e+01  2.03e-01   1.38e+00     1.92e-05   698.102s
3266000 -3.49378562e+01 -3.47346173e+01  2.03e-01   2.36e+00     1.98e-05   698.313s
3267000 -3.49378266e+01 -3.47344245e+01  2.03e-01   1.52e+00     2.07e-05   698.525s
3268000 -3.49378404e+01 -3.47342259e+01  2.04e-01   8.61e-01     2.07e-05   698.737s
3269000 -3.49378315e+01 -3.47340293e+01  2.04e-01   6.03e-01     2.01e-05   698.949s
3270000 -3.49378610e+01 -3.47338343e+01  2.04e-01   8.09e-01     1.96e-05   699.161s
3271000 -3.49378231e+01 -3.47336425e+01  2.04e-01   8.80e-01     1.92e-05   699.373s
3272000 -3.49377724e+01 -3.47334485e+01  2.04e-01   7.30e-01     2.02e-05   699.585s
3273000 -3.49378296e+01 -3.47332591e+01  2.05e-01   1.42e+00     2.00e-05   699.797s
3274000 -3.49377938e+01 -3.47330627e+01  2.05e-01   6.61e-01     2.01e-05   700.008s
3275000 -3.49377868e+01 -3.47328680e+01  2.05e-01   9.55e-01     1.96e-05   700.220s
3276000 -3.49377254e+01 -3.47326720e+01  2.05e-01   9.36e-01     1.85e-05   700.432s
3277000 -3.49376971e+01 -3.47324824e+01  2.05e-01   1.02e+00     1.71e-05   700.645s
3278000 -3.49377051e+01 -3.47322903e+01  2.05e-01   5.35e-01     1.77e-05   700.856s
3279000 -3.49377541e+01 -3.47320940e+01  2.06e-01   1.03e+00     1.94e-05   701.068s
3280000 -3.49377721e+01 -3.47318970e+01  2.06e-01   7.15e-01     2.00e-05   701.280s
3281000 -3.49378305e+01 -3.47316993e+01  2.06e-01   7.69e-01     2.04e-05   701.492s
3282000 -3.49378645e+01 -3.47315099e+01  2.06e-01   8.92e-01     1.94e-05   701.704s
3283000 -3.49378409e+01 -3.47313147e+01  2.07e-01   9.92e-01     1.81e-05   701.917s
3284000 -3.49378071e+01 -3.47311195e+01  2.07e-01   1.05e+00     1.77e-05   702.129s
3285000 -3.49378156e+01 -3.47309200e+01  2.07e-01   4.19e-01     1.73e-05   702.341s
3286000 -3.49378783e+01 -3.47307209e+01  2.07e-01   1.10e+00     1.85e-05   702.553s
3287000 -3.49378380e+01 -3.47305279e+01  2.07e-01   9.47e-01     1.87e-05   702.765s
3288000 -3.49378222e+01 -3.47303324e+01  2.07e-01   6.63e-01     1.90e-05   702.977s
3289000 -3.49377657e+01 -3.47301403e+01  2.08e-01   3.81e-01     1.87e-05   703.189s
3290000 -3.49377676e+01 -3.47299440e+01  2.08e-01   5.12e-01     1.83e-05   703.401s
3291000 -3.49377651e+01 -3.47297442e+01  2.08e-01   5.13e-01     1.82e-05   703.613s
3292000 -3.49377275e+01 -3.47295468e+01  2.08e-01   6.82e-01     1.81e-05   703.825s
3293000 -3.49377457e+01 -3.47293502e+01  2.08e-01   3.95e-01     1.80e-05   704.037s
3294000 -3.49378288e+01 -3.47291588e+01  2.09e-01   8.26e-01     1.87e-05   704.250s
3295000 -3.49378407e+01 -3.47289649e+01  2.09e-01   9.55e-01     1.81e-05   704.462s
3296000 -3.49378640e+01 -3.47287722e+01  2.09e-01   9.88e-01     1.75e-05   704.674s
3297000 -3.49377987e+01 -3.47285781e+01  2.09e-01   5.63e-01     1.73e-05   704.886s
3298000 -3.49378154e+01 -3.47283831e+01  2.09e-01   1.25e+00     1.70e-05   705.098s
3299000 -3.49378027e+01 -3.47281898e+01  2.10e-01   7.16e-01     1.73e-05   705.310s
3300000 -3.49378093e+01 -3.47279979e+01  2.10e-01   1.44e+00     1.70e-05   705.522s
3301000 -3.49377216e+01 -3.47278038e+01  2.10e-01   6.00e-01     1.71e-05   705.734s
3302000 -3.49377786e+01 -3.47276075e+01  2.10e-01   1.05e+00     1.72e-05   705.947s
3303000 -3.49378208e+01 -3.47274115e+01  2.10e-01   6.92e-01     1.67e-05   706.158s
3304000 -3.49377703e+01 -3.47272153e+01  2.11e-01   8.79e-01     1.58e-05   706.370s
3305000 -3.49376986e+01 -3.47270218e+01  2.11e-01   6.28e-01     1.54e-05   706.583s
3306000 -3.49376605e+01 -3.47268246e+01  2.11e-01   9.18e-01     1.58e-05   706.795s
3307000 -3.49378002e+01 -3.47266327e+01  2.11e-01   7.83e-01     1.65e-05   707.007s
3308000 -3.49377874e+01 -3.47264343e+01  2.11e-01   1.23e+00     1.67e-05   707.219s
3309000 -3.49377416e+01 -3.47262404e+01  2.12e-01   7.05e-01     1.65e-05   707.431s
3310000 -3.49377229e+01 -3.47260451e+01  2.12e-01   5.32e-01     1.66e-05   707.643s
3311000 -3.49377774e+01 -3.47258530e+01  2.12e-01   9.60e-01     1.70e-05   707.855s
3312000 -3.49377349e+01 -3.47256589e+01  2.12e-01   8.71e-01     1.86e-05   708.068s
3313000 -3.49376602e+01 -3.47254638e+01  2.12e-01   5.98e-01     1.95e-05   708.280s
3314000 -3.49376411e+01 -3.47252703e+01  2.12e-01   7.54e-01     1.89e-05   708.492s
3315000 -3.49376387e+01 -3.47250730e+01  2.13e-01   7.75e-01     1.85e-05   708.705s
3316000 -3.49376086e+01 -3.47248786e+01  2.13e-01   5.37e-01     1.82e-05   708.917s
3317000 -3.49376065e+01 -3.47246848e+01  2.13e-01   4.44e-01     1.78e-05   709.129s
3318000 -3.49375761e+01 -3.47244939e+01  2.13e-01   7.27e-01     1.76e-05   709.340s
3319000 -3.49375174e+01 -3.47242994e+01  2.13e-01   6.62e-01     1.83e-05   709.553s
3320000 -3.49375281e+01 -3.47241042e+01  2.13e-01   8.98e-01     1.91e-05   709.765s
3321000 -3.49375375e+01 -3.47239091e+01  2.14e-01   4.45e-01     1.99e-05   709.976s
3322000 -3.49375910e+01 -3.47237130e+01  2.14e-01   7.66e-01     2.00e-05   710.189s
3323000 -3.49375071e+01 -3.47235213e+01  2.14e-01   5.35e-01     1.99e-05   710.400s
3324000 -3.49375090e+01 -3.47233260e+01  2.14e-01   9.01e-01     1.91e-05   710.612s
3325000 -3.49374479e+01 -3.47231309e+01  2.14e-01   4.53e-01     1.95e-05   710.824s
3326000 -3.49373807e+01 -3.47229339e+01  2.14e-01   5.32e-01     1.96e-05   711.037s
3327000 -3.49372250e+01 -3.47227385e+01  2.14e-01   4.58e-01     1.95e-05   711.249s
3328000 -3.49370870e+01 -3.47225431e+01  2.15e-01   4.36e-01     1.95e-05   711.461s
3329000 -3.49368997e+01 -3.47223518e+01  2.15e-01   6.33e-01     1.91e-05   711.673s
3330000 -3.49366851e+01 -3.47221582e+01  2.15e-01   5.29e-01     1.87e-05   711.885s
3331000 -3.49365258e+01 -3.47219625e+01  2.15e-01   9.53e-01     1.82e-05   712.098s
3332000 -3.49363550e+01 -3.47217658e+01  2.15e-01   6.81e-01     1.79e-05   712.310s
3333000 -3.49361740e+01 -3.47215737e+01  2.15e-01   1.03e+00     1.83e-05   712.522s
3334000 -3.49358668e+01 -3.47213840e+01  2.14e-01   7.83e-01     1.76e-05   712.735s
3335000 -3.49356251e+01 -3.47211958e+01  2.14e-01   9.91e-01     1.74e-05   712.947s
3336000 -3.49353203e+01 -3.47210071e+01  2.14e-01   6.42e-01     1.69e-05   713.159s
3337000 -3.49350959e+01 -3.47208141e+01  2.14e-01   1.19e+00     1.63e-05   713.371s
3338000 -3.49347660e+01 -3.47206238e+01  2.14e-01   7.80e-01     1.70e-05   713.583s
3339000 -3.49344662e+01 -3.47204345e+01  2.14e-01   7.85e-01     1.60e-05   713.795s
3340000 -3.49340988e+01 -3.47202477e+01  2.14e-01   5.01e-01     1.55e-05   714.007s
3341000 -3.49337497e+01 -3.47200614e+01  2.14e-01   6.71e-01     1.52e-05   714.220s
3342000 -3.49333530e+01 -3.47198741e+01  2.13e-01   6.59e-01     1.55e-05   714.432s
3343000 -3.49329323e+01 -3.47196841e+01  2.13e-01   5.03e-01     1.56e-05   714.644s
3344000 -3.49325537e+01 -3.47194980e+01  2.13e-01   7.24e-01     1.56e-05   714.856s
3345000 -3.49321160e+01 -3.47193128e+01  2.13e-01   6.10e-01     1.56e-05   715.069s
3346000 -3.49316709e+01 -3.47191285e+01  2.13e-01   8.45e-01     1.55e-05   715.281s
3347000 -3.49312200e+01 -3.47189444e+01  2.12e-01   5.71e-01     1.56e-05   715.493s
3348000 -3.49307389e+01 -3.47187604e+01  2.12e-01   6.80e-01     1.58e-05   715.705s
3349000 -3.49302640e+01 -3.47185781e+01  2.12e-01   4.61e-01     1.67e-05   715.917s
3350000 -3.49297794e+01 -3.47183944e+01  2.11e-01   4.99e-01     1.69e-05   716.130s
3351000 -3.49292809e+01 -3.47182124e+01  2.11e-01   5.53e-01     1.77e-05   716.342s
3352000 -3.49287079e+01 -3.47180292e+01  2.11e-01   5.36e-01     1.78e-05   716.554s
3353000 -3.49281351e+01 -3.47178485e+01  2.10e-01   4.88e-01     1.86e-05   716.766s
3354000 -3.49275489e+01 -3.47176708e+01  2.10e-01   7.79e-01     1.86e-05   716.978s
3355000 -3.49269579e+01 -3.47174948e+01  2.09e-01   6.06e-01     1.88e-05   717.190s
3356000 -3.49263597e+01 -3.47173183e+01  2.09e-01   7.22e-01     1.93e-05   717.402s
3357000 -3.49257004e+01 -3.47171452e+01  2.09e-01   6.99e-01     1.98e-05   717.614s
3358000 -3.49250967e+01 -3.47169726e+01  2.08e-01   7.39e-01     2.00e-05   717.826s
3359000 -3.49244530e+01 -3.47168034e+01  2.08e-01   1.07e+00     1.98e-05   718.038s
3360000 -3.49237684e+01 -3.47166326e+01  2.07e-01   8.80e-01     1.96e-05   718.250s
3361000 -3.49230893e+01 -3.47164645e+01  2.07e-01   7.57e-01     1.94e-05   718.462s
3362000 -3.49224494e+01 -3.47162969e+01  2.06e-01   6.14e-01     1.88e-05   718.674s
3363000 -3.49217742e+01 -3.47161272e+01  2.06e-01   9.90e-01     1.84e-05   718.887s
3364000 -3.49210115e+01 -3.47159622e+01  2.05e-01   8.01e-01     1.88e-05   719.099s
3365000 -3.49202905e+01 -3.47157975e+01  2.04e-01   1.02e+00     1.87e-05   719.311s
3366000 -3.49195560e+01 -3.47156357e+01  2.04e-01   9.76e-01     1.89e-05   719.523s
3367000 -3.49187775e+01 -3.47154727e+01  2.03e-01   8.23e-01     1.88e-05   719.735s
3368000 -3.49179891e+01 -3.47153110e+01  2.03e-01   8.62e-01     1.87e-05   719.947s
3369000 -3.49171687e+01 -3.47151519e+01  2.02e-01   7.53e-01     1.82e-05   720.159s
3370000 -3.49163988e+01 -3.47149932e+01  2.01e-01   7.60e-01     1.80e-05   720.371s
3371000 -3.49155930e+01 -3.47148375e+01  2.01e-01   6.36e-01     1.76e-05   720.584s
3372000 -3.49147218e+01 -3.47146832e+01  2.00e-01   9.21e-01     1.77e-05   720.796s
3373000 -3.49138975e+01 -3.47145277e+01  1.99e-01   8.93e-01     1.74e-05   721.007s
3374000 -3.49130762e+01 -3.47143757e+01  1.99e-01   6.89e-01     1.82e-05   721.219s
3375000 -3.49122190e+01 -3.47142264e+01  1.98e-01   8.31e-01     1.80e-05   721.432s
3376000 -3.49113642e+01 -3.47140775e+01  1.97e-01   7.94e-01     1.90e-05   721.644s
3377000 -3.49104596e+01 -3.47139278e+01  1.97e-01   1.10e+00     1.82e-05   721.856s
3378000 -3.49094520e+01 -3.47137823e+01  1.96e-01   5.85e-01     1.85e-05   722.068s
3379000 -3.49085773e+01 -3.47136392e+01  1.95e-01   9.71e-01     1.87e-05   722.280s
3380000 -3.49076558e+01 -3.47134956e+01  1.94e-01   1.09e+00     1.90e-05   722.493s
3381000 -3.49067153e+01 -3.47133519e+01  1.93e-01   1.14e+00     1.87e-05   722.705s
3382000 -3.49058495e+01 -3.47132150e+01  1.93e-01   1.14e+00     1.96e-05   722.917s
3383000 -3.49049059e+01 -3.47130808e+01  1.92e-01   9.28e-01     2.02e-05   723.129s
3384000 -3.49039366e+01 -3.47129456e+01  1.91e-01   1.24e+00     2.13e-05   723.341s
3385000 -3.49029846e+01 -3.47128121e+01  1.90e-01   1.14e+00     2.09e-05   723.553s
3386000 -3.49020658e+01 -3.47126769e+01  1.89e-01   8.75e-01     2.13e-05   723.765s
3387000 -3.49011559e+01 -3.47125502e+01  1.89e-01   1.44e+00     2.27e-05   723.977s
3388000 -3.49001561e+01 -3.47124228e+01  1.88e-01   1.57e+00     2.24e-05   724.189s
3389000 -3.48992538e+01 -3.47122971e+01  1.87e-01   1.29e+00     2.29e-05   724.401s
3390000 -3.48982633e+01 -3.47121715e+01  1.86e-01   7.31e-01     2.32e-05   724.614s
3391000 -3.48974116e+01 -3.47120459e+01  1.85e-01   1.69e+00     2.40e-05   724.826s
3392000 -3.48963985e+01 -3.47119252e+01  1.84e-01   1.22e+00     2.42e-05   725.038s
3393000 -3.48955030e+01 -3.47118027e+01  1.84e-01   1.37e+00     2.43e-05   725.250s
3394000 -3.48945281e+01 -3.47116913e+01  1.83e-01   8.46e-01     2.36e-05   725.462s
3395000 -3.48936991e+01 -3.47115780e+01  1.82e-01   1.06e+00     2.21e-05   725.674s
3396000 -3.48927355e+01 -3.47114699e+01  1.81e-01   1.43e+00     2.20e-05   725.886s
3397000 -3.48918933e+01 -3.47113542e+01  1.81e-01   8.97e-01     2.19e-05   726.098s
3398000 -3.48912074e+01 -3.47112456e+01  1.80e-01   1.66e+00     2.27e-05   726.310s
3399000 -3.48901204e+01 -3.47111355e+01  1.79e-01   9.80e-01     2.34e-05   726.522s
3400000 -3.48894884e+01 -3.47110260e+01  1.78e-01   1.45e+00     2.52e-05   726.734s
3401000 -3.48884535e+01 -3.47109236e+01  1.78e-01   8.14e-01     2.44e-05   726.946s
3402000 -3.48875070e+01 -3.47108182e+01  1.77e-01   1.44e+00     2.40e-05   727.158s
3403000 -3.48865283e+01 -3.47107245e+01  1.76e-01   1.32e+00     2.58e-05   727.370s
3404000 -3.48855668e+01 -3.47106283e+01  1.75e-01   9.70e-01     2.55e-05   727.582s
3405000 -3.48846605e+01 -3.47105339e+01  1.74e-01   1.48e+00     2.43e-05   727.795s
3406000 -3.48837670e+01 -3.47104337e+01  1.73e-01   7.84e-01     2.54e-05   728.007s
3407000 -3.48827239e+01 -3.47103398e+01  1.72e-01   2.25e+00     2.57e-05   728.219s
3408000 -3.48815390e+01 -3.47102497e+01  1.71e-01   1.33e+00     2.80e-05   728.431s
3409000 -3.48806595e+01 -3.47101624e+01  1.70e-01   2.47e+00     2.83e-05   728.644s
3410000 -3.48794955e+01 -3.47100785e+01  1.69e-01   1.87e+00     2.66e-05   728.856s
3411000 -3.48786266e+01 -3.47099942e+01  1.69e-01   2.03e+00     2.55e-05   729.068s
3412000 -3.48777786e+01 -3.47099111e+01  1.68e-01   1.03e+00     2.61e-05   729.280s
3413000 -3.48769965e+01 -3.47098320e+01  1.67e-01   1.77e+00     2.64e-05   729.492s
3414000 -3.48760582e+01 -3.47097562e+01  1.66e-01   1.34e+00     2.52e-05   729.704s
3415000 -3.48752408e+01 -3.47096720e+01  1.66e-01   1.68e+00     2.67e-05   729.917s
3416000 -3.48743232e+01 -3.47096013e+01  1.65e-01   2.48e+00     2.45e-05   730.129s
3417000 -3.48732644e+01 -3.47095264e+01  1.64e-01   2.25e+00     2.37e-05   730.341s
3418000 -3.48724104e+01 -3.47094595e+01  1.63e-01   1.48e+00     2.41e-05   730.553s
3419000 -3.48713805e+01 -3.47094006e+01  1.62e-01   1.50e+00     2.52e-05   730.765s
3420000 -3.48705371e+01 -3.47093310e+01  1.61e-01   1.26e+00     2.44e-05   730.977s
3421000 -3.48697073e+01 -3.47092620e+01  1.60e-01   1.90e+00     2.47e-05   731.189s
3422000 -3.48689164e+01 -3.47092043e+01  1.60e-01   1.83e+00     2.66e-05   731.402s
3423000 -3.48679629e+01 -3.47091402e+01  1.59e-01   1.99e+00     2.59e-05   731.614s
3424000 -3.48671787e+01 -3.47090835e+01  1.58e-01   7.44e-01     2.60e-05   731.826s
3425000 -3.48662076e+01 -3.47090308e+01  1.57e-01   6.32e-01     2.90e-05   732.037s
3426000 -3.48652866e+01 -3.47089840e+01  1.56e-01   1.35e+00     2.77e-05   732.249s
3427000 -3.48645258e+01 -3.47089312e+01  1.56e-01   5.62e-01     2.94e-05   732.461s
3428000 -3.48637685e+01 -3.47088752e+01  1.55e-01   1.37e+00     2.71e-05   732.673s
3429000 -3.48631053e+01 -3.47088281e+01  1.54e-01   1.49e+00     3.04e-05   732.885s
3430000 -3.48622070e+01 -3.47087798e+01  1.53e-01   1.05e+00     2.78e-05   733.097s
3431000 -3.48614156e+01 -3.47087350e+01  1.53e-01   8.84e-01     2.96e-05   733.309s
3432000 -3.48608730e+01 -3.47086867e+01  1.52e-01   5.33e-01     2.92e-05   733.521s
3433000 -3.48608135e+01 -3.47086598e+01  1.52e-01   3.77e-01     3.23e-05   733.733s
3434000 -3.48604999e+01 -3.47086257e+01  1.52e-01   5.56e-01     3.34e-05   733.945s
3435000 -3.48600449e+01 -3.47085895e+01  1.51e-01   2.52e+00     3.31e-05   734.157s
3436000 -3.48596426e+01 -3.47085477e+01  1.51e-01   1.21e+00     3.58e-05   734.369s
3437000 -3.48591866e+01 -3.47084960e+01  1.51e-01   7.37e-01     3.76e-05   734.581s
3438000 -3.48586292e+01 -3.47084633e+01  1.50e-01   3.54e-01     3.85e-05   734.793s
3439000 -3.48576483e+01 -3.47084291e+01  1.49e-01   2.25e+00     3.48e-05   735.005s
3440000 -3.48566829e+01 -3.47084025e+01  1.48e-01   1.63e+00     3.76e-05   735.217s
3441000 -3.48559820e+01 -3.47083793e+01  1.48e-01   1.53e+00     3.46e-05   735.429s
3442000 -3.48554649e+01 -3.47083775e+01  1.47e-01   8.03e-01     3.74e-05   735.642s
3443000 -3.48546408e+01 -3.47083998e+01  1.46e-01   1.31e+00     3.71e-05   735.854s
3444000 -3.48537268e+01 -3.47084383e+01  1.45e-01   3.50e+00     3.82e-05   736.066s
3445000 -3.48532720e+01 -3.47085187e+01  1.45e-01   2.19e+00     4.18e-05   736.278s
3446000 -3.48528650e+01 -3.47086322e+01  1.44e-01   2.43e+00     4.65e-05   736.490s
3447000 -3.48525469e+01 -3.47087885e+01  1.44e-01   1.23e+00     4.92e-05   736.702s
3448000 -3.48520295e+01 -3.47089474e+01  1.43e-01   2.17e+00     4.77e-05   736.914s
3449000 -3.48515301e+01 -3.47090522e+01  1.42e-01   9.69e-01     5.03e-05   737.126s
3450000 -3.48514420e+01 -3.47091843e+01  1.42e-01   1.72e+00     5.29e-05   737.338s
3451000 -3.48519776e+01 -3.47093193e+01  1.43e-01   2.05e+00     5.01e-05   737.551s
3452000 -3.48513980e+01 -3.47094270e+01  1.42e-01   3.93e+00     4.75e-05   737.763s
3453000 -3.48511737e+01 -3.47095758e+01  1.42e-01   5.11e+00     4.98e-05   737.975s
3454000 -3.48511713e+01 -3.47096909e+01  1.41e-01   4.08e+00     4.94e-05   738.188s
3455000 -3.48514767e+01 -3.47097905e+01  1.42e-01   1.70e+00     4.91e-05   738.400s
3456000 -3.48515981e+01 -3.47099019e+01  1.42e-01   4.23e+00     4.80e-05   738.612s
3457000 -3.48519633e+01 -3.47099492e+01  1.42e-01   5.09e+00     4.65e-05   738.824s
3458000 -3.48520506e+01 -3.47099829e+01  1.42e-01   2.29e+00     5.15e-05   739.036s
3459000 -3.48523373e+01 -3.47095312e+01  1.43e-01   2.47e+00     1.98e-04   739.250s
3460000 -3.48525179e+01 -3.47085486e+01  1.44e-01   5.64e-01     3.59e-04   739.462s
3461000 -3.48525258e+01 -3.47073820e+01  1.45e-01   1.16e+00     3.45e-04   739.674s
3462000 -3.48525413e+01 -3.47061648e+01  1.46e-01   1.01e+00     3.92e-04   739.886s
3463000 -3.48527232e+01 -3.47051740e+01  1.48e-01   3.49e-01     4.19e-04   740.099s
3464000 -3.48530572e+01 -3.47041161e+01  1.49e-01   9.02e-01     3.92e-04   740.311s
3465000 -3.48532996e+01 -3.47030688e+01  1.50e-01   4.35e-01     3.74e-04   740.523s
3466000 -3.48535096e+01 -3.47019532e+01  1.52e-01   5.06e-01     3.60e-04   740.735s
3467000 -3.48537204e+01 -3.47007470e+01  1.53e-01   3.58e-01     3.57e-04   740.947s
3468000 -3.48539467e+01 -3.46993909e+01  1.55e-01   1.07e+00     3.61e-04   741.159s
3469000 -3.48540757e+01 -3.46977074e+01  1.56e-01   7.65e-01     3.39e-04   741.372s
3470000 -3.48541375e+01 -3.46958762e+01  1.58e-01   1.51e+00     3.30e-04   741.584s
3471000 -3.48541911e+01 -3.46940211e+01  1.60e-01   6.66e-01     3.50e-04   741.796s
3472000 -3.48543076e+01 -3.46922081e+01  1.62e-01   1.27e+00     3.77e-04   742.008s
3473000 -3.48543583e+01 -3.46906518e+01  1.64e-01   3.69e-01     3.82e-04   742.220s
3474000 -3.48544272e+01 -3.46889416e+01  1.65e-01   8.39e-01     3.77e-04   742.433s
3475000 -3.48544831e+01 -3.46873079e+01  1.67e-01   8.46e-01     3.82e-04   742.645s
3476000 -3.48545146e+01 -3.46855432e+01  1.69e-01   7.41e-01     3.74e-04   742.857s
3477000 -3.48545162e+01 -3.46840895e+01  1.70e-01   8.54e-01     3.65e-04   743.069s
3478000 -3.48544881e+01 -3.46825041e+01  1.72e-01   6.74e-01     3.65e-04   743.281s
3479000 -3.48545737e+01 -3.46809857e+01  1.74e-01   3.37e-01     3.79e-04   743.493s
3480000 -3.48545313e+01 -3.46793524e+01  1.75e-01   7.47e-01     3.78e-04   743.705s
3481000 -3.48545224e+01 -3.46776196e+01  1.77e-01   5.80e-01     3.64e-04   743.917s
3482000 -3.48545239e+01 -3.46759405e+01  1.79e-01   1.05e+00     3.38e-04   744.129s
3483000 -3.48544501e+01 -3.46742984e+01  1.80e-01   6.42e-01     3.30e-04   744.341s
3484000 -3.48544461e+01 -3.46726169e+01  1.82e-01   1.00e+00     3.22e-04   744.553s
3485000 -3.48542921e+01 -3.46710122e+01  1.83e-01   6.12e-01     3.18e-04   744.765s
3486000 -3.48542029e+01 -3.46694254e+01  1.85e-01   7.08e-01     3.09e-04   744.978s
3487000 -3.48540448e+01 -3.46678143e+01  1.86e-01   1.08e+00     2.96e-04   745.190s
3488000 -3.48540615e+01 -3.46661783e+01  1.88e-01   1.09e+00     2.95e-04   745.402s
3489000 -3.48540133e+01 -3.46646058e+01  1.89e-01   1.32e+00     2.77e-04   745.614s
3490000 -3.48539436e+01 -3.46631490e+01  1.91e-01   1.36e+00     2.75e-04   745.826s
3491000 -3.48539007e+01 -3.46616417e+01  1.92e-01   8.93e-01     2.86e-04   746.038s
3492000 -3.48538334e+01 -3.46601723e+01  1.94e-01   5.30e-01     3.00e-04   746.251s
3493000 -3.48537454e+01 -3.46587148e+01  1.95e-01   7.53e-01     3.06e-04   746.462s
3494000 -3.48536121e+01 -3.46572936e+01  1.96e-01   6.20e-01     2.74e-04   746.675s
3495000 -3.48535066e+01 -3.46559748e+01  1.98e-01   7.31e-01     2.69e-04   746.887s
3496000 -3.48533676e+01 -3.46546513e+01  1.99e-01   6.52e-01     2.82e-04   747.099s
3497000 -3.48531983e+01 -3.46532808e+01  2.00e-01   5.56e-01     2.83e-04   747.311s
3498000 -3.48530924e+01 -3.46518773e+01  2.01e-01   4.82e-01     2.77e-04   747.524s
3499000 -3.48529390e+01 -3.46504985e+01  2.02e-01   5.75e-01     2.77e-04   747.736s
3500000 -3.48527924e+01 -3.46490898e+01  2.04e-01   5.49e-01     2.80e-04   747.948s
3501000 -3.48525512e+01 -3.46476478e+01  2.05e-01   4.28e-01     2.88e-04   748.160s
3502000 -3.48522759e+01 -3.46462521e+01  2.06e-01   8.25e-01     2.76e-04   748.372s
3503000 -3.48519607e+01 -3.46448324e+01  2.07e-01   2.59e-01     2.77e-04   748.584s
3504000 -3.48516700e+01 -3.46434036e+01  2.08e-01   5.97e-01     2.79e-04   748.797s
3505000 -3.48513353e+01 -3.46420820e+01  2.09e-01   8.02e-01     2.88e-04   749.009s
3506000 -3.48509824e+01 -3.46407887e+01  2.10e-01   1.10e+00     2.90e-04   749.221s
3507000 -3.48506451e+01 -3.46394769e+01  2.11e-01   1.10e+00     2.98e-04   749.433s
3508000 -3.48503371e+01 -3.46382294e+01  2.12e-01   1.31e+00     2.81e-04   749.646s
3509000 -3.48498622e+01 -3.46369496e+01  2.13e-01   9.50e-01     2.88e-04   749.858s
3510000 -3.48494452e+01 -3.46355990e+01  2.14e-01   5.78e-01     2.98e-04   750.070s
3511000 -3.48489187e+01 -3.46341703e+01  2.15e-01   4.81e-01     2.85e-04   750.283s
3512000 -3.48485642e+01 -3.46328426e+01  2.16e-01   9.92e-01     2.80e-04   750.495s
3513000 -3.48481043e+01 -3.46314565e+01  2.17e-01   4.43e-01     2.61e-04   750.706s
3514000 -3.48475963e+01 -3.46300525e+01  2.18e-01   8.92e-01     2.63e-04   750.918s
3515000 -3.48470520e+01 -3.46284813e+01  2.19e-01   3.93e-01     2.77e-04   751.130s
3516000 -3.48465648e+01 -3.46268320e+01  2.20e-01   8.81e-01     2.71e-04   751.343s
3517000 -3.48460551e+01 -3.46251228e+01  2.21e-01   7.05e-01     2.69e-04   751.555s
3518000 -3.48455274e+01 -3.46235514e+01  2.22e-01   1.06e+00     2.60e-04   751.767s
3519000 -3.48448496e+01 -3.46220585e+01  2.23e-01   8.20e-01     2.71e-04   751.979s
3520000 -3.48441962e+01 -3.46206199e+01  2.24e-01   1.40e+00     2.74e-04   752.191s
3521000 -3.48435451e+01 -3.46193718e+01  2.24e-01   1.33e+00     2.80e-04   752.403s
3522000 -3.48428420e+01 -3.46181888e+01  2.25e-01   1.14e+00     2.75e-04   752.615s
3523000 -3.48421225e+01 -3.46170963e+01  2.25e-01   1.01e+00     2.79e-04   752.827s
3524000 -3.48414773e+01 -3.46161363e+01  2.25e-01   1.33e+00     2.75e-04   753.039s
3525000 -3.48408360e+01 -3.46152571e+01  2.26e-01   5.16e-01     2.84e-04   753.251s
3526000 -3.48401060e+01 -3.46144053e+01  2.26e-01   6.53e-01     2.90e-04   753.463s
3527000 -3.48392947e+01 -3.46135450e+01  2.26e-01   1.04e+00     3.26e-04   753.675s
3528000 -3.48385872e+01 -3.46125820e+01  2.26e-01   7.60e-01     3.32e-04   753.888s
3529000 -3.48378483e+01 -3.46113922e+01  2.26e-01   1.28e+00     3.35e-04   754.100s
3530000 -3.48370421e+01 -3.46101997e+01  2.27e-01   4.01e-01     3.51e-04   754.312s
3531000 -3.48362455e+01 -3.46088685e+01  2.27e-01   1.08e+00     3.38e-04   754.524s
3532000 -3.48355196e+01 -3.46074664e+01  2.28e-01   1.18e+00     3.42e-04   754.736s
3533000 -3.48347041e+01 -3.46060428e+01  2.29e-01   1.48e+00     3.46e-04   754.948s
3534000 -3.48338808e+01 -3.46046897e+01  2.29e-01   1.34e+00     3.48e-04   755.160s
3535000 -3.48330020e+01 -3.46034787e+01  2.30e-01   8.72e-01     3.40e-04   755.372s
3536000 -3.48321334e+01 -3.46022812e+01  2.30e-01   6.80e-01     3.36e-04   755.585s
3537000 -3.48312620e+01 -3.46012855e+01  2.30e-01   3.49e-01     3.36e-04   755.797s
3538000 -3.48303750e+01 -3.46004773e+01  2.30e-01   9.21e-01     3.36e-04   756.009s
3539000 -3.48293758e+01 -3.45999626e+01  2.29e-01   9.44e-01     3.52e-04   756.221s
3540000 -3.48285147e+01 -3.45996756e+01  2.29e-01   1.09e+00     3.57e-04   756.433s
3541000 -3.48275614e+01 -3.45993900e+01  2.28e-01   1.20e+00     3.66e-04   756.645s
3542000 -3.48265610e+01 -3.45990504e+01  2.28e-01   1.79e+00     3.82e-04   756.857s
3543000 -3.48256663e+01 -3.45989358e+01  2.27e-01   2.65e+00     3.93e-04   757.069s
3544000 -3.48246754e+01 -3.45987879e+01  2.26e-01   3.35e+00     3.94e-04   757.281s
3545000 -3.48235897e+01 -3.45987980e+01  2.25e-01   4.60e-01     4.23e-04   757.493s
3546000 -3.48226084e+01 -3.45986990e+01  2.24e-01   2.19e+00     4.53e-04   757.705s
3547000 -3.48216358e+01 -3.45988469e+01  2.23e-01   2.27e+00     4.97e-04   757.917s
3548000 -3.48204731e+01 -3.45986635e+01  2.22e-01   2.01e+00     4.86e-04   758.129s
3549000 -3.48192424e+01 -3.45985186e+01  2.21e-01   5.92e-01     5.13e-04   758.342s
3550000 -3.48179800e+01 -3.45985144e+01  2.19e-01   1.68e+00     5.48e-04   758.554s
3551000 -3.48168953e+01 -3.45985474e+01  2.18e-01   1.19e+00     5.90e-04   758.766s
3552000 -3.48157272e+01 -3.45985043e+01  2.17e-01   1.63e+00     6.18e-04   758.978s
3553000 -3.48145539e+01 -3.45982359e+01  2.16e-01   1.16e+00     6.28e-04   759.190s
3554000 -3.48134016e+01 -3.45978065e+01  2.16e-01   1.81e+00     6.65e-04   759.402s
3555000 -3.48121429e+01 -3.45972199e+01  2.15e-01   8.59e-01     7.00e-04   759.614s
3556000 -3.48109747e+01 -3.45964332e+01  2.15e-01   1.11e+00     7.38e-04   759.826s
3557000 -3.48098010e+01 -3.45953238e+01  2.14e-01   1.47e+00     7.50e-04   760.038s
3558000 -3.48085550e+01 -3.45940445e+01  2.15e-01   1.66e+00     7.54e-04   760.251s
3559000 -3.48072207e+01 -3.45926744e+01  2.15e-01   9.26e-01     7.48e-04   760.463s
3560000 -3.48059031e+01 -3.45910640e+01  2.15e-01   6.54e-01     7.38e-04   760.675s
3561000 -3.48046512e+01 -3.45896492e+01  2.15e-01   7.40e-01     7.16e-04   760.887s
3562000 -3.48032609e+01 -3.45887473e+01  2.15e-01   6.00e-01     6.43e-04   761.099s
3563000 -3.48018657e+01 -3.45880149e+01  2.14e-01   1.30e+00     5.61e-04   761.311s
3564000 -3.48004812e+01 -3.45874065e+01  2.13e-01   1.57e+00     5.08e-04   761.523s
3565000 -3.47991956e+01 -3.45870976e+01  2.12e-01   1.20e+00     5.40e-04   761.735s
3566000 -3.47979916e+01 -3.45867194e+01  2.11e-01   1.73e+00     6.22e-04   761.947s
3567000 -3.47969394e+01 -3.45865175e+01  2.10e-01   5.92e-01     6.99e-04   762.160s
3568000 -3.47959301e+01 -3.45863794e+01  2.10e-01   8.99e-01     7.39e-04   762.372s
3569000 -3.47948387e+01 -3.45864545e+01  2.08e-01   1.08e+00     6.79e-04   762.585s
3570000 -3.47937728e+01 -3.45865671e+01  2.07e-01   1.92e+00     6.19e-04   762.797s
3571000 -3.47929890e+01 -3.45867234e+01  2.06e-01   2.09e+00     5.61e-04   763.009s
3572000 -3.47919989e+01 -3.45868984e+01  2.05e-01   3.25e+00     6.15e-04   763.221s
3573000 -3.47909662e+01 -3.45872412e+01  2.04e-01   3.27e+00     6.17e-04   763.433s
3574000 -3.47901307e+01 -3.45874923e+01  2.03e-01   1.20e+00     5.93e-04   763.645s
3575000 -3.47894716e+01 -3.45875764e+01  2.02e-01   7.02e-01     5.48e-04   763.858s
3576000 -3.47888493e+01 -3.45876087e+01  2.01e-01   1.32e+00     5.02e-04   764.070s
3577000 -3.47880702e+01 -3.45875786e+01  2.00e-01   3.77e+00     5.13e-04   764.282s
3578000 -3.47871898e+01 -3.45873464e+01  2.00e-01   2.43e+00     4.91e-04   764.494s
3579000 -3.47863421e+01 -3.45870087e+01  1.99e-01   1.87e+00     4.93e-04   764.706s
3580000 -3.47854518e+01 -3.45865898e+01  1.99e-01   2.22e+00     5.21e-04   764.918s
3581000 -3.47845980e+01 -3.45860982e+01  1.98e-01   1.63e+00     5.60e-04   765.130s
3582000 -3.47836767e+01 -3.45854315e+01  1.98e-01   1.26e+00     6.04e-04   765.343s
3583000 -3.47827850e+01 -3.45847136e+01  1.98e-01   2.02e+00     5.05e-04   765.555s
3584000 -3.47817412e+01 -3.45838055e+01  1.98e-01   1.33e+00     4.59e-04   765.767s
3585000 -3.47808343e+01 -3.45828737e+01  1.98e-01   1.82e+00     4.74e-04   765.979s
3586000 -3.47798822e+01 -3.45821550e+01  1.98e-01   6.20e-01     4.94e-04   766.191s
3587000 -3.47788073e+01 -3.45811862e+01  1.98e-01   1.00e+00     4.57e-04   766.403s
3588000 -3.47778434e+01 -3.45805021e+01  1.97e-01   1.20e+00     4.61e-04   766.615s
3589000 -3.47768719e+01 -3.45799032e+01  1.97e-01   1.21e+00     5.13e-04   766.827s
3590000 -3.47759345e+01 -3.45791462e+01  1.97e-01   1.17e+00     5.16e-04   767.039s
3591000 -3.47749704e+01 -3.45789225e+01  1.96e-01   7.32e-01     5.52e-04   767.250s
3592000 -3.47739593e+01 -3.45784117e+01  1.96e-01   9.83e-01     4.81e-04   767.462s
3593000 -3.47730636e+01 -3.45781777e+01  1.95e-01   3.16e-01     5.18e-04   767.675s
3594000 -3.47721772e+01 -3.45780634e+01  1.94e-01   6.69e-01     4.78e-04   767.887s
3595000 -3.47711976e+01 -3.45778720e+01  1.93e-01   8.23e-01     5.06e-04   768.099s
3596000 -3.47702432e+01 -3.45779927e+01  1.92e-01   1.70e+00     5.41e-04   768.311s
3597000 -3.47693738e+01 -3.45778455e+01  1.92e-01   9.06e-01     4.93e-04   768.523s
3598000 -3.47684377e+01 -3.45778231e+01  1.91e-01   1.27e+00     5.52e-04   768.735s
3599000 -3.47674869e+01 -3.45777171e+01  1.90e-01   1.56e+00     4.87e-04   768.947s
3600000 -3.47665738e+01 -3.45773043e+01  1.89e-01   1.04e+00     5.39e-04   769.159s
3601000 -3.47655616e+01 -3.45770560e+01  1.89e-01   6.55e-01     5.24e-04   769.371s
3602000 -3.47647235e+01 -3.45765666e+01  1.88e-01   1.67e+00     4.82e-04   769.583s
3603000 -3.47638860e+01 -3.45762286e+01  1.88e-01   1.21e+00     5.50e-04   769.795s
3604000 -3.47628998e+01 -3.45760612e+01  1.87e-01   8.60e-01     5.08e-04   770.008s
3605000 -3.47620006e+01 -3.45755438e+01  1.86e-01   5.54e-01     5.82e-04   770.220s
3606000 -3.47610220e+01 -3.45754956e+01  1.86e-01   1.61e+00     5.48e-04   770.432s
3607000 -3.47601602e+01 -3.45753234e+01  1.85e-01   1.64e+00     5.54e-04   770.644s
3608000 -3.47592164e+01 -3.45750999e+01  1.84e-01   7.74e-01     6.33e-04   770.856s
3609000 -3.47582259e+01 -3.45748040e+01  1.83e-01   2.53e-01     5.69e-04   771.068s
3610000 -3.47572607e+01 -3.45745194e+01  1.83e-01   1.21e+00     6.05e-04   771.280s
3611000 -3.47562875e+01 -3.45744161e+01  1.82e-01   1.29e+00     5.94e-04   771.492s
3612000 -3.47552686e+01 -3.45742151e+01  1.81e-01   4.16e-01     6.16e-04   771.705s
3613000 -3.47543571e+01 -3.45741567e+01  1.80e-01   7.97e-01     6.10e-04   771.917s
3614000 -3.47533860e+01 -3.45742486e+01  1.79e-01   1.62e+00     6.19e-04   772.129s
3615000 -3.47524929e+01 -3.45746221e+01  1.78e-01   6.57e-01     6.36e-04   772.341s
3616000 -3.47516024e+01 -3.45752434e+01  1.76e-01   1.66e+00     5.72e-04   772.553s
3617000 -3.47507619e+01 -3.45758228e+01  1.75e-01   1.12e+00     5.87e-04   772.765s
3618000 -3.47498113e+01 -3.45767489e+01  1.73e-01   1.36e+00     5.86e-04   772.977s
3619000 -3.47489235e+01 -3.45773366e+01  1.72e-01   9.96e-01     6.06e-04   773.189s
3620000 -3.47479698e+01 -3.45782119e+01  1.70e-01   7.44e-01     6.37e-04   773.401s
3621000 -3.47469823e+01 -3.45791040e+01  1.68e-01   8.83e-01     5.87e-04   773.613s
3622000 -3.47461547e+01 -3.45795163e+01  1.67e-01   5.52e-01     6.14e-04   773.825s
3623000 -3.47452508e+01 -3.45800568e+01  1.65e-01   4.32e-01     5.82e-04   774.037s
3624000 -3.47443680e+01 -3.45800093e+01  1.64e-01   1.80e+00     6.14e-04   774.249s
3625000 -3.47435018e+01 -3.45798186e+01  1.64e-01   1.12e+00     6.42e-04   774.461s
3626000 -3.47425065e+01 -3.45794259e+01  1.63e-01   4.21e-01     6.29e-04   774.673s
3627000 -3.47415546e+01 -3.45788937e+01  1.63e-01   7.87e-01     6.41e-04   774.886s
3628000 -3.47406434e+01 -3.45791695e+01  1.61e-01   1.19e+00     6.14e-04   775.097s
3629000 -3.47399174e+01 -3.45796424e+01  1.60e-01   1.25e+00     6.37e-04   775.310s
3630000 -3.47391623e+01 -3.45804284e+01  1.59e-01   7.06e-01     6.57e-04   775.522s
3631000 -3.47383528e+01 -3.45817516e+01  1.57e-01   1.72e+00     7.18e-04   775.734s
3632000 -3.47378077e+01 -3.45836554e+01  1.54e-01   1.38e-01     7.81e-04   775.946s
3633000 -3.47372772e+01 -3.45863036e+01  1.51e-01   3.52e-01     8.23e-04   776.158s
3634000 -3.47369792e+01 -3.45888424e+01  1.48e-01   1.24e+00     9.06e-04   776.371s
3635000 -3.47364877e+01 -3.45912636e+01  1.45e-01   1.92e+00     8.30e-04   776.583s
3636000 -3.47362355e+01 -3.45936480e+01  1.43e-01   2.83e+00     7.91e-04   776.795s
3637000 -3.47359591e+01 -3.45950327e+01  1.41e-01   1.65e+00     7.79e-04   777.007s
3638000 -3.47357724e+01 -3.45955822e+01  1.40e-01   1.41e+00     7.31e-04   777.219s
3639000 -3.47356591e+01 -3.45951879e+01  1.40e-01   9.36e-01     7.03e-04   777.431s
3640000 -3.47353833e+01 -3.45948785e+01  1.41e-01   7.86e-01     6.47e-04   777.644s
3641000 -3.47350675e+01 -3.45948802e+01  1.40e-01   4.74e-01     6.29e-04   777.856s
3642000 -3.47348331e+01 -3.45947075e+01  1.40e-01   1.46e+00     6.07e-04   778.068s
3643000 -3.47344434e+01 -3.45946323e+01  1.40e-01   8.70e-01     5.94e-04   778.280s
3644000 -3.47341776e+01 -3.45945272e+01  1.40e-01   8.77e-01     5.92e-04   778.492s
3645000 -3.47339281e+01 -3.45944258e+01  1.40e-01   1.03e+00     6.07e-04   778.704s
3646000 -3.47337331e+01 -3.45942059e+01  1.40e-01   1.63e+00     6.19e-04   778.916s
3647000 -3.47334191e+01 -3.45936929e+01  1.40e-01   2.64e+00     5.99e-04   779.128s
3648000 -3.47332037e+01 -3.45933638e+01  1.40e-01   6.07e-01     5.13e-04   779.342s
3649000 -3.47329621e+01 -3.45932202e+01  1.40e-01   3.47e-01     6.03e-04   779.553s
3650000 -3.47327162e+01 -3.45934819e+01  1.39e-01   4.15e-01     5.46e-04   779.766s
3651000 -3.47324536e+01 -3.45940227e+01  1.38e-01   4.17e-01     5.28e-04   779.978s
3652000 -3.47321966e+01 -3.45945933e+01  1.38e-01   4.29e-01     5.44e-04   780.190s
3653000 -3.47319498e+01 -3.45949253e+01  1.37e-01   3.75e-01     5.59e-04   780.402s
3654000 -3.47316979e+01 -3.45948478e+01  1.37e-01   5.32e-01     5.47e-04   780.614s
3655000 -3.47314576e+01 -3.45945902e+01  1.37e-01   3.51e-01     4.96e-04   780.826s
3656000 -3.47311904e+01 -3.45944717e+01  1.37e-01   5.47e-01     4.67e-04   781.038s
3657000 -3.47309104e+01 -3.45944670e+01  1.36e-01   4.18e-01     4.43e-04   781.250s
3658000 -3.47306101e+01 -3.45955670e+01  1.35e-01   5.99e-01     4.55e-04   781.462s
3659000 -3.47303357e+01 -3.45967017e+01  1.34e-01   3.19e-01     4.67e-04   781.674s
3660000 -3.47300760e+01 -3.45978069e+01  1.32e-01   3.29e-01     4.82e-04   781.886s
3661000 -3.47297954e+01 -3.45982319e+01  1.32e-01   2.98e-01     4.81e-04   782.098s
3662000 -3.47295378e+01 -3.45986112e+01  1.31e-01   1.93e-01     4.39e-04   782.311s
3663000 -3.47292655e+01 -3.45984317e+01  1.31e-01   4.66e-01     4.37e-04   782.523s
3664000 -3.47289840e+01 -3.45983077e+01  1.31e-01   4.82e-01     4.37e-04   782.735s
3665000 -3.47287281e+01 -3.45981490e+01  1.31e-01   5.52e-01     4.44e-04   782.947s
3666000 -3.47284591e+01 -3.45974710e+01  1.31e-01   2.32e-01     4.53e-04   783.159s
3667000 -3.47281665e+01 -3.45965931e+01  1.32e-01   2.95e-01     4.72e-04   783.371s
3668000 -3.47278649e+01 -3.45957449e+01  1.32e-01   2.52e-01     5.12e-04   783.583s
3669000 -3.47275611e+01 -3.45952435e+01  1.32e-01   4.50e-01     5.49e-04   783.795s
3670000 -3.47272663e+01 -3.45950391e+01  1.32e-01   1.79e-01     5.38e-04   784.007s
3671000 -3.47269607e+01 -3.45948479e+01  1.32e-01   2.03e-01     5.32e-04   784.219s
3672000 -3.47266886e+01 -3.45946079e+01  1.32e-01   3.03e-01     5.18e-04   784.432s
3673000 -3.47264052e+01 -3.45941480e+01  1.32e-01   6.91e-01     5.06e-04   784.644s
3674000 -3.47260720e+01 -3.45938728e+01  1.32e-01   3.14e-01     5.05e-04   784.856s
3675000 -3.47257864e+01 -3.45936206e+01  1.32e-01   3.94e-01     5.04e-04   785.068s
3676000 -3.47255127e+01 -3.45936667e+01  1.32e-01   5.06e-01     5.08e-04   785.280s
3677000 -3.47252329e+01 -3.45935282e+01  1.32e-01   1.37e-01     5.11e-04   785.492s
3678000 -3.47249510e+01 -3.45934214e+01  1.32e-01   2.46e-01     4.93e-04   785.705s
3679000 -3.47246788e+01 -3.45929954e+01  1.32e-01   4.29e-01     4.69e-04   785.917s
3680000 -3.47244018e+01 -3.45930038e+01  1.31e-01   5.46e-01     4.75e-04   786.129s
3681000 -3.47241514e+01 -3.45930532e+01  1.31e-01   2.40e-01     4.84e-04   786.341s
3682000 -3.47239094e+01 -3.45928251e+01  1.31e-01   3.89e-01     4.83e-04   786.554s
3683000 -3.47236418e+01 -3.45924645e+01  1.31e-01   3.37e-01     4.94e-04   786.766s
3684000 -3.47233473e+01 -3.45918332e+01  1.32e-01   6.35e-01     5.05e-04   786.979s
3685000 -3.47229714e+01 -3.45912436e+01  1.32e-01   7.80e-01     5.10e-04   787.191s
3686000 -3.47226559e+01 -3.45909101e+01  1.32e-01   3.66e-01     4.98e-04   787.403s
3687000 -3.47222846e+01 -3.45903918e+01  1.32e-01   2.21e-01     5.17e-04   787.615s
3688000 -3.47218910e+01 -3.45895135e+01  1.32e-01   2.10e-01     5.69e-04   787.827s
3689000 -3.47215320e+01 -3.45887024e+01  1.33e-01   6.26e-01     5.60e-04   788.039s
3690000 -3.47211887e+01 -3.45881176e+01  1.33e-01   6.78e-01     5.56e-04   788.252s
3691000 -3.47208159e+01 -3.45879644e+01  1.33e-01   5.39e-01     5.29e-04   788.464s
3692000 -3.47204134e+01 -3.45877488e+01  1.33e-01   7.31e-01     5.09e-04   788.676s
3693000 -3.47200148e+01 -3.45874908e+01  1.33e-01   6.05e-01     5.04e-04   788.888s
3694000 -3.47195382e+01 -3.45876263e+01  1.32e-01   2.37e-01     4.98e-04   789.100s
3695000 -3.47190441e+01 -3.45874741e+01  1.32e-01   5.98e-01     4.99e-04   789.312s
3696000 -3.47185080e+01 -3.45872160e+01  1.31e-01   4.16e-01     4.93e-04   789.524s
3697000 -3.47179588e+01 -3.45867880e+01  1.31e-01   1.18e-01     4.89e-04   789.736s
3698000 -3.47173926e+01 -3.45863183e+01  1.31e-01   1.55e-01     4.82e-04   789.948s
3699000 -3.47167420e+01 -3.45861601e+01  1.31e-01   4.93e-01     4.72e-04   790.160s
3700000 -3.47160920e+01 -3.45864285e+01  1.30e-01   3.73e-01     4.69e-04   790.372s
3701000 -3.47154170e+01 -3.45865897e+01  1.29e-01   2.64e-01     4.62e-04   790.585s
3702000 -3.47147128e+01 -3.45864655e+01  1.28e-01   5.63e-01     4.65e-04   790.797s
3703000 -3.47139623e+01 -3.45859989e+01  1.28e-01   3.04e-01     4.69e-04   791.009s
3704000 -3.47131742e+01 -3.45855374e+01  1.28e-01   2.90e-01     4.71e-04   791.221s
3705000 -3.47123643e+01 -3.45848373e+01  1.28e-01   5.97e-01     4.79e-04   791.434s
3706000 -3.47114983e+01 -3.45839494e+01  1.28e-01   6.54e-01     4.74e-04   791.646s
3707000 -3.47106003e+01 -3.45831872e+01  1.27e-01   2.28e-01     4.67e-04   791.858s
3708000 -3.47097038e+01 -3.45827131e+01  1.27e-01   1.55e-01     4.61e-04   792.070s
3709000 -3.47087994e+01 -3.45823157e+01  1.26e-01   1.97e-01     4.61e-04   792.282s
3710000 -3.47078765e+01 -3.45817940e+01  1.26e-01   2.53e-01     4.61e-04   792.494s
3711000 -3.47069215e+01 -3.45813485e+01  1.26e-01   2.08e-01     4.63e-04   792.707s
3712000 -3.47059376e+01 -3.45808466e+01  1.25e-01   6.55e-01     4.63e-04   792.919s
3713000 -3.47049470e+01 -3.45803710e+01  1.25e-01   7.83e-02     4.62e-04   793.131s
3714000 -3.47039344e+01 -3.45797953e+01  1.24e-01   9.77e-02     4.60e-04   793.343s
3715000 -3.47028944e+01 -3.45791301e+01  1.24e-01   8.17e-02     4.56e-04   793.555s
3716000 -3.47018480e+01 -3.45786065e+01  1.23e-01   1.25e-01     4.64e-04   793.767s
3717000 -3.47007208e+01 -3.45785152e+01  1.22e-01   4.82e-01     4.72e-04   793.979s
3718000 -3.46996137e+01 -3.45783625e+01  1.21e-01   9.26e-02     4.77e-04   794.191s
3719000 -3.46984752e+01 -3.45783072e+01  1.20e-01   1.76e-01     4.75e-04   794.403s
3720000 -3.46974242e+01 -3.45785873e+01  1.19e-01   1.09e-01     4.81e-04   794.615s
3721000 -3.46963285e+01 -3.45788910e+01  1.17e-01   1.04e-01     4.86e-04   794.827s
3722000 -3.46952348e+01 -3.45789365e+01  1.16e-01   6.63e-01     4.90e-04   795.039s
3723000 -3.46941334e+01 -3.45787300e+01  1.15e-01   9.17e-01     4.89e-04   795.252s
3724000 -3.46929737e+01 -3.45782975e+01  1.15e-01   4.89e-01     4.86e-04   795.464s
3725000 -3.46918205e+01 -3.45776419e+01  1.14e-01   3.58e-01     4.86e-04   795.676s
3726000 -3.46906494e+01 -3.45767151e+01  1.14e-01   1.20e-01     4.85e-04   795.887s
3727000 -3.46894965e+01 -3.45760071e+01  1.13e-01   1.88e-01     4.82e-04   796.099s
3728000 -3.46883329e+01 -3.45755843e+01  1.13e-01   1.69e-01     4.88e-04   796.312s
3729000 -3.46871704e+01 -3.45752955e+01  1.12e-01   2.58e-01     4.90e-04   796.524s
3730000 -3.46859866e+01 -3.45753562e+01  1.11e-01   2.32e-01     4.90e-04   796.736s
3731000 -3.46847871e+01 -3.45752635e+01  1.10e-01   9.95e-02     4.94e-04   796.948s
3732000 -3.46836015e+01 -3.45751618e+01  1.08e-01   3.01e-01     4.88e-04   797.161s
3733000 -3.46823850e+01 -3.45755261e+01  1.07e-01   4.95e-01     4.90e-04   797.373s
3734000 -3.46812091e+01 -3.45762202e+01  1.05e-01   4.55e-01     4.92e-04   797.585s
3735000 -3.46800342e+01 -3.45769231e+01  1.03e-01   4.01e-01     4.89e-04   797.797s
3736000 -3.46789023e+01 -3.45776897e+01  1.01e-01   3.78e-01     4.94e-04   798.009s
3737000 -3.46777589e+01 -3.45783296e+01  9.94e-02   4.74e-01     4.95e-04   798.221s
3738000 -3.46766303e+01 -3.45786964e+01  9.79e-02   3.67e-01     5.02e-04   798.433s
3739000 -3.46755084e+01 -3.45789401e+01  9.66e-02   1.55e-01     5.07e-04   798.645s
3740000 -3.46743900e+01 -3.45790395e+01  9.54e-02   3.65e-01     5.06e-04   798.858s
3741000 -3.46733023e+01 -3.45789749e+01  9.43e-02   3.54e-01     5.04e-04   799.070s
3742000 -3.46722415e+01 -3.45788138e+01  9.34e-02   2.94e-01     5.10e-04   799.282s
3743000 -3.46711943e+01 -3.45786660e+01  9.25e-02   6.44e-01     5.21e-04   799.494s
3744000 -3.46701852e+01 -3.45784227e+01  9.18e-02   1.39e-01     5.22e-04   799.706s
3745000 -3.46691527e+01 -3.45779406e+01  9.12e-02   2.27e-01     5.33e-04   799.919s
3746000 -3.46681521e+01 -3.45771024e+01  9.10e-02   2.14e-01     5.39e-04   800.131s
3747000 -3.46671395e+01 -3.45763094e+01  9.08e-02   1.97e-01     5.46e-04   800.343s
3748000 -3.46661600e+01 -3.45757191e+01  9.04e-02   1.28e-01     5.57e-04   800.555s
3749000 -3.46651578e+01 -3.45756214e+01  8.95e-02   2.51e-01     5.74e-04   800.767s
3750000 -3.46641971e+01 -3.45752308e+01  8.90e-02   4.30e-01     5.81e-04   800.979s
3751000 -3.46632465e+01 -3.45747661e+01  8.85e-02   3.14e-01     5.83e-04   801.192s
3752000 -3.46622411e+01 -3.45748435e+01  8.74e-02   3.38e-01     5.99e-04   801.404s
3753000 -3.46613194e+01 -3.45754503e+01  8.59e-02   1.71e-01     6.28e-04   801.616s
3754000 -3.46604063e+01 -3.45752646e+01  8.51e-02   3.70e-01     6.30e-04   801.828s
3755000 -3.46595589e+01 -3.45758850e+01  8.37e-02   3.43e-01     6.49e-04   802.040s
3756000 -3.46587145e+01 -3.45767351e+01  8.20e-02   1.53e-01     6.82e-04   802.253s
3757000 -3.46579708e+01 -3.45774571e+01  8.05e-02   3.22e-01     7.10e-04   802.465s
3758000 -3.46572170e+01 -3.45777846e+01  7.94e-02   6.68e-02     7.18e-04   802.678s
3759000 -3.46565340e+01 -3.45775522e+01  7.90e-02   3.82e-01     7.11e-04   802.890s
3760000 -3.46558080e+01 -3.45772239e+01  7.86e-02   2.04e-01     7.07e-04   803.102s
3761000 -3.46551836e+01 -3.45770170e+01  7.82e-02   6.74e-01     7.22e-04   803.314s
3762000 -3.46545019e+01 -3.45767196e+01  7.78e-02   2.25e-01     7.29e-04   803.527s
3763000 -3.46538911e+01 -3.45769148e+01  7.70e-02   6.25e-01     7.51e-04   803.739s
3764000 -3.46533040e+01 -3.45770015e+01  7.63e-02   2.67e-01     7.57e-04   803.951s
3765000 -3.46526757e+01 -3.45771342e+01  7.55e-02   1.08e-01     7.65e-04   804.163s
3766000 -3.46521594e+01 -3.45773629e+01  7.48e-02   1.30e+00     7.81e-04   804.376s
3767000 -3.46516202e+01 -3.45775406e+01  7.41e-02   6.48e-01     7.91e-04   804.588s
3768000 -3.46511023e+01 -3.45776863e+01  7.34e-02   1.25e+00     8.04e-04   804.800s
3769000 -3.46506641e+01 -3.45779474e+01  7.27e-02   3.55e-01     8.31e-04   805.012s
3770000 -3.46503372e+01 -3.45782341e+01  7.21e-02   7.79e-01     8.60e-04   805.224s
3771000 -3.46500395e+01 -3.45785634e+01  7.15e-02   7.12e-01     8.86e-04   805.437s
3772000 -3.46497176e+01 -3.45789267e+01  7.08e-02   9.71e-01     9.28e-04   805.649s
3773000 -3.46494804e+01 -3.45790560e+01  7.04e-02   6.89e-01     9.68e-04   805.861s
3774000 -3.46492223e+01 -3.45790151e+01  7.02e-02   6.27e-01     9.79e-04   806.073s
3775000 -3.46489743e+01 -3.45790061e+01  7.00e-02   4.62e-01     1.00e-03   806.286s
3776000 -3.46487139e+01 -3.45787273e+01  7.00e-02   6.37e-01     1.02e-03   806.498s
3777000 -3.46484745e+01 -3.45783328e+01  7.01e-02   8.04e-01     1.03e-03   806.710s
3778000 -3.46481978e+01 -3.45777573e+01  7.04e-02   4.07e-01     1.05e-03   806.922s
3779000 -3.46479867e+01 -3.45767219e+01  7.13e-02   6.18e-01     1.06e-03   807.134s
3780000 -3.46477543e+01 -3.45755979e+01  7.22e-02   1.56e-01     1.08e-03   807.346s
3781000 -3.46475227e+01 -3.45747904e+01  7.27e-02   1.21e-01     1.10e-03   807.558s
3782000 -3.46473163e+01 -3.45738662e+01  7.35e-02   1.33e-01     1.10e-03   807.771s
3783000 -3.46471129e+01 -3.45732078e+01  7.39e-02   6.19e-01     1.11e-03   807.983s
3784000 -3.46469319e+01 -3.45728221e+01  7.41e-02   9.71e-01     1.10e-03   808.194s
3785000 -3.46467130e+01 -3.45730653e+01  7.36e-02   1.21e+00     1.11e-03   808.407s
3786000 -3.46465674e+01 -3.45752528e+01  7.13e-02   3.73e-01     1.15e-03   808.619s
3787000 -3.46464215e+01 -3.45776861e+01  6.87e-02   2.98e-01     1.18e-03   808.831s
3788000 -3.46463429e+01 -3.45787903e+01  6.76e-02   4.55e-01     1.21e-03   809.043s
3789000 -3.46462829e+01 -3.45794828e+01  6.68e-02   6.69e-01     1.25e-03   809.255s
3790000 -3.46462247e+01 -3.45798646e+01  6.64e-02   6.22e-01     1.28e-03   809.468s
3791000 -3.46461871e+01 -3.45795768e+01  6.66e-02   4.31e-01     1.29e-03   809.679s
3792000 -3.46461061e+01 -3.45787238e+01  6.74e-02   5.29e-01     1.30e-03   809.892s
3793000 -3.46460299e+01 -3.45781238e+01  6.79e-02   4.26e-01     1.31e-03   810.104s
3794000 -3.46459983e+01 -3.45783526e+01  6.76e-02   2.34e-01     1.33e-03   810.316s
3795000 -3.46459869e+01 -3.45789658e+01  6.70e-02   3.99e-01     1.33e-03   810.529s
3796000 -3.46460343e+01 -3.45797444e+01  6.63e-02   1.01e+00     1.36e-03   810.741s
3797000 -3.46460305e+01 -3.45800220e+01  6.60e-02   5.85e-01     1.36e-03   810.953s
3798000 -3.46460265e+01 -3.45794149e+01  6.66e-02   1.28e+00     1.34e-03   811.165s
3799000 -3.46460448e+01 -3.45786362e+01  6.74e-02   1.19e+00     1.33e-03   811.377s
3800000 -3.46460370e+01 -3.45778414e+01  6.82e-02   7.48e-01     1.31e-03   811.590s
3801000 -3.46459994e+01 -3.45774014e+01  6.86e-02   1.10e+00     1.30e-03   811.802s
3802000 -3.46458959e+01 -3.45771697e+01  6.87e-02   4.31e-01     1.29e-03   812.014s
3803000 -3.46458003e+01 -3.45773612e+01  6.84e-02   4.08e-01     1.28e-03   812.226s
3804000 -3.46456660e+01 -3.45775351e+01  6.81e-02   5.00e-01     1.26e-03   812.438s
3805000 -3.46455402e+01 -3.45779307e+01  6.76e-02   5.83e-01     1.25e-03   812.651s
3806000 -3.46453962e+01 -3.45781924e+01  6.72e-02   5.48e-01     1.24e-03   812.863s
3807000 -3.46452510e+01 -3.45782102e+01  6.70e-02   5.79e-01     1.24e-03   813.075s
3808000 -3.46451453e+01 -3.45778213e+01  6.73e-02   6.49e-01     1.23e-03   813.287s
3809000 -3.46450051e+01 -3.45774674e+01  6.75e-02   3.20e-01     1.21e-03   813.499s
3810000 -3.46449748e+01 -3.45772486e+01  6.77e-02   2.47e-01     1.20e-03   813.711s
3811000 -3.46448903e+01 -3.45772441e+01  6.76e-02   2.68e-01     1.18e-03   813.923s
3812000 -3.46448247e+01 -3.45777055e+01  6.71e-02   4.79e-01     1.19e-03   814.135s
3813000 -3.46446630e+01 -3.45790402e+01  6.56e-02   1.54e-01     1.19e-03   814.349s
3814000 -3.46445227e+01 -3.45798412e+01  6.47e-02   1.02e-01     1.20e-03   814.561s
3815000 -3.46443722e+01 -3.45800974e+01  6.43e-02   9.42e-02     1.20e-03   814.773s
3816000 -3.46442198e+01 -3.45798791e+01  6.43e-02   1.61e-01     1.20e-03   814.985s
3817000 -3.46440644e+01 -3.45793824e+01  6.47e-02   9.50e-02     1.20e-03   815.197s
3818000 -3.46439054e+01 -3.45788949e+01  6.50e-02   1.05e-01     1.19e-03   815.409s
3819000 -3.46437475e+01 -3.45786341e+01  6.51e-02   9.24e-02     1.19e-03   815.621s
3820000 -3.46435952e+01 -3.45784951e+01  6.51e-02   7.22e-02     1.20e-03   815.833s
3821000 -3.46434506e+01 -3.45785652e+01  6.49e-02   9.19e-02     1.21e-03   816.045s
3822000 -3.46433108e+01 -3.45787359e+01  6.46e-02   4.13e-02     1.22e-03   816.257s
3823000 -3.46431884e+01 -3.45787858e+01  6.44e-02   7.42e-02     1.22e-03   816.469s
3824000 -3.46430717e+01 -3.45787609e+01  6.43e-02   3.75e-02     1.23e-03   816.681s
3825000 -3.46429664e+01 -3.45786143e+01  6.44e-02   5.07e-02     1.24e-03   816.894s
3826000 -3.46428671e+01 -3.45784701e+01  6.44e-02   6.35e-02     1.24e-03   817.106s
3827000 -3.46427660e+01 -3.45782379e+01  6.45e-02   4.60e-02     1.24e-03   817.318s
3828000 -3.46426747e+01 -3.45780480e+01  6.46e-02   5.33e-02     1.25e-03   817.530s
3829000 -3.46425833e+01 -3.45780328e+01  6.46e-02   6.99e-02     1.26e-03   817.743s
3830000 -3.46424900e+01 -3.45780910e+01  6.44e-02   6.80e-02     1.26e-03   817.955s
3831000 -3.46423986e+01 -3.45783694e+01  6.40e-02   1.14e-01     1.27e-03   818.167s
3832000 -3.46423056e+01 -3.45785313e+01  6.38e-02   5.08e-02     1.28e-03   818.379s
3833000 -3.46422020e+01 -3.45786486e+01  6.36e-02   4.13e-02     1.29e-03   818.591s
3834000 -3.46421030e+01 -3.45786857e+01  6.34e-02   8.07e-02     1.30e-03   818.803s
3835000 -3.46419848e+01 -3.45788201e+01  6.32e-02   8.71e-02     1.32e-03   819.015s
3836000 -3.46418812e+01 -3.45789438e+01  6.29e-02   4.36e-02     1.34e-03   819.227s
3837000 -3.46417844e+01 -3.45787938e+01  6.30e-02   6.73e-02     1.36e-03   819.439s
3838000 -3.46416905e+01 -3.45785167e+01  6.32e-02   1.18e-01     1.39e-03   819.651s
3839000 -3.46416052e+01 -3.45780183e+01  6.36e-02   6.72e-02     1.41e-03   819.863s
3840000 -3.46415314e+01 -3.45770987e+01  6.44e-02   6.09e-02     1.43e-03   820.075s
3841000 -3.46414674e+01 -3.45763828e+01  6.51e-02   1.80e-01     1.43e-03   820.287s
3842000 -3.46413956e+01 -3.45755575e+01  6.58e-02   8.26e-02     1.42e-03   820.499s
3843000 -3.46413200e+01 -3.45747622e+01  6.66e-02   2.00e-01     1.42e-03   820.711s
3844000 -3.46412434e+01 -3.45739503e+01  6.73e-02   1.78e-01     1.42e-03   820.924s
3845000 -3.46411546e+01 -3.45737138e+01  6.74e-02   9.47e-02     1.41e-03   821.136s
3846000 -3.46410626e+01 -3.45734898e+01  6.76e-02   1.13e-01     1.40e-03   821.348s
3847000 -3.46409611e+01 -3.45732793e+01  6.77e-02   1.85e-01     1.39e-03   821.560s
3848000 -3.46408438e+01 -3.45729288e+01  6.79e-02   1.03e-01     1.39e-03   821.772s
3849000 -3.46407032e+01 -3.45729497e+01  6.78e-02   5.28e-02     1.38e-03   821.984s
3850000 -3.46405540e+01 -3.45729277e+01  6.76e-02   2.27e-01     1.37e-03   822.196s
3851000 -3.46403782e+01 -3.45726387e+01  6.77e-02   1.90e-01     1.37e-03   822.409s
3852000 -3.46401863e+01 -3.45722950e+01  6.79e-02   1.63e-01     1.36e-03   822.621s
3853000 -3.46399560e+01 -3.45719242e+01  6.80e-02   1.76e-01     1.35e-03   822.833s
3854000 -3.46397559e+01 -3.45715457e+01  6.82e-02   5.41e-02     1.34e-03   823.045s
3855000 -3.46395321e+01 -3.45710139e+01  6.85e-02   8.23e-02     1.33e-03   823.257s
3856000 -3.46393324e+01 -3.45704800e+01  6.89e-02   3.12e-02     1.32e-03   823.469s
3857000 -3.46391140e+01 -3.45701483e+01  6.90e-02   1.22e-01     1.32e-03   823.681s
3858000 -3.46388868e+01 -3.45698480e+01  6.90e-02   8.14e-02     1.31e-03   823.893s
3859000 -3.46386568e+01 -3.45694085e+01  6.92e-02   7.92e-02     1.30e-03   824.105s
3860000 -3.46384140e+01 -3.45688012e+01  6.96e-02   9.57e-02     1.30e-03   824.317s
3861000 -3.46381581e+01 -3.45682429e+01  6.99e-02   9.25e-02     1.30e-03   824.529s
3862000 -3.46379026e+01 -3.45678015e+01  7.01e-02   1.60e-01     1.29e-03   824.741s
3863000 -3.46376181e+01 -3.45672719e+01  7.03e-02   1.25e-01     1.30e-03   824.953s
3864000 -3.46373354e+01 -3.45667951e+01  7.05e-02   8.06e-02     1.30e-03   825.165s
3865000 -3.46370313e+01 -3.45664367e+01  7.06e-02   4.92e-02     1.30e-03   825.377s
3866000 -3.46367228e+01 -3.45662601e+01  7.05e-02   5.77e-02     1.30e-03   825.589s
3867000 -3.46364088e+01 -3.45662004e+01  7.02e-02   9.63e-02     1.30e-03   825.801s
3868000 -3.46360900e+01 -3.45661421e+01  6.99e-02   2.01e-01     1.29e-03   826.013s
3869000 -3.46357774e+01 -3.45662389e+01  6.95e-02   8.89e-02     1.29e-03   826.225s
3870000 -3.46354846e+01 -3.45661764e+01  6.93e-02   1.53e-01     1.29e-03   826.437s
3871000 -3.46351763e+01 -3.45659077e+01  6.93e-02   5.43e-02     1.29e-03   826.650s
3872000 -3.46348563e+01 -3.45656970e+01  6.92e-02   6.66e-02     1.30e-03   826.862s
3873000 -3.46345583e+01 -3.45653375e+01  6.92e-02   6.42e-02     1.30e-03   827.074s
3874000 -3.46342500e+01 -3.45651741e+01  6.91e-02   1.76e-01     1.31e-03   827.286s
3875000 -3.46338889e+01 -3.45652910e+01  6.86e-02   7.16e-02     1.31e-03   827.498s
3876000 -3.46335573e+01 -3.45654209e+01  6.81e-02   9.81e-02     1.32e-03   827.710s
3877000 -3.46331985e+01 -3.45653116e+01  6.79e-02   3.30e-02     1.33e-03   827.922s
3878000 -3.46328637e+01 -3.45648001e+01  6.81e-02   4.39e-02     1.34e-03   828.134s
3879000 -3.46325293e+01 -3.45642388e+01  6.83e-02   1.74e-01     1.35e-03   828.346s
3880000 -3.46321828e+01 -3.45636869e+01  6.85e-02   4.66e-02     1.37e-03   828.558s
3881000 -3.46318439e+01 -3.45638845e+01  6.80e-02   2.62e-02     1.36e-03   828.770s
3882000 -3.46315305e+01 -3.45686236e+01  6.29e-02   1.85e-01     1.36e-03   828.982s
3883000 -3.46312764e+01 -3.45724161e+01  5.89e-02   1.55e-01     1.37e-03   829.194s
3884000 -3.46310733e+01 -3.45729485e+01  5.81e-02   2.25e-01     1.38e-03   829.406s
3885000 -3.46308689e+01 -3.45714067e+01  5.95e-02   3.15e-01     1.37e-03   829.619s
3886000 -3.46306260e+01 -3.45694857e+01  6.11e-02   1.45e-01     1.37e-03   829.831s
3887000 -3.46303960e+01 -3.45680174e+01  6.24e-02   1.01e-01     1.36e-03   830.043s
3888000 -3.46301285e+01 -3.45673434e+01  6.28e-02   1.59e-01     1.37e-03   830.255s
3889000 -3.46298825e+01 -3.45677097e+01  6.22e-02   4.21e-01     1.37e-03   830.467s
3890000 -3.46296137e+01 -3.45693442e+01  6.03e-02   2.30e-01     1.36e-03   830.679s
3891000 -3.46293489e+01 -3.45703419e+01  5.90e-02   1.76e-01     1.36e-03   830.891s
3892000 -3.46290671e+01 -3.45706767e+01  5.84e-02   7.14e-02     1.35e-03   831.103s
3893000 -3.46288110e+01 -3.45700812e+01  5.87e-02   2.34e-01     1.35e-03   831.315s
3894000 -3.46286113e+01 -3.45693475e+01  5.93e-02   1.30e-01     1.35e-03   831.527s
3895000 -3.46284782e+01 -3.45698377e+01  5.86e-02   2.78e-01     1.36e-03   831.739s
3896000 -3.46283933e+01 -3.45712988e+01  5.71e-02   5.90e-01     1.37e-03   831.951s
3897000 -3.46282864e+01 -3.45727547e+01  5.55e-02   2.13e-01     1.38e-03   832.163s
3898000 -3.46282009e+01 -3.45734177e+01  5.48e-02   1.50e-01     1.39e-03   832.375s
3899000 -3.46281552e+01 -3.45729705e+01  5.52e-02   2.41e-01     1.37e-03   832.587s
3900000 -3.46281027e+01 -3.45717483e+01  5.64e-02   1.58e-01     1.35e-03   832.801s
3901000 -3.46280643e+01 -3.45703994e+01  5.77e-02   8.94e-02     1.36e-03   833.013s
3902000 -3.46280250e+01 -3.45698212e+01  5.82e-02   4.20e-02     1.33e-03   833.225s
3903000 -3.46279909e+01 -3.45700831e+01  5.79e-02   3.65e-02     1.32e-03   833.437s
3904000 -3.46279560e+01 -3.45707621e+01  5.72e-02   2.30e-02     1.30e-03   833.650s
3905000 -3.46279160e+01 -3.45714676e+01  5.64e-02   3.05e-02     1.29e-03   833.862s
3906000 -3.46278733e+01 -3.45718878e+01  5.60e-02   1.03e-01     1.28e-03   834.074s
3907000 -3.46278302e+01 -3.45721025e+01  5.57e-02   3.29e-02     1.28e-03   834.286s
3908000 -3.46277846e+01 -3.45721784e+01  5.56e-02   6.36e-02     1.28e-03   834.498s
3909000 -3.46277424e+01 -3.45720835e+01  5.57e-02   6.95e-02     1.28e-03   834.711s
3910000 -3.46276957e+01 -3.45719583e+01  5.57e-02   7.16e-02     1.29e-03   834.923s
3911000 -3.46276388e+01 -3.45718988e+01  5.57e-02   4.17e-02     1.29e-03   835.135s
3912000 -3.46275751e+01 -3.45718442e+01  5.57e-02   5.11e-02     1.30e-03   835.347s
3913000 -3.46275117e+01 -3.45714413e+01  5.61e-02   1.24e-01     1.30e-03   835.559s
3914000 -3.46274391e+01 -3.45710005e+01  5.64e-02   4.40e-02     1.30e-03   835.772s
3915000 -3.46273623e+01 -3.45706656e+01  5.67e-02   8.94e-02     1.30e-03   835.984s
3916000 -3.46272730e+01 -3.45703187e+01  5.70e-02   4.49e-02     1.28e-03   836.196s
3917000 -3.46271856e+01 -3.45703358e+01  5.68e-02   6.63e-02     1.27e-03   836.408s
3918000 -3.46271065e+01 -3.45706652e+01  5.64e-02   4.15e-02     1.25e-03   836.620s
3919000 -3.46270355e+01 -3.45709417e+01  5.61e-02   2.72e-02     1.24e-03   836.832s
3920000 -3.46269934e+01 -3.45709003e+01  5.61e-02   9.54e-02     1.23e-03   837.044s
3921000 -3.46269438e+01 -3.45705304e+01  5.64e-02   9.18e-02     1.23e-03   837.256s
3922000 -3.46268983e+01 -3.45700280e+01  5.69e-02   4.00e-02     1.22e-03   837.468s
3923000 -3.46268541e+01 -3.45700542e+01  5.68e-02   2.56e-02     1.20e-03   837.680s
3924000 -3.46268059e+01 -3.45704626e+01  5.63e-02   7.30e-02     1.20e-03   837.892s
3925000 -3.46267598e+01 -3.45711224e+01  5.56e-02   1.31e-01     1.19e-03   838.104s
3926000 -3.46267213e+01 -3.45715119e+01  5.52e-02   5.41e-02     1.19e-03   838.316s
3927000 -3.46266798e+01 -3.45711182e+01  5.56e-02   1.20e-01     1.18e-03   838.528s
3928000 -3.46266104e+01 -3.45699418e+01  5.67e-02   4.97e-02     1.18e-03   838.741s
3929000 -3.46265342e+01 -3.45686280e+01  5.79e-02   3.01e-02     1.18e-03   838.953s
3930000 -3.46264397e+01 -3.45681564e+01  5.83e-02   6.78e-02     1.17e-03   839.165s
3931000 -3.46263432e+01 -3.45684454e+01  5.79e-02   3.93e-02     1.17e-03   839.377s
3932000 -3.46262528e+01 -3.45688513e+01  5.74e-02   3.68e-02     1.17e-03   839.589s
3933000 -3.46261665e+01 -3.45692993e+01  5.69e-02   4.57e-02     1.18e-03   839.801s
3934000 -3.46260852e+01 -3.45693047e+01  5.68e-02   1.11e-01     1.19e-03   840.013s
3935000 -3.46260093e+01 -3.45693420e+01  5.67e-02   3.09e-02     1.20e-03   840.225s
3936000 -3.46259339e+01 -3.45692522e+01  5.67e-02   3.78e-02     1.20e-03   840.437s
3937000 -3.46258576e+01 -3.45690175e+01  5.68e-02   7.05e-02     1.19e-03   840.650s
3938000 -3.46257964e+01 -3.45688075e+01  5.70e-02   7.74e-02     1.18e-03   840.862s
3939000 -3.46257173e+01 -3.45684769e+01  5.72e-02   7.55e-02     1.17e-03   841.074s
3940000 -3.46256538e+01 -3.45682642e+01  5.74e-02   5.22e-02     1.16e-03   841.286s
3941000 -3.46255777e+01 -3.45678798e+01  5.77e-02   6.24e-02     1.17e-03   841.498s
3942000 -3.46255023e+01 -3.45673438e+01  5.82e-02   4.46e-02     1.17e-03   841.710s
3943000 -3.46254195e+01 -3.45667684e+01  5.87e-02   5.22e-02     1.18e-03   841.922s
3944000 -3.46253392e+01 -3.45663512e+01  5.90e-02   4.29e-02     1.19e-03   842.134s
3945000 -3.46252459e+01 -3.45662579e+01  5.90e-02   7.74e-02     1.19e-03   842.346s
3946000 -3.46251602e+01 -3.45664175e+01  5.87e-02   1.01e-01     1.20e-03   842.558s
3947000 -3.46250650e+01 -3.45664458e+01  5.86e-02   1.03e-01     1.20e-03   842.770s
3948000 -3.46249707e+01 -3.45663494e+01  5.86e-02   4.52e-02     1.21e-03   842.982s
3949000 -3.46248661e+01 -3.45662134e+01  5.87e-02   8.57e-02     1.21e-03   843.194s
3950000 -3.46247591e+01 -3.45658842e+01  5.89e-02   1.24e-01     1.21e-03   843.406s
3951000 -3.46246477e+01 -3.45657061e+01  5.89e-02   4.63e-02     1.21e-03   843.618s
3952000 -3.46245368e+01 -3.45656483e+01  5.89e-02   9.21e-02     1.20e-03   843.831s
3953000 -3.46244193e+01 -3.45657101e+01  5.87e-02   8.53e-02     1.20e-03   844.043s
3954000 -3.46243124e+01 -3.45656914e+01  5.86e-02   5.61e-02     1.21e-03   844.255s
3955000 -3.46242025e+01 -3.45653673e+01  5.88e-02   3.56e-02     1.20e-03   844.467s
3956000 -3.46241005e+01 -3.45650160e+01  5.91e-02   3.87e-02     1.20e-03   844.679s
3957000 -3.46239915e+01 -3.45645424e+01  5.94e-02   3.97e-02     1.20e-03   844.891s
3958000 -3.46238785e+01 -3.45639580e+01  5.99e-02   5.64e-02     1.20e-03   845.103s
3959000 -3.46237569e+01 -3.45635772e+01  6.02e-02   6.18e-02     1.20e-03   845.315s
3960000 -3.46236310e+01 -3.45633845e+01  6.02e-02   4.87e-02     1.20e-03   845.527s
3961000 -3.46234940e+01 -3.45633736e+01  6.01e-02   3.49e-02     1.21e-03   845.740s
3962000 -3.46233493e+01 -3.45633698e+01  6.00e-02   3.36e-02     1.22e-03   845.952s
3963000 -3.46232034e+01 -3.45634348e+01  5.98e-02   3.40e-02     1.23e-03   846.163s
3964000 -3.46230597e+01 -3.45634970e+01  5.96e-02   2.89e-02     1.24e-03   846.375s
3965000 -3.46229168e+01 -3.45635269e+01  5.94e-02   3.78e-02     1.25e-03   846.587s
3966000 -3.46227782e+01 -3.45636155e+01  5.92e-02   5.02e-02     1.27e-03   846.800s
3967000 -3.46226470e+01 -3.45637099e+01  5.89e-02   3.97e-02     1.28e-03   847.011s
3968000 -3.46225201e+01 -3.45637808e+01  5.87e-02   3.17e-02     1.29e-03   847.223s
3969000 -3.46224047e+01 -3.45638860e+01  5.85e-02   3.04e-02     1.31e-03   847.436s
3970000 -3.46222880e+01 -3.45636640e+01  5.86e-02   1.18e-01     1.32e-03   847.648s
3971000 -3.46221742e+01 -3.45633047e+01  5.89e-02   3.81e-02     1.33e-03   847.860s
3972000 -3.46220480e+01 -3.45628815e+01  5.92e-02   4.37e-02     1.33e-03   848.073s
3973000 -3.46219202e+01 -3.45624215e+01  5.95e-02   3.26e-02     1.34e-03   848.284s
3974000 -3.46217913e+01 -3.45621618e+01  5.96e-02   7.73e-02     1.35e-03   848.497s
3975000 -3.46216656e+01 -3.45620712e+01  5.96e-02   1.20e-01     1.36e-03   848.709s
3976000 -3.46215365e+01 -3.45618886e+01  5.96e-02   5.53e-02     1.36e-03   848.921s
3977000 -3.46214061e+01 -3.45616641e+01  5.97e-02   6.69e-02     1.36e-03   849.133s
3978000 -3.46212743e+01 -3.45614108e+01  5.99e-02   6.07e-02     1.34e-03   849.346s
3979000 -3.46211475e+01 -3.45611840e+01  6.00e-02   5.84e-02     1.32e-03   849.558s
3980000 -3.46210241e+01 -3.45610950e+01  5.99e-02   6.57e-02     1.31e-03   849.770s
3981000 -3.46208948e+01 -3.45612128e+01  5.97e-02   6.80e-02     1.30e-03   849.982s
3982000 -3.46207680e+01 -3.45613309e+01  5.94e-02   8.54e-02     1.29e-03   850.194s
3983000 -3.46206413e+01 -3.45614833e+01  5.92e-02   4.82e-02     1.31e-03   850.406s
3984000 -3.46205196e+01 -3.45616488e+01  5.89e-02   7.46e-02     1.31e-03   850.618s
3985000 -3.46203888e+01 -3.45615427e+01  5.88e-02   8.18e-02     1.33e-03   850.830s
3986000 -3.46202659e+01 -3.45612238e+01  5.90e-02   5.88e-02     1.33e-03   851.041s
3987000 -3.46201348e+01 -3.45607750e+01  5.94e-02   5.02e-02     1.34e-03   851.254s
3988000 -3.46199966e+01 -3.45605506e+01  5.94e-02   7.60e-02     1.33e-03   851.465s
3989000 -3.46198472e+01 -3.45602201e+01  5.96e-02   2.31e-02     1.33e-03   851.677s
3990000 -3.46197084e+01 -3.45600712e+01  5.96e-02   5.85e-02     1.33e-03   851.889s
3991000 -3.46195770e+01 -3.45600603e+01  5.95e-02   6.79e-02     1.34e-03   852.101s
3992000 -3.46194392e+01 -3.45595627e+01  5.99e-02   8.54e-02     1.37e-03   852.313s
3993000 -3.46193001e+01 -3.45587774e+01  6.05e-02   7.56e-02     1.38e-03   852.526s
3994000 -3.46191617e+01 -3.45581408e+01  6.10e-02   4.02e-02     1.39e-03   852.738s
3995000 -3.46190120e+01 -3.45580699e+01  6.09e-02   3.31e-02     1.40e-03   852.950s
3996000 -3.46188737e+01 -3.45584952e+01  6.04e-02   4.37e-02     1.39e-03   853.162s
3997000 -3.46187185e+01 -3.45593218e+01  5.94e-02   7.77e-02     1.41e-03   853.374s
3998000 -3.46185745e+01 -3.45599706e+01  5.86e-02   6.35e-02     1.41e-03   853.586s
3999000 -3.46184313e+01 -3.45598879e+01  5.85e-02   5.70e-02     1.43e-03   853.799s
4000000 -3.46182936e+01 -3.45589014e+01  5.94e-02   6.79e-02     1.44e-03   854.011s
4001000 -3.46181371e+01 -3.45575807e+01  6.06e-02   6.45e-02     1.45e-03   854.223s
4002000 -3.46179760e+01 -3.45563515e+01  6.16e-02   1.13e-01     1.47e-03   854.435s
4003000 -3.46178083e+01 -3.45555289e+01  6.23e-02   4.98e-02     1.49e-03   854.647s
4004000 -3.46176329e+01 -3.45555377e+01  6.21e-02   3.72e-02     1.52e-03   854.859s
4005000 -3.46174547e+01 -3.45561856e+01  6.13e-02   1.23e-01     1.55e-03   855.071s
4006000 -3.46172903e+01 -3.45570528e+01  6.02e-02   8.97e-02     1.56e-03   855.283s
4007000 -3.46171293e+01 -3.45576430e+01  5.95e-02   1.17e-01     1.57e-03   855.495s
4008000 -3.46169536e+01 -3.45576863e+01  5.93e-02   1.69e-01     1.56e-03   855.707s
4009000 -3.46167749e+01 -3.45574645e+01  5.93e-02   5.26e-02     1.55e-03   855.919s
4010000 -3.46165922e+01 -3.45571766e+01  5.94e-02   5.60e-02     1.54e-03   856.131s
4011000 -3.46164185e+01 -3.45572262e+01  5.92e-02   1.21e-01     1.54e-03   856.343s
4012000 -3.46162359e+01 -3.45579414e+01  5.83e-02   9.50e-02     1.54e-03   856.555s
4013000 -3.46160606e+01 -3.45586143e+01  5.74e-02   5.38e-02     1.54e-03   856.767s
4014000 -3.46158809e+01 -3.45585378e+01  5.73e-02   1.28e-01     1.54e-03   856.980s
4015000 -3.46156966e+01 -3.45576538e+01  5.80e-02   1.44e-01     1.54e-03   857.192s
4016000 -3.46155028e+01 -3.45564072e+01  5.91e-02   5.69e-02     1.55e-03   857.404s
4017000 -3.46153029e+01 -3.45552528e+01  6.01e-02   4.40e-02     1.55e-03   857.616s
4018000 -3.46150954e+01 -3.45544906e+01  6.06e-02   3.70e-02     1.55e-03   857.828s
4019000 -3.46148900e+01 -3.45544352e+01  6.05e-02   7.50e-02     1.54e-03   858.040s
4020000 -3.46146854e+01 -3.45551447e+01  5.95e-02   4.57e-02     1.55e-03   858.251s
4021000 -3.46144830e+01 -3.45558545e+01  5.86e-02   1.10e-01     1.55e-03   858.464s
4022000 -3.46142937e+01 -3.45562837e+01  5.80e-02   3.51e-02     1.55e-03   858.676s
4023000 -3.46140980e+01 -3.45565656e+01  5.75e-02   6.74e-02     1.56e-03   858.887s
4024000 -3.46139118e+01 -3.45566099e+01  5.73e-02   8.27e-02     1.57e-03   859.100s
4025000 -3.46137197e+01 -3.45567894e+01  5.69e-02   3.93e-02     1.57e-03   859.312s
4026000 -3.46135451e+01 -3.45571236e+01  5.64e-02   6.07e-02     1.58e-03   859.524s
4027000 -3.46133826e+01 -3.45575098e+01  5.59e-02   2.21e-01     1.59e-03   859.736s
4028000 -3.46132223e+01 -3.45576099e+01  5.56e-02   1.37e-01     1.59e-03   859.948s
4029000 -3.46130703e+01 -3.45572326e+01  5.58e-02   7.03e-02     1.58e-03   860.160s
4030000 -3.46129110e+01 -3.45564660e+01  5.64e-02   1.93e-02     1.59e-03   860.372s
4031000 -3.46127396e+01 -3.45554345e+01  5.73e-02   2.14e-02     1.59e-03   860.584s
4032000 -3.46125693e+01 -3.45545145e+01  5.81e-02   1.46e-01     1.58e-03   860.796s
4033000 -3.46124030e+01 -3.45539962e+01  5.84e-02   1.20e-01     1.57e-03   861.008s
4034000 -3.46122224e+01 -3.45539804e+01  5.82e-02   8.53e-02     1.57e-03   861.220s
4035000 -3.46120523e+01 -3.45544781e+01  5.76e-02   1.07e-01     1.57e-03   861.432s
4036000 -3.46118697e+01 -3.45549790e+01  5.69e-02   9.96e-02     1.59e-03   861.644s
4037000 -3.46116902e+01 -3.45550648e+01  5.66e-02   7.86e-02     1.61e-03   861.856s
4038000 -3.46115178e+01 -3.45550921e+01  5.64e-02   5.70e-02     1.61e-03   862.069s
4039000 -3.46113329e+01 -3.45552312e+01  5.61e-02   5.21e-02     1.62e-03   862.281s
4040000 -3.46111501e+01 -3.45553391e+01  5.58e-02   3.62e-02     1.62e-03   862.492s
4041000 -3.46109684e+01 -3.45557468e+01  5.52e-02   1.01e-01     1.61e-03   862.704s
4042000 -3.46107844e+01 -3.45561095e+01  5.47e-02   8.75e-02     1.62e-03   862.917s
4043000 -3.46106126e+01 -3.45559997e+01  5.46e-02   1.00e-01     1.62e-03   863.129s
4044000 -3.46104412e+01 -3.45556171e+01  5.48e-02   2.84e-02     1.62e-03   863.341s
4045000 -3.46102748e+01 -3.45549186e+01  5.54e-02   2.43e-02     1.64e-03   863.553s
4046000 -3.46101093e+01 -3.45542866e+01  5.58e-02   2.51e-02     1.63e-03   863.765s
4047000 -3.46099339e+01 -3.45536986e+01  5.62e-02   7.03e-02     1.65e-03   863.978s
4048000 -3.46097537e+01 -3.45533940e+01  5.64e-02   5.65e-02     1.65e-03   864.190s
4049000 -3.46095611e+01 -3.45532277e+01  5.63e-02   7.06e-02     1.64e-03   864.402s
4050000 -3.46093783e+01 -3.45534415e+01  5.59e-02   8.73e-02     1.64e-03   864.614s
4051000 -3.46091925e+01 -3.45537707e+01  5.54e-02   1.23e-01     1.62e-03   864.826s
4052000 -3.46090118e+01 -3.45537380e+01  5.53e-02   2.12e-02     1.61e-03   865.038s
4053000 -3.46088266e+01 -3.45535505e+01  5.53e-02   3.45e-02     1.60e-03   865.250s
4054000 -3.46086350e+01 -3.45534221e+01  5.52e-02   4.17e-02     1.57e-03   865.463s
4055000 -3.46084301e+01 -3.45534372e+01  5.50e-02   1.19e-01     1.55e-03   865.675s
4056000 -3.46082348e+01 -3.45535716e+01  5.47e-02   1.91e-01     1.53e-03   865.887s
4057000 -3.46080311e+01 -3.45536276e+01  5.44e-02   7.87e-02     1.50e-03   866.099s
4058000 -3.46078353e+01 -3.45535954e+01  5.42e-02   1.51e-01     1.49e-03   866.312s
4059000 -3.46076496e+01 -3.45536581e+01  5.40e-02   7.11e-02     1.48e-03   866.524s
4060000 -3.46074752e+01 -3.45538528e+01  5.36e-02   9.50e-02     1.46e-03   866.736s
4061000 -3.46073006e+01 -3.45538672e+01  5.34e-02   9.76e-02     1.45e-03   866.949s
4062000 -3.46071147e+01 -3.45537869e+01  5.33e-02   5.72e-02     1.44e-03   867.161s
4063000 -3.46069365e+01 -3.45536828e+01  5.33e-02   1.14e-01     1.43e-03   867.373s
4064000 -3.46067428e+01 -3.45534805e+01  5.33e-02   3.40e-02     1.44e-03   867.585s
4065000 -3.46065579e+01 -3.45535223e+01  5.30e-02   9.29e-02     1.44e-03   867.798s
4066000 -3.46063589e+01 -3.45536167e+01  5.27e-02   1.54e-01     1.45e-03   868.010s
4067000 -3.46061663e+01 -3.45537794e+01  5.24e-02   7.71e-02     1.46e-03   868.222s
4068000 -3.46059610e+01 -3.45536997e+01  5.23e-02   9.36e-02     1.48e-03   868.434s
4069000 -3.46057524e+01 -3.45535908e+01  5.22e-02   6.15e-02     1.49e-03   868.646s
4070000 -3.46055455e+01 -3.45537570e+01  5.18e-02   1.92e-02     1.50e-03   868.858s
4071000 -3.46053339e+01 -3.45538880e+01  5.14e-02   8.37e-02     1.50e-03   869.070s
4072000 -3.46051253e+01 -3.45537783e+01  5.13e-02   6.58e-02     1.50e-03   869.281s
4073000 -3.46049213e+01 -3.45537655e+01  5.12e-02   2.29e-02     1.48e-03   869.494s
4074000 -3.46047085e+01 -3.45537744e+01  5.09e-02   7.74e-02     1.48e-03   869.706s
4075000 -3.46045000e+01 -3.45536573e+01  5.08e-02   5.34e-02     1.48e-03   869.918s
4076000 -3.46042951e+01 -3.45535128e+01  5.08e-02   3.90e-02     1.51e-03   870.131s
4077000 -3.46041021e+01 -3.45532124e+01  5.09e-02   4.17e-02     1.53e-03   870.343s
4078000 -3.46039429e+01 -3.45529256e+01  5.10e-02   6.71e-02     1.56e-03   870.555s
4079000 -3.46037950e+01 -3.45531000e+01  5.07e-02   9.02e-02     1.58e-03   870.767s
4080000 -3.46036286e+01 -3.45534505e+01  5.02e-02   7.86e-02     1.57e-03   870.979s
4081000 -3.46034246e+01 -3.45535902e+01  4.98e-02   1.28e-01     1.57e-03   871.191s
4082000 -3.46032096e+01 -3.45531550e+01  5.01e-02   1.28e-02     1.59e-03   871.403s
4083000 -3.46030082e+01 -3.45524847e+01  5.05e-02   1.99e-01     1.60e-03   871.615s
4084000 -3.46028295e+01 -3.45523504e+01  5.05e-02   1.57e-01     1.64e-03   871.827s
4085000 -3.46026315e+01 -3.45528655e+01  4.98e-02   5.90e-02     1.64e-03   872.040s
4086000 -3.46024291e+01 -3.45532392e+01  4.92e-02   5.32e-02     1.64e-03   872.252s
4087000 -3.46022383e+01 -3.45532126e+01  4.90e-02   4.39e-02     1.65e-03   872.464s
4088000 -3.46020493e+01 -3.45526820e+01  4.94e-02   4.90e-02     1.67e-03   872.676s
4089000 -3.46018623e+01 -3.45517545e+01  5.01e-02   2.08e-02     1.70e-03   872.888s
4090000 -3.46016744e+01 -3.45515042e+01  5.02e-02   9.32e-02     1.71e-03   873.100s
4091000 -3.46014854e+01 -3.45517388e+01  4.97e-02   7.90e-02     1.70e-03   873.312s
4092000 -3.46012997e+01 -3.45522107e+01  4.91e-02   2.78e-02     1.70e-03   873.524s
4093000 -3.46011133e+01 -3.45524931e+01  4.86e-02   1.88e-01     1.70e-03   873.736s
4094000 -3.46009200e+01 -3.45522624e+01  4.87e-02   1.05e-01     1.69e-03   873.948s
4095000 -3.46007254e+01 -3.45519507e+01  4.88e-02   2.87e-02     1.69e-03   874.160s
4096000 -3.46005319e+01 -3.45516739e+01  4.89e-02   9.62e-02     1.68e-03   874.373s
4097000 -3.46003459e+01 -3.45518432e+01  4.85e-02   1.71e-01     1.67e-03   874.585s
4098000 -3.46001411e+01 -3.45523471e+01  4.78e-02   1.12e-01     1.62e-03   874.798s
4099000 -3.45999538e+01 -3.45531070e+01  4.68e-02   2.74e-02     1.59e-03   875.010s
4100000 -3.45997723e+01 -3.45536451e+01  4.61e-02   9.81e-02     1.57e-03   875.222s
4101000 -3.45996095e+01 -3.45536034e+01  4.60e-02   7.80e-02     1.56e-03   875.434s
4102000 -3.45994359e+01 -3.45532347e+01  4.62e-02   1.02e-01     1.55e-03   875.646s
4103000 -3.45992409e+01 -3.45527753e+01  4.65e-02   1.18e-02     1.54e-03   875.859s
4104000 -3.45990602e+01 -3.45523269e+01  4.67e-02   5.23e-02     1.53e-03   876.071s
4105000 -3.45988670e+01 -3.45523084e+01  4.66e-02   3.60e-02     1.53e-03   876.283s
4106000 -3.45986768e+01 -3.45521578e+01  4.65e-02   6.93e-02     1.52e-03   876.495s
4107000 -3.45984762e+01 -3.45520339e+01  4.64e-02   7.64e-02     1.51e-03   876.707s
4108000 -3.45982775e+01 -3.45518008e+01  4.65e-02   8.03e-02     1.51e-03   876.919s
4109000 -3.45980878e+01 -3.45519855e+01  4.61e-02   5.14e-02     1.51e-03   877.131s
4110000 -3.45979101e+01 -3.45523980e+01  4.55e-02   7.30e-02     1.51e-03   877.343s
4111000 -3.45977342e+01 -3.45530899e+01  4.46e-02   9.90e-02     1.51e-03   877.555s
4112000 -3.45975575e+01 -3.45534805e+01  4.41e-02   4.83e-02     1.51e-03   877.767s
4113000 -3.45973843e+01 -3.45537097e+01  4.37e-02   4.21e-02     1.51e-03   877.979s
4114000 -3.45972041e+01 -3.45535994e+01  4.36e-02   1.53e-01     1.52e-03   878.192s
4115000 -3.45970218e+01 -3.45530913e+01  4.39e-02   9.86e-02     1.53e-03   878.404s
4116000 -3.45968313e+01 -3.45526759e+01  4.42e-02   1.01e-01     1.53e-03   878.616s
4117000 -3.45966354e+01 -3.45527927e+01  4.38e-02   8.80e-02     1.55e-03   878.828s
4118000 -3.45964292e+01 -3.45527669e+01  4.37e-02   2.98e-02     1.55e-03   879.040s
4119000 -3.45962299e+01 -3.45522231e+01  4.40e-02   6.80e-02     1.55e-03   879.252s
4120000 -3.45960409e+01 -3.45517568e+01  4.43e-02   1.02e-01     1.53e-03   879.464s
4121000 -3.45958604e+01 -3.45519837e+01  4.39e-02   1.39e-01     1.49e-03   879.676s
4122000 -3.45956710e+01 -3.45522328e+01  4.34e-02   1.03e-01     1.48e-03   879.888s
4123000 -3.45954869e+01 -3.45527479e+01  4.27e-02   5.43e-02     1.47e-03   880.100s
4124000 -3.45953168e+01 -3.45529958e+01  4.23e-02   1.34e-01     1.45e-03   880.312s
4125000 -3.45952453e+01 -3.45538210e+01  4.14e-02   5.33e-02     1.44e-03   880.524s
4126000 -3.45950003e+01 -3.45545884e+01  4.04e-02   3.97e-02     1.44e-03   880.736s
4127000 -3.45948779e+01 -3.45540136e+01  4.09e-02   2.24e-01     1.44e-03   880.948s
4128000 -3.45946770e+01 -3.45536084e+01  4.11e-02   1.67e-01     1.45e-03   881.160s
4129000 -3.45945091e+01 -3.45530395e+01  4.15e-02   3.10e-01     1.45e-03   881.373s
4130000 -3.45943364e+01 -3.45532096e+01  4.11e-02   1.65e-01     1.45e-03   881.584s
4131000 -3.45941595e+01 -3.45538766e+01  4.03e-02   2.91e-01     1.46e-03   881.797s
4132000 -3.45939883e+01 -3.45537587e+01  4.02e-02   1.09e-01     1.45e-03   882.009s
4133000 -3.45938361e+01 -3.45532031e+01  4.06e-02   9.43e-02     1.45e-03   882.221s
4134000 -3.45936677e+01 -3.45522113e+01  4.15e-02   1.87e-01     1.45e-03   882.433s
4135000 -3.45934970e+01 -3.45513377e+01  4.22e-02   3.13e-02     1.46e-03   882.645s
4136000 -3.45933129e+01 -3.45514913e+01  4.18e-02   2.08e-02     1.46e-03   882.857s
4137000 -3.45931339e+01 -3.45522762e+01  4.09e-02   5.29e-02     1.47e-03   883.069s
4138000 -3.45929670e+01 -3.45533363e+01  3.96e-02   1.16e-01     1.47e-03   883.281s
4139000 -3.45927877e+01 -3.45539546e+01  3.88e-02   7.09e-02     1.47e-03   883.493s
4140000 -3.45926213e+01 -3.45540603e+01  3.86e-02   3.56e-02     1.46e-03   883.705s
4141000 -3.45924356e+01 -3.45541942e+01  3.82e-02   5.27e-02     1.46e-03   883.917s
4142000 -3.45922669e+01 -3.45543640e+01  3.79e-02   4.65e-02     1.45e-03   884.129s
4143000 -3.45920977e+01 -3.45544460e+01  3.77e-02   5.07e-02     1.45e-03   884.341s
4144000 -3.45919298e+01 -3.45545952e+01  3.73e-02   6.75e-02     1.45e-03   884.554s
4145000 -3.45917384e+01 -3.45545349e+01  3.72e-02   5.53e-02     1.45e-03   884.765s
4146000 -3.45915683e+01 -3.45541725e+01  3.74e-02   1.17e-01     1.46e-03   884.978s
4147000 -3.45913804e+01 -3.45536445e+01  3.77e-02   2.53e-02     1.47e-03   885.191s
4148000 -3.45911974e+01 -3.45528371e+01  3.84e-02   5.88e-02     1.48e-03   885.403s
4149000 -3.45910158e+01 -3.45524638e+01  3.86e-02   6.13e-02     1.48e-03   885.615s
4150000 -3.45908420e+01 -3.45525158e+01  3.83e-02   2.59e-01     1.48e-03   885.827s
4151000 -3.45906711e+01 -3.45527799e+01  3.79e-02   6.19e-02     1.47e-03   886.040s
4152000 -3.45904909e+01 -3.45531959e+01  3.73e-02   5.21e-02     1.47e-03   886.252s
4153000 -3.45903147e+01 -3.45532150e+01  3.71e-02   3.79e-02     1.46e-03   886.464s
4154000 -3.45901464e+01 -3.45531708e+01  3.70e-02   6.04e-02     1.45e-03   886.676s
4155000 -3.45899616e+01 -3.45531635e+01  3.68e-02   2.08e-01     1.45e-03   886.889s
4156000 -3.45897882e+01 -3.45530888e+01  3.67e-02   1.49e-01     1.44e-03   887.100s
4157000 -3.45896168e+01 -3.45532717e+01  3.63e-02   7.00e-02     1.44e-03   887.312s
4158000 -3.45894523e+01 -3.45534718e+01  3.60e-02   6.88e-02     1.44e-03   887.525s
4159000 -3.45892923e+01 -3.45536060e+01  3.57e-02   5.36e-02     1.44e-03   887.738s
4160000 -3.45891205e+01 -3.45532942e+01  3.58e-02   3.52e-02     1.44e-03   887.950s
4161000 -3.45889532e+01 -3.45528014e+01  3.62e-02   1.06e-01     1.44e-03   888.162s
4162000 -3.45887822e+01 -3.45524762e+01  3.63e-02   7.07e-02     1.44e-03   888.373s
4163000 -3.45886210e+01 -3.45523991e+01  3.62e-02   1.13e-01     1.44e-03   888.586s
4164000 -3.45884540e+01 -3.45524113e+01  3.60e-02   5.33e-02     1.44e-03   888.798s
4165000 -3.45882827e+01 -3.45526502e+01  3.56e-02   3.63e-02     1.44e-03   889.009s
4166000 -3.45881131e+01 -3.45528814e+01  3.52e-02   8.08e-02     1.44e-03   889.222s
4167000 -3.45879431e+01 -3.45529807e+01  3.50e-02   8.14e-02     1.43e-03   889.434s
4168000 -3.45877698e+01 -3.45531233e+01  3.46e-02   1.04e-01     1.43e-03   889.646s
4169000 -3.45875910e+01 -3.45533047e+01  3.43e-02   7.36e-02     1.42e-03   889.858s
4170000 -3.45874227e+01 -3.45534723e+01  3.40e-02   1.36e-02     1.42e-03   890.070s
4171000 -3.45872576e+01 -3.45536865e+01  3.36e-02   6.16e-02     1.42e-03   890.282s
4172000 -3.45870906e+01 -3.45537440e+01  3.33e-02   3.36e-02     1.42e-03   890.494s
4173000 -3.45869351e+01 -3.45538021e+01  3.31e-02   6.11e-02     1.42e-03   890.706s
4174000 -3.45867786e+01 -3.45537877e+01  3.30e-02   1.92e-02     1.42e-03   890.918s
4175000 -3.45866285e+01 -3.45534983e+01  3.31e-02   2.66e-02     1.41e-03   891.130s
4176000 -3.45864782e+01 -3.45532688e+01  3.32e-02   4.24e-02     1.41e-03   891.342s
4177000 -3.45863271e+01 -3.45530717e+01  3.33e-02   4.83e-02     1.41e-03   891.554s
4178000 -3.45861811e+01 -3.45528567e+01  3.33e-02   4.32e-02     1.41e-03   891.767s
4179000 -3.45860323e+01 -3.45528405e+01  3.32e-02   3.11e-02     1.40e-03   891.978s
4180000 -3.45858846e+01 -3.45526536e+01  3.32e-02   1.55e-02     1.40e-03   892.190s
4181000 -3.45857399e+01 -3.45526102e+01  3.31e-02   1.03e-02     1.40e-03   892.402s
4182000 -3.45855871e+01 -3.45527869e+01  3.28e-02   1.46e-02     1.40e-03   892.614s
4183000 -3.45854424e+01 -3.45530323e+01  3.24e-02   9.53e-03     1.40e-03   892.827s
4184000 -3.45853008e+01 -3.45534961e+01  3.18e-02   3.55e-02     1.40e-03   893.039s
4185000 -3.45851635e+01 -3.45537972e+01  3.14e-02   1.35e-01     1.41e-03   893.251s
4186000 -3.45850293e+01 -3.45539616e+01  3.11e-02   3.69e-02     1.41e-03   893.463s
4187000 -3.45848928e+01 -3.45539698e+01  3.09e-02   5.76e-02     1.41e-03   893.675s
4188000 -3.45847511e+01 -3.45539248e+01  3.08e-02   6.20e-02     1.42e-03   893.887s
4189000 -3.45846071e+01 -3.45541333e+01  3.05e-02   9.87e-02     1.42e-03   894.099s
4190000 -3.45844571e+01 -3.45541167e+01  3.03e-02   5.90e-02     1.41e-03   894.311s
4191000 -3.45842975e+01 -3.45539288e+01  3.04e-02   2.40e-02     1.41e-03   894.523s
4192000 -3.45841434e+01 -3.45537357e+01  3.04e-02   5.32e-02     1.41e-03   894.735s
4193000 -3.45839848e+01 -3.45536249e+01  3.04e-02   6.45e-02     1.41e-03   894.947s
4194000 -3.45838331e+01 -3.45536232e+01  3.02e-02   4.73e-02     1.41e-03   895.159s
4195000 -3.45836841e+01 -3.45538173e+01  2.99e-02   3.54e-02     1.41e-03   895.371s
4196000 -3.45835452e+01 -3.45541471e+01  2.94e-02   2.65e-02     1.41e-03   895.583s
4197000 -3.45834052e+01 -3.45543955e+01  2.90e-02   3.48e-02     1.40e-03   895.796s
4198000 -3.45832765e+01 -3.45545050e+01  2.88e-02   7.89e-03     1.40e-03   896.008s
4199000 -3.45831480e+01 -3.45545919e+01  2.86e-02   6.08e-02     1.40e-03   896.220s
4200000 -3.45830175e+01 -3.45546508e+01  2.84e-02   1.01e-01     1.40e-03   896.432s
4201000 -3.45828869e+01 -3.45547440e+01  2.81e-02   5.78e-02     1.40e-03   896.645s
4202000 -3.45827506e+01 -3.45546166e+01  2.81e-02   4.14e-02     1.40e-03   896.857s
4203000 -3.45826157e+01 -3.45543334e+01  2.83e-02   8.02e-02     1.40e-03   897.069s
4204000 -3.45824709e+01 -3.45541300e+01  2.83e-02   3.33e-02     1.39e-03   897.281s
4205000 -3.45823259e+01 -3.45539007e+01  2.84e-02   9.38e-02     1.39e-03   897.493s
4206000 -3.45821865e+01 -3.45537888e+01  2.84e-02   1.56e-01     1.38e-03   897.705s
4207000 -3.45820501e+01 -3.45538301e+01  2.82e-02   2.09e-02     1.38e-03   897.917s
4208000 -3.45819137e+01 -3.45540841e+01  2.78e-02   1.69e-02     1.37e-03   898.129s
4209000 -3.45817848e+01 -3.45544010e+01  2.74e-02   4.78e-02     1.37e-03   898.342s
4210000 -3.45816637e+01 -3.45545453e+01  2.71e-02   2.81e-02     1.37e-03   898.554s
4211000 -3.45815398e+01 -3.45546845e+01  2.69e-02   1.11e-01     1.37e-03   898.766s
4212000 -3.45814090e+01 -3.45547981e+01  2.66e-02   5.97e-02     1.37e-03   898.978s
4213000 -3.45812758e+01 -3.45550012e+01  2.63e-02   1.09e-02     1.36e-03   899.190s
4214000 -3.45811403e+01 -3.45550648e+01  2.61e-02   4.21e-02     1.36e-03   899.401s
4215000 -3.45809971e+01 -3.45548712e+01  2.61e-02   1.82e-02     1.36e-03   899.614s
4216000 -3.45808601e+01 -3.45548913e+01  2.60e-02   4.18e-02     1.36e-03   899.826s
4217000 -3.45807216e+01 -3.45549953e+01  2.57e-02   3.11e-02     1.35e-03   900.038s
4218000 -3.45805860e+01 -3.45550404e+01  2.55e-02   1.42e-02     1.35e-03   900.250s
4219000 -3.45804559e+01 -3.45550761e+01  2.54e-02   2.91e-02     1.35e-03   900.462s
4220000 -3.45803339e+01 -3.45550438e+01  2.53e-02   5.92e-02     1.35e-03   900.674s
4221000 -3.45802093e+01 -3.45549822e+01  2.52e-02   2.47e-02     1.35e-03   900.886s
4222000 -3.45800798e+01 -3.45549187e+01  2.52e-02   1.14e-02     1.35e-03   901.098s
4223000 -3.45799486e+01 -3.45549391e+01  2.50e-02   1.38e-02     1.35e-03   901.311s
4224000 -3.45798171e+01 -3.45550094e+01  2.48e-02   2.38e-02     1.35e-03   901.523s
4225000 -3.45796864e+01 -3.45551762e+01  2.45e-02   9.82e-03     1.34e-03   901.735s
4226000 -3.45795591e+01 -3.45553712e+01  2.42e-02   2.23e-02     1.34e-03   901.947s
4227000 -3.45794357e+01 -3.45555182e+01  2.39e-02   1.60e-02     1.33e-03   902.158s
4228000 -3.45793112e+01 -3.45556201e+01  2.37e-02   2.44e-02     1.33e-03   902.370s
4229000 -3.45791908e+01 -3.45556516e+01  2.35e-02   1.60e-02     1.33e-03   902.582s
4230000 -3.45790746e+01 -3.45556695e+01  2.34e-02   3.97e-02     1.33e-03   902.795s
4231000 -3.45789551e+01 -3.45557526e+01  2.32e-02   1.35e-02     1.33e-03   903.007s
4232000 -3.45788378e+01 -3.45556815e+01  2.32e-02   1.28e-02     1.33e-03   903.218s
4233000 -3.45787229e+01 -3.45556187e+01  2.31e-02   2.32e-02     1.33e-03   903.431s
4234000 -3.45786070e+01 -3.45557102e+01  2.29e-02   2.11e-02     1.33e-03   903.643s
4235000 -3.45784912e+01 -3.45559255e+01  2.26e-02   1.62e-02     1.33e-03   903.855s
4236000 -3.45783796e+01 -3.45561707e+01  2.22e-02   2.85e-02     1.33e-03   904.067s
4237000 -3.45782735e+01 -3.45563598e+01  2.19e-02   2.21e-02     1.33e-03   904.279s
4238000 -3.45781651e+01 -3.45565038e+01  2.17e-02   5.62e-02     1.33e-03   904.491s
4239000 -3.45780617e+01 -3.45566052e+01  2.15e-02   3.59e-02     1.32e-03   904.703s
4240000 -3.45779624e+01 -3.45565933e+01  2.14e-02   2.76e-02     1.32e-03   904.915s
4241000 -3.45778666e+01 -3.45564924e+01  2.14e-02   2.38e-02     1.32e-03   905.127s
4242000 -3.45777706e+01 -3.45563063e+01  2.15e-02   4.35e-02     1.32e-03   905.340s
4243000 -3.45776715e+01 -3.45563289e+01  2.13e-02   6.65e-02     1.32e-03   905.552s
4244000 -3.45775754e+01 -3.45566659e+01  2.09e-02   6.34e-02     1.32e-03   905.764s
4245000 -3.45774815e+01 -3.45573159e+01  2.02e-02   3.78e-02     1.32e-03   905.976s
4246000 -3.45773932e+01 -3.45577267e+01  1.97e-02   2.57e-02     1.32e-03   906.189s
4247000 -3.45773050e+01 -3.45575370e+01  1.98e-02   5.19e-02     1.31e-03   906.400s
4248000 -3.45772226e+01 -3.45575466e+01  1.97e-02   2.37e-02     1.31e-03   906.612s
4249000 -3.45771382e+01 -3.45570982e+01  2.00e-02   4.93e-02     1.31e-03   906.825s
4250000 -3.45770450e+01 -3.45564567e+01  2.06e-02   4.79e-02     1.30e-03   907.037s
4251000 -3.45769562e+01 -3.45564870e+01  2.05e-02   2.59e-02     1.30e-03   907.249s
4252000 -3.45768724e+01 -3.45564818e+01  2.04e-02   2.11e-02     1.31e-03   907.461s
4253000 -3.45767883e+01 -3.45563926e+01  2.04e-02   2.35e-02     1.30e-03   907.673s
4254000 -3.45765758e+01 -3.45574299e+01  1.91e-02   4.32e-02     1.30e-03   907.885s
4255000 -3.45761520e+01 -3.45580510e+01  1.81e-02   1.21e-01     1.30e-03   908.097s
4256000 -3.45762437e+01 -3.45579593e+01  1.83e-02   6.56e-02     1.30e-03   908.309s
4257000 -3.45761197e+01 -3.45580976e+01  1.80e-02   8.41e-02     1.30e-03   908.521s
4258000 -3.45762525e+01 -3.45573618e+01  1.89e-02   3.41e-02     1.30e-03   908.733s
4259000 -3.45758888e+01 -3.45575961e+01  1.83e-02   2.61e-02     1.30e-03   908.946s
4260000 -3.45760277e+01 -3.45577434e+01  1.83e-02   7.95e-02     1.30e-03   909.157s
4261000 -3.45760402e+01 -3.45582415e+01  1.78e-02   3.80e-02     1.31e-03   909.370s
4262000 -3.45758282e+01 -3.45584589e+01  1.74e-02   5.36e-02     1.32e-03   909.582s
4263000 -3.45759666e+01 -3.45587328e+01  1.72e-02   5.96e-02     1.32e-03   909.794s
4264000 -3.45758608e+01 -3.45589489e+01  1.69e-02   3.72e-02     1.32e-03   910.006s
4265000 -3.45757411e+01 -3.45583905e+01  1.74e-02   6.62e-02     1.31e-03   910.218s
4266000 -3.45756144e+01 -3.45586688e+01  1.69e-02   4.50e-02     1.30e-03   910.430s
4267000 -3.45756109e+01 -3.45590759e+01  1.65e-02   6.74e-02     1.28e-03   910.642s
4268000 -3.45755042e+01 -3.45590400e+01  1.65e-02   7.29e-02     1.27e-03   910.854s
4269000 -3.45755482e+01 -3.45591794e+01  1.64e-02   3.49e-02     1.27e-03   911.066s
4270000 -3.45752956e+01 -3.45596068e+01  1.57e-02   3.01e-02     1.27e-03   911.278s
4271000 -3.45754768e+01 -3.45597116e+01  1.58e-02   4.16e-02     1.27e-03   911.490s
4272000 -3.45752751e+01 -3.45595471e+01  1.57e-02   9.72e-02     1.27e-03   911.702s
4273000 -3.45753613e+01 -3.45597348e+01  1.56e-02   5.21e-02     1.27e-03   911.915s
4274000 -3.45753139e+01 -3.45596395e+01  1.57e-02   8.30e-02     1.26e-03   912.127s
4275000 -3.45752606e+01 -3.45598831e+01  1.54e-02   9.07e-02     1.25e-03   912.339s
4276000 -3.45752151e+01 -3.45601870e+01  1.50e-02   5.13e-02     1.24e-03   912.551s
4277000 -3.45751704e+01 -3.45600306e+01  1.51e-02   4.31e-02     1.23e-03   912.763s
4278000 -3.45751252e+01 -3.45598258e+01  1.53e-02   2.13e-02     1.22e-03   912.974s
4279000 -3.45750897e+01 -3.45606308e+01  1.45e-02   4.41e-02     1.21e-03   913.187s
4280000 -3.45750614e+01 -3.45613753e+01  1.37e-02   1.09e-01     1.21e-03   913.399s
4281000 -3.45750268e+01 -3.45609060e+01  1.41e-02   2.60e-01     1.21e-03   913.611s
4282000 -3.45749917e+01 -3.45606556e+01  1.43e-02   1.64e-01     1.22e-03   913.823s
4283000 -3.45749596e+01 -3.45613174e+01  1.36e-02   6.31e-02     1.21e-03   914.035s
4284000 -3.45749320e+01 -3.45620333e+01  1.29e-02   8.07e-02     1.21e-03   914.247s
4285000 -3.45749080e+01 -3.45621450e+01  1.28e-02   5.40e-02     1.21e-03   914.460s
4286000 -3.45748752e+01 -3.45625456e+01  1.23e-02   4.51e-02     1.21e-03   914.672s
4287000 -3.45748486e+01 -3.45624852e+01  1.24e-02   1.42e-01     1.22e-03   914.884s
4288000 -3.45748241e+01 -3.45625781e+01  1.22e-02   6.58e-02     1.22e-03   915.096s
4289000 -3.45747898e+01 -3.45628143e+01  1.20e-02   1.09e-01     1.21e-03   915.308s
4290000 -3.45747724e+01 -3.45630221e+01  1.18e-02   4.36e-01     1.21e-03   915.520s
4291000 -3.45747504e+01 -3.45624193e+01  1.23e-02   1.13e-01     1.20e-03   915.733s
4292000 -3.45747236e+01 -3.45627549e+01  1.20e-02   1.96e-01     1.20e-03   915.945s
4293000 -3.45747031e+01 -3.45625980e+01  1.21e-02   8.84e-02     1.20e-03   916.157s
4294000 -3.45746986e+01 -3.45632232e+01  1.15e-02   1.80e-01     1.19e-03   916.369s
4295000 -3.45746741e+01 -3.45632822e+01  1.14e-02   7.26e-02     1.19e-03   916.581s
4296000 -3.45746543e+01 -3.45636936e+01  1.10e-02   1.41e-01     1.18e-03   916.794s
4297000 -3.45746500e+01 -3.45635394e+01  1.11e-02   1.27e-01     1.18e-03   917.006s
4298000 -3.45746457e+01 -3.45632103e+01  1.14e-02   1.17e-01     1.18e-03   917.218s
4299000 -3.45746380e+01 -3.45642970e+01  1.03e-02   2.09e-01     1.17e-03   917.430s
4300000 -3.45746367e+01 -3.45625678e+01  1.21e-02   1.80e-01     1.17e-03   917.642s
4301000 -3.45746221e+01 -3.45631967e+01  1.14e-02   4.36e-02     1.17e-03   917.854s
4302000 -3.45746198e+01 -3.45636280e+01  1.10e-02   1.75e-01     1.16e-03   918.066s
4303000 -3.45746217e+01 -3.45638995e+01  1.07e-02   1.18e-01     1.16e-03   918.278s
4304000 -3.45746178e+01 -3.45637434e+01  1.09e-02   5.36e-02     1.16e-03   918.490s
4305000 -3.45746172e+01 -3.45645559e+01  1.01e-02   1.00e-01     1.16e-03   918.702s
4306000 -3.45746324e+01 -3.45641046e+01  1.05e-02   3.83e-02     1.15e-03   918.914s
4307000 -3.45746210e+01 -3.45632893e+01  1.13e-02   1.83e-01     1.15e-03   919.126s
4308000 -3.45746409e+01 -3.45642389e+01  1.04e-02   3.76e-01     1.14e-03   919.338s
4309000 -3.45746429e+01 -3.45650237e+01  9.62e-03   6.86e-02     1.14e-03   919.550s
4310000 -3.45746491e+01 -3.45653191e+01  9.33e-03   8.70e-02     1.15e-03   919.762s
4311000 -3.45746609e+01 -3.45648083e+01  9.85e-03   1.70e-01     1.14e-03   919.974s
4312000 -3.45746792e+01 -3.45642610e+01  1.04e-02   2.47e-01     1.14e-03   920.186s
4313000 -3.45746898e+01 -3.45642087e+01  1.05e-02   1.04e-01     1.14e-03   920.398s
4314000 -3.45747076e+01 -3.45651384e+01  9.57e-03   7.76e-02     1.14e-03   920.611s
4315000 -3.45747245e+01 -3.45646341e+01  1.01e-02   7.88e-02     1.14e-03   920.823s
4316000 -3.45747441e+01 -3.45651752e+01  9.57e-03   1.92e-01     1.13e-03   921.035s
4317000 -3.45747701e+01 -3.45652232e+01  9.55e-03   1.42e-01     1.14e-03   921.247s
4318000 -3.45747893e+01 -3.45650010e+01  9.79e-03   8.27e-02     1.14e-03   921.459s
4319000 -3.45748142e+01 -3.45655125e+01  9.30e-03   9.36e-02     1.13e-03   921.671s
4320000 -3.45748404e+01 -3.45658147e+01  9.03e-03   1.06e-01     1.14e-03   921.884s
4321000 -3.45748677e+01 -3.45653875e+01  9.48e-03   1.58e-01     1.13e-03   922.096s
4322000 -3.45748969e+01 -3.45658961e+01  9.00e-03   1.37e-01     1.13e-03   922.308s
4323000 -3.45749278e+01 -3.45655472e+01  9.38e-03   1.87e-02     1.13e-03   922.519s
4324000 -3.45749549e+01 -3.45652775e+01  9.68e-03   1.61e-01     1.14e-03   922.732s
4325000 -3.45749887e+01 -3.45658423e+01  9.15e-03   6.48e-02     1.13e-03   922.944s
4326000 -3.45750270e+01 -3.45658755e+01  9.15e-03   3.83e-02     1.13e-03   923.156s
4327000 -3.45750667e+01 -3.45660857e+01  8.98e-03   1.67e-01     1.13e-03   923.368s
4328000 -3.45750992e+01 -3.45660791e+01  9.02e-03   1.38e-01     1.13e-03   923.581s
4329000 -3.45751352e+01 -3.45658718e+01  9.26e-03   3.10e-02     1.12e-03   923.793s
4330000 -3.45751745e+01 -3.45662812e+01  8.89e-03   5.38e-02     1.13e-03   924.005s
4331000 -3.45752191e+01 -3.45664298e+01  8.79e-03   1.49e-01     1.13e-03   924.217s
4332000 -3.45752585e+01 -3.45660507e+01  9.21e-03   1.43e-01     1.13e-03   924.429s
4333000 -3.45752996e+01 -3.45666931e+01  8.61e-03   4.02e-02     1.13e-03   924.641s
4334000 -3.45753472e+01 -3.45664198e+01  8.93e-03   3.35e-02     1.13e-03   924.852s
4335000 -3.45753905e+01 -3.45662096e+01  9.18e-03   5.35e-02     1.13e-03   925.065s
4336000 -3.45754354e+01 -3.45668665e+01  8.57e-03   6.20e-02     1.13e-03   925.277s
4337000 -3.45754822e+01 -3.45667888e+01  8.69e-03   3.14e-02     1.13e-03   925.489s
4338000 -3.45755313e+01 -3.45667013e+01  8.83e-03   5.16e-02     1.13e-03   925.701s
4339000 -3.45755820e+01 -3.45667276e+01  8.85e-03   1.30e-01     1.13e-03   925.913s
4340000 -3.45756313e+01 -3.45666555e+01  8.98e-03   2.39e-01     1.14e-03   926.125s
4341000 -3.45756808e+01 -3.45667132e+01  8.97e-03   1.33e-01     1.14e-03   926.337s
4342000 -3.45757313e+01 -3.45670318e+01  8.70e-03   9.76e-02     1.13e-03   926.549s
4343000 -3.45757848e+01 -3.45669902e+01  8.79e-03   9.87e-03     1.13e-03   926.761s
4344000 -3.45758356e+01 -3.45668502e+01  8.99e-03   2.17e-02     1.13e-03   926.973s
4345000 -3.45758879e+01 -3.45668560e+01  9.03e-03   8.31e-02     1.13e-03   927.186s
4346000 -3.45759422e+01 -3.45669777e+01  8.96e-03   1.48e-01     1.13e-03   927.398s
4347000 -3.45759936e+01 -3.45671691e+01  8.82e-03   1.55e-02     1.13e-03   927.610s
4348000 -3.45760501e+01 -3.45672326e+01  8.82e-03   6.79e-02     1.13e-03   927.822s
4349000 -3.45761052e+01 -3.45673388e+01  8.77e-03   6.32e-02     1.13e-03   928.034s
4350000 -3.45761609e+01 -3.45672950e+01  8.87e-03   3.14e-02     1.14e-03   928.247s
4351000 -3.45762148e+01 -3.45671756e+01  9.04e-03   3.25e-02     1.14e-03   928.459s
4352000 -3.45762310e+01 -3.45678427e+01  8.39e-03   2.90e-01     1.11e-03   928.672s
4353000 -3.45761692e+01 -3.45679144e+01  8.25e-03   2.16e-01     1.09e-03   928.884s
4354000 -3.45761000e+01 -3.45680353e+01  8.06e-03   1.48e-01     1.09e-03   929.096s
4355000 -3.45760367e+01 -3.45680541e+01  7.98e-03   3.54e-02     1.09e-03   929.308s
4356000 -3.45759744e+01 -3.45681224e+01  7.85e-03   8.92e-02     1.09e-03   929.520s
4357000 -3.45759115e+01 -3.45681293e+01  7.78e-03   3.84e-02     1.09e-03   929.732s
4358000 -3.45758487e+01 -3.45681468e+01  7.70e-03   9.02e-02     1.09e-03   929.944s
4359000 -3.45757869e+01 -3.45681391e+01  7.65e-03   2.68e-02     1.09e-03   930.156s
4360000 -3.45757255e+01 -3.45681610e+01  7.56e-03   2.59e-02     1.09e-03   930.368s
4361000 -3.45756651e+01 -3.45681750e+01  7.49e-03   2.60e-02     1.09e-03   930.579s
4362000 -3.45756034e+01 -3.45681924e+01  7.41e-03   1.62e-02     1.09e-03   930.792s
4363000 -3.45755434e+01 -3.45681768e+01  7.37e-03   4.30e-02     1.09e-03   931.003s
4364000 -3.45754839e+01 -3.45682022e+01  7.28e-03   1.84e-02     1.09e-03   931.215s
4365000 -3.45754245e+01 -3.45682238e+01  7.20e-03   9.78e-03     1.09e-03   931.428s
4366000 -3.45753651e+01 -3.45682342e+01  7.13e-03   3.04e-02     1.09e-03   931.640s
4367000 -3.45753073e+01 -3.45682570e+01  7.05e-03   8.83e-03     1.09e-03   931.852s
4368000 -3.45752494e+01 -3.45682934e+01  6.96e-03   1.98e-02     1.09e-03   932.064s
4369000 -3.45751920e+01 -3.45683081e+01  6.88e-03   2.47e-02     1.09e-03   932.276s
4370000 -3.45751357e+01 -3.45683152e+01  6.82e-03   1.68e-02     1.09e-03   932.488s
4371000 -3.45750795e+01 -3.45683355e+01  6.74e-03   1.95e-02     1.09e-03   932.700s
4372000 -3.45750240e+01 -3.45683465e+01  6.68e-03   1.78e-02     1.09e-03   932.912s
4373000 -3.45749693e+01 -3.45683578e+01  6.61e-03   7.79e-03     1.09e-03   933.124s
4374000 -3.45749156e+01 -3.45683738e+01  6.54e-03   1.02e-02     1.09e-03   933.336s
4375000 -3.45748625e+01 -3.45683989e+01  6.46e-03   2.53e-02     1.09e-03   933.549s
4376000 -3.45748098e+01 -3.45684247e+01  6.39e-03   2.31e-02     1.09e-03   933.761s
4377000 -3.45747580e+01 -3.45684518e+01  6.31e-03   7.97e-03     1.09e-03   933.973s
4378000 -3.45747073e+01 -3.45684716e+01  6.24e-03   5.21e-03     1.09e-03   934.186s
4379000 -3.45746579e+01 -3.45685122e+01  6.15e-03   3.30e-02     1.09e-03   934.398s
4380000 -3.45746085e+01 -3.45685617e+01  6.05e-03   3.03e-02     1.09e-03   934.610s
4381000 -3.45745608e+01 -3.45685731e+01  5.99e-03   2.41e-03     1.09e-03   934.822s
4382000 -3.45745131e+01 -3.45685741e+01  5.94e-03   1.77e-02     1.09e-03   935.033s
4383000 -3.45744676e+01 -3.45686308e+01  5.84e-03   1.28e-02     1.09e-03   935.246s
4384000 -3.45744223e+01 -3.45686345e+01  5.79e-03   1.60e-02     1.09e-03   935.459s
4385000 -3.45743783e+01 -3.45686633e+01  5.72e-03   2.10e-02     1.09e-03   935.671s
4386000 -3.45743356e+01 -3.45686951e+01  5.64e-03   2.16e-02     1.09e-03   935.883s
4387000 -3.45742932e+01 -3.45687144e+01  5.58e-03   3.30e-02     1.10e-03   936.095s
4388000 -3.45742527e+01 -3.45687465e+01  5.51e-03   7.09e-02     1.10e-03   936.307s
4389000 -3.45742124e+01 -3.45687439e+01  5.47e-03   5.88e-02     1.10e-03   936.519s
4390000 -3.45741742e+01 -3.45687741e+01  5.40e-03   5.49e-02     1.10e-03   936.732s
4391000 -3.45741332e+01 -3.45688252e+01  5.31e-03   3.28e-02     1.10e-03   936.943s
4392000 -3.45740987e+01 -3.45688415e+01  5.26e-03   3.53e-02     1.10e-03   937.156s
4393000 -3.45740595e+01 -3.45688337e+01  5.23e-03   1.47e-02     1.10e-03   937.367s
4394000 -3.45740257e+01 -3.45688805e+01  5.15e-03   6.38e-02     1.10e-03   937.579s
4395000 -3.45739907e+01 -3.45688590e+01  5.13e-03   2.36e-02     1.10e-03   937.791s
4396000 -3.45739583e+01 -3.45689149e+01  5.04e-03   6.42e-02     1.10e-03   938.004s
4397000 -3.45739246e+01 -3.45689857e+01  4.94e-03   1.49e-02     1.10e-03   938.216s
4398000 -3.45738956e+01 -3.45689918e+01  4.90e-03   2.23e-01     1.10e-03   938.428s
4399000 -3.45738587e+01 -3.45690335e+01  4.83e-03   2.89e-01     1.11e-03   938.640s
4400000 -3.45738184e+01 -3.45690502e+01  4.77e-03   3.87e-01     1.11e-03   938.852s
4401000 -3.45737891e+01 -3.45687293e+01  5.06e-03   2.26e-01     1.11e-03   939.064s
4402000 -3.45737572e+01 -3.45688794e+01  4.88e-03   3.71e-01     1.11e-03   939.277s
4403000 -3.45737270e+01 -3.45692336e+01  4.49e-03   1.94e-01     1.11e-03   939.488s
4404000 -3.45736953e+01 -3.45691135e+01  4.58e-03   1.25e-01     1.12e-03   939.700s
4405000 -3.45736631e+01 -3.45691521e+01  4.51e-03   1.20e-01     1.12e-03   939.913s
4406000 -3.45736369e+01 -3.45693364e+01  4.30e-03   4.35e-02     1.12e-03   940.125s
4407000 -3.45736159e+01 -3.45692720e+01  4.34e-03   2.04e-01     1.12e-03   940.337s
4408000 -3.45735873e+01 -3.45692664e+01  4.32e-03   4.37e-02     1.12e-03   940.549s
4409000 -3.45735623e+01 -3.45694328e+01  4.13e-03   1.15e-02     1.12e-03   940.762s
4410000 -3.45735403e+01 -3.45693615e+01  4.18e-03   5.44e-02     1.11e-03   940.974s
4411000 -3.45735120e+01 -3.45694793e+01  4.03e-03   1.27e-01     1.11e-03   941.186s
4412000 -3.45734904e+01 -3.45696379e+01  3.85e-03   3.78e-02     1.10e-03   941.398s
4413000 -3.45734701e+01 -3.45695108e+01  3.96e-03   3.75e-02     1.10e-03   941.610s
4414000 -3.45734450e+01 -3.45697705e+01  3.67e-03   7.86e-02     1.10e-03   941.822s
4415000 -3.45734261e+01 -3.45699344e+01  3.49e-03   1.67e-01     1.10e-03   942.034s
4416000 -3.45734038e+01 -3.45696893e+01  3.71e-03   9.80e-02     1.10e-03   942.247s
4417000 -3.45733850e+01 -3.45698048e+01  3.58e-03   1.36e-01     1.10e-03   942.459s
4418000 -3.45733672e+01 -3.45698919e+01  3.48e-03   1.50e-01     1.10e-03   942.672s
4419000 -3.45733502e+01 -3.45697836e+01  3.57e-03   1.34e-01     1.11e-03   942.884s
4420000 -3.45733375e+01 -3.45698990e+01  3.44e-03   7.50e-02     1.11e-03   943.096s
4421000 -3.45733237e+01 -3.45701147e+01  3.21e-03   3.55e-02     1.11e-03   943.308s
4422000 -3.45733111e+01 -3.45700486e+01  3.26e-03   1.28e-01     1.11e-03   943.520s
4423000 -3.45732973e+01 -3.45701487e+01  3.15e-03   9.95e-02     1.11e-03   943.732s
4424000 -3.45732881e+01 -3.45702210e+01  3.07e-03   1.37e-01     1.12e-03   943.944s
4425000 -3.45732811e+01 -3.45701233e+01  3.16e-03   2.13e-01     1.12e-03   944.156s
4426000 -3.45732774e+01 -3.45702592e+01  3.02e-03   2.46e-01     1.12e-03   944.368s
4427000 -3.45732743e+01 -3.45701770e+01  3.10e-03   3.82e-02     1.12e-03   944.580s
4428000 -3.45732683e+01 -3.45702901e+01  2.98e-03   5.79e-02     1.12e-03   944.793s
4429000 -3.45732683e+01 -3.45703383e+01  2.93e-03   7.53e-02     1.12e-03   945.004s
4430000 -3.45732703e+01 -3.45704483e+01  2.82e-03   2.77e-01     1.12e-03   945.217s
4431000 -3.45732672e+01 -3.45704227e+01  2.84e-03   1.81e-01     1.12e-03   945.429s
4432000 -3.45732668e+01 -3.45704163e+01  2.85e-03   5.67e-02     1.12e-03   945.641s
4433000 -3.45732667e+01 -3.45704407e+01  2.83e-03   8.55e-02     1.12e-03   945.853s
4434000 -3.45732710e+01 -3.45704317e+01  2.84e-03   1.54e-02     1.12e-03   946.065s
4435000 -3.45732751e+01 -3.45705422e+01  2.73e-03   1.12e-01     1.12e-03   946.277s
4436000 -3.45732819e+01 -3.45706164e+01  2.67e-03   1.22e-01     1.12e-03   946.489s
4437000 -3.45732854e+01 -3.45706149e+01  2.67e-03   1.26e-01     1.12e-03   946.701s
4438000 -3.45732949e+01 -3.45705908e+01  2.70e-03   1.56e-01     1.12e-03   946.913s
4439000 -3.45733055e+01 -3.45706836e+01  2.62e-03   4.31e-02     1.12e-03   947.125s
4440000 -3.45733168e+01 -3.45706283e+01  2.69e-03   1.86e-01     1.12e-03   947.337s
4441000 -3.45733298e+01 -3.45708220e+01  2.51e-03   1.24e-01     1.12e-03   947.550s
4442000 -3.45733466e+01 -3.45707877e+01  2.56e-03   4.05e-02     1.12e-03   947.762s
4443000 -3.45733617e+01 -3.45708538e+01  2.51e-03   5.92e-02     1.13e-03   947.975s
4444000 -3.45733807e+01 -3.45708634e+01  2.52e-03   6.88e-02     1.13e-03   948.187s
4445000 -3.45733997e+01 -3.45707743e+01  2.63e-03   8.69e-02     1.13e-03   948.399s
4446000 -3.45734170e+01 -3.45708081e+01  2.61e-03   3.09e-02     1.14e-03   948.611s
4447000 -3.45734378e+01 -3.45709981e+01  2.44e-03   3.41e-02     1.14e-03   948.823s
4448000 -3.45734562e+01 -3.45708804e+01  2.58e-03   1.03e-01     1.14e-03   949.035s
4449000 -3.45734798e+01 -3.45710237e+01  2.46e-03   3.20e-02     1.14e-03   949.247s
4450000 -3.45734974e+01 -3.45712776e+01  2.22e-03   1.08e-01     1.15e-03   949.460s
4451000 -3.45735162e+01 -3.45715097e+01  2.01e-03   7.41e-02     1.14e-03   949.672s
4452000 -3.45735301e+01 -3.45717691e+01  1.76e-03   1.11e-01     1.13e-03   949.884s
4453000 -3.45735548e+01 -3.45720344e+01  1.52e-03   1.61e-01     1.13e-03   950.096s
4454000 -3.45735742e+01 -3.45717894e+01  1.78e-03   1.13e-01     1.13e-03   950.308s
4455000 -3.45735995e+01 -3.45717910e+01  1.81e-03   1.90e-01     1.12e-03   950.520s
4456000 -3.45736215e+01 -3.45718547e+01  1.77e-03   6.17e-02     1.12e-03   950.732s
4457000 -3.45736421e+01 -3.45715359e+01  2.11e-03   9.03e-02     1.11e-03   950.944s
4458000 -3.45736636e+01 -3.45713691e+01  2.29e-03   1.85e-01     1.11e-03   951.156s
4459000 -3.45736823e+01 -3.45718649e+01  1.82e-03   1.18e-01     1.10e-03   951.368s
4460000 -3.45737035e+01 -3.45719546e+01  1.75e-03   2.38e-01     1.11e-03   951.580s
4461000 -3.45737142e+01 -3.45722470e+01  1.47e-03   1.03e-01     1.10e-03   951.792s
4462000 -3.45737372e+01 -3.45724187e+01  1.32e-03   1.66e-01     1.10e-03   952.004s
4463000 -3.45737525e+01 -3.45723072e+01  1.45e-03   9.25e-02     1.10e-03   952.216s
4464000 -3.45737756e+01 -3.45724887e+01  1.29e-03   1.15e-01     1.10e-03   952.428s
4465000 -3.45737883e+01 -3.45724578e+01  1.33e-03   2.16e-01     1.10e-03   952.641s
4466000 -3.45738131e+01 -3.45721467e+01  1.67e-03   9.10e-02     1.10e-03   952.853s
4467000 -3.45738324e+01 -3.45716396e+01  2.19e-03   1.92e-01     1.09e-03   953.065s
4468000 -3.45738599e+01 -3.45719961e+01  1.86e-03   5.92e-02     1.10e-03   953.278s
4469000 -3.45738767e+01 -3.45722997e+01  1.58e-03   2.17e-01     1.10e-03   953.490s
4470000 -3.45739071e+01 -3.45722140e+01  1.69e-03   2.44e-01     1.10e-03   953.702s
4471000 -3.45739175e+01 -3.45721162e+01  1.80e-03   1.65e-01     1.11e-03   953.914s
4472000 -3.45739495e+01 -3.45726688e+01  1.28e-03   1.41e-01     1.11e-03   954.126s
4473000 -3.45739672e+01 -3.45725094e+01  1.46e-03   1.16e-01     1.11e-03   954.339s
4474000 -3.45739981e+01 -3.45723509e+01  1.65e-03   1.79e-01     1.11e-03   954.551s
4475000 -3.45740189e+01 -3.45720336e+01  1.99e-03   9.62e-02     1.11e-03   954.763s
4476000 -3.45740543e+01 -3.45718855e+01  2.17e-03   1.70e-01     1.11e-03   954.974s
4477000 -3.45740783e+01 -3.45722884e+01  1.79e-03   4.42e-02     1.11e-03   955.186s
4478000 -3.45741193e+01 -3.45724605e+01  1.66e-03   1.97e-01     1.11e-03   955.398s
4479000 -3.45741458e+01 -3.45726135e+01  1.53e-03   2.14e-01     1.10e-03   955.610s
4480000 -3.45741803e+01 -3.45729049e+01  1.28e-03   7.58e-02     1.10e-03   955.822s
4481000 -3.45742130e+01 -3.45730938e+01  1.12e-03   8.82e-02     1.10e-03   956.034s
4482000 -3.45742533e+01 -3.45729825e+01  1.27e-03   1.05e-01     1.10e-03   956.247s
4483000 -3.45742862e+01 -3.45726882e+01  1.60e-03   6.75e-02     1.11e-03   956.459s
4484000 -3.45743265e+01 -3.45727205e+01  1.61e-03   2.00e-01     1.11e-03   956.671s
4485000 -3.45743593e+01 -3.45727723e+01  1.59e-03   9.25e-02     1.12e-03   956.883s
4486000 -3.45744058e+01 -3.45725707e+01  1.84e-03   6.72e-02     1.12e-03   957.095s
4487000 -3.45744396e+01 -3.45726342e+01  1.81e-03   1.20e-01     1.12e-03   957.307s
4488000 -3.45744881e+01 -3.45730005e+01  1.49e-03   1.32e-01     1.12e-03   957.519s
4489000 -3.45745266e+01 -3.45730130e+01  1.51e-03   9.60e-02     1.12e-03   957.731s
4490000 -3.45745719e+01 -3.45731354e+01  1.44e-03   1.07e-01     1.12e-03   957.944s
4491000 -3.45746163e+01 -3.45732013e+01  1.42e-03   1.04e-01     1.12e-03   958.155s
4492000 -3.45746629e+01 -3.45731765e+01  1.49e-03   1.84e-01     1.12e-03   958.368s
4493000 -3.45747088e+01 -3.45732120e+01  1.50e-03   8.42e-02     1.12e-03   958.580s
4494000 -3.45747559e+01 -3.45730585e+01  1.70e-03   7.88e-02     1.12e-03   958.792s
4495000 -3.45748049e+01 -3.45728286e+01  1.98e-03   9.82e-02     1.12e-03   959.004s
4496000 -3.45748499e+01 -3.45730648e+01  1.79e-03   1.05e-01     1.12e-03   959.216s
4497000 -3.45748974e+01 -3.45730190e+01  1.88e-03   5.56e-02     1.12e-03   959.428s
4498000 -3.45749439e+01 -3.45729326e+01  2.01e-03   6.87e-02     1.12e-03   959.640s
4499000 -3.45749883e+01 -3.45731729e+01  1.82e-03   1.35e-01     1.12e-03   959.852s
4500000 -3.45750453e+01 -3.45732297e+01  1.82e-03   4.61e-02     1.12e-03   960.064s
4501000 -3.45750893e+01 -3.45730740e+01  2.02e-03   8.58e-02     1.12e-03   960.276s
4502000 -3.45751400e+01 -3.45731209e+01  2.02e-03   1.58e-01     1.12e-03   960.488s
4503000 -3.45751866e+01 -3.45730277e+01  2.16e-03   5.72e-02     1.12e-03   960.700s
4504000 -3.45752352e+01 -3.45730168e+01  2.22e-03   3.16e-02     1.13e-03   960.912s
4505000 -3.45752820e+01 -3.45728823e+01  2.40e-03   9.77e-02     1.13e-03   961.124s
4506000 -3.45753396e+01 -3.45730637e+01  2.28e-03   6.48e-02     1.12e-03   961.336s
4507000 -3.45753863e+01 -3.45731850e+01  2.20e-03   7.85e-02     1.12e-03   961.548s
4508000 -3.45754396e+01 -3.45733699e+01  2.07e-03   4.15e-02     1.12e-03   961.760s
4509000 -3.45754937e+01 -3.45733488e+01  2.14e-03   7.30e-02     1.12e-03   961.971s
4510000 -3.45755455e+01 -3.45734924e+01  2.05e-03   7.72e-02     1.12e-03   962.184s
4511000 -3.45756021e+01 -3.45733719e+01  2.23e-03   1.98e-01     1.12e-03   962.396s
4512000 -3.45756540e+01 -3.45733667e+01  2.29e-03   1.00e-01     1.08e-03   962.608s
4513000 -3.45757049e+01 -3.45732009e+01  2.50e-03   4.17e-02     1.08e-03   962.820s
4514000 -3.45757503e+01 -3.45730518e+01  2.70e-03   4.68e-02     1.07e-03   963.033s
4515000 -3.45758005e+01 -3.45735173e+01  2.28e-03   4.10e-02     1.03e-03   963.245s
4516000 -3.45758458e+01 -3.45736464e+01  2.20e-03   4.43e-01     9.52e-04   963.457s
4517000 -3.45758798e+01 -3.45737121e+01  2.17e-03   3.71e-01     8.64e-04   963.669s
4518000 -3.45758908e+01 -3.45735073e+01  2.38e-03   1.27e-01     8.03e-04   963.882s
4519000 -3.45758850e+01 -3.45734040e+01  2.48e-03   1.30e-01     7.63e-04   964.094s
4520000 -3.45758828e+01 -3.45731136e+01  2.77e-03   1.17e-01     7.77e-04   964.306s
4521000 -3.45758449e+01 -3.45728825e+01  2.96e-03   1.00e+00     7.68e-04   964.519s
4522000 -3.45758451e+01 -3.45731207e+01  2.72e-03   7.72e-01     7.35e-04   964.732s
4523000 -3.45758076e+01 -3.45734376e+01  2.37e-03   2.03e-01     7.11e-04   964.943s
4524000 -3.45757605e+01 -3.45735441e+01  2.22e-03   4.07e-01     6.94e-04   965.156s
4525000 -3.45757165e+01 -3.45736942e+01  2.02e-03   1.52e-01     6.83e-04   965.368s
4526000 -3.45756677e+01 -3.45738150e+01  1.85e-03   1.20e-01     6.81e-04   965.580s
4527000 -3.45756191e+01 -3.45737889e+01  1.83e-03   1.23e-01     6.82e-04   965.792s
4528000 -3.45755720e+01 -3.45736569e+01  1.92e-03   1.44e-01     6.85e-04   966.004s
4529000 -3.45755338e+01 -3.45735904e+01  1.94e-03   3.33e-01     6.65e-04   966.216s
4530000 -3.45754811e+01 -3.45735172e+01  1.96e-03   1.44e+00     6.71e-04   966.428s
4531000 -3.45754402e+01 -3.45736970e+01  1.74e-03   2.20e-01     6.65e-04   966.640s
4532000 -3.45753916e+01 -3.45738428e+01  1.55e-03   8.74e-01     6.66e-04   966.853s
4533000 -3.45753338e+01 -3.45737091e+01  1.62e-03   5.08e-01     6.67e-04   967.065s
4534000 -3.45753025e+01 -3.45736884e+01  1.61e-03   3.78e-01     6.64e-04   967.277s
4535000 -3.45752567e+01 -3.45737420e+01  1.51e-03   3.27e-01     6.66e-04   967.489s
4536000 -3.45751874e+01 -3.45737472e+01  1.44e-03   2.96e-02     6.67e-04   967.702s
4537000 -3.45750728e+01 -3.45737363e+01  1.34e-03   1.30e-01     6.70e-04   967.914s
4538000 -3.45749451e+01 -3.45737122e+01  1.23e-03   2.02e-01     6.74e-04   968.126s
4539000 -3.45748344e+01 -3.45737935e+01  1.04e-03   5.07e-02     6.75e-04   968.338s
4540000 -3.45747102e+01 -3.45737695e+01  9.41e-04   2.00e-01     6.71e-04   968.550s
4541000 -3.45745934e+01 -3.45737193e+01  8.74e-04   1.10e-01     6.76e-04   968.763s
4542000 -3.45744821e+01 -3.45738055e+01  6.77e-04   1.39e-01     6.79e-04   968.975s
4543000 -3.45743574e+01 -3.45737800e+01  5.77e-04   1.38e-01     6.78e-04   969.187s
4544000 -3.45742414e+01 -3.45737592e+01  4.82e-04   6.38e-02     6.79e-04   969.399s
4545000 -3.45741249e+01 -3.45737965e+01  3.28e-04   3.25e-01     6.82e-04   969.611s
4546000 -3.45740068e+01 -3.45738577e+01  1.49e-04   1.67e-01     6.83e-04   969.824s
4547000 -3.45738947e+01 -3.45739157e+01  2.10e-05   6.57e-02     6.83e-04   970.036s
4548000 -3.45737729e+01 -3.45739011e+01  1.28e-04   1.81e-01     6.85e-04   970.247s
4549000 -3.45736585e+01 -3.45739509e+01  2.92e-04   9.01e-02     6.88e-04   970.459s
4550000 -3.45735472e+01 -3.45739445e+01  3.97e-04   1.14e-01     6.88e-04   970.672s
4551000 -3.45734317e+01 -3.45739823e+01  5.51e-04   1.25e-01     6.90e-04   970.883s
4552000 -3.45733172e+01 -3.45740324e+01  7.15e-04   2.96e-02     6.92e-04   971.096s
4553000 -3.45732077e+01 -3.45740534e+01  8.46e-04   3.00e-01     6.93e-04   971.308s
4554000 -3.45730930e+01 -3.45740942e+01  1.00e-03   1.01e-01     6.94e-04   971.520s
4555000 -3.45729811e+01 -3.45740817e+01  1.10e-03   2.47e-01     6.95e-04   971.732s
4556000 -3.45728711e+01 -3.45741096e+01  1.24e-03   1.71e-01     6.97e-04   971.944s
4557000 -3.45727597e+01 -3.45741068e+01  1.35e-03   7.46e-02     6.98e-04   972.156s
4558000 -3.45726533e+01 -3.45741411e+01  1.49e-03   3.64e-01     7.01e-04   972.368s
4559000 -3.45725381e+01 -3.45741446e+01  1.61e-03   2.62e-01     7.02e-04   972.580s
4560000 -3.45724405e+01 -3.45741598e+01  1.72e-03   3.67e-01     7.04e-04   972.792s
4561000 -3.45723308e+01 -3.45741992e+01  1.87e-03   6.55e-02     7.05e-04   973.004s
4562000 -3.45722307e+01 -3.45742098e+01  1.98e-03   1.62e-01     7.07e-04   973.216s
4563000 -3.45721233e+01 -3.45742141e+01  2.09e-03   5.31e-02     7.09e-04   973.428s
4564000 -3.45720253e+01 -3.45742388e+01  2.21e-03   8.43e-02     7.09e-04   973.640s
4565000 -3.45719268e+01 -3.45742468e+01  2.32e-03   7.37e-02     7.12e-04   973.852s
4566000 -3.45718232e+01 -3.45742887e+01  2.47e-03   1.01e-01     7.12e-04   974.064s
4567000 -3.45717267e+01 -3.45743165e+01  2.59e-03   2.37e-01     7.14e-04   974.276s
4568000 -3.45716220e+01 -3.45743279e+01  2.71e-03   6.55e-02     7.15e-04   974.488s
4569000 -3.45715267e+01 -3.45743551e+01  2.83e-03   1.60e-01     7.16e-04   974.700s
4570000 -3.45714281e+01 -3.45743808e+01  2.95e-03   1.34e-01     7.18e-04   974.913s
4571000 -3.45713338e+01 -3.45744274e+01  3.09e-03   1.83e-01     7.19e-04   975.125s
4572000 -3.45712321e+01 -3.45744324e+01  3.20e-03   3.25e-02     7.20e-04   975.337s
4573000 -3.45711444e+01 -3.45744487e+01  3.30e-03   1.75e-01     7.23e-04   975.549s
4574000 -3.45710456e+01 -3.45744675e+01  3.42e-03   2.99e-02     7.24e-04   975.761s
4575000 -3.45709591e+01 -3.45744725e+01  3.51e-03   8.37e-02     7.27e-04   975.974s
4576000 -3.45708683e+01 -3.45745055e+01  3.64e-03   1.42e-01     7.27e-04   976.186s
4577000 -3.45707772e+01 -3.45745354e+01  3.76e-03   3.42e-02     7.29e-04   976.398s
4578000 -3.45706866e+01 -3.45745630e+01  3.88e-03   2.87e-01     7.31e-04   976.610s
4579000 -3.45706010e+01 -3.45746091e+01  4.01e-03   1.14e-01     7.32e-04   976.822s
4580000 -3.45705199e+01 -3.45746294e+01  4.11e-03   1.63e-01     7.33e-04   977.034s
4581000 -3.45704347e+01 -3.45746815e+01  4.25e-03   1.98e-02     7.34e-04   977.246s
4582000 -3.45703610e+01 -3.45746601e+01  4.30e-03   3.86e-01     7.27e-04   977.458s
4583000 -3.45702550e+01 -3.45746925e+01  4.44e-03   1.10e+00     7.20e-04   977.670s
4584000 -3.45702229e+01 -3.45747462e+01  4.52e-03   1.38e+00     6.93e-04   977.882s
4585000 -3.45701307e+01 -3.45748342e+01  4.70e-03   1.40e+00     6.67e-04   978.095s
4586000 -3.45700160e+01 -3.45748679e+01  4.85e-03   1.38e+00     6.69e-04   978.307s
4587000 -3.45698768e+01 -3.45750257e+01  5.15e-03   1.08e+00     6.63e-04   978.519s
4588000 -3.45696293e+01 -3.45750562e+01  5.43e-03   2.73e+00     4.73e-04   978.733s
4589000 -3.45693146e+01 -3.45750295e+01  5.71e-03   9.67e-01     4.52e-04   978.945s
4590000 -3.45690217e+01 -3.45749776e+01  5.96e-03   4.27e-01     4.48e-04   979.157s
4591000 -3.45687188e+01 -3.45750059e+01  6.29e-03   2.01e-01     4.42e-04   979.369s
4592000 -3.45684205e+01 -3.45750157e+01  6.60e-03   3.83e-01     3.21e-04   979.581s
4593000 -3.45681378e+01 -3.45750123e+01  6.87e-03   1.22e-01     3.19e-04   979.793s
4594000 -3.45678577e+01 -3.45750328e+01  7.18e-03   2.14e-01     3.15e-04   980.005s
4595000 -3.45675743e+01 -3.45750402e+01  7.47e-03   2.11e-01     3.12e-04   980.217s
4596000 -3.45672867e+01 -3.45750575e+01  7.77e-03   4.21e-02     3.10e-04   980.429s
4597000 -3.45669966e+01 -3.45750711e+01  8.07e-03   1.75e-01     3.09e-04   980.641s
4598000 -3.45667032e+01 -3.45750852e+01  8.38e-03   9.51e-02     3.07e-04   980.853s
4599000 -3.45664146e+01 -3.45751146e+01  8.70e-03   4.37e-02     3.05e-04   981.065s
4600000 -3.45661235e+01 -3.45751206e+01  9.00e-03   2.18e-01     3.04e-04   981.277s
4601000 -3.45658410e+01 -3.45751428e+01  9.30e-03   2.14e-01     3.03e-04   981.490s
4602000 -3.45655491e+01 -3.45750806e+01  9.53e-03   1.96e-01     3.02e-04   981.702s
4603000 -3.45652648e+01 -3.45751246e+01  9.86e-03   2.29e-01     3.00e-04   981.914s
4604000 -3.45649731e+01 -3.45752274e+01  1.03e-02   4.06e-01     2.98e-04   982.126s
4605000 -3.45646922e+01 -3.45751566e+01  1.05e-02   2.03e-01     2.98e-04   982.338s
4606000 -3.45644051e+01 -3.45751893e+01  1.08e-02   1.64e-01     2.96e-04   982.550s
4607000 -3.45641216e+01 -3.45752378e+01  1.11e-02   3.61e-01     2.95e-04   982.762s
4608000 -3.45638469e+01 -3.45751879e+01  1.13e-02   3.69e-01     2.93e-04   982.974s
4609000 -3.45635706e+01 -3.45752536e+01  1.17e-02   2.61e-01     2.91e-04   983.186s
4610000 -3.45632862e+01 -3.45752610e+01  1.20e-02   1.92e-01     2.90e-04   983.398s
4611000 -3.45630144e+01 -3.45752670e+01  1.23e-02   4.29e-01     2.90e-04   983.610s
4612000 -3.45627328e+01 -3.45752927e+01  1.26e-02   1.92e-01     2.89e-04   983.822s
4613000 -3.45624618e+01 -3.45752811e+01  1.28e-02   2.77e-01     2.87e-04   984.035s
4614000 -3.45621851e+01 -3.45753285e+01  1.31e-02   3.01e-01     2.87e-04   984.247s
4615000 -3.45619082e+01 -3.45753466e+01  1.34e-02   3.37e-01     2.87e-04   984.459s
4616000 -3.45616275e+01 -3.45753470e+01  1.37e-02   1.02e+00     2.86e-04   984.672s
4617000 -3.45613505e+01 -3.45753719e+01  1.40e-02   3.97e-01     2.87e-04   984.883s
4618000 -3.45610976e+01 -3.45753924e+01  1.43e-02   5.36e-01     2.86e-04   985.095s
4619000 -3.45608190e+01 -3.45753909e+01  1.46e-02   3.20e-01     2.86e-04   985.308s
4620000 -3.45605499e+01 -3.45754228e+01  1.49e-02   3.78e-01     2.86e-04   985.519s
4621000 -3.45602966e+01 -3.45754295e+01  1.51e-02   4.63e-01     2.86e-04   985.732s
4622000 -3.45600449e+01 -3.45754446e+01  1.54e-02   3.24e-01     2.86e-04   985.944s
4623000 -3.45597869e+01 -3.45755026e+01  1.57e-02   5.25e-01     2.86e-04   986.156s
4624000 -3.45595598e+01 -3.45755043e+01  1.59e-02   2.21e-01     2.86e-04   986.369s
4625000 -3.45592981e+01 -3.45754877e+01  1.62e-02   2.68e-01     2.85e-04   986.580s
4626000 -3.45590143e+01 -3.45755040e+01  1.65e-02   5.90e-01     2.85e-04   986.793s
4627000 -3.45587653e+01 -3.45755750e+01  1.68e-02   3.03e-01     2.85e-04   987.005s
4628000 -3.45585357e+01 -3.45755743e+01  1.70e-02   4.32e-01     2.84e-04   987.217s
4629000 -3.45582849e+01 -3.45756344e+01  1.73e-02   4.05e-01     2.83e-04   987.429s
4630000 -3.45580195e+01 -3.45755847e+01  1.76e-02   2.11e-01     2.83e-04   987.641s
4631000 -3.45577704e+01 -3.45756640e+01  1.79e-02   2.39e-01     2.83e-04   987.853s
4632000 -3.45575407e+01 -3.45756875e+01  1.81e-02   3.71e-01     2.83e-04   988.065s
4633000 -3.45573011e+01 -3.45756824e+01  1.84e-02   2.23e-01     2.83e-04   988.277s
4634000 -3.45570429e+01 -3.45757317e+01  1.87e-02   2.16e-01     2.83e-04   988.489s
4635000 -3.45568041e+01 -3.45756860e+01  1.89e-02   2.76e-01     2.83e-04   988.700s
4636000 -3.45565874e+01 -3.45757442e+01  1.92e-02   1.29e-01     2.83e-04   988.913s
4637000 -3.45563457e+01 -3.45757735e+01  1.94e-02   7.10e-02     2.83e-04   989.125s
4638000 -3.45561172e+01 -3.45758017e+01  1.97e-02   3.37e-01     2.84e-04   989.337s
4639000 -3.45558817e+01 -3.45758321e+01  2.00e-02   1.41e-01     2.84e-04   989.550s
4640000 -3.45556590e+01 -3.45758024e+01  2.01e-02   1.23e-01     2.84e-04   989.761s
4641000 -3.45554453e+01 -3.45758362e+01  2.04e-02   1.32e-01     2.84e-04   989.974s
4642000 -3.45552114e+01 -3.45758600e+01  2.06e-02   7.52e-02     2.82e-04   990.186s
4643000 -3.45550066e+01 -3.45758821e+01  2.09e-02   4.06e-01     2.82e-04   990.398s
4644000 -3.45547891e+01 -3.45759213e+01  2.11e-02   1.86e-01     2.82e-04   990.610s
4645000 -3.45545686e+01 -3.45759346e+01  2.14e-02   5.57e-02     2.82e-04   990.822s
4646000 -3.45543577e+01 -3.45759345e+01  2.16e-02   3.12e-01     2.82e-04   991.035s
4647000 -3.45541530e+01 -3.45759715e+01  2.18e-02   4.63e-01     2.81e-04   991.246s
4648000 -3.45539481e+01 -3.45759610e+01  2.20e-02   3.44e-01     2.82e-04   991.458s
4649000 -3.45537296e+01 -3.45759884e+01  2.23e-02   5.95e-01     2.81e-04   991.670s
4650000 -3.45535307e+01 -3.45760654e+01  2.25e-02   1.43e-01     2.81e-04   991.883s
4651000 -3.45533492e+01 -3.45760615e+01  2.27e-02   1.04e+00     2.81e-04   992.095s
4652000 -3.45531591e+01 -3.45760335e+01  2.29e-02   3.18e-01     2.81e-04   992.307s
4653000 -3.45529553e+01 -3.45760528e+01  2.31e-02   6.80e-01     2.82e-04   992.519s
4654000 -3.45527516e+01 -3.45761585e+01  2.34e-02   3.93e-01     2.82e-04   992.731s
4655000 -3.45525719e+01 -3.45762383e+01  2.37e-02   3.80e-01     2.83e-04   992.943s
4656000 -3.45523941e+01 -3.45761640e+01  2.38e-02   4.20e-01     2.80e-04   993.155s
4657000 -3.45521948e+01 -3.45761572e+01  2.40e-02   1.84e-01     2.79e-04   993.367s
4658000 -3.45520103e+01 -3.45762271e+01  2.42e-02   4.99e-01     2.79e-04   993.579s
4659000 -3.45518199e+01 -3.45762786e+01  2.45e-02   1.19e-01     2.78e-04   993.791s
4660000 -3.45516448e+01 -3.45763156e+01  2.47e-02   2.55e-01     2.78e-04   994.004s
4661000 -3.45514552e+01 -3.45762449e+01  2.48e-02   1.36e-01     2.77e-04   994.215s
4662000 -3.45512615e+01 -3.45763452e+01  2.51e-02   3.02e-01     2.76e-04   994.427s
4663000 -3.45510896e+01 -3.45763649e+01  2.53e-02   2.40e-01     2.76e-04   994.640s
4664000 -3.45509230e+01 -3.45763711e+01  2.54e-02   1.66e-01     2.75e-04   994.852s
4665000 -3.45507269e+01 -3.45763826e+01  2.57e-02   2.18e-01     2.74e-04   995.064s
4666000 -3.45505470e+01 -3.45763660e+01  2.58e-02   2.27e-01     2.73e-04   995.276s
4667000 -3.45503788e+01 -3.45764489e+01  2.61e-02   3.75e-01     2.72e-04   995.489s
4668000 -3.45502205e+01 -3.45764739e+01  2.63e-02   1.25e-01     2.72e-04   995.701s
4669000 -3.45500540e+01 -3.45764743e+01  2.64e-02   2.09e-01     2.72e-04   995.913s
4670000 -3.45498746e+01 -3.45765352e+01  2.67e-02   2.87e-01     2.70e-04   996.125s
4671000 -3.45497259e+01 -3.45765225e+01  2.68e-02   7.26e-02     2.70e-04   996.338s
4672000 -3.45495651e+01 -3.45765516e+01  2.70e-02   2.16e-01     2.42e-04   996.550s
4673000 -3.45494022e+01 -3.45765583e+01  2.72e-02   5.21e-01     2.24e-04   996.762s
4674000 -3.45492631e+01 -3.45766094e+01  2.73e-02   8.56e-01     2.26e-04   996.974s
4675000 -3.45491159e+01 -3.45766164e+01  2.75e-02   4.10e-01     2.26e-04   997.186s
4676000 -3.45489691e+01 -3.45766303e+01  2.77e-02   6.53e-01     2.21e-04   997.399s
4677000 -3.45488193e+01 -3.45766912e+01  2.79e-02   5.26e-01     2.17e-04   997.610s
4678000 -3.45486624e+01 -3.45766559e+01  2.80e-02   5.00e-01     2.14e-04   997.822s
4679000 -3.45485274e+01 -3.45768042e+01  2.83e-02   8.66e-02     2.12e-04   998.034s
4680000 -3.45483783e+01 -3.45767613e+01  2.84e-02   1.31e-01     2.08e-04   998.246s
4681000 -3.45482411e+01 -3.45767841e+01  2.85e-02   4.02e-01     2.05e-04   998.458s
4682000 -3.45480850e+01 -3.45768951e+01  2.88e-02   4.42e-01     2.04e-04   998.671s
4683000 -3.45479507e+01 -3.45768630e+01  2.89e-02   2.52e-01     1.79e-04   998.883s
4684000 -3.45478281e+01 -3.45769507e+01  2.91e-02   3.25e-01     1.76e-04   999.095s
4685000 -3.45477075e+01 -3.45769690e+01  2.93e-02   8.12e-02     1.73e-04   999.307s
4686000 -3.45475690e+01 -3.45769609e+01  2.94e-02   1.05e-01     1.71e-04   999.519s
4687000 -3.45474301e+01 -3.45770729e+01  2.96e-02   2.09e-01     1.67e-04   999.731s
4688000 -3.45473161e+01 -3.45770526e+01  2.97e-02   3.12e-01     1.66e-04   999.943s
4689000 -3.45472078e+01 -3.45770461e+01  2.98e-02   3.23e-01     1.66e-04   1000.155s
4690000 -3.45470892e+01 -3.45770554e+01  3.00e-02   7.36e-01     1.66e-04   1000.367s
4691000 -3.45469582e+01 -3.45770538e+01  3.01e-02   4.58e-01     1.68e-04   1000.580s
4692000 -3.45468464e+01 -3.45771806e+01  3.03e-02   3.20e-01     1.70e-04   1000.791s
4693000 -3.45467495e+01 -3.45772131e+01  3.05e-02   5.28e-01     1.68e-04   1001.003s
4694000 -3.45466469e+01 -3.45771805e+01  3.05e-02   4.76e-01     1.67e-04   1001.215s
4695000 -3.45465325e+01 -3.45772515e+01  3.07e-02   5.87e-02     1.65e-04   1001.427s
4696000 -3.45463633e+01 -3.45772796e+01  3.09e-02   3.19e-01     1.33e-04   1001.641s
4697000 -3.45461791e+01 -3.45772900e+01  3.11e-02   4.60e-02     1.31e-04   1001.853s
4698000 -3.45460026e+01 -3.45773270e+01  3.13e-02   5.99e-02     1.31e-04   1002.065s
4699000 -3.45458153e+01 -3.45773346e+01  3.15e-02   1.77e-01     1.31e-04   1002.277s
4700000 -3.45456279e+01 -3.45773767e+01  3.17e-02   1.82e-01     1.26e-04   1002.489s
4701000 -3.45454402e+01 -3.45773847e+01  3.19e-02   1.14e-01     1.26e-04   1002.701s
4702000 -3.45452583e+01 -3.45774190e+01  3.22e-02   1.76e-01     1.26e-04   1002.914s
4703000 -3.45450720e+01 -3.45774404e+01  3.24e-02   2.00e-01     1.26e-04   1003.126s
4704000 -3.45448893e+01 -3.45774594e+01  3.26e-02   1.18e-01     1.27e-04   1003.338s
4705000 -3.45447088e+01 -3.45774886e+01  3.28e-02   3.14e-02     1.27e-04   1003.550s
4706000 -3.45445293e+01 -3.45775039e+01  3.30e-02   3.79e-02     1.28e-04   1003.762s
4707000 -3.45443504e+01 -3.45775322e+01  3.32e-02   6.70e-02     1.28e-04   1003.974s
4708000 -3.45441731e+01 -3.45775543e+01  3.34e-02   1.17e-01     1.29e-04   1004.186s
4709000 -3.45439945e+01 -3.45775891e+01  3.36e-02   1.33e-01     1.29e-04   1004.398s
4710000 -3.45438225e+01 -3.45775945e+01  3.38e-02   8.91e-02     1.29e-04   1004.610s
4711000 -3.45436543e+01 -3.45776082e+01  3.40e-02   1.32e-01     1.29e-04   1004.822s
4712000 -3.45434849e+01 -3.45776346e+01  3.41e-02   1.61e-01     1.29e-04   1005.035s
4713000 -3.45433158e+01 -3.45776590e+01  3.43e-02   2.19e-01     1.29e-04   1005.247s
4714000 -3.45431520e+01 -3.45776332e+01  3.45e-02   8.77e-02     1.29e-04   1005.459s
4715000 -3.45429894e+01 -3.45776675e+01  3.47e-02   1.21e-01     1.29e-04   1005.671s
4716000 -3.45428377e+01 -3.45776954e+01  3.49e-02   1.13e-01     1.29e-04   1005.884s
4717000 -3.45426799e+01 -3.45777450e+01  3.51e-02   2.96e-01     1.28e-04   1006.096s
4718000 -3.45425290e+01 -3.45777690e+01  3.52e-02   2.08e-01     1.28e-04   1006.307s
4719000 -3.45423818e+01 -3.45777636e+01  3.54e-02   9.06e-02     1.27e-04   1006.520s
4720000 -3.45422372e+01 -3.45777582e+01  3.55e-02   7.53e-02     1.27e-04   1006.732s
4721000 -3.45420950e+01 -3.45777828e+01  3.57e-02   1.80e-01     1.26e-04   1006.944s
4722000 -3.45419526e+01 -3.45778061e+01  3.59e-02   2.34e-01     1.26e-04   1007.156s
4723000 -3.45418153e+01 -3.45778660e+01  3.61e-02   1.92e-01     1.25e-04   1007.368s
4724000 -3.45416780e+01 -3.45779988e+01  3.63e-02   1.52e-01     1.25e-04   1007.580s
4725000 -3.45415474e+01 -3.45778685e+01  3.63e-02   3.73e-01     1.25e-04   1007.792s
4726000 -3.45414349e+01 -3.45779152e+01  3.65e-02   1.39e-01     1.24e-04   1008.004s
4727000 -3.45413382e+01 -3.45779738e+01  3.66e-02   2.47e-01     1.22e-04   1008.216s
4728000 -3.45412376e+01 -3.45778960e+01  3.67e-02   2.13e-01     1.22e-04   1008.429s
4729000 -3.45411429e+01 -3.45779811e+01  3.68e-02   8.98e-02     1.21e-04   1008.641s
4730000 -3.45410718e+01 -3.45780893e+01  3.70e-02   3.15e-01     1.20e-04   1008.853s
4731000 -3.45410270e+01 -3.45780403e+01  3.70e-02   1.10e-01     1.20e-04   1009.065s
4732000 -3.45409887e+01 -3.45781049e+01  3.71e-02   1.30e-01     1.19e-04   1009.278s
4733000 -3.45409506e+01 -3.45781997e+01  3.72e-02   6.43e-02     1.18e-04   1009.490s
4734000 -3.45409235e+01 -3.45780958e+01  3.72e-02   2.80e-01     1.18e-04   1009.702s
4735000 -3.45408653e+01 -3.45781103e+01  3.72e-02   2.11e-01     1.17e-04   1009.914s
4736000 -3.45407817e+01 -3.45781207e+01  3.73e-02   3.24e-02     1.16e-04   1010.126s
4737000 -3.45406820e+01 -3.45780437e+01  3.74e-02   1.08e-01     1.15e-04   1010.338s
4738000 -3.45405528e+01 -3.45780188e+01  3.75e-02   2.53e-01     1.15e-04   1010.550s
4739000 -3.45404072e+01 -3.45780982e+01  3.77e-02   2.59e-01     1.15e-04   1010.763s
4740000 -3.45402159e+01 -3.45780559e+01  3.78e-02   6.64e-01     1.16e-04   1010.975s
4741000 -3.45400774e+01 -3.45780012e+01  3.79e-02   7.87e-01     1.16e-04   1011.187s
4742000 -3.45398769e+01 -3.45779846e+01  3.81e-02   6.41e-01     1.17e-04   1011.399s
4743000 -3.45397777e+01 -3.45779925e+01  3.82e-02   7.17e-01     1.18e-04   1011.611s
4744000 -3.45396483e+01 -3.45782063e+01  3.86e-02   1.27e+00     1.20e-04   1011.824s
4745000 -3.45395588e+01 -3.45782071e+01  3.86e-02   8.75e-01     1.21e-04   1012.036s
4746000 -3.45394694e+01 -3.45783242e+01  3.89e-02   9.62e-01     1.22e-04   1012.248s
4747000 -3.45394137e+01 -3.45782925e+01  3.89e-02   1.02e+00     1.23e-04   1012.460s
4748000 -3.45393401e+01 -3.45783198e+01  3.90e-02   7.39e-01     1.24e-04   1012.672s
4749000 -3.45393163e+01 -3.45784025e+01  3.91e-02   1.11e+00     1.24e-04   1012.884s
4750000 -3.45392465e+01 -3.45783934e+01  3.91e-02   7.58e-01     1.24e-04   1013.096s
4751000 -3.45391665e+01 -3.45783530e+01  3.92e-02   4.37e-01     1.23e-04   1013.309s
4752000 -3.45390882e+01 -3.45783349e+01  3.92e-02   6.93e-01     1.20e-04   1013.521s
4753000 -3.45390117e+01 -3.45783426e+01  3.93e-02   4.17e-01     1.20e-04   1013.733s
4754000 -3.45388918e+01 -3.45783142e+01  3.94e-02   6.18e-01     1.21e-04   1013.945s
4755000 -3.45387572e+01 -3.45782819e+01  3.95e-02   3.53e-01     1.23e-04   1014.157s
4756000 -3.45386313e+01 -3.45783929e+01  3.98e-02   8.96e-02     1.24e-04   1014.369s
4757000 -3.45385226e+01 -3.45784399e+01  3.99e-02   4.28e-01     1.23e-04   1014.581s
4758000 -3.45384187e+01 -3.45784626e+01  4.00e-02   1.34e-01     1.22e-04   1014.794s
4759000 -3.45383345e+01 -3.45784201e+01  4.01e-02   4.80e-01     1.19e-04   1015.006s
4760000 -3.45382601e+01 -3.45784214e+01  4.02e-02   4.16e-01     1.18e-04   1015.218s
4761000 -3.45382095e+01 -3.45785050e+01  4.03e-02   3.20e-01     1.18e-04   1015.430s
4762000 -3.45381511e+01 -3.45785433e+01  4.04e-02   2.77e-01     1.17e-04   1015.642s
4763000 -3.45381241e+01 -3.45785779e+01  4.05e-02   5.13e-01     1.18e-04   1015.854s
4764000 -3.45380693e+01 -3.45786251e+01  4.06e-02   4.30e-01     1.17e-04   1016.066s
4765000 -3.45380158e+01 -3.45785824e+01  4.06e-02   4.63e-01     1.18e-04   1016.278s
4766000 -3.45379708e+01 -3.45785553e+01  4.06e-02   3.84e-01     1.18e-04   1016.491s
4767000 -3.45379109e+01 -3.45785401e+01  4.06e-02   2.54e-01     1.19e-04   1016.703s
4768000 -3.45378429e+01 -3.45785608e+01  4.07e-02   2.06e-01     1.20e-04   1016.915s
4769000 -3.45377552e+01 -3.45785806e+01  4.08e-02   2.71e-01     1.20e-04   1017.127s
4770000 -3.45376803e+01 -3.45786103e+01  4.09e-02   4.01e-01     1.19e-04   1017.339s
4771000 -3.45375980e+01 -3.45785992e+01  4.10e-02   7.87e-01     1.19e-04   1017.551s
4772000 -3.45375365e+01 -3.45786579e+01  4.11e-02   2.52e-01     1.18e-04   1017.764s
4773000 -3.45374615e+01 -3.45786340e+01  4.12e-02   1.97e-01     1.18e-04   1017.976s
4774000 -3.45374136e+01 -3.45786444e+01  4.12e-02   4.32e-01     1.18e-04   1018.188s
4775000 -3.45373649e+01 -3.45786257e+01  4.13e-02   2.66e-01     1.18e-04   1018.400s
4776000 -3.45373433e+01 -3.45787081e+01  4.14e-02   4.13e-02     1.18e-04   1018.612s
4777000 -3.45373144e+01 -3.45787158e+01  4.14e-02   2.68e-01     1.18e-04   1018.824s
4778000 -3.45372973e+01 -3.45787833e+01  4.15e-02   1.46e-01     1.17e-04   1019.036s
4779000 -3.45372959e+01 -3.45787483e+01  4.15e-02   4.03e-01     1.16e-04   1019.248s
4780000 -3.45372600e+01 -3.45787760e+01  4.15e-02   2.99e-01     1.16e-04   1019.460s
4781000 -3.45372455e+01 -3.45787592e+01  4.15e-02   5.25e-01     1.15e-04   1019.672s
4782000 -3.45372150e+01 -3.45787520e+01  4.15e-02   1.03e+00     1.16e-04   1019.884s
4783000 -3.45371954e+01 -3.45787622e+01  4.16e-02   6.76e-01     1.14e-04   1020.096s
4784000 -3.45371253e+01 -3.45787906e+01  4.17e-02   7.82e-01     1.14e-04   1020.308s
4785000 -3.45371008e+01 -3.45788387e+01  4.17e-02   3.38e-01     1.12e-04   1020.520s
4786000 -3.45370161e+01 -3.45788053e+01  4.18e-02   7.60e-01     1.12e-04   1020.733s
4787000 -3.45370039e+01 -3.45788100e+01  4.18e-02   4.12e-01     1.12e-04   1020.945s
4788000 -3.45369689e+01 -3.45790576e+01  4.21e-02   1.56e-01     1.12e-04   1021.158s
4789000 -3.45369480e+01 -3.45790472e+01  4.21e-02   3.26e-02     1.11e-04   1021.371s
4790000 -3.45369331e+01 -3.45789659e+01  4.20e-02   5.17e-02     1.11e-04   1021.582s
4791000 -3.45369275e+01 -3.45790474e+01  4.21e-02   2.27e-01     1.11e-04   1021.794s
4792000 -3.45369272e+01 -3.45791400e+01  4.22e-02   9.75e-02     1.12e-04   1022.007s
4793000 -3.45369324e+01 -3.45791381e+01  4.22e-02   9.95e-02     1.13e-04   1022.219s
4794000 -3.45369288e+01 -3.45791654e+01  4.22e-02   6.28e-02     1.13e-04   1022.430s
4795000 -3.45369259e+01 -3.45791890e+01  4.23e-02   8.41e-02     1.14e-04   1022.642s
4796000 -3.45369207e+01 -3.45791924e+01  4.23e-02   9.13e-02     1.14e-04   1022.854s
4797000 -3.45368987e+01 -3.45792020e+01  4.23e-02   1.09e-01     1.15e-04   1023.066s
4798000 -3.45368779e+01 -3.45792098e+01  4.23e-02   9.68e-02     1.17e-04   1023.279s
4799000 -3.45368516e+01 -3.45792066e+01  4.24e-02   1.36e-01     1.19e-04   1023.491s
4800000 -3.45368269e+01 -3.45792294e+01  4.24e-02   1.21e-01     1.21e-04   1023.702s
4801000 -3.45367936e+01 -3.45792512e+01  4.25e-02   3.41e-01     1.23e-04   1023.914s
4802000 -3.45367698e+01 -3.45792867e+01  4.25e-02   2.20e-01     1.24e-04   1024.127s
4803000 -3.45367369e+01 -3.45792911e+01  4.26e-02   1.43e-01     1.25e-04   1024.339s
4804000 -3.45367129e+01 -3.45793491e+01  4.26e-02   2.42e-02     1.26e-04   1024.551s
4805000 -3.45366937e+01 -3.45793736e+01  4.27e-02   1.15e-01     1.27e-04   1024.763s
4806000 -3.45366827e+01 -3.45794013e+01  4.27e-02   1.03e-01     1.27e-04   1024.975s
4807000 -3.45366700e+01 -3.45794797e+01  4.28e-02   5.60e-02     1.28e-04   1025.187s
4808000 -3.45366666e+01 -3.45794610e+01  4.28e-02   1.70e-01     1.29e-04   1025.399s
4809000 -3.45366653e+01 -3.45795233e+01  4.29e-02   3.22e-01     1.30e-04   1025.612s
4810000 -3.45366628e+01 -3.45795452e+01  4.29e-02   3.25e-01     1.31e-04   1025.824s
4811000 -3.45366663e+01 -3.45795949e+01  4.29e-02   2.92e-01     1.32e-04   1026.036s
4812000 -3.45366627e+01 -3.45795660e+01  4.29e-02   1.91e-01     1.33e-04   1026.248s
4813000 -3.45366599e+01 -3.45796175e+01  4.30e-02   3.30e-01     1.34e-04   1026.460s
4814000 -3.45366592e+01 -3.45796073e+01  4.29e-02   2.24e-01     1.35e-04   1026.672s
4815000 -3.45366564e+01 -3.45796459e+01  4.30e-02   5.23e-01     1.34e-04   1026.884s
4816000 -3.45366665e+01 -3.45796992e+01  4.30e-02   5.22e-01     1.33e-04   1027.096s
4817000 -3.45366611e+01 -3.45796528e+01  4.30e-02   2.46e-01     1.33e-04   1027.308s
4818000 -3.45366728e+01 -3.45797661e+01  4.31e-02   4.39e-01     1.33e-04   1027.520s
4819000 -3.45366789e+01 -3.45797605e+01  4.31e-02   1.55e-01     1.32e-04   1027.733s
4820000 -3.45367147e+01 -3.45798061e+01  4.31e-02   1.49e-01     1.32e-04   1027.945s
4821000 -3.45367547e+01 -3.45798830e+01  4.31e-02   3.13e-01     1.31e-04   1028.157s
4822000 -3.45368013e+01 -3.45798551e+01  4.31e-02   4.81e-01     1.30e-04   1028.369s
4823000 -3.45368456e+01 -3.45799124e+01  4.31e-02   3.54e-01     1.29e-04   1028.581s
4824000 -3.45368703e+01 -3.45798834e+01  4.30e-02   2.47e-02     1.28e-04   1028.793s
4825000 -3.45368934e+01 -3.45798732e+01  4.30e-02   2.85e-02     1.26e-04   1029.005s
4826000 -3.45369051e+01 -3.45798817e+01  4.30e-02   5.12e-01     1.25e-04   1029.217s
4827000 -3.45369258e+01 -3.45798484e+01  4.29e-02   3.33e-01     1.23e-04   1029.430s
4828000 -3.45369246e+01 -3.45798732e+01  4.29e-02   8.21e-01     1.20e-04   1029.642s
4829000 -3.45369219e+01 -3.45798707e+01  4.29e-02   6.08e-01     1.18e-04   1029.854s
4830000 -3.45369107e+01 -3.45799685e+01  4.31e-02   3.23e-01     1.17e-04   1030.066s
4831000 -3.45369235e+01 -3.45800564e+01  4.31e-02   4.71e-01     1.16e-04   1030.278s
4832000 -3.45369377e+01 -3.45798610e+01  4.29e-02   4.17e-01     1.15e-04   1030.490s
4833000 -3.45369479e+01 -3.45799504e+01  4.30e-02   2.98e-01     1.15e-04   1030.702s
4834000 -3.45369783e+01 -3.45801399e+01  4.32e-02   2.26e-01     1.14e-04   1030.914s
4835000 -3.45370106e+01 -3.45800118e+01  4.30e-02   2.04e-01     1.13e-04   1031.126s
4836000 -3.45370517e+01 -3.45800983e+01  4.30e-02   1.86e-01     1.11e-04   1031.339s
4837000 -3.45371149e+01 -3.45801880e+01  4.31e-02   1.32e-01     1.10e-04   1031.551s
4838000 -3.45371743e+01 -3.45800804e+01  4.29e-02   2.91e-01     1.10e-04   1031.763s
4839000 -3.45372255e+01 -3.45801295e+01  4.29e-02   4.56e-01     1.09e-04   1031.975s
4840000 -3.45372794e+01 -3.45802132e+01  4.29e-02   1.81e-01     1.08e-04   1032.188s
4841000 -3.45373153e+01 -3.45800847e+01  4.28e-02   6.16e-01     1.07e-04   1032.400s
4842000 -3.45373548e+01 -3.45800929e+01  4.27e-02   2.66e-01     1.06e-04   1032.612s
4843000 -3.45373853e+01 -3.45801818e+01  4.28e-02   2.78e-02     1.07e-04   1032.824s
4844000 -3.45374125e+01 -3.45801606e+01  4.27e-02   7.11e-01     1.07e-04   1033.036s
4845000 -3.45374404e+01 -3.45801426e+01  4.27e-02   2.27e-01     1.08e-04   1033.248s
4846000 -3.45374605e+01 -3.45801718e+01  4.27e-02   3.43e-01     1.07e-04   1033.460s
4847000 -3.45374748e+01 -3.45802245e+01  4.27e-02   3.97e-01     1.06e-04   1033.672s
4848000 -3.45375137e+01 -3.45801842e+01  4.27e-02   1.61e-01     1.05e-04   1033.884s
4849000 -3.45375472e+01 -3.45802104e+01  4.27e-02   2.58e-01     1.04e-04   1034.096s
4850000 -3.45375813e+01 -3.45803146e+01  4.27e-02   4.90e-01     1.04e-04   1034.308s
4851000 -3.45376322e+01 -3.45803339e+01  4.27e-02   2.43e-01     1.04e-04   1034.520s
4852000 -3.45376896e+01 -3.45803217e+01  4.26e-02   1.43e-01     1.04e-04   1034.732s
4853000 -3.45377514e+01 -3.45804121e+01  4.27e-02   1.68e-01     1.05e-04   1034.944s
4854000 -3.45378277e+01 -3.45803981e+01  4.26e-02   9.53e-02     1.05e-04   1035.156s
4855000 -3.45378940e+01 -3.45803275e+01  4.24e-02   2.70e-01     1.05e-04   1035.368s
4856000 -3.45379473e+01 -3.45804530e+01  4.25e-02   2.51e-01     1.06e-04   1035.580s
4857000 -3.45380177e+01 -3.45804585e+01  4.24e-02   2.67e-01     1.06e-04   1035.792s
4858000 -3.45380671e+01 -3.45803917e+01  4.23e-02   1.21e-01     1.06e-04   1036.005s
4859000 -3.45381299e+01 -3.45805162e+01  4.24e-02   1.77e-01     1.06e-04   1036.217s
4860000 -3.45381902e+01 -3.45804476e+01  4.23e-02   4.64e-01     1.06e-04   1036.428s
4861000 -3.45382375e+01 -3.45804022e+01  4.22e-02   2.26e-01     1.05e-04   1036.640s
4862000 -3.45382847e+01 -3.45805283e+01  4.22e-02   4.04e-01     1.05e-04   1036.852s
4863000 -3.45383310e+01 -3.45805048e+01  4.22e-02   2.23e-01     1.04e-04   1037.064s
4864000 -3.45383722e+01 -3.45804904e+01  4.21e-02   3.45e-02     1.04e-04   1037.276s
4865000 -3.45384362e+01 -3.45806045e+01  4.22e-02   1.74e-01     1.04e-04   1037.488s
4866000 -3.45384920e+01 -3.45805738e+01  4.21e-02   2.03e-01     1.04e-04   1037.700s
4867000 -3.45385556e+01 -3.45806219e+01  4.21e-02   4.67e-01     1.04e-04   1037.912s
4868000 -3.45386196e+01 -3.45806668e+01  4.20e-02   2.22e-01     1.05e-04   1038.125s
4869000 -3.45386920e+01 -3.45806818e+01  4.20e-02   5.25e-01     1.05e-04   1038.337s
4870000 -3.45387616e+01 -3.45807281e+01  4.20e-02   1.28e-01     1.06e-04   1038.549s
4871000 -3.45388385e+01 -3.45807239e+01  4.19e-02   6.71e-02     1.06e-04   1038.761s
4872000 -3.45389155e+01 -3.45807432e+01  4.18e-02   3.72e-01     1.06e-04   1038.974s
4873000 -3.45389905e+01 -3.45807682e+01  4.18e-02   5.18e-01     1.06e-04   1039.186s
4874000 -3.45390595e+01 -3.45807414e+01  4.17e-02   2.12e-01     1.06e-04   1039.398s
4875000 -3.45391264e+01 -3.45807708e+01  4.16e-02   3.51e-01     1.06e-04   1039.610s
4876000 -3.45392010e+01 -3.45807676e+01  4.16e-02   4.46e-01     1.06e-04   1039.822s
4877000 -3.45392665e+01 -3.45807838e+01  4.15e-02   1.38e-01     1.05e-04   1040.034s
4878000 -3.45393290e+01 -3.45808371e+01  4.15e-02   4.50e-01     1.05e-04   1040.246s
4879000 -3.45393954e+01 -3.45808185e+01  4.14e-02   3.74e-01     1.05e-04   1040.458s
4880000 -3.45394635e+01 -3.45808759e+01  4.14e-02   1.81e-01     1.05e-04   1040.670s
4881000 -3.45395313e+01 -3.45808850e+01  4.14e-02   9.80e-02     1.05e-04   1040.882s
4882000 -3.45396071e+01 -3.45808859e+01  4.13e-02   2.03e-01     1.04e-04   1041.094s
4883000 -3.45396771e+01 -3.45809084e+01  4.12e-02   1.54e-01     1.04e-04   1041.306s
4884000 -3.45397662e+01 -3.45809590e+01  4.12e-02   3.58e-01     1.03e-04   1041.518s
4885000 -3.45398553e+01 -3.45809657e+01  4.11e-02   2.93e-01     1.03e-04   1041.731s
4886000 -3.45399433e+01 -3.45810507e+01  4.11e-02   1.55e-01     1.02e-04   1041.942s
4887000 -3.45400347e+01 -3.45810370e+01  4.10e-02   4.45e-01     1.02e-04   1042.155s
4888000 -3.45401240e+01 -3.45809520e+01  4.08e-02   4.60e-01     1.01e-04   1042.367s
4889000 -3.45402184e+01 -3.45811420e+01  4.09e-02   1.10e-01     1.01e-04   1042.579s
4890000 -3.45403072e+01 -3.45810532e+01  4.07e-02   1.47e-01     1.00e-04   1042.791s
4891000 -3.45403916e+01 -3.45809999e+01  4.06e-02   3.16e-01     9.98e-05   1043.003s
4892000 -3.45404838e+01 -3.45810431e+01  4.06e-02   2.88e-01     9.98e-05   1043.216s
4893000 -3.45405638e+01 -3.45811126e+01  4.05e-02   2.78e-01     9.90e-05   1043.428s
4894000 -3.45406418e+01 -3.45810598e+01  4.04e-02   4.96e-01     9.86e-05   1043.640s
4895000 -3.45407207e+01 -3.45810279e+01  4.03e-02   2.78e-01     9.84e-05   1043.852s
4896000 -3.45407949e+01 -3.45811566e+01  4.04e-02   2.42e-01     9.80e-05   1044.064s
4897000 -3.45408798e+01 -3.45811951e+01  4.03e-02   2.97e-01     9.78e-05   1044.276s
4898000 -3.45409703e+01 -3.45811376e+01  4.02e-02   3.59e-01     9.74e-05   1044.488s
4899000 -3.45410468e+01 -3.45811237e+01  4.01e-02   4.94e-01     9.70e-05   1044.700s
4900000 -3.45411493e+01 -3.45812482e+01  4.01e-02   7.73e-02     9.72e-05   1044.912s
4901000 -3.45412449e+01 -3.45812298e+01  4.00e-02   4.76e-01     9.76e-05   1045.124s
4902000 -3.45413450e+01 -3.45811679e+01  3.98e-02   1.75e-01     9.80e-05   1045.336s
4903000 -3.45414533e+01 -3.45812451e+01  3.98e-02   4.02e-01     9.84e-05   1045.548s
4904000 -3.45415539e+01 -3.45813327e+01  3.98e-02   1.28e-01     9.83e-05   1045.760s
4905000 -3.45416616e+01 -3.45812749e+01  3.96e-02   2.15e-01     9.82e-05   1045.972s
4906000 -3.45417651e+01 -3.45812706e+01  3.95e-02   1.51e-01     9.81e-05   1046.184s
4907000 -3.45418660e+01 -3.45813311e+01  3.95e-02   1.82e-01     9.78e-05   1046.396s
4908000 -3.45419676e+01 -3.45813122e+01  3.93e-02   2.16e-01     9.72e-05   1046.608s
4909000 -3.45420658e+01 -3.45813126e+01  3.92e-02   3.54e-01     9.71e-05   1046.821s
4910000 -3.45421560e+01 -3.45812707e+01  3.91e-02   7.05e-02     9.57e-05   1047.033s
4911000 -3.45422553e+01 -3.45813659e+01  3.91e-02   3.32e-01     9.59e-05   1047.245s
4912000 -3.45423504e+01 -3.45813585e+01  3.90e-02   2.24e-01     9.62e-05   1047.457s
4913000 -3.45423905e+01 -3.45816301e+01  3.92e-02   3.59e-01     1.09e-04   1047.671s
4914000 -3.45424115e+01 -3.45816999e+01  3.93e-02   1.60e-01     1.22e-04   1047.883s
4915000 -3.45424372e+01 -3.45818268e+01  3.94e-02   1.92e-02     1.34e-04   1048.095s
4916000 -3.45424661e+01 -3.45819625e+01  3.95e-02   7.82e-02     1.42e-04   1048.307s
4917000 -3.45425010e+01 -3.45819263e+01  3.94e-02   6.85e-02     1.42e-04   1048.519s
4918000 -3.45425210e+01 -3.45818148e+01  3.93e-02   2.29e-01     1.42e-04   1048.731s
4919000 -3.45425437e+01 -3.45818947e+01  3.94e-02   1.22e-01     1.45e-04   1048.943s
4920000 -3.45425622e+01 -3.45822180e+01  3.97e-02   1.58e-01     1.52e-04   1049.155s
4921000 -3.45425846e+01 -3.45821687e+01  3.96e-02   1.28e-01     1.59e-04   1049.367s
4922000 -3.45426155e+01 -3.45820838e+01  3.95e-02   2.24e-01     1.60e-04   1049.579s
4923000 -3.45426577e+01 -3.45822825e+01  3.96e-02   2.09e-01     1.61e-04   1049.791s
4924000 -3.45426901e+01 -3.45825329e+01  3.98e-02   1.96e-01     1.65e-04   1050.003s
4925000 -3.45427339e+01 -3.45826102e+01  3.99e-02   7.33e-02     1.68e-04   1050.216s
4926000 -3.45427775e+01 -3.45824956e+01  3.97e-02   2.72e-01     1.71e-04   1050.428s
4927000 -3.45428277e+01 -3.45825000e+01  3.97e-02   5.19e-02     1.72e-04   1050.640s
4928000 -3.45428737e+01 -3.45830812e+01  4.02e-02   3.65e-01     1.71e-04   1050.852s
4929000 -3.45429270e+01 -3.45832052e+01  4.03e-02   2.88e-01     1.67e-04   1051.064s
4930000 -3.45429748e+01 -3.45835630e+01  4.06e-02   1.29e-01     1.65e-04   1051.276s
4931000 -3.45430292e+01 -3.45834456e+01  4.04e-02   1.48e-01     1.65e-04   1051.488s
4932000 -3.45430738e+01 -3.45830355e+01  4.00e-02   2.27e-01     1.61e-04   1051.701s
4933000 -3.45431107e+01 -3.45827862e+01  3.97e-02   1.05e-01     1.62e-04   1051.913s
4934000 -3.45431398e+01 -3.45830116e+01  3.99e-02   1.58e-01     1.63e-04   1052.125s
4935000 -3.45431782e+01 -3.45834786e+01  4.03e-02   1.77e-01     1.58e-04   1052.337s
4936000 -3.45432161e+01 -3.45833476e+01  4.01e-02   2.08e-01     1.57e-04   1052.549s
4937000 -3.45432512e+01 -3.45828855e+01  3.96e-02   3.11e-01     1.57e-04   1052.761s
4938000 -3.45432858e+01 -3.45827476e+01  3.95e-02   2.72e-01     1.51e-04   1052.973s
4939000 -3.45433191e+01 -3.45830119e+01  3.97e-02   2.50e-01     1.49e-04   1053.185s
4940000 -3.45433514e+01 -3.45833956e+01  4.00e-02   3.32e-01     1.49e-04   1053.397s
4941000 -3.45433907e+01 -3.45838075e+01  4.04e-02   1.74e-01     1.46e-04   1053.609s
4942000 -3.45434370e+01 -3.45839397e+01  4.05e-02   4.85e-01     1.49e-04   1053.822s
4943000 -3.45434888e+01 -3.45841216e+01  4.06e-02   1.98e-01     1.46e-04   1054.034s
4944000 -3.45435403e+01 -3.45840941e+01  4.06e-02   2.15e-01     1.40e-04   1054.246s
4945000 -3.45435830e+01 -3.45836955e+01  4.01e-02   2.77e-01     1.38e-04   1054.458s
4946000 -3.45436283e+01 -3.45833016e+01  3.97e-02   8.07e-02     1.36e-04   1054.670s
4947000 -3.45436646e+01 -3.45832650e+01  3.96e-02   2.97e-01     1.30e-04   1054.882s
4948000 -3.45437027e+01 -3.45835249e+01  3.98e-02   3.21e-01     1.31e-04   1055.094s
4949000 -3.45437558e+01 -3.45839775e+01  4.02e-02   1.17e-01     1.29e-04   1055.306s
4950000 -3.45438009e+01 -3.45845212e+01  4.07e-02   1.11e-01     1.31e-04   1055.519s
4951000 -3.45438505e+01 -3.45845686e+01  4.07e-02   1.11e-01     1.29e-04   1055.731s
4952000 -3.45438985e+01 -3.45842252e+01  4.03e-02   2.02e-01     1.28e-04   1055.943s
4953000 -3.45439492e+01 -3.45837515e+01  3.98e-02   5.03e-02     1.27e-04   1056.155s
4954000 -3.45439897e+01 -3.45835476e+01  3.96e-02   2.73e-01     1.29e-04   1056.368s
4955000 -3.45440417e+01 -3.45837610e+01  3.97e-02   1.26e-01     1.23e-04   1056.580s
4956000 -3.45440824e+01 -3.45841073e+01  4.00e-02   1.20e-01     1.21e-04   1056.792s
4957000 -3.45441379e+01 -3.45844662e+01  4.03e-02   1.70e-01     1.20e-04   1057.004s
4958000 -3.45441882e+01 -3.45846573e+01  4.05e-02   1.46e-01     1.17e-04   1057.216s
4959000 -3.45442383e+01 -3.45844912e+01  4.03e-02   1.53e-01     1.15e-04   1057.428s
4960000 -3.45442907e+01 -3.45841740e+01  3.99e-02   1.08e-01     1.15e-04   1057.640s
4961000 -3.45443336e+01 -3.45839350e+01  3.96e-02   9.88e-02     1.13e-04   1057.852s
4962000 -3.45443812e+01 -3.45839503e+01  3.96e-02   1.88e-01     1.16e-04   1058.064s
4963000 -3.45444290e+01 -3.45841382e+01  3.97e-02   1.08e-01     1.14e-04   1058.276s
4964000 -3.45444795e+01 -3.45844448e+01  4.00e-02   9.83e-02     1.12e-04   1058.488s
4965000 -3.45445337e+01 -3.45847911e+01  4.03e-02   2.19e-01     1.15e-04   1058.700s
4966000 -3.45445990e+01 -3.45849671e+01  4.04e-02   8.62e-02     1.12e-04   1058.912s
4967000 -3.45446517e+01 -3.45848321e+01  4.02e-02   1.76e-01     1.13e-04   1059.124s
4968000 -3.45447204e+01 -3.45845828e+01  3.99e-02   1.15e-01     1.13e-04   1059.336s
4969000 -3.45447703e+01 -3.45844597e+01  3.97e-02   9.15e-02     1.15e-04   1059.548s
4970000 -3.45448389e+01 -3.45846574e+01  3.98e-02   1.30e-01     1.14e-04   1059.759s
4971000 -3.45449158e+01 -3.45849991e+01  4.01e-02   5.03e-02     1.12e-04   1059.972s
4972000 -3.45450116e+01 -3.45853430e+01  4.03e-02   1.63e-01     1.12e-04   1060.184s
4973000 -3.45451116e+01 -3.45853549e+01  4.02e-02   1.61e-01     1.12e-04   1060.396s
4974000 -3.45452180e+01 -3.45852664e+01  4.00e-02   1.48e-01     1.14e-04   1060.608s
4975000 -3.45453189e+01 -3.45851399e+01  3.98e-02   1.37e-01     1.12e-04   1060.821s
4976000 -3.45454352e+01 -3.45851262e+01  3.97e-02   1.82e-01     1.13e-04   1061.033s
4977000 -3.45455546e+01 -3.45853737e+01  3.98e-02   1.42e-01     1.12e-04   1061.245s
4978000 -3.45456765e+01 -3.45857111e+01  4.00e-02   1.37e-01     1.16e-04   1061.457s
4979000 -3.45458149e+01 -3.45861411e+01  4.03e-02   7.95e-02     1.22e-04   1061.669s
4980000 -3.45459548e+01 -3.45863401e+01  4.04e-02   1.52e-01     1.19e-04   1061.881s
4981000 -3.45461075e+01 -3.45862656e+01  4.02e-02   1.39e-02     1.21e-04   1062.092s
4982000 -3.45462499e+01 -3.45861078e+01  3.99e-02   4.00e-02     1.22e-04   1062.305s
4983000 -3.45463988e+01 -3.45859451e+01  3.95e-02   1.63e-01     1.22e-04   1062.517s
4984000 -3.45465450e+01 -3.45860369e+01  3.95e-02   1.53e-01     1.26e-04   1062.729s
4985000 -3.45466373e+01 -3.45872579e+01  4.06e-02   1.31e-01     1.60e-04   1062.943s
4986000 -3.45466809e+01 -3.45882941e+01  4.16e-02   2.01e-01     1.77e-04   1063.154s
4987000 -3.45467347e+01 -3.45889237e+01  4.22e-02   7.06e-02     1.79e-04   1063.366s
4988000 -3.45467903e+01 -3.45888905e+01  4.21e-02   5.81e-02     1.89e-04   1063.579s
4989000 -3.45468571e+01 -3.45887467e+01  4.19e-02   1.02e-01     1.89e-04   1063.791s
4990000 -3.45469263e+01 -3.45883457e+01  4.14e-02   3.80e-02     1.86e-04   1064.004s
4991000 -3.45469996e+01 -3.45883766e+01  4.14e-02   2.05e-02     1.93e-04   1064.216s
4992000 -3.45470765e+01 -3.45891766e+01  4.21e-02   5.99e-02     2.11e-04   1064.428s
4993000 -3.45471613e+01 -3.45908704e+01  4.37e-02   1.33e-01     2.00e-04   1064.640s
4994000 -3.45472526e+01 -3.45923965e+01  4.51e-02   1.85e-02     2.05e-04   1064.852s
4995000 -3.45473533e+01 -3.45934644e+01  4.61e-02   4.02e-02     1.99e-04   1065.064s
4996000 -3.45474518e+01 -3.45937028e+01  4.63e-02   2.90e-02     1.97e-04   1065.276s
4997000 -3.45475521e+01 -3.45933213e+01  4.58e-02   1.33e-01     2.09e-04   1065.489s
4998000 -3.45476513e+01 -3.45926577e+01  4.50e-02   5.20e-02     2.12e-04   1065.701s
4999000 -3.45477502e+01 -3.45919316e+01  4.42e-02   4.82e-02     2.33e-04   1065.912s
5000000 -3.45478586e+01 -3.45915417e+01  4.37e-02   4.74e-02     2.30e-04   1066.124s
5001000 -3.45479672e+01 -3.45915659e+01  4.36e-02   1.39e-01     2.28e-04   1066.337s
5002000 -3.45480790e+01 -3.45915881e+01  4.35e-02   9.99e-02     2.43e-04   1066.549s
5003000 -3.45481951e+01 -3.45917085e+01  4.35e-02   9.29e-02     2.43e-04   1066.760s
5004000 -3.45483130e+01 -3.45918837e+01  4.36e-02   6.67e-02     2.47e-04   1066.972s
5005000 -3.45484355e+01 -3.45922620e+01  4.38e-02   1.52e-01     2.44e-04   1067.185s
5006000 -3.45485639e+01 -3.45929324e+01  4.44e-02   6.86e-02     2.47e-04   1067.397s
5007000 -3.45486939e+01 -3.45934230e+01  4.47e-02   2.01e-01     2.56e-04   1067.609s
5008000 -3.45488236e+01 -3.45940778e+01  4.53e-02   6.39e-02     2.75e-04   1067.821s
5009000 -3.45489613e+01 -3.45945500e+01  4.56e-02   1.70e-01     2.72e-04   1068.033s
5010000 -3.45491023e+01 -3.45947572e+01  4.57e-02   1.08e-01     2.72e-04   1068.245s
5011000 -3.45492468e+01 -3.45946679e+01  4.54e-02   1.35e-01     2.86e-04   1068.457s
5012000 -3.45493952e+01 -3.45943320e+01  4.49e-02   1.14e-01     2.95e-04   1068.669s
5013000 -3.45495414e+01 -3.45940536e+01  4.45e-02   1.95e-02     2.91e-04   1068.881s
5014000 -3.45496878e+01 -3.45938342e+01  4.41e-02   1.14e-01     2.91e-04   1069.093s
5015000 -3.45498374e+01 -3.45937142e+01  4.39e-02   2.57e-02     3.10e-04   1069.305s
5016000 -3.45499896e+01 -3.45935648e+01  4.36e-02   1.44e-01     3.25e-04   1069.517s
5017000 -3.45501441e+01 -3.45935609e+01  4.34e-02   1.73e-01     3.40e-04   1069.729s
5018000 -3.45502975e+01 -3.45935945e+01  4.33e-02   6.80e-02     3.52e-04   1069.942s
5019000 -3.45504555e+01 -3.45936210e+01  4.32e-02   1.12e-01     3.59e-04   1070.154s
5020000 -3.45506160e+01 -3.45937534e+01  4.31e-02   1.57e-01     3.85e-04   1070.366s
5021000 -3.45507811e+01 -3.45940068e+01  4.32e-02   6.68e-02     3.99e-04   1070.578s
5022000 -3.45509478e+01 -3.45943853e+01  4.34e-02   1.68e-01     4.07e-04   1070.791s
5023000 -3.45511096e+01 -3.45947584e+01  4.36e-02   1.61e-01     4.24e-04   1071.003s
5024000 -3.45512770e+01 -3.45950002e+01  4.37e-02   8.62e-02     4.44e-04   1071.215s
5025000 -3.45514420e+01 -3.45950733e+01  4.36e-02   7.67e-02     4.63e-04   1071.427s
5026000 -3.45516137e+01 -3.45951786e+01  4.36e-02   3.12e-02     4.80e-04   1071.639s
5027000 -3.45517824e+01 -3.45951971e+01  4.34e-02   1.80e-01     5.00e-04   1071.851s
5028000 -3.45519547e+01 -3.45952901e+01  4.33e-02   1.59e-01     5.11e-04   1072.063s
5029000 -3.45521259e+01 -3.45953457e+01  4.32e-02   7.77e-02     5.28e-04   1072.275s
5030000 -3.45522984e+01 -3.45953361e+01  4.30e-02   1.23e-01     5.41e-04   1072.487s
5031000 -3.45524680e+01 -3.45952035e+01  4.27e-02   8.05e-02     5.33e-04   1072.699s
5032000 -3.45526374e+01 -3.45950457e+01  4.24e-02   2.41e-01     5.05e-04   1072.911s
5033000 -3.45527964e+01 -3.45946470e+01  4.19e-02   4.61e-02     4.77e-04   1073.124s
5034000 -3.45529481e+01 -3.45940584e+01  4.11e-02   1.27e-01     4.59e-04   1073.336s
5035000 -3.45530840e+01 -3.45933194e+01  4.02e-02   2.51e-01     4.39e-04   1073.548s
5036000 -3.45532073e+01 -3.45926941e+01  3.95e-02   1.59e-01     3.95e-04   1073.760s
5037000 -3.45533118e+01 -3.45922390e+01  3.89e-02   1.90e-01     3.12e-04   1073.972s
5038000 -3.45533970e+01 -3.45918701e+01  3.85e-02   1.12e-01     2.67e-04   1074.184s
5039000 -3.45534702e+01 -3.45917056e+01  3.82e-02   2.20e-01     2.51e-04   1074.396s
5040000 -3.45535295e+01 -3.45915399e+01  3.80e-02   9.05e-02     2.43e-04   1074.609s
5041000 -3.45535871e+01 -3.45914478e+01  3.79e-02   1.02e-01     2.48e-04   1074.820s
5042000 -3.45536249e+01 -3.45913403e+01  3.77e-02   2.79e-01     2.70e-04   1075.032s
5043000 -3.45536572e+01 -3.45913385e+01  3.77e-02   1.28e-01     2.79e-04   1075.245s
5044000 -3.45536753e+01 -3.45914397e+01  3.78e-02   8.93e-02     2.79e-04   1075.457s
5045000 -3.45536853e+01 -3.45916483e+01  3.80e-02   8.88e-02     2.83e-04   1075.670s
5046000 -3.45536951e+01 -3.45918835e+01  3.82e-02   8.07e-02     2.91e-04   1075.882s
5047000 -3.45537019e+01 -3.45919846e+01  3.83e-02   1.27e-01     2.99e-04   1076.095s
5048000 -3.45537083e+01 -3.45918375e+01  3.81e-02   7.00e-02     3.00e-04   1076.306s
5049000 -3.45537061e+01 -3.45914584e+01  3.78e-02   7.32e-02     2.93e-04   1076.519s
5050000 -3.45537347e+01 -3.45919673e+01  3.82e-02   1.11e-01     3.27e-04   1076.733s
5051000 -3.45537635e+01 -3.45920800e+01  3.83e-02   8.10e-02     3.43e-04   1076.945s
5052000 -3.45537941e+01 -3.45922699e+01  3.85e-02   2.78e-02     3.50e-04   1077.157s
5053000 -3.45538261e+01 -3.45923397e+01  3.85e-02   3.57e-02     3.40e-04   1077.369s
5054000 -3.45538573e+01 -3.45923936e+01  3.85e-02   7.13e-02     3.24e-04   1077.581s
5055000 -3.45538910e+01 -3.45924098e+01  3.85e-02   4.30e-02     3.10e-04   1077.794s
5056000 -3.45539235e+01 -3.45923010e+01  3.84e-02   3.71e-02     3.32e-04   1078.005s
5057000 -3.45539573e+01 -3.45920950e+01  3.81e-02   1.91e-02     3.46e-04   1078.218s
5058000 -3.45539919e+01 -3.45922898e+01  3.83e-02   4.10e-02     3.62e-04   1078.430s
5059000 -3.45540331e+01 -3.45924226e+01  3.84e-02   6.57e-02     3.76e-04   1078.642s
5060000 -3.45540768e+01 -3.45929243e+01  3.88e-02   7.37e-02     4.01e-04   1078.855s
5061000 -3.45541229e+01 -3.45933890e+01  3.93e-02   5.65e-02     4.41e-04   1079.068s
5062000 -3.45541729e+01 -3.45940729e+01  3.99e-02   6.55e-02     4.61e-04   1079.281s
5063000 -3.45542268e+01 -3.45945628e+01  4.03e-02   6.61e-02     4.88e-04   1079.493s
5064000 -3.45542838e+01 -3.45946686e+01  4.04e-02   8.66e-02     5.20e-04   1079.706s
5065000 -3.45543426e+01 -3.45945856e+01  4.02e-02   7.16e-02     5.44e-04   1079.918s
5066000 -3.45544012e+01 -3.45943581e+01  4.00e-02   5.43e-02     5.72e-04   1080.130s
5067000 -3.45544650e+01 -3.45941117e+01  3.96e-02   5.30e-02     6.04e-04   1080.343s
5068000 -3.45545280e+01 -3.45938444e+01  3.93e-02   8.08e-02     6.32e-04   1080.556s
5069000 -3.45545954e+01 -3.45936691e+01  3.91e-02   5.44e-02     6.63e-04   1080.768s
5070000 -3.45546611e+01 -3.45938453e+01  3.92e-02   3.29e-02     6.90e-04   1080.980s
5071000 -3.45547298e+01 -3.45940860e+01  3.94e-02   5.02e-02     7.28e-04   1081.193s
5072000 -3.45548004e+01 -3.45944222e+01  3.96e-02   3.06e-02     7.56e-04   1081.406s
5073000 -3.45548713e+01 -3.45948695e+01  4.00e-02   2.14e-02     7.90e-04   1081.618s
5074000 -3.45549481e+01 -3.45953501e+01  4.04e-02   3.43e-02     8.18e-04   1081.831s
5075000 -3.45550247e+01 -3.45956679e+01  4.06e-02   2.40e-02     8.43e-04   1082.043s
5076000 -3.45551009e+01 -3.45958557e+01  4.08e-02   3.39e-02     8.67e-04   1082.256s
5077000 -3.45551795e+01 -3.45959499e+01  4.08e-02   1.79e-02     8.97e-04   1082.469s
5078000 -3.45552587e+01 -3.45960489e+01  4.08e-02   2.87e-02     9.19e-04   1082.681s
5079000 -3.45553398e+01 -3.45961607e+01  4.08e-02   2.01e-02     9.51e-04   1082.894s
5080000 -3.45554219e+01 -3.45961242e+01  4.07e-02   1.62e-02     9.74e-04   1083.107s
5081000 -3.45555034e+01 -3.45960787e+01  4.06e-02   2.37e-02     9.93e-04   1083.319s
5082000 -3.45555867e+01 -3.45961793e+01  4.06e-02   1.73e-02     1.02e-03   1083.531s
5083000 -3.45556732e+01 -3.45963005e+01  4.06e-02   4.83e-02     1.04e-03   1083.744s
5084000 -3.45557601e+01 -3.45964951e+01  4.07e-02   1.28e-02     1.06e-03   1083.956s
5085000 -3.45558476e+01 -3.45966242e+01  4.08e-02   3.12e-02     1.08e-03   1084.169s
5086000 -3.45559352e+01 -3.45967451e+01  4.08e-02   3.83e-02     1.11e-03   1084.381s
5087000 -3.45560255e+01 -3.45970635e+01  4.10e-02   7.49e-02     1.14e-03   1084.594s
5088000 -3.45561192e+01 -3.45974522e+01  4.13e-02   3.77e-02     1.16e-03   1084.807s
5089000 -3.45562132e+01 -3.45978598e+01  4.16e-02   4.27e-02     1.18e-03   1085.019s
5090000 -3.45563069e+01 -3.45981770e+01  4.19e-02   7.21e-02     1.21e-03   1085.231s
5091000 -3.45564029e+01 -3.45984200e+01  4.20e-02   5.36e-02     1.24e-03   1085.444s
5092000 -3.45565035e+01 -3.45986192e+01  4.21e-02   2.34e-02     1.26e-03   1085.656s
5093000 -3.45566021e+01 -3.45987928e+01  4.22e-02   3.57e-02     1.29e-03   1085.868s
5094000 -3.45567001e+01 -3.45989967e+01  4.23e-02   8.46e-02     1.32e-03   1086.081s
5095000 -3.45567993e+01 -3.45991495e+01  4.24e-02   3.32e-02     1.34e-03   1086.293s
5096000 -3.45569018e+01 -3.45992932e+01  4.24e-02   1.45e-02     1.37e-03   1086.505s
5097000 -3.45570059e+01 -3.45993888e+01  4.24e-02   5.89e-02     1.39e-03   1086.718s
5098000 -3.45571108e+01 -3.45994299e+01  4.23e-02   1.25e-02     1.41e-03   1086.930s
5099000 -3.45572156e+01 -3.45994388e+01  4.22e-02   3.42e-02     1.43e-03   1087.142s
5100000 -3.45573212e+01 -3.45994646e+01  4.21e-02   2.08e-02     1.45e-03   1087.354s
5101000 -3.45574286e+01 -3.45994915e+01  4.21e-02   1.80e-02     1.47e-03   1087.566s
5102000 -3.45575390e+01 -3.45995450e+01  4.20e-02   2.29e-02     1.50e-03   1087.778s
5103000 -3.45576484e+01 -3.45995863e+01  4.19e-02   7.63e-03     1.52e-03   1087.990s
5104000 -3.45577583e+01 -3.45997629e+01  4.20e-02   1.32e-02     1.54e-03   1088.203s
5105000 -3.45578689e+01 -3.45999276e+01  4.21e-02   3.53e-02     1.56e-03   1088.415s
5106000 -3.45579847e+01 -3.45999942e+01  4.20e-02   2.81e-02     1.58e-03   1088.627s
5107000 -3.45580974e+01 -3.46000745e+01  4.20e-02   3.70e-02     1.60e-03   1088.839s
5108000 -3.45582127e+01 -3.46001443e+01  4.19e-02   1.63e-02     1.62e-03   1089.051s
5109000 -3.45583303e+01 -3.46003814e+01  4.21e-02   9.50e-03     1.63e-03   1089.263s
5110000 -3.45584475e+01 -3.46005534e+01  4.21e-02   2.11e-02     1.65e-03   1089.475s
5111000 -3.45585662e+01 -3.46007106e+01  4.21e-02   3.31e-02     1.66e-03   1089.687s
5112000 -3.45586863e+01 -3.46009685e+01  4.23e-02   2.41e-02     1.68e-03   1089.899s
5113000 -3.45588079e+01 -3.46012168e+01  4.24e-02   3.83e-02     1.69e-03   1090.111s
5114000 -3.45589301e+01 -3.46015601e+01  4.26e-02   2.52e-02     1.70e-03   1090.323s
5115000 -3.45590543e+01 -3.46017360e+01  4.27e-02   2.99e-02     1.72e-03   1090.535s
5116000 -3.45591790e+01 -3.46019033e+01  4.27e-02   3.33e-02     1.73e-03   1090.748s
5117000 -3.45593044e+01 -3.46019839e+01  4.27e-02   1.38e-02     1.74e-03   1090.959s
5118000 -3.45594311e+01 -3.46021154e+01  4.27e-02   2.15e-02     1.75e-03   1091.172s
5119000 -3.45595586e+01 -3.46022155e+01  4.27e-02   5.24e-02     1.76e-03   1091.383s
5120000 -3.45596856e+01 -3.46022495e+01  4.26e-02   3.34e-02     1.77e-03   1091.595s
5121000 -3.45598139e+01 -3.46023808e+01  4.26e-02   1.27e-02     1.78e-03   1091.807s
5122000 -3.45599452e+01 -3.46024989e+01  4.26e-02   2.81e-02     1.79e-03   1092.019s
5123000 -3.45600771e+01 -3.46026283e+01  4.26e-02   1.72e-02     1.80e-03   1092.232s
5124000 -3.45602084e+01 -3.46028310e+01  4.26e-02   2.09e-02     1.81e-03   1092.443s
5125000 -3.45603433e+01 -3.46032024e+01  4.29e-02   2.93e-02     1.83e-03   1092.655s
5126000 -3.45604781e+01 -3.46035186e+01  4.30e-02   2.50e-02     1.85e-03   1092.867s
5127000 -3.45606127e+01 -3.46037543e+01  4.31e-02   1.25e-02     1.87e-03   1093.079s
5128000 -3.45607505e+01 -3.46039727e+01  4.32e-02   1.58e-02     1.88e-03   1093.291s
5129000 -3.45608899e+01 -3.46041746e+01  4.33e-02   2.36e-02     1.89e-03   1093.503s
5130000 -3.45610277e+01 -3.46043021e+01  4.33e-02   4.01e-02     1.89e-03   1093.715s
5131000 -3.45611671e+01 -3.46043160e+01  4.31e-02   1.06e-02     1.90e-03   1093.927s
5132000 -3.45613059e+01 -3.46042108e+01  4.29e-02   2.26e-02     1.90e-03   1094.140s
5133000 -3.45614464e+01 -3.46040554e+01  4.26e-02   1.98e-02     1.90e-03   1094.352s
5134000 -3.45615879e+01 -3.46038399e+01  4.23e-02   1.55e-02     1.91e-03   1094.563s
5135000 -3.45617281e+01 -3.46035825e+01  4.19e-02   1.11e-02     1.90e-03   1094.776s
5136000 -3.45618695e+01 -3.46033064e+01  4.14e-02   1.75e-02     1.90e-03   1094.988s
5137000 -3.45620108e+01 -3.46029903e+01  4.10e-02   2.91e-02     1.91e-03   1095.200s
5138000 -3.45621556e+01 -3.46027588e+01  4.06e-02   1.65e-02     1.91e-03   1095.412s
5139000 -3.45622987e+01 -3.46026824e+01  4.04e-02   5.32e-02     1.91e-03   1095.624s
5140000 -3.45624409e+01 -3.46026599e+01  4.02e-02   2.23e-02     1.90e-03   1095.836s
5141000 -3.45625840e+01 -3.46026022e+01  4.00e-02   6.48e-02     1.90e-03   1096.049s
5142000 -3.45627283e+01 -3.46026497e+01  3.99e-02   1.98e-02     1.90e-03   1096.261s
5143000 -3.45628718e+01 -3.46027112e+01  3.98e-02   3.47e-02     1.91e-03   1096.474s
5144000 -3.45630152e+01 -3.46028747e+01  3.99e-02   2.86e-02     1.91e-03   1096.686s
5145000 -3.45631595e+01 -3.46030995e+01  3.99e-02   5.13e-02     1.91e-03   1096.897s
5146000 -3.45633037e+01 -3.46033448e+01  4.00e-02   3.08e-02     1.92e-03   1097.109s
5147000 -3.45634496e+01 -3.46036148e+01  4.02e-02   3.01e-02     1.92e-03   1097.321s
5148000 -3.45635970e+01 -3.46039954e+01  4.04e-02   1.96e-02     1.93e-03   1097.533s
5149000 -3.45637437e+01 -3.46044847e+01  4.07e-02   3.17e-02     1.94e-03   1097.745s
5150000 -3.45638932e+01 -3.46050800e+01  4.12e-02   4.77e-02     1.94e-03   1097.958s
5151000 -3.45640432e+01 -3.46056282e+01  4.16e-02   2.58e-02     1.94e-03   1098.170s
5152000 -3.45641941e+01 -3.46061352e+01  4.19e-02   2.29e-02     1.94e-03   1098.382s
5153000 -3.45643468e+01 -3.46065933e+01  4.22e-02   2.27e-02     1.95e-03   1098.594s
5154000 -3.45645010e+01 -3.46070723e+01  4.26e-02   4.37e-02     1.95e-03   1098.806s
5155000 -3.45646565e+01 -3.46074752e+01  4.28e-02   4.12e-02     1.94e-03   1099.018s
5156000 -3.45648123e+01 -3.46077683e+01  4.30e-02   2.98e-02     1.94e-03   1099.229s
5157000 -3.45649686e+01 -3.46078990e+01  4.29e-02   2.14e-02     1.93e-03   1099.442s
5158000 -3.45651238e+01 -3.46078518e+01  4.27e-02   2.14e-02     1.93e-03   1099.654s
5159000 -3.45652834e+01 -3.46077085e+01  4.24e-02   2.83e-02     1.93e-03   1099.865s
5160000 -3.45654394e+01 -3.46075207e+01  4.21e-02   4.59e-02     1.93e-03   1100.077s
5161000 -3.45655957e+01 -3.46071863e+01  4.16e-02   2.72e-02     1.94e-03   1100.290s
5162000 -3.45657538e+01 -3.46067391e+01  4.10e-02   1.72e-02     1.94e-03   1100.502s
5163000 -3.45659106e+01 -3.46061936e+01  4.03e-02   2.13e-02     1.94e-03   1100.714s
5164000 -3.45660691e+01 -3.46057159e+01  3.96e-02   3.50e-02     1.95e-03   1100.926s
5165000 -3.45662247e+01 -3.46053153e+01  3.91e-02   2.74e-02     1.95e-03   1101.138s
5166000 -3.45663808e+01 -3.46049789e+01  3.86e-02   2.25e-02     1.95e-03   1101.350s
5167000 -3.45665355e+01 -3.46047157e+01  3.82e-02   3.04e-02     1.95e-03   1101.562s
5168000 -3.45666906e+01 -3.46044560e+01  3.78e-02   3.13e-02     1.95e-03   1101.774s
5169000 -3.45668463e+01 -3.46043952e+01  3.75e-02   3.81e-02     1.95e-03   1101.987s
5170000 -3.45670026e+01 -3.46044487e+01  3.74e-02   1.86e-02     1.94e-03   1102.198s
5171000 -3.45671591e+01 -3.46046432e+01  3.75e-02   3.45e-02     1.94e-03   1102.410s
5172000 -3.45673155e+01 -3.46048743e+01  3.76e-02   2.95e-02     1.94e-03   1102.622s
5173000 -3.45674725e+01 -3.46051280e+01  3.77e-02   7.54e-03     1.93e-03   1102.834s
5174000 -3.45676304e+01 -3.46054531e+01  3.78e-02   2.28e-02     1.93e-03   1103.047s
5175000 -3.45677877e+01 -3.46057903e+01  3.80e-02   5.27e-02     1.92e-03   1103.259s
5176000 -3.45679460e+01 -3.46060757e+01  3.81e-02   3.71e-02     1.92e-03   1103.472s
5177000 -3.45681041e+01 -3.46063273e+01  3.82e-02   2.06e-02     1.92e-03   1103.683s
5178000 -3.45682622e+01 -3.46065441e+01  3.83e-02   1.52e-02     1.92e-03   1103.895s
5179000 -3.45684201e+01 -3.46067556e+01  3.83e-02   5.29e-02     1.92e-03   1104.108s
5180000 -3.45685774e+01 -3.46069595e+01  3.84e-02   2.38e-02     1.92e-03   1104.320s
5181000 -3.45687356e+01 -3.46070285e+01  3.83e-02   1.03e-02     1.92e-03   1104.533s
5182000 -3.45688923e+01 -3.46070162e+01  3.81e-02   3.77e-02     1.91e-03   1104.744s
5183000 -3.45690486e+01 -3.46068543e+01  3.78e-02   1.20e-02     1.91e-03   1104.956s
5184000 -3.45692048e+01 -3.46066243e+01  3.74e-02   1.95e-02     1.91e-03   1105.168s
5185000 -3.45693593e+01 -3.46063650e+01  3.70e-02   2.29e-02     1.91e-03   1105.380s
5186000 -3.45695123e+01 -3.46060998e+01  3.66e-02   2.25e-02     1.90e-03   1105.592s
5187000 -3.45696633e+01 -3.46058533e+01  3.62e-02   2.61e-02     1.90e-03   1105.805s
5188000 -3.45698141e+01 -3.46055296e+01  3.57e-02   1.20e-02     1.90e-03   1106.017s
5189000 -3.45699631e+01 -3.46052166e+01  3.53e-02   1.88e-02     1.89e-03   1106.229s
5190000 -3.45701102e+01 -3.46049238e+01  3.48e-02   4.85e-02     1.89e-03   1106.441s
5191000 -3.45702557e+01 -3.46046860e+01  3.44e-02   1.63e-02     1.89e-03   1106.653s
5192000 -3.45704008e+01 -3.46045176e+01  3.41e-02   2.18e-02     1.88e-03   1106.866s
5193000 -3.45705436e+01 -3.46043820e+01  3.38e-02   4.78e-02     1.88e-03   1107.078s
5194000 -3.45706869e+01 -3.46042928e+01  3.36e-02   3.11e-02     1.88e-03   1107.290s
5195000 -3.45708279e+01 -3.46042584e+01  3.34e-02   1.36e-02     1.87e-03   1107.502s
5196000 -3.45709679e+01 -3.46042433e+01  3.33e-02   1.76e-02     1.87e-03   1107.714s
5197000 -3.45711066e+01 -3.46043257e+01  3.32e-02   2.56e-02     1.87e-03   1107.926s
5198000 -3.45712432e+01 -3.46044584e+01  3.32e-02   1.61e-02     1.86e-03   1108.138s
5199000 -3.45713800e+01 -3.46045620e+01  3.32e-02   1.73e-02     1.85e-03   1108.351s
5200000 -3.45715152e+01 -3.46047043e+01  3.32e-02   2.44e-02     1.85e-03   1108.563s
5201000 -3.45716491e+01 -3.46048996e+01  3.33e-02   1.08e-02     1.84e-03   1108.775s
5202000 -3.45717827e+01 -3.46051388e+01  3.34e-02   1.82e-02     1.84e-03   1108.987s
5203000 -3.45719162e+01 -3.46052583e+01  3.33e-02   5.22e-03     1.83e-03   1109.199s
5204000 -3.45720480e+01 -3.46052841e+01  3.32e-02   1.58e-02     1.83e-03   1109.411s
5205000 -3.45721799e+01 -3.46052334e+01  3.31e-02   1.48e-02     1.83e-03   1109.623s
5206000 -3.45723105e+01 -3.46051713e+01  3.29e-02   1.26e-02     1.84e-03   1109.835s
5207000 -3.45724391e+01 -3.46050449e+01  3.26e-02   1.66e-02     1.84e-03   1110.047s
5208000 -3.45725668e+01 -3.46048204e+01  3.23e-02   1.23e-02     1.84e-03   1110.259s
5209000 -3.45726919e+01 -3.46045566e+01  3.19e-02   7.73e-03     1.85e-03   1110.471s
5210000 -3.45728148e+01 -3.46043204e+01  3.15e-02   3.76e-03     1.85e-03   1110.684s
5211000 -3.45729361e+01 -3.46040969e+01  3.12e-02   4.70e-03     1.85e-03   1110.896s
5212000 -3.45730551e+01 -3.46038742e+01  3.08e-02   8.96e-03     1.86e-03   1111.108s
5213000 -3.45731733e+01 -3.46036777e+01  3.05e-02   1.60e-02     1.86e-03   1111.320s
5214000 -3.45732901e+01 -3.46035327e+01  3.02e-02   1.40e-02     1.86e-03   1111.532s
5215000 -3.45734052e+01 -3.46034745e+01  3.01e-02   1.92e-02     1.86e-03   1111.744s
5216000 -3.45735195e+01 -3.46033946e+01  2.99e-02   2.06e-02     1.86e-03   1111.956s
5217000 -3.45736320e+01 -3.46032576e+01  2.96e-02   7.54e-03     1.86e-03   1112.168s
5218000 -3.45737418e+01 -3.46031617e+01  2.94e-02   1.14e-02     1.86e-03   1112.380s
5219000 -3.45738502e+01 -3.46031964e+01  2.93e-02   2.59e-02     1.84e-03   1112.592s
5220000 -3.45739567e+01 -3.46031955e+01  2.92e-02   6.50e-03     1.85e-03   1112.804s
5221000 -3.45740620e+01 -3.46033349e+01  2.93e-02   3.89e-02     1.85e-03   1113.016s
5222000 -3.45741647e+01 -3.46033472e+01  2.92e-02   2.30e-02     1.84e-03   1113.228s
5223000 -3.45742631e+01 -3.46032387e+01  2.90e-02   5.15e-02     1.83e-03   1113.440s
5224000 -3.45743619e+01 -3.46028566e+01  2.85e-02   1.54e-02     1.78e-03   1113.653s
5225000 -3.45744519e+01 -3.46025846e+01  2.81e-02   5.09e-02     1.66e-03   1113.865s
5226000 -3.45745432e+01 -3.46023627e+01  2.78e-02   7.55e-02     1.52e-03   1114.077s
5227000 -3.45746264e+01 -3.46020503e+01  2.74e-02   1.23e-02     1.29e-03   1114.289s
5228000 -3.45747024e+01 -3.46021134e+01  2.74e-02   4.96e-02     1.21e-03   1114.501s
5229000 -3.45747724e+01 -3.46017458e+01  2.70e-02   7.28e-02     1.26e-03   1114.714s
5230000 -3.45748362e+01 -3.46009931e+01  2.62e-02   5.46e-02     1.32e-03   1114.926s
5231000 -3.45748940e+01 -3.46000611e+01  2.52e-02   1.07e-01     1.44e-03   1115.138s
5232000 -3.45749522e+01 -3.45991230e+01  2.42e-02   6.03e-02     1.58e-03   1115.351s
5233000 -3.45750081e+01 -3.45982795e+01  2.33e-02   2.54e-02     1.62e-03   1115.563s
5234000 -3.45750523e+01 -3.45980093e+01  2.30e-02   5.31e-02     1.60e-03   1115.775s
5235000 -3.45750946e+01 -3.45986893e+01  2.36e-02   9.36e-02     1.60e-03   1115.987s
5236000 -3.45751330e+01 -3.45983400e+01  2.32e-02   5.72e-02     1.62e-03   1116.199s
5237000 -3.45751624e+01 -3.45975920e+01  2.24e-02   2.48e-02     1.67e-03   1116.411s
5238000 -3.45751859e+01 -3.45980368e+01  2.29e-02   5.73e-02     1.76e-03   1116.623s
5239000 -3.45752065e+01 -3.45981630e+01  2.30e-02   2.76e-02     1.81e-03   1116.836s
5240000 -3.45752200e+01 -3.45962169e+01  2.10e-02   3.20e-02     1.82e-03   1117.048s
5241000 -3.45752282e+01 -3.45953927e+01  2.02e-02   2.22e-02     1.85e-03   1117.260s
5242000 -3.45752285e+01 -3.45947143e+01  1.95e-02   3.01e-02     1.88e-03   1117.472s
5243000 -3.45752207e+01 -3.45931065e+01  1.79e-02   1.79e-02     1.87e-03   1117.685s
5244000 -3.45752042e+01 -3.45922977e+01  1.71e-02   2.35e-02     1.89e-03   1117.896s
5245000 -3.45751839e+01 -3.45919252e+01  1.67e-02   2.77e-02     1.94e-03   1118.109s
5246000 -3.45751582e+01 -3.45912613e+01  1.61e-02   2.31e-02     1.96e-03   1118.321s
5247000 -3.45751263e+01 -3.45909606e+01  1.58e-02   1.03e-02     1.98e-03   1118.532s
5248000 -3.45750926e+01 -3.45922158e+01  1.71e-02   3.04e-02     2.04e-03   1118.745s
5249000 -3.45750555e+01 -3.45914355e+01  1.64e-02   4.30e-02     2.07e-03   1118.957s
5250000 -3.45750146e+01 -3.45909054e+01  1.59e-02   1.61e-02     2.10e-03   1119.169s
5251000 -3.45749734e+01 -3.45909512e+01  1.60e-02   4.74e-02     2.14e-03   1119.381s
5252000 -3.45749280e+01 -3.45910283e+01  1.61e-02   3.02e-02     2.17e-03   1119.593s
5253000 -3.45749044e+01 -3.45936585e+01  1.88e-02   3.59e-01     1.43e-03   1119.805s
5254000 -3.45749873e+01 -3.45946766e+01  1.97e-02   1.35e-01     9.06e-04   1120.019s
5255000 -3.45751024e+01 -3.45949303e+01  1.98e-02   1.81e-02     8.80e-04   1120.231s
5256000 -3.45752152e+01 -3.45949810e+01  1.98e-02   7.64e-02     8.24e-04   1120.443s
5257000 -3.45753258e+01 -3.45950443e+01  1.97e-02   6.08e-02     7.66e-04   1120.655s
5258000 -3.45754340e+01 -3.45950427e+01  1.96e-02   1.38e-02     7.14e-04   1120.867s
5259000 -3.45755387e+01 -3.45949291e+01  1.94e-02   2.72e-02     6.70e-04   1121.079s
5260000 -3.45756439e+01 -3.45947763e+01  1.91e-02   5.78e-02     6.47e-04   1121.291s
5261000 -3.45757458e+01 -3.45943164e+01  1.86e-02   4.31e-02     6.39e-04   1121.503s
5262000 -3.45758482e+01 -3.45941510e+01  1.83e-02   4.46e-02     6.01e-04   1121.715s
5263000 -3.45759501e+01 -3.45941870e+01  1.82e-02   7.22e-02     5.79e-04   1121.927s
5264000 -3.45760469e+01 -3.45941335e+01  1.81e-02   1.15e-01     5.95e-04   1122.139s
5265000 -3.45761413e+01 -3.45939626e+01  1.78e-02   9.49e-02     6.15e-04   1122.351s
5266000 -3.45762345e+01 -3.45937124e+01  1.75e-02   6.54e-02     6.33e-04   1122.563s
5267000 -3.45763219e+01 -3.45936098e+01  1.73e-02   1.14e-01     6.44e-04   1122.775s
5268000 -3.45764049e+01 -3.45936084e+01  1.72e-02   1.08e-02     6.19e-04   1122.987s
5269000 -3.45764876e+01 -3.45934061e+01  1.69e-02   2.84e-02     6.05e-04   1123.200s
5270000 -3.45765664e+01 -3.45931125e+01  1.65e-02   5.88e-02     5.96e-04   1123.412s
5271000 -3.45766419e+01 -3.45928858e+01  1.62e-02   2.55e-02     6.01e-04   1123.624s
5272000 -3.45767152e+01 -3.45926468e+01  1.59e-02   1.70e-02     6.24e-04   1123.836s
5273000 -3.45767758e+01 -3.45924564e+01  1.57e-02   7.17e-02     6.21e-04   1124.048s
5274000 -3.45768373e+01 -3.45922019e+01  1.54e-02   4.65e-02     5.91e-04   1124.260s
5275000 -3.45769006e+01 -3.45920021e+01  1.51e-02   8.99e-02     6.04e-04   1124.472s
5276000 -3.45769533e+01 -3.45917885e+01  1.48e-02   1.18e-01     6.08e-04   1124.684s
5277000 -3.45770056e+01 -3.45916301e+01  1.46e-02   8.55e-03     5.98e-04   1124.896s
5278000 -3.45770522e+01 -3.45914421e+01  1.44e-02   6.77e-02     6.18e-04   1125.108s
5279000 -3.45770978e+01 -3.45912718e+01  1.42e-02   1.27e-02     6.29e-04   1125.319s
5280000 -3.45771383e+01 -3.45911010e+01  1.40e-02   4.80e-02     6.29e-04   1125.531s
5281000 -3.45771760e+01 -3.45908334e+01  1.37e-02   1.60e-02     6.32e-04   1125.744s
5282000 -3.45772098e+01 -3.45906864e+01  1.35e-02   4.11e-02     6.46e-04   1125.956s
5283000 -3.45772392e+01 -3.45904983e+01  1.33e-02   4.07e-02     6.56e-04   1126.168s
5284000 -3.45772645e+01 -3.45902639e+01  1.30e-02   5.64e-02     6.51e-04   1126.380s
5285000 -3.45772864e+01 -3.45901032e+01  1.28e-02   5.49e-02     6.45e-04   1126.591s
5286000 -3.45773050e+01 -3.45899325e+01  1.26e-02   4.11e-02     6.48e-04   1126.803s
5287000 -3.45773207e+01 -3.45896094e+01  1.23e-02   1.87e-02     6.58e-04   1127.015s
5288000 -3.45773314e+01 -3.45893943e+01  1.21e-02   2.22e-02     6.62e-04   1127.228s
5289000 -3.45773373e+01 -3.45891537e+01  1.18e-02   2.61e-02     6.57e-04   1127.440s
5290000 -3.45773428e+01 -3.45889516e+01  1.16e-02   6.12e-02     6.56e-04   1127.652s
5291000 -3.45773432e+01 -3.45888385e+01  1.15e-02   2.99e-02     6.60e-04   1127.864s
5292000 -3.45773398e+01 -3.45886353e+01  1.13e-02   2.72e-02     6.68e-04   1128.075s
5293000 -3.45773319e+01 -3.45883812e+01  1.10e-02   4.73e-02     6.54e-04   1128.287s
5294000 -3.45773217e+01 -3.45880812e+01  1.08e-02   4.70e-02     6.51e-04   1128.499s
5295000 -3.45773105e+01 -3.45880133e+01  1.07e-02   4.02e-02     6.46e-04   1128.712s
5296000 -3.45772955e+01 -3.45878108e+01  1.05e-02   4.60e-02     6.44e-04   1128.924s
5297000 -3.45772748e+01 -3.45877615e+01  1.05e-02   1.89e-02     6.45e-04   1129.136s
5298000 -3.45772552e+01 -3.45877871e+01  1.05e-02   2.84e-02     5.66e-04   1129.348s
5299000 -3.45772323e+01 -3.45874586e+01  1.02e-02   4.32e-02     5.47e-04   1129.560s
5300000 -3.45772063e+01 -3.45875390e+01  1.03e-02   2.79e-02     5.38e-04   1129.772s
5301000 -3.45771787e+01 -3.45874212e+01  1.02e-02   2.39e-02     5.46e-04   1129.984s
5302000 -3.45771473e+01 -3.45869709e+01  9.82e-03   3.31e-02     5.48e-04   1130.196s
5303000 -3.45771148e+01 -3.45867910e+01  9.68e-03   4.86e-02     5.51e-04   1130.408s
5304000 -3.45770788e+01 -3.45865631e+01  9.48e-03   5.00e-02     5.39e-04   1130.620s
5305000 -3.45770418e+01 -3.45862680e+01  9.23e-03   8.15e-03     5.37e-04   1130.832s
5306000 -3.45770028e+01 -3.45862073e+01  9.20e-03   2.17e-02     5.48e-04   1131.044s
5307000 -3.45769612e+01 -3.45861206e+01  9.16e-03   2.48e-02     5.54e-04   1131.256s
5308000 -3.45769197e+01 -3.45859692e+01  9.05e-03   2.17e-02     5.52e-04   1131.468s
5309000 -3.45768753e+01 -3.45859831e+01  9.11e-03   8.11e-03     5.49e-04   1131.681s
5310000 -3.45768296e+01 -3.45860215e+01  9.19e-03   2.87e-02     5.45e-04   1131.893s
5311000 -3.45767840e+01 -3.45858615e+01  9.08e-03   1.95e-02     5.48e-04   1132.105s
5312000 -3.45767358e+01 -3.45859249e+01  9.19e-03   1.52e-02     5.49e-04   1132.317s
5313000 -3.45766890e+01 -3.45858784e+01  9.19e-03   1.37e-02     5.55e-04   1132.529s
5314000 -3.45766397e+01 -3.45857061e+01  9.07e-03   1.27e-02     5.51e-04   1132.741s
5315000 -3.45765890e+01 -3.45856837e+01  9.09e-03   1.88e-02     5.45e-04   1132.953s
5316000 -3.45765380e+01 -3.45855661e+01  9.03e-03   1.25e-02     5.44e-04   1133.165s
5317000 -3.45764865e+01 -3.45853612e+01  8.87e-03   2.68e-02     5.46e-04   1133.377s
5318000 -3.45764352e+01 -3.45853429e+01  8.91e-03   1.19e-02     5.50e-04   1133.589s
5319000 -3.45763828e+01 -3.45851684e+01  8.79e-03   2.47e-02     5.48e-04   1133.800s
5320000 -3.45763300e+01 -3.45850441e+01  8.71e-03   3.87e-03     5.45e-04   1134.012s
5321000 -3.45762770e+01 -3.45850773e+01  8.80e-03   2.36e-02     5.43e-04   1134.224s
5322000 -3.45762251e+01 -3.45850562e+01  8.83e-03   1.47e-02     5.45e-04   1134.437s
5323000 -3.45761731e+01 -3.45851470e+01  8.97e-03   1.49e-02     5.14e-04   1134.649s
5324000 -3.45761213e+01 -3.45852327e+01  9.11e-03   2.01e-02     5.15e-04   1134.861s
5325000 -3.45760708e+01 -3.45852314e+01  9.16e-03   1.25e-02     5.15e-04   1135.073s
5326000 -3.45760204e+01 -3.45853092e+01  9.29e-03   1.61e-02     5.12e-04   1135.285s
5327000 -3.45759710e+01 -3.45853245e+01  9.35e-03   1.12e-02     5.14e-04   1135.497s
5328000 -3.45759218e+01 -3.45852535e+01  9.33e-03   1.01e-02     5.15e-04   1135.709s
5329000 -3.45758738e+01 -3.45852527e+01  9.38e-03   9.67e-03     5.17e-04   1135.922s
5330000 -3.45758272e+01 -3.45853147e+01  9.49e-03   6.09e-03     5.15e-04   1136.134s
5331000 -3.45757816e+01 -3.45853043e+01  9.52e-03   6.94e-03     5.12e-04   1136.345s
5332000 -3.45757370e+01 -3.45853331e+01  9.60e-03   4.26e-02     5.10e-04   1136.557s
5333000 -3.45756929e+01 -3.45852748e+01  9.58e-03   3.15e-02     5.07e-04   1136.770s
5334000 -3.45756504e+01 -3.45852688e+01  9.62e-03   2.18e-02     5.06e-04   1136.982s
5335000 -3.45756097e+01 -3.45852717e+01  9.66e-03   8.50e-03     5.03e-04   1137.194s
5336000 -3.45755698e+01 -3.45853160e+01  9.75e-03   1.31e-02     5.00e-04   1137.406s
5337000 -3.45755315e+01 -3.45853679e+01  9.84e-03   3.56e-03     4.99e-04   1137.618s
5338000 -3.45754955e+01 -3.45854350e+01  9.94e-03   1.49e-02     4.98e-04   1137.830s
5339000 -3.45754607e+01 -3.45854739e+01  1.00e-02   1.61e-02     4.96e-04   1138.042s
5340000 -3.45754278e+01 -3.45855989e+01  1.02e-02   1.23e-02     4.94e-04   1138.254s
5341000 -3.45753968e+01 -3.45856802e+01  1.03e-02   1.63e-02     4.91e-04   1138.466s
5342000 -3.45753671e+01 -3.45857436e+01  1.04e-02   7.28e-03     4.91e-04   1138.678s
5343000 -3.45753399e+01 -3.45858087e+01  1.05e-02   1.10e-02     4.91e-04   1138.890s
5344000 -3.45753149e+01 -3.45858528e+01  1.05e-02   1.68e-02     4.90e-04   1139.102s
5345000 -3.45752915e+01 -3.45859336e+01  1.06e-02   1.29e-02     4.89e-04   1139.314s
5346000 -3.45752702e+01 -3.45859868e+01  1.07e-02   1.27e-02     4.88e-04   1139.526s
5347000 -3.45752508e+01 -3.45860181e+01  1.08e-02   9.11e-03     4.87e-04   1139.739s
5348000 -3.45752334e+01 -3.45860713e+01  1.08e-02   4.97e-03     4.87e-04   1139.951s
5349000 -3.45752183e+01 -3.45861090e+01  1.09e-02   2.34e-03     4.87e-04   1140.163s
5350000 -3.45752051e+01 -3.45862304e+01  1.10e-02   3.46e-03     4.82e-04   1140.375s
5351000 -3.45751940e+01 -3.45862915e+01  1.11e-02   2.21e-02     4.69e-04   1140.587s
5352000 -3.45751860e+01 -3.45863785e+01  1.12e-02   2.89e-02     4.54e-04   1140.799s
5353000 -3.45751799e+01 -3.45864601e+01  1.13e-02   2.13e-02     4.41e-04   1141.012s
5354000 -3.45751762e+01 -3.45865466e+01  1.14e-02   3.22e-02     4.36e-04   1141.223s
5355000 -3.45751752e+01 -3.45866703e+01  1.15e-02   2.22e-02     4.38e-04   1141.436s
5356000 -3.45751794e+01 -3.45868776e+01  1.17e-02   2.66e-02     4.23e-04   1141.649s
5357000 -3.45751845e+01 -3.45868452e+01  1.17e-02   7.20e-03     4.24e-04   1141.860s
5358000 -3.45751893e+01 -3.45868272e+01  1.16e-02   4.38e-03     4.24e-04   1142.072s
5359000 -3.45751952e+01 -3.45868203e+01  1.16e-02   4.61e-03     4.22e-04   1142.284s
5360000 -3.45752002e+01 -3.45868171e+01  1.16e-02   6.22e-02     4.20e-04   1142.497s
5361000 -3.45752065e+01 -3.45868129e+01  1.16e-02   2.44e-02     4.18e-04   1142.709s
5362000 -3.45752125e+01 -3.45868029e+01  1.16e-02   3.13e-03     4.17e-04   1142.921s
5363000 -3.45752186e+01 -3.45867925e+01  1.16e-02   2.36e-02     4.18e-04   1143.132s
5364000 -3.45752227e+01 -3.45871739e+01  1.20e-02   2.35e-01     1.86e-04   1143.345s
5365000 -3.45752350e+01 -3.45867738e+01  1.15e-02   4.54e-02     1.75e-04   1143.556s
5366000 -3.45752431e+01 -3.45868119e+01  1.16e-02   1.17e-02     1.67e-04   1143.768s
5367000 -3.45752498e+01 -3.45869687e+01  1.17e-02   2.41e-02     1.60e-04   1143.980s
5368000 -3.45752582e+01 -3.45869010e+01  1.16e-02   1.01e-01     1.55e-04   1144.192s
5369000 -3.45752673e+01 -3.45868564e+01  1.16e-02   7.66e-03     1.51e-04   1144.404s
5370000 -3.45752791e+01 -3.45870583e+01  1.18e-02   2.00e-02     1.47e-04   1144.616s
5371000 -3.45752881e+01 -3.45870404e+01  1.18e-02   5.44e-02     1.44e-04   1144.829s
5372000 -3.45752984e+01 -3.45868751e+01  1.16e-02   5.08e-02     1.42e-04   1145.041s
5373000 -3.45753085e+01 -3.45869450e+01  1.16e-02   7.12e-03     1.40e-04   1145.253s
5374000 -3.45753217e+01 -3.45870505e+01  1.17e-02   1.78e-02     1.38e-04   1145.465s
5375000 -3.45753331e+01 -3.45869776e+01  1.16e-02   4.66e-02     1.37e-04   1145.677s
5376000 -3.45753449e+01 -3.45869420e+01  1.16e-02   2.24e-02     1.35e-04   1145.889s
5377000 -3.45753591e+01 -3.45870557e+01  1.17e-02   4.53e-02     1.34e-04   1146.101s
5378000 -3.45753721e+01 -3.45870630e+01  1.17e-02   2.67e-02     1.33e-04   1146.313s
5379000 -3.45753878e+01 -3.45869591e+01  1.16e-02   2.28e-02     1.32e-04   1146.525s
5380000 -3.45754009e+01 -3.45869957e+01  1.16e-02   3.47e-02     1.31e-04   1146.738s
5381000 -3.45754171e+01 -3.45871145e+01  1.17e-02   1.56e-02     1.30e-04   1146.950s
5382000 -3.45754335e+01 -3.45870782e+01  1.16e-02   2.06e-02     1.30e-04   1147.162s
5383000 -3.45754501e+01 -3.45870087e+01  1.16e-02   1.94e-02     1.29e-04   1147.374s
5384000 -3.45754680e+01 -3.45870721e+01  1.16e-02   2.77e-02     1.29e-04   1147.586s
5385000 -3.45754849e+01 -3.45871300e+01  1.16e-02   3.17e-02     1.28e-04   1147.798s
5386000 -3.45755044e+01 -3.45870716e+01  1.16e-02   2.86e-02     1.28e-04   1148.010s
5387000 -3.45755230e+01 -3.45870702e+01  1.15e-02   1.30e-02     1.27e-04   1148.223s
5388000 -3.45755433e+01 -3.45871563e+01  1.16e-02   3.81e-02     1.27e-04   1148.434s
5389000 -3.45755637e+01 -3.45871459e+01  1.16e-02   3.70e-02     1.26e-04   1148.646s
5390000 -3.45755847e+01 -3.45870816e+01  1.15e-02   3.59e-02     1.26e-04   1148.858s
5391000 -3.45756069e+01 -3.45871259e+01  1.15e-02   1.63e-02     1.26e-04   1149.070s
5392000 -3.45756287e+01 -3.45872047e+01  1.16e-02   5.06e-03     1.26e-04   1149.282s
5393000 -3.45756522e+01 -3.45871675e+01  1.15e-02   3.79e-02     1.25e-04   1149.494s
5394000 -3.45756757e+01 -3.45871159e+01  1.14e-02   3.45e-02     1.25e-04   1149.706s
5395000 -3.45757004e+01 -3.45871867e+01  1.15e-02   1.10e-02     1.24e-04   1149.918s
5396000 -3.45757256e+01 -3.45872399e+01  1.15e-02   1.03e-02     1.24e-04   1150.130s
5397000 -3.45757501e+01 -3.45871777e+01  1.14e-02   4.25e-02     1.24e-04   1150.342s
5398000 -3.45757763e+01 -3.45871812e+01  1.14e-02   2.44e-02     1.24e-04   1150.554s
5399000 -3.45758024e+01 -3.45872368e+01  1.14e-02   1.07e-02     1.24e-04   1150.766s
5400000 -3.45758294e+01 -3.45872282e+01  1.14e-02   1.92e-02     1.23e-04   1150.978s
5401000 -3.45758562e+01 -3.45871978e+01  1.13e-02   2.34e-02     1.23e-04   1151.190s
5402000 -3.45758835e+01 -3.45872395e+01  1.14e-02   1.76e-02     1.23e-04   1151.402s
5403000 -3.45759115e+01 -3.45872789e+01  1.14e-02   2.51e-02     1.23e-04   1151.614s
5404000 -3.45759398e+01 -3.45872367e+01  1.13e-02   1.23e-02     1.23e-04   1151.826s
5405000 -3.45759680e+01 -3.45872188e+01  1.13e-02   6.31e-03     1.23e-04   1152.038s
5406000 -3.45759963e+01 -3.45872800e+01  1.13e-02   4.31e-03     1.23e-04   1152.250s
5407000 -3.45760258e+01 -3.45872931e+01  1.13e-02   1.17e-02     1.23e-04   1152.462s
5408000 -3.45760550e+01 -3.45872470e+01  1.12e-02   1.33e-02     1.23e-04   1152.675s
5409000 -3.45760839e+01 -3.45872614e+01  1.12e-02   1.23e-02     1.22e-04   1152.887s
5410000 -3.45761135e+01 -3.45873030e+01  1.12e-02   1.00e-02     1.22e-04   1153.099s
5411000 -3.45761430e+01 -3.45872808e+01  1.11e-02   1.03e-02     1.20e-04   1153.311s
5412000 -3.45761727e+01 -3.45872590e+01  1.11e-02   1.35e-02     1.20e-04   1153.523s
5413000 -3.45762025e+01 -3.45873012e+01  1.11e-02   1.43e-02     1.20e-04   1153.735s
5414000 -3.45762322e+01 -3.45873191e+01  1.11e-02   7.84e-03     1.20e-04   1153.947s
5415000 -3.45762619e+01 -3.45872769e+01  1.10e-02   1.74e-02     1.20e-04   1154.159s
5416000 -3.45762917e+01 -3.45872707e+01  1.10e-02   2.73e-03     1.19e-04   1154.371s
5417000 -3.45763215e+01 -3.45873153e+01  1.10e-02   6.46e-03     1.19e-04   1154.583s
5418000 -3.45763508e+01 -3.45873143e+01  1.10e-02   8.90e-03     1.19e-04   1154.795s
5419000 -3.45763803e+01 -3.45872757e+01  1.09e-02   2.70e-02     1.19e-04   1155.007s
5420000 -3.45764096e+01 -3.45872919e+01  1.09e-02   5.48e-03     1.19e-04   1155.219s
5421000 -3.45764386e+01 -3.45873205e+01  1.09e-02   1.22e-02     1.19e-04   1155.432s
5422000 -3.45764678e+01 -3.45872892e+01  1.08e-02   1.35e-02     1.19e-04   1155.644s
5423000 -3.45764963e+01 -3.45872723e+01  1.08e-02   1.36e-02     1.19e-04   1155.856s
5424000 -3.45765245e+01 -3.45873136e+01  1.08e-02   2.93e-02     1.18e-04   1156.069s
5425000 -3.45765535e+01 -3.45873165e+01  1.08e-02   1.31e-02     1.18e-04   1156.281s
5426000 -3.45765815e+01 -3.45872753e+01  1.07e-02   1.26e-02     1.18e-04   1156.493s
5427000 -3.45766089e+01 -3.45872781e+01  1.07e-02   1.88e-02     1.18e-04   1156.705s
5428000 -3.45766361e+01 -3.45873093e+01  1.07e-02   2.71e-02     1.18e-04   1156.917s
5429000 -3.45766636e+01 -3.45872960e+01  1.06e-02   3.75e-02     1.18e-04   1157.129s
5430000 -3.45766902e+01 -3.45872676e+01  1.06e-02   1.34e-02     1.18e-04   1157.341s
5431000 -3.45767166e+01 -3.45872823e+01  1.06e-02   1.58e-02     1.18e-04   1157.553s
5432000 -3.45767429e+01 -3.45872957e+01  1.06e-02   2.39e-02     1.18e-04   1157.766s
5433000 -3.45767687e+01 -3.45872654e+01  1.05e-02   1.57e-02     1.18e-04   1157.978s
5434000 -3.45767940e+01 -3.45872547e+01  1.05e-02   3.95e-02     1.18e-04   1158.190s
5435000 -3.45768187e+01 -3.45872849e+01  1.05e-02   2.98e-02     1.18e-04   1158.402s
5436000 -3.45768435e+01 -3.45872797e+01  1.04e-02   4.32e-03     1.18e-04   1158.614s
5437000 -3.45768681e+01 -3.45872409e+01  1.04e-02   3.97e-02     1.18e-04   1158.827s
5438000 -3.45768919e+01 -3.45872480e+01  1.04e-02   1.95e-02     1.18e-04   1159.039s
5439000 -3.45769152e+01 -3.45872736e+01  1.04e-02   2.17e-02     1.18e-04   1159.251s
5440000 -3.45769385e+01 -3.45872515e+01  1.03e-02   4.34e-02     1.18e-04   1159.463s
5441000 -3.45769616e+01 -3.45872292e+01  1.03e-02   3.03e-02     1.18e-04   1159.675s
5442000 -3.45769847e+01 -3.45872714e+01  1.03e-02   1.45e-02     1.18e-04   1159.887s
5443000 -3.45770100e+01 -3.45872858e+01  1.03e-02   3.03e-02     1.18e-04   1160.100s
5444000 -3.45770378e+01 -3.45872478e+01  1.02e-02   2.06e-02     1.18e-04   1160.312s
5445000 -3.45770656e+01 -3.45872292e+01  1.02e-02   1.06e-02     1.18e-04   1160.523s
5446000 -3.45770911e+01 -3.45872714e+01  1.02e-02   3.03e-02     1.18e-04   1160.736s
5447000 -3.45771143e+01 -3.45872389e+01  1.01e-02   2.10e-02     1.18e-04   1160.948s
5448000 -3.45771361e+01 -3.45872136e+01  1.01e-02   2.11e-02     1.18e-04   1161.160s
5449000 -3.45771590e+01 -3.45872337e+01  1.01e-02   2.13e-02     1.18e-04   1161.371s
5450000 -3.45771831e+01 -3.45872621e+01  1.01e-02   1.23e-02     1.18e-04   1161.584s
5451000 -3.45772086e+01 -3.45872353e+01  1.00e-02   1.91e-02     1.18e-04   1161.796s
5452000 -3.45772319e+01 -3.45871931e+01  9.96e-03   2.86e-02     1.18e-04   1162.008s
5453000 -3.45772527e+01 -3.45872140e+01  9.96e-03   1.63e-02     1.18e-04   1162.219s
5454000 -3.45772721e+01 -3.45872177e+01  9.95e-03   2.51e-02     1.18e-04   1162.431s
5455000 -3.45772930e+01 -3.45872113e+01  9.92e-03   1.89e-02     1.17e-04   1162.644s
5456000 -3.45773162e+01 -3.45872170e+01  9.90e-03   1.77e-02     1.18e-04   1162.856s
5457000 -3.45773386e+01 -3.45872123e+01  9.87e-03   1.62e-02     1.18e-04   1163.068s
5458000 -3.45773598e+01 -3.45871988e+01  9.84e-03   1.36e-02     1.17e-04   1163.280s
5459000 -3.45773792e+01 -3.45871745e+01  9.80e-03   2.53e-02     1.17e-04   1163.492s
5460000 -3.45773972e+01 -3.45871800e+01  9.78e-03   2.92e-02     1.17e-04   1163.704s
5461000 -3.45774158e+01 -3.45872029e+01  9.79e-03   1.26e-02     1.17e-04   1163.916s
5462000 -3.45774370e+01 -3.45871919e+01  9.75e-03   1.79e-02     1.17e-04   1164.128s
5463000 -3.45774579e+01 -3.45871553e+01  9.70e-03   1.03e-02     1.17e-04   1164.340s
5464000 -3.45774767e+01 -3.45871909e+01  9.71e-03   1.87e-02     1.17e-04   1164.552s
5465000 -3.45774949e+01 -3.45871763e+01  9.68e-03   1.92e-02     1.17e-04   1164.764s
5466000 -3.45775119e+01 -3.45871463e+01  9.63e-03   1.11e-02     1.17e-04   1164.976s
5467000 -3.45775301e+01 -3.45871674e+01  9.64e-03   1.89e-02     1.16e-04   1165.188s
5468000 -3.45775500e+01 -3.45871906e+01  9.64e-03   1.08e-02     1.17e-04   1165.400s
5469000 -3.45775696e+01 -3.45871628e+01  9.59e-03   8.91e-03     1.17e-04   1165.612s
5470000 -3.45775870e+01 -3.45871377e+01  9.55e-03   1.61e-02     1.17e-04   1165.824s
5471000 -3.45776036e+01 -3.45871567e+01  9.55e-03   1.51e-02     1.16e-04   1166.036s
5472000 -3.45776206e+01 -3.45871642e+01  9.54e-03   1.11e-02     1.17e-04   1166.248s
5473000 -3.45776380e+01 -3.45871535e+01  9.52e-03   9.95e-03     1.17e-04   1166.459s
5474000 -3.45776576e+01 -3.45871560e+01  9.50e-03   2.02e-02     1.17e-04   1166.671s
5475000 -3.45776766e+01 -3.45871633e+01  9.49e-03   1.17e-02     1.17e-04   1166.883s
5476000 -3.45776938e+01 -3.45871456e+01  9.45e-03   4.06e-03     1.17e-04   1167.095s
5477000 -3.45777103e+01 -3.45871360e+01  9.43e-03   1.60e-02     1.17e-04   1167.308s
5478000 -3.45777287e+01 -3.45871642e+01  9.44e-03   9.61e-03     1.17e-04   1167.520s
5479000 -3.45777486e+01 -3.45871900e+01  9.44e-03   8.22e-03     1.17e-04   1167.732s
5480000 -3.45777691e+01 -3.45871631e+01  9.39e-03   6.77e-03     1.17e-04   1167.944s
5481000 -3.45777896e+01 -3.45871451e+01  9.36e-03   8.36e-03     1.17e-04   1168.156s
5482000 -3.45778081e+01 -3.45871596e+01  9.35e-03   2.92e-02     1.17e-04   1168.369s
5483000 -3.45778253e+01 -3.45871564e+01  9.33e-03   3.73e-03     1.17e-04   1168.580s
5484000 -3.45778442e+01 -3.45871612e+01  9.32e-03   1.14e-02     1.16e-04   1168.792s
5485000 -3.45778647e+01 -3.45871839e+01  9.32e-03   2.48e-02     1.16e-04   1169.005s
5486000 -3.45778864e+01 -3.45871819e+01  9.30e-03   2.69e-02     1.16e-04   1169.217s
5487000 -3.45779077e+01 -3.45871664e+01  9.26e-03   9.93e-03     1.15e-04   1169.429s
5488000 -3.45779269e+01 -3.45871427e+01  9.22e-03   7.77e-03     1.15e-04   1169.641s
5489000 -3.45779461e+01 -3.45871661e+01  9.22e-03   1.10e-02     1.15e-04   1169.853s
5490000 -3.45779656e+01 -3.45871989e+01  9.23e-03   1.87e-02     1.15e-04   1170.065s
5491000 -3.45779877e+01 -3.45871900e+01  9.20e-03   3.25e-02     1.15e-04   1170.278s
5492000 -3.45780110e+01 -3.45871717e+01  9.16e-03   2.15e-02     1.16e-04   1170.490s
5493000 -3.45780314e+01 -3.45871739e+01  9.14e-03   4.87e-03     1.16e-04   1170.702s
5494000 -3.45780514e+01 -3.45871781e+01  9.13e-03   1.12e-02     1.15e-04   1170.914s
5495000 -3.45780719e+01 -3.45871624e+01  9.09e-03   1.97e-02     1.15e-04   1171.126s
5496000 -3.45780932e+01 -3.45872028e+01  9.11e-03   2.97e-02     1.16e-04   1171.338s
5497000 -3.45781165e+01 -3.45872087e+01  9.09e-03   2.24e-02     1.15e-04   1171.551s
5498000 -3.45781394e+01 -3.45871773e+01  9.04e-03   7.70e-03     1.15e-04   1171.763s
5499000 -3.45781616e+01 -3.45871670e+01  9.01e-03   9.78e-03     1.14e-04   1171.975s
5500000 -3.45781825e+01 -3.45871817e+01  9.00e-03   3.19e-02     1.14e-04   1172.187s
5501000 -3.45782034e+01 -3.45872005e+01  9.00e-03   3.93e-02     1.13e-04   1172.400s
5502000 -3.45782302e+01 -3.45871721e+01  8.94e-03   8.52e-02     1.13e-04   1172.612s
5503000 -3.45782563e+01 -3.45871691e+01  8.91e-03   5.13e-02     1.13e-04   1172.824s
5504000 -3.45782823e+01 -3.45871808e+01  8.90e-03   6.39e-02     1.14e-04   1173.036s
5505000 -3.45783091e+01 -3.45871844e+01  8.88e-03   3.95e-02     1.15e-04   1173.248s
5506000 -3.45783360e+01 -3.45871660e+01  8.83e-03   3.36e-02     1.16e-04   1173.460s
5507000 -3.45783622e+01 -3.45871661e+01  8.80e-03   3.23e-02     1.17e-04   1173.672s
5508000 -3.45783894e+01 -3.45871788e+01  8.79e-03   2.23e-02     1.15e-04   1173.884s
5509000 -3.45784154e+01 -3.45871799e+01  8.76e-03   2.21e-02     1.13e-04   1174.096s
5510000 -3.45784401e+01 -3.45871766e+01  8.74e-03   1.13e-02     1.12e-04   1174.308s
5511000 -3.45784663e+01 -3.45871934e+01  8.73e-03   2.55e-02     1.12e-04   1174.520s
5512000 -3.45784907e+01 -3.45871976e+01  8.71e-03   3.69e-02     1.13e-04   1174.733s
5513000 -3.45785143e+01 -3.45871823e+01  8.67e-03   5.42e-03     1.13e-04   1174.945s
5514000 -3.45785376e+01 -3.45871793e+01  8.64e-03   1.45e-02     1.12e-04   1175.157s
5515000 -3.45785607e+01 -3.45871761e+01  8.62e-03   1.08e-02     1.12e-04   1175.369s
5516000 -3.45785852e+01 -3.45871765e+01  8.59e-03   4.01e-02     1.13e-04   1175.581s
5517000 -3.45786116e+01 -3.45871927e+01  8.58e-03   3.50e-02     1.15e-04   1175.793s
5518000 -3.45786406e+01 -3.45871671e+01  8.53e-03   1.63e-02     1.16e-04   1176.005s
5519000 -3.45786686e+01 -3.45871831e+01  8.51e-03   2.46e-02     1.15e-04   1176.217s
5520000 -3.45786943e+01 -3.45871641e+01  8.47e-03   2.15e-02     1.15e-04   1176.429s
5521000 -3.45787208e+01 -3.45871619e+01  8.44e-03   2.36e-02     1.15e-04   1176.642s
5522000 -3.45787492e+01 -3.45871776e+01  8.43e-03   3.42e-02     1.14e-04   1176.854s
5523000 -3.45787754e+01 -3.45871751e+01  8.40e-03   1.62e-02     1.12e-04   1177.065s
5524000 -3.45788007e+01 -3.45871646e+01  8.36e-03   2.73e-02     1.12e-04   1177.278s
5525000 -3.45788241e+01 -3.45871626e+01  8.34e-03   2.64e-02     1.12e-04   1177.490s
5526000 -3.45788455e+01 -3.45871617e+01  8.32e-03   2.49e-02     1.13e-04   1177.702s
5527000 -3.45788689e+01 -3.45871614e+01  8.29e-03   2.70e-02     1.12e-04   1177.914s
5528000 -3.45788925e+01 -3.45871439e+01  8.25e-03   2.15e-02     1.12e-04   1178.126s
5529000 -3.45789160e+01 -3.45871419e+01  8.23e-03   6.52e-03     1.13e-04   1178.338s
5530000 -3.45789371e+01 -3.45871371e+01  8.20e-03   3.78e-02     1.14e-04   1178.550s
5531000 -3.45789651e+01 -3.45872330e+01  8.27e-03   2.96e-02     1.14e-04   1178.762s
5532000 -3.45790130e+01 -3.45874436e+01  8.43e-03   7.15e-02     1.16e-04   1178.974s
5533000 -3.45791049e+01 -3.45876634e+01  8.56e-03   1.50e-01     1.21e-04   1179.186s
5534000 -3.45791851e+01 -3.45874390e+01  8.25e-03   5.29e-02     1.13e-04   1179.398s
5535000 -3.45792389e+01 -3.45873686e+01  8.13e-03   1.13e-01     1.10e-04   1179.610s
5536000 -3.45793085e+01 -3.45875955e+01  8.29e-03   1.61e-01     1.17e-04   1179.822s
5537000 -3.45793967e+01 -3.45875735e+01  8.18e-03   7.17e-02     1.15e-04   1180.035s
5538000 -3.45794668e+01 -3.45874018e+01  7.93e-03   2.35e-01     1.10e-04   1180.247s
5539000 -3.45795254e+01 -3.45875432e+01  8.02e-03   6.09e-02     1.16e-04   1180.459s
5540000 -3.45795992e+01 -3.45875991e+01  8.00e-03   5.02e-02     1.17e-04   1180.671s
5541000 -3.45796725e+01 -3.45876695e+01  8.00e-03   1.18e-01     1.14e-04   1180.883s
5542000 -3.45797409e+01 -3.45874869e+01  7.75e-03   7.44e-02     1.15e-04   1181.095s
5543000 -3.45798040e+01 -3.45874650e+01  7.66e-03   6.11e-02     1.18e-04   1181.307s
5544000 -3.45798689e+01 -3.45874084e+01  7.54e-03   6.29e-02     1.17e-04   1181.519s
5545000 -3.45799315e+01 -3.45873489e+01  7.42e-03   1.62e-01     1.19e-04   1181.732s
5546000 -3.45799898e+01 -3.45871872e+01  7.20e-03   8.10e-02     1.21e-04   1181.945s
5547000 -3.45800457e+01 -3.45871700e+01  7.12e-03   9.81e-02     1.20e-04   1182.157s
5548000 -3.45801002e+01 -3.45873469e+01  7.25e-03   4.44e-02     1.19e-04   1182.370s
5549000 -3.45801583e+01 -3.45872751e+01  7.12e-03   9.09e-02     1.19e-04   1182.582s
5550000 -3.45802158e+01 -3.45872648e+01  7.05e-03   2.14e-01     1.19e-04   1182.795s
5551000 -3.45802700e+01 -3.45873411e+01  7.07e-03   1.33e-01     1.18e-04   1183.007s
5552000 -3.45803267e+01 -3.45872517e+01  6.93e-03   1.82e-01     1.19e-04   1183.219s
5553000 -3.45803879e+01 -3.45872095e+01  6.82e-03   8.57e-02     1.19e-04   1183.432s
5554000 -3.45804459e+01 -3.45871739e+01  6.73e-03   1.81e-01     1.21e-04   1183.644s
5555000 -3.45805005e+01 -3.45871468e+01  6.65e-03   7.61e-02     1.22e-04   1183.857s
5556000 -3.45805512e+01 -3.45870545e+01  6.50e-03   1.26e-01     1.22e-04   1184.069s
5557000 -3.45806137e+01 -3.45869777e+01  6.36e-03   9.61e-02     1.23e-04   1184.281s
5558000 -3.45806592e+01 -3.45869987e+01  6.34e-03   1.69e-01     1.24e-04   1184.494s
5559000 -3.45807074e+01 -3.45869187e+01  6.21e-03   1.44e-01     1.24e-04   1184.707s
5560000 -3.45807451e+01 -3.45868870e+01  6.14e-03   4.86e-02     1.25e-04   1184.919s
5561000 -3.45807911e+01 -3.45869332e+01  6.14e-03   7.75e-02     1.25e-04   1185.131s
5562000 -3.45808264e+01 -3.45868915e+01  6.07e-03   1.44e-01     1.26e-04   1185.344s
5563000 -3.45808538e+01 -3.45869224e+01  6.07e-03   1.67e-02     1.27e-04   1185.557s
5564000 -3.45808848e+01 -3.45869210e+01  6.04e-03   1.25e-01     1.28e-04   1185.769s
5565000 -3.45809173e+01 -3.45868061e+01  5.89e-03   1.29e-01     1.28e-04   1185.982s
5566000 -3.45809424e+01 -3.45867088e+01  5.77e-03   7.11e-02     1.30e-04   1186.194s
5567000 -3.45809684e+01 -3.45867340e+01  5.77e-03   9.55e-02     1.30e-04   1186.406s
5568000 -3.45809955e+01 -3.45866178e+01  5.62e-03   2.15e-02     1.32e-04   1186.618s
5569000 -3.45810253e+01 -3.45865664e+01  5.54e-03   4.76e-02     1.32e-04   1186.830s
5570000 -3.45810569e+01 -3.45867301e+01  5.67e-03   6.06e-02     1.34e-04   1187.042s
5571000 -3.45810879e+01 -3.45867001e+01  5.61e-03   1.12e-01     1.36e-04   1187.254s
5572000 -3.45811204e+01 -3.45865890e+01  5.47e-03   3.65e-02     1.37e-04   1187.466s
5573000 -3.45811598e+01 -3.45864985e+01  5.34e-03   1.15e-01     1.38e-04   1187.678s
5574000 -3.45811918e+01 -3.45862765e+01  5.08e-03   7.35e-02     1.42e-04   1187.891s
5575000 -3.45812207e+01 -3.45865034e+01  5.28e-03   2.68e-02     1.42e-04   1188.102s
5576000 -3.45812522e+01 -3.45864273e+01  5.18e-03   8.03e-02     1.41e-04   1188.314s
5577000 -3.45812753e+01 -3.45864994e+01  5.22e-03   1.29e-01     1.41e-04   1188.527s
5578000 -3.45812941e+01 -3.45865218e+01  5.23e-03   1.38e-01     1.41e-04   1188.738s
5579000 -3.45813100e+01 -3.45863947e+01  5.08e-03   8.33e-02     1.39e-04   1188.951s
5580000 -3.45813215e+01 -3.45862565e+01  4.94e-03   8.00e-02     1.37e-04   1189.163s
5581000 -3.45813276e+01 -3.45861679e+01  4.84e-03   8.80e-02     1.37e-04   1189.375s
5582000 -3.45813355e+01 -3.45862090e+01  4.87e-03   3.61e-02     1.37e-04   1189.587s
5583000 -3.45813393e+01 -3.45860962e+01  4.76e-03   9.54e-02     1.39e-04   1189.799s
5584000 -3.45813455e+01 -3.45863256e+01  4.98e-03   1.35e-01     1.36e-04   1190.011s
5585000 -3.45813852e+01 -3.45874431e+01  6.06e-03   8.65e-02     1.22e-04   1190.223s
5586000 -3.45814844e+01 -3.45873847e+01  5.90e-03   2.03e-01     1.22e-04   1190.435s
5587000 -3.45815783e+01 -3.45872853e+01  5.71e-03   1.20e-01     1.22e-04   1190.647s
5588000 -3.45816565e+01 -3.45871517e+01  5.50e-03   1.03e-01     1.28e-04   1190.859s
5589000 -3.45817485e+01 -3.45865918e+01  4.84e-03   3.41e-01     1.22e-04   1191.071s
5590000 -3.45818279e+01 -3.45864703e+01  4.64e-03   2.16e-01     1.18e-04   1191.283s
5591000 -3.45819024e+01 -3.45863219e+01  4.42e-03   7.14e-02     1.16e-04   1191.495s
5592000 -3.45819778e+01 -3.45867517e+01  4.77e-03   1.84e-01     1.15e-04   1191.707s
5593000 -3.45820603e+01 -3.45869164e+01  4.86e-03   1.55e-01     1.14e-04   1191.919s
5594000 -3.45821486e+01 -3.45869958e+01  4.85e-03   1.59e-01     1.12e-04   1192.131s
5595000 -3.45822405e+01 -3.45869408e+01  4.70e-03   4.26e-02     1.12e-04   1192.342s
5596000 -3.45823298e+01 -3.45870203e+01  4.69e-03   2.57e-02     1.11e-04   1192.554s
5597000 -3.45824156e+01 -3.45870199e+01  4.60e-03   1.28e-01     1.09e-04   1192.767s
5598000 -3.45825055e+01 -3.45868983e+01  4.39e-03   3.40e-02     1.06e-04   1192.979s
5599000 -3.45825953e+01 -3.45865976e+01  4.00e-03   8.58e-02     1.06e-04   1193.191s
5600000 -3.45826800e+01 -3.45865653e+01  3.89e-03   1.06e-01     1.06e-04   1193.403s
5601000 -3.45827678e+01 -3.45867257e+01  3.96e-03   1.66e-01     1.06e-04   1193.615s
5602000 -3.45828592e+01 -3.45868896e+01  4.03e-03   1.30e-01     1.09e-04   1193.827s
5603000 -3.45829530e+01 -3.45862608e+01  3.31e-03   6.76e-02     1.09e-04   1194.040s
5604000 -3.45830397e+01 -3.45864645e+01  3.42e-03   1.47e-01     1.08e-04   1194.252s
5605000 -3.45831324e+01 -3.45866722e+01  3.54e-03   1.79e-02     1.09e-04   1194.464s
5606000 -3.45832235e+01 -3.45865884e+01  3.36e-03   2.90e-01     1.09e-04   1194.676s
5607000 -3.45833162e+01 -3.45866937e+01  3.38e-03   1.25e-01     1.08e-04   1194.888s
5608000 -3.45834016e+01 -3.45866232e+01  3.22e-03   1.03e-01     1.08e-04   1195.100s
5609000 -3.45834869e+01 -3.45867369e+01  3.25e-03   6.65e-02     1.07e-04   1195.313s
5610000 -3.45835677e+01 -3.45865320e+01  2.96e-03   3.12e-01     1.07e-04   1195.525s
5611000 -3.45836428e+01 -3.45861725e+01  2.53e-03   6.24e-02     1.07e-04   1195.737s
5612000 -3.45837126e+01 -3.45860042e+01  2.29e-03   1.23e-01     1.06e-04   1195.949s
5613000 -3.45837755e+01 -3.45862599e+01  2.48e-03   1.54e-01     1.06e-04   1196.161s
5614000 -3.45838339e+01 -3.45862483e+01  2.41e-03   8.76e-02     1.06e-04   1196.373s
5615000 -3.45838908e+01 -3.45861270e+01  2.24e-03   1.46e-01     1.05e-04   1196.585s
5616000 -3.45839509e+01 -3.45861172e+01  2.17e-03   8.50e-02     1.06e-04   1196.798s
5617000 -3.45840055e+01 -3.45859683e+01  1.96e-03   1.89e-01     1.06e-04   1197.010s
5618000 -3.45840668e+01 -3.45861699e+01  2.10e-03   2.30e-01     1.06e-04   1197.221s
5619000 -3.45841314e+01 -3.45862241e+01  2.09e-03   2.36e-01     1.07e-04   1197.433s
5620000 -3.45842087e+01 -3.45861142e+01  1.91e-03   2.07e-01     1.06e-04   1197.645s
5621000 -3.45842785e+01 -3.45859541e+01  1.68e-03   7.37e-02     1.06e-04   1197.857s
5622000 -3.45843509e+01 -3.45860176e+01  1.67e-03   1.02e-01     1.05e-04   1198.069s
5623000 -3.45844219e+01 -3.45861305e+01  1.71e-03   6.28e-02     1.06e-04   1198.281s
5624000 -3.45844939e+01 -3.45859113e+01  1.42e-03   4.36e-02     1.06e-04   1198.494s
5625000 -3.45845634e+01 -3.45857593e+01  1.20e-03   1.75e-01     1.08e-04   1198.706s
5626000 -3.45846294e+01 -3.45856297e+01  1.00e-03   6.68e-02     1.08e-04   1198.918s
5627000 -3.45846931e+01 -3.45856529e+01  9.60e-04   7.80e-02     1.08e-04   1199.130s
5628000 -3.45847541e+01 -3.45856099e+01  8.56e-04   2.79e-02     1.06e-04   1199.343s
5629000 -3.45848112e+01 -3.45855431e+01  7.32e-04   5.20e-02     1.06e-04   1199.555s
5630000 -3.45848673e+01 -3.45855977e+01  7.30e-04   1.51e-01     1.07e-04   1199.767s
5631000 -3.45849211e+01 -3.45856826e+01  7.61e-04   1.04e-01     1.07e-04   1199.979s
5632000 -3.45849694e+01 -3.45856436e+01  6.74e-04   1.02e-01     1.07e-04   1200.191s
5633000 -3.45850128e+01 -3.45854767e+01  4.64e-04   1.29e-01     1.07e-04   1200.403s
5634000 -3.45850486e+01 -3.45852152e+01  1.67e-04   4.25e-02     1.09e-04   1200.615s
5635000 -3.45850834e+01 -3.45850393e+01  4.41e-05   1.68e-01     1.09e-04   1200.827s
5636000 -3.45851173e+01 -3.45849756e+01  1.42e-04   6.96e-02     1.09e-04   1201.039s
5636800 -3.45851455e+01 -3.45850024e+01  1.43e-04   5.17e-02     1.07e-04   1201.209s
LP Solver status:                Optimal
Primal objective:                -3.45851455e+01
Dual objective:                  -3.45850024e+01
Duality gap (abs/rel):           +1.43e-04 / +2.04e-06
Primal infeasibility (abs/rel):  +5.17e-02 / +4.76e-08
Dual infeasibility (abs/rel):    +1.07e-04 / +1.22e-05
PDLP finished
Status: Optimal   Objective: -3.45851455e+01  Iterations: 5636800  Time: 1201.345s

### exit_code=0
### finished=2026-08-10T14:53:06.786664
### gpu_peak_mb=5530.4
### gpu_peak2_mb=5370.4
### per_gpu_peak_mb=[5530.375, 5338.375, 5338.375, 5338.375, 5338.375, 5370.375, 5338.375, 5306.375]
