### solver=cuopt-distributed
### instance=/home/scratch.vmostovoi_gpu/datasets/amazon_lp/amazon_lp004.mps
### n_gpus=8
### CUDA_VISIBLE_DEVICES=0,1,2,3,4,5,6,7
### started=2026-07-23T18:46:45.049731
### argv=/home/scratch.vmostovoi_gpu/mostovoi_cuopt/cpp/build/cuopt_cli --use-distributed-pdlp true --method 1 --mps-reader experimental-fast --time-limit 3600 --iteration-limit 1000000000 --relative-primal-tolerance 1e-4 --relative-dual-tolerance 1e-4 --relative-gap-tolerance 1e-4 --log-to-console true /home/scratch.vmostovoi_gpu/datasets/amazon_lp/amazon_lp004.mps
### --- solver output ---
Setting parameter iteration_limit to 1000000000
Setting parameter log_to_console to true
Setting parameter method to 1
Setting parameter relative_dual_tolerance to 1.000000e-04
Setting parameter relative_gap_tolerance to 1.000000e-04
Setting parameter relative_primal_tolerance to 1.000000e-04
Setting parameter time_limit to 3.600000e+03
Setting parameter use_distributed_pdlp to true
Reading file amazon_lp004.mps
Using experimental fast MPS parser for '/home/scratch.vmostovoi_gpu/datasets/amazon_lp/amazon_lp004.mps'
Read file amazon_lp004.mps in 8.01 seconds
cuOpt version: 26.8.0, git hash: 7116ead1, host arch: x86_64, device archs: 100a-real
CPU: INTEL(R) XEON(R) PLATINUM 8570, threads (physical/logical): 112/224, RAM: 1853.46 GiB
CUDA 13.3, device: NVIDIA B200 (ID 0), VRAM: 178.34 GiB
CUDA device UUID: f36553ec-83f5-0954-de1e-14020b44a6e2
CUDA 13.3, device: NVIDIA B200 (ID 1), VRAM: 178.34 GiB
CUDA device UUID: 2eba6257-9bb3-2747-fc09-864946248a91
CUDA 13.3, device: NVIDIA B200 (ID 2), VRAM: 178.34 GiB
CUDA device UUID: 4ade4928-6fdc-11af-38d9-7cf5fda387b9
CUDA 13.3, device: NVIDIA B200 (ID 3), VRAM: 178.34 GiB
CUDA device UUID: 1894ac57-3a60-bdee-5ef9-6830f431eef1
CUDA 13.3, device: NVIDIA B200 (ID 4), VRAM: 178.34 GiB
CUDA device UUID: dabaf8f8-5fff-31ab-f66d-9fb9eead5bb2
CUDA 13.3, device: NVIDIA B200 (ID 5), VRAM: 178.34 GiB
CUDA device UUID: 392f828f-0b3e-6754-56d8-f6625df4d807
CUDA 13.3, device: NVIDIA B200 (ID 6), VRAM: 178.34 GiB
CUDA device UUID: 6cd3d5d5-ea39-07b6-4919-57b4bcc17eb6
CUDA 13.3, device: NVIDIA B200 (ID 7), VRAM: 178.34 GiB
CUDA device UUID: 9e3c10fd-3faa-ac89-1e74-35586597f53e
Solving a problem with 1045169 constraints, 16995607 variables (0 integers), and 129173347 nonzeros
Using PSLP presolver
PSLP Presolved problem: 957908 constraints, 16908311 variables, 128756276 non-zeros
PSLP presolve time: 13.46s
Solving with distributed PDLP on 8 GPUs.
NCCL version 2.30.7+cuda13.3
      0 +9.71512285e+11 +9.71512285e+11  0.00e+00   8.73e+13     4.03e+12   39.727s
   1000 +6.58635413e+19 +8.82272779e+19  2.24e+19   1.68e+07     3.18e+19   40.741s
   2000 +4.34728853e+19 +7.26012195e+19  2.91e+19   1.78e+07     3.01e+19   41.607s
   3000 +2.90709876e+19 +6.39933751e+19  3.49e+19   1.24e+07     2.93e+19   42.473s
   4000 +2.40815533e+19 +3.69222481e+19  1.28e+19   1.35e+07     1.32e+19   43.340s
   5000 +1.98461882e+19 +3.54909202e+19  1.56e+19   1.17e+07     1.25e+19   44.206s
   6000 +1.77596542e+19 +2.34421063e+19  5.68e+18   8.09e+06     9.27e+18   45.073s
   7000 +1.64628319e+19 +2.07018364e+19  4.24e+18   1.21e+07     8.80e+18   45.939s
   8000 +1.52480236e+19 +2.06936457e+19  5.45e+18   2.13e+06     8.81e+18   46.804s
   9000 +1.45493368e+19 +1.30122983e+19  1.54e+18   1.48e+06     4.33e+18   47.669s
  10000 +1.43275712e+19 +1.23209398e+19  2.01e+18   1.25e+05     4.32e+18   48.536s
  11000 +1.41315365e+19 +1.15692398e+19  2.56e+18   1.38e+06     4.24e+18   49.392s
  12000 +1.39948185e+19 +1.14078681e+19  2.59e+18   5.61e+04     4.24e+18   50.251s
  13000 +1.38596102e+19 +1.13936340e+19  2.47e+18   5.29e+05     4.24e+18   51.108s
  14000 +1.37272577e+19 +1.13635409e+19  2.36e+18   2.54e+05     4.24e+18   51.963s
  15000 +1.36105665e+19 +1.08883833e+19  2.72e+18   1.05e+06     4.21e+18   52.820s
  16000 +1.35118978e+19 +1.11498375e+19  2.36e+18   8.19e+06     4.22e+18   53.677s
  17000 +1.34175750e+19 +1.08878462e+19  2.53e+18   7.53e+06     4.21e+18   54.533s
  18000 +1.33283929e+19 +1.08286427e+19  2.50e+18   8.09e+06     4.21e+18   55.391s
  19000 +1.32499195e+19 +1.04514119e+19  2.80e+18   2.39e+06     4.19e+18   56.249s
  20000 +1.31852936e+19 +1.02544159e+19  2.93e+18   1.10e+06     4.18e+18   57.106s
  21000 +1.31236087e+19 +1.37026765e+19  5.79e+17   7.23e+07     5.41e+18   57.961s
  22000 +1.30621857e+19 +1.34544417e+19  3.92e+17   5.55e+07     5.31e+18   58.819s
  23000 +1.30098898e+19 +1.33235466e+19  3.14e+17   3.85e+07     5.25e+18   59.675s
  24000 +1.29579928e+19 +1.42081888e+19  1.25e+18   2.22e+06     5.92e+18   60.530s
  25000 +1.29091097e+19 +1.40862137e+19  1.18e+18   2.16e+05     5.92e+18   61.383s
  26000 +1.28629820e+19 +1.41263732e+19  1.26e+18   2.56e+06     5.92e+18   62.237s
  27000 +1.28173822e+19 +1.40951210e+19  1.28e+18   3.62e+05     5.92e+18   63.091s
  28000 +1.27724296e+19 +1.40510344e+19  1.28e+18   2.88e+06     5.92e+18   63.945s
  29000 +1.27286891e+19 +1.40660785e+19  1.34e+18   2.81e+06     5.92e+18   64.798s
  30000 +1.26851953e+19 +1.40485500e+19  1.36e+18   1.48e+06     5.92e+18   65.652s
  31000 +1.26418417e+19 +1.40551667e+19  1.41e+18   6.27e+05     5.92e+18   66.505s
  32000 +1.25991243e+19 +1.40304486e+19  1.43e+18   1.60e+06     5.92e+18   67.359s
  33000 +1.25564719e+19 +1.40393575e+19  1.48e+18   3.05e+06     5.92e+18   68.213s
  34000 +1.25138261e+19 +1.40198081e+19  1.51e+18   8.05e+05     5.92e+18   69.067s
  35000 +1.24712098e+19 +1.40081889e+19  1.54e+18   5.67e+05     5.92e+18   69.920s
  36000 +1.24286942e+19 +1.40217775e+19  1.59e+18   1.89e+06     5.92e+18   70.774s
  37000 +1.23861848e+19 +1.39907312e+19  1.60e+18   2.90e+03     5.92e+18   71.628s
  38000 +1.23440271e+19 +1.39542508e+19  1.61e+18   7.48e+04     5.92e+18   72.482s
  39000 +1.23028888e+19 +1.39481441e+19  1.65e+18   2.74e+05     5.92e+18   73.335s
  40000 +1.22619373e+19 +1.39462154e+19  1.68e+18   9.03e+05     5.92e+18   74.189s
  41000 +1.22213918e+19 +1.39416081e+19  1.72e+18   2.31e+05     5.92e+18   75.042s
  42000 +1.21808528e+19 +1.39300613e+19  1.75e+18   2.98e+05     5.92e+18   75.896s
  43000 +1.21403330e+19 +1.39348024e+19  1.79e+18   5.19e+05     5.92e+18   76.750s
  44000 +1.20998189e+19 +1.39277161e+19  1.83e+18   1.12e+05     5.92e+18   77.604s
  45000 +1.20593051e+19 +1.39189333e+19  1.86e+18   1.07e+05     5.92e+18   78.457s
  46000 +1.20188149e+19 +1.39198686e+19  1.90e+18   2.30e+06     5.92e+18   79.311s
  47000 +1.19785843e+19 +1.39202139e+19  1.94e+18   8.38e+04     5.92e+18   80.164s
  48000 +1.19390330e+19 +1.35067612e+19  1.57e+18   4.23e+06     5.87e+18   81.018s
  49000 +1.19077328e+19 +1.38709345e+19  1.96e+18   1.61e+06     5.91e+18   81.872s
  50000 +1.18768051e+19 +1.35196305e+19  1.64e+18   1.39e+06     5.87e+18   82.725s
  51000 +1.18453275e+19 +1.36897681e+19  1.84e+18   7.72e+06     5.88e+18   83.579s
  52000 +1.18146553e+19 +1.36623044e+19  1.85e+18   4.36e+05     5.88e+18   84.432s
  53000 +1.17833138e+19 +1.34871294e+19  1.70e+18   4.84e+06     5.87e+18   85.286s
  54000 +1.17524403e+19 +1.37298545e+19  1.98e+18   5.27e+05     5.89e+18   86.139s
  55000 +1.17216224e+19 +1.34471506e+19  1.73e+18   2.67e+05     5.87e+18   86.993s
  56000 +1.16906079e+19 +1.36362140e+19  1.95e+18   5.17e+06     5.88e+18   87.846s
  57000 +1.16600076e+19 +1.34197927e+19  1.76e+18   9.89e+04     5.87e+18   88.701s
  58000 +1.16292998e+19 +1.34181303e+19  1.79e+18   1.12e+03     5.87e+18   89.554s
  59000 +1.15985894e+19 +1.34170876e+19  1.82e+18   1.72e+04     5.87e+18   90.407s
  60000 +1.15678819e+19 +1.34178464e+19  1.85e+18   3.13e+02     5.87e+18   91.261s
  61000 +1.15371743e+19 +1.34166444e+19  1.88e+18   4.22e+03     5.87e+18   92.114s
  62000 +1.15064670e+19 +1.34173276e+19  1.91e+18   1.16e+04     5.87e+18   92.968s
  63000 +1.14757611e+19 +1.34172001e+19  1.94e+18   6.39e+04     5.87e+18   93.821s
  64000 +1.14455257e+19 +1.33984466e+19  1.95e+18   6.77e+03     5.87e+18   94.675s
  65000 +1.14155042e+19 +1.33764503e+19  1.96e+18   6.00e+05     5.87e+18   95.528s
  66000 +1.13855265e+19 +1.34036560e+19  2.02e+18   3.60e+05     5.87e+18   96.382s
  67000 +1.13555615e+19 +1.33758316e+19  2.02e+18   3.08e+04     5.87e+18   97.235s
  68000 +1.13255985e+19 +1.33842117e+19  2.06e+18   8.83e+05     5.87e+18   98.088s
  69000 +1.12976205e+19 +1.32789682e+19  1.98e+18   5.94e+04     5.87e+18   98.942s
  70000 +1.12699188e+19 +1.32436064e+19  1.97e+18   3.66e+06     5.87e+18   99.795s
  71000 +1.12422175e+19 +1.33425356e+19  2.10e+18   7.17e+05     5.87e+18   100.648s
  72000 +1.12145163e+19 +1.32583982e+19  2.04e+18   6.73e+05     5.87e+18   101.502s
  73000 +1.11868273e+19 +1.32414484e+19  2.05e+18   2.90e+06     5.87e+18   102.355s
  74000 +1.11592043e+19 +1.33266623e+19  2.17e+18   1.18e+06     5.87e+18   103.209s
  75000 +1.11315924e+19 +1.32566699e+19  2.13e+18   6.64e+04     5.87e+18   104.063s
  76000 +1.11096551e+19 +1.27500948e+19  1.64e+18   2.07e+06     5.84e+18   104.916s
  77000 +1.10885757e+19 +1.28115295e+19  1.72e+18   1.24e+06     5.84e+18   105.770s
  78000 +1.10674965e+19 +1.27640050e+19  1.70e+18   3.03e+06     5.84e+18   106.623s
  79000 +1.10464631e+19 +1.27574285e+19  1.71e+18   5.61e+06     5.84e+18   107.478s
  80000 +1.10254631e+19 +1.28214188e+19  1.80e+18   7.58e+06     5.84e+18   108.332s
  81000 +1.10044629e+19 +1.28115337e+19  1.81e+18   9.16e+06     5.84e+18   109.185s
  82000 +1.09834637e+19 +1.28075015e+19  1.82e+18   1.05e+07     5.84e+18   110.038s
  83000 +1.09624652e+19 +1.28726544e+19  1.91e+18   1.15e+07     5.84e+18   110.892s
  84000 +1.09416430e+19 +1.28703335e+19  1.93e+18   1.20e+07     5.84e+18   111.745s
  85000 +1.09208315e+19 +1.28598512e+19  1.94e+18   1.22e+07     5.85e+18   112.599s
  86000 +1.09000198e+19 +1.29236844e+19  2.02e+18   1.21e+07     5.85e+18   113.452s
  87000 +1.08792147e+19 +1.29245036e+19  2.05e+18   1.16e+07     5.85e+18   114.305s
  88000 +1.08588427e+19 +1.28040385e+19  1.95e+18   1.09e+07     5.85e+18   115.159s
  89000 +1.08398152e+19 +1.25382227e+19  1.70e+18   3.29e+02     5.84e+18   116.013s
  90000 +1.08207878e+19 +1.25382359e+19  1.72e+18   1.02e+02     5.84e+18   116.867s
  91000 +1.08017757e+19 +1.25367659e+19  1.73e+18   2.15e+04     5.84e+18   117.720s
  92000 +1.07827777e+19 +1.25361663e+19  1.75e+18   1.31e+04     5.84e+18   118.574s
  93000 +1.07637800e+19 +1.25364604e+19  1.77e+18   1.94e+04     5.84e+18   119.427s
  94000 +1.07447826e+19 +1.25356508e+19  1.79e+18   5.69e+03     5.84e+18   120.280s
  95000 +1.07258169e+19 +1.25312102e+19  1.81e+18   4.84e+04     5.84e+18   121.134s
  96000 +1.07069223e+19 +1.25336168e+19  1.83e+18   4.32e+04     5.84e+18   121.987s
  97000 +1.06880277e+19 +1.25300122e+19  1.84e+18   3.90e+05     5.84e+18   122.841s
  98000 +1.06691406e+19 +1.25259452e+19  1.86e+18   2.14e+04     5.84e+18   123.694s
  99000 +1.06502605e+19 +1.25310835e+19  1.88e+18   1.15e+04     5.84e+18   124.548s
 100000 +1.06313837e+19 +1.25308107e+19  1.90e+18   1.96e+05     5.84e+18   125.401s
 101000 +1.06125092e+19 +1.25274358e+19  1.91e+18   1.91e+05     5.84e+18   126.254s
 102000 +1.05937131e+19 +1.25244605e+19  1.93e+18   2.14e+05     5.84e+18   127.107s
 103000 +1.05749659e+19 +1.25204863e+19  1.95e+18   1.78e+05     5.84e+18   127.961s
 104000 +1.05562194e+19 +1.25120259e+19  1.96e+18   2.54e+05     5.84e+18   128.814s
 105000 +1.05374728e+19 +1.25037705e+19  1.97e+18   1.16e+05     5.84e+18   129.668s
 106000 +1.05187267e+19 +1.25078231e+19  1.99e+18   2.10e+05     5.84e+18   130.521s
 107000 +1.04999806e+19 +1.25143389e+19  2.01e+18   2.82e+05     5.84e+18   131.374s
 108000 +1.04812345e+19 +1.25180815e+19  2.04e+18   2.04e+05     5.84e+18   132.228s
 109000 +1.04624885e+19 +1.25149305e+19  2.05e+18   1.73e+04     5.84e+18   133.081s
 110000 +1.04437500e+19 +1.25101249e+19  2.07e+18   4.82e+04     5.84e+18   133.934s
 111000 +1.04250147e+19 +1.25049735e+19  2.08e+18   1.30e+05     5.84e+18   134.788s
 112000 +1.04062794e+19 +1.25021139e+19  2.10e+18   1.24e+05     5.84e+18   135.641s
 113000 +1.03875442e+19 +1.25079692e+19  2.12e+18   2.10e+05     5.84e+18   136.495s
 114000 +1.03688089e+19 +1.25133564e+19  2.14e+18   1.27e+05     5.84e+18   137.348s
 115000 +1.03500735e+19 +1.25125160e+19  2.16e+18   1.40e+05     5.84e+18   138.201s
 116000 +1.03316783e+19 +1.24896134e+19  2.16e+18   1.36e+06     5.84e+18   139.054s
 117000 +1.03133022e+19 +1.24874113e+19  2.17e+18   1.95e+04     5.84e+18   139.908s
 118000 +1.02949262e+19 +1.24651645e+19  2.17e+18   6.91e+05     5.84e+18   140.761s
 119000 +1.02765502e+19 +1.24985882e+19  2.22e+18   2.06e+05     5.84e+18   141.615s
 120000 +1.02581742e+19 +1.24694804e+19  2.21e+18   1.61e+05     5.84e+18   142.468s
 121000 +1.02397982e+19 +1.24933982e+19  2.25e+18   1.07e+06     5.84e+18   143.322s
 122000 +1.02214221e+19 +1.24835790e+19  2.26e+18   1.05e+05     5.84e+18   144.175s
 123000 +1.02030461e+19 +1.24676816e+19  2.26e+18   8.15e+05     5.84e+18   145.029s
 124000 +1.01846703e+19 +1.24900066e+19  2.31e+18   1.22e+05     5.84e+18   145.882s
 125000 +1.01663358e+19 +1.24586139e+19  2.29e+18   2.59e+05     5.84e+18   146.735s
 126000 +1.01480032e+19 +1.24873435e+19  2.34e+18   8.72e+05     5.84e+18   147.589s
 127000 +1.01296899e+19 +1.24695194e+19  2.34e+18   3.47e+05     5.84e+18   148.442s
 128000 +1.01114199e+19 +1.24683354e+19  2.36e+18   8.64e+05     5.84e+18   149.296s
 129000 +1.00931500e+19 +1.24820550e+19  2.39e+18   1.11e+05     5.84e+18   150.149s
 130000 +1.00748801e+19 +1.24538191e+19  2.38e+18   1.04e+05     5.84e+18   151.002s
 131000 +1.00566102e+19 +1.24773385e+19  2.42e+18   6.53e+05     5.84e+18   151.856s
 132000 +1.00383639e+19 +1.24602233e+19  2.42e+18   4.27e+05     5.84e+18   152.709s
 133000 +1.00201666e+19 +1.24619079e+19  2.44e+18   8.92e+05     5.84e+18   153.562s
 134000 +1.00019693e+19 +1.24692084e+19  2.47e+18   1.76e+05     5.84e+18   154.416s
 135000 +9.98377236e+18 +1.24539999e+19  2.47e+18   4.48e+05     5.84e+18   155.269s
 136000 +9.96557596e+18 +1.24768823e+19  2.51e+18   3.70e+05     5.84e+18   156.123s
 137000 +9.94738013e+18 +1.24490480e+19  2.50e+18   4.07e+05     5.84e+18   156.976s
 138000 +9.92918598e+18 +1.24521856e+19  2.52e+18   7.83e+05     5.84e+18   157.830s
 139000 +9.91099886e+18 +1.24325776e+19  2.52e+18   5.58e+01     5.84e+18   158.685s
 140000 +9.89282571e+18 +1.24327703e+19  2.54e+18   4.03e+01     5.84e+18   159.538s
 141000 +9.87465256e+18 +1.24326219e+19  2.56e+18   1.96e+04     5.84e+18   160.391s
 142000 +9.85647941e+18 +1.24322333e+19  2.58e+18   3.89e+04     5.84e+18   161.245s
 143000 +9.83830626e+18 +1.24319712e+19  2.59e+18   1.08e+04     5.84e+18   162.099s
 144000 +9.82013316e+18 +1.24320016e+19  2.61e+18   5.25e+01     5.84e+18   162.952s
 145000 +9.80196006e+18 +1.24321346e+19  2.63e+18   2.41e+01     5.84e+18   163.806s
 146000 +9.78378696e+18 +1.24322067e+19  2.65e+18   1.00e+03     5.84e+18   164.659s
 147000 +9.76561386e+18 +1.24321119e+19  2.67e+18   1.64e+04     5.84e+18   165.513s
 148000 +9.74744076e+18 +1.24319830e+19  2.68e+18   9.90e+03     5.84e+18   166.366s
 149000 +9.72926771e+18 +1.24319437e+19  2.70e+18   1.78e+01     5.84e+18   167.219s
 150000 +9.71109478e+18 +1.24320630e+19  2.72e+18   8.28e+02     5.84e+18   168.073s
 151000 +9.69292207e+18 +1.24321323e+19  2.74e+18   1.29e+03     5.84e+18   168.926s
 152000 +9.67474989e+18 +1.24321269e+19  2.76e+18   8.20e+04     5.84e+18   169.780s
 153000 +9.65657771e+18 +1.24321154e+19  2.78e+18   8.86e+03     5.84e+18   170.634s
 154000 +9.63840620e+18 +1.24320333e+19  2.79e+18   3.26e+04     5.84e+18   171.487s
 155000 +9.62025646e+18 +1.24189692e+19  2.80e+18   5.55e+02     5.84e+18   172.340s
 156000 +9.60217000e+18 +1.24311288e+19  2.83e+18   1.28e+05     5.84e+18   173.194s
 157000 +9.58408355e+18 +1.24191220e+19  2.84e+18   4.03e+04     5.84e+18   174.047s
 158000 +9.56599898e+18 +1.24293618e+19  2.86e+18   2.96e+05     5.84e+18   174.900s
 159000 +9.54791469e+18 +1.24194855e+19  2.87e+18   6.75e+04     5.84e+18   175.754s
 160000 +9.52983037e+18 +1.24275109e+19  2.90e+18   4.14e+05     5.84e+18   176.607s
 161000 +9.51174609e+18 +1.24202414e+19  2.91e+18   8.90e+04     5.84e+18   177.461s
 162000 +9.49383807e+18 +1.24242797e+19  2.93e+18   8.00e+05     5.84e+18   178.314s
 163000 +9.47638491e+18 +1.24140942e+19  2.94e+18   1.37e+06     5.84e+18   179.168s
 164000 +9.45897589e+18 +1.23967859e+19  2.94e+18   2.05e+06     5.84e+18   180.021s
 165000 +9.44168360e+18 +1.23750911e+19  2.93e+18   2.50e+06     5.84e+18   180.874s
 166000 +9.42439127e+18 +1.23769447e+19  2.95e+18   3.20e+06     5.84e+18   181.728s
 167000 +9.40709898e+18 +1.23814285e+19  2.97e+18   3.19e+06     5.84e+18   182.582s
 168000 +9.38980666e+18 +1.23638451e+19  2.97e+18   3.33e+06     5.84e+18   183.435s
 169000 +9.37251436e+18 +1.23433764e+19  2.97e+18   3.34e+06     5.84e+18   184.288s
 170000 +9.35528722e+18 +1.23277929e+19  2.97e+18   3.40e+06     5.84e+18   185.141s
 171000 +9.33808679e+18 +1.23374928e+19  3.00e+18   3.19e+06     5.84e+18   185.995s
 172000 +9.32088637e+18 +1.23198324e+19  3.00e+18   2.80e+06     5.84e+18   186.848s
 173000 +9.30368597e+18 +1.23120956e+19  3.01e+18   2.46e+06     5.84e+18   187.701s
 174000 +9.28649230e+18 +1.22875798e+19  3.00e+18   2.09e+06     5.84e+18   188.555s
 175000 +9.26936658e+18 +1.23011914e+19  3.03e+18   1.84e+06     5.84e+18   189.408s
 176000 +9.25224086e+18 +1.22944201e+19  3.04e+18   1.07e+06     5.84e+18   190.261s
 177000 +9.23511534e+18 +1.22874864e+19  3.05e+18   5.77e+05     5.84e+18   191.115s
 178000 +9.21798997e+18 +1.22733994e+19  3.06e+18   4.22e+05     5.84e+18   191.968s
 179000 +9.20086464e+18 +1.22888247e+19  3.09e+18   9.25e+05     5.84e+18   192.822s
 180000 +9.18373933e+18 +1.22879224e+19  3.10e+18   6.34e+05     5.84e+18   193.675s
 181000 +9.16661400e+18 +1.22914978e+19  3.12e+18   1.90e+05     5.84e+18   194.529s
 182000 +9.14948868e+18 +1.22755537e+19  3.13e+18   5.87e+05     5.84e+18   195.382s
 183000 +9.13236352e+18 +1.22927082e+19  3.16e+18   8.11e+05     5.84e+18   196.235s
 184000 +9.11523879e+18 +1.22964291e+19  3.18e+18   5.32e+05     5.84e+18   197.088s
 185000 +9.09811403e+18 +1.23033867e+19  3.21e+18   2.62e+05     5.84e+18   197.942s
 186000 +9.08099202e+18 +1.22937710e+19  3.21e+18   2.31e+05     5.84e+18   198.795s
 187000 +9.06387090e+18 +1.22996374e+19  3.24e+18   6.82e+05     5.84e+18   199.648s
 188000 +9.04674983e+18 +1.23144562e+19  3.27e+18   5.90e+05     5.84e+18   200.501s
 189000 +9.02962874e+18 +1.23118345e+19  3.28e+18   5.30e+05     5.84e+18   201.355s
 190000 +9.01250767e+18 +1.23161686e+19  3.30e+18   5.36e+04     5.84e+18   202.208s
 191000 +8.99541432e+18 +1.22909547e+19  3.30e+18   5.84e+05     5.84e+18   203.062s
 192000 +8.97836733e+18 +1.23268599e+19  3.35e+18   6.69e+05     5.84e+18   203.915s
 193000 +8.96132032e+18 +1.23042395e+19  3.34e+18   3.68e+05     5.84e+18   204.768s
 194000 +8.94427333e+18 +1.23239585e+19  3.38e+18   3.59e+04     5.84e+18   205.622s
 195000 +8.92722632e+18 +1.22940736e+19  3.37e+18   3.13e+05     5.84e+18   206.475s
 196000 +8.91017992e+18 +1.23202784e+19  3.41e+18   7.57e+05     5.84e+18   207.328s
 197000 +8.89313449e+18 +1.23054848e+19  3.41e+18   6.67e+05     5.84e+18   208.182s
 198000 +8.87609208e+18 +1.23132472e+19  3.44e+18   9.70e+05     5.84e+18   209.035s
 199000 +8.85904966e+18 +1.22942896e+19  3.44e+18   1.13e+06     5.84e+18   209.888s
 200000 +8.84200725e+18 +1.22985236e+19  3.46e+18   1.46e+06     5.84e+18   210.742s
 201000 +8.82497270e+18 +1.22970096e+19  3.47e+18   1.51e+06     5.84e+18   211.595s
 202000 +8.80794706e+18 +1.22941078e+19  3.49e+18   1.69e+06     5.84e+18   212.448s
 203000 +8.79092143e+18 +1.22839431e+19  3.49e+18   1.59e+06     5.84e+18   213.302s
 204000 +8.77389579e+18 +1.22773273e+19  3.50e+18   1.63e+06     5.84e+18   214.155s
 205000 +8.75687109e+18 +1.22809690e+19  3.52e+18   1.67e+06     5.84e+18   215.008s
 206000 +8.73985426e+18 +1.22751104e+19  3.54e+18   1.41e+06     5.84e+18   215.861s
 207000 +8.72286399e+18 +1.22628611e+19  3.54e+18   1.36e+06     5.84e+18   216.714s
 208000 +8.70587371e+18 +1.22652245e+19  3.56e+18   1.07e+06     5.84e+18   217.568s
 209000 +8.68888367e+18 +1.22563412e+19  3.57e+18   9.97e+05     5.84e+18   218.421s
 210000 +8.67189855e+18 +1.22707462e+19  3.60e+18   8.36e+05     5.84e+18   219.274s
 211000 +8.65491347e+18 +1.22508949e+19  3.60e+18   3.07e+05     5.84e+18   220.127s
 212000 +8.63792834e+18 +1.22604614e+19  3.62e+18   4.35e+05     5.84e+18   220.981s
 213000 +8.62094327e+18 +1.22489707e+19  3.63e+18   4.93e+05     5.84e+18   221.834s
 214000 +8.60395819e+18 +1.22681307e+19  3.66e+18   4.43e+05     5.84e+18   222.687s
 215000 +8.58697317e+18 +1.22527707e+19  3.67e+18   5.65e+05     5.84e+18   223.541s
 216000 +8.56998811e+18 +1.22337048e+19  3.66e+18   6.84e+02     5.84e+18   224.396s
 217000 +8.55300307e+18 +1.22332709e+19  3.68e+18   8.01e+02     5.84e+18   225.249s
 218000 +8.53601802e+18 +1.22332909e+19  3.70e+18   1.91e+02     5.84e+18   226.103s
 219000 +8.51903298e+18 +1.22333137e+19  3.71e+18   2.83e+02     5.84e+18   226.956s
 220000 +8.50204793e+18 +1.22333012e+19  3.73e+18   1.82e+02     5.84e+18   227.810s
 221000 +8.48506291e+18 +1.22332812e+19  3.75e+18   1.73e+02     5.84e+18   228.663s
 222000 +8.46807793e+18 +1.22332845e+19  3.77e+18   1.34e+03     5.84e+18   229.517s
 223000 +8.45109297e+18 +1.22332913e+19  3.78e+18   5.74e+02     5.84e+18   230.370s
 224000 +8.43410931e+18 +1.22331241e+19  3.80e+18   9.09e+04     5.84e+18   231.224s
 225000 +8.41712584e+18 +1.22331891e+19  3.82e+18   3.47e+04     5.84e+18   232.077s
 226000 +8.40014245e+18 +1.22331066e+19  3.83e+18   1.97e+03     5.84e+18   232.930s
 227000 +8.38315914e+18 +1.22330046e+19  3.85e+18   2.47e+04     5.84e+18   233.784s
 228000 +8.36617582e+18 +1.22329492e+19  3.87e+18   1.30e+04     5.84e+18   234.637s
 229000 +8.34919251e+18 +1.22329640e+19  3.88e+18   4.29e+04     5.84e+18   235.491s
 230000 +8.33220922e+18 +1.22329691e+19  3.90e+18   4.82e+04     5.84e+18   236.344s
 231000 +8.31522623e+18 +1.22329943e+19  3.92e+18   6.63e+03     5.84e+18   237.198s
 232000 +8.29825413e+18 +1.22328510e+19  3.93e+18   1.83e+04     5.84e+18   238.051s
 233000 +8.28128774e+18 +1.22291013e+19  3.95e+18   2.86e+03     5.84e+18   238.904s
 234000 +8.26432136e+18 +1.22321037e+19  3.97e+18   7.47e+04     5.84e+18   239.758s
 235000 +8.24735499e+18 +1.22296736e+19  3.98e+18   3.69e+04     5.84e+18   240.611s
 236000 +8.23038864e+18 +1.22317202e+19  4.00e+18   1.17e+05     5.84e+18   241.464s
 237000 +8.21342228e+18 +1.22303403e+19  4.02e+18   1.22e+04     5.84e+18   242.318s
 238000 +8.19645627e+18 +1.22306937e+19  4.03e+18   1.19e+05     5.84e+18   243.171s
 239000 +8.17961382e+18 +1.22229792e+19  4.04e+18   1.45e+04     5.84e+18   244.024s
 240000 +8.16292897e+18 +1.22237841e+19  4.06e+18   1.27e+06     5.84e+18   244.878s
 241000 +8.14624414e+18 +1.22007262e+19  4.05e+18   2.72e+06     5.84e+18   245.731s
 242000 +8.12955932e+18 +1.21712916e+19  4.04e+18   1.69e+06     5.84e+18   246.584s
 243000 +8.11287450e+18 +1.21653053e+19  4.05e+18   1.06e+04     5.84e+18   247.438s
 244000 +8.09618968e+18 +1.21797308e+19  4.08e+18   9.17e+03     5.84e+18   248.291s
 245000 +8.07950486e+18 +1.22055524e+19  4.13e+18   2.04e+04     5.84e+18   249.145s
 246000 +8.06282004e+18 +1.22127686e+19  4.15e+18   3.34e+05     5.84e+18   249.998s
 247000 +8.04613605e+18 +1.22005454e+19  4.15e+18   2.01e+06     5.84e+18   250.851s
 248000 +8.02956673e+18 +1.21646871e+19  4.14e+18   1.81e+06     5.84e+18   251.704s
 249000 +8.01309906e+18 +1.21169899e+19  4.10e+18   3.47e+06     5.84e+18   252.557s
 250000 +7.99663139e+18 +1.21637363e+19  4.17e+18   1.31e+04     5.84e+18   253.411s
 251000 +7.98016372e+18 +1.21396938e+19  4.16e+18   1.52e+06     5.84e+18   254.264s
 252000 +7.96369605e+18 +1.21974614e+19  4.23e+18   2.14e+04     5.84e+18   255.118s
 253000 +7.94722839e+18 +1.21449089e+19  4.20e+18   1.37e+06     5.84e+18   255.971s
 254000 +7.93076072e+18 +1.21709744e+19  4.24e+18   2.17e+06     5.84e+18   256.824s
 255000 +7.91455192e+18 +1.18334455e+19  3.92e+18   5.56e+05     5.83e+18   257.677s
 256000 +7.89941148e+18 +1.20220748e+19  4.12e+18   1.26e+07     5.83e+18   258.531s
 257000 +7.88427111e+18 +1.19809853e+19  4.10e+18   1.06e+04     5.83e+18   259.384s
 258000 +7.86913081e+18 +1.19057175e+19  4.04e+18   9.86e+06     5.83e+18   260.238s
 259000 +7.85399052e+18 +1.20979458e+19  4.24e+18   7.93e+05     5.84e+18   261.091s
 260000 +7.83885022e+18 +1.18195496e+19  3.98e+18   4.56e+06     5.83e+18   261.945s
 261000 +7.82370993e+18 +1.20712763e+19  4.25e+18   4.94e+06     5.84e+18   262.798s
 262000 +7.80856996e+18 +1.18357384e+19  4.03e+18   4.21e+06     5.83e+18   263.652s
 263000 +7.79343002e+18 +1.19869154e+19  4.19e+18   1.03e+07     5.83e+18   264.505s
 264000 +7.77829011e+18 +1.19614183e+19  4.18e+18   3.64e+06     5.83e+18   265.358s
 265000 +7.76315472e+18 +1.18909951e+19  4.13e+18   8.12e+06     5.83e+18   266.212s
 266000 +7.74802339e+18 +1.20372701e+19  4.29e+18   2.98e+06     5.83e+18   267.065s
 267000 +7.73289207e+18 +1.18105848e+19  4.08e+18   1.15e+06     5.83e+18   267.918s
 268000 +7.71776074e+18 +1.20165977e+19  4.30e+18   4.06e+06     5.83e+18   268.772s
 269000 +7.70262941e+18 +1.18418811e+19  4.14e+18   4.23e+04     5.83e+18   269.625s
 270000 +7.68749809e+18 +1.19547466e+19  4.27e+18   8.88e+06     5.83e+18   270.478s
 271000 +7.67237031e+18 +1.19552435e+19  4.28e+18   4.43e+05     5.83e+18   271.331s
 272000 +7.65724317e+18 +1.18516151e+19  4.19e+18   7.42e+06     5.83e+18   272.185s
 273000 +7.64211602e+18 +1.20172942e+19  4.38e+18   1.95e+06     5.83e+18   273.038s
 274000 +7.62698888e+18 +1.17746016e+19  4.15e+18   8.01e+05     5.83e+18   273.892s
 275000 +7.61186177e+18 +1.20131557e+19  4.40e+18   3.83e+06     5.83e+18   274.745s
 276000 +7.59673468e+18 +1.18164487e+19  4.22e+18   1.35e+04     5.83e+18   275.599s
 277000 +7.58160763e+18 +1.19622088e+19  4.38e+18   8.29e+06     5.83e+18   276.452s
 278000 +7.56648062e+18 +1.19101238e+19  4.34e+18   6.08e+05     5.83e+18   277.305s
 279000 +7.55135367e+18 +1.18552118e+19  4.30e+18   7.51e+06     5.83e+18   278.159s
 280000 +7.53622675e+18 +1.19673897e+19  4.43e+18   5.82e+05     5.83e+18   279.012s
 281000 +7.52109983e+18 +1.17827897e+19  4.26e+18   3.02e+06     5.83e+18   279.866s
 282000 +7.50597701e+18 +1.19909708e+19  4.48e+18   2.29e+06     5.83e+18   280.719s
 283000 +7.49086932e+18 +1.18062696e+19  4.32e+18   2.26e+06     5.83e+18   281.573s
 284000 +7.47578450e+18 +1.19510210e+19  4.48e+18   6.83e+06     5.83e+18   282.426s
 285000 +7.46069951e+18 +1.18721740e+19  4.41e+18   1.75e+06     5.83e+18   283.279s
 286000 +7.44565154e+18 +1.18347910e+19  4.39e+18   6.30e+06     5.83e+18   284.133s
 287000 +7.43060594e+18 +1.19192410e+19  4.49e+18   5.20e+05     5.83e+18   284.986s
 288000 +7.41556755e+18 +1.17854925e+19  4.37e+18   1.29e+06     5.83e+18   285.840s
 289000 +7.40052961e+18 +1.19512447e+19  4.55e+18   1.75e+06     5.83e+18   286.693s
 290000 +7.38549154e+18 +1.18246006e+19  4.44e+18   9.20e+05     5.83e+18   287.546s
 291000 +7.37045342e+18 +1.19058446e+19  4.54e+18   6.12e+06     5.83e+18   288.400s
 292000 +7.35541511e+18 +1.18597278e+19  4.50e+18   1.89e+06     5.83e+18   289.253s
 293000 +7.34037677e+18 +1.18136438e+19  4.47e+18   5.84e+06     5.83e+18   290.106s
 294000 +7.32534417e+18 +1.19133036e+19  4.59e+18   2.19e+06     5.83e+18   290.960s
 295000 +7.31031965e+18 +1.17750235e+19  4.46e+18   1.47e+06     5.83e+18   291.813s
 296000 +7.29529520e+18 +1.19577509e+19  4.66e+18   2.73e+06     5.83e+18   292.666s
 297000 +7.28027059e+18 +1.17963946e+19  4.52e+18   6.03e+05     5.83e+18   293.520s
 298000 +7.26524596e+18 +1.18948995e+19  4.63e+18   5.96e+06     5.83e+18   294.373s
 299000 +7.25022122e+18 +1.18369053e+19  4.59e+18   4.32e+05     5.83e+18   295.226s
 300000 +7.23519710e+18 +1.18070222e+19  4.57e+18   5.82e+06     5.83e+18   296.080s
 301000 +7.22018827e+18 +1.18999712e+19  4.68e+18   1.49e+05     5.83e+18   296.933s
 302000 +7.20517930e+18 +1.17810645e+19  4.58e+18   2.14e+06     5.83e+18   297.786s
 303000 +7.19017031e+18 +1.19366632e+19  4.75e+18   9.82e+05     5.83e+18   298.639s
 304000 +7.17516123e+18 +1.17746684e+19  4.60e+18   1.05e+06     5.83e+18   299.492s
 305000 +7.16015211e+18 +1.18871750e+19  4.73e+18   4.90e+06     5.83e+18   300.346s
 306000 +7.14514299e+18 +1.18061301e+19  4.66e+18   2.04e+05     5.83e+18   301.199s
 307000 +7.13013374e+18 +1.18185694e+19  4.69e+18   5.18e+06     5.83e+18   302.053s
 308000 +7.11512449e+18 +1.18858896e+19  4.77e+18   3.78e+04     5.83e+18   302.907s
 309000 +7.10011515e+18 +1.17882785e+19  4.69e+18   2.09e+06     5.83e+18   303.760s
 310000 +7.08510574e+18 +1.19090493e+19  4.82e+18   8.81e+05     5.83e+18   304.613s
 311000 +7.07009637e+18 +1.17771880e+19  4.71e+18   1.79e+06     5.83e+18   305.467s
 312000 +7.05508691e+18 +1.18624997e+19  4.81e+18   4.38e+06     5.83e+18   306.320s
 313000 +7.04007745e+18 +1.18096494e+19  4.77e+18   1.93e+06     5.83e+18   307.173s
 314000 +7.02506792e+18 +1.18201625e+19  4.80e+18   4.87e+06     5.83e+18   308.026s
 315000 +7.01005833e+18 +1.18807552e+19  4.87e+18   1.98e+06     5.83e+18   308.880s
 316000 +6.99504874e+18 +1.17839303e+19  4.79e+18   1.90e+06     5.83e+18   309.733s
 317000 +6.98003904e+18 +1.18957557e+19  4.92e+18   1.93e+06     5.83e+18   310.586s
 318000 +6.96502935e+18 +1.17675537e+19  4.80e+18   4.15e+05     5.83e+18   311.440s
 319000 +6.95002003e+18 +1.18523131e+19  4.90e+18   4.17e+06     5.83e+18   312.293s
 320000 +6.93501071e+18 +1.18175561e+19  4.88e+18   1.45e+05     5.83e+18   313.147s
 321000 +6.92013240e+18 +1.18066758e+19  4.89e+18   4.68e+06     5.83e+18   314.000s
 322000 +6.90537630e+18 +1.18422549e+19  4.94e+18   3.00e+05     5.83e+18   314.853s
 323000 +6.89062111e+18 +1.16942377e+19  4.80e+18   2.05e+06     5.83e+18   315.707s
 324000 +6.87586587e+18 +1.18111007e+19  4.94e+18   1.18e+06     5.83e+18   316.560s
 325000 +6.86111063e+18 +1.17014113e+19  4.84e+18   2.98e+06     5.83e+18   317.413s
 326000 +6.84635553e+18 +1.18527608e+19  5.01e+18   4.14e+06     5.83e+18   318.266s
 327000 +6.83160033e+18 +1.17906587e+19  4.96e+18   2.03e+05     5.83e+18   319.120s
 328000 +6.81684516e+18 +1.17860135e+19  4.97e+18   4.55e+06     5.83e+18   319.973s
 329000 +6.80208993e+18 +1.17811999e+19  4.98e+18   5.45e+05     5.83e+18   320.827s
 330000 +6.78733465e+18 +1.16950109e+19  4.91e+18   2.75e+06     5.83e+18   321.680s
 331000 +6.77257939e+18 +1.18113983e+19  5.04e+18   2.80e+06     5.83e+18   322.534s
 332000 +6.75782405e+18 +1.17438391e+19  4.99e+18   2.61e+06     5.83e+18   323.387s
 333000 +6.74306872e+18 +1.18424204e+19  5.10e+18   3.21e+06     5.83e+18   324.241s
 334000 +6.72831335e+18 +1.17626027e+19  5.03e+18   1.59e+06     5.83e+18   325.094s
 335000 +6.71361425e+18 +1.16960490e+19  4.98e+18   4.66e+06     5.83e+18   325.947s
 336000 +6.69902777e+18 +1.17183147e+19  5.02e+18   1.58e+06     5.83e+18   326.800s
 337000 +6.68444129e+18 +1.17137538e+19  5.03e+18   3.35e+06     5.83e+18   327.654s
 338000 +6.66985480e+18 +1.15970448e+19  4.93e+18   9.43e+02     5.83e+18   328.509s
 339000 +6.65526832e+18 +1.15971004e+19  4.94e+18   6.71e+01     5.83e+18   329.363s
 340000 +6.64068184e+18 +1.15971356e+19  4.96e+18   6.42e+01     5.83e+18   330.216s
 341000 +6.62609537e+18 +1.15971152e+19  4.97e+18   2.16e+02     5.83e+18   331.069s
 342000 +6.61150890e+18 +1.15971311e+19  4.99e+18   1.51e+02     5.83e+18   331.923s
 343000 +6.59692507e+18 +1.15962562e+19  5.00e+18   4.56e+01     5.83e+18   332.777s
 344000 +6.58234133e+18 +1.15965271e+19  5.01e+18   3.71e+04     5.83e+18   333.630s
 345000 +6.56775760e+18 +1.15966945e+19  5.03e+18   1.58e+02     5.83e+18   334.483s
 346000 +6.55317386e+18 +1.15961965e+19  5.04e+18   3.97e+01     5.83e+18   335.337s
 347000 +6.53859012e+18 +1.15965145e+19  5.06e+18   2.41e+04     5.83e+18   336.190s
 348000 +6.52400639e+18 +1.15964922e+19  5.07e+18   8.73e+01     5.83e+18   337.043s
 349000 +6.50942266e+18 +1.15961884e+19  5.09e+18   2.46e+03     5.83e+18   337.896s
 350000 +6.49483892e+18 +1.15964980e+19  5.10e+18   1.40e+04     5.83e+18   338.750s
 351000 +6.48025519e+18 +1.15963534e+19  5.12e+18   1.39e+01     5.83e+18   339.603s
 352000 +6.46567146e+18 +1.15962116e+19  5.13e+18   8.79e+03     5.83e+18   340.457s
 353000 +6.45108774e+18 +1.15964668e+19  5.15e+18   5.66e+03     5.83e+18   341.310s
 354000 +6.43742341e+18 +1.15083189e+19  5.07e+18   1.02e+01     5.82e+18   342.164s
 355000 +6.42409044e+18 +1.14767652e+19  5.05e+18   1.03e+07     5.82e+18   343.017s
 356000 +6.41075747e+18 +1.12033813e+19  4.79e+18   6.73e+06     5.81e+18   343.871s
 357000 +6.39742450e+18 +1.12447002e+19  4.85e+18   1.96e+01     5.81e+18   344.724s
 358000 +6.38409154e+18 +1.14595682e+19  5.08e+18   1.20e+04     5.82e+18   345.577s
 359000 +6.37075866e+18 +1.13834171e+19  5.01e+18   1.01e+07     5.82e+18   346.431s
 360000 +6.35742577e+18 +1.11753435e+19  4.82e+18   2.48e+06     5.81e+18   347.284s
 361000 +6.34409289e+18 +1.12599552e+19  4.92e+18   1.03e+04     5.81e+18   348.137s
 362000 +6.33076008e+18 +1.14341090e+19  5.10e+18   4.62e+05     5.82e+18   348.991s
 363000 +6.31742731e+18 +1.13079481e+19  4.99e+18   8.97e+06     5.81e+18   349.844s
 364000 +6.30409454e+18 +1.11552812e+19  4.85e+18   1.10e+04     5.81e+18   350.697s
 365000 +6.29076194e+18 +1.12932039e+19  5.00e+18   3.62e+05     5.81e+18   351.551s
 366000 +6.27742946e+18 +1.13947411e+19  5.12e+18   1.94e+06     5.82e+18   352.404s
 367000 +6.26409698e+18 +1.12431570e+19  4.98e+18   7.36e+06     5.81e+18   353.257s
 368000 +6.25076450e+18 +1.11691905e+19  4.92e+18   2.65e+05     5.81e+18   354.110s
 369000 +6.23743202e+18 +1.13063368e+19  5.07e+18   1.06e+04     5.81e+18   354.964s
 370000 +6.22409955e+18 +1.13501651e+19  5.13e+18   3.82e+06     5.81e+18   355.817s
 371000 +6.21076712e+18 +1.12109252e+19  5.00e+18   5.44e+06     5.81e+18   356.671s
 372000 +6.19743907e+18 +1.11770697e+19  4.98e+18   4.87e+04     5.81e+18   357.524s
 373000 +6.18411479e+18 +1.13103844e+19  5.13e+18   2.35e+05     5.81e+18   358.377s
 374000 +6.17079055e+18 +1.13156279e+19  5.14e+18   4.92e+06     5.81e+18   359.231s
 375000 +6.15746646e+18 +1.11758018e+19  5.02e+18   3.40e+06     5.81e+18   360.085s
 376000 +6.14414240e+18 +1.11936919e+19  5.05e+18   2.58e+05     5.81e+18   360.938s
 377000 +6.13081833e+18 +1.13192973e+19  5.19e+18   6.84e+04     5.81e+18   361.792s
 378000 +6.11749439e+18 +1.12714388e+19  5.15e+18   5.34e+06     5.81e+18   362.645s
 379000 +6.10417067e+18 +1.11597908e+19  5.06e+18   1.45e+06     5.81e+18   363.499s
 380000 +6.09084694e+18 +1.12176518e+19  5.13e+18   1.02e+04     5.81e+18   364.352s
 381000 +6.07752323e+18 +1.13071432e+19  5.23e+18   4.20e+04     5.81e+18   365.205s
 382000 +6.06419974e+18 +1.12393265e+19  5.18e+18   5.17e+06     5.81e+18   366.059s
 383000 +6.05087675e+18 +1.11577930e+19  5.11e+18   1.76e+04     5.81e+18   366.912s
 384000 +6.03755376e+18 +1.12282458e+19  5.19e+18   1.66e+04     5.81e+18   367.765s
 385000 +6.02423077e+18 +1.12978418e+19  5.27e+18   1.13e+06     5.81e+18   368.618s
 386000 +6.01090778e+18 +1.12127543e+19  5.20e+18   4.51e+06     5.81e+18   369.472s
 387000 +5.99758485e+18 +1.11546051e+19  5.16e+18   3.03e+04     5.81e+18   370.325s
 388000 +5.98426194e+18 +1.12465579e+19  5.26e+18   2.34e+05     5.81e+18   371.179s
 389000 +5.97093903e+18 +1.12809599e+19  5.31e+18   2.37e+06     5.81e+18   372.032s
 390000 +5.95761612e+18 +1.11842171e+19  5.23e+18   3.51e+06     5.81e+18   372.885s
 391000 +5.94429321e+18 +1.11681464e+19  5.22e+18   2.05e+05     5.81e+18   373.739s
 392000 +5.93097030e+18 +1.12566156e+19  5.33e+18   1.32e+04     5.81e+18   374.592s
 393000 +5.91764739e+18 +1.12552310e+19  5.34e+18   3.21e+06     5.81e+18   375.445s
 394000 +5.90432448e+18 +1.11718230e+19  5.27e+18   2.31e+06     5.81e+18   376.299s
 395000 +5.89100156e+18 +1.11799280e+19  5.29e+18   4.73e+04     5.81e+18   377.152s
 396000 +5.87767865e+18 +1.12583730e+19  5.38e+18   8.30e+04     5.81e+18   378.006s
 397000 +5.86435574e+18 +1.12374837e+19  5.37e+18   3.63e+06     5.81e+18   378.859s
 398000 +5.85103690e+18 +1.11558501e+19  5.30e+18   1.03e+06     5.81e+18   379.712s
 399000 +5.83772160e+18 +1.11899013e+19  5.35e+18   1.57e+05     5.81e+18   380.565s
 400000 +5.82440630e+18 +1.12608114e+19  5.44e+18   1.46e+05     5.81e+18   381.418s
 401000 +5.81109100e+18 +1.12110485e+19  5.40e+18   3.63e+06     5.81e+18   382.272s
 402000 +5.79777571e+18 +1.11516229e+19  5.35e+18   1.84e+05     5.81e+18   383.125s
 403000 +5.78446041e+18 +1.12096952e+19  5.43e+18   9.95e+04     5.81e+18   383.979s
 404000 +5.77114511e+18 +1.12534536e+19  5.48e+18   7.48e+05     5.81e+18   384.832s
 405000 +5.75782981e+18 +1.11921492e+19  5.43e+18   3.27e+06     5.81e+18   385.686s
 406000 +5.74451452e+18 +1.11571956e+19  5.41e+18   2.06e+04     5.81e+18   386.539s
 407000 +5.73119933e+18 +1.12176365e+19  5.49e+18   7.80e+03     5.81e+18   387.393s
 408000 +5.71788426e+18 +1.12439824e+19  5.53e+18   1.70e+06     5.81e+18   388.246s
 409000 +5.70456919e+18 +1.11776473e+19  5.47e+18   2.61e+06     5.81e+18   389.099s
 410000 +5.69125412e+18 +1.11580385e+19  5.47e+18   1.04e+04     5.81e+18   389.953s
 411000 +5.67793905e+18 +1.12263213e+19  5.55e+18   1.68e+05     5.81e+18   390.806s
 412000 +5.66462398e+18 +1.12309557e+19  5.57e+18   2.37e+06     5.81e+18   391.659s
 413000 +5.65130891e+18 +1.11602753e+19  5.51e+18   1.76e+06     5.81e+18   392.513s
 414000 +5.63799385e+18 +1.11684853e+19  5.53e+18   1.60e+05     5.81e+18   393.366s
 415000 +5.62467934e+18 +1.12315040e+19  5.61e+18   1.35e+04     5.81e+18   394.220s
 416000 +5.61136483e+18 +1.12109609e+19  5.60e+18   2.74e+06     5.81e+18   395.073s
 417000 +5.59805033e+18 +1.11554830e+19  5.56e+18   8.38e+05     5.81e+18   395.926s
 418000 +5.58473582e+18 +1.11809802e+19  5.60e+18   8.81e+04     5.81e+18   396.780s
 419000 +5.57142131e+18 +1.12303303e+19  5.66e+18   9.33e+04     5.81e+18   397.633s
 420000 +5.55810680e+18 +1.11992391e+19  5.64e+18   2.80e+06     5.81e+18   398.487s
 421000 +5.54479289e+18 +1.11528103e+19  5.61e+18   1.28e+05     5.81e+18   399.340s
 422000 +5.53147950e+18 +1.11912545e+19  5.66e+18   8.33e+04     5.81e+18   400.193s
 423000 +5.51816610e+18 +1.12314763e+19  5.71e+18   5.53e+05     5.81e+18   401.046s
 424000 +5.50485271e+18 +1.11830772e+19  5.68e+18   2.56e+06     5.81e+18   401.899s
 425000 +5.49153932e+18 +1.11518143e+19  5.66e+18   6.94e+04     5.81e+18   402.752s
 426000 +5.47822593e+18 +1.12048671e+19  5.73e+18   8.67e+04     5.81e+18   403.606s
 427000 +5.46491254e+18 +1.12226266e+19  5.76e+18   1.31e+06     5.81e+18   404.459s
 428000 +5.45159915e+18 +1.11684422e+19  5.72e+18   2.09e+06     5.81e+18   405.312s
 429000 +5.43828576e+18 +1.11585508e+19  5.72e+18   3.33e+04     5.81e+18   406.166s
 430000 +5.42497289e+18 +1.12088656e+19  5.78e+18   5.92e+03     5.81e+18   407.019s
 431000 +5.41166021e+18 +1.12113357e+19  5.80e+18   1.87e+06     5.81e+18   407.872s
 432000 +5.39834753e+18 +1.11598856e+19  5.76e+18   1.44e+06     5.81e+18   408.725s
 433000 +5.38503486e+18 +1.11620766e+19  5.78e+18   7.69e+04     5.81e+18   409.579s
 434000 +5.37172218e+18 +1.12134243e+19  5.84e+18   1.55e+05     5.81e+18   410.433s
 435000 +5.35840950e+18 +1.12022743e+19  5.84e+18   2.20e+06     5.81e+18   411.286s
 436000 +5.34509683e+18 +1.11514328e+19  5.81e+18   6.99e+05     5.81e+18   412.139s
 437000 +5.33178415e+18 +1.11725340e+19  5.84e+18   1.42e+05     5.81e+18   412.992s
 438000 +5.31847147e+18 +1.12169803e+19  5.90e+18   7.75e+04     5.81e+18   413.846s
 439000 +5.30515880e+18 +1.11876666e+19  5.88e+18   2.27e+06     5.81e+18   414.699s
 440000 +5.29184613e+18 +1.11515334e+19  5.86e+18   1.63e+05     5.81e+18   415.553s
 441000 +5.27853347e+18 +1.11844219e+19  5.91e+18   9.70e+04     5.81e+18   416.406s
 442000 +5.26522080e+18 +1.12133467e+19  5.95e+18   4.16e+05     5.81e+18   417.260s
 443000 +5.25190813e+18 +1.11780215e+19  5.93e+18   2.11e+06     5.81e+18   418.113s
 444000 +5.23859547e+18 +1.11530808e+19  5.91e+18   8.55e+03     5.81e+18   418.966s
 445000 +5.22528280e+18 +1.11905335e+19  5.97e+18   2.71e+04     5.81e+18   419.820s
 446000 +5.21197013e+18 +1.12098955e+19  6.00e+18   1.06e+06     5.81e+18   420.673s
 447000 +5.19865747e+18 +1.11664354e+19  5.97e+18   1.74e+06     5.81e+18   421.526s
 448000 +5.18534488e+18 +1.11539854e+19  5.97e+18   6.62e+04     5.81e+18   422.380s
 449000 +5.17203231e+18 +1.11996862e+19  6.03e+18   8.13e+04     5.81e+18   423.233s
 450000 +5.15872253e+18 +1.12004574e+19  6.04e+18   1.54e+06     5.81e+18   424.086s
 451000 +5.14541290e+18 +1.11550998e+19  6.01e+18   1.22e+06     5.81e+18   424.940s
 452000 +5.13210327e+18 +1.11611589e+19  6.03e+18   5.80e+04     5.81e+18   425.793s
 453000 +5.11879364e+18 +1.12021752e+19  6.08e+18   7.64e+04     5.81e+18   426.646s
 454000 +5.10548401e+18 +1.11906104e+19  6.09e+18   1.83e+06     5.81e+18   427.500s
 455000 +5.09217438e+18 +1.11523526e+19  6.06e+18   6.15e+05     5.81e+18   428.353s
 456000 +5.08295268e+18 +1.08185486e+19  5.74e+18   5.51e+07     5.59e+18   429.206s
 457000 +5.07803481e+18 +7.32633901e+18  2.25e+18   1.33e+01     4.37e+18   430.061s
 458000 +5.07311703e+18 +7.32238925e+18  2.25e+18   4.86e-01     4.37e+18   430.915s
 459000 +5.06819948e+18 +7.32241969e+18  2.25e+18   2.68e+02     4.37e+18   431.768s
 460000 +5.06328194e+18 +7.32237205e+18  2.26e+18   4.29e-01     4.37e+18   432.622s
 461000 +5.05836439e+18 +7.32239264e+18  2.26e+18   7.60e-01     4.37e+18   433.475s
 462000 +5.05344684e+18 +7.32237767e+18  2.27e+18   1.24e+02     4.37e+18   434.329s
 463000 +5.04852929e+18 +7.32238317e+18  2.27e+18   3.93e-01     4.37e+18   435.182s
 464000 +5.04361175e+18 +7.32239173e+18  2.28e+18   1.11e+02     4.37e+18   436.036s
 465000 +5.03869420e+18 +7.32238147e+18  2.28e+18   2.42e-01     4.37e+18   436.889s
 466000 +5.03377665e+18 +7.32239184e+18  2.29e+18   1.82e+01     4.37e+18   437.743s
 467000 +5.02885911e+18 +7.32238293e+18  2.29e+18   2.51e+01     4.37e+18   438.596s
 468000 +5.02394156e+18 +7.32238767e+18  2.30e+18   4.23e-01     4.37e+18   439.450s
 469000 +5.01902401e+18 +7.32238688e+18  2.30e+18   6.58e+01     4.37e+18   440.304s
 470000 +5.01410646e+18 +7.32238361e+18  2.31e+18   7.27e-01     4.37e+18   441.157s
 471000 +5.00918892e+18 +7.32238951e+18  2.31e+18   3.72e+01     4.37e+18   442.010s
 472000 +5.00427137e+18 +7.32238312e+18  2.32e+18   5.27e-01     4.37e+18   442.863s
 473000 +4.99935382e+18 +7.32238837e+18  2.32e+18   4.72e-01     4.37e+18   443.717s
 474000 +4.99443628e+18 +7.32238521e+18  2.33e+18   3.64e+01     4.37e+18   444.571s
 475000 +4.98951873e+18 +7.32238544e+18  2.33e+18   8.76e-01     4.37e+18   445.424s
 476000 +4.98460118e+18 +7.32238774e+18  2.34e+18   3.95e+01     4.37e+18   446.277s
 477000 +4.97968364e+18 +7.32237766e+18  2.34e+18   9.09e+01     4.37e+18   447.131s
 478000 +4.97476613e+18 +7.32238513e+18  2.35e+18   1.98e+01     4.37e+18   447.984s
 479000 +4.96984862e+18 +7.32236927e+18  2.35e+18   3.11e+01     4.37e+18   448.837s
 480000 +4.96493112e+18 +7.32237164e+18  2.36e+18   6.06e+01     4.37e+18   449.690s
 481000 +4.96001361e+18 +7.32238240e+18  2.36e+18   5.94e+01     4.37e+18   450.544s
 482000 +4.95509610e+18 +7.32237544e+18  2.37e+18   2.30e+00     4.37e+18   451.397s
 483000 +4.95017859e+18 +7.32236949e+18  2.37e+18   1.86e+01     4.37e+18   452.251s
 484000 +4.94526109e+18 +7.32237338e+18  2.38e+18   6.78e+01     4.37e+18   453.104s
 485000 +4.94034358e+18 +7.32238154e+18  2.38e+18   1.01e+00     4.37e+18   453.957s
 486000 +4.93542607e+18 +7.32237112e+18  2.39e+18   2.24e+01     4.37e+18   454.811s
 487000 +4.93050856e+18 +7.32236891e+18  2.39e+18   2.59e+01     4.37e+18   455.664s
 488000 +4.92559177e+18 +7.32200581e+18  2.40e+18   1.08e+05     4.37e+18   456.517s
 489000 +4.92067550e+18 +7.32178010e+18  2.40e+18   1.53e+04     4.37e+18   457.370s
 490000 +4.91575923e+18 +7.32187585e+18  2.41e+18   2.73e+00     4.37e+18   458.224s
 491000 +4.91084296e+18 +7.32216036e+18  2.41e+18   5.06e+01     4.37e+18   459.077s
 492000 +4.90592669e+18 +7.32229882e+18  2.42e+18   1.04e+04     4.37e+18   459.930s
 493000 +4.90101042e+18 +7.32212684e+18  2.42e+18   9.16e+04     4.37e+18   460.783s
 494000 +4.89609415e+18 +7.32184352e+18  2.43e+18   6.63e+04     4.37e+18   461.637s
 495000 +4.89117790e+18 +7.32177537e+18  2.43e+18   4.97e+01     4.37e+18   462.490s
 496000 +4.88626165e+18 +7.32196266e+18  2.44e+18   5.37e+00     4.37e+18   463.344s
 497000 +4.88134656e+18 +7.32376089e+18  2.44e+18   1.20e+05     4.37e+18   464.197s
 498000 +4.87643152e+18 +7.32448403e+18  2.45e+18   4.77e+04     4.37e+18   465.050s
 499000 +4.87151647e+18 +7.32273512e+18  2.45e+18   8.22e+04     4.37e+18   465.903s
 500000 +4.86660141e+18 +7.32297969e+18  2.46e+18   1.01e+05     4.37e+18   466.757s
 501000 +4.86168639e+18 +7.32425202e+18  2.46e+18   2.56e+02     4.37e+18   467.610s
 502000 +4.85677141e+18 +7.32328763e+18  2.47e+18   2.09e+02     4.37e+18   468.463s
 503000 +4.85185643e+18 +7.32309763e+18  2.47e+18   5.26e+04     4.37e+18   469.317s
 504000 +4.84694147e+18 +7.32441008e+18  2.48e+18   8.34e+04     4.37e+18   470.170s
 505000 +4.84202651e+18 +7.32360094e+18  2.48e+18   5.82e+04     4.37e+18   471.024s
 506000 +4.83711154e+18 +7.32261720e+18  2.49e+18   2.72e+02     4.37e+18   471.877s
 507000 +4.83219662e+18 +7.32392061e+18  2.49e+18   8.49e+04     4.37e+18   472.730s
 508000 +4.82728216e+18 +7.32396226e+18  2.50e+18   9.34e+03     4.37e+18   473.584s
 509000 +4.82236830e+18 +7.32299091e+18  2.50e+18   2.90e+04     4.37e+18   474.437s
 510000 +4.81745444e+18 +7.32323396e+18  2.51e+18   1.12e+05     4.37e+18   475.291s
 511000 +4.81254058e+18 +7.32386228e+18  2.51e+18   2.85e+04     4.37e+18   476.144s
 512000 +4.80762673e+18 +7.32299483e+18  2.52e+18   5.80e+02     4.37e+18   476.998s
 513000 +4.80271286e+18 +7.32301546e+18  2.52e+18   7.04e+04     4.37e+18   477.851s
 514000 +4.79779901e+18 +7.32416223e+18  2.53e+18   9.52e+03     4.37e+18   478.705s
 515000 +4.79288515e+18 +7.32359612e+18  2.53e+18   4.86e+04     4.37e+18   479.558s
 516000 +4.78797129e+18 +7.32279892e+18  2.53e+18   6.11e+04     4.37e+18   480.412s
 517000 +4.78305743e+18 +7.32367474e+18  2.54e+18   4.87e+04     4.37e+18   481.265s
 518000 +4.77814358e+18 +7.32373659e+18  2.55e+18   4.96e+03     4.37e+18   482.118s
 519000 +4.77322973e+18 +7.32295527e+18  2.55e+18   3.29e+03     4.37e+18   482.972s
 520000 +4.76831589e+18 +7.32367935e+18  2.56e+18   7.31e+04     4.37e+18   483.825s
 521000 +4.76340204e+18 +7.32404459e+18  2.56e+18   5.44e+04     4.37e+18   484.678s
 522000 +4.75848820e+18 +7.32289659e+18  2.56e+18   2.97e+04     4.37e+18   485.532s
 523000 +4.75357435e+18 +7.32311380e+18  2.57e+18   7.16e+04     4.37e+18   486.385s
 524000 +4.74866051e+18 +7.32408400e+18  2.58e+18   6.74e+03     4.37e+18   487.239s
 525000 +4.74374667e+18 +7.32339572e+18  2.58e+18   2.94e+03     4.37e+18   488.092s
 526000 +4.73883284e+18 +7.32271842e+18  2.58e+18   8.13e+04     4.37e+18   488.946s
 527000 +4.73391988e+18 +7.32378448e+18  2.59e+18   4.95e+04     4.37e+18   489.799s
 528000 +4.72900693e+18 +7.32331851e+18  2.59e+18   7.37e+04     4.37e+18   490.652s
 529000 +4.72409397e+18 +7.32241508e+18  2.60e+18   1.82e+04     4.37e+18   491.506s
 530000 +4.71918102e+18 +7.32387415e+18  2.60e+18   4.67e+04     4.37e+18   492.359s
 531000 +4.71426806e+18 +7.32360771e+18  2.61e+18   3.71e+04     4.37e+18   493.213s
 532000 +4.70935511e+18 +7.32284889e+18  2.61e+18   4.46e+04     4.37e+18   494.066s
 533000 +4.70444215e+18 +7.32330240e+18  2.62e+18   9.92e+04     4.37e+18   494.920s
 534000 +4.69952920e+18 +7.32358844e+18  2.62e+18   3.41e+03     4.37e+18   495.773s
 535000 +4.69461624e+18 +7.32307427e+18  2.63e+18   1.84e+04     4.37e+18   496.626s
 536000 +4.68970328e+18 +7.32297589e+18  2.63e+18   6.22e+04     4.37e+18   497.480s
 537000 +4.68479033e+18 +7.32409659e+18  2.64e+18   2.66e+04     4.37e+18   498.333s
 538000 +4.67987738e+18 +7.32312531e+18  2.64e+18   7.97e+04     4.37e+18   499.186s
 539000 +4.67496442e+18 +7.32262288e+18  2.65e+18   3.97e+04     4.37e+18   500.039s
 540000 +4.67005158e+18 +7.32377803e+18  2.65e+18   5.49e+04     4.37e+18   500.893s
 541000 +4.66513893e+18 +7.32311326e+18  2.66e+18   9.05e+03     4.37e+18   501.746s
 542000 +4.66022627e+18 +7.32294724e+18  2.66e+18   8.59e+03     4.37e+18   502.600s
 543000 +4.65531362e+18 +7.32349421e+18  2.67e+18   9.20e+04     4.37e+18   503.453s
 544000 +4.65040097e+18 +7.32339646e+18  2.67e+18   3.10e+04     4.37e+18   504.307s
 545000 +4.64548832e+18 +7.32280678e+18  2.68e+18   3.71e+04     4.37e+18   505.160s
 546000 +4.64057566e+18 +7.32302853e+18  2.68e+18   6.39e+04     4.37e+18   506.013s
 547000 +4.63567268e+18 +7.31454570e+18  2.68e+18   8.04e+02     4.37e+18   506.867s
 548000 +4.63077740e+18 +7.31453477e+18  2.68e+18   1.75e+05     4.37e+18   507.720s
 549000 +4.62588213e+18 +7.31800148e+18  2.69e+18   3.02e+05     4.37e+18   508.573s
 550000 +4.62098686e+18 +7.32225418e+18  2.70e+18   2.21e+05     4.37e+18   509.427s
 551000 +4.61609160e+18 +7.32239525e+18  2.71e+18   1.21e+04     4.37e+18   510.280s
 552000 +4.61119633e+18 +7.32037824e+18  2.71e+18   4.20e+04     4.37e+18   511.133s
 553000 +4.60630106e+18 +7.31743643e+18  2.71e+18   5.30e+04     4.37e+18   511.987s
 554000 +4.60140580e+18 +7.31440629e+18  2.71e+18   3.00e+04     4.37e+18   512.840s
 555000 +4.59651095e+18 +7.31365104e+18  2.72e+18   1.11e+05     4.37e+18   513.694s
 556000 +4.59161612e+18 +7.31690559e+18  2.73e+18   2.59e+05     4.37e+18   514.547s
 557000 +4.58672136e+18 +7.32078756e+18  2.73e+18   2.42e+05     4.37e+18   515.400s
 558000 +4.58182681e+18 +7.32145520e+18  2.74e+18   8.02e+04     4.37e+18   516.254s
 559000 +4.57693226e+18 +7.32084838e+18  2.74e+18   5.39e+04     4.37e+18   517.107s
 560000 +4.57203852e+18 +7.31747250e+18  2.75e+18   6.05e+04     4.37e+18   517.960s
 561000 +4.56714602e+18 +7.31261658e+18  2.75e+18   3.44e+04     4.37e+18   518.813s
 562000 +4.56225409e+18 +7.31272639e+18  2.75e+18   9.65e+04     4.37e+18   519.667s
 563000 +4.55736295e+18 +7.31531277e+18  2.76e+18   2.12e+05     4.37e+18   520.520s
 564000 +4.55247184e+18 +7.31831440e+18  2.77e+18   2.50e+05     4.37e+18   521.374s
 565000 +4.54758072e+18 +7.31922694e+18  2.77e+18   1.32e+05     4.37e+18   522.227s
 566000 +4.54268961e+18 +7.31996977e+18  2.78e+18   8.11e+04     4.37e+18   523.080s
 567000 +4.53779850e+18 +7.31773950e+18  2.78e+18   7.32e+04     4.37e+18   523.933s
 568000 +4.53290738e+18 +7.31374256e+18  2.78e+18   2.70e+04     4.37e+18   524.787s
 569000 +4.52801627e+18 +7.31279664e+18  2.78e+18   4.07e+04     4.37e+18   525.640s
 570000 +4.52312516e+18 +7.31322379e+18  2.79e+18   1.66e+05     4.37e+18   526.493s
 571000 +4.51823405e+18 +7.31645878e+18  2.80e+18   2.53e+05     4.37e+18   527.347s
 572000 +4.51334293e+18 +7.31949857e+18  2.81e+18   1.68e+05     4.37e+18   528.200s
 573000 +4.50845182e+18 +7.32018026e+18  2.81e+18   2.78e+04     4.37e+18   529.054s
 574000 +4.50356071e+18 +7.31685859e+18  2.81e+18   1.92e+04     4.37e+18   529.907s
 575000 +4.49866960e+18 +7.31508338e+18  2.82e+18   1.02e+05     4.37e+18   530.761s
 576000 +4.49377848e+18 +7.31323901e+18  2.82e+18   3.20e+04     4.37e+18   531.614s
 577000 +4.48888737e+18 +7.31289954e+18  2.82e+18   1.01e+05     4.37e+18   532.467s
 578000 +4.48399626e+18 +7.31424554e+18  2.83e+18   2.16e+05     4.37e+18   533.321s
 579000 +4.47910515e+18 +7.31837502e+18  2.84e+18   2.06e+05     4.37e+18   534.174s
 580000 +4.47421404e+18 +7.31999357e+18  2.85e+18   6.07e+04     4.37e+18   535.028s
 581000 +4.46932292e+18 +7.31789887e+18  2.85e+18   1.64e+04     4.37e+18   535.881s
 582000 +4.46443181e+18 +7.31557003e+18  2.85e+18   5.94e+04     4.37e+18   536.734s
 583000 +4.45954070e+18 +7.31249186e+18  2.85e+18   6.63e+04     4.37e+18   537.587s
 584000 +4.45464959e+18 +7.31289042e+18  2.86e+18   6.51e+04     4.37e+18   538.441s
 585000 +4.44975847e+18 +7.31421610e+18  2.86e+18   1.90e+05     4.37e+18   539.294s
 586000 +4.44486736e+18 +7.31725817e+18  2.87e+18   2.01e+05     4.37e+18   540.148s
 587000 +4.43997625e+18 +7.31802347e+18  2.88e+18   9.70e+04     4.37e+18   541.001s
 588000 +4.43508513e+18 +7.31845705e+18  2.88e+18   7.98e+04     4.37e+18   541.854s
 589000 +4.43019402e+18 +7.31679487e+18  2.89e+18   1.58e+04     4.37e+18   542.707s
 590000 +4.42530291e+18 +7.31330903e+18  2.89e+18   3.60e+04     4.37e+18   543.561s
 591000 +4.42041180e+18 +7.31179009e+18  2.89e+18   2.99e+04     4.37e+18   544.414s
 592000 +4.41552068e+18 +7.31379212e+18  2.90e+18   1.64e+05     4.37e+18   545.268s
 593000 +4.41062957e+18 +7.31644503e+18  2.91e+18   2.01e+05     4.37e+18   546.121s
 594000 +4.40573846e+18 +7.31750230e+18  2.91e+18   1.24e+05     4.37e+18   546.975s
 595000 +4.40084735e+18 +7.31816062e+18  2.92e+18   4.22e+04     4.37e+18   547.828s
 596000 +4.39595624e+18 +7.31652417e+18  2.92e+18   6.71e+04     4.37e+18   548.682s
 597000 +4.39106512e+18 +7.31454131e+18  2.92e+18   4.91e+04     4.37e+18   549.535s
 598000 +4.38617401e+18 +7.31230209e+18  2.93e+18   3.43e+04     4.37e+18   550.388s
 599000 +4.38128291e+18 +7.31310833e+18  2.93e+18   9.89e+04     4.37e+18   551.241s
 600000 +4.37639180e+18 +7.31423582e+18  2.94e+18   1.96e+05     4.37e+18   552.095s
 601000 +4.37150070e+18 +7.31751165e+18  2.95e+18   1.58e+05     4.37e+18   552.948s
 602000 +4.36660959e+18 +7.31861578e+18  2.95e+18   4.16e+04     4.37e+18   553.802s
 603000 +4.36171849e+18 +7.31642312e+18  2.95e+18   2.11e+04     4.37e+18   554.655s
 604000 +4.35682739e+18 +7.31431853e+18  2.96e+18   4.19e+04     4.37e+18   555.508s
 605000 +4.35193629e+18 +7.31288426e+18  2.96e+18   6.97e+04     4.37e+18   556.362s
 606000 +4.34704520e+18 +7.31317052e+18  2.97e+18   4.84e+04     4.37e+18   557.215s
 607000 +4.34215411e+18 +7.31353805e+18  2.97e+18   1.67e+05     4.37e+18   558.068s
 608000 +4.33726302e+18 +7.31639683e+18  2.98e+18   1.70e+05     4.37e+18   558.922s
 609000 +4.33237193e+18 +7.31778439e+18  2.99e+18   8.68e+04     4.37e+18   559.775s
 610000 +4.32748084e+18 +7.31740523e+18  2.99e+18   2.62e+04     4.37e+18   560.628s
 611000 +4.32258975e+18 +7.31498672e+18  2.99e+18   3.28e+04     4.37e+18   561.481s
 612000 +4.31769866e+18 +7.31294118e+18  3.00e+18   3.88e+04     4.37e+18   562.335s
 613000 +4.31280757e+18 +7.31204493e+18  3.00e+18   6.07e+04     4.37e+18   563.188s
 614000 +4.30791648e+18 +7.31388562e+18  3.01e+18   1.36e+05     4.37e+18   564.041s
 615000 +4.30302539e+18 +7.31583458e+18  3.01e+18   1.73e+05     4.37e+18   564.895s
 616000 +4.29813430e+18 +7.31683767e+18  3.02e+18   9.55e+04     4.37e+18   565.748s
 617000 +4.29324321e+18 +7.31703937e+18  3.02e+18   5.97e+04     4.37e+18   566.601s
 618000 +4.28835211e+18 +7.31575281e+18  3.03e+18   4.84e+04     4.37e+18   567.455s
 619000 +4.28346103e+18 +7.31400489e+18  3.03e+18   2.64e+04     4.37e+18   568.308s
 620000 +4.27856993e+18 +7.31151853e+18  3.03e+18   1.17e+04     4.37e+18   569.162s
 621000 +4.27367884e+18 +7.31296306e+18  3.04e+18   1.07e+05     4.37e+18   570.015s
 622000 +4.26878776e+18 +7.31491517e+18  3.05e+18   1.74e+05     4.37e+18   570.869s
 623000 +4.26389667e+18 +7.31704279e+18  3.05e+18   1.21e+05     4.37e+18   571.722s
 624000 +4.25900557e+18 +7.31693262e+18  3.06e+18   4.14e+04     4.37e+18   572.575s
 625000 +4.25411449e+18 +7.31581059e+18  3.06e+18   2.21e+04     4.37e+18   573.429s
 626000 +4.24922340e+18 +7.31409456e+18  3.06e+18   5.82e+04     4.37e+18   574.282s
 627000 +4.24433231e+18 +7.31242803e+18  3.07e+18   3.56e+04     4.37e+18   575.135s
 628000 +4.23944122e+18 +7.31268344e+18  3.07e+18   5.65e+04     4.37e+18   575.989s
 629000 +4.23455013e+18 +7.31363722e+18  3.08e+18   1.51e+05     4.37e+18   576.842s
 630000 +4.22965904e+18 +7.31595325e+18  3.09e+18   1.50e+05     4.37e+18   577.696s
 631000 +4.22476795e+18 +7.31736198e+18  3.09e+18   4.64e+04     4.37e+18   578.549s
 632000 +4.21987686e+18 +7.31675250e+18  3.10e+18   2.99e+04     4.37e+18   579.402s
 633000 +4.21498577e+18 +7.31379011e+18  3.10e+18   2.22e+04     4.37e+18   580.255s
 634000 +4.21009468e+18 +7.31264680e+18  3.10e+18   6.23e+04     4.37e+18   581.109s
 635000 +4.20520359e+18 +7.31239010e+18  3.11e+18   3.65e+04     4.37e+18   581.962s
 636000 +4.20031250e+18 +7.31359765e+18  3.11e+18   1.24e+05     4.37e+18   582.815s
 637000 +4.19542141e+18 +7.31483913e+18  3.12e+18   1.49e+05     4.37e+18   583.669s
 638000 +4.19053032e+18 +7.31671105e+18  3.13e+18   7.98e+04     4.37e+18   584.523s
 639000 +4.18563924e+18 +7.31679961e+18  3.13e+18   5.60e+04     4.37e+18   585.376s
 640000 +4.18074815e+18 +7.31487543e+18  3.13e+18   1.65e+04     4.37e+18   586.230s
 641000 +4.17585706e+18 +7.31322295e+18  3.14e+18   2.64e+04     4.37e+18   587.083s
 642000 +4.17096597e+18 +7.31159082e+18  3.14e+18   2.04e+04     4.37e+18   587.936s
 643000 +4.16607488e+18 +7.31299566e+18  3.15e+18   1.07e+05     4.37e+18   588.790s
 644000 +4.16118419e+18 +7.31454630e+18  3.15e+18   1.52e+05     4.37e+18   589.643s
 645000 +4.15629351e+18 +7.31617428e+18  3.16e+18   9.71e+04     4.37e+18   590.496s
 646000 +4.15140284e+18 +7.31586605e+18  3.16e+18   3.35e+04     4.37e+18   591.350s
 647000 +4.14651218e+18 +7.31534289e+18  3.17e+18   6.06e+04     4.37e+18   592.203s
 648000 +4.14162152e+18 +7.31395401e+18  3.17e+18   1.95e+04     4.37e+18   593.056s
 649000 +4.13673086e+18 +7.31207273e+18  3.18e+18   3.56e+04     4.37e+18   593.910s
 650000 +4.13184020e+18 +7.31171183e+18  3.18e+18   6.36e+04     4.37e+18   594.763s
 651000 +4.12694954e+18 +7.31366181e+18  3.19e+18   1.47e+05     4.37e+18   595.616s
 652000 +4.12205888e+18 +7.31591260e+18  3.19e+18   1.20e+05     4.37e+18   596.470s
 653000 +4.11716822e+18 +7.31625955e+18  3.20e+18   2.16e+04     4.37e+18   597.324s
 654000 +4.11227756e+18 +7.31546091e+18  3.20e+18   3.39e+04     4.37e+18   598.177s
 655000 +4.10738691e+18 +7.31351738e+18  3.21e+18   3.91e+04     4.37e+18   599.031s
 656000 +4.10249625e+18 +7.31263872e+18  3.21e+18   5.58e+04     4.37e+18   599.884s
 657000 +4.09760559e+18 +7.31202415e+18  3.21e+18   3.64e+04     4.37e+18   600.737s
 658000 +4.09271493e+18 +7.31336108e+18  3.22e+18   1.17e+05     4.37e+18   601.591s
 659000 +4.08782428e+18 +7.31423546e+18  3.23e+18   1.30e+05     4.37e+18   602.444s
 660000 +4.08293362e+18 +7.31598735e+18  3.23e+18   7.77e+04     4.37e+18   603.298s
 661000 +4.07804296e+18 +7.31628122e+18  3.24e+18   3.58e+04     4.37e+18   604.151s
 662000 +4.07315254e+18 +7.31416711e+18  3.24e+18   1.43e+05     4.37e+18   605.004s
 663000 +4.06826221e+18 +7.31205237e+18  3.24e+18   4.44e+04     4.37e+18   605.858s
 664000 +4.06337189e+18 +7.31171143e+18  3.25e+18   5.15e+04     4.37e+18   606.711s
 665000 +4.05848157e+18 +7.31321735e+18  3.25e+18   1.36e+05     4.37e+18   607.565s
 666000 +4.05359124e+18 +7.31385680e+18  3.26e+18   1.66e+05     4.37e+18   608.418s
 667000 +4.04870092e+18 +7.31542898e+18  3.27e+18   8.00e+04     4.37e+18   609.271s
 668000 +4.04381060e+18 +7.31561145e+18  3.27e+18   5.70e+04     4.37e+18   610.124s
 669000 +4.04055209e+18 +6.10125044e+18  2.06e+18   2.35e+02     4.20e+18   610.979s
 670000 +4.03747257e+18 +6.10122750e+18  2.06e+18   2.07e+02     4.20e+18   611.832s
 671000 +4.03439306e+18 +6.10122525e+18  2.07e+18   2.51e+02     4.20e+18   612.686s
 672000 +4.03131354e+18 +6.10122547e+18  2.07e+18   4.13e+01     4.20e+18   613.539s
 673000 +4.02823403e+18 +6.10122489e+18  2.07e+18   4.47e+01     4.20e+18   614.392s
 674000 +4.02515451e+18 +6.10122521e+18  2.08e+18   1.11e+02     4.20e+18   615.246s
 675000 +4.02207500e+18 +6.10122570e+18  2.08e+18   4.46e+01     4.20e+18   616.099s
 676000 +4.01899549e+18 +6.10122466e+18  2.08e+18   1.30e+01     4.20e+18   616.953s
 677000 +4.01591597e+18 +6.10122417e+18  2.09e+18   6.25e+01     4.20e+18   617.806s
 678000 +4.01283646e+18 +6.10122462e+18  2.09e+18   4.66e+01     4.20e+18   618.660s
 679000 +4.00975694e+18 +6.10122446e+18  2.09e+18   6.13e+00     4.20e+18   619.514s
 680000 +4.00667743e+18 +6.10122445e+18  2.09e+18   3.39e+01     4.20e+18   620.368s
 681000 +4.00359791e+18 +6.10122540e+18  2.10e+18   4.50e+01     4.20e+18   621.221s
 682000 +4.00051840e+18 +6.10122556e+18  2.10e+18   5.69e+00     4.20e+18   622.075s
 683000 +3.99743889e+18 +6.10122497e+18  2.10e+18   1.71e+01     4.20e+18   622.928s
 684000 +3.99435937e+18 +6.10122486e+18  2.11e+18   3.98e+01     4.20e+18   623.781s
 685000 +3.99127986e+18 +6.10122471e+18  2.11e+18   1.16e+02     4.20e+18   624.635s
 686000 +3.98820035e+18 +6.10122418e+18  2.11e+18   1.52e+02     4.20e+18   625.488s
 687000 +3.98512084e+18 +6.10122390e+18  2.12e+18   1.60e+02     4.20e+18   626.342s
 688000 +3.98204133e+18 +6.10122357e+18  2.12e+18   1.34e+02     4.20e+18   627.195s
 689000 +3.97896182e+18 +6.10122313e+18  2.12e+18   8.69e+01     4.20e+18   628.049s
 690000 +3.97588230e+18 +6.10122294e+18  2.13e+18   3.75e+01     4.20e+18   628.902s
 691000 +3.97280279e+18 +6.10122323e+18  2.13e+18   2.08e+01     4.20e+18   629.756s
 692000 +3.96972328e+18 +6.10122344e+18  2.13e+18   4.22e+00     4.20e+18   630.609s
 693000 +3.96664377e+18 +6.10122351e+18  2.13e+18   1.44e+01     4.20e+18   631.463s
 694000 +3.96356426e+18 +6.10122408e+18  2.14e+18   2.25e+01     4.20e+18   632.317s
 695000 +3.96048475e+18 +6.10122418e+18  2.14e+18   4.36e+00     4.20e+18   633.170s
 696000 +3.95740524e+18 +6.10122418e+18  2.14e+18   7.62e+00     4.20e+18   634.024s
 697000 +3.95432573e+18 +6.10122443e+18  2.15e+18   2.18e+01     4.20e+18   634.877s
 698000 +3.95124622e+18 +6.10122457e+18  2.15e+18   1.84e+01     4.20e+18   635.731s
 699000 +3.94816670e+18 +6.10122515e+18  2.15e+18   5.50e+01     4.20e+18   636.584s
 700000 +3.94508719e+18 +6.10122578e+18  2.16e+18   8.21e+01     4.20e+18   637.437s
 701000 +3.94200768e+18 +6.10122604e+18  2.16e+18   8.95e+01     4.20e+18   638.291s
 702000 +3.93892817e+18 +6.10122550e+18  2.16e+18   8.06e+01     4.20e+18   639.144s
 703000 +3.93584866e+18 +6.10122547e+18  2.17e+18   5.92e+01     4.20e+18   639.998s
 704000 +3.93276915e+18 +6.10122567e+18  2.17e+18   2.89e+01     4.20e+18   640.851s
 705000 +3.92968964e+18 +6.10122544e+18  2.17e+18   3.19e+00     4.20e+18   641.704s
 706000 +3.92661013e+18 +6.10122574e+18  2.17e+18   8.69e+00     4.20e+18   642.558s
 707000 +3.92353062e+18 +6.10122579e+18  2.18e+18   1.53e+01     4.20e+18   643.411s
 708000 +3.92045110e+18 +6.10122622e+18  2.18e+18   4.76e+00     4.20e+18   644.265s
 709000 +3.91737159e+18 +6.10122600e+18  2.18e+18   4.31e+00     4.20e+18   645.118s
 710000 +3.91429208e+18 +6.10122641e+18  2.19e+18   1.68e+01     4.20e+18   645.972s
 711000 +3.91121259e+18 +6.10119094e+18  2.19e+18   3.89e+04     4.20e+18   646.825s
 712000 +3.90813327e+18 +6.10116254e+18  2.19e+18   6.88e+03     4.20e+18   647.679s
 713000 +3.90505557e+18 +6.10017390e+18  2.20e+18   3.46e+01     4.20e+18   648.532s
 714000 +3.90197918e+18 +6.10045009e+18  2.20e+18   4.82e+03     4.20e+18   649.386s
 715000 +3.89890280e+18 +6.10067401e+18  2.20e+18   2.59e+04     4.20e+18   650.239s
 716000 +3.89582642e+18 +6.10089294e+18  2.21e+18   2.84e+04     4.20e+18   651.093s
 717000 +3.89275252e+18 +6.09003883e+18  2.20e+18   2.53e+05     4.20e+18   651.946s
 718000 +3.88969228e+18 +6.09437054e+18  2.20e+18   1.89e+04     4.20e+18   652.799s
 719000 +3.88663204e+18 +6.09982048e+18  2.21e+18   2.41e+05     4.20e+18   653.652s
 720000 +3.88357181e+18 +6.09094473e+18  2.21e+18   4.99e+05     4.20e+18   654.506s
 721000 +3.88055620e+18 +6.04841538e+18  2.17e+18   8.27e+05     4.20e+18   655.360s
 722000 +3.87756208e+18 +6.05426077e+18  2.18e+18   6.48e+05     4.20e+18   656.213s
 723000 +3.87456795e+18 +6.04661242e+18  2.17e+18   7.65e+05     4.20e+18   657.066s
 724000 +3.87157383e+18 +6.04177814e+18  2.17e+18   2.82e+05     4.20e+18   657.920s
 725000 +3.86857970e+18 +6.04921521e+18  2.18e+18   1.04e+05     4.20e+18   658.773s
 726000 +3.86558558e+18 +6.04663203e+18  2.18e+18   5.78e+05     4.20e+18   659.626s
 727000 +3.86259146e+18 +6.04034039e+18  2.18e+18   3.20e+03     4.20e+18   660.479s
 728000 +3.85959734e+18 +6.04736092e+18  2.19e+18   3.83e+01     4.20e+18   661.333s
 729000 +3.85660322e+18 +6.04970031e+18  2.19e+18   4.29e+05     4.20e+18   662.186s
 730000 +3.85360910e+18 +6.04341264e+18  2.19e+18   1.89e+05     4.20e+18   663.040s
 731000 +3.85061499e+18 +6.04839479e+18  2.20e+18   3.33e+03     4.20e+18   663.893s
 732000 +3.84762087e+18 +6.05429319e+18  2.21e+18   2.01e+05     4.20e+18   664.746s
 733000 +3.84462675e+18 +6.04901251e+18  2.20e+18   3.89e+05     4.20e+18   665.600s
 734000 +3.84163263e+18 +6.05099990e+18  2.21e+18   2.64e+04     4.20e+18   666.454s
 735000 +3.83863851e+18 +6.05889495e+18  2.22e+18   1.91e+04     4.20e+18   667.307s
 736000 +3.83564464e+18 +6.05558095e+18  2.22e+18   4.89e+05     4.20e+18   668.160s
 737000 +3.83265096e+18 +6.05434245e+18  2.22e+18   2.60e+04     4.20e+18   669.014s
 738000 +3.82965728e+18 +6.06238422e+18  2.23e+18   3.20e+04     4.20e+18   669.867s
 739000 +3.82666359e+18 +6.06216630e+18  2.24e+18   4.75e+05     4.20e+18   670.720s
 740000 +3.82366991e+18 +6.05885147e+18  2.24e+18   1.07e+04     4.20e+18   671.574s
 741000 +3.82067623e+18 +6.06573904e+18  2.25e+18   1.52e+03     4.20e+18   672.428s
 742000 +3.81768254e+18 +6.06836687e+18  2.25e+18   3.59e+05     4.20e+18   673.281s
 743000 +3.81468886e+18 +6.06407569e+18  2.25e+18   1.49e+05     4.20e+18   674.134s
 744000 +3.81169519e+18 +6.06877520e+18  2.26e+18   1.52e+03     4.20e+18   674.988s
 745000 +3.80870151e+18 +6.07359479e+18  2.26e+18   1.75e+05     4.20e+18   675.841s
 746000 +3.80570783e+18 +6.06916777e+18  2.26e+18   3.18e+05     4.20e+18   676.694s
 747000 +3.80271416e+18 +6.07077055e+18  2.27e+18   1.76e+04     4.20e+18   677.548s
 748000 +3.79972048e+18 +6.07662228e+18  2.28e+18   1.54e+04     4.20e+18   678.401s
 749000 +3.79672680e+18 +6.07284959e+18  2.28e+18   4.07e+05     4.20e+18   679.255s
 750000 +3.79373313e+18 +6.07097470e+18  2.28e+18   1.39e+04     4.20e+18   680.108s
 751000 +3.79073945e+18 +6.07646797e+18  2.29e+18   1.34e+04     4.20e+18   680.962s
 752000 +3.78774577e+18 +6.07409148e+18  2.29e+18   4.13e+05     4.20e+18   681.816s
 753000 +3.78475210e+18 +6.06923964e+18  2.28e+18   2.10e+05     4.20e+18   682.669s
 754000 +3.78175842e+18 +6.07322723e+18  2.29e+18   3.19e+05     4.20e+18   683.523s
 755000 +3.77876474e+18 +6.07286819e+18  2.29e+18   5.23e+05     4.20e+18   684.376s
 756000 +3.77577107e+18 +6.06633298e+18  2.29e+18   5.29e+05     4.20e+18   685.230s
 757000 +3.77277739e+18 +6.06799274e+18  2.30e+18   6.00e+05     4.20e+18   686.083s
 758000 +3.76978371e+18 +6.06979530e+18  2.30e+18   6.91e+05     4.20e+18   686.937s
 759000 +3.76679004e+18 +6.06327208e+18  2.30e+18   7.82e+05     4.20e+18   687.790s
 760000 +3.76379636e+18 +6.06218706e+18  2.30e+18   7.85e+05     4.20e+18   688.644s
 761000 +3.76080269e+18 +6.06534066e+18  2.30e+18   8.22e+05     4.20e+18   689.497s
 762000 +3.75780901e+18 +6.06023690e+18  2.30e+18   9.15e+05     4.20e+18   690.351s
 763000 +3.75481533e+18 +6.05667762e+18  2.30e+18   8.57e+05     4.20e+18   691.204s
 764000 +3.75182166e+18 +6.05991707e+18  2.31e+18   8.55e+05     4.20e+18   692.058s
 765000 +3.74882798e+18 +6.05680468e+18  2.31e+18   9.10e+05     4.20e+18   692.911s
 766000 +3.74583431e+18 +6.05149768e+18  2.31e+18   8.14e+05     4.20e+18   693.765s
 767000 +3.74284064e+18 +6.05386816e+18  2.31e+18   7.75e+05     4.20e+18   694.618s
 768000 +3.73984697e+18 +6.05295783e+18  2.31e+18   7.76e+05     4.20e+18   695.471s
 769000 +3.73685329e+18 +6.04692784e+18  2.31e+18   6.74e+05     4.20e+18   696.325s
 770000 +3.73385962e+18 +6.04783870e+18  2.31e+18   6.00e+05     4.20e+18   697.178s
 771000 +3.73086595e+18 +6.04909768e+18  2.32e+18   5.44e+05     4.20e+18   698.032s
 772000 +3.72787228e+18 +6.04371059e+18  2.32e+18   4.98e+05     4.20e+18   698.885s
 773000 +3.72487861e+18 +6.04310088e+18  2.32e+18   3.57e+05     4.20e+18   699.738s
 774000 +3.72188494e+18 +6.04606638e+18  2.32e+18   2.67e+05     4.20e+18   700.592s
 775000 +3.71889127e+18 +6.04242385e+18  2.32e+18   3.50e+05     4.20e+18   701.445s
 776000 +3.71589759e+18 +6.04064340e+18  2.32e+18   8.08e+04     4.20e+18   702.299s
 777000 +3.71290392e+18 +6.04459932e+18  2.33e+18   1.75e+02     4.20e+18   703.152s
 778000 +3.70991025e+18 +6.04316574e+18  2.33e+18   3.08e+05     4.20e+18   704.006s
 779000 +3.70691658e+18 +6.04049524e+18  2.33e+18   1.47e+04     4.20e+18   704.859s
 780000 +3.70392291e+18 +6.04452980e+18  2.34e+18   9.91e+03     4.20e+18   705.713s
 781000 +3.70092924e+18 +6.04535383e+18  2.34e+18   2.46e+05     4.20e+18   706.566s
 782000 +3.69793557e+18 +6.04211340e+18  2.34e+18   7.85e+04     4.20e+18   707.420s
 783000 +3.69494190e+18 +6.04523126e+18  2.35e+18   6.62e+03     4.20e+18   708.273s
 784000 +3.69194822e+18 +6.04808443e+18  2.36e+18   1.34e+05     4.20e+18   709.127s
 785000 +3.68895455e+18 +6.04496163e+18  2.36e+18   1.98e+05     4.20e+18   709.981s
 786000 +3.68596088e+18 +6.04647129e+18  2.36e+18   1.72e+04     4.20e+18   710.834s
 787000 +3.68296721e+18 +6.05079880e+18  2.37e+18   1.43e+04     4.20e+18   711.687s
 788000 +3.67997354e+18 +6.04869278e+18  2.37e+18   2.69e+05     4.20e+18   712.540s
 789000 +3.67697987e+18 +6.04854206e+18  2.37e+18   1.48e+04     4.20e+18   713.394s
 790000 +3.67398620e+18 +6.05347482e+18  2.38e+18   3.74e+03     4.20e+18   714.247s
 791000 +3.67099253e+18 +6.05312754e+18  2.38e+18   2.76e+05     4.20e+18   715.101s
 792000 +3.66799886e+18 +6.05141199e+18  2.38e+18   4.00e+03     4.20e+18   715.954s
 793000 +3.66500519e+18 +6.05596915e+18  2.39e+18   1.58e+04     4.20e+18   716.808s
 794000 +3.66201153e+18 +6.05749474e+18  2.40e+18   2.24e+05     4.20e+18   717.661s
 795000 +3.65901786e+18 +6.05491124e+18  2.40e+18   6.45e+04     4.20e+18   718.515s
 796000 +3.65602419e+18 +6.05800226e+18  2.40e+18   5.98e+03     4.20e+18   719.368s
 797000 +3.65303053e+18 +6.06083311e+18  2.41e+18   1.25e+05     4.20e+18   720.222s
 798000 +3.65003686e+18 +6.05806130e+18  2.41e+18   1.74e+05     4.20e+18   721.075s
 799000 +3.64704319e+18 +6.05898255e+18  2.41e+18   2.83e+03     4.20e+18   721.928s
 800000 +3.64404952e+18 +6.06245562e+18  2.42e+18   1.13e+04     4.20e+18   722.781s
 801000 +3.64105586e+18 +6.05992372e+18  2.42e+18   2.40e+05     4.20e+18   723.635s
 802000 +3.63806219e+18 +6.05877715e+18  2.42e+18   1.79e+04     4.20e+18   724.488s
 803000 +3.63506877e+18 +6.06183943e+18  2.43e+18   3.84e+04     4.20e+18   725.341s
 804000 +3.63207554e+18 +6.06022707e+18  2.43e+18   3.13e+05     4.20e+18   726.195s
 805000 +3.62908231e+18 +6.05754702e+18  2.43e+18   1.79e+05     4.20e+18   727.048s
 806000 +3.62608909e+18 +6.05970596e+18  2.43e+18   2.58e+05     4.20e+18   727.902s
 807000 +3.62309586e+18 +6.05972829e+18  2.44e+18   3.70e+05     4.20e+18   728.755s
 808000 +3.62010263e+18 +6.05573161e+18  2.44e+18   3.68e+05     4.20e+18   729.609s
 809000 +3.61710941e+18 +6.05725392e+18  2.44e+18   4.17e+05     4.20e+18   730.462s
 810000 +3.61411618e+18 +6.05778440e+18  2.44e+18   4.72e+05     4.20e+18   731.315s
 811000 +3.61112295e+18 +6.05422981e+18  2.44e+18   5.32e+05     4.20e+18   732.169s
 812000 +3.60812973e+18 +6.05373050e+18  2.45e+18   5.22e+05     4.20e+18   733.022s
 813000 +3.60513650e+18 +6.05558607e+18  2.45e+18   5.67e+05     4.20e+18   733.876s
 814000 +3.60214328e+18 +6.05196542e+18  2.45e+18   5.94e+05     4.20e+18   734.729s
 815000 +3.59915005e+18 +6.05015430e+18  2.45e+18   5.82e+05     4.20e+18   735.582s
 816000 +3.59615682e+18 +6.05215951e+18  2.46e+18   5.52e+05     4.20e+18   736.436s
 817000 +3.59316360e+18 +6.04955455e+18  2.46e+18   6.00e+05     4.20e+18   737.289s
 818000 +3.59017037e+18 +6.04646819e+18  2.46e+18   5.17e+05     4.20e+18   738.143s
 819000 +3.58717714e+18 +6.04799324e+18  2.46e+18   4.93e+05     4.20e+18   738.996s
 820000 +3.58418392e+18 +6.04725426e+18  2.46e+18   4.92e+05     4.20e+18   739.850s
 821000 +3.58119069e+18 +6.04310469e+18  2.46e+18   4.14e+05     4.20e+18   740.703s
 822000 +3.57819746e+18 +6.04446304e+18  2.47e+18   3.69e+05     4.20e+18   741.556s
 823000 +3.57520424e+18 +6.04492146e+18  2.47e+18   3.32e+05     4.20e+18   742.410s
 824000 +3.57221101e+18 +6.04153752e+18  2.47e+18   3.15e+05     4.20e+18   743.263s
 825000 +3.56921779e+18 +6.04148908e+18  2.47e+18   1.98e+05     4.20e+18   744.117s
 826000 +3.56622456e+18 +6.04383844e+18  2.48e+18   2.08e+05     4.20e+18   744.970s
 827000 +3.56323133e+18 +6.04115576e+18  2.48e+18   2.10e+05     4.20e+18   745.824s
 828000 +3.56023811e+18 +6.04024967e+18  2.48e+18   1.56e+05     4.20e+18   746.677s
 829000 +3.55724488e+18 +6.04326409e+18  2.49e+18   1.01e+04     4.20e+18   747.530s
 830000 +3.55425165e+18 +6.04206919e+18  2.49e+18   2.42e+05     4.20e+18   748.384s
 831000 +3.55125843e+18 +6.04038611e+18  2.49e+18   3.01e+03     4.20e+18   749.237s
 832000 +3.54826520e+18 +6.04306426e+18  2.49e+18   5.46e+04     4.20e+18   750.090s
 833000 +3.54527198e+18 +6.04378734e+18  2.50e+18   1.78e+05     4.20e+18   750.944s
 834000 +3.54227875e+18 +6.04125811e+18  2.50e+18   3.91e+04     4.20e+18   751.797s
 835000 +3.53928552e+18 +6.04364834e+18  2.50e+18   5.82e+04     4.20e+18   752.651s
 836000 +3.53629230e+18 +6.04535688e+18  2.51e+18   1.07e+05     4.20e+18   753.504s
 837000 +3.53329908e+18 +6.04346902e+18  2.51e+18   1.70e+05     4.20e+18   754.357s
 838000 +3.53030585e+18 +6.04445207e+18  2.51e+18   8.31e+03     4.20e+18   755.211s
 839000 +3.52731263e+18 +6.04751488e+18  2.52e+18   1.48e+05     4.20e+18   756.064s
 840000 +3.52431941e+18 +6.04620181e+18  2.52e+18   1.80e+05     4.20e+18   756.918s
 841000 +3.52132618e+18 +6.04631182e+18  2.52e+18   1.42e+05     4.20e+18   757.771s
 842000 +3.51833296e+18 +6.04977180e+18  2.53e+18   1.49e+03     4.20e+18   758.624s
 843000 +3.51533974e+18 +6.04939797e+18  2.53e+18   2.22e+05     4.20e+18   759.478s
 844000 +3.51234652e+18 +6.04876556e+18  2.54e+18   5.07e+03     4.20e+18   760.331s
 845000 +3.50935329e+18 +6.05174425e+18  2.54e+18   4.37e+04     4.20e+18   761.185s
 846000 +3.50636007e+18 +6.05269138e+18  2.55e+18   1.67e+05     4.20e+18   762.038s
 847000 +3.50336685e+18 +6.05082397e+18  2.55e+18   3.09e+04     4.20e+18   762.892s
 848000 +3.50037362e+18 +6.05333584e+18  2.55e+18   5.99e+04     4.20e+18   763.745s
 849000 +3.49738040e+18 +6.05473230e+18  2.56e+18   1.02e+05     4.20e+18   764.599s
 850000 +3.49438718e+18 +6.05274538e+18  2.56e+18   1.58e+05     4.20e+18   765.452s
 851000 +3.49139395e+18 +6.05353205e+18  2.56e+18   9.59e+03     4.20e+18   766.306s
 852000 +3.48840073e+18 +6.05575153e+18  2.57e+18   1.39e+05     4.20e+18   767.159s
 853000 +3.48540751e+18 +6.05368859e+18  2.57e+18   1.66e+05     4.20e+18   768.013s
 854000 +3.48241429e+18 +6.05307376e+18  2.57e+18   1.31e+05     4.20e+18   768.866s
 855000 +3.47942106e+18 +6.05550027e+18  2.58e+18   6.30e+04     4.20e+18   769.719s
 856000 +3.47642800e+18 +6.05371979e+18  2.58e+18   2.34e+05     4.20e+18   770.573s
 857000 +3.47343507e+18 +6.05225879e+18  2.58e+18   1.65e+05     4.20e+18   771.426s
 858000 +3.47044213e+18 +6.05394020e+18  2.58e+18   2.14e+05     4.20e+18   772.280s
 859000 +3.46744919e+18 +6.05385825e+18  2.59e+18   2.98e+05     4.20e+18   773.133s
 860000 +3.46445625e+18 +6.05080683e+18  2.59e+18   2.94e+05     4.20e+18   773.986s
 861000 +3.46146332e+18 +6.05226569e+18  2.59e+18   3.32e+05     4.20e+18   774.840s
 862000 +3.45847038e+18 +6.05260940e+18  2.59e+18   3.69e+05     4.20e+18   775.693s
 863000 +3.45547744e+18 +6.04969049e+18  2.59e+18   4.06e+05     4.20e+18   776.547s
 864000 +3.45248452e+18 +6.04947356e+18  2.60e+18   3.96e+05     4.20e+18   777.400s
 865000 +3.44949160e+18 +6.05068765e+18  2.60e+18   4.27e+05     4.20e+18   778.254s
 866000 +3.44649869e+18 +6.04802811e+18  2.60e+18   4.40e+05     4.20e+18   779.107s
 867000 +3.44350577e+18 +6.04639732e+18  2.60e+18   4.28e+05     4.20e+18   779.960s
 868000 +3.44051285e+18 +6.04810193e+18  2.61e+18   4.04e+05     4.20e+18   780.814s
 869000 +3.43751993e+18 +6.04586482e+18  2.61e+18   4.34e+05     4.20e+18   781.667s
 870000 +3.43452702e+18 +6.04389061e+18  2.61e+18   3.71e+05     4.20e+18   782.521s
 871000 +3.43153410e+18 +6.04480200e+18  2.61e+18   3.48e+05     4.20e+18   783.374s
 872000 +3.42854118e+18 +6.04452378e+18  2.62e+18   3.51e+05     4.20e+18   784.227s
 873000 +3.42554827e+18 +6.04141727e+18  2.62e+18   2.85e+05     4.20e+18   785.081s
 874000 +3.42255535e+18 +6.04277268e+18  2.62e+18   2.54e+05     4.20e+18   785.934s
 875000 +3.41956243e+18 +6.04290978e+18  2.62e+18   2.27e+05     4.20e+18   786.787s
 876000 +3.41656951e+18 +6.04078877e+18  2.62e+18   2.14e+05     4.20e+18   787.641s
 877000 +3.41357660e+18 +6.04085344e+18  2.63e+18   1.17e+05     4.20e+18   788.494s
 878000 +3.41058368e+18 +6.04256024e+18  2.63e+18   1.42e+05     4.20e+18   789.347s
 879000 +3.40759076e+18 +6.04051432e+18  2.63e+18   1.44e+05     4.20e+18   790.201s
 880000 +3.40459785e+18 +6.04017587e+18  2.64e+18   1.10e+05     4.20e+18   791.054s
 881000 +3.40160493e+18 +6.04226518e+18  2.64e+18   1.04e+04     4.20e+18   791.907s
 882000 +3.39861229e+18 +6.04064602e+18  2.64e+18   1.79e+05     4.20e+18   792.761s
 883000 +3.39562048e+18 +6.03966393e+18  2.64e+18   3.59e+04     4.20e+18   793.614s
 884000 +3.39262868e+18 +6.04168999e+18  2.65e+18   3.98e+04     4.20e+18   794.467s
 885000 +3.38963687e+18 +6.04201736e+18  2.65e+18   1.46e+05     4.20e+18   795.321s
 886000 +3.38664588e+18 +6.03989865e+18  2.65e+18   3.69e+04     4.20e+18   796.174s
 887000 +3.38365495e+18 +6.04171056e+18  2.66e+18   7.21e+04     4.20e+18   797.027s
 888000 +3.38066401e+18 +6.04271422e+18  2.66e+18   9.77e+04     4.20e+18   797.880s
 889000 +3.37767307e+18 +6.04174899e+18  2.66e+18   1.37e+05     4.20e+18   798.734s
 890000 +3.37468213e+18 +6.04315407e+18  2.67e+18   3.36e+04     4.20e+18   799.587s
 891000 +3.37169120e+18 +6.04561789e+18  2.67e+18   1.21e+05     4.20e+18   800.441s
 892000 +3.36870026e+18 +6.04400189e+18  2.68e+18   1.36e+05     4.20e+18   801.294s
 893000 +3.36570933e+18 +6.04415523e+18  2.68e+18   1.06e+05     4.20e+18   802.147s
 894000 +3.36271839e+18 +6.04692079e+18  2.68e+18   3.12e+04     4.20e+18   803.001s
 895000 +3.35972746e+18 +6.04688026e+18  2.69e+18   1.67e+05     4.20e+18   803.854s
 896000 +3.35673652e+18 +6.04650331e+18  2.69e+18   2.82e+04     4.20e+18   804.708s
 897000 +3.35374559e+18 +6.04897208e+18  2.70e+18   2.98e+04     4.20e+18   805.561s
 898000 +3.35075465e+18 +6.04910867e+18  2.70e+18   1.38e+05     4.20e+18   806.415s
 899000 +3.34776372e+18 +6.04740448e+18  2.70e+18   2.76e+04     4.20e+18   807.268s
 900000 +3.34477278e+18 +6.04932790e+18  2.70e+18   7.05e+04     4.20e+18   808.121s
 901000 +3.34178186e+18 +6.05078633e+18  2.71e+18   9.43e+04     4.20e+18   808.974s
 902000 +3.33879093e+18 +6.04920690e+18  2.71e+18   1.27e+05     4.20e+18   809.828s
 903000 +3.33580000e+18 +6.04976206e+18  2.71e+18   2.18e+04     4.20e+18   810.681s
 904000 +3.33280907e+18 +6.05100197e+18  2.72e+18   1.14e+05     4.20e+18   811.534s
 905000 +3.32981814e+18 +6.04933732e+18  2.72e+18   1.25e+05     4.20e+18   812.388s
 906000 +3.32682721e+18 +6.04911341e+18  2.72e+18   1.04e+05     4.20e+18   813.241s
 907000 +3.32383628e+18 +6.05140837e+18  2.73e+18   8.16e+04     4.20e+18   814.095s
 908000 +3.32084535e+18 +6.05028323e+18  2.73e+18   1.94e+05     4.20e+18   814.948s
 909000 +3.31785442e+18 +6.04886275e+18  2.73e+18   1.56e+05     4.20e+18   815.802s
 910000 +3.31486349e+18 +6.04989336e+18  2.74e+18   1.91e+05     4.20e+18   816.655s
 911000 +3.31187257e+18 +6.04945238e+18  2.74e+18   2.57e+05     4.20e+18   817.509s
 912000 +3.30888164e+18 +6.04763324e+18  2.74e+18   2.51e+05     4.20e+18   818.362s
 913000 +3.30589071e+18 +6.04893089e+18  2.74e+18   2.82e+05     4.20e+18   819.215s
 914000 +3.30289978e+18 +6.04910640e+18  2.75e+18   3.07e+05     4.20e+18   820.069s
 915000 +3.29990885e+18 +6.04639374e+18  2.75e+18   3.31e+05     4.20e+18   820.922s
 916000 +3.29691792e+18 +6.04616505e+18  2.75e+18   3.21e+05     4.20e+18   821.775s
 917000 +3.29392721e+18 +6.04578296e+18  2.75e+18   3.43e+05     4.20e+18   822.628s
 918000 +3.29093724e+18 +6.04410606e+18  2.75e+18   3.47e+05     4.20e+18   823.482s
 919000 +3.28794726e+18 +6.04352011e+18  2.76e+18   3.34e+05     4.20e+18   824.335s
 920000 +3.28495729e+18 +6.04510027e+18  2.76e+18   3.14e+05     4.20e+18   825.188s
 921000 +3.28196731e+18 +6.04297563e+18  2.76e+18   3.33e+05     4.20e+18   826.041s
 922000 +3.27897734e+18 +6.04151580e+18  2.76e+18   2.83e+05     4.20e+18   826.895s
 923000 +3.27598736e+18 +6.04235476e+18  2.77e+18   2.63e+05     4.20e+18   827.749s
 924000 +3.27299739e+18 +6.04198874e+18  2.77e+18   2.70e+05     4.20e+18   828.602s
 925000 +3.27000741e+18 +6.03963640e+18  2.77e+18   2.09e+05     4.20e+18   829.456s
 926000 +3.26701745e+18 +6.04063829e+18  2.77e+18   1.87e+05     4.20e+18   830.309s
 927000 +3.26402750e+18 +6.04043073e+18  2.78e+18   1.64e+05     4.20e+18   831.162s
 928000 +3.26103754e+18 +6.03843442e+18  2.78e+18   1.53e+05     4.20e+18   832.016s
 929000 +3.25813795e+18 +5.94289296e+18  2.68e+18   4.25e+06     4.20e+18   832.869s
 930000 +3.25530741e+18 +5.92798940e+18  2.67e+18   3.65e+06     4.20e+18   833.723s
 931000 +3.25247687e+18 +5.91251249e+18  2.66e+18   2.82e+06     4.19e+18   834.576s
 932000 +3.24964633e+18 +5.90108044e+18  2.65e+18   1.82e+06     4.19e+18   835.429s
 933000 +3.24681579e+18 +5.89572072e+18  2.65e+18   7.17e+05     4.19e+18   836.282s
 934000 +3.24398525e+18 +5.89174444e+18  2.65e+18   1.39e+05     4.19e+18   837.136s
 935000 +3.24115471e+18 +5.89314470e+18  2.65e+18   3.46e+04     4.19e+18   837.989s
 936000 +3.23832417e+18 +5.90116903e+18  2.66e+18   2.04e+04     4.19e+18   838.842s
 937000 +3.23549364e+18 +5.91185631e+18  2.68e+18   1.21e+05     4.19e+18   839.696s
 938000 +3.23266311e+18 +5.92357345e+18  2.69e+18   2.28e+03     4.20e+18   840.549s
 939000 +3.22983257e+18 +5.94114370e+18  2.71e+18   6.55e+04     4.20e+18   841.403s
 940000 +3.22700204e+18 +5.95902982e+18  2.73e+18   8.27e+04     4.20e+18   842.256s
 941000 +3.22417151e+18 +5.97573984e+18  2.75e+18   1.08e+05     4.20e+18   843.110s
 942000 +3.22134097e+18 +5.99328004e+18  2.77e+18   1.34e+04     4.20e+18   843.963s
 943000 +3.21851045e+18 +6.00960294e+18  2.79e+18   9.94e+04     4.20e+18   844.816s
 944000 +3.21567995e+18 +6.01978761e+18  2.80e+18   1.07e+05     4.20e+18   845.670s
 945000 +3.21284945e+18 +6.02786838e+18  2.82e+18   7.86e+04     4.20e+18   846.523s
 946000 +3.21001895e+18 +6.03383576e+18  2.82e+18   1.83e+04     4.20e+18   847.376s
 947000 +3.20718846e+18 +6.03337152e+18  2.83e+18   9.04e+05     4.20e+18   848.229s
 948000 +3.20435796e+18 +6.02901375e+18  2.82e+18   1.91e+06     4.20e+18   849.082s
 949000 +3.20153025e+18 +6.01682108e+18  2.82e+18   2.86e+06     4.20e+18   849.936s
 950000 +3.19871493e+18 +6.00015440e+18  2.80e+18   3.55e+06     4.20e+18   850.789s
 951000 +3.19589960e+18 +5.98134738e+18  2.79e+18   4.00e+06     4.20e+18   851.643s
 952000 +3.19308427e+18 +5.96743252e+18  2.77e+18   4.23e+06     4.20e+18   852.496s
 953000 +3.19026894e+18 +5.95488808e+18  2.76e+18   4.20e+06     4.20e+18   853.349s
 954000 +3.18745363e+18 +5.94201599e+18  2.75e+18   3.91e+06     4.20e+18   854.202s
 955000 +3.18463831e+18 +5.93067115e+18  2.75e+18   3.38e+06     4.20e+18   855.056s
 956000 +3.18182299e+18 +5.91876991e+18  2.74e+18   2.65e+06     4.19e+18   855.909s
 957000 +3.17900767e+18 +5.90381889e+18  2.72e+18   1.82e+06     4.19e+18   856.762s
 958000 +3.17619235e+18 +5.89253352e+18  2.72e+18   9.29e+05     4.19e+18   857.616s
 959000 +3.17337703e+18 +5.88761244e+18  2.71e+18   3.24e+05     4.19e+18   858.469s
 960000 +3.17056171e+18 +5.88700795e+18  2.72e+18   1.69e+05     4.19e+18   859.323s
 961000 +3.16774639e+18 +5.89366159e+18  2.73e+18   1.49e+05     4.19e+18   860.176s
 962000 +3.16493107e+18 +5.90837372e+18  2.74e+18   1.76e+05     4.19e+18   861.029s
 963000 +3.16211575e+18 +5.92417433e+18  2.76e+18   2.31e+05     4.20e+18   861.883s
 964000 +3.15930043e+18 +5.93876473e+18  2.78e+18   2.24e+05     4.20e+18   862.736s
 965000 +3.15648511e+18 +5.95369355e+18  2.80e+18   4.49e+05     4.20e+18   863.590s
 966000 +3.15366979e+18 +5.96522947e+18  2.81e+18   6.18e+05     4.20e+18   864.443s
 967000 +3.15085447e+18 +5.97308660e+18  2.82e+18   5.31e+05     4.20e+18   865.297s
 968000 +3.14803915e+18 +5.98349426e+18  2.84e+18   2.91e+05     4.20e+18   866.150s
 969000 +3.14522383e+18 +5.99545701e+18  2.85e+18   2.85e+05     4.20e+18   867.003s
 970000 +3.14240851e+18 +6.00534015e+18  2.86e+18   2.85e+05     4.20e+18   867.857s
 971000 +3.13959319e+18 +6.01388077e+18  2.87e+18   2.71e+05     4.20e+18   868.710s
 972000 +3.13677787e+18 +6.01876954e+18  2.88e+18   7.84e+05     4.20e+18   869.563s
 973000 +3.13396255e+18 +6.01374221e+18  2.88e+18   1.71e+06     4.20e+18   870.417s
 974000 +3.13114723e+18 +6.00201315e+18  2.87e+18   2.57e+06     4.20e+18   871.270s
 975000 +3.12833191e+18 +5.98765999e+18  2.86e+18   3.23e+06     4.20e+18   872.123s
 976000 +3.12551659e+18 +5.97017531e+18  2.84e+18   3.66e+06     4.20e+18   872.976s
 977000 +3.12270127e+18 +5.95271285e+18  2.83e+18   3.88e+06     4.20e+18   873.830s
 978000 +3.11988595e+18 +5.94007379e+18  2.82e+18   3.88e+06     4.20e+18   874.683s
 979000 +3.11707063e+18 +5.92914305e+18  2.81e+18   3.63e+06     4.20e+18   875.536s
 980000 +3.11425531e+18 +5.91748085e+18  2.80e+18   3.16e+06     4.20e+18   876.389s
 981000 +3.11144138e+18 +5.90722102e+18  2.80e+18   2.49e+06     4.19e+18   877.243s
 982000 +3.10862787e+18 +5.89815920e+18  2.79e+18   1.71e+06     4.19e+18   878.096s
 983000 +3.10581437e+18 +5.88598844e+18  2.78e+18   9.27e+05     4.19e+18   878.949s
 984000 +3.10300086e+18 +5.87741708e+18  2.77e+18   4.28e+05     4.19e+18   879.802s
 985000 +3.10018736e+18 +5.87766995e+18  2.78e+18   1.65e+05     4.19e+18   880.655s
 986000 +3.09737386e+18 +5.88241768e+18  2.79e+18   1.13e+05     4.19e+18   881.509s
 987000 +3.09456035e+18 +5.89298077e+18  2.80e+18   1.25e+04     4.19e+18   882.362s
 988000 +3.09174685e+18 +5.90909633e+18  2.82e+18   1.40e+04     4.19e+18   883.216s
 989000 +3.08893336e+18 +5.92639208e+18  2.84e+18   1.62e+05     4.20e+18   884.069s
 990000 +3.08612120e+18 +5.94014312e+18  2.85e+18   8.17e+05     4.20e+18   884.923s
 991000 +3.08330936e+18 +5.95264864e+18  2.87e+18   4.68e+05     4.20e+18   885.776s
 992000 +3.08049752e+18 +5.96320222e+18  2.88e+18   5.02e+05     4.20e+18   886.629s
 993000 +3.07768568e+18 +5.97068983e+18  2.89e+18   8.41e+05     4.20e+18   887.483s
 994000 +3.07487384e+18 +5.98178331e+18  2.91e+18   7.45e+04     4.20e+18   888.336s
 995000 +3.07206199e+18 +5.99347811e+18  2.92e+18   8.50e+04     4.20e+18   889.189s
 996000 +3.06925015e+18 +5.99847990e+18  2.93e+18   7.77e+05     4.20e+18   890.043s
 997000 +3.06643831e+18 +6.00282844e+18  2.94e+18   6.22e+05     4.20e+18   890.896s
 998000 +3.06362647e+18 +6.00602195e+18  2.94e+18   1.49e+06     4.20e+18   891.750s
 999000 +3.06081463e+18 +5.99681075e+18  2.94e+18   2.42e+06     4.20e+18   892.603s
1000000 +3.05800279e+18 +5.98231039e+18  2.92e+18   2.94e+06     4.20e+18   893.456s
1001000 +3.05519095e+18 +5.96916075e+18  2.91e+18   3.37e+06     4.20e+18   894.310s
1002000 +3.05237911e+18 +5.95335106e+18  2.90e+18   3.66e+06     4.20e+18   895.164s
1003000 +3.04956727e+18 +5.93787401e+18  2.89e+18   3.59e+06     4.20e+18   896.017s
1004000 +3.04675543e+18 +5.92848504e+18  2.88e+18   3.38e+06     4.20e+18   896.870s
1005000 +3.04394359e+18 +5.91883711e+18  2.87e+18   3.05e+06     4.20e+18   897.724s
1006000 +3.04113175e+18 +5.91013492e+18  2.87e+18   2.36e+06     4.19e+18   898.577s
1007000 +3.03831991e+18 +5.90331794e+18  2.86e+18   1.62e+06     4.19e+18   899.430s
1008000 +3.03550806e+18 +5.89338999e+18  2.86e+18   1.15e+06     4.19e+18   900.284s
1009000 +3.03269622e+18 +5.88440794e+18  2.85e+18   4.80e+05     4.19e+18   901.137s
1010000 +3.02988438e+18 +5.88410076e+18  2.85e+18   2.90e+05     4.19e+18   901.990s
1011000 +3.02707254e+18 +5.88820714e+18  2.86e+18   7.25e+05     4.19e+18   902.844s
1012000 +3.02426070e+18 +5.89538650e+18  2.87e+18   1.55e+05     4.19e+18   903.697s
1013000 +3.02144886e+18 +5.90908883e+18  2.89e+18   1.46e+05     4.19e+18   904.551s
1014000 +3.01863702e+18 +5.92543557e+18  2.91e+18   7.37e+05     4.20e+18   905.404s
1015000 +3.01582518e+18 +5.93975593e+18  2.92e+18   2.13e+05     4.20e+18   906.258s
1016000 +3.01301334e+18 +5.95083585e+18  2.94e+18   3.85e+05     4.20e+18   907.111s
1017000 +3.01020150e+18 +5.95952751e+18  2.95e+18   8.74e+05     4.20e+18   907.964s
1018000 +3.00738966e+18 +5.96764299e+18  2.96e+18   4.60e+05     4.20e+18   908.818s
1019000 +3.00457781e+18 +5.97531135e+18  2.97e+18   2.56e+05     4.20e+18   909.671s
1020000 +3.00176597e+18 +5.98135705e+18  2.98e+18   7.25e+05     4.20e+18   910.524s
1021000 +2.99895413e+18 +5.98809038e+18  2.99e+18   2.43e+05     4.20e+18   911.378s
1022000 +2.99614229e+18 +5.99349126e+18  3.00e+18   5.66e+05     4.20e+18   912.231s
1023000 +2.99333045e+18 +5.99372026e+18  3.00e+18   1.50e+06     4.20e+18   913.085s
1024000 +2.99051861e+18 +5.98810339e+18  3.00e+18   2.07e+06     4.20e+18   913.938s
1025000 +2.98770677e+18 +5.97560788e+18  2.99e+18   2.69e+06     4.20e+18   914.791s
1026000 +2.98489493e+18 +5.95904149e+18  2.97e+18   3.19e+06     4.20e+18   915.645s
1027000 +2.98208309e+18 +5.94480846e+18  2.96e+18   3.33e+06     4.20e+18   916.498s
1028000 +2.97927125e+18 +5.93078728e+18  2.95e+18   3.35e+06     4.20e+18   917.352s
1029000 +2.97645941e+18 +5.91646711e+18  2.94e+18   3.24e+06     4.20e+18   918.206s
1030000 +2.97364757e+18 +5.90896164e+18  2.94e+18   2.80e+06     4.20e+18   919.060s
1031000 +2.97083572e+18 +5.90391578e+18  2.93e+18   2.25e+06     4.19e+18   919.913s
1032000 +2.96802388e+18 +5.89405316e+18  2.93e+18   1.69e+06     4.19e+18   920.767s
1033000 +2.96521204e+18 +5.88635233e+18  2.92e+18   8.46e+05     4.19e+18   921.620s
1034000 +2.96240020e+18 +5.88216216e+18  2.92e+18   4.70e+05     4.19e+18   922.473s
1035000 +2.95958836e+18 +5.87767336e+18  2.92e+18   7.37e+05     4.19e+18   923.327s
1036000 +2.95677652e+18 +5.87852012e+18  2.92e+18   8.69e+04     4.19e+18   924.180s
1037000 +2.95396468e+18 +5.88677003e+18  2.93e+18   1.96e+04     4.19e+18   925.034s
1038000 +2.95115284e+18 +5.89682045e+18  2.95e+18   6.35e+05     4.19e+18   925.887s
1039000 +2.94834102e+18 +5.91258305e+18  2.96e+18   9.23e+04     4.20e+18   926.741s
1040000 +2.94552920e+18 +5.93050026e+18  2.98e+18   2.39e+04     4.20e+18   927.594s
1041000 +2.94271738e+18 +5.94171625e+18  3.00e+18   6.46e+05     4.20e+18   928.448s
1042000 +2.93990556e+18 +5.95054748e+18  3.01e+18   4.09e+05     4.20e+18   929.301s
1043000 +2.93709374e+18 +5.96115574e+18  3.02e+18   4.42e+05     4.20e+18   930.155s
1044000 +2.93428192e+18 +5.96706230e+18  3.03e+18   6.49e+05     4.20e+18   931.008s
1045000 +2.93147010e+18 +5.87050278e+18  2.94e+18   1.88e+01     4.19e+18   931.863s
1046000 +2.92865827e+18 +5.87039986e+18  2.94e+18   1.12e+01     4.19e+18   932.716s
1047000 +2.92584645e+18 +5.87039874e+18  2.94e+18   1.01e+02     4.19e+18   933.570s
1048000 +2.92303463e+18 +5.87039818e+18  2.95e+18   4.63e+00     4.19e+18   934.423s
1049000 +2.92022280e+18 +5.87039585e+18  2.95e+18   7.70e-01     4.19e+18   935.277s
1050000 +2.91741098e+18 +5.87039371e+18  2.95e+18   2.97e+00     4.19e+18   936.130s
1051000 +2.91459916e+18 +5.87039343e+18  2.96e+18   3.00e+01     4.19e+18   936.984s
1052000 +2.91178734e+18 +5.87039375e+18  2.96e+18   6.03e+00     4.19e+18   937.837s
1053000 +2.90897551e+18 +5.87039322e+18  2.96e+18   7.22e+00     4.19e+18   938.691s
1054000 +2.90616369e+18 +5.87039249e+18  2.96e+18   1.04e+01     4.19e+18   939.544s
1055000 +2.90335187e+18 +5.87039258e+18  2.97e+18   1.71e+01     4.19e+18   940.398s
1056000 +2.90054004e+18 +5.87039291e+18  2.97e+18   7.68e+00     4.19e+18   941.251s
1057000 +2.89772822e+18 +5.87039278e+18  2.97e+18   7.86e+00     4.19e+18   942.104s
1058000 +2.89491640e+18 +5.87039232e+18  2.98e+18   1.08e+00     4.19e+18   942.958s
1059000 +2.89210457e+18 +5.87039227e+18  2.98e+18   1.49e+01     4.19e+18   943.811s
1060000 +2.88929275e+18 +5.87039261e+18  2.98e+18   3.13e+00     4.19e+18   944.665s
1061000 +2.88648093e+18 +5.87039276e+18  2.98e+18   8.83e+00     4.19e+18   945.518s
1062000 +2.88366910e+18 +5.87039225e+18  2.99e+18   1.62e+00     4.19e+18   946.372s
1063000 +2.88085728e+18 +5.87039241e+18  2.99e+18   7.84e+00     4.19e+18   947.225s
1064000 +2.87804546e+18 +5.87039273e+18  2.99e+18   4.38e+00     4.19e+18   948.079s
1065000 +2.87523364e+18 +5.87039230e+18  3.00e+18   2.39e+01     4.19e+18   948.932s
1066000 +2.87242181e+18 +5.87039217e+18  3.00e+18   8.01e-01     4.19e+18   949.786s
1067000 +2.86960999e+18 +5.87039198e+18  3.00e+18   4.99e+00     4.19e+18   950.639s
1068000 +2.86679817e+18 +5.87039199e+18  3.00e+18   2.05e+01     4.19e+18   951.493s
1069000 +2.86398634e+18 +5.87039222e+18  3.01e+18   1.81e+00     4.19e+18   952.346s
1070000 +2.86117452e+18 +5.87039223e+18  3.01e+18   6.97e-01     4.19e+18   953.200s
1071000 +2.85836270e+18 +5.87039200e+18  3.01e+18   6.82e-01     4.19e+18   954.053s
1072000 +2.85555088e+18 +5.87039201e+18  3.01e+18   6.14e+00     4.19e+18   954.906s
1073000 +2.85273905e+18 +5.87039228e+18  3.02e+18   1.19e+01     4.19e+18   955.759s
1074000 +2.84992723e+18 +5.87039215e+18  3.02e+18   3.04e+00     4.19e+18   956.612s
1075000 +2.84711541e+18 +5.87039178e+18  3.02e+18   4.39e+00     4.19e+18   957.466s
1076000 +2.84430359e+18 +5.87039191e+18  3.03e+18   4.29e+00     4.19e+18   958.319s
1077000 +2.84149200e+18 +5.87013933e+18  3.03e+18   8.12e+04     4.19e+18   959.173s
1078000 +2.83868063e+18 +5.87011277e+18  3.03e+18   4.79e+00     4.19e+18   960.026s
1079000 +2.83586926e+18 +5.87018612e+18  3.03e+18   7.58e+04     4.19e+18   960.879s
1080000 +2.83305789e+18 +5.87004350e+18  3.04e+18   4.42e+00     4.19e+18   961.733s
1081000 +2.83024652e+18 +5.87022456e+18  3.04e+18   6.56e+04     4.19e+18   962.586s
1082000 +2.82743515e+18 +5.86998736e+18  3.04e+18   1.36e+01     4.19e+18   963.440s
1083000 +2.82462377e+18 +5.87025060e+18  3.05e+18   5.18e+04     4.19e+18   964.293s
1084000 +2.82181240e+18 +5.86994641e+18  3.05e+18   3.55e+00     4.19e+18   965.146s
1085000 +2.81900103e+18 +5.87026463e+18  3.05e+18   3.57e+04     4.19e+18   966.000s
1086000 +2.81618966e+18 +5.86992011e+18  3.05e+18   3.22e+00     4.19e+18   966.853s
1087000 +2.81337829e+18 +5.87026479e+18  3.06e+18   1.85e+04     4.19e+18   967.707s
1088000 +2.81056691e+18 +5.86990924e+18  3.06e+18   4.00e+00     4.19e+18   968.560s
1089000 +2.80775554e+18 +5.87025265e+18  3.06e+18   1.62e+03     4.19e+18   969.413s
1090000 +2.80494417e+18 +5.86991126e+18  3.06e+18   6.33e+03     4.19e+18   970.267s
1091000 +2.80213280e+18 +5.87022854e+18  3.07e+18   6.18e+00     4.19e+18   971.120s
1092000 +2.79932143e+18 +5.86992552e+18  3.07e+18   2.08e+04     4.19e+18   971.973s
1093000 +2.79651005e+18 +5.87019605e+18  3.07e+18   4.35e+00     4.19e+18   972.827s
1094000 +2.79369868e+18 +5.86994865e+18  3.08e+18   3.26e+04     4.19e+18   973.680s
1095000 +2.79088731e+18 +5.87015610e+18  3.08e+18   8.68e+00     4.19e+18   974.534s
1096000 +2.78807594e+18 +5.86997862e+18  3.08e+18   4.11e+04     4.19e+18   975.387s
1097000 +2.78526457e+18 +5.87011276e+18  3.08e+18   2.81e+00     4.19e+18   976.240s
1098000 +2.78245319e+18 +5.87001147e+18  3.09e+18   4.60e+04     4.19e+18   977.094s
1099000 +2.77964182e+18 +5.87006797e+18  3.09e+18   1.66e+01     4.19e+18   977.947s
1100000 +2.77683045e+18 +5.87004170e+18  3.09e+18   4.71e+04     4.19e+18   978.800s
1101000 +2.77401909e+18 +5.87002470e+18  3.10e+18   5.52e+02     4.19e+18   979.653s
1102000 +2.77120772e+18 +5.87007542e+18  3.10e+18   4.48e+04     4.19e+18   980.507s
1103000 +2.76839635e+18 +5.86998328e+18  3.10e+18   2.28e+01     4.19e+18   981.360s
1104000 +2.76558499e+18 +5.87009782e+18  3.10e+18   3.93e+04     4.19e+18   982.213s
1105000 +2.76277362e+18 +5.86995185e+18  3.11e+18   7.27e+02     4.19e+18   983.067s
1106000 +2.75996225e+18 +5.87012155e+18  3.11e+18   3.13e+04     4.19e+18   983.920s
1107000 +2.75715088e+18 +5.86992877e+18  3.11e+18   2.65e+01     4.19e+18   984.773s
1108000 +2.75433952e+18 +5.87012822e+18  3.12e+18   2.16e+04     4.19e+18   985.627s
1109000 +2.75152815e+18 +5.86991041e+18  3.12e+18   3.02e+02     4.19e+18   986.480s
1110000 +2.74871678e+18 +5.87013341e+18  3.12e+18   1.09e+04     4.19e+18   987.334s
1111000 +2.74590542e+18 +5.86990788e+18  3.12e+18   3.27e+01     4.19e+18   988.187s
1112000 +2.74309405e+18 +5.87012795e+18  3.13e+18   3.51e+01     4.19e+18   989.041s
1113000 +2.74028269e+18 +5.86990637e+18  3.13e+18   5.18e+03     4.19e+18   989.894s
1114000 +2.73747132e+18 +5.87011316e+18  3.13e+18   4.71e+02     4.19e+18   990.748s
1115000 +2.73465996e+18 +5.86991950e+18  3.14e+18   1.48e+04     4.19e+18   991.601s
1116000 +2.73184859e+18 +5.87009627e+18  3.14e+18   3.34e+00     4.19e+18   992.455s
1117000 +2.72903723e+18 +5.86993426e+18  3.14e+18   2.28e+04     4.19e+18   993.308s
1118000 +2.72622586e+18 +5.87006778e+18  3.14e+18   8.69e+00     4.19e+18   994.161s
1119000 +2.72341449e+18 +5.86995518e+18  3.15e+18   2.87e+04     4.19e+18   995.015s
1120000 +2.72060313e+18 +5.87004295e+18  3.15e+18   3.37e+02     4.19e+18   995.868s
1121000 +2.71779176e+18 +5.86998016e+18  3.15e+18   3.21e+04     4.19e+18   996.722s
1122000 +2.71498040e+18 +5.87001096e+18  3.16e+18   1.37e+01     4.19e+18   997.575s
1123000 +2.71216903e+18 +5.87000148e+18  3.16e+18   3.29e+04     4.19e+18   998.428s
1124000 +2.70935767e+18 +5.86998350e+18  3.16e+18   5.59e+02     4.19e+18   999.282s
1125000 +2.70654630e+18 +5.87002718e+18  3.16e+18   3.13e+04     4.19e+18   1000.135s
1126000 +2.70373493e+18 +5.86995788e+18  3.17e+18   1.77e+01     4.19e+18   1000.988s
1127000 +2.70092357e+18 +5.87004375e+18  3.17e+18   2.74e+04     4.19e+18   1001.841s
1128000 +2.69811220e+18 +5.86993438e+18  3.17e+18   3.09e+02     4.19e+18   1002.695s
1129000 +2.69530084e+18 +5.87006028e+18  3.17e+18   2.18e+04     4.19e+18   1003.548s
1130000 +2.69248948e+18 +5.86990991e+18  3.18e+18   2.01e+01     4.19e+18   1004.401s
1131000 +2.68967815e+18 +5.87004118e+18  3.18e+18   1.47e+04     4.19e+18   1005.255s
1132000 +2.68686681e+18 +5.86987585e+18  3.18e+18   3.20e+00     4.19e+18   1006.108s
1133000 +2.68405547e+18 +5.87005144e+18  3.19e+18   6.94e+03     4.19e+18   1006.961s
1134000 +2.68124414e+18 +5.86990176e+18  3.19e+18   4.29e+02     4.19e+18   1007.815s
1135000 +2.67843280e+18 +5.87006365e+18  3.19e+18   5.94e+02     4.19e+18   1008.668s
1136000 +2.67562146e+18 +5.86988745e+18  3.19e+18   4.90e+03     4.19e+18   1009.522s
1137000 +2.67281013e+18 +5.87002292e+18  3.20e+18   2.01e+02     4.19e+18   1010.375s
1138000 +2.66999879e+18 +5.86988716e+18  3.20e+18   1.20e+04     4.19e+18   1011.228s
1139000 +2.66718746e+18 +5.87003248e+18  3.20e+18   3.47e+02     4.19e+18   1012.082s
1140000 +2.66437613e+18 +5.86992552e+18  3.21e+18   1.78e+04     4.19e+18   1012.935s
1141000 +2.66156479e+18 +5.87000961e+18  3.21e+18   7.19e+00     4.19e+18   1013.789s
1142000 +2.65875346e+18 +5.86991525e+18  3.21e+18   2.21e+04     4.19e+18   1014.642s
1143000 +2.65594212e+18 +5.86997223e+18  3.21e+18   4.45e+02     4.19e+18   1015.495s
1144000 +2.65313079e+18 +5.86994425e+18  3.22e+18   2.45e+04     4.19e+18   1016.349s
1145000 +2.65031945e+18 +5.86997285e+18  3.22e+18   2.10e+02     4.19e+18   1017.203s
1146000 +2.64750812e+18 +5.86997189e+18  3.22e+18   2.50e+04     4.19e+18   1018.056s
1147000 +2.64469679e+18 +5.86993842e+18  3.23e+18   3.06e+02     4.19e+18   1018.909s
1148000 +2.64188545e+18 +5.86996889e+18  3.23e+18   2.36e+04     4.19e+18   1019.763s
1149000 +2.63907412e+18 +5.86991287e+18  3.23e+18   1.28e+02     4.19e+18   1020.616s
1150000 +2.63626278e+18 +5.86999848e+18  3.23e+18   2.04e+04     4.19e+18   1021.470s
1151000 +2.63345145e+18 +5.86991620e+18  3.24e+18   8.56e+01     4.19e+18   1022.323s
1152000 +2.63064011e+18 +5.87001111e+18  3.24e+18   1.59e+04     4.19e+18   1023.176s
1153000 +2.62782878e+18 +5.86988533e+18  3.24e+18   2.49e+02     4.19e+18   1024.030s
1154000 +2.62501745e+18 +5.86999995e+18  3.24e+18   1.03e+04     4.19e+18   1024.883s
1155000 +2.62220611e+18 +5.86988271e+18  3.25e+18   2.13e+02     4.19e+18   1025.736s
1156000 +2.61939478e+18 +5.87002264e+18  3.25e+18   4.28e+03     4.19e+18   1026.590s
1157000 +2.61658344e+18 +5.86989352e+18  3.25e+18   3.95e+02     4.19e+18   1027.443s
1158000 +2.61377211e+18 +5.87000906e+18  3.26e+18   9.60e+02     4.19e+18   1028.297s
1159000 +2.61096077e+18 +5.86987566e+18  3.26e+18   5.08e+03     4.19e+18   1029.150s
1160000 +2.60814944e+18 +5.86999338e+18  3.26e+18   6.99e+02     4.19e+18   1030.004s
1161000 +2.60533811e+18 +5.86989697e+18  3.26e+18   1.06e+04     4.19e+18   1030.857s
1162000 +2.60252677e+18 +5.87000071e+18  3.27e+18   5.41e+02     4.19e+18   1031.711s
1163000 +2.59971544e+18 +5.86990901e+18  3.27e+18   1.50e+04     4.19e+18   1032.564s
1164000 +2.59690411e+18 +5.86996626e+18  3.27e+18   9.39e+01     4.19e+18   1033.417s
1165000 +2.59409277e+18 +5.86990448e+18  3.28e+18   1.82e+04     4.19e+18   1034.271s
1166000 +2.59128144e+18 +5.86995185e+18  3.28e+18   3.66e+02     4.19e+18   1035.124s
1167000 +2.58847011e+18 +5.86994066e+18  3.28e+18   1.99e+04     4.19e+18   1035.978s
1168000 +2.58565878e+18 +5.86994905e+18  3.28e+18   3.29e+02     4.19e+18   1036.831s
1169000 +2.58284744e+18 +5.86994600e+18  3.29e+18   2.00e+04     4.19e+18   1037.685s
1170000 +2.58003611e+18 +5.86990969e+18  3.29e+18   4.56e+02     4.19e+18   1038.538s
1171000 +2.57722478e+18 +5.86995306e+18  3.29e+18   1.85e+04     4.19e+18   1039.392s
1172000 +2.57441345e+18 +5.86991182e+18  3.30e+18   5.15e+02     4.19e+18   1040.245s
1173000 +2.57160211e+18 +5.86998462e+18  3.30e+18   1.57e+04     4.19e+18   1041.099s
1174000 +2.56879078e+18 +5.86989849e+18  3.30e+18   2.94e+02     4.19e+18   1041.952s
1175000 +2.56597945e+18 +5.86997459e+18  3.30e+18   1.18e+04     4.19e+18   1042.806s
1176000 +2.56316817e+18 +5.86987257e+18  3.31e+18   3.41e+02     4.19e+18   1043.659s
1177000 +2.56035706e+18 +5.86998173e+18  3.31e+18   7.16e+03     4.19e+18   1044.513s
1178000 +2.55754595e+18 +5.86988361e+18  3.31e+18   1.27e+03     4.19e+18   1045.366s
1179000 +2.55473483e+18 +5.86998685e+18  3.32e+18   3.95e+03     4.19e+18   1046.220s
1180000 +2.55192372e+18 +5.86986836e+18  3.32e+18   5.19e+03     4.19e+18   1047.073s
1181000 +2.54911261e+18 +5.86995821e+18  3.32e+18   7.06e+03     4.19e+18   1047.927s
1182000 +2.54630150e+18 +5.86985350e+18  3.32e+18   1.03e+04     4.19e+18   1048.781s
1183000 +2.54349039e+18 +5.86994670e+18  3.33e+18   1.03e+04     4.19e+18   1049.634s
1184000 +2.54067927e+18 +5.86985990e+18  3.33e+18   1.54e+04     4.19e+18   1050.488s
1185000 +2.53786923e+18 +5.86228069e+18  3.32e+18   2.81e+05     4.19e+18   1051.341s
1186000 +2.53506628e+18 +5.86018688e+18  3.33e+18   1.95e+04     4.19e+18   1052.194s
1187000 +2.53226333e+18 +5.86216017e+18  3.33e+18   1.52e+04     4.19e+18   1053.048s
1188000 +2.52946038e+18 +5.86634991e+18  3.34e+18   2.24e+04     4.19e+18   1053.901s
1189000 +2.52665743e+18 +5.86934401e+18  3.34e+18   1.66e+04     4.19e+18   1054.754s
1190000 +2.52385449e+18 +5.86859960e+18  3.34e+18   2.35e+05     4.19e+18   1055.608s
1191000 +2.52105154e+18 +5.86478015e+18  3.34e+18   3.53e+05     4.19e+18   1056.461s
1192000 +2.51824859e+18 +5.86103852e+18  3.34e+18   1.82e+05     4.19e+18   1057.315s
1193000 +2.51544564e+18 +5.86036167e+18  3.34e+18   1.70e+04     4.19e+18   1058.168s
1194000 +2.51264269e+18 +5.86332001e+18  3.35e+18   2.24e+04     4.19e+18   1059.021s
1195000 +2.50983974e+18 +5.86726691e+18  3.36e+18   1.61e+04     4.19e+18   1059.875s
1196000 +2.50703680e+18 +5.86907576e+18  3.36e+18   3.87e+04     4.19e+18   1060.728s
1197000 +2.50423385e+18 +5.86705674e+18  3.36e+18   2.94e+05     4.19e+18   1061.582s
1198000 +2.50143090e+18 +5.86311393e+18  3.36e+18   3.10e+05     4.19e+18   1062.435s
1199000 +2.49862795e+18 +5.86023302e+18  3.36e+18   7.18e+04     4.19e+18   1063.289s
1200000 +2.49582500e+18 +5.86099956e+18  3.37e+18   1.20e+04     4.19e+18   1064.142s
1201000 +2.49302205e+18 +5.86442316e+18  3.37e+18   9.63e+03     4.19e+18   1064.995s
1202000 +2.49021911e+18 +5.86791110e+18  3.38e+18   8.20e+03     4.19e+18   1065.849s
1203000 +2.48741616e+18 +5.86828568e+18  3.38e+18   1.34e+05     4.19e+18   1066.702s
1204000 +2.48461321e+18 +5.86553574e+18  3.38e+18   3.19e+05     4.19e+18   1067.556s
1205000 +2.48181026e+18 +5.86166102e+18  3.38e+18   2.39e+05     4.19e+18   1068.409s
1206000 +2.47900731e+18 +5.86008619e+18  3.38e+18   1.91e+03     4.19e+18   1069.262s
1207000 +2.47620436e+18 +5.86181570e+18  3.39e+18   9.63e+03     4.19e+18   1070.116s
1208000 +2.47340142e+18 +5.86557853e+18  3.39e+18   8.64e+02     4.19e+18   1070.969s
1209000 +2.47059847e+18 +5.86805565e+18  3.40e+18   1.24e+04     4.19e+18   1071.823s
1210000 +2.46779552e+18 +5.86735789e+18  3.40e+18   2.13e+05     4.19e+18   1072.676s
1211000 +2.46499257e+18 +5.86395887e+18  3.40e+18   3.10e+05     4.19e+18   1073.529s
1212000 +2.46218962e+18 +5.86074627e+18  3.40e+18   1.50e+05     4.19e+18   1074.383s
1213000 +2.45938668e+18 +5.86029779e+18  3.40e+18   1.46e+04     4.19e+18   1075.236s
1214000 +2.45658373e+18 +5.86294119e+18  3.41e+18   5.54e+02     4.19e+18   1076.090s
1215000 +2.45378078e+18 +5.86648550e+18  3.41e+18   1.41e+04     4.19e+18   1076.943s
1216000 +2.45097783e+18 +5.86792543e+18  3.42e+18   3.88e+04     4.19e+18   1077.796s
1217000 +2.44817488e+18 +5.86618876e+18  3.42e+18   2.65e+05     4.19e+18   1078.649s
1218000 +2.44537193e+18 +5.86259101e+18  3.42e+18   2.70e+05     4.19e+18   1079.502s
1219000 +2.44256899e+18 +5.86026418e+18  3.42e+18   5.44e+04     4.19e+18   1080.356s
1220000 +2.43976604e+18 +5.86090911e+18  3.42e+18   1.15e+02     4.19e+18   1081.210s
1221000 +2.43696309e+18 +5.86416330e+18  3.43e+18   6.54e+03     4.19e+18   1082.064s
1222000 +2.43416014e+18 +5.86708079e+18  3.43e+18   1.39e+02     4.19e+18   1082.917s
1223000 +2.43135719e+18 +5.86749485e+18  3.44e+18   1.27e+05     4.19e+18   1083.771s
1224000 +2.42855425e+18 +5.86483406e+18  3.44e+18   2.85e+05     4.19e+18   1084.624s
1225000 +2.42575130e+18 +5.86156351e+18  3.44e+18   2.06e+05     4.19e+18   1085.478s
1226000 +2.42294835e+18 +5.86012209e+18  3.44e+18   2.84e+03     4.19e+18   1086.331s
1227000 +2.42014540e+18 +5.86190694e+18  3.44e+18   7.65e+02     4.19e+18   1087.185s
1228000 +2.41734245e+18 +5.86517253e+18  3.45e+18   6.30e+03     4.19e+18   1088.038s
1229000 +2.41453950e+18 +5.86741853e+18  3.45e+18   8.05e+02     4.19e+18   1088.892s
1230000 +2.41173656e+18 +5.86660291e+18  3.45e+18   1.97e+05     4.19e+18   1089.745s
1231000 +2.40893361e+18 +5.86359226e+18  3.45e+18   2.75e+05     4.19e+18   1090.599s
1232000 +2.40613066e+18 +5.86073179e+18  3.45e+18   1.27e+05     4.19e+18   1091.452s
1233000 +2.40332771e+18 +5.86047542e+18  3.46e+18   8.27e+02     4.19e+18   1092.305s
1234000 +2.40052476e+18 +5.86289845e+18  3.46e+18   1.25e+04     4.19e+18   1093.159s
1235000 +2.39772182e+18 +5.86602335e+18  3.47e+18   4.83e+03     4.19e+18   1094.012s
1236000 +2.39491889e+18 +5.86723534e+18  3.47e+18   4.49e+04     4.19e+18   1094.865s
1237000 +2.39211595e+18 +5.86554217e+18  3.47e+18   2.41e+05     4.19e+18   1095.719s
1238000 +2.38931301e+18 +5.86236978e+18  3.47e+18   2.38e+05     4.19e+18   1096.572s
1239000 +2.38651007e+18 +5.86028205e+18  3.47e+18   3.99e+04     4.19e+18   1097.426s
1240000 +2.38370713e+18 +5.86104258e+18  3.48e+18   1.20e+04     4.19e+18   1098.279s
1241000 +2.38090419e+18 +5.86386996e+18  3.48e+18   5.77e+03     4.19e+18   1099.133s
1242000 +2.37810125e+18 +5.86654638e+18  3.49e+18   1.14e+04     4.19e+18   1099.986s
1243000 +2.37529831e+18 +5.86667299e+18  3.49e+18   1.22e+05     4.19e+18   1100.840s
1244000 +2.37249537e+18 +5.86436406e+18  3.49e+18   2.58e+05     4.19e+18   1101.693s
1245000 +2.36969244e+18 +5.86129102e+18  3.49e+18   1.80e+05     4.19e+18   1102.547s
1246000 +2.36688950e+18 +5.86020917e+18  3.49e+18   1.07e+04     4.19e+18   1103.400s
1247000 +2.36408656e+18 +5.86172865e+18  3.50e+18   1.20e+04     4.19e+18   1104.253s
1248000 +2.36128362e+18 +5.86478662e+18  3.50e+18   1.16e+04     4.19e+18   1105.106s
1249000 +2.35848068e+18 +5.86662019e+18  3.51e+18   1.28e+04     4.19e+18   1105.960s
1250000 +2.35567774e+18 +5.86590173e+18  3.51e+18   1.83e+05     4.19e+18   1106.813s
1251000 +2.35287480e+18 +5.86304975e+18  3.51e+18   2.47e+05     4.19e+18   1107.666s
1252000 +2.35007186e+18 +5.86056681e+18  3.51e+18   1.08e+05     4.19e+18   1108.520s
1253000 +2.34726892e+18 +5.86033458e+18  3.51e+18   1.46e+04     4.19e+18   1109.374s
1254000 +2.34446599e+18 +5.86263423e+18  3.52e+18   1.24e+04     4.19e+18   1110.227s
1255000 +2.34166305e+18 +5.86540797e+18  3.52e+18   1.51e+04     4.19e+18   1111.080s
1256000 +2.33886011e+18 +5.86645126e+18  3.53e+18   4.78e+04     4.19e+18   1111.934s
1257000 +2.33605717e+18 +5.86481297e+18  3.53e+18   2.22e+05     4.19e+18   1112.787s
1258000 +2.33325423e+18 +5.86191582e+18  3.53e+18   2.12e+05     4.19e+18   1113.641s
1259000 +2.33045129e+18 +5.86010565e+18  3.53e+18   3.20e+04     4.19e+18   1114.494s
1260000 +2.32764835e+18 +5.86084293e+18  3.53e+18   7.29e+03     4.19e+18   1115.348s
1261000 +2.32484541e+18 +5.86351794e+18  3.54e+18   1.27e+04     4.19e+18   1116.201s
1262000 +2.32204248e+18 +5.86581242e+18  3.54e+18   5.13e+03     4.19e+18   1117.055s
1263000 +2.31923954e+18 +5.86594284e+18  3.55e+18   1.18e+05     4.19e+18   1117.908s
1264000 +2.31643660e+18 +5.86366523e+18  3.55e+18   2.35e+05     4.19e+18   1118.762s
1265000 +2.31363366e+18 +5.86102805e+18  3.55e+18   1.58e+05     4.19e+18   1119.615s
1266000 +2.31083072e+18 +5.86001315e+18  3.55e+18   4.07e+03     4.19e+18   1120.469s
1267000 +2.30802778e+18 +5.86160624e+18  3.55e+18   4.10e+03     4.19e+18   1121.322s
1268000 +2.30522484e+18 +5.86428309e+18  3.56e+18   2.85e+03     4.19e+18   1122.175s
1269000 +2.30242190e+18 +5.86599623e+18  3.56e+18   1.24e+03     4.19e+18   1123.029s
1270000 +2.29961897e+18 +5.86516402e+18  3.57e+18   1.71e+05     4.19e+18   1123.882s
1271000 +2.29681603e+18 +5.86265155e+18  3.57e+18   2.24e+05     4.19e+18   1124.735s
1272000 +2.29401309e+18 +5.86036234e+18  3.57e+18   9.14e+04     4.19e+18   1125.589s
1273000 +2.29121015e+18 +5.86034308e+18  3.57e+18   3.95e+03     4.19e+18   1126.442s
1274000 +2.28840721e+18 +5.86241004e+18  3.57e+18   5.59e+03     4.19e+18   1127.295s
1275000 +2.28560427e+18 +5.86500809e+18  3.58e+18   1.69e+03     4.19e+18   1128.149s
1276000 +2.28280133e+18 +5.86582299e+18  3.58e+18   4.99e+04     4.19e+18   1129.002s
1277000 +2.27999840e+18 +5.86434252e+18  3.58e+18   2.05e+05     4.19e+18   1129.855s
1278000 +2.27719546e+18 +5.86167469e+18  3.58e+18   1.91e+05     4.19e+18   1130.709s
1279000 +2.27439252e+18 +5.86011489e+18  3.59e+18   1.93e+04     4.19e+18   1131.562s
1280000 +2.27158958e+18 +5.86087353e+18  3.59e+18   1.05e+04     4.19e+18   1132.415s
1281000 +2.26878664e+18 +5.86332555e+18  3.59e+18   6.37e+02     4.19e+18   1133.269s
1282000 +2.26598370e+18 +5.86544847e+18  3.60e+18   9.93e+03     4.19e+18   1134.122s
1283000 +2.26318076e+18 +5.86544829e+18  3.60e+18   1.13e+05     4.19e+18   1134.976s
1284000 +2.26037782e+18 +5.86340444e+18  3.60e+18   2.16e+05     4.19e+18   1135.829s
1285000 +2.25757489e+18 +5.86092639e+18  3.60e+18   1.40e+05     4.19e+18   1136.682s
1286000 +2.25477195e+18 +5.86015362e+18  3.61e+18   7.79e+03     4.19e+18   1137.536s
1287000 +2.25196901e+18 +5.86160080e+18  3.61e+18   2.61e+03     4.19e+18   1138.389s
1288000 +2.24916607e+18 +5.86416550e+18  3.61e+18   5.84e+03     4.19e+18   1139.242s
1289000 +2.24636313e+18 +5.86559813e+18  3.62e+18   5.61e+02     4.19e+18   1140.096s
1290000 +2.24356019e+18 +5.86485251e+18  3.62e+18   1.62e+05     4.19e+18   1140.949s
1291000 +2.24075725e+18 +5.86241033e+18  3.62e+18   2.04e+05     4.19e+18   1141.802s
1292000 +2.23795431e+18 +5.86045395e+18  3.62e+18   7.80e+04     4.19e+18   1142.656s
1293000 +2.23515138e+18 +5.86041041e+18  3.63e+18   5.22e+02     4.19e+18   1143.509s
1294000 +2.23234844e+18 +5.86247670e+18  3.63e+18   1.44e+03     4.19e+18   1144.362s
1295000 +2.22954550e+18 +5.86473180e+18  3.64e+18   2.96e+03     4.19e+18   1145.216s
1296000 +2.22674257e+18 +5.86548082e+18  3.64e+18   5.19e+04     4.19e+18   1146.069s
1297000 +2.22393964e+18 +5.86396113e+18  3.64e+18   1.91e+05     4.19e+18   1146.923s
1298000 +2.22113672e+18 +5.86158116e+18  3.64e+18   1.72e+05     4.19e+18   1147.776s
1299000 +2.21833379e+18 +5.86014573e+18  3.64e+18   1.68e+04     4.19e+18   1148.630s
1300000 +2.21553087e+18 +5.86093790e+18  3.65e+18   4.18e+03     4.19e+18   1149.483s
1301000 +2.21272794e+18 +5.86321010e+18  3.65e+18   9.79e+03     4.19e+18   1150.336s
1302000 +2.20992501e+18 +5.86509480e+18  3.66e+18   1.15e+04     4.19e+18   1151.190s
1303000 +2.20712209e+18 +5.86501521e+18  3.66e+18   1.10e+05     4.19e+18   1152.043s
1304000 +2.20431916e+18 +5.86306535e+18  3.66e+18   2.00e+05     4.19e+18   1152.897s
1305000 +2.20151624e+18 +5.86083598e+18  3.66e+18   1.25e+05     4.19e+18   1153.750s
1306000 +2.19871331e+18 +5.86012974e+18  3.66e+18   1.01e+04     4.19e+18   1154.604s
1307000 +2.19591039e+18 +5.86155778e+18  3.67e+18   1.22e+04     4.19e+18   1155.457s
1308000 +2.19310747e+18 +5.86385963e+18  3.67e+18   9.30e+03     4.19e+18   1156.311s
1309000 +2.19030455e+18 +5.86516882e+18  3.67e+18   1.49e+04     4.19e+18   1157.164s
1310000 +2.18750163e+18 +5.86432971e+18  3.68e+18   1.54e+05     4.19e+18   1158.018s
1311000 +2.18469870e+18 +5.86214732e+18  3.68e+18   1.88e+05     4.19e+18   1158.871s
1312000 +2.18189578e+18 +5.86026944e+18  3.68e+18   6.78e+04     4.19e+18   1159.724s
1313000 +2.17909286e+18 +5.86038248e+18  3.68e+18   9.72e+03     4.19e+18   1160.578s
1314000 +2.17628994e+18 +5.86221228e+18  3.69e+18   8.86e+03     4.19e+18   1161.431s
1315000 +2.17348702e+18 +5.86439244e+18  3.69e+18   1.06e+04     4.19e+18   1162.284s
1316000 +2.17068613e+18 +5.86480099e+18  3.69e+18   7.35e+04     4.19e+18   1163.138s
1317000 +2.16788534e+18 +5.86242552e+18  3.69e+18   1.79e+05     4.19e+18   1163.991s
1318000 +2.16508455e+18 +5.85846113e+18  3.69e+18   1.56e+05     4.19e+18   1164.845s
1319000 +2.16228376e+18 +5.85880711e+18  3.70e+18   1.08e+05     4.19e+18   1165.698s
1320000 +2.15948297e+18 +5.86065041e+18  3.70e+18   7.06e+03     4.19e+18   1166.551s
1321000 +2.15668219e+18 +5.86088775e+18  3.70e+18   4.48e+03     4.19e+18   1167.405s
1322000 +2.15388140e+18 +5.86213373e+18  3.71e+18   5.87e+04     4.19e+18   1168.258s
1323000 +2.15108061e+18 +5.86408498e+18  3.71e+18   1.32e+05     4.19e+18   1169.111s
1324000 +2.14827982e+18 +5.86192141e+18  3.71e+18   1.86e+05     4.19e+18   1169.965s
1325000 +2.14547903e+18 +5.85791945e+18  3.71e+18   1.11e+05     4.19e+18   1170.818s
1326000 +2.14267824e+18 +5.85828874e+18  3.72e+18   1.00e+05     4.19e+18   1171.672s
1327000 +2.13987746e+18 +5.86129538e+18  3.72e+18   1.33e+04     4.19e+18   1172.525s
1328000 +2.13707667e+18 +5.86194771e+18  3.72e+18   8.60e+03     4.19e+18   1173.379s
1329000 +2.13427588e+18 +5.86197982e+18  3.73e+18   2.41e+04     4.19e+18   1174.232s
1330000 +2.13147509e+18 +5.86306173e+18  3.73e+18   1.75e+05     4.19e+18   1175.086s
1331000 +2.12867430e+18 +5.86138610e+18  3.73e+18   1.72e+05     4.19e+18   1175.939s
1332000 +2.12587352e+18 +5.85776171e+18  3.73e+18   5.75e+04     4.19e+18   1176.792s
1333000 +2.12307273e+18 +5.85812323e+18  3.74e+18   8.11e+04     4.19e+18   1177.646s
1334000 +2.12027194e+18 +5.86186911e+18  3.74e+18   4.73e+04     4.19e+18   1178.499s
1335000 +2.11747115e+18 +5.86284506e+18  3.75e+18   6.47e+03     4.19e+18   1179.353s
1336000 +2.11467037e+18 +5.86180402e+18  3.75e+18   5.55e+04     4.19e+18   1180.206s
1337000 +2.11186958e+18 +5.86186398e+18  3.75e+18   1.97e+05     4.19e+18   1181.060s
1338000 +2.10906879e+18 +5.86087619e+18  3.75e+18   1.42e+05     4.19e+18   1181.913s
1339000 +2.10626801e+18 +5.85791575e+18  3.75e+18   8.07e+03     4.19e+18   1182.767s
1340000 +2.10346722e+18 +5.85831418e+18  3.75e+18   5.34e+04     4.19e+18   1183.620s
1341000 +2.10066643e+18 +5.86224189e+18  3.76e+18   7.37e+04     4.19e+18   1184.474s
1342000 +2.09786565e+18 +5.86359105e+18  3.77e+18   8.92e+03     4.19e+18   1185.327s
1343000 +2.09506490e+18 +5.86146045e+18  3.77e+18   1.04e+05     4.19e+18   1186.181s
1344000 +2.09226416e+18 +5.86065978e+18  3.77e+18   1.97e+05     4.19e+18   1187.034s
1345000 +2.08946342e+18 +5.86028775e+18  3.77e+18   1.00e+05     4.19e+18   1187.888s
1346000 +2.08666268e+18 +5.85842543e+18  3.77e+18   1.47e+04     4.19e+18   1188.741s
1347000 +2.08386194e+18 +5.85867912e+18  3.77e+18   3.38e+04     4.19e+18   1189.594s
1348000 +2.08106120e+18 +5.86244939e+18  3.78e+18   9.20e+04     4.19e+18   1190.448s
1349000 +2.07826046e+18 +5.86386659e+18  3.79e+18   1.19e+04     4.19e+18   1191.301s
1350000 +2.07545973e+18 +5.86116788e+18  3.79e+18   1.40e+05     4.19e+18   1192.154s
1351000 +2.07265899e+18 +5.85949010e+18  3.79e+18   1.77e+05     4.19e+18   1193.008s
1352000 +2.06985825e+18 +5.85978137e+18  3.79e+18   6.62e+04     4.19e+18   1193.862s
1353000 +2.06705751e+18 +5.85912826e+18  3.79e+18   1.15e+04     4.19e+18   1194.715s
1354000 +2.06425690e+18 +5.85930935e+18  3.80e+18   2.42e+04     4.19e+18   1195.568s
1355000 +2.06145648e+18 +5.86205736e+18  3.80e+18   9.77e+04     4.19e+18   1196.422s
1356000 +2.05865606e+18 +5.86382239e+18  3.81e+18   5.70e+04     4.19e+18   1197.275s
1357000 +2.05585563e+18 +5.86042164e+18  3.80e+18   1.60e+05     4.19e+18   1198.129s
1358000 +2.05305521e+18 +5.85843495e+18  3.81e+18   1.39e+05     4.19e+18   1198.982s
1359000 +2.05025479e+18 +5.85895938e+18  3.81e+18   7.07e+04     4.19e+18   1199.835s
1360000 +2.04745437e+18 +5.85986441e+18  3.81e+18   4.86e+03     4.19e+18   1200.689s
1361000 +2.04465394e+18 +5.85970201e+18  3.82e+18   2.29e+04     4.19e+18   1201.542s
1362000 +2.04185352e+18 +5.86217570e+18  3.82e+18   9.18e+04     4.19e+18   1202.395s
1363000 +2.03905310e+18 +5.86310878e+18  3.82e+18   1.03e+05     4.19e+18   1203.249s
1364000 +2.03625268e+18 +5.86032724e+18  3.82e+18   1.62e+05     4.19e+18   1204.103s
1365000 +2.03345226e+18 +5.85741263e+18  3.82e+18   9.19e+04     4.19e+18   1204.956s
1366000 +2.03065184e+18 +5.85887687e+18  3.83e+18   8.58e+04     4.19e+18   1205.809s
1367000 +2.02785141e+18 +5.86043437e+18  3.83e+18   1.54e+04     4.19e+18   1206.663s
1368000 +2.02505099e+18 +5.86063527e+18  3.84e+18   1.88e+04     4.19e+18   1207.516s
1369000 +2.02225057e+18 +5.86161102e+18  3.84e+18   7.77e+04     4.19e+18   1208.370s
1370000 +2.01945015e+18 +5.86254119e+18  3.84e+18   1.42e+05     4.19e+18   1209.223s
1371000 +2.01664973e+18 +5.85984232e+18  3.84e+18   1.49e+05     4.19e+18   1210.077s
1372000 +2.01384931e+18 +5.85707653e+18  3.84e+18   4.21e+04     4.19e+18   1210.930s
1373000 +2.01104889e+18 +5.85860847e+18  3.85e+18   9.13e+04     4.19e+18   1211.784s
1374000 +2.00824848e+18 +5.86116555e+18  3.85e+18   9.93e+03     4.19e+18   1212.637s
1375000 +2.00544810e+18 +5.86130468e+18  3.86e+18   3.72e+04     4.19e+18   1213.491s
1376000 +2.00264771e+18 +5.86104234e+18  3.86e+18   8.03e+04     4.19e+18   1214.344s
1377000 +1.99984733e+18 +5.86160437e+18  3.86e+18   1.67e+05     4.19e+18   1215.198s
1378000 +1.99704694e+18 +5.85944483e+18  3.86e+18   1.20e+05     4.19e+18   1216.051s
1379000 +1.99424656e+18 +5.85706241e+18  3.86e+18   4.22e+04     4.19e+18   1216.907s
1380000 +1.99144618e+18 +5.85841231e+18  3.87e+18   8.34e+04     4.19e+18   1217.760s
1381000 +1.98864579e+18 +5.86187353e+18  3.87e+18   1.80e+04     4.19e+18   1218.614s
1382000 +1.98584541e+18 +5.86170417e+18  3.88e+18   2.25e+04     4.19e+18   1219.467s
1383000 +1.98304502e+18 +5.86067299e+18  3.88e+18   1.07e+05     4.19e+18   1220.321s
1384000 +1.98024464e+18 +5.86032225e+18  3.88e+18   1.74e+05     4.19e+18   1221.174s
1385000 +1.97744426e+18 +5.85941710e+18  3.88e+18   8.06e+04     4.19e+18   1222.028s
1386000 +1.97464387e+18 +5.85709665e+18  3.88e+18   3.68e+04     4.19e+18   1222.881s
1387000 +1.97184349e+18 +5.85885399e+18  3.89e+18   6.75e+04     4.19e+18   1223.734s
1388000 +1.96904311e+18 +5.86194334e+18  3.89e+18   4.16e+04     4.19e+18   1224.588s
1389000 +1.96624272e+18 +5.86238346e+18  3.90e+18   1.73e+04     4.19e+18   1225.441s
1390000 +1.96344234e+18 +5.85980860e+18  3.90e+18   1.34e+05     4.19e+18   1226.295s
1391000 +1.96064196e+18 +5.85958392e+18  3.90e+18   1.64e+05     4.19e+18   1227.148s
1392000 +1.95784159e+18 +5.85891334e+18  3.90e+18   3.66e+04     4.19e+18   1228.001s
1393000 +1.95504121e+18 +5.85803212e+18  3.90e+18   3.02e+04     4.19e+18   1228.855s
1394000 +1.95224083e+18 +5.85883190e+18  3.91e+18   4.69e+04     4.19e+18   1229.708s
1395000 +1.94944046e+18 +5.86240858e+18  3.91e+18   6.42e+04     4.19e+18   1230.562s
1396000 +1.94664008e+18 +5.86218876e+18  3.92e+18   5.91e+04     4.19e+18   1231.415s
1397000 +1.94383970e+18 +5.85966475e+18  3.92e+18   1.49e+05     4.19e+18   1232.269s
1398000 +1.94103945e+18 +5.85812521e+18  3.92e+18   1.40e+05     4.19e+18   1233.122s
1399000 +1.93823921e+18 +5.85914564e+18  3.92e+18   2.39e+04     4.19e+18   1233.975s
1400000 +1.93543896e+18 +5.85837555e+18  3.92e+18   9.15e+04     4.19e+18   1234.829s
1401000 +1.93263872e+18 +5.85946956e+18  3.93e+18   3.20e+04     4.19e+18   1235.682s
1402000 +1.92983848e+18 +5.86191138e+18  3.93e+18   1.28e+05     4.19e+18   1236.536s
1403000 +1.92703824e+18 +5.86219972e+18  3.94e+18   9.70e+04     4.19e+18   1237.389s
1404000 +1.92423799e+18 +5.85898735e+18  3.93e+18   1.59e+05     4.19e+18   1238.242s
1405000 +1.92143775e+18 +5.85761383e+18  3.94e+18   9.75e+04     4.19e+18   1239.095s
1406000 +1.91863751e+18 +5.85894117e+18  3.94e+18   4.69e+04     4.19e+18   1239.949s
1407000 +1.91583726e+18 +5.85943485e+18  3.94e+18   5.15e+04     4.19e+18   1240.802s
1408000 +1.91303702e+18 +5.85982466e+18  3.95e+18   3.62e+04     4.19e+18   1241.655s
1409000 +1.91023678e+18 +5.86165401e+18  3.95e+18   1.28e+05     4.19e+18   1242.508s
1410000 +1.90743654e+18 +5.86177144e+18  3.95e+18   1.24e+05     4.19e+18   1243.362s
1411000 +1.90463629e+18 +5.85873496e+18  3.95e+18   1.60e+05     4.19e+18   1244.215s
1412000 +1.90183605e+18 +5.85706203e+18  3.96e+18   5.64e+04     4.19e+18   1245.069s
1413000 +1.89903581e+18 +5.85900001e+18  3.96e+18   7.38e+04     4.19e+18   1245.922s
1414000 +1.89623556e+18 +5.86030472e+18  3.96e+18   1.80e+04     4.19e+18   1246.775s
1415000 +1.89343532e+18 +5.86025651e+18  3.97e+18   3.57e+04     4.19e+18   1247.629s
1416000 +1.89063508e+18 +5.86111265e+18  3.97e+18   1.19e+05     4.19e+18   1248.482s
1417000 +1.88783484e+18 +5.86110078e+18  3.97e+18   1.37e+05     4.19e+18   1249.336s
1418000 +1.88503459e+18 +5.85860761e+18  3.97e+18   1.43e+05     4.19e+18   1250.189s
1419000 +1.88223435e+18 +5.85670946e+18  3.97e+18   3.28e+04     4.19e+18   1251.042s
1420000 +1.87943411e+18 +5.85926737e+18  3.98e+18   1.08e+05     4.19e+18   1251.896s
1421000 +1.87663386e+18 +5.86084669e+18  3.98e+18   1.61e+04     4.19e+18   1252.749s
1422000 +1.87383362e+18 +5.86086798e+18  3.99e+18   3.69e+04     4.19e+18   1253.602s
1423000 +1.87103338e+18 +5.86012297e+18  3.99e+18   1.15e+05     4.19e+18   1254.456s
1424000 +1.86823314e+18 +5.86064267e+18  3.99e+18   1.41e+05     4.19e+18   1255.309s
1425000 +1.86543289e+18 +5.85816935e+18  3.99e+18   1.05e+05     4.19e+18   1256.163s
1426000 +1.86263265e+18 +5.85713668e+18  3.99e+18   3.39e+04     4.19e+18   1257.016s
1427000 +1.85983241e+18 +5.85900927e+18  4.00e+18   1.24e+05     4.19e+18   1257.869s
1428000 +1.85703216e+18 +5.86173538e+18  4.00e+18   1.95e+04     4.19e+18   1258.723s
1429000 +1.85423192e+18 +5.86073207e+18  4.01e+18   6.60e+04     4.19e+18   1259.576s
1430000 +1.85143168e+18 +5.85969990e+18  4.01e+18   1.26e+05     4.19e+18   1260.430s
1431000 +1.84863149e+18 +5.85943465e+18  4.01e+18   1.34e+05     4.19e+18   1261.283s
1432000 +1.84583131e+18 +5.85842557e+18  4.01e+18   5.20e+04     4.19e+18   1262.136s
1433000 +1.84303113e+18 +5.85715420e+18  4.01e+18   3.47e+04     4.19e+18   1262.990s
1434000 +1.84023094e+18 +5.85939263e+18  4.02e+18   1.16e+05     4.19e+18   1263.843s
1435000 +1.83743076e+18 +5.86169063e+18  4.02e+18   2.59e+04     4.19e+18   1264.697s
1436000 +1.83463058e+18 +5.86107887e+18  4.03e+18   1.07e+05     4.19e+18   1265.550s
1437000 +1.83183039e+18 +5.85863354e+18  4.03e+18   1.34e+05     4.19e+18   1266.403s
1438000 +1.82903021e+18 +5.85886195e+18  4.03e+18   1.22e+05     4.19e+18   1267.256s
1439000 +1.82623003e+18 +5.85826265e+18  4.03e+18   1.31e+04     4.19e+18   1268.109s
1440000 +1.82342985e+18 +5.85800164e+18  4.03e+18   3.21e+04     4.19e+18   1268.963s
1441000 +1.82062966e+18 +5.85927529e+18  4.04e+18   8.72e+04     4.19e+18   1269.816s
1442000 +1.81782948e+18 +5.86195880e+18  4.04e+18   4.30e+04     4.19e+18   1270.670s
1443000 +1.81502930e+18 +5.86076889e+18  4.05e+18   1.33e+05     4.19e+18   1271.523s
1444000 +1.81222912e+18 +5.85823955e+18  4.05e+18   1.32e+05     4.19e+18   1272.377s
1445000 +1.80942895e+18 +5.85791777e+18  4.05e+18   1.18e+05     4.19e+18   1273.230s
1446000 +1.80662877e+18 +5.85861046e+18  4.05e+18   3.92e+03     4.19e+18   1274.084s
1447000 +1.80382859e+18 +5.85864789e+18  4.05e+18   3.19e+04     4.19e+18   1274.937s
1448000 +1.80102841e+18 +5.85952248e+18  4.06e+18   4.58e+04     4.19e+18   1275.790s
1449000 +1.79822823e+18 +5.86170432e+18  4.06e+18   6.57e+04     4.19e+18   1276.643s
1450000 +1.79542807e+18 +5.86054396e+18  4.07e+18   1.39e+05     4.19e+18   1277.497s
1451000 +1.79262790e+18 +5.85787055e+18  4.07e+18   1.18e+05     4.19e+18   1278.350s
1452000 +1.78982773e+18 +5.85725306e+18  4.07e+18   1.13e+05     4.19e+18   1279.204s
1453000 +1.78702756e+18 +5.85903465e+18  4.07e+18   1.77e+04     4.19e+18   1280.057s
1454000 +1.78422740e+18 +5.85929978e+18  4.08e+18   5.60e+04     4.19e+18   1280.911s
1455000 +1.78142723e+18 +5.85987217e+18  4.08e+18   2.90e+04     4.19e+18   1281.764s
1456000 +1.77862706e+18 +5.86101496e+18  4.08e+18   9.25e+04     4.19e+18   1282.617s
1457000 +1.77582689e+18 +5.86042669e+18  4.08e+18   1.33e+05     4.19e+18   1283.471s
1458000 +1.77302672e+18 +5.85737705e+18  4.08e+18   9.13e+04     4.19e+18   1284.324s
1459000 +1.77022656e+18 +5.85717033e+18  4.09e+18   1.01e+05     4.19e+18   1285.177s
1460000 +1.76742639e+18 +5.85906304e+18  4.09e+18   3.80e+04     4.19e+18   1286.030s
1461000 +1.76462622e+18 +5.86036052e+18  4.10e+18   8.12e+04     4.19e+18   1286.884s
1462000 +1.76182605e+18 +5.85973955e+18  4.10e+18   3.17e+04     4.19e+18   1287.737s
1463000 +1.75902588e+18 +5.86067623e+18  4.10e+18   1.21e+05     4.19e+18   1288.590s
1464000 +1.75622572e+18 +5.85973112e+18  4.10e+18   1.23e+05     4.19e+18   1289.443s
1465000 +1.75342555e+18 +5.85765291e+18  4.10e+18   5.76e+04     4.19e+18   1290.297s
1466000 +1.75062538e+18 +5.85680637e+18  4.11e+18   7.03e+04     4.19e+18   1291.150s
1467000 +1.74782521e+18 +5.85962858e+18  4.11e+18   5.44e+04     4.19e+18   1292.004s
1468000 +1.74502505e+18 +5.86072537e+18  4.12e+18   8.73e+04     4.19e+18   1292.857s
1469000 +1.74222488e+18 +5.86006840e+18  4.12e+18   4.10e+04     4.19e+18   1293.710s
1470000 +1.73942478e+18 +5.85963755e+18  4.12e+18   1.46e+05     4.19e+18   1294.563s
1471000 +1.73662483e+18 +5.85922780e+18  4.12e+18   1.08e+05     4.19e+18   1295.417s
1472000 +1.73382487e+18 +5.85730055e+18  4.12e+18   2.96e+04     4.19e+18   1296.270s
1473000 +1.73102492e+18 +5.85717760e+18  4.13e+18   3.39e+04     4.19e+18   1297.123s
1474000 +1.72822497e+18 +5.85938580e+18  4.13e+18   6.54e+04     4.19e+18   1297.976s
1475000 +1.72542501e+18 +5.86117743e+18  4.14e+18   7.25e+04     4.19e+18   1298.830s
1476000 +1.72262506e+18 +5.85987751e+18  4.14e+18   6.81e+04     4.19e+18   1299.683s
1477000 +1.71982511e+18 +5.85876783e+18  4.14e+18   1.55e+05     4.19e+18   1300.536s
1478000 +1.71702515e+18 +5.85855360e+18  4.14e+18   8.87e+04     4.19e+18   1301.390s
1479000 +1.71422520e+18 +5.85795589e+18  4.14e+18   5.49e+04     4.19e+18   1302.243s
1480000 +1.71142525e+18 +5.85706011e+18  4.15e+18   3.18e+04     4.19e+18   1303.097s
1481000 +1.70862530e+18 +5.85978658e+18  4.15e+18   6.82e+04     4.19e+18   1303.950s
1482000 +1.70582534e+18 +5.86132453e+18  4.16e+18   4.22e+04     4.19e+18   1304.804s
1483000 +1.70302539e+18 +5.85960411e+18  4.16e+18   9.26e+04     4.19e+18   1305.657s
1484000 +1.70022544e+18 +5.85805539e+18  4.16e+18   1.45e+05     4.19e+18   1306.511s
1485000 +1.69742549e+18 +5.85818451e+18  4.16e+18   7.08e+04     4.19e+18   1307.364s
1486000 +1.69462553e+18 +5.85800645e+18  4.16e+18   8.00e+04     4.19e+18   1308.217s
1487000 +1.69182558e+18 +5.85783191e+18  4.17e+18   3.33e+04     4.19e+18   1309.071s
1488000 +1.68902563e+18 +5.85988571e+18  4.17e+18   7.09e+04     4.19e+18   1309.924s
1489000 +1.68622568e+18 +5.86089643e+18  4.17e+18   3.23e+04     4.19e+18   1310.777s
1490000 +1.68342573e+18 +5.85979912e+18  4.18e+18   1.09e+05     4.19e+18   1311.631s
1491000 +1.68062578e+18 +5.85721256e+18  4.18e+18   1.16e+05     4.19e+18   1312.484s
1492000 +1.67782583e+18 +5.85769459e+18  4.18e+18   6.48e+04     4.19e+18   1313.337s
1493000 +1.67502588e+18 +5.85850694e+18  4.18e+18   8.47e+04     4.19e+18   1314.191s
1494000 +1.67222593e+18 +5.85853417e+18  4.19e+18   3.20e+04     4.19e+18   1315.044s
1495000 +1.66942598e+18 +5.85944616e+18  4.19e+18   8.20e+04     4.19e+18   1315.897s
1496000 +1.66662603e+18 +5.86102501e+18  4.19e+18   7.11e+04     4.19e+18   1316.751s
1497000 +1.66382608e+18 +5.85919554e+18  4.20e+18   1.15e+05     4.19e+18   1317.604s
1498000 +1.66102613e+18 +5.85686753e+18  4.20e+18   8.01e+04     4.19e+18   1318.457s
1499000 +1.65822618e+18 +5.85747006e+18  4.20e+18   6.53e+04     4.19e+18   1319.310s
1500000 +1.65571945e+18 +1.90073278e+18  2.45e+17   6.91e+04     2.21e+17   1320.164s
1501000 +1.65570420e+18 +1.67885313e+18  2.31e+16   1.29e+00     2.70e+16   1321.020s
1502000 +1.65569040e+18 +1.67733371e+18  2.16e+16   1.73e+04     2.69e+16   1321.874s
1503000 +1.65567660e+18 +1.67705431e+18  2.14e+16   3.38e-01     2.69e+16   1322.727s
1504000 +1.65566280e+18 +1.67730378e+18  2.16e+16   2.63e-01     2.69e+16   1323.581s
1505000 +1.65564900e+18 +1.67716931e+18  2.15e+16   6.17e+03     2.69e+16   1324.434s
1506000 +1.65563520e+18 +1.67702451e+18  2.14e+16   1.37e+00     2.69e+16   1325.288s
1507000 +1.65562140e+18 +1.67715538e+18  2.15e+16   5.17e-01     2.69e+16   1326.141s
1508000 +1.65560760e+18 +1.67713300e+18  2.15e+16   3.42e+03     2.69e+16   1326.995s
1509000 +1.65559380e+18 +1.67702242e+18  2.14e+16   1.03e-01     2.69e+16   1327.849s
1510000 +1.65558000e+18 +1.67709625e+18  2.15e+16   1.24e-01     2.69e+16   1328.702s
1511000 +1.65556620e+18 +1.67711442e+18  2.15e+16   1.95e+03     2.69e+16   1329.555s
1512000 +1.65555240e+18 +1.67702655e+18  2.15e+16   7.82e+02     2.69e+16   1330.409s
1513000 +1.65553860e+18 +1.67706386e+18  2.15e+16   2.78e+00     2.69e+16   1331.262s
1514000 +1.65552480e+18 +1.67710058e+18  2.16e+16   9.64e+02     2.69e+16   1332.116s
1515000 +1.65551100e+18 +1.67703282e+18  2.15e+16   1.19e+03     2.69e+16   1332.970s
1516000 +1.65549720e+18 +1.67704450e+18  2.15e+16   3.64e+00     2.69e+16   1333.823s
1517000 +1.65548340e+18 +1.67708971e+18  2.16e+16   2.45e+02     2.69e+16   1334.677s
1518000 +1.65546959e+18 +1.67703978e+18  2.16e+16   1.36e+03     2.69e+16   1335.530s
1519000 +1.65545579e+18 +1.67703256e+18  2.16e+16   1.97e-01     2.69e+16   1336.383s
1520000 +1.65544199e+18 +1.67707778e+18  2.16e+16   2.16e+00     2.69e+16   1337.237s
1521000 +1.65542819e+18 +1.67704631e+18  2.16e+16   1.34e+03     2.69e+16   1338.090s
1522000 +1.65541439e+18 +1.67702575e+18  2.16e+16   1.18e+01     2.69e+16   1338.943s
1523000 +1.65540059e+18 +1.67706714e+18  2.17e+16   1.27e-01     2.69e+16   1339.796s
1524000 +1.65538679e+18 +1.67705073e+18  2.17e+16   1.20e+03     2.69e+16   1340.650s
1525000 +1.65537299e+18 +1.67702286e+18  2.16e+16   1.76e-01     2.69e+16   1341.503s
1526000 +1.65535919e+18 +1.67705487e+18  2.17e+16   1.66e+01     2.69e+16   1342.357s
1527000 +1.65534539e+18 +1.67705204e+18  2.17e+16   9.79e+02     2.69e+16   1343.210s
1528000 +1.65533159e+18 +1.67702096e+18  2.17e+16   1.45e+01     2.69e+16   1344.063s
1529000 +1.65531779e+18 +1.67704588e+18  2.17e+16   2.09e-01     2.69e+16   1344.917s
1530000 +1.65530400e+18 +1.67705436e+18  2.18e+16   7.03e+02     2.69e+16   1345.770s
1531000 +1.65529020e+18 +1.67702295e+18  2.17e+16   2.91e+02     2.69e+16   1346.624s
1532000 +1.65527640e+18 +1.67703862e+18  2.18e+16   9.31e+00     2.69e+16   1347.477s
1533000 +1.65526260e+18 +1.67705437e+18  2.18e+16   4.07e+02     2.69e+16   1348.331s
1534000 +1.65524880e+18 +1.67702654e+18  2.18e+16   5.15e+02     2.69e+16   1349.184s
1535000 +1.65523500e+18 +1.67703213e+18  2.18e+16   9.00e-01     2.69e+16   1350.037s
1536000 +1.65522120e+18 +1.67705280e+18  2.18e+16   1.19e+02     2.69e+16   1350.891s
1537000 +1.65520740e+18 +1.67703030e+18  2.18e+16   6.49e+02     2.69e+16   1351.744s
1538000 +1.65519360e+18 +1.67702687e+18  2.18e+16   1.82e+00     2.69e+16   1352.597s
1539000 +1.65517980e+18 +1.67704972e+18  2.19e+16   9.45e+00     2.69e+16   1353.451s
1540000 +1.65516601e+18 +1.67703377e+18  2.19e+16   6.97e+02     2.69e+16   1354.304s
1541000 +1.65515221e+18 +1.67702308e+18  2.19e+16   4.76e+00     2.69e+16   1355.157s
1542000 +1.65513841e+18 +1.67704544e+18  2.19e+16   1.14e+01     2.69e+16   1356.011s
1543000 +1.65512461e+18 +1.67703663e+18  2.19e+16   6.67e+02     2.69e+16   1356.864s
1544000 +1.65511081e+18 +1.67702085e+18  2.19e+16   5.50e+00     2.69e+16   1357.718s
1545000 +1.65509701e+18 +1.67704052e+18  2.19e+16   8.42e+00     2.69e+16   1358.571s
1546000 +1.65508321e+18 +1.67703879e+18  2.20e+16   5.73e+02     2.69e+16   1359.424s
1547000 +1.65506941e+18 +1.67702027e+18  2.20e+16   6.20e+00     2.69e+16   1360.277s
1548000 +1.65505561e+18 +1.67703552e+18  2.20e+16   3.57e+00     2.69e+16   1361.131s
1549000 +1.65504181e+18 +1.67704018e+18  2.20e+16   4.31e+02     2.69e+16   1361.984s
1550000 +1.65502802e+18 +1.67702116e+18  2.20e+16   1.76e+02     2.69e+16   1362.837s
1551000 +1.65501422e+18 +1.67703089e+18  2.20e+16   1.92e+00     2.69e+16   1363.691s
1552000 +1.65500042e+18 +1.67704079e+18  2.20e+16   2.60e+02     2.69e+16   1364.544s
1553000 +1.65498662e+18 +1.67702323e+18  2.20e+16   3.26e+02     2.69e+16   1365.398s
1554000 +1.65497282e+18 +1.67702704e+18  2.21e+16   9.60e-01     2.69e+16   1366.251s
1555000 +1.65495902e+18 +1.67704059e+18  2.21e+16   8.11e+01     2.69e+16   1367.105s
1556000 +1.65494522e+18 +1.67702604e+18  2.21e+16   4.26e+02     2.69e+16   1367.958s
1557000 +1.65493142e+18 +1.67702410e+18  2.21e+16   4.79e-01     2.69e+16   1368.811s
1558000 +1.65491762e+18 +1.67703953e+18  2.21e+16   4.99e+00     2.69e+16   1369.665s
1559000 +1.65490383e+18 +1.67702906e+18  2.21e+16   4.70e+02     2.69e+16   1370.518s
1560000 +1.65489003e+18 +1.67702215e+18  2.21e+16   4.08e-01     2.69e+16   1371.371s
1561000 +1.65487623e+18 +1.67703767e+18  2.22e+16   6.84e+00     2.69e+16   1372.225s
1562000 +1.65486243e+18 +1.67703183e+18  2.22e+16   4.62e+02     2.69e+16   1373.078s
1563000 +1.65484863e+18 +1.67702113e+18  2.22e+16   6.83e-01     2.69e+16   1373.932s
1564000 +1.65483505e+18 +1.67656535e+18  2.17e+16   5.88e+00     2.69e+16   1374.785s
1565000 +1.65482155e+18 +1.67686880e+18  2.20e+16   2.69e+04     2.69e+16   1375.639s
1566000 +1.65480806e+18 +1.67695870e+18  2.22e+16   1.37e+00     2.69e+16   1376.492s
1567000 +1.65479456e+18 +1.67661095e+18  2.18e+16   3.36e+00     2.69e+16   1377.345s
1568000 +1.65478106e+18 +1.67669655e+18  2.19e+16   2.36e+04     2.69e+16   1378.199s
1569000 +1.65476757e+18 +1.67697903e+18  2.22e+16   5.58e+03     2.69e+16   1379.052s
1570000 +1.65475407e+18 +1.67674083e+18  2.20e+16   3.12e+00     2.69e+16   1379.906s
1571000 +1.65474057e+18 +1.67658276e+18  2.18e+16   8.32e+03     2.69e+16   1380.759s
1572000 +1.65472707e+18 +1.67688841e+18  2.22e+16   2.07e+04     2.69e+16   1381.612s
1573000 +1.65471358e+18 +1.67687499e+18  2.22e+16   3.35e+00     2.69e+16   1382.466s
1574000 +1.65470008e+18 +1.67657636e+18  2.19e+16   6.27e+01     2.69e+16   1383.319s
1575000 +1.65468658e+18 +1.67673835e+18  2.21e+16   2.39e+04     2.69e+16   1384.172s
1576000 +1.65467309e+18 +1.67693838e+18  2.23e+16   2.66e+00     2.69e+16   1385.025s
1577000 +1.65465959e+18 +1.67666754e+18  2.20e+16   1.92e+00     2.69e+16   1385.879s
1578000 +1.65464609e+18 +1.67660716e+18  2.20e+16   1.45e+04     2.69e+16   1386.732s
1579000 +1.65463260e+18 +1.67689864e+18  2.23e+16   1.34e+04     2.69e+16   1387.586s
1580000 +1.65461910e+18 +1.67679728e+18  2.22e+16   3.41e+00     2.69e+16   1388.439s
1581000 +1.65460560e+18 +1.67655789e+18  2.20e+16   3.53e+02     2.69e+16   1389.292s
1582000 +1.65459210e+18 +1.67677939e+18  2.22e+16   2.17e+04     2.69e+16   1390.145s
1583000 +1.65457861e+18 +1.67689136e+18  2.23e+16   4.86e+00     2.69e+16   1390.999s
1584000 +1.65456511e+18 +1.67660713e+18  2.20e+16   3.14e+02     2.69e+16   1391.852s
1585000 +1.65455161e+18 +1.67664401e+18  2.21e+16   1.81e+04     2.69e+16   1392.706s
1586000 +1.65453812e+18 +1.67689931e+18  2.24e+16   5.88e+03     2.69e+16   1393.559s
1587000 +1.65452462e+18 +1.67671972e+18  2.22e+16   2.44e+02     2.69e+16   1394.412s
1588000 +1.65451112e+18 +1.67656026e+18  2.20e+16   5.34e+03     2.69e+16   1395.266s
1589000 +1.65449763e+18 +1.67681440e+18  2.23e+16   1.75e+04     2.69e+16   1396.119s
1590000 +1.65448413e+18 +1.67682469e+18  2.23e+16   1.53e+02     2.69e+16   1396.972s
1591000 +1.65447064e+18 +1.67656084e+18  2.21e+16   1.86e+02     2.69e+16   1397.826s
1592000 +1.65445715e+18 +1.67669160e+18  2.22e+16   1.92e+04     2.69e+16   1398.679s
1593000 +1.65444365e+18 +1.67687871e+18  2.24e+16   5.26e+01     2.69e+16   1399.533s
1594000 +1.65443016e+18 +1.67664650e+18  2.22e+16   3.36e+02     2.69e+16   1400.386s
1595000 +1.65441667e+18 +1.67658323e+18  2.22e+16   1.08e+04     2.69e+16   1401.240s
1596000 +1.65440317e+18 +1.67683596e+18  2.24e+16   1.21e+04     2.69e+16   1402.093s
1597000 +1.65438968e+18 +1.67675382e+18  2.24e+16   2.84e+02     2.69e+16   1402.946s
1598000 +1.65437618e+18 +1.67654883e+18  2.22e+16   2.35e+00     2.69e+16   1403.800s
1599000 +1.65436269e+18 +1.67673909e+18  2.24e+16   1.82e+04     2.69e+16   1404.653s
1600000 +1.65434920e+18 +1.67683396e+18  2.25e+16   1.86e+03     2.69e+16   1405.506s
1601000 +1.65433571e+18 +1.67659189e+18  2.23e+16   2.01e+03     2.69e+16   1406.359s
1602000 +1.65432222e+18 +1.67662117e+18  2.23e+16   1.45e+04     2.69e+16   1407.213s
1603000 +1.65430872e+18 +1.67683339e+18  2.25e+16   6.30e+03     2.69e+16   1408.066s
1604000 +1.65429523e+18 +1.67668751e+18  2.24e+16   1.25e+03     2.69e+16   1408.920s
1605000 +1.65428174e+18 +1.67655862e+18  2.23e+16   3.37e+03     2.69e+16   1409.773s
1606000 +1.65426825e+18 +1.67676691e+18  2.25e+16   1.52e+04     2.69e+16   1410.626s
1607000 +1.65425476e+18 +1.67677617e+18  2.25e+16   2.35e+02     2.69e+16   1411.480s
1608000 +1.65424127e+18 +1.67656143e+18  2.23e+16   7.60e+01     2.69e+16   1412.333s
1609000 +1.65422778e+18 +1.67665909e+18  2.24e+16   1.59e+04     2.69e+16   1413.187s
1610000 +1.65421428e+18 +1.67681359e+18  2.26e+16   2.46e+02     2.69e+16   1414.040s
1611000 +1.65420079e+18 +1.67663825e+18  2.24e+16   3.44e+00     2.69e+16   1414.893s
1612000 +1.65418730e+18 +1.67658088e+18  2.24e+16   8.22e+03     2.69e+16   1415.747s
1613000 +1.65417381e+18 +1.67678046e+18  2.26e+16   1.11e+04     2.69e+16   1416.600s
1614000 +1.65416032e+18 +1.67672729e+18  2.26e+16   1.01e+02     2.69e+16   1417.454s
1615000 +1.65414683e+18 +1.67655423e+18  2.24e+16   6.97e+00     2.69e+16   1418.307s
1616000 +1.65413334e+18 +1.67669360e+18  2.26e+16   1.56e+04     2.69e+16   1419.161s
1617000 +1.65411984e+18 +1.67678961e+18  2.27e+16   8.03e+02     2.69e+16   1420.014s
1618000 +1.65410635e+18 +1.67660123e+18  2.25e+16   1.25e+03     2.69e+16   1420.867s
1619000 +1.65409286e+18 +1.67660239e+18  2.25e+16   1.18e+04     2.69e+16   1421.720s
1620000 +1.65407937e+18 +1.67676198e+18  2.27e+16   6.40e+03     2.69e+16   1422.574s
1621000 +1.65406589e+18 +1.67667204e+18  2.26e+16   1.63e+03     2.69e+16   1423.427s
1622000 +1.65405242e+18 +1.67655045e+18  2.25e+16   4.30e+03     2.69e+16   1424.280s
1623000 +1.65403896e+18 +1.67668421e+18  2.26e+16   1.64e+04     2.69e+16   1425.134s
1624000 +1.65402550e+18 +1.67673431e+18  2.27e+16   3.68e+03     2.69e+16   1425.987s
1625000 +1.65401204e+18 +1.67652996e+18  2.25e+16   2.54e+02     2.69e+16   1426.841s
1626000 +1.65399858e+18 +1.67662028e+18  2.26e+16   1.39e+04     2.69e+16   1427.694s
1627000 +1.65398512e+18 +1.67674919e+18  2.28e+16   7.65e+03     2.69e+16   1428.548s
1628000 +1.65397166e+18 +1.67660991e+18  2.26e+16   6.81e+03     2.69e+16   1429.401s
1629000 +1.65395820e+18 +1.67651979e+18  2.26e+16   6.28e+03     2.69e+16   1430.255s
1630000 +1.65394474e+18 +1.67672741e+18  2.28e+16   1.08e+04     2.69e+16   1431.108s
1631000 +1.65393128e+18 +1.67669015e+18  2.28e+16   3.52e+03     2.69e+16   1431.961s
1632000 +1.65391782e+18 +1.67652051e+18  2.26e+16   8.95e+03     2.69e+16   1432.814s
1633000 +1.65390437e+18 +1.67662037e+18  2.27e+16   1.36e+04     2.69e+16   1433.668s
1634000 +1.65389091e+18 +1.67674127e+18  2.29e+16   3.11e+03     2.69e+16   1434.521s
1635000 +1.65387745e+18 +1.67657022e+18  2.27e+16   3.28e+02     2.69e+16   1435.374s
1636000 +1.65386399e+18 +1.67656074e+18  2.27e+16   1.28e+04     2.69e+16   1436.228s
1637000 +1.65385054e+18 +1.67671842e+18  2.29e+16   7.33e+03     2.69e+16   1437.081s
1638000 +1.65383708e+18 +1.67663646e+18  2.28e+16   2.95e+03     2.69e+16   1437.934s
1639000 +1.65382362e+18 +1.67651732e+18  2.27e+16   1.62e+03     2.69e+16   1438.787s
1640000 +1.65381016e+18 +1.67667111e+18  2.29e+16   1.35e+04     2.69e+16   1439.641s
1641000 +1.65379670e+18 +1.67669903e+18  2.29e+16   7.10e+03     2.69e+16   1440.494s
1642000 +1.65378325e+18 +1.67652501e+18  2.27e+16   2.18e+03     2.69e+16   1441.347s
1643000 +1.65376979e+18 +1.67659050e+18  2.28e+16   1.15e+04     2.69e+16   1442.201s
1644000 +1.65375633e+18 +1.67673083e+18  2.30e+16   2.61e+03     2.69e+16   1443.054s
1645000 +1.65374287e+18 +1.67659290e+18  2.29e+16   7.83e+03     2.69e+16   1443.908s
1646000 +1.65372942e+18 +1.67651446e+18  2.28e+16   5.22e+03     2.69e+16   1444.761s
1647000 +1.65371596e+18 +1.67668765e+18  2.30e+16   9.64e+03     2.69e+16   1445.615s
1648000 +1.65370250e+18 +1.67667105e+18  2.30e+16   1.12e+03     2.69e+16   1446.468s
1649000 +1.65368904e+18 +1.67652558e+18  2.28e+16   6.08e+03     2.69e+16   1447.321s
1650000 +1.65367558e+18 +1.67660624e+18  2.29e+16   1.32e+04     2.69e+16   1448.175s
1651000 +1.65366213e+18 +1.67670014e+18  2.30e+16   1.66e+02     2.69e+16   1449.028s
1652000 +1.65364867e+18 +1.67655903e+18  2.29e+16   4.50e+02     2.69e+16   1449.882s
1653000 +1.65363521e+18 +1.67655998e+18  2.29e+16   8.30e+03     2.69e+16   1450.735s
1654000 +1.65362175e+18 +1.67669038e+18  2.31e+16   9.58e+03     2.69e+16   1451.589s
1655000 +1.65360830e+18 +1.67662251e+18  2.30e+16   6.69e+02     2.69e+16   1452.442s
1656000 +1.65359484e+18 +1.67651289e+18  2.29e+16   9.98e+02     2.69e+16   1453.295s
1657000 +1.65358138e+18 +1.67665045e+18  2.31e+16   1.12e+04     2.69e+16   1454.148s
1658000 +1.65356792e+18 +1.67667698e+18  2.31e+16   6.76e+03     2.69e+16   1455.002s
1659000 +1.65355447e+18 +1.67653015e+18  2.30e+16   3.97e+03     2.69e+16   1455.855s
1660000 +1.65354101e+18 +1.67656098e+18  2.30e+16   1.00e+04     2.69e+16   1456.709s
1661000 +1.65352755e+18 +1.67670129e+18  2.32e+16   2.74e+03     2.69e+16   1457.562s
1662000 +1.65351410e+18 +1.67659632e+18  2.31e+16   3.91e+03     2.69e+16   1458.415s
1663000 +1.65350064e+18 +1.67651889e+18  2.30e+16   7.34e+03     2.69e+16   1459.269s
1664000 +1.65348718e+18 +1.67664282e+18  2.32e+16   9.09e+03     2.69e+16   1460.122s
1665000 +1.65347372e+18 +1.67665540e+18  2.32e+16   1.33e+03     2.69e+16   1460.975s
1666000 +1.65346027e+18 +1.67652825e+18  2.31e+16   9.13e+01     2.69e+16   1461.829s
1667000 +1.65344681e+18 +1.67659437e+18  2.31e+16   1.27e+04     2.69e+16   1462.682s
1668000 +1.65343335e+18 +1.67667516e+18  2.32e+16   1.95e+03     2.69e+16   1463.535s
1669000 +1.65341989e+18 +1.67655702e+18  2.31e+16   1.40e+03     2.69e+16   1464.388s
1670000 +1.65340644e+18 +1.67653226e+18  2.31e+16   6.59e+03     2.69e+16   1465.242s
1671000 +1.65339300e+18 +1.67667152e+18  2.33e+16   8.24e+03     2.69e+16   1466.095s
1672000 +1.65337962e+18 +1.67661838e+18  2.32e+16   5.08e+03     2.69e+16   1466.949s
1673000 +1.65336623e+18 +1.67649608e+18  2.31e+16   1.22e+03     2.69e+16   1467.802s
1674000 +1.65335284e+18 +1.67661844e+18  2.33e+16   1.04e+04     2.69e+16   1468.655s
1675000 +1.65333945e+18 +1.67667513e+18  2.33e+16   2.11e+03     2.69e+16   1469.509s
1676000 +1.65332607e+18 +1.67652792e+18  2.32e+16   6.51e+03     2.69e+16   1470.362s
1677000 +1.65331268e+18 +1.67653661e+18  2.32e+16   8.97e+03     2.69e+16   1471.216s
1678000 +1.65329930e+18 +1.67666270e+18  2.34e+16   3.09e+03     2.69e+16   1472.069s
1679000 +1.65328593e+18 +1.67657726e+18  2.33e+16   2.27e+03     2.69e+16   1472.923s
1680000 +1.65327255e+18 +1.67651401e+18  2.32e+16   6.48e+03     2.69e+16   1473.776s
1681000 +1.65325917e+18 +1.67661326e+18  2.34e+16   9.37e+03     2.69e+16   1474.629s
1682000 +1.65324579e+18 +1.67662477e+18  2.34e+16   2.15e+03     2.69e+16   1475.483s
1683000 +1.65323241e+18 +1.67650587e+18  2.33e+16   1.60e+03     2.69e+16   1476.336s
1684000 +1.65321903e+18 +1.67657216e+18  2.34e+16   1.00e+04     2.69e+16   1477.189s
1685000 +1.65320566e+18 +1.67665603e+18  2.35e+16   6.13e+03     2.69e+16   1478.043s
1686000 +1.65319228e+18 +1.67654183e+18  2.33e+16   1.26e+03     2.69e+16   1478.896s
1687000 +1.65317890e+18 +1.67650404e+18  2.33e+16   5.52e+03     2.69e+16   1479.750s
1688000 +1.65316552e+18 +1.67665479e+18  2.35e+16   6.54e+03     2.69e+16   1480.603s
1689000 +1.65315214e+18 +1.67660066e+18  2.34e+16   5.89e+03     2.69e+16   1481.457s
1690000 +1.65313877e+18 +1.67648626e+18  2.33e+16   2.77e+03     2.69e+16   1482.310s
1691000 +1.65312539e+18 +1.67659247e+18  2.35e+16   9.54e+03     2.69e+16   1483.163s
1692000 +1.65311201e+18 +1.67664757e+18  2.35e+16   1.15e+03     2.69e+16   1484.017s
1693000 +1.65309863e+18 +1.67651820e+18  2.34e+16   4.47e+03     2.69e+16   1484.870s
1694000 +1.65308525e+18 +1.67654113e+18  2.35e+16   9.12e+03     2.69e+16   1485.723s
1695000 +1.65307187e+18 +1.67663428e+18  2.36e+16   3.40e+03     2.69e+16   1486.577s
1696000 +1.65305850e+18 +1.67656548e+18  2.35e+16   2.63e+03     2.69e+16   1487.430s
1697000 +1.65304512e+18 +1.67651708e+18  2.35e+16   2.35e+03     2.69e+16   1488.284s
1698000 +1.65303174e+18 +1.67660712e+18  2.36e+16   1.01e+04     2.69e+16   1489.137s
1699000 +1.65301836e+18 +1.67660783e+18  2.36e+16   2.42e+03     2.69e+16   1489.990s
1700000 +1.65300498e+18 +1.67650892e+18  2.35e+16   1.14e+03     2.69e+16   1490.844s
1701000 +1.65299161e+18 +1.67655452e+18  2.36e+16   8.60e+03     2.69e+16   1491.697s
1702000 +1.65297823e+18 +1.67663823e+18  2.37e+16   5.36e+03     2.69e+16   1492.550s
1703000 +1.65296485e+18 +1.67655185e+18  2.36e+16   3.64e+03     2.69e+16   1493.404s
1704000 +1.65295147e+18 +1.67649698e+18  2.35e+16   4.51e+03     2.69e+16   1494.257s
1705000 +1.65293809e+18 +1.67662253e+18  2.37e+16   6.50e+03     2.69e+16   1495.110s
1706000 +1.65292472e+18 +1.67660577e+18  2.37e+16   2.45e+03     2.69e+16   1495.964s
1707000 +1.65291134e+18 +1.67649368e+18  2.36e+16   5.27e+03     2.69e+16   1496.818s
1708000 +1.65289796e+18 +1.67656428e+18  2.37e+16   8.90e+03     2.69e+16   1497.671s
1709000 +1.65288458e+18 +1.67663709e+18  2.38e+16   1.20e+03     2.69e+16   1498.524s
1710000 +1.65287120e+18 +1.67652092e+18  2.36e+16   7.64e+01     2.69e+16   1499.377s
1711000 +1.65285782e+18 +1.67652955e+18  2.37e+16   8.51e+03     2.69e+16   1500.231s
1712000 +1.65284445e+18 +1.67662357e+18  2.38e+16   4.53e+03     2.69e+16   1501.084s
1713000 +1.65283107e+18 +1.67656037e+18  2.37e+16   8.62e+02     2.69e+16   1501.937s
1714000 +1.65281769e+18 +1.67649651e+18  2.37e+16   2.81e+03     2.69e+16   1502.791s
1715000 +1.65280432e+18 +1.67659825e+18  2.38e+16   9.26e+03     2.69e+16   1503.644s
1716000 +1.65279094e+18 +1.67660451e+18  2.38e+16   4.62e+03     2.69e+16   1504.498s
1717000 +1.65277756e+18 +1.67650521e+18  2.37e+16   1.70e+03     2.69e+16   1505.351s
1718000 +1.65276419e+18 +1.67653532e+18  2.38e+16   8.99e+03     2.69e+16   1506.205s
1719000 +1.65275081e+18 +1.67662625e+18  2.39e+16   1.48e+03     2.69e+16   1507.058s
1720000 +1.65273744e+18 +1.67654522e+18  2.38e+16   5.23e+03     2.69e+16   1507.911s
1721000 +1.65272406e+18 +1.67649306e+18  2.38e+16   5.06e+03     2.69e+16   1508.765s
1722000 +1.65271069e+18 +1.67659818e+18  2.39e+16   6.51e+03     2.69e+16   1509.618s
1723000 +1.65269731e+18 +1.67659848e+18  2.39e+16   1.18e+03     2.69e+16   1510.472s
1724000 +1.65268393e+18 +1.67649117e+18  2.38e+16   4.21e+03     2.69e+16   1511.325s
1725000 +1.65267056e+18 +1.67655470e+18  2.39e+16   9.80e+03     2.69e+16   1512.178s
1726000 +1.65265718e+18 +1.67661976e+18  2.40e+16   7.32e+01     2.69e+16   1513.032s
1727000 +1.65264381e+18 +1.67651392e+18  2.39e+16   1.19e+03     2.69e+16   1513.886s
1728000 +1.65263043e+18 +1.67651896e+18  2.39e+16   7.17e+03     2.69e+16   1514.739s
1729000 +1.65261705e+18 +1.67661917e+18  2.40e+16   6.26e+03     2.69e+16   1515.593s
1730000 +1.65260368e+18 +1.67655270e+18  2.39e+16   3.63e+02     2.69e+16   1516.446s
1731000 +1.65259030e+18 +1.67648660e+18  2.39e+16   2.67e+03     2.69e+16   1517.299s
1732000 +1.65257693e+18 +1.67658991e+18  2.40e+16   8.11e+03     2.69e+16   1518.153s
1733000 +1.65256355e+18 +1.67659443e+18  2.40e+16   4.61e+03     2.69e+16   1519.007s
1734000 +1.65255017e+18 +1.67650215e+18  2.40e+16   3.44e+03     2.69e+16   1519.860s
1735000 +1.65253680e+18 +1.67653370e+18  2.40e+16   8.02e+03     2.69e+16   1520.714s
1736000 +1.65252342e+18 +1.67661053e+18  2.41e+16   1.37e+03     2.69e+16   1521.567s
1737000 +1.65251005e+18 +1.67653932e+18  2.40e+16   3.46e+03     2.69e+16   1522.421s
1738000 +1.65249667e+18 +1.67650149e+18  2.40e+16   5.67e+03     2.69e+16   1523.274s
1739000 +1.65248330e+18 +1.67657791e+18  2.41e+16   6.39e+03     2.69e+16   1524.128s
1740000 +1.65246992e+18 +1.67658566e+18  2.41e+16   1.91e+03     2.69e+16   1524.981s
1741000 +1.65245654e+18 +1.67649815e+18  2.40e+16   9.28e+01     2.69e+16   1525.834s
1742000 +1.65244319e+18 +1.67641724e+18  2.40e+16   9.55e+03     2.69e+16   1526.688s
1743000 +1.65242991e+18 +1.67647788e+18  2.40e+16   2.00e+03     2.69e+16   1527.541s
1744000 +1.65241662e+18 +1.67640130e+18  2.40e+16   1.02e+03     2.69e+16   1528.395s
1745000 +1.65240334e+18 +1.67639400e+18  2.40e+16   5.88e+03     2.69e+16   1529.248s
1746000 +1.65239006e+18 +1.67650167e+18  2.41e+16   5.52e+03     2.69e+16   1530.102s
1747000 +1.65237677e+18 +1.67645991e+18  2.41e+16   3.60e+03     2.69e+16   1530.955s
1748000 +1.65236349e+18 +1.67640077e+18  2.40e+16   1.67e+03     2.69e+16   1531.808s
1749000 +1.65235021e+18 +1.67649294e+18  2.41e+16   7.75e+03     2.69e+16   1532.662s
1750000 +1.65233693e+18 +1.67652393e+18  2.42e+16   2.02e+03     2.69e+16   1533.515s
1751000 +1.65232365e+18 +1.67642848e+18  2.41e+16   4.77e+03     2.69e+16   1534.368s
1752000 +1.65231037e+18 +1.67645728e+18  2.41e+16   7.30e+03     2.69e+16   1535.222s
1753000 +1.65229710e+18 +1.67653201e+18  2.42e+16   2.23e+03     2.69e+16   1536.075s
1754000 +1.65228383e+18 +1.67649632e+18  2.42e+16   1.90e+03     2.69e+16   1536.928s
1755000 +1.65227055e+18 +1.67644604e+18  2.42e+16   4.93e+03     2.69e+16   1537.782s
1756000 +1.65225728e+18 +1.67653241e+18  2.43e+16   7.04e+03     2.69e+16   1538.635s
1757000 +1.65224400e+18 +1.67653227e+18  2.43e+16   1.67e+03     2.69e+16   1539.488s
1758000 +1.65223073e+18 +1.67646695e+18  2.42e+16   7.53e+02     2.69e+16   1540.342s
1759000 +1.65221746e+18 +1.67649472e+18  2.43e+16   8.13e+03     2.69e+16   1541.196s
1760000 +1.65220418e+18 +1.67656950e+18  2.44e+16   4.34e+03     2.69e+16   1542.049s
1761000 +1.65219091e+18 +1.67648402e+18  2.43e+16   1.12e+02     2.69e+16   1542.903s
1762000 +1.65217763e+18 +1.67646292e+18  2.43e+16   5.12e+03     2.69e+16   1543.756s
1763000 +1.65216436e+18 +1.67656703e+18  2.44e+16   4.62e+03     2.69e+16   1544.609s
1764000 +1.65215109e+18 +1.67652043e+18  2.44e+16   4.34e+03     2.69e+16   1545.463s
1765000 +1.65213781e+18 +1.67644257e+18  2.43e+16   2.24e+03     2.69e+16   1546.316s
1766000 +1.65212454e+18 +1.67650968e+18  2.44e+16   7.69e+03     2.69e+16   1547.170s
1767000 +1.65211126e+18 +1.67655706e+18  2.44e+16   2.00e+03     2.69e+16   1548.023s
1768000 +1.65209799e+18 +1.67644167e+18  2.43e+16   3.78e+03     2.69e+16   1548.876s
1769000 +1.65208472e+18 +1.67647021e+18  2.44e+16   7.85e+03     2.69e+16   1549.730s
1770000 +1.65207144e+18 +1.67651732e+18  2.44e+16   3.45e+03     2.69e+16   1550.583s
1771000 +1.65205817e+18 +1.67647191e+18  2.44e+16   3.15e+03     2.69e+16   1551.437s
1772000 +1.65204490e+18 +1.67641419e+18  2.44e+16   4.00e+03     2.69e+16   1552.290s
1773000 +1.65203162e+18 +1.67648893e+18  2.45e+16   8.17e+03     2.69e+16   1553.144s
1774000 +1.65201835e+18 +1.67647343e+18  2.45e+16   3.38e+03     2.69e+16   1553.998s
1775000 +1.65200507e+18 +1.67639986e+18  2.44e+16   3.43e+03     2.69e+16   1554.851s
1776000 +1.65199180e+18 +1.67643445e+18  2.44e+16   7.80e+03     2.69e+16   1555.705s
1777000 +1.65197853e+18 +1.67647891e+18  2.45e+16   4.85e+03     2.69e+16   1556.558s
1778000 +1.65196525e+18 +1.67640362e+18  2.44e+16   4.03e+03     2.69e+16   1557.411s
1779000 +1.65195198e+18 +1.67636133e+18  2.44e+16   5.08e+03     2.69e+16   1558.264s
1780000 +1.65193871e+18 +1.67645983e+18  2.45e+16   5.35e+03     2.69e+16   1559.118s
1781000 +1.65192543e+18 +1.67642086e+18  2.45e+16   3.12e+03     2.69e+16   1559.972s
1782000 +1.65191216e+18 +1.67634991e+18  2.44e+16   4.35e+03     2.69e+16   1560.825s
1783000 +1.65189890e+18 +1.67635500e+18  2.45e+16   7.46e+03     2.69e+16   1561.678s
1784000 +1.65188566e+18 +1.67641713e+18  2.45e+16   1.73e+04     2.69e+16   1562.532s
1785000 +1.65187241e+18 +1.67636917e+18  2.45e+16   1.43e+03     2.69e+16   1563.385s
1786000 +1.65185917e+18 +1.67631740e+18  2.45e+16   7.07e+03     2.69e+16   1564.238s
1787000 +1.65184592e+18 +1.67640644e+18  2.46e+16   1.86e+04     2.69e+16   1565.091s
1788000 +1.65183268e+18 +1.67639177e+18  2.46e+16   9.91e+02     2.69e+16   1565.945s
1789000 +1.65181943e+18 +1.67629250e+18  2.45e+16   1.99e+03     2.69e+16   1566.798s
1790000 +1.65180618e+18 +1.67639344e+18  2.46e+16   2.01e+04     2.69e+16   1567.652s
1791000 +1.65179294e+18 +1.67641993e+18  2.46e+16   3.60e+03     2.69e+16   1568.505s
1792000 +1.65177969e+18 +1.67627739e+18  2.45e+16   1.00e+03     2.69e+16   1569.359s
1793000 +1.65176645e+18 +1.67637066e+18  2.46e+16   2.00e+04     2.69e+16   1570.212s
1794000 +1.65175320e+18 +1.67643637e+18  2.47e+16   1.49e+03     2.69e+16   1571.065s
1795000 +1.65173996e+18 +1.67632889e+18  2.46e+16   3.86e+03     2.69e+16   1571.919s
1796000 +1.65172671e+18 +1.67634479e+18  2.46e+16   1.84e+04     2.69e+16   1572.772s
1797000 +1.65171347e+18 +1.67642408e+18  2.47e+16   4.92e+03     2.69e+16   1573.626s
1798000 +1.65170022e+18 +1.67637187e+18  2.47e+16   4.83e+02     2.69e+16   1574.479s
1799000 +1.65168698e+18 +1.67635903e+18  2.47e+16   1.70e+04     2.69e+16   1575.333s
1800000 +1.65167373e+18 +1.67640312e+18  2.47e+16   7.41e+03     2.69e+16   1576.186s
1801000 +1.65166049e+18 +1.67640193e+18  2.47e+16   8.25e+02     2.69e+16   1577.040s
1802000 +1.65164724e+18 +1.67640621e+18  2.48e+16   1.48e+04     2.69e+16   1577.893s
1803000 +1.65163400e+18 +1.67637645e+18  2.47e+16   5.53e+03     2.69e+16   1578.746s
1804000 +1.65162075e+18 +1.67642958e+18  2.48e+16   6.19e+03     2.69e+16   1579.600s
1805000 +1.65160751e+18 +1.67643398e+18  2.48e+16   1.24e+04     2.69e+16   1580.453s
1806000 +1.65159426e+18 +1.67637228e+18  2.48e+16   1.82e+03     2.69e+16   1581.306s
1807000 +1.65158102e+18 +1.67641945e+18  2.48e+16   9.50e+03     2.69e+16   1582.160s
1808000 +1.65156777e+18 +1.67650249e+18  2.49e+16   1.03e+04     2.69e+16   1583.013s
1809000 +1.65155453e+18 +1.67637668e+18  2.48e+16   2.35e+03     2.69e+16   1583.867s
1810000 +1.65154128e+18 +1.67639465e+18  2.49e+16   1.19e+04     2.69e+16   1584.720s
1811000 +1.65152804e+18 +1.67651547e+18  2.50e+16   6.70e+03     2.69e+16   1585.573s
1812000 +1.65151479e+18 +1.67641163e+18  2.49e+16   2.43e+03     2.69e+16   1586.427s
1813000 +1.65150155e+18 +1.67638636e+18  2.49e+16   1.33e+04     2.69e+16   1587.280s
1814000 +1.65148830e+18 +1.67649773e+18  2.50e+16   5.91e+03     2.69e+16   1588.133s
1815000 +1.65147506e+18 +1.67645335e+18  2.50e+16   9.31e+02     2.69e+16   1588.987s
1816000 +1.65146182e+18 +1.67637936e+18  2.49e+16   1.45e+04     2.69e+16   1589.840s
1817000 +1.65144857e+18 +1.67648156e+18  2.50e+16   7.32e+03     2.69e+16   1590.694s
1818000 +1.65143533e+18 +1.67644819e+18  2.50e+16   1.28e+03     2.69e+16   1591.547s
1819000 +1.65142219e+18 +1.67612400e+18  2.47e+16   2.73e+04     2.69e+16   1592.401s
1820000 +1.65140924e+18 +1.67640319e+18  2.50e+16   1.18e+04     2.69e+16   1593.254s
1821000 +1.65139629e+18 +1.67640076e+18  2.50e+16   4.22e+03     2.69e+16   1594.107s
1822000 +1.65138334e+18 +1.67610140e+18  2.47e+16   1.70e+04     2.69e+16   1594.961s
1823000 +1.65137039e+18 +1.67587557e+18  2.45e+16   2.06e+03     2.69e+16   1595.814s
1824000 +1.65135744e+18 +1.67598140e+18  2.46e+16   1.83e+04     2.69e+16   1596.668s
1825000 +1.65134449e+18 +1.67630932e+18  2.50e+16   2.58e+04     2.69e+16   1597.521s
1826000 +1.65133154e+18 +1.67639103e+18  2.51e+16   4.23e+03     2.69e+16   1598.374s
1827000 +1.65131859e+18 +1.67617676e+18  2.49e+16   6.05e+03     2.69e+16   1599.228s
1828000 +1.65130564e+18 +1.67600168e+18  2.47e+16   1.68e+04     2.69e+16   1600.081s
1829000 +1.65129269e+18 +1.67588687e+18  2.46e+16   7.50e+03     2.69e+16   1600.934s
1830000 +1.65127973e+18 +1.67603298e+18  2.48e+16   2.18e+04     2.69e+16   1601.788s
1831000 +1.65126678e+18 +1.67636871e+18  2.51e+16   1.99e+04     2.69e+16   1602.641s
1832000 +1.65125383e+18 +1.67634640e+18  2.51e+16   2.56e+03     2.69e+16   1603.495s
1833000 +1.65124088e+18 +1.67597736e+18  2.47e+16   2.07e+03     2.69e+16   1604.348s
1834000 +1.65122793e+18 +1.67586793e+18  2.46e+16   1.58e+04     2.69e+16   1605.201s
1835000 +1.65121498e+18 +1.67598303e+18  2.48e+16   1.69e+04     2.69e+16   1606.055s
1836000 +1.65120203e+18 +1.67614246e+18  2.49e+16   1.90e+04     2.69e+16   1606.908s
1837000 +1.65118908e+18 +1.67632476e+18  2.51e+16   1.32e+04     2.69e+16   1607.761s
1838000 +1.65117613e+18 +1.67620598e+18  2.50e+16   3.67e+03     2.69e+16   1608.615s
1839000 +1.65116318e+18 +1.67588604e+18  2.47e+16   5.97e+03     2.69e+16   1609.468s
1840000 +1.65115023e+18 +1.67581195e+18  2.47e+16   1.21e+04     2.69e+16   1610.321s
1841000 +1.65113727e+18 +1.67605362e+18  2.49e+16   2.15e+04     2.69e+16   1611.175s
1842000 +1.65112432e+18 +1.67628489e+18  2.52e+16   1.32e+04     2.69e+16   1612.028s
1843000 +1.65111137e+18 +1.67626460e+18  2.52e+16   8.01e+03     2.69e+16   1612.881s
1844000 +1.65109842e+18 +1.67598401e+18  2.49e+16   5.81e+03     2.69e+16   1613.735s
1845000 +1.65108547e+18 +1.67583865e+18  2.48e+16   1.02e+04     2.69e+16   1614.588s
1846000 +1.65107252e+18 +1.67593443e+18  2.49e+16   1.65e+04     2.69e+16   1615.442s
1847000 +1.65105957e+18 +1.67612021e+18  2.51e+16   1.85e+04     2.69e+16   1616.295s
1848000 +1.65104662e+18 +1.67631665e+18  2.53e+16   1.34e+04     2.69e+16   1617.148s
1849000 +1.65103367e+18 +1.67620179e+18  2.52e+16   2.29e+03     2.69e+16   1618.002s
1850000 +1.65102072e+18 +1.67584368e+18  2.48e+16   4.45e+02     2.69e+16   1618.855s
1851000 +1.65100777e+18 +1.67581343e+18  2.48e+16   1.59e+04     2.69e+16   1619.708s
1852000 +1.65099482e+18 +1.67611971e+18  2.51e+16   2.01e+04     2.69e+16   1620.562s
1853000 +1.65098186e+18 +1.67622768e+18  2.52e+16   1.10e+04     2.69e+16   1621.415s
1854000 +1.65096891e+18 +1.67623728e+18  2.53e+16   1.52e+04     2.69e+16   1622.269s
1855000 +1.65095596e+18 +1.67609363e+18  2.51e+16   3.66e+03     2.69e+16   1623.122s
1856000 +1.65094301e+18 +1.67583861e+18  2.49e+16   1.46e+03     2.69e+16   1623.976s
1857000 +1.65093006e+18 +1.67588213e+18  2.50e+16   2.16e+04     2.69e+16   1624.829s
1858000 +1.65091711e+18 +1.67622252e+18  2.53e+16   1.89e+04     2.69e+16   1625.682s
1859000 +1.65090416e+18 +1.67633125e+18  2.54e+16   2.82e+02     2.69e+16   1626.536s
1860000 +1.65089121e+18 +1.67616133e+18  2.53e+16   1.54e+04     2.69e+16   1627.389s
1861000 +1.65087826e+18 +1.67594251e+18  2.51e+16   5.61e+03     2.69e+16   1628.243s
1862000 +1.65086531e+18 +1.67587254e+18  2.50e+16   5.81e+03     2.69e+16   1629.096s
1863000 +1.65085236e+18 +1.67607530e+18  2.52e+16   2.43e+04     2.69e+16   1629.950s
1864000 +1.65083941e+18 +1.67627245e+18  2.54e+16   1.09e+04     2.69e+16   1630.803s
1865000 +1.65082646e+18 +1.67629611e+18  2.55e+16   5.26e+03     2.69e+16   1631.657s
1866000 +1.65081350e+18 +1.67610084e+18  2.53e+16   1.41e+04     2.69e+16   1632.510s
1867000 +1.65080055e+18 +1.67585840e+18  2.51e+16   1.01e+03     2.69e+16   1633.363s
1868000 +1.65078760e+18 +1.67591331e+18  2.51e+16   1.53e+04     2.69e+16   1634.216s
1869000 +1.65077465e+18 +1.67626052e+18  2.55e+16   2.16e+04     2.69e+16   1635.070s
1870000 +1.65076170e+18 +1.67632050e+18  2.56e+16   3.20e+03     2.69e+16   1635.923s
1871000 +1.65074875e+18 +1.67613595e+18  2.54e+16   4.15e+03     2.69e+16   1636.776s
1872000 +1.65073580e+18 +1.67600580e+18  2.53e+16   1.12e+04     2.69e+16   1637.630s
1873000 +1.65072285e+18 +1.67589424e+18  2.52e+16   4.95e+03     2.69e+16   1638.483s
1874000 +1.65070990e+18 +1.67600108e+18  2.53e+16   1.96e+04     2.69e+16   1639.337s
1875000 +1.65069695e+18 +1.67631083e+18  2.56e+16   1.48e+04     2.69e+16   1640.190s
1876000 +1.65068400e+18 +1.67631022e+18  2.56e+16   1.41e+03     2.69e+16   1641.044s
1877000 +1.65067105e+18 +1.67600568e+18  2.53e+16   7.97e+03     2.69e+16   1641.897s
1878000 +1.65065809e+18 +1.67588324e+18  2.52e+16   7.54e+03     2.69e+16   1642.751s
1879000 +1.65064514e+18 +1.67595266e+18  2.53e+16   1.42e+04     2.69e+16   1643.604s
1880000 +1.65063219e+18 +1.67614540e+18  2.55e+16   2.00e+04     2.69e+16   1644.458s
1881000 +1.65061924e+18 +1.67628874e+18  2.57e+16   4.05e+03     2.69e+16   1645.311s
1882000 +1.65060629e+18 +1.67616710e+18  2.56e+16   5.13e+03     2.69e+16   1646.164s
1883000 +1.65059334e+18 +1.67593278e+18  2.53e+16   1.21e+04     2.69e+16   1647.017s
1884000 +1.65058039e+18 +1.67583486e+18  2.53e+16   5.04e+03     2.69e+16   1647.871s
1885000 +1.65056744e+18 +1.67598893e+18  2.54e+16   1.88e+04     2.69e+16   1648.724s
1886000 +1.65055449e+18 +1.67625653e+18  2.57e+16   1.68e+04     2.69e+16   1649.577s
1887000 +1.65054154e+18 +1.67625714e+18  2.57e+16   2.50e+03     2.69e+16   1650.430s
1888000 +1.65052859e+18 +1.67595304e+18  2.54e+16   3.86e+03     2.69e+16   1651.284s
1889000 +1.65051564e+18 +1.67585256e+18  2.53e+16   1.43e+04     2.69e+16   1652.137s
1890000 +1.65050268e+18 +1.67592219e+18  2.54e+16   1.31e+04     2.69e+16   1652.990s
1891000 +1.65048973e+18 +1.67605433e+18  2.56e+16   1.69e+04     2.69e+16   1653.843s
1892000 +1.65047678e+18 +1.67624529e+18  2.58e+16   1.53e+04     2.69e+16   1654.697s
1893000 +1.65046383e+18 +1.67617723e+18  2.57e+16   1.26e+03     2.69e+16   1655.550s
1894000 +1.65045088e+18 +1.67583120e+18  2.54e+16   6.93e+02     2.69e+16   1656.403s
1895000 +1.65043793e+18 +1.67579576e+18  2.54e+16   1.50e+04     2.69e+16   1657.257s
1896000 +1.65042498e+18 +1.67603416e+18  2.56e+16   1.78e+04     2.69e+16   1658.111s
1897000 +1.65041203e+18 +1.67615482e+18  2.57e+16   1.09e+04     2.69e+16   1658.964s
1898000 +1.65039908e+18 +1.67618018e+18  2.58e+16   1.33e+04     2.69e+16   1659.817s
1899000 +1.65038613e+18 +1.67602215e+18  2.56e+16   4.76e+03     2.69e+16   1660.671s
1900000 +1.65037318e+18 +1.67581989e+18  2.54e+16   8.78e+02     2.69e+16   1661.524s
1901000 +1.65036023e+18 +1.67584837e+18  2.55e+16   1.77e+04     2.69e+16   1662.377s
1902000 +1.65034728e+18 +1.67609156e+18  2.57e+16   1.72e+04     2.69e+16   1663.231s
1903000 +1.65033433e+18 +1.67622624e+18  2.59e+16   1.99e+03     2.69e+16   1664.084s
1904000 +1.65032138e+18 +1.67613358e+18  2.58e+16   1.08e+04     2.69e+16   1664.938s
1905000 +1.65030842e+18 +1.67586176e+18  2.56e+16   3.26e+03     2.69e+16   1665.791s
1906000 +1.65029547e+18 +1.67581492e+18  2.55e+16   6.58e+03     2.69e+16   1666.644s
1907000 +1.65028252e+18 +1.67601926e+18  2.57e+16   1.92e+04     2.69e+16   1667.497s
1908000 +1.65026957e+18 +1.67615548e+18  2.59e+16   1.06e+04     2.69e+16   1668.351s
1909000 +1.65025695e+18 +1.67609928e+18  2.58e+16   1.06e+05     2.69e+16   1669.204s
1910000 +1.65024862e+18 +1.67589026e+18  2.56e+16   1.42e+05     2.68e+16   1670.057s
1911000 +1.65024030e+18 +1.67551117e+18  2.53e+16   1.78e+05     2.68e+16   1670.911s
1912000 +1.65023198e+18 +1.67540047e+18  2.52e+16   2.13e+05     2.67e+16   1671.764s
1913000 +1.65022365e+18 +1.67556076e+18  2.53e+16   2.45e+05     2.67e+16   1672.617s
1914000 +1.65021533e+18 +1.67541277e+18  2.52e+16   2.75e+05     2.66e+16   1673.471s
1915000 +1.65020701e+18 +1.67504628e+18  2.48e+16   3.04e+05     2.66e+16   1674.324s
1916000 +1.65019869e+18 +1.67466957e+18  2.45e+16   3.30e+05     2.65e+16   1675.178s
1917000 +1.65019036e+18 +1.67429778e+18  2.41e+16   3.54e+05     2.64e+16   1676.031s
1918000 +1.65018204e+18 +1.67412145e+18  2.39e+16   3.76e+05     2.63e+16   1676.885s
1919000 +1.65017372e+18 +1.67407280e+18  2.39e+16   3.94e+05     2.62e+16   1677.738s
1920000 +1.65016539e+18 +1.67376465e+18  2.36e+16   4.10e+05     2.62e+16   1678.592s
1921000 +1.65015707e+18 +1.67321766e+18  2.31e+16   4.23e+05     2.61e+16   1679.445s
1922000 +1.65014875e+18 +1.67271268e+18  2.26e+16   4.32e+05     2.60e+16   1680.298s
1923000 +1.65014042e+18 +1.67239616e+18  2.23e+16   4.39e+05     2.59e+16   1681.152s
1924000 +1.65013210e+18 +1.67227470e+18  2.21e+16   4.43e+05     2.58e+16   1682.005s
1925000 +1.65012378e+18 +1.67201485e+18  2.19e+16   4.43e+05     2.58e+16   1682.858s
1926000 +1.65011546e+18 +1.67154069e+18  2.14e+16   4.40e+05     2.57e+16   1683.711s
1927000 +1.65010713e+18 +1.67102347e+18  2.09e+16   4.35e+05     2.56e+16   1684.565s
1928000 +1.65009881e+18 +1.67054878e+18  2.04e+16   4.26e+05     2.56e+16   1685.418s
1929000 +1.65009049e+18 +1.67028670e+18  2.02e+16   4.15e+05     2.55e+16   1686.271s
1930000 +1.65008216e+18 +1.67024468e+18  2.02e+16   4.00e+05     2.55e+16   1687.125s
1931000 +1.65007384e+18 +1.66992024e+18  1.98e+16   3.82e+05     2.55e+16   1687.978s
1932000 +1.65006552e+18 +1.66931157e+18  1.92e+16   3.63e+05     2.54e+16   1688.832s
1933000 +1.65005720e+18 +1.66892778e+18  1.89e+16   3.41e+05     2.54e+16   1689.685s
1934000 +1.65004889e+18 +1.66868756e+18  1.86e+16   3.16e+05     2.54e+16   1690.538s
1935000 +1.65004057e+18 +1.66855048e+18  1.85e+16   2.90e+05     2.54e+16   1691.392s
1936000 +1.65003225e+18 +1.66848048e+18  1.84e+16   2.61e+05     2.54e+16   1692.245s
1937000 +1.65002394e+18 +1.66819411e+18  1.82e+16   2.30e+05     2.53e+16   1693.098s
1938000 +1.65001562e+18 +1.66770446e+18  1.77e+16   1.99e+05     2.53e+16   1693.952s
1939000 +1.65000730e+18 +1.66748508e+18  1.75e+16   1.66e+05     2.53e+16   1694.805s
1940000 +1.64999899e+18 +1.66748387e+18  1.75e+16   1.32e+05     2.53e+16   1695.659s
1941000 +1.64999069e+18 +1.66752252e+18  1.75e+16   9.74e+04     2.53e+16   1696.512s
1942000 +1.64998240e+18 +1.66747268e+18  1.75e+16   6.19e+04     2.53e+16   1697.365s
1943000 +1.64997410e+18 +1.66718595e+18  1.72e+16   2.63e+04     2.53e+16   1698.219s
1944000 +1.64996580e+18 +1.66703102e+18  1.71e+16   6.50e+03     2.53e+16   1699.072s
1945000 +1.64995751e+18 +1.66704226e+18  1.71e+16   1.20e+04     2.53e+16   1699.926s
1946000 +1.64994921e+18 +1.66720363e+18  1.73e+16   1.55e+04     2.53e+16   1700.779s
1947000 +1.64994091e+18 +1.66745150e+18  1.75e+16   9.03e+03     2.53e+16   1701.632s
1948000 +1.64993262e+18 +1.66743165e+18  1.75e+16   3.29e+03     2.53e+16   1702.486s
1949000 +1.64992432e+18 +1.66725998e+18  1.73e+16   2.31e+03     2.53e+16   1703.339s
1950000 +1.64991602e+18 +1.66734713e+18  1.74e+16   1.10e+04     2.53e+16   1704.193s
1951000 +1.64990773e+18 +1.66767686e+18  1.78e+16   1.51e+04     2.53e+16   1705.046s
1952000 +1.64989943e+18 +1.66798683e+18  1.81e+16   1.05e+04     2.53e+16   1705.899s
1953000 +1.64989113e+18 +1.66819375e+18  1.83e+16   1.15e+04     2.54e+16   1706.753s
1954000 +1.64988284e+18 +1.66834144e+18  1.85e+16   3.00e+03     2.54e+16   1707.606s
1955000 +1.64987454e+18 +1.66830636e+18  1.84e+16   7.42e+02     2.54e+16   1708.460s
1956000 +1.64986624e+18 +1.66858741e+18  1.87e+16   1.53e+04     2.54e+16   1709.313s
1957000 +1.64985794e+18 +1.66915491e+18  1.93e+16   1.55e+04     2.54e+16   1710.167s
1958000 +1.64984965e+18 +1.66948540e+18  1.96e+16   3.51e+03     2.54e+16   1711.020s
1959000 +1.64984135e+18 +1.66970827e+18  1.99e+16   1.21e+04     2.55e+16   1711.874s
1960000 +1.64983305e+18 +1.66981878e+18  2.00e+16   4.17e+03     2.55e+16   1712.727s
1961000 +1.64982476e+18 +1.67004149e+18  2.02e+16   2.09e+03     2.55e+16   1713.580s
1962000 +1.64981646e+18 +1.67050285e+18  2.07e+16   1.89e+04     2.56e+16   1714.434s
1963000 +1.64980816e+18 +1.67097539e+18  2.12e+16   1.08e+04     2.56e+16   1715.287s
1964000 +1.64979987e+18 +1.67135784e+18  2.16e+16   3.20e+03     2.57e+16   1716.140s
1965000 +1.64979157e+18 +1.67150945e+18  2.17e+16   1.15e+04     2.57e+16   1716.994s
1966000 +1.64978327e+18 +1.67160533e+18  2.18e+16   9.34e+02     2.58e+16   1717.847s
1967000 +1.64977498e+18 +1.67195115e+18  2.22e+16   1.07e+04     2.58e+16   1718.700s
1968000 +1.64976668e+18 +1.67247277e+18  2.27e+16   1.81e+04     2.59e+16   1719.554s
1969000 +1.64975838e+18 +1.67285816e+18  2.31e+16   2.85e+03     2.60e+16   1720.407s
1970000 +1.64975009e+18 +1.67301001e+18  2.33e+16   3.39e+03     2.60e+16   1721.261s
1971000 +1.64974179e+18 +1.67314976e+18  2.34e+16   9.85e+03     2.61e+16   1722.114s
1972000 +1.64973349e+18 +1.67326984e+18  2.35e+16   2.34e+03     2.61e+16   1722.968s
1973000 +1.64972520e+18 +1.67352559e+18  2.38e+16   1.45e+04     2.62e+16   1723.821s
1974000 +1.64971690e+18 +1.67404912e+18  2.43e+16   1.36e+04     2.62e+16   1724.675s
1975000 +1.64970860e+18 +1.67420948e+18  2.45e+16   7.13e+02     2.63e+16   1725.528s
1976000 +1.64970031e+18 +1.67415242e+18  2.45e+16   5.42e+03     2.63e+16   1726.381s
1977000 +1.64969201e+18 +1.67418208e+18  2.45e+16   7.33e+03     2.64e+16   1727.235s
1978000 +1.64968371e+18 +1.67428108e+18  2.46e+16   9.12e+03     2.64e+16   1728.089s
1979000 +1.64967542e+18 +1.67454162e+18  2.49e+16   1.59e+04     2.64e+16   1728.942s
1980000 +1.64966712e+18 +1.67472526e+18  2.51e+16   5.94e+03     2.64e+16   1729.795s
1981000 +1.64965883e+18 +1.67470883e+18  2.51e+16   3.55e+03     2.64e+16   1730.649s
1982000 +1.64965054e+18 +1.67450804e+18  2.49e+16   2.70e+04     2.64e+16   1731.502s
1983000 +1.64964224e+18 +1.67437026e+18  2.47e+16   5.82e+04     2.64e+16   1732.356s
1984000 +1.64963395e+18 +1.67446098e+18  2.48e+16   9.11e+04     2.64e+16   1733.209s
1985000 +1.64962566e+18 +1.67459074e+18  2.50e+16   1.22e+05     2.64e+16   1734.062s
1986000 +1.64961736e+18 +1.67451093e+18  2.49e+16   1.51e+05     2.64e+16   1734.915s
1987000 +1.64960907e+18 +1.67420345e+18  2.46e+16   1.80e+05     2.63e+16   1735.768s
1988000 +1.64960077e+18 +1.67392722e+18  2.43e+16   2.08e+05     2.63e+16   1736.622s
1989000 +1.64959248e+18 +1.66679274e+18  1.72e+16   1.98e+02     2.53e+16   1737.476s
1990000 +1.64958419e+18 +1.66680399e+18  1.72e+16   3.07e+00     2.53e+16   1738.330s
1991000 +1.64957589e+18 +1.66680307e+18  1.72e+16   2.21e+01     2.53e+16   1739.184s
1992000 +1.64956760e+18 +1.66680193e+18  1.72e+16   7.53e+00     2.53e+16   1740.037s
1993000 +1.64955930e+18 +1.66680189e+18  1.72e+16   5.09e-01     2.53e+16   1740.891s
1994000 +1.64955101e+18 +1.66680276e+18  1.73e+16   1.02e+01     2.53e+16   1741.745s
1995000 +1.64954272e+18 +1.66680357e+18  1.73e+16   2.73e+00     2.53e+16   1742.598s
1996000 +1.64953442e+18 +1.66680360e+18  1.73e+16   3.46e-01     2.53e+16   1743.451s
1997000 +1.64952613e+18 +1.66680316e+18  1.73e+16   6.82e+00     2.53e+16   1744.304s
1998000 +1.64951783e+18 +1.66680285e+18  1.73e+16   1.08e+00     2.53e+16   1745.158s
1999000 +1.64950954e+18 +1.66680300e+18  1.73e+16   2.06e-01     2.53e+16   1746.011s
2000000 +1.64950125e+18 +1.66680342e+18  1.73e+16   5.16e+00     2.53e+16   1746.865s
2001000 +1.64949295e+18 +1.66680362e+18  1.73e+16   2.87e-01     2.53e+16   1747.718s
2002000 +1.64948466e+18 +1.66680346e+18  1.73e+16   7.95e-02     2.53e+16   1748.572s
2003000 +1.64947637e+18 +1.66680320e+18  1.73e+16   4.10e+00     2.53e+16   1749.425s
2004000 +1.64946807e+18 +1.66680315e+18  1.73e+16   1.34e-01     2.53e+16   1750.278s
2005000 +1.64945978e+18 +1.66680333e+18  1.73e+16   1.60e+00     2.53e+16   1751.132s
2006000 +1.64945148e+18 +1.66680355e+18  1.74e+16   3.33e+00     2.53e+16   1751.985s
2007000 +1.64944319e+18 +1.66680358e+18  1.74e+16   9.38e-02     2.53e+16   1752.839s
2008000 +1.64943490e+18 +1.66680341e+18  1.74e+16   6.38e-01     2.53e+16   1753.692s
2009000 +1.64942660e+18 +1.66680327e+18  1.74e+16   2.73e+00     2.53e+16   1754.545s
2010000 +1.64941831e+18 +1.66680331e+18  1.74e+16   2.39e-01     2.53e+16   1755.399s
2011000 +1.64941001e+18 +1.66680347e+18  1.74e+16   8.72e-01     2.53e+16   1756.252s
2012000 +1.64940172e+18 +1.66680359e+18  1.74e+16   2.23e+00     2.53e+16   1757.105s
2013000 +1.64939343e+18 +1.66680354e+18  1.74e+16   1.76e-01     2.53e+16   1757.959s
2014000 +1.64938513e+18 +1.66680338e+18  1.74e+16   1.06e+00     2.53e+16   1758.812s
2015000 +1.64937684e+18 +1.66680332e+18  1.74e+16   1.80e+00     2.53e+16   1759.666s
2016000 +1.64936854e+18 +1.66680342e+18  1.74e+16   1.57e-01     2.53e+16   1760.519s
2017000 +1.64936025e+18 +1.66680356e+18  1.74e+16   1.19e+00     2.53e+16   1761.373s
2018000 +1.64935196e+18 +1.66680360e+18  1.75e+16   1.43e+00     2.53e+16   1762.226s
2019000 +1.64934366e+18 +1.66680348e+18  1.75e+16   1.48e-01     2.53e+16   1763.079s
2020000 +1.64933537e+18 +1.66680337e+18  1.75e+16   1.28e+00     2.53e+16   1763.932s
2021000 +1.64932707e+18 +1.66680339e+18  1.75e+16   1.13e+00     2.53e+16   1764.786s
2022000 +1.64931878e+18 +1.66680352e+18  1.75e+16   1.70e-01     2.53e+16   1765.639s
2023000 +1.64931049e+18 +1.66680360e+18  1.75e+16   1.34e+00     2.53e+16   1766.493s
2024000 +1.64930219e+18 +1.66680355e+18  1.75e+16   8.52e-01     2.53e+16   1767.346s
2025000 +1.64929390e+18 +1.66680343e+18  1.75e+16   1.60e-01     2.53e+16   1768.199s
2026000 +1.64928561e+18 +1.66680339e+18  1.75e+16   1.36e+00     2.53e+16   1769.053s
2027000 +1.64927731e+18 +1.66680348e+18  1.75e+16   5.79e-01     2.53e+16   1769.906s
2028000 +1.64926902e+18 +1.66680357e+18  1.75e+16   3.25e-01     2.53e+16   1770.760s
2029000 +1.64926072e+18 +1.66680358e+18  1.75e+16   1.38e+00     2.53e+16   1771.613s
2030000 +1.64925243e+18 +1.66680350e+18  1.76e+16   4.10e-01     2.53e+16   1772.466s
2031000 +1.64924414e+18 +1.66680343e+18  1.76e+16   1.07e-01     2.53e+16   1773.319s
2032000 +1.64923584e+18 +1.66680345e+18  1.76e+16   1.33e+00     2.53e+16   1774.173s
2033000 +1.64922755e+18 +1.66680353e+18  1.76e+16   5.50e-01     2.53e+16   1775.026s
2034000 +1.64921925e+18 +1.66680358e+18  1.76e+16   7.15e-02     2.53e+16   1775.879s
2035000 +1.64921096e+18 +1.66680354e+18  1.76e+16   1.30e+00     2.53e+16   1776.732s
2036000 +1.64920267e+18 +1.66680347e+18  1.76e+16   6.69e-01     2.53e+16   1777.586s
2037000 +1.64919437e+18 +1.66680343e+18  1.76e+16   7.68e-01     2.53e+16   1778.439s
2038000 +1.64918608e+18 +1.66679815e+18  1.76e+16   1.20e+00     2.53e+16   1779.293s
2039000 +1.64917779e+18 +1.66679997e+18  1.76e+16   2.24e+03     2.53e+16   1780.146s
2040000 +1.64916950e+18 +1.66678362e+18  1.76e+16   3.65e-01     2.53e+16   1781.000s
2041000 +1.64916122e+18 +1.66679186e+18  1.76e+16   1.14e+00     2.53e+16   1781.853s
2042000 +1.64915294e+18 +1.66679734e+18  1.76e+16   2.74e+03     2.53e+16   1782.706s
2043000 +1.64914466e+18 +1.66678520e+18  1.76e+16   1.62e+03     2.53e+16   1783.560s
2044000 +1.64913638e+18 +1.66678168e+18  1.76e+16   1.03e+00     2.53e+16   1784.413s
2045000 +1.64912810e+18 +1.66679765e+18  1.77e+16   2.05e+03     2.53e+16   1785.267s
2046000 +1.64911982e+18 +1.66678029e+18  1.77e+16   2.34e+03     2.53e+16   1786.120s
2047000 +1.64911155e+18 +1.66677134e+18  1.77e+16   8.04e+01     2.53e+16   1786.974s
2048000 +1.64910327e+18 +1.66678892e+18  1.77e+16   1.89e+03     2.53e+16   1787.827s
2049000 +1.64909500e+18 +1.66679422e+18  1.77e+16   7.95e+02     2.53e+16   1788.680s
2050000 +1.64908672e+18 +1.66677167e+18  1.77e+16   2.03e+03     2.53e+16   1789.534s
2051000 +1.64907845e+18 +1.66676902e+18  1.77e+16   1.69e+03     2.53e+16   1790.387s
2052000 +1.64907017e+18 +1.66678632e+18  1.77e+16   6.50e-01     2.53e+16   1791.240s
2053000 +1.64906190e+18 +1.66678822e+18  1.77e+16   1.74e+03     2.53e+16   1792.094s
2054000 +1.64905363e+18 +1.66677846e+18  1.77e+16   1.77e+03     2.53e+16   1792.948s
2055000 +1.64904535e+18 +1.66677483e+18  1.77e+16   3.67e+02     2.53e+16   1793.801s
2056000 +1.64903708e+18 +1.66677888e+18  1.77e+16   2.99e+02     2.53e+16   1794.654s
2057000 +1.64902880e+18 +1.66677993e+18  1.78e+16   2.35e+03     2.53e+16   1795.508s
2058000 +1.64902053e+18 +1.66677688e+18  1.78e+16   7.79e-01     2.53e+16   1796.361s
2059000 +1.64901225e+18 +1.66678298e+18  1.78e+16   6.27e+02     2.53e+16   1797.215s
2060000 +1.64900398e+18 +1.66678451e+18  1.78e+16   1.46e+03     2.53e+16   1798.068s
2061000 +1.64899571e+18 +1.66676886e+18  1.78e+16   1.43e+03     2.53e+16   1798.921s
2062000 +1.64898743e+18 +1.66677003e+18  1.78e+16   7.61e+02     2.53e+16   1799.775s
2063000 +1.64897916e+18 +1.66678934e+18  1.78e+16   7.34e+02     2.53e+16   1800.628s
2064000 +1.64897088e+18 +1.66678445e+18  1.78e+16   1.72e+03     2.53e+16   1801.481s
2065000 +1.64896261e+18 +1.66676860e+18  1.78e+16   1.06e+03     2.53e+16   1802.335s
2066000 +1.64895433e+18 +1.66677351e+18  1.78e+16   4.80e+02     2.53e+16   1803.188s
2067000 +1.64894606e+18 +1.66678072e+18  1.78e+16   2.43e+02     2.53e+16   1804.042s
2068000 +1.64893778e+18 +1.66677784e+18  1.78e+16   1.97e+03     2.53e+16   1804.895s
2069000 +1.64892951e+18 +1.66677725e+18  1.78e+16   3.00e+02     2.53e+16   1805.749s
2070000 +1.64892124e+18 +1.66677849e+18  1.79e+16   3.58e+02     2.53e+16   1806.602s
2071000 +1.64891296e+18 +1.66677552e+18  1.79e+16   1.68e+03     2.53e+16   1807.456s
2072000 +1.64890469e+18 +1.66677082e+18  1.79e+16   9.30e+02     2.53e+16   1808.309s
2073000 +1.64889641e+18 +1.66677490e+18  1.79e+16   4.18e+01     2.53e+16   1809.162s
2074000 +1.64888814e+18 +1.66679281e+18  1.79e+16   1.25e+03     2.53e+16   1810.015s
2075000 +1.64887986e+18 +1.66679325e+18  1.79e+16   1.61e+03     2.53e+16   1810.869s
2076000 +1.64887159e+18 +1.66678035e+18  1.79e+16   9.61e+01     2.53e+16   1811.722s
2077000 +1.64886332e+18 +1.66678868e+18  1.79e+16   1.27e+03     2.53e+16   1812.576s
2078000 +1.64885504e+18 +1.66679885e+18  1.79e+16   5.86e+02     2.53e+16   1813.429s
2079000 +1.64884677e+18 +1.66678930e+18  1.79e+16   1.29e+03     2.53e+16   1814.282s
2080000 +1.64883849e+18 +1.66678502e+18  1.79e+16   1.30e+03     2.53e+16   1815.135s
2081000 +1.64883022e+18 +1.66679059e+18  1.80e+16   1.34e+02     2.53e+16   1815.989s
2082000 +1.64882195e+18 +1.66678814e+18  1.80e+16   1.28e+03     2.53e+16   1816.842s
2083000 +1.64881367e+18 +1.66678756e+18  1.80e+16   1.32e+03     2.53e+16   1817.695s
2084000 +1.64880540e+18 +1.66679520e+18  1.80e+16   4.68e+01     2.53e+16   1818.549s
2085000 +1.64879712e+18 +1.66679641e+18  1.80e+16   3.01e+02     2.53e+16   1819.403s
2086000 +1.64878885e+18 +1.66678792e+18  1.80e+16   1.82e+03     2.53e+16   1820.256s
2087000 +1.64878058e+18 +1.66678302e+18  1.80e+16   7.40e-01     2.53e+16   1821.110s
2088000 +1.64877230e+18 +1.66679243e+18  1.80e+16   1.89e+00     2.53e+16   1821.963s
2089000 +1.64876403e+18 +1.66680033e+18  1.80e+16   1.34e+03     2.53e+16   1822.816s
2090000 +1.64875575e+18 +1.66679076e+18  1.80e+16   9.69e+02     2.53e+16   1823.670s
2091000 +1.64874748e+18 +1.66678405e+18  1.80e+16   1.91e+02     2.53e+16   1824.523s
2092000 +1.64873921e+18 +1.66679211e+18  1.81e+16   9.44e+02     2.53e+16   1825.376s
2093000 +1.64873093e+18 +1.66679215e+18  1.81e+16   1.27e+03     2.53e+16   1826.230s
2094000 +1.64872266e+18 +1.66678684e+18  1.81e+16   2.11e+02     2.53e+16   1827.083s
2095000 +1.64871438e+18 +1.66679226e+18  1.81e+16   8.45e+02     2.53e+16   1827.936s
2096000 +1.64870611e+18 +1.66679230e+18  1.81e+16   3.62e+02     2.53e+16   1828.790s
2097000 +1.64869784e+18 +1.66678406e+18  1.81e+16   1.21e+03     2.53e+16   1829.643s
2098000 +1.64868956e+18 +1.66678780e+18  1.81e+16   6.60e+02     2.53e+16   1830.496s
2099000 +1.64868129e+18 +1.66679699e+18  1.81e+16   2.07e+01     2.53e+16   1831.350s
2100000 +1.64867301e+18 +1.66679512e+18  1.81e+16   1.10e+03     2.53e+16   1832.203s
2101000 +1.64866474e+18 +1.66678671e+18  1.81e+16   8.06e+02     2.53e+16   1833.056s
2102000 +1.64865647e+18 +1.66678555e+18  1.81e+16   1.70e+01     2.53e+16   1833.910s
2103000 +1.64864819e+18 +1.66679370e+18  1.81e+16   6.11e+02     2.53e+16   1834.763s
2104000 +1.64863992e+18 +1.66679588e+18  1.82e+16   1.23e+03     2.53e+16   1835.616s
2105000 +1.64863164e+18 +1.66678956e+18  1.82e+16   1.82e+02     2.53e+16   1836.470s
2106000 +1.64862337e+18 +1.66679094e+18  1.82e+16   7.51e+02     2.53e+16   1837.323s
2107000 +1.64861510e+18 +1.66679362e+18  1.82e+16   5.70e+02     2.53e+16   1838.177s
2108000 +1.64860682e+18 +1.66678763e+18  1.82e+16   9.10e+02     2.53e+16   1839.030s
2109000 +1.64859855e+18 +1.66679014e+18  1.82e+16   7.97e+02     2.53e+16   1839.883s
2110000 +1.64859027e+18 +1.66679833e+18  1.82e+16   1.53e+02     2.53e+16   1840.737s
2111000 +1.64858200e+18 +1.66679165e+18  1.82e+16   1.05e+03     2.53e+16   1841.590s
2112000 +1.64857373e+18 +1.66678371e+18  1.82e+16   8.97e+02     2.53e+16   1842.444s
2113000 +1.64856545e+18 +1.66679023e+18  1.82e+16   1.93e+00     2.53e+16   1843.297s
2114000 +1.64855718e+18 +1.66679665e+18  1.82e+16   8.49e+01     2.53e+16   1844.151s
2115000 +1.64854890e+18 +1.66679361e+18  1.82e+16   1.38e+03     2.53e+16   1845.004s
2116000 +1.64854063e+18 +1.66678902e+18  1.82e+16   2.30e+02     2.53e+16   1845.857s
2117000 +1.64853236e+18 +1.66678993e+18  1.83e+16   4.51e+01     2.53e+16   1846.711s
2118000 +1.64852408e+18 +1.66679302e+18  1.83e+16   1.14e+03     2.53e+16   1847.564s
2119000 +1.64851581e+18 +1.66679011e+18  1.83e+16   6.47e+02     2.53e+16   1848.418s
2120000 +1.64850754e+18 +1.66679022e+18  1.83e+16   8.37e+01     2.53e+16   1849.271s
2121000 +1.64849926e+18 +1.66679486e+18  1.83e+16   9.01e+02     2.53e+16   1850.124s
2122000 +1.64849099e+18 +1.66678890e+18  1.83e+16   1.01e+03     2.53e+16   1850.978s
2123000 +1.64848272e+18 +1.66678369e+18  1.83e+16   9.44e-01     2.53e+16   1851.831s
2124000 +1.64847444e+18 +1.66679295e+18  1.83e+16   8.34e+02     2.53e+16   1852.685s
2125000 +1.64846617e+18 +1.66679722e+18  1.83e+16   3.30e+02     2.53e+16   1853.538s
2126000 +1.64845790e+18 +1.66678893e+18  1.83e+16   9.02e+02     2.53e+16   1854.392s
2127000 +1.64844962e+18 +1.66678685e+18  1.83e+16   7.81e+02     2.53e+16   1855.245s
2128000 +1.64844135e+18 +1.66679125e+18  1.83e+16   2.36e+01     2.53e+16   1856.098s
2129000 +1.64843308e+18 +1.66679306e+18  1.84e+16   8.17e+02     2.53e+16   1856.952s
2130000 +1.64842480e+18 +1.66679140e+18  1.84e+16   7.98e+02     2.53e+16   1857.805s
2131000 +1.64841653e+18 +1.66679009e+18  1.84e+16   2.02e+02     2.53e+16   1858.659s
2132000 +1.64840826e+18 +1.66679080e+18  1.84e+16   1.59e+02     2.53e+16   1859.512s
2133000 +1.64839998e+18 +1.66678930e+18  1.84e+16   1.12e+03     2.53e+16   1860.365s
2134000 +1.64839171e+18 +1.66678720e+18  1.84e+16   1.04e+01     2.53e+16   1861.218s
2135000 +1.64838344e+18 +1.66679365e+18  1.84e+16   2.35e+02     2.53e+16   1862.072s
2136000 +1.64837516e+18 +1.66679638e+18  1.84e+16   7.41e+02     2.53e+16   1862.925s
2137000 +1.64836689e+18 +1.66678663e+18  1.84e+16   6.88e+02     2.53e+16   1863.779s
2138000 +1.64835862e+18 +1.66678589e+18  1.84e+16   3.47e+02     2.53e+16   1864.632s
2139000 +1.64835034e+18 +1.66679530e+18  1.84e+16   3.88e+02     2.53e+16   1865.486s
2140000 +1.64834207e+18 +1.66679393e+18  1.85e+16   8.57e+02     2.53e+16   1866.339s
2141000 +1.64833380e+18 +1.66678837e+18  1.85e+16   4.98e+02     2.53e+16   1867.192s
2142000 +1.64832552e+18 +1.66679014e+18  1.85e+16   3.06e+02     2.53e+16   1868.046s
2143000 +1.64831725e+18 +1.66679031e+18  1.85e+16   1.53e+02     2.53e+16   1868.899s
2144000 +1.64830898e+18 +1.66678922e+18  1.85e+16   9.85e+02     2.53e+16   1869.752s
2145000 +1.64830070e+18 +1.66679122e+18  1.85e+16   1.50e+02     2.53e+16   1870.606s
2146000 +1.64829243e+18 +1.66679338e+18  1.85e+16   1.50e+02     2.53e+16   1871.459s
2147000 +1.64828416e+18 +1.66679200e+18  1.85e+16   8.90e+02     2.53e+16   1872.312s
2148000 +1.64827588e+18 +1.66678755e+18  1.85e+16   4.62e+02     2.53e+16   1873.166s
2149000 +1.64826761e+18 +1.66678799e+18  1.85e+16   5.03e-01     2.53e+16   1874.019s
2150000 +1.64825934e+18 +1.66679602e+18  1.85e+16   6.45e+02     2.53e+16   1874.872s
2151000 +1.64825106e+18 +1.66679422e+18  1.85e+16   8.50e+02     2.53e+16   1875.725s
2152000 +1.64824279e+18 +1.66678567e+18  1.85e+16   1.65e+02     2.53e+16   1876.579s
2153000 +1.64823452e+18 +1.66678882e+18  1.86e+16   6.76e+02     2.53e+16   1877.432s
2154000 +1.64822624e+18 +1.66679364e+18  1.86e+16   3.43e+02     2.53e+16   1878.286s
2155000 +1.64821797e+18 +1.66678965e+18  1.86e+16   6.82e+02     2.53e+16   1879.139s
2156000 +1.64820970e+18 +1.66679089e+18  1.86e+16   6.94e+02     2.53e+16   1879.992s
2157000 +1.64820142e+18 +1.66679370e+18  1.86e+16   1.69e+02     2.53e+16   1880.846s
2158000 +1.64819315e+18 +1.66678912e+18  1.86e+16   7.16e+02     2.53e+16   1881.699s
2159000 +1.64818488e+18 +1.66678786e+18  1.86e+16   7.23e+02     2.53e+16   1882.553s
2160000 +1.64817660e+18 +1.66679276e+18  1.86e+16   8.56e+00     2.53e+16   1883.406s
2161000 +1.64816833e+18 +1.66678410e+18  1.86e+16   8.43e+01     2.53e+16   1884.260s
2162000 +1.64816006e+18 +1.66678403e+18  1.86e+16   1.03e+03     2.53e+16   1885.113s
2163000 +1.64815180e+18 +1.66678445e+18  1.86e+16   4.00e+01     2.53e+16   1885.966s
2164000 +1.64814353e+18 +1.66678881e+18  1.86e+16   3.48e+02     2.53e+16   1886.820s
2165000 +1.64813526e+18 +1.66679143e+18  1.87e+16   1.50e+03     2.53e+16   1887.673s
2166000 +1.64812699e+18 +1.66678274e+18  1.87e+16   1.10e+03     2.53e+16   1888.526s
2167000 +1.64811872e+18 +1.66677768e+18  1.87e+16   1.66e+02     2.53e+16   1889.380s
2168000 +1.64811045e+18 +1.66678497e+18  1.87e+16   5.58e+02     2.53e+16   1890.233s
2169000 +1.64810218e+18 +1.66678829e+18  1.87e+16   7.38e+02     2.53e+16   1891.087s
2170000 +1.64809392e+18 +1.66678747e+18  1.87e+16   2.40e+02     2.53e+16   1891.940s
2171000 +1.64808565e+18 +1.66679089e+18  1.87e+16   1.30e+03     2.53e+16   1892.794s
2172000 +1.64807738e+18 +1.66678585e+18  1.87e+16   1.04e+03     2.53e+16   1893.647s
2173000 +1.64806911e+18 +1.66677640e+18  1.87e+16   6.99e+02     2.53e+16   1894.501s
2174000 +1.64806084e+18 +1.66677970e+18  1.87e+16   4.06e+02     2.53e+16   1895.354s
2175000 +1.64805257e+18 +1.66678977e+18  1.87e+16   7.10e+00     2.53e+16   1896.208s
2176000 +1.64804431e+18 +1.66679252e+18  1.87e+16   6.52e+02     2.53e+16   1897.061s
2177000 +1.64803604e+18 +1.66678726e+18  1.88e+16   1.22e+03     2.53e+16   1897.914s
2178000 +1.64802777e+18 +1.66678019e+18  1.88e+16   1.05e+03     2.53e+16   1898.768s
2179000 +1.64801950e+18 +1.66678039e+18  1.88e+16   3.48e+02     2.53e+16   1899.621s
2180000 +1.64801123e+18 +1.66678434e+18  1.88e+16   7.49e+02     2.53e+16   1900.474s
2181000 +1.64800297e+18 +1.66678638e+18  1.88e+16   1.89e+01     2.53e+16   1901.328s
2182000 +1.64799470e+18 +1.66679060e+18  1.88e+16   4.41e+02     2.53e+16   1902.181s
2183000 +1.64798643e+18 +1.66678994e+18  1.88e+16   1.11e+03     2.53e+16   1903.035s
2184000 +1.64797816e+18 +1.66677919e+18  1.88e+16   1.20e+03     2.53e+16   1903.888s
2185000 +1.64796989e+18 +1.66677766e+18  1.88e+16   4.79e+02     2.53e+16   1904.741s
2186000 +1.64796162e+18 +1.66678694e+18  1.88e+16   3.19e+01     2.53e+16   1905.594s
2187000 +1.64795336e+18 +1.66678808e+18  1.88e+16   6.51e+02     2.53e+16   1906.448s
2188000 +1.64794509e+18 +1.66678545e+18  1.88e+16   5.51e+02     2.53e+16   1907.301s
2189000 +1.64793682e+18 +1.66678708e+18  1.89e+16   9.46e+02     2.53e+16   1908.155s
2190000 +1.64792855e+18 +1.66678261e+18  1.89e+16   1.08e+03     2.53e+16   1909.008s
2191000 +1.64792029e+18 +1.66678133e+18  1.89e+16   8.94e+02     2.53e+16   1909.861s
2192000 +1.64791202e+18 +1.66677790e+18  1.89e+16   4.60e+02     2.53e+16   1910.715s
2193000 +1.64790375e+18 +1.66677954e+18  1.89e+16   1.44e+02     2.53e+16   1911.568s
2194000 +1.64789549e+18 +1.66678711e+18  1.89e+16   7.26e+02     2.53e+16   1912.421s
2195000 +1.64788722e+18 +1.66678558e+18  1.89e+16   9.96e+02     2.53e+16   1913.275s
2196000 +1.64787896e+18 +1.66677758e+18  1.89e+16   1.13e+03     2.53e+16   1914.128s
2197000 +1.64787069e+18 +1.66677865e+18  1.89e+16   6.21e+02     2.53e+16   1914.982s
2198000 +1.64786243e+18 +1.66678156e+18  1.89e+16   6.80e+02     2.53e+16   1915.835s
2199000 +1.64785416e+18 +1.66677840e+18  1.89e+16   4.42e+02     2.53e+16   1916.689s
2200000 +1.64784590e+18 +1.66678248e+18  1.89e+16   5.86e+02     2.53e+16   1917.542s
2201000 +1.64783763e+18 +1.66678849e+18  1.90e+16   7.94e+02     2.53e+16   1918.395s
2202000 +1.64782937e+18 +1.66678338e+18  1.90e+16   1.23e+03     2.53e+16   1919.249s
2203000 +1.64782110e+18 +1.66677545e+18  1.90e+16   7.83e+02     2.53e+16   1920.102s
2204000 +1.64781284e+18 +1.66676606e+18  1.90e+16   1.10e+02     2.53e+16   1920.955s
2205000 +1.64780463e+18 +1.66673082e+18  1.89e+16   5.41e+02     2.53e+16   1921.809s
2206000 +1.64779642e+18 +1.66668780e+18  1.89e+16   5.42e+02     2.53e+16   1922.662s
2207000 +1.64778821e+18 +1.66665876e+18  1.89e+16   7.86e+02     2.53e+16   1923.516s
2208000 +1.64778001e+18 +1.66666362e+18  1.89e+16   1.54e+04     2.53e+16   1924.369s
2209000 +1.64777180e+18 +1.66670310e+18  1.89e+16   2.96e+04     2.53e+16   1925.223s
2210000 +1.64776359e+18 +1.66674907e+18  1.90e+16   2.57e+04     2.53e+16   1926.076s
2211000 +1.64775538e+18 +1.66677528e+18  1.90e+16   6.22e+03     2.53e+16   1926.930s
2212000 +1.64774718e+18 +1.66676812e+18  1.90e+16   4.96e+02     2.53e+16   1927.783s
2213000 +1.64773897e+18 +1.66672472e+18  1.90e+16   7.50e+02     2.53e+16   1928.636s
2214000 +1.64773076e+18 +1.66667172e+18  1.89e+16   1.14e+03     2.53e+16   1929.490s
2215000 +1.64772255e+18 +1.66664890e+18  1.89e+16   5.98e+02     2.53e+16   1930.344s
2216000 +1.64771435e+18 +1.66666719e+18  1.90e+16   1.82e+04     2.53e+16   1931.197s
2217000 +1.64770614e+18 +1.66671350e+18  1.90e+16   2.92e+04     2.53e+16   1932.050s
2218000 +1.64769794e+18 +1.66671829e+18  1.90e+16   2.24e+04     2.53e+16   1932.904s
2219000 +1.64768975e+18 +1.66676482e+18  1.91e+16   2.07e+03     2.53e+16   1933.757s
2220000 +1.64768156e+18 +1.66673743e+18  1.91e+16   6.92e+03     2.53e+16   1934.610s
2221000 +1.64767337e+18 +1.66666705e+18  1.90e+16   5.98e+02     2.53e+16   1935.464s
2222000 +1.64766518e+18 +1.66665955e+18  1.90e+16   4.10e+02     2.53e+16   1936.317s
2223000 +1.64765699e+18 +1.66663455e+18  1.90e+16   7.02e+03     2.53e+16   1937.171s
2224000 +1.64764880e+18 +1.66663758e+18  1.90e+16   2.05e+04     2.53e+16   1938.024s
2225000 +1.64764061e+18 +1.66671704e+18  1.91e+16   2.84e+04     2.53e+16   1938.877s
2226000 +1.64763243e+18 +1.66673574e+18  1.91e+16   2.02e+04     2.53e+16   1939.730s
2227000 +1.64762424e+18 +1.66672736e+18  1.91e+16   8.46e+02     2.53e+16   1940.584s
2228000 +1.64761605e+18 +1.66673643e+18  1.91e+16   1.44e+02     2.53e+16   1941.437s
2229000 +1.64760786e+18 +1.66667220e+18  1.91e+16   6.60e+03     2.53e+16   1942.291s
2230000 +1.64759967e+18 +1.66662792e+18  1.90e+16   2.71e+02     2.53e+16   1943.144s
2231000 +1.64759148e+18 +1.66665380e+18  1.91e+16   3.86e+03     2.53e+16   1943.998s
2232000 +1.64758329e+18 +1.66665444e+18  1.91e+16   2.31e+04     2.53e+16   1944.851s
2233000 +1.64757510e+18 +1.66669213e+18  1.91e+16   2.70e+04     2.53e+16   1945.704s
2234000 +1.64756692e+18 +1.66674841e+18  1.92e+16   1.53e+04     2.53e+16   1946.557s
2235000 +1.64755873e+18 +1.66672407e+18  1.92e+16   5.25e+03     2.53e+16   1947.411s
2236000 +1.64755054e+18 +1.66670830e+18  1.92e+16   1.54e+02     2.53e+16   1948.264s
2237000 +1.64754235e+18 +1.66669169e+18  1.91e+16   1.87e+03     2.53e+16   1949.117s
2238000 +1.64753416e+18 +1.66662191e+18  1.91e+16   4.43e+03     2.53e+16   1949.970s
2239000 +1.64752597e+18 +1.66662761e+18  1.91e+16   7.36e+03     2.53e+16   1950.824s
2240000 +1.64751778e+18 +1.66667817e+18  1.92e+16   2.37e+04     2.53e+16   1951.677s
2241000 +1.64750959e+18 +1.66668787e+18  1.92e+16   2.55e+04     2.53e+16   1952.531s
2242000 +1.64750140e+18 +1.66673550e+18  1.92e+16   1.17e+04     2.53e+16   1953.384s
2243000 +1.64749322e+18 +1.66675340e+18  1.93e+16   3.99e+03     2.53e+16   1954.237s
2244000 +1.64748503e+18 +1.66668814e+18  1.92e+16   2.26e+03     2.53e+16   1955.091s
2245000 +1.64747684e+18 +1.66665773e+18  1.92e+16   9.17e+02     2.53e+16   1955.944s
2246000 +1.64746865e+18 +1.66663812e+18  1.92e+16   4.84e+03     2.53e+16   1956.798s
2247000 +1.64746046e+18 +1.66662013e+18  1.92e+16   1.05e+04     2.53e+16   1957.651s
2248000 +1.64745227e+18 +1.66668060e+18  1.92e+16   2.43e+04     2.53e+16   1958.504s
2249000 +1.64744408e+18 +1.66671879e+18  1.93e+16   2.38e+04     2.53e+16   1959.358s
2250000 +1.64743589e+18 +1.66671400e+18  1.93e+16   8.06e+03     2.53e+16   1960.211s
2251000 +1.64742771e+18 +1.66673646e+18  1.93e+16   7.90e+02     2.53e+16   1961.064s
2252000 +1.64741952e+18 +1.66669555e+18  1.93e+16   5.94e+03     2.53e+16   1961.918s
2253000 +1.64741133e+18 +1.66662965e+18  1.92e+16   3.29e+02     2.53e+16   1962.771s
2254000 +1.64740314e+18 +1.66664446e+18  1.92e+16   1.11e+02     2.53e+16   1963.624s
2255000 +1.64739495e+18 +1.66664843e+18  1.93e+16   1.46e+04     2.53e+16   1964.478s
2256000 +1.64738676e+18 +1.66665707e+18  1.93e+16   2.45e+04     2.53e+16   1965.331s
2257000 +1.64737857e+18 +1.66672254e+18  1.93e+16   2.08e+04     2.53e+16   1966.184s
2258000 +1.64737038e+18 +1.66673040e+18  1.94e+16   7.54e+03     2.53e+16   1967.038s
2259000 +1.64736219e+18 +1.66670319e+18  1.93e+16   4.90e+02     2.53e+16   1967.891s
2260000 +1.64735401e+18 +1.66669379e+18  1.93e+16   3.88e+02     2.53e+16   1968.744s
2261000 +1.64734582e+18 +1.66664158e+18  1.93e+16   5.86e+03     2.53e+16   1969.597s
2262000 +1.64733763e+18 +1.66662284e+18  1.93e+16   6.70e+02     2.53e+16   1970.451s
2263000 +1.64732944e+18 +1.66666098e+18  1.93e+16   1.56e+04     2.53e+16   1971.304s
2264000 +1.64732125e+18 +1.66666566e+18  1.93e+16   2.49e+04     2.53e+16   1972.158s
2265000 +1.64731309e+18 +1.66659373e+18  1.93e+16   1.81e+04     2.53e+16   1973.011s
2266000 +1.64730507e+18 +1.66653135e+18  1.92e+16   1.96e+04     2.53e+16   1973.865s
2267000 +1.64729706e+18 +1.66645301e+18  1.92e+16   4.79e+03     2.53e+16   1974.718s
2268000 +1.64728904e+18 +1.66658390e+18  1.93e+16   1.67e+04     2.53e+16   1975.571s
2269000 +1.64728102e+18 +1.66629606e+18  1.90e+16   1.63e+03     2.53e+16   1976.425s
2270000 +1.64727301e+18 +1.66660303e+18  1.93e+16   6.40e+03     2.53e+16   1977.278s
2271000 +1.64726499e+18 +1.66625171e+18  1.90e+16   1.77e+04     2.53e+16   1978.132s
2272000 +1.64725698e+18 +1.66665378e+18  1.94e+16   2.37e+04     2.53e+16   1978.985s
2273000 +1.64724896e+18 +1.66640036e+18  1.92e+16   2.15e+04     2.53e+16   1979.838s
2274000 +1.64724094e+18 +1.66656851e+18  1.93e+16   8.06e+02     2.53e+16   1980.692s
2275000 +1.64723293e+18 +1.66653349e+18  1.93e+16   1.96e+04     2.53e+16   1981.545s
2276000 +1.64722491e+18 +1.66635075e+18  1.91e+16   2.04e+03     2.53e+16   1982.398s
2277000 +1.64721689e+18 +1.66657784e+18  1.94e+16   1.33e+04     2.53e+16   1983.251s
2278000 +1.64720888e+18 +1.66626064e+18  1.91e+16   5.70e+03     2.53e+16   1984.105s
2279000 +1.64720087e+18 +1.66660555e+18  1.94e+16   1.91e+04     2.53e+16   1984.958s
2280000 +1.64719288e+18 +1.66628413e+18  1.91e+16   2.35e+04     2.53e+16   1985.811s
2281000 +1.64718488e+18 +1.66664337e+18  1.95e+16   1.32e+04     2.53e+16   1986.665s
2282000 +1.64717688e+18 +1.66637888e+18  1.92e+16   1.69e+04     2.53e+16   1987.518s
2283000 +1.64716889e+18 +1.66648556e+18  1.93e+16   1.38e+02     2.53e+16   1988.372s
2284000 +1.64716089e+18 +1.66648937e+18  1.93e+16   1.87e+04     2.53e+16   1989.225s
2285000 +1.64715289e+18 +1.66627023e+18  1.91e+16   6.28e+02     2.53e+16   1990.078s
2286000 +1.64714490e+18 +1.66657007e+18  1.94e+16   1.16e+04     2.53e+16   1990.932s
2287000 +1.64713690e+18 +1.66623893e+18  1.91e+16   2.08e+04     2.53e+16   1991.785s
2288000 +1.64712890e+18 +1.66662939e+18  1.95e+16   2.11e+04     2.53e+16   1992.638s
2289000 +1.64712091e+18 +1.66633380e+18  1.92e+16   1.39e+04     2.53e+16   1993.492s
2290000 +1.64711291e+18 +1.66658165e+18  1.95e+16   5.45e+03     2.53e+16   1994.345s
2291000 +1.64710491e+18 +1.66639361e+18  1.93e+16   1.78e+04     2.53e+16   1995.199s
2292000 +1.64709692e+18 +1.66640722e+18  1.93e+16   5.53e+02     2.53e+16   1996.052s
2293000 +1.64708892e+18 +1.66647773e+18  1.94e+16   1.66e+04     2.53e+16   1996.906s
2294000 +1.64708092e+18 +1.66623908e+18  1.92e+16   9.44e+03     2.53e+16   1997.759s
2295000 +1.64707293e+18 +1.66660894e+18  1.95e+16   2.14e+04     2.53e+16   1998.612s
2296000 +1.64706493e+18 +1.66626947e+18  1.92e+16   2.00e+04     2.53e+16   1999.466s
2297000 +1.64705693e+18 +1.66662735e+18  1.96e+16   6.21e+03     2.53e+16   2000.319s
2298000 +1.64704894e+18 +1.66636054e+18  1.93e+16   1.33e+04     2.53e+16   2001.172s
2299000 +1.64704094e+18 +1.66649950e+18  1.95e+16   4.44e+03     2.53e+16   2002.025s
2300000 +1.64703295e+18 +1.66639144e+18  1.94e+16   1.78e+04     2.53e+16   2002.879s
2301000 +1.64702496e+18 +1.66632315e+18  1.93e+16   2.87e+03     2.53e+16   2003.732s
2302000 +1.64701697e+18 +1.66648459e+18  1.95e+16   1.77e+04     2.53e+16   2004.585s
2303000 +1.64700898e+18 +1.66625366e+18  1.92e+16   2.10e+04     2.53e+16   2005.439s
2304000 +1.64700099e+18 +1.66664054e+18  1.96e+16   1.75e+04     2.53e+16   2006.292s
2305000 +1.64699300e+18 +1.66628832e+18  1.93e+16   7.28e+03     2.53e+16   2007.146s
2306000 +1.64698501e+18 +1.66657576e+18  1.96e+16   2.32e+03     2.53e+16   2007.999s
2307000 +1.64697702e+18 +1.66633246e+18  1.94e+16   1.55e+04     2.53e+16   2008.852s
2308000 +1.64696903e+18 +1.66639517e+18  1.94e+16   2.00e+03     2.53e+16   2009.705s
2309000 +1.64696104e+18 +1.66641898e+18  1.95e+16   1.67e+04     2.53e+16   2010.559s
2310000 +1.64695305e+18 +1.66630483e+18  1.94e+16   1.45e+04     2.53e+16   2011.412s
2311000 +1.64694506e+18 +1.66653122e+18  1.96e+16   2.27e+04     2.53e+16   2012.266s
2312000 +1.64693707e+18 +1.66627652e+18  1.93e+16   1.51e+04     2.53e+16   2013.119s
2313000 +1.64692908e+18 +1.66662617e+18  1.97e+16   4.23e+03     2.53e+16   2013.972s
2314000 +1.64692109e+18 +1.66628628e+18  1.94e+16   9.24e+03     2.53e+16   2014.827s
2315000 +1.64691310e+18 +1.66651016e+18  1.96e+16   2.22e+03     2.53e+16   2015.684s
2316000 +1.64690511e+18 +1.66632804e+18  1.94e+16   1.70e+04     2.53e+16   2016.541s
2317000 +1.64689712e+18 +1.66633917e+18  1.94e+16   1.40e+03     2.53e+16   2017.398s
2318000 +1.64688913e+18 +1.66646901e+18  1.96e+16   2.14e+04     2.53e+16   2018.255s
2319000 +1.64688114e+18 +1.66629734e+18  1.94e+16   2.09e+04     2.53e+16   2019.112s
2320000 +1.64687315e+18 +1.66656653e+18  1.97e+16   1.38e+04     2.53e+16   2019.969s
2321000 +1.64686516e+18 +1.66629234e+18  1.94e+16   9.39e+02     2.53e+16   2020.826s
2322000 +1.64685717e+18 +1.66657743e+18  1.97e+16   4.93e+03     2.53e+16   2021.683s
2323000 +1.64684918e+18 +1.66627442e+18  1.94e+16   1.20e+04     2.53e+16   2022.540s
2324000 +1.64684119e+18 +1.66643908e+18  1.96e+16   2.26e+03     2.53e+16   2023.396s
2325000 +1.64683320e+18 +1.66634311e+18  1.95e+16   1.75e+04     2.53e+16   2024.253s
2326000 +1.64682521e+18 +1.66632042e+18  1.95e+16   1.67e+04     2.53e+16   2025.110s
2327000 +1.64681722e+18 +1.66653096e+18  1.97e+16   2.28e+04     2.53e+16   2025.967s
2328000 +1.64680923e+18 +1.66629974e+18  1.95e+16   1.13e+04     2.53e+16   2026.824s
2329000 +1.64680124e+18 +1.66657421e+18  1.98e+16   1.79e+03     2.53e+16   2027.681s
2330000 +1.64679325e+18 +1.66627691e+18  1.95e+16   4.67e+03     2.53e+16   2028.537s
2331000 +1.64678527e+18 +1.66649710e+18  1.97e+16   4.06e+03     2.53e+16   2029.394s
2332000 +1.64677728e+18 +1.66627477e+18  1.95e+16   1.40e+04     2.53e+16   2030.250s
2333000 +1.64676929e+18 +1.66639667e+18  1.96e+16   6.77e+03     2.53e+16   2031.107s
2334000 +1.64676130e+18 +1.66639805e+18  1.96e+16   2.38e+04     2.53e+16   2031.963s
2335000 +1.64675331e+18 +1.66633084e+18  1.96e+16   1.81e+04     2.53e+16   2032.818s
2336000 +1.64674532e+18 +1.66656633e+18  1.98e+16   1.18e+04     2.53e+16   2033.675s
2337000 +1.64673733e+18 +1.66627424e+18  1.95e+16   3.60e+03     2.53e+16   2034.530s
2338000 +1.64672934e+18 +1.66653740e+18  1.98e+16   9.92e+02     2.53e+16   2035.384s
2339000 +1.64672135e+18 +1.66625202e+18  1.95e+16   8.34e+03     2.53e+16   2036.237s
2340000 +1.64671336e+18 +1.66643917e+18  1.97e+16   1.96e+03     2.53e+16   2037.091s
2341000 +1.64670537e+18 +1.66632307e+18  1.96e+16   1.74e+04     2.53e+16   2037.944s
2342000 +1.64669738e+18 +1.66637824e+18  1.97e+16   1.85e+04     2.53e+16   2038.798s
2343000 +1.64668939e+18 +1.66644582e+18  1.98e+16   2.17e+04     2.53e+16   2039.651s
2344000 +1.64668140e+18 +1.66632551e+18  1.96e+16   4.87e+03     2.53e+16   2040.505s
2345000 +1.64667341e+18 +1.66656530e+18  1.99e+16   6.62e+03     2.53e+16   2041.358s
2346000 +1.64666542e+18 +1.66624291e+18  1.96e+16   2.35e+03     2.53e+16   2042.212s
2347000 +1.64665743e+18 +1.66649028e+18  1.98e+16   1.06e+03     2.53e+16   2043.065s
2348000 +1.64664944e+18 +1.66624816e+18  1.96e+16   1.15e+04     2.53e+16   2043.918s
2349000 +1.64664145e+18 +1.66640570e+18  1.98e+16   1.07e+04     2.53e+16   2044.772s
2350000 +1.64663346e+18 +1.66638349e+18  1.98e+16   2.39e+04     2.53e+16   2045.625s
2351000 +1.64662548e+18 +1.66635166e+18  1.97e+16   1.56e+04     2.53e+16   2046.479s
2352000 +1.64661750e+18 +1.66647514e+18  1.99e+16   1.19e+04     2.53e+16   2047.332s
2353000 +1.64660952e+18 +1.66628626e+18  1.97e+16   7.59e+02     2.53e+16   2048.185s
2354000 +1.64660155e+18 +1.66650156e+18  1.99e+16   4.92e+03     2.53e+16   2049.039s
2355000 +1.64659358e+18 +1.66619495e+18  1.96e+16   4.45e+03     2.53e+16   2049.892s
2356000 +1.64658561e+18 +1.66643681e+18  1.99e+16   1.09e+03     2.53e+16   2050.746s
2357000 +1.64657764e+18 +1.66625652e+18  1.97e+16   1.83e+04     2.53e+16   2051.599s
2358000 +1.64656967e+18 +1.66637803e+18  1.98e+16   1.81e+04     2.53e+16   2052.452s
2359000 +1.64656170e+18 +1.66643011e+18  1.99e+16   1.95e+04     2.53e+16   2053.306s
2360000 +1.64655373e+18 +1.66631919e+18  1.98e+16   4.67e+03     2.53e+16   2054.159s
2361000 +1.64654576e+18 +1.66646424e+18  1.99e+16   8.80e+03     2.53e+16   2055.012s
2362000 +1.64653779e+18 +1.66622935e+18  1.97e+16   1.85e+02     2.53e+16   2055.866s
2363000 +1.64652982e+18 +1.66645048e+18  1.99e+16   3.77e+03     2.53e+16   2056.719s
2364000 +1.64652184e+18 +1.66620231e+18  1.97e+16   7.47e+03     2.53e+16   2057.573s
2365000 +1.64651387e+18 +1.66641807e+18  1.99e+16   1.39e+04     2.53e+16   2058.426s
2366000 +1.64650590e+18 +1.66630585e+18  1.98e+16   2.27e+04     2.53e+16   2059.279s
2367000 +1.64649793e+18 +1.66637146e+18  1.99e+16   1.07e+04     2.53e+16   2060.133s
2368000 +1.64648996e+18 +1.66645117e+18  2.00e+16   1.34e+04     2.53e+16   2060.986s
2369000 +1.64648199e+18 +1.66625772e+18  1.98e+16   3.27e+03     2.53e+16   2061.840s
2370000 +1.64647402e+18 +1.66644928e+18  2.00e+16   5.57e+03     2.53e+16   2062.693s
2371000 +1.64646605e+18 +1.66620664e+18  1.97e+16   2.16e+03     2.53e+16   2063.547s
2372000 +1.64645808e+18 +1.66642117e+18  2.00e+16   4.38e+03     2.53e+16   2064.400s
2373000 +1.64645011e+18 +1.66623915e+18  1.98e+16   1.79e+04     2.53e+16   2065.254s
2374000 +1.64644214e+18 +1.66641231e+18  2.00e+16   1.71e+04     2.53e+16   2066.107s
2375000 +1.64643417e+18 +1.66635735e+18  1.99e+16   1.66e+04     2.53e+16   2066.961s
2376000 +1.64642620e+18 +1.66634580e+18  1.99e+16   3.35e+02     2.53e+16   2067.814s
2377000 +1.64641823e+18 +1.66645124e+18  2.00e+16   1.18e+04     2.53e+16   2068.668s
2378000 +1.64641025e+18 +1.66621237e+18  1.98e+16   2.07e+03     2.53e+16   2069.521s
2379000 +1.64640228e+18 +1.66643140e+18  2.00e+16   2.28e+03     2.53e+16   2070.374s
2380000 +1.64639431e+18 +1.66619920e+18  1.98e+16   7.76e+03     2.53e+16   2071.227s
2381000 +1.64638634e+18 +1.66642485e+18  2.00e+16   1.57e+04     2.53e+16   2072.081s
2382000 +1.64637837e+18 +1.66631329e+18  1.99e+16   1.96e+04     2.53e+16   2072.934s
2383000 +1.64637040e+18 +1.66639803e+18  2.00e+16   7.41e+03     2.53e+16   2073.787s
2384000 +1.64636243e+18 +1.66638313e+18  2.00e+16   1.38e+04     2.53e+16   2074.641s
2385000 +1.64635446e+18 +1.66630256e+18  1.99e+16   5.40e+02     2.53e+16   2075.495s
2386000 +1.64634649e+18 +1.66643251e+18  2.01e+16   9.61e+03     2.53e+16   2076.348s
2387000 +1.64633852e+18 +1.66618198e+18  1.98e+16   1.96e+03     2.53e+16   2077.201s
2388000 +1.64633055e+18 +1.66643771e+18  2.01e+16   8.05e+03     2.53e+16   2078.055s
2389000 +1.64632258e+18 +1.66624222e+18  1.99e+16   1.77e+04     2.53e+16   2078.908s
2390000 +1.64631461e+18 +1.66643757e+18  2.01e+16   1.44e+04     2.53e+16   2079.762s
2391000 +1.64630664e+18 +1.66635838e+18  2.01e+16   1.36e+04     2.53e+16   2080.615s
2392000 +1.64629866e+18 +1.66635202e+18  2.01e+16   3.98e+03     2.53e+16   2081.468s
2393000 +1.64629069e+18 +1.66639075e+18  2.01e+16   1.26e+04     2.53e+16   2082.322s
2394000 +1.64628272e+18 +1.66625247e+18  2.00e+16   3.84e+02     2.53e+16   2083.175s
2395000 +1.64627475e+18 +1.66642115e+18  2.01e+16   6.75e+03     2.53e+16   2084.028s
2396000 +1.64626678e+18 +1.66620095e+18  1.99e+16   1.00e+04     2.53e+16   2084.882s
2397000 +1.64625881e+18 +1.66645604e+18  2.02e+16   1.63e+04     2.53e+16   2085.735s
2398000 +1.64625084e+18 +1.66627513e+18  2.00e+16   1.58e+04     2.53e+16   2086.588s
2399000 +1.64624298e+18 +1.66620180e+18  2.00e+16   1.58e+03     2.53e+16   2087.442s
2400000 +1.64623512e+18 +1.66615449e+18  1.99e+16   1.43e+04     2.53e+16   2088.295s
2401000 +1.64622727e+18 +1.66611889e+18  1.99e+16   2.74e+04     2.53e+16   2089.148s
2402000 +1.64621941e+18 +1.66629015e+18  2.01e+16   3.31e+04     2.53e+16   2090.002s
2403000 +1.64621155e+18 +1.66616980e+18  2.00e+16   1.44e+04     2.53e+16   2090.855s
2404000 +1.64620369e+18 +1.66636496e+18  2.02e+16   1.18e+04     2.53e+16   2091.708s
2405000 +1.64619584e+18 +1.66610737e+18  1.99e+16   1.64e+04     2.53e+16   2092.562s
2406000 +1.64618798e+18 +1.66625774e+18  2.01e+16   1.13e+04     2.53e+16   2093.415s
2407000 +1.64618012e+18 +1.66607422e+18  1.99e+16   1.07e+04     2.53e+16   2094.269s
2408000 +1.64617227e+18 +1.66617818e+18  2.00e+16   1.86e+04     2.53e+16   2095.122s
2409000 +1.64616441e+18 +1.66623077e+18  2.01e+16   3.44e+04     2.53e+16   2095.975s
2410000 +1.64615655e+18 +1.66615475e+18  2.00e+16   2.33e+04     2.53e+16   2096.829s
2411000 +1.64614869e+18 +1.66634263e+18  2.02e+16   8.66e+03     2.53e+16   2097.682s
2412000 +1.64614084e+18 +1.66611880e+18  2.00e+16   1.30e+04     2.53e+16   2098.535s
2413000 +1.64613298e+18 +1.66627075e+18  2.01e+16   1.57e+04     2.53e+16   2099.389s
2414000 +1.64612512e+18 +1.66604221e+18  1.99e+16   1.08e+04     2.53e+16   2100.242s
2415000 +1.64611726e+18 +1.66619885e+18  2.01e+16   8.77e+03     2.53e+16   2101.095s
2416000 +1.64610941e+18 +1.66613079e+18  2.00e+16   3.02e+04     2.53e+16   2101.949s
2417000 +1.64610155e+18 +1.66621528e+18  2.01e+16   2.88e+04     2.53e+16   2102.802s
2418000 +1.64609369e+18 +1.66629367e+18  2.02e+16   1.66e+04     2.53e+16   2103.656s
2419000 +1.64608584e+18 +1.66611697e+18  2.00e+16   4.07e+03     2.53e+16   2104.509s
2420000 +1.64607798e+18 +1.66627752e+18  2.02e+16   1.47e+04     2.53e+16   2105.362s
2421000 +1.64607012e+18 +1.66601464e+18  1.99e+16   1.53e+04     2.53e+16   2106.215s
2422000 +1.64606234e+18 +1.66606050e+18  2.00e+16   2.52e+04     2.53e+16   2107.069s
2423000 +1.64605456e+18 +1.66588536e+18  1.98e+16   2.23e+04     2.53e+16   2107.922s
2424000 +1.64604678e+18 +1.66604704e+18  2.00e+16   3.04e+04     2.53e+16   2108.775s
2425000 +1.64603901e+18 +1.66610093e+18  2.01e+16   2.34e+04     2.53e+16   2109.628s
2426000 +1.64603123e+18 +1.66614864e+18  2.01e+16   6.59e+02     2.53e+16   2110.482s
2427000 +1.64602345e+18 +1.66623863e+18  2.02e+16   1.25e+04     2.53e+16   2111.335s
2428000 +1.64601567e+18 +1.66598289e+18  2.00e+16   2.34e+04     2.53e+16   2112.188s
2429000 +1.64600790e+18 +1.66612182e+18  2.01e+16   3.22e+04     2.53e+16   2113.042s
2430000 +1.64600012e+18 +1.66585111e+18  1.99e+16   2.51e+04     2.53e+16   2113.896s
2431000 +1.64599234e+18 +1.66606146e+18  2.01e+16   2.77e+04     2.53e+16   2114.749s
2432000 +1.64598457e+18 +1.66599946e+18  2.00e+16   2.78e+04     2.53e+16   2115.602s
2433000 +1.64597679e+18 +1.66611013e+18  2.01e+16   7.37e+03     2.53e+16   2116.456s
2434000 +1.64596901e+18 +1.66616314e+18  2.02e+16   1.24e+04     2.53e+16   2117.309s
2435000 +1.64596123e+18 +1.66606235e+18  2.01e+16   7.75e+03     2.53e+16   2118.163s
2436000 +1.64595346e+18 +1.66613589e+18  2.02e+16   2.64e+04     2.53e+16   2119.016s
2437000 +1.64594568e+18 +1.66588011e+18  1.99e+16   3.12e+04     2.53e+16   2119.869s
2438000 +1.64593790e+18 +1.66608611e+18  2.01e+16   2.93e+04     2.53e+16   2120.722s
2439000 +1.64593013e+18 +1.66590286e+18  2.00e+16   2.89e+04     2.53e+16   2121.576s
2440000 +1.64592235e+18 +1.66612331e+18  2.02e+16   1.63e+04     2.53e+16   2122.429s
2441000 +1.64591457e+18 +1.66607608e+18  2.02e+16   1.16e+04     2.53e+16   2123.283s
2442000 +1.64590680e+18 +1.66607460e+18  2.02e+16   5.47e+02     2.53e+16   2124.136s
2443000 +1.64589902e+18 +1.66612993e+18  2.02e+16   1.49e+04     2.53e+16   2124.990s
2444000 +1.64589124e+18 +1.66595245e+18  2.01e+16   2.65e+04     2.53e+16   2125.843s
2445000 +1.64588346e+18 +1.66609104e+18  2.02e+16   3.32e+04     2.53e+16   2126.696s
2446000 +1.64587569e+18 +1.66589072e+18  2.00e+16   3.21e+04     2.53e+16   2127.549s
2447000 +1.64586791e+18 +1.66612421e+18  2.03e+16   2.34e+04     2.53e+16   2128.402s
2448000 +1.64586013e+18 +1.66597588e+18  2.01e+16   7.93e+03     2.53e+16   2129.256s
2449000 +1.64585236e+18 +1.66612781e+18  2.03e+16   8.24e+02     2.53e+16   2130.109s
2450000 +1.64584458e+18 +1.66607218e+18  2.02e+16   1.24e+04     2.53e+16   2130.962s
2451000 +1.64583680e+18 +1.66598917e+18  2.02e+16   1.17e+04     2.53e+16   2131.816s
2452000 +1.64582902e+18 +1.66610397e+18  2.03e+16   2.92e+04     2.53e+16   2132.669s
2453000 +1.64582125e+18 +1.66592333e+18  2.01e+16   3.65e+04     2.53e+16   2133.522s
2454000 +1.64581347e+18 +1.66612983e+18  2.03e+16   3.05e+04     2.53e+16   2134.376s
2455000 +1.64580569e+18 +1.66594252e+18  2.01e+16   1.31e+04     2.53e+16   2135.229s
2456000 +1.64579792e+18 +1.66612916e+18  2.03e+16   3.38e+03     2.53e+16   2136.082s
2457000 +1.64579014e+18 +1.66599269e+18  2.02e+16   9.01e+03     2.53e+16   2136.936s
2458000 +1.64578236e+18 +1.66606671e+18  2.03e+16   2.22e+03     2.53e+16   2137.789s
2459000 +1.64577459e+18 +1.66605266e+18  2.03e+16   1.86e+04     2.53e+16   2138.642s
2460000 +1.64576681e+18 +1.66596116e+18  2.02e+16   3.15e+04     2.53e+16   2139.496s
2461000 +1.64575903e+18 +1.66615038e+18  2.04e+16   3.86e+04     2.53e+16   2140.349s
2462000 +1.64575125e+18 +1.66594407e+18  2.02e+16   2.37e+04     2.53e+16   2141.202s
2463000 +1.64574348e+18 +1.66614684e+18  2.04e+16   1.76e+03     2.53e+16   2142.055s
2464000 +1.64573570e+18 +1.66593984e+18  2.02e+16   4.26e+03     2.53e+16   2142.909s
2465000 +1.64572792e+18 +1.66606947e+18  2.03e+16   2.34e+03     2.53e+16   2143.762s
2466000 +1.64572015e+18 +1.66598984e+18  2.03e+16   1.11e+04     2.53e+16   2144.615s
2467000 +1.64571237e+18 +1.66604116e+18  2.03e+16   1.71e+04     2.53e+16   2145.469s
2468000 +1.64570459e+18 +1.66611002e+18  2.04e+16   3.79e+04     2.53e+16   2146.322s
2469000 +1.64569682e+18 +1.66598394e+18  2.03e+16   3.51e+04     2.53e+16   2147.175s
2470000 +1.64568904e+18 +1.66616308e+18  2.05e+16   1.48e+04     2.53e+16   2148.029s
2471000 +1.64568126e+18 +1.66590699e+18  2.02e+16   1.25e+03     2.53e+16   2148.882s
2472000 +1.64567348e+18 +1.66609888e+18  2.04e+16   1.57e+03     2.53e+16   2149.735s
2473000 +1.64566571e+18 +1.66591761e+18  2.03e+16   6.91e+03     2.53e+16   2150.589s
2474000 +1.64565793e+18 +1.66604352e+18  2.04e+16   5.64e+03     2.53e+16   2151.442s
2475000 +1.64565015e+18 +1.66606206e+18  2.04e+16   2.67e+04     2.53e+16   2152.296s
2476000 +1.64564238e+18 +1.66606084e+18  2.04e+16   3.80e+04     2.53e+16   2153.149s
2477000 +1.64563460e+18 +1.66614309e+18  2.05e+16   3.06e+04     2.53e+16   2154.002s
2478000 +1.64562683e+18 +1.66591624e+18  2.03e+16   9.32e+03     2.53e+16   2154.856s
2479000 +1.64561907e+18 +1.66607750e+18  2.05e+16   7.49e+03     2.53e+16   2155.709s
2480000 +1.64561131e+18 +1.66582260e+18  2.02e+16   5.71e+03     2.53e+16   2156.562s
2481000 +1.64560355e+18 +1.66603601e+18  2.04e+16   5.49e+03     2.53e+16   2157.416s
2482000 +1.64559579e+18 +1.66593440e+18  2.03e+16   1.49e+04     2.53e+16   2158.269s
2483000 +1.64558803e+18 +1.66605333e+18  2.05e+16   3.05e+04     2.53e+16   2159.122s
2484000 +1.64558027e+18 +1.66610317e+18  2.05e+16   3.76e+04     2.53e+16   2159.976s
2485000 +1.64557251e+18 +1.66598361e+18  2.04e+16   2.28e+04     2.53e+16   2160.829s
2486000 +1.64556476e+18 +1.66605743e+18  2.05e+16   9.68e+03     2.53e+16   2161.683s
2487000 +1.64555700e+18 +1.66581065e+18  2.03e+16   2.74e+03     2.53e+16   2162.536s
2488000 +1.64554924e+18 +1.66599487e+18  2.04e+16   3.96e+03     2.53e+16   2163.389s
2489000 +1.64554148e+18 +1.66582504e+18  2.03e+16   3.89e+03     2.53e+16   2164.243s
2490000 +1.64553372e+18 +1.66607827e+18  2.05e+16   1.97e+04     2.53e+16   2165.096s
2491000 +1.64552596e+18 +1.66602198e+18  2.05e+16   3.36e+04     2.53e+16   2165.950s
2492000 +1.64551821e+18 +1.66604977e+18  2.05e+16   3.08e+04     2.53e+16   2166.803s
2493000 +1.64551045e+18 +1.66607381e+18  2.06e+16   2.19e+04     2.53e+16   2167.656s
2494000 +1.64550269e+18 +1.66585059e+18  2.03e+16   3.20e+03     2.53e+16   2168.510s
2495000 +1.64549493e+18 +1.66596422e+18  2.05e+16   6.12e+03     2.53e+16   2169.363s
2496000 +1.64548717e+18 +1.66576157e+18  2.03e+16   8.07e+02     2.53e+16   2170.216s
2497000 +1.64547941e+18 +1.66603213e+18  2.06e+16   1.04e+04     2.53e+16   2171.070s
2498000 +1.64547166e+18 +1.66595088e+18  2.05e+16   2.54e+04     2.53e+16   2171.923s
2499000 +1.64546390e+18 +1.66613814e+18  2.07e+16   2.99e+04     2.53e+16   2172.777s
2500000 +1.64545614e+18 +1.66604096e+18  2.06e+16   2.87e+04     2.53e+16   2173.630s
2501000 +1.64544838e+18 +1.66594302e+18  2.05e+16   1.72e+04     2.53e+16   2174.483s
2502000 +1.64544062e+18 +1.66596889e+18  2.05e+16   9.66e+03     2.53e+16   2175.337s
2503000 +1.64543286e+18 +1.66574559e+18  2.03e+16   1.42e+03     2.53e+16   2176.190s
2504000 +1.64542511e+18 +1.66598829e+18  2.06e+16   4.19e+03     2.53e+16   2177.043s
2505000 +1.64541735e+18 +1.66586686e+18  2.04e+16   1.87e+04     2.53e+16   2177.897s
2506000 +1.64540959e+18 +1.66614051e+18  2.07e+16   2.52e+04     2.53e+16   2178.750s
2507000 +1.64540183e+18 +1.66603761e+18  2.06e+16   2.69e+04     2.53e+16   2179.603s
2508000 +1.64539407e+18 +1.66607892e+18  2.07e+16   2.56e+04     2.53e+16   2180.457s
2509000 +1.64538631e+18 +1.66595761e+18  2.06e+16   1.84e+04     2.53e+16   2181.310s
2510000 +1.64537856e+18 +1.66581027e+18  2.04e+16   4.25e+02     2.53e+16   2182.163s
2511000 +1.64537080e+18 +1.66593840e+18  2.06e+16   8.38e+03     2.53e+16   2183.017s
2512000 +1.64536304e+18 +1.66579992e+18  2.04e+16   1.19e+04     2.53e+16   2183.870s
2513000 +1.64535528e+18 +1.66612803e+18  2.08e+16   2.27e+04     2.53e+16   2184.724s
2514000 +1.64534752e+18 +1.66599342e+18  2.06e+16   2.20e+04     2.53e+16   2185.578s
2515000 +1.64533976e+18 +1.66616347e+18  2.08e+16   2.36e+04     2.53e+16   2186.431s
2516000 +1.64533201e+18 +1.66600221e+18  2.07e+16   2.59e+04     2.53e+16   2187.284s
2517000 +1.64532425e+18 +1.66592733e+18  2.06e+16   1.33e+04     2.53e+16   2188.137s
2518000 +1.64531649e+18 +1.66588396e+18  2.06e+16   1.03e+04     2.53e+16   2188.991s
2519000 +1.64530873e+18 +1.66579257e+18  2.05e+16   4.08e+03     2.53e+16   2189.844s
2520000 +1.64530097e+18 +1.66604860e+18  2.07e+16   2.01e+04     2.53e+16   2190.698s
2521000 +1.64529322e+18 +1.66594386e+18  2.07e+16   2.18e+04     2.53e+16   2191.551s
2522000 +1.64528546e+18 +1.66622855e+18  2.09e+16   1.65e+04     2.53e+16   2192.404s
2523000 +1.64527770e+18 +1.66600356e+18  2.07e+16   2.46e+04     2.53e+16   2193.258s
2524000 +1.64526994e+18 +1.66604794e+18  2.08e+16   2.30e+04     2.53e+16   2194.111s
2525000 +1.64526218e+18 +1.66589540e+18  2.06e+16   1.45e+04     2.53e+16   2194.964s
2526000 +1.64525443e+18 +1.66582303e+18  2.06e+16   2.91e+03     2.53e+16   2195.818s
2527000 +1.64524667e+18 +1.66594672e+18  2.07e+16   1.62e+04     2.53e+16   2196.671s
2528000 +1.64523891e+18 +1.66590751e+18  2.07e+16   2.16e+04     2.53e+16   2197.524s
2529000 +1.64523115e+18 +1.66619184e+18  2.10e+16   1.74e+04     2.53e+16   2198.377s
2530000 +1.64522339e+18 +1.66601336e+18  2.08e+16   1.52e+04     2.53e+16   2199.231s
2531000 +1.64521564e+18 +1.66616646e+18  2.10e+16   2.42e+04     2.53e+16   2200.084s
2532000 +1.64520788e+18 +1.66588425e+18  2.07e+16   2.30e+04     2.53e+16   2200.938s
2533000 +1.64520012e+18 +1.66590469e+18  2.07e+16   8.85e+03     2.53e+16   2201.791s
2534000 +1.64519236e+18 +1.66588102e+18  2.07e+16   1.24e+04     2.53e+16   2202.644s
2535000 +1.64518460e+18 +1.66586951e+18  2.07e+16   1.97e+04     2.53e+16   2203.497s
2536000 +1.64517685e+18 +1.66609913e+18  2.09e+16   2.13e+04     2.53e+16   2204.351s
2537000 +1.64516909e+18 +1.66599624e+18  2.08e+16   1.14e+04     2.53e+16   2205.204s
2538000 +1.64516133e+18 +1.66619590e+18  2.10e+16   1.71e+04     2.53e+16   2206.057s
2539000 +1.64515357e+18 +1.66593075e+18  2.08e+16   2.46e+04     2.53e+16   2206.911s
2540000 +1.64514581e+18 +1.66601040e+18  2.09e+16   2.10e+04     2.53e+16   2207.764s
2541000 +1.64513805e+18 +1.66580212e+18  2.07e+16   1.15e+04     2.53e+16   2208.617s
2542000 +1.64513030e+18 +1.66587870e+18  2.07e+16   1.53e+04     2.53e+16   2209.471s
2543000 +1.64512254e+18 +1.66598307e+18  2.09e+16   2.36e+04     2.53e+16   2210.324s
2544000 +1.64511478e+18 +1.66595985e+18  2.08e+16   1.40e+04     2.53e+16   2211.178s
2545000 +1.64510702e+18 +1.66617522e+18  2.11e+16   1.20e+04     2.53e+16   2212.031s
2546000 +1.64509926e+18 +1.66595087e+18  2.09e+16   1.83e+04     2.53e+16   2212.885s
2547000 +1.64509151e+18 +1.66607592e+18  2.10e+16   2.42e+04     2.53e+16   2213.738s
2548000 +1.64508375e+18 +1.66581614e+18  2.07e+16   1.98e+04     2.53e+16   2214.591s
2549000 +1.64507599e+18 +1.66591196e+18  2.08e+16   1.03e+04     2.53e+16   2215.445s
2550000 +1.64506823e+18 +1.66584457e+18  2.08e+16   2.17e+04     2.53e+16   2216.298s
2551000 +1.64506047e+18 +1.66594598e+18  2.09e+16   1.79e+04     2.53e+16   2217.151s
2552000 +1.64505272e+18 +1.66608545e+18  2.10e+16   1.10e+04     2.53e+16   2218.005s
2553000 +1.64504496e+18 +1.66596566e+18  2.09e+16   1.05e+04     2.53e+16   2218.858s
2554000 +1.64503720e+18 +1.66612032e+18  2.11e+16   1.90e+04     2.53e+16   2219.711s
2555000 +1.64502944e+18 +1.66582627e+18  2.08e+16   2.36e+04     2.53e+16   2220.565s
2556000 +1.64502168e+18 +1.66595717e+18  2.09e+16   1.72e+04     2.53e+16   2221.418s
2557000 +1.64501393e+18 +1.66579236e+18  2.08e+16   1.67e+04     2.53e+16   2222.272s
2558000 +1.64500617e+18 +1.66593023e+18  2.09e+16   1.97e+04     2.53e+16   2223.125s
2559000 +1.64499841e+18 +1.66595829e+18  2.10e+16   1.44e+04     2.53e+16   2223.978s
2560000 +1.64499065e+18 +1.66598438e+18  2.10e+16   3.93e+03     2.53e+16   2224.832s
2561000 +1.64498289e+18 +1.66608740e+18  2.11e+16   1.33e+04     2.53e+16   2225.686s
2562000 +1.64497514e+18 +1.66587783e+18  2.09e+16   1.92e+04     2.53e+16   2226.539s
2563000 +1.64496738e+18 +1.66601661e+18  2.10e+16   2.28e+04     2.53e+16   2227.392s
2564000 +1.64495962e+18 +1.66575516e+18  2.08e+16   1.82e+04     2.53e+16   2228.246s
2565000 +1.64495186e+18 +1.66595010e+18  2.10e+16   1.89e+04     2.53e+16   2229.099s
2566000 +1.64494410e+18 +1.66587275e+18  2.09e+16   1.75e+04     2.53e+16   2229.952s
2567000 +1.64493635e+18 +1.66597195e+18  2.10e+16   2.70e+03     2.53e+16   2230.806s
2568000 +1.64492859e+18 +1.66601242e+18  2.11e+16   1.08e+04     2.53e+16   2231.659s
2569000 +1.64492083e+18 +1.66593582e+18  2.10e+16   1.14e+04     2.53e+16   2232.512s
2570000 +1.64491307e+18 +1.66603021e+18  2.11e+16   2.07e+04     2.53e+16   2233.366s
2571000 +1.64490531e+18 +1.66580543e+18  2.09e+16   2.22e+04     2.53e+16   2234.219s
2572000 +1.64489756e+18 +1.66598165e+18  2.11e+16   2.09e+04     2.53e+16   2235.073s
2573000 +1.64488980e+18 +1.66578831e+18  2.09e+16   1.87e+04     2.53e+16   2235.926s
2574000 +1.64488204e+18 +1.66599109e+18  2.11e+16   8.37e+03     2.53e+16   2236.780s
2575000 +1.64487428e+18 +1.66593572e+18  2.11e+16   9.13e+03     2.53e+16   2237.633s
2576000 +1.64486652e+18 +1.66596309e+18  2.11e+16   6.72e+03     2.53e+16   2238.486s
2577000 +1.64485877e+18 +1.66601409e+18  2.12e+16   1.48e+04     2.53e+16   2239.340s
2578000 +1.64485101e+18 +1.66586847e+18  2.10e+16   2.04e+04     2.53e+16   2240.193s
2579000 +1.64484325e+18 +1.66599163e+18  2.11e+16   2.41e+04     2.53e+16   2241.046s
2580000 +1.64483550e+18 +1.66580526e+18  2.10e+16   2.17e+04     2.53e+16   2241.900s
2581000 +1.64482775e+18 +1.66599320e+18  2.12e+16   1.39e+04     2.53e+16   2242.753s
2582000 +1.64481999e+18 +1.66583626e+18  2.10e+16   5.96e+03     2.53e+16   2243.607s
2583000 +1.64481224e+18 +1.66599929e+18  2.12e+16   3.72e+02     2.53e+16   2244.461s
2584000 +1.64480449e+18 +1.66595883e+18  2.12e+16   1.23e+04     2.53e+16   2245.314s
2585000 +1.64479673e+18 +1.66591908e+18  2.11e+16   1.28e+04     2.53e+16   2246.167s
2586000 +1.64478898e+18 +1.66600045e+18  2.12e+16   2.23e+04     2.53e+16   2247.020s
2587000 +1.64478123e+18 +1.66583761e+18  2.11e+16   2.61e+04     2.53e+16   2247.874s
2588000 +1.64477347e+18 +1.66600879e+18  2.12e+16   1.93e+04     2.53e+16   2248.727s
2589000 +1.64476572e+18 +1.66582726e+18  2.11e+16   6.50e+03     2.53e+16   2249.581s
2590000 +1.64475797e+18 +1.66599784e+18  2.12e+16   2.60e+03     2.53e+16   2250.434s
2591000 +1.64475079e+18 +1.66309879e+18  1.83e+16   7.44e+03     2.51e+16   2251.287s
2592000 +1.64474386e+18 +1.66581538e+18  2.11e+16   8.65e+03     2.53e+16   2252.141s
2593000 +1.64473693e+18 +1.66380008e+18  1.91e+16   9.88e+04     2.52e+16   2252.994s
2594000 +1.64473000e+18 +1.66460006e+18  1.99e+16   2.39e+04     2.52e+16   2253.848s
2595000 +1.64472306e+18 +1.66521370e+18  2.05e+16   1.16e+05     2.52e+16   2254.701s
2596000 +1.64471613e+18 +1.66330191e+18  1.86e+16   1.39e+04     2.51e+16   2255.555s
2597000 +1.64470920e+18 +1.66595237e+18  2.12e+16   1.82e+04     2.53e+16   2256.408s
2598000 +1.64470227e+18 +1.66319197e+18  1.85e+16   4.38e+04     2.51e+16   2257.261s
2599000 +1.64469534e+18 +1.66534458e+18  2.06e+16   3.58e+03     2.53e+16   2258.115s
2600000 +1.64468840e+18 +1.66434833e+18  1.97e+16   1.19e+05     2.52e+16   2258.969s
2601000 +1.64468147e+18 +1.66400634e+18  1.93e+16   1.60e+04     2.52e+16   2259.822s
2602000 +1.64467454e+18 +1.66566264e+18  2.10e+16   8.17e+04     2.53e+16   2260.675s
2603000 +1.64466761e+18 +1.66314116e+18  1.85e+16   2.40e+04     2.51e+16   2261.529s
2604000 +1.64466068e+18 +1.66580802e+18  2.11e+16   8.88e+03     2.53e+16   2262.382s
2605000 +1.64465374e+18 +1.66356172e+18  1.89e+16   8.99e+04     2.52e+16   2263.235s
2606000 +1.64464681e+18 +1.66472131e+18  2.01e+16   3.98e+03     2.52e+16   2264.089s
2607000 +1.64463988e+18 +1.66490407e+18  2.03e+16   1.12e+05     2.52e+16   2264.942s
2608000 +1.64463295e+18 +1.66349929e+18  1.89e+16   1.09e+04     2.51e+16   2265.795s
2609000 +1.64462602e+18 +1.66582318e+18  2.12e+16   3.28e+04     2.53e+16   2266.649s
2610000 +1.64461908e+18 +1.66329954e+18  1.87e+16   4.48e+04     2.51e+16   2267.502s
2611000 +1.64461215e+18 +1.66537589e+18  2.08e+16   2.12e+04     2.53e+16   2268.355s
2612000 +1.64460522e+18 +1.66418252e+18  1.96e+16   1.14e+05     2.52e+16   2269.209s
2613000 +1.64459829e+18 +1.66404838e+18  1.95e+16   5.42e+03     2.52e+16   2270.062s
2614000 +1.64459136e+18 +1.66531096e+18  2.07e+16   7.99e+04     2.53e+16   2270.916s
2615000 +1.64458442e+18 +1.66324769e+18  1.87e+16   6.61e+03     2.51e+16   2271.769s
2616000 +1.64457749e+18 +1.66565087e+18  2.11e+16   1.53e+04     2.53e+16   2272.623s
2617000 +1.64457056e+18 +1.66369977e+18  1.91e+16   8.56e+04     2.51e+16   2273.476s
2618000 +1.64456363e+18 +1.66476594e+18  2.02e+16   2.63e+04     2.52e+16   2274.329s
2619000 +1.64455669e+18 +1.66485166e+18  2.03e+16   1.12e+05     2.52e+16   2275.183s
2620000 +1.64454976e+18 +1.66351483e+18  1.90e+16   6.75e+03     2.51e+16   2276.036s
2621000 +1.64454283e+18 +1.66554678e+18  2.10e+16   3.05e+04     2.53e+16   2276.890s
2622000 +1.64453590e+18 +1.66323619e+18  1.87e+16   2.84e+04     2.51e+16   2277.743s
2623000 +1.64452897e+18 +1.66518265e+18  2.07e+16   7.60e+03     2.53e+16   2278.596s
2624000 +1.64452203e+18 +1.66427279e+18  1.98e+16   1.10e+05     2.52e+16   2279.450s
2625000 +1.64451510e+18 +1.66409484e+18  1.96e+16   2.42e+04     2.52e+16   2280.304s
2626000 +1.64450817e+18 +1.66541951e+18  2.09e+16   8.52e+04     2.53e+16   2281.157s
2627000 +1.64450124e+18 +1.66323219e+18  1.87e+16   1.61e+04     2.51e+16   2282.010s
2628000 +1.64449431e+18 +1.66551076e+18  2.10e+16   1.77e+03     2.53e+16   2282.864s
2629000 +1.64448737e+18 +1.66352056e+18  1.90e+16   7.57e+04     2.51e+16   2283.717s
2630000 +1.64448044e+18 +1.66457410e+18  2.01e+16   1.73e+03     2.52e+16   2284.571s
2631000 +1.64447351e+18 +1.66481470e+18  2.03e+16   1.10e+05     2.52e+16   2285.425s
2632000 +1.64446658e+18 +1.66351345e+18  1.90e+16   1.95e+04     2.51e+16   2286.278s
2633000 +1.64445965e+18 +1.66575814e+18  2.13e+16   4.16e+04     2.53e+16   2287.132s
2634000 +1.64445271e+18 +1.66323371e+18  1.88e+16   3.00e+04     2.51e+16   2287.985s
2635000 +1.64444578e+18 +1.66525893e+18  2.08e+16   1.22e+04     2.53e+16   2288.838s
2636000 +1.64443885e+18 +1.66401077e+18  1.96e+16   1.04e+05     2.52e+16   2289.692s
2637000 +1.64443192e+18 +1.66392626e+18  1.95e+16   5.78e+02     2.52e+16   2290.545s
2638000 +1.64442524e+18 +1.66474609e+18  2.03e+16   8.50e+04     2.52e+16   2291.399s
2639000 +1.64441862e+18 +1.66234576e+18  1.79e+16   1.60e+04     2.51e+16   2292.252s
2640000 +1.64441200e+18 +1.66503966e+18  2.06e+16   2.98e+04     2.53e+16   2293.105s
2641000 +1.64440538e+18 +1.66321408e+18  1.88e+16   7.98e+04     2.51e+16   2293.959s
2642000 +1.64439876e+18 +1.66481138e+18  2.04e+16   2.28e+04     2.52e+16   2294.813s
2643000 +1.64439214e+18 +1.66445968e+18  2.01e+16   1.09e+05     2.52e+16   2295.666s
2644000 +1.64438552e+18 +1.66292117e+18  1.85e+16   1.07e+03     2.51e+16   2296.520s
2645000 +1.64437890e+18 +1.66468633e+18  2.03e+16   4.19e+04     2.53e+16   2297.373s
2646000 +1.64437227e+18 +1.66235628e+18  1.80e+16   2.84e+04     2.51e+16   2298.227s
2647000 +1.64436565e+18 +1.66510594e+18  2.07e+16   3.94e+04     2.52e+16   2299.080s
2648000 +1.64435903e+18 +1.66395863e+18  1.96e+16   1.02e+05     2.52e+16   2299.933s
2649000 +1.64435241e+18 +1.66417467e+18  1.98e+16   1.77e+04     2.52e+16   2300.787s
2650000 +1.64434579e+18 +1.66462134e+18  2.03e+16   8.93e+04     2.52e+16   2301.640s
2651000 +1.64433917e+18 +1.66238388e+18  1.80e+16   8.94e+03     2.51e+16   2302.494s
2652000 +1.64433255e+18 +1.66474715e+18  2.04e+16   2.32e+04     2.53e+16   2303.347s
2653000 +1.64432593e+18 +1.66296070e+18  1.86e+16   7.14e+04     2.51e+16   2304.201s
2654000 +1.64431931e+18 +1.66479793e+18  2.05e+16   2.03e+04     2.52e+16   2305.054s
2655000 +1.64431269e+18 +1.66440121e+18  2.01e+16   1.08e+05     2.52e+16   2305.908s
2656000 +1.64430607e+18 +1.66332152e+18  1.90e+16   1.23e+04     2.51e+16   2306.762s
2657000 +1.64429945e+18 +1.66467541e+18  2.04e+16   5.01e+04     2.53e+16   2307.615s
2658000 +1.64429283e+18 +1.66248596e+18  1.82e+16   2.81e+04     2.51e+16   2308.468s
2659000 +1.64428621e+18 +1.66484734e+18  2.06e+16   3.65e+04     2.52e+16   2309.322s
2660000 +1.64427959e+18 +1.66371104e+18  1.94e+16   9.57e+04     2.52e+16   2310.175s
2661000 +1.64427297e+18 +1.66405286e+18  1.98e+16   1.27e+04     2.52e+16   2311.028s
2662000 +1.64426635e+18 +1.66452028e+18  2.03e+16   9.01e+04     2.52e+16   2311.882s
2663000 +1.64425973e+18 +1.66263245e+18  1.84e+16   1.33e+04     2.51e+16   2312.736s
2664000 +1.64425311e+18 +1.66481954e+18  2.06e+16   2.33e+04     2.53e+16   2313.589s
2665000 +1.64424649e+18 +1.66314930e+18  1.89e+16   6.78e+04     2.51e+16   2314.443s
2666000 +1.64423987e+18 +1.66467807e+18  2.04e+16   2.32e+04     2.52e+16   2315.296s
2667000 +1.64423325e+18 +1.66424593e+18  2.00e+16   1.05e+05     2.52e+16   2316.149s
2668000 +1.64422663e+18 +1.66308527e+18  1.89e+16   1.04e+04     2.51e+16   2317.003s
2669000 +1.64422001e+18 +1.66452236e+18  2.03e+16   5.29e+04     2.52e+16   2317.856s
2670000 +1.64421339e+18 +1.66253033e+18  1.83e+16   2.42e+04     2.51e+16   2318.710s
2671000 +1.64420677e+18 +1.66495373e+18  2.07e+16   3.60e+04     2.52e+16   2319.563s
2672000 +1.64420015e+18 +1.66388743e+18  1.97e+16   9.19e+04     2.52e+16   2320.416s
2673000 +1.64419353e+18 +1.66409679e+18  1.99e+16   1.88e+04     2.52e+16   2321.270s
2674000 +1.64418691e+18 +1.66448749e+18  2.03e+16   9.16e+04     2.52e+16   2322.124s
2675000 +1.64418029e+18 +1.66236796e+18  1.82e+16   8.61e+03     2.51e+16   2322.977s
2676000 +1.64417367e+18 +1.66465204e+18  2.05e+16   2.16e+04     2.53e+16   2323.831s
2677000 +1.64416705e+18 +1.66294270e+18  1.88e+16   6.17e+04     2.51e+16   2324.684s
2678000 +1.64416043e+18 +1.66478440e+18  2.06e+16   1.95e+04     2.52e+16   2325.537s
2679000 +1.64415381e+18 +1.66437422e+18  2.02e+16   1.03e+05     2.52e+16   2326.391s
2680000 +1.64414718e+18 +1.66324241e+18  1.91e+16   1.41e+04     2.51e+16   2327.244s
2681000 +1.64414056e+18 +1.66459063e+18  2.05e+16   5.85e+04     2.52e+16   2328.097s
2682000 +1.64413394e+18 +1.66229418e+18  1.82e+16   2.28e+04     2.51e+16   2328.951s
2683000 +1.64412732e+18 +1.66482643e+18  2.07e+16   3.49e+04     2.52e+16   2329.804s
2684000 +1.64412070e+18 +1.66353796e+18  1.94e+16   8.76e+04     2.51e+16   2330.658s
2685000 +1.64411408e+18 +1.66417150e+18  2.01e+16   1.12e+04     2.52e+16   2331.511s
2686000 +1.64410746e+18 +1.66447501e+18  2.04e+16   9.19e+04     2.52e+16   2332.365s
2687000 +1.64410084e+18 +1.66256828e+18  1.85e+16   9.85e+03     2.51e+16   2333.219s
2688000 +1.64409422e+18 +1.66478775e+18  2.07e+16   2.34e+04     2.53e+16   2334.072s
2689000 +1.64408760e+18 +1.66278277e+18  1.87e+16   5.71e+04     2.51e+16   2334.926s
2690000 +1.64408098e+18 +1.66475131e+18  2.07e+16   2.19e+04     2.52e+16   2335.779s
2691000 +1.64407436e+18 +1.66398381e+18  1.99e+16   1.01e+05     2.52e+16   2336.632s
2692000 +1.64406774e+18 +1.66327622e+18  1.92e+16   1.28e+04     2.51e+16   2337.485s
2693000 +1.64406112e+18 +1.66445497e+18  2.04e+16   6.02e+04     2.52e+16   2338.339s
2694000 +1.64405450e+18 +1.66243455e+18  1.84e+16   1.75e+04     2.51e+16   2339.193s
2695000 +1.64404788e+18 +1.66493679e+18  2.09e+16   3.50e+04     2.52e+16   2340.046s
2696000 +1.64404126e+18 +1.66350021e+18  1.95e+16   8.26e+04     2.51e+16   2340.899s
2697000 +1.64403464e+18 +1.66426072e+18  2.02e+16   1.80e+04     2.52e+16   2341.753s
2698000 +1.64402802e+18 +1.66415633e+18  2.01e+16   9.29e+04     2.52e+16   2342.606s
2699000 +1.64402140e+18 +1.66255467e+18  1.85e+16   1.29e+04     2.51e+16   2343.460s
2700000 +1.64401478e+18 +1.66453677e+18  2.05e+16   2.34e+04     2.52e+16   2344.313s
2701000 +1.64400816e+18 +1.66283402e+18  1.88e+16   4.88e+04     2.51e+16   2345.167s
2702000 +1.64400154e+18 +1.66483099e+18  2.08e+16   2.21e+04     2.52e+16   2346.021s
2703000 +1.64399492e+18 +1.66402688e+18  2.00e+16   9.76e+04     2.52e+16   2346.874s
2704000 +1.64398830e+18 +1.66341898e+18  1.94e+16   1.58e+04     2.51e+16   2347.728s
2705000 +1.64398168e+18 +1.66428101e+18  2.03e+16   6.54e+04     2.52e+16   2348.581s
2706000 +1.64397506e+18 +1.66239595e+18  1.84e+16   2.03e+04     2.51e+16   2349.435s
2707000 +1.64396844e+18 +1.66467662e+18  2.07e+16   3.48e+04     2.52e+16   2350.289s
2708000 +1.64396182e+18 +1.66346387e+18  1.95e+16   7.65e+04     2.51e+16   2351.142s
2709000 +1.64395519e+18 +1.66425193e+18  2.03e+16   9.09e+03     2.52e+16   2351.995s
2710000 +1.64394857e+18 +1.66424419e+18  2.03e+16   9.27e+04     2.52e+16   2352.849s
2711000 +1.64394195e+18 +1.66269547e+18  1.88e+16   1.15e+04     2.51e+16   2353.703s
2712000 +1.64393533e+18 +1.66449525e+18  2.06e+16   2.85e+04     2.52e+16   2354.556s
2713000 +1.64392871e+18 +1.66278283e+18  1.89e+16   4.77e+04     2.51e+16   2355.410s
2714000 +1.64392209e+18 +1.66466089e+18  2.07e+16   2.46e+04     2.52e+16   2356.263s
2715000 +1.64391547e+18 +1.66394935e+18  2.00e+16   9.45e+04     2.52e+16   2357.117s
2716000 +1.64390885e+18 +1.66334813e+18  1.94e+16   5.33e+03     2.51e+16   2357.971s
2717000 +1.64390223e+18 +1.66434291e+18  2.04e+16   6.64e+04     2.52e+16   2358.825s
2718000 +1.64389561e+18 +1.66242077e+18  1.85e+16   1.68e+04     2.51e+16   2359.678s
2719000 +1.64388899e+18 +1.66476212e+18  2.09e+16   3.32e+04     2.52e+16   2360.531s
2720000 +1.64388237e+18 +1.66342900e+18  1.95e+16   7.37e+04     2.51e+16   2361.385s
2721000 +1.64387575e+18 +1.66421460e+18  2.03e+16   1.98e+04     2.52e+16   2362.238s
2722000 +1.64386913e+18 +1.66416671e+18  2.03e+16   9.30e+04     2.52e+16   2363.092s
2723000 +1.64386251e+18 +1.66258321e+18  1.87e+16   3.10e+03     2.51e+16   2363.945s
2724000 +1.64385589e+18 +1.66451122e+18  2.07e+16   2.77e+04     2.52e+16   2364.798s
2725000 +1.64384927e+18 +1.66268091e+18  1.88e+16   4.03e+04     2.51e+16   2365.652s
2726000 +1.64384265e+18 +1.66479815e+18  2.10e+16   2.26e+04     2.52e+16   2366.505s
2727000 +1.64383603e+18 +1.66389466e+18  2.01e+16   9.18e+04     2.52e+16   2367.358s
2728000 +1.64382941e+18 +1.66346708e+18  1.96e+16   1.89e+04     2.51e+16   2368.212s
2729000 +1.64382279e+18 +1.66429623e+18  2.05e+16   7.18e+04     2.52e+16   2369.065s
2730000 +1.64381617e+18 +1.66230062e+18  1.85e+16   1.28e+04     2.51e+16   2369.918s
2731000 +1.64380955e+18 +1.66474173e+18  2.09e+16   3.10e+04     2.52e+16   2370.771s
2732000 +1.64380293e+18 +1.66321884e+18  1.94e+16   6.68e+04     2.51e+16   2371.625s
2733000 +1.64379630e+18 +1.66436470e+18  2.06e+16   7.55e+03     2.52e+16   2372.478s
2734000 +1.64378968e+18 +1.66408087e+18  2.03e+16   9.26e+04     2.52e+16   2373.331s
2735000 +1.64378306e+18 +1.66275199e+18  1.90e+16   1.22e+04     2.51e+16   2374.185s
2736000 +1.64377644e+18 +1.66447759e+18  2.07e+16   3.83e+04     2.52e+16   2375.038s
2737000 +1.64376982e+18 +1.66263025e+18  1.89e+16   3.90e+04     2.51e+16   2375.892s
2738000 +1.64376320e+18 +1.66479209e+18  2.10e+16   2.22e+04     2.52e+16   2376.745s
2739000 +1.64375658e+18 +1.66365149e+18  1.99e+16   8.76e+04     2.52e+16   2377.599s
2740000 +1.64374996e+18 +1.66356307e+18  1.98e+16   3.82e+03     2.51e+16   2378.452s
2741000 +1.64374334e+18 +1.66412903e+18  2.04e+16   7.23e+04     2.52e+16   2379.305s
2742000 +1.64373672e+18 +1.66245203e+18  1.87e+16   1.23e+04     2.51e+16   2380.159s
2743000 +1.64373010e+18 +1.66472672e+18  2.10e+16   3.45e+04     2.52e+16   2381.012s
2744000 +1.64372348e+18 +1.66323238e+18  1.95e+16   6.51e+04     2.51e+16   2381.866s
2745000 +1.64371686e+18 +1.66440167e+18  2.07e+16   1.53e+04     2.52e+16   2382.719s
2746000 +1.64371024e+18 +1.66390395e+18  2.02e+16   9.13e+04     2.52e+16   2383.572s
2747000 +1.64370362e+18 +1.66277565e+18  1.91e+16   4.26e+03     2.51e+16   2384.426s
2748000 +1.64369700e+18 +1.66424673e+18  2.05e+16   3.63e+04     2.52e+16   2385.279s
2749000 +1.64369038e+18 +1.66267462e+18  1.90e+16   3.31e+04     2.51e+16   2386.133s
2750000 +1.64368376e+18 +1.66475533e+18  2.11e+16   2.55e+04     2.52e+16   2386.986s
2751000 +1.64367714e+18 +1.66374647e+18  2.01e+16   8.56e+04     2.52e+16   2387.839s
2752000 +1.64367052e+18 +1.66365622e+18  2.00e+16   2.02e+04     2.52e+16   2388.693s
2753000 +1.64366390e+18 +1.66405025e+18  2.04e+16   7.48e+04     2.52e+16   2389.546s
2754000 +1.64365728e+18 +1.66241068e+18  1.88e+16   8.49e+03     2.51e+16   2390.399s
2755000 +1.64365066e+18 +1.66449663e+18  2.08e+16   2.93e+04     2.52e+16   2391.253s
2756000 +1.64364404e+18 +1.66315634e+18  1.95e+16   5.73e+04     2.51e+16   2392.106s
2757000 +1.64363742e+18 +1.66433493e+18  2.07e+16   9.75e+03     2.52e+16   2392.960s
2758000 +1.64363080e+18 +1.66400239e+18  2.04e+16   9.11e+04     2.52e+16   2393.813s
2759000 +1.64362418e+18 +1.66286495e+18  1.92e+16   1.78e+04     2.51e+16   2394.666s
2760000 +1.64361756e+18 +1.66431796e+18  2.07e+16   4.35e+04     2.52e+16   2395.520s
2761000 +1.64361094e+18 +1.66260598e+18  1.90e+16   3.18e+04     2.51e+16   2396.373s
2762000 +1.64360432e+18 +1.66459094e+18  2.10e+16   2.31e+04     2.52e+16   2397.227s
2763000 +1.64359770e+18 +1.66358275e+18  2.00e+16   8.03e+04     2.51e+16   2398.080s
2764000 +1.64359108e+18 +1.66354713e+18  2.00e+16   5.87e+03     2.52e+16   2398.933s
2765000 +1.64358446e+18 +1.66409425e+18  2.05e+16   7.65e+04     2.52e+16   2399.787s
2766000 +1.64357784e+18 +1.66244597e+18  1.89e+16   1.43e+04     2.51e+16   2400.642s
2767000 +1.64357122e+18 +1.66465939e+18  2.11e+16   3.21e+04     2.52e+16   2401.495s
2768000 +1.64356460e+18 +1.66310300e+18  1.95e+16   5.52e+04     2.51e+16   2402.348s
2769000 +1.64355798e+18 +1.66434697e+18  2.08e+16   8.82e+03     2.52e+16   2403.202s
2770000 +1.64355136e+18 +1.66379751e+18  2.02e+16   8.93e+04     2.52e+16   2404.055s
2771000 +1.64354474e+18 +1.66271107e+18  1.92e+16   6.39e+02     2.51e+16   2404.908s
2772000 +1.64353812e+18 +1.66425399e+18  2.07e+16   4.46e+04     2.52e+16   2405.762s
2773000 +1.64353150e+18 +1.66254148e+18  1.90e+16   3.06e+04     2.51e+16   2406.615s
2774000 +1.64352488e+18 +1.66481863e+18  2.13e+16   2.63e+04     2.52e+16   2407.469s
2775000 +1.64351826e+18 +1.66356739e+18  2.00e+16   7.79e+04     2.51e+16   2408.323s
2776000 +1.64351164e+18 +1.66371339e+18  2.02e+16   1.56e+04     2.52e+16   2409.176s
2777000 +1.64350502e+18 +1.66391193e+18  2.04e+16   7.78e+04     2.52e+16   2410.030s
2778000 +1.64349840e+18 +1.66230963e+18  1.88e+16   3.48e+03     2.51e+16   2410.883s
2779000 +1.64349178e+18 +1.66449356e+18  2.10e+16   2.78e+04     2.52e+16   2411.736s
2780000 +1.64348516e+18 +1.66293392e+18  1.94e+16   4.89e+04     2.51e+16   2412.590s
2781000 +1.64347854e+18 +1.66454586e+18  2.11e+16   1.30e+04     2.52e+16   2413.443s
2782000 +1.64347192e+18 +1.66380079e+18  2.03e+16   8.81e+04     2.52e+16   2414.297s
2783000 +1.64346530e+18 +1.66300882e+18  1.95e+16   1.49e+04     2.51e+16   2415.150s
2784000 +1.64345868e+18 +1.66413979e+18  2.07e+16   5.04e+04     2.52e+16   2416.004s
2785000 +1.64345206e+18 +1.66244470e+18  1.90e+16   2.73e+04     2.51e+16   2416.858s
2786000 +1.64344544e+18 +1.66461203e+18  2.12e+16   2.51e+04     2.52e+16   2417.711s
2787000 +1.64343882e+18 +1.66335087e+18  1.99e+16   7.24e+04     2.51e+16   2418.564s
2788000 +1.64343220e+18 +1.66381215e+18  2.04e+16   1.28e+04     2.52e+16   2419.418s
2789000 +1.64342558e+18 +1.66389173e+18  2.05e+16   7.91e+04     2.52e+16   2420.271s
2790000 +1.64341896e+18 +1.66261543e+18  1.92e+16   8.36e+03     2.51e+16   2421.131s
2791000 +1.64341234e+18 +1.66446751e+18  2.11e+16   3.15e+04     2.52e+16   2421.984s
2792000 +1.64340572e+18 +1.66295596e+18  1.96e+16   4.57e+04     2.51e+16   2422.837s
2793000 +1.64339909e+18 +1.66436787e+18  2.10e+16   8.03e+03     2.52e+16   2423.691s
2794000 +1.64339247e+18 +1.66357199e+18  2.02e+16   8.57e+04     2.52e+16   2424.544s
2795000 +1.64338585e+18 +1.66297104e+18  1.96e+16   1.05e+04     2.51e+16   2425.398s
2796000 +1.64337923e+18 +1.66406914e+18  2.07e+16   5.27e+04     2.52e+16   2426.251s
2797000 +1.64337261e+18 +1.66265656e+18  1.93e+16   2.70e+04     2.51e+16   2427.105s
2798000 +1.64336599e+18 +1.66467428e+18  2.13e+16   2.62e+04     2.52e+16   2427.958s
2799000 +1.64335937e+18 +1.66347182e+18  2.01e+16   6.97e+04     2.51e+16   2428.811s
2800000 +1.64335275e+18 +1.66372339e+18  2.04e+16   1.40e+04     2.52e+16   2429.664s
2801000 +1.64334613e+18 +1.66374218e+18  2.04e+16   7.92e+04     2.52e+16   2430.518s
2802000 +1.64333951e+18 +1.66242526e+18  1.91e+16   8.80e+03     2.51e+16   2431.372s
2803000 +1.64333289e+18 +1.66433573e+18  2.10e+16   3.00e+04     2.52e+16   2432.225s
2804000 +1.64332627e+18 +1.66301347e+18  1.97e+16   4.11e+04     2.51e+16   2433.078s
2805000 +1.64331965e+18 +1.66448909e+18  2.12e+16   6.99e+03     2.52e+16   2433.931s
2806000 +1.64331303e+18 +1.66375931e+18  2.04e+16   8.42e+04     2.52e+16   2434.785s
2807000 +1.64330641e+18 +1.66297488e+18  1.97e+16   1.59e+04     2.51e+16   2435.639s
2808000 +1.64329979e+18 +1.66400641e+18  2.07e+16   5.58e+04     2.52e+16   2436.492s
2809000 +1.64329317e+18 +1.66239478e+18  1.91e+16   2.54e+04     2.51e+16   2437.345s
2810000 +1.64328655e+18 +1.66455098e+18  2.13e+16   2.64e+04     2.52e+16   2438.198s
2811000 +1.64327993e+18 +1.66334434e+18  2.01e+16   6.48e+04     2.51e+16   2439.051s
2812000 +1.64327331e+18 +1.66384240e+18  2.06e+16   9.28e+03     2.52e+16   2439.905s
2813000 +1.64326669e+18 +1.66390487e+18  2.06e+16   8.00e+04     2.52e+16   2440.758s
2814000 +1.64326007e+18 +1.66250166e+18  1.92e+16   1.14e+04     2.51e+16   2441.612s
2815000 +1.64325345e+18 +1.66439304e+18  2.11e+16   3.36e+04     2.52e+16   2442.465s
2816000 +1.64324683e+18 +1.66275260e+18  1.95e+16   3.75e+04     2.51e+16   2443.319s
2817000 +1.64324021e+18 +1.66440459e+18  2.12e+16   6.92e+03     2.52e+16   2444.172s
2818000 +1.64323359e+18 +1.66350415e+18  2.03e+16   8.21e+04     2.51e+16   2445.025s
2819000 +1.64322697e+18 +1.66305903e+18  1.98e+16   9.29e+03     2.51e+16   2445.879s
2820000 +1.64322035e+18 +1.66405546e+18  2.08e+16   5.83e+04     2.52e+16   2446.732s
2821000 +1.64321373e+18 +1.66248950e+18  1.93e+16   2.40e+04     2.51e+16   2447.586s
2822000 +1.64320711e+18 +1.66469524e+18  2.15e+16   2.81e+04     2.52e+16   2448.439s
2823000 +1.64320049e+18 +1.66316978e+18  2.00e+16   6.11e+04     2.51e+16   2449.292s
2824000 +1.64319387e+18 +1.66386032e+18  2.07e+16   1.02e+04     2.52e+16   2450.146s
2825000 +1.64318725e+18 +1.66357959e+18  2.04e+16   8.05e+04     2.52e+16   2450.999s
2826000 +1.64318063e+18 +1.66250356e+18  1.93e+16   8.38e+03     2.51e+16   2451.853s
2827000 +1.64317402e+18 +1.66431741e+18  2.11e+16   3.33e+04     2.52e+16   2452.706s
2828000 +1.64316740e+18 +1.66283446e+18  1.97e+16   3.33e+04     2.51e+16   2453.559s
2829000 +1.64316078e+18 +1.66457552e+18  2.14e+16   7.35e+03     2.52e+16   2454.412s
2830000 +1.64315416e+18 +1.66344416e+18  2.03e+16   7.97e+04     2.51e+16   2455.266s
2831000 +1.64314754e+18 +1.66315697e+18  2.00e+16   1.49e+04     2.51e+16   2456.119s
2832000 +1.64314092e+18 +1.66376025e+18  2.06e+16   6.10e+04     2.52e+16   2456.973s
2833000 +1.64313430e+18 +1.66244801e+18  1.93e+16   2.38e+04     2.51e+16   2457.826s
2834000 +1.64312768e+18 +1.66450038e+18  2.14e+16   2.69e+04     2.52e+16   2458.679s
2835000 +1.64312106e+18 +1.66320248e+18  2.01e+16   5.52e+04     2.51e+16   2459.533s
2836000 +1.64311444e+18 +1.66400466e+18  2.09e+16   9.59e+03     2.52e+16   2460.386s
2837000 +1.64310782e+18 +1.66361415e+18  2.05e+16   7.99e+04     2.52e+16   2461.240s
2838000 +1.64310120e+18 +1.66263401e+18  1.95e+16   1.37e+04     2.51e+16   2462.093s
2839000 +1.64309459e+18 +1.66401314e+18  2.09e+16   3.73e+04     2.52e+16   2462.947s
2840000 +1.64308804e+18 +1.66264347e+18  1.96e+16   3.14e+04     2.51e+16   2463.800s
2841000 +1.64308148e+18 +1.66421995e+18  2.11e+16   9.07e+03     2.52e+16   2464.653s
2842000 +1.64307493e+18 +1.66327429e+18  2.02e+16   7.60e+04     2.51e+16   2465.507s
2843000 +1.64306837e+18 +1.66299893e+18  1.99e+16   9.99e+03     2.51e+16   2466.360s
2844000 +1.64306182e+18 +1.66363589e+18  2.06e+16   6.27e+04     2.52e+16   2467.214s
2845000 +1.64305527e+18 +1.66234112e+18  1.93e+16   2.24e+04     2.51e+16   2468.067s
2846000 +1.64304871e+18 +1.66423393e+18  2.12e+16   2.92e+04     2.52e+16   2468.921s
2847000 +1.64304216e+18 +1.66293428e+18  1.99e+16   5.25e+04     2.51e+16   2469.774s
2848000 +1.64303560e+18 +1.66360792e+18  2.06e+16   9.71e+03     2.52e+16   2470.628s
2849000 +1.64302905e+18 +1.66332665e+18  2.03e+16   7.95e+04     2.52e+16   2471.481s
2850000 +1.64302250e+18 +1.66231031e+18  1.93e+16   6.67e+03     2.51e+16   2472.334s
2851000 +1.64301594e+18 +1.66396214e+18  2.09e+16   3.78e+04     2.52e+16   2473.188s
2852000 +1.64300939e+18 +1.66254972e+18  1.95e+16   2.89e+04     2.51e+16   2474.042s
2853000 +1.64300283e+18 +1.66424776e+18  2.12e+16   9.17e+03     2.52e+16   2474.895s
2854000 +1.64299628e+18 +1.66323238e+18  2.02e+16   7.46e+04     2.51e+16   2475.749s
2855000 +1.64298973e+18 +1.66294228e+18  2.00e+16   1.56e+04     2.51e+16   2476.602s
2856000 +1.64298317e+18 +1.66359804e+18  2.06e+16   6.49e+04     2.52e+16   2477.455s
2857000 +1.64297662e+18 +1.66221248e+18  1.92e+16   2.02e+04     2.51e+16   2478.308s
2858000 +1.64297006e+18 +1.66435893e+18  2.14e+16   2.67e+04     2.52e+16   2479.162s
2859000 +1.64296351e+18 +1.66296106e+18  2.00e+16   4.69e+04     2.51e+16   2480.015s
2860000 +1.64295696e+18 +1.66393195e+18  2.10e+16   6.94e+03     2.52e+16   2480.869s
2861000 +1.64295040e+18 +1.66346577e+18  2.05e+16   7.95e+04     2.52e+16   2481.722s
2862000 +1.64294385e+18 +1.66253981e+18  1.96e+16   1.63e+04     2.51e+16   2482.575s
2863000 +1.64293729e+18 +1.66409492e+18  2.12e+16   4.25e+04     2.52e+16   2483.429s
2864000 +1.64293074e+18 +1.66255355e+18  1.96e+16   2.67e+04     2.51e+16   2484.282s
2865000 +1.64292418e+18 +1.66446829e+18  2.15e+16   7.39e+03     2.52e+16   2485.136s
2866000 +1.64291763e+18 +1.66322923e+18  2.03e+16   7.02e+04     2.51e+16   2485.989s
2867000 +1.64291108e+18 +1.66330220e+18  2.04e+16   7.64e+03     2.51e+16   2486.843s
2868000 +1.64290452e+18 +1.66371183e+18  2.08e+16   6.65e+04     2.52e+16   2487.696s
2869000 +1.64289797e+18 +1.66248313e+18  1.96e+16   2.12e+04     2.51e+16   2488.549s
2870000 +1.64289141e+18 +1.66446166e+18  2.16e+16   3.10e+04     2.52e+16   2489.403s
2871000 +1.64288486e+18 +1.66294876e+18  2.01e+16   4.31e+04     2.51e+16   2490.256s
2872000 +1.64287831e+18 +1.66402749e+18  2.11e+16   3.18e+03     2.52e+16   2491.110s
2873000 +1.64287175e+18 +1.66328174e+18  2.04e+16   7.78e+04     2.52e+16   2491.963s
2874000 +1.64286520e+18 +1.66266028e+18  1.98e+16   6.83e+03     2.51e+16   2492.816s
2875000 +1.64285864e+18 +1.66393424e+18  2.11e+16   4.33e+04     2.52e+16   2493.670s
2876000 +1.64285209e+18 +1.66264080e+18  1.98e+16   2.61e+04     2.51e+16   2494.523s
2877000 +1.64284554e+18 +1.66441205e+18  2.16e+16   1.60e+04     2.52e+16   2495.377s
2878000 +1.64283898e+18 +1.66312295e+18  2.03e+16   6.84e+04     2.51e+16   2496.230s
2879000 +1.64283243e+18 +1.66320112e+18  2.04e+16   1.15e+04     2.51e+16   2497.084s
2880000 +1.64282587e+18 +1.66335510e+18  2.05e+16   6.76e+04     2.52e+16   2497.937s
2881000 +1.64281932e+18 +1.66231937e+18  1.95e+16   1.77e+04     2.51e+16   2498.790s
2882000 +1.64281277e+18 +1.66410071e+18  2.13e+16   2.69e+04     2.52e+16   2499.644s
2883000 +1.64280621e+18 +1.66284934e+18  2.00e+16   3.77e+04     2.51e+16   2500.497s
2884000 +1.64279966e+18 +1.66385353e+18  2.11e+16   8.40e+03     2.52e+16   2501.351s
2885000 +1.64279310e+18 +1.66319851e+18  2.04e+16   7.77e+04     2.51e+16   2502.204s
2886000 +1.64278655e+18 +1.66252492e+18  1.97e+16   1.63e+04     2.51e+16   2503.057s
2887000 +1.64278000e+18 +1.66366137e+18  2.09e+16   4.60e+04     2.52e+16   2503.910s
2888000 +1.64277344e+18 +1.66240864e+18  1.96e+16   2.60e+04     2.51e+16   2504.764s
2889000 +1.64276689e+18 +1.66409644e+18  2.13e+16   1.03e+04     2.52e+16   2505.617s
2890000 +1.64276033e+18 +1.66301570e+18  2.03e+16   6.34e+04     2.51e+16   2506.470s
2891000 +1.64275378e+18 +1.66312110e+18  2.04e+16   8.04e+03     2.51e+16   2507.324s
2892000 +1.64274723e+18 +1.66344397e+18  2.07e+16   6.91e+04     2.52e+16   2508.177s
2893000 +1.64274067e+18 +1.66231702e+18  1.96e+16   2.18e+04     2.51e+16   2509.030s
2894000 +1.64273412e+18 +1.66415270e+18  2.14e+16   3.02e+04     2.52e+16   2509.883s
2895000 +1.64272756e+18 +1.66278480e+18  2.01e+16   3.43e+04     2.51e+16   2510.736s
2896000 +1.64272101e+18 +1.66381142e+18  2.11e+16   4.36e+03     2.52e+16   2511.590s
2897000 +1.64271446e+18 +1.66319302e+18  2.05e+16   7.53e+04     2.51e+16   2512.443s
2898000 +1.64270790e+18 +1.66256607e+18  1.99e+16   8.56e+03     2.51e+16   2513.297s
2899000 +1.64270135e+18 +1.66390085e+18  2.12e+16   4.84e+04     2.52e+16   2514.150s
2900000 +1.64269479e+18 +1.66256989e+18  1.99e+16   2.72e+04     2.51e+16   2515.003s
2901000 +1.64268824e+18 +1.66444507e+18  2.18e+16   1.70e+04     2.52e+16   2515.857s
2902000 +1.64268168e+18 +1.66310263e+18  2.04e+16   6.12e+04     2.51e+16   2516.710s
2903000 +1.64267513e+18 +1.66331188e+18  2.06e+16   6.87e+03     2.52e+16   2517.564s
2904000 +1.64266858e+18 +1.66344398e+18  2.08e+16   6.97e+04     2.52e+16   2518.417s
2905000 +1.64266202e+18 +1.66235591e+18  1.97e+16   1.57e+04     2.51e+16   2519.271s
2906000 +1.64265547e+18 +1.66432589e+18  2.17e+16   2.90e+04     2.52e+16   2520.124s
2907000 +1.64264891e+18 +1.66287673e+18  2.02e+16   2.99e+04     2.51e+16   2520.977s
2908000 +1.64264236e+18 +1.66420410e+18  2.16e+16   7.49e+03     2.52e+16   2521.830s
2909000 +1.64263581e+18 +1.66325737e+18  2.06e+16   7.46e+04     2.51e+16   2522.684s
2910000 +1.64262925e+18 +1.66276383e+18  2.01e+16   1.29e+04     2.51e+16   2523.537s
2911000 +1.64262270e+18 +1.66374576e+18  2.11e+16   5.06e+04     2.52e+16   2524.390s
2912000 +1.64261614e+18 +1.66244299e+18  1.98e+16   2.52e+04     2.51e+16   2525.243s
2913000 +1.64260959e+18 +1.66435644e+18  2.17e+16   1.34e+04     2.52e+16   2526.097s
2914000 +1.64260304e+18 +1.66297004e+18  2.04e+16   5.63e+04     2.51e+16   2526.950s
2915000 +1.64259648e+18 +1.66348579e+18  2.09e+16   7.51e+03     2.52e+16   2527.804s
2916000 +1.64258993e+18 +1.66332704e+18  2.07e+16   7.05e+04     2.52e+16   2528.657s
2917000 +1.64258337e+18 +1.66245219e+18  1.99e+16   1.88e+04     2.51e+16   2529.511s
2918000 +1.64257682e+18 +1.66404084e+18  2.15e+16   3.25e+04     2.52e+16   2530.364s
2919000 +1.64257027e+18 +1.66261971e+18  2.00e+16   2.52e+04     2.51e+16   2531.217s
2920000 +1.64256371e+18 +1.66388955e+18  2.13e+16   5.81e+03     2.52e+16   2532.071s
2921000 +1.64255716e+18 +1.66293932e+18  2.04e+16   7.17e+04     2.51e+16   2532.924s
2922000 +1.64255060e+18 +1.66271116e+18  2.02e+16   9.70e+03     2.51e+16   2533.778s
2923000 +1.64254405e+18 +1.66355712e+18  2.10e+16   5.26e+04     2.52e+16   2534.631s
2924000 +1.64253750e+18 +1.66249591e+18  2.00e+16   2.60e+04     2.51e+16   2535.485s
2925000 +1.64253094e+18 +1.66413899e+18  2.16e+16   1.86e+04     2.52e+16   2536.338s
2926000 +1.64252439e+18 +1.66282491e+18  2.03e+16   5.30e+04     2.51e+16   2537.191s
2927000 +1.64251783e+18 +1.66320333e+18  2.07e+16   6.45e+03     2.52e+16   2538.045s
2928000 +1.64251128e+18 +1.66305573e+18  2.05e+16   7.04e+04     2.52e+16   2538.898s
2929000 +1.64250472e+18 +1.66232776e+18  1.98e+16   1.57e+04     2.51e+16   2539.751s
2930000 +1.64249817e+18 +1.66395856e+18  2.15e+16   3.30e+04     2.52e+16   2540.604s
2931000 +1.64249162e+18 +1.66277310e+18  2.03e+16   2.19e+04     2.51e+16   2541.458s
2932000 +1.64248506e+18 +1.66396454e+18  2.15e+16   9.21e+03     2.52e+16   2542.311s
2933000 +1.64247851e+18 +1.66305698e+18  2.06e+16   7.06e+04     2.51e+16   2543.165s
2934000 +1.64247195e+18 +1.66264181e+18  2.02e+16   1.20e+04     2.51e+16   2544.018s
2935000 +1.64246540e+18 +1.66351478e+18  2.10e+16   5.44e+04     2.52e+16   2544.872s
2936000 +1.64245885e+18 +1.66242153e+18  2.00e+16   2.62e+04     2.51e+16   2545.725s
2937000 +1.64245229e+18 +1.66423462e+18  2.18e+16   1.67e+04     2.52e+16   2546.578s
2938000 +1.64244574e+18 +1.66303853e+18  2.06e+16   4.87e+04     2.51e+16   2547.432s
2939000 +1.64243918e+18 +1.66349945e+18  2.11e+16   4.19e+03     2.52e+16   2548.285s
2940000 +1.64243263e+18 +1.66337085e+18  2.09e+16   7.10e+04     2.52e+16   2549.139s
2941000 +1.64242608e+18 +1.66245264e+18  2.00e+16   1.77e+04     2.51e+16   2549.992s
2942000 +1.64241952e+18 +1.66407090e+18  2.17e+16   3.54e+04     2.52e+16   2550.845s
2943000 +1.64241297e+18 +1.66268429e+18  2.03e+16   1.97e+04     2.51e+16   2551.698s
2944000 +1.64240641e+18 +1.66409848e+18  2.17e+16   7.49e+03     2.52e+16   2552.552s
2945000 +1.64239986e+18 +1.66312564e+18  2.07e+16   6.77e+04     2.51e+16   2553.405s
2946000 +1.64239331e+18 +1.66291597e+18  2.05e+16   5.77e+03     2.51e+16   2554.259s
2947000 +1.64238675e+18 +1.66374506e+18  2.14e+16   5.62e+04     2.52e+16   2555.112s
2948000 +1.64238020e+18 +1.66252265e+18  2.01e+16   2.64e+04     2.51e+16   2555.966s
2949000 +1.64237364e+18 +1.66434721e+18  2.20e+16   1.95e+04     2.52e+16   2556.819s
2950000 +1.64236709e+18 +1.66282930e+18  2.05e+16   4.48e+04     2.51e+16   2557.673s
2951000 +1.64236053e+18 +1.66348302e+18  2.11e+16   5.12e+03     2.52e+16   2558.526s
2952000 +1.64235398e+18 +1.66313287e+18  2.08e+16   7.08e+04     2.52e+16   2559.379s
2953000 +1.64234743e+18 +1.66249038e+18  2.01e+16   1.25e+04     2.51e+16   2560.233s
2954000 +1.64234087e+18 +1.66404360e+18  2.17e+16   3.71e+04     2.52e+16   2561.086s
2955000 +1.64233432e+18 +1.66265790e+18  2.03e+16   1.71e+04     2.51e+16   2561.940s
2956000 +1.64232776e+18 +1.66410597e+18  2.18e+16   1.12e+04     2.52e+16   2562.793s
2957000 +1.64232121e+18 +1.66281873e+18  2.05e+16   6.56e+04     2.51e+16   2563.646s
2958000 +1.64231466e+18 +1.66277924e+18  2.05e+16   7.84e+03     2.51e+16   2564.500s
2959000 +1.64230810e+18 +1.66329644e+18  2.10e+16   5.82e+04     2.52e+16   2565.353s
2960000 +1.64230155e+18 +1.66235434e+18  2.01e+16   2.49e+04     2.51e+16   2566.207s
2961000 +1.64229499e+18 +1.66413015e+18  2.18e+16   1.74e+04     2.52e+16   2567.060s
2962000 +1.64228844e+18 +1.66275828e+18  2.05e+16   4.00e+04     2.51e+16   2567.913s
2963000 +1.64228189e+18 +1.66349228e+18  2.12e+16   5.34e+03     2.52e+16   2568.767s
2964000 +1.64227533e+18 +1.66293179e+18  2.07e+16   7.05e+04     2.51e+16   2569.621s
2965000 +1.64226878e+18 +1.66238966e+18  2.01e+16   1.51e+04     2.51e+16   2570.474s
2966000 +1.64226222e+18 +1.66366514e+18  2.14e+16   3.97e+04     2.52e+16   2571.328s
2967000 +1.64225567e+18 +1.66252927e+18  2.03e+16   1.69e+04     2.51e+16   2572.181s
2968000 +1.64224911e+18 +1.66392727e+18  2.17e+16   8.82e+03     2.52e+16   2573.035s
2969000 +1.64224256e+18 +1.66284767e+18  2.06e+16   6.20e+04     2.51e+16   2573.888s
2970000 +1.64223601e+18 +1.66289143e+18  2.07e+16   6.67e+03     2.51e+16   2574.742s
2971000 +1.64222945e+18 +1.66334693e+18  2.11e+16   5.94e+04     2.52e+16   2575.595s
2972000 +1.64222290e+18 +1.66245828e+18  2.02e+16   2.65e+04     2.51e+16   2576.448s
2973000 +1.64221634e+18 +1.66405432e+18  2.18e+16   2.03e+04     2.52e+16   2577.301s
2974000 +1.64220979e+18 +1.66278222e+18  2.06e+16   3.66e+04     2.51e+16   2578.155s
2975000 +1.64220324e+18 +1.66346550e+18  2.13e+16   7.19e+03     2.52e+16   2579.009s
2976000 +1.64219668e+18 +1.66308130e+18  2.09e+16   6.92e+04     2.51e+16   2579.862s
2977000 +1.64219013e+18 +1.66255846e+18  2.04e+16   1.14e+04     2.51e+16   2580.716s
2978000 +1.64218357e+18 +1.66391305e+18  2.17e+16   4.14e+04     2.52e+16   2581.569s
2979000 +1.64217702e+18 +1.66274742e+18  2.06e+16   1.79e+04     2.51e+16   2582.422s
2980000 +1.64217046e+18 +1.66409695e+18  2.19e+16   1.27e+04     2.52e+16   2583.276s
2981000 +1.64216391e+18 +1.66296619e+18  2.08e+16   6.00e+04     2.51e+16   2584.129s
2982000 +1.64215736e+18 +1.66292630e+18  2.08e+16   6.22e+03     2.51e+16   2584.982s
2983000 +1.64215080e+18 +1.66343222e+18  2.13e+16   6.05e+04     2.52e+16   2585.836s
2984000 +1.64214425e+18 +1.66250079e+18  2.04e+16   2.39e+04     2.51e+16   2586.689s
2985000 +1.64213769e+18 +1.66427258e+18  2.21e+16   1.74e+04     2.52e+16   2587.542s
2986000 +1.64213114e+18 +1.66288998e+18  2.08e+16   3.21e+04     2.51e+16   2588.396s
2987000 +1.64212459e+18 +1.66366284e+18  2.15e+16   6.98e+03     2.52e+16   2589.249s
2988000 +1.64211803e+18 +1.66308293e+18  2.10e+16   6.91e+04     2.51e+16   2590.102s
2989000 +1.64211148e+18 +1.66250816e+18  2.04e+16   1.31e+04     2.51e+16   2590.956s
2990000 +1.64210492e+18 +1.66382029e+18  2.17e+16   4.37e+04     2.52e+16   2591.809s
2991000 +1.64209837e+18 +1.66254264e+18  2.04e+16   1.74e+04     2.51e+16   2592.663s
2992000 +1.64209181e+18 +1.66410415e+18  2.20e+16   6.68e+03     2.52e+16   2593.516s
2993000 +1.64208526e+18 +1.66282407e+18  2.07e+16   5.61e+04     2.51e+16   2594.369s
2994000 +1.64207871e+18 +1.66300393e+18  2.09e+16   1.09e+03     2.51e+16   2595.223s
2995000 +1.64207215e+18 +1.66326931e+18  2.12e+16   6.20e+04     2.52e+16   2596.076s
2996000 +1.64206560e+18 +1.66237047e+18  2.03e+16   2.58e+04     2.51e+16   2596.929s
2997000 +1.64205904e+18 +1.66404354e+18  2.20e+16   2.13e+04     2.52e+16   2597.783s
2998000 +1.64205249e+18 +1.66255793e+18  2.05e+16   2.75e+04     2.51e+16   2598.636s
2999000 +1.64204594e+18 +1.66354374e+18  2.15e+16   5.11e+03     2.52e+16   2599.490s
3000000 +1.64203938e+18 +1.66278104e+18  2.07e+16   6.70e+04     2.51e+16   2600.343s
3001000 +1.64203283e+18 +1.66250054e+18  2.05e+16   6.13e+03     2.51e+16   2601.196s
3002000 +1.64202627e+18 +1.66362924e+18  2.16e+16   4.60e+04     2.52e+16   2602.050s
3003000 +1.64201972e+18 +1.66249744e+18  2.05e+16   1.97e+04     2.51e+16   2602.903s
3004000 +1.64201317e+18 +1.66397658e+18  2.20e+16   1.43e+04     2.52e+16   2603.756s
3005000 +1.64200661e+18 +1.66261916e+18  2.06e+16   5.34e+04     2.51e+16   2604.610s
3006000 +1.64200006e+18 +1.66292289e+18  2.09e+16   3.06e+03     2.51e+16   2605.463s
3007000 +1.64199350e+18 +1.66303428e+18  2.10e+16   6.23e+04     2.52e+16   2606.317s
3008000 +1.64198695e+18 +1.66242871e+18  2.04e+16   2.25e+04     2.51e+16   2607.170s
3009000 +1.64198040e+18 +1.66398160e+18  2.20e+16   2.14e+04     2.52e+16   2608.023s
3010000 +1.64197384e+18 +1.66270790e+18  2.07e+16   2.37e+04     2.51e+16   2608.877s
3011000 +1.64196729e+18 +1.66364249e+18  2.17e+16   1.25e+04     2.52e+16   2609.730s
3012000 +1.64196073e+18 +1.66284191e+18  2.09e+16   6.65e+04     2.51e+16   2610.583s
3013000 +1.64195418e+18 +1.66258581e+18  2.06e+16   1.02e+04     2.51e+16   2611.437s
3014000 +1.64194763e+18 +1.66356969e+18  2.16e+16   4.80e+04     2.52e+16   2612.291s
3015000 +1.64194107e+18 +1.66260658e+18  2.07e+16   1.92e+04     2.51e+16   2613.144s
3016000 +1.64193452e+18 +1.66404771e+18  2.21e+16   7.36e+03     2.52e+16   2613.997s
3017000 +1.64192797e+18 +1.66287458e+18  2.09e+16   4.95e+04     2.51e+16   2614.851s
3018000 +1.64192141e+18 +1.66314026e+18  2.12e+16   7.22e+03     2.51e+16   2615.704s
3019000 +1.64191486e+18 +1.66325337e+18  2.13e+16   6.35e+04     2.52e+16   2616.557s
3020000 +1.64190830e+18 +1.66255907e+18  2.07e+16   2.48e+04     2.51e+16   2617.411s
3021000 +1.64190175e+18 +1.66402476e+18  2.21e+16   2.41e+04     2.52e+16   2618.265s
3022000 +1.64189520e+18 +1.66275364e+18  2.09e+16   1.98e+04     2.51e+16   2619.118s
3023000 +1.64188864e+18 +1.66366571e+18  2.18e+16   6.54e+03     2.52e+16   2619.972s
3024000 +1.64188209e+18 +1.66294537e+18  2.11e+16   6.37e+04     2.51e+16   2620.825s
3025000 +1.64187554e+18 +1.66268602e+18  2.08e+16   4.95e+03     2.51e+16   2621.679s
3026000 +1.64186898e+18 +1.66372331e+18  2.19e+16   5.00e+04     2.52e+16   2622.532s
3027000 +1.64186243e+18 +1.66261849e+18  2.08e+16   2.22e+04     2.51e+16   2623.385s
3028000 +1.64185587e+18 +1.66406610e+18  2.22e+16   1.19e+04     2.52e+16   2624.239s
3029000 +1.64184932e+18 +1.66272705e+18  2.09e+16   4.65e+04     2.51e+16   2625.092s
3030000 +1.64184277e+18 +1.66301299e+18  2.12e+16   3.92e+03     2.51e+16   2625.946s
3031000 +1.64183621e+18 +1.66309089e+18  2.13e+16   6.31e+04     2.52e+16   2626.799s
3032000 +1.64182966e+18 +1.66241217e+18  2.06e+16   2.06e+04     2.51e+16   2627.652s
3033000 +1.64182311e+18 +1.66400154e+18  2.22e+16   2.60e+04     2.52e+16   2628.506s
3034000 +1.64181655e+18 +1.66262936e+18  2.08e+16   1.67e+04     2.51e+16   2629.359s
3035000 +1.64181000e+18 +1.66366880e+18  2.19e+16   1.15e+04     2.52e+16   2630.213s
3036000 +1.64180344e+18 +1.66268356e+18  2.09e+16   6.28e+04     2.51e+16   2631.066s
3037000 +1.64179689e+18 +1.66249078e+18  2.07e+16   4.60e+03     2.51e+16   2631.920s
3038000 +1.64179034e+18 +1.66339504e+18  2.16e+16   5.17e+04     2.52e+16   2632.773s
3039000 +1.64178378e+18 +1.66236641e+18  2.06e+16   1.97e+04     2.51e+16   2633.627s
3040000 +1.64177723e+18 +1.66398478e+18  2.22e+16   5.19e+03     2.52e+16   2634.480s
3041000 +1.64177068e+18 +1.66258055e+18  2.08e+16   4.27e+04     2.51e+16   2635.333s
3042000 +1.64176412e+18 +1.66310378e+18  2.13e+16   6.26e+03     2.51e+16   2636.187s
3043000 +1.64175757e+18 +1.66292263e+18  2.12e+16   6.40e+04     2.51e+16   2637.040s
3044000 +1.64175101e+18 +1.66236485e+18  2.06e+16   2.20e+04     2.51e+16   2637.894s
3045000 +1.64174446e+18 +1.66377560e+18  2.20e+16   2.93e+04     2.52e+16   2638.747s
3046000 +1.64173791e+18 +1.66247322e+18  2.07e+16   1.24e+04     2.51e+16   2639.600s
3047000 +1.64173135e+18 +1.66365071e+18  2.19e+16   7.63e+03     2.52e+16   2640.454s
3048000 +1.64172480e+18 +1.66266227e+18  2.09e+16   5.98e+04     2.51e+16   2641.307s
3049000 +1.64171825e+18 +1.66273755e+18  2.10e+16   5.02e+03     2.51e+16   2642.160s
3050000 +1.64171169e+18 +1.66343456e+18  2.17e+16   5.35e+04     2.52e+16   2643.014s
3051000 +1.64170514e+18 +1.66256325e+18  2.09e+16   2.27e+04     2.51e+16   2643.867s
3052000 +1.64169858e+18 +1.66398420e+18  2.23e+16   1.17e+04     2.52e+16   2644.720s
3053000 +1.64169203e+18 +1.66260828e+18  2.09e+16   3.92e+04     2.51e+16   2645.574s
3054000 +1.64168548e+18 +1.66317206e+18  2.15e+16   7.83e+03     2.52e+16   2646.427s
3055000 +1.64167892e+18 +1.66296804e+18  2.13e+16   6.30e+04     2.51e+16   2647.281s
3056000 +1.64167237e+18 +1.66262889e+18  2.10e+16   1.93e+04     2.51e+16   2648.134s
3057000 +1.64166582e+18 +1.66394987e+18  2.23e+16   3.15e+04     2.52e+16   2648.987s
3058000 +1.64165926e+18 +1.66278257e+18  2.11e+16   1.06e+04     2.51e+16   2649.841s
3059000 +1.64165271e+18 +1.66377326e+18  2.21e+16   1.25e+04     2.52e+16   2650.694s
3060000 +1.64164615e+18 +1.66274953e+18  2.11e+16   5.81e+04     2.51e+16   2651.548s
3061000 +1.64163960e+18 +1.66273727e+18  2.11e+16   5.79e+03     2.51e+16   2652.401s
3062000 +1.64163305e+18 +1.66340212e+18  2.18e+16   5.45e+04     2.52e+16   2653.255s
3063000 +1.64162649e+18 +1.66263540e+18  2.10e+16   2.08e+04     2.51e+16   2654.108s
3064000 +1.64161994e+18 +1.66406469e+18  2.24e+16   4.34e+03     2.52e+16   2654.961s
3065000 +1.64161339e+18 +1.66278595e+18  2.12e+16   3.54e+04     2.51e+16   2655.815s
3066000 +1.64160683e+18 +1.66324807e+18  2.16e+16   8.40e+03     2.52e+16   2656.668s
3067000 +1.64160028e+18 +1.66296871e+18  2.14e+16   6.33e+04     2.51e+16   2657.521s
3068000 +1.64159372e+18 +1.66245752e+18  2.09e+16   1.99e+04     2.51e+16   2658.374s
3069000 +1.64158717e+18 +1.66376024e+18  2.22e+16   3.42e+04     2.52e+16   2659.228s
3070000 +1.64158062e+18 +1.66256892e+18  2.10e+16   9.23e+03     2.51e+16   2660.081s
3071000 +1.64157406e+18 +1.66368896e+18  2.21e+16   6.37e+03     2.52e+16   2660.934s
3072000 +1.64156751e+18 +1.66270221e+18  2.11e+16   5.51e+04     2.51e+16   2661.788s
3073000 +1.64156095e+18 +1.66269432e+18  2.11e+16   1.67e+03     2.51e+16   2662.641s
3074000 +1.64155440e+18 +1.66332431e+18  2.18e+16   5.60e+04     2.52e+16   2663.494s
3075000 +1.64154785e+18 +1.66240509e+18  2.09e+16   2.29e+04     2.51e+16   2664.348s
3076000 +1.64154129e+18 +1.66385517e+18  2.23e+16   8.00e+03     2.52e+16   2665.201s
3077000 +1.64153474e+18 +1.66243987e+18  2.09e+16   3.24e+04     2.51e+16   2666.054s
3078000 +1.64152819e+18 +1.66309950e+18  2.16e+16   7.06e+03     2.52e+16   2666.907s
3079000 +1.64152163e+18 +1.66278990e+18  2.13e+16   6.20e+04     2.51e+16   2667.761s
3080000 +1.64151508e+18 +1.66243748e+18  2.09e+16   1.68e+04     2.51e+16   2668.614s
3081000 +1.64150852e+18 +1.66375441e+18  2.22e+16   3.68e+04     2.52e+16   2669.467s
3082000 +1.64150197e+18 +1.66246243e+18  2.10e+16   1.04e+04     2.51e+16   2670.321s
3083000 +1.64149542e+18 +1.66366855e+18  2.22e+16   1.17e+04     2.52e+16   2671.175s
3084000 +1.64148886e+18 +1.66246288e+18  2.10e+16   5.30e+04     2.51e+16   2672.028s
3085000 +1.64148231e+18 +1.66265983e+18  2.12e+16   6.16e+03     2.51e+16   2672.881s
3086000 +1.64147576e+18 +1.66318362e+18  2.17e+16   5.69e+04     2.52e+16   2673.734s
3087000 +1.64146920e+18 +1.66249051e+18  2.10e+16   2.05e+04     2.51e+16   2674.588s
3088000 +1.64146265e+18 +1.66399678e+18  2.25e+16   7.06e+03     2.52e+16   2675.441s
3089000 +1.64145609e+18 +1.66256989e+18  2.11e+16   2.85e+04     2.51e+16   2676.295s
3090000 +1.64144954e+18 +1.66332075e+18  2.19e+16   1.10e+04     2.52e+16   2677.148s
3091000 +1.64144299e+18 +1.66273995e+18  2.13e+16   6.18e+04     2.51e+16   2678.002s
3092000 +1.64143643e+18 +1.66254810e+18  2.11e+16   1.72e+04     2.51e+16   2678.855s
3093000 +1.64142988e+18 +1.66368687e+18  2.23e+16   3.99e+04     2.52e+16   2679.708s
3094000 +1.64142333e+18 +1.66261741e+18  2.12e+16   8.24e+03     2.51e+16   2680.562s
3095000 +1.64141677e+18 +1.66385621e+18  2.24e+16   6.57e+03     2.52e+16   2681.415s
3096000 +1.64141022e+18 +1.66267067e+18  2.13e+16   4.98e+04     2.51e+16   2682.268s
3097000 +1.64140367e+18 +1.66295204e+18  2.15e+16   5.46e+03     2.51e+16   2683.122s
3098000 +1.64139711e+18 +1.66323850e+18  2.18e+16   5.79e+04     2.52e+16   2683.975s
3099000 +1.64139056e+18 +1.66261541e+18  2.12e+16   2.26e+04     2.51e+16   2684.828s
3100000 +1.64138401e+18 +1.66390556e+18  2.25e+16   9.62e+03     2.52e+16   2685.682s
3101000 +1.64137745e+18 +1.66262619e+18  2.12e+16   2.51e+04     2.51e+16   2686.535s
3102000 +1.64137090e+18 +1.66335431e+18  2.20e+16   7.59e+03     2.52e+16   2687.388s
3103000 +1.64136435e+18 +1.66282265e+18  2.15e+16   5.97e+04     2.51e+16   2688.242s
3104000 +1.64135779e+18 +1.66267814e+18  2.13e+16   1.56e+04     2.51e+16   2689.095s
3105000 +1.64135124e+18 +1.66367951e+18  2.23e+16   4.17e+04     2.52e+16   2689.948s
3106000 +1.64134469e+18 +1.66263085e+18  2.13e+16   1.22e+04     2.51e+16   2690.802s
3107000 +1.64133813e+18 +1.66369779e+18  2.24e+16   1.03e+04     2.52e+16   2691.655s
3108000 +1.64133158e+18 +1.66178293e+18  2.05e+16   7.22e+00     2.51e+16   2692.509s
3109000 +1.64132502e+18 +1.66178131e+18  2.05e+16   2.04e+00     2.51e+16   2693.363s
3110000 +1.64131847e+18 +1.66178100e+18  2.05e+16   1.09e+00     2.51e+16   2694.216s
3111000 +1.64131191e+18 +1.66178094e+18  2.05e+16   4.79e-01     2.51e+16   2695.069s
3112000 +1.64130536e+18 +1.66178081e+18  2.05e+16   1.58e-01     2.51e+16   2695.923s
3113000 +1.64129880e+18 +1.66178083e+18  2.05e+16   1.94e-01     2.51e+16   2696.776s
3114000 +1.64129225e+18 +1.66178076e+18  2.05e+16   1.60e-01     2.51e+16   2697.630s
3115000 +1.64128569e+18 +1.66178078e+18  2.05e+16   7.19e-02     2.51e+16   2698.483s
3116000 +1.64127914e+18 +1.66178074e+18  2.05e+16   1.69e-01     2.51e+16   2699.336s
3117000 +1.64127258e+18 +1.66178075e+18  2.05e+16   2.55e-01     2.51e+16   2700.190s
3118000 +1.64126603e+18 +1.66178074e+18  2.05e+16   2.61e-01     2.51e+16   2701.043s
3119000 +1.64125947e+18 +1.66178074e+18  2.05e+16   2.57e-01     2.51e+16   2701.897s
3120000 +1.64125292e+18 +1.66178074e+18  2.05e+16   2.34e-01     2.51e+16   2702.750s
3121000 +1.64124636e+18 +1.66178073e+18  2.05e+16   1.52e-01     2.51e+16   2703.604s
3122000 +1.64123981e+18 +1.66178075e+18  2.05e+16   8.50e-02     2.51e+16   2704.457s
3123000 +1.64123325e+18 +1.66178074e+18  2.05e+16   2.07e-01     2.51e+16   2705.311s
3124000 +1.64122670e+18 +1.66178075e+18  2.06e+16   3.10e-01     2.51e+16   2706.164s
3125000 +1.64122014e+18 +1.66178075e+18  2.06e+16   3.57e-01     2.51e+16   2707.018s
3126000 +1.64121359e+18 +1.66178075e+18  2.06e+16   3.64e-01     2.51e+16   2707.871s
3127000 +1.64120703e+18 +1.66178076e+18  2.06e+16   3.26e-01     2.51e+16   2708.724s
3128000 +1.64120048e+18 +1.66178075e+18  2.06e+16   2.47e-01     2.51e+16   2709.578s
3129000 +1.64119392e+18 +1.66178077e+18  2.06e+16   1.66e-01     2.51e+16   2710.431s
3130000 +1.64118737e+18 +1.66178076e+18  2.06e+16   1.38e-01     2.51e+16   2711.284s
3131000 +1.64118081e+18 +1.66178077e+18  2.06e+16   1.05e-01     2.51e+16   2712.137s
3132000 +1.64117426e+18 +1.66178075e+18  2.06e+16   6.99e-02     2.51e+16   2712.991s
3133000 +1.64116770e+18 +1.66178076e+18  2.06e+16   5.75e-02     2.51e+16   2713.844s
3134000 +1.64116115e+18 +1.66178075e+18  2.06e+16   5.66e-02     2.51e+16   2714.698s
3135000 +1.64115459e+18 +1.66178075e+18  2.06e+16   3.65e-02     2.51e+16   2715.551s
3136000 +1.64114804e+18 +1.66178075e+18  2.06e+16   6.21e-02     2.51e+16   2716.405s
3137000 +1.64114148e+18 +1.66178074e+18  2.06e+16   1.88e-01     2.51e+16   2717.258s
3138000 +1.64113493e+18 +1.66178074e+18  2.06e+16   1.15e-01     2.51e+16   2718.112s
3139000 +1.64112837e+18 +1.66178073e+18  2.07e+16   1.20e-01     2.51e+16   2718.965s
3140000 +1.64112182e+18 +1.66178074e+18  2.07e+16   1.39e-01     2.51e+16   2719.818s
3141000 +1.64111526e+18 +1.66178073e+18  2.07e+16   1.57e-01     2.51e+16   2720.672s
3142000 +1.64110871e+18 +1.66178073e+18  2.07e+16   7.49e-02     2.51e+16   2721.525s
3143000 +1.64110215e+18 +1.66178073e+18  2.07e+16   7.84e-02     2.51e+16   2722.378s
3144000 +1.64109560e+18 +1.66178073e+18  2.07e+16   1.60e-01     2.51e+16   2723.232s
3145000 +1.64108904e+18 +1.66178074e+18  2.07e+16   7.59e-02     2.51e+16   2724.085s
3146000 +1.64108249e+18 +1.66178073e+18  2.07e+16   9.49e-02     2.51e+16   2724.938s
3147000 +1.64107593e+18 +1.66178074e+18  2.07e+16   1.52e-01     2.51e+16   2725.792s
3148000 +1.64106938e+18 +1.66178074e+18  2.07e+16   8.19e-02     2.51e+16   2726.645s
3149000 +1.64106282e+18 +1.66178074e+18  2.07e+16   7.94e-02     2.51e+16   2727.498s
3150000 +1.64105627e+18 +1.66178074e+18  2.07e+16   1.11e-01     2.51e+16   2728.352s
3151000 +1.64104971e+18 +1.66178074e+18  2.07e+16   1.28e-01     2.51e+16   2729.205s
3152000 +1.64104316e+18 +1.66178074e+18  2.07e+16   8.91e-02     2.51e+16   2730.059s
3153000 +1.64103660e+18 +1.66178074e+18  2.07e+16   7.01e-02     2.51e+16   2730.912s
3154000 +1.64103005e+18 +1.66178074e+18  2.08e+16   1.35e-01     2.51e+16   2731.765s
3155000 +1.64102349e+18 +1.66178073e+18  2.08e+16   5.00e-02     2.51e+16   2732.619s
3156000 +1.64101694e+18 +1.66178074e+18  2.08e+16   4.73e-02     2.51e+16   2733.472s
3157000 +1.64101038e+18 +1.66178073e+18  2.08e+16   3.77e-01     2.51e+16   2734.325s
3158000 +1.64100383e+18 +1.66178073e+18  2.08e+16   3.31e-01     2.51e+16   2735.179s
3159000 +1.64099727e+18 +1.66178073e+18  2.08e+16   1.89e-01     2.51e+16   2736.032s
3160000 +1.64099072e+18 +1.66178073e+18  2.08e+16   8.77e-02     2.51e+16   2736.885s
3161000 +1.64098416e+18 +1.66178073e+18  2.08e+16   1.08e-01     2.51e+16   2737.739s
3162000 +1.64097761e+18 +1.66178073e+18  2.08e+16   6.38e-02     2.51e+16   2738.592s
3163000 +1.64097105e+18 +1.66178073e+18  2.08e+16   7.52e-02     2.51e+16   2739.446s
3164000 +1.64096450e+18 +1.66178073e+18  2.08e+16   1.24e-01     2.51e+16   2740.299s
3165000 +1.64095794e+18 +1.66178073e+18  2.08e+16   1.17e-01     2.51e+16   2741.152s
3166000 +1.64095139e+18 +1.66178073e+18  2.08e+16   1.84e-01     2.51e+16   2742.006s
3167000 +1.64094483e+18 +1.66178073e+18  2.08e+16   1.89e-01     2.51e+16   2742.859s
3168000 +1.64093828e+18 +1.66178074e+18  2.08e+16   1.13e-01     2.51e+16   2743.712s
3169000 +1.64093172e+18 +1.66178074e+18  2.08e+16   6.56e-02     2.51e+16   2744.565s
3170000 +1.64092517e+18 +1.66178074e+18  2.09e+16   8.14e-02     2.51e+16   2745.419s
3171000 +1.64091861e+18 +1.66178069e+18  2.09e+16   8.78e-01     2.51e+16   2746.272s
3172000 +1.64091206e+18 +1.66178061e+18  2.09e+16   4.54e-01     2.51e+16   2747.125s
3173000 +1.64090550e+18 +1.66178059e+18  2.09e+16   4.63e+01     2.51e+16   2747.979s
3174000 +1.64089895e+18 +1.66178055e+18  2.09e+16   1.80e+01     2.51e+16   2748.832s
3175000 +1.64089239e+18 +1.66178057e+18  2.09e+16   1.90e-01     2.51e+16   2749.685s
3176000 +1.64088584e+18 +1.66178056e+18  2.09e+16   2.08e-01     2.51e+16   2750.539s
3177000 +1.64087928e+18 +1.66178059e+18  2.09e+16   1.90e-01     2.51e+16   2751.392s
3178000 +1.64087273e+18 +1.66178045e+18  2.09e+16   2.69e-01     2.51e+16   2752.245s
3179000 +1.64086617e+18 +1.66177995e+18  2.09e+16   3.63e-01     2.51e+16   2753.098s
3180000 +1.64085962e+18 +1.66178001e+18  2.09e+16   1.67e+01     2.51e+16   2753.952s
3181000 +1.64085307e+18 +1.66178047e+18  2.09e+16   2.92e+01     2.51e+16   2754.805s
3182000 +1.64084651e+18 +1.66178027e+18  2.09e+16   3.55e+01     2.51e+16   2755.658s
3183000 +1.64083996e+18 +1.66177980e+18  2.09e+16   3.83e+01     2.51e+16   2756.512s
3184000 +1.64083340e+18 +1.66178003e+18  2.09e+16   3.67e+01     2.51e+16   2757.365s
3185000 +1.64082685e+18 +1.66178046e+18  2.10e+16   3.55e+01     2.51e+16   2758.219s
3186000 +1.64082029e+18 +1.66178023e+18  2.10e+16   2.94e+01     2.51e+16   2759.072s
3187000 +1.64081374e+18 +1.66177983e+18  2.10e+16   6.84e+00     2.51e+16   2759.925s
3188000 +1.64080718e+18 +1.66178011e+18  2.10e+16   1.78e+01     2.51e+16   2760.778s
3189000 +1.64080063e+18 +1.66178035e+18  2.10e+16   2.43e-01     2.51e+16   2761.632s
3190000 +1.64079407e+18 +1.66178000e+18  2.10e+16   2.64e-01     2.51e+16   2762.485s
3191000 +1.64078752e+18 +1.66177969e+18  2.10e+16   2.93e+00     2.51e+16   2763.339s
3192000 +1.64078096e+18 +1.66177998e+18  2.10e+16   1.65e+01     2.51e+16   2764.192s
3193000 +1.64077441e+18 +1.66178007e+18  2.10e+16   2.06e+01     2.51e+16   2765.045s
3194000 +1.64076786e+18 +1.66177961e+18  2.10e+16   3.02e+01     2.51e+16   2765.899s
3195000 +1.64076130e+18 +1.66177942e+18  2.10e+16   2.56e+01     2.51e+16   2766.752s
3196000 +1.64075475e+18 +1.66177980e+18  2.10e+16   1.38e+01     2.51e+16   2767.606s
3197000 +1.64074819e+18 +1.66177986e+18  2.10e+16   4.16e-01     2.51e+16   2768.459s
3198000 +1.64074164e+18 +1.66177944e+18  2.10e+16   2.29e+01     2.51e+16   2769.312s
3199000 +1.64073508e+18 +1.66177944e+18  2.10e+16   2.75e+01     2.51e+16   2770.166s
3200000 +1.64072853e+18 +1.66177980e+18  2.11e+16   5.48e+01     2.51e+16   2771.019s
3201000 +1.64072197e+18 +1.66177981e+18  2.11e+16   7.71e+01     2.51e+16   2771.872s
3202000 +1.64071542e+18 +1.66177951e+18  2.11e+16   9.59e+01     2.51e+16   2772.725s
3203000 +1.64070886e+18 +1.66177968e+18  2.11e+16   1.00e+02     2.51e+16   2773.579s
3204000 +1.64070231e+18 +1.66178006e+18  2.11e+16   9.70e+01     2.51e+16   2774.433s
3205000 +1.64069576e+18 +1.66177995e+18  2.11e+16   8.79e+01     2.51e+16   2775.286s
3206000 +1.64068920e+18 +1.66177964e+18  2.11e+16   6.65e+01     2.51e+16   2776.139s
3207000 +1.64068265e+18 +1.66177983e+18  2.11e+16   4.43e+01     2.51e+16   2776.993s
3208000 +1.64067609e+18 +1.66178015e+18  2.11e+16   1.48e+01     2.51e+16   2777.846s
3209000 +1.64066954e+18 +1.66177995e+18  2.11e+16   1.93e+01     2.51e+16   2778.700s
3210000 +1.64066298e+18 +1.66177967e+18  2.11e+16   2.84e+00     2.51e+16   2779.553s
3211000 +1.64065643e+18 +1.66177982e+18  2.11e+16   1.41e+01     2.51e+16   2780.406s
3212000 +1.64064987e+18 +1.66177999e+18  2.11e+16   1.92e+01     2.51e+16   2781.260s
3213000 +1.64064332e+18 +1.66177968e+18  2.11e+16   2.04e-01     2.51e+16   2782.113s
3214000 +1.64063677e+18 +1.66177947e+18  2.11e+16   3.14e+00     2.51e+16   2782.966s
3215000 +1.64063021e+18 +1.66177971e+18  2.11e+16   1.24e+01     2.51e+16   2783.820s
3216000 +1.64062366e+18 +1.66177982e+18  2.12e+16   1.87e+01     2.51e+16   2784.673s
3217000 +1.64061710e+18 +1.66177947e+18  2.12e+16   3.32e+00     2.51e+16   2785.527s
3218000 +1.64061055e+18 +1.66177932e+18  2.12e+16   6.39e+00     2.51e+16   2786.380s
3219000 +1.64060399e+18 +1.66177966e+18  2.12e+16   2.42e+01     2.51e+16   2787.233s
3220000 +1.64059744e+18 +1.66177974e+18  2.12e+16   3.28e+01     2.51e+16   2788.087s
3221000 +1.64059088e+18 +1.66177947e+18  2.12e+16   5.31e+01     2.51e+16   2788.940s
3222000 +1.64058433e+18 +1.66177948e+18  2.12e+16   6.87e+01     2.51e+16   2789.794s
3223000 +1.64057777e+18 +1.66177983e+18  2.12e+16   7.78e+01     2.51e+16   2790.647s
3224000 +1.64057123e+18 +1.66177070e+18  2.12e+16   7.68e+01     2.51e+16   2791.501s
3225000 +1.64056469e+18 +1.66175376e+18  2.12e+16   3.94e+03     2.51e+16   2792.354s
3226000 +1.64055814e+18 +1.66176486e+18  2.12e+16   6.04e+01     2.51e+16   2793.207s
3227000 +1.64055160e+18 +1.66175950e+18  2.12e+16   4.31e+03     2.51e+16   2794.061s
3228000 +1.64054506e+18 +1.66175911e+18  2.12e+16   1.67e+01     2.51e+16   2794.915s
3229000 +1.64053851e+18 +1.66176432e+18  2.12e+16   4.24e+03     2.51e+16   2795.768s
3230000 +1.64053197e+18 +1.66175335e+18  2.12e+16   1.27e+01     2.51e+16   2796.621s
3231000 +1.64052543e+18 +1.66176932e+18  2.12e+16   3.76e+03     2.51e+16   2797.475s
3232000 +1.64051889e+18 +1.66174859e+18  2.12e+16   3.29e-01     2.51e+16   2798.328s
3233000 +1.64051234e+18 +1.66177249e+18  2.13e+16   2.91e+03     2.51e+16   2799.182s
3234000 +1.64050580e+18 +1.66174506e+18  2.12e+16   1.14e+01     2.51e+16   2800.035s
3235000 +1.64049926e+18 +1.66177208e+18  2.13e+16   3.29e+03     2.51e+16   2800.888s
3236000 +1.64049272e+18 +1.66174122e+18  2.12e+16   1.81e+01     2.51e+16   2801.742s
3237000 +1.64048617e+18 +1.66177286e+18  2.13e+16   3.02e+03     2.51e+16   2802.598s
3238000 +1.64047963e+18 +1.66174039e+18  2.13e+16   8.38e+01     2.51e+16   2803.455s
3239000 +1.64047309e+18 +1.66177273e+18  2.13e+16   2.93e+03     2.51e+16   2804.311s
3240000 +1.64046655e+18 +1.66174098e+18  2.13e+16   1.31e+03     2.51e+16   2805.168s
3241000 +1.64046001e+18 +1.66177035e+18  2.13e+16   2.63e+03     2.51e+16   2806.025s
3242000 +1.64045347e+18 +1.66174342e+18  2.13e+16   2.37e+03     2.51e+16   2806.881s
3243000 +1.64044692e+18 +1.66176731e+18  2.13e+16   2.12e+03     2.51e+16   2807.737s
3244000 +1.64044038e+18 +1.66174666e+18  2.13e+16   3.17e+03     2.51e+16   2808.594s
3245000 +1.64043384e+18 +1.66176279e+18  2.13e+16   1.43e+03     2.51e+16   2809.451s
3246000 +1.64042730e+18 +1.66175119e+18  2.13e+16   3.63e+03     2.51e+16   2810.308s
3247000 +1.64042076e+18 +1.66175806e+18  2.13e+16   6.42e+02     2.51e+16   2811.164s
3248000 +1.64041422e+18 +1.66175544e+18  2.13e+16   3.71e+03     2.51e+16   2812.020s
3249000 +1.64040767e+18 +1.66175290e+18  2.13e+16   9.05e+00     2.51e+16   2812.873s
3250000 +1.64040113e+18 +1.66176014e+18  2.14e+16   3.47e+03     2.51e+16   2813.727s
3251000 +1.64039459e+18 +1.66174841e+18  2.14e+16   2.11e+01     2.51e+16   2814.580s
3252000 +1.64038805e+18 +1.66176351e+18  2.14e+16   3.09e+03     2.51e+16   2815.433s
3253000 +1.64038151e+18 +1.66174450e+18  2.14e+16   3.69e+01     2.51e+16   2816.287s
3254000 +1.64037497e+18 +1.66176652e+18  2.14e+16   2.71e+03     2.51e+16   2817.140s
3255000 +1.64036842e+18 +1.66174181e+18  2.14e+16   1.51e+01     2.51e+16   2817.993s
3256000 +1.64036188e+18 +1.66176769e+18  2.14e+16   2.50e+03     2.51e+16   2818.847s
3257000 +1.64035534e+18 +1.66174053e+18  2.14e+16   9.22e+00     2.51e+16   2819.700s
3258000 +1.64034880e+18 +1.66176809e+18  2.14e+16   2.55e+03     2.51e+16   2820.554s
3259000 +1.64034226e+18 +1.66174055e+18  2.14e+16   7.81e+02     2.51e+16   2821.407s
3260000 +1.64033572e+18 +1.66176652e+18  2.14e+16   2.53e+03     2.51e+16   2822.260s
3261000 +1.64032917e+18 +1.66174217e+18  2.14e+16   1.77e+03     2.51e+16   2823.114s
3262000 +1.64032263e+18 +1.66176439e+18  2.14e+16   2.29e+03     2.51e+16   2823.967s
3263000 +1.64031609e+18 +1.66174468e+18  2.14e+16   2.56e+03     2.51e+16   2824.820s
3264000 +1.64030955e+18 +1.66176075e+18  2.15e+16   1.86e+03     2.51e+16   2825.674s
3265000 +1.64030301e+18 +1.66174830e+18  2.14e+16   3.07e+03     2.51e+16   2826.527s
3266000 +1.64029647e+18 +1.66175694e+18  2.15e+16   1.28e+03     2.51e+16   2827.380s
3267000 +1.64028992e+18 +1.66175197e+18  2.15e+16   3.26e+03     2.51e+16   2828.234s
3268000 +1.64028338e+18 +1.66175253e+18  2.15e+16   6.00e+02     2.51e+16   2829.087s
3269000 +1.64027684e+18 +1.66175610e+18  2.15e+16   3.12e+03     2.51e+16   2829.941s
3270000 +1.64027030e+18 +1.66174859e+18  2.15e+16   2.35e+00     2.51e+16   2830.794s
3271000 +1.64026376e+18 +1.66175925e+18  2.15e+16   2.72e+03     2.51e+16   2831.647s
3272000 +1.64025722e+18 +1.66174494e+18  2.15e+16   7.95e+00     2.51e+16   2832.501s
3273000 +1.64025068e+18 +1.66176221e+18  2.15e+16   2.27e+03     2.51e+16   2833.354s
3274000 +1.64024413e+18 +1.66174238e+18  2.15e+16   2.48e+01     2.51e+16   2834.207s
3275000 +1.64023759e+18 +1.66176361e+18  2.15e+16   1.98e+03     2.51e+16   2835.061s
3276000 +1.64023105e+18 +1.66174078e+18  2.15e+16   2.95e+01     2.51e+16   2835.914s
3277000 +1.64022451e+18 +1.66176437e+18  2.15e+16   2.04e+03     2.51e+16   2836.767s
3278000 +1.64021797e+18 +1.66174044e+18  2.15e+16   3.60e+02     2.51e+16   2837.620s
3279000 +1.64021143e+18 +1.66176341e+18  2.16e+16   2.23e+03     2.51e+16   2838.474s
3280000 +1.64020488e+18 +1.66174141e+18  2.15e+16   1.28e+03     2.51e+16   2839.327s
3281000 +1.64019834e+18 +1.66176192e+18  2.16e+16   2.23e+03     2.51e+16   2840.180s
3282000 +1.64019180e+18 +1.66174327e+18  2.16e+16   2.05e+03     2.51e+16   2841.034s
3283000 +1.64018526e+18 +1.66175897e+18  2.16e+16   2.03e+03     2.51e+16   2841.887s
3284000 +1.64017872e+18 +1.66174617e+18  2.16e+16   2.60e+03     2.51e+16   2842.740s
3285000 +1.64017218e+18 +1.66175589e+18  2.16e+16   1.67e+03     2.51e+16   2843.594s
3286000 +1.64016563e+18 +1.66174934e+18  2.16e+16   2.87e+03     2.51e+16   2844.447s
3287000 +1.64015909e+18 +1.66175206e+18  2.16e+16   1.16e+03     2.51e+16   2845.300s
3288000 +1.64015255e+18 +1.66175294e+18  2.16e+16   2.86e+03     2.51e+16   2846.154s
3289000 +1.64014601e+18 +1.66174862e+18  2.16e+16   5.68e+02     2.51e+16   2847.007s
3290000 +1.64013947e+18 +1.66175590e+18  2.16e+16   2.56e+03     2.51e+16   2847.860s
3291000 +1.64013293e+18 +1.66174528e+18  2.16e+16   9.10e+00     2.51e+16   2848.714s
3292000 +1.64012638e+18 +1.66175877e+18  2.16e+16   2.04e+03     2.51e+16   2849.567s
3293000 +1.64011984e+18 +1.66174285e+18  2.16e+16   1.16e+01     2.51e+16   2850.421s
3294000 +1.64011330e+18 +1.66176032e+18  2.16e+16   1.59e+03     2.51e+16   2851.274s
3295000 +1.64010676e+18 +1.66174096e+18  2.16e+16   7.26e+00     2.51e+16   2852.127s
3296000 +1.64010022e+18 +1.66176135e+18  2.17e+16   1.50e+03     2.51e+16   2852.981s
3297000 +1.64009368e+18 +1.66174047e+18  2.16e+16   2.86e+01     2.51e+16   2853.834s
3298000 +1.64008714e+18 +1.66176072e+18  2.17e+16   1.79e+03     2.51e+16   2854.688s
3299000 +1.64008059e+18 +1.66174078e+18  2.17e+16   8.71e+02     2.51e+16   2855.541s
3300000 +1.64007405e+18 +1.66176967e+18  2.17e+16   1.98e+03     2.51e+16   2856.394s
3301000 +1.64006751e+18 +1.66175186e+18  2.17e+16   1.62e+03     2.51e+16   2857.248s
3302000 +1.64006097e+18 +1.66176809e+18  2.17e+16   1.99e+03     2.51e+16   2858.101s
3303000 +1.64005443e+18 +1.66175519e+18  2.17e+16   2.19e+03     2.51e+16   2858.954s
3304000 +1.64004789e+18 +1.66176521e+18  2.17e+16   1.83e+03     2.51e+16   2859.808s
3305000 +1.64004135e+18 +1.66175858e+18  2.17e+16   2.53e+03     2.51e+16   2860.661s
3306000 +1.64003480e+18 +1.66176217e+18  2.17e+16   1.51e+03     2.51e+16   2861.515s
3307000 +1.64002826e+18 +1.66176140e+18  2.17e+16   2.61e+03     2.51e+16   2862.368s
3308000 +1.64002172e+18 +1.66175928e+18  2.17e+16   1.07e+03     2.51e+16   2863.221s
3309000 +1.64001518e+18 +1.66176427e+18  2.17e+16   2.43e+03     2.51e+16   2864.075s
3310000 +1.64000864e+18 +1.66175672e+18  2.17e+16   5.43e+02     2.51e+16   2864.928s
3311000 +1.64000210e+18 +1.66176670e+18  2.18e+16   2.01e+03     2.51e+16   2865.782s
3312000 +1.63999556e+18 +1.66175475e+18  2.18e+16   3.22e+01     2.51e+16   2866.635s
3313000 +1.63998901e+18 +1.66176828e+18  2.18e+16   1.43e+03     2.51e+16   2867.489s
3314000 +1.63998247e+18 +1.66175306e+18  2.18e+16   1.22e+01     2.51e+16   2868.342s
3315000 +1.63997593e+18 +1.66176960e+18  2.18e+16   1.06e+03     2.51e+16   2869.195s
3316000 +1.63996939e+18 +1.66175279e+18  2.18e+16   1.62e+01     2.51e+16   2870.049s
3317000 +1.63996285e+18 +1.66176915e+18  2.18e+16   1.27e+03     2.51e+16   2870.902s
3318000 +1.63995631e+18 +1.66175299e+18  2.18e+16   5.28e+02     2.51e+16   2871.755s
3319000 +1.63994977e+18 +1.66177105e+18  2.18e+16   1.60e+03     2.51e+16   2872.609s
3320000 +1.63994322e+18 +1.66175400e+18  2.18e+16   1.25e+03     2.51e+16   2873.462s
3321000 +1.63993668e+18 +1.66176646e+18  2.18e+16   1.78e+03     2.51e+16   2874.315s
3322000 +1.63993014e+18 +1.66175415e+18  2.18e+16   1.83e+03     2.51e+16   2875.169s
3323000 +1.63992360e+18 +1.66176679e+18  2.18e+16   1.80e+03     2.51e+16   2876.022s
3324000 +1.63991706e+18 +1.66175871e+18  2.18e+16   2.22e+03     2.51e+16   2876.875s
3325000 +1.63991052e+18 +1.66176206e+18  2.19e+16   1.66e+03     2.51e+16   2877.729s
3326000 +1.63990398e+18 +1.66175899e+18  2.19e+16   2.37e+03     2.51e+16   2878.583s
3327000 +1.63989743e+18 +1.66176077e+18  2.19e+16   1.39e+03     2.51e+16   2879.436s
3328000 +1.63989089e+18 +1.66176440e+18  2.19e+16   2.29e+03     2.51e+16   2880.290s
3329000 +1.63988435e+18 +1.66175726e+18  2.19e+16   9.93e+02     2.51e+16   2881.143s
3330000 +1.63987781e+18 +1.66176417e+18  2.19e+16   1.98e+03     2.51e+16   2881.997s
3331000 +1.63987127e+18 +1.66175533e+18  2.19e+16   5.21e+02     2.51e+16   2882.850s
3332000 +1.63986473e+18 +1.66176881e+18  2.19e+16   1.48e+03     2.51e+16   2883.703s
3333000 +1.63985819e+18 +1.66175396e+18  2.19e+16   5.02e+01     2.51e+16   2884.557s
3334000 +1.63985164e+18 +1.66176756e+18  2.19e+16   8.75e+02     2.51e+16   2885.410s
3335000 +1.63984510e+18 +1.66175233e+18  2.19e+16   2.30e+01     2.51e+16   2886.264s
3336000 +1.63983856e+18 +1.66177028e+18  2.19e+16   7.36e+02     2.51e+16   2887.117s
3337000 +1.63983202e+18 +1.66175354e+18  2.19e+16   2.37e+02     2.51e+16   2887.970s
3338000 +1.63982548e+18 +1.66176780e+18  2.19e+16   1.13e+03     2.51e+16   2888.824s
3339000 +1.63981894e+18 +1.66175262e+18  2.19e+16   9.23e+02     2.51e+16   2889.678s
3340000 +1.63981240e+18 +1.66176833e+18  2.20e+16   1.44e+03     2.51e+16   2890.531s
3341000 +1.63980585e+18 +1.66175625e+18  2.20e+16   1.51e+03     2.51e+16   2891.385s
3342000 +1.63979931e+18 +1.66176516e+18  2.20e+16   1.61e+03     2.51e+16   2892.238s
3343000 +1.63979277e+18 +1.66175585e+18  2.20e+16   1.93e+03     2.51e+16   2893.092s
3344000 +1.63978623e+18 +1.66176360e+18  2.20e+16   1.64e+03     2.51e+16   2893.945s
3345000 +1.63977969e+18 +1.66176095e+18  2.20e+16   2.15e+03     2.51e+16   2894.798s
3346000 +1.63977315e+18 +1.66176082e+18  2.20e+16   1.53e+03     2.51e+16   2895.651s
3347000 +1.63976661e+18 +1.66176060e+18  2.20e+16   2.15e+03     2.51e+16   2896.505s
3348000 +1.63976007e+18 +1.66175804e+18  2.20e+16   1.28e+03     2.51e+16   2897.359s
3349000 +1.63975352e+18 +1.66176577e+18  2.20e+16   1.94e+03     2.51e+16   2898.212s
3350000 +1.63974698e+18 +1.66175673e+18  2.20e+16   9.30e+02     2.51e+16   2899.066s
3351000 +1.63974044e+18 +1.66176501e+18  2.20e+16   1.54e+03     2.51e+16   2899.919s
3352000 +1.63973390e+18 +1.66175358e+18  2.20e+16   5.98e+02     2.51e+16   2900.773s
3353000 +1.63972736e+18 +1.66176853e+18  2.20e+16   1.07e+03     2.51e+16   2901.626s
3354000 +1.63972082e+18 +1.66175415e+18  2.20e+16   3.37e+02     2.51e+16   2902.479s
3355000 +1.63971428e+18 +1.66176671e+18  2.21e+16   4.21e+02     2.51e+16   2903.332s
3356000 +1.63970773e+18 +1.66175151e+18  2.20e+16   2.27e+01     2.51e+16   2904.186s
3357000 +1.63970119e+18 +1.66176830e+18  2.21e+16   6.38e+02     2.51e+16   2905.039s
3358000 +1.63969465e+18 +1.66175487e+18  2.21e+16   6.38e+02     2.51e+16   2905.892s
3359000 +1.63968811e+18 +1.66176664e+18  2.21e+16   1.02e+03     2.51e+16   2906.746s
3360000 +1.63968157e+18 +1.66175366e+18  2.21e+16   1.22e+03     2.51e+16   2907.599s
3361000 +1.63967503e+18 +1.66176572e+18  2.21e+16   1.31e+03     2.51e+16   2908.453s
3362000 +1.63966849e+18 +1.66175807e+18  2.21e+16   1.69e+03     2.51e+16   2909.306s
3363000 +1.63966195e+18 +1.66176342e+18  2.21e+16   1.52e+03     2.51e+16   2910.159s
3364000 +1.63965541e+18 +1.66175725e+18  2.21e+16   1.96e+03     2.51e+16   2911.013s
3365000 +1.63964886e+18 +1.66176027e+18  2.21e+16   1.51e+03     2.51e+16   2911.866s
3366000 +1.63964232e+18 +1.66176172e+18  2.21e+16   2.01e+03     2.51e+16   2912.719s
3367000 +1.63963578e+18 +1.66175906e+18  2.21e+16   1.41e+03     2.51e+16   2913.573s
3368000 +1.63962924e+18 +1.66176209e+18  2.21e+16   1.88e+03     2.51e+16   2914.426s
3369000 +1.63962270e+18 +1.66175593e+18  2.21e+16   1.19e+03     2.51e+16   2915.280s
3370000 +1.63961616e+18 +1.66176595e+18  2.21e+16   1.57e+03     2.51e+16   2916.133s
3371000 +1.63960962e+18 +1.66175607e+18  2.21e+16   8.85e+02     2.51e+16   2916.986s
3372000 +1.63960308e+18 +1.66176599e+18  2.22e+16   1.15e+03     2.51e+16   2917.840s
3373000 +1.63959653e+18 +1.66175277e+18  2.22e+16   6.13e+02     2.51e+16   2918.693s
3374000 +1.63958999e+18 +1.66176726e+18  2.22e+16   6.10e+02     2.51e+16   2919.547s
3375000 +1.63958345e+18 +1.66175424e+18  2.22e+16   1.23e+02     2.51e+16   2920.400s
3376000 +1.63957691e+18 +1.66176681e+18  2.22e+16   1.61e+02     2.51e+16   2921.253s
3377000 +1.63957037e+18 +1.66175249e+18  2.22e+16   3.86e+02     2.51e+16   2922.107s
3378000 +1.63956383e+18 +1.66176633e+18  2.22e+16   5.65e+02     2.51e+16   2922.960s
3379000 +1.63955729e+18 +1.66175599e+18  2.22e+16   9.52e+02     2.51e+16   2923.814s
3380000 +1.63955075e+18 +1.66176583e+18  2.22e+16   9.21e+02     2.51e+16   2924.667s
3381000 +1.63954420e+18 +1.66175546e+18  2.22e+16   1.42e+03     2.51e+16   2925.521s
3382000 +1.63953766e+18 +1.66176306e+18  2.22e+16   1.23e+03     2.51e+16   2926.374s
3383000 +1.63953112e+18 +1.66175912e+18  2.22e+16   1.76e+03     2.51e+16   2927.227s
3384000 +1.63952458e+18 +1.66176197e+18  2.22e+16   1.38e+03     2.51e+16   2928.080s
3385000 +1.63951804e+18 +1.66175909e+18  2.22e+16   1.87e+03     2.51e+16   2928.934s
3386000 +1.63951150e+18 +1.66175800e+18  2.22e+16   1.39e+03     2.51e+16   2929.787s
3387000 +1.63950496e+18 +1.66176285e+18  2.23e+16   1.81e+03     2.51e+16   2930.640s
3388000 +1.63949842e+18 +1.66175823e+18  2.23e+16   1.31e+03     2.51e+16   2931.494s
3389000 +1.63949187e+18 +1.66176373e+18  2.23e+16   1.58e+03     2.51e+16   2932.347s
3390000 +1.63948533e+18 +1.66175450e+18  2.23e+16   1.12e+03     2.51e+16   2933.201s
3391000 +1.63947879e+18 +1.66176608e+18  2.23e+16   1.20e+03     2.51e+16   2934.054s
3392000 +1.63947225e+18 +1.66175570e+18  2.23e+16   8.81e+02     2.51e+16   2934.907s
3393000 +1.63946571e+18 +1.66176627e+18  2.23e+16   7.69e+02     2.51e+16   2935.761s
3394000 +1.63945917e+18 +1.66175236e+18  2.23e+16   5.40e+02     2.51e+16   2936.614s
3395000 +1.63945263e+18 +1.66176616e+18  2.23e+16   1.49e+02     2.51e+16   2937.468s
3396000 +1.63944609e+18 +1.66175487e+18  2.23e+16   1.83e+02     2.51e+16   2938.321s
3397000 +1.63943954e+18 +1.66176636e+18  2.23e+16   1.26e+02     2.51e+16   2939.174s
3398000 +1.63943300e+18 +1.66175355e+18  2.23e+16   7.12e+02     2.51e+16   2940.027s
3399000 +1.63942646e+18 +1.66176468e+18  2.23e+16   5.03e+02     2.51e+16   2940.881s
3400000 +1.63941992e+18 +1.66175715e+18  2.23e+16   1.18e+03     2.51e+16   2941.734s
3401000 +1.63941338e+18 +1.66176460e+18  2.24e+16   8.47e+02     2.51e+16   2942.588s
3402000 +1.63940684e+18 +1.66175707e+18  2.24e+16   1.55e+03     2.51e+16   2943.441s
3403000 +1.63940030e+18 +1.66176077e+18  2.24e+16   1.14e+03     2.51e+16   2944.294s
3404000 +1.63939376e+18 +1.66176003e+18  2.24e+16   1.73e+03     2.51e+16   2945.147s
3405000 +1.63938722e+18 +1.66176042e+18  2.24e+16   1.25e+03     2.51e+16   2946.001s
3406000 +1.63938067e+18 +1.66176110e+18  2.24e+16   1.73e+03     2.51e+16   2946.854s
3407000 +1.63937413e+18 +1.66175655e+18  2.24e+16   1.30e+03     2.51e+16   2947.708s
3408000 +1.63936759e+18 +1.66176341e+18  2.24e+16   1.57e+03     2.51e+16   2948.561s
3409000 +1.63936105e+18 +1.66175719e+18  2.24e+16   1.23e+03     2.51e+16   2949.414s
3410000 +1.63935451e+18 +1.66176519e+18  2.24e+16   1.25e+03     2.51e+16   2950.267s
3411000 +1.63934797e+18 +1.66175406e+18  2.24e+16   1.06e+03     2.51e+16   2951.121s
3412000 +1.63934143e+18 +1.66176546e+18  2.24e+16   8.62e+02     2.51e+16   2951.974s
3413000 +1.63933489e+18 +1.66175493e+18  2.24e+16   8.51e+02     2.51e+16   2952.827s
3414000 +1.63932834e+18 +1.66176649e+18  2.24e+16   3.81e+02     2.51e+16   2953.681s
3415000 +1.63932180e+18 +1.66175300e+18  2.24e+16   4.65e+02     2.51e+16   2954.534s
3416000 +1.63931526e+18 +1.66176490e+18  2.24e+16   1.56e+01     2.51e+16   2955.387s
3417000 +1.63930872e+18 +1.66175507e+18  2.24e+16   5.03e+02     2.51e+16   2956.241s
3418000 +1.63930218e+18 +1.66176587e+18  2.25e+16   9.27e+01     2.51e+16   2957.094s
3419000 +1.63929564e+18 +1.66175537e+18  2.25e+16   9.66e+02     2.51e+16   2957.948s
3420000 +1.63928910e+18 +1.66176294e+18  2.25e+16   4.49e+02     2.51e+16   2958.801s
3421000 +1.63928256e+18 +1.66175779e+18  2.25e+16   1.34e+03     2.51e+16   2959.655s
3422000 +1.63927601e+18 +1.66176312e+18  2.25e+16   8.10e+02     2.51e+16   2960.508s
3423000 +1.63926947e+18 +1.66175891e+18  2.25e+16   1.59e+03     2.51e+16   2961.362s
3424000 +1.63926293e+18 +1.66173895e+18  2.25e+16   1.03e+03     2.51e+16   2962.215s
3425000 +1.63925640e+18 +1.66175304e+18  2.25e+16   1.64e+03     2.51e+16   2963.069s
3426000 +1.63924986e+18 +1.66175422e+18  2.25e+16   1.16e+03     2.51e+16   2963.922s
3427000 +1.63924332e+18 +1.66174194e+18  2.25e+16   1.54e+03     2.51e+16   2964.776s
3428000 +1.63923678e+18 +1.66175269e+18  2.25e+16   1.21e+03     2.51e+16   2965.629s
3429000 +1.63923025e+18 +1.66175334e+18  2.25e+16   1.29e+03     2.51e+16   2966.482s
3430000 +1.63922371e+18 +1.66173796e+18  2.25e+16   1.16e+03     2.51e+16   2967.336s
3431000 +1.63921717e+18 +1.66176538e+18  2.25e+16   9.29e+02     2.51e+16   2968.190s
3432000 +1.63921063e+18 +1.66173737e+18  2.25e+16   1.03e+03     2.51e+16   2969.043s
3433000 +1.63920410e+18 +1.66175133e+18  2.25e+16   5.55e+02     2.51e+16   2969.897s
3434000 +1.63919756e+18 +1.66175312e+18  2.26e+16   7.82e+02     2.51e+16   2970.750s
3435000 +1.63919102e+18 +1.66174620e+18  2.26e+16   4.33e+01     2.51e+16   2971.603s
3436000 +1.63918448e+18 +1.66174578e+18  2.26e+16   5.53e+02     2.51e+16   2972.457s
3437000 +1.63917795e+18 +1.66175835e+18  2.26e+16   8.10e+00     2.51e+16   2973.310s
3438000 +1.63917141e+18 +1.66173498e+18  2.26e+16   7.70e+02     2.51e+16   2974.163s
3439000 +1.63916488e+18 +1.66163579e+18  2.25e+16   1.08e+02     2.51e+16   2975.017s
3440000 +1.63915839e+18 +1.66173924e+18  2.26e+16   4.61e+03     2.51e+16   2975.870s
3441000 +1.63915189e+18 +1.66159736e+18  2.24e+16   4.32e+02     2.51e+16   2976.723s
3442000 +1.63914540e+18 +1.66175093e+18  2.26e+16   1.44e+03     2.51e+16   2977.577s
3443000 +1.63913890e+18 +1.66161678e+18  2.25e+16   5.65e+03     2.51e+16   2978.430s
3444000 +1.63913241e+18 +1.66170586e+18  2.26e+16   1.55e+03     2.51e+16   2979.283s
3445000 +1.63912592e+18 +1.66167247e+18  2.25e+16   9.35e+03     2.51e+16   2980.136s
3446000 +1.63911942e+18 +1.66164896e+18  2.25e+16   1.50e+03     2.51e+16   2980.989s
3447000 +1.63911293e+18 +1.66171548e+18  2.26e+16   8.23e+03     2.51e+16   2981.843s
3448000 +1.63910643e+18 +1.66162418e+18  2.25e+16   1.31e+03     2.51e+16   2982.696s
3449000 +1.63909994e+18 +1.66172782e+18  2.26e+16   3.03e+03     2.51e+16   2983.549s
3450000 +1.63909344e+18 +1.66161542e+18  2.25e+16   1.17e+03     2.51e+16   2984.403s
3451000 +1.63908695e+18 +1.66172859e+18  2.26e+16   1.10e+03     2.51e+16   2985.256s
3452000 +1.63908045e+18 +1.66162814e+18  2.25e+16   6.73e+03     2.51e+16   2986.110s
3453000 +1.63907396e+18 +1.66169730e+18  2.26e+16   9.84e+02     2.51e+16   2986.963s
3454000 +1.63906746e+18 +1.66167528e+18  2.26e+16   9.26e+03     2.51e+16   2987.817s
3455000 +1.63906097e+18 +1.66163522e+18  2.26e+16   7.43e+02     2.51e+16   2988.670s
3456000 +1.63905447e+18 +1.66173519e+18  2.27e+16   7.00e+03     2.51e+16   2989.523s
3457000 +1.63904798e+18 +1.66159501e+18  2.25e+16   7.23e+02     2.51e+16   2990.377s
3458000 +1.63904149e+18 +1.66174573e+18  2.27e+16   1.16e+03     2.51e+16   2991.230s
3459000 +1.63903499e+18 +1.66160760e+18  2.26e+16   2.39e+03     2.51e+16   2992.083s
3460000 +1.63902850e+18 +1.66171732e+18  2.27e+16   4.58e+01     2.51e+16   2992.937s
3461000 +1.63902200e+18 +1.66164383e+18  2.26e+16   7.64e+03     2.51e+16   2993.790s
3462000 +1.63901551e+18 +1.66167929e+18  2.27e+16   4.35e+02     2.51e+16   2994.643s
3463000 +1.63900901e+18 +1.66167827e+18  2.27e+16   9.05e+03     2.51e+16   2995.497s
3464000 +1.63900252e+18 +1.66164033e+18  2.26e+16   9.97e+02     2.51e+16   2996.350s
3465000 +1.63899604e+18 +1.66170126e+18  2.27e+16   5.87e+03     2.51e+16   2997.204s
3466000 +1.63898955e+18 +1.66159855e+18  2.26e+16   8.83e+02     2.51e+16   2998.058s
3467000 +1.63898306e+18 +1.66172517e+18  2.27e+16   1.33e+03     2.51e+16   2998.911s
3468000 +1.63897657e+18 +1.66159839e+18  2.26e+16   3.76e+03     2.51e+16   2999.764s
3469000 +1.63897008e+18 +1.66169938e+18  2.27e+16   1.32e+03     2.51e+16   3000.618s
3470000 +1.63896359e+18 +1.66164567e+18  2.27e+16   8.17e+03     2.51e+16   3001.471s
3471000 +1.63895710e+18 +1.66164172e+18  2.27e+16   1.52e+03     2.51e+16   3002.324s
3472000 +1.63895062e+18 +1.66169380e+18  2.27e+16   8.41e+03     2.51e+16   3003.178s
3473000 +1.63894413e+18 +1.66160962e+18  2.27e+16   1.88e+03     2.51e+16   3004.031s
3474000 +1.63893764e+18 +1.66171122e+18  2.28e+16   4.37e+03     2.51e+16   3004.885s
3475000 +1.63893115e+18 +1.66159898e+18  2.27e+16   2.25e+03     2.51e+16   3005.738s
3476000 +1.63892466e+18 +1.66171258e+18  2.28e+16   8.01e+02     2.51e+16   3006.592s
3477000 +1.63891817e+18 +1.66160534e+18  2.27e+16   5.50e+03     2.51e+16   3007.445s
3478000 +1.63891168e+18 +1.66169518e+18  2.28e+16   9.05e+02     2.51e+16   3008.298s
3479000 +1.63890520e+18 +1.66163901e+18  2.27e+16   8.83e+03     2.51e+16   3009.151s
3480000 +1.63889871e+18 +1.66164205e+18  2.27e+16   1.12e+03     2.51e+16   3010.005s
3481000 +1.63889222e+18 +1.66169835e+18  2.28e+16   8.04e+03     2.51e+16   3010.858s
3482000 +1.63888573e+18 +1.66159240e+18  2.27e+16   1.33e+03     2.51e+16   3011.712s
3483000 +1.63887924e+18 +1.66172599e+18  2.28e+16   3.91e+03     2.51e+16   3012.565s
3484000 +1.63887275e+18 +1.66158729e+18  2.27e+16   1.42e+03     2.51e+16   3013.418s
3485000 +1.63886626e+18 +1.66170589e+18  2.28e+16   2.59e+03     2.51e+16   3014.271s
3486000 +1.63885978e+18 +1.66161889e+18  2.28e+16   6.06e+03     2.51e+16   3015.125s
3487000 +1.63885329e+18 +1.66167126e+18  2.28e+16   2.35e+03     2.51e+16   3015.978s
3488000 +1.63884680e+18 +1.66164715e+18  2.28e+16   8.49e+03     2.51e+16   3016.831s
3489000 +1.63884031e+18 +1.66163808e+18  2.28e+16   2.04e+03     2.51e+16   3017.685s
3490000 +1.63883383e+18 +1.66168440e+18  2.29e+16   6.63e+03     2.51e+16   3018.538s
3491000 +1.63882734e+18 +1.66160048e+18  2.28e+16   1.68e+03     2.51e+16   3019.391s
3492000 +1.63882085e+18 +1.66171389e+18  2.29e+16   1.71e+03     2.51e+16   3020.245s
3493000 +1.63881436e+18 +1.66158466e+18  2.28e+16   2.17e+03     2.51e+16   3021.098s
3494000 +1.63880788e+18 +1.66170328e+18  2.29e+16   1.69e+02     2.51e+16   3021.952s
3495000 +1.63880139e+18 +1.66162234e+18  2.28e+16   6.82e+03     2.51e+16   3022.805s
3496000 +1.63879490e+18 +1.66164809e+18  2.29e+16   1.05e+02     2.51e+16   3023.658s
3497000 +1.63878842e+18 +1.66167595e+18  2.29e+16   8.30e+03     2.51e+16   3024.512s
3498000 +1.63878193e+18 +1.66160400e+18  2.28e+16   6.23e+02     2.51e+16   3025.365s
3499000 +1.63877544e+18 +1.66170584e+18  2.29e+16   5.49e+03     2.51e+16   3026.219s
3500000 +1.63876895e+18 +1.66158880e+18  2.28e+16   1.18e+03     2.51e+16   3027.072s
3501000 +1.63876247e+18 +1.66170863e+18  2.29e+16   1.21e+03     2.51e+16   3027.925s
3502000 +1.63875598e+18 +1.66159032e+18  2.28e+16   3.65e+03     2.51e+16   3028.779s
3503000 +1.63874949e+18 +1.66169961e+18  2.30e+16   1.32e+03     2.51e+16   3029.632s
3504000 +1.63874300e+18 +1.66161300e+18  2.29e+16   7.61e+03     2.51e+16   3030.485s
3505000 +1.63873652e+18 +1.66165783e+18  2.29e+16   1.28e+03     2.51e+16   3031.339s
3506000 +1.63873003e+18 +1.66166422e+18  2.29e+16   8.06e+03     2.51e+16   3032.192s
3507000 +1.63872354e+18 +1.66160629e+18  2.29e+16   1.47e+03     2.51e+16   3033.045s
3508000 +1.63871706e+18 +1.66170463e+18  2.30e+16   4.88e+03     2.51e+16   3033.898s
3509000 +1.63871057e+18 +1.66158692e+18  2.29e+16   1.20e+03     2.51e+16   3034.751s
3510000 +1.63870408e+18 +1.66169735e+18  2.30e+16   2.73e+03     2.51e+16   3035.605s
3511000 +1.63869759e+18 +1.66161159e+18  2.29e+16   4.30e+03     2.51e+16   3036.458s
3512000 +1.63869111e+18 +1.66166701e+18  2.30e+16   2.82e+03     2.51e+16   3037.312s
3513000 +1.63868462e+18 +1.66164001e+18  2.30e+16   7.64e+03     2.51e+16   3038.165s
3514000 +1.63867813e+18 +1.66163746e+18  2.30e+16   2.73e+03     2.51e+16   3039.019s
3515000 +1.63867165e+18 +1.66166855e+18  2.30e+16   7.02e+03     2.51e+16   3039.872s
3516000 +1.63866516e+18 +1.66160772e+18  2.29e+16   2.32e+03     2.51e+16   3040.725s
3517000 +1.63865867e+18 +1.66169800e+18  2.30e+16   2.82e+03     2.51e+16   3041.579s
3518000 +1.63865218e+18 +1.66158420e+18  2.29e+16   2.04e+03     2.51e+16   3042.432s
3519000 +1.63864570e+18 +1.66170147e+18  2.31e+16   1.02e+03     2.51e+16   3043.285s
3520000 +1.63863921e+18 +1.66160627e+18  2.30e+16   5.55e+03     2.51e+16   3044.139s
3521000 +1.63863272e+18 +1.66165878e+18  2.30e+16   3.99e+02     2.51e+16   3044.992s
3522000 +1.63862623e+18 +1.66165741e+18  2.30e+16   7.85e+03     2.51e+16   3045.846s
3523000 +1.63861975e+18 +1.66160713e+18  2.30e+16   2.09e+02     2.51e+16   3046.699s
3524000 +1.63861326e+18 +1.66169614e+18  2.31e+16   6.35e+03     2.51e+16   3047.552s
3525000 +1.63860677e+18 +1.66158414e+18  2.30e+16   2.62e+02     2.51e+16   3048.406s
3526000 +1.63860029e+18 +1.66170478e+18  2.31e+16   1.91e+03     2.51e+16   3049.260s
3527000 +1.63859380e+18 +1.66157997e+18  2.30e+16   1.56e+03     2.51e+16   3050.113s
3528000 +1.63858731e+18 +1.66169845e+18  2.31e+16   9.20e+02     2.51e+16   3050.967s
3529000 +1.63858083e+18 +1.66159113e+18  2.30e+16   6.24e+03     2.51e+16   3051.820s
3530000 +1.63857434e+18 +1.66167105e+18  2.31e+16   6.35e+02     2.51e+16   3052.673s
3531000 +1.63856785e+18 +1.66163338e+18  2.31e+16   7.77e+03     2.51e+16   3053.527s
3532000 +1.63856137e+18 +1.66162101e+18  2.31e+16   3.88e+02     2.51e+16   3054.380s
3533000 +1.63855488e+18 +1.66168404e+18  2.31e+16   5.51e+03     2.51e+16   3055.233s
3534000 +1.63854840e+18 +1.66158858e+18  2.30e+16   6.93e+02     2.51e+16   3056.087s
3535000 +1.63854191e+18 +1.66169176e+18  2.31e+16   2.31e+03     2.51e+16   3056.940s
3536000 +1.63853542e+18 +1.66160080e+18  2.31e+16   2.80e+03     2.51e+16   3057.793s
3537000 +1.63852894e+18 +1.66166640e+18  2.31e+16   2.53e+03     2.51e+16   3058.647s
3538000 +1.63852245e+18 +1.66162968e+18  2.31e+16   6.63e+03     2.51e+16   3059.500s
3539000 +1.63851597e+18 +1.66163540e+18  2.31e+16   2.69e+03     2.51e+16   3060.354s
3540000 +1.63850948e+18 +1.66165172e+18  2.31e+16   7.16e+03     2.51e+16   3061.207s
3541000 +1.63850299e+18 +1.66161020e+18  2.31e+16   2.84e+03     2.51e+16   3062.060s
3542000 +1.63849651e+18 +1.66167715e+18  2.32e+16   3.98e+03     2.51e+16   3062.914s
3543000 +1.63849002e+18 +1.66158544e+18  2.31e+16   2.59e+03     2.51e+16   3063.767s
3544000 +1.63848354e+18 +1.66168916e+18  2.32e+16   2.45e+02     2.51e+16   3064.621s
3545000 +1.63847705e+18 +1.66159440e+18  2.31e+16   4.42e+03     2.51e+16   3065.474s
3546000 +1.63847056e+18 +1.66166352e+18  2.32e+16   9.77e+02     2.51e+16   3066.327s
3547000 +1.63846408e+18 +1.66163954e+18  2.32e+16   7.25e+03     2.51e+16   3067.181s
3548000 +1.63845759e+18 +1.66161332e+18  2.32e+16   7.77e+02     2.51e+16   3068.034s
3549000 +1.63845111e+18 +1.66168283e+18  2.32e+16   6.74e+03     2.51e+16   3068.888s
3550000 +1.63844462e+18 +1.66158511e+18  2.31e+16   6.62e+02     2.51e+16   3069.741s
3551000 +1.63843814e+18 +1.66169610e+18  2.33e+16   3.03e+03     2.51e+16   3070.594s
3552000 +1.63843165e+18 +1.66157727e+18  2.31e+16   8.20e+02     2.51e+16   3071.448s
3553000 +1.63842516e+18 +1.66169350e+18  2.33e+16   9.00e+02     2.51e+16   3072.301s
3554000 +1.63841868e+18 +1.66158371e+18  2.32e+16   4.79e+03     2.51e+16   3073.154s
3555000 +1.63841219e+18 +1.66167539e+18  2.33e+16   2.46e+01     2.51e+16   3074.008s
3556000 +1.63840571e+18 +1.66161194e+18  2.32e+16   7.21e+03     2.51e+16   3074.861s
3557000 +1.63839922e+18 +1.66163068e+18  2.32e+16   4.08e+02     2.51e+16   3075.715s
3558000 +1.63839273e+18 +1.66166131e+18  2.33e+16   6.07e+03     2.51e+16   3076.568s
3559000 +1.63838625e+18 +1.66158921e+18  2.32e+16   1.80e+02     2.51e+16   3077.422s
3560000 +1.63837976e+18 +1.66168672e+18  2.33e+16   2.31e+03     2.51e+16   3078.275s
3561000 +1.63837328e+18 +1.66158978e+18  2.32e+16   1.23e+03     2.51e+16   3079.128s
3562000 +1.63836679e+18 +1.66166984e+18  2.33e+16   2.14e+03     2.51e+16   3079.981s
3563000 +1.63836030e+18 +1.66161769e+18  2.33e+16   5.56e+03     2.51e+16   3080.835s
3564000 +1.63835382e+18 +1.66163970e+18  2.33e+16   2.23e+03     2.51e+16   3081.688s
3565000 +1.63834733e+18 +1.66164232e+18  2.33e+16   7.02e+03     2.51e+16   3082.541s
3566000 +1.63834085e+18 +1.66161371e+18  2.33e+16   2.44e+03     2.51e+16   3083.394s
3567000 +1.63833436e+18 +1.66166405e+18  2.33e+16   4.89e+03     2.51e+16   3084.248s
3568000 +1.63832788e+18 +1.66159014e+18  2.33e+16   2.52e+03     2.51e+16   3085.101s
3569000 +1.63832139e+18 +1.66168062e+18  2.34e+16   6.36e+02     2.51e+16   3085.955s
3570000 +1.63831490e+18 +1.66158407e+18  2.33e+16   3.33e+03     2.51e+16   3086.809s
3571000 +1.63830842e+18 +1.66166542e+18  2.34e+16   6.41e+02     2.51e+16   3087.662s
3572000 +1.63830193e+18 +1.66161896e+18  2.33e+16   6.42e+03     2.51e+16   3088.515s
3573000 +1.63829545e+18 +1.66161985e+18  2.33e+16   1.16e+03     2.51e+16   3089.369s
3574000 +1.63828896e+18 +1.66166322e+18  2.34e+16   7.00e+03     2.51e+16   3090.222s
3575000 +1.63828248e+18 +1.66158704e+18  2.33e+16   1.21e+03     2.51e+16   3091.075s
3576000 +1.63827599e+18 +1.66168617e+18  2.34e+16   4.20e+03     2.51e+16   3091.929s
3577000 +1.63826951e+18 +1.66158125e+18  2.33e+16   1.14e+03     2.51e+16   3092.783s
3578000 +1.63826302e+18 +1.66168222e+18  2.34e+16   1.56e+03     2.51e+16   3093.636s
3579000 +1.63825654e+18 +1.66158172e+18  2.33e+16   3.52e+03     2.51e+16   3094.490s
3580000 +1.63825005e+18 +1.66166864e+18  2.34e+16   1.36e+03     2.51e+16   3095.343s
3581000 +1.63824357e+18 +1.66160446e+18  2.34e+16   6.56e+03     2.51e+16   3096.196s
3582000 +1.63823708e+18 +1.66163354e+18  2.34e+16   8.15e+02     2.51e+16   3097.050s
3583000 +1.63823060e+18 +1.66163947e+18  2.34e+16   6.30e+03     2.51e+16   3097.903s
3584000 +1.63822411e+18 +1.66159122e+18  2.34e+16   7.44e+02     2.51e+16   3098.757s
3585000 +1.63821763e+18 +1.66167827e+18  2.35e+16   3.09e+03     2.51e+16   3099.610s
3586000 +1.63821114e+18 +1.66157397e+18  2.34e+16   6.42e+02     2.51e+16   3100.464s
3587000 +1.63820466e+18 +1.66166843e+18  2.35e+16   1.37e+03     2.51e+16   3101.317s
3588000 +1.63819818e+18 +1.66160315e+18  2.34e+16   4.23e+03     2.51e+16   3102.170s
3589000 +1.63819169e+18 +1.66164068e+18  2.34e+16   1.30e+03     2.51e+16   3103.024s
3590000 +1.63818521e+18 +1.66162773e+18  2.34e+16   6.68e+03     2.51e+16   3103.877s
3591000 +1.63817872e+18 +1.66161574e+18  2.34e+16   1.59e+03     2.51e+16   3104.730s
3592000 +1.63817224e+18 +1.66165609e+18  2.35e+16   5.57e+03     2.51e+16   3105.584s
3593000 +1.63816575e+18 +1.66158954e+18  2.34e+16   1.81e+03     2.51e+16   3106.437s
3594000 +1.63815927e+18 +1.66167367e+18  2.35e+16   2.02e+03     2.51e+16   3107.291s
3595000 +1.63815279e+18 +1.66157536e+18  2.34e+16   2.25e+03     2.51e+16   3108.144s
3596000 +1.63814630e+18 +1.66166997e+18  2.35e+16   9.76e+02     2.51e+16   3108.997s
3597000 +1.63813982e+18 +1.66159524e+18  2.35e+16   5.50e+03     2.51e+16   3109.851s
3598000 +1.63813333e+18 +1.66163343e+18  2.35e+16   1.31e+03     2.51e+16   3110.704s
3599000 +1.63812685e+18 +1.66163810e+18  2.35e+16   6.86e+03     2.51e+16   3111.558s
3600000 +1.63812036e+18 +1.66158979e+18  2.35e+16   1.33e+03     2.51e+16   3112.411s
3601000 +1.63811388e+18 +1.66167131e+18  2.36e+16   5.17e+03     2.51e+16   3113.264s
3602000 +1.63810740e+18 +1.66158193e+18  2.35e+16   1.59e+03     2.51e+16   3114.118s
3603000 +1.63810091e+18 +1.66166776e+18  2.36e+16   1.93e+03     2.51e+16   3114.971s
3604000 +1.63809443e+18 +1.66158582e+18  2.35e+16   2.33e+03     2.51e+16   3115.824s
3605000 +1.63808794e+18 +1.66166426e+18  2.36e+16   1.69e+03     2.51e+16   3116.678s
3606000 +1.63808146e+18 +1.66159910e+18  2.35e+16   5.65e+03     2.51e+16   3117.531s
3607000 +1.63807497e+18 +1.66163532e+18  2.36e+16   1.62e+03     2.51e+16   3118.385s
3608000 +1.63806849e+18 +1.66163412e+18  2.36e+16   6.32e+03     2.51e+16   3119.238s
3609000 +1.63806200e+18 +1.66159684e+18  2.35e+16   1.36e+03     2.51e+16   3120.091s
3610000 +1.63805552e+18 +1.66166261e+18  2.36e+16   3.93e+03     2.51e+16   3120.945s
3611000 +1.63804904e+18 +1.66156799e+18  2.35e+16   1.45e+03     2.51e+16   3121.799s
3612000 +1.63804256e+18 +1.66166533e+18  2.36e+16   1.38e+03     2.51e+16   3122.652s
3613000 +1.63803608e+18 +1.66157956e+18  2.35e+16   3.19e+03     2.51e+16   3123.505s
3614000 +1.63802960e+18 +1.66163295e+18  2.36e+16   1.44e+03     2.51e+16   3124.359s
3615000 +1.63802312e+18 +1.66161019e+18  2.36e+16   6.03e+03     2.51e+16   3125.212s
3616000 +1.63801664e+18 +1.66160251e+18  2.36e+16   7.65e+02     2.51e+16   3126.066s
3617000 +1.63801016e+18 +1.66163341e+18  2.36e+16   5.99e+03     2.51e+16   3126.919s
3618000 +1.63800367e+18 +1.66158229e+18  2.36e+16   1.26e+03     2.51e+16   3127.772s
3619000 +1.63799719e+18 +1.66165910e+18  2.37e+16   3.06e+03     2.51e+16   3128.626s
3620000 +1.63799071e+18 +1.66155837e+18  2.36e+16   1.33e+03     2.51e+16   3129.479s
3621000 +1.63798423e+18 +1.66166874e+18  2.37e+16   1.45e+03     2.51e+16   3130.332s
3622000 +1.63797775e+18 +1.66157022e+18  2.36e+16   4.20e+03     2.51e+16   3131.186s
3623000 +1.63797127e+18 +1.66164256e+18  2.37e+16   1.14e+03     2.51e+16   3132.039s
3624000 +1.63796479e+18 +1.66160918e+18  2.36e+16   6.46e+03     2.51e+16   3132.893s
3625000 +1.63795831e+18 +1.66160337e+18  2.36e+16   1.06e+03     2.51e+16   3133.746s
3626000 +1.63795183e+18 +1.66164843e+18  2.37e+16   5.63e+03     2.51e+16   3134.599s
3627000 +1.63794534e+18 +1.66157873e+18  2.36e+16   7.64e+02     2.51e+16   3135.453s
3628000 +1.63793886e+18 +1.66166083e+18  2.37e+16   2.68e+03     2.51e+16   3136.307s
3629000 +1.63793238e+18 +1.66158577e+18  2.37e+16   1.15e+03     2.51e+16   3137.160s
3630000 +1.63792590e+18 +1.66165160e+18  2.37e+16   2.05e+03     2.51e+16   3138.013s
3631000 +1.63791942e+18 +1.66159468e+18  2.37e+16   4.64e+03     2.51e+16   3138.867s
3632000 +1.63791294e+18 +1.66163902e+18  2.37e+16   2.00e+03     2.51e+16   3139.720s
3633000 +1.63790646e+18 +1.66161801e+18  2.37e+16   6.19e+03     2.51e+16   3140.574s
3634000 +1.63789998e+18 +1.66159972e+18  2.37e+16   2.24e+03     2.51e+16   3141.427s
3635000 +1.63789350e+18 +1.66165196e+18  2.38e+16   4.65e+03     2.51e+16   3142.281s
3636000 +1.63788701e+18 +1.66156912e+18  2.37e+16   1.96e+03     2.51e+16   3143.134s
3637000 +1.63788053e+18 +1.66165652e+18  2.38e+16   1.12e+03     2.51e+16   3143.987s
3638000 +1.63787405e+18 +1.66157019e+18  2.37e+16   2.44e+03     2.51e+16   3144.841s
3639000 +1.63786757e+18 +1.66163478e+18  2.38e+16   7.38e+02     2.51e+16   3145.694s
3640000 +1.63786109e+18 +1.66159862e+18  2.37e+16   5.27e+03     2.51e+16   3146.547s
3641000 +1.63785461e+18 +1.66160118e+18  2.37e+16   1.03e+03     2.51e+16   3147.401s
3642000 +1.63784813e+18 +1.66162682e+18  2.38e+16   6.05e+03     2.51e+16   3148.254s
3643000 +1.63784165e+18 +1.66157922e+18  2.37e+16   2.32e+02     2.51e+16   3149.107s
3644000 +1.63783517e+18 +1.66164999e+18  2.38e+16   3.83e+03     2.51e+16   3149.960s
3645000 +1.63782868e+18 +1.66156421e+18  2.37e+16   8.09e+02     2.51e+16   3150.814s
3646000 +1.63782220e+18 +1.66166968e+18  2.38e+16   1.26e+03     2.51e+16   3151.667s
3647000 +1.63781572e+18 +1.66155808e+18  2.37e+16   2.72e+03     2.51e+16   3152.521s
3648000 +1.63780924e+18 +1.66166138e+18  2.39e+16   9.04e+02     2.51e+16   3153.374s
3649000 +1.63780276e+18 +1.66159531e+18  2.38e+16   5.64e+03     2.51e+16   3154.227s
3650000 +1.63779628e+18 +1.66161940e+18  2.38e+16   5.86e+02     2.51e+16   3155.081s
3651000 +1.63778980e+18 +1.66163216e+18  2.38e+16   5.81e+03     2.51e+16   3155.934s
3652000 +1.63778332e+18 +1.66159053e+18  2.38e+16   3.21e+02     2.51e+16   3156.787s
3653000 +1.63777684e+18 +1.66165136e+18  2.39e+16   3.29e+03     2.51e+16   3157.641s
3654000 +1.63777035e+18 +1.66157830e+18  2.38e+16   7.76e+02     2.51e+16   3158.494s
3655000 +1.63776387e+18 +1.66164739e+18  2.39e+16   2.19e+03     2.51e+16   3159.348s
3656000 +1.63775739e+18 +1.66159135e+18  2.38e+16   3.62e+03     2.51e+16   3160.201s
3657000 +1.63775091e+18 +1.66163587e+18  2.39e+16   2.37e+03     2.51e+16   3161.054s
3658000 +1.63774443e+18 +1.66160529e+18  2.39e+16   5.89e+03     2.51e+16   3161.908s
3659000 +1.63773795e+18 +1.66161145e+18  2.39e+16   2.37e+03     2.51e+16   3162.762s
3660000 +1.63773147e+18 +1.66163720e+18  2.39e+16   5.08e+03     2.51e+16   3163.615s
3661000 +1.63772499e+18 +1.66157735e+18  2.39e+16   2.31e+03     2.51e+16   3164.469s
3662000 +1.63771851e+18 +1.66165702e+18  2.39e+16   1.90e+03     2.51e+16   3165.322s
3663000 +1.63771203e+18 +1.66156921e+18  2.39e+16   2.06e+03     2.51e+16   3166.176s
3664000 +1.63770554e+18 +1.66163755e+18  2.39e+16   1.49e+02     2.51e+16   3167.029s
3665000 +1.63769906e+18 +1.66159633e+18  2.39e+16   4.49e+03     2.51e+16   3167.882s
3666000 +1.63769258e+18 +1.66160858e+18  2.39e+16   6.35e+02     2.51e+16   3168.736s
3667000 +1.63768610e+18 +1.66162213e+18  2.39e+16   5.85e+03     2.51e+16   3169.589s
3668000 +1.63767962e+18 +1.66158510e+18  2.39e+16   9.45e+02     2.51e+16   3170.442s
3669000 +1.63767314e+18 +1.66164990e+18  2.40e+16   4.41e+03     2.51e+16   3171.296s
3670000 +1.63766666e+18 +1.66157117e+18  2.39e+16   6.00e+02     2.51e+16   3172.149s
3671000 +1.63766018e+18 +1.66166389e+18  2.40e+16   8.20e+02     2.51e+16   3173.003s
3672000 +1.63765370e+18 +1.66156460e+18  2.39e+16   1.49e+03     2.51e+16   3173.856s
3673000 +1.63764721e+18 +1.66166752e+18  2.40e+16   8.24e+02     2.51e+16   3174.709s
3674000 +1.63764073e+18 +1.66158253e+18  2.39e+16   4.77e+03     2.51e+16   3175.563s
3675000 +1.63763425e+18 +1.66163522e+18  2.40e+16   8.02e+02     2.51e+16   3176.416s
3676000 +1.63762777e+18 +1.66162711e+18  2.40e+16   5.69e+03     2.51e+16   3177.270s
3677000 +1.63762129e+18 +1.66159836e+18  2.40e+16   6.34e+02     2.51e+16   3178.123s
3678000 +1.63761481e+18 +1.66164685e+18  2.40e+16   4.03e+03     2.51e+16   3178.977s
3679000 +1.63760833e+18 +1.66158215e+18  2.40e+16   9.36e+02     2.51e+16   3179.830s
3680000 +1.63760185e+18 +1.66164437e+18  2.40e+16   2.09e+03     2.51e+16   3180.683s
3681000 +1.63759537e+18 +1.66158135e+18  2.40e+16   2.51e+03     2.51e+16   3181.537s
3682000 +1.63758888e+18 +1.66163571e+18  2.40e+16   2.28e+03     2.51e+16   3182.390s
3683000 +1.63758240e+18 +1.66159439e+18  2.40e+16   5.19e+03     2.51e+16   3183.243s
3684000 +1.63757592e+18 +1.66161148e+18  2.40e+16   2.08e+03     2.51e+16   3184.096s
3685000 +1.63756944e+18 +1.66161747e+18  2.40e+16   5.37e+03     2.51e+16   3184.950s
3686000 +1.63756296e+18 +1.66158177e+18  2.40e+16   2.03e+03     2.51e+16   3185.803s
3687000 +1.63755648e+18 +1.66164511e+18  2.41e+16   2.70e+03     2.51e+16   3186.657s
3688000 +1.63755000e+18 +1.66156573e+18  2.40e+16   1.91e+03     2.51e+16   3187.510s
3689000 +1.63754352e+18 +1.66164817e+18  2.41e+16   5.47e+02     2.51e+16   3188.363s
3690000 +1.63753704e+18 +1.66158810e+18  2.41e+16   3.63e+03     2.51e+16   3189.217s
3691000 +1.63753056e+18 +1.66161581e+18  2.41e+16   1.57e+02     2.51e+16   3190.071s
3692000 +1.63752407e+18 +1.66161899e+18  2.41e+16   5.59e+03     2.51e+16   3190.924s
3693000 +1.63751759e+18 +1.66159408e+18  2.41e+16   4.92e+02     2.51e+16   3191.778s
3694000 +1.63751111e+18 +1.66163999e+18  2.41e+16   4.98e+03     2.51e+16   3192.631s
3695000 +1.63750463e+18 +1.66157706e+18  2.41e+16   1.06e+03     2.51e+16   3193.485s
3696000 +1.63749815e+18 +1.66165817e+18  2.42e+16   2.03e+03     2.51e+16   3194.338s
3697000 +1.63749167e+18 +1.66156657e+18  2.41e+16   1.04e+03     2.51e+16   3195.191s
3698000 +1.63748519e+18 +1.66165888e+18  2.42e+16   8.25e+02     2.51e+16   3196.045s
3699000 +1.63747871e+18 +1.66157938e+18  2.41e+16   3.97e+03     2.51e+16   3196.898s
3700000 +1.63747223e+18 +1.66163977e+18  2.42e+16   8.54e+02     2.51e+16   3197.752s
3701000 +1.63746574e+18 +1.66161050e+18  2.41e+16   5.56e+03     2.51e+16   3198.605s
3702000 +1.63745926e+18 +1.66159731e+18  2.41e+16   1.32e+03     2.51e+16   3199.459s
3703000 +1.63745278e+18 +1.66164171e+18  2.42e+16   4.43e+03     2.51e+16   3200.312s
3704000 +1.63744630e+18 +1.66157839e+18  2.41e+16   9.46e+02     2.51e+16   3201.166s
3705000 +1.63743982e+18 +1.66164333e+18  2.42e+16   1.79e+03     2.51e+16   3202.019s
3706000 +1.63743334e+18 +1.66157923e+18  2.41e+16   1.48e+03     2.51e+16   3202.873s
3707000 +1.63742686e+18 +1.66163112e+18  2.42e+16   1.48e+03     2.51e+16   3203.726s
3708000 +1.63742038e+18 +1.66158412e+18  2.42e+16   4.36e+03     2.51e+16   3204.580s
3709000 +1.63741390e+18 +1.66161586e+18  2.42e+16   1.48e+03     2.51e+16   3205.433s
3710000 +1.63740741e+18 +1.66160684e+18  2.42e+16   5.31e+03     2.51e+16   3206.286s
3711000 +1.63740093e+18 +1.66158494e+18  2.42e+16   1.49e+03     2.51e+16   3207.140s
3712000 +1.63739445e+18 +1.66163727e+18  2.42e+16   3.61e+03     2.51e+16   3207.994s
3713000 +1.63738797e+18 +1.66156606e+18  2.42e+16   1.66e+03     2.51e+16   3208.847s
3714000 +1.63738149e+18 +1.66164891e+18  2.43e+16   7.28e+02     2.51e+16   3209.700s
3715000 +1.63737501e+18 +1.66157332e+18  2.42e+16   2.65e+03     2.51e+16   3210.554s
3716000 +1.63736853e+18 +1.66163433e+18  2.43e+16   8.15e+02     2.51e+16   3211.407s
3717000 +1.63736205e+18 +1.66160857e+18  2.42e+16   5.10e+03     2.51e+16   3212.261s
3718000 +1.63735557e+18 +1.66160153e+18  2.42e+16   9.97e+02     2.51e+16   3213.114s
3719000 +1.63734908e+18 +1.66163201e+18  2.43e+16   5.33e+03     2.51e+16   3213.968s
3720000 +1.63734260e+18 +1.66158995e+18  2.42e+16   9.85e+02     2.51e+16   3214.821s
3721000 +1.63733612e+18 +1.66164784e+18  2.43e+16   3.08e+03     2.51e+16   3215.675s
3722000 +1.63732964e+18 +1.66157148e+18  2.42e+16   1.38e+03     2.51e+16   3216.528s
3723000 +1.63732316e+18 +1.66165248e+18  2.43e+16   1.37e+03     2.51e+16   3217.382s
3724000 +1.63731668e+18 +1.66157333e+18  2.43e+16   3.09e+03     2.51e+16   3218.235s
3725000 +1.63731020e+18 +1.66163635e+18  2.43e+16   1.34e+03     2.51e+16   3219.088s
3726000 +1.63730372e+18 +1.66159945e+18  2.43e+16   5.19e+03     2.51e+16   3219.942s
3727000 +1.63729724e+18 +1.66159739e+18  2.43e+16   1.21e+03     2.51e+16   3220.795s
3728000 +1.63729076e+18 +1.66162901e+18  2.43e+16   4.72e+03     2.51e+16   3221.649s
3729000 +1.63728427e+18 +1.66157472e+18  2.43e+16   1.24e+03     2.51e+16   3222.502s
3730000 +1.63727779e+18 +1.66164344e+18  2.44e+16   1.99e+03     2.51e+16   3223.356s
3731000 +1.63727131e+18 +1.66157167e+18  2.43e+16   3.86e+02     2.51e+16   3224.209s
3732000 +1.63726483e+18 +1.66162839e+18  2.44e+16   5.68e+02     2.51e+16   3225.063s
3733000 +1.63725835e+18 +1.66158556e+18  2.43e+16   3.52e+03     2.51e+16   3225.916s
3734000 +1.63725187e+18 +1.66161707e+18  2.44e+16   9.83e+02     2.51e+16   3226.769s
3735000 +1.63724539e+18 +1.66160015e+18  2.44e+16   5.12e+03     2.51e+16   3227.623s
3736000 +1.63723891e+18 +1.66159281e+18  2.44e+16   1.08e+03     2.51e+16   3228.477s
3737000 +1.63723243e+18 +1.66163202e+18  2.44e+16   4.14e+03     2.51e+16   3229.330s
3738000 +1.63722594e+18 +1.66156467e+18  2.43e+16   1.23e+03     2.51e+16   3230.184s
3739000 +1.63721946e+18 +1.66165284e+18  2.44e+16   1.53e+03     2.51e+16   3231.037s
3740000 +1.63721298e+18 +1.66156593e+18  2.44e+16   1.66e+03     2.51e+16   3231.890s
3741000 +1.63720650e+18 +1.66164327e+18  2.44e+16   1.11e+03     2.51e+16   3232.743s
3742000 +1.63720002e+18 +1.66158834e+18  2.44e+16   4.34e+03     2.51e+16   3233.597s
3743000 +1.63719354e+18 +1.66161777e+18  2.44e+16   1.02e+03     2.51e+16   3234.450s
3744000 +1.63718706e+18 +1.66162041e+18  2.44e+16   5.30e+03     2.51e+16   3235.304s
3745000 +1.63718058e+18 +1.66159490e+18  2.44e+16   9.39e+02     2.51e+16   3236.157s
3746000 +1.63717410e+18 +1.66163534e+18  2.45e+16   3.92e+03     2.51e+16   3237.011s
3747000 +1.63716761e+18 +1.66158074e+18  2.44e+16   9.57e+02     2.51e+16   3237.864s
3748000 +1.63716113e+18 +1.66164378e+18  2.45e+16   1.76e+03     2.51e+16   3238.718s
3749000 +1.63715465e+18 +1.66157060e+18  2.44e+16   2.15e+03     2.51e+16   3239.571s
3750000 +1.63714817e+18 +1.66163720e+18  2.45e+16   1.75e+03     2.51e+16   3240.424s
3751000 +1.63714169e+18 +1.66158467e+18  2.44e+16   4.57e+03     2.51e+16   3241.278s
3752000 +1.63713521e+18 +1.66160209e+18  2.45e+16   1.45e+03     2.51e+16   3242.131s
3753000 +1.63712873e+18 +1.66161878e+18  2.45e+16   4.86e+03     2.51e+16   3242.984s
3754000 +1.63712225e+18 +1.66157329e+18  2.45e+16   1.24e+03     2.51e+16   3243.838s
3755000 +1.63711577e+18 +1.66163268e+18  2.45e+16   2.67e+03     2.51e+16   3244.691s
3756000 +1.63710929e+18 +1.66156791e+18  2.45e+16   1.28e+03     2.51e+16   3245.545s
3757000 +1.63710280e+18 +1.66163122e+18  2.45e+16   3.47e+02     2.51e+16   3246.398s
3758000 +1.63709632e+18 +1.66158223e+18  2.45e+16   2.73e+03     2.51e+16   3247.251s
3759000 +1.63708984e+18 +1.66161546e+18  2.45e+16   3.68e+02     2.51e+16   3248.105s
3760000 +1.63708336e+18 +1.66160180e+18  2.45e+16   4.79e+03     2.51e+16   3248.958s
3761000 +1.63707688e+18 +1.66159896e+18  2.45e+16   7.01e+02     2.51e+16   3249.811s
3762000 +1.63707040e+18 +1.66162637e+18  2.46e+16   4.53e+03     2.51e+16   3250.665s
3763000 +1.63706392e+18 +1.66157350e+18  2.45e+16   8.69e+02     2.51e+16   3251.518s
3764000 +1.63705744e+18 +1.66165325e+18  2.46e+16   2.03e+03     2.51e+16   3252.371s
3765000 +1.63705096e+18 +1.66155682e+18  2.45e+16   8.41e+02     2.51e+16   3253.225s
3766000 +1.63704447e+18 +1.66164953e+18  2.46e+16   1.10e+03     2.51e+16   3254.078s
3767000 +1.63703799e+18 +1.66157869e+18  2.45e+16   3.36e+03     2.51e+16   3254.932s
3768000 +1.63703151e+18 +1.66162594e+18  2.46e+16   8.75e+02     2.51e+16   3255.785s
3769000 +1.63702503e+18 +1.66160218e+18  2.46e+16   5.02e+03     2.51e+16   3256.639s
3770000 +1.63701855e+18 +1.66159986e+18  2.46e+16   1.02e+03     2.51e+16   3257.492s
3771000 +1.63701207e+18 +1.66162312e+18  2.46e+16   4.28e+03     2.51e+16   3258.345s
3772000 +1.63700559e+18 +1.66158430e+18  2.46e+16   9.30e+02     2.51e+16   3259.199s
3773000 +1.63699911e+18 +1.66163395e+18  2.46e+16   2.25e+03     2.51e+16   3260.052s
3774000 +1.63699263e+18 +1.66157064e+18  2.46e+16   1.17e+03     2.51e+16   3260.906s
3775000 +1.63698614e+18 +1.66163228e+18  2.46e+16   1.79e+03     2.51e+16   3261.759s
3776000 +1.63697966e+18 +1.66157651e+18  2.46e+16   3.79e+03     2.51e+16   3262.613s
3777000 +1.63697318e+18 +1.66161504e+18  2.46e+16   1.73e+03     2.51e+16   3263.466s
3778000 +1.63696670e+18 +1.66160276e+18  2.46e+16   4.83e+03     2.51e+16   3264.320s
3779000 +1.63696022e+18 +1.66157603e+18  2.46e+16   1.60e+03     2.51e+16   3265.173s
3780000 +1.63695374e+18 +1.66162885e+18  2.47e+16   3.39e+03     2.51e+16   3266.027s
3781000 +1.63694726e+18 +1.66156956e+18  2.46e+16   1.50e+03     2.51e+16   3266.880s
3782000 +1.63694078e+18 +1.66162698e+18  2.47e+16   4.80e+02     2.51e+16   3267.733s
3783000 +1.63693430e+18 +1.66157777e+18  2.46e+16   2.15e+03     2.51e+16   3268.587s
3784000 +1.63692782e+18 +1.66161845e+18  2.47e+16   1.28e+02     2.51e+16   3269.440s
3785000 +1.63692133e+18 +1.66159895e+18  2.47e+16   4.31e+03     2.51e+16   3270.294s
3786000 +1.63691485e+18 +1.66160187e+18  2.47e+16   5.25e+02     2.51e+16   3271.147s
3787000 +1.63690837e+18 +1.66162236e+18  2.47e+16   4.66e+03     2.51e+16   3272.001s
3788000 +1.63690189e+18 +1.66157987e+18  2.47e+16   4.64e+02     2.51e+16   3272.854s
3789000 +1.63689541e+18 +1.66164691e+18  2.48e+16   2.72e+03     2.51e+16   3273.708s
3790000 +1.63688893e+18 +1.66156133e+18  2.47e+16   8.83e+02     2.51e+16   3274.561s
3791000 +1.63688245e+18 +1.66165376e+18  2.48e+16   5.60e+02     2.51e+16   3275.414s
3792000 +1.63687606e+18 +1.66139617e+18  2.45e+16   2.12e+04     2.51e+16   3276.268s
3793000 +1.63686969e+18 +1.66125805e+18  2.44e+16   9.97e+02     2.51e+16   3277.121s
3794000 +1.63686331e+18 +1.66158190e+18  2.47e+16   4.59e+03     2.51e+16   3277.975s
3795000 +1.63685694e+18 +1.66132179e+18  2.45e+16   1.88e+04     2.51e+16   3278.828s
3796000 +1.63685056e+18 +1.66131758e+18  2.45e+16   4.50e+03     2.51e+16   3279.682s
3797000 +1.63684419e+18 +1.66157300e+18  2.47e+16   6.39e+03     2.51e+16   3280.536s
3798000 +1.63683781e+18 +1.66126048e+18  2.44e+16   1.14e+04     2.51e+16   3281.389s
3799000 +1.63683144e+18 +1.66138023e+18  2.45e+16   4.70e+02     2.51e+16   3282.242s
3800000 +1.63682507e+18 +1.66155364e+18  2.47e+16   1.58e+04     2.51e+16   3283.096s
3801000 +1.63681870e+18 +1.66115908e+18  2.43e+16   2.97e+03     2.51e+16   3283.949s
3802000 +1.63681232e+18 +1.66151422e+18  2.47e+16   1.73e+03     2.51e+16   3284.803s
3803000 +1.63680595e+18 +1.66142428e+18  2.46e+16   2.10e+04     2.51e+16   3285.656s
3804000 +1.63679958e+18 +1.66120240e+18  2.44e+16   1.68e+03     2.51e+16   3286.510s
3805000 +1.63679321e+18 +1.66159132e+18  2.48e+16   3.88e+03     2.51e+16   3287.363s
3806000 +1.63678684e+18 +1.66130163e+18  2.45e+16   1.94e+04     2.51e+16   3288.216s
3807000 +1.63678047e+18 +1.66131666e+18  2.45e+16   1.30e+03     2.51e+16   3289.070s
3808000 +1.63677409e+18 +1.66156358e+18  2.48e+16   4.63e+03     2.51e+16   3289.923s
3809000 +1.63676772e+18 +1.66126932e+18  2.45e+16   1.25e+04     2.51e+16   3290.776s
3810000 +1.63676135e+18 +1.66138261e+18  2.46e+16   3.93e+03     2.51e+16   3291.630s
3811000 +1.63675498e+18 +1.66155036e+18  2.48e+16   1.44e+04     2.51e+16   3292.483s
3812000 +1.63674861e+18 +1.66121106e+18  2.45e+16   6.37e+03     2.51e+16   3293.337s
3813000 +1.63674224e+18 +1.66147158e+18  2.47e+16   4.51e+03     2.51e+16   3294.190s
3814000 +1.63673587e+18 +1.66148975e+18  2.48e+16   2.06e+04     2.51e+16   3295.043s
3815000 +1.63672949e+18 +1.66116864e+18  2.44e+16   4.64e+03     2.51e+16   3295.897s
3816000 +1.63672312e+18 +1.66159749e+18  2.49e+16   3.98e+03     2.51e+16   3296.750s
3817000 +1.63671675e+18 +1.66130314e+18  2.46e+16   1.99e+04     2.51e+16   3297.603s
3818000 +1.63671038e+18 +1.66129347e+18  2.46e+16   1.65e+03     2.51e+16   3298.456s
3819000 +1.63670401e+18 +1.66155365e+18  2.48e+16   4.69e+03     2.51e+16   3299.310s
3820000 +1.63669764e+18 +1.66124633e+18  2.45e+16   1.38e+04     2.51e+16   3300.163s
3821000 +1.63669127e+18 +1.66136292e+18  2.47e+16   4.52e+03     2.51e+16   3301.017s
3822000 +1.63668489e+18 +1.66151663e+18  2.48e+16   1.25e+04     2.51e+16   3301.870s
3823000 +1.63667852e+18 +1.66121377e+18  2.45e+16   4.92e+03     2.51e+16   3302.724s
3824000 +1.63667215e+18 +1.66143382e+18  2.48e+16   6.22e+02     2.51e+16   3303.577s
3825000 +1.63666578e+18 +1.66148939e+18  2.48e+16   1.89e+04     2.51e+16   3304.430s
3826000 +1.63665941e+18 +1.66116956e+18  2.45e+16   2.10e+03     2.51e+16   3305.284s
3827000 +1.63665304e+18 +1.66156571e+18  2.49e+16   1.42e+03     2.51e+16   3306.137s
3828000 +1.63664667e+18 +1.66135633e+18  2.47e+16   2.02e+04     2.51e+16   3306.991s
3829000 +1.63664029e+18 +1.66125533e+18  2.46e+16   1.69e+03     2.51e+16   3307.845s
3830000 +1.63663392e+18 +1.66159069e+18  2.50e+16   4.74e+03     2.51e+16   3308.698s
3831000 +1.63662755e+18 +1.66124545e+18  2.46e+16   1.54e+04     2.51e+16   3309.551s
3832000 +1.63662119e+18 +1.66115293e+18  2.45e+16   4.71e+03     2.51e+16   3310.404s
3833000 +1.63661489e+18 +1.66146769e+18  2.49e+16   1.35e+04     2.51e+16   3311.258s
3834000 +1.63660858e+18 +1.66105366e+18  2.44e+16   7.41e+03     2.51e+16   3312.111s
3835000 +1.63660228e+18 +1.66131220e+18  2.47e+16   9.20e+03     2.51e+16   3312.965s
3836000 +1.63659597e+18 +1.66136873e+18  2.48e+16   1.81e+04     2.51e+16   3313.818s
3837000 +1.63658967e+18 +1.66101387e+18  2.44e+16   8.34e+03     2.51e+16   3314.671s
3838000 +1.63658336e+18 +1.66145751e+18  2.49e+16   9.74e+02     2.51e+16   3315.524s
3839000 +1.63657706e+18 +1.66116072e+18  2.46e+16   2.05e+04     2.51e+16   3316.378s
3840000 +1.63657075e+18 +1.66118717e+18  2.46e+16   1.06e+03     2.51e+16   3317.231s
3841000 +1.63656445e+18 +1.66134796e+18  2.48e+16   1.83e+03     2.51e+16   3318.085s
3842000 +1.63655814e+18 +1.66122939e+18  2.47e+16   1.60e+04     2.51e+16   3318.938s
3843000 +1.63655184e+18 +1.66110949e+18  2.46e+16   1.06e+03     2.51e+16   3319.791s
3844000 +1.63654553e+18 +1.66149255e+18  2.49e+16   1.10e+04     2.51e+16   3320.645s
3845000 +1.63653923e+18 +1.66101721e+18  2.45e+16   7.47e+03     2.51e+16   3321.498s
3846000 +1.63653292e+18 +1.66134256e+18  2.48e+16   8.57e+03     2.51e+16   3322.352s
3847000 +1.63652662e+18 +1.66132567e+18  2.48e+16   1.67e+04     2.51e+16   3323.205s
3848000 +1.63652031e+18 +1.66106740e+18  2.45e+16   8.07e+03     2.51e+16   3324.059s
3849000 +1.63651401e+18 +1.66140081e+18  2.49e+16   2.08e+03     2.51e+16   3324.912s
3850000 +1.63650770e+18 +1.66120770e+18  2.47e+16   2.05e+04     2.51e+16   3325.765s
3851000 +1.63650140e+18 +1.66116686e+18  2.47e+16   4.29e+03     2.51e+16   3326.619s
3852000 +1.63649509e+18 +1.66133236e+18  2.48e+16   4.96e+03     2.51e+16   3327.472s
3853000 +1.63648879e+18 +1.66126113e+18  2.48e+16   1.76e+04     2.51e+16   3328.325s
3854000 +1.63648248e+18 +1.66105124e+18  2.46e+16   4.08e+03     2.51e+16   3329.179s
3855000 +1.63647618e+18 +1.66153537e+18  2.51e+16   9.68e+03     2.51e+16   3330.032s
3856000 +1.63646987e+18 +1.66096510e+18  2.45e+16   9.21e+03     2.51e+16   3330.886s
3857000 +1.63646356e+18 +1.66136883e+18  2.49e+16   7.10e+03     2.51e+16   3331.739s
3858000 +1.63645726e+18 +1.66128066e+18  2.48e+16   1.55e+04     2.51e+16   3332.593s
3859000 +1.63645095e+18 +1.66109891e+18  2.46e+16   7.53e+03     2.51e+16   3333.446s
3860000 +1.63644465e+18 +1.66134889e+18  2.49e+16   2.30e+03     2.51e+16   3334.299s
3861000 +1.63643834e+18 +1.66123904e+18  2.48e+16   2.02e+04     2.51e+16   3335.152s
3862000 +1.63643204e+18 +1.66115092e+18  2.47e+16   4.24e+03     2.51e+16   3336.006s
3863000 +1.63642573e+18 +1.66131262e+18  2.49e+16   3.73e+03     2.51e+16   3336.859s
3864000 +1.63641943e+18 +1.66129387e+18  2.49e+16   1.78e+04     2.51e+16   3337.713s
3865000 +1.63641312e+18 +1.66101952e+18  2.46e+16   9.02e+02     2.51e+16   3338.566s
3866000 +1.63640682e+18 +1.66156266e+18  2.52e+16   6.34e+03     2.51e+16   3339.419s
3867000 +1.63640051e+18 +1.66095067e+18  2.46e+16   1.04e+04     2.51e+16   3340.273s
3868000 +1.63639421e+18 +1.66137430e+18  2.50e+16   5.81e+03     2.51e+16   3341.126s
3869000 +1.63638790e+18 +1.66127314e+18  2.49e+16   1.46e+04     2.51e+16   3341.979s
3870000 +1.63638160e+18 +1.66111086e+18  2.47e+16   8.26e+03     2.51e+16   3342.833s
3871000 +1.63637529e+18 +1.66132281e+18  2.49e+16   6.04e+03     2.51e+16   3343.686s
3872000 +1.63636899e+18 +1.66124641e+18  2.49e+16   2.04e+04     2.51e+16   3344.539s
3873000 +1.63636268e+18 +1.66113518e+18  2.48e+16   5.37e+03     2.51e+16   3345.392s
3874000 +1.63635638e+18 +1.66129105e+18  2.49e+16   5.93e+03     2.51e+16   3346.245s
3875000 +1.63635007e+18 +1.66129915e+18  2.49e+16   1.78e+04     2.51e+16   3347.099s
3876000 +1.63634377e+18 +1.66099000e+18  2.46e+16   1.86e+03     2.51e+16   3347.952s
3877000 +1.63633746e+18 +1.66153998e+18  2.52e+16   3.69e+03     2.51e+16   3348.805s
3878000 +1.63633116e+18 +1.66096301e+18  2.46e+16   1.21e+04     2.51e+16   3349.659s
3879000 +1.63632485e+18 +1.66133595e+18  2.50e+16   3.94e+03     2.51e+16   3350.512s
3880000 +1.63631855e+18 +1.66128533e+18  2.50e+16   1.33e+04     2.51e+16   3351.365s
3881000 +1.63631224e+18 +1.66110210e+18  2.48e+16   6.93e+03     2.51e+16   3352.219s
3882000 +1.63630594e+18 +1.66131527e+18  2.50e+16   3.21e+03     2.51e+16   3353.073s
3883000 +1.63629963e+18 +1.66126656e+18  2.50e+16   1.93e+04     2.51e+16   3353.926s
3884000 +1.63629333e+18 +1.66113263e+18  2.48e+16   8.62e+02     2.51e+16   3354.779s
3885000 +1.63628702e+18 +1.66130622e+18  2.50e+16   6.27e+03     2.51e+16   3355.633s
3886000 +1.63628072e+18 +1.66130431e+18  2.50e+16   1.80e+04     2.51e+16   3356.486s
3887000 +1.63627441e+18 +1.66100929e+18  2.47e+16   5.14e+03     2.51e+16   3357.339s
3888000 +1.63626811e+18 +1.66152762e+18  2.53e+16   3.49e+03     2.51e+16   3358.193s
3889000 +1.63626180e+18 +1.66099791e+18  2.47e+16   1.40e+04     2.51e+16   3359.046s
3890000 +1.63625550e+18 +1.66130350e+18  2.50e+16   4.86e+03     2.51e+16   3359.899s
3891000 +1.63624919e+18 +1.66128435e+18  2.50e+16   1.23e+04     2.51e+16   3360.753s
3892000 +1.63624289e+18 +1.66110910e+18  2.49e+16   7.79e+03     2.51e+16   3361.606s
3893000 +1.63623658e+18 +1.66125719e+18  2.50e+16   3.45e+03     2.51e+16   3362.460s
3894000 +1.63623028e+18 +1.66129206e+18  2.51e+16   1.87e+04     2.51e+16   3363.313s
3895000 +1.63622397e+18 +1.66106294e+18  2.48e+16   1.65e+03     2.51e+16   3364.166s
3896000 +1.63621767e+18 +1.66132108e+18  2.51e+16   7.73e+03     2.51e+16   3365.019s
3897000 +1.63621136e+18 +1.66124995e+18  2.50e+16   1.81e+04     2.51e+16   3365.873s
3898000 +1.63620506e+18 +1.66103016e+18  2.48e+16   6.09e+03     2.51e+16   3366.726s
3899000 +1.63619875e+18 +1.66147302e+18  2.53e+16   1.24e+03     2.51e+16   3367.579s
3900000 +1.63619245e+18 +1.66102961e+18  2.48e+16   1.40e+04     2.51e+16   3368.432s
3901000 +1.63618614e+18 +1.66127814e+18  2.51e+16   1.24e+03     2.51e+16   3369.286s
3902000 +1.63617984e+18 +1.66129099e+18  2.51e+16   9.58e+03     2.51e+16   3370.140s
3903000 +1.63617353e+18 +1.66114937e+18  2.50e+16   7.29e+03     2.51e+16   3370.993s
3904000 +1.63616723e+18 +1.66121212e+18  2.50e+16   1.33e+02     2.51e+16   3371.846s
3905000 +1.63616092e+18 +1.66137517e+18  2.52e+16   1.78e+04     2.51e+16   3372.700s
3906000 +1.63615462e+18 +1.66101482e+18  2.49e+16   1.38e+03     2.51e+16   3373.553s
3907000 +1.63614831e+18 +1.66138233e+18  2.52e+16   8.27e+03     2.51e+16   3374.406s
3908000 +1.63614201e+18 +1.66121497e+18  2.51e+16   1.84e+04     2.51e+16   3375.260s
3909000 +1.63613570e+18 +1.66107532e+18  2.49e+16   7.20e+03     2.51e+16   3376.113s
3910000 +1.63612940e+18 +1.66142652e+18  2.53e+16   4.33e+03     2.51e+16   3376.967s
3911000 +1.63612309e+18 +1.66105696e+18  2.49e+16   1.55e+04     2.51e+16   3377.820s
3912000 +1.63611679e+18 +1.66124801e+18  2.51e+16   4.38e+03     2.51e+16   3378.674s
3913000 +1.63611048e+18 +1.66126678e+18  2.52e+16   8.29e+03     2.51e+16   3379.527s
3914000 +1.63610418e+18 +1.66115878e+18  2.51e+16   8.61e+03     2.51e+16   3380.381s
3915000 +1.63609787e+18 +1.66114187e+18  2.50e+16   8.85e+02     2.51e+16   3381.234s
3916000 +1.63609157e+18 +1.66140184e+18  2.53e+16   1.64e+04     2.51e+16   3382.087s
3917000 +1.63608526e+18 +1.66095833e+18  2.49e+16   7.79e+02     2.51e+16   3382.941s
3918000 +1.63607896e+18 +1.66138161e+18  2.53e+16   7.05e+03     2.51e+16   3383.794s
3919000 +1.63607265e+18 +1.66119311e+18  2.51e+16   1.79e+04     2.51e+16   3384.647s
3920000 +1.63606635e+18 +1.66107008e+18  2.50e+16   6.61e+03     2.51e+16   3385.501s
3921000 +1.63606004e+18 +1.66141622e+18  2.54e+16   3.24e+03     2.51e+16   3386.354s
3922000 +1.63605374e+18 +1.66106767e+18  2.50e+16   1.60e+04     2.51e+16   3387.208s
3923000 +1.63604743e+18 +1.66125189e+18  2.52e+16   3.91e+03     2.51e+16   3388.061s
3924000 +1.63604113e+18 +1.66125529e+18  2.52e+16   6.54e+03     2.51e+16   3388.914s
3925000 +1.63603482e+18 +1.66120805e+18  2.52e+16   8.98e+03     2.51e+16   3389.767s
3926000 +1.63602852e+18 +1.66111658e+18  2.51e+16   2.62e+03     2.51e+16   3390.621s
3927000 +1.63602221e+18 +1.66144296e+18  2.54e+16   1.49e+04     2.51e+16   3391.474s
3928000 +1.63601591e+18 +1.66095143e+18  2.49e+16   4.33e+03     2.51e+16   3392.327s
3929000 +1.63600960e+18 +1.66138847e+18  2.54e+16   7.56e+03     2.51e+16   3393.181s
3930000 +1.63600330e+18 +1.66120632e+18  2.52e+16   1.83e+04     2.51e+16   3394.034s
3931000 +1.63599699e+18 +1.66105338e+18  2.51e+16   7.54e+03     2.51e+16   3394.888s
3932000 +1.63599069e+18 +1.66140513e+18  2.54e+16   4.49e+03     2.51e+16   3395.741s
3933000 +1.63598439e+18 +1.66105601e+18  2.51e+16   1.69e+04     2.51e+16   3396.595s
3934000 +1.63597808e+18 +1.66122950e+18  2.53e+16   2.22e+03     2.51e+16   3397.448s
3935000 +1.63597178e+18 +1.66122687e+18  2.53e+16   5.44e+03     2.51e+16   3398.302s
3936000 +1.63596548e+18 +1.66120342e+18  2.52e+16   9.79e+03     2.51e+16   3399.155s
3937000 +1.63595917e+18 +1.66107138e+18  2.51e+16   2.25e+03     2.51e+16   3400.009s
3938000 +1.63595287e+18 +1.66143520e+18  2.55e+16   1.30e+04     2.51e+16   3400.862s
3939000 +1.63594656e+18 +1.66093994e+18  2.50e+16   3.91e+03     2.51e+16   3401.715s
3940000 +1.63594026e+18 +1.66136513e+18  2.54e+16   5.43e+03     2.51e+16   3402.569s
3941000 +1.63593396e+18 +1.66120606e+18  2.53e+16   1.73e+04     2.51e+16   3403.422s
3942000 +1.63592765e+18 +1.66106185e+18  2.51e+16   6.73e+03     2.51e+16   3404.275s
3943000 +1.63592135e+18 +1.66138368e+18  2.55e+16   1.61e+03     2.51e+16   3405.129s
3944000 +1.63591504e+18 +1.66110276e+18  2.52e+16   1.75e+04     2.51e+16   3405.982s
3945000 +1.63590874e+18 +1.66119740e+18  2.53e+16   2.38e+03     2.51e+16   3406.835s
3946000 +1.63590244e+18 +1.66126882e+18  2.54e+16   6.45e+03     2.51e+16   3407.689s
3947000 +1.63589613e+18 +1.66118820e+18  2.53e+16   1.16e+04     2.51e+16   3408.542s
3948000 +1.63588983e+18 +1.66109067e+18  2.52e+16   5.57e+03     2.51e+16   3409.396s
3949000 +1.63588352e+18 +1.66142464e+18  2.55e+16   1.21e+04     2.51e+16   3410.249s
3950000 +1.63587722e+18 +1.66095489e+18  2.51e+16   5.08e+03     2.51e+16   3411.102s
3951000 +1.63587092e+18 +1.66134076e+18  2.55e+16   4.99e+03     2.51e+16   3411.955s
3952000 +1.63586461e+18 +1.66120284e+18  2.53e+16   1.64e+04     2.51e+16   3412.809s
3953000 +1.63585831e+18 +1.66107188e+18  2.52e+16   6.42e+03     2.51e+16   3413.662s
3954000 +1.63585200e+18 +1.66132847e+18  2.55e+16   9.54e+02     2.51e+16   3414.515s
3955000 +1.63584570e+18 +1.66114471e+18  2.53e+16   1.81e+04     2.51e+16   3415.369s
3956000 +1.63583940e+18 +1.66113144e+18  2.53e+16   1.01e+03     2.51e+16   3416.222s
3957000 +1.63583309e+18 +1.66130119e+18  2.55e+16   6.63e+03     2.51e+16   3417.076s
3958000 +1.63582679e+18 +1.66115117e+18  2.53e+16   1.20e+04     2.51e+16   3417.930s
3959000 +1.63582048e+18 +1.66110361e+18  2.53e+16   3.61e+03     2.51e+16   3418.783s
3960000 +1.63581418e+18 +1.66140512e+18  2.56e+16   1.00e+04     2.51e+16   3419.636s
3961000 +1.63580788e+18 +1.66096619e+18  2.52e+16   4.05e+03     2.51e+16   3420.490s
3962000 +1.63580157e+18 +1.66133200e+18  2.55e+16   3.17e+03     2.51e+16   3421.343s
3963000 +1.63579527e+18 +1.66119877e+18  2.54e+16   1.56e+04     2.51e+16   3422.197s
3964000 +1.63578896e+18 +1.66109931e+18  2.53e+16   6.64e+03     2.51e+16   3423.050s
3965000 +1.63578266e+18 +1.66127868e+18  2.55e+16   2.93e+03     2.51e+16   3423.903s
3966000 +1.63577636e+18 +1.66120420e+18  2.54e+16   1.86e+04     2.51e+16   3424.757s
3967000 +1.63577005e+18 +1.66107668e+18  2.53e+16   3.91e+03     2.51e+16   3425.610s
3968000 +1.63576375e+18 +1.66133425e+18  2.56e+16   7.30e+03     2.51e+16   3426.463s
3969000 +1.63575744e+18 +1.66113323e+18  2.54e+16   1.33e+04     2.51e+16   3427.317s
3970000 +1.63575114e+18 +1.66109894e+18  2.53e+16   4.44e+03     2.51e+16   3428.171s
3971000 +1.63574484e+18 +1.66140044e+18  2.57e+16   8.89e+03     2.51e+16   3429.024s
3972000 +1.63573853e+18 +1.66095442e+18  2.52e+16   5.50e+03     2.51e+16   3429.877s
3973000 +1.63573223e+18 +1.66133938e+18  2.56e+16   3.82e+03     2.51e+16   3430.730s
3974000 +1.63572593e+18 +1.66116344e+18  2.54e+16   1.48e+04     2.51e+16   3431.584s
3975000 +1.63571962e+18 +1.66113353e+18  2.54e+16   5.47e+03     2.51e+16   3432.437s
3976000 +1.63571332e+18 +1.66121940e+18  2.55e+16   1.36e+03     2.51e+16   3433.291s
3977000 +1.63570701e+18 +1.66126164e+18  2.56e+16   1.78e+04     2.51e+16   3434.144s
3978000 +1.63570071e+18 +1.66102685e+18  2.53e+16   1.47e+03     2.51e+16   3434.998s
3979000 +1.63569441e+18 +1.66135746e+18  2.57e+16   6.40e+03     2.51e+16   3435.851s
3980000 +1.63568810e+18 +1.66112960e+18  2.54e+16   1.39e+04     2.51e+16   3436.704s
3981000 +1.63568180e+18 +1.66109526e+18  2.54e+16   4.87e+03     2.51e+16   3437.558s
3982000 +1.63567549e+18 +1.66140993e+18  2.57e+16   8.09e+03     2.51e+16   3438.411s
3983000 +1.63566919e+18 +1.66095252e+18  2.53e+16   7.29e+03     2.51e+16   3439.265s
3984000 +1.63566289e+18 +1.66134001e+18  2.57e+16   4.19e+03     2.51e+16   3440.118s
3985000 +1.63565658e+18 +1.66115237e+18  2.55e+16   1.42e+04     2.51e+16   3440.972s
3986000 +1.63565028e+18 +1.66115551e+18  2.55e+16   5.00e+03     2.51e+16   3441.825s
3987000 +1.63564397e+18 +1.66117834e+18  2.55e+16   3.80e+03     2.51e+16   3442.679s
3988000 +1.63563767e+18 +1.66128125e+18  2.56e+16   1.76e+04     2.51e+16   3443.532s
3989000 +1.63563137e+18 +1.66099416e+18  2.54e+16   3.82e+03     2.51e+16   3444.386s
3990000 +1.63562506e+18 +1.66135143e+18  2.57e+16   6.59e+03     2.51e+16   3445.239s
3991000 +1.63561876e+18 +1.66112248e+18  2.55e+16   1.48e+04     2.51e+16   3446.092s
3992000 +1.63561245e+18 +1.66106960e+18  2.55e+16   5.67e+03     2.51e+16   3446.946s
3993000 +1.63560615e+18 +1.66140236e+18  2.58e+16   6.18e+03     2.51e+16   3447.799s
3994000 +1.63559985e+18 +1.66095307e+18  2.54e+16   8.76e+03     2.51e+16   3448.653s
3995000 +1.63559354e+18 +1.66131926e+18  2.57e+16   5.80e+02     2.51e+16   3449.506s
3996000 +1.63558724e+18 +1.66116478e+18  2.56e+16   1.28e+04     2.51e+16   3450.359s
3997000 +1.63558093e+18 +1.66115455e+18  2.56e+16   1.58e+03     2.51e+16   3451.213s
3998000 +1.63557463e+18 +1.66117836e+18  2.56e+16   3.25e+03     2.51e+16   3452.066s
3999000 +1.63556833e+18 +1.66129549e+18  2.57e+16   1.67e+04     2.51e+16   3452.920s
4000000 +1.63556202e+18 +1.66100987e+18  2.54e+16   3.58e+03     2.51e+16   3453.773s
4001000 +1.63555572e+18 +1.66134599e+18  2.58e+16   6.15e+03     2.51e+16   3454.626s
4002000 +1.63554942e+18 +1.66114649e+18  2.56e+16   1.50e+04     2.51e+16   3455.480s
4003000 +1.63554311e+18 +1.66106451e+18  2.55e+16   6.72e+03     2.51e+16   3456.333s
4004000 +1.63553681e+18 +1.66139705e+18  2.59e+16   5.28e+03     2.51e+16   3457.187s
4005000 +1.63553050e+18 +1.66097085e+18  2.54e+16   1.11e+04     2.51e+16   3458.040s
4006000 +1.63552420e+18 +1.66127926e+18  2.58e+16   3.77e+03     2.51e+16   3458.894s
4007000 +1.63551790e+18 +1.66117863e+18  2.57e+16   1.26e+04     2.51e+16   3459.747s
4008000 +1.63551159e+18 +1.66112232e+18  2.56e+16   2.81e+03     2.51e+16   3460.600s
4009000 +1.63550529e+18 +1.66116095e+18  2.57e+16   3.83e+03     2.51e+16   3461.454s
4010000 +1.63549898e+18 +1.66128605e+18  2.58e+16   1.59e+04     2.51e+16   3462.307s
4011000 +1.63549268e+18 +1.66098091e+18  2.55e+16   1.89e+03     2.51e+16   3463.160s
4012000 +1.63548638e+18 +1.66133489e+18  2.58e+16   5.39e+03     2.51e+16   3464.014s
4013000 +1.63548007e+18 +1.66112480e+18  2.56e+16   1.52e+04     2.51e+16   3464.867s
4014000 +1.63547377e+18 +1.66107944e+18  2.56e+16   6.62e+03     2.51e+16   3465.720s
4015000 +1.63546746e+18 +1.66135232e+18  2.59e+16   2.83e+03     2.51e+16   3466.574s
4016000 +1.63546116e+18 +1.66102469e+18  2.56e+16   1.21e+04     2.51e+16   3467.427s
4017000 +1.63545486e+18 +1.66123108e+18  2.58e+16   1.07e+03     2.51e+16   3468.280s
4018000 +1.63544855e+18 +1.66122801e+18  2.58e+16   1.12e+04     2.51e+16   3469.133s
4019000 +1.63544225e+18 +1.66111287e+18  2.57e+16   2.64e+03     2.51e+16   3469.987s
4020000 +1.63543594e+18 +1.66117268e+18  2.57e+16   1.10e+03     2.51e+16   3470.840s
4021000 +1.63542964e+18 +1.66131105e+18  2.59e+16   1.52e+04     2.51e+16   3471.693s
4022000 +1.63542334e+18 +1.66096722e+18  2.55e+16   2.48e+03     2.51e+16   3472.547s
4023000 +1.63541703e+18 +1.66136709e+18  2.60e+16   6.08e+03     2.51e+16   3473.400s
4024000 +1.63541073e+18 +1.66109926e+18  2.57e+16   1.58e+04     2.51e+16   3474.253s
4025000 +1.63540442e+18 +1.66111861e+18  2.57e+16   7.84e+03     2.51e+16   3475.106s
4026000 +1.63539812e+18 +1.66128728e+18  2.59e+16   3.58e+03     2.51e+16   3475.960s
4027000 +1.63539182e+18 +1.66108224e+18  2.57e+16   1.32e+04     2.51e+16   3476.813s
4028000 +1.63538551e+18 +1.66115397e+18  2.58e+16   1.80e+03     2.51e+16   3477.667s
4029000 +1.63537921e+18 +1.66125510e+18  2.59e+16   1.00e+04     2.51e+16   3478.520s
4030000 +1.63537291e+18 +1.66107369e+18  2.57e+16   4.14e+03     2.51e+16   3479.374s
4031000 +1.63536660e+18 +1.66114790e+18  2.58e+16   1.44e+03     2.51e+16   3480.227s
4032000 +1.63536030e+18 +1.66131033e+18  2.60e+16   1.47e+04     2.51e+16   3481.080s
4033000 +1.63535400e+18 +1.66093305e+18  2.56e+16   5.63e+02     2.51e+16   3481.934s
4034000 +1.63534769e+18 +1.66137101e+18  2.60e+16   4.79e+03     2.51e+16   3482.787s
4035000 +1.63534139e+18 +1.66105837e+18  2.57e+16   1.55e+04     2.51e+16   3483.641s
4036000 +1.63533509e+18 +1.66113375e+18  2.58e+16   5.95e+03     2.51e+16   3484.494s
4037000 +1.63532879e+18 +1.66125229e+18  2.59e+16   5.23e+03     2.51e+16   3485.348s
4038000 +1.63532249e+18 +1.66112539e+18  2.58e+16   1.41e+04     2.51e+16   3486.201s
4039000 +1.63531619e+18 +1.66113090e+18  2.58e+16   1.67e+03     2.51e+16   3487.055s
4040000 +1.63530989e+18 +1.66127484e+18  2.60e+16   9.39e+03     2.51e+16   3487.908s
4041000 +1.63530358e+18 +1.66109057e+18  2.58e+16   6.56e+03     2.51e+16   3488.762s
4042000 +1.63529728e+18 +1.66112467e+18  2.58e+16   4.92e+03     2.51e+16   3489.615s
4043000 +1.63529098e+18 +1.66134347e+18  2.61e+16   1.53e+04     2.51e+16   3490.468s
4044000 +1.63528468e+18 +1.66091570e+18  2.56e+16   4.47e+03     2.51e+16   3491.322s
4045000 +1.63527838e+18 +1.66138431e+18  2.61e+16   4.12e+03     2.51e+16   3492.175s
4046000 +1.63527208e+18 +1.66105235e+18  2.58e+16   1.57e+04     2.51e+16   3493.028s
4047000 +1.63526578e+18 +1.66113233e+18  2.59e+16   4.86e+03     2.51e+16   3493.882s
4048000 +1.63525947e+18 +1.66122297e+18  2.60e+16   4.34e+03     2.51e+16   3494.735s
4049000 +1.63525317e+18 +1.66112071e+18  2.59e+16   1.50e+04     2.51e+16   3495.588s
4050000 +1.63524687e+18 +1.66110567e+18  2.59e+16   3.61e+03     2.51e+16   3496.442s
4051000 +1.63524057e+18 +1.66125676e+18  2.60e+16   8.51e+03     2.51e+16   3497.295s
4052000 +1.63523427e+18 +1.66109197e+18  2.59e+16   7.14e+03     2.51e+16   3498.148s
4053000 +1.63522797e+18 +1.66108526e+18  2.59e+16   4.00e+03     2.51e+16   3499.002s
4054000 +1.63522167e+18 +1.66135297e+18  2.61e+16   1.34e+04     2.51e+16   3499.855s
4055000 +1.63521536e+18 +1.66089907e+18  2.57e+16   4.67e+03     2.51e+16   3500.708s
4056000 +1.63520906e+18 +1.66137902e+18  2.62e+16   5.35e+02     2.51e+16   3501.562s
4057000 +1.63520276e+18 +1.66106897e+18  2.59e+16   1.54e+04     2.51e+16   3502.415s
4058000 +1.63519646e+18 +1.66113364e+18  2.59e+16   3.34e+03     2.51e+16   3503.269s
4059000 +1.63519016e+18 +1.66122058e+18  2.60e+16   3.74e+03     2.51e+16   3504.122s
4060000 +1.63518386e+18 +1.66114188e+18  2.60e+16   1.54e+04     2.51e+16   3504.976s
4061000 +1.63517756e+18 +1.66109632e+18  2.59e+16   5.26e+03     2.51e+16   3505.829s
4062000 +1.63517125e+18 +1.66127516e+18  2.61e+16   8.39e+03     2.51e+16   3506.682s
4063000 +1.63516495e+18 +1.66108981e+18  2.59e+16   8.53e+03     2.51e+16   3507.536s
4064000 +1.63515865e+18 +1.66109654e+18  2.59e+16   5.97e+03     2.51e+16   3508.390s
4065000 +1.63515235e+18 +1.66133288e+18  2.62e+16   1.22e+04     2.51e+16   3509.243s
4066000 +1.63514605e+18 +1.66092254e+18  2.58e+16   6.72e+03     2.51e+16   3510.097s
4067000 +1.63513975e+18 +1.66133232e+18  2.62e+16   2.79e+03     2.51e+16   3510.950s
4068000 +1.63513345e+18 +1.66109945e+18  2.60e+16   1.53e+04     2.51e+16   3511.803s
4069000 +1.63512714e+18 +1.66110284e+18  2.60e+16   2.37e+03     2.51e+16   3512.656s
4070000 +1.63512084e+18 +1.66121360e+18  2.61e+16   2.19e+03     2.51e+16   3513.510s
4071000 +1.63511454e+18 +1.66114889e+18  2.60e+16   1.50e+04     2.51e+16   3514.363s
4072000 +1.63510824e+18 +1.66105487e+18  2.59e+16   5.01e+03     2.51e+16   3515.217s
4073000 +1.63510194e+18 +1.66129730e+18  2.62e+16   7.07e+03     2.51e+16   3516.070s
4074000 +1.63509564e+18 +1.66106080e+18  2.60e+16   8.82e+03     2.51e+16   3516.923s
4075000 +1.63508934e+18 +1.66112441e+18  2.60e+16   6.32e+03     2.51e+16   3517.777s
4076000 +1.63508303e+18 +1.66129144e+18  2.62e+16   1.06e+04     2.51e+16   3518.630s
4077000 +1.63507673e+18 +1.66096282e+18  2.59e+16   6.65e+03     2.51e+16   3519.484s
4078000 +1.63507043e+18 +1.66128574e+18  2.62e+16   4.47e+03     2.51e+16   3520.337s
4079000 +1.63506413e+18 +1.66113659e+18  2.61e+16   1.47e+04     2.51e+16   3521.190s
4080000 +1.63505783e+18 +1.66109296e+18  2.60e+16   2.78e+03     2.51e+16   3522.044s
4081000 +1.63505153e+18 +1.66120582e+18  2.62e+16   3.32e+03     2.51e+16   3522.897s
4082000 +1.63504523e+18 +1.66117488e+18  2.61e+16   1.51e+04     2.51e+16   3523.750s
4083000 +1.63503892e+18 +1.66101259e+18  2.60e+16   5.91e+03     2.51e+16   3524.604s
4084000 +1.63503262e+18 +1.66133220e+18  2.63e+16   7.93e+03     2.51e+16   3525.457s
4085000 +1.63502632e+18 +1.66102790e+18  2.60e+16   9.99e+03     2.51e+16   3526.310s
4086000 +1.63502002e+18 +1.66114504e+18  2.61e+16   6.47e+03     2.51e+16   3527.163s
4087000 +1.63501372e+18 +1.66125680e+18  2.62e+16   9.42e+03     2.51e+16   3528.017s
4088000 +1.63500742e+18 +1.66098840e+18  2.60e+16   5.86e+03     2.51e+16   3528.870s
4089000 +1.63500112e+18 +1.66124806e+18  2.62e+16   5.06e+03     2.51e+16   3529.724s
4090000 +1.63499481e+18 +1.66114308e+18  2.61e+16   1.43e+04     2.51e+16   3530.577s
4091000 +1.63498851e+18 +1.66109703e+18  2.61e+16   2.46e+03     2.51e+16   3531.431s
4092000 +1.63498221e+18 +1.66117387e+18  2.62e+16   1.00e+03     2.51e+16   3532.284s
4093000 +1.63497591e+18 +1.66121986e+18  2.62e+16   1.49e+04     2.51e+16   3533.137s
4094000 +1.63496961e+18 +1.66096284e+18  2.60e+16   3.58e+03     2.51e+16   3533.991s
4095000 +1.63496331e+18 +1.66137051e+18  2.64e+16   7.13e+03     2.51e+16   3534.844s
4096000 +1.63495701e+18 +1.66100036e+18  2.60e+16   1.08e+04     2.51e+16   3535.698s
4097000 +1.63495070e+18 +1.66117358e+18  2.62e+16   5.74e+03     2.51e+16   3536.551s
4098000 +1.63494440e+18 +1.66124247e+18  2.63e+16   8.49e+03     2.51e+16   3537.404s
4099000 +1.63493810e+18 +1.66100615e+18  2.61e+16   7.01e+03     2.51e+16   3538.258s
4100000 +1.63493180e+18 +1.66122426e+18  2.63e+16   5.99e+03     2.51e+16   3539.111s
4101000 +1.63492550e+18 +1.66114612e+18  2.62e+16   1.47e+04     2.51e+16   3539.964s
4102000 +1.63491920e+18 +1.66110083e+18  2.62e+16   4.70e+03     2.51e+16   3540.817s
4103000 +1.63491290e+18 +1.66113983e+18  2.62e+16   2.95e+03     2.51e+16   3541.671s
4104000 +1.63490659e+18 +1.66124169e+18  2.63e+16   1.48e+04     2.51e+16   3542.524s
4105000 +1.63490029e+18 +1.66092366e+18  2.60e+16   1.51e+03     2.51e+16   3543.378s
4106000 +1.63489399e+18 +1.66136911e+18  2.65e+16   5.93e+03     2.51e+16   3544.231s
4107000 +1.63488769e+18 +1.66098602e+18  2.61e+16   1.20e+04     2.51e+16   3545.084s
4108000 +1.63488139e+18 +1.66116504e+18  2.63e+16   5.29e+03     2.51e+16   3545.938s
4109000 +1.63487509e+18 +1.66123565e+18  2.64e+16   7.55e+03     2.51e+16   3546.791s
4110000 +1.63486879e+18 +1.66101375e+18  2.61e+16   7.59e+03     2.51e+16   3547.645s
4111000 +1.63486248e+18 +1.66120908e+18  2.63e+16   3.74e+03     2.51e+16   3548.498s
4112000 +1.63485618e+18 +1.66116149e+18  2.63e+16   1.41e+04     2.51e+16   3549.352s
4113000 +1.63484988e+18 +1.66110231e+18  2.63e+16   2.84e+03     2.51e+16   3550.205s
4114000 +1.63484358e+18 +1.66114517e+18  2.63e+16   2.14e+03     2.51e+16   3551.059s
4115000 +1.63483728e+18 +1.66125857e+18  2.64e+16   1.44e+04     2.51e+16   3551.912s
4116000 +1.63483098e+18 +1.66093136e+18  2.61e+16   1.98e+03     2.51e+16   3552.766s
4117000 +1.63482468e+18 +1.66136075e+18  2.65e+16   4.32e+03     2.51e+16   3553.619s
4118000 +1.63481837e+18 +1.66100875e+18  2.62e+16   1.35e+04     2.51e+16   3554.472s
4119000 +1.63481207e+18 +1.66114268e+18  2.63e+16   5.60e+03     2.51e+16   3555.326s
4120000 +1.63480577e+18 +1.66124127e+18  2.64e+16   7.15e+03     2.51e+16   3556.179s
4121000 +1.63479947e+18 +1.66101553e+18  2.62e+16   9.04e+03     2.51e+16   3557.032s
4122000 +1.63479317e+18 +1.66118307e+18  2.64e+16   3.07e+03     2.51e+16   3557.885s
4123000 +1.63478687e+18 +1.66115934e+18  2.64e+16   1.35e+04     2.51e+16   3558.739s
4124000 +1.63478057e+18 +1.66107293e+18  2.63e+16   4.36e+03     2.51e+16   3559.592s
4125000 +1.63477426e+18 +1.66113786e+18  2.64e+16   4.03e+03     2.51e+16   3560.445s
4126000 +1.63476796e+18 +1.66124215e+18  2.65e+16   1.42e+04     2.51e+16   3561.299s
4127000 +1.63476166e+18 +1.66093011e+18  2.62e+16   3.37e+03     2.51e+16   3562.152s
4128000 +1.63475536e+18 +1.66133418e+18  2.66e+16   1.36e+03     2.51e+16   3563.006s
4129000 +1.63474906e+18 +1.66101898e+18  2.63e+16   1.37e+04     2.51e+16   3563.859s
4130000 +1.63474276e+18 +1.66113247e+18  2.64e+16   4.92e+03     2.51e+16   3564.712s
4131000 +1.63473646e+18 +1.66123774e+18  2.65e+16   4.54e+03     2.51e+16   3565.566s
4132000 +1.63473015e+18 +1.66105321e+18  2.63e+16   9.06e+03     2.51e+16   3566.419s
4133000 +1.63472385e+18 +1.66114977e+18  2.64e+16   9.93e+02     2.51e+16   3567.272s
4134000 +1.63471755e+18 +1.66121230e+18  2.65e+16   1.24e+04     2.51e+16   3568.126s
4135000 +1.63471125e+18 +1.66105203e+18  2.63e+16   4.84e+03     2.51e+16   3568.979s
4136000 +1.63470495e+18 +1.66117325e+18  2.65e+16   5.80e+03     2.51e+16   3569.833s
4137000 +1.63469865e+18 +1.66123699e+18  2.65e+16   1.41e+04     2.51e+16   3570.686s
4138000 +1.63469235e+18 +1.66095539e+18  2.63e+16   3.98e+03     2.51e+16   3571.540s
4139000 +1.63468604e+18 +1.66132494e+18  2.66e+16   3.30e+03     2.51e+16   3572.393s
4140000 +1.63467974e+18 +1.66102394e+18  2.63e+16   1.38e+04     2.51e+16   3573.246s
4141000 +1.63467344e+18 +1.66113093e+18  2.65e+16   6.09e+03     2.51e+16   3574.099s
4142000 +1.63466714e+18 +1.66120028e+18  2.65e+16   4.01e+03     2.51e+16   3574.953s
4143000 +1.63466084e+18 +1.66108653e+18  2.64e+16   1.00e+04     2.51e+16   3575.806s
4144000 +1.63465454e+18 +1.66107957e+18  2.64e+16   6.40e+02     2.51e+16   3576.660s
4145000 +1.63464824e+18 +1.66124972e+18  2.66e+16   1.15e+04     2.51e+16   3577.513s
4146000 +1.63464193e+18 +1.66098622e+18  2.63e+16   4.21e+03     2.51e+16   3578.367s
4147000 +1.63463563e+18 +1.66118297e+18  2.65e+16   6.51e+03     2.51e+16   3579.220s
4148000 +1.63462933e+18 +1.66120333e+18  2.66e+16   1.35e+04     2.51e+16   3580.073s
4149000 +1.63462303e+18 +1.66096944e+18  2.63e+16   2.95e+03     2.51e+16   3580.926s
4150000 +1.63461673e+18 +1.66130046e+18  2.67e+16   1.89e+03     2.51e+16   3581.780s
4151000 +1.63461043e+18 +1.66103370e+18  2.64e+16   1.33e+04     2.51e+16   3582.633s
4152000 +1.63460413e+18 +1.66113674e+18  2.65e+16   5.56e+03     2.51e+16   3583.487s
4153000 +1.63459782e+18 +1.66118798e+18  2.66e+16   3.74e+03     2.51e+16   3584.340s
4154000 +1.63459152e+18 +1.66113575e+18  2.65e+16   1.04e+04     2.51e+16   3585.193s
4155000 +1.63458522e+18 +1.66105282e+18  2.65e+16   1.20e+03     2.51e+16   3586.047s
4156000 +1.63457892e+18 +1.66129808e+18  2.67e+16   1.03e+04     2.51e+16   3586.900s
4157000 +1.63457262e+18 +1.66097323e+18  2.64e+16   4.30e+03     2.51e+16   3587.753s
4158000 +1.63456632e+18 +1.66119759e+18  2.66e+16   7.72e+03     2.51e+16   3588.607s
4159000 +1.63456002e+18 +1.66120658e+18  2.66e+16   1.37e+04     2.51e+16   3589.460s
4160000 +1.63455371e+18 +1.66096884e+18  2.64e+16   4.96e+03     2.51e+16   3590.314s
4161000 +1.63454741e+18 +1.66129470e+18  2.67e+16   3.87e+03     2.51e+16   3591.167s
4162000 +1.63454111e+18 +1.66102736e+18  2.65e+16   1.37e+04     2.51e+16   3592.020s
4163000 +1.63453481e+18 +1.66112804e+18  2.66e+16   3.93e+03     2.51e+16   3592.874s
4164000 +1.63452851e+18 +1.66115362e+18  2.66e+16   4.59e+03     2.51e+16   3593.727s
4165000 +1.63452221e+18 +1.66114720e+18  2.66e+16   1.05e+04     2.51e+16   3594.581s
4166000 +1.63451591e+18 +1.66101514e+18  2.65e+16   9.21e+02     2.51e+16   3595.434s
4167000 +1.63450960e+18 +1.66129838e+18  2.68e+16   8.76e+03     2.51e+16   3596.288s
4168000 +1.63450330e+18 +1.66096430e+18  2.65e+16   4.57e+03     2.51e+16   3597.141s
4169000 +1.63449700e+18 +1.66117773e+18  2.67e+16   6.55e+03     2.51e+16   3597.995s
4170000 +1.63449070e+18 +1.66121361e+18  2.67e+16   1.33e+04     2.51e+16   3598.848s
4171000 +1.63448440e+18 +1.66095953e+18  2.65e+16   4.65e+03     2.51e+16   3599.702s
Distributed PDLP finished
Status: Time Limit   Objective: 1.63448188e+18  Iterations: 4171400  Time: 3601.057s

### exit_code=0
### finished=2026-07-23T19:47:09.506525
### gpu_peak_mb=9498.4
### gpu_peak2_mb=8986.4
### per_gpu_peak_mb=[9498.375, 8986.375, 8986.375, 8986.375, 8986.375, 8410.375, 8986.375, 8986.375]
