### solver=cuopt-distributed
### instance=/home/scratch.cmaes_sw/large-scale-LP-test-problems/large-problem-instances/multicommodity-flow-instance_5000_50_500.mps
### n_gpus=8
### CUDA_VISIBLE_DEVICES=0,1,2,3,4,5,6,7
### started=2026-07-23T19:47:09.575669
### argv=/home/scratch.vmostovoi_gpu/mostovoi_cuopt/cpp/build/cuopt_cli --use-distributed-pdlp true --method 1 --mps-reader experimental-fast --time-limit 3600 --iteration-limit 1000000000 --relative-primal-tolerance 1e-4 --relative-dual-tolerance 1e-4 --relative-gap-tolerance 1e-4 --log-to-console true /home/scratch.cmaes_sw/large-scale-LP-test-problems/large-problem-instances/multicommodity-flow-instance_5000_50_500.mps
### --- solver output ---
Setting parameter iteration_limit to 1000000000
Setting parameter log_to_console to true
Setting parameter method to 1
Setting parameter relative_dual_tolerance to 1.000000e-04
Setting parameter relative_gap_tolerance to 1.000000e-04
Setting parameter relative_primal_tolerance to 1.000000e-04
Setting parameter time_limit to 3.600000e+03
Setting parameter use_distributed_pdlp to true
Reading file multicommodity-flow-instance_5000_50_500.mps
Using experimental fast MPS parser for '/home/scratch.cmaes_sw/large-scale-LP-test-problems/large-problem-instances/multicommodity-flow-instance_5000_50_500.mps'
Read file multicommodity-flow-instance_5000_50_500.mps in 16.20 seconds
cuOpt version: 26.8.0, git hash: 7116ead1, host arch: x86_64, device archs: 100a-real
CPU: INTEL(R) XEON(R) PLATINUM 8570, threads (physical/logical): 112/224, RAM: 1824.21 GiB
CUDA 13.3, device: NVIDIA B200 (ID 0), VRAM: 178.34 GiB
CUDA device UUID: f36553ec-83f5-0954-de1e-14020b44a6e2
CUDA 13.3, device: NVIDIA B200 (ID 1), VRAM: 178.34 GiB
CUDA device UUID: 2eba6257-9bb3-2747-fc09-864946248a91
CUDA 13.3, device: NVIDIA B200 (ID 2), VRAM: 178.34 GiB
CUDA device UUID: 4ade4928-6fdc-11af-38d9-7cf5fda387b9
CUDA 13.3, device: NVIDIA B200 (ID 3), VRAM: 178.34 GiB
CUDA device UUID: 1894ac57-3a60-bdee-5ef9-6830f431eef1
CUDA 13.3, device: NVIDIA B200 (ID 4), VRAM: 178.34 GiB
CUDA device UUID: dabaf8f8-5fff-31ab-f66d-9fb9eead5bb2
CUDA 13.3, device: NVIDIA B200 (ID 5), VRAM: 178.34 GiB
CUDA device UUID: 392f828f-0b3e-6754-56d8-f6625df4d807
CUDA 13.3, device: NVIDIA B200 (ID 6), VRAM: 178.34 GiB
CUDA device UUID: 6cd3d5d5-ea39-07b6-4919-57b4bcc17eb6
CUDA 13.3, device: NVIDIA B200 (ID 7), VRAM: 178.34 GiB
CUDA device UUID: 9e3c10fd-3faa-ac89-1e74-35586597f53e
Solving a problem with 2775050 constraints, 126250050 variables (0 integers), and 253750050 nonzeros
Using PSLP presolver
PSLP Presolved problem: 2775003 constraints, 126247700 variables, 253745350 non-zeros
PSLP presolve time: 56.34s
Solving with distributed PDLP on 8 GPUs.
NCCL version 2.30.7+cuda13.3
      0 +0.00000000e+00 +0.00000000e+00  0.00e+00   1.58e+03     1.12e+04   86.711s
   1000 +1.42570554e+08 +1.54446323e+08  1.19e+07   4.70e+03     1.25e+02   87.616s
   2000 +1.43544178e+08 +1.49778559e+08  6.23e+06   2.86e+03     4.72e+01   88.349s
   3000 +1.44696206e+08 +1.48103858e+08  3.41e+06   1.96e+03     2.24e+01   89.087s
   4000 +1.45360323e+08 +1.47284603e+08  1.92e+06   1.56e+03     1.12e+01   89.821s
   5000 +1.45581952e+08 +1.46992492e+08  1.41e+06   1.12e+03     6.80e+00   90.552s
   6000 +1.45749617e+08 +1.46752497e+08  1.00e+06   1.39e+03     3.76e+00   91.287s
   7000 +1.45817328e+08 +1.46647796e+08  8.30e+05   9.25e+02     2.02e+00   92.020s
   8000 +1.45853423e+08 +1.46610703e+08  7.57e+05   7.62e+02     1.42e+00   92.752s
   9000 +1.45892361e+08 +1.46591189e+08  6.99e+05   6.72e+02     1.01e+00   93.484s
  10000 +1.45922993e+08 +1.46552311e+08  6.29e+05   6.91e+02     4.82e-01   94.220s
  11000 +1.45943068e+08 +1.46544836e+08  6.02e+05   6.41e+02     3.16e-01   94.947s
  12000 +1.45965840e+08 +1.46541705e+08  5.76e+05   5.89e+02     2.42e-01   95.672s
  13000 +1.45986565e+08 +1.46539678e+08  5.53e+05   5.62e+02     1.88e-01   96.397s
  14000 +1.46005047e+08 +1.46538376e+08  5.33e+05   5.38e+02     1.47e-01   97.122s
  15000 +1.46020652e+08 +1.46534724e+08  5.14e+05   5.11e+02     8.74e-02   97.848s
  16000 +1.46036024e+08 +1.46534373e+08  4.98e+05   5.00e+02     7.48e-02   98.572s
  17000 +1.46051087e+08 +1.46534145e+08  4.83e+05   4.91e+02     5.93e-02   99.297s
  18000 +1.46065138e+08 +1.46534145e+08  4.69e+05   4.82e+02     5.10e-02   100.022s
  19000 +1.46078599e+08 +1.46534151e+08  4.56e+05   4.72e+02     4.39e-02   100.744s
  20000 +1.46090828e+08 +1.46534185e+08  4.43e+05   4.63e+02     3.88e-02   101.464s
  21000 +1.46103090e+08 +1.46534319e+08  4.31e+05   4.52e+02     3.65e-02   102.185s
  22000 +1.46115142e+08 +1.46534264e+08  4.19e+05   4.45e+02     2.97e-02   102.906s
  23000 +1.46124629e+08 +1.46534048e+08  4.09e+05   4.28e+02     2.85e-02   103.628s
  24000 +1.46137820e+08 +1.46534522e+08  3.97e+05   4.11e+02     4.33e-02   104.349s
  25000 +1.46155978e+08 +1.46534920e+08  3.79e+05   3.95e+02     5.31e-02   105.069s
  26000 +1.46176943e+08 +1.46535309e+08  3.58e+05   3.81e+02     5.41e-02   105.791s
  27000 +1.46198010e+08 +1.46535627e+08  3.38e+05   3.66e+02     5.62e-02   106.511s
  28000 +1.46217122e+08 +1.46535931e+08  3.19e+05   3.53e+02     5.29e-02   107.232s
  29000 +1.46234642e+08 +1.46536164e+08  3.02e+05   3.39e+02     5.21e-02   107.953s
  30000 +1.46251008e+08 +1.46536411e+08  2.85e+05   3.26e+02     4.95e-02   108.674s
  31000 +1.46265537e+08 +1.46536608e+08  2.71e+05   3.14e+02     4.82e-02   109.395s
  32000 +1.46278902e+08 +1.46536795e+08  2.58e+05   3.02e+02     4.65e-02   110.116s
  33000 +1.46291558e+08 +1.46536934e+08  2.45e+05   2.90e+02     4.53e-02   110.837s
  34000 +1.46302462e+08 +1.46537051e+08  2.35e+05   2.81e+02     4.44e-02   111.561s
  35000 +1.46313386e+08 +1.46537140e+08  2.24e+05   2.71e+02     4.16e-02   112.285s
  36000 +1.46323157e+08 +1.46537542e+08  2.14e+05   2.41e+02     8.95e-02   113.012s
  37000 +1.46341430e+08 +1.46538017e+08  1.97e+05   2.09e+02     1.49e-01   113.735s
  38000 +1.46367887e+08 +1.46538341e+08  1.70e+05   1.84e+02     1.93e-01   114.459s
  39000 +1.46397036e+08 +1.46538570e+08  1.42e+05   1.62e+02     2.10e-01   115.183s
  40000 +1.46424075e+08 +1.46538710e+08  1.15e+05   1.43e+02     2.09e-01   115.907s
  41000 +1.46447110e+08 +1.46538877e+08  9.18e+04   1.28e+02     1.96e-01   116.631s
  42000 +1.46465105e+08 +1.46538802e+08  7.37e+04   1.15e+02     1.81e-01   117.355s
  43000 +1.46478699e+08 +1.46538783e+08  6.01e+04   1.03e+02     1.59e-01   118.079s
  44000 +1.46488415e+08 +1.46538813e+08  5.04e+04   9.29e+01     1.42e-01   118.803s
  45000 +1.46495692e+08 +1.46538816e+08  4.31e+04   8.53e+01     1.27e-01   119.527s
  46000 +1.46501505e+08 +1.46538797e+08  3.73e+04   7.76e+01     1.16e-01   120.251s
  47000 +1.46505457e+08 +1.46538809e+08  3.34e+04   7.26e+01     1.06e-01   120.976s
  48000 +1.46508548e+08 +1.46538775e+08  3.02e+04   6.76e+01     9.74e-02   121.699s
  49000 +1.46510760e+08 +1.46538777e+08  2.80e+04   6.29e+01     8.99e-02   122.424s
  50000 +1.46512576e+08 +1.46538785e+08  2.62e+04   5.96e+01     8.37e-02   123.148s
  51000 +1.46514087e+08 +1.46538816e+08  2.47e+04   5.57e+01     7.76e-02   123.873s
  52000 +1.46515782e+08 +1.46538744e+08  2.30e+04   5.03e+01     5.65e-02   124.599s
  53000 +1.46519067e+08 +1.46538720e+08  1.97e+04   4.17e+01     5.62e-02   125.323s
  54000 +1.46521157e+08 +1.46538719e+08  1.76e+04   3.75e+01     5.63e-02   126.048s
  55000 +1.46523559e+08 +1.46538713e+08  1.52e+04   3.39e+01     5.80e-02   126.772s
  56000 +1.46526041e+08 +1.46538696e+08  1.27e+04   3.07e+01     5.86e-02   127.496s
  57000 +1.46528524e+08 +1.46538680e+08  1.02e+04   2.75e+01     5.99e-02   128.221s
  58000 +1.46530926e+08 +1.46538691e+08  7.77e+03   2.56e+01     5.77e-02   128.944s
  59000 +1.46532990e+08 +1.46538697e+08  5.71e+03   2.39e+01     5.50e-02   129.666s
  60000 +1.46534798e+08 +1.46538706e+08  3.91e+03   2.24e+01     5.23e-02   130.387s
  61000 +1.46536298e+08 +1.46538713e+08  2.42e+03   2.11e+01     4.94e-02   131.108s
  62000 +1.46537416e+08 +1.46538721e+08  1.30e+03   1.98e+01     4.66e-02   131.829s
  63000 +1.46538231e+08 +1.46538726e+08  4.95e+02   1.89e+01     4.35e-02   132.550s
  64000 +1.46538801e+08 +1.46538728e+08  7.30e+01   1.77e+01     4.12e-02   133.271s
  65000 +1.46539203e+08 +1.46538728e+08  4.75e+02   1.61e+01     3.85e-02   133.991s
  66000 +1.46539405e+08 +1.46538711e+08  6.93e+02   1.54e+01     3.63e-02   134.712s
  67000 +1.46539510e+08 +1.46538727e+08  7.83e+02   1.51e+01     3.47e-02   135.433s
  68000 +1.46539503e+08 +1.46538711e+08  7.91e+02   1.42e+01     3.29e-02   136.154s
  69000 +1.46539389e+08 +1.46538714e+08  6.76e+02   1.38e+01     3.17e-02   136.876s
  70000 +1.46539236e+08 +1.46538722e+08  5.14e+02   1.29e+01     3.10e-02   137.597s
  71000 +1.46539002e+08 +1.46538716e+08  2.86e+02   1.27e+01     3.03e-02   138.318s
  72000 +1.46538795e+08 +1.46538728e+08  6.62e+01   1.21e+01     2.88e-02   139.039s
  73000 +1.46538593e+08 +1.46538720e+08  1.27e+02   1.13e+01     2.81e-02   139.760s
  74000 +1.46538402e+08 +1.46538719e+08  3.17e+02   1.05e+01     2.77e-02   140.481s
  75000 +1.46538224e+08 +1.46538715e+08  4.91e+02   1.03e+01     2.65e-02   141.203s
  76000 +1.46538109e+08 +1.46538717e+08  6.08e+02   1.00e+01     2.62e-02   141.923s
  77000 +1.46538008e+08 +1.46538712e+08  7.04e+02   9.63e+00     2.58e-02   142.645s
  78000 +1.46537967e+08 +1.46538713e+08  7.46e+02   9.14e+00     2.52e-02   143.366s
  79000 +1.46537948e+08 +1.46538710e+08  7.62e+02   8.83e+00     2.49e-02   144.087s
  80000 +1.46537952e+08 +1.46538704e+08  7.52e+02   8.57e+00     2.41e-02   144.807s
  81000 +1.46537971e+08 +1.46538685e+08  7.15e+02   8.63e+00     2.35e-02   145.528s
  82000 +1.46538398e+08 +1.46538651e+08  2.53e+02   7.17e+00     2.01e-02   146.251s
  83000 +1.46538649e+08 +1.46538651e+08  1.94e+00   6.72e+00     1.97e-02   146.972s
  84000 +1.46538855e+08 +1.46538656e+08  1.98e+02   6.57e+00     1.94e-02   147.693s
  85000 +1.46539049e+08 +1.46538656e+08  3.92e+02   6.29e+00     1.86e-02   148.415s
  86000 +1.46539201e+08 +1.46538662e+08  5.39e+02   6.13e+00     1.80e-02   149.135s
  87000 +1.46539328e+08 +1.46538660e+08  6.68e+02   5.83e+00     1.78e-02   149.856s
  88000 +1.46539433e+08 +1.46538660e+08  7.73e+02   5.62e+00     1.76e-02   150.577s
  89000 +1.46539516e+08 +1.46538658e+08  8.58e+02   5.33e+00     1.73e-02   151.298s
  90000 +1.46539572e+08 +1.46538656e+08  9.16e+02   5.18e+00     1.70e-02   152.019s
  91000 +1.46539603e+08 +1.46538656e+08  9.47e+02   4.77e+00     1.67e-02   152.740s
  92000 +1.46539686e+08 +1.46538655e+08  1.03e+03   5.73e+00     1.60e-02   153.463s
  93000 +1.46539848e+08 +1.46538661e+08  1.19e+03   5.09e+00     1.52e-02   154.184s
  94000 +1.46539933e+08 +1.46538646e+08  1.29e+03   7.63e+00     1.37e-02   154.905s
  95000 +1.46539953e+08 +1.46538656e+08  1.30e+03   6.54e+00     1.24e-02   155.625s
  96000 +1.46540080e+08 +1.46538636e+08  1.44e+03   2.01e+01     1.04e-02   156.348s
  97000 +1.46540240e+08 +1.46538650e+08  1.59e+03   1.60e+01     8.11e-03   157.069s
  98000 +1.46540402e+08 +1.46538635e+08  1.77e+03   1.63e+01     6.68e-03   157.790s
  99000 +1.46540611e+08 +1.46538627e+08  1.98e+03   1.40e+01     5.86e-03   158.510s
 100000 +1.46540792e+08 +1.46538625e+08  2.17e+03   1.26e+01     5.50e-03   159.231s
 101000 +1.46540950e+08 +1.46538622e+08  2.33e+03   1.49e+01     4.98e-03   159.951s
 102000 +1.46541082e+08 +1.46538619e+08  2.46e+03   1.26e+01     4.58e-03   160.672s
 103000 +1.46541212e+08 +1.46538617e+08  2.59e+03   1.15e+01     4.29e-03   161.393s
 104000 +1.46541422e+08 +1.46538597e+08  2.82e+03   6.99e+01     2.65e-03   162.116s
 105000 +1.46541955e+08 +1.46538593e+08  3.36e+03   3.24e+01     1.67e-03   162.840s
 106000 +1.46542187e+08 +1.46538595e+08  3.59e+03   2.38e+01     1.34e-03   163.564s
 107000 +1.46542250e+08 +1.46538592e+08  3.66e+03   2.14e+01     8.32e-04   164.288s
 108000 +1.46542279e+08 +1.46538592e+08  3.69e+03   1.74e+01     7.67e-04   165.013s
 109000 +1.46542314e+08 +1.46538591e+08  3.72e+03   1.53e+01     6.53e-04   165.736s
 110000 +1.46542348e+08 +1.46538590e+08  3.76e+03   2.58e+01     3.11e-04   166.462s
 111000 +1.46542403e+08 +1.46538589e+08  3.81e+03   2.36e+01     2.15e-04   167.185s
 112000 +1.46542402e+08 +1.46538589e+08  3.81e+03   1.54e+01     1.73e-04   167.906s
 113000 +1.46542486e+08 +1.46538589e+08  3.90e+03   2.52e+01     6.85e-05   168.629s
 114000 +1.46542580e+08 +1.46538589e+08  3.99e+03   1.71e+01     5.03e-05   169.349s
 115000 +1.46542610e+08 +1.46538588e+08  4.02e+03   1.35e+01     8.68e-06   170.072s
 116000 +1.46542566e+08 +1.46538529e+08  4.04e+03   1.12e+01     5.69e-02   170.796s
 117000 +1.46542499e+08 +1.46538556e+08  3.94e+03   6.05e+00     4.82e-02   171.517s
 118000 +1.46542560e+08 +1.46538575e+08  3.98e+03   4.49e+00     4.75e-02   172.238s
 119000 +1.46542296e+08 +1.46538591e+08  3.71e+03   3.96e+00     4.21e-02   172.959s
 120000 +1.46541936e+08 +1.46538616e+08  3.32e+03   3.24e+00     3.74e-02   173.680s
 121000 +1.46541563e+08 +1.46538614e+08  2.95e+03   2.80e+00     3.60e-02   174.400s
 122000 +1.46541178e+08 +1.46538620e+08  2.56e+03   2.48e+00     3.64e-02   175.121s
 123000 +1.46540746e+08 +1.46538613e+08  2.13e+03   2.13e+00     3.71e-02   175.842s
 124000 +1.46540264e+08 +1.46538610e+08  1.65e+03   1.99e+00     3.71e-02   176.563s
 125000 +1.46539794e+08 +1.46538608e+08  1.19e+03   1.78e+00     3.58e-02   177.283s
 126000 +1.46539384e+08 +1.46538607e+08  7.77e+02   1.64e+00     3.36e-02   178.004s
 127000 +1.46539037e+08 +1.46538608e+08  4.28e+02   1.26e+00     3.24e-02   178.727s
 128000 +1.46538680e+08 +1.46538603e+08  7.66e+01   1.12e+00     3.17e-02   179.447s
 129000 +1.46538336e+08 +1.46538599e+08  2.63e+02   1.09e+00     3.02e-02   180.168s
 130000 +1.46538042e+08 +1.46538597e+08  5.55e+02   1.06e+00     2.80e-02   180.889s
 131000 +1.46537811e+08 +1.46538595e+08  7.84e+02   1.04e+00     2.58e-02   181.610s
 132000 +1.46537638e+08 +1.46538592e+08  9.54e+02   1.04e+00     2.34e-02   182.331s
 133000 +1.46537513e+08 +1.46538593e+08  1.08e+03   1.03e+00     2.10e-02   183.052s
 134000 +1.46537434e+08 +1.46538591e+08  1.16e+03   9.97e-01     1.88e-02   183.772s
 135000 +1.46537398e+08 +1.46538589e+08  1.19e+03   9.83e-01     1.69e-02   184.493s
 136000 +1.46537416e+08 +1.46538588e+08  1.17e+03   8.95e-01     1.55e-02   185.213s
 137000 +1.46537459e+08 +1.46538588e+08  1.13e+03   9.15e-01     1.41e-02   185.935s
 138000 +1.46537532e+08 +1.46538590e+08  1.06e+03   8.23e-01     1.32e-02   186.656s
 139000 +1.46537622e+08 +1.46538588e+08  9.67e+02   8.25e-01     1.25e-02   187.376s
 140000 +1.46537721e+08 +1.46538591e+08  8.69e+02   8.25e-01     1.19e-02   188.098s
 141000 +1.46537832e+08 +1.46538588e+08  7.56e+02   7.68e-01     1.14e-02   188.818s
 142000 +1.46537941e+08 +1.46538590e+08  6.49e+02   7.12e-01     1.09e-02   189.539s
 143000 +1.46538042e+08 +1.46538588e+08  5.46e+02   7.23e-01     1.03e-02   190.260s
 144000 +1.46538132e+08 +1.46538590e+08  4.58e+02   6.38e-01     1.00e-02   190.981s
 145000 +1.46538204e+08 +1.46538588e+08  3.85e+02   6.70e-01     9.53e-03   191.702s
 146000 +1.46538263e+08 +1.46538587e+08  3.24e+02   6.03e-01     9.21e-03   192.423s
 147000 +1.46538306e+08 +1.46538588e+08  2.82e+02   5.97e-01     8.96e-03   193.143s
 148000 +1.46538336e+08 +1.46538588e+08  2.52e+02   5.74e-01     8.79e-03   193.864s
 149000 +1.46538354e+08 +1.46538589e+08  2.35e+02   5.62e-01     8.70e-03   194.584s
 150000 +1.46538361e+08 +1.46538591e+08  2.29e+02   5.39e-01     8.59e-03   195.306s
 151000 +1.46538358e+08 +1.46538589e+08  2.31e+02   5.39e-01     8.49e-03   196.027s
 152000 +1.46538350e+08 +1.46538589e+08  2.39e+02   5.05e-01     8.43e-03   196.748s
 153000 +1.46538337e+08 +1.46538588e+08  2.51e+02   5.17e-01     8.34e-03   197.468s
 154000 +1.46538300e+08 +1.46538590e+08  2.90e+02   4.50e-01     7.73e-03   198.190s
 155000 +1.46538268e+08 +1.46538589e+08  3.22e+02   4.50e-01     7.50e-03   198.911s
 156000 +1.46538241e+08 +1.46538590e+08  3.49e+02   4.45e-01     7.17e-03   199.632s
 157000 +1.46538222e+08 +1.46538589e+08  3.67e+02   4.29e-01     6.87e-03   200.353s
 158000 +1.46538210e+08 +1.46538589e+08  3.80e+02   4.40e-01     6.59e-03   201.074s
 159000 +1.46538205e+08 +1.46538589e+08  3.84e+02   4.37e-01     6.33e-03   201.795s
 160000 +1.46538205e+08 +1.46538588e+08  3.83e+02   4.41e-01     6.13e-03   202.515s
 161000 +1.46538211e+08 +1.46538588e+08  3.77e+02   4.26e-01     5.99e-03   203.236s
 162000 +1.46538221e+08 +1.46538588e+08  3.67e+02   4.27e-01     5.88e-03   203.957s
 163000 +1.46538235e+08 +1.46538588e+08  3.53e+02   4.23e-01     5.75e-03   204.678s
 164000 +1.46538253e+08 +1.46538588e+08  3.35e+02   4.22e-01     5.64e-03   205.399s
 165000 +1.46538272e+08 +1.46538587e+08  3.16e+02   4.26e-01     5.47e-03   206.120s
 166000 +1.46538292e+08 +1.46538588e+08  2.96e+02   4.16e-01     5.39e-03   206.841s
 167000 +1.46538313e+08 +1.46538588e+08  2.74e+02   4.17e-01     5.30e-03   207.562s
 168000 +1.46538336e+08 +1.46538588e+08  2.52e+02   4.17e-01     5.25e-03   208.283s
 169000 +1.46538359e+08 +1.46538587e+08  2.28e+02   4.19e-01     5.14e-03   209.003s
 170000 +1.46538383e+08 +1.46538588e+08  2.05e+02   4.08e-01     5.04e-03   209.723s
 171000 +1.46538404e+08 +1.46538588e+08  1.84e+02   4.03e-01     4.90e-03   210.444s
 172000 +1.46538424e+08 +1.46538588e+08  1.64e+02   3.97e-01     4.79e-03   211.165s
 173000 +1.46538442e+08 +1.46538588e+08  1.46e+02   3.94e-01     4.66e-03   211.886s
 174000 +1.46538460e+08 +1.46538589e+08  1.29e+02   3.93e-01     4.60e-03   212.606s
 175000 +1.46538476e+08 +1.46538589e+08  1.12e+02   3.92e-01     4.50e-03   213.327s
 176000 +1.46538489e+08 +1.46538588e+08  9.90e+01   3.58e-01     4.46e-03   214.048s
 177000 +1.46538500e+08 +1.46538588e+08  8.82e+01   3.64e-01     4.41e-03   214.768s
 178000 +1.46538508e+08 +1.46538589e+08  8.01e+01   3.49e-01     4.34e-03   215.489s
 179000 +1.46538509e+08 +1.46538591e+08  8.20e+01   3.39e-01     4.02e-03   216.212s
 180000 +1.46538508e+08 +1.46538591e+08  8.30e+01   3.51e-01     3.87e-03   216.933s
 181000 +1.46538507e+08 +1.46538591e+08  8.44e+01   3.49e-01     3.80e-03   217.653s
 182000 +1.46538505e+08 +1.46538591e+08  8.60e+01   3.47e-01     3.71e-03   218.374s
 183000 +1.46538502e+08 +1.46538591e+08  8.87e+01   3.48e-01     3.60e-03   219.095s
 184000 +1.46538499e+08 +1.46538591e+08  9.14e+01   3.44e-01     3.52e-03   219.816s
 185000 +1.46538498e+08 +1.46538591e+08  9.25e+01   3.44e-01     3.47e-03   220.537s
 186000 +1.46538498e+08 +1.46538591e+08  9.24e+01   3.38e-01     3.39e-03   221.257s
 187000 +1.46538499e+08 +1.46538591e+08  9.20e+01   3.37e-01     3.35e-03   221.978s
 188000 +1.46538500e+08 +1.46538591e+08  9.00e+01   3.46e-01     3.29e-03   222.699s
 189000 +1.46538502e+08 +1.46538590e+08  8.87e+01   3.41e-01     3.22e-03   223.420s
 190000 +1.46538502e+08 +1.46538590e+08  8.84e+01   3.50e-01     3.17e-03   224.141s
 191000 +1.46538502e+08 +1.46538590e+08  8.83e+01   3.41e-01     3.12e-03   224.863s
 192000 +1.46538501e+08 +1.46538592e+08  9.10e+01   4.28e-01     2.93e-03   225.585s
 193000 +1.46538487e+08 +1.46538592e+08  1.05e+02   3.75e-01     2.86e-03   226.306s
 194000 +1.46538470e+08 +1.46538592e+08  1.22e+02   4.15e-01     2.76e-03   227.026s
 195000 +1.46538451e+08 +1.46538592e+08  1.41e+02   4.44e-01     2.67e-03   227.747s
 196000 +1.46538431e+08 +1.46538592e+08  1.61e+02   4.17e-01     2.61e-03   228.467s
 197000 +1.46538410e+08 +1.46538591e+08  1.81e+02   4.28e-01     2.47e-03   229.187s
 198000 +1.46538391e+08 +1.46538591e+08  2.00e+02   4.91e-01     2.36e-03   229.908s
 199000 +1.46538379e+08 +1.46538591e+08  2.12e+02   4.49e-01     2.28e-03   230.629s
 200000 +1.46538370e+08 +1.46538591e+08  2.21e+02   4.83e-01     2.14e-03   231.350s
 201000 +1.46538362e+08 +1.46538591e+08  2.29e+02   4.72e-01     2.09e-03   232.071s
 202000 +1.46538353e+08 +1.46538591e+08  2.38e+02   4.30e-01     2.00e-03   232.792s
 203000 +1.46538346e+08 +1.46538591e+08  2.45e+02   4.14e-01     1.95e-03   233.512s
 204000 +1.46538340e+08 +1.46538591e+08  2.51e+02   3.93e-01     1.92e-03   234.232s
 205000 +1.46538334e+08 +1.46538590e+08  2.56e+02   4.20e-01     1.87e-03   234.954s
 206000 +1.46538310e+08 +1.46538591e+08  2.81e+02   1.32e+00     1.75e-03   235.676s
 207000 +1.46538257e+08 +1.46538591e+08  3.34e+02   9.28e-01     1.68e-03   236.397s
 208000 +1.46538196e+08 +1.46538591e+08  3.95e+02   9.71e-01     1.59e-03   237.117s
 209000 +1.46538139e+08 +1.46538591e+08  4.52e+02   1.05e+00     1.53e-03   237.839s
 210000 +1.46538084e+08 +1.46538591e+08  5.07e+02   9.92e-01     1.45e-03   238.560s
 211000 +1.46538023e+08 +1.46538590e+08  5.67e+02   1.00e+00     1.37e-03   239.281s
 212000 +1.46537965e+08 +1.46538590e+08  6.26e+02   9.68e-01     1.32e-03   240.002s
 213000 +1.46537915e+08 +1.46538591e+08  6.75e+02   9.13e-01     1.27e-03   240.723s
 214000 +1.46537873e+08 +1.46538590e+08  7.18e+02   1.00e+00     1.05e-03   241.443s
 215000 +1.46537833e+08 +1.46538590e+08  7.58e+02   8.56e-01     1.01e-03   242.164s
 216000 +1.46537794e+08 +1.46538590e+08  7.96e+02   8.44e-01     9.76e-04   242.885s
 217000 +1.46537761e+08 +1.46538590e+08  8.29e+02   8.34e-01     9.47e-04   243.605s
 218000 +1.46537732e+08 +1.46538590e+08  8.58e+02   7.73e-01     9.16e-04   244.326s
 219000 +1.46537707e+08 +1.46538590e+08  8.83e+02   7.37e-01     8.90e-04   245.047s
 220000 +1.46537684e+08 +1.46538590e+08  9.06e+02   7.43e-01     8.68e-04   245.768s
 221000 +1.46537666e+08 +1.46538590e+08  9.24e+02   7.89e-01     8.43e-04   246.489s
 222000 +1.46537650e+08 +1.46538590e+08  9.40e+02   7.21e-01     8.10e-04   247.209s
 223000 +1.46537634e+08 +1.46538590e+08  9.56e+02   7.53e-01     7.94e-04   247.931s
 224000 +1.46537629e+08 +1.46538590e+08  9.61e+02   7.51e-01     7.71e-04   248.652s
 225000 +1.46537626e+08 +1.46538590e+08  9.64e+02   7.23e-01     7.51e-04   249.372s
 226000 +1.46537593e+08 +1.46538590e+08  9.98e+02   1.01e+00     6.66e-04   250.095s
 227000 +1.46537548e+08 +1.46538590e+08  1.04e+03   7.97e-01     6.52e-04   250.816s
 228000 +1.46537502e+08 +1.46538590e+08  1.09e+03   1.41e+00     6.14e-04   251.537s
 229000 +1.46537474e+08 +1.46538590e+08  1.12e+03   1.17e+00     5.98e-04   252.258s
 230000 +1.46537453e+08 +1.46538590e+08  1.14e+03   1.67e+00     5.55e-04   252.979s
 231000 +1.46537402e+08 +1.46538590e+08  1.19e+03   3.96e+00     4.56e-04   253.701s
 232000 +1.46537404e+08 +1.46538591e+08  1.19e+03   2.97e+00     4.32e-04   254.423s
 233000 +1.46537386e+08 +1.46538591e+08  1.20e+03   3.89e+00     3.03e-04   255.144s
 234000 +1.46537337e+08 +1.46538591e+08  1.25e+03   5.89e+00     1.36e-04   255.866s
 235000 +1.46537295e+08 +1.46538591e+08  1.30e+03   5.48e+00     1.04e-04   256.587s
 236000 +1.46537286e+08 +1.46538591e+08  1.31e+03   6.96e+00     8.12e-05   257.307s
 237000 +1.46537272e+08 +1.46538591e+08  1.32e+03   5.73e+00     6.96e-05   258.028s
 238000 +1.46537252e+08 +1.46538591e+08  1.34e+03   4.72e+00     3.88e-05   258.750s
 239000 +1.46537233e+08 +1.46538591e+08  1.36e+03   4.94e+00     3.58e-05   259.471s
 240000 +1.46537203e+08 +1.46538591e+08  1.39e+03   4.66e+00     3.27e-05   260.192s
 241000 +1.46537159e+08 +1.46538591e+08  1.43e+03   6.59e+00     2.65e-05   260.913s
 242000 +1.46537125e+08 +1.46538591e+08  1.47e+03   5.73e+00     2.01e-05   261.634s
 243000 +1.46537088e+08 +1.46538591e+08  1.50e+03   5.53e+00     1.68e-05   262.355s
 244000 +1.46537050e+08 +1.46538590e+08  1.54e+03   5.27e+00     1.36e-05   263.076s
 245000 +1.46537003e+08 +1.46538591e+08  1.59e+03   7.51e+00     7.45e-06   263.798s
 246000 +1.46536983e+08 +1.46538591e+08  1.61e+03   4.97e+00     5.36e-06   264.519s
 247000 +1.46536979e+08 +1.46538591e+08  1.61e+03   4.45e+00     4.88e-06   265.240s
 248000 +1.46536976e+08 +1.46538591e+08  1.61e+03   4.17e+00     5.01e-06   265.963s
 249000 +1.46536974e+08 +1.46538591e+08  1.62e+03   4.14e+00     5.02e-06   266.684s
 250000 +1.46536971e+08 +1.46538591e+08  1.62e+03   4.12e+00     4.67e-06   267.405s
 251000 +1.46536969e+08 +1.46538591e+08  1.62e+03   4.11e+00     4.17e-06   268.126s
 252000 +1.46536967e+08 +1.46538591e+08  1.62e+03   4.09e+00     4.61e-06   268.847s
 253000 +1.46536965e+08 +1.46538591e+08  1.63e+03   4.07e+00     5.02e-06   269.568s
 254000 +1.46536963e+08 +1.46538591e+08  1.63e+03   4.03e+00     5.64e-06   270.289s
 255000 +1.46536963e+08 +1.46538591e+08  1.63e+03   3.99e+00     5.98e-06   271.010s
 256000 +1.46536963e+08 +1.46538591e+08  1.63e+03   3.95e+00     6.54e-06   271.731s
 257000 +1.46536965e+08 +1.46538591e+08  1.63e+03   3.88e+00     7.27e-06   272.452s
 258000 +1.46536968e+08 +1.46538591e+08  1.62e+03   3.84e+00     7.97e-06   273.172s
 259000 +1.46536971e+08 +1.46538591e+08  1.62e+03   3.73e+00     8.73e-06   273.893s
 260000 +1.46536974e+08 +1.46538591e+08  1.62e+03   3.67e+00     9.37e-06   274.614s
 261000 +1.46536977e+08 +1.46538591e+08  1.61e+03   3.61e+00     9.94e-06   275.335s
 262000 +1.46536980e+08 +1.46538591e+08  1.61e+03   3.52e+00     1.02e-05   276.056s
 263000 +1.46536984e+08 +1.46538591e+08  1.61e+03   3.43e+00     9.87e-06   276.777s
 264000 +1.46536984e+08 +1.46538591e+08  1.61e+03   3.48e+00     9.48e-06   277.498s
 265000 +1.46536983e+08 +1.46538591e+08  1.61e+03   3.32e+00     9.63e-06   278.218s
 266000 +1.46536981e+08 +1.46538591e+08  1.61e+03   3.24e+00     9.85e-06   278.939s
 267000 +1.46536982e+08 +1.46538591e+08  1.61e+03   3.14e+00     9.89e-06   279.659s
 268000 +1.46536983e+08 +1.46538591e+08  1.61e+03   3.10e+00     9.55e-06   280.380s
 269000 +1.46536983e+08 +1.46538591e+08  1.61e+03   3.01e+00     8.86e-06   281.102s
 270000 +1.46536983e+08 +1.46538591e+08  1.61e+03   2.91e+00     8.72e-06   281.822s
 271000 +1.46536983e+08 +1.46538591e+08  1.61e+03   2.83e+00     8.39e-06   282.543s
 272000 +1.46536984e+08 +1.46538591e+08  1.61e+03   2.85e+00     8.08e-06   283.264s
 273000 +1.46536985e+08 +1.46538591e+08  1.61e+03   2.75e+00     7.83e-06   283.986s
 274000 +1.46536987e+08 +1.46538591e+08  1.60e+03   2.77e+00     6.72e-06   284.706s
 275000 +1.46536988e+08 +1.46538591e+08  1.60e+03   2.61e+00     8.06e-06   285.429s
 276000 +1.46536989e+08 +1.46538591e+08  1.60e+03   2.60e+00     1.02e-05   286.150s
 277000 +1.46536990e+08 +1.46538591e+08  1.60e+03   2.58e+00     1.32e-05   286.870s
 278000 +1.46536992e+08 +1.46538591e+08  1.60e+03   2.56e+00     1.55e-05   287.591s
 279000 +1.46536992e+08 +1.46538591e+08  1.60e+03   2.52e+00     1.78e-05   288.312s
 280000 +1.46536990e+08 +1.46538591e+08  1.60e+03   2.49e+00     2.11e-05   289.033s
 281000 +1.46536985e+08 +1.46538591e+08  1.61e+03   2.42e+00     2.48e-05   289.754s
 282000 +1.46536979e+08 +1.46538591e+08  1.61e+03   2.37e+00     2.74e-05   290.474s
 283000 +1.46536975e+08 +1.46538591e+08  1.62e+03   2.34e+00     2.95e-05   291.195s
 284000 +1.46536972e+08 +1.46538591e+08  1.62e+03   2.26e+00     3.20e-05   291.915s
 285000 +1.46536967e+08 +1.46538591e+08  1.62e+03   2.20e+00     3.45e-05   292.636s
 286000 +1.46536968e+08 +1.46538591e+08  1.62e+03   2.12e+00     3.67e-05   293.357s
 287000 +1.46536965e+08 +1.46538591e+08  1.63e+03   2.22e+00     2.67e-05   294.078s
 288000 +1.46536961e+08 +1.46538591e+08  1.63e+03   2.26e+00     2.62e-05   294.799s
 289000 +1.46536956e+08 +1.46538591e+08  1.63e+03   2.15e+00     2.65e-05   295.519s
 290000 +1.46536952e+08 +1.46538591e+08  1.64e+03   2.12e+00     2.64e-05   296.240s
 291000 +1.46536950e+08 +1.46538591e+08  1.64e+03   2.09e+00     2.62e-05   296.961s
 292000 +1.46536948e+08 +1.46538591e+08  1.64e+03   2.08e+00     2.54e-05   297.682s
 293000 +1.46536946e+08 +1.46538591e+08  1.64e+03   2.04e+00     2.53e-05   298.402s
 294000 +1.46536945e+08 +1.46538591e+08  1.65e+03   1.94e+00     2.34e-05   299.123s
 295000 +1.46536943e+08 +1.46538591e+08  1.65e+03   1.92e+00     2.31e-05   299.844s
 296000 +1.46536943e+08 +1.46538591e+08  1.65e+03   1.84e+00     2.32e-05   300.564s
 297000 +1.46536943e+08 +1.46538591e+08  1.65e+03   1.81e+00     2.31e-05   301.285s
 298000 +1.46536945e+08 +1.46538591e+08  1.65e+03   1.76e+00     2.21e-05   302.006s
 299000 +1.46536951e+08 +1.46538591e+08  1.64e+03   1.69e+00     2.22e-05   302.726s
 300000 +1.46536957e+08 +1.46538591e+08  1.63e+03   1.68e+00     2.18e-05   303.447s
 301000 +1.46536963e+08 +1.46538591e+08  1.63e+03   1.62e+00     2.16e-05   304.169s
 302000 +1.46536971e+08 +1.46538591e+08  1.62e+03   1.52e+00     2.15e-05   304.889s
 303000 +1.46536979e+08 +1.46538591e+08  1.61e+03   1.45e+00     2.16e-05   305.609s
 304000 +1.46536986e+08 +1.46538591e+08  1.60e+03   1.47e+00     1.82e-05   306.330s
 305000 +1.46536987e+08 +1.46538591e+08  1.60e+03   1.28e+00     1.73e-05   307.052s
 306000 +1.46536989e+08 +1.46538591e+08  1.60e+03   1.27e+00     1.97e-05   307.774s
 307000 +1.46536991e+08 +1.46538591e+08  1.60e+03   1.25e+00     2.22e-05   308.495s
 308000 +1.46536994e+08 +1.46538591e+08  1.60e+03   1.23e+00     2.61e-05   309.216s
 309000 +1.46536999e+08 +1.46538591e+08  1.59e+03   1.21e+00     3.05e-05   309.937s
 310000 +1.46537005e+08 +1.46538591e+08  1.59e+03   1.18e+00     3.70e-05   310.658s
 311000 +1.46537013e+08 +1.46538591e+08  1.58e+03   1.15e+00     4.36e-05   311.379s
 312000 +1.46537023e+08 +1.46538591e+08  1.57e+03   1.11e+00     5.00e-05   312.100s
 313000 +1.46537034e+08 +1.46538591e+08  1.56e+03   1.07e+00     5.59e-05   312.821s
 314000 +1.46537045e+08 +1.46538591e+08  1.55e+03   1.05e+00     6.10e-05   313.542s
 315000 +1.46537057e+08 +1.46538591e+08  1.53e+03   1.01e+00     6.55e-05   314.263s
 316000 +1.46537070e+08 +1.46538591e+08  1.52e+03   9.81e-01     6.94e-05   314.983s
 317000 +1.46537086e+08 +1.46538591e+08  1.51e+03   9.50e-01     7.28e-05   315.704s
 318000 +1.46537102e+08 +1.46538591e+08  1.49e+03   9.22e-01     7.55e-05   316.425s
 319000 +1.46537120e+08 +1.46538591e+08  1.47e+03   8.98e-01     7.75e-05   317.146s
 320000 +1.46537140e+08 +1.46538591e+08  1.45e+03   8.77e-01     7.90e-05   317.866s
 321000 +1.46537163e+08 +1.46538591e+08  1.43e+03   8.76e-01     7.95e-05   318.587s
 322000 +1.46537186e+08 +1.46538591e+08  1.40e+03   8.53e-01     7.99e-05   319.309s
 323000 +1.46537210e+08 +1.46538591e+08  1.38e+03   8.33e-01     7.99e-05   320.029s
 324000 +1.46537230e+08 +1.46538591e+08  1.36e+03   9.07e-01     5.87e-05   320.750s
 325000 +1.46537244e+08 +1.46538591e+08  1.35e+03   8.99e-01     5.34e-05   321.471s
 326000 +1.46537258e+08 +1.46538591e+08  1.33e+03   8.12e-01     4.83e-05   322.192s
 327000 +1.46537272e+08 +1.46538591e+08  1.32e+03   8.27e-01     4.70e-05   322.912s
 328000 +1.46537288e+08 +1.46538591e+08  1.30e+03   8.12e-01     4.73e-05   323.633s
 329000 +1.46537303e+08 +1.46538591e+08  1.29e+03   7.50e-01     4.71e-05   324.354s
 330000 +1.46537316e+08 +1.46538591e+08  1.28e+03   7.93e-01     4.25e-05   325.075s
 331000 +1.46537326e+08 +1.46538591e+08  1.27e+03   8.14e-01     4.11e-05   325.795s
 332000 +1.46537335e+08 +1.46538591e+08  1.26e+03   7.63e-01     4.04e-05   326.516s
 333000 +1.46537345e+08 +1.46538591e+08  1.25e+03   7.41e-01     4.00e-05   327.237s
 334000 +1.46537355e+08 +1.46538591e+08  1.24e+03   7.41e-01     3.97e-05   327.957s
 335000 +1.46537366e+08 +1.46538591e+08  1.23e+03   7.23e-01     3.93e-05   328.678s
 336000 +1.46537375e+08 +1.46538591e+08  1.22e+03   7.30e-01     3.94e-05   329.399s
 337000 +1.46537385e+08 +1.46538591e+08  1.21e+03   7.03e-01     3.90e-05   330.119s
 338000 +1.46537395e+08 +1.46538591e+08  1.20e+03   7.00e-01     3.90e-05   330.840s
 339000 +1.46537403e+08 +1.46538591e+08  1.19e+03   6.44e-01     3.57e-05   331.562s
 340000 +1.46537407e+08 +1.46538591e+08  1.18e+03   6.41e-01     3.66e-05   332.283s
 341000 +1.46537410e+08 +1.46538591e+08  1.18e+03   6.40e-01     3.75e-05   333.004s
 342000 +1.46537415e+08 +1.46538591e+08  1.18e+03   6.37e-01     3.93e-05   333.725s
 343000 +1.46537420e+08 +1.46538591e+08  1.17e+03   6.34e-01     4.13e-05   334.446s
 344000 +1.46537425e+08 +1.46538591e+08  1.17e+03   6.31e-01     4.36e-05   335.167s
 345000 +1.46537432e+08 +1.46538591e+08  1.16e+03   6.28e-01     4.60e-05   335.888s
 346000 +1.46537439e+08 +1.46538591e+08  1.15e+03   6.31e-01     4.51e-05   336.609s
 347000 +1.46537448e+08 +1.46538591e+08  1.14e+03   6.22e-01     4.72e-05   337.330s
 348000 +1.46537457e+08 +1.46538591e+08  1.13e+03   6.19e-01     4.91e-05   338.050s
 349000 +1.46537468e+08 +1.46538591e+08  1.12e+03   6.11e-01     5.02e-05   338.772s
 350000 +1.46537480e+08 +1.46538591e+08  1.11e+03   6.04e-01     5.20e-05   339.493s
 351000 +1.46537492e+08 +1.46538591e+08  1.10e+03   5.98e-01     5.18e-05   340.213s
 352000 +1.46537506e+08 +1.46538591e+08  1.08e+03   5.92e-01     5.31e-05   340.934s
 353000 +1.46537520e+08 +1.46538591e+08  1.07e+03   5.86e-01     5.25e-05   341.654s
 354000 +1.46537535e+08 +1.46538591e+08  1.06e+03   5.91e-01     5.30e-05   342.375s
 355000 +1.46537549e+08 +1.46538591e+08  1.04e+03   5.82e-01     5.28e-05   343.095s
 356000 +1.46537563e+08 +1.46538591e+08  1.03e+03   5.78e-01     5.36e-05   343.816s
 357000 +1.46537578e+08 +1.46538591e+08  1.01e+03   5.69e-01     5.42e-05   344.537s
 358000 +1.46537593e+08 +1.46538591e+08  9.98e+02   5.62e-01     5.49e-05   345.258s
 359000 +1.46537609e+08 +1.46538591e+08  9.81e+02   5.67e-01     5.48e-05   345.978s
 360000 +1.46537624e+08 +1.46538591e+08  9.66e+02   5.69e-01     5.38e-05   346.699s
 361000 +1.46537638e+08 +1.46538591e+08  9.53e+02   5.66e-01     5.36e-05   347.420s
 362000 +1.46537649e+08 +1.46538591e+08  9.42e+02   5.72e-01     5.29e-05   348.140s
 363000 +1.46537660e+08 +1.46538591e+08  9.31e+02   5.70e-01     5.21e-05   348.862s
 364000 +1.46537670e+08 +1.46538591e+08  9.21e+02   5.64e-01     5.18e-05   349.583s
 365000 +1.46537680e+08 +1.46538591e+08  9.11e+02   5.65e-01     5.15e-05   350.303s
 366000 +1.46537690e+08 +1.46538591e+08  9.01e+02   5.71e-01     5.13e-05   351.024s
 367000 +1.46537699e+08 +1.46538591e+08  8.91e+02   5.63e-01     5.14e-05   351.745s
 368000 +1.46537710e+08 +1.46538591e+08  8.81e+02   5.60e-01     5.15e-05   352.465s
 369000 +1.46537720e+08 +1.46538591e+08  8.71e+02   5.59e-01     5.26e-05   353.186s
 370000 +1.46537730e+08 +1.46538591e+08  8.61e+02   5.68e-01     5.31e-05   353.906s
 371000 +1.46537738e+08 +1.46538591e+08  8.52e+02   5.76e-01     5.31e-05   354.627s
 372000 +1.46537746e+08 +1.46538591e+08  8.45e+02   5.61e-01     5.39e-05   355.348s
 373000 +1.46537754e+08 +1.46538591e+08  8.37e+02   5.72e-01     5.46e-05   356.069s
 374000 +1.46537762e+08 +1.46538591e+08  8.29e+02   5.94e-01     5.30e-05   356.789s
 375000 +1.46537764e+08 +1.46538591e+08  8.26e+02   5.24e-01     5.62e-05   357.511s
 376000 +1.46537767e+08 +1.46538591e+08  8.23e+02   5.23e-01     6.03e-05   358.232s
 377000 +1.46537771e+08 +1.46538591e+08  8.20e+02   5.21e-01     6.44e-05   358.953s
 378000 +1.46537775e+08 +1.46538591e+08  8.16e+02   5.19e-01     6.86e-05   359.674s
 379000 +1.46537779e+08 +1.46538591e+08  8.11e+02   5.16e-01     7.31e-05   360.395s
 380000 +1.46537784e+08 +1.46538591e+08  8.06e+02   5.13e-01     7.77e-05   361.115s
 381000 +1.46537790e+08 +1.46538591e+08  8.01e+02   5.10e-01     8.19e-05   361.836s
 382000 +1.46537795e+08 +1.46538591e+08  7.95e+02   5.06e-01     8.64e-05   362.556s
 383000 +1.46537802e+08 +1.46538591e+08  7.89e+02   5.02e-01     9.12e-05   363.277s
 384000 +1.46537808e+08 +1.46538591e+08  7.82e+02   4.98e-01     9.55e-05   363.998s
 385000 +1.46537816e+08 +1.46538591e+08  7.75e+02   4.94e-01     1.00e-04   364.718s
 386000 +1.46537823e+08 +1.46538591e+08  7.67e+02   4.91e-01     1.04e-04   365.439s
 387000 +1.46537832e+08 +1.46538591e+08  7.59e+02   4.94e-01     1.06e-04   366.160s
 388000 +1.46537840e+08 +1.46538591e+08  7.51e+02   4.90e-01     1.10e-04   366.880s
 389000 +1.46537849e+08 +1.46538591e+08  7.42e+02   4.83e-01     1.14e-04   367.600s
 390000 +1.46537858e+08 +1.46538591e+08  7.33e+02   4.85e-01     1.17e-04   368.321s
 391000 +1.46537867e+08 +1.46538591e+08  7.23e+02   4.73e-01     1.20e-04   369.042s
 392000 +1.46537876e+08 +1.46538591e+08  7.14e+02   4.67e-01     1.23e-04   369.763s
 393000 +1.46537886e+08 +1.46538591e+08  7.05e+02   4.66e-01     1.26e-04   370.483s
 394000 +1.46537896e+08 +1.46538591e+08  6.94e+02   4.62e-01     1.29e-04   371.204s
 395000 +1.46537907e+08 +1.46538591e+08  6.83e+02   4.77e-01     1.31e-04   371.925s
 396000 +1.46537919e+08 +1.46538591e+08  6.72e+02   4.57e-01     1.32e-04   372.645s
 397000 +1.46537931e+08 +1.46538591e+08  6.60e+02   4.57e-01     1.34e-04   373.365s
 398000 +1.46537943e+08 +1.46538591e+08  6.47e+02   4.46e-01     1.37e-04   374.086s
 399000 +1.46537956e+08 +1.46538591e+08  6.35e+02   4.41e-01     1.41e-04   374.807s
 400000 +1.46537969e+08 +1.46538591e+08  6.22e+02   4.69e-01     1.40e-04   375.527s
 401000 +1.46537982e+08 +1.46538591e+08  6.08e+02   4.95e-01     1.41e-04   376.248s
 402000 +1.46537996e+08 +1.46538591e+08  5.95e+02   4.67e-01     1.45e-04   376.968s
 403000 +1.46538010e+08 +1.46538591e+08  5.81e+02   4.46e-01     1.46e-04   377.689s
 404000 +1.46538024e+08 +1.46538591e+08  5.66e+02   4.55e-01     1.46e-04   378.409s
 405000 +1.46538038e+08 +1.46538591e+08  5.53e+02   4.47e-01     1.47e-04   379.130s
 406000 +1.46538051e+08 +1.46538591e+08  5.40e+02   4.50e-01     1.48e-04   379.851s
 407000 +1.46538063e+08 +1.46538591e+08  5.27e+02   4.47e-01     1.50e-04   380.571s
 408000 +1.46538076e+08 +1.46538591e+08  5.15e+02   4.43e-01     1.51e-04   381.292s
 409000 +1.46538088e+08 +1.46538591e+08  5.03e+02   4.40e-01     1.52e-04   382.012s
 410000 +1.46538099e+08 +1.46538591e+08  4.91e+02   4.40e-01     1.54e-04   382.733s
 411000 +1.46538111e+08 +1.46538591e+08  4.80e+02   4.34e-01     1.55e-04   383.454s
 412000 +1.46538121e+08 +1.46538591e+08  4.69e+02   4.30e-01     1.56e-04   384.174s
 413000 +1.46538132e+08 +1.46538591e+08  4.59e+02   4.44e-01     1.55e-04   384.896s
 414000 +1.46538142e+08 +1.46538591e+08  4.48e+02   4.31e-01     1.55e-04   385.616s
 415000 +1.46538153e+08 +1.46538591e+08  4.38e+02   4.22e-01     1.54e-04   386.337s
 416000 +1.46538163e+08 +1.46538591e+08  4.27e+02   4.19e-01     1.54e-04   387.058s
 417000 +1.46538174e+08 +1.46538591e+08  4.17e+02   4.25e-01     1.37e-04   387.779s
 418000 +1.46538184e+08 +1.46538591e+08  4.07e+02   4.36e-01     1.35e-04   388.500s
 419000 +1.46538194e+08 +1.46538591e+08  3.96e+02   4.12e-01     1.35e-04   389.221s
 420000 +1.46538205e+08 +1.46538591e+08  3.86e+02   4.17e-01     1.34e-04   389.942s
 421000 +1.46538214e+08 +1.46538591e+08  3.76e+02   4.00e-01     1.34e-04   390.663s
 422000 +1.46538224e+08 +1.46538591e+08  3.67e+02   4.23e-01     1.31e-04   391.384s
 423000 +1.46538233e+08 +1.46538591e+08  3.57e+02   4.00e-01     1.30e-04   392.104s
 424000 +1.46538243e+08 +1.46538591e+08  3.48e+02   3.85e-01     1.30e-04   392.825s
 425000 +1.46538252e+08 +1.46538591e+08  3.38e+02   3.86e-01     1.29e-04   393.545s
 426000 +1.46538262e+08 +1.46538591e+08  3.29e+02   3.88e-01     1.27e-04   394.265s
 427000 +1.46538271e+08 +1.46538591e+08  3.20e+02   3.88e-01     1.25e-04   394.986s
 428000 +1.46538280e+08 +1.46538591e+08  3.10e+02   3.76e-01     1.23e-04   395.707s
 429000 +1.46538288e+08 +1.46538590e+08  3.02e+02   3.78e-01     1.16e-04   396.429s
 430000 +1.46538293e+08 +1.46538590e+08  2.97e+02   3.70e-01     1.02e-04   397.149s
 431000 +1.46538298e+08 +1.46538590e+08  2.93e+02   3.64e-01     9.98e-05   397.870s
 432000 +1.46538302e+08 +1.46538590e+08  2.88e+02   3.64e-01     1.01e-04   398.590s
 433000 +1.46538307e+08 +1.46538590e+08  2.84e+02   3.63e-01     1.02e-04   399.311s
 434000 +1.46538312e+08 +1.46538590e+08  2.79e+02   3.68e-01     1.04e-04   400.031s
 435000 +1.46538316e+08 +1.46538590e+08  2.74e+02   3.64e-01     1.05e-04   400.752s
 436000 +1.46538321e+08 +1.46538590e+08  2.70e+02   3.61e-01     1.06e-04   401.473s
 437000 +1.46538326e+08 +1.46538590e+08  2.65e+02   3.63e-01     1.07e-04   402.193s
 438000 +1.46538330e+08 +1.46538590e+08  2.60e+02   3.60e-01     1.09e-04   402.914s
 439000 +1.46538336e+08 +1.46538590e+08  2.55e+02   3.57e-01     1.11e-04   403.634s
 440000 +1.46538341e+08 +1.46538590e+08  2.50e+02   3.55e-01     1.12e-04   404.354s
 441000 +1.46538347e+08 +1.46538590e+08  2.44e+02   3.52e-01     1.14e-04   405.075s
 442000 +1.46538352e+08 +1.46538590e+08  2.38e+02   3.53e-01     1.15e-04   405.796s
 443000 +1.46538358e+08 +1.46538590e+08  2.32e+02   3.54e-01     1.16e-04   406.516s
 444000 +1.46538364e+08 +1.46538590e+08  2.26e+02   3.52e-01     1.17e-04   407.237s
 445000 +1.46538371e+08 +1.46538590e+08  2.20e+02   3.47e-01     1.17e-04   407.958s
 446000 +1.46538378e+08 +1.46538590e+08  2.13e+02   3.45e-01     1.18e-04   408.678s
 447000 +1.46538385e+08 +1.46538590e+08  2.05e+02   3.40e-01     1.19e-04   409.398s
 448000 +1.46538392e+08 +1.46538591e+08  1.98e+02   3.41e-01     1.19e-04   410.119s
 449000 +1.46538399e+08 +1.46538590e+08  1.91e+02   3.39e-01     1.20e-04   410.840s
 450000 +1.46538406e+08 +1.46538590e+08  1.84e+02   3.38e-01     1.17e-04   411.560s
 451000 +1.46538413e+08 +1.46538590e+08  1.77e+02   3.37e-01     1.12e-04   412.281s
 452000 +1.46538420e+08 +1.46538590e+08  1.70e+02   3.35e-01     1.11e-04   413.002s
 453000 +1.46538427e+08 +1.46538590e+08  1.63e+02   3.34e-01     1.10e-04   413.722s
 454000 +1.46538435e+08 +1.46538590e+08  1.56e+02   3.32e-01     1.09e-04   414.442s
 455000 +1.46538442e+08 +1.46538590e+08  1.48e+02   3.31e-01     1.08e-04   415.163s
 456000 +1.46538450e+08 +1.46538590e+08  1.41e+02   3.30e-01     1.08e-04   415.884s
 457000 +1.46538458e+08 +1.46538590e+08  1.33e+02   3.30e-01     1.08e-04   416.604s
 458000 +1.46538465e+08 +1.46538590e+08  1.25e+02   3.28e-01     1.09e-04   417.325s
 459000 +1.46538473e+08 +1.46538590e+08  1.18e+02   3.27e-01     1.09e-04   418.045s
 460000 +1.46538480e+08 +1.46538590e+08  1.10e+02   3.28e-01     1.08e-04   418.766s
 461000 +1.46538487e+08 +1.46538590e+08  1.03e+02   3.27e-01     1.08e-04   419.487s
 462000 +1.46538494e+08 +1.46538590e+08  9.65e+01   3.32e-01     1.08e-04   420.208s
 463000 +1.46538500e+08 +1.46538590e+08  9.02e+01   3.26e-01     1.05e-04   420.931s
 464000 +1.46538506e+08 +1.46538590e+08  8.47e+01   3.25e-01     1.06e-04   421.651s
 465000 +1.46538511e+08 +1.46538590e+08  7.92e+01   3.24e-01     1.07e-04   422.372s
 466000 +1.46538517e+08 +1.46538590e+08  7.36e+01   3.24e-01     1.08e-04   423.093s
 467000 +1.46538522e+08 +1.46538590e+08  6.80e+01   3.24e-01     1.09e-04   423.814s
 468000 +1.46538528e+08 +1.46538590e+08  6.23e+01   3.23e-01     1.10e-04   424.534s
 469000 +1.46538534e+08 +1.46538590e+08  5.69e+01   3.23e-01     1.05e-04   425.255s
 470000 +1.46538539e+08 +1.46538590e+08  5.17e+01   3.23e-01     1.05e-04   425.976s
 471000 +1.46538544e+08 +1.46538590e+08  4.64e+01   3.22e-01     1.05e-04   426.697s
 472000 +1.46538549e+08 +1.46538590e+08  4.14e+01   3.23e-01     1.03e-04   427.418s
 473000 +1.46538554e+08 +1.46538590e+08  3.64e+01   3.22e-01     1.01e-04   428.139s
 474000 +1.46538559e+08 +1.46538590e+08  3.15e+01   3.22e-01     9.85e-05   428.859s
 475000 +1.46538564e+08 +1.46538590e+08  2.66e+01   3.22e-01     9.74e-05   429.580s
 476000 +1.46538569e+08 +1.46538590e+08  2.18e+01   3.22e-01     9.67e-05   430.301s
 477000 +1.46538574e+08 +1.46538590e+08  1.70e+01   3.22e-01     9.53e-05   431.022s
 478000 +1.46538578e+08 +1.46538590e+08  1.21e+01   3.22e-01     9.44e-05   431.742s
 479000 +1.46538583e+08 +1.46538590e+08  7.79e+00   3.22e-01     9.37e-05   432.463s
 480000 +1.46538587e+08 +1.46538590e+08  3.62e+00   3.22e-01     9.29e-05   433.183s
 481000 +1.46538591e+08 +1.46538590e+08  4.85e-01   3.22e-01     9.23e-05   433.904s
 482000 +1.46538595e+08 +1.46538590e+08  4.50e+00   3.22e-01     9.18e-05   434.624s
 483000 +1.46538599e+08 +1.46538590e+08  8.46e+00   3.22e-01     9.12e-05   435.345s
 484000 +1.46538603e+08 +1.46538590e+08  1.24e+01   3.22e-01     9.07e-05   436.066s
 485000 +1.46538607e+08 +1.46538590e+08  1.61e+01   3.23e-01     8.99e-05   436.786s
 486000 +1.46538610e+08 +1.46538590e+08  1.97e+01   3.22e-01     8.94e-05   437.507s
 487000 +1.46538614e+08 +1.46538590e+08  2.33e+01   3.22e-01     8.89e-05   438.228s
 488000 +1.46538617e+08 +1.46538590e+08  2.67e+01   3.23e-01     8.81e-05   438.948s
 489000 +1.46538620e+08 +1.46538590e+08  2.99e+01   3.23e-01     8.75e-05   439.668s
 490000 +1.46538623e+08 +1.46538590e+08  3.30e+01   3.22e-01     8.70e-05   440.389s
 491000 +1.46538627e+08 +1.46538590e+08  3.61e+01   3.22e-01     8.66e-05   441.110s
 492000 +1.46538629e+08 +1.46538590e+08  3.90e+01   3.22e-01     8.60e-05   441.831s
 493000 +1.46538632e+08 +1.46538590e+08  4.19e+01   3.22e-01     8.56e-05   442.551s
 494000 +1.46538635e+08 +1.46538590e+08  4.47e+01   3.21e-01     8.50e-05   443.272s
 495000 +1.46538638e+08 +1.46538590e+08  4.74e+01   3.22e-01     8.46e-05   443.992s
 496000 +1.46538641e+08 +1.46538590e+08  5.01e+01   3.21e-01     8.35e-05   444.714s
 497000 +1.46538643e+08 +1.46538590e+08  5.25e+01   3.21e-01     8.30e-05   445.434s
 498000 +1.46538645e+08 +1.46538590e+08  5.48e+01   3.20e-01     8.25e-05   446.155s
 499000 +1.46538647e+08 +1.46538590e+08  5.70e+01   3.21e-01     8.19e-05   446.876s
 500000 +1.46538650e+08 +1.46538590e+08  5.92e+01   3.20e-01     8.13e-05   447.597s
 501000 +1.46538652e+08 +1.46538590e+08  6.12e+01   3.20e-01     8.08e-05   448.317s
 502000 +1.46538654e+08 +1.46538590e+08  6.32e+01   3.21e-01     7.93e-05   449.037s
 503000 +1.46538655e+08 +1.46538590e+08  6.49e+01   3.21e-01     7.87e-05   449.758s
 504000 +1.46538657e+08 +1.46538590e+08  6.65e+01   3.20e-01     7.81e-05   450.479s
 505000 +1.46538659e+08 +1.46538591e+08  6.86e+01   3.19e-01     7.63e-05   451.201s
 506000 +1.46538662e+08 +1.46538591e+08  7.10e+01   3.19e-01     7.60e-05   451.922s
 507000 +1.46538664e+08 +1.46538591e+08  7.34e+01   3.19e-01     7.57e-05   452.642s
 508000 +1.46538666e+08 +1.46538591e+08  7.57e+01   3.19e-01     7.53e-05   453.363s
 509000 +1.46538668e+08 +1.46538591e+08  7.80e+01   3.19e-01     7.49e-05   454.083s
 510000 +1.46538671e+08 +1.46538591e+08  8.01e+01   3.19e-01     7.44e-05   454.804s
 511000 +1.46538673e+08 +1.46538591e+08  8.23e+01   3.19e-01     7.40e-05   455.524s
 512000 +1.46538675e+08 +1.46538591e+08  8.43e+01   3.19e-01     7.35e-05   456.245s
 513000 +1.46538677e+08 +1.46538591e+08  8.63e+01   3.19e-01     7.30e-05   456.965s
 514000 +1.46538679e+08 +1.46538591e+08  8.83e+01   3.19e-01     7.26e-05   457.686s
 515000 +1.46538681e+08 +1.46538591e+08  9.01e+01   3.19e-01     7.19e-05   458.406s
 516000 +1.46538682e+08 +1.46538591e+08  9.18e+01   3.19e-01     7.14e-05   459.127s
 517000 +1.46538684e+08 +1.46538591e+08  9.36e+01   3.21e-01     7.04e-05   459.847s
 518000 +1.46538686e+08 +1.46538591e+08  9.51e+01   3.21e-01     6.89e-05   460.567s
 519000 +1.46538687e+08 +1.46538591e+08  9.68e+01   3.20e-01     6.84e-05   461.288s
 520000 +1.46538689e+08 +1.46538591e+08  9.85e+01   3.20e-01     6.72e-05   462.009s
 521000 +1.46538691e+08 +1.46538591e+08  1.00e+02   3.20e-01     6.61e-05   462.729s
 522000 +1.46538692e+08 +1.46538591e+08  1.02e+02   3.19e-01     6.55e-05   463.450s
 523000 +1.46538694e+08 +1.46538591e+08  1.03e+02   3.20e-01     6.49e-05   464.170s
 524000 +1.46538695e+08 +1.46538591e+08  1.04e+02   3.20e-01     6.34e-05   464.891s
 525000 +1.46538696e+08 +1.46538591e+08  1.06e+02   3.20e-01     6.26e-05   465.611s
 526000 +1.46538698e+08 +1.46538591e+08  1.07e+02   3.20e-01     6.19e-05   466.332s
 527000 +1.46538699e+08 +1.46538591e+08  1.08e+02   3.20e-01     6.15e-05   467.053s
 528000 +1.46538700e+08 +1.46538591e+08  1.09e+02   3.20e-01     6.07e-05   467.774s
 529000 +1.46538701e+08 +1.46538591e+08  1.10e+02   3.20e-01     6.02e-05   468.494s
 530000 +1.46538702e+08 +1.46538591e+08  1.11e+02   3.19e-01     5.96e-05   469.215s
 531000 +1.46538703e+08 +1.46538591e+08  1.12e+02   3.19e-01     5.91e-05   469.935s
 532000 +1.46538703e+08 +1.46538591e+08  1.13e+02   3.19e-01     5.74e-05   470.655s
 533000 +1.46538704e+08 +1.46538591e+08  1.13e+02   3.19e-01     5.70e-05   471.376s
 534000 +1.46538704e+08 +1.46538591e+08  1.13e+02   3.19e-01     5.66e-05   472.097s
 535000 +1.46538704e+08 +1.46538591e+08  1.14e+02   3.19e-01     5.64e-05   472.818s
 536000 +1.46538704e+08 +1.46538591e+08  1.14e+02   3.19e-01     5.60e-05   473.538s
 537000 +1.46538704e+08 +1.46538591e+08  1.14e+02   3.19e-01     5.53e-05   474.259s
 538000 +1.46538704e+08 +1.46538591e+08  1.14e+02   3.19e-01     5.49e-05   474.979s
 539000 +1.46538704e+08 +1.46538591e+08  1.14e+02   3.19e-01     5.45e-05   475.700s
 540000 +1.46538704e+08 +1.46538591e+08  1.14e+02   3.19e-01     5.40e-05   476.420s
 541000 +1.46538704e+08 +1.46538591e+08  1.14e+02   3.19e-01     5.29e-05   477.140s
 542000 +1.46538704e+08 +1.46538591e+08  1.14e+02   3.19e-01     5.24e-05   477.861s
 543000 +1.46538704e+08 +1.46538591e+08  1.13e+02   3.19e-01     5.19e-05   478.582s
 544000 +1.46538704e+08 +1.46538591e+08  1.13e+02   3.19e-01     5.15e-05   479.303s
 545000 +1.46538703e+08 +1.46538591e+08  1.13e+02   3.19e-01     5.11e-05   480.024s
 546000 +1.46538703e+08 +1.46538591e+08  1.12e+02   3.19e-01     5.07e-05   480.747s
 547000 +1.46538702e+08 +1.46538591e+08  1.12e+02   3.19e-01     5.03e-05   481.471s
 548000 +1.46538702e+08 +1.46538591e+08  1.11e+02   3.19e-01     4.97e-05   482.195s
 549000 +1.46538701e+08 +1.46538591e+08  1.11e+02   3.19e-01     4.93e-05   482.920s
 550000 +1.46538701e+08 +1.46538591e+08  1.10e+02   3.19e-01     4.82e-05   483.643s
 551000 +1.46538700e+08 +1.46538591e+08  1.09e+02   3.19e-01     4.79e-05   484.367s
 552000 +1.46538699e+08 +1.46538591e+08  1.09e+02   3.19e-01     4.76e-05   485.092s
 553000 +1.46538698e+08 +1.46538591e+08  1.08e+02   3.19e-01     4.75e-05   485.816s
 554000 +1.46538697e+08 +1.46538591e+08  1.07e+02   3.19e-01     4.73e-05   486.539s
 555000 +1.46538696e+08 +1.46538591e+08  1.06e+02   3.19e-01     4.71e-05   487.263s
 556000 +1.46538695e+08 +1.46538591e+08  1.04e+02   3.19e-01     4.69e-05   487.987s
 557000 +1.46538694e+08 +1.46538591e+08  1.03e+02   3.19e-01     4.63e-05   488.710s
 558000 +1.46538692e+08 +1.46538591e+08  1.02e+02   3.18e-01     4.63e-05   489.434s
 559000 +1.46538691e+08 +1.46538591e+08  1.00e+02   3.19e-01     4.60e-05   490.159s
 560000 +1.46538690e+08 +1.46538591e+08  9.90e+01   3.18e-01     4.45e-05   490.883s
 561000 +1.46538688e+08 +1.46538591e+08  9.75e+01   3.18e-01     4.45e-05   491.606s
 562000 +1.46538687e+08 +1.46538591e+08  9.60e+01   3.18e-01     4.46e-05   492.330s
 563000 +1.46538685e+08 +1.46538591e+08  9.44e+01   3.18e-01     4.44e-05   493.053s
 564000 +1.46538683e+08 +1.46538591e+08  9.27e+01   3.19e-01     4.41e-05   493.774s
 565000 +1.46538682e+08 +1.46538591e+08  9.11e+01   3.18e-01     4.41e-05   494.494s
 566000 +1.46538680e+08 +1.46538591e+08  8.94e+01   3.17e-01     4.41e-05   495.215s
 567000 +1.46538678e+08 +1.46538591e+08  8.77e+01   3.18e-01     4.33e-05   495.936s
 568000 +1.46538677e+08 +1.46538591e+08  8.60e+01   3.17e-01     4.31e-05   496.657s
 569000 +1.46538675e+08 +1.46538591e+08  8.45e+01   3.17e-01     4.29e-05   497.378s
 570000 +1.46538673e+08 +1.46538591e+08  8.29e+01   3.17e-01     4.27e-05   498.099s
 571000 +1.46538672e+08 +1.46538591e+08  8.14e+01   3.17e-01     4.26e-05   498.819s
 572000 +1.46538670e+08 +1.46538591e+08  7.99e+01   3.17e-01     4.26e-05   499.541s
 573000 +1.46538669e+08 +1.46538591e+08  7.85e+01   3.17e-01     4.23e-05   500.262s
 574000 +1.46538668e+08 +1.46538591e+08  7.71e+01   3.17e-01     4.18e-05   500.982s
 575000 +1.46538666e+08 +1.46538591e+08  7.57e+01   3.16e-01     4.19e-05   501.703s
 576000 +1.46538665e+08 +1.46538591e+08  7.44e+01   3.16e-01     4.18e-05   502.423s
 577000 +1.46538664e+08 +1.46538591e+08  7.32e+01   3.16e-01     4.17e-05   503.144s
 578000 +1.46538663e+08 +1.46538591e+08  7.20e+01   3.16e-01     4.17e-05   503.865s
 579000 +1.46538661e+08 +1.46538591e+08  7.08e+01   3.16e-01     4.18e-05   504.585s
 580000 +1.46538660e+08 +1.46538591e+08  6.97e+01   3.17e-01     4.05e-05   505.305s
 581000 +1.46538659e+08 +1.46538591e+08  6.85e+01   3.16e-01     4.03e-05   506.026s
 582000 +1.46538658e+08 +1.46538591e+08  6.74e+01   3.16e-01     4.03e-05   506.747s
 583000 +1.46538657e+08 +1.46538591e+08  6.65e+01   3.18e-01     3.92e-05   507.471s
 584000 +1.46538657e+08 +1.46538590e+08  6.62e+01   3.15e-01     4.74e-05   508.197s
 585000 +1.46538656e+08 +1.46538590e+08  6.59e+01   3.14e-01     4.74e-05   508.921s
 586000 +1.46538656e+08 +1.46538590e+08  6.56e+01   3.14e-01     4.75e-05   509.643s
 587000 +1.46538656e+08 +1.46538590e+08  6.53e+01   3.14e-01     4.77e-05   510.365s
 588000 +1.46538655e+08 +1.46538590e+08  6.50e+01   3.14e-01     4.78e-05   511.085s
 589000 +1.46538655e+08 +1.46538590e+08  6.49e+01   3.14e-01     4.72e-05   511.806s
 590000 +1.46538655e+08 +1.46538590e+08  6.47e+01   3.14e-01     4.69e-05   512.527s
 591000 +1.46538655e+08 +1.46538590e+08  6.45e+01   3.14e-01     4.67e-05   513.248s
 592000 +1.46538655e+08 +1.46538590e+08  6.44e+01   3.14e-01     4.67e-05   513.969s
 593000 +1.46538655e+08 +1.46538590e+08  6.41e+01   3.14e-01     4.70e-05   514.690s
 594000 +1.46538654e+08 +1.46538590e+08  6.39e+01   3.14e-01     4.72e-05   515.411s
 595000 +1.46538654e+08 +1.46538590e+08  6.37e+01   3.14e-01     4.47e-05   516.132s
 596000 +1.46538654e+08 +1.46538590e+08  6.34e+01   3.14e-01     4.53e-05   516.853s
 597000 +1.46538653e+08 +1.46538590e+08  6.31e+01   3.14e-01     4.59e-05   517.574s
 598000 +1.46538653e+08 +1.46538590e+08  6.28e+01   3.14e-01     4.57e-05   518.295s
 599000 +1.46538653e+08 +1.46538590e+08  6.25e+01   3.14e-01     4.64e-05   519.015s
 600000 +1.46538653e+08 +1.46538590e+08  6.21e+01   3.14e-01     4.72e-05   519.736s
 601000 +1.46538652e+08 +1.46538590e+08  6.18e+01   3.13e-01     4.81e-05   520.457s
 602000 +1.46538652e+08 +1.46538590e+08  6.14e+01   3.13e-01     4.87e-05   521.177s
 603000 +1.46538651e+08 +1.46538590e+08  6.10e+01   3.13e-01     4.94e-05   521.898s
 604000 +1.46538651e+08 +1.46538590e+08  6.05e+01   3.13e-01     5.02e-05   522.619s
 605000 +1.46538650e+08 +1.46538590e+08  6.01e+01   3.13e-01     5.09e-05   523.339s
 606000 +1.46538650e+08 +1.46538590e+08  5.96e+01   3.13e-01     5.15e-05   524.059s
 607000 +1.46538649e+08 +1.46538590e+08  5.91e+01   3.13e-01     5.21e-05   524.780s
 608000 +1.46538649e+08 +1.46538590e+08  5.86e+01   3.13e-01     5.26e-05   525.501s
 609000 +1.46538648e+08 +1.46538590e+08  5.80e+01   3.13e-01     5.30e-05   526.222s
 610000 +1.46538648e+08 +1.46538590e+08  5.75e+01   3.13e-01     5.34e-05   526.943s
 611000 +1.46538647e+08 +1.46538590e+08  5.69e+01   3.12e-01     5.37e-05   527.664s
 612000 +1.46538647e+08 +1.46538590e+08  5.63e+01   3.12e-01     5.40e-05   528.385s
 613000 +1.46538646e+08 +1.46538590e+08  5.57e+01   3.12e-01     5.43e-05   529.105s
 614000 +1.46538645e+08 +1.46538590e+08  5.50e+01   3.12e-01     5.42e-05   529.826s
 615000 +1.46538645e+08 +1.46538590e+08  5.44e+01   3.12e-01     5.45e-05   530.547s
 616000 +1.46538644e+08 +1.46538590e+08  5.38e+01   3.12e-01     5.48e-05   531.268s
 617000 +1.46538644e+08 +1.46538590e+08  5.31e+01   3.12e-01     5.50e-05   531.989s
 618000 +1.46538643e+08 +1.46538590e+08  5.24e+01   3.12e-01     5.53e-05   532.710s
 619000 +1.46538642e+08 +1.46538590e+08  5.17e+01   3.12e-01     5.56e-05   533.430s
 620000 +1.46538641e+08 +1.46538590e+08  5.10e+01   3.12e-01     5.59e-05   534.151s
 621000 +1.46538641e+08 +1.46538590e+08  5.03e+01   3.12e-01     5.61e-05   534.871s
 622000 +1.46538640e+08 +1.46538590e+08  4.97e+01   3.12e-01     5.60e-05   535.593s
 623000 +1.46538640e+08 +1.46538590e+08  4.93e+01   3.10e-01     5.60e-05   536.313s
 624000 +1.46538639e+08 +1.46538590e+08  4.84e+01   3.11e-01     5.62e-05   537.034s
 625000 +1.46538638e+08 +1.46538590e+08  4.80e+01   3.10e-01     5.66e-05   537.755s
 626000 +1.46538638e+08 +1.46538590e+08  4.72e+01   3.10e-01     5.40e-05   538.476s
 627000 +1.46538637e+08 +1.46538590e+08  4.66e+01   3.10e-01     5.38e-05   539.196s
 628000 +1.46538636e+08 +1.46538590e+08  4.59e+01   3.09e-01     5.36e-05   539.916s
 629000 +1.46538636e+08 +1.46538590e+08  4.51e+01   3.10e-01     5.34e-05   540.638s
 630000 +1.46538635e+08 +1.46538590e+08  4.46e+01   3.09e-01     5.15e-05   541.358s
 631000 +1.46538634e+08 +1.46538590e+08  4.37e+01   3.10e-01     5.11e-05   542.080s
 632000 +1.46538634e+08 +1.46538590e+08  4.33e+01   3.08e-01     5.01e-05   542.801s
 633000 +1.46538633e+08 +1.46538590e+08  4.24e+01   3.09e-01     5.00e-05   543.521s
 634000 +1.46538632e+08 +1.46538590e+08  4.17e+01   3.09e-01     5.00e-05   544.242s
 635000 +1.46538631e+08 +1.46538590e+08  4.10e+01   3.08e-01     5.01e-05   544.963s
 636000 +1.46538631e+08 +1.46538590e+08  4.02e+01   3.08e-01     5.01e-05   545.684s
 637000 +1.46538630e+08 +1.46538590e+08  3.95e+01   3.08e-01     5.00e-05   546.404s
 638000 +1.46538629e+08 +1.46538590e+08  3.86e+01   3.08e-01     4.98e-05   547.125s
 639000 +1.46538628e+08 +1.46538590e+08  3.78e+01   3.08e-01     4.97e-05   547.845s
 640000 +1.46538627e+08 +1.46538590e+08  3.69e+01   3.08e-01     4.96e-05   548.566s
 641000 +1.46538627e+08 +1.46538590e+08  3.62e+01   3.08e-01     4.97e-05   549.286s
 642000 +1.46538626e+08 +1.46538590e+08  3.52e+01   3.08e-01     4.97e-05   550.007s
 643000 +1.46538625e+08 +1.46538590e+08  3.45e+01   3.07e-01     4.97e-05   550.728s
 644000 +1.46538624e+08 +1.46538590e+08  3.36e+01   3.08e-01     4.96e-05   551.449s
 645000 +1.46538623e+08 +1.46538590e+08  3.28e+01   3.07e-01     4.95e-05   552.169s
 646000 +1.46538622e+08 +1.46538590e+08  3.19e+01   3.07e-01     4.95e-05   552.890s
 647000 +1.46538621e+08 +1.46538590e+08  3.10e+01   3.07e-01     4.94e-05   553.610s
 648000 +1.46538621e+08 +1.46538590e+08  3.03e+01   3.06e-01     4.93e-05   554.331s
 649000 +1.46538620e+08 +1.46538590e+08  2.93e+01   3.07e-01     4.92e-05   555.052s
 650000 +1.46538619e+08 +1.46538590e+08  2.87e+01   3.06e-01     4.93e-05   555.773s
 651000 +1.46538618e+08 +1.46538590e+08  2.77e+01   3.07e-01     4.93e-05   556.493s
 652000 +1.46538617e+08 +1.46538590e+08  2.70e+01   3.06e-01     4.94e-05   557.215s
 653000 +1.46538617e+08 +1.46538590e+08  2.63e+01   3.06e-01     4.94e-05   557.936s
 654000 +1.46538616e+08 +1.46538590e+08  2.54e+01   3.06e-01     4.94e-05   558.656s
 655000 +1.46538615e+08 +1.46538590e+08  2.49e+01   3.06e-01     4.87e-05   559.378s
 656000 +1.46538614e+08 +1.46538590e+08  2.40e+01   3.07e-01     4.85e-05   560.099s
 657000 +1.46538614e+08 +1.46538590e+08  2.34e+01   3.06e-01     4.83e-05   560.820s
 658000 +1.46538613e+08 +1.46538590e+08  2.26e+01   3.06e-01     4.83e-05   561.540s
 659000 +1.46538612e+08 +1.46538590e+08  2.20e+01   3.06e-01     4.82e-05   562.261s
 660000 +1.46538612e+08 +1.46538590e+08  2.14e+01   3.06e-01     4.78e-05   562.981s
 661000 +1.46538611e+08 +1.46538590e+08  2.07e+01   3.06e-01     4.77e-05   563.702s
 662000 +1.46538611e+08 +1.46538590e+08  2.01e+01   3.06e-01     4.75e-05   564.423s
 663000 +1.46538610e+08 +1.46538590e+08  1.94e+01   3.06e-01     4.76e-05   565.143s
 664000 +1.46538609e+08 +1.46538590e+08  1.88e+01   3.06e-01     4.73e-05   565.865s
 665000 +1.46538609e+08 +1.46538590e+08  1.81e+01   3.06e-01     4.72e-05   566.586s
 666000 +1.46538608e+08 +1.46538590e+08  1.75e+01   3.06e-01     4.72e-05   567.306s
 667000 +1.46538607e+08 +1.46538590e+08  1.69e+01   3.05e-01     4.74e-05   568.027s
 668000 +1.46538607e+08 +1.46538590e+08  1.63e+01   3.05e-01     4.73e-05   568.748s
 669000 +1.46538606e+08 +1.46538590e+08  1.56e+01   3.05e-01     4.72e-05   569.469s
 670000 +1.46538605e+08 +1.46538590e+08  1.50e+01   3.05e-01     4.71e-05   570.190s
 671000 +1.46538605e+08 +1.46538590e+08  1.44e+01   3.05e-01     4.72e-05   570.910s
 672000 +1.46538604e+08 +1.46538590e+08  1.38e+01   3.05e-01     4.72e-05   571.631s
 673000 +1.46538604e+08 +1.46538590e+08  1.32e+01   3.05e-01     4.71e-05   572.353s
 674000 +1.46538603e+08 +1.46538590e+08  1.25e+01   3.05e-01     4.71e-05   573.073s
 675000 +1.46538602e+08 +1.46538590e+08  1.20e+01   3.05e-01     4.71e-05   573.794s
 676000 +1.46538602e+08 +1.46538590e+08  1.14e+01   3.05e-01     4.72e-05   574.515s
 677000 +1.46538601e+08 +1.46538590e+08  1.08e+01   3.05e-01     4.69e-05   575.235s
 678000 +1.46538601e+08 +1.46538590e+08  1.02e+01   3.05e-01     4.68e-05   575.957s
 679000 +1.46538600e+08 +1.46538590e+08  9.67e+00   3.05e-01     4.66e-05   576.677s
 680000 +1.46538600e+08 +1.46538590e+08  9.26e+00   3.04e-01     4.63e-05   577.398s
 681000 +1.46538599e+08 +1.46538590e+08  8.51e+00   3.05e-01     4.61e-05   578.119s
 682000 +1.46538599e+08 +1.46538590e+08  8.19e+00   3.04e-01     4.57e-05   578.840s
 683000 +1.46538598e+08 +1.46538590e+08  7.55e+00   3.05e-01     4.52e-05   579.560s
 684000 +1.46538598e+08 +1.46538590e+08  7.12e+00   3.04e-01     4.51e-05   580.281s
 685000 +1.46538597e+08 +1.46538590e+08  6.71e+00   3.04e-01     4.49e-05   581.002s
 686000 +1.46538597e+08 +1.46538590e+08  6.23e+00   3.04e-01     4.46e-05   581.723s
 687000 +1.46538596e+08 +1.46538590e+08  5.99e+00   3.04e-01     4.45e-05   582.444s
 688000 +1.46538596e+08 +1.46538590e+08  5.55e+00   3.04e-01     4.44e-05   583.165s
 689000 +1.46538596e+08 +1.46538590e+08  5.29e+00   3.04e-01     4.42e-05   583.886s
 690000 +1.46538595e+08 +1.46538590e+08  5.00e+00   3.04e-01     4.40e-05   584.606s
 691000 +1.46538595e+08 +1.46538590e+08  4.77e+00   3.04e-01     4.38e-05   585.327s
 692000 +1.46538595e+08 +1.46538590e+08  4.56e+00   3.04e-01     4.37e-05   586.048s
 693000 +1.46538595e+08 +1.46538590e+08  4.39e+00   3.04e-01     4.36e-05   586.768s
 694000 +1.46538595e+08 +1.46538590e+08  4.21e+00   3.04e-01     4.34e-05   587.489s
 695000 +1.46538595e+08 +1.46538590e+08  4.12e+00   3.04e-01     4.32e-05   588.210s
 696000 +1.46538594e+08 +1.46538590e+08  4.02e+00   3.04e-01     4.29e-05   588.930s
 697000 +1.46538594e+08 +1.46538590e+08  3.90e+00   3.04e-01     4.26e-05   589.651s
 698000 +1.46538594e+08 +1.46538590e+08  3.91e+00   3.03e-01     4.25e-05   590.372s
 699000 +1.46538594e+08 +1.46538590e+08  3.77e+00   3.04e-01     4.23e-05   591.093s
 700000 +1.46538594e+08 +1.46538590e+08  3.84e+00   3.03e-01     4.23e-05   591.813s
 701000 +1.46538594e+08 +1.46538590e+08  3.75e+00   3.04e-01     4.21e-05   592.534s
 702000 +1.46538594e+08 +1.46538590e+08  3.76e+00   3.03e-01     4.22e-05   593.255s
 703000 +1.46538594e+08 +1.46538590e+08  3.79e+00   3.03e-01     4.20e-05   593.975s
 704000 +1.46538594e+08 +1.46538590e+08  3.70e+00   3.04e-01     4.17e-05   594.696s
 705000 +1.46538594e+08 +1.46538590e+08  3.80e+00   3.03e-01     4.16e-05   595.416s
 706000 +1.46538594e+08 +1.46538590e+08  3.69e+00   3.03e-01     4.15e-05   596.137s
 707000 +1.46538594e+08 +1.46538590e+08  3.73e+00   3.03e-01     4.15e-05   596.858s
 708000 +1.46538594e+08 +1.46538590e+08  3.68e+00   3.03e-01     4.12e-05   597.579s
 709000 +1.46538594e+08 +1.46538590e+08  3.66e+00   3.03e-01     4.11e-05   598.300s
 710000 +1.46538594e+08 +1.46538590e+08  3.65e+00   3.03e-01     4.10e-05   599.021s
 711000 +1.46538594e+08 +1.46538590e+08  3.52e+00   3.03e-01     4.10e-05   599.742s
 712000 +1.46538594e+08 +1.46538590e+08  3.44e+00   3.03e-01     4.08e-05   600.463s
 713000 +1.46538594e+08 +1.46538590e+08  3.32e+00   3.03e-01     4.05e-05   601.184s
 714000 +1.46538594e+08 +1.46538590e+08  3.27e+00   3.03e-01     4.04e-05   601.904s
 715000 +1.46538594e+08 +1.46538590e+08  3.12e+00   3.03e-01     4.04e-05   602.625s
 716000 +1.46538594e+08 +1.46538590e+08  3.11e+00   3.03e-01     4.03e-05   603.346s
 717000 +1.46538593e+08 +1.46538590e+08  2.95e+00   3.03e-01     4.01e-05   604.067s
 718000 +1.46538593e+08 +1.46538590e+08  2.95e+00   3.03e-01     4.01e-05   604.787s
 719000 +1.46538593e+08 +1.46538590e+08  2.88e+00   3.03e-01     4.01e-05   605.507s
 720000 +1.46538593e+08 +1.46538590e+08  2.80e+00   3.03e-01     4.01e-05   606.228s
 721000 +1.46538593e+08 +1.46538590e+08  2.85e+00   3.02e-01     4.00e-05   606.949s
 722000 +1.46538593e+08 +1.46538590e+08  2.73e+00   3.03e-01     4.00e-05   607.670s
 723000 +1.46538593e+08 +1.46538590e+08  2.83e+00   3.02e-01     4.00e-05   608.391s
 724000 +1.46538593e+08 +1.46538590e+08  2.74e+00   3.02e-01     4.00e-05   609.112s
 725000 +1.46538593e+08 +1.46538590e+08  2.84e+00   3.02e-01     4.01e-05   609.832s
 726000 +1.46538593e+08 +1.46538590e+08  2.81e+00   3.02e-01     4.00e-05   610.553s
 727000 +1.46538593e+08 +1.46538590e+08  2.85e+00   3.02e-01     3.99e-05   611.273s
 728000 +1.46538593e+08 +1.46538590e+08  2.88e+00   3.02e-01     3.99e-05   611.994s
 729000 +1.46538593e+08 +1.46538590e+08  2.95e+00   3.02e-01     3.99e-05   612.715s
 730000 +1.46538593e+08 +1.46538590e+08  2.97e+00   3.02e-01     3.98e-05   613.436s
 731000 +1.46538594e+08 +1.46538590e+08  3.11e+00   3.01e-01     3.97e-05   614.156s
 732000 +1.46538594e+08 +1.46538590e+08  3.11e+00   3.02e-01     3.97e-05   614.877s
 733000 +1.46538594e+08 +1.46538590e+08  3.26e+00   3.01e-01     3.97e-05   615.597s
 734000 +1.46538594e+08 +1.46538590e+08  3.32e+00   3.02e-01     3.98e-05   616.318s
 735000 +1.46538594e+08 +1.46538590e+08  3.45e+00   3.01e-01     3.97e-05   617.039s
 736000 +1.46538594e+08 +1.46538590e+08  3.54e+00   3.02e-01     3.97e-05   617.759s
 737000 +1.46538594e+08 +1.46538590e+08  3.70e+00   3.01e-01     3.98e-05   618.480s
 738000 +1.46538594e+08 +1.46538590e+08  3.76e+00   3.01e-01     3.98e-05   619.201s
 739000 +1.46538594e+08 +1.46538590e+08  4.00e+00   3.01e-01     3.99e-05   619.921s
 740000 +1.46538594e+08 +1.46538590e+08  4.00e+00   3.01e-01     3.99e-05   620.642s
 741000 +1.46538595e+08 +1.46538590e+08  4.26e+00   3.01e-01     3.99e-05   621.363s
 742000 +1.46538595e+08 +1.46538590e+08  4.32e+00   3.01e-01     4.00e-05   622.084s
 743000 +1.46538595e+08 +1.46538590e+08  4.49e+00   3.01e-01     4.01e-05   622.804s
 744000 +1.46538595e+08 +1.46538590e+08  4.68e+00   3.01e-01     4.01e-05   623.526s
 745000 +1.46538595e+08 +1.46538590e+08  4.74e+00   3.01e-01     4.00e-05   624.246s
 746000 +1.46538595e+08 +1.46538590e+08  5.03e+00   3.01e-01     4.00e-05   624.966s
 747000 +1.46538596e+08 +1.46538590e+08  5.06e+00   3.01e-01     4.00e-05   625.687s
 748000 +1.46538596e+08 +1.46538590e+08  5.32e+00   3.01e-01     4.00e-05   626.409s
 749000 +1.46538596e+08 +1.46538590e+08  5.40e+00   3.01e-01     3.99e-05   627.130s
 750000 +1.46538596e+08 +1.46538590e+08  5.60e+00   3.01e-01     3.98e-05   627.850s
 751000 +1.46538596e+08 +1.46538590e+08  5.76e+00   3.01e-01     3.99e-05   628.571s
 752000 +1.46538596e+08 +1.46538590e+08  5.93e+00   3.01e-01     3.98e-05   629.292s
 753000 +1.46538597e+08 +1.46538590e+08  6.06e+00   3.01e-01     3.97e-05   630.013s
 754000 +1.46538597e+08 +1.46538590e+08  6.27e+00   3.01e-01     3.97e-05   630.733s
 755000 +1.46538597e+08 +1.46538590e+08  6.37e+00   3.01e-01     3.96e-05   631.454s
 756000 +1.46538597e+08 +1.46538590e+08  6.58e+00   3.01e-01     3.96e-05   632.175s
 757000 +1.46538597e+08 +1.46538590e+08  6.69e+00   3.01e-01     3.95e-05   632.896s
 758000 +1.46538597e+08 +1.46538590e+08  6.85e+00   3.01e-01     3.95e-05   633.616s
 759000 +1.46538597e+08 +1.46538590e+08  7.01e+00   3.01e-01     3.94e-05   634.337s
 760000 +1.46538598e+08 +1.46538590e+08  7.14e+00   3.01e-01     3.94e-05   635.058s
 761000 +1.46538598e+08 +1.46538590e+08  7.27e+00   2.99e-01     3.97e-05   635.779s
 762000 +1.46538598e+08 +1.46538590e+08  7.63e+00   2.96e-01     3.98e-05   636.500s
 763000 +1.46538598e+08 +1.46538590e+08  7.53e+00   2.97e-01     3.97e-05   637.221s
 764000 +1.46538598e+08 +1.46538590e+08  7.88e+00   2.95e-01     3.95e-05   637.942s
 765000 +1.46538598e+08 +1.46538590e+08  7.82e+00   2.97e-01     3.97e-05   638.662s
 766000 +1.46538599e+08 +1.46538590e+08  8.11e+00   2.96e-01     3.95e-05   639.383s
 767000 +1.46538599e+08 +1.46538590e+08  8.13e+00   2.96e-01     3.95e-05   640.103s
 768000 +1.46538599e+08 +1.46538590e+08  8.27e+00   2.94e-01     3.94e-05   640.824s
 769000 +1.46538599e+08 +1.46538590e+08  8.44e+00   2.94e-01     3.94e-05   641.544s
 770000 +1.46538599e+08 +1.46538590e+08  8.50e+00   2.95e-01     3.94e-05   642.265s
 771000 +1.46538599e+08 +1.46538590e+08  8.70e+00   2.95e-01     3.93e-05   642.986s
 772000 +1.46538599e+08 +1.46538590e+08  8.76e+00   2.95e-01     3.93e-05   643.707s
 773000 +1.46538599e+08 +1.46538590e+08  8.94e+00   2.95e-01     3.93e-05   644.427s
 774000 +1.46538599e+08 +1.46538590e+08  9.03e+00   2.95e-01     3.93e-05   645.148s
 775000 +1.46538600e+08 +1.46538590e+08  9.20e+00   2.94e-01     3.93e-05   645.868s
 776000 +1.46538600e+08 +1.46538590e+08  9.27e+00   2.95e-01     3.93e-05   646.589s
 777000 +1.46538600e+08 +1.46538590e+08  9.47e+00   2.94e-01     3.93e-05   647.310s
 778000 +1.46538600e+08 +1.46538590e+08  9.52e+00   2.95e-01     3.93e-05   648.031s
 779000 +1.46538600e+08 +1.46538590e+08  9.70e+00   2.94e-01     3.94e-05   648.751s
 780000 +1.46538600e+08 +1.46538590e+08  9.78e+00   2.94e-01     3.94e-05   649.472s
 781000 +1.46538600e+08 +1.46538590e+08  9.89e+00   2.94e-01     3.94e-05   650.193s
 782000 +1.46538600e+08 +1.46538590e+08  1.00e+01   2.94e-01     3.94e-05   650.914s
 783000 +1.46538601e+08 +1.46538590e+08  1.01e+01   2.94e-01     3.95e-05   651.635s
 784000 +1.46538601e+08 +1.46538590e+08  1.02e+01   2.94e-01     3.94e-05   652.356s
 785000 +1.46538601e+08 +1.46538590e+08  1.03e+01   2.94e-01     3.94e-05   653.077s
 786000 +1.46538601e+08 +1.46538590e+08  1.04e+01   2.94e-01     3.94e-05   653.798s
 787000 +1.46538601e+08 +1.46538590e+08  1.05e+01   2.94e-01     3.94e-05   654.519s
 788000 +1.46538601e+08 +1.46538590e+08  1.05e+01   2.94e-01     3.93e-05   655.239s
 789000 +1.46538601e+08 +1.46538590e+08  1.07e+01   2.94e-01     3.93e-05   655.961s
 790000 +1.46538601e+08 +1.46538590e+08  1.07e+01   2.94e-01     3.92e-05   656.682s
 791000 +1.46538601e+08 +1.46538590e+08  1.08e+01   2.94e-01     3.93e-05   657.403s
 792000 +1.46538601e+08 +1.46538590e+08  1.09e+01   2.93e-01     3.93e-05   658.124s
 793000 +1.46538601e+08 +1.46538590e+08  1.10e+01   2.93e-01     3.90e-05   658.844s
 794000 +1.46538601e+08 +1.46538590e+08  1.10e+01   2.93e-01     3.88e-05   659.565s
 795000 +1.46538602e+08 +1.46538590e+08  1.10e+01   2.93e-01     3.88e-05   660.286s
 796000 +1.46538601e+08 +1.46538590e+08  1.10e+01   2.93e-01     3.88e-05   661.006s
 797000 +1.46538601e+08 +1.46538590e+08  1.10e+01   2.93e-01     3.88e-05   661.727s
 798000 +1.46538601e+08 +1.46538590e+08  1.10e+01   2.93e-01     3.88e-05   662.447s
 799000 +1.46538601e+08 +1.46538590e+08  1.09e+01   2.93e-01     3.88e-05   663.169s
 800000 +1.46538601e+08 +1.46538590e+08  1.10e+01   2.93e-01     3.88e-05   663.890s
 801000 +1.46538601e+08 +1.46538590e+08  1.08e+01   2.93e-01     3.89e-05   664.610s
 802000 +1.46538601e+08 +1.46538590e+08  1.09e+01   2.92e-01     3.88e-05   665.331s
 803000 +1.46538601e+08 +1.46538590e+08  1.07e+01   2.93e-01     3.89e-05   666.051s
 804000 +1.46538601e+08 +1.46538590e+08  1.07e+01   2.92e-01     3.89e-05   666.772s
 805000 +1.46538601e+08 +1.46538590e+08  1.06e+01   2.93e-01     3.89e-05   667.492s
 806000 +1.46538601e+08 +1.46538590e+08  1.06e+01   2.92e-01     3.89e-05   668.213s
 807000 +1.46538601e+08 +1.46538590e+08  1.05e+01   2.92e-01     3.89e-05   668.934s
 808000 +1.46538601e+08 +1.46538590e+08  1.04e+01   2.92e-01     3.90e-05   669.655s
 809000 +1.46538601e+08 +1.46538590e+08  1.03e+01   2.92e-01     3.89e-05   670.375s
 810000 +1.46538601e+08 +1.46538590e+08  1.03e+01   2.92e-01     3.88e-05   671.096s
 811000 +1.46538601e+08 +1.46538590e+08  1.02e+01   2.92e-01     3.89e-05   671.816s
 812000 +1.46538601e+08 +1.46538590e+08  1.01e+01   2.92e-01     3.88e-05   672.537s
 813000 +1.46538600e+08 +1.46538590e+08  1.00e+01   2.92e-01     3.88e-05   673.258s
 814000 +1.46538600e+08 +1.46538590e+08  9.89e+00   2.92e-01     3.88e-05   673.979s
 815000 +1.46538600e+08 +1.46538590e+08  9.85e+00   2.92e-01     3.88e-05   674.700s
 816000 +1.46538600e+08 +1.46538590e+08  9.71e+00   2.92e-01     3.87e-05   675.420s
 817000 +1.46538600e+08 +1.46538590e+08  9.70e+00   2.91e-01     3.87e-05   676.140s
 818000 +1.46538600e+08 +1.46538590e+08  9.58e+00   2.92e-01     3.87e-05   676.861s
 819000 +1.46538600e+08 +1.46538590e+08  9.55e+00   2.91e-01     3.86e-05   677.582s
 820000 +1.46538600e+08 +1.46538590e+08  9.44e+00   2.92e-01     3.86e-05   678.303s
 821000 +1.46538600e+08 +1.46538590e+08  9.41e+00   2.91e-01     3.85e-05   679.024s
 822000 +1.46538600e+08 +1.46538590e+08  9.31e+00   2.91e-01     3.85e-05   679.745s
 823000 +1.46538600e+08 +1.46538590e+08  9.29e+00   2.91e-01     3.84e-05   680.465s
 824000 +1.46538600e+08 +1.46538590e+08  9.20e+00   2.91e-01     3.84e-05   681.186s
 825000 +1.46538600e+08 +1.46538590e+08  9.17e+00   2.91e-01     3.84e-05   681.907s
 826000 +1.46538600e+08 +1.46538590e+08  9.10e+00   2.91e-01     3.83e-05   682.628s
 827000 +1.46538600e+08 +1.46538590e+08  9.04e+00   2.91e-01     3.83e-05   683.349s
 828000 +1.46538599e+08 +1.46538590e+08  9.02e+00   2.91e-01     3.83e-05   684.069s
 829000 +1.46538599e+08 +1.46538590e+08  8.94e+00   2.91e-01     3.81e-05   684.790s
 830000 +1.46538599e+08 +1.46538590e+08  8.90e+00   2.91e-01     3.81e-05   685.511s
 831000 +1.46538599e+08 +1.46538590e+08  8.86e+00   2.91e-01     3.80e-05   686.231s
 832000 +1.46538599e+08 +1.46538590e+08  8.78e+00   2.91e-01     3.81e-05   686.951s
 833000 +1.46538599e+08 +1.46538590e+08  8.78e+00   2.91e-01     3.81e-05   687.672s
 834000 +1.46538599e+08 +1.46538590e+08  8.65e+00   2.91e-01     3.81e-05   688.393s
 835000 +1.46538599e+08 +1.46538590e+08  8.66e+00   2.91e-01     3.80e-05   689.114s
 836000 +1.46538599e+08 +1.46538590e+08  8.55e+00   2.91e-01     3.80e-05   689.835s
 837000 +1.46538599e+08 +1.46538590e+08  8.51e+00   2.91e-01     3.80e-05   690.555s
 838000 +1.46538599e+08 +1.46538590e+08  8.44e+00   2.90e-01     3.80e-05   691.275s
 839000 +1.46538599e+08 +1.46538590e+08  8.34e+00   2.91e-01     3.80e-05   691.996s
 840000 +1.46538599e+08 +1.46538590e+08  8.30e+00   2.90e-01     3.79e-05   692.716s
 841000 +1.46538599e+08 +1.46538590e+08  8.17e+00   2.90e-01     3.80e-05   693.436s
 842000 +1.46538599e+08 +1.46538590e+08  8.14e+00   2.90e-01     3.80e-05   694.157s
 843000 +1.46538598e+08 +1.46538590e+08  8.01e+00   2.90e-01     3.81e-05   694.878s
 844000 +1.46538598e+08 +1.46538590e+08  7.98e+00   2.90e-01     3.81e-05   695.598s
 845000 +1.46538598e+08 +1.46538590e+08  7.82e+00   2.90e-01     3.81e-05   696.318s
 846000 +1.46538598e+08 +1.46538590e+08  7.83e+00   2.90e-01     3.81e-05   697.038s
 847000 +1.46538598e+08 +1.46538590e+08  7.64e+00   2.90e-01     3.81e-05   697.759s
 848000 +1.46538598e+08 +1.46538590e+08  7.67e+00   2.90e-01     3.81e-05   698.480s
 849000 +1.46538599e+08 +1.46538590e+08  8.18e+00   2.77e-01     3.87e-05   699.200s
 850000 +1.46538598e+08 +1.46538590e+08  7.76e+00   2.83e-01     3.91e-05   699.921s
 851000 +1.46538598e+08 +1.46538590e+08  7.85e+00   2.80e-01     3.95e-05   700.641s
 852000 +1.46538598e+08 +1.46538590e+08  7.82e+00   2.79e-01     3.90e-05   701.362s
 853000 +1.46538598e+08 +1.46538590e+08  7.54e+00   2.84e-01     3.90e-05   702.083s
 854000 +1.46538598e+08 +1.46538590e+08  7.87e+00   2.77e-01     3.83e-05   702.803s
 855000 +1.46538598e+08 +1.46538590e+08  7.34e+00   2.86e-01     3.82e-05   703.523s
 856000 +1.46538598e+08 +1.46538590e+08  7.80e+00   2.76e-01     3.82e-05   704.244s
 857000 +1.46538598e+08 +1.46538590e+08  7.30e+00   2.84e-01     3.84e-05   704.965s
 858000 +1.46538598e+08 +1.46538590e+08  7.57e+00   2.77e-01     3.86e-05   705.685s
 859000 +1.46538598e+08 +1.46538590e+08  7.38e+00   2.79e-01     3.85e-05   706.406s
 860000 +1.46538598e+08 +1.46538590e+08  7.25e+00   2.81e-01     3.86e-05   707.126s
 861000 +1.46538598e+08 +1.46538590e+08  7.45e+00   2.77e-01     3.81e-05   707.847s
 862000 +1.46538597e+08 +1.46538590e+08  7.01e+00   2.84e-01     3.79e-05   708.568s
 863000 +1.46538598e+08 +1.46538590e+08  7.42e+00   2.76e-01     3.78e-05   709.289s
 864000 +1.46538597e+08 +1.46538590e+08  6.92e+00   2.84e-01     3.78e-05   710.009s
 865000 +1.46538598e+08 +1.46538590e+08  7.24e+00   2.76e-01     3.81e-05   710.730s
 866000 +1.46538597e+08 +1.46538590e+08  6.95e+00   2.80e-01     3.82e-05   711.450s
 867000 +1.46538597e+08 +1.46538590e+08  6.99e+00   2.79e-01     3.83e-05   712.170s
 868000 +1.46538598e+08 +1.46538590e+08  7.02e+00   2.77e-01     3.82e-05   712.891s
 869000 +1.46538597e+08 +1.46538590e+08  6.78e+00   2.82e-01     3.80e-05   713.612s
 870000 +1.46538598e+08 +1.46538590e+08  7.09e+00   2.76e-01     3.76e-05   714.332s
 871000 +1.46538597e+08 +1.46538590e+08  6.76e+00   2.84e-01     3.75e-05   715.053s
 872000 +1.46538598e+08 +1.46538590e+08  7.11e+00   2.76e-01     3.77e-05   715.773s
 873000 +1.46538597e+08 +1.46538590e+08  6.87e+00   2.81e-01     3.79e-05   716.494s
 874000 +1.46538598e+08 +1.46538590e+08  7.02e+00   2.77e-01     3.81e-05   717.214s
 875000 +1.46538598e+08 +1.46538590e+08  7.03e+00   2.77e-01     3.81e-05   717.935s
 876000 +1.46538597e+08 +1.46538590e+08  6.93e+00   2.80e-01     3.80e-05   718.656s
 877000 +1.46538598e+08 +1.46538590e+08  7.20e+00   2.76e-01     3.77e-05   719.377s
 878000 +1.46538597e+08 +1.46538590e+08  6.84e+00   2.83e-01     3.76e-05   720.097s
 879000 +1.46538598e+08 +1.46538590e+08  7.24e+00   2.75e-01     3.76e-05   720.818s
 880000 +1.46538597e+08 +1.46538590e+08  6.85e+00   2.82e-01     3.78e-05   721.538s
 881000 +1.46538598e+08 +1.46538590e+08  7.13e+00   2.76e-01     3.80e-05   722.258s
 882000 +1.46538597e+08 +1.46538590e+08  6.96e+00   2.79e-01     3.80e-05   722.979s
 883000 +1.46538597e+08 +1.46538590e+08  6.92e+00   2.78e-01     3.80e-05   723.699s
 884000 +1.46538598e+08 +1.46538590e+08  7.10e+00   2.76e-01     3.78e-05   724.420s
 885000 +1.46538597e+08 +1.46538590e+08  6.77e+00   2.82e-01     3.75e-05   725.141s
 886000 +1.46538598e+08 +1.46538590e+08  7.16e+00   2.75e-01     3.73e-05   725.861s
 887000 +1.46538597e+08 +1.46538590e+08  6.75e+00   2.82e-01     3.73e-05   726.582s
 888000 +1.46538598e+08 +1.46538590e+08  7.08e+00   2.75e-01     3.75e-05   727.302s
 889000 +1.46538597e+08 +1.46538590e+08  6.82e+00   2.79e-01     3.76e-05   728.022s
 890000 +1.46538597e+08 +1.46538590e+08  6.92e+00   2.77e-01     3.77e-05   728.743s
 891000 +1.46538597e+08 +1.46538590e+08  6.95e+00   2.76e-01     3.76e-05   729.464s
 892000 +1.46538597e+08 +1.46538590e+08  6.79e+00   2.80e-01     3.75e-05   730.184s
 893000 +1.46538598e+08 +1.46538590e+08  7.05e+00   2.75e-01     3.73e-05   730.905s
 894000 +1.46538597e+08 +1.46538590e+08  6.74e+00   2.81e-01     3.71e-05   731.626s
 895000 +1.46538598e+08 +1.46538590e+08  7.07e+00   2.75e-01     3.72e-05   732.346s
 896000 +1.46538597e+08 +1.46538590e+08  6.82e+00   2.80e-01     3.73e-05   733.067s
 897000 +1.46538597e+08 +1.46538590e+08  7.00e+00   2.76e-01     3.74e-05   733.787s
 898000 +1.46538597e+08 +1.46538590e+08  6.95e+00   2.77e-01     3.75e-05   734.508s
 899000 +1.46538597e+08 +1.46538590e+08  6.88e+00   2.78e-01     3.75e-05   735.228s
 900000 +1.46538598e+08 +1.46538590e+08  7.12e+00   2.75e-01     3.72e-05   735.949s
 901000 +1.46538597e+08 +1.46538590e+08  6.81e+00   2.80e-01     3.71e-05   736.670s
 902000 +1.46538598e+08 +1.46538590e+08  7.23e+00   2.74e-01     3.69e-05   737.390s
 903000 +1.46538597e+08 +1.46538590e+08  6.86e+00   2.80e-01     3.69e-05   738.111s
 904000 +1.46538598e+08 +1.46538590e+08  7.21e+00   2.75e-01     3.71e-05   738.832s
 905000 +1.46538598e+08 +1.46538590e+08  7.04e+00   2.78e-01     3.73e-05   739.553s
 906000 +1.46538598e+08 +1.46538590e+08  7.10e+00   2.76e-01     3.74e-05   740.273s
 907000 +1.46538598e+08 +1.46538590e+08  7.28e+00   2.75e-01     3.72e-05   740.994s
 908000 +1.46538597e+08 +1.46538590e+08  7.00e+00   2.79e-01     3.70e-05   741.714s
 909000 +1.46538598e+08 +1.46538591e+08  7.43e+00   2.74e-01     3.68e-05   742.435s
 910000 +1.46538598e+08 +1.46538590e+08  7.02e+00   2.81e-01     3.68e-05   743.156s
 911000 +1.46538598e+08 +1.46538590e+08  7.45e+00   2.74e-01     3.68e-05   743.876s
 912000 +1.46538598e+08 +1.46538589e+08  9.07e+00   2.69e-01     2.08e-04   744.599s
 913000 +1.46538598e+08 +1.46538589e+08  9.20e+00   2.68e-01     2.07e-04   745.320s
 914000 +1.46538598e+08 +1.46538589e+08  9.17e+00   2.68e-01     2.07e-04   746.040s
 915000 +1.46538598e+08 +1.46538589e+08  9.16e+00   2.68e-01     2.07e-04   746.761s
 916000 +1.46538598e+08 +1.46538589e+08  9.12e+00   2.67e-01     2.06e-04   747.482s
 917000 +1.46538598e+08 +1.46538589e+08  9.12e+00   2.67e-01     2.11e-04   748.202s
 918000 +1.46538598e+08 +1.46538589e+08  9.09e+00   2.67e-01     2.06e-04   748.923s
 919000 +1.46538598e+08 +1.46538589e+08  9.07e+00   2.67e-01     2.06e-04   749.644s
 920000 +1.46538598e+08 +1.46538589e+08  9.05e+00   2.67e-01     2.07e-04   750.364s
 921000 +1.46538598e+08 +1.46538589e+08  9.20e+00   2.64e-01     2.07e-04   751.085s
 922000 +1.46538598e+08 +1.46538589e+08  9.11e+00   2.65e-01     2.08e-04   751.806s
 923000 +1.46538598e+08 +1.46538589e+08  9.12e+00   2.64e-01     2.08e-04   752.526s
 924000 +1.46538598e+08 +1.46538589e+08  9.32e+00   2.59e-01     2.11e-04   753.247s
 925000 +1.46538598e+08 +1.46538589e+08  9.09e+00   2.61e-01     2.13e-04   753.967s
 926000 +1.46538598e+08 +1.46538589e+08  9.20e+00   2.59e-01     2.22e-04   754.687s
 927000 +1.46538598e+08 +1.46538589e+08  9.16e+00   2.59e-01     2.12e-04   755.408s
 928000 +1.46538598e+08 +1.46538589e+08  9.09e+00   2.60e-01     2.07e-04   756.129s
 929000 +1.46538598e+08 +1.46538589e+08  9.18e+00   2.58e-01     2.06e-04   756.850s
 930000 +1.46538598e+08 +1.46538589e+08  9.03e+00   2.59e-01     2.08e-04   757.570s
 931000 +1.46538598e+08 +1.46538589e+08  9.22e+00   2.56e-01     2.13e-04   758.291s
 932000 +1.46538598e+08 +1.46538589e+08  9.27e+00   2.55e-01     2.10e-04   759.011s
 933000 +1.46538598e+08 +1.46538589e+08  9.10e+00   2.57e-01     2.10e-04   759.732s
 934000 +1.46538598e+08 +1.46538589e+08  9.29e+00   2.54e-01     2.06e-04   760.453s
 935000 +1.46538598e+08 +1.46538589e+08  9.03e+00   2.56e-01     2.06e-04   761.174s
 936000 +1.46538598e+08 +1.46538589e+08  9.22e+00   2.54e-01     2.10e-04   761.895s
 937000 +1.46538598e+08 +1.46538589e+08  9.04e+00   2.54e-01     2.09e-04   762.615s
 938000 +1.46538598e+08 +1.46538589e+08  9.08e+00   2.54e-01     2.08e-04   763.336s
 939000 +1.46538598e+08 +1.46538589e+08  9.05e+00   2.53e-01     2.07e-04   764.057s
 940000 +1.46538598e+08 +1.46538589e+08  8.96e+00   2.54e-01     2.06e-04   764.778s
 941000 +1.46538598e+08 +1.46538589e+08  9.06e+00   2.53e-01     2.07e-04   765.499s
 942000 +1.46538598e+08 +1.46538589e+08  8.90e+00   2.53e-01     2.07e-04   766.220s
 943000 +1.46538598e+08 +1.46538589e+08  8.98e+00   2.52e-01     2.07e-04   766.940s
 944000 +1.46538598e+08 +1.46538589e+08  8.85e+00   2.52e-01     2.06e-04   767.661s
 945000 +1.46538598e+08 +1.46538589e+08  8.90e+00   2.52e-01     2.05e-04   768.381s
 946000 +1.46538598e+08 +1.46538589e+08  8.82e+00   2.52e-01     2.05e-04   769.102s
 947000 +1.46538598e+08 +1.46538589e+08  8.76e+00   2.52e-01     2.06e-04   769.823s
 948000 +1.46538598e+08 +1.46538589e+08  8.80e+00   2.51e-01     2.06e-04   770.544s
 949000 +1.46538598e+08 +1.46538589e+08  8.73e+00   2.51e-01     2.06e-04   771.264s
 950000 +1.46538598e+08 +1.46538589e+08  8.70e+00   2.51e-01     2.05e-04   771.985s
 951000 +1.46538598e+08 +1.46538589e+08  8.68e+00   2.50e-01     2.05e-04   772.706s
 952000 +1.46538598e+08 +1.46538589e+08  8.69e+00   2.50e-01     2.05e-04   773.426s
 953000 +1.46538598e+08 +1.46538589e+08  8.54e+00   2.50e-01     2.06e-04   774.147s
 954000 +1.46538598e+08 +1.46538589e+08  8.68e+00   2.49e-01     2.05e-04   774.868s
 955000 +1.46538598e+08 +1.46538589e+08  8.51e+00   2.50e-01     2.05e-04   775.588s
 956000 +1.46538598e+08 +1.46538589e+08  8.54e+00   2.49e-01     2.04e-04   776.309s
 957000 +1.46538597e+08 +1.46538589e+08  8.49e+00   2.49e-01     2.04e-04   777.030s
 958000 +1.46538597e+08 +1.46538589e+08  8.44e+00   2.48e-01     2.05e-04   777.750s
 959000 +1.46538597e+08 +1.46538589e+08  8.46e+00   2.48e-01     2.05e-04   778.471s
 960000 +1.46538597e+08 +1.46538589e+08  8.27e+00   2.48e-01     2.05e-04   779.192s
 961000 +1.46538597e+08 +1.46538589e+08  8.42e+00   2.48e-01     2.04e-04   779.913s
 962000 +1.46538597e+08 +1.46538589e+08  8.25e+00   2.48e-01     2.03e-04   780.633s
 963000 +1.46538597e+08 +1.46538589e+08  8.26e+00   2.47e-01     2.04e-04   781.354s
 964000 +1.46538597e+08 +1.46538589e+08  8.25e+00   2.47e-01     2.04e-04   782.075s
 965000 +1.46538597e+08 +1.46538589e+08  8.15e+00   2.47e-01     2.04e-04   782.795s
 966000 +1.46538597e+08 +1.46538589e+08  8.21e+00   2.47e-01     2.04e-04   783.515s
 967000 +1.46538597e+08 +1.46538589e+08  8.05e+00   2.47e-01     2.03e-04   784.236s
 968000 +1.46538597e+08 +1.46538589e+08  8.15e+00   2.46e-01     2.03e-04   784.957s
 969000 +1.46538597e+08 +1.46538589e+08  8.05e+00   2.46e-01     2.04e-04   785.678s
 970000 +1.46538597e+08 +1.46538589e+08  8.07e+00   2.46e-01     2.03e-04   786.398s
 971000 +1.46538597e+08 +1.46538589e+08  8.03e+00   2.45e-01     2.04e-04   787.119s
 972000 +1.46538597e+08 +1.46538589e+08  7.99e+00   2.45e-01     2.03e-04   787.840s
 973000 +1.46538597e+08 +1.46538589e+08  8.00e+00   2.44e-01     2.03e-04   788.560s
 974000 +1.46538597e+08 +1.46538589e+08  7.91e+00   2.45e-01     2.04e-04   789.281s
 975000 +1.46538597e+08 +1.46538589e+08  7.92e+00   2.44e-01     2.04e-04   790.001s
 976000 +1.46538597e+08 +1.46538589e+08  7.89e+00   2.44e-01     2.04e-04   790.722s
 977000 +1.46538597e+08 +1.46538589e+08  7.89e+00   2.43e-01     2.06e-04   791.443s
 978000 +1.46538597e+08 +1.46538589e+08  7.97e+00   2.41e-01     2.07e-04   792.163s
 979000 +1.46538597e+08 +1.46538589e+08  7.87e+00   2.42e-01     2.06e-04   792.884s
 980000 +1.46538597e+08 +1.46538589e+08  7.88e+00   2.41e-01     2.07e-04   793.605s
 981000 +1.46538597e+08 +1.46538589e+08  7.85e+00   2.41e-01     2.07e-04   794.326s
 982000 +1.46538597e+08 +1.46538589e+08  7.80e+00   2.41e-01     2.06e-04   795.047s
 983000 +1.46538597e+08 +1.46538589e+08  7.86e+00   2.40e-01     2.06e-04   795.769s
 984000 +1.46538597e+08 +1.46538589e+08  7.74e+00   2.42e-01     2.04e-04   796.489s
 985000 +1.46538597e+08 +1.46538589e+08  7.80e+00   2.40e-01     2.04e-04   797.210s
 986000 +1.46538597e+08 +1.46538589e+08  7.69e+00   2.41e-01     2.03e-04   797.931s
 987000 +1.46538597e+08 +1.46538589e+08  7.73e+00   2.39e-01     2.02e-04   798.652s
 988000 +1.46538597e+08 +1.46538589e+08  7.63e+00   2.41e-01     2.02e-04   799.372s
 989000 +1.46538597e+08 +1.46538589e+08  7.70e+00   2.39e-01     2.03e-04   800.093s
 990000 +1.46538597e+08 +1.46538589e+08  7.61e+00   2.40e-01     2.03e-04   800.814s
 991000 +1.46538597e+08 +1.46538589e+08  7.63e+00   2.38e-01     2.04e-04   801.535s
 992000 +1.46538597e+08 +1.46538589e+08  7.46e+00   2.39e-01     2.05e-04   802.256s
 993000 +1.46538597e+08 +1.46538589e+08  7.60e+00   2.38e-01     2.05e-04   802.976s
 994000 +1.46538597e+08 +1.46538589e+08  7.47e+00   2.38e-01     2.05e-04   803.697s
 995000 +1.46538597e+08 +1.46538589e+08  7.53e+00   2.38e-01     2.04e-04   804.418s
 996000 +1.46538597e+08 +1.46538589e+08  7.38e+00   2.38e-01     2.05e-04   805.138s
 997000 +1.46538597e+08 +1.46538589e+08  7.43e+00   2.38e-01     2.04e-04   805.859s
 998000 +1.46538597e+08 +1.46538589e+08  7.39e+00   2.37e-01     2.04e-04   806.580s
 999000 +1.46538596e+08 +1.46538589e+08  7.29e+00   2.38e-01     2.04e-04   807.301s
1000000 +1.46538597e+08 +1.46538589e+08  7.35e+00   2.37e-01     2.03e-04   808.021s
1001000 +1.46538596e+08 +1.46538589e+08  7.22e+00   2.38e-01     2.03e-04   808.742s
1002000 +1.46538596e+08 +1.46538589e+08  7.33e+00   2.36e-01     2.02e-04   809.462s
1003000 +1.46538596e+08 +1.46538589e+08  7.10e+00   2.38e-01     2.02e-04   810.182s
1004000 +1.46538596e+08 +1.46538589e+08  7.26e+00   2.36e-01     2.03e-04   810.904s
1005000 +1.46538596e+08 +1.46538589e+08  7.09e+00   2.37e-01     2.02e-04   811.625s
1006000 +1.46538596e+08 +1.46538589e+08  7.20e+00   2.36e-01     2.02e-04   812.346s
1007000 +1.46538596e+08 +1.46538589e+08  7.08e+00   2.36e-01     2.03e-04   813.067s
1008000 +1.46538596e+08 +1.46538589e+08  7.09e+00   2.35e-01     2.03e-04   813.787s
1009000 +1.46538596e+08 +1.46538589e+08  7.01e+00   2.36e-01     2.03e-04   814.508s
1010000 +1.46538596e+08 +1.46538589e+08  7.02e+00   2.35e-01     2.03e-04   815.228s
1011000 +1.46538596e+08 +1.46538589e+08  7.04e+00   2.35e-01     2.03e-04   815.949s
1012000 +1.46538596e+08 +1.46538589e+08  6.93e+00   2.35e-01     2.03e-04   816.670s
1013000 +1.46538596e+08 +1.46538589e+08  6.97e+00   2.34e-01     2.03e-04   817.391s
1014000 +1.46538596e+08 +1.46538589e+08  6.90e+00   2.35e-01     2.02e-04   818.111s
1015000 +1.46538596e+08 +1.46538589e+08  6.93e+00   2.34e-01     2.03e-04   818.832s
1016000 +1.46538596e+08 +1.46538589e+08  6.84e+00   2.34e-01     2.01e-04   819.553s
1017000 +1.46538596e+08 +1.46538589e+08  6.90e+00   2.34e-01     2.00e-04   820.273s
1018000 +1.46538596e+08 +1.46538589e+08  6.82e+00   2.34e-01     2.01e-04   820.994s
1019000 +1.46538596e+08 +1.46538589e+08  6.87e+00   2.33e-01     2.01e-04   821.716s
1020000 +1.46538596e+08 +1.46538589e+08  6.75e+00   2.34e-01     2.01e-04   822.436s
1021000 +1.46538596e+08 +1.46538589e+08  6.82e+00   2.33e-01     2.01e-04   823.158s
1022000 +1.46538596e+08 +1.46538589e+08  6.71e+00   2.33e-01     2.01e-04   823.879s
1023000 +1.46538596e+08 +1.46538589e+08  6.78e+00   2.32e-01     2.02e-04   824.600s
1024000 +1.46538596e+08 +1.46538589e+08  6.76e+00   2.33e-01     2.02e-04   825.321s
1025000 +1.46538596e+08 +1.46538589e+08  6.74e+00   2.32e-01     2.01e-04   826.042s
1026000 +1.46538596e+08 +1.46538589e+08  6.70e+00   2.32e-01     2.02e-04   826.763s
1027000 +1.46538596e+08 +1.46538589e+08  6.71e+00   2.32e-01     2.02e-04   827.484s
1028000 +1.46538596e+08 +1.46538589e+08  6.71e+00   2.32e-01     2.01e-04   828.205s
1029000 +1.46538596e+08 +1.46538589e+08  6.73e+00   2.32e-01     2.01e-04   828.925s
1030000 +1.46538596e+08 +1.46538589e+08  6.72e+00   2.31e-01     2.01e-04   829.646s
1031000 +1.46538596e+08 +1.46538589e+08  6.72e+00   2.32e-01     2.01e-04   830.367s
1032000 +1.46538596e+08 +1.46538589e+08  6.73e+00   2.31e-01     2.00e-04   831.087s
1033000 +1.46538596e+08 +1.46538589e+08  6.62e+00   2.31e-01     2.00e-04   831.809s
1034000 +1.46538596e+08 +1.46538589e+08  6.72e+00   2.30e-01     2.00e-04   832.529s
1035000 +1.46538596e+08 +1.46538589e+08  6.76e+00   2.30e-01     2.00e-04   833.250s
1036000 +1.46538596e+08 +1.46538589e+08  6.85e+00   2.30e-01     2.02e-04   833.970s
1037000 +1.46538596e+08 +1.46538589e+08  6.67e+00   2.30e-01     2.02e-04   834.691s
1038000 +1.46538596e+08 +1.46538589e+08  6.87e+00   2.29e-01     2.01e-04   835.412s
1039000 +1.46538596e+08 +1.46538589e+08  6.64e+00   2.30e-01     2.00e-04   836.133s
1040000 +1.46538596e+08 +1.46538589e+08  6.82e+00   2.29e-01     2.01e-04   836.854s
1041000 +1.46538596e+08 +1.46538589e+08  6.77e+00   2.29e-01     2.01e-04   837.574s
1042000 +1.46538596e+08 +1.46538589e+08  6.74e+00   2.29e-01     2.00e-04   838.295s
1043000 +1.46538596e+08 +1.46538589e+08  6.84e+00   2.28e-01     2.01e-04   839.016s
1044000 +1.46538596e+08 +1.46538589e+08  6.76e+00   2.28e-01     2.01e-04   839.736s
1045000 +1.46538596e+08 +1.46538589e+08  6.76e+00   2.28e-01     2.00e-04   840.457s
1046000 +1.46538596e+08 +1.46538589e+08  6.82e+00   2.28e-01     1.99e-04   841.178s
1047000 +1.46538596e+08 +1.46538589e+08  6.83e+00   2.28e-01     2.00e-04   841.899s
1048000 +1.46538596e+08 +1.46538589e+08  6.77e+00   2.28e-01     2.00e-04   842.619s
1049000 +1.46538596e+08 +1.46538589e+08  6.88e+00   2.27e-01     1.99e-04   843.340s
1050000 +1.46538596e+08 +1.46538589e+08  6.73e+00   2.28e-01     1.99e-04   844.061s
1051000 +1.46538596e+08 +1.46538589e+08  6.81e+00   2.27e-01     2.00e-04   844.781s
1052000 +1.46538596e+08 +1.46538589e+08  6.85e+00   2.27e-01     1.99e-04   845.501s
1053000 +1.46538596e+08 +1.46538589e+08  6.78e+00   2.27e-01     1.99e-04   846.222s
1054000 +1.46538596e+08 +1.46538589e+08  6.75e+00   2.26e-01     2.00e-04   846.943s
1055000 +1.46538596e+08 +1.46538589e+08  6.82e+00   2.26e-01     2.01e-04   847.664s
1056000 +1.46538596e+08 +1.46538589e+08  6.79e+00   2.26e-01     1.99e-04   848.384s
1057000 +1.46538596e+08 +1.46538589e+08  6.85e+00   2.26e-01     1.99e-04   849.105s
1058000 +1.46538596e+08 +1.46538589e+08  6.86e+00   2.26e-01     2.00e-04   849.825s
1059000 +1.46538596e+08 +1.46538589e+08  6.80e+00   2.26e-01     2.00e-04   850.546s
1060000 +1.46538596e+08 +1.46538589e+08  6.87e+00   2.25e-01     1.99e-04   851.268s
1061000 +1.46538596e+08 +1.46538589e+08  6.78e+00   2.26e-01     1.99e-04   851.989s
1062000 +1.46538596e+08 +1.46538589e+08  6.85e+00   2.25e-01     2.00e-04   852.709s
1063000 +1.46538596e+08 +1.46538589e+08  6.84e+00   2.25e-01     1.99e-04   853.430s
1064000 +1.46538596e+08 +1.46538589e+08  6.78e+00   2.25e-01     1.98e-04   854.150s
1065000 +1.46538596e+08 +1.46538589e+08  6.81e+00   2.25e-01     1.99e-04   854.871s
1066000 +1.46538596e+08 +1.46538589e+08  6.85e+00   2.24e-01     1.99e-04   855.591s
1067000 +1.46538596e+08 +1.46538589e+08  6.71e+00   2.25e-01     1.98e-04   856.312s
1068000 +1.46538596e+08 +1.46538589e+08  6.91e+00   2.24e-01     1.98e-04   857.033s
1069000 +1.46538596e+08 +1.46538589e+08  6.78e+00   2.24e-01     1.99e-04   857.754s
1070000 +1.46538596e+08 +1.46538589e+08  6.81e+00   2.24e-01     1.98e-04   858.474s
1071000 +1.46538596e+08 +1.46538589e+08  6.88e+00   2.24e-01     1.99e-04   859.195s
1072000 +1.46538596e+08 +1.46538589e+08  6.86e+00   2.24e-01     2.00e-04   859.916s
1073000 +1.46538596e+08 +1.46538589e+08  6.84e+00   2.23e-01     1.99e-04   860.636s
1074000 +1.46538596e+08 +1.46538589e+08  6.85e+00   2.23e-01     1.98e-04   861.356s
1075000 +1.46538596e+08 +1.46538589e+08  6.90e+00   2.23e-01     1.98e-04   862.078s
1076000 +1.46538596e+08 +1.46538589e+08  6.91e+00   2.23e-01     1.99e-04   862.798s
1077000 +1.46538596e+08 +1.46538589e+08  6.92e+00   2.22e-01     1.98e-04   863.519s
1078000 +1.46538596e+08 +1.46538589e+08  6.89e+00   2.23e-01     1.97e-04   864.240s
1079000 +1.46538596e+08 +1.46538589e+08  7.00e+00   2.22e-01     1.98e-04   864.960s
1080000 +1.46538596e+08 +1.46538589e+08  6.91e+00   2.22e-01     1.98e-04   865.682s
1081000 +1.46538596e+08 +1.46538589e+08  6.94e+00   2.22e-01     1.98e-04   866.403s
1082000 +1.46538596e+08 +1.46538589e+08  6.93e+00   2.22e-01     1.97e-04   867.124s
1083000 +1.46538596e+08 +1.46538589e+08  6.96e+00   2.22e-01     1.97e-04   867.845s
1084000 +1.46538596e+08 +1.46538589e+08  6.92e+00   2.22e-01     1.98e-04   868.566s
1085000 +1.46538596e+08 +1.46538589e+08  7.03e+00   2.21e-01     1.97e-04   869.287s
1086000 +1.46538596e+08 +1.46538589e+08  6.97e+00   2.22e-01     1.98e-04   870.007s
1087000 +1.46538596e+08 +1.46538589e+08  6.96e+00   2.21e-01     1.98e-04   870.728s
1088000 +1.46538596e+08 +1.46538589e+08  7.05e+00   2.21e-01     1.98e-04   871.449s
1089000 +1.46538596e+08 +1.46538589e+08  6.95e+00   2.21e-01     1.97e-04   872.170s
1090000 +1.46538596e+08 +1.46538589e+08  7.05e+00   2.20e-01     1.97e-04   872.890s
1091000 +1.46538596e+08 +1.46538589e+08  6.93e+00   2.21e-01     1.97e-04   873.611s
1092000 +1.46538596e+08 +1.46538589e+08  7.01e+00   2.20e-01     1.97e-04   874.332s
1093000 +1.46538596e+08 +1.46538589e+08  6.98e+00   2.20e-01     1.97e-04   875.052s
1094000 +1.46538596e+08 +1.46538589e+08  7.08e+00   2.20e-01     1.97e-04   875.773s
1095000 +1.46538596e+08 +1.46538589e+08  6.99e+00   2.20e-01     1.98e-04   876.494s
1096000 +1.46538596e+08 +1.46538589e+08  7.07e+00   2.20e-01     1.97e-04   877.215s
1097000 +1.46538596e+08 +1.46538589e+08  6.99e+00   2.20e-01     1.96e-04   877.935s
1098000 +1.46538596e+08 +1.46538589e+08  7.05e+00   2.19e-01     1.97e-04   878.656s
1099000 +1.46538596e+08 +1.46538589e+08  7.05e+00   2.19e-01     1.97e-04   879.377s
1100000 +1.46538596e+08 +1.46538589e+08  7.07e+00   2.19e-01     1.97e-04   880.097s
1101000 +1.46538596e+08 +1.46538589e+08  7.04e+00   2.19e-01     1.97e-04   880.818s
1102000 +1.46538596e+08 +1.46538589e+08  7.05e+00   2.18e-01     1.97e-04   881.538s
1103000 +1.46538596e+08 +1.46538589e+08  7.00e+00   2.19e-01     1.97e-04   882.259s
1104000 +1.46538596e+08 +1.46538589e+08  7.09e+00   2.18e-01     1.97e-04   882.979s
1105000 +1.46538596e+08 +1.46538589e+08  7.01e+00   2.18e-01     1.97e-04   883.700s
1106000 +1.46538596e+08 +1.46538589e+08  6.94e+00   2.18e-01     1.96e-04   884.420s
1107000 +1.46538596e+08 +1.46538589e+08  7.10e+00   2.18e-01     1.95e-04   885.141s
1108000 +1.46538596e+08 +1.46538589e+08  7.02e+00   2.18e-01     1.96e-04   885.861s
1109000 +1.46538596e+08 +1.46538589e+08  7.11e+00   2.18e-01     1.96e-04   886.582s
1110000 +1.46538596e+08 +1.46538589e+08  7.04e+00   2.18e-01     1.96e-04   887.302s
1111000 +1.46538596e+08 +1.46538589e+08  7.04e+00   2.18e-01     1.96e-04   888.023s
1112000 +1.46538596e+08 +1.46538589e+08  7.06e+00   2.18e-01     1.96e-04   888.744s
1113000 +1.46538596e+08 +1.46538589e+08  7.06e+00   2.17e-01     1.96e-04   889.464s
1114000 +1.46538596e+08 +1.46538589e+08  7.03e+00   2.17e-01     1.96e-04   890.184s
1115000 +1.46538597e+08 +1.46538589e+08  7.12e+00   2.17e-01     1.95e-04   890.905s
1116000 +1.46538596e+08 +1.46538589e+08  7.02e+00   2.17e-01     1.95e-04   891.626s
1117000 +1.46538596e+08 +1.46538589e+08  7.12e+00   2.17e-01     1.96e-04   892.346s
1118000 +1.46538597e+08 +1.46538589e+08  7.18e+00   2.16e-01     1.96e-04   893.067s
1119000 +1.46538596e+08 +1.46538589e+08  7.11e+00   2.16e-01     1.96e-04   893.788s
1120000 +1.46538597e+08 +1.46538589e+08  7.13e+00   2.16e-01     1.96e-04   894.508s
1121000 +1.46538597e+08 +1.46538589e+08  7.18e+00   2.16e-01     1.95e-04   895.230s
1122000 +1.46538597e+08 +1.46538589e+08  7.16e+00   2.16e-01     1.96e-04   895.951s
1123000 +1.46538597e+08 +1.46538589e+08  7.16e+00   2.16e-01     1.96e-04   896.672s
1124000 +1.46538597e+08 +1.46538589e+08  7.19e+00   2.15e-01     1.96e-04   897.393s
1125000 +1.46538597e+08 +1.46538589e+08  7.12e+00   2.16e-01     1.95e-04   898.114s
1126000 +1.46538597e+08 +1.46538589e+08  7.21e+00   2.15e-01     1.95e-04   898.835s
1127000 +1.46538597e+08 +1.46538589e+08  7.13e+00   2.15e-01     1.96e-04   899.555s
1128000 +1.46538597e+08 +1.46538589e+08  7.13e+00   2.15e-01     1.96e-04   900.276s
1129000 +1.46538597e+08 +1.46538589e+08  7.16e+00   2.15e-01     1.95e-04   900.998s
1130000 +1.46538597e+08 +1.46538589e+08  7.23e+00   2.15e-01     1.96e-04   901.719s
1131000 +1.46538597e+08 +1.46538589e+08  7.16e+00   2.15e-01     1.95e-04   902.440s
1132000 +1.46538597e+08 +1.46538589e+08  7.23e+00   2.14e-01     1.95e-04   903.160s
1133000 +1.46538597e+08 +1.46538589e+08  7.14e+00   2.14e-01     1.96e-04   903.881s
1134000 +1.46538597e+08 +1.46538589e+08  7.20e+00   2.14e-01     1.96e-04   904.602s
1135000 +1.46538597e+08 +1.46538589e+08  7.20e+00   2.14e-01     1.96e-04   905.323s
1136000 +1.46538597e+08 +1.46538589e+08  7.42e+00   2.08e-01     2.01e-04   906.043s
1137000 +1.46538597e+08 +1.46538589e+08  7.42e+00   2.08e-01     2.03e-04   906.765s
1138000 +1.46538597e+08 +1.46538589e+08  7.21e+00   2.12e-01     1.98e-04   907.486s
1139000 +1.46538597e+08 +1.46538589e+08  7.54e+00   2.07e-01     1.95e-04   908.207s
1140000 +1.46538597e+08 +1.46538589e+08  7.22e+00   2.11e-01     1.96e-04   908.927s
1141000 +1.46538597e+08 +1.46538589e+08  7.41e+00   2.07e-01     2.02e-04   909.648s
1142000 +1.46538597e+08 +1.46538589e+08  7.39e+00   2.07e-01     1.99e-04   910.368s
1143000 +1.46538597e+08 +1.46538589e+08  7.25e+00   2.11e-01     1.95e-04   911.089s
1144000 +1.46538597e+08 +1.46538589e+08  7.48e+00   2.06e-01     1.96e-04   911.809s
1145000 +1.46538597e+08 +1.46538589e+08  7.26e+00   2.10e-01     1.97e-04   912.530s
1146000 +1.46538597e+08 +1.46538589e+08  7.35e+00   2.07e-01     2.01e-04   913.251s
1147000 +1.46538597e+08 +1.46538589e+08  7.34e+00   2.06e-01     1.98e-04   913.971s
1148000 +1.46538597e+08 +1.46538589e+08  7.08e+00   2.10e-01     1.95e-04   914.692s
1149000 +1.46538597e+08 +1.46538589e+08  7.44e+00   2.05e-01     1.95e-04   915.413s
1150000 +1.46538597e+08 +1.46538589e+08  7.12e+00   2.08e-01     1.99e-04   916.134s
1151000 +1.46538597e+08 +1.46538589e+08  7.22e+00   2.06e-01     1.99e-04   916.854s
1152000 +1.46538597e+08 +1.46538589e+08  7.37e+00   2.05e-01     1.96e-04   917.575s
1153000 +1.46538596e+08 +1.46538589e+08  7.10e+00   2.09e-01     1.94e-04   918.296s
1154000 +1.46538597e+08 +1.46538589e+08  7.43e+00   2.05e-01     1.96e-04   919.017s
1155000 +1.46538597e+08 +1.46538589e+08  7.10e+00   2.07e-01     1.98e-04   919.737s
1156000 +1.46538597e+08 +1.46538590e+08  7.16e+00   2.06e-01     1.98e-04   920.458s
1157000 +1.46538597e+08 +1.46538589e+08  7.32e+00   2.04e-01     1.95e-04   921.178s
1158000 +1.46538597e+08 +1.46538589e+08  7.10e+00   2.09e-01     1.93e-04   921.899s
1159000 +1.46538597e+08 +1.46538590e+08  7.24e+00   2.04e-01     1.95e-04   922.619s
1160000 +1.46538597e+08 +1.46538589e+08  7.23e+00   2.06e-01     1.98e-04   923.340s
1161000 +1.46538597e+08 +1.46538589e+08  7.09e+00   2.06e-01     1.97e-04   924.061s
1162000 +1.46538597e+08 +1.46538589e+08  7.36e+00   2.04e-01     1.94e-04   924.781s
1163000 +1.46538597e+08 +1.46538589e+08  7.04e+00   2.08e-01     1.94e-04   925.502s
1164000 +1.46538597e+08 +1.46538589e+08  7.28e+00   2.04e-01     1.95e-04   926.222s
1165000 +1.46538597e+08 +1.46538589e+08  7.20e+00   2.05e-01     1.97e-04   926.943s
1166000 +1.46538597e+08 +1.46538589e+08  7.10e+00   2.06e-01     1.96e-04   927.664s
1167000 +1.46538597e+08 +1.46538589e+08  7.32e+00   2.03e-01     1.93e-04   928.384s
1168000 +1.46538597e+08 +1.46538590e+08  7.00e+00   2.06e-01     1.94e-04   929.105s
1169000 +1.46538597e+08 +1.46538589e+08  7.22e+00   2.03e-01     1.95e-04   929.826s
1170000 +1.46538597e+08 +1.46538589e+08  7.16e+00   2.04e-01     1.96e-04   930.546s
1171000 +1.46538597e+08 +1.46538589e+08  7.09e+00   2.05e-01     1.94e-04   931.267s
1172000 +1.46538597e+08 +1.46538590e+08  7.22e+00   2.03e-01     1.93e-04   931.988s
1173000 +1.46538597e+08 +1.46538589e+08  7.07e+00   2.05e-01     1.94e-04   932.709s
1174000 +1.46538597e+08 +1.46538590e+08  7.10e+00   2.03e-01     1.96e-04   933.430s
1175000 +1.46538597e+08 +1.46538589e+08  7.16e+00   2.03e-01     1.95e-04   934.150s
1176000 +1.46538596e+08 +1.46538589e+08  7.02e+00   2.05e-01     1.94e-04   934.870s
1177000 +1.46538597e+08 +1.46538589e+08  7.23e+00   2.02e-01     1.93e-04   935.591s
1178000 +1.46538596e+08 +1.46538590e+08  6.96e+00   2.04e-01     1.94e-04   936.311s
1179000 +1.46538597e+08 +1.46538589e+08  7.13e+00   2.02e-01     1.95e-04   937.032s
1180000 +1.46538597e+08 +1.46538589e+08  7.12e+00   2.02e-01     1.95e-04   937.753s
1181000 +1.46538596e+08 +1.46538589e+08  6.95e+00   2.04e-01     1.93e-04   938.473s
1182000 +1.46538597e+08 +1.46538590e+08  7.17e+00   2.01e-01     1.93e-04   939.194s
1183000 +1.46538596e+08 +1.46538589e+08  6.97e+00   2.03e-01     1.94e-04   939.914s
1184000 +1.46538597e+08 +1.46538590e+08  7.04e+00   2.02e-01     1.95e-04   940.635s
1185000 +1.46538597e+08 +1.46538589e+08  7.09e+00   2.01e-01     1.95e-04   941.355s
1186000 +1.46538596e+08 +1.46538590e+08  6.84e+00   2.04e-01     1.92e-04   942.075s
1187000 +1.46538597e+08 +1.46538589e+08  7.13e+00   2.00e-01     1.92e-04   942.796s
1188000 +1.46538596e+08 +1.46538589e+08  6.94e+00   2.02e-01     1.94e-04   943.517s
1189000 +1.46538596e+08 +1.46538589e+08  6.94e+00   2.01e-01     1.95e-04   944.238s
1190000 +1.46538597e+08 +1.46538589e+08  7.09e+00   2.00e-01     1.93e-04   944.958s
1191000 +1.46538596e+08 +1.46538590e+08  6.77e+00   2.03e-01     1.92e-04   945.679s
1192000 +1.46538597e+08 +1.46538590e+08  7.04e+00   2.00e-01     1.93e-04   946.399s
1193000 +1.46538596e+08 +1.46538590e+08  6.83e+00   2.01e-01     1.94e-04   947.120s
1194000 +1.46538596e+08 +1.46538590e+08  6.86e+00   2.01e-01     1.94e-04   947.841s
1195000 +1.46538596e+08 +1.46538590e+08  6.99e+00   1.99e-01     1.93e-04   948.562s
1196000 +1.46538596e+08 +1.46538590e+08  6.72e+00   2.02e-01     1.92e-04   949.283s
1197000 +1.46538596e+08 +1.46538590e+08  6.91e+00   1.99e-01     1.94e-04   950.003s
1198000 +1.46538596e+08 +1.46538589e+08  6.87e+00   2.00e-01     1.94e-04   950.724s
1199000 +1.46538596e+08 +1.46538590e+08  6.70e+00   2.00e-01     1.93e-04   951.445s
1200000 +1.46538596e+08 +1.46538590e+08  6.86e+00   1.98e-01     1.92e-04   952.165s
1201000 +1.46538596e+08 +1.46538590e+08  6.69e+00   2.01e-01     1.91e-04   952.887s
1202000 +1.46538596e+08 +1.46538589e+08  6.88e+00   1.99e-01     1.94e-04   953.607s
1203000 +1.46538596e+08 +1.46538590e+08  6.77e+00   1.99e-01     1.94e-04   954.328s
1204000 +1.46538596e+08 +1.46538590e+08  6.70e+00   2.00e-01     1.93e-04   955.049s
1205000 +1.46538596e+08 +1.46538590e+08  6.84e+00   1.98e-01     1.92e-04   955.770s
1206000 +1.46538596e+08 +1.46538590e+08  6.66e+00   2.01e-01     1.92e-04   956.490s
1207000 +1.46538596e+08 +1.46538590e+08  6.83e+00   1.98e-01     1.94e-04   957.211s
1208000 +1.46538596e+08 +1.46538590e+08  6.78e+00   1.98e-01     1.94e-04   957.932s
1209000 +1.46538596e+08 +1.46538590e+08  6.66e+00   1.99e-01     1.92e-04   958.653s
1210000 +1.46538596e+08 +1.46538590e+08  6.87e+00   1.97e-01     1.91e-04   959.373s
1211000 +1.46538596e+08 +1.46538590e+08  6.61e+00   1.99e-01     1.91e-04   960.094s
1212000 +1.46538596e+08 +1.46538590e+08  6.75e+00   1.97e-01     1.93e-04   960.815s
1213000 +1.46538596e+08 +1.46538590e+08  6.72e+00   1.97e-01     1.93e-04   961.535s
1214000 +1.46538596e+08 +1.46538590e+08  6.63e+00   1.99e-01     1.91e-04   962.256s
1215000 +1.46538596e+08 +1.46538590e+08  6.76e+00   1.97e-01     1.90e-04   962.977s
1216000 +1.46538596e+08 +1.46538590e+08  6.57e+00   1.98e-01     1.92e-04   963.698s
1217000 +1.46538596e+08 +1.46538590e+08  6.65e+00   1.97e-01     1.94e-04   964.419s
1218000 +1.46538596e+08 +1.46538590e+08  6.77e+00   1.96e-01     1.92e-04   965.139s
1219000 +1.46538596e+08 +1.46538590e+08  6.59e+00   1.99e-01     1.92e-04   965.860s
1220000 +1.46538596e+08 +1.46538590e+08  6.84e+00   1.96e-01     1.91e-04   966.581s
1221000 +1.46538596e+08 +1.46538590e+08  6.53e+00   1.98e-01     1.92e-04   967.301s
1222000 +1.46538596e+08 +1.46538590e+08  6.65e+00   1.97e-01     1.93e-04   968.022s
1223000 +1.46538596e+08 +1.46538590e+08  6.73e+00   1.96e-01     1.92e-04   968.743s
1224000 +1.46538596e+08 +1.46538590e+08  6.55e+00   1.98e-01     1.91e-04   969.463s
1225000 +1.46538596e+08 +1.46538590e+08  6.74e+00   1.95e-01     1.91e-04   970.184s
1226000 +1.46538596e+08 +1.46538590e+08  6.68e+00   1.97e-01     1.93e-04   970.904s
1227000 +1.46538596e+08 +1.46538590e+08  6.65e+00   1.96e-01     1.93e-04   971.625s
1228000 +1.46538596e+08 +1.46538590e+08  6.73e+00   1.95e-01     1.91e-04   972.345s
1229000 +1.46538596e+08 +1.46538590e+08  6.55e+00   1.98e-01     1.90e-04   973.066s
1230000 +1.46538596e+08 +1.46538590e+08  6.74e+00   1.95e-01     1.91e-04   973.787s
1231000 +1.46538596e+08 +1.46538590e+08  6.54e+00   1.96e-01     1.92e-04   974.508s
1232000 +1.46538596e+08 +1.46538590e+08  6.53e+00   1.96e-01     1.92e-04   975.228s
1233000 +1.46538596e+08 +1.46538590e+08  6.67e+00   1.94e-01     1.90e-04   975.949s
1234000 +1.46538596e+08 +1.46538590e+08  6.53e+00   1.97e-01     1.91e-04   976.670s
1235000 +1.46538596e+08 +1.46538590e+08  6.62e+00   1.94e-01     1.91e-04   977.390s
1236000 +1.46538596e+08 +1.46538590e+08  6.57e+00   1.95e-01     1.92e-04   978.111s
1237000 +1.46538596e+08 +1.46538590e+08  6.58e+00   1.95e-01     1.91e-04   978.833s
1238000 +1.46538596e+08 +1.46538590e+08  6.57e+00   1.94e-01     1.90e-04   979.553s
1239000 +1.46538596e+08 +1.46538590e+08  6.50e+00   1.96e-01     1.91e-04   980.274s
1240000 +1.46538596e+08 +1.46538590e+08  6.55e+00   1.94e-01     1.91e-04   980.995s
1241000 +1.46538596e+08 +1.46538590e+08  6.54e+00   1.94e-01     1.92e-04   981.716s
1242000 +1.46538596e+08 +1.46538590e+08  6.45e+00   1.95e-01     1.91e-04   982.436s
1243000 +1.46538596e+08 +1.46538590e+08  6.58e+00   1.93e-01     1.89e-04   983.157s
1244000 +1.46538596e+08 +1.46538590e+08  6.44e+00   1.95e-01     1.89e-04   983.878s
1245000 +1.46538596e+08 +1.46538590e+08  6.55e+00   1.93e-01     1.91e-04   984.599s
1246000 +1.46538596e+08 +1.46538590e+08  6.51e+00   1.93e-01     1.91e-04   985.319s
1247000 +1.46538596e+08 +1.46538590e+08  6.39e+00   1.95e-01     1.89e-04   986.040s
1248000 +1.46538596e+08 +1.46538590e+08  6.59e+00   1.92e-01     1.89e-04   986.761s
1249000 +1.46538596e+08 +1.46538590e+08  6.40e+00   1.94e-01     1.90e-04   987.482s
1250000 +1.46538596e+08 +1.46538590e+08  6.48e+00   1.93e-01     1.91e-04   988.202s
1251000 +1.46538596e+08 +1.46538590e+08  6.50e+00   1.92e-01     1.91e-04   988.923s
1252000 +1.46538596e+08 +1.46538590e+08  6.37e+00   1.94e-01     1.90e-04   989.644s
1253000 +1.46538596e+08 +1.46538590e+08  6.60e+00   1.92e-01     1.89e-04   990.364s
1254000 +1.46538596e+08 +1.46538590e+08  6.36e+00   1.93e-01     1.90e-04   991.085s
1255000 +1.46538596e+08 +1.46538590e+08  6.51e+00   1.92e-01     1.91e-04   991.806s
1256000 +1.46538596e+08 +1.46538590e+08  6.56e+00   1.92e-01     1.90e-04   992.527s
1257000 +1.46538596e+08 +1.46538590e+08  6.34e+00   1.94e-01     1.89e-04   993.247s
1258000 +1.46538596e+08 +1.46538590e+08  6.57e+00   1.91e-01     1.89e-04   993.968s
1259000 +1.46538596e+08 +1.46538590e+08  6.45e+00   1.92e-01     1.89e-04   994.688s
1260000 +1.46538596e+08 +1.46538590e+08  6.50e+00   1.92e-01     1.90e-04   995.409s
1261000 +1.46538596e+08 +1.46538590e+08  6.55e+00   1.91e-01     1.90e-04   996.129s
1262000 +1.46538596e+08 +1.46538590e+08  6.39e+00   1.93e-01     1.89e-04   996.851s
1263000 +1.46538596e+08 +1.46538590e+08  6.52e+00   1.91e-01     1.89e-04   997.572s
1264000 +1.46538596e+08 +1.46538590e+08  6.50e+00   1.92e-01     1.91e-04   998.293s
1265000 +1.46538596e+08 +1.46538590e+08  6.43e+00   1.92e-01     1.90e-04   999.013s
1266000 +1.46538596e+08 +1.46538590e+08  6.58e+00   1.90e-01     1.88e-04   999.734s
1267000 +1.46538596e+08 +1.46538590e+08  6.46e+00   1.92e-01     1.88e-04   1000.455s
1268000 +1.46538596e+08 +1.46538590e+08  6.55e+00   1.90e-01     1.89e-04   1001.176s
1269000 +1.46538596e+08 +1.46538590e+08  6.57e+00   1.91e-01     1.90e-04   1001.898s
1270000 +1.46538596e+08 +1.46538590e+08  6.44e+00   1.91e-01     1.89e-04   1002.619s
1271000 +1.46538596e+08 +1.46538590e+08  6.67e+00   1.90e-01     1.88e-04   1003.340s
1272000 +1.46538596e+08 +1.46538590e+08  6.48e+00   1.92e-01     1.89e-04   1004.060s
1273000 +1.46538596e+08 +1.46538590e+08  6.58e+00   1.90e-01     1.89e-04   1004.781s
1274000 +1.46538596e+08 +1.46538590e+08  6.54e+00   1.90e-01     1.90e-04   1005.502s
1275000 +1.46538596e+08 +1.46538590e+08  6.50e+00   1.91e-01     1.89e-04   1006.223s
1276000 +1.46538596e+08 +1.46538590e+08  6.64e+00   1.89e-01     1.88e-04   1006.944s
1277000 +1.46538596e+08 +1.46538590e+08  6.44e+00   1.91e-01     1.89e-04   1007.665s
1278000 +1.46538596e+08 +1.46538590e+08  6.54e+00   1.89e-01     1.89e-04   1008.386s
1279000 +1.46538596e+08 +1.46538590e+08  6.44e+00   1.89e-01     1.90e-04   1009.106s
1280000 +1.46538596e+08 +1.46538590e+08  6.49e+00   1.90e-01     1.89e-04   1009.827s
1281000 +1.46538596e+08 +1.46538590e+08  6.61e+00   1.89e-01     1.88e-04   1010.547s
1282000 +1.46538596e+08 +1.46538590e+08  6.47e+00   1.90e-01     1.87e-04   1011.267s
1283000 +1.46538596e+08 +1.46538590e+08  6.51e+00   1.89e-01     1.88e-04   1011.988s
1284000 +1.46538596e+08 +1.46538590e+08  6.55e+00   1.89e-01     1.89e-04   1012.709s
1285000 +1.46538596e+08 +1.46538590e+08  6.42e+00   1.90e-01     1.88e-04   1013.430s
1286000 +1.46538596e+08 +1.46538590e+08  6.63e+00   1.88e-01     1.87e-04   1014.151s
1287000 +1.46538596e+08 +1.46538590e+08  6.39e+00   1.89e-01     1.88e-04   1014.872s
1288000 +1.46538596e+08 +1.46538590e+08  6.58e+00   1.88e-01     1.89e-04   1015.592s
1289000 +1.46538596e+08 +1.46538590e+08  6.54e+00   1.88e-01     1.87e-04   1016.313s
1290000 +1.46538596e+08 +1.46538590e+08  6.39e+00   1.89e-01     1.87e-04   1017.034s
1291000 +1.46538596e+08 +1.46538590e+08  6.55e+00   1.87e-01     1.87e-04   1017.755s
1292000 +1.46538596e+08 +1.46538590e+08  6.44e+00   1.88e-01     1.88e-04   1018.475s
1293000 +1.46538596e+08 +1.46538590e+08  6.46e+00   1.88e-01     1.88e-04   1019.196s
1294000 +1.46538596e+08 +1.46538590e+08  6.61e+00   1.87e-01     1.88e-04   1019.917s
1295000 +1.46538596e+08 +1.46538590e+08  6.37e+00   1.89e-01     1.88e-04   1020.637s
1296000 +1.46538596e+08 +1.46538590e+08  6.62e+00   1.87e-01     1.87e-04   1021.358s
1297000 +1.46538596e+08 +1.46538590e+08  6.48e+00   1.88e-01     1.88e-04   1022.079s
1298000 +1.46538596e+08 +1.46538590e+08  6.45e+00   1.87e-01     1.87e-04   1022.800s
1299000 +1.46538596e+08 +1.46538590e+08  6.58e+00   1.87e-01     1.87e-04   1023.520s
1300000 +1.46538596e+08 +1.46538590e+08  6.45e+00   1.88e-01     1.86e-04   1024.241s
1301000 +1.46538596e+08 +1.46538590e+08  6.56e+00   1.86e-01     1.86e-04   1024.962s
1302000 +1.46538596e+08 +1.46538590e+08  6.52e+00   1.87e-01     1.88e-04   1025.682s
1303000 +1.46538596e+08 +1.46538590e+08  6.51e+00   1.87e-01     1.88e-04   1026.403s
1304000 +1.46538596e+08 +1.46538590e+08  6.62e+00   1.86e-01     1.87e-04   1027.124s
1305000 +1.46538596e+08 +1.46538590e+08  6.48e+00   1.88e-01     1.86e-04   1027.845s
1306000 +1.46538596e+08 +1.46538590e+08  6.59e+00   1.86e-01     1.87e-04   1028.565s
1307000 +1.46538596e+08 +1.46538590e+08  6.57e+00   1.86e-01     1.87e-04   1029.286s
1308000 +1.46538596e+08 +1.46538590e+08  6.57e+00   1.87e-01     1.87e-04   1030.007s
1309000 +1.46538596e+08 +1.46538590e+08  6.61e+00   1.86e-01     1.87e-04   1030.727s
1310000 +1.46538596e+08 +1.46538590e+08  6.53e+00   1.87e-01     1.87e-04   1031.448s
1311000 +1.46538596e+08 +1.46538590e+08  6.59e+00   1.85e-01     1.88e-04   1032.169s
1312000 +1.46538596e+08 +1.46538590e+08  6.62e+00   1.86e-01     1.87e-04   1032.890s
1313000 +1.46538596e+08 +1.46538590e+08  6.48e+00   1.86e-01     1.87e-04   1033.610s
1314000 +1.46538596e+08 +1.46538590e+08  6.66e+00   1.85e-01     1.87e-04   1034.331s
1315000 +1.46538596e+08 +1.46538590e+08  6.43e+00   1.86e-01     1.86e-04   1035.052s
1316000 +1.46538596e+08 +1.46538590e+08  6.61e+00   1.85e-01     1.87e-04   1035.772s
1317000 +1.46538596e+08 +1.46538590e+08  6.56e+00   1.85e-01     1.87e-04   1036.492s
1318000 +1.46538596e+08 +1.46538590e+08  6.47e+00   1.86e-01     1.86e-04   1037.212s
1319000 +1.46538596e+08 +1.46538590e+08  6.64e+00   1.85e-01     1.85e-04   1037.934s
1320000 +1.46538596e+08 +1.46538590e+08  6.49e+00   1.86e-01     1.86e-04   1038.654s
1321000 +1.46538596e+08 +1.46538590e+08  6.54e+00   1.84e-01     1.87e-04   1039.375s
1322000 +1.46538596e+08 +1.46538590e+08  6.58e+00   1.84e-01     1.87e-04   1040.096s
1323000 +1.46538596e+08 +1.46538590e+08  6.47e+00   1.85e-01     1.85e-04   1040.817s
1324000 +1.46538596e+08 +1.46538590e+08  6.70e+00   1.84e-01     1.85e-04   1041.537s
1325000 +1.46538596e+08 +1.46538590e+08  6.47e+00   1.85e-01     1.86e-04   1042.257s
1326000 +1.46538596e+08 +1.46538590e+08  6.54e+00   1.84e-01     1.86e-04   1042.978s
1327000 +1.46538596e+08 +1.46538590e+08  6.66e+00   1.84e-01     1.87e-04   1043.699s
1328000 +1.46538596e+08 +1.46538590e+08  6.41e+00   1.85e-01     1.86e-04   1044.420s
1329000 +1.46538596e+08 +1.46538590e+08  6.67e+00   1.83e-01     1.86e-04   1045.140s
1330000 +1.46538596e+08 +1.46538535e+08  6.07e+01   1.63e-01     6.32e-03   1045.862s
1331000 +1.46538596e+08 +1.46538540e+08  5.64e+01   1.60e-01     6.33e-03   1046.583s
1331400 +1.46538596e+08 +1.46538540e+08  5.55e+01   1.59e-01     6.31e-03   1046.871s
LP Solver status:                Optimal
Primal objective:                +1.46538596e+08
Dual objective:                  +1.46538540e+08
Duality gap (abs/rel):           +5.55e+01 / +1.89e-07
Primal infeasibility (abs/rel):  +1.59e-01 / +9.98e-05
Dual infeasibility (abs/rel):    +6.31e-03 / +5.61e-07
Distributed PDLP finished
Status: Optimal   Objective: 1.46538596e+08  Iterations: 1331400  Time: 1059.034s

### exit_code=0
### finished=2026-07-23T20:05:21.817845
### gpu_peak_mb=15226.4
### gpu_peak2_mb=11194.4
### per_gpu_peak_mb=[15226.375, 11194.375, 11194.375, 11194.375, 10682.375, 10682.375, 11194.375, 10842.375]
