### solver=cuopt-distributed
### instance=/home/scratch.vmostovoi_gpu/datasets/PSLP_presolved/psr-100_PSLP_presolved.mps
### n_gpus=8
### CUDA_VISIBLE_DEVICES=0,1,2,3,4,5,6,7
### started=2026-08-09T17:16:44.596999
### argv=/home/scratch.vmostovoi_gpu/mostovoi_cuopt/cpp/build/cuopt_cli --method 1 --presolve 0 --mps-reader experimental-fast --time-limit 3600 --iteration-limit 1000000000 --relative-primal-tolerance 1e-4 --relative-dual-tolerance 1e-4 --relative-gap-tolerance 1e-4 --log-to-console true --num-gpus 8 /home/scratch.vmostovoi_gpu/datasets/PSLP_presolved/psr-100_PSLP_presolved.mps
### --- solver output ---
Setting parameter iteration_limit to 1000000000
Setting parameter log_to_console to true
Setting parameter method to 1
Setting parameter num_gpus to 8
Setting parameter presolve to 0
Setting parameter relative_dual_tolerance to 1.000000e-04
Setting parameter relative_gap_tolerance to 1.000000e-04
Setting parameter relative_primal_tolerance to 1.000000e-04
Setting parameter time_limit to 3.600000e+03
Reading file psr-100_PSLP_presolved.mps
Using experimental fast MPS parser for '/home/scratch.vmostovoi_gpu/datasets/PSLP_presolved/psr-100_PSLP_presolved.mps'
Read file psr-100_PSLP_presolved.mps in 29.19 seconds
cuOpt version: 26.10.0, git hash: f3ebc673, host arch: x86_64, device archs: 100a-real
CPU: INTEL(R) XEON(R) PLATINUM 8570, threads (physical/logical): 112/224, RAM (available/total): 1939.41 / 2015.54 GiB
CUDA 13.3, device: NVIDIA B200 (ID 0), VRAM: 178.34 GiB
CUDA device UUID: 60b1e1cb-ecc0-0b03-f242-03b708f69ef9
CUDA 13.3, device: NVIDIA B200 (ID 1), VRAM: 178.34 GiB
CUDA device UUID: 0aa5b660-20d3-b569-c712-8704c8049681
CUDA 13.3, device: NVIDIA B200 (ID 2), VRAM: 178.34 GiB
CUDA device UUID: ed2455df-4e5f-44a6-c58e-ce3537049d32
CUDA 13.3, device: NVIDIA B200 (ID 3), VRAM: 178.34 GiB
CUDA device UUID: de85800a-4950-7a4c-1834-7a30fcf4bbe1
CUDA 13.3, device: NVIDIA B200 (ID 4), VRAM: 178.34 GiB
CUDA device UUID: 392681e6-30ed-fa8b-27a9-eaf56b595c32
CUDA 13.3, device: NVIDIA B200 (ID 5), VRAM: 178.34 GiB
CUDA device UUID: 31e6ca9e-2ac3-affe-a481-429c89c88f05
CUDA 13.3, device: NVIDIA B200 (ID 6), VRAM: 178.34 GiB
CUDA device UUID: a9047ee9-473a-2050-e125-75f8a005a35d
CUDA 13.3, device: NVIDIA B200 (ID 7), VRAM: 178.34 GiB
CUDA device UUID: 86ff0bbe-6d2a-ed72-a882-9abe402ba79e
Solving a problem with 173558092 constraints, 153583727 variables (0 integers), and 588156995 nonzeros
Solving with distributed PDLP on 8 GPUs.
NCCL version 2.30.7+cuda13.3
      0 +8.79066000e+08 +8.79066000e+08  0.00e+00   1.10e+09     1.65e+07   81.125s
   1000 +6.38117430e+11 +6.93308954e+15  6.93e+15   1.50e+08     3.92e+05   84.154s
   2000 +7.30698870e+11 +1.17763085e+17  1.18e+17   1.49e+08     1.30e+06   86.784s
   3000 +7.87680703e+11 +1.78179814e+18  1.78e+18   1.48e+08     8.89e+06   89.415s
   4000 +8.30019861e+11 +1.50739070e+19  1.51e+19   1.48e+08     9.82e+07   92.045s
   5000 +8.70051909e+11 +4.52322085e+19  4.52e+19   1.48e+08     1.03e+08   94.669s
   6000 +9.09366505e+11 +2.03598092e+20  2.04e+20   1.48e+08     2.02e+09   97.302s
   7000 +9.27894222e+11 +8.75679694e+20  8.76e+20   1.48e+08     2.04e+09   99.926s
   8000 +9.55254438e+11 +1.54722844e+21  1.55e+21   1.48e+08     2.05e+09   102.551s
   9000 +9.85760034e+11 +2.21699522e+21  2.22e+21   1.48e+08     2.05e+09   105.175s
  10000 +9.97198147e+11 +2.36653339e+22  2.37e+22   1.48e+08     7.86e+10   107.803s
  11000 +1.00771842e+12 +5.03127797e+22  5.03e+22   1.48e+08     7.87e+10   110.405s
  12000 +1.02066720e+12 +7.69580295e+22  7.70e+22   1.48e+08     7.88e+10   113.008s
  13000 +1.03468475e+12 +1.03587465e+23  1.04e+23   1.48e+08     7.88e+10   115.610s
  14000 +1.04929690e+12 +1.30201137e+23  1.30e+23   1.48e+08     7.88e+10   118.212s
  15000 +1.05595484e+12 +1.47456269e+24  1.47e+24   1.48e+08     6.52e+12   120.817s
  16000 +1.05858888e+12 +3.69748545e+24  3.70e+24   1.48e+08     6.52e+12   123.420s
  17000 +1.06216317e+12 +5.92049326e+24  5.92e+24   1.48e+08     6.52e+12   126.022s
  18000 +1.06630090e+12 +8.14349526e+24  8.14e+24   1.48e+08     6.53e+12   128.627s
  19000 +1.07074864e+12 +1.03663164e+25  1.04e+25   1.48e+08     6.53e+12   131.234s
  20000 +1.07532657e+12 +1.25888880e+25  1.26e+25   1.48e+08     6.53e+12   133.837s
  21000 +1.07989970e+12 +1.48112879e+25  1.48e+25   1.48e+08     6.53e+12   136.440s
  22000 +1.08419621e+12 +1.70335929e+25  1.70e+25   1.48e+08     6.53e+12   139.046s
  23000 +1.32566614e+13 +1.83533629e+25  1.84e+25   3.77e+08     1.45e+09   141.653s
  24000 +1.17260175e+13 +1.83533694e+25  1.84e+25   2.79e+08     4.25e+07   144.258s
  25000 +1.03222495e+13 +1.83533743e+25  1.84e+25   2.51e+08     3.37e+07   146.864s
  26000 +9.23738240e+12 +1.83533785e+25  1.84e+25   2.37e+08     2.97e+07   149.467s
  27000 +8.47740871e+12 +1.83533822e+25  1.84e+25   2.27e+08     2.74e+07   152.067s
  28000 +7.84062705e+12 +1.83533856e+25  1.84e+25   2.20e+08     2.58e+07   154.668s
  29000 +7.25758521e+12 +1.83533888e+25  1.84e+25   2.14e+08     2.45e+07   157.271s
  30000 +6.74960563e+12 +1.83533919e+25  1.84e+25   2.11e+08     2.36e+07   159.873s
  31000 +6.35050274e+12 +1.83533948e+25  1.84e+25   2.07e+08     2.26e+07   162.474s
  32000 +6.07514332e+12 +1.83533976e+25  1.84e+25   2.04e+08     2.17e+07   165.074s
  33000 +5.89048704e+12 +1.83534003e+25  1.84e+25   2.02e+08     2.10e+07   167.674s
  34000 +5.74935302e+12 +1.83534029e+25  1.84e+25   2.00e+08     2.05e+07   170.273s
  35000 +5.62609456e+12 +1.83534055e+25  1.84e+25   1.99e+08     2.01e+07   172.873s
  36000 +5.54487460e+12 +1.83534129e+25  1.84e+25   1.92e+08     2.03e+08   175.476s
  37000 +5.48204335e+12 +1.83534397e+25  1.84e+25   1.84e+08     1.80e+08   178.078s
  38000 +5.43741832e+12 +1.83534636e+25  1.84e+25   1.79e+08     1.68e+08   180.680s
  39000 +5.40730914e+12 +1.83534860e+25  1.84e+25   1.76e+08     1.60e+08   183.281s
  40000 +5.38421100e+12 +1.83535074e+25  1.84e+25   1.74e+08     1.53e+08   185.883s
  41000 +5.36396991e+12 +1.83535281e+25  1.84e+25   1.73e+08     1.48e+08   188.485s
  42000 +5.34438517e+12 +1.83535484e+25  1.84e+25   1.71e+08     1.45e+08   191.086s
  43000 +5.32688142e+12 +1.83535682e+25  1.84e+25   1.70e+08     1.41e+08   193.688s
  44000 +5.31017048e+12 +1.83535876e+25  1.84e+25   1.69e+08     1.37e+08   196.290s
  45000 +5.29363742e+12 +1.83536068e+25  1.84e+25   1.69e+08     1.35e+08   198.891s
  46000 +5.27692889e+12 +1.83536257e+25  1.84e+25   1.68e+08     1.33e+08   201.493s
  47000 +5.26183354e+12 +1.83536444e+25  1.84e+25   1.67e+08     1.31e+08   204.095s
  48000 +5.24825492e+12 +1.83536628e+25  1.84e+25   1.67e+08     1.29e+08   206.696s
  49000 +5.23468403e+12 +1.83536810e+25  1.84e+25   1.66e+08     1.27e+08   209.298s
  50000 +5.22101756e+12 +1.83536989e+25  1.84e+25   1.65e+08     1.24e+08   211.900s
  51000 +5.20754427e+12 +1.83537165e+25  1.84e+25   1.65e+08     1.23e+08   214.501s
  52000 +5.19412888e+12 +1.83537339e+25  1.84e+25   1.64e+08     1.20e+08   217.103s
  53000 +5.18038451e+12 +1.83537511e+25  1.84e+25   1.64e+08     1.19e+08   219.705s
  54000 +5.16770905e+12 +1.83537683e+25  1.84e+25   1.63e+08     1.17e+08   222.306s
  55000 +5.16336182e+12 +1.83539295e+25  1.84e+25   1.61e+08     5.97e+09   224.911s
  56000 +5.17782498e+12 +1.83547405e+25  1.84e+25   1.56e+08     5.16e+09   227.513s
  57000 +5.17819784e+12 +1.83555085e+25  1.84e+25   1.54e+08     4.52e+09   230.115s
  58000 +5.17515511e+12 +1.83562381e+25  1.84e+25   1.52e+08     4.02e+09   232.716s
  59000 +5.17025246e+12 +1.83569559e+25  1.84e+25   1.52e+08     3.66e+09   235.319s
  60000 +5.16366773e+12 +1.83576648e+25  1.84e+25   1.52e+08     3.50e+09   237.920s
  61000 +5.15710373e+12 +1.83583705e+25  1.84e+25   1.51e+08     3.34e+09   240.522s
  62000 +5.14958874e+12 +1.83590726e+25  1.84e+25   1.51e+08     3.24e+09   243.124s
  63000 +5.14202055e+12 +1.83597730e+25  1.84e+25   1.51e+08     3.16e+09   245.726s
  64000 +5.13427538e+12 +1.83604708e+25  1.84e+25   1.51e+08     3.12e+09   248.328s
  65000 +5.12678646e+12 +1.83611682e+25  1.84e+25   1.51e+08     3.07e+09   250.930s
  66000 +5.11974095e+12 +1.83618635e+25  1.84e+25   1.51e+08     3.04e+09   253.532s
  67000 +5.11288918e+12 +1.83625580e+25  1.84e+25   1.51e+08     3.00e+09   256.134s
  68000 +5.10587558e+12 +1.83632491e+25  1.84e+25   1.51e+08     2.97e+09   258.735s
  69000 +5.09873934e+12 +1.83639409e+25  1.84e+25   1.50e+08     2.93e+09   261.341s
  70000 +5.09158197e+12 +1.83646305e+25  1.84e+25   1.50e+08     2.92e+09   263.948s
  71000 +5.08387052e+12 +1.83653203e+25  1.84e+25   1.50e+08     2.89e+09   266.552s
  72000 +5.07612065e+12 +1.83660085e+25  1.84e+25   1.50e+08     2.87e+09   269.153s
  73000 +5.06869374e+12 +1.83666961e+25  1.84e+25   1.50e+08     2.85e+09   271.755s
  74000 +5.06171442e+12 +1.83673829e+25  1.84e+25   1.50e+08     2.83e+09   274.357s
  75000 +5.05397950e+12 +1.83680684e+25  1.84e+25   1.50e+08     2.82e+09   276.959s
  76000 +5.04671461e+12 +1.83687533e+25  1.84e+25   1.50e+08     2.80e+09   279.561s
  77000 +5.03898456e+12 +1.83694378e+25  1.84e+25   1.50e+08     2.79e+09   282.163s
  78000 +5.03145229e+12 +1.83701219e+25  1.84e+25   1.50e+08     2.77e+09   284.765s
  79000 +5.02396548e+12 +1.83708049e+25  1.84e+25   1.50e+08     2.76e+09   287.367s
  80000 +5.01636465e+12 +1.83714879e+25  1.84e+25   1.50e+08     2.75e+09   289.969s
  81000 +5.00880926e+12 +1.83721701e+25  1.84e+25   1.50e+08     2.74e+09   292.571s
  82000 +5.00147449e+12 +1.83728525e+25  1.84e+25   1.50e+08     2.73e+09   295.173s
  83000 +4.99429700e+12 +1.83735347e+25  1.84e+25   1.50e+08     2.72e+09   297.779s
  84000 +4.98721272e+12 +1.83742163e+25  1.84e+25   1.50e+08     2.72e+09   300.385s
  85000 +4.98022742e+12 +1.83748972e+25  1.84e+25   1.50e+08     2.71e+09   302.991s
  86000 +4.97944593e+12 +1.83850450e+25  1.84e+25   1.50e+08     1.95e+11   305.598s
  87000 +4.99767047e+12 +1.84333633e+25  1.84e+25   1.49e+08     1.84e+11   308.200s
  88000 +5.00446127e+12 +1.84819916e+25  1.85e+25   1.49e+08     1.73e+11   310.803s
  89000 +5.00944010e+12 +1.85305484e+25  1.85e+25   1.48e+08     1.65e+11   313.405s
  90000 +5.01396774e+12 +1.85789670e+25  1.86e+25   1.48e+08     1.60e+11   316.007s
  91000 +5.01801137e+12 +1.86272921e+25  1.86e+25   1.48e+08     1.58e+11   318.609s
  92000 +5.02269420e+12 +1.86755052e+25  1.87e+25   1.48e+08     1.57e+11   321.212s
  93000 +5.02710368e+12 +1.87236638e+25  1.87e+25   1.48e+08     1.54e+11   323.814s
  94000 +5.03122325e+12 +1.87717145e+25  1.88e+25   1.48e+08     1.53e+11   326.417s
  95000 +5.03400047e+12 +1.88197162e+25  1.88e+25   1.48e+08     1.51e+11   329.023s
  96000 +5.03758270e+12 +1.88677062e+25  1.89e+25   1.48e+08     1.51e+11   331.626s
  97000 +5.04014056e+12 +1.89156592e+25  1.89e+25   1.48e+08     1.50e+11   334.231s
  98000 +5.04213605e+12 +1.89635757e+25  1.90e+25   1.48e+08     1.49e+11   336.834s
  99000 +5.04496881e+12 +1.90114412e+25  1.90e+25   1.48e+08     1.48e+11   339.436s
 100000 +5.04895038e+12 +1.90592761e+25  1.91e+25   1.48e+08     1.47e+11   342.039s
 101000 +5.05229642e+12 +1.91070275e+25  1.91e+25   1.48e+08     1.45e+11   344.641s
 102000 +5.05395774e+12 +1.91547484e+25  1.92e+25   1.48e+08     1.44e+11   347.243s
 103000 +5.05591604e+12 +1.92024658e+25  1.92e+25   1.48e+08     1.44e+11   349.845s
 104000 +5.05739010e+12 +1.92501786e+25  1.93e+25   1.48e+08     1.43e+11   352.447s
 105000 +5.05901935e+12 +1.92978722e+25  1.93e+25   1.48e+08     1.43e+11   355.049s
 106000 +5.06005269e+12 +1.93455539e+25  1.93e+25   1.48e+08     1.43e+11   357.652s
 107000 +5.06102006e+12 +1.93932326e+25  1.94e+25   1.48e+08     1.42e+11   360.254s
 108000 +5.06222313e+12 +1.94409070e+25  1.94e+25   1.48e+08     1.42e+11   362.856s
 109000 +5.06306077e+12 +1.94885778e+25  1.95e+25   1.48e+08     1.42e+11   365.458s
 110000 +5.06368222e+12 +1.95362456e+25  1.95e+25   1.48e+08     1.42e+11   368.060s
 111000 +5.06407349e+12 +1.95839124e+25  1.96e+25   1.48e+08     1.42e+11   370.662s
 112000 +5.06486186e+12 +1.96315806e+25  1.96e+25   1.48e+08     1.41e+11   373.265s
 113000 +5.06561224e+12 +1.96792267e+25  1.97e+25   1.48e+08     1.41e+11   375.867s
 114000 +5.06587265e+12 +1.97268669e+25  1.97e+25   1.48e+08     1.41e+11   378.469s
 115000 +5.06607728e+12 +1.97745062e+25  1.98e+25   1.48e+08     1.41e+11   381.072s
 116000 +5.06623255e+12 +1.98221428e+25  1.98e+25   1.48e+08     1.41e+11   383.674s
 117000 +5.06643037e+12 +1.98697778e+25  1.99e+25   1.48e+08     1.41e+11   386.276s
 118000 +5.06656406e+12 +1.99174114e+25  1.99e+25   1.48e+08     1.41e+11   388.879s
 119000 +5.06657252e+12 +1.99650445e+25  2.00e+25   1.48e+08     1.41e+11   391.481s
 120000 +5.06687458e+12 +2.00126761e+25  2.00e+25   1.48e+08     1.41e+11   394.084s
 121000 +5.06694777e+12 +2.00603066e+25  2.01e+25   1.48e+08     1.40e+11   396.686s
 122000 +5.06684271e+12 +2.01079358e+25  2.01e+25   1.48e+08     1.40e+11   399.289s
 123000 +5.06683507e+12 +2.01555657e+25  2.02e+25   1.48e+08     1.40e+11   401.891s
 124000 +5.06675870e+12 +2.02031959e+25  2.02e+25   1.48e+08     1.40e+11   404.493s
 125000 +5.06679892e+12 +2.02508256e+25  2.03e+25   1.48e+08     1.40e+11   407.095s
 126000 +5.06658131e+12 +2.02984546e+25  2.03e+25   1.48e+08     1.40e+11   409.697s
 127000 +5.06636029e+12 +2.03460838e+25  2.03e+25   1.48e+08     1.40e+11   412.299s
 128000 +5.06620847e+12 +2.03937113e+25  2.04e+25   1.48e+08     1.40e+11   414.901s
 129000 +5.06604083e+12 +2.04413371e+25  2.04e+25   1.48e+08     1.40e+11   417.504s
 130000 +5.06590797e+12 +2.04889610e+25  2.05e+25   1.48e+08     1.40e+11   420.107s
 131000 +5.06574530e+12 +2.05365849e+25  2.05e+25   1.48e+08     1.40e+11   422.709s
 132000 +5.06542387e+12 +2.05842083e+25  2.06e+25   1.48e+08     1.40e+11   425.311s
 133000 +5.06519066e+12 +2.06318320e+25  2.06e+25   1.48e+08     1.40e+11   427.913s
 134000 +5.06496989e+12 +2.06794540e+25  2.07e+25   1.48e+08     1.40e+11   430.515s
 135000 +5.08466204e+12 +3.17411673e+25  3.17e+25   1.48e+08     4.05e+13   433.120s
 136000 +5.08564014e+12 +4.55561682e+25  4.56e+25   1.48e+08     4.05e+13   435.723s
 137000 +5.08638154e+12 +5.93711555e+25  5.94e+25   1.48e+08     4.05e+13   438.325s
 138000 +5.08697686e+12 +7.31861476e+25  7.32e+25   1.48e+08     4.05e+13   440.927s
 139000 +5.08747736e+12 +8.70011423e+25  8.70e+25   1.48e+08     4.05e+13   443.529s
 140000 +5.08788210e+12 +1.00816150e+26  1.01e+26   1.48e+08     4.05e+13   446.132s
 141000 +5.08817229e+12 +1.14631166e+26  1.15e+26   1.48e+08     4.05e+13   448.734s
 142000 +5.08842840e+12 +1.28446187e+26  1.28e+26   1.48e+08     4.05e+13   451.337s
 143000 +5.08867463e+12 +1.42261217e+26  1.42e+26   1.48e+08     4.05e+13   453.939s
 144000 +5.08889090e+12 +1.56076251e+26  1.56e+26   1.48e+08     4.05e+13   456.541s
 145000 +5.08909735e+12 +1.69891287e+26  1.70e+26   1.48e+08     4.05e+13   459.144s
 146000 +5.08929713e+12 +1.83706328e+26  1.84e+26   1.48e+08     4.05e+13   461.746s
 147000 +5.08949059e+12 +1.97521371e+26  1.98e+26   1.48e+08     4.05e+13   464.348s
 148000 +5.08965886e+12 +2.11336416e+26  2.11e+26   1.48e+08     4.05e+13   466.950s
 149000 +5.08981447e+12 +2.25151464e+26  2.25e+26   1.48e+08     4.05e+13   469.553s
 150000 +5.08996772e+12 +2.38966515e+26  2.39e+26   1.48e+08     4.05e+13   472.155s
 151000 +5.09011200e+12 +2.52781569e+26  2.53e+26   1.48e+08     4.05e+13   474.758s
 152000 +5.09024850e+12 +2.66596623e+26  2.67e+26   1.48e+08     4.05e+13   477.360s
 153000 +5.09039884e+12 +2.80411679e+26  2.80e+26   1.48e+08     4.05e+13   479.962s
 154000 +5.09052972e+12 +2.94226736e+26  2.94e+26   1.48e+08     4.05e+13   482.564s
 155000 +5.09065292e+12 +3.08041791e+26  3.08e+26   1.48e+08     4.05e+13   485.166s
 156000 +5.09077625e+12 +3.21856844e+26  3.22e+26   1.48e+08     4.05e+13   487.769s
 157000 +5.09089551e+12 +3.35671890e+26  3.36e+26   1.48e+08     4.05e+13   490.372s
 158000 +5.09101735e+12 +3.49486940e+26  3.49e+26   1.48e+08     4.05e+13   492.974s
 159000 +5.09114602e+12 +3.63301989e+26  3.63e+26   1.48e+08     4.05e+13   495.576s
 160000 +5.09127277e+12 +3.77117031e+26  3.77e+26   1.48e+08     4.05e+13   498.179s
 161000 +5.09138771e+12 +3.90932078e+26  3.91e+26   1.48e+08     4.05e+13   500.782s
 162000 +5.09152144e+12 +4.04747125e+26  4.05e+26   1.48e+08     4.05e+13   503.384s
 163000 +5.09166759e+12 +4.18562173e+26  4.19e+26   1.48e+08     4.05e+13   505.986s
 164000 +5.09180410e+12 +4.32377219e+26  4.32e+26   1.48e+08     4.05e+13   508.588s
 165000 +5.09194685e+12 +4.46192271e+26  4.46e+26   1.48e+08     4.05e+13   511.190s
 166000 +5.09209333e+12 +4.60007326e+26  4.60e+26   1.48e+08     4.05e+13   513.793s
 167000 +5.09224166e+12 +4.73822366e+26  4.74e+26   1.48e+08     4.05e+13   516.395s
 168000 +5.09240535e+12 +4.87637402e+26  4.88e+26   1.48e+08     4.05e+13   518.998s
 169000 +5.09257235e+12 +5.01452439e+26  5.01e+26   1.48e+08     4.05e+13   521.600s
 170000 +5.09274573e+12 +5.15267484e+26  5.15e+26   1.48e+08     4.05e+13   524.203s
 171000 +5.09290639e+12 +5.29082513e+26  5.29e+26   1.48e+08     4.05e+13   526.805s
 172000 +5.09304802e+12 +5.42897546e+26  5.43e+26   1.48e+08     4.05e+13   529.408s
 173000 +5.09318896e+12 +5.56712579e+26  5.57e+26   1.48e+08     4.05e+13   532.010s
 174000 +5.09333473e+12 +5.70527612e+26  5.71e+26   1.48e+08     4.05e+13   534.612s
 175000 +5.09347315e+12 +5.84342645e+26  5.84e+26   1.48e+08     4.05e+13   537.215s
 176000 +5.09360980e+12 +5.98157679e+26  5.98e+26   1.48e+08     4.05e+13   539.817s
 177000 +5.09375750e+12 +6.11972716e+26  6.12e+26   1.48e+08     4.05e+13   542.419s
 178000 +5.09389798e+12 +6.25787746e+26  6.26e+26   1.48e+08     4.05e+13   545.022s
 179000 +5.09401992e+12 +6.39602777e+26  6.40e+26   1.48e+08     4.05e+13   547.625s
 180000 +5.09414297e+12 +6.53417809e+26  6.53e+26   1.48e+08     4.05e+13   550.227s
 181000 +5.09428491e+12 +6.67232851e+26  6.67e+26   1.48e+08     4.05e+13   552.829s
 182000 +5.09443148e+12 +6.81047888e+26  6.81e+26   1.48e+08     4.05e+13   555.431s
 183000 +5.09459099e+12 +6.94862924e+26  6.95e+26   1.48e+08     4.05e+13   558.034s
 184000 +5.09474685e+12 +7.08677960e+26  7.09e+26   1.48e+08     4.05e+13   560.637s
 185000 +5.09490032e+12 +7.22492987e+26  7.22e+26   1.48e+08     4.05e+13   563.239s
 186000 +5.09506236e+12 +7.36308024e+26  7.36e+26   1.48e+08     4.05e+13   565.841s
 187000 +5.09523684e+12 +7.50123065e+26  7.50e+26   1.48e+08     4.05e+13   568.443s
 188000 +5.09542678e+12 +7.63938099e+26  7.64e+26   1.48e+08     4.05e+13   571.046s
 189000 +5.09562201e+12 +7.77753130e+26  7.78e+26   1.48e+08     4.05e+13   573.648s
 190000 +5.09581159e+12 +7.91568166e+26  7.92e+26   1.48e+08     4.05e+13   576.251s
 191000 +5.09601317e+12 +8.05383204e+26  8.05e+26   1.48e+08     4.05e+13   578.853s
 192000 +5.09620509e+12 +8.19198239e+26  8.19e+26   1.48e+08     4.05e+13   581.455s
 193000 +5.09639511e+12 +8.33013280e+26  8.33e+26   1.48e+08     4.05e+13   584.058s
 194000 +5.09658977e+12 +8.46828325e+26  8.47e+26   1.48e+08     4.05e+13   586.661s
 195000 +5.09679859e+12 +8.60643370e+26  8.61e+26   1.48e+08     4.05e+13   589.263s
 196000 +5.09702338e+12 +8.74458415e+26  8.74e+26   1.48e+08     4.05e+13   591.865s
 197000 +5.09725661e+12 +8.88273438e+26  8.88e+26   1.48e+08     4.05e+13   594.468s
 198000 +5.09747968e+12 +9.02088443e+26  9.02e+26   1.48e+08     4.05e+13   597.070s
 199000 +5.09770940e+12 +9.15903456e+26  9.16e+26   1.48e+08     4.05e+13   599.676s
 200000 +5.09792491e+12 +9.29718531e+26  9.30e+26   1.48e+08     4.05e+13   602.282s
 201000 +5.09814310e+12 +9.43533611e+26  9.44e+26   1.48e+08     4.05e+13   604.889s
 202000 +5.09835473e+12 +9.57348643e+26  9.57e+26   1.48e+08     4.05e+13   607.494s
 203000 +5.09856871e+12 +9.71163665e+26  9.71e+26   1.48e+08     4.05e+13   610.100s
 204000 +5.09878571e+12 +9.84978718e+26  9.85e+26   1.48e+08     4.05e+13   612.702s
 205000 +5.09901743e+12 +9.98793794e+26  9.99e+26   1.48e+08     4.05e+13   615.305s
 206000 +5.09927484e+12 +1.01260886e+27  1.01e+27   1.48e+08     4.05e+13   617.907s
 207000 +5.09952283e+12 +1.02642390e+27  1.03e+27   1.48e+08     4.05e+13   620.513s
 208000 +5.09976518e+12 +1.04023893e+27  1.04e+27   1.48e+08     4.05e+13   623.119s
 209000 +5.09998006e+12 +1.05405400e+27  1.05e+27   1.48e+08     4.05e+13   625.724s
 210000 +1.24803383e+13 +1.06509262e+27  1.07e+27   6.39e+08     2.04e+09   628.332s
 211000 +1.20098983e+13 +1.06509264e+27  1.07e+27   3.89e+08     7.35e+07   630.938s
 212000 +1.10366559e+13 +1.06509265e+27  1.07e+27   3.41e+08     6.10e+07   633.543s
 213000 +1.01919134e+13 +1.06509266e+27  1.07e+27   3.14e+08     5.42e+07   636.146s
 214000 +9.48994695e+12 +1.06509267e+27  1.07e+27   2.98e+08     4.97e+07   638.750s
 215000 +8.95617914e+12 +1.06509268e+27  1.07e+27   2.88e+08     4.68e+07   641.355s
 216000 +8.54478536e+12 +1.06509269e+27  1.07e+27   2.78e+08     4.43e+07   643.957s
 217000 +8.22714830e+12 +1.06509269e+27  1.07e+27   2.69e+08     4.21e+07   646.559s
 218000 +7.99257266e+12 +1.06509270e+27  1.07e+27   2.64e+08     4.06e+07   649.161s
 219000 +7.81857726e+12 +1.06509271e+27  1.07e+27   2.59e+08     3.94e+07   651.763s
 220000 +7.68386796e+12 +1.06509271e+27  1.07e+27   2.55e+08     3.83e+07   654.366s
 221000 +7.57150273e+12 +1.06509272e+27  1.07e+27   2.52e+08     3.74e+07   656.968s
 222000 +7.47195233e+12 +1.06509272e+27  1.07e+27   2.49e+08     3.67e+07   659.570s
 223000 +7.38135441e+12 +1.06509273e+27  1.07e+27   2.46e+08     3.60e+07   662.176s
 224000 +7.29538426e+12 +1.06509274e+27  1.07e+27   2.43e+08     3.53e+07   664.783s
 225000 +7.21566745e+12 +1.06509274e+27  1.07e+27   2.41e+08     3.48e+07   667.389s
 226000 +7.22730711e+12 +1.06509280e+27  1.07e+27   2.16e+08     6.25e+08   669.999s
 227000 +7.21917003e+12 +1.06509289e+27  1.07e+27   2.02e+08     5.42e+08   672.605s
 228000 +7.21148710e+12 +1.06509296e+27  1.07e+27   1.94e+08     4.97e+08   675.207s
 229000 +7.20354427e+12 +1.06509302e+27  1.07e+27   1.89e+08     4.69e+08   677.810s
 230000 +7.19601717e+12 +1.06509308e+27  1.07e+27   1.85e+08     4.44e+08   680.415s
 231000 +7.18898744e+12 +1.06509314e+27  1.07e+27   1.83e+08     4.28e+08   683.018s
 232000 +7.18238530e+12 +1.06509320e+27  1.07e+27   1.81e+08     4.13e+08   685.622s
 233000 +7.17590170e+12 +1.06509325e+27  1.07e+27   1.79e+08     4.02e+08   688.224s
 234000 +7.16958869e+12 +1.06509330e+27  1.07e+27   1.77e+08     3.91e+08   690.830s
 235000 +7.16357211e+12 +1.06509335e+27  1.07e+27   1.76e+08     3.82e+08   693.436s
 236000 +7.15792882e+12 +1.06509340e+27  1.07e+27   1.75e+08     3.75e+08   696.038s
 237000 +7.15196218e+12 +1.06509345e+27  1.07e+27   1.74e+08     3.68e+08   698.643s
 238000 +7.14627941e+12 +1.06509350e+27  1.07e+27   1.73e+08     3.62e+08   701.248s
 239000 +7.14095302e+12 +1.06509355e+27  1.07e+27   1.73e+08     3.56e+08   703.853s
 240000 +7.13510915e+12 +1.06509360e+27  1.07e+27   1.72e+08     3.52e+08   706.455s
 241000 +7.13044818e+12 +1.06509365e+27  1.07e+27   1.71e+08     3.47e+08   709.061s
 242000 +7.12462280e+12 +1.06509369e+27  1.07e+27   1.71e+08     3.43e+08   711.667s
 243000 +7.11946509e+12 +1.06509374e+27  1.07e+27   1.70e+08     3.38e+08   714.271s
 244000 +7.11432244e+12 +1.06509379e+27  1.07e+27   1.70e+08     3.35e+08   716.874s
 245000 +7.10887717e+12 +1.06509383e+27  1.07e+27   1.69e+08     3.32e+08   719.476s
 246000 +7.10402830e+12 +1.06509388e+27  1.07e+27   1.69e+08     3.28e+08   722.080s
 247000 +7.09908589e+12 +1.06509392e+27  1.07e+27   1.69e+08     3.26e+08   724.686s
 248000 +7.09411455e+12 +1.06509397e+27  1.07e+27   1.68e+08     3.22e+08   727.288s
 249000 +7.08884030e+12 +1.06509401e+27  1.07e+27   1.68e+08     3.20e+08   729.892s
 250000 +7.08482850e+12 +1.06509406e+27  1.07e+27   1.68e+08     3.17e+08   732.497s
 251000 +7.07990077e+12 +1.06509410e+27  1.07e+27   1.67e+08     3.15e+08   735.103s
 252000 +7.07540740e+12 +1.06509414e+27  1.07e+27   1.67e+08     3.13e+08   737.707s
 253000 +7.07088079e+12 +1.06509419e+27  1.07e+27   1.67e+08     3.10e+08   740.312s
 254000 +7.06654955e+12 +1.06509423e+27  1.07e+27   1.66e+08     3.08e+08   742.916s
 255000 +7.06262646e+12 +1.06509427e+27  1.07e+27   1.66e+08     3.06e+08   745.522s
 256000 +7.05843855e+12 +1.06509432e+27  1.07e+27   1.66e+08     3.04e+08   748.124s
 257000 +7.05396977e+12 +1.06509436e+27  1.07e+27   1.66e+08     3.03e+08   750.730s
 258000 +7.04960937e+12 +1.06509440e+27  1.07e+27   1.66e+08     3.01e+08   753.335s
 259000 +7.04580309e+12 +1.06509444e+27  1.07e+27   1.65e+08     2.99e+08   755.939s
 260000 +7.04190460e+12 +1.06509449e+27  1.07e+27   1.65e+08     2.97e+08   758.544s
 261000 +7.03742177e+12 +1.06509453e+27  1.07e+27   1.65e+08     2.96e+08   761.148s
 262000 +7.03374426e+12 +1.06509457e+27  1.07e+27   1.65e+08     2.94e+08   763.753s
 263000 +7.02970406e+12 +1.06509461e+27  1.07e+27   1.65e+08     2.93e+08   766.354s
 264000 +7.02584743e+12 +1.06509465e+27  1.07e+27   1.65e+08     2.91e+08   768.957s
 265000 +7.02193652e+12 +1.06509469e+27  1.07e+27   1.64e+08     2.90e+08   771.560s
 266000 +7.01836680e+12 +1.06509474e+27  1.07e+27   1.64e+08     2.89e+08   774.164s
 267000 +7.01492594e+12 +1.06509478e+27  1.07e+27   1.64e+08     2.87e+08   776.766s
 268000 +7.01123584e+12 +1.06509482e+27  1.07e+27   1.64e+08     2.86e+08   779.372s
 269000 +7.00722226e+12 +1.06509486e+27  1.07e+27   1.64e+08     2.85e+08   781.977s
 270000 +7.00364445e+12 +1.06509490e+27  1.07e+27   1.64e+08     2.84e+08   784.582s
 271000 +6.99998759e+12 +1.06509494e+27  1.07e+27   1.63e+08     2.82e+08   787.185s
 272000 +6.99636967e+12 +1.06509498e+27  1.07e+27   1.63e+08     2.81e+08   789.790s
 273000 +6.99320813e+12 +1.06509502e+27  1.07e+27   1.63e+08     2.80e+08   792.392s
 274000 +6.98979627e+12 +1.06509506e+27  1.07e+27   1.63e+08     2.79e+08   794.998s
 275000 +6.98642088e+12 +1.06509510e+27  1.07e+27   1.63e+08     2.78e+08   797.601s
 276000 +6.98298313e+12 +1.06509514e+27  1.07e+27   1.63e+08     2.77e+08   800.204s
 277000 +6.97956534e+12 +1.06509518e+27  1.07e+27   1.63e+08     2.76e+08   802.809s
 278000 +6.97612837e+12 +1.06509522e+27  1.07e+27   1.63e+08     2.75e+08   805.414s
 279000 +6.97280020e+12 +1.06509526e+27  1.07e+27   1.63e+08     2.74e+08   808.018s
 280000 +6.96943101e+12 +1.06509530e+27  1.07e+27   1.62e+08     2.73e+08   810.624s
 281000 +6.96617771e+12 +1.06509534e+27  1.07e+27   1.62e+08     2.72e+08   813.230s
 282000 +6.96271048e+12 +1.06509538e+27  1.07e+27   1.62e+08     2.71e+08   815.836s
 283000 +6.98807537e+12 +1.06509882e+27  1.07e+27   1.58e+08     2.99e+10   818.445s
 284000 +7.00748238e+12 +1.06510312e+27  1.07e+27   1.56e+08     2.62e+10   821.049s
 285000 +7.01700766e+12 +1.06510722e+27  1.07e+27   1.55e+08     2.45e+10   823.654s
 286000 +7.02466534e+12 +1.06511123e+27  1.07e+27   1.54e+08     2.32e+10   826.257s
 287000 +7.02930864e+12 +1.06511517e+27  1.07e+27   1.54e+08     2.23e+10   828.863s
 288000 +7.03116889e+12 +1.06511909e+27  1.07e+27   1.53e+08     2.15e+10   831.468s
 289000 +7.03757025e+12 +1.06512296e+27  1.07e+27   1.53e+08     2.10e+10   834.071s
 290000 +7.04228025e+12 +1.06512681e+27  1.07e+27   1.52e+08     2.04e+10   836.675s
 291000 +7.04420509e+12 +1.06513063e+27  1.07e+27   1.52e+08     2.00e+10   839.281s
 292000 +7.04415706e+12 +1.06513443e+27  1.07e+27   1.52e+08     1.96e+10   841.887s
 293000 +7.04574447e+12 +1.06513819e+27  1.07e+27   1.52e+08     1.93e+10   844.493s
 294000 +7.04626190e+12 +1.06514193e+27  1.07e+27   1.52e+08     1.90e+10   847.096s
 295000 +7.04770569e+12 +1.06514563e+27  1.07e+27   1.51e+08     1.87e+10   849.701s
 296000 +7.04760405e+12 +1.06514933e+27  1.07e+27   1.51e+08     1.83e+10   852.305s
 297000 +7.04791563e+12 +1.06515302e+27  1.07e+27   1.51e+08     1.80e+10   854.911s
 298000 +7.04713158e+12 +1.06515668e+27  1.07e+27   1.51e+08     1.77e+10   857.518s
 299000 +7.04593682e+12 +1.06516032e+27  1.07e+27   1.51e+08     1.74e+10   860.124s
 300000 +7.04480636e+12 +1.06516394e+27  1.07e+27   1.50e+08     1.71e+10   862.727s
 301000 +7.04514617e+12 +1.06516756e+27  1.07e+27   1.50e+08     1.68e+10   865.333s
 302000 +7.04610615e+12 +1.06517118e+27  1.07e+27   1.50e+08     1.66e+10   867.938s
 303000 +7.04637645e+12 +1.06517477e+27  1.07e+27   1.50e+08     1.63e+10   870.541s
 304000 +7.04529315e+12 +1.06517836e+27  1.07e+27   1.50e+08     1.60e+10   873.148s
 305000 +7.04357177e+12 +1.06518193e+27  1.07e+27   1.50e+08     1.58e+10   875.752s
 306000 +7.04135621e+12 +1.06518550e+27  1.07e+27   1.50e+08     1.56e+10   878.358s
 307000 +7.03912116e+12 +1.06518905e+27  1.07e+27   1.50e+08     1.55e+10   880.962s
 308000 +7.03714176e+12 +1.06519259e+27  1.07e+27   1.49e+08     1.53e+10   883.568s
 309000 +7.03535922e+12 +1.06519614e+27  1.07e+27   1.49e+08     1.51e+10   886.173s
 310000 +7.03318473e+12 +1.06519967e+27  1.07e+27   1.49e+08     1.49e+10   888.778s
 311000 +7.03110759e+12 +1.06520321e+27  1.07e+27   1.49e+08     1.46e+10   891.385s
 312000 +7.02913929e+12 +1.06520675e+27  1.07e+27   1.49e+08     1.44e+10   893.989s
 313000 +7.02753066e+12 +1.06521029e+27  1.07e+27   1.49e+08     1.43e+10   896.593s
 314000 +7.02584353e+12 +1.06521382e+27  1.07e+27   1.49e+08     1.42e+10   899.199s
 315000 +7.02451112e+12 +1.06521735e+27  1.07e+27   1.49e+08     1.41e+10   901.804s
 316000 +7.02325598e+12 +1.06522087e+27  1.07e+27   1.49e+08     1.40e+10   904.410s
 317000 +7.02147987e+12 +1.06522439e+27  1.07e+27   1.49e+08     1.39e+10   907.015s
 318000 +7.01941527e+12 +1.06522789e+27  1.07e+27   1.49e+08     1.38e+10   909.617s
 319000 +7.01740231e+12 +1.06523138e+27  1.07e+27   1.49e+08     1.37e+10   912.223s
 320000 +7.01541696e+12 +1.06523488e+27  1.07e+27   1.49e+08     1.35e+10   914.829s
 321000 +7.01337830e+12 +1.06523838e+27  1.07e+27   1.49e+08     1.34e+10   917.431s
 322000 +7.01129048e+12 +1.06524188e+27  1.07e+27   1.49e+08     1.33e+10   920.036s
 323000 +7.00919762e+12 +1.06524538e+27  1.07e+27   1.49e+08     1.32e+10   922.642s
 324000 +7.00700761e+12 +1.06524889e+27  1.07e+27   1.49e+08     1.31e+10   925.247s
 325000 +7.00474637e+12 +1.06525239e+27  1.07e+27   1.49e+08     1.30e+10   927.851s
 326000 +7.00250396e+12 +1.06525589e+27  1.07e+27   1.49e+08     1.30e+10   930.457s
 327000 +7.00030975e+12 +1.06525938e+27  1.07e+27   1.49e+08     1.29e+10   933.062s
 328000 +6.99827381e+12 +1.06526287e+27  1.07e+27   1.49e+08     1.28e+10   935.665s
 329000 +6.99692506e+12 +1.06526636e+27  1.07e+27   1.49e+08     1.28e+10   938.269s
 330000 +6.99523060e+12 +1.06526984e+27  1.07e+27   1.49e+08     1.27e+10   940.874s
 331000 +6.99328259e+12 +1.06527332e+27  1.07e+27   1.49e+08     1.27e+10   943.480s
 332000 +6.99127392e+12 +1.06527680e+27  1.07e+27   1.49e+08     1.26e+10   946.084s
 333000 +6.98948771e+12 +1.06528028e+27  1.07e+27   1.49e+08     1.25e+10   948.688s
 334000 +6.98804178e+12 +1.06528377e+27  1.07e+27   1.49e+08     1.25e+10   951.293s
 335000 +6.98647681e+12 +1.06528725e+27  1.07e+27   1.49e+08     1.24e+10   953.895s
 336000 +6.98491366e+12 +1.06529073e+27  1.07e+27   1.48e+08     1.23e+10   956.500s
 337000 +6.98345706e+12 +1.06529420e+27  1.07e+27   1.48e+08     1.22e+10   959.107s
 338000 +6.98240091e+12 +1.06529768e+27  1.07e+27   1.48e+08     1.22e+10   961.711s
 339000 +6.98097192e+12 +1.06530115e+27  1.07e+27   1.48e+08     1.21e+10   964.314s
 340000 +6.97924000e+12 +1.06530462e+27  1.07e+27   1.48e+08     1.21e+10   966.918s
 341000 +6.97753237e+12 +1.06530809e+27  1.07e+27   1.48e+08     1.20e+10   969.523s
 342000 +6.97592145e+12 +1.06531156e+27  1.07e+27   1.48e+08     1.20e+10   972.128s
 343000 +6.97422339e+12 +1.06531503e+27  1.07e+27   1.48e+08     1.20e+10   974.734s
 344000 +6.97235526e+12 +1.06531850e+27  1.07e+27   1.48e+08     1.19e+10   977.341s
 345000 +6.97051790e+12 +1.06532197e+27  1.07e+27   1.48e+08     1.19e+10   979.947s
 346000 +6.96886940e+12 +1.06532544e+27  1.07e+27   1.48e+08     1.18e+10   982.550s
 347000 +6.96732105e+12 +1.06532891e+27  1.07e+27   1.48e+08     1.17e+10   985.156s
 348000 +6.96575685e+12 +1.06533237e+27  1.07e+27   1.48e+08     1.17e+10   987.761s
 349000 +6.96449390e+12 +1.06533584e+27  1.07e+27   1.48e+08     1.17e+10   990.366s
 350000 +6.96320971e+12 +1.06533930e+27  1.07e+27   1.48e+08     1.17e+10   992.969s
 351000 +6.96170181e+12 +1.06534276e+27  1.07e+27   1.48e+08     1.16e+10   995.575s
 352000 +6.96024607e+12 +1.06534622e+27  1.07e+27   1.48e+08     1.16e+10   998.179s
 353000 +6.95882859e+12 +1.06534967e+27  1.07e+27   1.48e+08     1.16e+10   1000.782s
 354000 +6.95720318e+12 +1.06535313e+27  1.07e+27   1.48e+08     1.15e+10   1003.385s
 355000 +6.95556758e+12 +1.06535659e+27  1.07e+27   1.48e+08     1.15e+10   1005.991s
 356000 +6.95374608e+12 +1.06536005e+27  1.07e+27   1.48e+08     1.14e+10   1008.594s
 357000 +6.95200420e+12 +1.06536351e+27  1.07e+27   1.48e+08     1.14e+10   1011.198s
 358000 +6.95020969e+12 +1.06536697e+27  1.07e+27   1.48e+08     1.14e+10   1013.801s
 359000 +6.94831254e+12 +1.06537043e+27  1.07e+27   1.48e+08     1.14e+10   1016.407s
 360000 +6.94651616e+12 +1.06537389e+27  1.07e+27   1.48e+08     1.13e+10   1019.011s
 361000 +6.94477286e+12 +1.06537735e+27  1.07e+27   1.48e+08     1.13e+10   1021.616s
 362000 +6.94321004e+12 +1.06538080e+27  1.07e+27   1.48e+08     1.13e+10   1024.220s
 363000 +6.94164524e+12 +1.06538426e+27  1.07e+27   1.48e+08     1.13e+10   1026.826s
 364000 +6.94026029e+12 +1.06538771e+27  1.07e+27   1.48e+08     1.12e+10   1029.432s
 365000 +6.93916719e+12 +1.06539117e+27  1.07e+27   1.48e+08     1.12e+10   1032.037s
 366000 +6.93787031e+12 +1.06539462e+27  1.07e+27   1.48e+08     1.12e+10   1034.642s
 367000 +6.93652052e+12 +1.06539807e+27  1.07e+27   1.48e+08     1.12e+10   1037.243s
 368000 +6.93537522e+12 +1.06540152e+27  1.07e+27   1.48e+08     1.12e+10   1039.846s
 369000 +6.93409168e+12 +1.06540498e+27  1.07e+27   1.48e+08     1.11e+10   1042.449s
 370000 +6.93282009e+12 +1.06540843e+27  1.07e+27   1.48e+08     1.11e+10   1045.054s
 371000 +6.93159722e+12 +1.06541188e+27  1.07e+27   1.48e+08     1.11e+10   1047.657s
 372000 +6.93021129e+12 +1.06541533e+27  1.07e+27   1.48e+08     1.10e+10   1050.264s
 373000 +6.92892385e+12 +1.06541878e+27  1.07e+27   1.48e+08     1.10e+10   1052.866s
 374000 +6.92787312e+12 +1.06542223e+27  1.07e+27   1.48e+08     1.10e+10   1055.471s
 375000 +6.92674391e+12 +1.06542568e+27  1.07e+27   1.48e+08     1.10e+10   1058.074s
 376000 +6.92578877e+12 +1.06542913e+27  1.07e+27   1.48e+08     1.10e+10   1060.680s
 377000 +6.92490427e+12 +1.06543258e+27  1.07e+27   1.48e+08     1.09e+10   1063.285s
 378000 +6.92367188e+12 +1.06543602e+27  1.07e+27   1.48e+08     1.09e+10   1065.887s
 379000 +6.92239205e+12 +1.06543947e+27  1.07e+27   1.48e+08     1.09e+10   1068.489s
 380000 +6.92100345e+12 +1.06544292e+27  1.07e+27   1.48e+08     1.09e+10   1071.092s
 381000 +6.91958112e+12 +1.06544636e+27  1.07e+27   1.48e+08     1.09e+10   1073.697s
 382000 +6.91821529e+12 +1.06544981e+27  1.07e+27   1.48e+08     1.09e+10   1076.303s
 383000 +6.91681631e+12 +1.06545326e+27  1.07e+27   1.48e+08     1.09e+10   1078.906s
 384000 +6.91546720e+12 +1.06545670e+27  1.07e+27   1.48e+08     1.09e+10   1081.512s
 385000 +6.91425232e+12 +1.06546015e+27  1.07e+27   1.48e+08     1.08e+10   1084.115s
 386000 +6.91294874e+12 +1.06546360e+27  1.07e+27   1.48e+08     1.08e+10   1086.718s
 387000 +6.91146855e+12 +1.06546705e+27  1.07e+27   1.48e+08     1.08e+10   1089.324s
 388000 +6.90999487e+12 +1.06547049e+27  1.07e+27   1.48e+08     1.08e+10   1091.927s
 389000 +6.90868554e+12 +1.06547394e+27  1.07e+27   1.48e+08     1.08e+10   1094.533s
 390000 +6.90745179e+12 +1.06547738e+27  1.07e+27   1.48e+08     1.08e+10   1097.139s
 391000 +6.90637364e+12 +1.06548083e+27  1.07e+27   1.48e+08     1.08e+10   1099.743s
 392000 +6.90533301e+12 +1.06548427e+27  1.07e+27   1.48e+08     1.08e+10   1102.347s
 393000 +6.90423103e+12 +1.06548772e+27  1.07e+27   1.48e+08     1.08e+10   1104.952s
 394000 +6.90306729e+12 +1.06549116e+27  1.07e+27   1.48e+08     1.08e+10   1107.554s
 395000 +6.90187614e+12 +1.06549461e+27  1.07e+27   1.48e+08     1.07e+10   1110.159s
 396000 +6.90072669e+12 +1.06549805e+27  1.07e+27   1.48e+08     1.07e+10   1112.762s
 397000 +6.89944355e+12 +1.06550150e+27  1.07e+27   1.48e+08     1.07e+10   1115.368s
 398000 +6.89810190e+12 +1.06550494e+27  1.07e+27   1.48e+08     1.07e+10   1117.974s
 399000 +6.89669783e+12 +1.06550838e+27  1.07e+27   1.48e+08     1.07e+10   1120.579s
 400000 +6.89539485e+12 +1.06551183e+27  1.07e+27   1.48e+08     1.07e+10   1123.183s
 401000 +6.89419679e+12 +1.06551527e+27  1.07e+27   1.48e+08     1.07e+10   1125.785s
 402000 +6.89292155e+12 +1.06551871e+27  1.07e+27   1.48e+08     1.07e+10   1128.390s
 403000 +6.89168020e+12 +1.06552216e+27  1.07e+27   1.48e+08     1.07e+10   1130.992s
 404000 +6.89041958e+12 +1.06552560e+27  1.07e+27   1.48e+08     1.06e+10   1133.598s
 405000 +6.88904377e+12 +1.06552904e+27  1.07e+27   1.48e+08     1.06e+10   1136.202s
 406000 +6.88783682e+12 +1.06553248e+27  1.07e+27   1.48e+08     1.06e+10   1138.804s
 407000 +6.88658321e+12 +1.06553592e+27  1.07e+27   1.48e+08     1.06e+10   1141.410s
 408000 +6.88542414e+12 +1.06553937e+27  1.07e+27   1.48e+08     1.06e+10   1144.014s
 409000 +6.88427577e+12 +1.06554281e+27  1.07e+27   1.48e+08     1.06e+10   1146.619s
 410000 +6.88302991e+12 +1.06554625e+27  1.07e+27   1.48e+08     1.06e+10   1149.222s
 411000 +6.88187048e+12 +1.06554969e+27  1.07e+27   1.48e+08     1.06e+10   1151.826s
 412000 +6.88080260e+12 +1.06555314e+27  1.07e+27   1.48e+08     1.06e+10   1154.427s
 413000 +6.87958507e+12 +1.06555658e+27  1.07e+27   1.48e+08     1.06e+10   1157.029s
 414000 +6.87838170e+12 +1.06556002e+27  1.07e+27   1.48e+08     1.06e+10   1159.636s
 415000 +6.87728196e+12 +1.06556346e+27  1.07e+27   1.48e+08     1.05e+10   1162.240s
 416000 +6.87634639e+12 +1.06556690e+27  1.07e+27   1.48e+08     1.05e+10   1164.847s
 417000 +6.87508276e+12 +1.06557034e+27  1.07e+27   1.48e+08     1.05e+10   1167.451s
 418000 +6.87388556e+12 +1.06557378e+27  1.07e+27   1.48e+08     1.05e+10   1170.054s
 419000 +6.87263056e+12 +1.06557722e+27  1.07e+27   1.48e+08     1.05e+10   1172.656s
 420000 +6.87145799e+12 +1.06558066e+27  1.07e+27   1.48e+08     1.05e+10   1175.262s
 421000 +6.87025124e+12 +1.06558410e+27  1.07e+27   1.48e+08     1.05e+10   1177.869s
 422000 +6.86909488e+12 +1.06558754e+27  1.07e+27   1.48e+08     1.05e+10   1180.473s
 423000 +6.86810039e+12 +1.06559098e+27  1.07e+27   1.48e+08     1.05e+10   1183.078s
 424000 +6.86702338e+12 +1.06559442e+27  1.07e+27   1.48e+08     1.05e+10   1185.682s
 425000 +6.86595460e+12 +1.06559786e+27  1.07e+27   1.48e+08     1.05e+10   1188.288s
 426000 +6.86480822e+12 +1.06560130e+27  1.07e+27   1.48e+08     1.05e+10   1190.892s
 427000 +6.86372639e+12 +1.06560474e+27  1.07e+27   1.48e+08     1.05e+10   1193.494s
 428000 +6.86259083e+12 +1.06560818e+27  1.07e+27   1.48e+08     1.05e+10   1196.099s
 429000 +6.86150069e+12 +1.06561162e+27  1.07e+27   1.48e+08     1.05e+10   1198.704s
 430000 +6.86040574e+12 +1.06561506e+27  1.07e+27   1.48e+08     1.05e+10   1201.306s
 431000 +6.85924704e+12 +1.06561849e+27  1.07e+27   1.48e+08     1.04e+10   1203.912s
 432000 +6.85817567e+12 +1.06562193e+27  1.07e+27   1.48e+08     1.04e+10   1206.517s
 433000 +6.85707765e+12 +1.06562537e+27  1.07e+27   1.48e+08     1.04e+10   1209.120s
 434000 +6.85585028e+12 +1.06562881e+27  1.07e+27   1.48e+08     1.04e+10   1211.725s
 435000 +6.85470811e+12 +1.06563225e+27  1.07e+27   1.48e+08     1.04e+10   1214.330s
 436000 +6.85358049e+12 +1.06563569e+27  1.07e+27   1.48e+08     1.04e+10   1216.936s
 437000 +6.85246346e+12 +1.06563913e+27  1.07e+27   1.48e+08     1.04e+10   1219.541s
 438000 +6.85142663e+12 +1.06564257e+27  1.07e+27   1.48e+08     1.04e+10   1222.147s
 439000 +6.85030105e+12 +1.06564600e+27  1.07e+27   1.48e+08     1.04e+10   1224.751s
 440000 +6.84925156e+12 +1.06564944e+27  1.07e+27   1.48e+08     1.04e+10   1227.355s
 441000 +6.84799223e+12 +1.06565288e+27  1.07e+27   1.48e+08     1.04e+10   1229.961s
 442000 +6.85069751e+12 +1.06624317e+27  1.07e+27   1.48e+08     1.73e+12   1232.566s
 443000 +6.85355171e+12 +1.06683334e+27  1.07e+27   1.48e+08     1.73e+12   1235.173s
 444000 +6.85591358e+12 +1.06742354e+27  1.07e+27   1.48e+08     1.73e+12   1237.779s
 445000 +6.85749840e+12 +1.06801367e+27  1.07e+27   1.48e+08     1.73e+12   1240.386s
 446000 +6.85885288e+12 +1.06860377e+27  1.07e+27   1.48e+08     1.73e+12   1242.992s
 447000 +6.85992647e+12 +1.06919384e+27  1.07e+27   1.48e+08     1.73e+12   1245.598s
 448000 +6.86083380e+12 +1.06978389e+27  1.07e+27   1.48e+08     1.73e+12   1248.203s
 449000 +6.86163424e+12 +1.07037394e+27  1.07e+27   1.48e+08     1.73e+12   1250.806s
 450000 +6.86243183e+12 +1.07096396e+27  1.07e+27   1.48e+08     1.73e+12   1253.413s
 451000 +6.86316048e+12 +1.07155397e+27  1.07e+27   1.48e+08     1.73e+12   1256.016s
 452000 +6.86374465e+12 +1.07214399e+27  1.07e+27   1.48e+08     1.73e+12   1258.621s
 453000 +6.86431709e+12 +1.07273400e+27  1.07e+27   1.48e+08     1.73e+12   1261.228s
 454000 +6.86484245e+12 +1.07332401e+27  1.07e+27   1.48e+08     1.73e+12   1263.834s
 455000 +6.86528957e+12 +1.07391403e+27  1.07e+27   1.48e+08     1.73e+12   1266.440s
 456000 +6.86565842e+12 +1.07450403e+27  1.07e+27   1.48e+08     1.73e+12   1269.046s
 457000 +6.86600859e+12 +1.07509402e+27  1.08e+27   1.48e+08     1.73e+12   1271.652s
 458000 +6.86636286e+12 +1.07568402e+27  1.08e+27   1.48e+08     1.73e+12   1274.256s
 459000 +6.86673687e+12 +1.07627401e+27  1.08e+27   1.48e+08     1.73e+12   1276.862s
 460000 +6.86711826e+12 +1.07686401e+27  1.08e+27   1.48e+08     1.73e+12   1279.468s
 461000 +6.86745220e+12 +1.07745401e+27  1.08e+27   1.48e+08     1.73e+12   1282.073s
 462000 +6.86787358e+12 +1.07804401e+27  1.08e+27   1.48e+08     1.73e+12   1284.679s
 463000 +6.86832903e+12 +1.07863401e+27  1.08e+27   1.48e+08     1.73e+12   1287.283s
 464000 +6.86877183e+12 +1.07922401e+27  1.08e+27   1.48e+08     1.73e+12   1289.890s
 465000 +6.86922066e+12 +1.07981402e+27  1.08e+27   1.48e+08     1.73e+12   1292.493s
 466000 +6.86964114e+12 +1.08040403e+27  1.08e+27   1.48e+08     1.73e+12   1295.098s
 467000 +6.87000994e+12 +1.08099404e+27  1.08e+27   1.48e+08     1.73e+12   1297.702s
 468000 +6.87035891e+12 +1.08158405e+27  1.08e+27   1.48e+08     1.73e+12   1300.307s
 469000 +6.87065282e+12 +1.08217405e+27  1.08e+27   1.48e+08     1.73e+12   1302.912s
 470000 +6.87099609e+12 +1.08276406e+27  1.08e+27   1.48e+08     1.73e+12   1305.517s
 471000 +6.87130967e+12 +1.08335407e+27  1.08e+27   1.48e+08     1.73e+12   1308.120s
 472000 +6.87158244e+12 +1.08394408e+27  1.08e+27   1.48e+08     1.73e+12   1310.725s
 473000 +6.87179109e+12 +1.08453408e+27  1.08e+27   1.48e+08     1.73e+12   1313.328s
 474000 +6.87195629e+12 +1.08512409e+27  1.09e+27   1.48e+08     1.73e+12   1315.934s
 475000 +6.87212205e+12 +1.08571410e+27  1.09e+27   1.48e+08     1.73e+12   1318.539s
 476000 +6.87231876e+12 +1.08630411e+27  1.09e+27   1.48e+08     1.73e+12   1321.141s
 477000 +6.87248929e+12 +1.08689412e+27  1.09e+27   1.48e+08     1.73e+12   1323.743s
 478000 +6.87269694e+12 +1.08748412e+27  1.09e+27   1.48e+08     1.73e+12   1326.348s
 479000 +6.87288897e+12 +1.08807413e+27  1.09e+27   1.48e+08     1.73e+12   1328.955s
 480000 +6.87308936e+12 +1.08866413e+27  1.09e+27   1.48e+08     1.73e+12   1331.560s
 481000 +6.87326217e+12 +1.08925414e+27  1.09e+27   1.48e+08     1.73e+12   1334.162s
 482000 +6.87339797e+12 +1.08984414e+27  1.09e+27   1.48e+08     1.73e+12   1336.768s
 483000 +6.87352631e+12 +1.09043415e+27  1.09e+27   1.48e+08     1.73e+12   1339.371s
 484000 +6.87368374e+12 +1.09102416e+27  1.09e+27   1.48e+08     1.73e+12   1341.975s
 485000 +6.87384882e+12 +1.09161417e+27  1.09e+27   1.48e+08     1.73e+12   1344.582s
 486000 +6.87401940e+12 +1.09220418e+27  1.09e+27   1.48e+08     1.73e+12   1347.188s
 487000 +6.87418223e+12 +1.09279418e+27  1.09e+27   1.48e+08     1.73e+12   1349.790s
 488000 +6.87435095e+12 +1.09338419e+27  1.09e+27   1.48e+08     1.73e+12   1352.393s
 489000 +6.87453163e+12 +1.09397420e+27  1.09e+27   1.48e+08     1.73e+12   1354.995s
 490000 +6.87466860e+12 +1.09456421e+27  1.09e+27   1.48e+08     1.73e+12   1357.597s
 491000 +6.87479951e+12 +1.09515422e+27  1.10e+27   1.48e+08     1.73e+12   1360.200s
 492000 +6.87493575e+12 +1.09574422e+27  1.10e+27   1.48e+08     1.73e+12   1362.802s
 493000 +6.87506580e+12 +1.09633423e+27  1.10e+27   1.48e+08     1.73e+12   1365.407s
 494000 +6.87519104e+12 +1.09692423e+27  1.10e+27   1.48e+08     1.73e+12   1368.009s
 495000 +6.87528979e+12 +1.09751423e+27  1.10e+27   1.48e+08     1.73e+12   1370.616s
 496000 +6.87536901e+12 +1.09810424e+27  1.10e+27   1.48e+08     1.73e+12   1373.221s
 497000 +6.87546486e+12 +1.09869424e+27  1.10e+27   1.48e+08     1.73e+12   1375.823s
 498000 +6.87555046e+12 +1.09928425e+27  1.10e+27   1.48e+08     1.73e+12   1378.429s
 499000 +6.87563935e+12 +1.09987426e+27  1.10e+27   1.48e+08     1.73e+12   1381.032s
 500000 +6.87571200e+12 +1.10046426e+27  1.10e+27   1.48e+08     1.73e+12   1383.635s
 501000 +6.87575629e+12 +1.10105427e+27  1.10e+27   1.48e+08     1.73e+12   1386.237s
 502000 +6.87578339e+12 +1.10164427e+27  1.10e+27   1.48e+08     1.73e+12   1388.844s
 503000 +6.87582880e+12 +1.10223428e+27  1.10e+27   1.48e+08     1.73e+12   1391.450s
 504000 +6.87590802e+12 +1.10282429e+27  1.10e+27   1.48e+08     1.73e+12   1394.056s
 505000 +6.87598109e+12 +1.10341430e+27  1.10e+27   1.48e+08     1.73e+12   1396.662s
 506000 +6.87604689e+12 +1.10400431e+27  1.10e+27   1.48e+08     1.73e+12   1399.267s
 507000 +6.87609140e+12 +1.10459432e+27  1.10e+27   1.48e+08     1.73e+12   1401.874s
 508000 +6.87613923e+12 +1.10518432e+27  1.11e+27   1.48e+08     1.73e+12   1404.480s
 509000 +6.87617210e+12 +1.10577432e+27  1.11e+27   1.48e+08     1.73e+12   1407.084s
 510000 +6.87619776e+12 +1.10636432e+27  1.11e+27   1.48e+08     1.73e+12   1409.690s
 511000 +6.87623626e+12 +1.10695433e+27  1.11e+27   1.48e+08     1.73e+12   1412.293s
 512000 +6.87629162e+12 +1.10754433e+27  1.11e+27   1.48e+08     1.73e+12   1414.895s
 513000 +6.87634828e+12 +1.10813433e+27  1.11e+27   1.48e+08     1.73e+12   1417.499s
 514000 +6.87638526e+12 +1.10872434e+27  1.11e+27   1.48e+08     1.73e+12   1420.105s
 515000 +6.87642248e+12 +1.10931434e+27  1.11e+27   1.48e+08     1.73e+12   1422.710s
 516000 +6.87645700e+12 +1.10990435e+27  1.11e+27   1.48e+08     1.73e+12   1425.316s
 517000 +6.87650417e+12 +1.11049435e+27  1.11e+27   1.48e+08     1.73e+12   1427.919s
 518000 +6.87656123e+12 +1.11108435e+27  1.11e+27   1.48e+08     1.73e+12   1430.521s
 519000 +6.87659573e+12 +1.11167436e+27  1.11e+27   1.48e+08     1.73e+12   1433.124s
 520000 +6.87662569e+12 +1.11226436e+27  1.11e+27   1.48e+08     1.73e+12   1435.730s
 521000 +6.87665067e+12 +1.11285437e+27  1.11e+27   1.48e+08     1.73e+12   1438.335s
 522000 +6.87667330e+12 +1.11344437e+27  1.11e+27   1.48e+08     1.73e+12   1440.942s
 523000 +6.87669895e+12 +1.11403438e+27  1.11e+27   1.48e+08     1.73e+12   1443.548s
 524000 +6.87677914e+12 +1.11462439e+27  1.11e+27   1.48e+08     1.73e+12   1446.155s
 525000 +6.87680167e+12 +1.11521439e+27  1.12e+27   1.48e+08     1.73e+12   1448.762s
 526000 +6.87680297e+12 +1.11580440e+27  1.12e+27   1.48e+08     1.73e+12   1451.365s
 527000 +6.87682061e+12 +1.11639440e+27  1.12e+27   1.48e+08     1.73e+12   1453.967s
 528000 +6.87685065e+12 +1.11698441e+27  1.12e+27   1.48e+08     1.73e+12   1456.569s
 529000 +6.87688064e+12 +1.11757442e+27  1.12e+27   1.48e+08     1.73e+12   1459.174s
 530000 +6.87689371e+12 +1.11816442e+27  1.12e+27   1.48e+08     1.73e+12   1461.779s
 531000 +6.87692102e+12 +1.11875442e+27  1.12e+27   1.48e+08     1.73e+12   1464.382s
 532000 +6.87693891e+12 +1.11934443e+27  1.12e+27   1.48e+08     1.73e+12   1466.990s
 533000 +6.87695321e+12 +1.11993443e+27  1.12e+27   1.48e+08     1.73e+12   1469.596s
 534000 +6.87695792e+12 +1.12052444e+27  1.12e+27   1.48e+08     1.73e+12   1472.202s
 535000 +6.87697310e+12 +1.12111444e+27  1.12e+27   1.48e+08     1.73e+12   1474.805s
 536000 +6.87700799e+12 +1.12170444e+27  1.12e+27   1.48e+08     1.73e+12   1477.407s
 537000 +6.87703835e+12 +1.12229444e+27  1.12e+27   1.48e+08     1.73e+12   1480.012s
 538000 +6.87705010e+12 +1.12288444e+27  1.12e+27   1.48e+08     1.73e+12   1482.619s
 539000 +6.87706560e+12 +1.12347445e+27  1.12e+27   1.48e+08     1.73e+12   1485.223s
 540000 +6.87708125e+12 +1.12406445e+27  1.12e+27   1.48e+08     1.73e+12   1487.825s
 541000 +6.87709595e+12 +1.12465446e+27  1.12e+27   1.48e+08     1.73e+12   1490.427s
 542000 +6.87710463e+12 +1.12524446e+27  1.13e+27   1.48e+08     1.73e+12   1493.029s
 543000 +6.87711559e+12 +1.12583447e+27  1.13e+27   1.48e+08     1.73e+12   1495.632s
 544000 +6.87711650e+12 +1.12642447e+27  1.13e+27   1.48e+08     1.73e+12   1498.234s
 545000 +6.87712532e+12 +1.12701447e+27  1.13e+27   1.48e+08     1.73e+12   1500.836s
 546000 +6.87713269e+12 +1.12760447e+27  1.13e+27   1.48e+08     1.73e+12   1503.438s
 547000 +6.87713199e+12 +1.12819448e+27  1.13e+27   1.48e+08     1.73e+12   1506.041s
 548000 +6.87712827e+12 +1.12878448e+27  1.13e+27   1.48e+08     1.73e+12   1508.643s
 549000 +6.87714338e+12 +1.12937448e+27  1.13e+27   1.48e+08     1.73e+12   1511.246s
 550000 +6.87713628e+12 +1.12996449e+27  1.13e+27   1.48e+08     1.73e+12   1513.848s
 551000 +6.87712571e+12 +1.13055449e+27  1.13e+27   1.48e+08     1.73e+12   1516.451s
 552000 +6.87711673e+12 +1.13114449e+27  1.13e+27   1.48e+08     1.73e+12   1519.053s
 553000 +6.87710242e+12 +1.13173450e+27  1.13e+27   1.48e+08     1.73e+12   1521.655s
 554000 +6.87708918e+12 +1.13232450e+27  1.13e+27   1.48e+08     1.73e+12   1524.258s
 555000 +6.87706179e+12 +1.13291450e+27  1.13e+27   1.48e+08     1.73e+12   1526.860s
 556000 +6.87703653e+12 +1.13350450e+27  1.13e+27   1.48e+08     1.73e+12   1529.462s
 557000 +6.87701084e+12 +1.13409451e+27  1.13e+27   1.48e+08     1.73e+12   1532.064s
 558000 +6.87699689e+12 +1.13468451e+27  1.13e+27   1.48e+08     1.73e+12   1534.667s
 559000 +6.87697937e+12 +1.13527451e+27  1.14e+27   1.48e+08     1.73e+12   1537.268s
 560000 +6.87696898e+12 +1.13586452e+27  1.14e+27   1.48e+08     1.73e+12   1539.871s
 561000 +6.87695709e+12 +1.13645452e+27  1.14e+27   1.48e+08     1.73e+12   1542.473s
 562000 +6.87693447e+12 +1.13704452e+27  1.14e+27   1.48e+08     1.73e+12   1545.076s
 563000 +6.87691165e+12 +1.13763453e+27  1.14e+27   1.48e+08     1.73e+12   1547.677s
 564000 +6.87688059e+12 +1.13822453e+27  1.14e+27   1.48e+08     1.73e+12   1550.279s
 565000 +6.87685244e+12 +1.13881453e+27  1.14e+27   1.48e+08     1.73e+12   1552.882s
 566000 +6.87683545e+12 +1.13940453e+27  1.14e+27   1.48e+08     1.73e+12   1555.484s
 567000 +6.87682630e+12 +1.13999454e+27  1.14e+27   1.48e+08     1.73e+12   1558.086s
 568000 +6.87682910e+12 +1.14058454e+27  1.14e+27   1.48e+08     1.73e+12   1560.689s
 569000 +6.87683328e+12 +1.14117454e+27  1.14e+27   1.48e+08     1.73e+12   1563.294s
 570000 +6.87687288e+12 +1.14176454e+27  1.14e+27   1.48e+08     1.73e+12   1565.897s
 571000 +6.87685985e+12 +1.14235454e+27  1.14e+27   1.48e+08     1.73e+12   1568.499s
 572000 +6.87685248e+12 +1.14294455e+27  1.14e+27   1.48e+08     1.73e+12   1571.101s
 573000 +6.87685636e+12 +1.14353455e+27  1.14e+27   1.48e+08     1.73e+12   1573.703s
 574000 +6.87683583e+12 +1.14412455e+27  1.14e+27   1.48e+08     1.73e+12   1576.305s
 575000 +6.87681113e+12 +1.14471455e+27  1.14e+27   1.48e+08     1.73e+12   1578.907s
 576000 +6.87678744e+12 +1.14530455e+27  1.15e+27   1.48e+08     1.73e+12   1581.510s
 577000 +6.87676438e+12 +1.14589456e+27  1.15e+27   1.48e+08     1.73e+12   1584.112s
 578000 +6.87673969e+12 +1.14648456e+27  1.15e+27   1.48e+08     1.73e+12   1586.714s
 579000 +6.87671098e+12 +1.14707456e+27  1.15e+27   1.48e+08     1.73e+12   1589.316s
 580000 +6.87668312e+12 +1.14766456e+27  1.15e+27   1.48e+08     1.73e+12   1591.919s
 581000 +6.87665682e+12 +1.14825456e+27  1.15e+27   1.48e+08     1.73e+12   1594.521s
 582000 +6.87662361e+12 +1.14884456e+27  1.15e+27   1.48e+08     1.73e+12   1597.124s
 583000 +6.87658752e+12 +1.14943457e+27  1.15e+27   1.48e+08     1.73e+12   1599.726s
 584000 +6.87655729e+12 +1.15002457e+27  1.15e+27   1.48e+08     1.73e+12   1602.329s
 585000 +6.87652494e+12 +1.15061457e+27  1.15e+27   1.48e+08     1.73e+12   1604.931s
 586000 +6.87649062e+12 +1.15120458e+27  1.15e+27   1.48e+08     1.73e+12   1607.533s
 587000 +6.87646525e+12 +1.15179458e+27  1.15e+27   1.48e+08     1.73e+12   1610.136s
 588000 +6.87643510e+12 +1.15238458e+27  1.15e+27   1.48e+08     1.73e+12   1612.738s
 589000 +6.87639736e+12 +1.15297458e+27  1.15e+27   1.48e+08     1.73e+12   1615.340s
 590000 +6.87637708e+12 +1.15356459e+27  1.15e+27   1.48e+08     1.73e+12   1617.942s
 591000 +6.87636086e+12 +1.15415459e+27  1.15e+27   1.48e+08     1.73e+12   1620.544s
 592000 +6.87635813e+12 +1.15474459e+27  1.15e+27   1.48e+08     1.73e+12   1623.146s
 593000 +6.87641883e+12 +1.15533459e+27  1.16e+27   1.48e+08     1.73e+12   1625.748s
 594000 +6.87641438e+12 +1.15592459e+27  1.16e+27   1.48e+08     1.73e+12   1628.351s
 595000 +6.87639794e+12 +1.15651460e+27  1.16e+27   1.48e+08     1.73e+12   1630.953s
 596000 +6.87637627e+12 +1.15710460e+27  1.16e+27   1.48e+08     1.73e+12   1633.555s
 597000 +6.87635440e+12 +1.15769460e+27  1.16e+27   1.48e+08     1.73e+12   1636.157s
 598000 +6.87632922e+12 +1.15828460e+27  1.16e+27   1.48e+08     1.73e+12   1638.759s
 599000 +6.87630161e+12 +1.15887460e+27  1.16e+27   1.48e+08     1.73e+12   1641.361s
 600000 +6.87629138e+12 +1.15946460e+27  1.16e+27   1.48e+08     1.73e+12   1643.964s
 601000 +6.87628553e+12 +1.16005460e+27  1.16e+27   1.48e+08     1.73e+12   1646.566s
 602000 +6.87628430e+12 +1.16064460e+27  1.16e+27   1.48e+08     1.73e+12   1649.172s
 603000 +6.87628344e+12 +1.16123460e+27  1.16e+27   1.48e+08     1.73e+12   1651.779s
 604000 +6.87628104e+12 +1.16182460e+27  1.16e+27   1.48e+08     1.73e+12   1654.385s
 605000 +6.87627654e+12 +1.16241460e+27  1.16e+27   1.48e+08     1.73e+12   1656.989s
 606000 +6.87626575e+12 +1.16300460e+27  1.16e+27   1.48e+08     1.73e+12   1659.591s
 607000 +6.87625968e+12 +1.16359461e+27  1.16e+27   1.48e+08     1.73e+12   1662.193s
 608000 +6.87624976e+12 +1.16418461e+27  1.16e+27   1.48e+08     1.73e+12   1664.799s
 609000 +6.87623299e+12 +1.16477461e+27  1.16e+27   1.48e+08     1.73e+12   1667.406s
 610000 +6.87621400e+12 +1.16536461e+27  1.17e+27   1.48e+08     1.73e+12   1670.012s
 611000 +6.87620322e+12 +1.16595462e+27  1.17e+27   1.48e+08     1.73e+12   1672.617s
 612000 +6.87618943e+12 +1.16654462e+27  1.17e+27   1.48e+08     1.73e+12   1675.223s
 613000 +6.87616930e+12 +1.16713462e+27  1.17e+27   1.48e+08     1.73e+12   1677.830s
 614000 +6.87615573e+12 +1.16772462e+27  1.17e+27   1.48e+08     1.73e+12   1680.437s
 615000 +6.87615253e+12 +1.16831463e+27  1.17e+27   1.48e+08     1.73e+12   1683.039s
 616000 +6.87614648e+12 +1.16890463e+27  1.17e+27   1.48e+08     1.73e+12   1685.644s
 617000 +6.87613068e+12 +1.16949463e+27  1.17e+27   1.48e+08     1.73e+12   1688.247s
 618000 +6.87611474e+12 +1.17008463e+27  1.17e+27   1.48e+08     1.73e+12   1690.849s
 619000 +6.87609212e+12 +1.17067463e+27  1.17e+27   1.48e+08     1.73e+12   1693.451s
 620000 +6.87607151e+12 +1.17126464e+27  1.17e+27   1.48e+08     1.73e+12   1696.057s
 621000 +6.87605372e+12 +1.17185464e+27  1.17e+27   1.48e+08     1.73e+12   1698.661s
 622000 +6.87603046e+12 +1.17244464e+27  1.17e+27   1.48e+08     1.73e+12   1701.265s
 623000 +6.87600288e+12 +1.17303464e+27  1.17e+27   1.48e+08     1.73e+12   1703.868s
 624000 +6.87596914e+12 +1.17362464e+27  1.17e+27   1.48e+08     1.73e+12   1706.470s
 625000 +6.87594196e+12 +1.17421464e+27  1.17e+27   1.48e+08     1.73e+12   1709.072s
 626000 +6.87591109e+12 +1.17480464e+27  1.17e+27   1.48e+08     1.73e+12   1711.674s
 627000 +6.87587786e+12 +1.17539464e+27  1.18e+27   1.48e+08     1.73e+12   1714.276s
 628000 +6.87585208e+12 +1.17598464e+27  1.18e+27   1.48e+08     1.73e+12   1716.878s
 629000 +6.87583059e+12 +1.17657464e+27  1.18e+27   1.48e+08     1.73e+12   1719.480s
 630000 +6.87580781e+12 +1.17716464e+27  1.18e+27   1.48e+08     1.73e+12   1722.082s
 631000 +6.87578872e+12 +1.17775464e+27  1.18e+27   1.48e+08     1.73e+12   1724.684s
 632000 +6.87577607e+12 +1.17834464e+27  1.18e+27   1.48e+08     1.73e+12   1727.286s
 633000 +6.87576289e+12 +1.17893464e+27  1.18e+27   1.48e+08     1.73e+12   1729.889s
 634000 +6.87575698e+12 +1.17952464e+27  1.18e+27   1.48e+08     1.73e+12   1732.491s
 635000 +6.87574965e+12 +1.18011464e+27  1.18e+27   1.48e+08     1.73e+12   1735.093s
 636000 +6.87575341e+12 +1.18070464e+27  1.18e+27   1.48e+08     1.73e+12   1737.695s
 637000 +6.87575641e+12 +1.18129464e+27  1.18e+27   1.48e+08     1.73e+12   1740.297s
 638000 +6.87576243e+12 +1.18188465e+27  1.18e+27   1.48e+08     1.73e+12   1742.899s
 639000 +6.87574986e+12 +1.18247465e+27  1.18e+27   1.48e+08     1.73e+12   1745.501s
 640000 +6.87574476e+12 +1.18306465e+27  1.18e+27   1.48e+08     1.73e+12   1748.103s
 641000 +6.87573182e+12 +1.18365466e+27  1.18e+27   1.48e+08     1.73e+12   1750.706s
 642000 +6.87570847e+12 +1.18424466e+27  1.18e+27   1.48e+08     1.73e+12   1753.307s
 643000 +6.87567777e+12 +1.18483466e+27  1.18e+27   1.48e+08     1.73e+12   1755.909s
 644000 +6.87565367e+12 +1.18542466e+27  1.19e+27   1.48e+08     1.73e+12   1758.511s
 645000 +6.87563663e+12 +1.18601467e+27  1.19e+27   1.48e+08     1.73e+12   1761.114s
 646000 +6.87561547e+12 +1.18660467e+27  1.19e+27   1.48e+08     1.73e+12   1763.716s
 647000 +6.87559260e+12 +1.18719466e+27  1.19e+27   1.48e+08     1.73e+12   1766.318s
 648000 +6.87556404e+12 +1.18778466e+27  1.19e+27   1.48e+08     1.73e+12   1768.921s
 649000 +6.87554536e+12 +1.18837466e+27  1.19e+27   1.48e+08     1.73e+12   1771.523s
 650000 +6.87554438e+12 +1.18896466e+27  1.19e+27   1.48e+08     1.73e+12   1774.125s
 651000 +6.87554525e+12 +1.18955466e+27  1.19e+27   1.48e+08     1.73e+12   1776.727s
 652000 +6.87554378e+12 +1.19014466e+27  1.19e+27   1.48e+08     1.73e+12   1779.330s
 653000 +6.87553665e+12 +1.19073465e+27  1.19e+27   1.48e+08     1.73e+12   1781.932s
 654000 +6.87553290e+12 +1.19132465e+27  1.19e+27   1.48e+08     1.73e+12   1784.534s
 655000 +6.87553445e+12 +1.19191465e+27  1.19e+27   1.48e+08     1.73e+12   1787.137s
 656000 +6.87553834e+12 +1.19250465e+27  1.19e+27   1.48e+08     1.73e+12   1789.739s
 657000 +6.87552409e+12 +1.19309465e+27  1.19e+27   1.48e+08     1.73e+12   1792.341s
 658000 +6.87556152e+12 +1.19368465e+27  1.19e+27   1.48e+08     1.73e+12   1794.943s
 659000 +6.87559382e+12 +1.19427465e+27  1.19e+27   1.48e+08     1.73e+12   1797.546s
 660000 +6.87562278e+12 +1.19486465e+27  1.19e+27   1.48e+08     1.73e+12   1800.148s
 661000 +6.87563965e+12 +1.19545465e+27  1.20e+27   1.48e+08     1.73e+12   1802.751s
 662000 +6.87566995e+12 +1.19604465e+27  1.20e+27   1.48e+08     1.73e+12   1805.353s
 663000 +6.87570425e+12 +1.19663465e+27  1.20e+27   1.48e+08     1.73e+12   1807.955s
 664000 +6.87573762e+12 +1.19722465e+27  1.20e+27   1.48e+08     1.73e+12   1810.558s
 665000 +6.87575428e+12 +1.19781465e+27  1.20e+27   1.48e+08     1.73e+12   1813.160s
 666000 +6.87576557e+12 +1.19840466e+27  1.20e+27   1.48e+08     1.73e+12   1815.762s
 667000 +6.87578204e+12 +1.19899466e+27  1.20e+27   1.48e+08     1.73e+12   1818.365s
 668000 +6.87580331e+12 +1.19958466e+27  1.20e+27   1.48e+08     1.73e+12   1820.967s
 669000 +6.87581529e+12 +1.20017466e+27  1.20e+27   1.48e+08     1.73e+12   1823.570s
 670000 +6.87579507e+12 +1.20076466e+27  1.20e+27   1.48e+08     1.73e+12   1826.172s
 671000 +6.87578165e+12 +1.20135467e+27  1.20e+27   1.48e+08     1.73e+12   1828.774s
 672000 +6.87577352e+12 +1.20194467e+27  1.20e+27   1.48e+08     1.73e+12   1831.377s
 673000 +6.87576327e+12 +1.20253467e+27  1.20e+27   1.48e+08     1.73e+12   1833.979s
 674000 +6.87574574e+12 +1.20312467e+27  1.20e+27   1.48e+08     1.73e+12   1836.581s
 675000 +6.87573902e+12 +1.20371467e+27  1.20e+27   1.48e+08     1.73e+12   1839.184s
 676000 +6.87574595e+12 +1.20430467e+27  1.20e+27   1.48e+08     1.73e+12   1841.786s
 677000 +6.87574184e+12 +1.20489467e+27  1.20e+27   1.48e+08     1.73e+12   1844.389s
 678000 +6.87572691e+12 +1.20548467e+27  1.21e+27   1.48e+08     1.73e+12   1846.991s
 679000 +6.87571207e+12 +1.20607467e+27  1.21e+27   1.48e+08     1.73e+12   1849.593s
 680000 +6.87569837e+12 +1.20666467e+27  1.21e+27   1.48e+08     1.73e+12   1852.196s
 681000 +6.87568113e+12 +1.20725467e+27  1.21e+27   1.48e+08     1.73e+12   1854.798s
 682000 +6.87566177e+12 +1.20784467e+27  1.21e+27   1.48e+08     1.73e+12   1857.400s
 683000 +6.87564282e+12 +1.20843466e+27  1.21e+27   1.48e+08     1.73e+12   1860.002s
 684000 +6.87562952e+12 +1.20902466e+27  1.21e+27   1.48e+08     1.73e+12   1862.605s
 685000 +6.87562859e+12 +1.20961466e+27  1.21e+27   1.48e+08     1.73e+12   1865.207s
 686000 +6.87563032e+12 +1.21020466e+27  1.21e+27   1.48e+08     1.73e+12   1867.809s
 687000 +6.87562408e+12 +1.21079466e+27  1.21e+27   1.48e+08     1.73e+12   1870.412s
 688000 +6.87561958e+12 +1.21138466e+27  1.21e+27   1.48e+08     1.73e+12   1873.014s
 689000 +6.87562230e+12 +1.21197466e+27  1.21e+27   1.48e+08     1.73e+12   1875.616s
 690000 +6.62482418e+12 +1.21209192e+27  1.21e+27   2.32e+08     1.87e+07   1878.224s
 691000 +6.49631122e+12 +1.21209192e+27  1.21e+27   2.02e+08     1.34e+07   1880.825s
 692000 +6.45614810e+12 +1.21209193e+27  1.21e+27   1.80e+08     3.09e+07   1883.430s
 693000 +6.42096170e+12 +1.21209193e+27  1.21e+27   1.72e+08     2.70e+07   1886.031s
 694000 +6.38701387e+12 +1.21209194e+27  1.21e+27   1.68e+08     2.45e+07   1888.632s
 695000 +6.35459264e+12 +1.21209194e+27  1.21e+27   1.65e+08     2.26e+07   1891.233s
 696000 +6.32165168e+12 +1.21209194e+27  1.21e+27   1.64e+08     2.14e+07   1893.835s
 697000 +6.29098153e+12 +1.21209194e+27  1.21e+27   1.62e+08     2.04e+07   1896.436s
 698000 +6.25943325e+12 +1.21209195e+27  1.21e+27   1.61e+08     1.96e+07   1899.037s
 699000 +6.22907280e+12 +1.21209195e+27  1.21e+27   1.60e+08     1.89e+07   1901.638s
 700000 +6.19716963e+12 +1.21209195e+27  1.21e+27   1.59e+08     1.83e+07   1904.239s
 701000 +6.16379181e+12 +1.21209195e+27  1.21e+27   1.59e+08     1.79e+07   1906.840s
 702000 +6.13280032e+12 +1.21209196e+27  1.21e+27   1.59e+08     1.75e+07   1909.441s
 703000 +6.10414978e+12 +1.21209196e+27  1.21e+27   1.58e+08     1.72e+07   1912.042s
 704000 +6.07642189e+12 +1.21209196e+27  1.21e+27   1.58e+08     1.68e+07   1914.644s
 705000 +6.04890550e+12 +1.21209196e+27  1.21e+27   1.57e+08     1.65e+07   1917.245s
 706000 +6.02211729e+12 +1.21209197e+27  1.21e+27   1.57e+08     1.62e+07   1919.845s
 707000 +5.99682272e+12 +1.21209197e+27  1.21e+27   1.57e+08     1.61e+07   1922.447s
 708000 +5.97230192e+12 +1.21209197e+27  1.21e+27   1.56e+08     1.59e+07   1925.051s
 709000 +5.94815156e+12 +1.21209197e+27  1.21e+27   1.56e+08     1.56e+07   1927.656s
 710000 +5.92358731e+12 +1.21209198e+27  1.21e+27   1.56e+08     1.55e+07   1930.259s
 711000 +5.89975694e+12 +1.21209198e+27  1.21e+27   1.56e+08     1.52e+07   1932.859s
 712000 +5.87608617e+12 +1.21209198e+27  1.21e+27   1.56e+08     1.51e+07   1935.460s
 713000 +5.85346243e+12 +1.21209198e+27  1.21e+27   1.55e+08     1.50e+07   1938.061s
 714000 +5.83117303e+12 +1.21209199e+27  1.21e+27   1.55e+08     1.48e+07   1940.662s
 715000 +5.80889999e+12 +1.21209199e+27  1.21e+27   1.55e+08     1.47e+07   1943.263s
 716000 +5.78830691e+12 +1.21209199e+27  1.21e+27   1.55e+08     1.46e+07   1945.868s
 717000 +5.76797288e+12 +1.21209199e+27  1.21e+27   1.55e+08     1.44e+07   1948.469s
 718000 +5.74771840e+12 +1.21209199e+27  1.21e+27   1.55e+08     1.43e+07   1951.070s
 719000 +5.72819685e+12 +1.21209200e+27  1.21e+27   1.54e+08     1.42e+07   1953.671s
 720000 +5.70915759e+12 +1.21209200e+27  1.21e+27   1.54e+08     1.41e+07   1956.272s
 721000 +5.69021937e+12 +1.21209200e+27  1.21e+27   1.54e+08     1.40e+07   1958.873s
 722000 +5.67149838e+12 +1.21209200e+27  1.21e+27   1.54e+08     1.39e+07   1961.474s
 723000 +5.65255547e+12 +1.21209201e+27  1.21e+27   1.54e+08     1.38e+07   1964.075s
 724000 +5.63373720e+12 +1.21209201e+27  1.21e+27   1.54e+08     1.37e+07   1966.676s
 725000 +5.61542581e+12 +1.21209201e+27  1.21e+27   1.54e+08     1.36e+07   1969.277s
 726000 +5.59771423e+12 +1.21209201e+27  1.21e+27   1.54e+08     1.35e+07   1971.878s
 727000 +5.57987008e+12 +1.21209201e+27  1.21e+27   1.54e+08     1.35e+07   1974.479s
 728000 +5.56242664e+12 +1.21209202e+27  1.21e+27   1.53e+08     1.34e+07   1977.079s
 729000 +5.54486065e+12 +1.21209202e+27  1.21e+27   1.53e+08     1.33e+07   1979.681s
 730000 +5.52761688e+12 +1.21209202e+27  1.21e+27   1.53e+08     1.32e+07   1982.281s
 731000 +5.51069023e+12 +1.21209202e+27  1.21e+27   1.53e+08     1.31e+07   1984.882s
 732000 +5.49449139e+12 +1.21209203e+27  1.21e+27   1.53e+08     1.31e+07   1987.483s
 733000 +5.47779838e+12 +1.21209203e+27  1.21e+27   1.53e+08     1.30e+07   1990.085s
 734000 +5.46153692e+12 +1.21209203e+27  1.21e+27   1.53e+08     1.29e+07   1992.686s
 735000 +5.44517610e+12 +1.21209203e+27  1.21e+27   1.53e+08     1.29e+07   1995.286s
 736000 +5.42888447e+12 +1.21209203e+27  1.21e+27   1.53e+08     1.29e+07   1997.887s
 737000 +5.41301899e+12 +1.21209204e+27  1.21e+27   1.53e+08     1.28e+07   2000.488s
 738000 +5.39696250e+12 +1.21209204e+27  1.21e+27   1.53e+08     1.27e+07   2003.088s
 739000 +5.38112973e+12 +1.21209204e+27  1.21e+27   1.53e+08     1.27e+07   2005.690s
 740000 +5.36597027e+12 +1.21209204e+27  1.21e+27   1.53e+08     1.27e+07   2008.290s
 741000 +5.35073425e+12 +1.21209205e+27  1.21e+27   1.53e+08     1.26e+07   2010.891s
 742000 +5.33519290e+12 +1.21209205e+27  1.21e+27   1.53e+08     1.25e+07   2013.492s
 743000 +5.31909118e+12 +1.21209205e+27  1.21e+27   1.52e+08     1.25e+07   2016.093s
 744000 +5.30358185e+12 +1.21209205e+27  1.21e+27   1.52e+08     1.24e+07   2018.693s
 745000 +5.28853634e+12 +1.21209205e+27  1.21e+27   1.52e+08     1.24e+07   2021.295s
 746000 +5.27345061e+12 +1.21209206e+27  1.21e+27   1.52e+08     1.24e+07   2023.896s
 747000 +5.25882171e+12 +1.21209206e+27  1.21e+27   1.52e+08     1.23e+07   2026.497s
 748000 +5.24418958e+12 +1.21209206e+27  1.21e+27   1.52e+08     1.22e+07   2029.098s
 749000 +5.24419926e+12 +1.21209211e+27  1.21e+27   1.52e+08     6.71e+08   2031.701s
 750000 +5.25321447e+12 +1.21209224e+27  1.21e+27   1.50e+08     6.38e+08   2034.303s
 751000 +5.25018867e+12 +1.21209237e+27  1.21e+27   1.50e+08     5.93e+08   2036.904s
 752000 +5.24221719e+12 +1.21209250e+27  1.21e+27   1.49e+08     5.57e+08   2039.505s
 753000 +5.23102350e+12 +1.21209263e+27  1.21e+27   1.49e+08     5.31e+08   2042.107s
 754000 +5.21901073e+12 +1.21209275e+27  1.21e+27   1.49e+08     5.10e+08   2044.708s
 755000 +5.20700568e+12 +1.21209288e+27  1.21e+27   1.49e+08     4.90e+08   2047.309s
 756000 +5.19757603e+12 +1.21209300e+27  1.21e+27   1.49e+08     4.78e+08   2049.910s
 757000 +5.19053174e+12 +1.21209313e+27  1.21e+27   1.49e+08     4.67e+08   2052.512s
 758000 +5.18511058e+12 +1.21209325e+27  1.21e+27   1.49e+08     4.58e+08   2055.113s
 759000 +5.18107339e+12 +1.21209338e+27  1.21e+27   1.49e+08     4.52e+08   2057.714s
 760000 +5.17732914e+12 +1.21209350e+27  1.21e+27   1.49e+08     4.46e+08   2060.316s
 761000 +5.17480891e+12 +1.21209363e+27  1.21e+27   1.49e+08     4.42e+08   2062.917s
 762000 +5.17224380e+12 +1.21209375e+27  1.21e+27   1.49e+08     4.38e+08   2065.518s
 763000 +5.16986100e+12 +1.21209388e+27  1.21e+27   1.49e+08     4.34e+08   2068.119s
 764000 +5.16778888e+12 +1.21209400e+27  1.21e+27   1.49e+08     4.31e+08   2070.720s
 765000 +5.16585213e+12 +1.21209413e+27  1.21e+27   1.49e+08     4.29e+08   2073.321s
 766000 +5.16456398e+12 +1.21209425e+27  1.21e+27   1.49e+08     4.26e+08   2075.923s
 767000 +5.16315713e+12 +1.21209438e+27  1.21e+27   1.49e+08     4.24e+08   2078.524s
 768000 +5.16204107e+12 +1.21209450e+27  1.21e+27   1.49e+08     4.22e+08   2081.125s
 769000 +5.16107172e+12 +1.21209463e+27  1.21e+27   1.48e+08     4.20e+08   2083.727s
 770000 +5.15983825e+12 +1.21209475e+27  1.21e+27   1.48e+08     4.18e+08   2086.328s
 771000 +5.15847400e+12 +1.21209487e+27  1.21e+27   1.48e+08     4.17e+08   2088.930s
 772000 +5.15731276e+12 +1.21209500e+27  1.21e+27   1.48e+08     4.15e+08   2091.535s
 773000 +5.15533560e+12 +1.21209512e+27  1.21e+27   1.48e+08     4.13e+08   2094.141s
 774000 +5.15348347e+12 +1.21209525e+27  1.21e+27   1.48e+08     4.12e+08   2096.742s
 775000 +5.15170077e+12 +1.21209537e+27  1.21e+27   1.48e+08     4.10e+08   2099.343s
 776000 +5.15028704e+12 +1.21209550e+27  1.21e+27   1.48e+08     4.09e+08   2101.945s
 777000 +5.14895395e+12 +1.21209562e+27  1.21e+27   1.48e+08     4.08e+08   2104.546s
 778000 +5.14754432e+12 +1.21209574e+27  1.21e+27   1.48e+08     4.07e+08   2107.147s
 779000 +5.14563712e+12 +1.21209587e+27  1.21e+27   1.48e+08     4.06e+08   2109.748s
 780000 +5.14369655e+12 +1.21209599e+27  1.21e+27   1.48e+08     4.05e+08   2112.350s
 781000 +5.14147536e+12 +1.21209612e+27  1.21e+27   1.48e+08     4.04e+08   2114.951s
 782000 +5.13999233e+12 +1.21209624e+27  1.21e+27   1.48e+08     4.03e+08   2117.553s
 783000 +5.13828042e+12 +1.21209636e+27  1.21e+27   1.48e+08     4.02e+08   2120.154s
 784000 +5.13650563e+12 +1.21209649e+27  1.21e+27   1.48e+08     4.01e+08   2122.755s
 785000 +5.13472069e+12 +1.21209661e+27  1.21e+27   1.48e+08     4.00e+08   2125.356s
 786000 +5.13247955e+12 +1.21209674e+27  1.21e+27   1.48e+08     3.99e+08   2127.957s
 787000 +5.13029856e+12 +1.21209686e+27  1.21e+27   1.48e+08     3.99e+08   2130.558s
 788000 +5.12849499e+12 +1.21209698e+27  1.21e+27   1.48e+08     3.98e+08   2133.160s
 789000 +5.12714569e+12 +1.21209711e+27  1.21e+27   1.48e+08     3.97e+08   2135.761s
 790000 +5.12561911e+12 +1.21209723e+27  1.21e+27   1.48e+08     3.97e+08   2138.362s
 791000 +5.12438399e+12 +1.21209735e+27  1.21e+27   1.48e+08     3.96e+08   2140.963s
 792000 +5.12317979e+12 +1.21209748e+27  1.21e+27   1.48e+08     3.96e+08   2143.564s
 793000 +5.12210082e+12 +1.21209760e+27  1.21e+27   1.48e+08     3.95e+08   2146.165s
 794000 +5.12117849e+12 +1.21209773e+27  1.21e+27   1.48e+08     3.94e+08   2148.766s
 795000 +5.12006073e+12 +1.21209785e+27  1.21e+27   1.48e+08     3.94e+08   2151.367s
 796000 +5.11859632e+12 +1.21209797e+27  1.21e+27   1.48e+08     3.94e+08   2153.968s
 797000 +5.11777156e+12 +1.21209810e+27  1.21e+27   1.48e+08     3.93e+08   2156.569s
 798000 +5.11694690e+12 +1.21209822e+27  1.21e+27   1.48e+08     3.93e+08   2159.170s
 799000 +5.11595462e+12 +1.21209834e+27  1.21e+27   1.48e+08     3.92e+08   2161.771s
 800000 +5.11520691e+12 +1.21209847e+27  1.21e+27   1.48e+08     3.92e+08   2164.373s
 801000 +5.11451702e+12 +1.21209859e+27  1.21e+27   1.48e+08     3.92e+08   2166.973s
 802000 +5.11392008e+12 +1.21209871e+27  1.21e+27   1.48e+08     3.91e+08   2169.575s
 803000 +5.11323605e+12 +1.21209884e+27  1.21e+27   1.48e+08     3.91e+08   2172.175s
 804000 +5.11285816e+12 +1.21209896e+27  1.21e+27   1.48e+08     3.91e+08   2174.777s
 805000 +5.11221070e+12 +1.21209909e+27  1.21e+27   1.48e+08     3.90e+08   2177.378s
 806000 +5.11125038e+12 +1.21209921e+27  1.21e+27   1.48e+08     3.90e+08   2179.979s
 807000 +5.11070163e+12 +1.21209933e+27  1.21e+27   1.48e+08     3.89e+08   2182.579s
 808000 +5.11004482e+12 +1.21209946e+27  1.21e+27   1.48e+08     3.89e+08   2185.180s
 809000 +5.10949128e+12 +1.21209958e+27  1.21e+27   1.48e+08     3.88e+08   2187.782s
 810000 +5.10884533e+12 +1.21209970e+27  1.21e+27   1.48e+08     3.88e+08   2190.383s
 811000 +5.10826400e+12 +1.21209983e+27  1.21e+27   1.48e+08     3.88e+08   2192.984s
 812000 +5.10783803e+12 +1.21209995e+27  1.21e+27   1.48e+08     3.88e+08   2195.585s
 813000 +5.10716799e+12 +1.21210007e+27  1.21e+27   1.48e+08     3.87e+08   2198.186s
 814000 +5.10646655e+12 +1.21210020e+27  1.21e+27   1.48e+08     3.87e+08   2200.787s
 815000 +5.10595639e+12 +1.21210032e+27  1.21e+27   1.48e+08     3.87e+08   2203.388s
 816000 +5.10552683e+12 +1.21210044e+27  1.21e+27   1.48e+08     3.86e+08   2205.989s
 817000 +5.10510876e+12 +1.21210057e+27  1.21e+27   1.48e+08     3.86e+08   2208.590s
 818000 +5.10440567e+12 +1.21210069e+27  1.21e+27   1.48e+08     3.86e+08   2211.191s
 819000 +5.10407159e+12 +1.21210081e+27  1.21e+27   1.48e+08     3.86e+08   2213.792s
 820000 +5.10379088e+12 +1.21210094e+27  1.21e+27   1.48e+08     3.85e+08   2216.393s
 821000 +5.10351920e+12 +1.21210106e+27  1.21e+27   1.48e+08     3.85e+08   2218.995s
 822000 +5.10344010e+12 +1.21210118e+27  1.21e+27   1.48e+08     3.85e+08   2221.596s
 823000 +5.10361957e+12 +1.21210131e+27  1.21e+27   1.48e+08     3.84e+08   2224.197s
 824000 +5.10307757e+12 +1.21210143e+27  1.21e+27   1.48e+08     3.84e+08   2226.798s
 825000 +5.10265027e+12 +1.21210155e+27  1.21e+27   1.48e+08     3.84e+08   2229.399s
 826000 +5.10232756e+12 +1.21210168e+27  1.21e+27   1.48e+08     3.84e+08   2232.000s
 827000 +5.10238953e+12 +1.21210180e+27  1.21e+27   1.48e+08     3.84e+08   2234.601s
 828000 +5.10217176e+12 +1.21210192e+27  1.21e+27   1.48e+08     3.83e+08   2237.202s
 829000 +5.10189618e+12 +1.21210205e+27  1.21e+27   1.48e+08     3.83e+08   2239.803s
 830000 +5.10146230e+12 +1.21210217e+27  1.21e+27   1.48e+08     3.83e+08   2242.404s
 831000 +5.10121583e+12 +1.21210229e+27  1.21e+27   1.48e+08     3.83e+08   2245.005s
 832000 +5.10128812e+12 +1.21210242e+27  1.21e+27   1.48e+08     3.82e+08   2247.606s
 833000 +5.10129384e+12 +1.21210254e+27  1.21e+27   1.48e+08     3.82e+08   2250.207s
 834000 +5.10099781e+12 +1.21210266e+27  1.21e+27   1.48e+08     3.82e+08   2252.808s
 835000 +5.10067761e+12 +1.21210279e+27  1.21e+27   1.48e+08     3.81e+08   2255.409s
 836000 +5.10038862e+12 +1.21210291e+27  1.21e+27   1.48e+08     3.80e+08   2258.011s
 837000 +5.10021336e+12 +1.21210303e+27  1.21e+27   1.48e+08     3.80e+08   2260.612s
 838000 +5.09987137e+12 +1.21210316e+27  1.21e+27   1.48e+08     3.80e+08   2263.213s
 839000 +5.09958100e+12 +1.21210328e+27  1.21e+27   1.48e+08     3.81e+08   2265.814s
 840000 +5.09926702e+12 +1.21210340e+27  1.21e+27   1.48e+08     3.81e+08   2268.415s
 841000 +5.09873658e+12 +1.21210353e+27  1.21e+27   1.48e+08     3.80e+08   2271.017s
 842000 +5.09852432e+12 +1.21210365e+27  1.21e+27   1.48e+08     3.80e+08   2273.617s
 843000 +5.09806155e+12 +1.21210377e+27  1.21e+27   1.48e+08     3.80e+08   2276.219s
 844000 +5.09759878e+12 +1.21210390e+27  1.21e+27   1.48e+08     3.79e+08   2278.820s
 845000 +5.09734131e+12 +1.21210402e+27  1.21e+27   1.48e+08     3.79e+08   2281.421s
 846000 +5.09709014e+12 +1.21210414e+27  1.21e+27   1.48e+08     3.79e+08   2284.022s
 847000 +5.09682045e+12 +1.21210426e+27  1.21e+27   1.48e+08     3.79e+08   2286.624s
 848000 +5.09659240e+12 +1.21210439e+27  1.21e+27   1.48e+08     3.78e+08   2289.225s
 849000 +5.09625353e+12 +1.21210451e+27  1.21e+27   1.48e+08     3.78e+08   2291.826s
 850000 +5.09598781e+12 +1.21210463e+27  1.21e+27   1.48e+08     3.78e+08   2294.427s
 851000 +5.09565079e+12 +1.21210476e+27  1.21e+27   1.48e+08     3.78e+08   2297.028s
 852000 +5.09506782e+12 +1.21210488e+27  1.21e+27   1.48e+08     3.77e+08   2299.629s
 853000 +5.09476288e+12 +1.21210500e+27  1.21e+27   1.48e+08     3.77e+08   2302.230s
 854000 +5.09455943e+12 +1.21210513e+27  1.21e+27   1.48e+08     3.77e+08   2304.831s
 855000 +5.09438683e+12 +1.21210525e+27  1.21e+27   1.48e+08     3.77e+08   2307.432s
 856000 +5.09439809e+12 +1.21210537e+27  1.21e+27   1.48e+08     3.77e+08   2310.033s
 857000 +5.09434774e+12 +1.21210549e+27  1.21e+27   1.48e+08     3.77e+08   2312.634s
 858000 +5.09419030e+12 +1.21210562e+27  1.21e+27   1.48e+08     3.77e+08   2315.235s
 859000 +5.09404662e+12 +1.21210574e+27  1.21e+27   1.48e+08     3.76e+08   2317.836s
 860000 +5.09396213e+12 +1.21210586e+27  1.21e+27   1.48e+08     3.76e+08   2320.437s
 861000 +5.09388163e+12 +1.21210599e+27  1.21e+27   1.48e+08     3.76e+08   2323.038s
 862000 +5.09385856e+12 +1.21210611e+27  1.21e+27   1.48e+08     3.76e+08   2325.639s
 863000 +5.09406939e+12 +1.21210623e+27  1.21e+27   1.48e+08     3.75e+08   2328.240s
 864000 +5.09423180e+12 +1.21210636e+27  1.21e+27   1.48e+08     3.75e+08   2330.841s
 865000 +5.09409613e+12 +1.21210648e+27  1.21e+27   1.48e+08     3.75e+08   2333.442s
 866000 +5.09368685e+12 +1.21210660e+27  1.21e+27   1.48e+08     3.75e+08   2336.043s
 867000 +5.09352259e+12 +1.21210673e+27  1.21e+27   1.48e+08     3.75e+08   2338.644s
 868000 +5.09336389e+12 +1.21210685e+27  1.21e+27   1.48e+08     3.75e+08   2341.246s
 869000 +5.09299710e+12 +1.21210697e+27  1.21e+27   1.48e+08     3.75e+08   2343.846s
 870000 +5.09281174e+12 +1.21210709e+27  1.21e+27   1.48e+08     3.75e+08   2346.448s
 871000 +5.09250564e+12 +1.21210722e+27  1.21e+27   1.48e+08     3.74e+08   2349.049s
 872000 +5.09231648e+12 +1.21210734e+27  1.21e+27   1.48e+08     3.74e+08   2351.650s
 873000 +5.09211251e+12 +1.21210746e+27  1.21e+27   1.48e+08     3.74e+08   2354.251s
 874000 +5.09155018e+12 +1.21210759e+27  1.21e+27   1.48e+08     3.74e+08   2356.852s
 875000 +5.09092815e+12 +1.21210771e+27  1.21e+27   1.48e+08     3.73e+08   2359.453s
 876000 +5.09057538e+12 +1.21210783e+27  1.21e+27   1.48e+08     3.73e+08   2362.055s
 877000 +5.09032031e+12 +1.21210795e+27  1.21e+27   1.48e+08     3.73e+08   2364.656s
 878000 +5.09013323e+12 +1.21210808e+27  1.21e+27   1.48e+08     3.73e+08   2367.257s
 879000 +5.09004580e+12 +1.21210820e+27  1.21e+27   1.48e+08     3.73e+08   2369.858s
 880000 +5.08997689e+12 +1.21210832e+27  1.21e+27   1.48e+08     3.73e+08   2372.459s
 881000 +5.08979884e+12 +1.21210845e+27  1.21e+27   1.48e+08     3.73e+08   2375.060s
 882000 +5.08962271e+12 +1.21210857e+27  1.21e+27   1.48e+08     3.73e+08   2377.661s
 883000 +5.08969922e+12 +1.21210869e+27  1.21e+27   1.48e+08     3.73e+08   2380.262s
 884000 +5.08966447e+12 +1.21210882e+27  1.21e+27   1.48e+08     3.73e+08   2382.864s
 885000 +5.08931760e+12 +1.21210894e+27  1.21e+27   1.48e+08     3.73e+08   2385.465s
 886000 +5.08930870e+12 +1.21210906e+27  1.21e+27   1.48e+08     3.72e+08   2388.066s
 887000 +5.08960674e+12 +1.21210918e+27  1.21e+27   1.48e+08     3.72e+08   2390.667s
 888000 +5.08959004e+12 +1.21210931e+27  1.21e+27   1.48e+08     3.72e+08   2393.267s
 889000 +5.08943805e+12 +1.21210943e+27  1.21e+27   1.48e+08     3.72e+08   2395.868s
 890000 +5.08915620e+12 +1.21210955e+27  1.21e+27   1.48e+08     3.72e+08   2398.469s
 891000 +5.08869363e+12 +1.21210968e+27  1.21e+27   1.48e+08     3.72e+08   2401.070s
 892000 +5.08841319e+12 +1.21210980e+27  1.21e+27   1.48e+08     3.71e+08   2403.671s
 893000 +5.08813162e+12 +1.21210992e+27  1.21e+27   1.48e+08     3.71e+08   2406.272s
 894000 +5.08796199e+12 +1.21211004e+27  1.21e+27   1.48e+08     3.71e+08   2408.873s
 895000 +5.08746041e+12 +1.21211017e+27  1.21e+27   1.48e+08     3.71e+08   2411.474s
 896000 +5.08720717e+12 +1.21211029e+27  1.21e+27   1.48e+08     3.71e+08   2414.075s
 897000 +5.08697570e+12 +1.21211041e+27  1.21e+27   1.48e+08     3.71e+08   2416.676s
 898000 +5.08681383e+12 +1.21211054e+27  1.21e+27   1.48e+08     3.71e+08   2419.280s
 899000 +5.08672549e+12 +1.21211066e+27  1.21e+27   1.48e+08     3.71e+08   2421.882s
 900000 +5.08647050e+12 +1.21211078e+27  1.21e+27   1.48e+08     3.71e+08   2424.484s
 901000 +5.08622913e+12 +1.21211090e+27  1.21e+27   1.48e+08     3.71e+08   2427.085s
 902000 +5.08622390e+12 +1.21211103e+27  1.21e+27   1.48e+08     3.71e+08   2429.685s
 903000 +5.08598304e+12 +1.21211115e+27  1.21e+27   1.48e+08     3.71e+08   2432.286s
 904000 +5.08609699e+12 +1.21211127e+27  1.21e+27   1.48e+08     3.71e+08   2434.888s
 905000 +5.08590774e+12 +1.21211140e+27  1.21e+27   1.48e+08     3.71e+08   2437.488s
 906000 +5.08612368e+12 +1.21211152e+27  1.21e+27   1.48e+08     3.70e+08   2440.089s
 907000 +5.08603060e+12 +1.21211164e+27  1.21e+27   1.48e+08     3.70e+08   2442.691s
 908000 +5.08570707e+12 +1.21211176e+27  1.21e+27   1.48e+08     3.70e+08   2445.291s
 909000 +5.08534366e+12 +1.21211189e+27  1.21e+27   1.48e+08     3.70e+08   2447.892s
 910000 +5.08510582e+12 +1.21211201e+27  1.21e+27   1.48e+08     3.70e+08   2450.493s
 911000 +5.08459429e+12 +1.21211213e+27  1.21e+27   1.48e+08     3.70e+08   2453.094s
 912000 +5.08418423e+12 +1.21211226e+27  1.21e+27   1.48e+08     3.70e+08   2455.695s
 913000 +5.08382600e+12 +1.21211238e+27  1.21e+27   1.48e+08     3.70e+08   2458.300s
 914000 +5.08351810e+12 +1.21211250e+27  1.21e+27   1.48e+08     3.70e+08   2460.906s
 915000 +5.08331807e+12 +1.21211262e+27  1.21e+27   1.48e+08     3.70e+08   2463.508s
 916000 +5.08284075e+12 +1.21211275e+27  1.21e+27   1.48e+08     3.70e+08   2466.114s
 917000 +5.08246017e+12 +1.21211287e+27  1.21e+27   1.48e+08     3.69e+08   2468.719s
 918000 +5.08219665e+12 +1.21211299e+27  1.21e+27   1.48e+08     3.69e+08   2471.325s
 919000 +5.08208045e+12 +1.21211312e+27  1.21e+27   1.48e+08     3.69e+08   2473.928s
 920000 +5.08197544e+12 +1.21211324e+27  1.21e+27   1.48e+08     3.69e+08   2476.530s
 921000 +5.08177538e+12 +1.21211336e+27  1.21e+27   1.48e+08     3.69e+08   2479.135s
 922000 +5.08136469e+12 +1.21211348e+27  1.21e+27   1.48e+08     3.69e+08   2481.741s
 923000 +5.08103392e+12 +1.21211361e+27  1.21e+27   1.48e+08     3.69e+08   2484.344s
 924000 +5.08099981e+12 +1.21211373e+27  1.21e+27   1.48e+08     3.69e+08   2486.945s
 925000 +5.08065609e+12 +1.21211385e+27  1.21e+27   1.48e+08     3.69e+08   2489.550s
 926000 +5.08037063e+12 +1.21211398e+27  1.21e+27   1.48e+08     3.69e+08   2492.155s
 927000 +5.08053889e+12 +1.21211410e+27  1.21e+27   1.48e+08     3.69e+08   2494.759s
 928000 +5.08041850e+12 +1.21211422e+27  1.21e+27   1.48e+08     3.69e+08   2497.360s
 929000 +5.08045965e+12 +1.21211434e+27  1.21e+27   1.48e+08     3.69e+08   2499.961s
 930000 +5.08035315e+12 +1.21211447e+27  1.21e+27   1.48e+08     3.68e+08   2502.562s
 931000 +5.08022213e+12 +1.21211459e+27  1.21e+27   1.48e+08     3.68e+08   2505.167s
 932000 +5.08028241e+12 +1.21211471e+27  1.21e+27   1.48e+08     3.68e+08   2507.771s
 933000 +5.08031838e+12 +1.21211483e+27  1.21e+27   1.48e+08     3.68e+08   2510.372s
 934000 +5.07998001e+12 +1.21211496e+27  1.21e+27   1.48e+08     3.68e+08   2512.975s
 935000 +5.07943369e+12 +1.21211508e+27  1.21e+27   1.48e+08     3.68e+08   2515.580s
 936000 +5.07864365e+12 +1.21211520e+27  1.21e+27   1.48e+08     3.68e+08   2518.182s
 937000 +5.07808880e+12 +1.21211533e+27  1.21e+27   1.48e+08     3.68e+08   2520.788s
 938000 +5.07775570e+12 +1.21211545e+27  1.21e+27   1.48e+08     3.68e+08   2523.391s
 939000 +5.07772678e+12 +1.21211557e+27  1.21e+27   1.48e+08     3.68e+08   2525.992s
 940000 +5.07770940e+12 +1.21211569e+27  1.21e+27   1.48e+08     3.68e+08   2528.594s
 941000 +5.07738644e+12 +1.21211582e+27  1.21e+27   1.48e+08     3.68e+08   2531.195s
 942000 +5.07720132e+12 +1.21211594e+27  1.21e+27   1.48e+08     3.68e+08   2533.796s
 943000 +5.07687690e+12 +1.21211606e+27  1.21e+27   1.48e+08     3.68e+08   2536.402s
 944000 +5.07650424e+12 +1.21211619e+27  1.21e+27   1.48e+08     3.68e+08   2539.006s
 945000 +5.07635238e+12 +1.21211631e+27  1.21e+27   1.48e+08     3.68e+08   2541.612s
 946000 +5.07637545e+12 +1.21211643e+27  1.21e+27   1.48e+08     3.67e+08   2544.215s
 947000 +5.07611592e+12 +1.21211655e+27  1.21e+27   1.48e+08     3.67e+08   2546.820s
 948000 +5.07568937e+12 +1.21211668e+27  1.21e+27   1.48e+08     3.67e+08   2549.421s
 949000 +5.07559344e+12 +1.21211680e+27  1.21e+27   1.48e+08     3.67e+08   2552.026s
 950000 +5.07545231e+12 +1.21211692e+27  1.21e+27   1.48e+08     3.67e+08   2554.631s
 951000 +5.07521176e+12 +1.21211704e+27  1.21e+27   1.48e+08     3.67e+08   2557.233s
 952000 +5.07502007e+12 +1.21211717e+27  1.21e+27   1.48e+08     3.67e+08   2559.835s
 953000 +5.07450544e+12 +1.21211729e+27  1.21e+27   1.48e+08     3.67e+08   2562.437s
 954000 +5.07418696e+12 +1.21211741e+27  1.21e+27   1.48e+08     3.67e+08   2565.042s
 955000 +5.07428584e+12 +1.21211754e+27  1.21e+27   1.48e+08     3.67e+08   2567.647s
 956000 +5.07442676e+12 +1.21211766e+27  1.21e+27   1.48e+08     3.67e+08   2570.252s
 957000 +5.07421432e+12 +1.21211778e+27  1.21e+27   1.48e+08     3.67e+08   2572.853s
 958000 +5.07409706e+12 +1.21211790e+27  1.21e+27   1.48e+08     3.66e+08   2575.454s
 959000 +5.07373373e+12 +1.21211803e+27  1.21e+27   1.48e+08     3.66e+08   2578.055s
 960000 +5.07351683e+12 +1.21211815e+27  1.21e+27   1.48e+08     3.66e+08   2580.660s
 961000 +5.07332152e+12 +1.21211827e+27  1.21e+27   1.48e+08     3.66e+08   2583.263s
 962000 +5.07295910e+12 +1.21211839e+27  1.21e+27   1.48e+08     3.66e+08   2585.868s
 963000 +5.07278999e+12 +1.21211852e+27  1.21e+27   1.48e+08     3.66e+08   2588.474s
 964000 +5.07250474e+12 +1.21211864e+27  1.21e+27   1.48e+08     3.66e+08   2591.076s
 965000 +5.07201011e+12 +1.21211876e+27  1.21e+27   1.48e+08     3.66e+08   2593.677s
 966000 +5.07164288e+12 +1.21211889e+27  1.21e+27   1.48e+08     3.66e+08   2596.278s
 967000 +5.07127255e+12 +1.21211901e+27  1.21e+27   1.48e+08     3.66e+08   2598.879s
 968000 +5.07118887e+12 +1.21211913e+27  1.21e+27   1.48e+08     3.66e+08   2601.480s
 969000 +5.07111400e+12 +1.21211925e+27  1.21e+27   1.48e+08     3.66e+08   2604.080s
 970000 +5.07101722e+12 +1.21211938e+27  1.21e+27   1.48e+08     3.66e+08   2606.684s
 971000 +5.07077634e+12 +1.21211950e+27  1.21e+27   1.48e+08     3.66e+08   2609.286s
 972000 +5.07058262e+12 +1.21211962e+27  1.21e+27   1.48e+08     3.66e+08   2611.888s
 973000 +5.07039028e+12 +1.21211974e+27  1.21e+27   1.48e+08     3.66e+08   2614.489s
 974000 +5.07039664e+12 +1.21211987e+27  1.21e+27   1.48e+08     3.66e+08   2617.095s
 975000 +5.07026336e+12 +1.21211999e+27  1.21e+27   1.48e+08     3.66e+08   2619.697s
 976000 +5.07013457e+12 +1.21212011e+27  1.21e+27   1.48e+08     3.66e+08   2622.298s
 977000 +5.06990779e+12 +1.21212023e+27  1.21e+27   1.48e+08     3.66e+08   2624.899s
 978000 +5.06977988e+12 +1.21212036e+27  1.21e+27   1.48e+08     3.65e+08   2627.503s
 979000 +5.06953546e+12 +1.21212048e+27  1.21e+27   1.48e+08     3.65e+08   2630.109s
 980000 +5.06933764e+12 +1.21212060e+27  1.21e+27   1.48e+08     3.65e+08   2632.715s
 981000 +5.06917553e+12 +1.21212073e+27  1.21e+27   1.48e+08     3.65e+08   2635.320s
 982000 +5.06922834e+12 +1.21212085e+27  1.21e+27   1.48e+08     3.65e+08   2637.922s
 983000 +5.06941953e+12 +1.21212097e+27  1.21e+27   1.48e+08     3.65e+08   2640.522s
 984000 +5.06925635e+12 +1.21212109e+27  1.21e+27   1.48e+08     3.65e+08   2643.123s
 985000 +5.06929673e+12 +1.21212122e+27  1.21e+27   1.48e+08     3.65e+08   2645.724s
 986000 +5.06918547e+12 +1.21212134e+27  1.21e+27   1.48e+08     3.65e+08   2648.325s
 987000 +5.06898590e+12 +1.21212146e+27  1.21e+27   1.48e+08     3.65e+08   2650.926s
 988000 +5.06862502e+12 +1.21212158e+27  1.21e+27   1.48e+08     3.65e+08   2653.527s
 989000 +5.06839579e+12 +1.21212171e+27  1.21e+27   1.48e+08     3.65e+08   2656.128s
 990000 +5.06802213e+12 +1.21212183e+27  1.21e+27   1.48e+08     3.65e+08   2658.729s
 991000 +5.06781570e+12 +1.21212195e+27  1.21e+27   1.48e+08     3.65e+08   2661.330s
 992000 +5.06730505e+12 +1.21212207e+27  1.21e+27   1.48e+08     3.65e+08   2663.931s
 993000 +5.06694860e+12 +1.21212220e+27  1.21e+27   1.48e+08     3.65e+08   2666.532s
 994000 +5.06668088e+12 +1.21212232e+27  1.21e+27   1.48e+08     3.65e+08   2669.133s
 995000 +5.06626200e+12 +1.21212244e+27  1.21e+27   1.48e+08     3.65e+08   2671.734s
 996000 +5.06603944e+12 +1.21212257e+27  1.21e+27   1.48e+08     3.65e+08   2674.335s
 997000 +5.06615762e+12 +1.21212269e+27  1.21e+27   1.48e+08     3.65e+08   2676.936s
 998000 +5.06640313e+12 +1.21212281e+27  1.21e+27   1.48e+08     3.65e+08   2679.537s
 999000 +5.06624272e+12 +1.21212293e+27  1.21e+27   1.48e+08     3.65e+08   2682.138s
1000000 +5.06591020e+12 +1.21212306e+27  1.21e+27   1.48e+08     3.64e+08   2684.739s
1001000 +5.06566734e+12 +1.21212318e+27  1.21e+27   1.48e+08     3.64e+08   2687.342s
1002000 +5.06542492e+12 +1.21212330e+27  1.21e+27   1.48e+08     3.64e+08   2689.948s
1003000 +5.06522989e+12 +1.21212342e+27  1.21e+27   1.48e+08     3.64e+08   2692.550s
1004000 +5.06500215e+12 +1.21212355e+27  1.21e+27   1.48e+08     3.64e+08   2695.156s
1005000 +5.06496324e+12 +1.21212367e+27  1.21e+27   1.48e+08     3.64e+08   2697.759s
1006000 +5.06498637e+12 +1.21212379e+27  1.21e+27   1.48e+08     3.64e+08   2700.364s
1007000 +5.06490747e+12 +1.21212391e+27  1.21e+27   1.48e+08     3.64e+08   2702.970s
1008000 +5.06470392e+12 +1.21212404e+27  1.21e+27   1.48e+08     3.64e+08   2705.572s
1009000 +5.06474691e+12 +1.21212416e+27  1.21e+27   1.48e+08     3.64e+08   2708.177s
1010000 +5.06475682e+12 +1.21212428e+27  1.21e+27   1.48e+08     3.64e+08   2710.781s
1011000 +5.06431888e+12 +1.21212440e+27  1.21e+27   1.48e+08     3.64e+08   2713.387s
1012000 +5.06427442e+12 +1.21212453e+27  1.21e+27   1.48e+08     3.64e+08   2715.992s
1013000 +5.06428173e+12 +1.21212465e+27  1.21e+27   1.48e+08     3.64e+08   2718.596s
1014000 +5.06412182e+12 +1.21212477e+27  1.21e+27   1.48e+08     3.64e+08   2721.201s
1015000 +5.06378917e+12 +1.21212490e+27  1.21e+27   1.48e+08     3.64e+08   2723.803s
1016000 +5.06315572e+12 +1.21212502e+27  1.21e+27   1.48e+08     3.64e+08   2726.405s
1017000 +5.06298767e+12 +1.21212514e+27  1.21e+27   1.48e+08     3.64e+08   2729.008s
1018000 +5.06259160e+12 +1.21212526e+27  1.21e+27   1.48e+08     3.64e+08   2731.610s
1019000 +5.06235051e+12 +1.21212539e+27  1.21e+27   1.48e+08     3.64e+08   2734.215s
1020000 +5.06195797e+12 +1.21212551e+27  1.21e+27   1.48e+08     3.64e+08   2736.820s
1021000 +5.06153244e+12 +1.21212563e+27  1.21e+27   1.48e+08     3.64e+08   2739.424s
1022000 +5.06109865e+12 +1.21212575e+27  1.21e+27   1.48e+08     3.64e+08   2742.030s
1023000 +5.06086671e+12 +1.21212588e+27  1.21e+27   1.48e+08     3.64e+08   2744.635s
1024000 +5.06097943e+12 +1.21212600e+27  1.21e+27   1.48e+08     3.64e+08   2747.241s
1025000 +5.06080311e+12 +1.21212612e+27  1.21e+27   1.48e+08     3.63e+08   2749.843s
1026000 +5.06086279e+12 +1.21212624e+27  1.21e+27   1.48e+08     3.63e+08   2752.447s
1027000 +5.06077617e+12 +1.21212637e+27  1.21e+27   1.48e+08     3.63e+08   2755.049s
1028000 +5.06042838e+12 +1.21212649e+27  1.21e+27   1.48e+08     3.63e+08   2757.651s
1029000 +5.06022488e+12 +1.21212661e+27  1.21e+27   1.48e+08     3.63e+08   2760.252s
1030000 +5.06047974e+12 +1.21212673e+27  1.21e+27   1.48e+08     3.63e+08   2762.853s
1031000 +5.06046949e+12 +1.21212686e+27  1.21e+27   1.48e+08     3.63e+08   2765.454s
1032000 +5.06098469e+12 +1.21212698e+27  1.21e+27   1.48e+08     3.63e+08   2768.055s
1033000 +5.06106584e+12 +1.21212710e+27  1.21e+27   1.48e+08     3.63e+08   2770.659s
1034000 +5.06087424e+12 +1.21212722e+27  1.21e+27   1.48e+08     3.63e+08   2773.264s
1035000 +5.06098695e+12 +1.21212735e+27  1.21e+27   1.48e+08     3.63e+08   2775.865s
1036000 +5.06076605e+12 +1.21212747e+27  1.21e+27   1.48e+08     3.63e+08   2778.466s
1037000 +5.06034414e+12 +1.21212759e+27  1.21e+27   1.48e+08     3.63e+08   2781.070s
1038000 +5.06053273e+12 +1.21212772e+27  1.21e+27   1.48e+08     3.63e+08   2783.671s
1039000 +5.06014530e+12 +1.21212784e+27  1.21e+27   1.48e+08     3.63e+08   2786.271s
1040000 +5.05984764e+12 +1.21212796e+27  1.21e+27   1.48e+08     3.63e+08   2788.875s
1041000 +5.05964662e+12 +1.21212808e+27  1.21e+27   1.48e+08     3.63e+08   2791.481s
1042000 +5.05935489e+12 +1.21212821e+27  1.21e+27   1.48e+08     3.63e+08   2794.083s
1043000 +5.05872886e+12 +1.21212833e+27  1.21e+27   1.48e+08     3.63e+08   2796.688s
1044000 +5.05846069e+12 +1.21212845e+27  1.21e+27   1.48e+08     3.63e+08   2799.290s
1045000 +5.05801588e+12 +1.21212857e+27  1.21e+27   1.48e+08     3.63e+08   2801.893s
1046000 +5.05756962e+12 +1.21212870e+27  1.21e+27   1.48e+08     3.63e+08   2804.494s
1047000 +5.05727916e+12 +1.21212882e+27  1.21e+27   1.48e+08     3.63e+08   2807.095s
1048000 +5.05715638e+12 +1.21212894e+27  1.21e+27   1.48e+08     3.63e+08   2809.696s
1049000 +5.05720755e+12 +1.21212906e+27  1.21e+27   1.48e+08     3.63e+08   2812.302s
1050000 +5.05708072e+12 +1.21212919e+27  1.21e+27   1.48e+08     3.63e+08   2814.907s
1051000 +5.05671369e+12 +1.21212931e+27  1.21e+27   1.48e+08     3.62e+08   2817.510s
1052000 +5.05662907e+12 +1.21212943e+27  1.21e+27   1.48e+08     3.62e+08   2820.112s
1053000 +5.05676237e+12 +1.21212955e+27  1.21e+27   1.48e+08     3.62e+08   2822.713s
1054000 +5.05652856e+12 +1.21212968e+27  1.21e+27   1.48e+08     3.62e+08   2825.314s
1055000 +5.05627602e+12 +1.21212980e+27  1.21e+27   1.48e+08     3.62e+08   2827.915s
1056000 +5.05612701e+12 +1.21212992e+27  1.21e+27   1.48e+08     3.62e+08   2830.516s
1057000 +5.05600022e+12 +1.21213004e+27  1.21e+27   1.48e+08     3.62e+08   2833.117s
1058000 +5.05603715e+12 +1.21213017e+27  1.21e+27   1.48e+08     3.62e+08   2835.718s
1059000 +5.05608715e+12 +1.21213029e+27  1.21e+27   1.48e+08     3.62e+08   2838.319s
1060000 +5.05585811e+12 +1.21213041e+27  1.21e+27   1.48e+08     3.62e+08   2840.920s
1061000 +5.05566478e+12 +1.21213053e+27  1.21e+27   1.48e+08     3.63e+08   2843.521s
1062000 +5.05571779e+12 +1.21213066e+27  1.21e+27   1.48e+08     3.62e+08   2846.122s
1063000 +5.05582722e+12 +1.21213078e+27  1.21e+27   1.48e+08     3.62e+08   2848.723s
1064000 +5.05580830e+12 +1.21213090e+27  1.21e+27   1.48e+08     3.62e+08   2851.324s
1065000 +5.05554256e+12 +1.21213102e+27  1.21e+27   1.48e+08     3.62e+08   2853.925s
1066000 +5.05511519e+12 +1.21213115e+27  1.21e+27   1.48e+08     3.62e+08   2856.526s
1067000 +5.05482559e+12 +1.21213127e+27  1.21e+27   1.48e+08     3.62e+08   2859.127s
1068000 +5.05437334e+12 +1.21213139e+27  1.21e+27   1.48e+08     3.62e+08   2861.728s
1069000 +5.05422544e+12 +1.21213152e+27  1.21e+27   1.48e+08     3.62e+08   2864.329s
1070000 +5.05377282e+12 +1.21213164e+27  1.21e+27   1.48e+08     3.62e+08   2866.931s
1071000 +5.05314197e+12 +1.21213176e+27  1.21e+27   1.48e+08     3.62e+08   2869.532s
1072000 +5.05284954e+12 +1.21213188e+27  1.21e+27   1.48e+08     3.62e+08   2872.132s
1073000 +5.05276577e+12 +1.21213201e+27  1.21e+27   1.48e+08     3.62e+08   2874.734s
1074000 +5.05278164e+12 +1.21213213e+27  1.21e+27   1.48e+08     3.62e+08   2877.334s
1075000 +5.05262916e+12 +1.21213225e+27  1.21e+27   1.48e+08     3.62e+08   2879.935s
1076000 +5.05255458e+12 +1.21213237e+27  1.21e+27   1.48e+08     3.62e+08   2882.536s
1077000 +5.05237022e+12 +1.21213250e+27  1.21e+27   1.48e+08     3.62e+08   2885.137s
1078000 +5.05230552e+12 +1.21213262e+27  1.21e+27   1.48e+08     3.62e+08   2887.738s
1079000 +5.05230471e+12 +1.21213274e+27  1.21e+27   1.48e+08     3.62e+08   2890.339s
1080000 +5.05225156e+12 +1.21213286e+27  1.21e+27   1.48e+08     3.62e+08   2892.940s
1081000 +5.05208920e+12 +1.21213299e+27  1.21e+27   1.48e+08     3.62e+08   2895.541s
1082000 +5.05192666e+12 +1.21213311e+27  1.21e+27   1.48e+08     3.62e+08   2898.142s
1083000 +5.05166134e+12 +1.21213323e+27  1.21e+27   1.48e+08     3.62e+08   2900.743s
1084000 +5.05189427e+12 +1.21213335e+27  1.21e+27   1.48e+08     3.62e+08   2903.347s
1085000 +5.05202627e+12 +1.21213348e+27  1.21e+27   1.48e+08     3.62e+08   2905.951s
1086000 +5.05201252e+12 +1.21213360e+27  1.21e+27   1.48e+08     3.62e+08   2908.556s
1087000 +5.05160782e+12 +1.21213372e+27  1.21e+27   1.48e+08     3.62e+08   2911.157s
1088000 +5.05158027e+12 +1.21213384e+27  1.21e+27   1.48e+08     3.62e+08   2913.762s
1089000 +5.05190145e+12 +1.21213397e+27  1.21e+27   1.48e+08     3.62e+08   2916.367s
1090000 +5.05183976e+12 +1.21213409e+27  1.21e+27   1.48e+08     3.62e+08   2918.969s
1091000 +5.05152522e+12 +1.21213421e+27  1.21e+27   1.48e+08     3.62e+08   2921.570s
1092000 +5.05115931e+12 +1.21213433e+27  1.21e+27   1.48e+08     3.62e+08   2924.173s
1093000 +5.05087453e+12 +1.21213446e+27  1.21e+27   1.48e+08     3.62e+08   2926.774s
1094000 +5.05039433e+12 +1.21213458e+27  1.21e+27   1.48e+08     3.62e+08   2929.375s
1095000 +5.04990427e+12 +1.21213470e+27  1.21e+27   1.48e+08     3.62e+08   2931.977s
1096000 +5.04957999e+12 +1.21213482e+27  1.21e+27   1.48e+08     3.62e+08   2934.580s
1097000 +5.04912219e+12 +1.21213495e+27  1.21e+27   1.48e+08     3.62e+08   2937.184s
1098000 +5.04859220e+12 +1.21213507e+27  1.21e+27   1.48e+08     3.62e+08   2939.785s
1099000 +5.04829967e+12 +1.21213519e+27  1.21e+27   1.48e+08     3.61e+08   2942.386s
1100000 +5.04822570e+12 +1.21213531e+27  1.21e+27   1.48e+08     3.61e+08   2944.987s
1101000 +5.04816590e+12 +1.21213544e+27  1.21e+27   1.48e+08     3.61e+08   2947.588s
1102000 +5.04798451e+12 +1.21213556e+27  1.21e+27   1.48e+08     3.61e+08   2950.189s
1103000 +5.04763854e+12 +1.21213568e+27  1.21e+27   1.48e+08     3.61e+08   2952.790s
1104000 +5.04768588e+12 +1.21213580e+27  1.21e+27   1.48e+08     3.61e+08   2955.391s
1105000 +5.04767768e+12 +1.21213593e+27  1.21e+27   1.48e+08     3.61e+08   2957.992s
1106000 +5.04776193e+12 +1.21213605e+27  1.21e+27   1.48e+08     3.61e+08   2960.593s
1107000 +5.04762209e+12 +1.21213617e+27  1.21e+27   1.48e+08     3.61e+08   2963.194s
1108000 +5.04747088e+12 +1.21213629e+27  1.21e+27   1.48e+08     3.61e+08   2965.795s
1109000 +5.04720617e+12 +1.21213642e+27  1.21e+27   1.48e+08     3.61e+08   2968.395s
1110000 +5.04723521e+12 +1.21213654e+27  1.21e+27   1.48e+08     3.61e+08   2970.996s
1111000 +5.04737845e+12 +1.21213666e+27  1.21e+27   1.48e+08     3.61e+08   2973.597s
1112000 +5.04749227e+12 +1.21213678e+27  1.21e+27   1.48e+08     3.61e+08   2976.198s
1113000 +5.04717791e+12 +1.21213691e+27  1.21e+27   1.48e+08     3.61e+08   2978.799s
1114000 +5.04715623e+12 +1.21213703e+27  1.21e+27   1.48e+08     3.61e+08   2981.400s
1115000 +5.04721235e+12 +1.21213715e+27  1.21e+27   1.48e+08     3.61e+08   2984.001s
1116000 +5.04748644e+12 +1.21213728e+27  1.21e+27   1.48e+08     3.61e+08   2986.602s
1117000 +5.04730283e+12 +1.21213740e+27  1.21e+27   1.48e+08     3.61e+08   2989.203s
1118000 +5.04694833e+12 +1.21213752e+27  1.21e+27   1.48e+08     3.61e+08   2991.804s
1119000 +5.04658035e+12 +1.21213764e+27  1.21e+27   1.48e+08     3.61e+08   2994.405s
1120000 +5.04614051e+12 +1.21213777e+27  1.21e+27   1.48e+08     3.61e+08   2997.006s
1121000 +5.04568768e+12 +1.21213789e+27  1.21e+27   1.48e+08     3.61e+08   2999.607s
1122000 +5.04519692e+12 +1.21213801e+27  1.21e+27   1.48e+08     3.61e+08   3002.208s
1123000 +5.04487952e+12 +1.21213813e+27  1.21e+27   1.48e+08     3.61e+08   3004.808s
1124000 +5.04430083e+12 +1.21213826e+27  1.21e+27   1.48e+08     3.61e+08   3007.410s
1125000 +5.04399362e+12 +1.21213838e+27  1.21e+27   1.48e+08     3.61e+08   3010.011s
1126000 +5.04354082e+12 +1.21213850e+27  1.21e+27   1.48e+08     3.61e+08   3012.612s
1127000 +5.04318934e+12 +1.21213862e+27  1.21e+27   1.48e+08     3.61e+08   3015.213s
1128000 +5.04279633e+12 +1.21213875e+27  1.21e+27   1.48e+08     3.61e+08   3017.814s
1129000 +5.04266429e+12 +1.21213887e+27  1.21e+27   1.48e+08     3.61e+08   3020.415s
1130000 +5.04272695e+12 +1.21213899e+27  1.21e+27   1.48e+08     3.61e+08   3023.016s
1131000 +5.04294280e+12 +1.21213911e+27  1.21e+27   1.48e+08     3.61e+08   3025.618s
1132000 +5.04288407e+12 +1.21213924e+27  1.21e+27   1.48e+08     3.61e+08   3028.224s
1133000 +5.04282994e+12 +1.21213936e+27  1.21e+27   1.48e+08     3.61e+08   3030.825s
1134000 +5.04285183e+12 +1.21213948e+27  1.21e+27   1.48e+08     3.61e+08   3033.429s
1135000 +5.04290210e+12 +1.21213960e+27  1.21e+27   1.48e+08     3.61e+08   3036.035s
1136000 +5.04300636e+12 +1.21213973e+27  1.21e+27   1.48e+08     3.61e+08   3038.636s
1137000 +5.04290262e+12 +1.21213985e+27  1.21e+27   1.48e+08     3.61e+08   3041.237s
1138000 +5.04298645e+12 +1.21213997e+27  1.21e+27   1.48e+08     3.61e+08   3043.838s
1139000 +5.04298486e+12 +1.21214009e+27  1.21e+27   1.48e+08     3.61e+08   3046.439s
1140000 +5.04286198e+12 +1.21214022e+27  1.21e+27   1.48e+08     3.61e+08   3049.040s
1141000 +5.04295187e+12 +1.21214034e+27  1.21e+27   1.48e+08     3.61e+08   3051.641s
1142000 +5.04282129e+12 +1.21214046e+27  1.21e+27   1.48e+08     3.61e+08   3054.242s
1143000 +5.04229425e+12 +1.21214058e+27  1.21e+27   1.48e+08     3.61e+08   3056.843s
1144000 +5.04187616e+12 +1.21214071e+27  1.21e+27   1.48e+08     3.61e+08   3059.444s
1145000 +5.04164379e+12 +1.21214083e+27  1.21e+27   1.48e+08     3.61e+08   3062.044s
1146000 +5.04123079e+12 +1.21214095e+27  1.21e+27   1.48e+08     3.61e+08   3064.645s
1147000 +5.04092666e+12 +1.21214107e+27  1.21e+27   1.48e+08     3.61e+08   3067.246s
1148000 +5.04051729e+12 +1.21214120e+27  1.21e+27   1.48e+08     3.61e+08   3069.848s
1149000 +5.04024084e+12 +1.21214132e+27  1.21e+27   1.48e+08     3.61e+08   3072.448s
1150000 +5.03982715e+12 +1.21214144e+27  1.21e+27   1.48e+08     3.61e+08   3075.050s
1151000 +5.03979808e+12 +1.21214156e+27  1.21e+27   1.48e+08     3.60e+08   3077.651s
1152000 +5.03980866e+12 +1.21214169e+27  1.21e+27   1.48e+08     3.60e+08   3080.252s
1153000 +5.03960571e+12 +1.21214181e+27  1.21e+27   1.48e+08     3.60e+08   3082.853s
1154000 +5.03903676e+12 +1.21214193e+27  1.21e+27   1.48e+08     3.60e+08   3085.454s
1155000 +5.03881454e+12 +1.21214205e+27  1.21e+27   1.48e+08     3.61e+08   3088.055s
1156000 +5.03866281e+12 +1.21214218e+27  1.21e+27   1.48e+08     3.60e+08   3090.656s
1157000 +5.03856561e+12 +1.21214230e+27  1.21e+27   1.48e+08     3.61e+08   3093.257s
1158000 +5.03849793e+12 +1.21214242e+27  1.21e+27   1.48e+08     3.61e+08   3095.858s
1159000 +5.03831556e+12 +1.21214254e+27  1.21e+27   1.48e+08     3.61e+08   3098.459s
1160000 +5.03826722e+12 +1.21214267e+27  1.21e+27   1.48e+08     3.61e+08   3101.060s
1161000 +5.03829840e+12 +1.21214279e+27  1.21e+27   1.48e+08     3.61e+08   3103.661s
1162000 +5.03819736e+12 +1.21214291e+27  1.21e+27   1.48e+08     3.60e+08   3106.262s
1163000 +5.03835911e+12 +1.21214303e+27  1.21e+27   1.48e+08     3.60e+08   3108.863s
1164000 +5.03845188e+12 +1.21214316e+27  1.21e+27   1.48e+08     3.61e+08   3111.464s
1165000 +5.03871038e+12 +1.21214328e+27  1.21e+27   1.48e+08     3.60e+08   3114.064s
1166000 +5.03866422e+12 +1.21214340e+27  1.21e+27   1.48e+08     3.60e+08   3116.667s
1167000 +5.03854864e+12 +1.21214352e+27  1.21e+27   1.48e+08     3.60e+08   3119.269s
1168000 +5.03844284e+12 +1.21214365e+27  1.21e+27   1.48e+08     3.60e+08   3121.870s
1169000 +5.03834438e+12 +1.21214377e+27  1.21e+27   1.48e+08     3.60e+08   3124.471s
1170000 +5.04795924e+12 +1.21215441e+27  1.21e+27   1.48e+08     1.57e+11   3127.075s
1171000 +5.06908535e+12 +1.21220714e+27  1.21e+27   1.48e+08     1.56e+11   3129.678s
1172000 +5.08165844e+12 +1.21225987e+27  1.21e+27   1.48e+08     1.56e+11   3132.280s
1173000 +5.09199899e+12 +1.21231259e+27  1.21e+27   1.48e+08     1.57e+11   3134.882s
1174000 +5.10253692e+12 +1.21236532e+27  1.21e+27   1.48e+08     1.57e+11   3137.484s
1175000 +5.11216579e+12 +1.21241808e+27  1.21e+27   1.48e+08     1.58e+11   3140.086s
1176000 +5.12151190e+12 +1.21247087e+27  1.21e+27   1.48e+08     1.58e+11   3142.688s
1177000 +5.13089788e+12 +1.21252371e+27  1.21e+27   1.48e+08     1.58e+11   3145.290s
1178000 +5.13889804e+12 +1.21257658e+27  1.21e+27   1.48e+08     1.58e+11   3147.891s
1179000 +5.14671001e+12 +1.21262949e+27  1.21e+27   1.48e+08     1.58e+11   3150.493s
1180000 +5.15301776e+12 +1.21268242e+27  1.21e+27   1.48e+08     1.58e+11   3153.095s
1181000 +5.15830828e+12 +1.21273537e+27  1.21e+27   1.48e+08     1.57e+11   3155.697s
1182000 +5.16341666e+12 +1.21278832e+27  1.21e+27   1.48e+08     1.57e+11   3158.299s
1183000 +5.16800533e+12 +1.21284129e+27  1.21e+27   1.48e+08     1.57e+11   3160.901s
1184000 +5.17174766e+12 +1.21289427e+27  1.21e+27   1.48e+08     1.57e+11   3163.503s
1185000 +5.17489427e+12 +1.21294724e+27  1.21e+27   1.48e+08     1.56e+11   3166.104s
1186000 +5.17766535e+12 +1.21300021e+27  1.21e+27   1.48e+08     1.56e+11   3168.707s
1187000 +5.17987522e+12 +1.21305318e+27  1.21e+27   1.48e+08     1.56e+11   3171.308s
1188000 +5.18183759e+12 +1.21310615e+27  1.21e+27   1.48e+08     1.56e+11   3173.910s
1189000 +5.18366379e+12 +1.21315911e+27  1.21e+27   1.48e+08     1.56e+11   3176.517s
1190000 +5.18511581e+12 +1.21321207e+27  1.21e+27   1.48e+08     1.55e+11   3179.122s
1191000 +5.18634155e+12 +1.21326503e+27  1.21e+27   1.48e+08     1.55e+11   3181.726s
1192000 +5.18721749e+12 +1.21331797e+27  1.21e+27   1.48e+08     1.55e+11   3184.327s
1193000 +5.18786442e+12 +1.21337091e+27  1.21e+27   1.48e+08     1.55e+11   3186.929s
1194000 +5.18845592e+12 +1.21342384e+27  1.21e+27   1.48e+08     1.55e+11   3189.533s
1195000 +5.18875204e+12 +1.21347677e+27  1.21e+27   1.48e+08     1.55e+11   3192.139s
1196000 +5.18889160e+12 +1.21352969e+27  1.21e+27   1.48e+08     1.55e+11   3194.745s
1197000 +5.18890417e+12 +1.21358261e+27  1.21e+27   1.48e+08     1.55e+11   3197.346s
1198000 +5.18901115e+12 +1.21363553e+27  1.21e+27   1.48e+08     1.55e+11   3199.948s
1199000 +5.18920145e+12 +1.21368844e+27  1.21e+27   1.48e+08     1.55e+11   3202.550s
1200000 +5.18919135e+12 +1.21374134e+27  1.21e+27   1.48e+08     1.55e+11   3205.152s
1201000 +5.18912305e+12 +1.21379425e+27  1.21e+27   1.48e+08     1.55e+11   3207.754s
1202000 +5.18909756e+12 +1.21384715e+27  1.21e+27   1.48e+08     1.55e+11   3210.356s
1203000 +5.18911626e+12 +1.21390006e+27  1.21e+27   1.48e+08     1.55e+11   3212.957s
1204000 +5.18910511e+12 +1.21395296e+27  1.21e+27   1.48e+08     1.55e+11   3215.559s
1205000 +5.18905469e+12 +1.21400587e+27  1.21e+27   1.48e+08     1.55e+11   3218.161s
1206000 +5.18901442e+12 +1.21405878e+27  1.21e+27   1.48e+08     1.55e+11   3220.763s
1207000 +5.18909400e+12 +1.21411168e+27  1.21e+27   1.48e+08     1.55e+11   3223.365s
1208000 +5.18933234e+12 +1.21416459e+27  1.21e+27   1.48e+08     1.55e+11   3225.967s
1209000 +5.18941656e+12 +1.21421750e+27  1.21e+27   1.48e+08     1.55e+11   3228.569s
1210000 +5.18955388e+12 +1.21427041e+27  1.21e+27   1.48e+08     1.55e+11   3231.170s
1211000 +5.18963960e+12 +1.21432332e+27  1.21e+27   1.48e+08     1.55e+11   3233.772s
1212000 +5.18981367e+12 +1.21437623e+27  1.21e+27   1.48e+08     1.55e+11   3236.374s
1213000 +5.18981659e+12 +1.21442914e+27  1.21e+27   1.48e+08     1.55e+11   3238.976s
1214000 +5.18985492e+12 +1.21448205e+27  1.21e+27   1.48e+08     1.55e+11   3241.578s
1215000 +5.18980857e+12 +1.21453495e+27  1.21e+27   1.48e+08     1.55e+11   3244.179s
1216000 +5.18977341e+12 +1.21458786e+27  1.21e+27   1.48e+08     1.55e+11   3246.781s
1217000 +5.18971936e+12 +1.21464077e+27  1.21e+27   1.48e+08     1.55e+11   3249.383s
1218000 +5.18951344e+12 +1.21469368e+27  1.21e+27   1.48e+08     1.55e+11   3251.985s
1219000 +5.18932099e+12 +1.21474659e+27  1.21e+27   1.48e+08     1.55e+11   3254.587s
1220000 +5.18920803e+12 +1.21479950e+27  1.21e+27   1.48e+08     1.55e+11   3257.189s
1221000 +5.18924939e+12 +1.21485241e+27  1.21e+27   1.48e+08     1.55e+11   3259.790s
1222000 +5.18930505e+12 +1.21490532e+27  1.21e+27   1.48e+08     1.55e+11   3262.392s
1223000 +5.18931966e+12 +1.21495822e+27  1.21e+27   1.48e+08     1.55e+11   3264.994s
1224000 +5.18931522e+12 +1.21501113e+27  1.22e+27   1.48e+08     1.55e+11   3267.597s
1225000 +5.18924016e+12 +1.21506404e+27  1.22e+27   1.48e+08     1.55e+11   3270.202s
1226000 +5.18916209e+12 +1.21511694e+27  1.22e+27   1.48e+08     1.55e+11   3272.807s
1227000 +5.18905553e+12 +1.21516985e+27  1.22e+27   1.48e+08     1.55e+11   3275.412s
1228000 +5.18903896e+12 +1.21522275e+27  1.22e+27   1.48e+08     1.55e+11   3278.017s
1229000 +5.18905105e+12 +1.21527566e+27  1.22e+27   1.48e+08     1.55e+11   3280.623s
1230000 +5.18907813e+12 +1.21532857e+27  1.22e+27   1.48e+08     1.55e+11   3283.229s
1231000 +5.18909428e+12 +1.21538147e+27  1.22e+27   1.48e+08     1.55e+11   3285.832s
1232000 +5.18905861e+12 +1.21543438e+27  1.22e+27   1.48e+08     1.55e+11   3288.433s
1233000 +5.18893997e+12 +1.21548728e+27  1.22e+27   1.48e+08     1.55e+11   3291.036s
1234000 +5.18880771e+12 +1.21554019e+27  1.22e+27   1.48e+08     1.55e+11   3293.642s
1235000 +5.18864188e+12 +1.21559309e+27  1.22e+27   1.48e+08     1.55e+11   3296.246s
1236000 +5.18853025e+12 +1.21564600e+27  1.22e+27   1.48e+08     1.55e+11   3298.849s
1237000 +5.18840370e+12 +1.21569891e+27  1.22e+27   1.48e+08     1.55e+11   3301.452s
1238000 +5.18826785e+12 +1.21575181e+27  1.22e+27   1.48e+08     1.55e+11   3304.057s
1239000 +5.18814860e+12 +1.21580472e+27  1.22e+27   1.48e+08     1.55e+11   3306.659s
1240000 +5.18805396e+12 +1.21585762e+27  1.22e+27   1.48e+08     1.55e+11   3309.264s
1241000 +5.18789838e+12 +1.21591053e+27  1.22e+27   1.48e+08     1.55e+11   3311.870s
1242000 +5.18772289e+12 +1.21596344e+27  1.22e+27   1.48e+08     1.55e+11   3314.475s
1243000 +5.18750088e+12 +1.21601634e+27  1.22e+27   1.48e+08     1.55e+11   3317.077s
1244000 +5.18735502e+12 +1.21606925e+27  1.22e+27   1.48e+08     1.55e+11   3319.680s
1245000 +5.18717600e+12 +1.21612215e+27  1.22e+27   1.48e+08     1.55e+11   3322.286s
1246000 +5.18701137e+12 +1.21617506e+27  1.22e+27   1.48e+08     1.55e+11   3324.892s
1247000 +5.18680326e+12 +1.21622796e+27  1.22e+27   1.48e+08     1.55e+11   3327.495s
1248000 +5.18660571e+12 +1.21628087e+27  1.22e+27   1.48e+08     1.55e+11   3330.097s
1249000 +5.18644675e+12 +1.21633378e+27  1.22e+27   1.48e+08     1.55e+11   3332.699s
1250000 +5.18630363e+12 +1.21638668e+27  1.22e+27   1.48e+08     1.55e+11   3335.300s
1251000 +5.18618340e+12 +1.21643959e+27  1.22e+27   1.48e+08     1.55e+11   3337.904s
1252000 +5.18607901e+12 +1.21649249e+27  1.22e+27   1.48e+08     1.55e+11   3340.510s
1253000 +5.18595961e+12 +1.21654540e+27  1.22e+27   1.48e+08     1.55e+11   3343.115s
1254000 +5.18584550e+12 +1.21659830e+27  1.22e+27   1.48e+08     1.55e+11   3345.717s
1255000 +5.18578908e+12 +1.21665121e+27  1.22e+27   1.48e+08     1.55e+11   3348.318s
1256000 +5.18561638e+12 +1.21670411e+27  1.22e+27   1.48e+08     1.55e+11   3350.920s
1257000 +5.18539848e+12 +1.21675702e+27  1.22e+27   1.48e+08     1.55e+11   3353.523s
1258000 +5.18520753e+12 +1.21680992e+27  1.22e+27   1.48e+08     1.55e+11   3356.130s
1259000 +5.18501579e+12 +1.21686283e+27  1.22e+27   1.48e+08     1.55e+11   3358.734s
1260000 +5.18481181e+12 +1.21691573e+27  1.22e+27   1.48e+08     1.55e+11   3361.339s
1261000 +5.18461427e+12 +1.21696864e+27  1.22e+27   1.48e+08     1.55e+11   3363.945s
1262000 +5.18446867e+12 +1.21702154e+27  1.22e+27   1.48e+08     1.55e+11   3366.547s
1263000 +5.18426967e+12 +1.21707445e+27  1.22e+27   1.48e+08     1.55e+11   3369.154s
1264000 +5.18408354e+12 +1.21712735e+27  1.22e+27   1.48e+08     1.55e+11   3371.760s
1265000 +5.18390474e+12 +1.21718026e+27  1.22e+27   1.48e+08     1.55e+11   3374.364s
1266000 +5.18374516e+12 +1.21723316e+27  1.22e+27   1.48e+08     1.55e+11   3376.966s
1267000 +5.18357644e+12 +1.21728607e+27  1.22e+27   1.48e+08     1.55e+11   3379.567s
1268000 +5.18340222e+12 +1.21733897e+27  1.22e+27   1.48e+08     1.55e+11   3382.169s
1269000 +5.18326055e+12 +1.21739188e+27  1.22e+27   1.48e+08     1.55e+11   3384.771s
1270000 +5.18315800e+12 +1.21744478e+27  1.22e+27   1.48e+08     1.55e+11   3387.373s
1271000 +5.18305140e+12 +1.21749769e+27  1.22e+27   1.48e+08     1.55e+11   3389.974s
1272000 +5.18297515e+12 +1.21755059e+27  1.22e+27   1.48e+08     1.55e+11   3392.575s
1273000 +5.18290592e+12 +1.21760350e+27  1.22e+27   1.48e+08     1.55e+11   3395.177s
1274000 +5.18281109e+12 +1.21765640e+27  1.22e+27   1.48e+08     1.55e+11   3397.779s
1275000 +5.18273092e+12 +1.21770931e+27  1.22e+27   1.48e+08     1.55e+11   3400.380s
1276000 +5.18262413e+12 +1.21776222e+27  1.22e+27   1.48e+08     1.55e+11   3402.982s
1277000 +5.18250128e+12 +1.21781512e+27  1.22e+27   1.48e+08     1.55e+11   3405.584s
1278000 +5.18238064e+12 +1.21786803e+27  1.22e+27   1.48e+08     1.55e+11   3408.185s
1279000 +5.18226013e+12 +1.21792093e+27  1.22e+27   1.48e+08     1.55e+11   3410.787s
1280000 +5.18216852e+12 +1.21797384e+27  1.22e+27   1.48e+08     1.55e+11   3413.389s
1281000 +5.18212327e+12 +1.21802674e+27  1.22e+27   1.48e+08     1.55e+11   3415.991s
1282000 +5.18207788e+12 +1.21807965e+27  1.22e+27   1.48e+08     1.55e+11   3418.592s
1283000 +5.18203686e+12 +1.21813255e+27  1.22e+27   1.48e+08     1.55e+11   3421.193s
1284000 +5.18199754e+12 +1.21818546e+27  1.22e+27   1.48e+08     1.55e+11   3423.795s
1285000 +5.18198593e+12 +1.21823837e+27  1.22e+27   1.48e+08     1.55e+11   3426.397s
1286000 +5.18199011e+12 +1.21829127e+27  1.22e+27   1.48e+08     1.55e+11   3428.998s
1287000 +5.18198178e+12 +1.21834418e+27  1.22e+27   1.48e+08     1.55e+11   3431.601s
1288000 +5.18195817e+12 +1.21839708e+27  1.22e+27   1.48e+08     1.55e+11   3434.206s
1289000 +5.18194606e+12 +1.21844999e+27  1.22e+27   1.48e+08     1.55e+11   3436.811s
1290000 +5.18191035e+12 +1.21850289e+27  1.22e+27   1.48e+08     1.55e+11   3439.414s
1291000 +5.18188862e+12 +1.21855580e+27  1.22e+27   1.48e+08     1.55e+11   3442.019s
1292000 +5.18186268e+12 +1.21860870e+27  1.22e+27   1.48e+08     1.55e+11   3444.624s
1293000 +5.18182534e+12 +1.21866161e+27  1.22e+27   1.48e+08     1.55e+11   3447.230s
1294000 +5.18177983e+12 +1.21871451e+27  1.22e+27   1.48e+08     1.55e+11   3449.832s
1295000 +5.18172954e+12 +1.21876742e+27  1.22e+27   1.48e+08     1.55e+11   3452.438s
1296000 +5.18170128e+12 +1.21882032e+27  1.22e+27   1.48e+08     1.55e+11   3455.044s
1297000 +5.18166826e+12 +1.21887323e+27  1.22e+27   1.48e+08     1.55e+11   3457.648s
1298000 +5.18164154e+12 +1.21892613e+27  1.22e+27   1.48e+08     1.55e+11   3460.250s
1299000 +5.18163748e+12 +1.21897903e+27  1.22e+27   1.48e+08     1.55e+11   3462.852s
1300000 +5.18162384e+12 +1.21903194e+27  1.22e+27   1.48e+08     1.55e+11   3465.453s
1301000 +5.18160955e+12 +1.21908484e+27  1.22e+27   1.48e+08     1.55e+11   3468.055s
1302000 +5.18154395e+12 +1.21913775e+27  1.22e+27   1.48e+08     1.55e+11   3470.656s
1303000 +5.18146663e+12 +1.21919065e+27  1.22e+27   1.48e+08     1.55e+11   3473.258s
1304000 +5.18137874e+12 +1.21924355e+27  1.22e+27   1.48e+08     1.55e+11   3475.860s
1305000 +5.18130065e+12 +1.21929646e+27  1.22e+27   1.48e+08     1.55e+11   3478.461s
1306000 +5.18123699e+12 +1.21934936e+27  1.22e+27   1.48e+08     1.55e+11   3481.063s
1307000 +5.18117564e+12 +1.21940227e+27  1.22e+27   1.48e+08     1.55e+11   3483.665s
1308000 +5.18109949e+12 +1.21945517e+27  1.22e+27   1.48e+08     1.55e+11   3486.266s
1309000 +5.18101323e+12 +1.21950808e+27  1.22e+27   1.48e+08     1.55e+11   3488.868s
1310000 +5.18094782e+12 +1.21956098e+27  1.22e+27   1.48e+08     1.55e+11   3491.469s
1311000 +5.18090290e+12 +1.21961389e+27  1.22e+27   1.48e+08     1.55e+11   3494.071s
1312000 +5.18084196e+12 +1.21966679e+27  1.22e+27   1.48e+08     1.55e+11   3496.673s
1313000 +5.18083075e+12 +1.21971970e+27  1.22e+27   1.48e+08     1.55e+11   3499.275s
1314000 +5.18090675e+12 +1.21977260e+27  1.22e+27   1.48e+08     1.55e+11   3501.876s
1315000 +5.18095416e+12 +1.21982551e+27  1.22e+27   1.48e+08     1.55e+11   3504.479s
1316000 +5.18096874e+12 +1.21987841e+27  1.22e+27   1.48e+08     1.55e+11   3507.081s
1317000 +5.18101736e+12 +1.21993132e+27  1.22e+27   1.48e+08     1.55e+11   3509.683s
1318000 +5.18106931e+12 +1.21998422e+27  1.22e+27   1.48e+08     1.55e+11   3512.284s
1319000 +5.18112516e+12 +1.22003713e+27  1.22e+27   1.48e+08     1.55e+11   3514.886s
1320000 +5.18114357e+12 +1.22009003e+27  1.22e+27   1.48e+08     1.55e+11   3517.487s
1321000 +5.18114031e+12 +1.22014294e+27  1.22e+27   1.48e+08     1.55e+11   3520.089s
1322000 +5.18117113e+12 +1.22019584e+27  1.22e+27   1.48e+08     1.55e+11   3522.691s
1323000 +5.18120264e+12 +1.22024875e+27  1.22e+27   1.48e+08     1.55e+11   3525.293s
1324000 +5.18125421e+12 +1.22030165e+27  1.22e+27   1.48e+08     1.55e+11   3527.895s
1325000 +5.18130600e+12 +1.22035456e+27  1.22e+27   1.48e+08     1.55e+11   3530.496s
1326000 +5.18130887e+12 +1.22040746e+27  1.22e+27   1.48e+08     1.55e+11   3533.098s
1327000 +5.18131120e+12 +1.22046037e+27  1.22e+27   1.48e+08     1.55e+11   3535.700s
1328000 +5.18129256e+12 +1.22051327e+27  1.22e+27   1.48e+08     1.55e+11   3538.301s
1329000 +5.18125776e+12 +1.22056617e+27  1.22e+27   1.48e+08     1.55e+11   3540.903s
1330000 +5.18124438e+12 +1.22061908e+27  1.22e+27   1.48e+08     1.55e+11   3543.505s
1331000 +5.18119209e+12 +1.22067198e+27  1.22e+27   1.48e+08     1.55e+11   3546.106s
1332000 +5.18111412e+12 +1.22072489e+27  1.22e+27   1.48e+08     1.55e+11   3548.708s
1333000 +5.18105692e+12 +1.22077779e+27  1.22e+27   1.48e+08     1.55e+11   3551.310s
1334000 +5.18098355e+12 +1.22083070e+27  1.22e+27   1.48e+08     1.55e+11   3553.911s
1335000 +5.18090311e+12 +1.22088360e+27  1.22e+27   1.48e+08     1.55e+11   3556.513s
1336000 +5.18083721e+12 +1.22093651e+27  1.22e+27   1.48e+08     1.55e+11   3559.114s
1337000 +5.18077731e+12 +1.22098941e+27  1.22e+27   1.48e+08     1.55e+11   3561.716s
1338000 +5.18068390e+12 +1.22104232e+27  1.22e+27   1.48e+08     1.55e+11   3564.318s
1339000 +5.18057214e+12 +1.22109522e+27  1.22e+27   1.48e+08     1.55e+11   3566.924s
1340000 +5.18046058e+12 +1.22114812e+27  1.22e+27   1.48e+08     1.55e+11   3569.527s
1341000 +5.18034420e+12 +1.22120103e+27  1.22e+27   1.48e+08     1.55e+11   3572.131s
1342000 +5.18025001e+12 +1.22125393e+27  1.22e+27   1.48e+08     1.55e+11   3574.736s
1343000 +5.18016308e+12 +1.22130684e+27  1.22e+27   1.48e+08     1.55e+11   3577.338s
1344000 +5.18008796e+12 +1.22135974e+27  1.22e+27   1.48e+08     1.55e+11   3579.940s
1345000 +5.18000026e+12 +1.22141265e+27  1.22e+27   1.48e+08     1.55e+11   3582.541s
1346000 +5.17989727e+12 +1.22146555e+27  1.22e+27   1.48e+08     1.55e+11   3585.143s
1347000 +5.17978372e+12 +1.22151846e+27  1.22e+27   1.48e+08     1.55e+11   3587.744s
1348000 +5.17966628e+12 +1.22157136e+27  1.22e+27   1.48e+08     1.55e+11   3590.346s
1349000 +5.17955707e+12 +1.22162426e+27  1.22e+27   1.48e+08     1.55e+11   3592.948s
1350000 +5.17944541e+12 +1.22167717e+27  1.22e+27   1.48e+08     1.55e+11   3595.550s
1351000 +5.17933309e+12 +1.22173007e+27  1.22e+27   1.48e+08     1.55e+11   3598.152s
PDLP finished
Status: Time Limit   Objective: 5.17923859e+12  Iterations: 1351800  Time: 3605.205s

### exit_code=0
### finished=2026-08-09T18:17:52.705981
### gpu_peak_mb=25978.4
### gpu_peak2_mb=25018.4
### per_gpu_peak_mb=[25978.375, 23738.375, 23322.375, 19962.375, 24602.375, 25018.375, 23866.375, 23418.375]
