### solver=cuopt-base
### instance=/home/scratch.vmostovoi_gpu/datasets/open_energy_benchmark/ethos_fine_europe_60tp-175-720ts.mps
### n_gpus=1
### CUDA_VISIBLE_DEVICES=0
### started=2026-07-29T20:29:34.184473
### argv=/home/scratch.vmostovoi_gpu/mostovoi_cuopt/cpp/build/cuopt_cli --method 1 --mps-reader experimental-fast --time-limit 3600 --iteration-limit 1000000000 --relative-primal-tolerance 1e-6 --relative-dual-tolerance 1e-6 --relative-gap-tolerance 1e-6 --log-to-console true /home/scratch.vmostovoi_gpu/datasets/open_energy_benchmark/ethos_fine_europe_60tp-175-720ts.mps
### --- solver output ---
Setting parameter iteration_limit to 1000000000
Setting parameter log_to_console to true
Setting parameter method to 1
Setting parameter relative_dual_tolerance to 1.000000e-06
Setting parameter relative_gap_tolerance to 1.000000e-06
Setting parameter relative_primal_tolerance to 1.000000e-06
Setting parameter time_limit to 3.600000e+03
Reading file ethos_fine_europe_60tp-175-720ts.mps
Using experimental fast MPS parser for '/home/scratch.vmostovoi_gpu/datasets/open_energy_benchmark/ethos_fine_europe_60tp-175-720ts.mps'
Read file ethos_fine_europe_60tp-175-720ts.mps in 3.09 seconds
cuOpt version: 26.8.0, git hash: 7116ead1, host arch: x86_64, device archs: 100a-real
CPU: INTEL(R) XEON(R) PLATINUM 8570, threads (physical/logical): 112/224, RAM: 788.86 GiB
CUDA 13.3, device: NVIDIA B200 (ID 0), VRAM: 178.34 GiB
CUDA device UUID: 5705d182-9ec4-2c8a-e831-582a6562a65e
Solving a problem with 9230938 constraints, 8141182 variables (0 integers), and 32766436 nonzeros
Problem scaling:
Objective coefficents range:          [4e-10, 3e+01]
Constraint matrix coefficients range: [1e-05, 7e+02]
Constraint rhs / bounds range:        [3e-06, 5e+05]
Variable bounds range:                [3e-06, 2e+06]
Warning: input problem contains a large range of coefficients: consider reformulating to avoid numerical difficulties.

Using PSLP presolver
PSLP Presolved problem: 6260663 constraints, 6246350 variables, 24596884 non-zeros
PSLP presolve time: 6.52s
Objective offset 160.370735 scaling_factor 1.000000
   Iter    Primal Obj.      Dual Obj.    Gap        Primal Res.  Dual Res.   Time
      0 +1.60370735e+02 +1.60370735e+02  0.00e+00   8.44e+05     4.25e+03   9.142s
   1000 +3.46074595e+02 +3.58780772e+02  1.27e+01   2.97e+02     1.09e-01   9.634s
   2000 +3.31618936e+02 +3.38541941e+02  6.92e+00   3.49e+02     4.35e-02   10.024s
   3000 +3.27786574e+02 +3.30089207e+02  2.30e+00   3.09e+02     1.82e-02   10.414s
   4000 +3.27399423e+02 +3.28192462e+02  7.93e-01   2.78e+02     1.05e-02   10.808s
   5000 +3.27017236e+02 +3.27388452e+02  3.71e-01   2.64e+02     6.77e-03   11.198s
   6000 +3.26662530e+02 +3.26957252e+02  2.95e-01   2.54e+02     5.22e-03   11.590s
   7000 +3.26383725e+02 +3.26609259e+02  2.26e-01   2.50e+02     4.17e-03   11.982s
   8000 +3.26100820e+02 +3.26342149e+02  2.41e-01   2.49e+02     3.14e-03   12.372s
   9000 +3.25856867e+02 +3.26137340e+02  2.80e-01   2.49e+02     2.31e-03   12.762s
  10000 +3.25570733e+02 +3.25913778e+02  3.43e-01   2.48e+02     1.81e-03   13.153s
  11000 +3.25438323e+02 +3.25758534e+02  3.20e-01   2.49e+02     1.52e-03   13.538s
  12000 +3.25256210e+02 +3.25601802e+02  3.46e-01   2.51e+02     1.30e-03   13.926s
  13000 +3.25036491e+02 +3.25487401e+02  4.51e-01   2.50e+02     1.11e-03   14.312s
  14000 +3.24865897e+02 +3.25402345e+02  5.36e-01   2.50e+02     1.01e-03   14.698s
  15000 +3.24771738e+02 +3.25290380e+02  5.19e-01   2.49e+02     9.36e-04   15.084s
  16000 +3.24740640e+02 +3.25203601e+02  4.63e-01   2.48e+02     8.78e-04   15.470s
  17000 +3.24689405e+02 +3.25117903e+02  4.28e-01   2.48e+02     8.23e-04   15.855s
  18000 +3.24580680e+02 +3.25057483e+02  4.77e-01   2.48e+02     7.77e-04   16.241s
  19000 +3.24427476e+02 +3.25014816e+02  5.87e-01   2.47e+02     7.36e-04   16.628s
  20000 +3.24180652e+02 +3.24962036e+02  7.81e-01   2.46e+02     6.93e-04   17.014s
  21000 +3.23958510e+02 +3.24926950e+02  9.68e-01   2.45e+02     6.55e-04   17.400s
  22000 +3.23711500e+02 +3.24897175e+02  1.19e+00   2.42e+02     6.21e-04   17.786s
  23000 +3.23518296e+02 +3.24851655e+02  1.33e+00   2.40e+02     5.90e-04   18.172s
  24000 +3.23312019e+02 +3.24803628e+02  1.49e+00   2.38e+02     5.65e-04   18.558s
  25000 +3.23092673e+02 +3.24754678e+02  1.66e+00   2.35e+02     5.38e-04   18.944s
  26000 +3.22906351e+02 +3.24706930e+02  1.80e+00   2.34e+02     5.14e-04   19.331s
  27000 +3.22723116e+02 +3.24661454e+02  1.94e+00   2.33e+02     4.92e-04   19.716s
  28000 +3.22569095e+02 +3.24617025e+02  2.05e+00   2.31e+02     4.73e-04   20.102s
  29000 +3.22417492e+02 +3.24567839e+02  2.15e+00   2.31e+02     4.57e-04   20.489s
  30000 +3.22287263e+02 +3.24519497e+02  2.23e+00   2.30e+02     4.41e-04   20.875s
  31000 +3.22171433e+02 +3.24459013e+02  2.29e+00   2.29e+02     4.26e-04   21.261s
  32000 +3.22064244e+02 +3.24407496e+02  2.34e+00   2.29e+02     4.12e-04   21.647s
  33000 +3.21984157e+02 +3.24355852e+02  2.37e+00   2.29e+02     3.98e-04   22.033s
  34000 +3.21895995e+02 +3.24306886e+02  2.41e+00   2.29e+02     3.85e-04   22.420s
  35000 +3.21823507e+02 +3.24259110e+02  2.44e+00   2.29e+02     3.72e-04   22.806s
  36000 +3.21717822e+02 +3.24159808e+02  2.44e+00   2.28e+02     3.64e-04   23.192s
  37000 +3.21606372e+02 +3.24063705e+02  2.46e+00   2.28e+02     3.56e-04   23.579s
  38000 +3.21518722e+02 +3.23984216e+02  2.47e+00   2.27e+02     3.48e-04   23.965s
  39000 +3.21404042e+02 +3.23833624e+02  2.43e+00   2.26e+02     3.36e-04   24.351s
  40000 +3.21326340e+02 +3.23720496e+02  2.39e+00   2.26e+02     3.27e-04   24.737s
  41000 +3.21230640e+02 +3.23618505e+02  2.39e+00   2.26e+02     3.20e-04   25.124s
  42000 +3.21139197e+02 +3.23493675e+02  2.35e+00   2.26e+02     3.10e-04   25.510s
  43000 +3.21043955e+02 +3.23391784e+02  2.35e+00   2.26e+02     3.01e-04   25.896s
  44000 +3.20984377e+02 +3.23297355e+02  2.31e+00   2.25e+02     2.92e-04   26.283s
  45000 +3.20924223e+02 +3.23224702e+02  2.30e+00   2.25e+02     2.83e-04   26.669s
  46000 +3.20896684e+02 +3.23146438e+02  2.25e+00   2.25e+02     2.72e-04   27.056s
  47000 +3.20838524e+02 +3.23053722e+02  2.22e+00   2.26e+02     2.59e-04   27.442s
  48000 +3.20827262e+02 +3.22970569e+02  2.14e+00   2.27e+02     2.46e-04   27.829s
  49000 +3.20830544e+02 +3.22896841e+02  2.07e+00   2.27e+02     2.37e-04   28.215s
  50000 +3.20827388e+02 +3.22821160e+02  1.99e+00   2.28e+02     2.28e-04   28.602s
  51000 +3.20854273e+02 +3.22744016e+02  1.89e+00   2.29e+02     2.15e-04   28.988s
  52000 +3.20831640e+02 +3.22666329e+02  1.83e+00   2.30e+02     2.05e-04   29.374s
  53000 +3.20807377e+02 +3.22591860e+02  1.78e+00   2.30e+02     1.94e-04   29.761s
  54000 +3.20806995e+02 +3.22526689e+02  1.72e+00   2.31e+02     1.85e-04   30.148s
  55000 +3.20783613e+02 +3.22453161e+02  1.67e+00   2.32e+02     1.79e-04   30.534s
  56000 +3.20803264e+02 +3.22336440e+02  1.53e+00   2.34e+02     1.64e-04   30.922s
  57000 +3.20862209e+02 +3.22255739e+02  1.39e+00   2.34e+02     1.59e-04   31.308s
  58000 +3.20933148e+02 +3.22128164e+02  1.20e+00   2.35e+02     1.52e-04   31.695s
  59000 +3.20988143e+02 +3.21953881e+02  9.66e-01   2.36e+02     1.43e-04   32.081s
  60000 +3.21014255e+02 +3.21865336e+02  8.51e-01   2.36e+02     1.38e-04   32.468s
  61000 +3.21031020e+02 +3.21721231e+02  6.90e-01   2.37e+02     1.33e-04   32.854s
  62000 +3.21064420e+02 +3.21628247e+02  5.64e-01   2.38e+02     1.29e-04   33.241s
  63000 +3.21062613e+02 +3.21540706e+02  4.78e-01   2.39e+02     1.25e-04   33.627s
  64000 +3.21065037e+02 +3.21466507e+02  4.01e-01   2.40e+02     1.22e-04   34.014s
  65000 +3.21082719e+02 +3.21413648e+02  3.31e-01   2.40e+02     1.18e-04   34.400s
  66000 +3.21135180e+02 +3.21370443e+02  2.35e-01   2.41e+02     1.15e-04   34.787s
  67000 +3.21146889e+02 +3.21323289e+02  1.76e-01   2.42e+02     1.12e-04   35.174s
  68000 +3.21168831e+02 +3.21275340e+02  1.07e-01   2.42e+02     1.10e-04   35.561s
  69000 +3.21183480e+02 +3.21223077e+02  3.96e-02   2.43e+02     1.07e-04   35.947s
  70000 +3.21190832e+02 +3.21176659e+02  1.42e-02   2.43e+02     1.05e-04   36.334s
  71000 +3.21190096e+02 +3.21133890e+02  5.62e-02   2.44e+02     1.02e-04   36.721s
  72000 +3.21198275e+02 +3.21087783e+02  1.10e-01   2.44e+02     1.00e-04   37.108s
  73000 +3.21214023e+02 +3.21046027e+02  1.68e-01   2.45e+02     9.85e-05   37.495s
  74000 +3.21183831e+02 +3.21010616e+02  1.73e-01   2.45e+02     9.67e-05   37.882s
  75000 +3.21200197e+02 +3.20849165e+02  3.51e-01   2.47e+02     9.23e-05   38.269s
  76000 +3.21211132e+02 +3.20792918e+02  4.18e-01   2.48e+02     9.13e-05   38.656s
  77000 +3.21196212e+02 +3.20742253e+02  4.54e-01   2.49e+02     9.03e-05   39.043s
  78000 +3.21218768e+02 +3.20697446e+02  5.21e-01   2.50e+02     8.95e-05   39.430s
  79000 +3.21231128e+02 +3.20572034e+02  6.59e-01   2.51e+02     8.88e-05   39.817s
  80000 +3.21247677e+02 +3.20463848e+02  7.84e-01   2.52e+02     8.81e-05   40.204s
  81000 +3.21265167e+02 +3.20401362e+02  8.64e-01   2.53e+02     8.73e-05   40.591s
  82000 +3.21246832e+02 +3.20355982e+02  8.91e-01   2.53e+02     8.68e-05   40.977s
  83000 +3.21254872e+02 +3.20315707e+02  9.39e-01   2.54e+02     8.63e-05   41.364s
  84000 +3.21244445e+02 +3.20298432e+02  9.46e-01   2.54e+02     8.60e-05   41.751s
  85000 +3.21240988e+02 +3.20283886e+02  9.57e-01   2.54e+02     8.56e-05   42.137s
  86000 +3.21210355e+02 +3.20268123e+02  9.42e-01   2.55e+02     8.55e-05   42.524s
  87000 +3.21189199e+02 +3.20267545e+02  9.22e-01   2.55e+02     8.55e-05   42.911s
  88000 +3.21147824e+02 +3.20255973e+02  8.92e-01   2.55e+02     8.56e-05   43.302s
  89000 +3.21142049e+02 +3.20227308e+02  9.15e-01   2.56e+02     8.57e-05   43.689s
  90000 +3.21085110e+02 +3.20201012e+02  8.84e-01   2.57e+02     8.59e-05   44.075s
  91000 +3.21034742e+02 +3.20176399e+02  8.58e-01   2.56e+02     8.61e-05   44.463s
  92000 +3.21034587e+02 +3.20152915e+02  8.82e-01   2.57e+02     8.64e-05   44.849s
  93000 +3.20987335e+02 +3.20129917e+02  8.57e-01   2.57e+02     8.68e-05   45.236s
  94000 +3.20899429e+02 +3.20107832e+02  7.92e-01   2.58e+02     8.71e-05   45.624s
  95000 +3.20854938e+02 +3.20098809e+02  7.56e-01   2.58e+02     8.75e-05   46.011s
  96000 +3.20783576e+02 +3.20007303e+02  7.76e-01   2.57e+02     8.65e-05   46.398s
  97000 +3.20734264e+02 +3.19913960e+02  8.20e-01   2.59e+02     8.63e-05   46.786s
  98000 +3.20668253e+02 +3.19883325e+02  7.85e-01   2.59e+02     8.67e-05   47.173s
  99000 +3.20607766e+02 +3.19859001e+02  7.49e-01   2.59e+02     8.69e-05   47.559s
 100000 +3.20557187e+02 +3.19836070e+02  7.21e-01   2.60e+02     8.73e-05   47.946s
 101000 +3.20491475e+02 +3.19812355e+02  6.79e-01   2.63e+02     8.76e-05   48.333s
 102000 +3.20400718e+02 +3.19783835e+02  6.17e-01   2.61e+02     8.79e-05   48.720s
 103000 +3.20305319e+02 +3.19659930e+02  6.45e-01   2.60e+02     8.70e-05   49.108s
 104000 +3.20199499e+02 +3.19597826e+02  6.02e-01   2.60e+02     8.73e-05   49.495s
 105000 +3.20072862e+02 +3.19483345e+02  5.90e-01   2.57e+02     8.64e-05   49.882s
 106000 +3.19948569e+02 +3.19434500e+02  5.14e-01   2.56e+02     8.64e-05   50.269s
 107000 +3.19842789e+02 +3.19407425e+02  4.35e-01   2.55e+02     8.65e-05   50.656s
 108000 +3.19724720e+02 +3.19380676e+02  3.44e-01   2.55e+02     8.66e-05   51.043s
 109000 +3.19625386e+02 +3.19348431e+02  2.77e-01   2.54e+02     8.66e-05   51.430s
 110000 +3.19514557e+02 +3.19324336e+02  1.90e-01   2.54e+02     8.66e-05   51.817s
 111000 +3.19420176e+02 +3.19303572e+02  1.17e-01   2.54e+02     8.66e-05   52.205s
 112000 +3.19341588e+02 +3.19291921e+02  4.97e-02   2.53e+02     8.65e-05   52.592s
 113000 +3.19288894e+02 +3.19277735e+02  1.12e-02   2.53e+02     8.64e-05   52.979s
 114000 +3.19248748e+02 +3.19263125e+02  1.44e-02   2.52e+02     8.63e-05   53.366s
 115000 +3.19197088e+02 +3.19253365e+02  5.63e-02   2.51e+02     8.61e-05   53.753s
 116000 +3.19172836e+02 +3.19244820e+02  7.20e-02   2.51e+02     8.60e-05   54.141s
 117000 +3.19173982e+02 +3.19238990e+02  6.50e-02   2.50e+02     8.57e-05   54.528s
 118000 +3.19153628e+02 +3.19231448e+02  7.78e-02   2.50e+02     8.55e-05   54.915s
 119000 +3.19147061e+02 +3.19220418e+02  7.34e-02   2.50e+02     8.52e-05   55.302s
 120000 +3.19127531e+02 +3.19212348e+02  8.48e-02   2.49e+02     8.48e-05   55.689s
 121000 +3.19100170e+02 +3.19204468e+02  1.04e-01   2.50e+02     8.34e-05   56.077s
 122000 +3.19100555e+02 +3.19196000e+02  9.54e-02   2.49e+02     8.24e-05   56.464s
 123000 +3.19087256e+02 +3.19191259e+02  1.04e-01   2.49e+02     8.10e-05   56.852s
 124000 +3.19091436e+02 +3.19183062e+02  9.16e-02   2.49e+02     7.81e-05   57.239s
 125000 +3.19083933e+02 +3.19164248e+02  8.03e-02   2.49e+02     7.38e-05   57.626s
 126000 +3.19071853e+02 +3.19156874e+02  8.50e-02   2.49e+02     6.93e-05   58.014s
 127000 +3.19038125e+02 +3.19152516e+02  1.14e-01   2.49e+02     6.83e-05   58.401s
 128000 +3.19046683e+02 +3.19145836e+02  9.92e-02   2.49e+02     6.80e-05   58.789s
 129000 +3.19033659e+02 +3.19139768e+02  1.06e-01   2.48e+02     6.76e-05   59.176s
 130000 +3.19032513e+02 +3.19133187e+02  1.01e-01   2.48e+02     6.72e-05   59.564s
 131000 +3.19017225e+02 +3.19127438e+02  1.10e-01   2.48e+02     6.69e-05   59.951s
 132000 +3.18984762e+02 +3.19124207e+02  1.39e-01   2.48e+02     6.66e-05   60.339s
 133000 +3.18991499e+02 +3.19117408e+02  1.26e-01   2.48e+02     6.63e-05   60.726s
 134000 +3.18990595e+02 +3.19110873e+02  1.20e-01   2.48e+02     6.60e-05   61.113s
 135000 +3.18977811e+02 +3.19105130e+02  1.27e-01   2.48e+02     6.57e-05   61.501s
 136000 +3.18950335e+02 +3.19100630e+02  1.50e-01   2.47e+02     6.55e-05   61.888s
 137000 +3.18937419e+02 +3.19095040e+02  1.58e-01   2.47e+02     6.52e-05   62.276s
 138000 +3.18930486e+02 +3.19079042e+02  1.49e-01   2.47e+02     6.36e-05   62.664s
 139000 +3.18894983e+02 +3.19072682e+02  1.78e-01   2.47e+02     6.34e-05   63.051s
 140000 +3.18886096e+02 +3.19065725e+02  1.80e-01   2.48e+02     6.32e-05   63.438s
 141000 +3.18873436e+02 +3.19059701e+02  1.86e-01   2.47e+02     6.29e-05   63.826s
 142000 +3.18876040e+02 +3.19052598e+02  1.77e-01   2.47e+02     6.27e-05   64.214s
 143000 +3.18875354e+02 +3.19047182e+02  1.72e-01   2.47e+02     6.26e-05   64.601s
 144000 +3.18855940e+02 +3.19042339e+02  1.86e-01   2.47e+02     6.24e-05   64.990s
 145000 +3.18837953e+02 +3.19036968e+02  1.99e-01   2.46e+02     6.21e-05   65.378s
 146000 +3.18817227e+02 +3.19029990e+02  2.13e-01   2.46e+02     6.19e-05   65.765s
 147000 +3.18791101e+02 +3.19011837e+02  2.21e-01   2.46e+02     6.04e-05   66.153s
 148000 +3.18775742e+02 +3.19003527e+02  2.28e-01   2.46e+02     6.02e-05   66.541s
 149000 +3.18760173e+02 +3.18998103e+02  2.38e-01   2.45e+02     6.01e-05   66.929s
 150000 +3.18745024e+02 +3.18992074e+02  2.47e-01   2.46e+02     5.99e-05   67.316s
 151000 +3.18720892e+02 +3.18936113e+02  2.15e-01   2.46e+02     5.77e-05   67.705s
 152000 +3.18705992e+02 +3.18926718e+02  2.21e-01   2.47e+02     5.76e-05   68.092s
 153000 +3.18690861e+02 +3.18919610e+02  2.29e-01   2.47e+02     5.75e-05   68.481s
 154000 +3.18682541e+02 +3.18911512e+02  2.29e-01   2.47e+02     5.73e-05   68.869s
 155000 +3.18699554e+02 +3.18905693e+02  2.06e-01   2.47e+02     5.72e-05   69.256s
 156000 +3.18703381e+02 +3.18897282e+02  1.94e-01   2.48e+02     5.71e-05   69.643s
 157000 +3.18706990e+02 +3.18888869e+02  1.82e-01   2.48e+02     5.70e-05   70.031s
 158000 +3.18698716e+02 +3.18880276e+02  1.82e-01   2.48e+02     5.69e-05   70.418s
 159000 +3.18703229e+02 +3.18873240e+02  1.70e-01   2.48e+02     5.68e-05   70.806s
 160000 +3.18706102e+02 +3.18866116e+02  1.60e-01   2.48e+02     5.67e-05   71.193s
 161000 +3.18696021e+02 +3.18858819e+02  1.63e-01   2.48e+02     5.66e-05   71.581s
 162000 +3.18685289e+02 +3.18853044e+02  1.68e-01   2.48e+02     5.64e-05   71.968s
 163000 +3.18661369e+02 +3.18845421e+02  1.84e-01   2.49e+02     5.63e-05   72.356s
 164000 +3.18671673e+02 +3.18840622e+02  1.69e-01   2.49e+02     5.62e-05   72.744s
 165000 +3.18658617e+02 +3.18835379e+02  1.77e-01   2.49e+02     5.61e-05   73.131s
 166000 +3.18647504e+02 +3.18831273e+02  1.84e-01   2.49e+02     5.59e-05   73.519s
 167000 +3.18618275e+02 +3.18825410e+02  2.07e-01   2.49e+02     5.59e-05   73.906s
 168000 +3.18609643e+02 +3.18820309e+02  2.11e-01   2.49e+02     5.58e-05   74.294s
 169000 +3.18622487e+02 +3.18812802e+02  1.90e-01   2.50e+02     5.56e-05   74.681s
 170000 +3.18625026e+02 +3.18802532e+02  1.78e-01   2.49e+02     5.56e-05   75.069s
 171000 +3.18614808e+02 +3.18795236e+02  1.80e-01   2.49e+02     5.55e-05   75.456s
 172000 +3.18615152e+02 +3.18788617e+02  1.73e-01   2.49e+02     5.54e-05   75.844s
 173000 +3.18595360e+02 +3.18780766e+02  1.85e-01   2.49e+02     5.53e-05   76.231s
 174000 +3.18592782e+02 +3.18773127e+02  1.80e-01   2.49e+02     5.52e-05   76.619s
 175000 +3.18563152e+02 +3.18764536e+02  2.01e-01   2.49e+02     5.51e-05   77.006s
 176000 +3.18530068e+02 +3.18756790e+02  2.27e-01   2.49e+02     5.49e-05   77.394s
 177000 +3.18493416e+02 +3.18747909e+02  2.54e-01   2.49e+02     5.48e-05   77.781s
 178000 +3.18490360e+02 +3.18746519e+02  2.56e-01   2.49e+02     5.47e-05   78.169s
 179000 +3.18464277e+02 +3.18741848e+02  2.78e-01   2.49e+02     5.46e-05   78.557s
 180000 +3.18454070e+02 +3.18738187e+02  2.84e-01   2.49e+02     5.45e-05   78.944s
 181000 +3.18447894e+02 +3.18734846e+02  2.87e-01   2.49e+02     5.43e-05   79.332s
 182000 +3.18447897e+02 +3.18729749e+02  2.82e-01   2.49e+02     5.42e-05   79.719s
 183000 +3.18409677e+02 +3.18725255e+02  3.16e-01   2.49e+02     5.41e-05   80.107s
 184000 +3.18387771e+02 +3.18719543e+02  3.32e-01   2.49e+02     5.40e-05   80.494s
 185000 +3.18371811e+02 +3.18711512e+02  3.40e-01   2.49e+02     5.39e-05   80.882s
 186000 +3.18383640e+02 +3.18705644e+02  3.22e-01   2.49e+02     5.38e-05   81.269s
 187000 +3.18349941e+02 +3.18699535e+02  3.50e-01   2.49e+02     5.37e-05   81.657s
 188000 +3.18330768e+02 +3.18694334e+02  3.64e-01   2.49e+02     5.36e-05   82.045s
 189000 +3.18323550e+02 +3.18687502e+02  3.64e-01   2.48e+02     5.34e-05   82.432s
 190000 +3.18307286e+02 +3.18681549e+02  3.74e-01   2.48e+02     5.33e-05   82.820s
 191000 +3.18282480e+02 +3.18673355e+02  3.91e-01   2.48e+02     5.32e-05   83.208s
 192000 +3.18274252e+02 +3.18666352e+02  3.92e-01   2.48e+02     5.31e-05   83.595s
 193000 +3.18269143e+02 +3.18650512e+02  3.81e-01   2.48e+02     5.20e-05   83.983s
 194000 +3.18265468e+02 +3.18643940e+02  3.78e-01   2.48e+02     5.19e-05   84.370s
 195000 +3.18273653e+02 +3.18637738e+02  3.64e-01   2.48e+02     5.18e-05   84.758s
 196000 +3.18260421e+02 +3.18630549e+02  3.70e-01   2.47e+02     5.16e-05   85.146s
 197000 +3.18229896e+02 +3.18624636e+02  3.95e-01   2.47e+02     5.15e-05   85.534s
 198000 +3.18205217e+02 +3.18620449e+02  4.15e-01   2.47e+02     5.13e-05   85.921s
 199000 +3.18206119e+02 +3.18616330e+02  4.10e-01   2.47e+02     5.12e-05   86.309s
 200000 +3.18196650e+02 +3.18613736e+02  4.17e-01   2.46e+02     5.11e-05   86.697s
 201000 +3.18144444e+02 +3.18442551e+02  2.98e-01   2.46e+02     4.96e-05   87.085s
 202000 +3.18098519e+02 +3.18423690e+02  3.25e-01   2.46e+02     4.95e-05   87.473s
 203000 +3.18058572e+02 +3.18414053e+02  3.55e-01   2.46e+02     4.94e-05   87.860s
 204000 +3.18032973e+02 +3.18405138e+02  3.72e-01   2.46e+02     4.93e-05   88.248s
 205000 +3.17986838e+02 +3.18396382e+02  4.10e-01   2.46e+02     4.92e-05   88.635s
 206000 +3.17943987e+02 +3.18390178e+02  4.46e-01   2.45e+02     4.91e-05   89.023s
 207000 +3.17909087e+02 +3.18383394e+02  4.74e-01   2.45e+02     4.90e-05   89.411s
 208000 +3.17871577e+02 +3.18376749e+02  5.05e-01   2.45e+02     4.89e-05   89.799s
 209000 +3.17849042e+02 +3.18370613e+02  5.22e-01   2.45e+02     4.88e-05   90.186s
 210000 +3.17828325e+02 +3.18364080e+02  5.36e-01   2.45e+02     4.87e-05   90.574s
 211000 +3.17789563e+02 +3.18358087e+02  5.69e-01   2.45e+02     4.86e-05   90.962s
 212000 +3.17773718e+02 +3.18352680e+02  5.79e-01   2.45e+02     4.84e-05   91.349s
 213000 +3.17758255e+02 +3.18346513e+02  5.88e-01   2.45e+02     4.83e-05   91.737s
 214000 +3.17753753e+02 +3.18339339e+02  5.86e-01   2.44e+02     4.82e-05   92.125s
 215000 +3.17735958e+02 +3.18332540e+02  5.97e-01   2.44e+02     4.81e-05   92.512s
 216000 +3.17722179e+02 +3.18323932e+02  6.02e-01   2.44e+02     4.80e-05   92.900s
 217000 +3.17708192e+02 +3.18315577e+02  6.07e-01   2.44e+02     4.79e-05   93.288s
 218000 +3.17675818e+02 +3.18307590e+02  6.32e-01   2.44e+02     4.78e-05   93.675s
 219000 +3.17662276e+02 +3.18300834e+02  6.39e-01   2.44e+02     4.77e-05   94.063s
 220000 +3.17650734e+02 +3.18294011e+02  6.43e-01   2.44e+02     4.76e-05   94.453s
 221000 +3.17638308e+02 +3.18287098e+02  6.49e-01   2.44e+02     4.75e-05   94.840s
 222000 +3.17598782e+02 +3.18274251e+02  6.75e-01   2.44e+02     4.74e-05   95.228s
 223000 +3.17590565e+02 +3.18222530e+02  6.32e-01   2.44e+02     4.73e-05   95.616s
 224000 +3.17605198e+02 +3.18187986e+02  5.83e-01   2.43e+02     4.72e-05   96.004s
 225000 +3.17583453e+02 +3.18154728e+02  5.71e-01   2.43e+02     4.70e-05   96.392s
 226000 +3.17588471e+02 +3.18126711e+02  5.38e-01   2.43e+02     4.69e-05   96.780s
 227000 +3.17564145e+02 +3.18097477e+02  5.33e-01   2.43e+02     4.65e-05   97.168s
 228000 +3.17540966e+02 +3.18063558e+02  5.23e-01   2.42e+02     4.63e-05   97.556s
 229000 +3.17535585e+02 +3.18046565e+02  5.11e-01   2.42e+02     4.61e-05   97.943s
 230000 +3.17534589e+02 +3.18030093e+02  4.96e-01   2.41e+02     4.59e-05   98.331s
 231000 +3.17544035e+02 +3.18021449e+02  4.77e-01   2.41e+02     4.57e-05   98.719s
 232000 +3.17555430e+02 +3.18012160e+02  4.57e-01   2.41e+02     4.55e-05   99.107s
 233000 +3.17550475e+02 +3.17997780e+02  4.47e-01   2.41e+02     4.53e-05   99.495s
 234000 +3.17542716e+02 +3.17981627e+02  4.39e-01   2.40e+02     4.51e-05   99.883s
 235000 +3.17519490e+02 +3.17964046e+02  4.45e-01   2.40e+02     4.49e-05   100.271s
 236000 +3.17514868e+02 +3.17948947e+02  4.34e-01   2.40e+02     4.48e-05   100.659s
 237000 +3.17520503e+02 +3.17934361e+02  4.14e-01   2.40e+02     4.46e-05   101.049s
 238000 +3.17529445e+02 +3.17920975e+02  3.92e-01   2.39e+02     4.44e-05   101.437s
 239000 +3.17537839e+02 +3.17913820e+02  3.76e-01   2.40e+02     4.43e-05   101.825s
 240000 +3.17515921e+02 +3.17901664e+02  3.86e-01   2.39e+02     4.41e-05   102.212s
 241000 +3.17506855e+02 +3.17892215e+02  3.85e-01   2.39e+02     4.39e-05   102.600s
 242000 +3.17502733e+02 +3.17884490e+02  3.82e-01   2.38e+02     4.37e-05   102.988s
 243000 +3.17510073e+02 +3.17879894e+02  3.70e-01   2.38e+02     4.36e-05   103.376s
 244000 +3.17494681e+02 +3.17877028e+02  3.82e-01   2.38e+02     4.35e-05   103.764s
 245000 +3.17489454e+02 +3.17872521e+02  3.83e-01   2.38e+02     4.33e-05   104.152s
 246000 +3.17480707e+02 +3.17869944e+02  3.89e-01   2.37e+02     4.32e-05   104.540s
 247000 +3.17498533e+02 +3.17867939e+02  3.69e-01   2.37e+02     4.30e-05   104.928s
 248000 +3.17481339e+02 +3.17864307e+02  3.83e-01   2.37e+02     4.29e-05   105.316s
 249000 +3.17478923e+02 +3.17861509e+02  3.83e-01   2.36e+02     4.27e-05   105.704s
 250000 +3.17470759e+02 +3.17842481e+02  3.72e-01   2.36e+02     4.17e-05   106.091s
 251000 +3.17471966e+02 +3.17838797e+02  3.67e-01   2.35e+02     4.15e-05   106.479s
 252000 +3.17472092e+02 +3.17835827e+02  3.64e-01   2.35e+02     4.14e-05   106.867s
 253000 +3.17465856e+02 +3.17833230e+02  3.67e-01   2.35e+02     4.13e-05   107.255s
 254000 +3.17475147e+02 +3.17830820e+02  3.56e-01   2.35e+02     4.11e-05   107.643s
 255000 +3.17476652e+02 +3.17827255e+02  3.51e-01   2.35e+02     4.10e-05   108.031s
 256000 +3.17464260e+02 +3.17823402e+02  3.59e-01   2.34e+02     4.09e-05   108.419s
 257000 +3.17461418e+02 +3.17821950e+02  3.61e-01   2.34e+02     4.07e-05   108.807s
 258000 +3.17454876e+02 +3.17817847e+02  3.63e-01   2.33e+02     4.06e-05   109.195s
 259000 +3.17453985e+02 +3.17813991e+02  3.60e-01   2.33e+02     4.05e-05   109.584s
 260000 +3.17451963e+02 +3.17811928e+02  3.60e-01   2.33e+02     4.04e-05   109.972s
 261000 +3.17447333e+02 +3.17811359e+02  3.64e-01   2.33e+02     4.03e-05   110.360s
 262000 +3.17436059e+02 +3.17808233e+02  3.72e-01   2.33e+02     4.02e-05   110.747s
 263000 +3.17425913e+02 +3.17806981e+02  3.81e-01   2.32e+02     4.01e-05   111.135s
 264000 +3.17415165e+02 +3.17806049e+02  3.91e-01   2.32e+02     4.00e-05   111.523s
 265000 +3.17412407e+02 +3.17804974e+02  3.93e-01   2.32e+02     3.98e-05   111.911s
 266000 +3.17409335e+02 +3.17804089e+02  3.95e-01   2.31e+02     3.97e-05   112.299s
 267000 +3.17403510e+02 +3.17803967e+02  4.00e-01   2.31e+02     3.96e-05   112.687s
 268000 +3.17394132e+02 +3.17803461e+02  4.09e-01   2.31e+02     3.95e-05   113.075s
 269000 +3.17388467e+02 +3.17803016e+02  4.15e-01   2.31e+02     3.94e-05   113.463s
 270000 +3.17361692e+02 +3.17803173e+02  4.41e-01   2.31e+02     3.93e-05   113.851s
 271000 +3.17340243e+02 +3.17751103e+02  4.11e-01   2.31e+02     3.71e-05   114.239s
 272000 +3.17334511e+02 +3.17749607e+02  4.15e-01   2.31e+02     3.70e-05   114.627s
 273000 +3.17333371e+02 +3.17747334e+02  4.14e-01   2.31e+02     3.69e-05   115.014s
 274000 +3.17326811e+02 +3.17742877e+02  4.16e-01   2.30e+02     3.68e-05   115.402s
 275000 +3.17307690e+02 +3.17740256e+02  4.33e-01   2.30e+02     3.67e-05   115.790s
 276000 +3.17295898e+02 +3.17738499e+02  4.43e-01   2.30e+02     3.66e-05   116.178s
 277000 +3.17284468e+02 +3.17736703e+02  4.52e-01   2.29e+02     3.66e-05   116.566s
 278000 +3.17285830e+02 +3.17734347e+02  4.49e-01   2.29e+02     3.65e-05   116.954s
 279000 +3.17280342e+02 +3.17732799e+02  4.52e-01   2.29e+02     3.64e-05   117.342s
 280000 +3.17281367e+02 +3.17731556e+02  4.50e-01   2.29e+02     3.63e-05   117.730s
 281000 +3.17271334e+02 +3.17731241e+02  4.60e-01   2.29e+02     3.62e-05   118.118s
 282000 +3.17249022e+02 +3.17729737e+02  4.81e-01   2.30e+02     3.61e-05   118.506s
 283000 +3.17240637e+02 +3.17728542e+02  4.88e-01   2.29e+02     3.60e-05   118.894s
 284000 +3.17239663e+02 +3.17728165e+02  4.89e-01   2.29e+02     3.60e-05   119.282s
 285000 +3.17222009e+02 +3.17727392e+02  5.05e-01   2.29e+02     3.59e-05   119.670s
 286000 +3.17221948e+02 +3.17726843e+02  5.05e-01   2.29e+02     3.58e-05   120.058s
 287000 +3.17213657e+02 +3.17726211e+02  5.13e-01   2.28e+02     3.57e-05   120.446s
 288000 +3.17211522e+02 +3.17726050e+02  5.15e-01   2.28e+02     3.56e-05   120.834s
 289000 +3.17204921e+02 +3.17725636e+02  5.21e-01   2.29e+02     3.55e-05   121.222s
 290000 +3.17197910e+02 +3.17711499e+02  5.14e-01   2.28e+02     3.47e-05   121.610s
 291000 +3.17196911e+02 +3.17709341e+02  5.12e-01   2.29e+02     3.46e-05   121.998s
 292000 +3.17183597e+02 +3.17708615e+02  5.25e-01   2.28e+02     3.45e-05   122.386s
 293000 +3.17181541e+02 +3.17708175e+02  5.27e-01   2.28e+02     3.44e-05   122.774s
 294000 +3.17164867e+02 +3.17707015e+02  5.42e-01   2.28e+02     3.43e-05   123.161s
 295000 +3.17165984e+02 +3.17704764e+02  5.39e-01   2.28e+02     3.42e-05   123.549s
 296000 +3.17160413e+02 +3.17703000e+02  5.43e-01   2.28e+02     3.41e-05   123.937s
 297000 +3.17156135e+02 +3.17701437e+02  5.45e-01   2.28e+02     3.40e-05   124.325s
 298000 +3.17150295e+02 +3.17700156e+02  5.50e-01   2.28e+02     3.39e-05   124.713s
 299000 +3.17145279e+02 +3.17699355e+02  5.54e-01   2.28e+02     3.38e-05   125.101s
 300000 +3.17137779e+02 +3.17698614e+02  5.61e-01   2.28e+02     3.37e-05   125.489s
 301000 +3.17128713e+02 +3.17697491e+02  5.69e-01   2.28e+02     3.36e-05   125.877s
 302000 +3.17120420e+02 +3.17696125e+02  5.76e-01   2.28e+02     3.35e-05   126.264s
 303000 +3.17092875e+02 +3.17651269e+02  5.58e-01   2.28e+02     3.17e-05   126.652s
 304000 +3.17097319e+02 +3.17650641e+02  5.53e-01   2.28e+02     3.17e-05   127.040s
 305000 +3.17088462e+02 +3.17650646e+02  5.62e-01   2.27e+02     3.16e-05   127.428s
 306000 +3.17083768e+02 +3.17650720e+02  5.67e-01   2.28e+02     3.15e-05   127.816s
 307000 +3.17081674e+02 +3.17649946e+02  5.68e-01   2.27e+02     3.15e-05   128.204s
 308000 +3.17078489e+02 +3.17649149e+02  5.71e-01   2.28e+02     3.14e-05   128.592s
 309000 +3.17068774e+02 +3.17647853e+02  5.79e-01   2.27e+02     3.13e-05   128.980s
 310000 +3.17064866e+02 +3.17646297e+02  5.81e-01   2.28e+02     3.12e-05   129.368s
 311000 +3.17059496e+02 +3.17645184e+02  5.86e-01   2.27e+02     3.12e-05   129.756s
 312000 +3.17057367e+02 +3.17644315e+02  5.87e-01   2.28e+02     3.11e-05   130.144s
 313000 +3.17053100e+02 +3.17643565e+02  5.90e-01   2.28e+02     3.10e-05   130.532s
 314000 +3.17045414e+02 +3.17566084e+02  5.21e-01   2.30e+02     2.98e-05   130.920s
 315000 +3.17031859e+02 +3.17560511e+02  5.29e-01   2.30e+02     2.97e-05   131.308s
 316000 +3.17026377e+02 +3.17555809e+02  5.29e-01   2.30e+02     2.96e-05   131.696s
 317000 +3.17018017e+02 +3.17551827e+02  5.34e-01   2.30e+02     2.96e-05   132.084s
 318000 +3.17010410e+02 +3.17548775e+02  5.38e-01   2.30e+02     2.96e-05   132.475s
 319000 +3.17008256e+02 +3.17545555e+02  5.37e-01   2.30e+02     2.95e-05   132.862s
 320000 +3.17009490e+02 +3.17543567e+02  5.34e-01   2.30e+02     2.95e-05   133.250s
 321000 +3.16998522e+02 +3.17541558e+02  5.43e-01   2.30e+02     2.94e-05   133.637s
 322000 +3.16992576e+02 +3.17539707e+02  5.47e-01   2.30e+02     2.94e-05   134.025s
 323000 +3.16982653e+02 +3.17537367e+02  5.55e-01   2.30e+02     2.93e-05   134.413s
 324000 +3.16984298e+02 +3.17535387e+02  5.51e-01   2.30e+02     2.93e-05   134.800s
 325000 +3.16985488e+02 +3.17533640e+02  5.48e-01   2.30e+02     2.93e-05   135.188s
 326000 +3.16978916e+02 +3.17531709e+02  5.53e-01   2.30e+02     2.92e-05   135.576s
 327000 +3.16979096e+02 +3.17530446e+02  5.51e-01   2.30e+02     2.92e-05   135.964s
 328000 +3.16978970e+02 +3.17528755e+02  5.50e-01   2.30e+02     2.91e-05   136.351s
 329000 +3.16968836e+02 +3.17527094e+02  5.58e-01   2.30e+02     2.91e-05   136.739s
 330000 +3.16960969e+02 +3.17525985e+02  5.65e-01   2.30e+02     2.90e-05   137.127s
 331000 +3.16964598e+02 +3.17524172e+02  5.60e-01   2.30e+02     2.90e-05   137.515s
 332000 +3.16946448e+02 +3.17523056e+02  5.77e-01   2.30e+02     2.89e-05   137.903s
 333000 +3.16943871e+02 +3.17521647e+02  5.78e-01   2.30e+02     2.89e-05   138.290s
 334000 +3.16937113e+02 +3.17520701e+02  5.84e-01   2.30e+02     2.88e-05   138.678s
 335000 +3.16924090e+02 +3.17519492e+02  5.95e-01   2.30e+02     2.88e-05   139.066s
 336000 +3.16920106e+02 +3.17517832e+02  5.98e-01   2.30e+02     2.88e-05   139.453s
 337000 +3.16920887e+02 +3.17516272e+02  5.95e-01   2.29e+02     2.87e-05   139.841s
 338000 +3.16908666e+02 +3.17514720e+02  6.06e-01   2.30e+02     2.87e-05   140.229s
 339000 +3.16912860e+02 +3.17514001e+02  6.01e-01   2.30e+02     2.86e-05   140.616s
 340000 +3.16898382e+02 +3.17491319e+02  5.93e-01   2.29e+02     2.76e-05   141.004s
 341000 +3.16897691e+02 +3.17490147e+02  5.92e-01   2.30e+02     2.75e-05   141.392s
 342000 +3.16895006e+02 +3.17488328e+02  5.93e-01   2.29e+02     2.74e-05   141.780s
 343000 +3.16887173e+02 +3.17486429e+02  5.99e-01   2.30e+02     2.74e-05   142.168s
 344000 +3.16887687e+02 +3.17484546e+02  5.97e-01   2.30e+02     2.73e-05   142.555s
 345000 +3.16872460e+02 +3.17482728e+02  6.10e-01   2.30e+02     2.73e-05   142.943s
 346000 +3.16859450e+02 +3.17481793e+02  6.22e-01   2.30e+02     2.72e-05   143.331s
 347000 +3.16858629e+02 +3.17480273e+02  6.22e-01   2.30e+02     2.71e-05   143.719s
 348000 +3.16850100e+02 +3.17479554e+02  6.29e-01   2.30e+02     2.71e-05   144.107s
 349000 +3.16843436e+02 +3.17478825e+02  6.35e-01   2.30e+02     2.70e-05   144.495s
 350000 +3.16840373e+02 +3.17478112e+02  6.38e-01   2.31e+02     2.70e-05   144.883s
 351000 +3.16835327e+02 +3.17477940e+02  6.43e-01   2.30e+02     2.69e-05   145.271s
 352000 +3.16826693e+02 +3.17477574e+02  6.51e-01   2.30e+02     2.69e-05   145.658s
 353000 +3.16820109e+02 +3.17477598e+02  6.57e-01   2.30e+02     2.68e-05   146.046s
 354000 +3.16813621e+02 +3.17477427e+02  6.64e-01   2.30e+02     2.68e-05   146.434s
 355000 +3.16811778e+02 +3.17477641e+02  6.66e-01   2.30e+02     2.67e-05   146.822s
 356000 +3.16802286e+02 +3.17477772e+02  6.75e-01   2.31e+02     2.67e-05   147.210s
 357000 +3.16805695e+02 +3.17478363e+02  6.73e-01   2.31e+02     2.66e-05   147.597s
 358000 +3.16787498e+02 +3.17478493e+02  6.91e-01   2.31e+02     2.66e-05   147.985s
 359000 +3.16795259e+02 +3.17479574e+02  6.84e-01   2.30e+02     2.66e-05   148.373s
 360000 +3.16793779e+02 +3.17480975e+02  6.87e-01   2.31e+02     2.65e-05   148.761s
 361000 +3.16789728e+02 +3.17480777e+02  6.91e-01   2.30e+02     2.65e-05   149.149s
 362000 +3.16782445e+02 +3.17481109e+02  6.99e-01   2.30e+02     2.64e-05   149.536s
 363000 +3.16772771e+02 +3.17481422e+02  7.09e-01   2.31e+02     2.64e-05   149.924s
 364000 +3.16771070e+02 +3.17481439e+02  7.10e-01   2.31e+02     2.63e-05   150.312s
 365000 +3.16779977e+02 +3.17481033e+02  7.01e-01   2.30e+02     2.63e-05   150.700s
 366000 +3.16775303e+02 +3.17480092e+02  7.05e-01   2.31e+02     2.63e-05   151.088s
 367000 +3.16765181e+02 +3.17480158e+02  7.15e-01   2.31e+02     2.62e-05   151.476s
 368000 +3.16761262e+02 +3.17480557e+02  7.19e-01   2.30e+02     2.62e-05   151.864s
 369000 +3.16759347e+02 +3.17481135e+02  7.22e-01   2.31e+02     2.62e-05   152.251s
 370000 +3.16761909e+02 +3.17482160e+02  7.20e-01   2.31e+02     2.61e-05   152.639s
 371000 +3.16754075e+02 +3.17483078e+02  7.29e-01   2.32e+02     2.61e-05   153.027s
 372000 +3.16765210e+02 +3.17483417e+02  7.18e-01   2.32e+02     2.60e-05   153.415s
 373000 +3.16754587e+02 +3.17484278e+02  7.30e-01   2.32e+02     2.60e-05   153.803s
 374000 +3.16746270e+02 +3.17484819e+02  7.39e-01   2.31e+02     2.60e-05   154.190s
 375000 +3.16741994e+02 +3.17485796e+02  7.44e-01   2.32e+02     2.59e-05   154.578s
 376000 +3.16738842e+02 +3.17486257e+02  7.47e-01   2.32e+02     2.59e-05   154.966s
 377000 +3.16736723e+02 +3.17486801e+02  7.50e-01   2.32e+02     2.59e-05   155.354s
 378000 +3.16740946e+02 +3.17487482e+02  7.47e-01   2.33e+02     2.58e-05   155.742s
 379000 +3.16734505e+02 +3.17487830e+02  7.53e-01   2.33e+02     2.58e-05   156.129s
 380000 +3.16737276e+02 +3.17487700e+02  7.50e-01   2.31e+02     2.57e-05   156.517s
 381000 +3.16729248e+02 +3.17487768e+02  7.59e-01   2.31e+02     2.57e-05   156.905s
 382000 +3.16723107e+02 +3.17488225e+02  7.65e-01   2.30e+02     2.57e-05   157.293s
 383000 +3.16725358e+02 +3.17488811e+02  7.63e-01   2.31e+02     2.56e-05   157.681s
 384000 +3.16723475e+02 +3.17489873e+02  7.66e-01   2.31e+02     2.56e-05   158.068s
 385000 +3.16721329e+02 +3.17490663e+02  7.69e-01   2.31e+02     2.55e-05   158.456s
 386000 +3.16717115e+02 +3.17491751e+02  7.75e-01   2.31e+02     2.55e-05   158.844s
 387000 +3.16715461e+02 +3.17492783e+02  7.77e-01   2.31e+02     2.55e-05   159.232s
 388000 +3.16712690e+02 +3.17493289e+02  7.81e-01   2.30e+02     2.54e-05   159.620s
 389000 +3.16707150e+02 +3.17494206e+02  7.87e-01   2.31e+02     2.54e-05   160.008s
 390000 +3.16702103e+02 +3.17495831e+02  7.94e-01   2.31e+02     2.53e-05   160.395s
 391000 +3.16697318e+02 +3.17497033e+02  8.00e-01   2.31e+02     2.53e-05   160.783s
 392000 +3.16693854e+02 +3.17497398e+02  8.04e-01   2.31e+02     2.53e-05   161.171s
 393000 +3.16688038e+02 +3.17497567e+02  8.10e-01   2.32e+02     2.53e-05   161.559s
 394000 +3.16687222e+02 +3.17497831e+02  8.11e-01   2.31e+02     2.53e-05   161.947s
 395000 +3.16682286e+02 +3.17497833e+02  8.16e-01   2.31e+02     2.52e-05   162.334s
 396000 +3.16679738e+02 +3.17497792e+02  8.18e-01   2.31e+02     2.52e-05   162.722s
 397000 +3.16673305e+02 +3.17498226e+02  8.25e-01   2.31e+02     2.52e-05   163.110s
 398000 +3.16668377e+02 +3.17499168e+02  8.31e-01   2.31e+02     2.52e-05   163.498s
 399000 +3.16672027e+02 +3.17500177e+02  8.28e-01   2.30e+02     2.52e-05   163.886s
 400000 +3.16669256e+02 +3.17501059e+02  8.32e-01   2.31e+02     2.51e-05   164.273s
 401000 +3.16659602e+02 +3.17502219e+02  8.43e-01   2.31e+02     2.51e-05   164.661s
 402000 +3.16661483e+02 +3.17502764e+02  8.41e-01   2.31e+02     2.51e-05   165.049s
 403000 +3.16660612e+02 +3.17503695e+02  8.43e-01   2.31e+02     2.50e-05   165.437s
 404000 +3.16661081e+02 +3.17503961e+02  8.43e-01   2.31e+02     2.50e-05   165.824s
 405000 +3.16657107e+02 +3.17503987e+02  8.47e-01   2.31e+02     2.50e-05   166.212s
 406000 +3.16653290e+02 +3.17503945e+02  8.51e-01   2.31e+02     2.49e-05   166.600s
 407000 +3.16645265e+02 +3.17504338e+02  8.59e-01   2.31e+02     2.49e-05   166.988s
 408000 +3.16645034e+02 +3.17504496e+02  8.59e-01   2.32e+02     2.49e-05   167.376s
 409000 +3.16636476e+02 +3.17504927e+02  8.68e-01   2.31e+02     2.48e-05   167.764s
 410000 +3.16640248e+02 +3.17504986e+02  8.65e-01   2.32e+02     2.48e-05   168.152s
 411000 +3.16645130e+02 +3.17505767e+02  8.61e-01   2.31e+02     2.48e-05   168.540s
 412000 +3.16643278e+02 +3.17506583e+02  8.63e-01   2.31e+02     2.47e-05   168.928s
 413000 +3.16640161e+02 +3.17507636e+02  8.67e-01   2.32e+02     2.47e-05   169.315s
 414000 +3.16635451e+02 +3.17508684e+02  8.73e-01   2.31e+02     2.47e-05   169.703s
 415000 +3.16633878e+02 +3.17509382e+02  8.76e-01   2.31e+02     2.46e-05   170.091s
 416000 +3.16633416e+02 +3.17509631e+02  8.76e-01   2.31e+02     2.46e-05   170.479s
 417000 +3.16632952e+02 +3.17509468e+02  8.77e-01   2.32e+02     2.46e-05   170.867s
 418000 +3.16634678e+02 +3.17509423e+02  8.75e-01   2.32e+02     2.46e-05   171.254s
 419000 +3.16631240e+02 +3.17509201e+02  8.78e-01   2.32e+02     2.45e-05   171.642s
 420000 +3.16624081e+02 +3.17509071e+02  8.85e-01   2.32e+02     2.45e-05   172.030s
 421000 +3.16624472e+02 +3.17509043e+02  8.85e-01   2.32e+02     2.45e-05   172.418s
 422000 +3.16611568e+02 +3.17509448e+02  8.98e-01   2.32e+02     2.44e-05   172.806s
 423000 +3.16610629e+02 +3.17509391e+02  8.99e-01   2.31e+02     2.44e-05   173.193s
 424000 +3.16607684e+02 +3.17509494e+02  9.02e-01   2.32e+02     2.44e-05   173.581s
 425000 +3.16602128e+02 +3.17510102e+02  9.08e-01   2.32e+02     2.43e-05   173.969s
 426000 +3.16593271e+02 +3.17510630e+02  9.17e-01   2.31e+02     2.43e-05   174.357s
 427000 +3.16591630e+02 +3.17511524e+02  9.20e-01   2.32e+02     2.43e-05   174.745s
 428000 +3.16590006e+02 +3.17512171e+02  9.22e-01   2.31e+02     2.43e-05   175.132s
 429000 +3.16587223e+02 +3.17511955e+02  9.25e-01   2.32e+02     2.42e-05   175.520s
 430000 +3.16586764e+02 +3.17511829e+02  9.25e-01   2.32e+02     2.42e-05   175.908s
 431000 +3.16579990e+02 +3.17512530e+02  9.33e-01   2.32e+02     2.42e-05   176.296s
 432000 +3.16576311e+02 +3.17512792e+02  9.36e-01   2.32e+02     2.41e-05   176.684s
 433000 +3.16575449e+02 +3.17512658e+02  9.37e-01   2.32e+02     2.41e-05   177.072s
 434000 +3.16569660e+02 +3.17512857e+02  9.43e-01   2.32e+02     2.41e-05   177.460s
 435000 +3.16564370e+02 +3.17513045e+02  9.49e-01   2.32e+02     2.40e-05   177.848s
 436000 +3.16562759e+02 +3.17513813e+02  9.51e-01   2.32e+02     2.40e-05   178.235s
 437000 +3.16559477e+02 +3.17514196e+02  9.55e-01   2.32e+02     2.40e-05   178.623s
 438000 +3.16556817e+02 +3.17514415e+02  9.58e-01   2.32e+02     2.40e-05   179.011s
 439000 +3.16554607e+02 +3.17514898e+02  9.60e-01   2.32e+02     2.39e-05   179.399s
 440000 +3.16555337e+02 +3.17515385e+02  9.60e-01   2.33e+02     2.39e-05   179.787s
 441000 +3.16546947e+02 +3.17515526e+02  9.69e-01   2.31e+02     2.39e-05   180.174s
 442000 +3.16549324e+02 +3.17515941e+02  9.67e-01   2.32e+02     2.39e-05   180.562s
 443000 +3.16543843e+02 +3.17516241e+02  9.72e-01   2.32e+02     2.38e-05   180.950s
 444000 +3.16538038e+02 +3.17516814e+02  9.79e-01   2.32e+02     2.38e-05   181.338s
 445000 +3.16537324e+02 +3.17517240e+02  9.80e-01   2.31e+02     2.38e-05   181.726s
 446000 +3.16533260e+02 +3.17517317e+02  9.84e-01   2.32e+02     2.37e-05   182.114s
 447000 +3.16533310e+02 +3.17517207e+02  9.84e-01   2.32e+02     2.37e-05   182.502s
 448000 +3.16533776e+02 +3.17517400e+02  9.84e-01   2.31e+02     2.37e-05   182.890s
 449000 +3.16527931e+02 +3.17517625e+02  9.90e-01   2.31e+02     2.36e-05   183.278s
 450000 +3.16529770e+02 +3.17517876e+02  9.88e-01   2.31e+02     2.36e-05   183.666s
 451000 +3.16530923e+02 +3.17518423e+02  9.88e-01   2.31e+02     2.36e-05   184.054s
 452000 +3.16528961e+02 +3.17519729e+02  9.91e-01   2.32e+02     2.36e-05   184.442s
 453000 +3.16529772e+02 +3.17520948e+02  9.91e-01   2.32e+02     2.36e-05   184.830s
 454000 +3.16529919e+02 +3.17521928e+02  9.92e-01   2.32e+02     2.35e-05   185.217s
 455000 +3.16526537e+02 +3.17522298e+02  9.96e-01   2.32e+02     2.35e-05   185.605s
 456000 +3.16525475e+02 +3.17522961e+02  9.97e-01   2.33e+02     2.35e-05   185.994s
 457000 +3.16517848e+02 +3.17523834e+02  1.01e+00   2.33e+02     2.35e-05   186.381s
 458000 +3.16516803e+02 +3.17523822e+02  1.01e+00   2.33e+02     2.35e-05   186.770s
 459000 +3.16520877e+02 +3.17523745e+02  1.00e+00   2.32e+02     2.34e-05   187.157s
 460000 +3.16513849e+02 +3.17522809e+02  1.01e+00   2.32e+02     2.34e-05   187.545s
 461000 +3.16516237e+02 +3.17522712e+02  1.01e+00   2.32e+02     2.34e-05   187.932s
 462000 +3.16533430e+02 +3.17515986e+02  9.83e-01   2.31e+02     2.33e-05   188.321s
 463000 +3.16527781e+02 +3.17515156e+02  9.87e-01   2.31e+02     2.33e-05   188.709s
 464000 +3.16525896e+02 +3.17514274e+02  9.88e-01   2.31e+02     2.33e-05   189.096s
 465000 +3.16523983e+02 +3.17513716e+02  9.90e-01   2.31e+02     2.33e-05   189.484s
 466000 +3.16519903e+02 +3.17513331e+02  9.93e-01   2.31e+02     2.33e-05   189.872s
 467000 +3.16515794e+02 +3.17512861e+02  9.97e-01   2.31e+02     2.32e-05   190.259s
 468000 +3.16511084e+02 +3.17512824e+02  1.00e+00   2.31e+02     2.32e-05   190.647s
 469000 +3.16508259e+02 +3.17512440e+02  1.00e+00   2.31e+02     2.32e-05   191.035s
 470000 +3.16508211e+02 +3.17512227e+02  1.00e+00   2.32e+02     2.32e-05   191.423s
 471000 +3.16500337e+02 +3.17511681e+02  1.01e+00   2.32e+02     2.31e-05   191.811s
 472000 +3.16498571e+02 +3.17511123e+02  1.01e+00   2.32e+02     2.31e-05   192.199s
 473000 +3.16493553e+02 +3.17510799e+02  1.02e+00   2.32e+02     2.31e-05   192.587s
 474000 +3.16487045e+02 +3.17510284e+02  1.02e+00   2.32e+02     2.31e-05   192.974s
 475000 +3.16480283e+02 +3.17509862e+02  1.03e+00   2.33e+02     2.30e-05   193.362s
 476000 +3.16477110e+02 +3.17509524e+02  1.03e+00   2.32e+02     2.30e-05   193.750s
 477000 +3.16476133e+02 +3.17509008e+02  1.03e+00   2.33e+02     2.30e-05   194.138s
 478000 +3.16472784e+02 +3.17508715e+02  1.04e+00   2.33e+02     2.30e-05   194.526s
 479000 +3.16468341e+02 +3.17508323e+02  1.04e+00   2.34e+02     2.29e-05   194.913s
 480000 +3.16461945e+02 +3.17507939e+02  1.05e+00   2.33e+02     2.29e-05   195.301s
 481000 +3.16460236e+02 +3.17507541e+02  1.05e+00   2.34e+02     2.29e-05   195.689s
 482000 +3.16456407e+02 +3.17506920e+02  1.05e+00   2.34e+02     2.29e-05   196.077s
 483000 +3.16450502e+02 +3.17506750e+02  1.06e+00   2.34e+02     2.28e-05   196.464s
 484000 +3.16447086e+02 +3.17506104e+02  1.06e+00   2.34e+02     2.28e-05   196.852s
 485000 +3.16442788e+02 +3.17505815e+02  1.06e+00   2.33e+02     2.28e-05   197.239s
 486000 +3.16436232e+02 +3.17505249e+02  1.07e+00   2.34e+02     2.27e-05   197.627s
 487000 +3.16440868e+02 +3.17504663e+02  1.06e+00   2.34e+02     2.27e-05   198.015s
 488000 +3.16436410e+02 +3.17504146e+02  1.07e+00   2.33e+02     2.27e-05   198.402s
 489000 +3.16435635e+02 +3.17503613e+02  1.07e+00   2.33e+02     2.26e-05   198.790s
 490000 +3.16436862e+02 +3.17503229e+02  1.07e+00   2.34e+02     2.26e-05   199.178s
 491000 +3.16433432e+02 +3.17502738e+02  1.07e+00   2.34e+02     2.26e-05   199.565s
 492000 +3.16426514e+02 +3.17502009e+02  1.08e+00   2.33e+02     2.25e-05   199.953s
 493000 +3.16430328e+02 +3.17501332e+02  1.07e+00   2.33e+02     2.25e-05   200.341s
 494000 +3.16431659e+02 +3.17501227e+02  1.07e+00   2.33e+02     2.25e-05   200.728s
 495000 +3.16431049e+02 +3.17500753e+02  1.07e+00   2.33e+02     2.24e-05   201.116s
 496000 +3.16429051e+02 +3.17499997e+02  1.07e+00   2.33e+02     2.24e-05   201.503s
 497000 +3.16425434e+02 +3.17499612e+02  1.07e+00   2.33e+02     2.24e-05   201.891s
 498000 +3.16418481e+02 +3.17499385e+02  1.08e+00   2.33e+02     2.24e-05   202.279s
 499000 +3.16413947e+02 +3.17498657e+02  1.08e+00   2.33e+02     2.23e-05   202.667s
 500000 +3.16415923e+02 +3.17497871e+02  1.08e+00   2.33e+02     2.23e-05   203.054s
 501000 +3.16411495e+02 +3.17497375e+02  1.09e+00   2.33e+02     2.23e-05   203.442s
 502000 +3.16403405e+02 +3.17496555e+02  1.09e+00   2.33e+02     2.22e-05   203.830s
 503000 +3.16399131e+02 +3.17496014e+02  1.10e+00   2.33e+02     2.22e-05   204.217s
 504000 +3.16396208e+02 +3.17495463e+02  1.10e+00   2.33e+02     2.22e-05   204.605s
 505000 +3.16394732e+02 +3.17494635e+02  1.10e+00   2.33e+02     2.21e-05   204.993s
 506000 +3.16393955e+02 +3.17494458e+02  1.10e+00   2.34e+02     2.21e-05   205.381s
 507000 +3.16390069e+02 +3.17493927e+02  1.10e+00   2.34e+02     2.21e-05   205.768s
 508000 +3.16390850e+02 +3.17493468e+02  1.10e+00   2.35e+02     2.21e-05   206.156s
 509000 +3.16379907e+02 +3.17492983e+02  1.11e+00   2.33e+02     2.20e-05   206.544s
 510000 +3.16385203e+02 +3.17492717e+02  1.11e+00   2.33e+02     2.20e-05   206.932s
 511000 +3.16383402e+02 +3.17491968e+02  1.11e+00   2.34e+02     2.20e-05   207.319s
 512000 +3.16380320e+02 +3.17491597e+02  1.11e+00   2.34e+02     2.19e-05   207.707s
 513000 +3.16378696e+02 +3.17490983e+02  1.11e+00   2.34e+02     2.19e-05   208.095s
 514000 +3.16374412e+02 +3.17490421e+02  1.12e+00   2.34e+02     2.19e-05   208.483s
 515000 +3.16370659e+02 +3.17489876e+02  1.12e+00   2.34e+02     2.19e-05   208.871s
 516000 +3.16371220e+02 +3.17488736e+02  1.12e+00   2.34e+02     2.18e-05   209.259s
 517000 +3.16367712e+02 +3.17487892e+02  1.12e+00   2.34e+02     2.18e-05   209.651s
 518000 +3.16368609e+02 +3.17487004e+02  1.12e+00   2.34e+02     2.18e-05   210.039s
 519000 +3.16359936e+02 +3.17486625e+02  1.13e+00   2.33e+02     2.17e-05   210.426s
 520000 +3.16356947e+02 +3.17486298e+02  1.13e+00   2.33e+02     2.17e-05   210.814s
 521000 +3.16349581e+02 +3.17485605e+02  1.14e+00   2.34e+02     2.17e-05   211.202s
 522000 +3.16344817e+02 +3.17484725e+02  1.14e+00   2.34e+02     2.17e-05   211.590s
 523000 +3.16344301e+02 +3.17483933e+02  1.14e+00   2.33e+02     2.16e-05   211.978s
 524000 +3.16342421e+02 +3.17483225e+02  1.14e+00   2.34e+02     2.16e-05   212.366s
 525000 +3.16345342e+02 +3.17482187e+02  1.14e+00   2.33e+02     2.16e-05   212.753s
 526000 +3.16344256e+02 +3.17481501e+02  1.14e+00   2.33e+02     2.16e-05   213.143s
 527000 +3.16347550e+02 +3.17480842e+02  1.13e+00   2.33e+02     2.15e-05   213.533s
 528000 +3.16346885e+02 +3.17480402e+02  1.13e+00   2.34e+02     2.15e-05   213.921s
 529000 +3.16340000e+02 +3.17479826e+02  1.14e+00   2.33e+02     2.15e-05   214.309s
 530000 +3.16334712e+02 +3.17479160e+02  1.14e+00   2.33e+02     2.14e-05   214.697s
 531000 +3.16333685e+02 +3.17478326e+02  1.14e+00   2.34e+02     2.14e-05   215.085s
 532000 +3.16334344e+02 +3.17477727e+02  1.14e+00   2.33e+02     2.14e-05   215.473s
 533000 +3.16334007e+02 +3.17477245e+02  1.14e+00   2.34e+02     2.13e-05   215.860s
 534000 +3.16334312e+02 +3.17476540e+02  1.14e+00   2.35e+02     2.13e-05   216.248s
 535000 +3.16336960e+02 +3.17476184e+02  1.14e+00   2.35e+02     2.13e-05   216.636s
 536000 +3.16331596e+02 +3.17475471e+02  1.14e+00   2.34e+02     2.13e-05   217.024s
 537000 +3.16326388e+02 +3.17474750e+02  1.15e+00   2.35e+02     2.12e-05   217.412s
 538000 +3.16330625e+02 +3.17474158e+02  1.14e+00   2.35e+02     2.12e-05   217.800s
 539000 +3.16329348e+02 +3.17473604e+02  1.14e+00   2.36e+02     2.12e-05   218.188s
 540000 +3.16326807e+02 +3.17472882e+02  1.15e+00   2.35e+02     2.11e-05   218.576s
 541000 +3.16323128e+02 +3.17472328e+02  1.15e+00   2.35e+02     2.11e-05   218.964s
 542000 +3.16321231e+02 +3.17471981e+02  1.15e+00   2.36e+02     2.11e-05   219.351s
 543000 +3.16322966e+02 +3.17471293e+02  1.15e+00   2.35e+02     2.11e-05   219.739s
 544000 +3.16316145e+02 +3.17470729e+02  1.15e+00   2.36e+02     2.10e-05   220.127s
 545000 +3.16314280e+02 +3.17470407e+02  1.16e+00   2.35e+02     2.10e-05   220.514s
 546000 +3.16316799e+02 +3.17469745e+02  1.15e+00   2.36e+02     2.10e-05   220.902s
 547000 +3.16310159e+02 +3.17469291e+02  1.16e+00   2.35e+02     2.09e-05   221.295s
 548000 +3.16309042e+02 +3.17468801e+02  1.16e+00   2.35e+02     2.09e-05   221.683s
 549000 +3.16308795e+02 +3.17468436e+02  1.16e+00   2.35e+02     2.09e-05   222.070s
 550000 +3.16300289e+02 +3.17468170e+02  1.17e+00   2.34e+02     2.09e-05   222.458s
 551000 +3.16294263e+02 +3.17468151e+02  1.17e+00   2.35e+02     2.08e-05   222.846s
 552000 +3.16299442e+02 +3.17467366e+02  1.17e+00   2.35e+02     2.08e-05   223.234s
 553000 +3.16296932e+02 +3.17466584e+02  1.17e+00   2.34e+02     2.08e-05   223.622s
 554000 +3.16293855e+02 +3.17465967e+02  1.17e+00   2.34e+02     2.07e-05   224.010s
 555000 +3.16286057e+02 +3.17465122e+02  1.18e+00   2.35e+02     2.07e-05   224.398s
 556000 +3.16287810e+02 +3.17464356e+02  1.18e+00   2.34e+02     2.07e-05   224.787s
 557000 +3.16278291e+02 +3.17463420e+02  1.19e+00   2.33e+02     2.06e-05   225.178s
 558000 +3.16278906e+02 +3.17463003e+02  1.18e+00   2.33e+02     2.06e-05   225.566s
 559000 +3.16277073e+02 +3.17462485e+02  1.19e+00   2.33e+02     2.06e-05   225.954s
 560000 +3.16281160e+02 +3.17461832e+02  1.18e+00   2.34e+02     2.06e-05   226.342s
 561000 +3.16274662e+02 +3.17461396e+02  1.19e+00   2.33e+02     2.05e-05   226.730s
 562000 +3.16276687e+02 +3.17460665e+02  1.18e+00   2.33e+02     2.05e-05   227.117s
 563000 +3.16269600e+02 +3.17459930e+02  1.19e+00   2.33e+02     2.05e-05   227.505s
 564000 +3.16274204e+02 +3.17459354e+02  1.19e+00   2.33e+02     2.05e-05   227.893s
 565000 +3.16270056e+02 +3.17458755e+02  1.19e+00   2.33e+02     2.04e-05   228.281s
 566000 +3.16267797e+02 +3.17458097e+02  1.19e+00   2.33e+02     2.04e-05   228.668s
 567000 +3.16269137e+02 +3.17457580e+02  1.19e+00   2.35e+02     2.04e-05   229.056s
 568000 +3.16265756e+02 +3.17457012e+02  1.19e+00   2.33e+02     2.03e-05   229.444s
 569000 +3.16263573e+02 +3.17456589e+02  1.19e+00   2.34e+02     2.03e-05   229.832s
 570000 +3.16256080e+02 +3.17456041e+02  1.20e+00   2.34e+02     2.03e-05   230.220s
 571000 +3.16263435e+02 +3.17455464e+02  1.19e+00   2.34e+02     2.03e-05   230.608s
 572000 +3.16260869e+02 +3.17455035e+02  1.19e+00   2.33e+02     2.02e-05   230.995s
 573000 +3.16244672e+02 +3.17454526e+02  1.21e+00   2.34e+02     2.02e-05   231.383s
 574000 +3.16238163e+02 +3.17453984e+02  1.22e+00   2.33e+02     2.02e-05   231.771s
 575000 +3.16236811e+02 +3.17453580e+02  1.22e+00   2.34e+02     2.01e-05   232.159s
 576000 +3.16241066e+02 +3.17453149e+02  1.21e+00   2.34e+02     2.01e-05   232.547s
 577000 +3.16239542e+02 +3.17452709e+02  1.21e+00   2.33e+02     2.01e-05   232.935s
 578000 +3.16234664e+02 +3.17452364e+02  1.22e+00   2.33e+02     2.01e-05   233.323s
 579000 +3.16233947e+02 +3.17451872e+02  1.22e+00   2.32e+02     2.00e-05   233.710s
 580000 +3.16229583e+02 +3.17451400e+02  1.22e+00   2.33e+02     2.00e-05   234.103s
 581000 +3.16235931e+02 +3.17450799e+02  1.21e+00   2.33e+02     2.00e-05   234.491s
 582000 +3.16230968e+02 +3.17450416e+02  1.22e+00   2.33e+02     2.00e-05   234.879s
 583000 +3.16222357e+02 +3.17449621e+02  1.23e+00   2.33e+02     1.99e-05   235.266s
 584000 +3.16224392e+02 +3.17448913e+02  1.22e+00   2.32e+02     1.99e-05   235.655s
 585000 +3.16219642e+02 +3.17448452e+02  1.23e+00   2.32e+02     1.99e-05   236.043s
 586000 +3.16218435e+02 +3.17447778e+02  1.23e+00   2.33e+02     1.99e-05   236.431s
 587000 +3.16210202e+02 +3.17447052e+02  1.24e+00   2.33e+02     1.99e-05   236.819s
 588000 +3.16215416e+02 +3.17446656e+02  1.23e+00   2.33e+02     1.98e-05   237.208s
 589000 +3.16209439e+02 +3.17446282e+02  1.24e+00   2.33e+02     1.98e-05   237.598s
 590000 +3.16204137e+02 +3.17445840e+02  1.24e+00   2.33e+02     1.98e-05   237.988s
 591000 +3.16205848e+02 +3.17445450e+02  1.24e+00   2.33e+02     1.98e-05   238.376s
 592000 +3.16195540e+02 +3.17445220e+02  1.25e+00   2.32e+02     1.98e-05   238.764s
 593000 +3.16200611e+02 +3.17444957e+02  1.24e+00   2.33e+02     1.97e-05   239.151s
 594000 +3.16199198e+02 +3.17444369e+02  1.25e+00   2.34e+02     1.97e-05   239.539s
 595000 +3.16195333e+02 +3.17444150e+02  1.25e+00   2.33e+02     1.97e-05   239.928s
 596000 +3.16193461e+02 +3.17443757e+02  1.25e+00   2.33e+02     1.97e-05   240.315s
 597000 +3.16195147e+02 +3.17442588e+02  1.25e+00   2.32e+02     1.96e-05   240.703s
 598000 +3.16191336e+02 +3.17441861e+02  1.25e+00   2.34e+02     1.96e-05   241.091s
 599000 +3.16189454e+02 +3.17441332e+02  1.25e+00   2.34e+02     1.96e-05   241.479s
 600000 +3.16193671e+02 +3.17440579e+02  1.25e+00   2.33e+02     1.96e-05   241.867s
 601000 +3.16186953e+02 +3.17439976e+02  1.25e+00   2.32e+02     1.96e-05   242.255s
 602000 +3.16195942e+02 +3.17439738e+02  1.24e+00   2.33e+02     1.95e-05   242.643s
 603000 +3.16187810e+02 +3.17439599e+02  1.25e+00   2.32e+02     1.95e-05   243.031s
 604000 +3.16181098e+02 +3.17439535e+02  1.26e+00   2.31e+02     1.95e-05   243.420s
 605000 +3.16180545e+02 +3.17439271e+02  1.26e+00   2.31e+02     1.95e-05   243.808s
 606000 +3.16186773e+02 +3.17438970e+02  1.25e+00   2.31e+02     1.95e-05   244.196s
 607000 +3.16185498e+02 +3.17438565e+02  1.25e+00   2.31e+02     1.94e-05   244.585s
 608000 +3.16183777e+02 +3.17438181e+02  1.25e+00   2.30e+02     1.94e-05   244.973s
 609000 +3.16187127e+02 +3.17437788e+02  1.25e+00   2.30e+02     1.94e-05   245.360s
 610000 +3.16185522e+02 +3.17437324e+02  1.25e+00   2.30e+02     1.94e-05   245.748s
 611000 +3.16188434e+02 +3.17436824e+02  1.25e+00   2.30e+02     1.94e-05   246.136s
 612000 +3.16192401e+02 +3.17436248e+02  1.24e+00   2.31e+02     1.93e-05   246.524s
 613000 +3.16175821e+02 +3.17435762e+02  1.26e+00   2.30e+02     1.93e-05   246.912s
 614000 +3.16177303e+02 +3.17435411e+02  1.26e+00   2.30e+02     1.93e-05   247.300s
 615000 +3.16181436e+02 +3.17435335e+02  1.25e+00   2.31e+02     1.93e-05   247.688s
 616000 +3.16177513e+02 +3.17435317e+02  1.26e+00   2.31e+02     1.93e-05   248.076s
 617000 +3.16177349e+02 +3.17435325e+02  1.26e+00   2.31e+02     1.92e-05   248.464s
 618000 +3.16179398e+02 +3.17435090e+02  1.26e+00   2.31e+02     1.92e-05   248.852s
 619000 +3.16177995e+02 +3.17435188e+02  1.26e+00   2.31e+02     1.92e-05   249.240s
 620000 +3.16163831e+02 +3.17434816e+02  1.27e+00   2.31e+02     1.92e-05   249.628s
 621000 +3.16167160e+02 +3.17434746e+02  1.27e+00   2.31e+02     1.92e-05   250.016s
 622000 +3.16167510e+02 +3.17434319e+02  1.27e+00   2.31e+02     1.92e-05   250.404s
 623000 +3.16166517e+02 +3.17433665e+02  1.27e+00   2.31e+02     1.91e-05   250.792s
 624000 +3.16164522e+02 +3.17433319e+02  1.27e+00   2.31e+02     1.91e-05   251.180s
 625000 +3.16159082e+02 +3.17432893e+02  1.27e+00   2.31e+02     1.91e-05   251.567s
 626000 +3.16159056e+02 +3.17432676e+02  1.27e+00   2.31e+02     1.91e-05   251.955s
 627000 +3.16148742e+02 +3.17432600e+02  1.28e+00   2.31e+02     1.91e-05   252.344s
 628000 +3.16151139e+02 +3.17432747e+02  1.28e+00   2.31e+02     1.90e-05   252.731s
 629000 +3.16143483e+02 +3.17432689e+02  1.29e+00   2.30e+02     1.90e-05   253.119s
 630000 +3.16149154e+02 +3.17432750e+02  1.28e+00   2.31e+02     1.90e-05   253.507s
 631000 +3.16149609e+02 +3.17432738e+02  1.28e+00   2.31e+02     1.90e-05   253.895s
 632000 +3.16148234e+02 +3.17432378e+02  1.28e+00   2.31e+02     1.90e-05   254.283s
 633000 +3.16149680e+02 +3.17431969e+02  1.28e+00   2.32e+02     1.90e-05   254.671s
 634000 +3.16136979e+02 +3.17431365e+02  1.29e+00   2.31e+02     1.89e-05   255.059s
 635000 +3.16135370e+02 +3.17430860e+02  1.30e+00   2.31e+02     1.89e-05   255.447s
 636000 +3.16133917e+02 +3.17430216e+02  1.30e+00   2.31e+02     1.89e-05   255.835s
 637000 +3.16130344e+02 +3.17429647e+02  1.30e+00   2.31e+02     1.89e-05   256.223s
 638000 +3.16133362e+02 +3.17429080e+02  1.30e+00   2.31e+02     1.89e-05   256.611s
 639000 +3.16132132e+02 +3.17428700e+02  1.30e+00   2.31e+02     1.89e-05   256.999s
 640000 +3.16126201e+02 +3.17428236e+02  1.30e+00   2.30e+02     1.88e-05   257.387s
 641000 +3.16125309e+02 +3.17427918e+02  1.30e+00   2.31e+02     1.88e-05   257.775s
 642000 +3.16126505e+02 +3.17427560e+02  1.30e+00   2.32e+02     1.88e-05   258.163s
 643000 +3.16128672e+02 +3.17427501e+02  1.30e+00   2.32e+02     1.88e-05   258.551s
 644000 +3.16126717e+02 +3.17427223e+02  1.30e+00   2.32e+02     1.87e-05   258.939s
 645000 +3.16127904e+02 +3.17426696e+02  1.30e+00   2.33e+02     1.87e-05   259.327s
 646000 +3.16128589e+02 +3.17426286e+02  1.30e+00   2.33e+02     1.87e-05   259.715s
 647000 +3.16129478e+02 +3.17426102e+02  1.30e+00   2.33e+02     1.87e-05   260.103s
 648000 +3.16128241e+02 +3.17425780e+02  1.30e+00   2.33e+02     1.87e-05   260.491s
 649000 +3.16126002e+02 +3.17425590e+02  1.30e+00   2.33e+02     1.87e-05   260.879s
 650000 +3.16120559e+02 +3.17425511e+02  1.30e+00   2.33e+02     1.86e-05   261.267s
 651000 +3.16126675e+02 +3.17425538e+02  1.30e+00   2.34e+02     1.86e-05   261.655s
 652000 +3.16119979e+02 +3.17425165e+02  1.31e+00   2.34e+02     1.86e-05   262.043s
 653000 +3.16124354e+02 +3.17424982e+02  1.30e+00   2.33e+02     1.86e-05   262.431s
 654000 +3.16123763e+02 +3.17424654e+02  1.30e+00   2.33e+02     1.86e-05   262.819s
 655000 +3.16119767e+02 +3.17424033e+02  1.30e+00   2.33e+02     1.86e-05   263.207s
 656000 +3.16114171e+02 +3.17423834e+02  1.31e+00   2.33e+02     1.85e-05   263.595s
 657000 +3.16119012e+02 +3.17423462e+02  1.30e+00   2.34e+02     1.85e-05   263.983s
 658000 +3.16116466e+02 +3.17423323e+02  1.31e+00   2.33e+02     1.85e-05   264.371s
 659000 +3.16112115e+02 +3.17423272e+02  1.31e+00   2.34e+02     1.85e-05   264.759s
 660000 +3.16109871e+02 +3.17423318e+02  1.31e+00   2.35e+02     1.85e-05   265.147s
 661000 +3.16103857e+02 +3.17423183e+02  1.32e+00   2.34e+02     1.85e-05   265.535s
 662000 +3.16101437e+02 +3.17423207e+02  1.32e+00   2.35e+02     1.84e-05   265.923s
 663000 +3.16098545e+02 +3.17423101e+02  1.32e+00   2.35e+02     1.84e-05   266.311s
 664000 +3.16101581e+02 +3.17422905e+02  1.32e+00   2.34e+02     1.84e-05   266.699s
 665000 +3.16098904e+02 +3.17422836e+02  1.32e+00   2.35e+02     1.84e-05   267.087s
 666000 +3.16098473e+02 +3.17422446e+02  1.32e+00   2.36e+02     1.84e-05   267.475s
 667000 +3.16099843e+02 +3.17422135e+02  1.32e+00   2.35e+02     1.84e-05   267.863s
 668000 +3.16103927e+02 +3.17421763e+02  1.32e+00   2.35e+02     1.83e-05   268.251s
 669000 +3.16104173e+02 +3.17420963e+02  1.32e+00   2.36e+02     1.83e-05   268.638s
 670000 +3.16098212e+02 +3.17420569e+02  1.32e+00   2.36e+02     1.83e-05   269.026s
 671000 +3.16098419e+02 +3.17420217e+02  1.32e+00   2.36e+02     1.83e-05   269.415s
 672000 +3.16096688e+02 +3.17419762e+02  1.32e+00   2.37e+02     1.83e-05   269.802s
 673000 +3.16094671e+02 +3.17419406e+02  1.32e+00   2.35e+02     1.83e-05   270.191s
 674000 +3.16094363e+02 +3.17419292e+02  1.32e+00   2.36e+02     1.82e-05   270.579s
 675000 +3.16088912e+02 +3.17419120e+02  1.33e+00   2.36e+02     1.82e-05   270.967s
 676000 +3.16092302e+02 +3.17418638e+02  1.33e+00   2.36e+02     1.82e-05   271.355s
 677000 +3.16088602e+02 +3.17418211e+02  1.33e+00   2.38e+02     1.82e-05   271.743s
 678000 +3.16082776e+02 +3.17418046e+02  1.34e+00   2.36e+02     1.82e-05   272.131s
 679000 +3.16085575e+02 +3.17417737e+02  1.33e+00   2.36e+02     1.82e-05   272.519s
 680000 +3.16083540e+02 +3.17417242e+02  1.33e+00   2.36e+02     1.81e-05   272.907s
 681000 +3.16089709e+02 +3.17416949e+02  1.33e+00   2.37e+02     1.81e-05   273.295s
 682000 +3.16087332e+02 +3.17416631e+02  1.33e+00   2.38e+02     1.81e-05   273.683s
 683000 +3.16085682e+02 +3.17416105e+02  1.33e+00   2.37e+02     1.81e-05   274.072s
 684000 +3.16082094e+02 +3.17415863e+02  1.33e+00   2.39e+02     1.81e-05   274.460s
 685000 +3.16079931e+02 +3.17415636e+02  1.34e+00   2.37e+02     1.81e-05   274.848s
 686000 +3.16078344e+02 +3.17415502e+02  1.34e+00   2.38e+02     1.81e-05   275.236s
 687000 +3.16072826e+02 +3.17415273e+02  1.34e+00   2.37e+02     1.81e-05   275.624s
 688000 +3.16072027e+02 +3.17414929e+02  1.34e+00   2.36e+02     1.80e-05   276.012s
 689000 +3.16073524e+02 +3.17414553e+02  1.34e+00   2.37e+02     1.80e-05   276.400s
 690000 +3.16081480e+02 +3.17414209e+02  1.33e+00   2.38e+02     1.80e-05   276.794s
 691000 +3.16074921e+02 +3.17414047e+02  1.34e+00   2.38e+02     1.80e-05   277.182s
 692000 +3.16073188e+02 +3.17413654e+02  1.34e+00   2.39e+02     1.80e-05   277.571s
 693000 +3.16075122e+02 +3.17413320e+02  1.34e+00   2.38e+02     1.80e-05   277.959s
 694000 +3.16076892e+02 +3.17412953e+02  1.34e+00   2.36e+02     1.80e-05   278.347s
 695000 +3.16078995e+02 +3.17412927e+02  1.33e+00   2.36e+02     1.79e-05   278.735s
 696000 +3.16083024e+02 +3.17412971e+02  1.33e+00   2.36e+02     1.79e-05   279.124s
 697000 +3.16082075e+02 +3.17412872e+02  1.33e+00   2.37e+02     1.79e-05   279.512s
 698000 +3.16079542e+02 +3.17412842e+02  1.33e+00   2.37e+02     1.79e-05   279.901s
 699000 +3.16077554e+02 +3.17412979e+02  1.34e+00   2.37e+02     1.79e-05   280.290s
 700000 +3.16080997e+02 +3.17413007e+02  1.33e+00   2.37e+02     1.78e-05   280.681s
 701000 +3.16085194e+02 +3.17413020e+02  1.33e+00   2.37e+02     1.78e-05   281.068s
 702000 +3.16105864e+02 +3.17412758e+02  1.31e+00   2.39e+02     1.78e-05   281.457s
 703000 +3.16101156e+02 +3.17412473e+02  1.31e+00   2.39e+02     1.78e-05   281.844s
 704000 +3.16096112e+02 +3.17412198e+02  1.32e+00   2.38e+02     1.78e-05   282.232s
 705000 +3.16090445e+02 +3.17411955e+02  1.32e+00   2.39e+02     1.78e-05   282.620s
 706000 +3.16089586e+02 +3.17411735e+02  1.32e+00   2.39e+02     1.78e-05   283.008s
 707000 +3.16086232e+02 +3.17411546e+02  1.33e+00   2.38e+02     1.78e-05   283.395s
 708000 +3.16083248e+02 +3.17411354e+02  1.33e+00   2.38e+02     1.77e-05   283.783s
 709000 +3.16076815e+02 +3.17411188e+02  1.33e+00   2.37e+02     1.77e-05   284.170s
 710000 +3.16072176e+02 +3.17410987e+02  1.34e+00   2.37e+02     1.77e-05   284.558s
 711000 +3.16066662e+02 +3.17410808e+02  1.34e+00   2.36e+02     1.77e-05   284.946s
 712000 +3.16064313e+02 +3.17410626e+02  1.35e+00   2.36e+02     1.77e-05   285.334s
 713000 +3.16058310e+02 +3.17410462e+02  1.35e+00   2.36e+02     1.77e-05   285.722s
 714000 +3.16057263e+02 +3.17410260e+02  1.35e+00   2.36e+02     1.77e-05   286.109s
 715000 +3.16055787e+02 +3.17410028e+02  1.35e+00   2.37e+02     1.77e-05   286.497s
 716000 +3.16055980e+02 +3.17380934e+02  1.32e+00   2.37e+02     1.73e-05   286.885s
 717000 +3.16050580e+02 +3.17378930e+02  1.33e+00   2.37e+02     1.73e-05   287.272s
 718000 +3.16048829e+02 +3.17377434e+02  1.33e+00   2.37e+02     1.72e-05   287.660s
 719000 +3.16040005e+02 +3.17375955e+02  1.34e+00   2.36e+02     1.72e-05   288.047s
 720000 +3.16041014e+02 +3.17374728e+02  1.33e+00   2.35e+02     1.72e-05   288.435s
 721000 +3.16034724e+02 +3.17373496e+02  1.34e+00   2.35e+02     1.72e-05   288.823s
 722000 +3.16031205e+02 +3.17372484e+02  1.34e+00   2.34e+02     1.72e-05   289.211s
 723000 +3.16025537e+02 +3.17371456e+02  1.35e+00   2.34e+02     1.72e-05   289.598s
 724000 +3.16024597e+02 +3.17370441e+02  1.35e+00   2.36e+02     1.71e-05   289.986s
 725000 +3.16020163e+02 +3.17369578e+02  1.35e+00   2.34e+02     1.71e-05   290.374s
 726000 +3.16018045e+02 +3.17368783e+02  1.35e+00   2.34e+02     1.71e-05   290.762s
 727000 +3.16013308e+02 +3.17367958e+02  1.35e+00   2.33e+02     1.71e-05   291.149s
 728000 +3.16005742e+02 +3.17367195e+02  1.36e+00   2.34e+02     1.71e-05   291.537s
 729000 +3.16005425e+02 +3.17366532e+02  1.36e+00   2.32e+02     1.71e-05   291.925s
 730000 +3.16004502e+02 +3.17365736e+02  1.36e+00   2.33e+02     1.70e-05   292.313s
 731000 +3.15998290e+02 +3.17365148e+02  1.37e+00   2.33e+02     1.70e-05   292.700s
 732000 +3.15998394e+02 +3.17364407e+02  1.37e+00   2.33e+02     1.70e-05   293.088s
 733000 +3.15993637e+02 +3.17363786e+02  1.37e+00   2.33e+02     1.70e-05   293.476s
 734000 +3.15992380e+02 +3.17363079e+02  1.37e+00   2.34e+02     1.70e-05   293.864s
 735000 +3.15988028e+02 +3.17362412e+02  1.37e+00   2.33e+02     1.70e-05   294.251s
 736000 +3.15986848e+02 +3.17361811e+02  1.37e+00   2.32e+02     1.70e-05   294.639s
 737000 +3.15987234e+02 +3.17361210e+02  1.37e+00   2.32e+02     1.69e-05   295.027s
 738000 +3.15993401e+02 +3.17360606e+02  1.37e+00   2.33e+02     1.69e-05   295.414s
 739000 +3.15981474e+02 +3.17360063e+02  1.38e+00   2.34e+02     1.69e-05   295.802s
 740000 +3.15981862e+02 +3.17359493e+02  1.38e+00   2.33e+02     1.69e-05   296.190s
 741000 +3.15977125e+02 +3.17358862e+02  1.38e+00   2.33e+02     1.69e-05   296.578s
 742000 +3.15971958e+02 +3.17358297e+02  1.39e+00   2.32e+02     1.69e-05   296.966s
 743000 +3.15964722e+02 +3.17357698e+02  1.39e+00   2.33e+02     1.68e-05   297.353s
 744000 +3.15958333e+02 +3.17357238e+02  1.40e+00   2.32e+02     1.68e-05   297.741s
 745000 +3.15955219e+02 +3.17356772e+02  1.40e+00   2.32e+02     1.68e-05   298.129s
 746000 +3.15951425e+02 +3.17356249e+02  1.40e+00   2.32e+02     1.68e-05   298.516s
 747000 +3.15946255e+02 +3.17355783e+02  1.41e+00   2.33e+02     1.68e-05   298.904s
 748000 +3.15944061e+02 +3.17355325e+02  1.41e+00   2.32e+02     1.68e-05   299.292s
 749000 +3.15944931e+02 +3.17354849e+02  1.41e+00   2.33e+02     1.68e-05   299.680s
 750000 +3.15934580e+02 +3.17354432e+02  1.42e+00   2.33e+02     1.67e-05   300.068s
 751000 +3.15925702e+02 +3.17354070e+02  1.43e+00   2.33e+02     1.67e-05   300.455s
 752000 +3.15924579e+02 +3.17353739e+02  1.43e+00   2.33e+02     1.67e-05   300.843s
 753000 +3.15924919e+02 +3.17353377e+02  1.43e+00   2.33e+02     1.67e-05   301.231s
 754000 +3.15913225e+02 +3.17353067e+02  1.44e+00   2.32e+02     1.67e-05   301.618s
 755000 +3.15911384e+02 +3.17352634e+02  1.44e+00   2.34e+02     1.67e-05   302.006s
 756000 +3.15910556e+02 +3.17352246e+02  1.44e+00   2.34e+02     1.66e-05   302.394s
 757000 +3.15905059e+02 +3.17351771e+02  1.45e+00   2.33e+02     1.66e-05   302.782s
 758000 +3.15894966e+02 +3.17351300e+02  1.46e+00   2.31e+02     1.66e-05   303.170s
 759000 +3.15889464e+02 +3.17350834e+02  1.46e+00   2.32e+02     1.66e-05   303.558s
 760000 +3.15888723e+02 +3.17350215e+02  1.46e+00   2.33e+02     1.66e-05   303.946s
 761000 +3.15877351e+02 +3.17349621e+02  1.47e+00   2.32e+02     1.66e-05   304.334s
 762000 +3.15883808e+02 +3.17349040e+02  1.47e+00   2.33e+02     1.65e-05   304.722s
 763000 +3.15883940e+02 +3.17348528e+02  1.46e+00   2.34e+02     1.65e-05   305.109s
 764000 +3.15876646e+02 +3.17348049e+02  1.47e+00   2.32e+02     1.65e-05   305.497s
 765000 +3.15883308e+02 +3.17347542e+02  1.46e+00   2.33e+02     1.65e-05   305.885s
 766000 +3.15879563e+02 +3.17347116e+02  1.47e+00   2.35e+02     1.65e-05   306.273s
 767000 +3.15868706e+02 +3.17346639e+02  1.48e+00   2.33e+02     1.65e-05   306.660s
 768000 +3.15870867e+02 +3.17346153e+02  1.48e+00   2.35e+02     1.65e-05   307.048s
 769000 +3.15868678e+02 +3.17345670e+02  1.48e+00   2.35e+02     1.64e-05   307.436s
 770000 +3.15863189e+02 +3.17345299e+02  1.48e+00   2.35e+02     1.64e-05   307.824s
 771000 +3.15870843e+02 +3.17344819e+02  1.47e+00   2.35e+02     1.64e-05   308.211s
 772000 +3.15865350e+02 +3.17344366e+02  1.48e+00   2.36e+02     1.64e-05   308.599s
 773000 +3.15859559e+02 +3.17344007e+02  1.48e+00   2.35e+02     1.64e-05   308.987s
 774000 +3.15857973e+02 +3.17343532e+02  1.49e+00   2.37e+02     1.63e-05   309.375s
 775000 +3.15854031e+02 +3.17342103e+02  1.49e+00   2.37e+02     1.63e-05   309.762s
 776000 +3.15854646e+02 +3.17341094e+02  1.49e+00   2.35e+02     1.63e-05   310.150s
 777000 +3.15847838e+02 +3.17340263e+02  1.49e+00   2.36e+02     1.63e-05   310.538s
 778000 +3.15851473e+02 +3.17339740e+02  1.49e+00   2.37e+02     1.63e-05   310.926s
 779000 +3.15848327e+02 +3.17339249e+02  1.49e+00   2.36e+02     1.63e-05   311.314s
 780000 +3.15848000e+02 +3.17338603e+02  1.49e+00   2.39e+02     1.62e-05   311.702s
 781000 +3.15843400e+02 +3.17337830e+02  1.49e+00   2.42e+02     1.62e-05   312.090s
 782000 +3.15842050e+02 +3.17337205e+02  1.50e+00   2.38e+02     1.62e-05   312.477s
 783000 +3.15836449e+02 +3.17336633e+02  1.50e+00   2.41e+02     1.62e-05   312.865s
 784000 +3.15829885e+02 +3.17336009e+02  1.51e+00   2.43e+02     1.62e-05   313.253s
 785000 +3.15824780e+02 +3.17335280e+02  1.51e+00   2.43e+02     1.61e-05   313.641s
 786000 +3.15820460e+02 +3.17334515e+02  1.51e+00   2.44e+02     1.61e-05   314.029s
 787000 +3.15819260e+02 +3.17333975e+02  1.51e+00   2.41e+02     1.61e-05   314.417s
 788000 +3.15815169e+02 +3.17333280e+02  1.52e+00   2.39e+02     1.61e-05   314.805s
 789000 +3.15813102e+02 +3.17332712e+02  1.52e+00   2.40e+02     1.61e-05   315.193s
 790000 +3.15818125e+02 +3.17332217e+02  1.51e+00   2.42e+02     1.60e-05   315.581s
 791000 +3.15807465e+02 +3.17331696e+02  1.52e+00   2.40e+02     1.60e-05   315.968s
 792000 +3.15801475e+02 +3.17331146e+02  1.53e+00   2.40e+02     1.60e-05   316.356s
 793000 +3.15803735e+02 +3.17330645e+02  1.53e+00   2.39e+02     1.60e-05   316.744s
 794000 +3.15798961e+02 +3.17330118e+02  1.53e+00   2.44e+02     1.60e-05   317.132s
 795000 +3.15793129e+02 +3.17329639e+02  1.54e+00   2.45e+02     1.60e-05   317.519s
 796000 +3.15798987e+02 +3.17329140e+02  1.53e+00   2.45e+02     1.59e-05   317.907s
 797000 +3.15795473e+02 +3.17328592e+02  1.53e+00   2.42e+02     1.59e-05   318.295s
 798000 +3.15797515e+02 +3.17327902e+02  1.53e+00   2.46e+02     1.59e-05   318.682s
 799000 +3.15796556e+02 +3.17327259e+02  1.53e+00   2.46e+02     1.59e-05   319.070s
 800000 +3.15792145e+02 +3.17326538e+02  1.53e+00   2.45e+02     1.59e-05   319.458s
 801000 +3.15791136e+02 +3.17325774e+02  1.53e+00   2.46e+02     1.59e-05   319.846s
 802000 +3.15791544e+02 +3.17324932e+02  1.53e+00   2.45e+02     1.58e-05   320.234s
 803000 +3.15794791e+02 +3.17324197e+02  1.53e+00   2.45e+02     1.58e-05   320.622s
 804000 +3.15791466e+02 +3.17323544e+02  1.53e+00   2.47e+02     1.58e-05   321.010s
 805000 +3.15782191e+02 +3.17322786e+02  1.54e+00   2.47e+02     1.58e-05   321.397s
 806000 +3.15786026e+02 +3.17322055e+02  1.54e+00   2.47e+02     1.58e-05   321.785s
 807000 +3.15791372e+02 +3.17321554e+02  1.53e+00   2.49e+02     1.57e-05   322.173s
 808000 +3.15793643e+02 +3.17321017e+02  1.53e+00   2.46e+02     1.57e-05   322.561s
 809000 +3.15787542e+02 +3.17320579e+02  1.53e+00   2.43e+02     1.57e-05   322.949s
 810000 +3.15779556e+02 +3.17319997e+02  1.54e+00   2.43e+02     1.57e-05   323.337s
 811000 +3.15782480e+02 +3.17319726e+02  1.54e+00   2.45e+02     1.57e-05   323.725s
 812000 +3.15775994e+02 +3.17319287e+02  1.54e+00   2.44e+02     1.57e-05   324.112s
 813000 +3.15780767e+02 +3.17318665e+02  1.54e+00   2.42e+02     1.56e-05   324.500s
 814000 +3.15782428e+02 +3.17318221e+02  1.54e+00   2.43e+02     1.56e-05   324.888s
 815000 +3.15773114e+02 +3.17317598e+02  1.54e+00   2.42e+02     1.56e-05   325.276s
 816000 +3.15769886e+02 +3.17316809e+02  1.55e+00   2.44e+02     1.56e-05   325.664s
 817000 +3.15757641e+02 +3.17316090e+02  1.56e+00   2.46e+02     1.56e-05   326.051s
 818000 +3.15755817e+02 +3.17315300e+02  1.56e+00   2.44e+02     1.56e-05   326.439s
 819000 +3.15745087e+02 +3.17314486e+02  1.57e+00   2.44e+02     1.55e-05   326.828s
 820000 +3.15740433e+02 +3.17313559e+02  1.57e+00   2.44e+02     1.55e-05   327.216s
 821000 +3.15743575e+02 +3.17312750e+02  1.57e+00   2.48e+02     1.55e-05   327.603s
 822000 +3.15735517e+02 +3.17309680e+02  1.57e+00   2.45e+02     1.55e-05   327.991s
 823000 +3.15726661e+02 +3.17309175e+02  1.58e+00   2.45e+02     1.55e-05   328.379s
 824000 +3.15725746e+02 +3.17308603e+02  1.58e+00   2.46e+02     1.54e-05   328.767s
 825000 +3.15712614e+02 +3.17308264e+02  1.60e+00   2.44e+02     1.54e-05   329.155s
 826000 +3.15708482e+02 +3.17307719e+02  1.60e+00   2.48e+02     1.54e-05   329.543s
 827000 +3.15708090e+02 +3.17307141e+02  1.60e+00   2.44e+02     1.54e-05   329.931s
 828000 +3.15705444e+02 +3.17306504e+02  1.60e+00   2.45e+02     1.54e-05   330.319s
 829000 +3.15700770e+02 +3.17305746e+02  1.60e+00   2.47e+02     1.53e-05   330.707s
 830000 +3.15691395e+02 +3.17305068e+02  1.61e+00   2.48e+02     1.53e-05   331.095s
 831000 +3.15685160e+02 +3.17304582e+02  1.62e+00   2.46e+02     1.53e-05   331.482s
 832000 +3.15690219e+02 +3.17304131e+02  1.61e+00   2.48e+02     1.53e-05   331.870s
 833000 +3.15686437e+02 +3.17303536e+02  1.62e+00   2.45e+02     1.53e-05   332.258s
 834000 +3.15688865e+02 +3.17302811e+02  1.61e+00   2.46e+02     1.52e-05   332.646s
 835000 +3.15685508e+02 +3.17302146e+02  1.62e+00   2.41e+02     1.52e-05   333.034s
 836000 +3.15685903e+02 +3.17301544e+02  1.62e+00   2.39e+02     1.52e-05   333.422s
 837000 +3.15690929e+02 +3.17300718e+02  1.61e+00   2.43e+02     1.52e-05   333.810s
 838000 +3.15690104e+02 +3.17300060e+02  1.61e+00   2.41e+02     1.52e-05   334.197s
 839000 +3.15685882e+02 +3.17299292e+02  1.61e+00   2.45e+02     1.51e-05   334.585s
 840000 +3.15675013e+02 +3.17298569e+02  1.62e+00   2.44e+02     1.51e-05   334.973s
 841000 +3.15688178e+02 +3.17297826e+02  1.61e+00   2.49e+02     1.51e-05   335.361s
 842000 +3.15682035e+02 +3.17297088e+02  1.62e+00   2.49e+02     1.51e-05   335.749s
 843000 +3.15677871e+02 +3.17296290e+02  1.62e+00   2.48e+02     1.51e-05   336.136s
 844000 +3.15677269e+02 +3.17295422e+02  1.62e+00   2.50e+02     1.50e-05   336.524s
 845000 +3.15678784e+02 +3.17294663e+02  1.62e+00   2.49e+02     1.50e-05   336.912s
 846000 +3.15676553e+02 +3.17293638e+02  1.62e+00   2.53e+02     1.50e-05   337.300s
 847000 +3.15676923e+02 +3.17292748e+02  1.62e+00   2.55e+02     1.50e-05   337.688s
 848000 +3.15678002e+02 +3.17291956e+02  1.61e+00   2.56e+02     1.50e-05   338.076s
 849000 +3.15672485e+02 +3.17291282e+02  1.62e+00   2.54e+02     1.50e-05   338.464s
 850000 +3.15671448e+02 +3.17290375e+02  1.62e+00   2.55e+02     1.49e-05   338.852s
 851000 +3.15673450e+02 +3.17289456e+02  1.62e+00   2.58e+02     1.49e-05   339.240s
 852000 +3.15659856e+02 +3.17288606e+02  1.63e+00   2.60e+02     1.49e-05   339.628s
 853000 +3.15665103e+02 +3.17287872e+02  1.62e+00   2.59e+02     1.49e-05   340.016s
 854000 +3.15659820e+02 +3.17287100e+02  1.63e+00   2.58e+02     1.49e-05   340.404s
 855000 +3.15658632e+02 +3.17286285e+02  1.63e+00   2.61e+02     1.48e-05   340.791s
 856000 +3.15656623e+02 +3.17285567e+02  1.63e+00   2.58e+02     1.48e-05   341.180s
 857000 +3.15654762e+02 +3.17284767e+02  1.63e+00   2.56e+02     1.48e-05   341.567s
 858000 +3.15654609e+02 +3.17283844e+02  1.63e+00   2.55e+02     1.48e-05   341.955s
 859000 +3.15645407e+02 +3.17282925e+02  1.64e+00   2.54e+02     1.48e-05   342.343s
 860000 +3.15639841e+02 +3.17282076e+02  1.64e+00   2.54e+02     1.47e-05   342.731s
 861000 +3.15641869e+02 +3.17281239e+02  1.64e+00   2.54e+02     1.47e-05   343.119s
 862000 +3.15643744e+02 +3.17280308e+02  1.64e+00   2.58e+02     1.47e-05   343.507s
 863000 +3.15640557e+02 +3.17279432e+02  1.64e+00   2.54e+02     1.47e-05   343.895s
 864000 +3.15641159e+02 +3.17278615e+02  1.64e+00   2.53e+02     1.46e-05   344.283s
 865000 +3.15635058e+02 +3.17277766e+02  1.64e+00   2.55e+02     1.46e-05   344.671s
 866000 +3.15629519e+02 +3.17276903e+02  1.65e+00   2.56e+02     1.46e-05   345.059s
 867000 +3.15621587e+02 +3.17275972e+02  1.65e+00   2.56e+02     1.46e-05   345.448s
 868000 +3.15625073e+02 +3.17275151e+02  1.65e+00   2.57e+02     1.46e-05   345.835s
 869000 +3.15620000e+02 +3.17274268e+02  1.65e+00   2.59e+02     1.46e-05   346.223s
 870000 +3.15618512e+02 +3.17273320e+02  1.65e+00   2.61e+02     1.45e-05   346.611s
 871000 +3.15617412e+02 +3.17272283e+02  1.65e+00   2.60e+02     1.45e-05   346.999s
 872000 +3.15620893e+02 +3.17271454e+02  1.65e+00   2.63e+02     1.45e-05   347.388s
 873000 +3.15621927e+02 +3.17270453e+02  1.65e+00   2.62e+02     1.45e-05   347.775s
 874000 +3.15618491e+02 +3.17269533e+02  1.65e+00   2.60e+02     1.44e-05   348.163s
 875000 +3.15619507e+02 +3.17268641e+02  1.65e+00   2.67e+02     1.44e-05   348.551s
 876000 +3.15622205e+02 +3.17267735e+02  1.65e+00   2.67e+02     1.44e-05   348.939s
 877000 +3.15615033e+02 +3.17266865e+02  1.65e+00   2.68e+02     1.44e-05   349.327s
 878000 +3.15614647e+02 +3.17265874e+02  1.65e+00   2.71e+02     1.44e-05   349.715s
 879000 +3.15617643e+02 +3.17264946e+02  1.65e+00   2.74e+02     1.43e-05   350.103s
 880000 +3.15619174e+02 +3.17264123e+02  1.64e+00   2.67e+02     1.43e-05   350.491s
 881000 +3.15614396e+02 +3.17263079e+02  1.65e+00   2.70e+02     1.43e-05   350.879s
 882000 +3.15611527e+02 +3.17262068e+02  1.65e+00   2.73e+02     1.43e-05   351.267s
 883000 +3.15607824e+02 +3.17261084e+02  1.65e+00   2.67e+02     1.43e-05   351.655s
 884000 +3.15608670e+02 +3.17260099e+02  1.65e+00   2.63e+02     1.42e-05   352.043s
 885000 +3.15604165e+02 +3.17259117e+02  1.65e+00   2.62e+02     1.42e-05   352.431s
 886000 +3.15606360e+02 +3.17258039e+02  1.65e+00   2.64e+02     1.42e-05   352.819s
 887000 +3.15596206e+02 +3.17257123e+02  1.66e+00   2.64e+02     1.42e-05   353.207s
 888000 +3.15595102e+02 +3.17256162e+02  1.66e+00   2.62e+02     1.41e-05   353.595s
 889000 +3.15592845e+02 +3.17255263e+02  1.66e+00   2.61e+02     1.41e-05   353.983s
 890000 +3.15592778e+02 +3.17254391e+02  1.66e+00   2.62e+02     1.41e-05   354.371s
 891000 +3.15590324e+02 +3.17253399e+02  1.66e+00   2.59e+02     1.41e-05   354.759s
 892000 +3.15588197e+02 +3.17252496e+02  1.66e+00   2.63e+02     1.40e-05   355.147s
 893000 +3.15578551e+02 +3.17251516e+02  1.67e+00   2.71e+02     1.40e-05   355.535s
 894000 +3.15577338e+02 +3.17250518e+02  1.67e+00   2.63e+02     1.40e-05   355.923s
 895000 +3.15572287e+02 +3.17249753e+02  1.68e+00   2.69e+02     1.40e-05   356.311s
 896000 +3.15569246e+02 +3.17248717e+02  1.68e+00   2.65e+02     1.40e-05   356.699s
 897000 +3.15570097e+02 +3.17247661e+02  1.68e+00   2.69e+02     1.39e-05   357.087s
 898000 +3.15558239e+02 +3.17246670e+02  1.69e+00   2.70e+02     1.39e-05   357.475s
 899000 +3.15556661e+02 +3.17245523e+02  1.69e+00   2.69e+02     1.39e-05   357.863s
 900000 +3.15553500e+02 +3.17244489e+02  1.69e+00   2.77e+02     1.39e-05   358.251s
 901000 +3.15546159e+02 +3.17243450e+02  1.70e+00   2.72e+02     1.38e-05   358.639s
 902000 +3.15544819e+02 +3.17242357e+02  1.70e+00   2.74e+02     1.38e-05   359.027s
 903000 +3.15545292e+02 +3.17241322e+02  1.70e+00   2.74e+02     1.38e-05   359.414s
 904000 +3.15546935e+02 +3.17240118e+02  1.69e+00   2.72e+02     1.38e-05   359.802s
 905000 +3.15541974e+02 +3.17238944e+02  1.70e+00   2.69e+02     1.38e-05   360.190s
 906000 +3.15546123e+02 +3.17237906e+02  1.69e+00   2.72e+02     1.37e-05   360.578s
 907000 +3.15537913e+02 +3.17236930e+02  1.70e+00   2.74e+02     1.37e-05   360.966s
 908000 +3.15535803e+02 +3.17235888e+02  1.70e+00   2.76e+02     1.37e-05   361.354s
 909000 +3.15533284e+02 +3.17234822e+02  1.70e+00   2.76e+02     1.37e-05   361.742s
 910000 +3.15530710e+02 +3.17233845e+02  1.70e+00   2.77e+02     1.36e-05   362.130s
 911000 +3.15531161e+02 +3.17232685e+02  1.70e+00   2.78e+02     1.36e-05   362.518s
 912000 +3.15527687e+02 +3.17231387e+02  1.70e+00   2.78e+02     1.36e-05   362.906s
 913000 +3.15528102e+02 +3.17230111e+02  1.70e+00   2.69e+02     1.35e-05   363.294s
 914000 +3.15522279e+02 +3.17228647e+02  1.71e+00   2.73e+02     1.35e-05   363.682s
 915000 +3.15517094e+02 +3.17227107e+02  1.71e+00   2.77e+02     1.35e-05   364.070s
 916000 +3.15508051e+02 +3.17225619e+02  1.72e+00   2.74e+02     1.34e-05   364.458s
 917000 +3.15509631e+02 +3.17223917e+02  1.71e+00   2.78e+02     1.34e-05   364.846s
 918000 +3.15507666e+02 +3.17222366e+02  1.71e+00   2.75e+02     1.34e-05   365.234s
 919000 +3.15508304e+02 +3.17220829e+02  1.71e+00   2.76e+02     1.34e-05   365.622s
 920000 +3.15502549e+02 +3.17219403e+02  1.72e+00   2.78e+02     1.33e-05   366.010s
 921000 +3.15500063e+02 +3.17217877e+02  1.72e+00   2.77e+02     1.33e-05   366.398s
 922000 +3.15508981e+02 +3.17216674e+02  1.71e+00   2.68e+02     1.33e-05   366.786s
 923000 +3.15505328e+02 +3.17215302e+02  1.71e+00   2.73e+02     1.33e-05   367.174s
 924000 +3.15497334e+02 +3.17214296e+02  1.72e+00   2.71e+02     1.33e-05   367.562s
 925000 +3.15492931e+02 +3.17213065e+02  1.72e+00   2.75e+02     1.32e-05   367.950s
 926000 +3.15487560e+02 +3.17212052e+02  1.72e+00   2.77e+02     1.32e-05   368.338s
 927000 +3.15486641e+02 +3.17210961e+02  1.72e+00   2.73e+02     1.32e-05   368.726s
 928000 +3.15491600e+02 +3.17209966e+02  1.72e+00   2.79e+02     1.32e-05   369.114s
 929000 +3.15494152e+02 +3.17208972e+02  1.71e+00   2.84e+02     1.31e-05   369.502s
 930000 +3.15487848e+02 +3.17207921e+02  1.72e+00   2.84e+02     1.31e-05   369.890s
 931000 +3.15487994e+02 +3.17206780e+02  1.72e+00   2.87e+02     1.31e-05   370.278s
 932000 +3.15483854e+02 +3.17205617e+02  1.72e+00   2.82e+02     1.31e-05   370.666s
 933000 +3.15484032e+02 +3.17204295e+02  1.72e+00   2.86e+02     1.30e-05   371.054s
 934000 +3.15482970e+02 +3.17203135e+02  1.72e+00   2.88e+02     1.30e-05   371.442s
 935000 +3.15481489e+02 +3.17201677e+02  1.72e+00   2.84e+02     1.30e-05   371.830s
 936000 +3.15479275e+02 +3.17200533e+02  1.72e+00   2.84e+02     1.30e-05   372.218s
 937000 +3.15478348e+02 +3.17199169e+02  1.72e+00   2.84e+02     1.29e-05   372.606s
 938000 +3.15471530e+02 +3.17197888e+02  1.73e+00   2.80e+02     1.29e-05   372.994s
 939000 +3.15473155e+02 +3.17196309e+02  1.72e+00   2.82e+02     1.29e-05   373.382s
 940000 +3.15469139e+02 +3.17195188e+02  1.73e+00   2.79e+02     1.29e-05   373.771s
 941000 +3.15468422e+02 +3.17193618e+02  1.73e+00   2.81e+02     1.28e-05   374.159s
 942000 +3.15467553e+02 +3.17192419e+02  1.72e+00   2.77e+02     1.28e-05   374.547s
 943000 +3.15463763e+02 +3.17191068e+02  1.73e+00   2.73e+02     1.28e-05   374.935s
 944000 +3.15461524e+02 +3.17189917e+02  1.73e+00   2.77e+02     1.27e-05   375.323s
 945000 +3.15461759e+02 +3.17188733e+02  1.73e+00   2.75e+02     1.27e-05   375.711s
 946000 +3.15459772e+02 +3.17187527e+02  1.73e+00   2.76e+02     1.27e-05   376.100s
 947000 +3.15456888e+02 +3.17186427e+02  1.73e+00   2.74e+02     1.27e-05   376.488s
 948000 +3.15458007e+02 +3.17185202e+02  1.73e+00   2.74e+02     1.27e-05   376.876s
 949000 +3.15460544e+02 +3.17184281e+02  1.72e+00   2.75e+02     1.26e-05   377.264s
 950000 +3.15461160e+02 +3.17182980e+02  1.72e+00   2.75e+02     1.26e-05   377.652s
 951000 +3.15454648e+02 +3.17181999e+02  1.73e+00   2.74e+02     1.26e-05   378.040s
 952000 +3.15450733e+02 +3.17180683e+02  1.73e+00   2.75e+02     1.25e-05   378.428s
 953000 +3.15449334e+02 +3.17179714e+02  1.73e+00   2.74e+02     1.25e-05   378.816s
 954000 +3.15455123e+02 +3.17178179e+02  1.72e+00   2.80e+02     1.25e-05   379.204s
 955000 +3.15450841e+02 +3.17177112e+02  1.73e+00   2.71e+02     1.25e-05   379.592s
 956000 +3.15448361e+02 +3.17175631e+02  1.73e+00   2.71e+02     1.25e-05   379.980s
 957000 +3.15444852e+02 +3.17174152e+02  1.73e+00   2.75e+02     1.24e-05   380.368s
 958000 +3.15450231e+02 +3.17172697e+02  1.72e+00   2.75e+02     1.24e-05   380.756s
 959000 +3.15447675e+02 +3.17171316e+02  1.72e+00   2.81e+02     1.24e-05   381.144s
 960000 +3.15451227e+02 +3.17169885e+02  1.72e+00   2.78e+02     1.24e-05   381.532s
 961000 +3.15458893e+02 +3.17168625e+02  1.71e+00   2.78e+02     1.23e-05   381.920s
 962000 +3.15455853e+02 +3.17167380e+02  1.71e+00   2.71e+02     1.23e-05   382.308s
 963000 +3.15448981e+02 +3.17166180e+02  1.72e+00   2.72e+02     1.23e-05   382.696s
 964000 +3.15452045e+02 +3.17165169e+02  1.71e+00   2.78e+02     1.23e-05   383.085s
 965000 +3.15447365e+02 +3.17164007e+02  1.72e+00   2.80e+02     1.22e-05   383.473s
 966000 +3.15445078e+02 +3.17162995e+02  1.72e+00   2.80e+02     1.22e-05   383.861s
 967000 +3.15447046e+02 +3.17161943e+02  1.71e+00   2.88e+02     1.22e-05   384.249s
 968000 +3.15448031e+02 +3.17160902e+02  1.71e+00   2.81e+02     1.22e-05   384.637s
 969000 +3.15439380e+02 +3.17159936e+02  1.72e+00   2.77e+02     1.21e-05   385.025s
 970000 +3.15441307e+02 +3.17158658e+02  1.72e+00   2.80e+02     1.21e-05   385.413s
 971000 +3.15446593e+02 +3.17157606e+02  1.71e+00   2.86e+02     1.21e-05   385.802s
 972000 +3.15445336e+02 +3.17155879e+02  1.71e+00   2.76e+02     1.21e-05   386.190s
 973000 +3.15447303e+02 +3.17154712e+02  1.71e+00   2.77e+02     1.20e-05   386.578s
 974000 +3.15450846e+02 +3.17153181e+02  1.70e+00   2.83e+02     1.20e-05   386.966s
 975000 +3.15451026e+02 +3.17152198e+02  1.70e+00   2.81e+02     1.20e-05   387.354s
 976000 +3.15450604e+02 +3.17151319e+02  1.70e+00   2.84e+02     1.20e-05   387.742s
 977000 +3.15450508e+02 +3.17150144e+02  1.70e+00   2.86e+02     1.19e-05   388.131s
 978000 +3.15452221e+02 +3.17149098e+02  1.70e+00   2.90e+02     1.19e-05   388.518s
 979000 +3.15456313e+02 +3.17147641e+02  1.69e+00   2.86e+02     1.19e-05   388.907s
 980000 +3.15454359e+02 +3.17146610e+02  1.69e+00   2.87e+02     1.19e-05   389.294s
 981000 +3.15453116e+02 +3.17145221e+02  1.69e+00   2.86e+02     1.19e-05   389.682s
 982000 +3.15446715e+02 +3.17143971e+02  1.70e+00   2.86e+02     1.18e-05   390.071s
 983000 +3.15452464e+02 +3.17142847e+02  1.69e+00   2.82e+02     1.18e-05   390.459s
 984000 +3.15456296e+02 +3.17141396e+02  1.69e+00   2.84e+02     1.18e-05   390.847s
 985000 +3.15460524e+02 +3.17140450e+02  1.68e+00   2.88e+02     1.18e-05   391.235s
 986000 +3.15466444e+02 +3.17139042e+02  1.67e+00   2.81e+02     1.17e-05   391.623s
 987000 +3.15465227e+02 +3.17137950e+02  1.67e+00   2.80e+02     1.17e-05   392.010s
 988000 +3.15456103e+02 +3.17136699e+02  1.68e+00   2.86e+02     1.17e-05   392.398s
 989000 +3.15458019e+02 +3.17135571e+02  1.68e+00   2.82e+02     1.17e-05   392.787s
 990000 +3.15459863e+02 +3.17134870e+02  1.68e+00   2.81e+02     1.17e-05   393.175s
 991000 +3.15460745e+02 +3.17133616e+02  1.67e+00   2.80e+02     1.16e-05   393.563s
 992000 +3.15467741e+02 +3.17132520e+02  1.66e+00   2.90e+02     1.16e-05   393.951s
 993000 +3.15461918e+02 +3.17131460e+02  1.67e+00   2.90e+02     1.16e-05   394.339s
 994000 +3.15456273e+02 +3.17130394e+02  1.67e+00   2.82e+02     1.16e-05   394.727s
 995000 +3.15456561e+02 +3.17129318e+02  1.67e+00   2.85e+02     1.16e-05   395.115s
 996000 +3.15464172e+02 +3.17128176e+02  1.66e+00   2.87e+02     1.16e-05   395.504s
 997000 +3.15468948e+02 +3.17127167e+02  1.66e+00   2.86e+02     1.15e-05   395.892s
 998000 +3.15464078e+02 +3.17125978e+02  1.66e+00   2.97e+02     1.15e-05   396.280s
 999000 +3.15465657e+02 +3.17124828e+02  1.66e+00   2.89e+02     1.15e-05   396.668s
1000000 +3.15465497e+02 +3.17123939e+02  1.66e+00   2.87e+02     1.15e-05   397.057s
1001000 +3.15466710e+02 +3.17123042e+02  1.66e+00   2.92e+02     1.15e-05   397.444s
1002000 +3.15468745e+02 +3.17121911e+02  1.65e+00   2.93e+02     1.14e-05   397.832s
1003000 +3.15464384e+02 +3.17121092e+02  1.66e+00   2.89e+02     1.14e-05   398.220s
1004000 +3.15463666e+02 +3.17120086e+02  1.66e+00   2.80e+02     1.14e-05   398.609s
1005000 +3.15470365e+02 +3.17119251e+02  1.65e+00   2.83e+02     1.14e-05   398.997s
1006000 +3.15469282e+02 +3.17118484e+02  1.65e+00   2.85e+02     1.14e-05   399.385s
1007000 +3.15473358e+02 +3.17117551e+02  1.64e+00   2.79e+02     1.13e-05   399.773s
1008000 +3.15471187e+02 +3.17116734e+02  1.65e+00   2.81e+02     1.13e-05   400.161s
1009000 +3.15469610e+02 +3.17115843e+02  1.65e+00   2.84e+02     1.13e-05   400.549s
1010000 +3.15469802e+02 +3.17114786e+02  1.64e+00   2.78e+02     1.13e-05   400.937s
1011000 +3.15468019e+02 +3.17113707e+02  1.65e+00   2.77e+02     1.13e-05   401.325s
1012000 +3.15466729e+02 +3.17112505e+02  1.65e+00   2.80e+02     1.13e-05   401.713s
1013000 +3.15467640e+02 +3.17111336e+02  1.64e+00   2.83e+02     1.12e-05   402.101s
1014000 +3.15466504e+02 +3.17110587e+02  1.64e+00   2.81e+02     1.12e-05   402.488s
1015000 +3.15465166e+02 +3.17109953e+02  1.64e+00   2.83e+02     1.12e-05   402.876s
1016000 +3.15461118e+02 +3.17108879e+02  1.65e+00   2.88e+02     1.12e-05   403.265s
1017000 +3.15458809e+02 +3.17107932e+02  1.65e+00   2.84e+02     1.12e-05   403.653s
1018000 +3.15464029e+02 +3.17107073e+02  1.64e+00   2.92e+02     1.12e-05   404.041s
1019000 +3.15467461e+02 +3.17106331e+02  1.64e+00   2.86e+02     1.11e-05   404.429s
1020000 +3.15465364e+02 +3.17105504e+02  1.64e+00   2.81e+02     1.11e-05   404.817s
1021000 +3.15464395e+02 +3.17104796e+02  1.64e+00   2.85e+02     1.11e-05   405.205s
1022000 +3.15460369e+02 +3.17104092e+02  1.64e+00   2.81e+02     1.11e-05   405.593s
1023000 +3.15463854e+02 +3.17103193e+02  1.64e+00   2.84e+02     1.11e-05   405.981s
1024000 +3.15465662e+02 +3.17102155e+02  1.64e+00   2.88e+02     1.11e-05   406.368s
1025000 +3.15468934e+02 +3.17101276e+02  1.63e+00   2.80e+02     1.11e-05   406.757s
1026000 +3.15472568e+02 +3.17100399e+02  1.63e+00   2.86e+02     1.10e-05   407.145s
1027000 +3.15472615e+02 +3.17099413e+02  1.63e+00   2.89e+02     1.10e-05   407.533s
1028000 +3.15465420e+02 +3.17098568e+02  1.63e+00   2.77e+02     1.10e-05   407.921s
1029000 +3.15468672e+02 +3.17097871e+02  1.63e+00   2.82e+02     1.10e-05   408.309s
1030000 +3.15463810e+02 +3.17097295e+02  1.63e+00   2.82e+02     1.10e-05   408.697s
1031000 +3.15466077e+02 +3.17096732e+02  1.63e+00   2.85e+02     1.09e-05   409.085s
1032000 +3.15460779e+02 +3.17096156e+02  1.64e+00   2.84e+02     1.09e-05   409.473s
1033000 +3.15461041e+02 +3.17095605e+02  1.63e+00   2.86e+02     1.09e-05   409.861s
1034000 +3.15460613e+02 +3.17094836e+02  1.63e+00   2.89e+02     1.09e-05   410.249s
1035000 +3.15461653e+02 +3.17094055e+02  1.63e+00   2.90e+02     1.09e-05   410.637s
1036000 +3.15463005e+02 +3.17093177e+02  1.63e+00   2.90e+02     1.09e-05   411.025s
1037000 +3.15464940e+02 +3.17092431e+02  1.63e+00   2.88e+02     1.08e-05   411.413s
1038000 +3.15465865e+02 +3.17091607e+02  1.63e+00   2.91e+02     1.08e-05   411.801s
1039000 +3.15464176e+02 +3.17090706e+02  1.63e+00   2.94e+02     1.08e-05   412.189s
1040000 +3.15464255e+02 +3.17089834e+02  1.63e+00   2.88e+02     1.08e-05   412.577s
1041000 +3.15465345e+02 +3.17089405e+02  1.62e+00   2.88e+02     1.08e-05   412.964s
1042000 +3.15469008e+02 +3.17088966e+02  1.62e+00   2.90e+02     1.08e-05   413.353s
1043000 +3.15465911e+02 +3.17088581e+02  1.62e+00   2.87e+02     1.07e-05   413.741s
1044000 +3.15465504e+02 +3.17087885e+02  1.62e+00   2.90e+02     1.07e-05   414.129s
1045000 +3.15465150e+02 +3.17087108e+02  1.62e+00   2.94e+02     1.07e-05   414.517s
1046000 +3.15464475e+02 +3.17086417e+02  1.62e+00   2.94e+02     1.07e-05   414.906s
1047000 +3.15463510e+02 +3.17085694e+02  1.62e+00   2.93e+02     1.07e-05   415.294s
1048000 +3.15463497e+02 +3.17084813e+02  1.62e+00   2.91e+02     1.07e-05   415.682s
1049000 +3.15466508e+02 +3.17083884e+02  1.62e+00   2.91e+02     1.07e-05   416.070s
1050000 +3.15466717e+02 +3.17082916e+02  1.62e+00   2.94e+02     1.06e-05   416.458s
1051000 +3.15464919e+02 +3.17082072e+02  1.62e+00   2.91e+02     1.06e-05   416.846s
1052000 +3.15464865e+02 +3.17081277e+02  1.62e+00   2.96e+02     1.06e-05   417.234s
1053000 +3.15466091e+02 +3.17080570e+02  1.61e+00   2.95e+02     1.06e-05   417.623s
1054000 +3.15461320e+02 +3.17079880e+02  1.62e+00   2.93e+02     1.06e-05   418.010s
1055000 +3.15459824e+02 +3.17079051e+02  1.62e+00   2.87e+02     1.06e-05   418.398s
1056000 +3.15460748e+02 +3.17078237e+02  1.62e+00   2.91e+02     1.05e-05   418.786s
1057000 +3.15459326e+02 +3.17077437e+02  1.62e+00   2.84e+02     1.05e-05   419.174s
1058000 +3.15459050e+02 +3.17076543e+02  1.62e+00   2.85e+02     1.05e-05   419.562s
1059000 +3.15461657e+02 +3.17075845e+02  1.61e+00   2.87e+02     1.05e-05   419.950s
1060000 +3.15463460e+02 +3.17074965e+02  1.61e+00   2.86e+02     1.05e-05   420.338s
1061000 +3.15463959e+02 +3.17074102e+02  1.61e+00   2.87e+02     1.05e-05   420.727s
1062000 +3.15461360e+02 +3.17073173e+02  1.61e+00   2.86e+02     1.04e-05   421.115s
1063000 +3.15458595e+02 +3.17072488e+02  1.61e+00   2.87e+02     1.04e-05   421.503s
1064000 +3.15461212e+02 +3.17071680e+02  1.61e+00   2.86e+02     1.04e-05   421.891s
1065000 +3.15464991e+02 +3.17070751e+02  1.61e+00   2.85e+02     1.04e-05   422.279s
1066000 +3.15470026e+02 +3.17069886e+02  1.60e+00   2.84e+02     1.04e-05   422.667s
1067000 +3.15470272e+02 +3.17069164e+02  1.60e+00   2.82e+02     1.04e-05   423.055s
1068000 +3.15470421e+02 +3.17068398e+02  1.60e+00   2.84e+02     1.04e-05   423.443s
1069000 +3.15469840e+02 +3.17067572e+02  1.60e+00   2.84e+02     1.03e-05   423.831s
1070000 +3.15471835e+02 +3.17066737e+02  1.59e+00   2.80e+02     1.03e-05   424.220s
1071000 +3.15471995e+02 +3.17065921e+02  1.59e+00   2.82e+02     1.03e-05   424.608s
1072000 +3.15476545e+02 +3.17064942e+02  1.59e+00   2.84e+02     1.03e-05   424.996s
1073000 +3.15473336e+02 +3.17064043e+02  1.59e+00   2.80e+02     1.03e-05   425.384s
1074000 +3.15479351e+02 +3.17063394e+02  1.58e+00   2.79e+02     1.03e-05   425.772s
1075000 +3.15478060e+02 +3.17062567e+02  1.58e+00   2.79e+02     1.03e-05   426.160s
1076000 +3.15483163e+02 +3.17061890e+02  1.58e+00   2.78e+02     1.03e-05   426.548s
1077000 +3.15488599e+02 +3.17061320e+02  1.57e+00   2.82e+02     1.02e-05   426.936s
1078000 +3.15486242e+02 +3.17060876e+02  1.57e+00   2.86e+02     1.02e-05   427.324s
1079000 +3.15489692e+02 +3.17060200e+02  1.57e+00   2.89e+02     1.02e-05   427.712s
1080000 +3.15489241e+02 +3.17059556e+02  1.57e+00   2.93e+02     1.02e-05   428.100s
1081000 +3.15488096e+02 +3.17059041e+02  1.57e+00   2.90e+02     1.02e-05   428.489s
1082000 +3.15495991e+02 +3.17058345e+02  1.56e+00   2.92e+02     1.02e-05   428.877s
1083000 +3.15488044e+02 +3.17057700e+02  1.57e+00   2.88e+02     1.02e-05   429.265s
1084000 +3.15490811e+02 +3.17057121e+02  1.57e+00   2.88e+02     1.01e-05   429.653s
1085000 +3.15485536e+02 +3.17056695e+02  1.57e+00   2.90e+02     1.01e-05   430.042s
1086000 +3.15485723e+02 +3.17056045e+02  1.57e+00   2.92e+02     1.01e-05   430.430s
1087000 +3.15477923e+02 +3.17055413e+02  1.58e+00   2.91e+02     1.01e-05   430.818s
1088000 +3.15478416e+02 +3.17054633e+02  1.58e+00   2.91e+02     1.01e-05   431.206s
1089000 +3.15481645e+02 +3.17053976e+02  1.57e+00   2.93e+02     1.01e-05   431.594s
1090000 +3.15480438e+02 +3.17053420e+02  1.57e+00   2.93e+02     1.01e-05   431.982s
1091000 +3.15479783e+02 +3.17052807e+02  1.57e+00   2.88e+02     1.01e-05   432.370s
1092000 +3.15481411e+02 +3.17052272e+02  1.57e+00   2.89e+02     1.00e-05   432.758s
1093000 +3.15476199e+02 +3.17051573e+02  1.58e+00   2.90e+02     1.00e-05   433.146s
1094000 +3.15474259e+02 +3.17050845e+02  1.58e+00   2.89e+02     1.00e-05   433.533s
1095000 +3.15475983e+02 +3.17050035e+02  1.57e+00   2.90e+02     1.00e-05   433.921s
1096000 +3.15508583e+02 +3.17049091e+02  1.54e+00   2.88e+02     9.98e-06   434.310s
1097000 +3.15521763e+02 +3.17048078e+02  1.53e+00   2.84e+02     9.97e-06   434.697s
1098000 +3.15520063e+02 +3.17047465e+02  1.53e+00   2.82e+02     9.96e-06   435.085s
1099000 +3.15518016e+02 +3.17046954e+02  1.53e+00   2.79e+02     9.96e-06   435.472s
1100000 +3.15517028e+02 +3.17046519e+02  1.53e+00   2.80e+02     9.95e-06   435.860s
1101000 +3.15515398e+02 +3.17046037e+02  1.53e+00   2.78e+02     9.94e-06   436.248s
1102000 +3.15514994e+02 +3.17045574e+02  1.53e+00   2.77e+02     9.94e-06   436.635s
1103000 +3.15511278e+02 +3.17044277e+02  1.53e+00   2.77e+02     9.92e-06   437.023s
1104000 +3.15509031e+02 +3.17043939e+02  1.53e+00   2.78e+02     9.91e-06   437.410s
1105000 +3.15505900e+02 +3.17043427e+02  1.54e+00   2.80e+02     9.90e-06   437.798s
1106000 +3.15501324e+02 +3.17042742e+02  1.54e+00   2.75e+02     9.89e-06   438.185s
1107000 +3.15497096e+02 +3.17042255e+02  1.55e+00   2.72e+02     9.88e-06   438.573s
1108000 +3.15493969e+02 +3.17041683e+02  1.55e+00   2.68e+02     9.87e-06   438.960s
1109000 +3.15490251e+02 +3.17041244e+02  1.55e+00   2.71e+02     9.86e-06   439.348s
1110000 +3.15485179e+02 +3.17040752e+02  1.56e+00   2.69e+02     9.85e-06   439.735s
1111000 +3.15481985e+02 +3.17040156e+02  1.56e+00   2.72e+02     9.84e-06   440.123s
1112000 +3.15482318e+02 +3.17039572e+02  1.56e+00   2.67e+02     9.83e-06   440.510s
1113000 +3.15478786e+02 +3.17038929e+02  1.56e+00   2.67e+02     9.81e-06   440.898s
1114000 +3.15482267e+02 +3.17038318e+02  1.56e+00   2.69e+02     9.80e-06   441.285s
1115000 +3.15478914e+02 +3.17037689e+02  1.56e+00   2.64e+02     9.79e-06   441.673s
1116000 +3.15477350e+02 +3.17037071e+02  1.56e+00   2.60e+02     9.78e-06   442.060s
1117000 +3.15473528e+02 +3.17036417e+02  1.56e+00   2.59e+02     9.77e-06   442.448s
1118000 +3.15475089e+02 +3.17035747e+02  1.56e+00   2.62e+02     9.76e-06   442.836s
1119000 +3.15472857e+02 +3.17035093e+02  1.56e+00   2.59e+02     9.74e-06   443.223s
1120000 +3.15473183e+02 +3.17034368e+02  1.56e+00   2.63e+02     9.73e-06   443.611s
1121000 +3.15471838e+02 +3.17033633e+02  1.56e+00   2.58e+02     9.72e-06   443.999s
1122000 +3.15469655e+02 +3.17032897e+02  1.56e+00   2.60e+02     9.71e-06   444.386s
1123000 +3.15461212e+02 +3.17032191e+02  1.57e+00   2.57e+02     9.70e-06   444.774s
1124000 +3.15460033e+02 +3.17031450e+02  1.57e+00   2.57e+02     9.68e-06   445.162s
1125000 +3.15454884e+02 +3.17030681e+02  1.58e+00   2.59e+02     9.67e-06   445.549s
1126000 +3.15456754e+02 +3.17029882e+02  1.57e+00   2.57e+02     9.66e-06   445.937s
1127000 +3.15455022e+02 +3.17029083e+02  1.57e+00   2.56e+02     9.65e-06   446.325s
1128000 +3.15448095e+02 +3.17028286e+02  1.58e+00   2.50e+02     9.64e-06   446.712s
1129000 +3.15443111e+02 +3.17027478e+02  1.58e+00   2.50e+02     9.62e-06   447.100s
1130000 +3.15445660e+02 +3.17026658e+02  1.58e+00   2.52e+02     9.61e-06   447.488s
1131000 +3.15439553e+02 +3.17025856e+02  1.59e+00   2.51e+02     9.60e-06   447.875s
1132000 +3.15438585e+02 +3.17025050e+02  1.59e+00   2.56e+02     9.59e-06   448.263s
1133000 +3.15435437e+02 +3.17024212e+02  1.59e+00   2.51e+02     9.57e-06   448.651s
1134000 +3.15435066e+02 +3.17023382e+02  1.59e+00   2.52e+02     9.56e-06   449.038s
1135000 +3.15424561e+02 +3.17022534e+02  1.60e+00   2.48e+02     9.55e-06   449.426s
1136000 +3.15421599e+02 +3.17021699e+02  1.60e+00   2.48e+02     9.54e-06   449.813s
1137000 +3.15419465e+02 +3.17020834e+02  1.60e+00   2.51e+02     9.52e-06   450.201s
1138000 +3.15415269e+02 +3.17020008e+02  1.60e+00   2.49e+02     9.51e-06   450.589s
1139000 +3.15410900e+02 +3.17019151e+02  1.61e+00   2.51e+02     9.49e-06   450.976s
1140000 +3.15412388e+02 +3.17018215e+02  1.61e+00   2.57e+02     9.48e-06   451.364s
1141000 +3.15405699e+02 +3.17017308e+02  1.61e+00   2.55e+02     9.47e-06   451.752s
1142000 +3.15401307e+02 +3.17016393e+02  1.62e+00   2.58e+02     9.45e-06   452.139s
1143000 +3.15399414e+02 +3.17015413e+02  1.62e+00   2.55e+02     9.43e-06   452.527s
1144000 +3.15396975e+02 +3.17014478e+02  1.62e+00   2.51e+02     9.41e-06   452.914s
1145000 +3.15400751e+02 +3.17013537e+02  1.61e+00   2.55e+02     9.39e-06   453.302s
1146000 +3.15388452e+02 +3.17012603e+02  1.62e+00   2.62e+02     9.38e-06   453.690s
1147000 +3.15389879e+02 +3.17011637e+02  1.62e+00   2.59e+02     9.36e-06   454.077s
1148000 +3.15388106e+02 +3.17010678e+02  1.62e+00   2.60e+02     9.34e-06   454.465s
1149000 +3.15382615e+02 +3.17009826e+02  1.63e+00   2.57e+02     9.33e-06   454.852s
1150000 +3.15380219e+02 +3.17008922e+02  1.63e+00   2.58e+02     9.31e-06   455.240s
1151000 +3.15379569e+02 +3.17007921e+02  1.63e+00   2.56e+02     9.29e-06   455.628s
1152000 +3.15375247e+02 +3.17006885e+02  1.63e+00   2.55e+02     9.27e-06   456.016s
1153000 +3.15385390e+02 +3.17005918e+02  1.62e+00   2.59e+02     9.26e-06   456.403s
1154000 +3.15379326e+02 +3.17004824e+02  1.63e+00   2.53e+02     9.24e-06   456.791s
1155000 +3.15371616e+02 +3.17003747e+02  1.63e+00   2.50e+02     9.23e-06   457.179s
1156000 +3.15372252e+02 +3.17002698e+02  1.63e+00   2.57e+02     9.21e-06   457.566s
1157000 +3.15372258e+02 +3.17001688e+02  1.63e+00   2.51e+02     9.19e-06   457.954s
1158000 +3.15367889e+02 +3.17000586e+02  1.63e+00   2.56e+02     9.18e-06   458.342s
1159000 +3.15367507e+02 +3.16999458e+02  1.63e+00   2.56e+02     9.16e-06   458.729s
1160000 +3.15364665e+02 +3.16998310e+02  1.63e+00   2.58e+02     9.14e-06   459.117s
1161000 +3.15364820e+02 +3.16997083e+02  1.63e+00   2.57e+02     9.12e-06   459.505s
1162000 +3.15361711e+02 +3.16995812e+02  1.63e+00   2.60e+02     9.10e-06   459.892s
1163000 +3.15359267e+02 +3.16994452e+02  1.64e+00   2.59e+02     9.08e-06   460.280s
1164000 +3.15365751e+02 +3.16993056e+02  1.63e+00   2.65e+02     9.06e-06   460.668s
1165000 +3.15357881e+02 +3.16991532e+02  1.63e+00   2.59e+02     9.04e-06   461.055s
1166000 +3.15355695e+02 +3.16987547e+02  1.63e+00   2.57e+02     9.01e-06   461.443s
1167000 +3.15351610e+02 +3.16985946e+02  1.63e+00   2.58e+02     8.98e-06   461.830s
1168000 +3.15348733e+02 +3.16984434e+02  1.64e+00   2.59e+02     8.96e-06   462.218s
1169000 +3.15347126e+02 +3.16982546e+02  1.64e+00   2.65e+02     8.94e-06   462.606s
1170000 +3.15345679e+02 +3.16980355e+02  1.63e+00   2.63e+02     8.91e-06   462.994s
1171000 +3.15343551e+02 +3.16978529e+02  1.63e+00   2.65e+02     8.89e-06   463.381s
1172000 +3.15340627e+02 +3.16977040e+02  1.64e+00   2.64e+02     8.87e-06   463.769s
1173000 +3.15332518e+02 +3.16975544e+02  1.64e+00   2.68e+02     8.85e-06   464.156s
1174000 +3.15333121e+02 +3.16973946e+02  1.64e+00   2.61e+02     8.82e-06   464.544s
1175000 +3.15330716e+02 +3.16972678e+02  1.64e+00   2.68e+02     8.80e-06   464.932s
1176000 +3.15329232e+02 +3.16971011e+02  1.64e+00   2.71e+02     8.77e-06   465.319s
1177000 +3.15334646e+02 +3.16969625e+02  1.63e+00   2.69e+02     8.75e-06   465.707s
1178000 +3.15330335e+02 +3.16967879e+02  1.64e+00   2.69e+02     8.73e-06   466.094s
1179000 +3.15331452e+02 +3.16966449e+02  1.63e+00   2.68e+02     8.70e-06   466.482s
1180000 +3.15328208e+02 +3.16964879e+02  1.64e+00   2.75e+02     8.68e-06   466.870s
1181000 +3.15332789e+02 +3.16963025e+02  1.63e+00   2.77e+02     8.65e-06   467.257s
1182000 +3.15322210e+02 +3.16961583e+02  1.64e+00   2.74e+02     8.62e-06   467.645s
1183000 +3.15323999e+02 +3.16959837e+02  1.64e+00   2.75e+02     8.60e-06   468.033s
1184000 +3.15319819e+02 +3.16958193e+02  1.64e+00   2.76e+02     8.57e-06   468.420s
1185000 +3.15319706e+02 +3.16956742e+02  1.64e+00   2.80e+02     8.55e-06   468.808s
1186000 +3.15326857e+02 +3.16955082e+02  1.63e+00   2.80e+02     8.52e-06   469.196s
1187000 +3.15319864e+02 +3.16953443e+02  1.63e+00   2.79e+02     8.50e-06   469.583s
1188000 +3.15319781e+02 +3.16951974e+02  1.63e+00   2.74e+02     8.47e-06   469.971s
1189000 +3.15319111e+02 +3.16950364e+02  1.63e+00   2.79e+02     8.44e-06   470.359s
1190000 +3.15319583e+02 +3.16948711e+02  1.63e+00   2.72e+02     8.42e-06   470.746s
1191000 +3.15318202e+02 +3.16947027e+02  1.63e+00   2.71e+02     8.39e-06   471.134s
1192000 +3.15316178e+02 +3.16945260e+02  1.63e+00   2.66e+02     8.37e-06   471.522s
1193000 +3.15318563e+02 +3.16943508e+02  1.62e+00   2.67e+02     8.35e-06   471.910s
1194000 +3.15313276e+02 +3.16941644e+02  1.63e+00   2.63e+02     8.32e-06   472.298s
1195000 +3.15313697e+02 +3.16939689e+02  1.63e+00   2.61e+02     8.29e-06   472.685s
1196000 +3.15306119e+02 +3.16937740e+02  1.63e+00   2.57e+02     8.27e-06   473.073s
1197000 +3.15300107e+02 +3.16935846e+02  1.64e+00   2.58e+02     8.24e-06   473.461s
1198000 +3.15296542e+02 +3.16933960e+02  1.64e+00   2.58e+02     8.22e-06   473.849s
1199000 +3.15288125e+02 +3.16932109e+02  1.64e+00   2.62e+02     8.19e-06   474.236s
1200000 +3.15294176e+02 +3.16930252e+02  1.64e+00   2.59e+02     8.17e-06   474.624s
1201000 +3.15285918e+02 +3.16928352e+02  1.64e+00   2.58e+02     8.13e-06   475.012s
1202000 +3.15286829e+02 +3.16926529e+02  1.64e+00   2.59e+02     8.10e-06   475.399s
1203000 +3.15285656e+02 +3.16924673e+02  1.64e+00   2.52e+02     8.07e-06   475.787s
1204000 +3.15285351e+02 +3.16922707e+02  1.64e+00   2.57e+02     8.04e-06   476.175s
1205000 +3.15275709e+02 +3.16920733e+02  1.65e+00   2.51e+02     8.01e-06   476.562s
1206000 +3.15278158e+02 +3.16854105e+02  1.58e+00   2.56e+02     7.16e-06   476.950s
1207000 +3.15269751e+02 +3.16852051e+02  1.58e+00   2.57e+02     7.14e-06   477.338s
1208000 +3.15266665e+02 +3.16849708e+02  1.58e+00   2.60e+02     7.11e-06   477.725s
1209000 +3.15273083e+02 +3.16847431e+02  1.57e+00   2.62e+02     7.09e-06   478.113s
1210000 +3.15274176e+02 +3.16845344e+02  1.57e+00   2.69e+02     7.07e-06   478.501s
1211000 +3.15278931e+02 +3.16843284e+02  1.56e+00   2.65e+02     7.05e-06   478.889s
1212000 +3.15277376e+02 +3.16841118e+02  1.56e+00   2.65e+02     7.03e-06   479.276s
1213000 +3.15277268e+02 +3.16838976e+02  1.56e+00   2.64e+02     7.01e-06   479.664s
1214000 +3.15274661e+02 +3.16836962e+02  1.56e+00   2.60e+02     6.99e-06   480.052s
1215000 +3.15276379e+02 +3.16835180e+02  1.56e+00   2.61e+02     6.97e-06   480.439s
1216000 +3.15273673e+02 +3.16833370e+02  1.56e+00   2.62e+02     6.95e-06   480.827s
1217000 +3.15269271e+02 +3.16831501e+02  1.56e+00   2.54e+02     6.92e-06   481.215s
1218000 +3.15275316e+02 +3.16829708e+02  1.55e+00   2.56e+02     6.90e-06   481.603s
1219000 +3.15264840e+02 +3.16828060e+02  1.56e+00   2.53e+02     6.89e-06   481.990s
1220000 +3.15266009e+02 +3.16826614e+02  1.56e+00   2.49e+02     6.86e-06   482.378s
1221000 +3.15268996e+02 +3.16825024e+02  1.56e+00   2.51e+02     6.84e-06   482.766s
1222000 +3.15268104e+02 +3.16823494e+02  1.56e+00   2.49e+02     6.82e-06   483.154s
1223000 +3.15265785e+02 +3.16821957e+02  1.56e+00   2.56e+02     6.80e-06   483.541s
1224000 +3.15269988e+02 +3.16820432e+02  1.55e+00   2.48e+02     6.78e-06   483.929s
1225000 +3.15268306e+02 +3.16818864e+02  1.55e+00   2.51e+02     6.76e-06   484.317s
1226000 +3.15269687e+02 +3.16817281e+02  1.55e+00   2.47e+02     6.75e-06   484.705s
1227000 +3.15262068e+02 +3.16815608e+02  1.55e+00   2.44e+02     6.73e-06   485.093s
1228000 +3.15263603e+02 +3.16813920e+02  1.55e+00   2.52e+02     6.71e-06   485.480s
1229000 +3.15257960e+02 +3.16812348e+02  1.55e+00   2.48e+02     6.68e-06   485.868s
1230000 +3.15259898e+02 +3.16810651e+02  1.55e+00   2.45e+02     6.66e-06   486.255s
1231000 +3.15255866e+02 +3.16809034e+02  1.55e+00   2.44e+02     6.64e-06   486.643s
1232000 +3.15259415e+02 +3.16807546e+02  1.55e+00   2.43e+02     6.63e-06   487.031s
1233000 +3.15260672e+02 +3.16805859e+02  1.55e+00   2.49e+02     6.61e-06   487.419s
1234000 +3.15257356e+02 +3.16804358e+02  1.55e+00   2.48e+02     6.59e-06   487.806s
1235000 +3.15257743e+02 +3.16802862e+02  1.55e+00   2.49e+02     6.57e-06   488.194s
1236000 +3.15264622e+02 +3.16801318e+02  1.54e+00   2.47e+02     6.55e-06   488.582s
1237000 +3.15269766e+02 +3.16799707e+02  1.53e+00   2.48e+02     6.53e-06   488.970s
1238000 +3.15268483e+02 +3.16796390e+02  1.53e+00   2.45e+02     6.50e-06   489.357s
1239000 +3.15269281e+02 +3.16793170e+02  1.52e+00   2.47e+02     6.47e-06   489.745s
1240000 +3.15267244e+02 +3.16789835e+02  1.52e+00   2.43e+02     6.43e-06   490.133s
1241000 +3.15266099e+02 +3.16788919e+02  1.52e+00   2.48e+02     6.42e-06   490.520s
1242000 +3.15273053e+02 +3.16787118e+02  1.51e+00   2.42e+02     6.40e-06   490.908s
1243000 +3.15269238e+02 +3.16785926e+02  1.52e+00   2.43e+02     6.38e-06   491.295s
1244000 +3.15266591e+02 +3.16784958e+02  1.52e+00   2.40e+02     6.37e-06   491.683s
1245000 +3.15268815e+02 +3.16783686e+02  1.51e+00   2.42e+02     6.35e-06   492.070s
1246000 +3.15272686e+02 +3.16782332e+02  1.51e+00   2.40e+02     6.33e-06   492.458s
1247000 +3.15274740e+02 +3.16781157e+02  1.51e+00   2.44e+02     6.32e-06   492.846s
1248000 +3.15270377e+02 +3.16780093e+02  1.51e+00   2.43e+02     6.31e-06   493.233s
1249000 +3.15270629e+02 +3.16778584e+02  1.51e+00   2.43e+02     6.29e-06   493.621s
1250000 +3.15268196e+02 +3.16777342e+02  1.51e+00   2.44e+02     6.27e-06   494.009s
1251000 +3.15267472e+02 +3.16776684e+02  1.51e+00   2.43e+02     6.26e-06   494.397s
1252000 +3.15266953e+02 +3.16775235e+02  1.51e+00   2.44e+02     6.24e-06   494.785s
1253000 +3.15267495e+02 +3.16773853e+02  1.51e+00   2.44e+02     6.22e-06   495.173s
1254000 +3.15266154e+02 +3.16773227e+02  1.51e+00   2.49e+02     6.21e-06   495.560s
1255000 +3.15264234e+02 +3.16771688e+02  1.51e+00   2.49e+02     6.19e-06   495.948s
1256000 +3.15264203e+02 +3.16770415e+02  1.51e+00   2.53e+02     6.17e-06   496.335s
1257000 +3.15266505e+02 +3.16769664e+02  1.50e+00   2.50e+02     6.15e-06   496.723s
1258000 +3.15269497e+02 +3.16768196e+02  1.50e+00   2.51e+02     6.13e-06   497.111s
1259000 +3.15262501e+02 +3.16766764e+02  1.50e+00   2.54e+02     6.12e-06   497.498s
1260000 +3.15263448e+02 +3.16765960e+02  1.50e+00   2.53e+02     6.11e-06   497.886s
1261000 +3.15263103e+02 +3.16764802e+02  1.50e+00   2.53e+02     6.09e-06   498.274s
1262000 +3.15265124e+02 +3.16763191e+02  1.50e+00   2.55e+02     6.07e-06   498.662s
1263000 +3.15260711e+02 +3.16762675e+02  1.50e+00   2.57e+02     6.06e-06   499.050s
1264000 +3.15259196e+02 +3.16761481e+02  1.50e+00   2.58e+02     6.05e-06   499.437s
1265000 +3.15257064e+02 +3.16759913e+02  1.50e+00   2.56e+02     6.03e-06   499.825s
1266000 +3.15264011e+02 +3.16759276e+02  1.50e+00   2.58e+02     6.02e-06   500.213s
1267000 +3.15268432e+02 +3.16757940e+02  1.49e+00   2.60e+02     6.00e-06   500.601s
1268000 +3.15259616e+02 +3.16756268e+02  1.50e+00   2.58e+02     5.98e-06   500.989s
1269000 +3.15260979e+02 +3.16755692e+02  1.49e+00   2.58e+02     5.97e-06   501.377s
1270000 +3.15257789e+02 +3.16754160e+02  1.50e+00   2.60e+02     5.95e-06   501.765s
1271000 +3.15256809e+02 +3.16752947e+02  1.50e+00   2.59e+02     5.94e-06   502.152s
1272000 +3.15264241e+02 +3.16752208e+02  1.49e+00   2.56e+02     5.93e-06   502.540s
1273000 +3.15258132e+02 +3.16750396e+02  1.49e+00   2.58e+02     5.91e-06   502.927s
1274000 +3.15256799e+02 +3.16749392e+02  1.49e+00   2.58e+02     5.90e-06   503.315s
1275000 +3.15261193e+02 +3.16748518e+02  1.49e+00   2.58e+02     5.89e-06   503.702s
1276000 +3.15257759e+02 +3.16746996e+02  1.49e+00   2.54e+02     5.87e-06   504.090s
1277000 +3.15254438e+02 +3.16746416e+02  1.49e+00   2.55e+02     5.86e-06   504.478s
1278000 +3.15250653e+02 +3.16745413e+02  1.49e+00   2.52e+02     5.85e-06   504.866s
1279000 +3.15251119e+02 +3.16744413e+02  1.49e+00   2.50e+02     5.83e-06   505.253s
1280000 +3.15248861e+02 +3.16743727e+02  1.49e+00   2.49e+02     5.82e-06   505.641s
1281000 +3.15253092e+02 +3.16742490e+02  1.49e+00   2.50e+02     5.81e-06   506.029s
1282000 +3.15251967e+02 +3.16741642e+02  1.49e+00   2.48e+02     5.80e-06   506.416s
1283000 +3.15252135e+02 +3.16740655e+02  1.49e+00   2.47e+02     5.78e-06   506.804s
1284000 +3.15249861e+02 +3.16739687e+02  1.49e+00   2.51e+02     5.77e-06   507.192s
1285000 +3.15249885e+02 +3.16738704e+02  1.49e+00   2.50e+02     5.76e-06   507.579s
1286000 +3.15245954e+02 +3.16737562e+02  1.49e+00   2.50e+02     5.74e-06   507.967s
1287000 +3.15253967e+02 +3.16736670e+02  1.48e+00   2.45e+02     5.73e-06   508.355s
1288000 +3.15254284e+02 +3.16735381e+02  1.48e+00   2.48e+02     5.71e-06   508.743s
1289000 +3.15255222e+02 +3.16734531e+02  1.48e+00   2.48e+02     5.70e-06   509.130s
1290000 +3.15249690e+02 +3.16733190e+02  1.48e+00   2.48e+02     5.69e-06   509.518s
1291000 +3.15253669e+02 +3.16732371e+02  1.48e+00   2.48e+02     5.68e-06   509.906s
1292000 +3.15259271e+02 +3.16731334e+02  1.47e+00   2.49e+02     5.67e-06   510.294s
1293000 +3.15262538e+02 +3.16730282e+02  1.47e+00   2.49e+02     5.65e-06   510.681s
1294000 +3.15260551e+02 +3.16729378e+02  1.47e+00   2.49e+02     5.64e-06   511.069s
1295000 +3.15257170e+02 +3.16728180e+02  1.47e+00   2.45e+02     5.63e-06   511.456s
1296000 +3.15263416e+02 +3.16727431e+02  1.46e+00   2.43e+02     5.62e-06   511.844s
1297000 +3.15261365e+02 +3.16695032e+02  1.43e+00   2.45e+02     5.25e-06   512.232s
1298000 +3.15272054e+02 +3.16694386e+02  1.42e+00   2.45e+02     5.25e-06   512.620s
1299000 +3.15270238e+02 +3.16693167e+02  1.42e+00   2.44e+02     5.23e-06   513.007s
1300000 +3.15272144e+02 +3.16692527e+02  1.42e+00   2.48e+02     5.22e-06   513.395s
1301000 +3.15266907e+02 +3.16691343e+02  1.42e+00   2.47e+02     5.21e-06   513.783s
1302000 +3.15267526e+02 +3.16690647e+02  1.42e+00   2.47e+02     5.21e-06   514.170s
1303000 +3.15275444e+02 +3.16689333e+02  1.41e+00   2.46e+02     5.19e-06   514.558s
1304000 +3.15277841e+02 +3.16688629e+02  1.41e+00   2.44e+02     5.18e-06   514.946s
1305000 +3.15273506e+02 +3.16687596e+02  1.41e+00   2.46e+02     5.17e-06   515.334s
1306000 +3.15275662e+02 +3.16686930e+02  1.41e+00   2.48e+02     5.16e-06   515.721s
1307000 +3.15273064e+02 +3.16685822e+02  1.41e+00   2.51e+02     5.15e-06   516.109s
1308000 +3.15270813e+02 +3.16685132e+02  1.41e+00   2.51e+02     5.14e-06   516.497s
1309000 +3.15275399e+02 +3.16684189e+02  1.41e+00   2.52e+02     5.13e-06   516.885s
1310000 +3.15273366e+02 +3.16683411e+02  1.41e+00   2.51e+02     5.12e-06   517.272s
1311000 +3.15275773e+02 +3.16682490e+02  1.41e+00   2.51e+02     5.11e-06   517.660s
1312000 +3.15281221e+02 +3.16681690e+02  1.40e+00   2.49e+02     5.10e-06   518.047s
1313000 +3.15279115e+02 +3.16680907e+02  1.40e+00   2.49e+02     5.09e-06   518.435s
1314000 +3.15277077e+02 +3.16679923e+02  1.40e+00   2.52e+02     5.08e-06   518.823s
1315000 +3.15274492e+02 +3.16679252e+02  1.40e+00   2.50e+02     5.07e-06   519.211s
1316000 +3.15275502e+02 +3.16678308e+02  1.40e+00   2.51e+02     5.06e-06   519.598s
1317000 +3.15276089e+02 +3.16677506e+02  1.40e+00   2.49e+02     5.05e-06   519.986s
1318000 +3.15277355e+02 +3.16676693e+02  1.40e+00   2.44e+02     5.04e-06   520.374s
1319000 +3.15277107e+02 +3.16675949e+02  1.40e+00   2.47e+02     5.03e-06   520.762s
1320000 +3.15270869e+02 +3.16675091e+02  1.40e+00   2.45e+02     5.02e-06   521.149s
1321000 +3.15273667e+02 +3.16674431e+02  1.40e+00   2.44e+02     5.01e-06   521.537s
1322000 +3.15276177e+02 +3.16673576e+02  1.40e+00   2.45e+02     5.00e-06   521.924s
1323000 +3.15279249e+02 +3.16673200e+02  1.39e+00   2.45e+02     4.99e-06   522.312s
1324000 +3.15280125e+02 +3.16672752e+02  1.39e+00   2.47e+02     4.99e-06   522.700s
1325000 +3.15281365e+02 +3.16672239e+02  1.39e+00   2.48e+02     4.98e-06   523.088s
1326000 +3.15278591e+02 +3.16671742e+02  1.39e+00   2.46e+02     4.97e-06   523.476s
1327000 +3.15279719e+02 +3.16670602e+02  1.39e+00   2.46e+02     4.96e-06   523.863s
1328000 +3.15280368e+02 +3.16670366e+02  1.39e+00   2.44e+02     4.95e-06   524.251s
1329000 +3.15281328e+02 +3.16669330e+02  1.39e+00   2.45e+02     4.94e-06   524.639s
1330000 +3.15287368e+02 +3.16668509e+02  1.38e+00   2.45e+02     4.93e-06   525.027s
1331000 +3.15283857e+02 +3.16667949e+02  1.38e+00   2.47e+02     4.92e-06   525.414s
1332000 +3.15282767e+02 +3.16667095e+02  1.38e+00   2.50e+02     4.91e-06   525.802s
1333000 +3.15290899e+02 +3.16666485e+02  1.38e+00   2.49e+02     4.90e-06   526.190s
1334000 +3.15295267e+02 +3.16665858e+02  1.37e+00   2.49e+02     4.89e-06   526.577s
1335000 +3.15296181e+02 +3.16665058e+02  1.37e+00   2.47e+02     4.88e-06   526.965s
1336000 +3.15294142e+02 +3.16664705e+02  1.37e+00   2.49e+02     4.87e-06   527.352s
1337000 +3.15293929e+02 +3.16663612e+02  1.37e+00   2.51e+02     4.86e-06   527.740s
1338000 +3.15296273e+02 +3.16663374e+02  1.37e+00   2.49e+02     4.85e-06   528.128s
1339000 +3.15294837e+02 +3.16662312e+02  1.37e+00   2.49e+02     4.84e-06   528.516s
1340000 +3.15297672e+02 +3.16661900e+02  1.36e+00   2.47e+02     4.83e-06   528.903s
1341000 +3.15300075e+02 +3.16661192e+02  1.36e+00   2.46e+02     4.82e-06   529.291s
1342000 +3.15304867e+02 +3.16660734e+02  1.36e+00   2.49e+02     4.81e-06   529.679s
1343000 +3.15302886e+02 +3.16660401e+02  1.36e+00   2.47e+02     4.80e-06   530.067s
1344000 +3.15300129e+02 +3.16659848e+02  1.36e+00   2.47e+02     4.79e-06   530.455s
1345000 +3.15300386e+02 +3.16659561e+02  1.36e+00   2.45e+02     4.78e-06   530.842s
1346000 +3.15298948e+02 +3.16658839e+02  1.36e+00   2.46e+02     4.77e-06   531.230s
1347000 +3.15299375e+02 +3.16658755e+02  1.36e+00   2.46e+02     4.76e-06   531.618s
1348000 +3.15299320e+02 +3.16657769e+02  1.36e+00   2.45e+02     4.75e-06   532.006s
1349000 +3.15297978e+02 +3.16657819e+02  1.36e+00   2.45e+02     4.74e-06   532.394s
1350000 +3.15293152e+02 +3.16656585e+02  1.36e+00   2.45e+02     4.73e-06   532.782s
1351000 +3.15298235e+02 +3.16656716e+02  1.36e+00   2.46e+02     4.73e-06   533.169s
1352000 +3.15295969e+02 +3.16655693e+02  1.36e+00   2.43e+02     4.72e-06   533.557s
1353000 +3.15293286e+02 +3.16655553e+02  1.36e+00   2.42e+02     4.71e-06   533.945s
1354000 +3.15294383e+02 +3.16654873e+02  1.36e+00   2.41e+02     4.70e-06   534.333s
1355000 +3.15296502e+02 +3.16654242e+02  1.36e+00   2.41e+02     4.69e-06   534.720s
1356000 +3.15302207e+02 +3.16653657e+02  1.35e+00   2.41e+02     4.68e-06   535.108s
1357000 +3.15301778e+02 +3.16653216e+02  1.35e+00   2.41e+02     4.68e-06   535.496s
1358000 +3.15306088e+02 +3.16652665e+02  1.35e+00   2.42e+02     4.67e-06   535.884s
1359000 +3.15301165e+02 +3.16652267e+02  1.35e+00   2.40e+02     4.66e-06   536.271s
1360000 +3.15303304e+02 +3.16651623e+02  1.35e+00   2.40e+02     4.65e-06   536.660s
1361000 +3.15307590e+02 +3.16651152e+02  1.34e+00   2.41e+02     4.64e-06   537.048s
1362000 +3.15307517e+02 +3.16650703e+02  1.34e+00   2.40e+02     4.63e-06   537.435s
1363000 +3.15310878e+02 +3.16650268e+02  1.34e+00   2.38e+02     4.62e-06   537.823s
1364000 +3.15304873e+02 +3.16649950e+02  1.35e+00   2.38e+02     4.62e-06   538.211s
1365000 +3.15308622e+02 +3.16649221e+02  1.34e+00   2.39e+02     4.61e-06   538.598s
1366000 +3.15330986e+02 +3.16570858e+02  1.24e+00   2.39e+02     4.32e-06   538.987s
1367000 +3.15333206e+02 +3.16569809e+02  1.24e+00   2.39e+02     4.32e-06   539.374s
1368000 +3.15333926e+02 +3.16569141e+02  1.24e+00   2.40e+02     4.31e-06   539.761s
1369000 +3.15335235e+02 +3.16568607e+02  1.23e+00   2.40e+02     4.31e-06   540.148s
1370000 +3.15335527e+02 +3.16568105e+02  1.23e+00   2.38e+02     4.30e-06   540.535s
1371000 +3.15335813e+02 +3.16567611e+02  1.23e+00   2.38e+02     4.30e-06   540.922s
1372000 +3.15338434e+02 +3.16567068e+02  1.23e+00   2.38e+02     4.30e-06   541.310s
1373000 +3.15336639e+02 +3.16566523e+02  1.23e+00   2.38e+02     4.29e-06   541.698s
1374000 +3.15337022e+02 +3.16566002e+02  1.23e+00   2.38e+02     4.29e-06   542.085s
1375000 +3.15337840e+02 +3.16565508e+02  1.23e+00   2.38e+02     4.29e-06   542.473s
1376000 +3.15339684e+02 +3.16565039e+02  1.23e+00   2.37e+02     4.28e-06   542.861s
1377000 +3.15339153e+02 +3.16564611e+02  1.23e+00   2.36e+02     4.28e-06   543.248s
1378000 +3.15339392e+02 +3.16564211e+02  1.22e+00   2.36e+02     4.27e-06   543.636s
1379000 +3.15340700e+02 +3.16563829e+02  1.22e+00   2.38e+02     4.27e-06   544.023s
1380000 +3.15340860e+02 +3.16563381e+02  1.22e+00   2.36e+02     4.27e-06   544.411s
1381000 +3.15344350e+02 +3.16562954e+02  1.22e+00   2.35e+02     4.26e-06   544.798s
1382000 +3.15342941e+02 +3.16562609e+02  1.22e+00   2.36e+02     4.26e-06   545.186s
1383000 +3.15343277e+02 +3.16562248e+02  1.22e+00   2.37e+02     4.25e-06   545.573s
1384000 +3.15342296e+02 +3.16561841e+02  1.22e+00   2.35e+02     4.25e-06   545.961s
1385000 +3.15342369e+02 +3.16561513e+02  1.22e+00   2.36e+02     4.24e-06   546.348s
1386000 +3.15342123e+02 +3.16561133e+02  1.22e+00   2.36e+02     4.24e-06   546.736s
1387000 +3.15342524e+02 +3.16560837e+02  1.22e+00   2.35e+02     4.23e-06   547.123s
1388000 +3.15341983e+02 +3.16560539e+02  1.22e+00   2.35e+02     4.23e-06   547.511s
1389000 +3.15340770e+02 +3.16560243e+02  1.22e+00   2.36e+02     4.22e-06   547.898s
1390000 +3.15340777e+02 +3.16559932e+02  1.22e+00   2.35e+02     4.22e-06   548.285s
1391000 +3.15341816e+02 +3.16559633e+02  1.22e+00   2.37e+02     4.21e-06   548.673s
1392000 +3.15342441e+02 +3.16559317e+02  1.22e+00   2.36e+02     4.21e-06   549.061s
1393000 +3.15339853e+02 +3.16559026e+02  1.22e+00   2.34e+02     4.20e-06   549.448s
1394000 +3.15343957e+02 +3.16558736e+02  1.21e+00   2.35e+02     4.20e-06   549.835s
1395000 +3.15341693e+02 +3.16558536e+02  1.22e+00   2.36e+02     4.20e-06   550.223s
1396000 +3.15345494e+02 +3.16558301e+02  1.21e+00   2.35e+02     4.19e-06   550.610s
1397000 +3.15343519e+02 +3.16558085e+02  1.21e+00   2.36e+02     4.19e-06   550.998s
1398000 +3.15345019e+02 +3.16557909e+02  1.21e+00   2.35e+02     4.18e-06   551.385s
1399000 +3.15345009e+02 +3.16557709e+02  1.21e+00   2.36e+02     4.18e-06   551.773s
1400000 +3.15344004e+02 +3.16557389e+02  1.21e+00   2.36e+02     4.17e-06   552.160s
1401000 +3.15341870e+02 +3.16557130e+02  1.22e+00   2.36e+02     4.17e-06   552.548s
1402000 +3.15345281e+02 +3.16556928e+02  1.21e+00   2.37e+02     4.17e-06   552.935s
1403000 +3.15347114e+02 +3.16556737e+02  1.21e+00   2.36e+02     4.16e-06   553.322s
1404000 +3.15345584e+02 +3.16556607e+02  1.21e+00   2.36e+02     4.16e-06   553.710s
1405000 +3.15346549e+02 +3.16556416e+02  1.21e+00   2.36e+02     4.15e-06   554.098s
1406000 +3.15348527e+02 +3.16556233e+02  1.21e+00   2.37e+02     4.15e-06   554.486s
1407000 +3.15346414e+02 +3.16555984e+02  1.21e+00   2.37e+02     4.15e-06   554.873s
1408000 +3.15345717e+02 +3.16555768e+02  1.21e+00   2.37e+02     4.14e-06   555.260s
1409000 +3.15345921e+02 +3.16555590e+02  1.21e+00   2.37e+02     4.14e-06   555.647s
1410000 +3.15345141e+02 +3.16555408e+02  1.21e+00   2.37e+02     4.13e-06   556.035s
1411000 +3.15346393e+02 +3.16555187e+02  1.21e+00   2.38e+02     4.13e-06   556.422s
1412000 +3.15343709e+02 +3.16554925e+02  1.21e+00   2.38e+02     4.12e-06   556.810s
1413000 +3.15344831e+02 +3.16554738e+02  1.21e+00   2.37e+02     4.11e-06   557.197s
1414000 +3.15344036e+02 +3.16554516e+02  1.21e+00   2.37e+02     4.11e-06   557.585s
1415000 +3.15341071e+02 +3.16554275e+02  1.21e+00   2.37e+02     4.10e-06   557.972s
1416000 +3.15345476e+02 +3.16554036e+02  1.21e+00   2.37e+02     4.10e-06   558.360s
1417000 +3.15342992e+02 +3.16553755e+02  1.21e+00   2.36e+02     4.09e-06   558.747s
1418000 +3.15341636e+02 +3.16553495e+02  1.21e+00   2.38e+02     4.09e-06   559.135s
1419000 +3.15339637e+02 +3.16553347e+02  1.21e+00   2.37e+02     4.08e-06   559.522s
1420000 +3.15343675e+02 +3.16553104e+02  1.21e+00   2.37e+02     4.08e-06   559.909s
1421000 +3.15344638e+02 +3.16552928e+02  1.21e+00   2.37e+02     4.07e-06   560.297s
1422000 +3.15344172e+02 +3.16552748e+02  1.21e+00   2.37e+02     4.07e-06   560.685s
1423000 +3.15342373e+02 +3.16552557e+02  1.21e+00   2.37e+02     4.06e-06   561.072s
1424000 +3.15343164e+02 +3.16552378e+02  1.21e+00   2.38e+02     4.06e-06   561.459s
1425000 +3.15338382e+02 +3.16552221e+02  1.21e+00   2.37e+02     4.05e-06   561.847s
1426000 +3.15337603e+02 +3.16552085e+02  1.21e+00   2.36e+02     4.05e-06   562.234s
1427000 +3.15342508e+02 +3.16551868e+02  1.21e+00   2.39e+02     4.04e-06   562.622s
1428000 +3.15338372e+02 +3.16551569e+02  1.21e+00   2.38e+02     4.03e-06   563.009s
1429000 +3.15337959e+02 +3.16551353e+02  1.21e+00   2.39e+02     4.03e-06   563.397s
1430000 +3.15338901e+02 +3.16551182e+02  1.21e+00   2.38e+02     4.02e-06   563.785s
1431000 +3.15338336e+02 +3.16551096e+02  1.21e+00   2.38e+02     4.02e-06   564.172s
1432000 +3.15341657e+02 +3.16551006e+02  1.21e+00   2.38e+02     4.01e-06   564.560s
1433000 +3.15342505e+02 +3.16475585e+02  1.13e+00   2.39e+02     3.42e-06   564.947s
1434000 +3.15338758e+02 +3.16475541e+02  1.14e+00   2.38e+02     3.42e-06   565.335s
1435000 +3.15340520e+02 +3.16475133e+02  1.13e+00   2.39e+02     3.42e-06   565.722s
1436000 +3.15342658e+02 +3.16474863e+02  1.13e+00   2.40e+02     3.41e-06   566.110s
1437000 +3.15345403e+02 +3.16474786e+02  1.13e+00   2.39e+02     3.41e-06   566.497s
1438000 +3.15343728e+02 +3.16474326e+02  1.13e+00   2.38e+02     3.41e-06   566.885s
1439000 +3.15342711e+02 +3.16474245e+02  1.13e+00   2.38e+02     3.41e-06   567.272s
1440000 +3.15343305e+02 +3.16473775e+02  1.13e+00   2.39e+02     3.40e-06   567.660s
1441000 +3.15346731e+02 +3.16473534e+02  1.13e+00   2.37e+02     3.40e-06   568.047s
1442000 +3.15347142e+02 +3.16473536e+02  1.13e+00   2.39e+02     3.40e-06   568.435s
1443000 +3.15345875e+02 +3.16473234e+02  1.13e+00   2.39e+02     3.39e-06   568.823s
1444000 +3.15348023e+02 +3.16473267e+02  1.13e+00   2.37e+02     3.39e-06   569.210s
1445000 +3.15347976e+02 +3.16472848e+02  1.12e+00   2.40e+02     3.39e-06   569.598s
1446000 +3.15352616e+02 +3.16472796e+02  1.12e+00   2.40e+02     3.39e-06   569.985s
1447000 +3.15350341e+02 +3.16472733e+02  1.12e+00   2.41e+02     3.38e-06   570.373s
1448000 +3.15351569e+02 +3.16472394e+02  1.12e+00   2.40e+02     3.38e-06   570.760s
1449000 +3.15352638e+02 +3.16472436e+02  1.12e+00   2.40e+02     3.38e-06   571.148s
1450000 +3.15349318e+02 +3.16472132e+02  1.12e+00   2.39e+02     3.37e-06   571.536s
1451000 +3.15349883e+02 +3.16471956e+02  1.12e+00   2.40e+02     3.37e-06   571.923s
1452000 +3.15353091e+02 +3.16471784e+02  1.12e+00   2.40e+02     3.37e-06   572.311s
1453000 +3.15354776e+02 +3.16471475e+02  1.12e+00   2.40e+02     3.36e-06   572.698s
1454000 +3.15354802e+02 +3.16471661e+02  1.12e+00   2.41e+02     3.36e-06   573.086s
1455000 +3.15354662e+02 +3.16471257e+02  1.12e+00   2.39e+02     3.36e-06   573.473s
1456000 +3.15353581e+02 +3.16471478e+02  1.12e+00   2.40e+02     3.36e-06   573.861s
1457000 +3.15355589e+02 +3.16471115e+02  1.12e+00   2.39e+02     3.35e-06   574.249s
1458000 +3.15352360e+02 +3.16471308e+02  1.12e+00   2.40e+02     3.35e-06   574.636s
1459000 +3.15347449e+02 +3.16471008e+02  1.12e+00   2.40e+02     3.34e-06   575.024s
1460000 +3.15345145e+02 +3.16471051e+02  1.13e+00   2.40e+02     3.34e-06   575.412s
1461000 +3.15347219e+02 +3.16470925e+02  1.12e+00   2.40e+02     3.34e-06   575.799s
1462000 +3.15351363e+02 +3.16471059e+02  1.12e+00   2.41e+02     3.33e-06   576.187s
1463000 +3.15345226e+02 +3.16470803e+02  1.13e+00   2.40e+02     3.33e-06   576.574s
1464000 +3.15349199e+02 +3.16470924e+02  1.12e+00   2.41e+02     3.33e-06   576.962s
1465000 +3.15347944e+02 +3.16470542e+02  1.12e+00   2.39e+02     3.32e-06   577.350s
1466000 +3.15347397e+02 +3.16470733e+02  1.12e+00   2.39e+02     3.32e-06   577.737s
1467000 +3.15347279e+02 +3.16470327e+02  1.12e+00   2.39e+02     3.32e-06   578.125s
1468000 +3.15351622e+02 +3.16470505e+02  1.12e+00   2.39e+02     3.31e-06   578.513s
1469000 +3.15350920e+02 +3.16470041e+02  1.12e+00   2.40e+02     3.31e-06   578.900s
1470000 +3.15352057e+02 +3.16470355e+02  1.12e+00   2.40e+02     3.30e-06   579.287s
1471000 +3.15352500e+02 +3.16469918e+02  1.12e+00   2.40e+02     3.30e-06   579.675s
1472000 +3.15352135e+02 +3.16470043e+02  1.12e+00   2.40e+02     3.29e-06   580.063s
1473000 +3.15354153e+02 +3.16469890e+02  1.12e+00   2.39e+02     3.29e-06   580.450s
1474000 +3.15352859e+02 +3.16469933e+02  1.12e+00   2.39e+02     3.28e-06   580.838s
1475000 +3.15355903e+02 +3.16469936e+02  1.11e+00   2.39e+02     3.28e-06   581.225s
1476000 +3.15352954e+02 +3.16469765e+02  1.12e+00   2.41e+02     3.28e-06   581.613s
1477000 +3.15355002e+02 +3.16470012e+02  1.12e+00   2.39e+02     3.27e-06   582.001s
1478000 +3.15356540e+02 +3.16469716e+02  1.11e+00   2.40e+02     3.27e-06   582.389s
1479000 +3.15353453e+02 +3.16469913e+02  1.12e+00   2.39e+02     3.27e-06   582.776s
1480000 +3.15357338e+02 +3.16469645e+02  1.11e+00   2.39e+02     3.26e-06   583.164s
1481000 +3.15357880e+02 +3.16469832e+02  1.11e+00   2.39e+02     3.26e-06   583.551s
1482000 +3.15355672e+02 +3.16469643e+02  1.11e+00   2.41e+02     3.26e-06   583.939s
1483000 +3.15358147e+02 +3.16469701e+02  1.11e+00   2.41e+02     3.25e-06   584.326s
1484000 +3.15357289e+02 +3.16469575e+02  1.11e+00   2.40e+02     3.25e-06   584.714s
1485000 +3.15354810e+02 +3.16469829e+02  1.12e+00   2.39e+02     3.25e-06   585.102s
1486000 +3.15358672e+02 +3.16469689e+02  1.11e+00   2.40e+02     3.24e-06   585.489s
1487000 +3.15355132e+02 +3.16469931e+02  1.11e+00   2.39e+02     3.24e-06   585.877s
1488000 +3.15359350e+02 +3.16469757e+02  1.11e+00   2.39e+02     3.23e-06   586.265s
1489000 +3.15358447e+02 +3.16469923e+02  1.11e+00   2.39e+02     3.23e-06   586.652s
1490000 +3.15358229e+02 +3.16470322e+02  1.11e+00   2.40e+02     3.22e-06   587.040s
1491000 +3.15355675e+02 +3.16469902e+02  1.11e+00   2.41e+02     3.22e-06   587.427s
1492000 +3.15353233e+02 +3.16470452e+02  1.12e+00   2.39e+02     3.22e-06   587.815s
1493000 +3.15352387e+02 +3.16470026e+02  1.12e+00   2.37e+02     3.21e-06   588.202s
1494000 +3.15352157e+02 +3.16470321e+02  1.12e+00   2.38e+02     3.21e-06   588.590s
1495000 +3.15354224e+02 +3.16470287e+02  1.12e+00   2.38e+02     3.20e-06   588.977s
1496000 +3.15352178e+02 +3.16470123e+02  1.12e+00   2.38e+02     3.20e-06   589.365s
1497000 +3.15351182e+02 +3.16470316e+02  1.12e+00   2.39e+02     3.20e-06   589.752s
1498000 +3.15349826e+02 +3.16470299e+02  1.12e+00   2.39e+02     3.19e-06   590.140s
1499000 +3.15350236e+02 +3.16470335e+02  1.12e+00   2.40e+02     3.19e-06   590.528s
1500000 +3.15347770e+02 +3.16470470e+02  1.12e+00   2.40e+02     3.19e-06   590.915s
1501000 +3.15349911e+02 +3.16470374e+02  1.12e+00   2.39e+02     3.18e-06   591.302s
1502000 +3.15348334e+02 +3.16470392e+02  1.12e+00   2.39e+02     3.18e-06   591.690s
1503000 +3.15350852e+02 +3.16470591e+02  1.12e+00   2.39e+02     3.17e-06   592.077s
1504000 +3.15347839e+02 +3.16470310e+02  1.12e+00   2.39e+02     3.17e-06   592.465s
1505000 +3.15346658e+02 +3.16470500e+02  1.12e+00   2.38e+02     3.16e-06   592.853s
1506000 +3.15348507e+02 +3.16470325e+02  1.12e+00   2.37e+02     3.16e-06   593.240s
1507000 +3.15354544e+02 +3.16470288e+02  1.12e+00   2.39e+02     3.16e-06   593.628s
1508000 +3.15347756e+02 +3.16470416e+02  1.12e+00   2.38e+02     3.15e-06   594.015s
1509000 +3.15350724e+02 +3.16470093e+02  1.12e+00   2.38e+02     3.15e-06   594.403s
1510000 +3.15350960e+02 +3.16470431e+02  1.12e+00   2.37e+02     3.15e-06   594.790s
1511000 +3.15347180e+02 +3.16470171e+02  1.12e+00   2.37e+02     3.14e-06   595.178s
1512000 +3.15351260e+02 +3.16470357e+02  1.12e+00   2.37e+02     3.14e-06   595.565s
1513000 +3.15350968e+02 +3.16470422e+02  1.12e+00   2.38e+02     3.14e-06   595.952s
1514000 +3.15352360e+02 +3.16470366e+02  1.12e+00   2.37e+02     3.13e-06   596.340s
1515000 +3.15348585e+02 +3.16470381e+02  1.12e+00   2.37e+02     3.13e-06   596.727s
1516000 +3.15347259e+02 +3.16470397e+02  1.12e+00   2.37e+02     3.13e-06   597.115s
1517000 +3.15346016e+02 +3.16470356e+02  1.12e+00   2.37e+02     3.12e-06   597.502s
1518000 +3.15343738e+02 +3.16470287e+02  1.13e+00   2.36e+02     3.12e-06   597.890s
1519000 +3.15349214e+02 +3.16470261e+02  1.12e+00   2.37e+02     3.12e-06   598.277s
1520000 +3.15352410e+02 +3.16469990e+02  1.12e+00   2.36e+02     3.11e-06   598.664s
1521000 +3.15350563e+02 +3.16470062e+02  1.12e+00   2.37e+02     3.11e-06   599.052s
1522000 +3.15351494e+02 +3.16469915e+02  1.12e+00   2.37e+02     3.11e-06   599.439s
1523000 +3.15346869e+02 +3.16469957e+02  1.12e+00   2.38e+02     3.10e-06   599.827s
1524000 +3.15348257e+02 +3.16469915e+02  1.12e+00   2.37e+02     3.10e-06   600.214s
1525000 +3.15348727e+02 +3.16469939e+02  1.12e+00   2.38e+02     3.10e-06   600.602s
1526000 +3.15347811e+02 +3.16470260e+02  1.12e+00   2.37e+02     3.10e-06   600.990s
1527000 +3.15345716e+02 +3.16470307e+02  1.12e+00   2.37e+02     3.09e-06   601.377s
1528000 +3.15349354e+02 +3.16470571e+02  1.12e+00   2.38e+02     3.09e-06   601.765s
1529000 +3.15347040e+02 +3.16470635e+02  1.12e+00   2.38e+02     3.09e-06   602.153s
1530000 +3.15345231e+02 +3.16471059e+02  1.13e+00   2.38e+02     3.08e-06   602.540s
1531000 +3.15347281e+02 +3.16471173e+02  1.12e+00   2.37e+02     3.08e-06   602.928s
1532000 +3.15344871e+02 +3.16471445e+02  1.13e+00   2.37e+02     3.08e-06   603.315s
1533000 +3.15346299e+02 +3.16471550e+02  1.13e+00   2.38e+02     3.07e-06   603.703s
1534000 +3.15342683e+02 +3.16471687e+02  1.13e+00   2.37e+02     3.07e-06   604.090s
1535000 +3.15345938e+02 +3.16472004e+02  1.13e+00   2.36e+02     3.07e-06   604.477s
1536000 +3.15343656e+02 +3.16472296e+02  1.13e+00   2.36e+02     3.07e-06   604.865s
1537000 +3.15343162e+02 +3.16472469e+02  1.13e+00   2.36e+02     3.06e-06   605.252s
1538000 +3.15346514e+02 +3.16472439e+02  1.13e+00   2.36e+02     3.06e-06   605.640s
1539000 +3.15344565e+02 +3.16472685e+02  1.13e+00   2.36e+02     3.06e-06   606.027s
1540000 +3.15343607e+02 +3.16473080e+02  1.13e+00   2.36e+02     3.05e-06   606.415s
1541000 +3.15342555e+02 +3.16473369e+02  1.13e+00   2.35e+02     3.05e-06   606.802s
1542000 +3.15344576e+02 +3.16473683e+02  1.13e+00   2.36e+02     3.05e-06   607.190s
1543000 +3.15345265e+02 +3.16473755e+02  1.13e+00   2.36e+02     3.04e-06   607.577s
1544000 +3.15339070e+02 +3.16473848e+02  1.13e+00   2.37e+02     3.04e-06   607.965s
1545000 +3.15343688e+02 +3.16473912e+02  1.13e+00   2.37e+02     3.04e-06   608.352s
1546000 +3.15346103e+02 +3.16474048e+02  1.13e+00   2.36e+02     3.03e-06   608.740s
1547000 +3.15343149e+02 +3.16474338e+02  1.13e+00   2.36e+02     3.03e-06   609.128s
1548000 +3.15343676e+02 +3.16474727e+02  1.13e+00   2.36e+02     3.03e-06   609.515s
1549000 +3.15341516e+02 +3.16474872e+02  1.13e+00   2.36e+02     3.03e-06   609.903s
1550000 +3.15343304e+02 +3.16474892e+02  1.13e+00   2.35e+02     3.02e-06   610.290s
1551000 +3.15341622e+02 +3.16475203e+02  1.13e+00   2.34e+02     3.02e-06   610.678s
1552000 +3.15344437e+02 +3.16475471e+02  1.13e+00   2.35e+02     3.02e-06   611.066s
1553000 +3.15348853e+02 +3.16466537e+02  1.12e+00   2.35e+02     3.01e-06   611.454s
1554000 +3.15349075e+02 +3.16466517e+02  1.12e+00   2.35e+02     3.01e-06   611.841s
1555000 +3.15350575e+02 +3.16466501e+02  1.12e+00   2.35e+02     3.00e-06   612.229s
1556000 +3.15352387e+02 +3.16466521e+02  1.11e+00   2.35e+02     3.00e-06   612.616s
1557000 +3.15353413e+02 +3.16466516e+02  1.11e+00   2.35e+02     3.00e-06   613.004s
1558000 +3.15353841e+02 +3.16466426e+02  1.11e+00   2.35e+02     3.00e-06   613.391s
1559000 +3.15356374e+02 +3.16466356e+02  1.11e+00   2.35e+02     2.99e-06   613.779s
1560000 +3.15355515e+02 +3.16466229e+02  1.11e+00   2.35e+02     2.99e-06   614.166s
1561000 +3.15355054e+02 +3.16466211e+02  1.11e+00   2.35e+02     2.99e-06   614.553s
1562000 +3.15354487e+02 +3.16466215e+02  1.11e+00   2.35e+02     2.99e-06   614.941s
1563000 +3.15354942e+02 +3.16466251e+02  1.11e+00   2.34e+02     2.98e-06   615.329s
1564000 +3.15357866e+02 +3.16466252e+02  1.11e+00   2.34e+02     2.98e-06   615.717s
1565000 +3.15355861e+02 +3.16466223e+02  1.11e+00   2.34e+02     2.98e-06   616.104s
1566000 +3.15357997e+02 +3.16466221e+02  1.11e+00   2.34e+02     2.98e-06   616.492s
1567000 +3.15357537e+02 +3.16466120e+02  1.11e+00   2.35e+02     2.97e-06   616.880s
1568000 +3.15359176e+02 +3.16466051e+02  1.11e+00   2.34e+02     2.97e-06   617.267s
1569000 +3.15359156e+02 +3.16465974e+02  1.11e+00   2.34e+02     2.97e-06   617.655s
1570000 +3.15357209e+02 +3.16465896e+02  1.11e+00   2.34e+02     2.97e-06   618.042s
1571000 +3.15360130e+02 +3.16465883e+02  1.11e+00   2.34e+02     2.96e-06   618.430s
1572000 +3.15361313e+02 +3.16465854e+02  1.10e+00   2.34e+02     2.96e-06   618.817s
1573000 +3.15358834e+02 +3.16465807e+02  1.11e+00   2.34e+02     2.96e-06   619.205s
1574000 +3.15356963e+02 +3.16465653e+02  1.11e+00   2.34e+02     2.95e-06   619.592s
1575000 +3.15358897e+02 +3.16465501e+02  1.11e+00   2.35e+02     2.95e-06   619.980s
1576000 +3.15357046e+02 +3.16465313e+02  1.11e+00   2.34e+02     2.95e-06   620.367s
1577000 +3.15356423e+02 +3.16465221e+02  1.11e+00   2.34e+02     2.95e-06   620.755s
1578000 +3.15353761e+02 +3.16465190e+02  1.11e+00   2.34e+02     2.94e-06   621.142s
1579000 +3.15356385e+02 +3.16465090e+02  1.11e+00   2.34e+02     2.94e-06   621.530s
1580000 +3.15356634e+02 +3.16465104e+02  1.11e+00   2.34e+02     2.94e-06   621.917s
1581000 +3.15357924e+02 +3.16465154e+02  1.11e+00   2.34e+02     2.93e-06   622.305s
1582000 +3.15358340e+02 +3.16465125e+02  1.11e+00   2.34e+02     2.93e-06   622.693s
1583000 +3.15356938e+02 +3.16465188e+02  1.11e+00   2.34e+02     2.93e-06   623.080s
1584000 +3.15357700e+02 +3.16465205e+02  1.11e+00   2.34e+02     2.93e-06   623.467s
1585000 +3.15358762e+02 +3.16465100e+02  1.11e+00   2.34e+02     2.92e-06   623.855s
1586000 +3.15357757e+02 +3.16465116e+02  1.11e+00   2.34e+02     2.92e-06   624.242s
1587000 +3.15355939e+02 +3.16465045e+02  1.11e+00   2.34e+02     2.92e-06   624.629s
1588000 +3.15356359e+02 +3.16464969e+02  1.11e+00   2.34e+02     2.91e-06   625.017s
1589000 +3.15358974e+02 +3.16465026e+02  1.11e+00   2.34e+02     2.91e-06   625.404s
1590000 +3.15357203e+02 +3.16464921e+02  1.11e+00   2.35e+02     2.91e-06   625.792s
1591000 +3.15355197e+02 +3.16464934e+02  1.11e+00   2.34e+02     2.91e-06   626.179s
1592000 +3.15353581e+02 +3.16465065e+02  1.11e+00   2.34e+02     2.90e-06   626.567s
1593000 +3.15353789e+02 +3.16465009e+02  1.11e+00   2.34e+02     2.90e-06   626.954s
1594000 +3.15353502e+02 +3.16465029e+02  1.11e+00   2.34e+02     2.90e-06   627.341s
1595000 +3.15354657e+02 +3.16465040e+02  1.11e+00   2.34e+02     2.89e-06   627.729s
1596000 +3.15355510e+02 +3.16464926e+02  1.11e+00   2.34e+02     2.89e-06   628.116s
1597000 +3.15355788e+02 +3.16465014e+02  1.11e+00   2.34e+02     2.89e-06   628.503s
1598000 +3.15357401e+02 +3.16465026e+02  1.11e+00   2.34e+02     2.88e-06   628.891s
1599000 +3.15357113e+02 +3.16464937e+02  1.11e+00   2.34e+02     2.88e-06   629.279s
1600000 +3.15357680e+02 +3.16464983e+02  1.11e+00   2.34e+02     2.88e-06   629.666s
1601000 +3.15358978e+02 +3.16465002e+02  1.11e+00   2.34e+02     2.88e-06   630.054s
1602000 +3.15355627e+02 +3.16464916e+02  1.11e+00   2.34e+02     2.87e-06   630.441s
1603000 +3.15357856e+02 +3.16464893e+02  1.11e+00   2.35e+02     2.87e-06   630.829s
1604000 +3.15355195e+02 +3.16464871e+02  1.11e+00   2.34e+02     2.87e-06   631.216s
1605000 +3.15355129e+02 +3.16464734e+02  1.11e+00   2.35e+02     2.87e-06   631.603s
1606000 +3.15358113e+02 +3.16464625e+02  1.11e+00   2.35e+02     2.86e-06   631.991s
1607000 +3.15358506e+02 +3.16464687e+02  1.11e+00   2.34e+02     2.86e-06   632.378s
1608000 +3.15360305e+02 +3.16464773e+02  1.10e+00   2.34e+02     2.86e-06   632.766s
1609000 +3.15361664e+02 +3.16464688e+02  1.10e+00   2.34e+02     2.86e-06   633.153s
1610000 +3.15361104e+02 +3.16464695e+02  1.10e+00   2.34e+02     2.86e-06   633.540s
1611000 +3.15359294e+02 +3.16464846e+02  1.11e+00   2.35e+02     2.85e-06   633.927s
1612000 +3.15358518e+02 +3.16464846e+02  1.11e+00   2.35e+02     2.85e-06   634.315s
1613000 +3.15362181e+02 +3.16464724e+02  1.10e+00   2.35e+02     2.85e-06   634.702s
1614000 +3.15360962e+02 +3.16464636e+02  1.10e+00   2.35e+02     2.85e-06   635.090s
1615000 +3.15360155e+02 +3.16464756e+02  1.10e+00   2.35e+02     2.84e-06   635.477s
1616000 +3.15358179e+02 +3.16464691e+02  1.11e+00   2.34e+02     2.84e-06   635.865s
1617000 +3.15356706e+02 +3.16464539e+02  1.11e+00   2.35e+02     2.84e-06   636.252s
1618000 +3.15356287e+02 +3.16464388e+02  1.11e+00   2.35e+02     2.84e-06   636.640s
1619000 +3.15359868e+02 +3.16464329e+02  1.10e+00   2.35e+02     2.83e-06   637.027s
1620000 +3.15359313e+02 +3.16464392e+02  1.11e+00   2.35e+02     2.83e-06   637.414s
1621000 +3.15358194e+02 +3.16464381e+02  1.11e+00   2.35e+02     2.83e-06   637.802s
1622000 +3.15359583e+02 +3.16464298e+02  1.10e+00   2.35e+02     2.82e-06   638.189s
1623000 +3.15358950e+02 +3.16464162e+02  1.11e+00   2.35e+02     2.82e-06   638.576s
1624000 +3.15360468e+02 +3.16464433e+02  1.10e+00   2.34e+02     2.82e-06   638.964s
1625000 +3.15362945e+02 +3.16464378e+02  1.10e+00   2.35e+02     2.82e-06   639.352s
1626000 +3.15360411e+02 +3.16464548e+02  1.10e+00   2.35e+02     2.81e-06   639.739s
1627000 +3.15360972e+02 +3.16464739e+02  1.10e+00   2.36e+02     2.81e-06   640.127s
1628000 +3.15360017e+02 +3.16464605e+02  1.10e+00   2.36e+02     2.81e-06   640.514s
1629000 +3.15366794e+02 +3.16464548e+02  1.10e+00   2.36e+02     2.80e-06   640.902s
1630000 +3.15366359e+02 +3.16464683e+02  1.10e+00   2.35e+02     2.80e-06   641.289s
1631000 +3.15359019e+02 +3.16464660e+02  1.11e+00   2.35e+02     2.80e-06   641.677s
1632000 +3.15365720e+02 +3.16464743e+02  1.10e+00   2.36e+02     2.79e-06   642.064s
1633000 +3.15362521e+02 +3.16464801e+02  1.10e+00   2.36e+02     2.79e-06   642.452s
1634000 +3.15367126e+02 +3.16464781e+02  1.10e+00   2.37e+02     2.79e-06   642.839s
1635000 +3.15362187e+02 +3.16464755e+02  1.10e+00   2.35e+02     2.79e-06   643.227s
1636000 +3.15364675e+02 +3.16464536e+02  1.10e+00   2.35e+02     2.79e-06   643.614s
1637000 +3.15368252e+02 +3.16464482e+02  1.10e+00   2.36e+02     2.78e-06   644.001s
1638000 +3.15367971e+02 +3.16464389e+02  1.10e+00   2.35e+02     2.78e-06   644.389s
1639000 +3.15367137e+02 +3.16464274e+02  1.10e+00   2.35e+02     2.78e-06   644.777s
1640000 +3.15363251e+02 +3.16464235e+02  1.10e+00   2.35e+02     2.78e-06   645.164s
1641000 +3.15369152e+02 +3.16464153e+02  1.10e+00   2.36e+02     2.77e-06   645.551s
1642000 +3.15370416e+02 +3.16464109e+02  1.09e+00   2.35e+02     2.77e-06   645.939s
1643000 +3.15369596e+02 +3.16464118e+02  1.09e+00   2.35e+02     2.77e-06   646.326s
1644000 +3.15372335e+02 +3.16463975e+02  1.09e+00   2.36e+02     2.76e-06   646.714s
1645000 +3.15368418e+02 +3.16464021e+02  1.10e+00   2.35e+02     2.76e-06   647.101s
1646000 +3.15370054e+02 +3.16463912e+02  1.09e+00   2.37e+02     2.76e-06   647.489s
1647000 +3.15367626e+02 +3.16464017e+02  1.10e+00   2.36e+02     2.76e-06   647.876s
1648000 +3.15366765e+02 +3.16464113e+02  1.10e+00   2.35e+02     2.75e-06   648.264s
1649000 +3.15368003e+02 +3.16464211e+02  1.10e+00   2.36e+02     2.75e-06   648.651s
1650000 +3.15366787e+02 +3.16464353e+02  1.10e+00   2.35e+02     2.75e-06   649.038s
1651000 +3.15366774e+02 +3.16464329e+02  1.10e+00   2.35e+02     2.75e-06   649.426s
1652000 +3.15364163e+02 +3.16464341e+02  1.10e+00   2.35e+02     2.74e-06   649.813s
1653000 +3.15365899e+02 +3.16464468e+02  1.10e+00   2.36e+02     2.74e-06   650.201s
1654000 +3.15366162e+02 +3.16464463e+02  1.10e+00   2.35e+02     2.74e-06   650.588s
1655000 +3.15364248e+02 +3.16464650e+02  1.10e+00   2.35e+02     2.74e-06   650.975s
1656000 +3.15365804e+02 +3.16464654e+02  1.10e+00   2.35e+02     2.73e-06   651.363s
1657000 +3.15364074e+02 +3.16464663e+02  1.10e+00   2.35e+02     2.73e-06   651.750s
1658000 +3.15370499e+02 +3.16464608e+02  1.09e+00   2.35e+02     2.73e-06   652.138s
1659000 +3.15369075e+02 +3.16464467e+02  1.10e+00   2.35e+02     2.73e-06   652.525s
1660000 +3.15370544e+02 +3.16464376e+02  1.09e+00   2.35e+02     2.72e-06   652.912s
1661000 +3.15370752e+02 +3.16464207e+02  1.09e+00   2.35e+02     2.72e-06   653.300s
1662000 +3.15372279e+02 +3.16464375e+02  1.09e+00   2.35e+02     2.72e-06   653.687s
1663000 +3.15373122e+02 +3.16464101e+02  1.09e+00   2.35e+02     2.71e-06   654.075s
1664000 +3.15374165e+02 +3.16464238e+02  1.09e+00   2.35e+02     2.71e-06   654.462s
1665000 +3.15371757e+02 +3.16464042e+02  1.09e+00   2.34e+02     2.71e-06   654.850s
1666000 +3.15372121e+02 +3.16464380e+02  1.09e+00   2.35e+02     2.71e-06   655.237s
1667000 +3.15372061e+02 +3.16464070e+02  1.09e+00   2.35e+02     2.70e-06   655.625s
1668000 +3.15373612e+02 +3.16464298e+02  1.09e+00   2.35e+02     2.70e-06   656.012s
1669000 +3.15373727e+02 +3.16464053e+02  1.09e+00   2.36e+02     2.70e-06   656.400s
1670000 +3.15374221e+02 +3.16464341e+02  1.09e+00   2.36e+02     2.70e-06   656.787s
1671000 +3.15376056e+02 +3.16464167e+02  1.09e+00   2.35e+02     2.69e-06   657.174s
1672000 +3.15371381e+02 +3.16464320e+02  1.09e+00   2.34e+02     2.69e-06   657.562s
1673000 +3.15371595e+02 +3.16464186e+02  1.09e+00   2.35e+02     2.69e-06   657.949s
1674000 +3.15373173e+02 +3.16464179e+02  1.09e+00   2.35e+02     2.68e-06   658.336s
1675000 +3.15372332e+02 +3.16464182e+02  1.09e+00   2.34e+02     2.68e-06   658.724s
1676000 +3.15373238e+02 +3.16464250e+02  1.09e+00   2.34e+02     2.68e-06   659.111s
1677000 +3.15371018e+02 +3.16463990e+02  1.09e+00   2.35e+02     2.67e-06   659.499s
1678000 +3.15374312e+02 +3.16464071e+02  1.09e+00   2.36e+02     2.67e-06   659.886s
1679000 +3.15372573e+02 +3.16463917e+02  1.09e+00   2.34e+02     2.67e-06   660.273s
1680000 +3.15376067e+02 +3.16464028e+02  1.09e+00   2.35e+02     2.67e-06   660.660s
1681000 +3.15374229e+02 +3.16463964e+02  1.09e+00   2.34e+02     2.66e-06   661.047s
1682000 +3.15377719e+02 +3.16463985e+02  1.09e+00   2.34e+02     2.66e-06   661.435s
1683000 +3.15376207e+02 +3.16463985e+02  1.09e+00   2.34e+02     2.66e-06   661.822s
1684000 +3.15378326e+02 +3.16464104e+02  1.09e+00   2.34e+02     2.65e-06   662.210s
1685000 +3.15376335e+02 +3.16463944e+02  1.09e+00   2.34e+02     2.65e-06   662.597s
1686000 +3.15373175e+02 +3.16463967e+02  1.09e+00   2.34e+02     2.65e-06   662.984s
1687000 +3.15372038e+02 +3.16464160e+02  1.09e+00   2.33e+02     2.64e-06   663.371s
1688000 +3.15375404e+02 +3.16463735e+02  1.09e+00   2.33e+02     2.64e-06   663.759s
1689000 +3.15376374e+02 +3.16463718e+02  1.09e+00   2.33e+02     2.64e-06   664.146s
1690000 +3.15374756e+02 +3.16463868e+02  1.09e+00   2.34e+02     2.63e-06   664.533s
1691000 +3.15374094e+02 +3.16463595e+02  1.09e+00   2.34e+02     2.63e-06   664.920s
1692000 +3.15374850e+02 +3.16463454e+02  1.09e+00   2.33e+02     2.63e-06   665.308s
1693000 +3.15374941e+02 +3.16463775e+02  1.09e+00   2.33e+02     2.63e-06   665.695s
1694000 +3.15374462e+02 +3.16463699e+02  1.09e+00   2.33e+02     2.62e-06   666.083s
1695000 +3.15376737e+02 +3.16463478e+02  1.09e+00   2.33e+02     2.62e-06   666.470s
1696000 +3.15375527e+02 +3.16463758e+02  1.09e+00   2.33e+02     2.62e-06   666.857s
1697000 +3.15376268e+02 +3.16463947e+02  1.09e+00   2.33e+02     2.62e-06   667.245s
1698000 +3.15374696e+02 +3.16463696e+02  1.09e+00   2.33e+02     2.61e-06   667.632s
1699000 +3.15373843e+02 +3.16463781e+02  1.09e+00   2.33e+02     2.61e-06   668.019s
1700000 +3.15373848e+02 +3.16464001e+02  1.09e+00   2.33e+02     2.61e-06   668.407s
1701000 +3.15371279e+02 +3.16463615e+02  1.09e+00   2.33e+02     2.61e-06   668.794s
1702000 +3.15371405e+02 +3.16463525e+02  1.09e+00   2.33e+02     2.61e-06   669.181s
1703000 +3.15374018e+02 +3.16463693e+02  1.09e+00   2.33e+02     2.60e-06   669.569s
1704000 +3.15373898e+02 +3.16463466e+02  1.09e+00   2.32e+02     2.60e-06   669.957s
1705000 +3.15372893e+02 +3.16463262e+02  1.09e+00   2.32e+02     2.60e-06   670.344s
1706000 +3.15371521e+02 +3.16463433e+02  1.09e+00   2.32e+02     2.60e-06   670.732s
1707000 +3.15372391e+02 +3.16463424e+02  1.09e+00   2.32e+02     2.59e-06   671.119s
1708000 +3.15374945e+02 +3.16463025e+02  1.09e+00   2.33e+02     2.59e-06   671.506s
1709000 +3.15371574e+02 +3.16463002e+02  1.09e+00   2.32e+02     2.59e-06   671.893s
1710000 +3.15371289e+02 +3.16463094e+02  1.09e+00   2.32e+02     2.58e-06   672.281s
1711000 +3.15373776e+02 +3.16462860e+02  1.09e+00   2.32e+02     2.58e-06   672.669s
1712000 +3.15373261e+02 +3.16462744e+02  1.09e+00   2.32e+02     2.58e-06   673.056s
1713000 +3.15369832e+02 +3.16462820e+02  1.09e+00   2.32e+02     2.58e-06   673.444s
1714000 +3.15373941e+02 +3.16462751e+02  1.09e+00   2.32e+02     2.57e-06   673.831s
1715000 +3.15372933e+02 +3.16462761e+02  1.09e+00   2.32e+02     2.57e-06   674.218s
1716000 +3.15372541e+02 +3.16463004e+02  1.09e+00   2.32e+02     2.57e-06   674.606s
1717000 +3.15375133e+02 +3.16463021e+02  1.09e+00   2.32e+02     2.57e-06   674.993s
1718000 +3.15376421e+02 +3.16463057e+02  1.09e+00   2.32e+02     2.56e-06   675.381s
1719000 +3.15379367e+02 +3.16463240e+02  1.08e+00   2.32e+02     2.56e-06   675.768s
1720000 +3.15380869e+02 +3.16463207e+02  1.08e+00   2.32e+02     2.56e-06   676.156s
1721000 +3.15377567e+02 +3.16463159e+02  1.09e+00   2.32e+02     2.56e-06   676.543s
1722000 +3.15379448e+02 +3.16463210e+02  1.08e+00   2.32e+02     2.55e-06   676.931s
1723000 +3.15378790e+02 +3.16463196e+02  1.08e+00   2.32e+02     2.55e-06   677.318s
1724000 +3.15378698e+02 +3.16463168e+02  1.08e+00   2.32e+02     2.55e-06   677.705s
1725000 +3.15381181e+02 +3.16463202e+02  1.08e+00   2.32e+02     2.55e-06   678.093s
1726000 +3.15381264e+02 +3.16463216e+02  1.08e+00   2.32e+02     2.54e-06   678.481s
1727000 +3.15377001e+02 +3.16463190e+02  1.09e+00   2.32e+02     2.54e-06   678.868s
1728000 +3.15375054e+02 +3.16463161e+02  1.09e+00   2.32e+02     2.54e-06   679.255s
1729000 +3.15375021e+02 +3.16463158e+02  1.09e+00   2.32e+02     2.54e-06   679.643s
1730000 +3.15375152e+02 +3.16463071e+02  1.09e+00   2.32e+02     2.53e-06   680.030s
1731000 +3.15374150e+02 +3.16462904e+02  1.09e+00   2.32e+02     2.53e-06   680.418s
1732000 +3.15375836e+02 +3.16462875e+02  1.09e+00   2.32e+02     2.53e-06   680.805s
1733000 +3.15376316e+02 +3.16462913e+02  1.09e+00   2.32e+02     2.53e-06   681.193s
1734000 +3.15376286e+02 +3.16462708e+02  1.09e+00   2.32e+02     2.52e-06   681.580s
1735000 +3.15376640e+02 +3.16462583e+02  1.09e+00   2.32e+02     2.52e-06   681.968s
1736000 +3.15374242e+02 +3.16462721e+02  1.09e+00   2.32e+02     2.52e-06   682.355s
1737000 +3.15375689e+02 +3.16462694e+02  1.09e+00   2.32e+02     2.52e-06   682.743s
1738000 +3.15375470e+02 +3.16462509e+02  1.09e+00   2.32e+02     2.51e-06   683.130s
1739000 +3.15377343e+02 +3.16462602e+02  1.09e+00   2.32e+02     2.51e-06   683.517s
1740000 +3.15377737e+02 +3.16462674e+02  1.08e+00   2.32e+02     2.51e-06   683.905s
1741000 +3.15377904e+02 +3.16462493e+02  1.08e+00   2.32e+02     2.51e-06   684.292s
1742000 +3.15375694e+02 +3.16462395e+02  1.09e+00   2.32e+02     2.51e-06   684.679s
1743000 +3.15376850e+02 +3.16462457e+02  1.09e+00   2.32e+02     2.50e-06   685.067s
1744000 +3.15379884e+02 +3.16462315e+02  1.08e+00   2.32e+02     2.50e-06   685.455s
1745000 +3.15380953e+02 +3.16462089e+02  1.08e+00   2.32e+02     2.50e-06   685.842s
1746000 +3.15381448e+02 +3.16462229e+02  1.08e+00   2.32e+02     2.49e-06   686.229s
1747000 +3.15377697e+02 +3.16462331e+02  1.08e+00   2.32e+02     2.49e-06   686.617s
1748000 +3.15382587e+02 +3.16462086e+02  1.08e+00   2.33e+02     2.49e-06   687.004s
1749000 +3.15383552e+02 +3.16461908e+02  1.08e+00   2.32e+02     2.49e-06   687.392s
1750000 +3.15382688e+02 +3.16462149e+02  1.08e+00   2.32e+02     2.48e-06   687.779s
1751000 +3.15381702e+02 +3.16462090e+02  1.08e+00   2.32e+02     2.48e-06   688.166s
1752000 +3.15380832e+02 +3.16461802e+02  1.08e+00   2.32e+02     2.48e-06   688.554s
1753000 +3.15377919e+02 +3.16461997e+02  1.08e+00   2.32e+02     2.48e-06   688.941s
1754000 +3.15380821e+02 +3.16462125e+02  1.08e+00   2.32e+02     2.47e-06   689.328s
1755000 +3.15379961e+02 +3.16461861e+02  1.08e+00   2.32e+02     2.47e-06   689.716s
1756000 +3.15380432e+02 +3.16461730e+02  1.08e+00   2.32e+02     2.47e-06   690.103s
1757000 +3.15379374e+02 +3.16461910e+02  1.08e+00   2.32e+02     2.47e-06   690.491s
1758000 +3.15379880e+02 +3.16461860e+02  1.08e+00   2.32e+02     2.47e-06   690.878s
1759000 +3.15373446e+02 +3.16461518e+02  1.09e+00   2.32e+02     2.46e-06   691.266s
1760000 +3.15376293e+02 +3.16461493e+02  1.09e+00   2.32e+02     2.46e-06   691.653s
1761000 +3.15380452e+02 +3.16461609e+02  1.08e+00   2.32e+02     2.46e-06   692.040s
1762000 +3.15376897e+02 +3.16461394e+02  1.08e+00   2.32e+02     2.46e-06   692.428s
1763000 +3.15377609e+02 +3.16461112e+02  1.08e+00   2.32e+02     2.46e-06   692.815s
1764000 +3.15377002e+02 +3.16461207e+02  1.08e+00   2.32e+02     2.45e-06   693.202s
1765000 +3.15376912e+02 +3.16461236e+02  1.08e+00   2.32e+02     2.45e-06   693.590s
1766000 +3.15377693e+02 +3.16460924e+02  1.08e+00   2.32e+02     2.45e-06   693.977s
1767000 +3.15376718e+02 +3.16460778e+02  1.08e+00   2.32e+02     2.45e-06   694.365s
1768000 +3.15376707e+02 +3.16461023e+02  1.08e+00   2.32e+02     2.44e-06   694.752s
1769000 +3.15377517e+02 +3.16460927e+02  1.08e+00   2.32e+02     2.44e-06   695.139s
1770000 +3.15375750e+02 +3.16460664e+02  1.08e+00   2.32e+02     2.44e-06   695.527s
1771000 +3.15377990e+02 +3.16460802e+02  1.08e+00   2.32e+02     2.44e-06   695.914s
1772000 +3.15375041e+02 +3.16461010e+02  1.09e+00   2.32e+02     2.43e-06   696.302s
1773000 +3.15376061e+02 +3.16460908e+02  1.08e+00   2.32e+02     2.43e-06   696.689s
1774000 +3.15375341e+02 +3.16460779e+02  1.09e+00   2.32e+02     2.43e-06   697.076s
1775000 +3.15376384e+02 +3.16460917e+02  1.08e+00   2.32e+02     2.42e-06   697.464s
1776000 +3.15379736e+02 +3.16460994e+02  1.08e+00   2.32e+02     2.42e-06   697.851s
1777000 +3.15376804e+02 +3.16460816e+02  1.08e+00   2.32e+02     2.42e-06   698.239s
1778000 +3.15377919e+02 +3.16460783e+02  1.08e+00   2.32e+02     2.42e-06   698.627s
1779000 +3.15376734e+02 +3.16460919e+02  1.08e+00   2.32e+02     2.42e-06   699.014s
1780000 +3.15378594e+02 +3.16460824e+02  1.08e+00   2.32e+02     2.41e-06   699.401s
1781000 +3.15376925e+02 +3.16460607e+02  1.08e+00   2.32e+02     2.41e-06   699.789s
1782000 +3.15377961e+02 +3.16460565e+02  1.08e+00   2.32e+02     2.41e-06   700.176s
1783000 +3.15379392e+02 +3.16460596e+02  1.08e+00   2.32e+02     2.41e-06   700.564s
1784000 +3.15379892e+02 +3.16460451e+02  1.08e+00   2.32e+02     2.40e-06   700.951s
1785000 +3.15378459e+02 +3.16460222e+02  1.08e+00   2.32e+02     2.40e-06   701.339s
1786000 +3.15379828e+02 +3.16460188e+02  1.08e+00   2.32e+02     2.40e-06   701.726s
1787000 +3.15377907e+02 +3.16460190e+02  1.08e+00   2.32e+02     2.40e-06   702.113s
1788000 +3.15376479e+02 +3.16460003e+02  1.08e+00   2.32e+02     2.40e-06   702.501s
1789000 +3.15378094e+02 +3.16459883e+02  1.08e+00   2.32e+02     2.39e-06   702.888s
1790000 +3.15376281e+02 +3.16459733e+02  1.08e+00   2.32e+02     2.39e-06   703.275s
1791000 +3.15374011e+02 +3.16459581e+02  1.09e+00   2.32e+02     2.39e-06   703.662s
1792000 +3.15377212e+02 +3.16459536e+02  1.08e+00   2.32e+02     2.39e-06   704.050s
1793000 +3.15377584e+02 +3.16459578e+02  1.08e+00   2.32e+02     2.38e-06   704.437s
1794000 +3.15375388e+02 +3.16459647e+02  1.08e+00   2.32e+02     2.38e-06   704.825s
1795000 +3.15373540e+02 +3.16459696e+02  1.09e+00   2.32e+02     2.38e-06   705.212s
1796000 +3.15374160e+02 +3.16459650e+02  1.09e+00   2.32e+02     2.38e-06   705.599s
1797000 +3.15375393e+02 +3.16459550e+02  1.08e+00   2.32e+02     2.37e-06   705.987s
1798000 +3.15374410e+02 +3.16459401e+02  1.08e+00   2.32e+02     2.37e-06   706.374s
1799000 +3.15375447e+02 +3.16459327e+02  1.08e+00   2.32e+02     2.37e-06   706.762s
1800000 +3.15374525e+02 +3.16459262e+02  1.08e+00   2.32e+02     2.37e-06   707.150s
1801000 +3.15375517e+02 +3.16459271e+02  1.08e+00   2.32e+02     2.37e-06   707.537s
1802000 +3.15376775e+02 +3.16459234e+02  1.08e+00   2.32e+02     2.36e-06   707.925s
1803000 +3.15376732e+02 +3.16459196e+02  1.08e+00   2.32e+02     2.36e-06   708.312s
1804000 +3.15376124e+02 +3.16459197e+02  1.08e+00   2.32e+02     2.36e-06   708.700s
1805000 +3.15380542e+02 +3.16459176e+02  1.08e+00   2.32e+02     2.36e-06   709.087s
1806000 +3.15381639e+02 +3.16459165e+02  1.08e+00   2.32e+02     2.35e-06   709.475s
1807000 +3.15378074e+02 +3.16459204e+02  1.08e+00   2.32e+02     2.35e-06   709.862s
1808000 +3.15377411e+02 +3.16459223e+02  1.08e+00   2.32e+02     2.35e-06   710.250s
1809000 +3.15381247e+02 +3.16459208e+02  1.08e+00   2.32e+02     2.35e-06   710.637s
1810000 +3.15380349e+02 +3.16459179e+02  1.08e+00   2.32e+02     2.35e-06   711.025s
1811000 +3.15378098e+02 +3.16459073e+02  1.08e+00   2.32e+02     2.34e-06   711.412s
1812000 +3.15374753e+02 +3.16458905e+02  1.08e+00   2.32e+02     2.34e-06   711.800s
1813000 +3.15375994e+02 +3.16458710e+02  1.08e+00   2.32e+02     2.34e-06   712.187s
1814000 +3.15377657e+02 +3.16458531e+02  1.08e+00   2.32e+02     2.34e-06   712.574s
1815000 +3.15376874e+02 +3.16458352e+02  1.08e+00   2.32e+02     2.33e-06   712.962s
1816000 +3.15374853e+02 +3.16458171e+02  1.08e+00   2.32e+02     2.33e-06   713.349s
1817000 +3.15375465e+02 +3.16458016e+02  1.08e+00   2.32e+02     2.33e-06   713.737s
1818000 +3.15374922e+02 +3.16457897e+02  1.08e+00   2.32e+02     2.33e-06   714.125s
1819000 +3.15374581e+02 +3.16457793e+02  1.08e+00   2.32e+02     2.33e-06   714.512s
1820000 +3.15375145e+02 +3.16457704e+02  1.08e+00   2.32e+02     2.32e-06   714.899s
1821000 +3.15376303e+02 +3.16457643e+02  1.08e+00   2.32e+02     2.32e-06   715.287s
1822000 +3.15371380e+02 +3.16457625e+02  1.09e+00   2.32e+02     2.32e-06   715.674s
1823000 +3.15373051e+02 +3.16457613e+02  1.08e+00   2.32e+02     2.32e-06   716.062s
1824000 +3.15370833e+02 +3.16457596e+02  1.09e+00   2.32e+02     2.32e-06   716.449s
1825000 +3.15372991e+02 +3.16457547e+02  1.08e+00   2.32e+02     2.31e-06   716.836s
1826000 +3.15374456e+02 +3.16457500e+02  1.08e+00   2.32e+02     2.31e-06   717.224s
1827000 +3.15375568e+02 +3.16457454e+02  1.08e+00   2.32e+02     2.31e-06   717.611s
1828000 +3.15376832e+02 +3.16457416e+02  1.08e+00   2.32e+02     2.31e-06   717.999s
1829000 +3.15378874e+02 +3.16457364e+02  1.08e+00   2.32e+02     2.30e-06   718.386s
1830000 +3.15377440e+02 +3.16457347e+02  1.08e+00   2.32e+02     2.30e-06   718.773s
1831000 +3.15378645e+02 +3.16457327e+02  1.08e+00   2.32e+02     2.30e-06   719.161s
1832000 +3.15380720e+02 +3.16457302e+02  1.08e+00   2.32e+02     2.30e-06   719.548s
1833000 +3.15381997e+02 +3.16457288e+02  1.08e+00   2.32e+02     2.30e-06   719.936s
1834000 +3.15385782e+02 +3.16457287e+02  1.07e+00   2.32e+02     2.29e-06   720.323s
1835000 +3.15379051e+02 +3.16457253e+02  1.08e+00   2.32e+02     2.29e-06   720.711s
1836000 +3.15381578e+02 +3.16457251e+02  1.08e+00   2.32e+02     2.29e-06   721.098s
1837000 +3.15383031e+02 +3.16457309e+02  1.07e+00   2.32e+02     2.29e-06   721.485s
1838000 +3.15383234e+02 +3.16457306e+02  1.07e+00   2.32e+02     2.29e-06   721.872s
1839000 +3.15381300e+02 +3.16457284e+02  1.08e+00   2.32e+02     2.28e-06   722.260s
1840000 +3.15383311e+02 +3.16457293e+02  1.07e+00   2.32e+02     2.28e-06   722.647s
1841000 +3.15381266e+02 +3.16457267e+02  1.08e+00   2.32e+02     2.28e-06   723.035s
1842000 +3.15378982e+02 +3.16457202e+02  1.08e+00   2.32e+02     2.27e-06   723.422s
1843000 +3.15379434e+02 +3.16457132e+02  1.08e+00   2.32e+02     2.27e-06   723.810s
1844000 +3.15378369e+02 +3.16457050e+02  1.08e+00   2.32e+02     2.27e-06   724.197s
1845000 +3.15377473e+02 +3.16456979e+02  1.08e+00   2.32e+02     2.27e-06   724.585s
1846000 +3.15379562e+02 +3.16456877e+02  1.08e+00   2.32e+02     2.27e-06   724.972s
1847000 +3.15379913e+02 +3.16456774e+02  1.08e+00   2.32e+02     2.26e-06   725.359s
1848000 +3.15380830e+02 +3.16456684e+02  1.08e+00   2.32e+02     2.26e-06   725.747s
1849000 +3.15379811e+02 +3.16456618e+02  1.08e+00   2.32e+02     2.26e-06   726.135s
1850000 +3.15379330e+02 +3.16456553e+02  1.08e+00   2.32e+02     2.26e-06   726.522s
1851000 +3.15381762e+02 +3.16456484e+02  1.07e+00   2.32e+02     2.25e-06   726.911s
1852000 +3.15384009e+02 +3.16456453e+02  1.07e+00   2.32e+02     2.25e-06   727.299s
1853000 +3.15383848e+02 +3.16456422e+02  1.07e+00   2.32e+02     2.25e-06   727.686s
1854000 +3.15385016e+02 +3.16456387e+02  1.07e+00   2.32e+02     2.25e-06   728.074s
1855000 +3.15383740e+02 +3.16456383e+02  1.07e+00   2.32e+02     2.25e-06   728.461s
1856000 +3.15384509e+02 +3.16456334e+02  1.07e+00   2.32e+02     2.25e-06   728.848s
1857000 +3.15383197e+02 +3.16456303e+02  1.07e+00   2.32e+02     2.24e-06   729.235s
1858000 +3.15386356e+02 +3.16456295e+02  1.07e+00   2.32e+02     2.24e-06   729.623s
1859000 +3.15386104e+02 +3.16456289e+02  1.07e+00   2.32e+02     2.24e-06   730.010s
1860000 +3.15385991e+02 +3.16456286e+02  1.07e+00   2.32e+02     2.24e-06   730.398s
1861000 +3.15384688e+02 +3.16456260e+02  1.07e+00   2.32e+02     2.23e-06   730.785s
1862000 +3.15386123e+02 +3.16456225e+02  1.07e+00   2.32e+02     2.23e-06   731.173s
1863000 +3.15386111e+02 +3.16456204e+02  1.07e+00   2.32e+02     2.23e-06   731.560s
1864000 +3.15383234e+02 +3.16456178e+02  1.07e+00   2.32e+02     2.23e-06   731.948s
1865000 +3.15385932e+02 +3.16456141e+02  1.07e+00   2.32e+02     2.23e-06   732.335s
1866000 +3.15383074e+02 +3.16456096e+02  1.07e+00   2.32e+02     2.22e-06   732.722s
1867000 +3.15381167e+02 +3.16456023e+02  1.07e+00   2.32e+02     2.22e-06   733.110s
1868000 +3.15384643e+02 +3.16455916e+02  1.07e+00   2.32e+02     2.22e-06   733.497s
1869000 +3.15384313e+02 +3.16455786e+02  1.07e+00   2.32e+02     2.22e-06   733.884s
1870000 +3.15381420e+02 +3.16455674e+02  1.07e+00   2.32e+02     2.21e-06   734.271s
1871000 +3.15383700e+02 +3.16455557e+02  1.07e+00   2.32e+02     2.21e-06   734.659s
1872000 +3.15384257e+02 +3.16455423e+02  1.07e+00   2.32e+02     2.21e-06   735.046s
1873000 +3.15384966e+02 +3.16455322e+02  1.07e+00   2.32e+02     2.21e-06   735.434s
1874000 +3.15385094e+02 +3.16455250e+02  1.07e+00   2.32e+02     2.21e-06   735.821s
1875000 +3.15386493e+02 +3.16455192e+02  1.07e+00   2.32e+02     2.20e-06   736.209s
1876000 +3.15386142e+02 +3.16455138e+02  1.07e+00   2.32e+02     2.20e-06   736.596s
1877000 +3.15386372e+02 +3.16455095e+02  1.07e+00   2.32e+02     2.20e-06   736.983s
1878000 +3.15387752e+02 +3.16455095e+02  1.07e+00   2.32e+02     2.20e-06   737.371s
1879000 +3.15385638e+02 +3.16455126e+02  1.07e+00   2.32e+02     2.19e-06   737.758s
1880000 +3.15386362e+02 +3.16455126e+02  1.07e+00   2.32e+02     2.19e-06   738.146s
1881000 +3.15385382e+02 +3.16455128e+02  1.07e+00   2.32e+02     2.19e-06   738.533s
1882000 +3.15387388e+02 +3.16455129e+02  1.07e+00   2.32e+02     2.19e-06   738.921s
1883000 +3.15387053e+02 +3.16455148e+02  1.07e+00   2.33e+02     2.19e-06   739.308s
1884000 +3.15386056e+02 +3.16455204e+02  1.07e+00   2.32e+02     2.19e-06   739.695s
1885000 +3.15384831e+02 +3.16455276e+02  1.07e+00   2.32e+02     2.18e-06   740.083s
1886000 +3.15386671e+02 +3.16455342e+02  1.07e+00   2.32e+02     2.18e-06   740.470s
1887000 +3.15384602e+02 +3.16455386e+02  1.07e+00   2.33e+02     2.18e-06   740.858s
1888000 +3.15383921e+02 +3.16455410e+02  1.07e+00   2.32e+02     2.18e-06   741.246s
1889000 +3.15387218e+02 +3.16455433e+02  1.07e+00   2.33e+02     2.18e-06   741.633s
1890000 +3.15387068e+02 +3.16455476e+02  1.07e+00   2.33e+02     2.18e-06   742.020s
1891000 +3.15385346e+02 +3.16455510e+02  1.07e+00   2.33e+02     2.17e-06   742.408s
1892000 +3.15386395e+02 +3.16455512e+02  1.07e+00   2.33e+02     2.17e-06   742.795s
1893000 +3.15382626e+02 +3.16455465e+02  1.07e+00   2.33e+02     2.17e-06   743.183s
1894000 +3.15386397e+02 +3.16455411e+02  1.07e+00   2.32e+02     2.17e-06   743.570s
1895000 +3.15387637e+02 +3.16455338e+02  1.07e+00   2.33e+02     2.17e-06   743.958s
1896000 +3.15384864e+02 +3.16455280e+02  1.07e+00   2.33e+02     2.16e-06   744.345s
1897000 +3.15384487e+02 +3.16455228e+02  1.07e+00   2.33e+02     2.16e-06   744.732s
1898000 +3.15383210e+02 +3.16455147e+02  1.07e+00   2.33e+02     2.16e-06   745.120s
1899000 +3.15383690e+02 +3.16455051e+02  1.07e+00   2.32e+02     2.16e-06   745.507s
1900000 +3.15383354e+02 +3.16454942e+02  1.07e+00   2.32e+02     2.16e-06   745.894s
1901000 +3.15384666e+02 +3.16454839e+02  1.07e+00   2.32e+02     2.15e-06   746.282s
1902000 +3.15386975e+02 +3.16454718e+02  1.07e+00   2.32e+02     2.15e-06   746.670s
1903000 +3.15387372e+02 +3.16454628e+02  1.07e+00   2.33e+02     2.15e-06   747.057s
1904000 +3.15389825e+02 +3.16454541e+02  1.06e+00   2.33e+02     2.15e-06   747.445s
1905000 +3.15391652e+02 +3.16454456e+02  1.06e+00   2.32e+02     2.15e-06   747.832s
1906000 +3.15385798e+02 +3.16454392e+02  1.07e+00   2.32e+02     2.14e-06   748.219s
1907000 +3.15390081e+02 +3.16454330e+02  1.06e+00   2.33e+02     2.14e-06   748.607s
1908000 +3.15389523e+02 +3.16454282e+02  1.06e+00   2.32e+02     2.14e-06   748.994s
1909000 +3.15387675e+02 +3.16454276e+02  1.07e+00   2.33e+02     2.14e-06   749.382s
1910000 +3.15390461e+02 +3.16454282e+02  1.06e+00   2.33e+02     2.14e-06   749.769s
1911000 +3.15390735e+02 +3.16454308e+02  1.06e+00   2.32e+02     2.14e-06   750.157s
1912000 +3.15388854e+02 +3.16454316e+02  1.07e+00   2.32e+02     2.13e-06   750.544s
1913000 +3.15388188e+02 +3.16454334e+02  1.07e+00   2.32e+02     2.13e-06   750.932s
1914000 +3.15388780e+02 +3.16454380e+02  1.07e+00   2.32e+02     2.13e-06   751.319s
1915000 +3.15388241e+02 +3.16454415e+02  1.07e+00   2.32e+02     2.13e-06   751.706s
1916000 +3.15385937e+02 +3.16454476e+02  1.07e+00   2.32e+02     2.13e-06   752.094s
1917000 +3.15389566e+02 +3.16454525e+02  1.06e+00   2.33e+02     2.12e-06   752.481s
1918000 +3.15386589e+02 +3.16454571e+02  1.07e+00   2.33e+02     2.12e-06   752.868s
1919000 +3.15387689e+02 +3.16454609e+02  1.07e+00   2.33e+02     2.12e-06   753.256s
1920000 +3.15387991e+02 +3.16454666e+02  1.07e+00   2.33e+02     2.12e-06   753.643s
1921000 +3.15389371e+02 +3.16454654e+02  1.07e+00   2.33e+02     2.12e-06   754.030s
1922000 +3.15388476e+02 +3.16454633e+02  1.07e+00   2.33e+02     2.11e-06   754.418s
1923000 +3.15388068e+02 +3.16454621e+02  1.07e+00   2.34e+02     2.11e-06   754.805s
1924000 +3.15389026e+02 +3.16454592e+02  1.07e+00   2.34e+02     2.11e-06   755.193s
1925000 +3.15387316e+02 +3.16454564e+02  1.07e+00   2.33e+02     2.11e-06   755.580s
1926000 +3.15388461e+02 +3.16454543e+02  1.07e+00   2.34e+02     2.11e-06   755.968s
1927000 +3.15390335e+02 +3.16454526e+02  1.06e+00   2.33e+02     2.11e-06   756.355s
1928000 +3.15388590e+02 +3.16454502e+02  1.07e+00   2.33e+02     2.11e-06   756.742s
1929000 +3.15388106e+02 +3.16454430e+02  1.07e+00   2.33e+02     2.10e-06   757.130s
1930000 +3.15389307e+02 +3.16454349e+02  1.07e+00   2.33e+02     2.10e-06   757.517s
1931000 +3.15391162e+02 +3.16454259e+02  1.06e+00   2.34e+02     2.10e-06   757.904s
1932000 +3.15391834e+02 +3.16454169e+02  1.06e+00   2.34e+02     2.10e-06   758.292s
1933000 +3.15391165e+02 +3.16454095e+02  1.06e+00   2.34e+02     2.10e-06   758.679s
1934000 +3.15390927e+02 +3.16454005e+02  1.06e+00   2.34e+02     2.10e-06   759.066s
1935000 +3.15393463e+02 +3.16453921e+02  1.06e+00   2.35e+02     2.10e-06   759.454s
1936000 +3.15392563e+02 +3.16453859e+02  1.06e+00   2.35e+02     2.09e-06   759.841s
1937000 +3.15391379e+02 +3.16453800e+02  1.06e+00   2.34e+02     2.09e-06   760.229s
1938000 +3.15392623e+02 +3.16453769e+02  1.06e+00   2.34e+02     2.09e-06   760.616s
1939000 +3.15388825e+02 +3.16453740e+02  1.06e+00   2.34e+02     2.09e-06   761.003s
1940000 +3.15389142e+02 +3.16453727e+02  1.06e+00   2.34e+02     2.09e-06   761.390s
1941000 +3.15389555e+02 +3.16453717e+02  1.06e+00   2.34e+02     2.08e-06   761.778s
1942000 +3.15389229e+02 +3.16453727e+02  1.06e+00   2.34e+02     2.08e-06   762.165s
1943000 +3.15389014e+02 +3.16453734e+02  1.06e+00   2.34e+02     2.08e-06   762.553s
1944000 +3.15389529e+02 +3.16453757e+02  1.06e+00   2.34e+02     2.08e-06   762.940s
1945000 +3.15390481e+02 +3.16453765e+02  1.06e+00   2.34e+02     2.07e-06   763.327s
1946000 +3.15389620e+02 +3.16453806e+02  1.06e+00   2.34e+02     2.07e-06   763.715s
1947000 +3.15389857e+02 +3.16453859e+02  1.06e+00   2.33e+02     2.07e-06   764.102s
1948000 +3.15389296e+02 +3.16453928e+02  1.06e+00   2.33e+02     2.07e-06   764.489s
1949000 +3.15392314e+02 +3.16453960e+02  1.06e+00   2.34e+02     2.07e-06   764.876s
1950000 +3.15389813e+02 +3.16454007e+02  1.06e+00   2.33e+02     2.06e-06   765.264s
1951000 +3.15390956e+02 +3.16454047e+02  1.06e+00   2.34e+02     2.06e-06   765.652s
1952000 +3.15389251e+02 +3.16454087e+02  1.06e+00   2.34e+02     2.06e-06   766.039s
1953000 +3.15394531e+02 +3.16454112e+02  1.06e+00   2.34e+02     2.06e-06   766.427s
1954000 +3.15396689e+02 +3.16454104e+02  1.06e+00   2.34e+02     2.06e-06   766.814s
1955000 +3.15393144e+02 +3.16454107e+02  1.06e+00   2.34e+02     2.06e-06   767.201s
1956000 +3.15390165e+02 +3.16454118e+02  1.06e+00   2.34e+02     2.05e-06   767.589s
1957000 +3.15391622e+02 +3.16454099e+02  1.06e+00   2.34e+02     2.05e-06   767.976s
1958000 +3.15394141e+02 +3.16454077e+02  1.06e+00   2.34e+02     2.05e-06   768.364s
1959000 +3.15395340e+02 +3.16454058e+02  1.06e+00   2.34e+02     2.05e-06   768.751s
1960000 +3.15398190e+02 +3.16454038e+02  1.06e+00   2.34e+02     2.05e-06   769.138s
1961000 +3.15393887e+02 +3.16454032e+02  1.06e+00   2.34e+02     2.04e-06   769.526s
1962000 +3.15395358e+02 +3.16453977e+02  1.06e+00   2.34e+02     2.04e-06   769.914s
1963000 +3.15394775e+02 +3.16453919e+02  1.06e+00   2.34e+02     2.04e-06   770.301s
1964000 +3.15397353e+02 +3.16453860e+02  1.06e+00   2.34e+02     2.04e-06   770.688s
1965000 +3.15395923e+02 +3.16453810e+02  1.06e+00   2.33e+02     2.04e-06   771.076s
1966000 +3.15399378e+02 +3.16453782e+02  1.05e+00   2.34e+02     2.03e-06   771.463s
1967000 +3.15400047e+02 +3.16453767e+02  1.05e+00   2.33e+02     2.03e-06   771.850s
1968000 +3.15398075e+02 +3.16453772e+02  1.06e+00   2.33e+02     2.03e-06   772.238s
1969000 +3.15394611e+02 +3.16453797e+02  1.06e+00   2.33e+02     2.03e-06   772.625s
1970000 +3.15397677e+02 +3.16453846e+02  1.06e+00   2.34e+02     2.03e-06   773.012s
1971000 +3.15399844e+02 +3.16453886e+02  1.05e+00   2.34e+02     2.02e-06   773.400s
1972000 +3.15399272e+02 +3.16453916e+02  1.05e+00   2.34e+02     2.02e-06   773.787s
1973000 +3.15397220e+02 +3.16453968e+02  1.06e+00   2.34e+02     2.02e-06   774.174s
1974000 +3.15398344e+02 +3.16454053e+02  1.06e+00   2.34e+02     2.02e-06   774.562s
1975000 +3.15401306e+02 +3.16454121e+02  1.05e+00   2.34e+02     2.02e-06   774.949s
1976000 +3.15400113e+02 +3.16454243e+02  1.05e+00   2.34e+02     2.01e-06   775.336s
1977000 +3.15399838e+02 +3.16454342e+02  1.05e+00   2.34e+02     2.01e-06   775.724s
1978000 +3.15401646e+02 +3.16454431e+02  1.05e+00   2.34e+02     2.01e-06   776.111s
1979000 +3.15400972e+02 +3.16454507e+02  1.05e+00   2.35e+02     2.01e-06   776.499s
1980000 +3.15401999e+02 +3.16454588e+02  1.05e+00   2.35e+02     2.01e-06   776.886s
1981000 +3.15401622e+02 +3.16454634e+02  1.05e+00   2.34e+02     2.00e-06   777.274s
1982000 +3.15404787e+02 +3.16454669e+02  1.05e+00   2.35e+02     2.00e-06   777.661s
1983000 +3.15402594e+02 +3.16454697e+02  1.05e+00   2.34e+02     2.00e-06   778.049s
1984000 +3.15404408e+02 +3.16454742e+02  1.05e+00   2.34e+02     2.00e-06   778.436s
1985000 +3.15402175e+02 +3.16454780e+02  1.05e+00   2.35e+02     2.00e-06   778.823s
1986000 +3.15403854e+02 +3.16454802e+02  1.05e+00   2.34e+02     1.99e-06   779.211s
1987000 +3.15406030e+02 +3.16454810e+02  1.05e+00   2.34e+02     1.99e-06   779.598s
1988000 +3.15405996e+02 +3.16454829e+02  1.05e+00   2.35e+02     1.99e-06   779.986s
1989000 +3.15406162e+02 +3.16454831e+02  1.05e+00   2.35e+02     1.99e-06   780.373s
1990000 +3.15409834e+02 +3.16454805e+02  1.04e+00   2.34e+02     1.98e-06   780.760s
1991000 +3.15419072e+02 +3.16454706e+02  1.04e+00   2.35e+02     1.98e-06   781.149s
1992000 +3.15415759e+02 +3.16454419e+02  1.04e+00   2.34e+02     1.98e-06   781.536s
1993000 +3.15416997e+02 +3.16454147e+02  1.04e+00   2.34e+02     1.98e-06   781.923s
1994000 +3.15419161e+02 +3.16453871e+02  1.03e+00   2.34e+02     1.98e-06   782.311s
1995000 +3.15418550e+02 +3.16453595e+02  1.04e+00   2.34e+02     1.97e-06   782.698s
1996000 +3.15419011e+02 +3.16453324e+02  1.03e+00   2.34e+02     1.97e-06   783.086s
1997000 +3.15419576e+02 +3.16453070e+02  1.03e+00   2.34e+02     1.97e-06   783.473s
1998000 +3.15417452e+02 +3.16452822e+02  1.04e+00   2.35e+02     1.97e-06   783.864s
1999000 +3.15420257e+02 +3.16452577e+02  1.03e+00   2.35e+02     1.97e-06   784.252s
2000000 +3.15420495e+02 +3.16452356e+02  1.03e+00   2.35e+02     1.97e-06   784.639s
2001000 +3.15421615e+02 +3.16452149e+02  1.03e+00   2.35e+02     1.96e-06   785.027s
2002000 +3.15421010e+02 +3.16451951e+02  1.03e+00   2.35e+02     1.96e-06   785.414s
2003000 +3.15420968e+02 +3.16451746e+02  1.03e+00   2.35e+02     1.96e-06   785.801s
2004000 +3.15422484e+02 +3.16451555e+02  1.03e+00   2.35e+02     1.96e-06   786.188s
2005000 +3.15422729e+02 +3.16451380e+02  1.03e+00   2.35e+02     1.96e-06   786.576s
2006000 +3.15424159e+02 +3.16451224e+02  1.03e+00   2.35e+02     1.96e-06   786.963s
2007000 +3.15423623e+02 +3.16451098e+02  1.03e+00   2.35e+02     1.95e-06   787.350s
2008000 +3.15424392e+02 +3.16450982e+02  1.03e+00   2.35e+02     1.95e-06   787.737s
2009000 +3.15423725e+02 +3.16450866e+02  1.03e+00   2.35e+02     1.95e-06   788.125s
2010000 +3.15423405e+02 +3.16450763e+02  1.03e+00   2.35e+02     1.95e-06   788.512s
2011000 +3.15423391e+02 +3.16450670e+02  1.03e+00   2.35e+02     1.95e-06   788.900s
2012000 +3.15425220e+02 +3.16450571e+02  1.03e+00   2.35e+02     1.94e-06   789.287s
2013000 +3.15424192e+02 +3.16450473e+02  1.03e+00   2.35e+02     1.94e-06   789.674s
2014000 +3.15425024e+02 +3.16450390e+02  1.03e+00   2.35e+02     1.94e-06   790.061s
2015000 +3.15423526e+02 +3.16450322e+02  1.03e+00   2.35e+02     1.94e-06   790.449s
2016000 +3.15422043e+02 +3.16450234e+02  1.03e+00   2.35e+02     1.94e-06   790.836s
2017000 +3.15420745e+02 +3.16450161e+02  1.03e+00   2.34e+02     1.93e-06   791.224s
2018000 +3.15422359e+02 +3.16450096e+02  1.03e+00   2.34e+02     1.93e-06   791.611s
2019000 +3.15421748e+02 +3.16450003e+02  1.03e+00   2.35e+02     1.93e-06   791.998s
2020000 +3.15420272e+02 +3.16449888e+02  1.03e+00   2.35e+02     1.93e-06   792.385s
2021000 +3.15420864e+02 +3.16449806e+02  1.03e+00   2.34e+02     1.93e-06   792.773s
2022000 +3.15421825e+02 +3.16449710e+02  1.03e+00   2.35e+02     1.92e-06   793.160s
2023000 +3.15420539e+02 +3.16449605e+02  1.03e+00   2.35e+02     1.92e-06   793.548s
2024000 +3.15423101e+02 +3.16449483e+02  1.03e+00   2.34e+02     1.92e-06   793.935s
2025000 +3.15422790e+02 +3.16449372e+02  1.03e+00   2.34e+02     1.92e-06   794.322s
2026000 +3.15422875e+02 +3.16449280e+02  1.03e+00   2.34e+02     1.92e-06   794.709s
2027000 +3.15423928e+02 +3.16449195e+02  1.03e+00   2.34e+02     1.91e-06   795.099s
2028000 +3.15423106e+02 +3.16449096e+02  1.03e+00   2.34e+02     1.91e-06   795.485s
2029000 +3.15424348e+02 +3.16449003e+02  1.02e+00   2.34e+02     1.91e-06   795.872s
2030000 +3.15423541e+02 +3.16448913e+02  1.03e+00   2.34e+02     1.91e-06   796.260s
2031000 +3.15424390e+02 +3.16448839e+02  1.02e+00   2.34e+02     1.91e-06   796.647s
2032000 +3.15422150e+02 +3.16448767e+02  1.03e+00   2.34e+02     1.91e-06   797.034s
2033000 +3.15424160e+02 +3.16448710e+02  1.02e+00   2.34e+02     1.90e-06   797.422s
2034000 +3.15422332e+02 +3.16448618e+02  1.03e+00   2.34e+02     1.90e-06   797.809s
2035000 +3.15423029e+02 +3.16448526e+02  1.03e+00   2.34e+02     1.90e-06   798.196s
2036000 +3.15423977e+02 +3.16448453e+02  1.02e+00   2.34e+02     1.90e-06   798.584s
2037000 +3.15421490e+02 +3.16448384e+02  1.03e+00   2.34e+02     1.90e-06   798.972s
2038000 +3.15424027e+02 +3.16448311e+02  1.02e+00   2.34e+02     1.89e-06   799.359s
2039000 +3.15424054e+02 +3.16448240e+02  1.02e+00   2.34e+02     1.89e-06   799.746s
2040000 +3.15424056e+02 +3.16448169e+02  1.02e+00   2.34e+02     1.89e-06   800.133s
2041000 +3.15423754e+02 +3.16448097e+02  1.02e+00   2.34e+02     1.89e-06   800.521s
2042000 +3.15424767e+02 +3.16448062e+02  1.02e+00   2.34e+02     1.89e-06   800.908s
2043000 +3.15424593e+02 +3.16448023e+02  1.02e+00   2.34e+02     1.88e-06   801.295s
2044000 +3.15426008e+02 +3.16447958e+02  1.02e+00   2.34e+02     1.88e-06   801.682s
2045000 +3.15423686e+02 +3.16447917e+02  1.02e+00   2.34e+02     1.88e-06   802.069s
2046000 +3.15423455e+02 +3.16447864e+02  1.02e+00   2.34e+02     1.88e-06   802.456s
2047000 +3.15421242e+02 +3.16447835e+02  1.03e+00   2.34e+02     1.88e-06   802.844s
2048000 +3.15421709e+02 +3.16447778e+02  1.03e+00   2.34e+02     1.88e-06   803.231s
2049000 +3.15422230e+02 +3.16447704e+02  1.03e+00   2.34e+02     1.88e-06   803.619s
2050000 +3.15423535e+02 +3.16447647e+02  1.02e+00   2.34e+02     1.87e-06   804.006s
2051000 +3.15422126e+02 +3.16447599e+02  1.03e+00   2.34e+02     1.87e-06   804.393s
2052000 +3.15420735e+02 +3.16447548e+02  1.03e+00   2.34e+02     1.87e-06   804.781s
2053000 +3.15421653e+02 +3.16447498e+02  1.03e+00   2.34e+02     1.87e-06   805.168s
2054000 +3.15421136e+02 +3.16447442e+02  1.03e+00   2.34e+02     1.87e-06   805.555s
2055000 +3.15423014e+02 +3.16447412e+02  1.02e+00   2.34e+02     1.87e-06   805.943s
2056000 +3.15422907e+02 +3.16447380e+02  1.02e+00   2.34e+02     1.86e-06   806.330s
2057000 +3.15423015e+02 +3.16447357e+02  1.02e+00   2.34e+02     1.86e-06   806.717s
2058000 +3.15421327e+02 +3.16447337e+02  1.03e+00   2.33e+02     1.86e-06   807.105s
2059000 +3.15424209e+02 +3.16447304e+02  1.02e+00   2.34e+02     1.86e-06   807.492s
2060000 +3.15423220e+02 +3.16447272e+02  1.02e+00   2.33e+02     1.86e-06   807.879s
2061000 +3.15423293e+02 +3.16447245e+02  1.02e+00   2.33e+02     1.86e-06   808.267s
2062000 +3.15424951e+02 +3.16447218e+02  1.02e+00   2.33e+02     1.85e-06   808.654s
2063000 +3.15422543e+02 +3.16447189e+02  1.02e+00   2.33e+02     1.85e-06   809.041s
2064000 +3.15421840e+02 +3.16447132e+02  1.03e+00   2.33e+02     1.85e-06   809.429s
2065000 +3.15421307e+02 +3.16447069e+02  1.03e+00   2.33e+02     1.85e-06   809.816s
2066000 +3.15422827e+02 +3.16447015e+02  1.02e+00   2.33e+02     1.85e-06   810.203s
2067000 +3.15422128e+02 +3.16446976e+02  1.02e+00   2.33e+02     1.85e-06   810.590s
2068000 +3.15423566e+02 +3.16446937e+02  1.02e+00   2.33e+02     1.85e-06   810.977s
2069000 +3.15421653e+02 +3.16446920e+02  1.03e+00   2.33e+02     1.84e-06   811.364s
2070000 +3.15421491e+02 +3.16446910e+02  1.03e+00   2.33e+02     1.84e-06   811.752s
2071000 +3.15422399e+02 +3.16446908e+02  1.02e+00   2.33e+02     1.84e-06   812.139s
2072000 +3.15422270e+02 +3.16446889e+02  1.02e+00   2.33e+02     1.84e-06   812.526s
2073000 +3.15421434e+02 +3.16446893e+02  1.03e+00   2.33e+02     1.84e-06   812.914s
2074000 +3.15418962e+02 +3.16446901e+02  1.03e+00   2.33e+02     1.84e-06   813.301s
2075000 +3.15420622e+02 +3.16446904e+02  1.03e+00   2.33e+02     1.83e-06   813.688s
2076000 +3.15420131e+02 +3.16446875e+02  1.03e+00   2.33e+02     1.83e-06   814.076s
2077000 +3.15421265e+02 +3.16446850e+02  1.03e+00   2.33e+02     1.83e-06   814.463s
2078000 +3.15421416e+02 +3.16446841e+02  1.03e+00   2.33e+02     1.83e-06   814.850s
2079000 +3.15421446e+02 +3.16446837e+02  1.03e+00   2.33e+02     1.83e-06   815.237s
2080000 +3.15421024e+02 +3.16446859e+02  1.03e+00   2.33e+02     1.83e-06   815.625s
2081000 +3.15417162e+02 +3.16446873e+02  1.03e+00   2.33e+02     1.82e-06   816.012s
2082000 +3.15418412e+02 +3.16446858e+02  1.03e+00   2.33e+02     1.82e-06   816.399s
2083000 +3.15419799e+02 +3.16446860e+02  1.03e+00   2.33e+02     1.82e-06   816.787s
2084000 +3.15421154e+02 +3.16446846e+02  1.03e+00   2.33e+02     1.82e-06   817.174s
2085000 +3.15419982e+02 +3.16446813e+02  1.03e+00   2.33e+02     1.82e-06   817.561s
2086000 +3.15417546e+02 +3.16446776e+02  1.03e+00   2.33e+02     1.82e-06   817.949s
2087000 +3.15418315e+02 +3.16446730e+02  1.03e+00   2.33e+02     1.82e-06   818.336s
2088000 +3.15418983e+02 +3.16446679e+02  1.03e+00   2.33e+02     1.81e-06   818.723s
2089000 +3.15418130e+02 +3.16446640e+02  1.03e+00   2.33e+02     1.81e-06   819.111s
2090000 +3.15417176e+02 +3.16446565e+02  1.03e+00   2.33e+02     1.81e-06   819.498s
2091000 +3.15418477e+02 +3.16446505e+02  1.03e+00   2.33e+02     1.81e-06   819.885s
2092000 +3.15418453e+02 +3.16446459e+02  1.03e+00   2.33e+02     1.81e-06   820.273s
2093000 +3.15419548e+02 +3.16446438e+02  1.03e+00   2.33e+02     1.81e-06   820.660s
2094000 +3.15418700e+02 +3.16446406e+02  1.03e+00   2.33e+02     1.80e-06   821.048s
2095000 +3.15419182e+02 +3.16446396e+02  1.03e+00   2.33e+02     1.80e-06   821.435s
2096000 +3.15421489e+02 +3.16446373e+02  1.02e+00   2.33e+02     1.80e-06   821.822s
2097000 +3.15419773e+02 +3.16446357e+02  1.03e+00   2.33e+02     1.80e-06   822.209s
2098000 +3.15419961e+02 +3.16446336e+02  1.03e+00   2.33e+02     1.80e-06   822.596s
2099000 +3.15421843e+02 +3.16446305e+02  1.02e+00   2.33e+02     1.79e-06   822.984s
2100000 +3.15422247e+02 +3.16446293e+02  1.02e+00   2.33e+02     1.79e-06   823.371s
2101000 +3.15421790e+02 +3.16446302e+02  1.02e+00   2.33e+02     1.79e-06   823.758s
2102000 +3.15420494e+02 +3.16446305e+02  1.03e+00   2.33e+02     1.79e-06   824.145s
2103000 +3.15422450e+02 +3.16446298e+02  1.02e+00   2.33e+02     1.79e-06   824.533s
2104000 +3.15421309e+02 +3.16446288e+02  1.02e+00   2.33e+02     1.78e-06   824.920s
2105000 +3.15419104e+02 +3.16446296e+02  1.03e+00   2.33e+02     1.78e-06   825.307s
2106000 +3.15420842e+02 +3.16446295e+02  1.03e+00   2.33e+02     1.78e-06   825.694s
2107000 +3.15422091e+02 +3.16446291e+02  1.02e+00   2.33e+02     1.78e-06   826.082s
2108000 +3.15421216e+02 +3.16446284e+02  1.03e+00   2.34e+02     1.78e-06   826.469s
2109000 +3.15421625e+02 +3.16446275e+02  1.02e+00   2.34e+02     1.78e-06   826.857s
2110000 +3.15422123e+02 +3.16446291e+02  1.02e+00   2.34e+02     1.78e-06   827.244s
2111000 +3.15418798e+02 +3.16446296e+02  1.03e+00   2.34e+02     1.78e-06   827.632s
2112000 +3.15419878e+02 +3.16446291e+02  1.03e+00   2.34e+02     1.78e-06   828.019s
2113000 +3.15421133e+02 +3.16446283e+02  1.03e+00   2.35e+02     1.77e-06   828.406s
2114000 +3.15417428e+02 +3.16446289e+02  1.03e+00   2.34e+02     1.77e-06   828.794s
2115000 +3.15418753e+02 +3.16446284e+02  1.03e+00   2.34e+02     1.77e-06   829.181s
2116000 +3.15417157e+02 +3.16446275e+02  1.03e+00   2.34e+02     1.77e-06   829.569s
2117000 +3.15418151e+02 +3.16446272e+02  1.03e+00   2.34e+02     1.77e-06   829.956s
2118000 +3.15419003e+02 +3.16446273e+02  1.03e+00   2.34e+02     1.77e-06   830.344s
2119000 +3.15419858e+02 +3.16446258e+02  1.03e+00   2.34e+02     1.77e-06   830.731s
2120000 +3.15423105e+02 +3.16446232e+02  1.02e+00   2.34e+02     1.77e-06   831.119s
2121000 +3.15422186e+02 +3.16446223e+02  1.02e+00   2.34e+02     1.76e-06   831.506s
2122000 +3.15422096e+02 +3.16446200e+02  1.02e+00   2.35e+02     1.76e-06   831.893s
2123000 +3.15421710e+02 +3.16446174e+02  1.02e+00   2.35e+02     1.76e-06   832.280s
2124000 +3.15420377e+02 +3.16446159e+02  1.03e+00   2.35e+02     1.76e-06   832.668s
2125000 +3.15423202e+02 +3.16446117e+02  1.02e+00   2.35e+02     1.76e-06   833.055s
2126000 +3.15422337e+02 +3.16446066e+02  1.02e+00   2.35e+02     1.76e-06   833.442s
2127000 +3.15420039e+02 +3.16446014e+02  1.03e+00   2.35e+02     1.75e-06   833.830s
2128000 +3.15416979e+02 +3.16445966e+02  1.03e+00   2.35e+02     1.75e-06   834.217s
2129000 +3.15417086e+02 +3.16445932e+02  1.03e+00   2.35e+02     1.75e-06   834.604s
2130000 +3.15416568e+02 +3.16445885e+02  1.03e+00   2.35e+02     1.75e-06   834.991s
2131000 +3.15417790e+02 +3.16445826e+02  1.03e+00   2.35e+02     1.74e-06   835.379s
2132000 +3.15418307e+02 +3.16445767e+02  1.03e+00   2.35e+02     1.74e-06   835.766s
2133000 +3.15418516e+02 +3.16445725e+02  1.03e+00   2.35e+02     1.74e-06   836.153s
2134000 +3.15419174e+02 +3.16445685e+02  1.03e+00   2.36e+02     1.74e-06   836.540s
2135000 +3.15418074e+02 +3.16445638e+02  1.03e+00   2.35e+02     1.74e-06   836.928s
2136000 +3.15419472e+02 +3.16445564e+02  1.03e+00   2.35e+02     1.73e-06   837.315s
2137000 +3.15420192e+02 +3.16445491e+02  1.03e+00   2.35e+02     1.73e-06   837.703s
2138000 +3.15420161e+02 +3.16445412e+02  1.03e+00   2.35e+02     1.73e-06   838.090s
2139000 +3.15418748e+02 +3.16445412e+02  1.03e+00   2.35e+02     1.73e-06   838.477s
2140000 +3.15417010e+02 +3.16445369e+02  1.03e+00   2.35e+02     1.73e-06   838.865s
2141000 +3.15417343e+02 +3.16445373e+02  1.03e+00   2.35e+02     1.72e-06   839.252s
2142000 +3.15416082e+02 +3.16445341e+02  1.03e+00   2.35e+02     1.72e-06   839.640s
2143000 +3.15416079e+02 +3.16445286e+02  1.03e+00   2.34e+02     1.72e-06   840.027s
2144000 +3.15418044e+02 +3.16445287e+02  1.03e+00   2.34e+02     1.72e-06   840.414s
2145000 +3.15418051e+02 +3.16445269e+02  1.03e+00   2.34e+02     1.72e-06   840.802s
2146000 +3.15416386e+02 +3.16445248e+02  1.03e+00   2.34e+02     1.72e-06   841.189s
2147000 +3.15415433e+02 +3.16445190e+02  1.03e+00   2.34e+02     1.72e-06   841.576s
2148000 +3.15415511e+02 +3.16445147e+02  1.03e+00   2.34e+02     1.72e-06   841.964s
2149000 +3.15414997e+02 +3.16445153e+02  1.03e+00   2.34e+02     1.72e-06   842.351s
2150000 +3.15417248e+02 +3.16445155e+02  1.03e+00   2.34e+02     1.71e-06   842.739s
2151000 +3.15417033e+02 +3.16445120e+02  1.03e+00   2.35e+02     1.71e-06   843.126s
2152000 +3.15418924e+02 +3.16445116e+02  1.03e+00   2.35e+02     1.71e-06   843.513s
2153000 +3.15420016e+02 +3.16445112e+02  1.03e+00   2.34e+02     1.71e-06   843.901s
2154000 +3.15418410e+02 +3.16445117e+02  1.03e+00   2.34e+02     1.71e-06   844.288s
2155000 +3.15418508e+02 +3.16445105e+02  1.03e+00   2.35e+02     1.71e-06   844.675s
2156000 +3.15419627e+02 +3.16445107e+02  1.03e+00   2.35e+02     1.70e-06   845.063s
2157000 +3.15418662e+02 +3.16445115e+02  1.03e+00   2.35e+02     1.70e-06   845.451s
2158000 +3.15419021e+02 +3.16445128e+02  1.03e+00   2.35e+02     1.70e-06   845.838s
2159000 +3.15419683e+02 +3.16445117e+02  1.03e+00   2.35e+02     1.70e-06   846.225s
2160000 +3.15417882e+02 +3.16445114e+02  1.03e+00   2.35e+02     1.70e-06   846.612s
2161000 +3.15417064e+02 +3.16445068e+02  1.03e+00   2.34e+02     1.69e-06   846.999s
2162000 +3.15416202e+02 +3.16445042e+02  1.03e+00   2.34e+02     1.69e-06   847.387s
2163000 +3.15417585e+02 +3.16445045e+02  1.03e+00   2.34e+02     1.69e-06   847.775s
2164000 +3.15417134e+02 +3.16445102e+02  1.03e+00   2.34e+02     1.69e-06   848.162s
2165000 +3.15416111e+02 +3.16445121e+02  1.03e+00   2.34e+02     1.69e-06   848.550s
2166000 +3.15416591e+02 +3.16445154e+02  1.03e+00   2.34e+02     1.68e-06   848.937s
2167000 +3.15415127e+02 +3.16445168e+02  1.03e+00   2.34e+02     1.68e-06   849.324s
2168000 +3.15416112e+02 +3.16445177e+02  1.03e+00   2.35e+02     1.68e-06   849.712s
2169000 +3.15414986e+02 +3.16445185e+02  1.03e+00   2.35e+02     1.68e-06   850.099s
2170000 +3.15415544e+02 +3.16445151e+02  1.03e+00   2.34e+02     1.68e-06   850.486s
2171000 +3.15415292e+02 +3.16445163e+02  1.03e+00   2.35e+02     1.68e-06   850.874s
2172000 +3.15417700e+02 +3.16445183e+02  1.03e+00   2.34e+02     1.67e-06   851.261s
2173000 +3.15417551e+02 +3.16445195e+02  1.03e+00   2.34e+02     1.67e-06   851.649s
2174000 +3.15417372e+02 +3.16445215e+02  1.03e+00   2.34e+02     1.67e-06   852.039s
2175000 +3.15416464e+02 +3.16445230e+02  1.03e+00   2.34e+02     1.67e-06   852.427s
2176000 +3.15414659e+02 +3.16445270e+02  1.03e+00   2.34e+02     1.66e-06   852.814s
2177000 +3.15415074e+02 +3.16445312e+02  1.03e+00   2.34e+02     1.66e-06   853.201s
2178000 +3.15415982e+02 +3.16445333e+02  1.03e+00   2.34e+02     1.66e-06   853.589s
2179000 +3.15416840e+02 +3.16445367e+02  1.03e+00   2.34e+02     1.66e-06   853.976s
2180000 +3.15415041e+02 +3.16445391e+02  1.03e+00   2.35e+02     1.66e-06   854.364s
2181000 +3.15413803e+02 +3.16445427e+02  1.03e+00   2.34e+02     1.65e-06   854.751s
2182000 +3.15413210e+02 +3.16445477e+02  1.03e+00   2.34e+02     1.65e-06   855.138s
2183000 +3.15414123e+02 +3.16445496e+02  1.03e+00   2.35e+02     1.65e-06   855.526s
2184000 +3.15414404e+02 +3.16445482e+02  1.03e+00   2.34e+02     1.65e-06   855.913s
2185000 +3.15413687e+02 +3.16445439e+02  1.03e+00   2.34e+02     1.65e-06   856.300s
2186000 +3.15413814e+02 +3.16445400e+02  1.03e+00   2.34e+02     1.64e-06   856.688s
2187000 +3.15415572e+02 +3.16445395e+02  1.03e+00   2.34e+02     1.64e-06   857.075s
2188000 +3.15416406e+02 +3.16445404e+02  1.03e+00   2.35e+02     1.64e-06   857.463s
2189000 +3.15418281e+02 +3.16445428e+02  1.03e+00   2.34e+02     1.64e-06   857.850s
2190000 +3.15416381e+02 +3.16445442e+02  1.03e+00   2.35e+02     1.64e-06   858.238s
2191000 +3.15415580e+02 +3.16445447e+02  1.03e+00   2.35e+02     1.63e-06   858.625s
2192000 +3.15415080e+02 +3.16445455e+02  1.03e+00   2.34e+02     1.63e-06   859.012s
2193000 +3.15413693e+02 +3.16445458e+02  1.03e+00   2.35e+02     1.63e-06   859.399s
2194000 +3.15414642e+02 +3.16445455e+02  1.03e+00   2.35e+02     1.63e-06   859.787s
2195000 +3.15414386e+02 +3.16445437e+02  1.03e+00   2.35e+02     1.62e-06   860.174s
2196000 +3.15414028e+02 +3.16445405e+02  1.03e+00   2.34e+02     1.62e-06   860.561s
2197000 +3.15413921e+02 +3.16445382e+02  1.03e+00   2.34e+02     1.62e-06   860.948s
2198000 +3.15412779e+02 +3.16445359e+02  1.03e+00   2.35e+02     1.62e-06   861.336s
2199000 +3.15414003e+02 +3.16445340e+02  1.03e+00   2.35e+02     1.62e-06   861.723s
2200000 +3.15413586e+02 +3.16445316e+02  1.03e+00   2.35e+02     1.62e-06   862.110s
2201000 +3.15413844e+02 +3.16445282e+02  1.03e+00   2.35e+02     1.61e-06   862.497s
2202000 +3.15413074e+02 +3.16445264e+02  1.03e+00   2.35e+02     1.61e-06   862.884s
2203000 +3.15416596e+02 +3.16445256e+02  1.03e+00   2.34e+02     1.61e-06   863.272s
2204000 +3.15414857e+02 +3.16445252e+02  1.03e+00   2.34e+02     1.61e-06   863.659s
2205000 +3.15417051e+02 +3.16445279e+02  1.03e+00   2.35e+02     1.61e-06   864.047s
2206000 +3.15416286e+02 +3.16445294e+02  1.03e+00   2.35e+02     1.61e-06   864.434s
2207000 +3.15417029e+02 +3.16445313e+02  1.03e+00   2.34e+02     1.60e-06   864.821s
2208000 +3.15415470e+02 +3.16445309e+02  1.03e+00   2.35e+02     1.60e-06   865.209s
2209000 +3.15416125e+02 +3.16445336e+02  1.03e+00   2.35e+02     1.60e-06   865.596s
2210000 +3.15417313e+02 +3.16445331e+02  1.03e+00   2.35e+02     1.60e-06   865.984s
2211000 +3.15413878e+02 +3.16445325e+02  1.03e+00   2.34e+02     1.60e-06   866.371s
2212000 +3.15414988e+02 +3.16445342e+02  1.03e+00   2.35e+02     1.59e-06   866.758s
2213000 +3.15412348e+02 +3.16445357e+02  1.03e+00   2.35e+02     1.59e-06   867.146s
2214000 +3.15411175e+02 +3.16445371e+02  1.03e+00   2.35e+02     1.59e-06   867.533s
2215000 +3.15410401e+02 +3.16445395e+02  1.03e+00   2.35e+02     1.59e-06   867.920s
2216000 +3.15409604e+02 +3.16445428e+02  1.04e+00   2.35e+02     1.59e-06   868.309s
2217000 +3.15408919e+02 +3.16445456e+02  1.04e+00   2.35e+02     1.59e-06   868.696s
2218000 +3.15408371e+02 +3.16445489e+02  1.04e+00   2.34e+02     1.58e-06   869.084s
2219000 +3.15407414e+02 +3.16445534e+02  1.04e+00   2.34e+02     1.58e-06   869.471s
2220000 +3.15407312e+02 +3.16445582e+02  1.04e+00   2.34e+02     1.58e-06   869.858s
2221000 +3.15408357e+02 +3.16445622e+02  1.04e+00   2.34e+02     1.58e-06   870.246s
2222000 +3.15410594e+02 +3.16445656e+02  1.04e+00   2.34e+02     1.58e-06   870.633s
2223000 +3.15410055e+02 +3.16445691e+02  1.04e+00   2.34e+02     1.57e-06   871.020s
2224000 +3.15411184e+02 +3.16445731e+02  1.03e+00   2.34e+02     1.57e-06   871.408s
2225000 +3.15411131e+02 +3.16445751e+02  1.03e+00   2.34e+02     1.57e-06   871.795s
2226000 +3.15412807e+02 +3.16445790e+02  1.03e+00   2.34e+02     1.57e-06   872.182s
2227000 +3.15413663e+02 +3.16445813e+02  1.03e+00   2.34e+02     1.57e-06   872.569s
2228000 +3.15410199e+02 +3.16445842e+02  1.04e+00   2.34e+02     1.57e-06   872.956s
2229000 +3.15409831e+02 +3.16445878e+02  1.04e+00   2.34e+02     1.57e-06   873.344s
2230000 +3.15412390e+02 +3.16445907e+02  1.03e+00   2.34e+02     1.56e-06   873.731s
2231000 +3.15412470e+02 +3.16445921e+02  1.03e+00   2.34e+02     1.56e-06   874.119s
2232000 +3.15410397e+02 +3.16445951e+02  1.04e+00   2.34e+02     1.56e-06   874.507s
2233000 +3.15411230e+02 +3.16445996e+02  1.03e+00   2.34e+02     1.56e-06   874.894s
2234000 +3.15410341e+02 +3.16446076e+02  1.04e+00   2.34e+02     1.56e-06   875.281s
2235000 +3.15408749e+02 +3.16446125e+02  1.04e+00   2.34e+02     1.56e-06   875.669s
2236000 +3.15408030e+02 +3.16446151e+02  1.04e+00   2.34e+02     1.56e-06   876.056s
2237000 +3.15409415e+02 +3.16446169e+02  1.04e+00   2.34e+02     1.55e-06   876.443s
2238000 +3.15409381e+02 +3.16446195e+02  1.04e+00   2.34e+02     1.55e-06   876.830s
2239000 +3.15410560e+02 +3.16446221e+02  1.04e+00   2.34e+02     1.55e-06   877.218s
2240000 +3.15412885e+02 +3.16446238e+02  1.03e+00   2.34e+02     1.55e-06   877.605s
2241000 +3.15412099e+02 +3.16446245e+02  1.03e+00   2.34e+02     1.55e-06   877.992s
2242000 +3.15410586e+02 +3.16446239e+02  1.04e+00   2.34e+02     1.55e-06   878.380s
2243000 +3.15411355e+02 +3.16446249e+02  1.03e+00   2.34e+02     1.54e-06   878.767s
2244000 +3.15410874e+02 +3.16446295e+02  1.04e+00   2.34e+02     1.54e-06   879.154s
2245000 +3.15410928e+02 +3.16446353e+02  1.04e+00   2.34e+02     1.54e-06   879.542s
2246000 +3.15409816e+02 +3.16446385e+02  1.04e+00   2.34e+02     1.54e-06   879.929s
2247000 +3.15410569e+02 +3.16446407e+02  1.04e+00   2.34e+02     1.54e-06   880.316s
2248000 +3.15410127e+02 +3.16446450e+02  1.04e+00   2.34e+02     1.54e-06   880.703s
2249000 +3.15411038e+02 +3.16446489e+02  1.04e+00   2.34e+02     1.54e-06   881.090s
2250000 +3.15411573e+02 +3.16446533e+02  1.03e+00   2.34e+02     1.53e-06   881.478s
2251000 +3.15411409e+02 +3.16446557e+02  1.04e+00   2.34e+02     1.53e-06   881.865s
2252000 +3.15408901e+02 +3.16446576e+02  1.04e+00   2.34e+02     1.53e-06   882.252s
2253000 +3.15407069e+02 +3.16446589e+02  1.04e+00   2.34e+02     1.53e-06   882.639s
2254000 +3.15409719e+02 +3.16446596e+02  1.04e+00   2.34e+02     1.53e-06   883.027s
2255000 +3.15409108e+02 +3.16446624e+02  1.04e+00   2.34e+02     1.52e-06   883.414s
2256000 +3.15411371e+02 +3.16446659e+02  1.04e+00   2.34e+02     1.52e-06   883.802s
2257000 +3.15413470e+02 +3.16446690e+02  1.03e+00   2.34e+02     1.52e-06   884.189s
2258000 +3.15412487e+02 +3.16446736e+02  1.03e+00   2.33e+02     1.52e-06   884.576s
2259000 +3.15414533e+02 +3.16446785e+02  1.03e+00   2.34e+02     1.52e-06   884.963s
2260000 +3.15413887e+02 +3.16446812e+02  1.03e+00   2.33e+02     1.52e-06   885.350s
2261000 +3.15412321e+02 +3.16446839e+02  1.03e+00   2.33e+02     1.51e-06   885.738s
2262000 +3.15412628e+02 +3.16446847e+02  1.03e+00   2.34e+02     1.51e-06   886.125s
2263000 +3.15414557e+02 +3.16446867e+02  1.03e+00   2.34e+02     1.51e-06   886.513s
2264000 +3.15414286e+02 +3.16446860e+02  1.03e+00   2.34e+02     1.51e-06   886.900s
2265000 +3.15412869e+02 +3.16446849e+02  1.03e+00   2.34e+02     1.51e-06   887.287s
2266000 +3.15412724e+02 +3.16446846e+02  1.03e+00   2.34e+02     1.51e-06   887.674s
2267000 +3.15413194e+02 +3.16446851e+02  1.03e+00   2.34e+02     1.50e-06   888.061s
2268000 +3.15412850e+02 +3.16446831e+02  1.03e+00   2.34e+02     1.50e-06   888.449s
2269000 +3.15414446e+02 +3.16446822e+02  1.03e+00   2.34e+02     1.50e-06   888.836s
2270000 +3.15414549e+02 +3.16446830e+02  1.03e+00   2.34e+02     1.50e-06   889.223s
2271000 +3.15414898e+02 +3.16446840e+02  1.03e+00   2.34e+02     1.50e-06   889.610s
2272000 +3.15414873e+02 +3.16446853e+02  1.03e+00   2.33e+02     1.50e-06   889.997s
2273000 +3.15413081e+02 +3.16446850e+02  1.03e+00   2.33e+02     1.49e-06   890.384s
2274000 +3.15411921e+02 +3.16446872e+02  1.03e+00   2.33e+02     1.49e-06   890.772s
2275000 +3.15412849e+02 +3.16446874e+02  1.03e+00   2.33e+02     1.49e-06   891.159s
2276000 +3.15413287e+02 +3.16446876e+02  1.03e+00   2.33e+02     1.49e-06   891.546s
2277000 +3.15414208e+02 +3.16446877e+02  1.03e+00   2.33e+02     1.49e-06   891.934s
2278000 +3.15414097e+02 +3.16446871e+02  1.03e+00   2.33e+02     1.48e-06   892.321s
2279000 +3.15414354e+02 +3.16446869e+02  1.03e+00   2.33e+02     1.48e-06   892.709s
2280000 +3.15413304e+02 +3.16446847e+02  1.03e+00   2.33e+02     1.48e-06   893.096s
2281000 +3.15413429e+02 +3.16446844e+02  1.03e+00   2.33e+02     1.48e-06   893.483s
2282000 +3.15413927e+02 +3.16446826e+02  1.03e+00   2.33e+02     1.48e-06   893.871s
2283000 +3.15413125e+02 +3.16446799e+02  1.03e+00   2.33e+02     1.47e-06   894.258s
2284000 +3.15413107e+02 +3.16446767e+02  1.03e+00   2.33e+02     1.47e-06   894.645s
2285000 +3.15411731e+02 +3.16446752e+02  1.04e+00   2.33e+02     1.47e-06   895.033s
2286000 +3.15411962e+02 +3.16446724e+02  1.03e+00   2.33e+02     1.47e-06   895.420s
2287000 +3.15411142e+02 +3.16446715e+02  1.04e+00   2.33e+02     1.47e-06   895.807s
2288000 +3.15411597e+02 +3.16446697e+02  1.04e+00   2.33e+02     1.47e-06   896.195s
2289000 +3.15411565e+02 +3.16446676e+02  1.04e+00   2.33e+02     1.47e-06   896.582s
2290000 +3.15410697e+02 +3.16446660e+02  1.04e+00   2.33e+02     1.46e-06   896.970s
2291000 +3.15411687e+02 +3.16446657e+02  1.03e+00   2.33e+02     1.46e-06   897.357s
2292000 +3.15410321e+02 +3.16446640e+02  1.04e+00   2.33e+02     1.46e-06   897.744s
2293000 +3.15411574e+02 +3.16446626e+02  1.04e+00   2.33e+02     1.46e-06   898.131s
2294000 +3.15412278e+02 +3.16446591e+02  1.03e+00   2.33e+02     1.46e-06   898.519s
2295000 +3.15410227e+02 +3.16446577e+02  1.04e+00   2.33e+02     1.46e-06   898.906s
2296000 +3.15408100e+02 +3.16446556e+02  1.04e+00   2.33e+02     1.45e-06   899.293s
2297000 +3.15407934e+02 +3.16446542e+02  1.04e+00   2.33e+02     1.45e-06   899.680s
2298000 +3.15409272e+02 +3.16446524e+02  1.04e+00   2.33e+02     1.45e-06   900.068s
2299000 +3.15409501e+02 +3.16446524e+02  1.04e+00   2.33e+02     1.45e-06   900.455s
2300000 +3.15407436e+02 +3.16446502e+02  1.04e+00   2.33e+02     1.45e-06   900.842s
2301000 +3.15408280e+02 +3.16446503e+02  1.04e+00   2.33e+02     1.44e-06   901.229s
2302000 +3.15409207e+02 +3.16446488e+02  1.04e+00   2.33e+02     1.44e-06   901.616s
2303000 +3.15407152e+02 +3.16446461e+02  1.04e+00   2.33e+02     1.44e-06   902.003s
2304000 +3.15410376e+02 +3.16446471e+02  1.04e+00   2.33e+02     1.44e-06   902.391s
2305000 +3.15407420e+02 +3.16446453e+02  1.04e+00   2.33e+02     1.44e-06   902.778s
2306000 +3.15408679e+02 +3.16446447e+02  1.04e+00   2.33e+02     1.44e-06   903.165s
2307000 +3.15410746e+02 +3.16446457e+02  1.04e+00   2.33e+02     1.43e-06   903.553s
2308000 +3.15409400e+02 +3.16446458e+02  1.04e+00   2.34e+02     1.43e-06   903.940s
2309000 +3.15407932e+02 +3.16446449e+02  1.04e+00   2.33e+02     1.43e-06   904.328s
2310000 +3.15409403e+02 +3.16446440e+02  1.04e+00   2.33e+02     1.43e-06   904.715s
2311000 +3.15407721e+02 +3.16446442e+02  1.04e+00   2.33e+02     1.43e-06   905.102s
2312000 +3.15410972e+02 +3.16446437e+02  1.04e+00   2.34e+02     1.43e-06   905.490s
2313000 +3.15411591e+02 +3.16446430e+02  1.03e+00   2.34e+02     1.43e-06   905.877s
2314000 +3.15410365e+02 +3.16446446e+02  1.04e+00   2.33e+02     1.43e-06   906.264s
2315000 +3.15410114e+02 +3.16446435e+02  1.04e+00   2.33e+02     1.42e-06   906.652s
2316000 +3.15408597e+02 +3.16446431e+02  1.04e+00   2.33e+02     1.42e-06   907.039s
2317000 +3.15409513e+02 +3.16446425e+02  1.04e+00   2.33e+02     1.42e-06   907.426s
2318000 +3.15409424e+02 +3.16446417e+02  1.04e+00   2.33e+02     1.42e-06   907.813s
2319000 +3.15411632e+02 +3.16446412e+02  1.03e+00   2.33e+02     1.42e-06   908.200s
2320000 +3.15411364e+02 +3.16446411e+02  1.04e+00   2.33e+02     1.41e-06   908.588s
2321000 +3.15410273e+02 +3.16446405e+02  1.04e+00   2.33e+02     1.41e-06   908.975s
2322000 +3.15411468e+02 +3.16446395e+02  1.03e+00   2.33e+02     1.41e-06   909.362s
2323000 +3.15408870e+02 +3.16446406e+02  1.04e+00   2.33e+02     1.41e-06   909.750s
2324000 +3.15408161e+02 +3.16446422e+02  1.04e+00   2.33e+02     1.41e-06   910.137s
2325000 +3.15410447e+02 +3.16446430e+02  1.04e+00   2.33e+02     1.41e-06   910.524s
2326000 +3.15409215e+02 +3.16446431e+02  1.04e+00   2.33e+02     1.40e-06   910.912s
2327000 +3.15408587e+02 +3.16446442e+02  1.04e+00   2.33e+02     1.40e-06   911.299s
2328000 +3.15407456e+02 +3.16446439e+02  1.04e+00   2.33e+02     1.40e-06   911.686s
2329000 +3.15408919e+02 +3.16446452e+02  1.04e+00   2.33e+02     1.40e-06   912.073s
2330000 +3.15407104e+02 +3.16446459e+02  1.04e+00   2.33e+02     1.40e-06   912.460s
2331000 +3.15407272e+02 +3.16446459e+02  1.04e+00   2.33e+02     1.40e-06   912.848s
2332000 +3.15407072e+02 +3.16446471e+02  1.04e+00   2.33e+02     1.40e-06   913.235s
2333000 +3.15405016e+02 +3.16446481e+02  1.04e+00   2.33e+02     1.39e-06   913.623s
2334000 +3.15406418e+02 +3.16446489e+02  1.04e+00   2.33e+02     1.39e-06   914.010s
2335000 +3.15406904e+02 +3.16446499e+02  1.04e+00   2.33e+02     1.39e-06   914.397s
2336000 +3.15405774e+02 +3.16446517e+02  1.04e+00   2.33e+02     1.39e-06   914.785s
2337000 +3.15405371e+02 +3.16446527e+02  1.04e+00   2.33e+02     1.39e-06   915.172s
2338000 +3.15405357e+02 +3.16446570e+02  1.04e+00   2.33e+02     1.38e-06   915.559s
2339000 +3.15404285e+02 +3.16446605e+02  1.04e+00   2.33e+02     1.38e-06   915.947s
2340000 +3.15403921e+02 +3.16446635e+02  1.04e+00   2.33e+02     1.38e-06   916.334s
2341000 +3.15404904e+02 +3.16446663e+02  1.04e+00   2.33e+02     1.38e-06   916.722s
2342000 +3.15402868e+02 +3.16446718e+02  1.04e+00   2.33e+02     1.38e-06   917.109s
2343000 +3.15402849e+02 +3.16446747e+02  1.04e+00   2.33e+02     1.38e-06   917.498s
2344000 +3.15404700e+02 +3.16446772e+02  1.04e+00   2.33e+02     1.37e-06   917.885s
2345000 +3.15404420e+02 +3.16446812e+02  1.04e+00   2.33e+02     1.37e-06   918.272s
2346000 +3.15403570e+02 +3.16446844e+02  1.04e+00   2.33e+02     1.37e-06   918.659s
2347000 +3.15404227e+02 +3.16446876e+02  1.04e+00   2.33e+02     1.37e-06   919.047s
2348000 +3.15405292e+02 +3.16446934e+02  1.04e+00   2.33e+02     1.37e-06   919.434s
2349000 +3.15403041e+02 +3.16446976e+02  1.04e+00   2.33e+02     1.37e-06   919.821s
2350000 +3.15404030e+02 +3.16446991e+02  1.04e+00   2.33e+02     1.36e-06   920.209s
2351000 +3.15403001e+02 +3.16447004e+02  1.04e+00   2.33e+02     1.36e-06   920.596s
2352000 +3.15400097e+02 +3.16447029e+02  1.05e+00   2.33e+02     1.36e-06   920.984s
2353000 +3.15403491e+02 +3.16447051e+02  1.04e+00   2.33e+02     1.36e-06   921.371s
2354000 +3.15403782e+02 +3.16447072e+02  1.04e+00   2.33e+02     1.36e-06   921.758s
2355000 +3.15402585e+02 +3.16447118e+02  1.04e+00   2.33e+02     1.36e-06   922.146s
2356000 +3.15402268e+02 +3.16447139e+02  1.04e+00   2.33e+02     1.35e-06   922.533s
2357000 +3.15401586e+02 +3.16447170e+02  1.05e+00   2.33e+02     1.35e-06   922.920s
2358000 +3.15403388e+02 +3.16447184e+02  1.04e+00   2.33e+02     1.35e-06   923.307s
2359000 +3.15401256e+02 +3.16447203e+02  1.05e+00   2.33e+02     1.35e-06   923.695s
2360000 +3.15401095e+02 +3.16447233e+02  1.05e+00   2.33e+02     1.35e-06   924.082s
2361000 +3.15400600e+02 +3.16447264e+02  1.05e+00   2.33e+02     1.35e-06   924.469s
2362000 +3.15402387e+02 +3.16447297e+02  1.04e+00   2.33e+02     1.34e-06   924.856s
2363000 +3.15401154e+02 +3.16447337e+02  1.05e+00   2.33e+02     1.34e-06   925.243s
2364000 +3.15403506e+02 +3.16447388e+02  1.04e+00   2.33e+02     1.34e-06   925.631s
2365000 +3.15402763e+02 +3.16447433e+02  1.04e+00   2.33e+02     1.34e-06   926.021s
2366000 +3.15400482e+02 +3.16447441e+02  1.05e+00   2.33e+02     1.34e-06   926.408s
2367000 +3.15400354e+02 +3.16447474e+02  1.05e+00   2.33e+02     1.34e-06   926.795s
2368000 +3.15401927e+02 +3.16447516e+02  1.05e+00   2.33e+02     1.33e-06   927.183s
2369000 +3.15401964e+02 +3.16447546e+02  1.05e+00   2.33e+02     1.33e-06   927.570s
2370000 +3.15401129e+02 +3.16447595e+02  1.05e+00   2.33e+02     1.33e-06   927.957s
2371000 +3.15403155e+02 +3.16447636e+02  1.04e+00   2.33e+02     1.33e-06   928.344s
2372000 +3.15403779e+02 +3.16447655e+02  1.04e+00   2.33e+02     1.33e-06   928.732s
2373000 +3.15401863e+02 +3.16447684e+02  1.05e+00   2.33e+02     1.33e-06   929.119s
2374000 +3.15401466e+02 +3.16447724e+02  1.05e+00   2.33e+02     1.33e-06   929.506s
2375000 +3.15403010e+02 +3.16447729e+02  1.04e+00   2.33e+02     1.32e-06   929.893s
2376000 +3.15401839e+02 +3.16447749e+02  1.05e+00   2.33e+02     1.32e-06   930.280s
2377000 +3.15406225e+02 +3.16447772e+02  1.04e+00   2.33e+02     1.32e-06   930.667s
2378000 +3.15405593e+02 +3.16447804e+02  1.04e+00   2.33e+02     1.32e-06   931.054s
2379000 +3.15405711e+02 +3.16447831e+02  1.04e+00   2.33e+02     1.32e-06   931.442s
2380000 +3.15407069e+02 +3.16447855e+02  1.04e+00   2.33e+02     1.32e-06   931.829s
2381000 +3.15404149e+02 +3.16447879e+02  1.04e+00   2.33e+02     1.31e-06   932.216s
2382000 +3.15402420e+02 +3.16447872e+02  1.05e+00   2.33e+02     1.31e-06   932.603s
2383000 +3.15403302e+02 +3.16447885e+02  1.04e+00   2.33e+02     1.31e-06   932.990s
2384000 +3.15403274e+02 +3.16447915e+02  1.04e+00   2.33e+02     1.31e-06   933.377s
2385000 +3.15403348e+02 +3.16447927e+02  1.04e+00   2.33e+02     1.31e-06   933.765s
2386000 +3.15401101e+02 +3.16447943e+02  1.05e+00   2.33e+02     1.31e-06   934.152s
2387000 +3.15404086e+02 +3.16447958e+02  1.04e+00   2.33e+02     1.30e-06   934.539s
2388000 +3.15402025e+02 +3.16447980e+02  1.05e+00   2.33e+02     1.30e-06   934.926s
2389000 +3.15402875e+02 +3.16447964e+02  1.05e+00   2.33e+02     1.30e-06   935.313s
2390000 +3.15402448e+02 +3.16447965e+02  1.05e+00   2.33e+02     1.30e-06   935.701s
2391000 +3.15404981e+02 +3.16447976e+02  1.04e+00   2.33e+02     1.30e-06   936.088s
2392000 +3.15403146e+02 +3.16447974e+02  1.04e+00   2.33e+02     1.30e-06   936.475s
2393000 +3.15404749e+02 +3.16447973e+02  1.04e+00   2.33e+02     1.29e-06   936.863s
2394000 +3.15404139e+02 +3.16447982e+02  1.04e+00   2.33e+02     1.29e-06   937.250s
2395000 +3.15405517e+02 +3.16448002e+02  1.04e+00   2.33e+02     1.29e-06   937.639s
2396000 +3.15404983e+02 +3.16448032e+02  1.04e+00   2.33e+02     1.29e-06   938.026s
2397000 +3.15406018e+02 +3.16448075e+02  1.04e+00   2.33e+02     1.29e-06   938.413s
2398000 +3.15406324e+02 +3.16448100e+02  1.04e+00   2.33e+02     1.29e-06   938.800s
2399000 +3.15403011e+02 +3.16448113e+02  1.05e+00   2.33e+02     1.29e-06   939.187s
2400000 +3.15405319e+02 +3.16448125e+02  1.04e+00   2.33e+02     1.28e-06   939.575s
2401000 +3.15403425e+02 +3.16448150e+02  1.04e+00   2.33e+02     1.28e-06   939.962s
2402000 +3.15405610e+02 +3.16448168e+02  1.04e+00   2.33e+02     1.28e-06   940.349s
2403000 +3.15406308e+02 +3.16448197e+02  1.04e+00   2.33e+02     1.28e-06   940.736s
2404000 +3.15406019e+02 +3.16448205e+02  1.04e+00   2.33e+02     1.28e-06   941.124s
2405000 +3.15406853e+02 +3.16448193e+02  1.04e+00   2.33e+02     1.28e-06   941.511s
2406000 +3.15406093e+02 +3.16448193e+02  1.04e+00   2.33e+02     1.27e-06   941.898s
2407000 +3.15403297e+02 +3.16448204e+02  1.04e+00   2.33e+02     1.27e-06   942.286s
2408000 +3.15402584e+02 +3.16448235e+02  1.05e+00   2.33e+02     1.27e-06   942.673s
2409000 +3.15402203e+02 +3.16448258e+02  1.05e+00   2.33e+02     1.27e-06   943.060s
2410000 +3.15401953e+02 +3.16448288e+02  1.05e+00   2.33e+02     1.27e-06   943.448s
2411000 +3.15404775e+02 +3.16448318e+02  1.04e+00   2.33e+02     1.27e-06   943.835s
2412000 +3.15402667e+02 +3.16448350e+02  1.05e+00   2.33e+02     1.26e-06   944.222s
2413000 +3.15402382e+02 +3.16448390e+02  1.05e+00   2.33e+02     1.26e-06   944.609s
2414000 +3.15402684e+02 +3.16448438e+02  1.05e+00   2.33e+02     1.26e-06   944.996s
2415000 +3.15403557e+02 +3.16448478e+02  1.04e+00   2.33e+02     1.26e-06   945.384s
2416000 +3.15403163e+02 +3.16448504e+02  1.05e+00   2.33e+02     1.26e-06   945.771s
2417000 +3.15402890e+02 +3.16448505e+02  1.05e+00   2.33e+02     1.26e-06   946.159s
2418000 +3.15403402e+02 +3.16448491e+02  1.05e+00   2.33e+02     1.25e-06   946.546s
2419000 +3.15403703e+02 +3.16448477e+02  1.04e+00   2.33e+02     1.25e-06   946.933s
2420000 +3.15402904e+02 +3.16448449e+02  1.05e+00   2.33e+02     1.25e-06   947.320s
2421000 +3.15403140e+02 +3.16448416e+02  1.05e+00   2.33e+02     1.25e-06   947.707s
2422000 +3.15403498e+02 +3.16448360e+02  1.04e+00   2.33e+02     1.25e-06   948.094s
2423000 +3.15402450e+02 +3.16448318e+02  1.05e+00   2.33e+02     1.25e-06   948.482s
2424000 +3.15402000e+02 +3.16448263e+02  1.05e+00   2.33e+02     1.25e-06   948.869s
2425000 +3.15402758e+02 +3.16448215e+02  1.05e+00   2.33e+02     1.24e-06   949.256s
2426000 +3.15402089e+02 +3.16448196e+02  1.05e+00   2.33e+02     1.24e-06   949.643s
2427000 +3.15403069e+02 +3.16448186e+02  1.05e+00   2.33e+02     1.24e-06   950.030s
2428000 +3.15400229e+02 +3.16448161e+02  1.05e+00   2.33e+02     1.24e-06   950.417s
2429000 +3.15399521e+02 +3.16448140e+02  1.05e+00   2.33e+02     1.24e-06   950.805s
2430000 +3.15402943e+02 +3.16448130e+02  1.05e+00   2.33e+02     1.24e-06   951.192s
2431000 +3.15402371e+02 +3.16448102e+02  1.05e+00   2.33e+02     1.24e-06   951.579s
2432000 +3.15401391e+02 +3.16448049e+02  1.05e+00   2.33e+02     1.24e-06   951.967s
2433000 +3.15399736e+02 +3.16448013e+02  1.05e+00   2.33e+02     1.23e-06   952.353s
2434000 +3.15399813e+02 +3.16447955e+02  1.05e+00   2.33e+02     1.23e-06   952.741s
2435000 +3.15401745e+02 +3.16447919e+02  1.05e+00   2.33e+02     1.23e-06   953.128s
2436000 +3.15402496e+02 +3.16447874e+02  1.05e+00   2.33e+02     1.23e-06   953.516s
2437000 +3.15403512e+02 +3.16447813e+02  1.04e+00   2.33e+02     1.23e-06   953.903s
2438000 +3.15402249e+02 +3.16447749e+02  1.05e+00   2.33e+02     1.23e-06   954.290s
2439000 +3.15403194e+02 +3.16447694e+02  1.04e+00   2.33e+02     1.23e-06   954.678s
2440000 +3.15404921e+02 +3.16447660e+02  1.04e+00   2.33e+02     1.23e-06   955.065s
2441000 +3.15405952e+02 +3.16447638e+02  1.04e+00   2.33e+02     1.22e-06   955.452s
2442000 +3.15405738e+02 +3.16447652e+02  1.04e+00   2.33e+02     1.22e-06   955.839s
2443000 +3.15404517e+02 +3.16447674e+02  1.04e+00   2.33e+02     1.22e-06   956.227s
2444000 +3.15402289e+02 +3.16447655e+02  1.05e+00   2.33e+02     1.22e-06   956.614s
2445000 +3.15402122e+02 +3.16447661e+02  1.05e+00   2.33e+02     1.22e-06   957.001s
2446000 +3.15405320e+02 +3.16447672e+02  1.04e+00   2.33e+02     1.22e-06   957.388s
2447000 +3.15404250e+02 +3.16447668e+02  1.04e+00   2.33e+02     1.22e-06   957.775s
2448000 +3.15403374e+02 +3.16447682e+02  1.04e+00   2.33e+02     1.22e-06   958.162s
2449000 +3.15403920e+02 +3.16447683e+02  1.04e+00   2.33e+02     1.21e-06   958.549s
2450000 +3.15402937e+02 +3.16447702e+02  1.04e+00   2.33e+02     1.21e-06   958.936s
2451000 +3.15402382e+02 +3.16447720e+02  1.05e+00   2.33e+02     1.21e-06   959.323s
2452000 +3.15401022e+02 +3.16447747e+02  1.05e+00   2.33e+02     1.21e-06   959.711s
2453000 +3.15400542e+02 +3.16447764e+02  1.05e+00   2.33e+02     1.21e-06   960.098s
2454000 +3.15399721e+02 +3.16447775e+02  1.05e+00   2.33e+02     1.21e-06   960.485s
2455000 +3.15399923e+02 +3.16447795e+02  1.05e+00   2.33e+02     1.21e-06   960.872s
2456000 +3.15401310e+02 +3.16447806e+02  1.05e+00   2.33e+02     1.20e-06   961.259s
2457000 +3.15399840e+02 +3.16447815e+02  1.05e+00   2.33e+02     1.20e-06   961.647s
2458000 +3.15401107e+02 +3.16447803e+02  1.05e+00   2.33e+02     1.20e-06   962.034s
2459000 +3.15400917e+02 +3.16447781e+02  1.05e+00   2.33e+02     1.20e-06   962.421s
2460000 +3.15402941e+02 +3.16447755e+02  1.04e+00   2.33e+02     1.20e-06   962.808s
2461000 +3.15403114e+02 +3.16447737e+02  1.04e+00   2.33e+02     1.20e-06   963.195s
2462000 +3.15402851e+02 +3.16447736e+02  1.04e+00   2.33e+02     1.19e-06   963.582s
2463000 +3.15402761e+02 +3.16447720e+02  1.04e+00   2.33e+02     1.19e-06   963.969s
2464000 +3.15402135e+02 +3.16447724e+02  1.05e+00   2.33e+02     1.19e-06   964.356s
2465000 +3.15403754e+02 +3.16447756e+02  1.04e+00   2.33e+02     1.19e-06   964.744s
2466000 +3.15401880e+02 +3.16447769e+02  1.05e+00   2.33e+02     1.19e-06   965.131s
2467000 +3.15404505e+02 +3.16447806e+02  1.04e+00   2.33e+02     1.19e-06   965.517s
2468000 +3.15404193e+02 +3.16447834e+02  1.04e+00   2.33e+02     1.19e-06   965.905s
2469000 +3.15405119e+02 +3.16447874e+02  1.04e+00   2.33e+02     1.19e-06   966.292s
2470000 +3.15403500e+02 +3.16447926e+02  1.04e+00   2.33e+02     1.18e-06   966.679s
2471000 +3.15404413e+02 +3.16447973e+02  1.04e+00   2.33e+02     1.18e-06   967.067s
2472000 +3.15403381e+02 +3.16447999e+02  1.04e+00   2.33e+02     1.18e-06   967.454s
2473000 +3.15404163e+02 +3.16448005e+02  1.04e+00   2.33e+02     1.18e-06   967.841s
2474000 +3.15403784e+02 +3.16448019e+02  1.04e+00   2.33e+02     1.18e-06   968.229s
2475000 +3.15402151e+02 +3.16448039e+02  1.05e+00   2.33e+02     1.18e-06   968.616s
2476000 +3.15403397e+02 +3.16448037e+02  1.04e+00   2.33e+02     1.18e-06   969.003s
2477000 +3.15402698e+02 +3.16448043e+02  1.05e+00   2.33e+02     1.17e-06   969.391s
2478000 +3.15400123e+02 +3.16448049e+02  1.05e+00   2.33e+02     1.17e-06   969.778s
2479000 +3.15399373e+02 +3.16448056e+02  1.05e+00   2.33e+02     1.17e-06   970.165s
2480000 +3.15401061e+02 +3.16448055e+02  1.05e+00   2.33e+02     1.17e-06   970.552s
2481000 +3.15399242e+02 +3.16448050e+02  1.05e+00   2.33e+02     1.17e-06   970.940s
2482000 +3.15399646e+02 +3.16448047e+02  1.05e+00   2.33e+02     1.17e-06   971.327s
2483000 +3.15398548e+02 +3.16448067e+02  1.05e+00   2.33e+02     1.16e-06   971.714s
2484000 +3.15401078e+02 +3.16448054e+02  1.05e+00   2.33e+02     1.16e-06   972.102s
2485000 +3.15400528e+02 +3.16448029e+02  1.05e+00   2.33e+02     1.16e-06   972.489s
2486000 +3.15402237e+02 +3.16448013e+02  1.05e+00   2.33e+02     1.16e-06   972.877s
2487000 +3.15401150e+02 +3.16447994e+02  1.05e+00   2.33e+02     1.16e-06   973.264s
2488000 +3.15403683e+02 +3.16447991e+02  1.04e+00   2.33e+02     1.16e-06   973.651s
2489000 +3.15402723e+02 +3.16447992e+02  1.05e+00   2.33e+02     1.16e-06   974.038s
2490000 +3.15403364e+02 +3.16447969e+02  1.04e+00   2.33e+02     1.16e-06   974.426s
2491000 +3.15403045e+02 +3.16447932e+02  1.04e+00   2.33e+02     1.16e-06   974.813s
2492000 +3.15405770e+02 +3.16447905e+02  1.04e+00   2.33e+02     1.15e-06   975.200s
2493000 +3.15406643e+02 +3.16447860e+02  1.04e+00   2.33e+02     1.15e-06   975.587s
2494000 +3.15406061e+02 +3.16447782e+02  1.04e+00   2.33e+02     1.15e-06   975.975s
2495000 +3.15405900e+02 +3.16447625e+02  1.04e+00   2.33e+02     1.15e-06   976.362s
2496000 +3.15408647e+02 +3.16447465e+02  1.04e+00   2.33e+02     1.15e-06   976.749s
2497000 +3.15405886e+02 +3.16447317e+02  1.04e+00   2.33e+02     1.15e-06   977.136s
2498000 +3.15405485e+02 +3.16447180e+02  1.04e+00   2.33e+02     1.15e-06   977.524s
2499000 +3.15407524e+02 +3.16447053e+02  1.04e+00   2.33e+02     1.14e-06   977.911s
2500000 +3.15405908e+02 +3.16446927e+02  1.04e+00   2.33e+02     1.14e-06   978.298s
2501000 +3.15406268e+02 +3.16446783e+02  1.04e+00   2.33e+02     1.14e-06   978.686s
2502000 +3.15406624e+02 +3.16446649e+02  1.04e+00   2.33e+02     1.14e-06   979.073s
2503000 +3.15406960e+02 +3.16446506e+02  1.04e+00   2.33e+02     1.14e-06   979.460s
2504000 +3.15405990e+02 +3.16446362e+02  1.04e+00   2.33e+02     1.14e-06   979.847s
2505000 +3.15408437e+02 +3.16446213e+02  1.04e+00   2.33e+02     1.14e-06   980.234s
2506000 +3.15407864e+02 +3.16446059e+02  1.04e+00   2.33e+02     1.13e-06   980.622s
2507000 +3.15408196e+02 +3.16445926e+02  1.04e+00   2.33e+02     1.13e-06   981.009s
2508000 +3.15408256e+02 +3.16445793e+02  1.04e+00   2.33e+02     1.13e-06   981.397s
2509000 +3.15408808e+02 +3.16445655e+02  1.04e+00   2.33e+02     1.13e-06   981.784s
2510000 +3.15409558e+02 +3.16445515e+02  1.04e+00   2.33e+02     1.13e-06   982.171s
2511000 +3.15410010e+02 +3.16445383e+02  1.04e+00   2.33e+02     1.13e-06   982.558s
2512000 +3.15411262e+02 +3.16445243e+02  1.03e+00   2.33e+02     1.13e-06   982.945s
2513000 +3.15412573e+02 +3.16445139e+02  1.03e+00   2.33e+02     1.12e-06   983.333s
2514000 +3.15414378e+02 +3.16445027e+02  1.03e+00   2.33e+02     1.12e-06   983.720s
2515000 +3.15413920e+02 +3.16444921e+02  1.03e+00   2.33e+02     1.12e-06   984.107s
2516000 +3.15415375e+02 +3.16444829e+02  1.03e+00   2.33e+02     1.12e-06   984.494s
2517000 +3.15416373e+02 +3.16444732e+02  1.03e+00   2.33e+02     1.12e-06   984.881s
2518000 +3.15418693e+02 +3.16444651e+02  1.03e+00   2.33e+02     1.12e-06   985.268s
2519000 +3.15420068e+02 +3.16444449e+02  1.02e+00   2.33e+02     1.12e-06   985.656s
2520000 +3.15419929e+02 +3.16444165e+02  1.02e+00   2.33e+02     1.12e-06   986.043s
2521000 +3.15419633e+02 +3.16443873e+02  1.02e+00   2.33e+02     1.11e-06   986.430s
2522000 +3.15420102e+02 +3.16443588e+02  1.02e+00   2.33e+02     1.11e-06   986.817s
2523000 +3.15420313e+02 +3.16443291e+02  1.02e+00   2.33e+02     1.11e-06   987.204s
2524000 +3.15421030e+02 +3.16442994e+02  1.02e+00   2.33e+02     1.11e-06   987.591s
2525000 +3.15421286e+02 +3.16442699e+02  1.02e+00   2.33e+02     1.10e-06   987.978s
2526000 +3.15421799e+02 +3.16442396e+02  1.02e+00   2.33e+02     1.10e-06   988.365s
2527000 +3.15421636e+02 +3.16442086e+02  1.02e+00   2.33e+02     1.10e-06   988.752s
2528000 +3.15423412e+02 +3.16441794e+02  1.02e+00   2.33e+02     1.10e-06   989.139s
2529000 +3.15423295e+02 +3.16441467e+02  1.02e+00   2.33e+02     1.10e-06   989.526s
2530000 +3.15424397e+02 +3.16441153e+02  1.02e+00   2.33e+02     1.10e-06   989.913s
2531000 +3.15425825e+02 +3.16440866e+02  1.02e+00   2.33e+02     1.09e-06   990.300s
2532000 +3.15425537e+02 +3.16440559e+02  1.02e+00   2.33e+02     1.09e-06   990.688s
2533000 +3.15426749e+02 +3.16440280e+02  1.01e+00   2.34e+02     1.09e-06   991.075s
2534000 +3.15427188e+02 +3.16439980e+02  1.01e+00   2.33e+02     1.09e-06   991.462s
2535000 +3.15427453e+02 +3.16439702e+02  1.01e+00   2.33e+02     1.09e-06   991.849s
2536000 +3.15427267e+02 +3.16439415e+02  1.01e+00   2.33e+02     1.08e-06   992.236s
2537000 +3.15428560e+02 +3.16439128e+02  1.01e+00   2.33e+02     1.08e-06   992.623s
2538000 +3.15427574e+02 +3.16438824e+02  1.01e+00   2.33e+02     1.08e-06   993.010s
2539000 +3.15428986e+02 +3.16438564e+02  1.01e+00   2.33e+02     1.08e-06   993.398s
2540000 +3.15430574e+02 +3.16438331e+02  1.01e+00   2.33e+02     1.08e-06   993.785s
2541000 +3.15429812e+02 +3.16438047e+02  1.01e+00   2.33e+02     1.08e-06   994.172s
2542000 +3.15429587e+02 +3.16437745e+02  1.01e+00   2.33e+02     1.08e-06   994.559s
2543000 +3.15431623e+02 +3.16437471e+02  1.01e+00   2.34e+02     1.07e-06   994.946s
2544000 +3.15431717e+02 +3.16437152e+02  1.01e+00   2.33e+02     1.07e-06   995.333s
2545000 +3.15434487e+02 +3.16436861e+02  1.00e+00   2.33e+02     1.07e-06   995.724s
2546000 +3.15433945e+02 +3.16436596e+02  1.00e+00   2.33e+02     1.07e-06   996.111s
2547000 +3.15435144e+02 +3.16436324e+02  1.00e+00   2.33e+02     1.07e-06   996.498s
2548000 +3.15434493e+02 +3.16436047e+02  1.00e+00   2.33e+02     1.07e-06   996.886s
2549000 +3.15437677e+02 +3.16435761e+02  9.98e-01   2.33e+02     1.07e-06   997.273s
2550000 +3.15438438e+02 +3.16435481e+02  9.97e-01   2.33e+02     1.07e-06   997.660s
2551000 +3.15437912e+02 +3.16435228e+02  9.97e-01   2.34e+02     1.06e-06   998.047s
2552000 +3.15438689e+02 +3.16435017e+02  9.96e-01   2.33e+02     1.06e-06   998.434s
2553000 +3.15440550e+02 +3.16434799e+02  9.94e-01   2.33e+02     1.06e-06   998.821s
2554000 +3.15442646e+02 +3.16434575e+02  9.92e-01   2.33e+02     1.06e-06   999.208s
2555000 +3.15440668e+02 +3.16434337e+02  9.94e-01   2.33e+02     1.06e-06   999.596s
2556000 +3.15442955e+02 +3.16434128e+02  9.91e-01   2.33e+02     1.06e-06   999.983s
2557000 +3.15444041e+02 +3.16433928e+02  9.90e-01   2.33e+02     1.05e-06   1000.370s
2558000 +3.15445713e+02 +3.16433723e+02  9.88e-01   2.33e+02     1.05e-06   1000.757s
2559000 +3.15445909e+02 +3.16433511e+02  9.88e-01   2.33e+02     1.05e-06   1001.145s
2560000 +3.15444894e+02 +3.16433289e+02  9.88e-01   2.33e+02     1.05e-06   1001.532s
2561000 +3.15446340e+02 +3.16433098e+02  9.87e-01   2.33e+02     1.05e-06   1001.919s
2562000 +3.15444876e+02 +3.16432907e+02  9.88e-01   2.33e+02     1.05e-06   1002.306s
2563000 +3.15448252e+02 +3.16432668e+02  9.84e-01   2.34e+02     1.05e-06   1002.692s
2564000 +3.15449850e+02 +3.16432480e+02  9.83e-01   2.33e+02     1.05e-06   1003.080s
2565000 +3.15447201e+02 +3.16432289e+02  9.85e-01   2.33e+02     1.04e-06   1003.467s
2566000 +3.15445909e+02 +3.16432114e+02  9.86e-01   2.33e+02     1.04e-06   1003.854s
2567000 +3.15448201e+02 +3.16431935e+02  9.84e-01   2.33e+02     1.04e-06   1004.241s
2568000 +3.15446485e+02 +3.16431761e+02  9.85e-01   2.33e+02     1.04e-06   1004.628s
2569000 +3.15446885e+02 +3.16431604e+02  9.85e-01   2.33e+02     1.04e-06   1005.015s
2570000 +3.15446724e+02 +3.16431485e+02  9.85e-01   2.33e+02     1.04e-06   1005.403s
2571000 +3.15447957e+02 +3.16431328e+02  9.83e-01   2.33e+02     1.04e-06   1005.790s
2572000 +3.15446257e+02 +3.16431174e+02  9.85e-01   2.33e+02     1.03e-06   1006.177s
2573000 +3.15449317e+02 +3.16431035e+02  9.82e-01   2.33e+02     1.03e-06   1006.564s
2574000 +3.15448536e+02 +3.16430865e+02  9.82e-01   2.33e+02     1.03e-06   1006.951s
2575000 +3.15449849e+02 +3.16430731e+02  9.81e-01   2.33e+02     1.03e-06   1007.339s
2576000 +3.15449345e+02 +3.16430566e+02  9.81e-01   2.33e+02     1.03e-06   1007.726s
2577000 +3.15449598e+02 +3.16430423e+02  9.81e-01   2.34e+02     1.03e-06   1008.113s
2578000 +3.15449785e+02 +3.16430262e+02  9.80e-01   2.33e+02     1.03e-06   1008.500s
2579000 +3.15451870e+02 +3.16430101e+02  9.78e-01   2.33e+02     1.03e-06   1008.887s
2580000 +3.15451889e+02 +3.16429960e+02  9.78e-01   2.33e+02     1.03e-06   1009.275s
2581000 +3.15452253e+02 +3.16429838e+02  9.78e-01   2.33e+02     1.02e-06   1009.662s
2582000 +3.15451727e+02 +3.16429697e+02  9.78e-01   2.34e+02     1.02e-06   1010.049s
2583000 +3.15451362e+02 +3.16429531e+02  9.78e-01   2.34e+02     1.02e-06   1010.436s
2584000 +3.15453289e+02 +3.16429391e+02  9.76e-01   2.34e+02     1.02e-06   1010.824s
2585000 +3.15454979e+02 +3.16429261e+02  9.74e-01   2.34e+02     1.02e-06   1011.212s
2586000 +3.15454522e+02 +3.16429118e+02  9.75e-01   2.34e+02     1.02e-06   1011.599s
2587000 +3.15453970e+02 +3.16428986e+02  9.75e-01   2.34e+02     1.02e-06   1011.986s
2588000 +3.15455527e+02 +3.16428867e+02  9.73e-01   2.34e+02     1.02e-06   1012.373s
2589000 +3.15455504e+02 +3.16428763e+02  9.73e-01   2.33e+02     1.02e-06   1012.761s
2590000 +3.15457979e+02 +3.16428645e+02  9.71e-01   2.34e+02     1.01e-06   1013.148s
2591000 +3.15455461e+02 +3.16428530e+02  9.73e-01   2.34e+02     1.01e-06   1013.535s
2592000 +3.15456426e+02 +3.16428422e+02  9.72e-01   2.34e+02     1.01e-06   1013.922s
2593000 +3.15454965e+02 +3.16428299e+02  9.73e-01   2.34e+02     1.01e-06   1014.309s
2594000 +3.15454774e+02 +3.16428144e+02  9.73e-01   2.34e+02     1.01e-06   1014.697s
2595000 +3.15454881e+02 +3.16428034e+02  9.73e-01   2.34e+02     1.01e-06   1015.084s
2596000 +3.15455171e+02 +3.16427919e+02  9.73e-01   2.34e+02     1.01e-06   1015.475s
2597000 +3.15454508e+02 +3.16427801e+02  9.73e-01   2.34e+02     1.00e-06   1015.862s
2598000 +3.15456010e+02 +3.16427691e+02  9.72e-01   2.34e+02     1.00e-06   1016.249s
2599000 +3.15454970e+02 +3.16427581e+02  9.73e-01   2.34e+02     1.00e-06   1016.636s
2600000 +3.15456219e+02 +3.16427466e+02  9.71e-01   2.34e+02     1.00e-06   1017.023s
2601000 +3.15458679e+02 +3.16427381e+02  9.69e-01   2.34e+02     1.00e-06   1017.410s
2602000 +3.15459209e+02 +3.16427290e+02  9.68e-01   2.34e+02     9.99e-07   1017.798s
2603000 +3.15458074e+02 +3.16427249e+02  9.69e-01   2.33e+02     9.98e-07   1018.185s
2604000 +3.15457546e+02 +3.16427189e+02  9.70e-01   2.33e+02     9.97e-07   1018.572s
2605000 +3.15458554e+02 +3.16427127e+02  9.69e-01   2.33e+02     9.97e-07   1018.961s
2606000 +3.15457708e+02 +3.16427050e+02  9.69e-01   2.33e+02     9.96e-07   1019.352s
2607000 +3.15459094e+02 +3.16426978e+02  9.68e-01   2.33e+02     9.94e-07   1019.739s
2608000 +3.15459520e+02 +3.16426950e+02  9.67e-01   2.33e+02     9.93e-07   1020.126s
2609000 +3.15460388e+02 +3.16426874e+02  9.66e-01   2.33e+02     9.93e-07   1020.513s
2610000 +3.15458260e+02 +3.16426836e+02  9.69e-01   2.33e+02     9.92e-07   1020.900s
2611000 +3.15457680e+02 +3.16426760e+02  9.69e-01   2.34e+02     9.91e-07   1021.288s
2612000 +3.15457969e+02 +3.16426697e+02  9.69e-01   2.34e+02     9.90e-07   1021.675s
2613000 +3.15458790e+02 +3.16426594e+02  9.68e-01   2.33e+02     9.88e-07   1022.062s
2614000 +3.15456899e+02 +3.16426508e+02  9.70e-01   2.33e+02     9.87e-07   1022.449s
2615000 +3.15458733e+02 +3.16426415e+02  9.68e-01   2.34e+02     9.85e-07   1022.837s
2616000 +3.15460360e+02 +3.16426316e+02  9.66e-01   2.33e+02     9.84e-07   1023.224s
2617000 +3.15461264e+02 +3.16426239e+02  9.65e-01   2.33e+02     9.83e-07   1023.611s
2618000 +3.15459846e+02 +3.16426145e+02  9.66e-01   2.33e+02     9.82e-07   1023.998s
2619000 +3.15462015e+02 +3.16426041e+02  9.64e-01   2.33e+02     9.81e-07   1024.386s
2620000 +3.15462161e+02 +3.16425914e+02  9.64e-01   2.33e+02     9.80e-07   1024.773s
2621000 +3.15462076e+02 +3.16425821e+02  9.64e-01   2.33e+02     9.78e-07   1025.160s
2622000 +3.15463353e+02 +3.16425707e+02  9.62e-01   2.33e+02     9.77e-07   1025.547s
2623000 +3.15463207e+02 +3.16425606e+02  9.62e-01   2.33e+02     9.76e-07   1025.934s
2624000 +3.15463656e+02 +3.16425567e+02  9.62e-01   2.33e+02     9.74e-07   1026.321s
2625000 +3.15463552e+02 +3.16425543e+02  9.62e-01   2.33e+02     9.72e-07   1026.708s
2626000 +3.15464582e+02 +3.16425520e+02  9.61e-01   2.33e+02     9.70e-07   1027.095s
2627000 +3.15465834e+02 +3.16425488e+02  9.60e-01   2.34e+02     9.69e-07   1027.483s
2628000 +3.15465940e+02 +3.16425442e+02  9.60e-01   2.33e+02     9.69e-07   1027.870s
2629000 +3.15465396e+02 +3.16425355e+02  9.60e-01   2.33e+02     9.68e-07   1028.257s
2630000 +3.15466025e+02 +3.16425319e+02  9.59e-01   2.33e+02     9.66e-07   1028.644s
2631000 +3.15463761e+02 +3.16425271e+02  9.62e-01   2.33e+02     9.64e-07   1029.031s
2632000 +3.15466161e+02 +3.16425253e+02  9.59e-01   2.33e+02     9.63e-07   1029.418s
2633000 +3.15469631e+02 +3.16425252e+02  9.56e-01   2.33e+02     9.63e-07   1029.806s
2634000 +3.15466038e+02 +3.16425226e+02  9.59e-01   2.33e+02     9.64e-07   1030.193s
2635000 +3.15467233e+02 +3.16425209e+02  9.58e-01   2.33e+02     9.63e-07   1030.580s
2636000 +3.15466373e+02 +3.16425170e+02  9.59e-01   2.33e+02     9.62e-07   1030.967s
2637000 +3.15468564e+02 +3.16425062e+02  9.56e-01   2.33e+02     9.62e-07   1031.354s
2638000 +3.15467903e+02 +3.16425021e+02  9.57e-01   2.33e+02     9.61e-07   1031.742s
2639000 +3.15468188e+02 +3.16424930e+02  9.57e-01   2.33e+02     9.60e-07   1032.129s
2640000 +3.15467431e+02 +3.16424857e+02  9.57e-01   2.33e+02     9.59e-07   1032.516s
2641000 +3.15469233e+02 +3.16424777e+02  9.56e-01   2.33e+02     9.58e-07   1032.903s
2642000 +3.15469504e+02 +3.16424694e+02  9.55e-01   2.33e+02     9.57e-07   1033.291s
2643000 +3.15470430e+02 +3.16424602e+02  9.54e-01   2.33e+02     9.55e-07   1033.678s
2644000 +3.15471853e+02 +3.16424512e+02  9.53e-01   2.33e+02     9.55e-07   1034.065s
2645000 +3.15469622e+02 +3.16424428e+02  9.55e-01   2.33e+02     9.54e-07   1034.452s
2646000 +3.15470675e+02 +3.16424327e+02  9.54e-01   2.33e+02     9.52e-07   1034.839s
2647000 +3.15467664e+02 +3.16424256e+02  9.57e-01   2.33e+02     9.52e-07   1035.227s
2648000 +3.15467494e+02 +3.16424175e+02  9.57e-01   2.33e+02     9.52e-07   1035.618s
2649000 +3.15469094e+02 +3.16424148e+02  9.55e-01   2.33e+02     9.52e-07   1036.006s
2650000 +3.15469240e+02 +3.16424118e+02  9.55e-01   2.33e+02     9.51e-07   1036.393s
2651000 +3.15468134e+02 +3.16424102e+02  9.56e-01   2.33e+02     9.50e-07   1036.780s
2652000 +3.15469943e+02 +3.16424049e+02  9.54e-01   2.33e+02     9.49e-07   1037.168s
2653000 +3.15468975e+02 +3.16424010e+02  9.55e-01   2.33e+02     9.48e-07   1037.554s
2654000 +3.15470862e+02 +3.16423975e+02  9.53e-01   2.33e+02     9.47e-07   1037.942s
2655000 +3.15473728e+02 +3.16423939e+02  9.50e-01   2.33e+02     9.46e-07   1038.329s
2656000 +3.15472884e+02 +3.16423846e+02  9.51e-01   2.33e+02     9.45e-07   1038.718s
2657000 +3.15474604e+02 +3.16423769e+02  9.49e-01   2.33e+02     9.43e-07   1039.108s
2658000 +3.15475052e+02 +3.16423700e+02  9.49e-01   2.33e+02     9.42e-07   1039.497s
2659000 +3.15471077e+02 +3.16423641e+02  9.53e-01   2.33e+02     9.40e-07   1039.884s
2660000 +3.15472865e+02 +3.16423554e+02  9.51e-01   2.33e+02     9.39e-07   1040.271s
2661000 +3.15473519e+02 +3.16423458e+02  9.50e-01   2.33e+02     9.38e-07   1040.658s
2662000 +3.15473827e+02 +3.16423352e+02  9.50e-01   2.33e+02     9.37e-07   1041.045s
2663000 +3.15473390e+02 +3.16423284e+02  9.50e-01   2.33e+02     9.35e-07   1041.433s
2664000 +3.15472850e+02 +3.16423201e+02  9.50e-01   2.33e+02     9.35e-07   1041.820s
2665000 +3.15472635e+02 +3.16423122e+02  9.50e-01   2.33e+02     9.33e-07   1042.207s
2666000 +3.15474951e+02 +3.16423041e+02  9.48e-01   2.33e+02     9.32e-07   1042.594s
2667000 +3.15474139e+02 +3.16422938e+02  9.49e-01   2.33e+02     9.31e-07   1042.981s
2668000 +3.15476224e+02 +3.16422817e+02  9.47e-01   2.33e+02     9.32e-07   1043.368s
2669000 +3.15475722e+02 +3.16422721e+02  9.47e-01   2.33e+02     9.31e-07   1043.755s
2670000 +3.15478254e+02 +3.16422627e+02  9.44e-01   2.33e+02     9.30e-07   1044.142s
2671000 +3.15479608e+02 +3.16422543e+02  9.43e-01   2.33e+02     9.29e-07   1044.529s
2672000 +3.15481152e+02 +3.16422469e+02  9.41e-01   2.33e+02     9.28e-07   1044.916s
2673000 +3.15480437e+02 +3.16422344e+02  9.42e-01   2.33e+02     9.27e-07   1045.304s
2674000 +3.15479561e+02 +3.16422234e+02  9.43e-01   2.33e+02     9.26e-07   1045.691s
2675000 +3.15480955e+02 +3.16422140e+02  9.41e-01   2.33e+02     9.26e-07   1046.078s
2676000 +3.15483330e+02 +3.16422053e+02  9.39e-01   2.33e+02     9.26e-07   1046.465s
2677000 +3.15482304e+02 +3.16421970e+02  9.40e-01   2.33e+02     9.25e-07   1046.852s
2678000 +3.15482070e+02 +3.16421906e+02  9.40e-01   2.33e+02     9.26e-07   1047.240s
2679000 +3.15480667e+02 +3.16421827e+02  9.41e-01   2.33e+02     9.25e-07   1047.627s
2680000 +3.15480753e+02 +3.16421763e+02  9.41e-01   2.33e+02     9.24e-07   1048.014s
2681000 +3.15483664e+02 +3.16421709e+02  9.38e-01   2.33e+02     9.24e-07   1048.401s
2682000 +3.15482738e+02 +3.16421652e+02  9.39e-01   2.33e+02     9.24e-07   1048.789s
2683000 +3.15483037e+02 +3.16421598e+02  9.39e-01   2.33e+02     9.23e-07   1049.175s
2684000 +3.15483491e+02 +3.16421522e+02  9.38e-01   2.33e+02     9.23e-07   1049.563s
2685000 +3.15483656e+02 +3.16421435e+02  9.38e-01   2.33e+02     9.22e-07   1049.950s
2686000 +3.15483898e+02 +3.16421369e+02  9.37e-01   2.33e+02     9.21e-07   1050.337s
2687000 +3.15485534e+02 +3.16421276e+02  9.36e-01   2.33e+02     9.22e-07   1050.724s
2688000 +3.15483739e+02 +3.16421177e+02  9.37e-01   2.33e+02     9.21e-07   1051.111s
2689000 +3.15485185e+02 +3.16421081e+02  9.36e-01   2.33e+02     9.19e-07   1051.498s
2690000 +3.15487026e+02 +3.16420981e+02  9.34e-01   2.33e+02     9.19e-07   1051.885s
2691000 +3.15486638e+02 +3.16420866e+02  9.34e-01   2.33e+02     9.19e-07   1052.273s
2692000 +3.15486710e+02 +3.16420725e+02  9.34e-01   2.33e+02     9.17e-07   1052.660s
2693000 +3.15486761e+02 +3.16420613e+02  9.34e-01   2.33e+02     9.16e-07   1053.047s
2694000 +3.15485466e+02 +3.16420509e+02  9.35e-01   2.33e+02     9.14e-07   1053.434s
2695000 +3.15486244e+02 +3.16420395e+02  9.34e-01   2.33e+02     9.14e-07   1053.821s
2696000 +3.15485767e+02 +3.16420349e+02  9.35e-01   2.33e+02     9.13e-07   1054.209s
2697000 +3.15487540e+02 +3.16420238e+02  9.33e-01   2.33e+02     9.13e-07   1054.596s
2698000 +3.15487914e+02 +3.16420139e+02  9.32e-01   2.33e+02     9.13e-07   1054.983s
2699000 +3.15486087e+02 +3.16420039e+02  9.34e-01   2.33e+02     9.12e-07   1055.370s
2700000 +3.15485470e+02 +3.16419979e+02  9.35e-01   2.33e+02     9.12e-07   1055.757s
2701000 +3.15486889e+02 +3.16419913e+02  9.33e-01   2.33e+02     9.11e-07   1056.145s
2702000 +3.15486430e+02 +3.16419837e+02  9.33e-01   2.33e+02     9.13e-07   1056.532s
2703000 +3.15489998e+02 +3.16419768e+02  9.30e-01   2.33e+02     9.11e-07   1056.919s
2704000 +3.15485650e+02 +3.16419709e+02  9.34e-01   2.33e+02     9.11e-07   1057.306s
2705000 +3.15485460e+02 +3.16419637e+02  9.34e-01   2.33e+02     9.12e-07   1057.693s
2706000 +3.15486338e+02 +3.16419569e+02  9.33e-01   2.33e+02     9.11e-07   1058.081s
2707000 +3.15486837e+02 +3.16419507e+02  9.33e-01   2.33e+02     9.12e-07   1058.468s
2708000 +3.15486486e+02 +3.16419422e+02  9.33e-01   2.33e+02     9.12e-07   1058.855s
2709000 +3.15488794e+02 +3.16419341e+02  9.31e-01   2.33e+02     9.10e-07   1059.242s
2710000 +3.15485940e+02 +3.16419291e+02  9.33e-01   2.33e+02     9.09e-07   1059.629s
2711000 +3.15487199e+02 +3.16419217e+02  9.32e-01   2.33e+02     9.09e-07   1060.017s
2712000 +3.15487834e+02 +3.16419157e+02  9.31e-01   2.33e+02     9.09e-07   1060.404s
2713000 +3.15489892e+02 +3.16419064e+02  9.29e-01   2.33e+02     9.09e-07   1060.791s
2714000 +3.15486707e+02 +3.16419031e+02  9.32e-01   2.33e+02     9.10e-07   1061.178s
2715000 +3.15485231e+02 +3.16418976e+02  9.34e-01   2.33e+02     9.09e-07   1061.565s
2716000 +3.15485835e+02 +3.16418928e+02  9.33e-01   2.33e+02     9.09e-07   1061.952s
2717000 +3.15483479e+02 +3.16418874e+02  9.35e-01   2.33e+02     9.08e-07   1062.339s
2718000 +3.15485362e+02 +3.16418820e+02  9.33e-01   2.33e+02     9.08e-07   1062.726s
2719000 +3.15484930e+02 +3.16418770e+02  9.34e-01   2.33e+02     9.07e-07   1063.113s
2720000 +3.15483664e+02 +3.16418729e+02  9.35e-01   2.33e+02     9.07e-07   1063.500s
2721000 +3.15485905e+02 +3.16418683e+02  9.33e-01   2.33e+02     9.08e-07   1063.888s
2722000 +3.15484658e+02 +3.16418650e+02  9.34e-01   2.33e+02     9.07e-07   1064.275s
2723000 +3.15484460e+02 +3.16418626e+02  9.34e-01   2.34e+02     9.07e-07   1064.662s
2724000 +3.15482775e+02 +3.16418587e+02  9.36e-01   2.33e+02     9.07e-07   1065.049s
2725000 +3.15484745e+02 +3.16418528e+02  9.34e-01   2.34e+02     9.05e-07   1065.436s
2726000 +3.15484626e+02 +3.16418429e+02  9.34e-01   2.34e+02     9.07e-07   1065.823s
2727000 +3.15484824e+02 +3.16418345e+02  9.34e-01   2.34e+02     9.06e-07   1066.210s
2728000 +3.15485115e+02 +3.16418292e+02  9.33e-01   2.34e+02     9.05e-07   1066.598s
2729000 +3.15483830e+02 +3.16418249e+02  9.34e-01   2.34e+02     9.06e-07   1066.985s
2730000 +3.15485819e+02 +3.16418197e+02  9.32e-01   2.34e+02     9.05e-07   1067.372s
2731000 +3.15486233e+02 +3.16418163e+02  9.32e-01   2.34e+02     9.05e-07   1067.759s
2732000 +3.15484141e+02 +3.16418136e+02  9.34e-01   2.34e+02     9.04e-07   1068.146s
2733000 +3.15485155e+02 +3.16418130e+02  9.33e-01   2.34e+02     9.04e-07   1068.533s
2734000 +3.15484230e+02 +3.16418117e+02  9.34e-01   2.34e+02     9.03e-07   1068.921s
2735000 +3.15486720e+02 +3.16418085e+02  9.31e-01   2.34e+02     9.02e-07   1069.308s
2736000 +3.15485837e+02 +3.16418056e+02  9.32e-01   2.34e+02     9.01e-07   1069.695s
2737000 +3.15484533e+02 +3.16418057e+02  9.34e-01   2.34e+02     8.99e-07   1070.082s
2738000 +3.15486822e+02 +3.16418042e+02  9.31e-01   2.34e+02     8.98e-07   1070.470s
2739000 +3.15486533e+02 +3.16418013e+02  9.31e-01   2.34e+02     8.99e-07   1070.857s
2740000 +3.15489006e+02 +3.16418008e+02  9.29e-01   2.34e+02     8.99e-07   1071.244s
2741000 +3.15487716e+02 +3.16417989e+02  9.30e-01   2.34e+02     8.99e-07   1071.631s
2742000 +3.15488042e+02 +3.16417965e+02  9.30e-01   2.34e+02     8.99e-07   1072.018s
2743000 +3.15489205e+02 +3.16417990e+02  9.29e-01   2.34e+02     8.99e-07   1072.406s
2744000 +3.15487305e+02 +3.16417982e+02  9.31e-01   2.34e+02     8.99e-07   1072.793s
2745000 +3.15487582e+02 +3.16418003e+02  9.30e-01   2.34e+02     8.99e-07   1073.180s
2746000 +3.15489019e+02 +3.16417996e+02  9.29e-01   2.34e+02     8.97e-07   1073.567s
2747000 +3.15487434e+02 +3.16418032e+02  9.31e-01   2.34e+02     8.98e-07   1073.954s
2748000 +3.15488960e+02 +3.16418046e+02  9.29e-01   2.34e+02     8.98e-07   1074.341s
2749000 +3.15490270e+02 +3.16418072e+02  9.28e-01   2.34e+02     8.98e-07   1074.728s
2750000 +3.15490203e+02 +3.16418104e+02  9.28e-01   2.34e+02     8.97e-07   1075.116s
2751000 +3.15491934e+02 +3.16418136e+02  9.26e-01   2.34e+02     8.97e-07   1075.503s
2752000 +3.15492823e+02 +3.16418166e+02  9.25e-01   2.34e+02     8.95e-07   1075.890s
2753000 +3.15493595e+02 +3.16418165e+02  9.25e-01   2.34e+02     8.97e-07   1076.277s
2754000 +3.15491308e+02 +3.16418179e+02  9.27e-01   2.34e+02     8.95e-07   1076.665s
2755000 +3.15491499e+02 +3.16418164e+02  9.27e-01   2.34e+02     8.93e-07   1077.052s
2756000 +3.15492181e+02 +3.16418150e+02  9.26e-01   2.34e+02     8.93e-07   1077.439s
2757000 +3.15492236e+02 +3.16418123e+02  9.26e-01   2.34e+02     8.93e-07   1077.826s
2758000 +3.15491566e+02 +3.16418104e+02  9.27e-01   2.34e+02     8.93e-07   1078.213s
2759000 +3.15492600e+02 +3.16418067e+02  9.25e-01   2.34e+02     8.93e-07   1078.601s
2760000 +3.15492369e+02 +3.16418000e+02  9.26e-01   2.34e+02     8.94e-07   1078.988s
2761000 +3.15492230e+02 +3.16417940e+02  9.26e-01   2.34e+02     8.93e-07   1079.375s
2762000 +3.15492138e+02 +3.16417907e+02  9.26e-01   2.34e+02     8.93e-07   1079.762s
2763000 +3.15492464e+02 +3.16417891e+02  9.25e-01   2.34e+02     8.93e-07   1080.150s
2764000 +3.15492800e+02 +3.16417900e+02  9.25e-01   2.34e+02     8.92e-07   1080.537s
2765000 +3.15492561e+02 +3.16417906e+02  9.25e-01   2.34e+02     8.91e-07   1080.924s
2766000 +3.15493347e+02 +3.16417918e+02  9.25e-01   2.34e+02     8.90e-07   1081.312s
2767000 +3.15492697e+02 +3.16417941e+02  9.25e-01   2.34e+02     8.90e-07   1081.699s
2768000 +3.15490829e+02 +3.16417985e+02  9.27e-01   2.34e+02     8.89e-07   1082.086s
2769000 +3.15491947e+02 +3.16418002e+02  9.26e-01   2.34e+02     8.89e-07   1082.473s
2770000 +3.15491609e+02 +3.16418007e+02  9.26e-01   2.34e+02     8.90e-07   1082.861s
2771000 +3.15492788e+02 +3.16418023e+02  9.25e-01   2.34e+02     8.91e-07   1083.248s
2772000 +3.15493291e+02 +3.16418013e+02  9.25e-01   2.34e+02     8.92e-07   1083.635s
2773000 +3.15495665e+02 +3.16418016e+02  9.22e-01   2.34e+02     8.92e-07   1084.023s
2774000 +3.15495881e+02 +3.16418025e+02  9.22e-01   2.34e+02     8.89e-07   1084.410s
2775000 +3.15494054e+02 +3.16418021e+02  9.24e-01   2.34e+02     8.89e-07   1084.797s
2776000 +3.15493651e+02 +3.16418009e+02  9.24e-01   2.34e+02     8.88e-07   1085.185s
2777000 +3.15493666e+02 +3.16417981e+02  9.24e-01   2.34e+02     8.89e-07   1085.572s
2778000 +3.15495667e+02 +3.16417977e+02  9.22e-01   2.34e+02     8.86e-07   1085.959s
2779000 +3.15494623e+02 +3.16417985e+02  9.23e-01   2.34e+02     8.85e-07   1086.347s
2780000 +3.15493120e+02 +3.16417953e+02  9.25e-01   2.34e+02     8.86e-07   1086.734s
2781000 +3.15494467e+02 +3.16417940e+02  9.23e-01   2.34e+02     8.86e-07   1087.122s
2782000 +3.15495629e+02 +3.16417944e+02  9.22e-01   2.34e+02     8.85e-07   1087.509s
2783000 +3.15495414e+02 +3.16417929e+02  9.23e-01   2.34e+02     8.84e-07   1087.896s
2784000 +3.15491298e+02 +3.16417800e+02  9.27e-01   2.34e+02     8.85e-07   1088.283s
2785000 +3.15493589e+02 +3.16417666e+02  9.24e-01   2.34e+02     8.86e-07   1088.670s
2786000 +3.15492719e+02 +3.16417627e+02  9.25e-01   2.34e+02     8.85e-07   1089.058s
2787000 +3.15494675e+02 +3.16417552e+02  9.23e-01   2.34e+02     8.85e-07   1089.445s
2788000 +3.15490296e+02 +3.16417538e+02  9.27e-01   2.34e+02     8.85e-07   1089.832s
2789000 +3.15491103e+02 +3.16417469e+02  9.26e-01   2.34e+02     8.85e-07   1090.219s
2790000 +3.15494201e+02 +3.16417469e+02  9.23e-01   2.34e+02     8.86e-07   1090.607s
2791000 +3.15487831e+02 +3.16417460e+02  9.30e-01   2.34e+02     8.86e-07   1090.994s
2792000 +3.15487700e+02 +3.16417449e+02  9.30e-01   2.34e+02     8.84e-07   1091.381s
2793000 +3.15489260e+02 +3.16417413e+02  9.28e-01   2.34e+02     8.84e-07   1091.769s
2794000 +3.15489002e+02 +3.16417441e+02  9.28e-01   2.34e+02     8.83e-07   1092.156s
2795000 +3.15489593e+02 +3.16417487e+02  9.28e-01   2.34e+02     8.83e-07   1092.544s
2796000 +3.15488000e+02 +3.16417456e+02  9.29e-01   2.34e+02     8.83e-07   1092.931s
2797000 +3.15487881e+02 +3.16417424e+02  9.30e-01   2.34e+02     8.83e-07   1093.318s
2798000 +3.15489344e+02 +3.16417426e+02  9.28e-01   2.34e+02     8.80e-07   1093.705s
2799000 +3.15488976e+02 +3.16417400e+02  9.28e-01   2.34e+02     8.80e-07   1094.092s
2800000 +3.15488689e+02 +3.16417373e+02  9.29e-01   2.34e+02     8.81e-07   1094.480s
2801000 +3.15487500e+02 +3.16417345e+02  9.30e-01   2.34e+02     8.79e-07   1094.867s
2802000 +3.15490187e+02 +3.16417310e+02  9.27e-01   2.34e+02     8.81e-07   1095.254s
2803000 +3.15491052e+02 +3.16417233e+02  9.26e-01   2.34e+02     8.80e-07   1095.642s
2804000 +3.15491101e+02 +3.16417145e+02  9.26e-01   2.34e+02     8.82e-07   1096.029s
2805000 +3.15492299e+02 +3.16417024e+02  9.25e-01   2.34e+02     8.84e-07   1096.417s
2806000 +3.15493589e+02 +3.16416902e+02  9.23e-01   2.34e+02     8.81e-07   1096.804s
2807000 +3.15494156e+02 +3.16416793e+02  9.23e-01   2.34e+02     8.82e-07   1097.191s
2808000 +3.15494463e+02 +3.16416711e+02  9.22e-01   2.34e+02     8.81e-07   1097.578s
2809000 +3.15494733e+02 +3.16416645e+02  9.22e-01   2.34e+02     8.83e-07   1097.966s
2810000 +3.15496745e+02 +3.16416600e+02  9.20e-01   2.34e+02     8.82e-07   1098.353s
2811000 +3.15496227e+02 +3.16416528e+02  9.20e-01   2.34e+02     8.82e-07   1098.740s
2812000 +3.15498945e+02 +3.16416492e+02  9.18e-01   2.34e+02     8.80e-07   1099.128s
2813000 +3.15497466e+02 +3.16416386e+02  9.19e-01   2.34e+02     8.81e-07   1099.515s
2814000 +3.15495781e+02 +3.16416287e+02  9.21e-01   2.34e+02     8.82e-07   1099.903s
2815000 +3.15496602e+02 +3.16416209e+02  9.20e-01   2.34e+02     8.82e-07   1100.290s
2816000 +3.15497070e+02 +3.16416161e+02  9.19e-01   2.34e+02     8.80e-07   1100.678s
2817000 +3.15496587e+02 +3.16416123e+02  9.20e-01   2.34e+02     8.79e-07   1101.065s
2818000 +3.15497427e+02 +3.16416075e+02  9.19e-01   2.34e+02     8.78e-07   1101.452s
2819000 +3.15496182e+02 +3.16416069e+02  9.20e-01   2.34e+02     8.76e-07   1101.840s
2820000 +3.15497484e+02 +3.16416031e+02  9.19e-01   2.34e+02     8.76e-07   1102.228s
2821000 +3.15497840e+02 +3.16416045e+02  9.18e-01   2.34e+02     8.73e-07   1102.615s
2822000 +3.15499983e+02 +3.16416050e+02  9.16e-01   2.34e+02     8.73e-07   1103.002s
2823000 +3.15498809e+02 +3.16416052e+02  9.17e-01   2.34e+02     8.71e-07   1103.390s
2824000 +3.15500151e+02 +3.16416078e+02  9.16e-01   2.34e+02     8.71e-07   1103.777s
2825000 +3.15499063e+02 +3.16416071e+02  9.17e-01   2.34e+02     8.70e-07   1104.165s
2826000 +3.15499526e+02 +3.16416083e+02  9.17e-01   2.34e+02     8.69e-07   1104.552s
2827000 +3.15499361e+02 +3.16416101e+02  9.17e-01   2.34e+02     8.68e-07   1104.940s
2828000 +3.15501535e+02 +3.16416158e+02  9.15e-01   2.34e+02     8.67e-07   1105.327s
2829000 +3.15503489e+02 +3.16416210e+02  9.13e-01   2.34e+02     8.68e-07   1105.715s
2830000 +3.15504090e+02 +3.16416288e+02  9.12e-01   2.34e+02     8.66e-07   1106.102s
2831000 +3.15505750e+02 +3.16416350e+02  9.11e-01   2.34e+02     8.65e-07   1106.489s
2832000 +3.15505277e+02 +3.16416404e+02  9.11e-01   2.34e+02     8.64e-07   1106.877s
2833000 +3.15507034e+02 +3.16416422e+02  9.09e-01   2.34e+02     8.64e-07   1107.264s
2834000 +3.15508382e+02 +3.16416440e+02  9.08e-01   2.34e+02     8.63e-07   1107.652s
2835000 +3.15506975e+02 +3.16416457e+02  9.09e-01   2.34e+02     8.62e-07   1108.039s
2836000 +3.15506561e+02 +3.16416503e+02  9.10e-01   2.34e+02     8.61e-07   1108.426s
2837000 +3.15507723e+02 +3.16416519e+02  9.09e-01   2.34e+02     8.62e-07   1108.814s
2838000 +3.15509033e+02 +3.16416565e+02  9.08e-01   2.34e+02     8.62e-07   1109.201s
2839000 +3.15508002e+02 +3.16416584e+02  9.09e-01   2.34e+02     8.62e-07   1109.589s
2840000 +3.15508960e+02 +3.16416582e+02  9.08e-01   2.34e+02     8.62e-07   1109.976s
2841000 +3.15510005e+02 +3.16416584e+02  9.07e-01   2.34e+02     8.61e-07   1110.363s
2842000 +3.15507947e+02 +3.16416592e+02  9.09e-01   2.34e+02     8.60e-07   1110.751s
2843000 +3.15511149e+02 +3.16416605e+02  9.05e-01   2.34e+02     8.59e-07   1111.138s
2844000 +3.15507898e+02 +3.16416623e+02  9.09e-01   2.34e+02     8.59e-07   1111.526s
2845000 +3.15509709e+02 +3.16416624e+02  9.07e-01   2.34e+02     8.58e-07   1111.913s
2846000 +3.15511245e+02 +3.16416638e+02  9.05e-01   2.34e+02     8.56e-07   1112.300s
2847000 +3.15510210e+02 +3.16416640e+02  9.06e-01   2.34e+02     8.55e-07   1112.688s
2848000 +3.15509564e+02 +3.16416643e+02  9.07e-01   2.34e+02     8.55e-07   1113.075s
2849000 +3.15509876e+02 +3.16416681e+02  9.07e-01   2.34e+02     8.55e-07   1113.463s
2850000 +3.15511110e+02 +3.16416703e+02  9.06e-01   2.34e+02     8.54e-07   1113.850s
2851000 +3.15510352e+02 +3.16416741e+02  9.06e-01   2.34e+02     8.53e-07   1114.237s
2852000 +3.15512408e+02 +3.16416784e+02  9.04e-01   2.34e+02     8.53e-07   1114.624s
2853000 +3.15512532e+02 +3.16416825e+02  9.04e-01   2.34e+02     8.52e-07   1115.012s
2854000 +3.15514737e+02 +3.16416867e+02  9.02e-01   2.34e+02     8.53e-07   1115.399s
2855000 +3.15517634e+02 +3.16416915e+02  8.99e-01   2.34e+02     8.50e-07   1115.786s
2856000 +3.15519362e+02 +3.16416945e+02  8.98e-01   2.34e+02     8.48e-07   1116.173s
2857000 +3.15519821e+02 +3.16416997e+02  8.97e-01   2.34e+02     8.48e-07   1116.560s
2858000 +3.15517825e+02 +3.16417038e+02  8.99e-01   2.34e+02     8.48e-07   1116.948s
2859000 +3.15518220e+02 +3.16417118e+02  8.99e-01   2.34e+02     8.45e-07   1117.335s
2860000 +3.15520335e+02 +3.16417133e+02  8.97e-01   2.34e+02     8.44e-07   1117.723s
2861000 +3.15519457e+02 +3.16417160e+02  8.98e-01   2.34e+02     8.43e-07   1118.110s
2862000 +3.15518296e+02 +3.16417173e+02  8.99e-01   2.34e+02     8.41e-07   1118.497s
2863000 +3.15518083e+02 +3.16417217e+02  8.99e-01   2.34e+02     8.42e-07   1118.885s
2864000 +3.15516928e+02 +3.16417250e+02  9.00e-01   2.34e+02     8.41e-07   1119.272s
2865000 +3.15517848e+02 +3.16417285e+02  8.99e-01   2.34e+02     8.41e-07   1119.659s
2866000 +3.15516686e+02 +3.16417325e+02  9.01e-01   2.34e+02     8.41e-07   1120.047s
2867000 +3.15518344e+02 +3.16417337e+02  8.99e-01   2.34e+02     8.39e-07   1120.434s
2868000 +3.15517008e+02 +3.16417361e+02  9.00e-01   2.34e+02     8.39e-07   1120.822s
2869000 +3.15520637e+02 +3.16417363e+02  8.97e-01   2.34e+02     8.40e-07   1121.209s
2870000 +3.15519896e+02 +3.16417381e+02  8.97e-01   2.34e+02     8.39e-07   1121.596s
2871000 +3.15519564e+02 +3.16417428e+02  8.98e-01   2.34e+02     8.39e-07   1121.984s
2872000 +3.15522732e+02 +3.16417501e+02  8.95e-01   2.34e+02     8.38e-07   1122.371s
2873000 +3.15520295e+02 +3.16417565e+02  8.97e-01   2.34e+02     8.36e-07   1122.758s
2874000 +3.15520776e+02 +3.16417619e+02  8.97e-01   2.34e+02     8.35e-07   1123.146s
2875000 +3.15522372e+02 +3.16417651e+02  8.95e-01   2.35e+02     8.35e-07   1123.533s
2876000 +3.15524282e+02 +3.16417718e+02  8.93e-01   2.35e+02     8.35e-07   1123.921s
2877000 +3.15524951e+02 +3.16417749e+02  8.93e-01   2.35e+02     8.34e-07   1124.308s
2878000 +3.15525794e+02 +3.16417756e+02  8.92e-01   2.35e+02     8.34e-07   1124.696s
2879000 +3.15524920e+02 +3.16417765e+02  8.93e-01   2.35e+02     8.33e-07   1125.083s
2880000 +3.15526342e+02 +3.16417787e+02  8.91e-01   2.35e+02     8.34e-07   1125.470s
2881000 +3.15526033e+02 +3.16417813e+02  8.92e-01   2.35e+02     8.34e-07   1125.858s
2882000 +3.15525067e+02 +3.16417833e+02  8.93e-01   2.35e+02     8.33e-07   1126.245s
2883000 +3.15528581e+02 +3.16417835e+02  8.89e-01   2.35e+02     8.32e-07   1126.633s
2884000 +3.15528338e+02 +3.16417867e+02  8.90e-01   2.35e+02     8.33e-07   1127.020s
2885000 +3.15529198e+02 +3.16417870e+02  8.89e-01   2.35e+02     8.33e-07   1127.407s
2886000 +3.15529532e+02 +3.16417889e+02  8.88e-01   2.35e+02     8.33e-07   1127.794s
2887000 +3.15527637e+02 +3.16417897e+02  8.90e-01   2.35e+02     8.35e-07   1128.182s
2888000 +3.15526097e+02 +3.16417922e+02  8.92e-01   2.35e+02     8.34e-07   1128.569s
2889000 +3.15525429e+02 +3.16417950e+02  8.93e-01   2.35e+02     8.33e-07   1128.957s
2890000 +3.15525768e+02 +3.16417957e+02  8.92e-01   2.35e+02     8.34e-07   1129.344s
2891000 +3.15524460e+02 +3.16417992e+02  8.94e-01   2.35e+02     8.35e-07   1129.732s
2892000 +3.15523386e+02 +3.16418020e+02  8.95e-01   2.35e+02     8.34e-07   1130.119s
2893000 +3.15523040e+02 +3.16418041e+02  8.95e-01   2.35e+02     8.36e-07   1130.507s
2894000 +3.15522842e+02 +3.16418088e+02  8.95e-01   2.35e+02     8.35e-07   1130.894s
2895000 +3.15522948e+02 +3.16418089e+02  8.95e-01   2.35e+02     8.35e-07   1131.282s
2896000 +3.15522185e+02 +3.16418123e+02  8.96e-01   2.35e+02     8.38e-07   1131.669s
2897000 +3.15521811e+02 +3.16418137e+02  8.96e-01   2.35e+02     8.38e-07   1132.056s
2898000 +3.15522727e+02 +3.16418197e+02  8.95e-01   2.35e+02     8.38e-07   1132.444s
2899000 +3.15522376e+02 +3.16418219e+02  8.96e-01   2.35e+02     8.38e-07   1132.831s
2900000 +3.15520116e+02 +3.16418252e+02  8.98e-01   2.35e+02     8.36e-07   1133.218s
2901000 +3.15520662e+02 +3.16418301e+02  8.98e-01   2.35e+02     8.37e-07   1133.606s
2902000 +3.15522388e+02 +3.16418328e+02  8.96e-01   2.35e+02     8.38e-07   1133.994s
2903000 +3.15522368e+02 +3.16418331e+02  8.96e-01   2.35e+02     8.39e-07   1134.381s
2904000 +3.15522262e+02 +3.16418347e+02  8.96e-01   2.35e+02     8.40e-07   1134.769s
2905000 +3.15522256e+02 +3.16418384e+02  8.96e-01   2.35e+02     8.40e-07   1135.156s
2906000 +3.15522746e+02 +3.16418427e+02  8.96e-01   2.35e+02     8.40e-07   1135.544s
2907000 +3.15523846e+02 +3.16418454e+02  8.95e-01   2.35e+02     8.41e-07   1135.931s
2908000 +3.15522639e+02 +3.16418462e+02  8.96e-01   2.35e+02     8.41e-07   1136.319s
2909000 +3.15522977e+02 +3.16418480e+02  8.96e-01   2.35e+02     8.41e-07   1136.706s
2910000 +3.15521949e+02 +3.16418490e+02  8.97e-01   2.35e+02     8.44e-07   1137.093s
2911000 +3.15522401e+02 +3.16418532e+02  8.96e-01   2.35e+02     8.44e-07   1137.481s
2912000 +3.15521142e+02 +3.16418565e+02  8.97e-01   2.35e+02     8.43e-07   1137.868s
2913000 +3.15523912e+02 +3.16418580e+02  8.95e-01   2.35e+02     8.45e-07   1138.255s
2914000 +3.15523243e+02 +3.16418605e+02  8.95e-01   2.35e+02     8.47e-07   1138.642s
2915000 +3.15523851e+02 +3.16418609e+02  8.95e-01   2.35e+02     8.46e-07   1139.030s
2916000 +3.15522952e+02 +3.16418620e+02  8.96e-01   2.35e+02     8.45e-07   1139.417s
2917000 +3.15523323e+02 +3.16418650e+02  8.95e-01   2.35e+02     8.45e-07   1139.804s
2918000 +3.15523868e+02 +3.16418703e+02  8.95e-01   2.35e+02     8.45e-07   1140.192s
2919000 +3.15523215e+02 +3.16418741e+02  8.96e-01   2.35e+02     8.46e-07   1140.579s
2920000 +3.15524766e+02 +3.16418730e+02  8.94e-01   2.35e+02     8.48e-07   1140.967s
2921000 +3.15523559e+02 +3.16418703e+02  8.95e-01   2.35e+02     8.49e-07   1141.354s
2922000 +3.15523424e+02 +3.16418653e+02  8.95e-01   2.35e+02     8.47e-07   1141.742s
2923000 +3.15517734e+02 +3.16418631e+02  9.01e-01   2.35e+02     8.48e-07   1142.129s
2924000 +3.15518083e+02 +3.16418592e+02  9.01e-01   2.35e+02     8.48e-07   1142.517s
2925000 +3.15519166e+02 +3.16418548e+02  8.99e-01   2.35e+02     8.49e-07   1142.904s
2926000 +3.15519462e+02 +3.16418522e+02  8.99e-01   2.35e+02     8.50e-07   1143.292s
2927000 +3.15517911e+02 +3.16418481e+02  9.01e-01   2.35e+02     8.49e-07   1143.679s
2928000 +3.15518214e+02 +3.16418422e+02  9.00e-01   2.35e+02     8.50e-07   1144.067s
2929000 +3.15517212e+02 +3.16418362e+02  9.01e-01   2.35e+02     8.51e-07   1144.454s
2930000 +3.15518342e+02 +3.16418329e+02  9.00e-01   2.35e+02     8.50e-07   1144.842s
2931000 +3.15518662e+02 +3.16418270e+02  9.00e-01   2.35e+02     8.51e-07   1145.229s
2932000 +3.15516999e+02 +3.16418227e+02  9.01e-01   2.35e+02     8.51e-07   1145.617s
2933000 +3.15516399e+02 +3.16418192e+02  9.02e-01   2.35e+02     8.52e-07   1146.004s
2934000 +3.15517532e+02 +3.16418195e+02  9.01e-01   2.35e+02     8.53e-07   1146.392s
2935000 +3.15518520e+02 +3.16418204e+02  9.00e-01   2.35e+02     8.53e-07   1146.779s
2936000 +3.15519877e+02 +3.16418222e+02  8.98e-01   2.35e+02     8.54e-07   1147.167s
2937000 +3.15519171e+02 +3.16418243e+02  8.99e-01   2.35e+02     8.55e-07   1147.554s
2938000 +3.15517038e+02 +3.16418265e+02  9.01e-01   2.35e+02     8.55e-07   1147.941s
2939000 +3.15520115e+02 +3.16418308e+02  8.98e-01   2.35e+02     8.56e-07   1148.328s
2940000 +3.15520759e+02 +3.16418347e+02  8.98e-01   2.35e+02     8.56e-07   1148.716s
2941000 +3.15519171e+02 +3.16418336e+02  8.99e-01   2.35e+02     8.57e-07   1149.103s
2942000 +3.15520787e+02 +3.16418378e+02  8.98e-01   2.35e+02     8.56e-07   1149.491s
2943000 +3.15520597e+02 +3.16418412e+02  8.98e-01   2.35e+02     8.57e-07   1149.878s
2944000 +3.15522721e+02 +3.16418466e+02  8.96e-01   2.35e+02     8.56e-07   1150.265s
2945000 +3.15521728e+02 +3.16418520e+02  8.97e-01   2.35e+02     8.57e-07   1150.653s
2946000 +3.15521832e+02 +3.16418532e+02  8.97e-01   2.35e+02     8.57e-07   1151.040s
2947000 +3.15521296e+02 +3.16418553e+02  8.97e-01   2.35e+02     8.56e-07   1151.428s
2948000 +3.15524452e+02 +3.16418586e+02  8.94e-01   2.35e+02     8.55e-07   1151.815s
2949000 +3.15524600e+02 +3.16418622e+02  8.94e-01   2.35e+02     8.55e-07   1152.202s
2950000 +3.15523119e+02 +3.16418636e+02  8.96e-01   2.35e+02     8.55e-07   1152.590s
2951000 +3.15525304e+02 +3.16418642e+02  8.93e-01   2.35e+02     8.57e-07   1152.978s
2952000 +3.15525701e+02 +3.16418657e+02  8.93e-01   2.35e+02     8.56e-07   1153.365s
2953000 +3.15525714e+02 +3.16418682e+02  8.93e-01   2.35e+02     8.58e-07   1153.753s
2954000 +3.15525746e+02 +3.16418715e+02  8.93e-01   2.35e+02     8.58e-07   1154.140s
2955000 +3.15528413e+02 +3.16418748e+02  8.90e-01   2.35e+02     8.59e-07   1154.527s
2956000 +3.15527915e+02 +3.16418755e+02  8.91e-01   2.35e+02     8.58e-07   1154.915s
2957000 +3.15525135e+02 +3.16418734e+02  8.94e-01   2.35e+02     8.59e-07   1155.303s
2958000 +3.15525312e+02 +3.16418729e+02  8.93e-01   2.35e+02     8.59e-07   1155.690s
2959000 +3.15528191e+02 +3.16418695e+02  8.91e-01   2.35e+02     8.58e-07   1156.078s
2960000 +3.15526658e+02 +3.16418089e+02  8.91e-01   2.36e+02     9.76e-07   1156.466s
2961000 +3.15527484e+02 +3.16417394e+02  8.90e-01   2.36e+02     9.47e-07   1156.853s
2962000 +3.15527013e+02 +3.16416728e+02  8.90e-01   2.36e+02     9.07e-07   1157.241s
2963000 +3.15526964e+02 +3.16415987e+02  8.89e-01   2.36e+02     9.23e-07   1157.628s
2964000 +3.15527571e+02 +3.16415362e+02  8.88e-01   2.36e+02     9.30e-07   1158.015s
2965000 +3.15526212e+02 +3.16414802e+02  8.89e-01   2.36e+02     9.41e-07   1158.403s
2966000 +3.15525250e+02 +3.16414176e+02  8.89e-01   2.36e+02     9.39e-07   1158.790s
2967000 +3.15523187e+02 +3.16413429e+02  8.90e-01   2.36e+02     9.43e-07   1159.177s
2968000 +3.15523148e+02 +3.16412815e+02  8.90e-01   2.36e+02     9.53e-07   1159.565s
2969000 +3.15522773e+02 +3.16412225e+02  8.89e-01   2.36e+02     9.68e-07   1159.952s
2970000 +3.15521298e+02 +3.16411552e+02  8.90e-01   2.36e+02     9.64e-07   1160.340s
2971000 +3.15524197e+02 +3.16410814e+02  8.87e-01   2.36e+02     9.78e-07   1160.727s
2972000 +3.15525184e+02 +3.16410092e+02  8.85e-01   2.37e+02     9.87e-07   1161.114s
2973000 +3.15526086e+02 +3.16409438e+02  8.83e-01   2.37e+02     1.06e-06   1161.502s
2974000 +3.15525419e+02 +3.16408748e+02  8.83e-01   2.37e+02     1.01e-06   1161.889s
2975000 +3.15524677e+02 +3.16408147e+02  8.83e-01   2.37e+02     1.03e-06   1162.277s
2976000 +3.15523693e+02 +3.16407381e+02  8.84e-01   2.37e+02     1.02e-06   1162.664s
2977000 +3.15524666e+02 +3.16406620e+02  8.82e-01   2.36e+02     1.03e-06   1163.052s
2978000 +3.15524507e+02 +3.16405842e+02  8.81e-01   2.36e+02     1.06e-06   1163.439s
2979000 +3.15524465e+02 +3.16405180e+02  8.81e-01   2.37e+02     1.04e-06   1163.826s
2980000 +3.15524498e+02 +3.16404451e+02  8.80e-01   2.37e+02     1.07e-06   1164.214s
2981000 +3.15525565e+02 +3.16403700e+02  8.78e-01   2.37e+02     1.06e-06   1164.601s
2982000 +3.15524682e+02 +3.16403052e+02  8.78e-01   2.37e+02     1.08e-06   1164.989s
2983000 +3.15525245e+02 +3.16402442e+02  8.77e-01   2.37e+02     1.09e-06   1165.377s
2984000 +3.15523561e+02 +3.16401660e+02  8.78e-01   2.37e+02     1.10e-06   1165.764s
2985000 +3.15524033e+02 +3.16400851e+02  8.77e-01   2.36e+02     1.11e-06   1166.152s
2986000 +3.15524891e+02 +3.16399962e+02  8.75e-01   2.36e+02     1.12e-06   1166.539s
2987000 +3.15524080e+02 +3.16399112e+02  8.75e-01   2.36e+02     1.14e-06   1166.926s
2988000 +3.15524398e+02 +3.16398231e+02  8.74e-01   2.36e+02     1.14e-06   1167.314s
2989000 +3.15525772e+02 +3.16397555e+02  8.72e-01   2.37e+02     1.15e-06   1167.701s
2990000 +3.15525302e+02 +3.16396662e+02  8.71e-01   2.36e+02     1.16e-06   1168.089s
2991000 +3.15526163e+02 +3.16395836e+02  8.70e-01   2.36e+02     1.17e-06   1168.476s
2992000 +3.15526586e+02 +3.16395061e+02  8.68e-01   2.36e+02     1.19e-06   1168.863s
2993000 +3.15527956e+02 +3.16394031e+02  8.66e-01   2.37e+02     1.19e-06   1169.251s
2994000 +3.15526950e+02 +3.16393054e+02  8.66e-01   2.36e+02     1.20e-06   1169.638s
2995000 +3.15528419e+02 +3.16392117e+02  8.64e-01   2.36e+02     1.22e-06   1170.026s
2996000 +3.15529599e+02 +3.16391142e+02  8.62e-01   2.37e+02     1.23e-06   1170.413s
2997000 +3.15528753e+02 +3.16390270e+02  8.62e-01   2.36e+02     1.26e-06   1170.801s
2998000 +3.15529874e+02 +3.16389150e+02  8.59e-01   2.37e+02     1.25e-06   1171.188s
2999000 +3.15529640e+02 +3.16388210e+02  8.59e-01   2.37e+02     1.26e-06   1171.576s
3000000 +3.15530598e+02 +3.16387294e+02  8.57e-01   2.37e+02     1.28e-06   1171.963s
3001000 +3.15531642e+02 +3.16386369e+02  8.55e-01   2.37e+02     1.29e-06   1172.351s
3002000 +3.15532980e+02 +3.16385520e+02  8.53e-01   2.37e+02     1.32e-06   1172.738s
3003000 +3.15532651e+02 +3.16384616e+02  8.52e-01   2.37e+02     1.32e-06   1173.125s
3004000 +3.15535625e+02 +3.16383771e+02  8.48e-01   2.37e+02     1.35e-06   1173.513s
3005000 +3.15532625e+02 +3.16382893e+02  8.50e-01   2.37e+02     1.36e-06   1173.900s
3006000 +3.15532610e+02 +3.16381922e+02  8.49e-01   2.37e+02     1.37e-06   1174.288s
3007000 +3.15536220e+02 +3.16380980e+02  8.45e-01   2.37e+02     1.38e-06   1174.675s
3008000 +3.15537365e+02 +3.16379953e+02  8.43e-01   2.37e+02     1.40e-06   1175.062s
3009000 +3.15534072e+02 +3.16378901e+02  8.45e-01   2.37e+02     1.40e-06   1175.450s
3010000 +3.15536005e+02 +3.16377908e+02  8.42e-01   2.37e+02     1.43e-06   1175.837s
3011000 +3.15537293e+02 +3.16376959e+02  8.40e-01   2.37e+02     1.44e-06   1176.225s
3012000 +3.15538339e+02 +3.16375989e+02  8.38e-01   2.36e+02     1.45e-06   1176.612s
3013000 +3.15536506e+02 +3.16375347e+02  8.39e-01   2.36e+02     1.48e-06   1177.000s
3014000 +3.15537539e+02 +3.16374602e+02  8.37e-01   2.37e+02     1.48e-06   1177.387s
3015000 +3.15537481e+02 +3.16373586e+02  8.36e-01   2.36e+02     1.50e-06   1177.774s
3016000 +3.15537106e+02 +3.16372650e+02  8.36e-01   2.36e+02     1.51e-06   1178.162s
3017000 +3.15538111e+02 +3.16371588e+02  8.33e-01   2.37e+02     1.53e-06   1178.550s
3018000 +3.15539822e+02 +3.16370872e+02  8.31e-01   2.37e+02     1.54e-06   1178.937s
3019000 +3.15540460e+02 +3.16369908e+02  8.29e-01   2.36e+02     1.56e-06   1179.324s
3020000 +3.15539038e+02 +3.16368781e+02  8.30e-01   2.37e+02     1.58e-06   1179.712s
3021000 +3.15539377e+02 +3.16367867e+02  8.28e-01   2.37e+02     1.59e-06   1180.099s
3022000 +3.15541550e+02 +3.16366996e+02  8.25e-01   2.37e+02     1.60e-06   1180.486s
3023000 +3.15540801e+02 +3.16366127e+02  8.25e-01   2.37e+02     1.62e-06   1180.873s
3024000 +3.15539779e+02 +3.16365208e+02  8.25e-01   2.37e+02     1.65e-06   1181.261s
3025000 +3.15542436e+02 +3.16364316e+02  8.22e-01   2.37e+02     1.67e-06   1181.649s
3026000 +3.15542250e+02 +3.16363631e+02  8.21e-01   2.37e+02     1.67e-06   1182.036s
3027000 +3.15540743e+02 +3.16362867e+02  8.22e-01   2.36e+02     1.69e-06   1182.423s
3028000 +3.15543602e+02 +3.16361978e+02  8.18e-01   2.37e+02     1.70e-06   1182.811s
3029000 +3.15544208e+02 +3.16361268e+02  8.17e-01   2.37e+02     1.71e-06   1183.198s
3030000 +3.15543294e+02 +3.16360323e+02  8.17e-01   2.36e+02     1.73e-06   1183.586s
3031000 +3.15544195e+02 +3.16359440e+02  8.15e-01   2.37e+02     1.75e-06   1183.973s
3032000 +3.15544872e+02 +3.16358676e+02  8.14e-01   2.37e+02     1.77e-06   1184.361s
3033000 +3.15545783e+02 +3.16357887e+02  8.12e-01   2.37e+02     1.79e-06   1184.749s
3034000 +3.15545400e+02 +3.16356897e+02  8.11e-01   2.36e+02     1.81e-06   1185.136s
3035000 +3.15544412e+02 +3.16356060e+02  8.12e-01   2.36e+02     1.82e-06   1185.524s
3036000 +3.15545514e+02 +3.16355066e+02  8.10e-01   2.37e+02     1.85e-06   1185.911s
3037000 +3.15545808e+02 +3.16354120e+02  8.08e-01   2.37e+02     1.86e-06   1186.299s
3038000 +3.15544152e+02 +3.16353243e+02  8.09e-01   2.37e+02     1.87e-06   1186.687s
3039000 +3.15547447e+02 +3.16352355e+02  8.05e-01   2.36e+02     1.89e-06   1187.074s
3040000 +3.15549870e+02 +3.16351599e+02  8.02e-01   2.37e+02     1.90e-06   1187.461s
3041000 +3.15547982e+02 +3.16350739e+02  8.03e-01   2.37e+02     1.92e-06   1187.849s
3042000 +3.15548313e+02 +3.16349962e+02  8.02e-01   2.36e+02     1.94e-06   1188.236s
3043000 +3.15548564e+02 +3.16349121e+02  8.01e-01   2.36e+02     1.95e-06   1188.624s
3044000 +3.15547804e+02 +3.16348402e+02  8.01e-01   2.37e+02     1.96e-06   1189.011s
3045000 +3.15548428e+02 +3.16347718e+02  7.99e-01   2.37e+02     2.00e-06   1189.400s
3046000 +3.15547786e+02 +3.16347012e+02  7.99e-01   2.37e+02     2.00e-06   1189.788s
3047000 +3.15549470e+02 +3.16346426e+02  7.97e-01   2.37e+02     2.02e-06   1190.175s
3048000 +3.15551202e+02 +3.16345713e+02  7.95e-01   2.37e+02     2.03e-06   1190.562s
3049000 +3.15551096e+02 +3.16345064e+02  7.94e-01   2.37e+02     2.06e-06   1190.950s
3050000 +3.15552109e+02 +3.16344322e+02  7.92e-01   2.37e+02     2.07e-06   1191.337s
3051000 +3.15553723e+02 +3.16343639e+02  7.90e-01   2.37e+02     2.10e-06   1191.725s
3052000 +3.15553012e+02 +3.16343164e+02  7.90e-01   2.37e+02     2.11e-06   1192.112s
3053000 +3.15552526e+02 +3.16342587e+02  7.90e-01   2.37e+02     2.12e-06   1192.500s
3054000 +3.15554687e+02 +3.16341927e+02  7.87e-01   2.37e+02     2.14e-06   1192.887s
3055000 +3.15555060e+02 +3.16341221e+02  7.86e-01   2.37e+02     2.14e-06   1193.274s
3056000 +3.15558123e+02 +3.16340570e+02  7.82e-01   2.37e+02     2.17e-06   1193.662s
3057000 +3.15558220e+02 +3.16339829e+02  7.82e-01   2.37e+02     2.20e-06   1194.049s
3058000 +3.15558857e+02 +3.16339226e+02  7.80e-01   2.37e+02     2.20e-06   1194.437s
3059000 +3.15560059e+02 +3.16338708e+02  7.79e-01   2.37e+02     2.22e-06   1194.824s
3060000 +3.15560123e+02 +3.16338289e+02  7.78e-01   2.37e+02     2.23e-06   1195.212s
3061000 +3.15560432e+02 +3.16337762e+02  7.77e-01   2.37e+02     2.25e-06   1195.599s
3062000 +3.15559371e+02 +3.16337376e+02  7.78e-01   2.37e+02     2.27e-06   1195.987s
3063000 +3.15560407e+02 +3.16336832e+02  7.76e-01   2.37e+02     2.29e-06   1196.374s
3064000 +3.15559977e+02 +3.16336308e+02  7.76e-01   2.37e+02     2.32e-06   1196.762s
3065000 +3.15559797e+02 +3.16335903e+02  7.76e-01   2.37e+02     2.31e-06   1197.149s
3066000 +3.15561045e+02 +3.16335319e+02  7.74e-01   2.37e+02     2.35e-06   1197.538s
3067000 +3.15562783e+02 +3.16334614e+02  7.72e-01   2.37e+02     2.36e-06   1197.925s
3068000 +3.15560321e+02 +3.16334052e+02  7.74e-01   2.37e+02     2.37e-06   1198.313s
3069000 +3.15562417e+02 +3.16333646e+02  7.71e-01   2.37e+02     2.39e-06   1198.700s
3070000 +3.15563328e+02 +3.16333088e+02  7.70e-01   2.37e+02     2.40e-06   1199.088s
3071000 +3.15562262e+02 +3.16332627e+02  7.70e-01   2.37e+02     2.42e-06   1199.476s
3072000 +3.15563268e+02 +3.16332157e+02  7.69e-01   2.37e+02     2.43e-06   1199.863s
3073000 +3.15563209e+02 +3.16331614e+02  7.68e-01   2.37e+02     2.44e-06   1200.251s
3074000 +3.15562587e+02 +3.16331183e+02  7.69e-01   2.37e+02     2.45e-06   1200.638s
3075000 +3.15565349e+02 +3.16330776e+02  7.65e-01   2.37e+02     2.47e-06   1201.026s
3076000 +3.15566985e+02 +3.16330184e+02  7.63e-01   2.37e+02     2.48e-06   1201.413s
3077000 +3.15567060e+02 +3.16329638e+02  7.63e-01   2.37e+02     2.50e-06   1201.801s
3078000 +3.15568317e+02 +3.16329233e+02  7.61e-01   2.38e+02     2.52e-06   1202.188s
3079000 +3.15569141e+02 +3.16328660e+02  7.60e-01   2.38e+02     2.53e-06   1202.576s
3080000 +3.15570954e+02 +3.16328141e+02  7.57e-01   2.37e+02     2.54e-06   1202.963s
3081000 +3.15573767e+02 +3.16327640e+02  7.54e-01   2.37e+02     2.56e-06   1203.351s
3082000 +3.15575510e+02 +3.16327235e+02  7.52e-01   2.37e+02     2.57e-06   1203.738s
3083000 +3.15573985e+02 +3.16326774e+02  7.53e-01   2.38e+02     2.59e-06   1204.126s
3084000 +3.15574836e+02 +3.16326288e+02  7.51e-01   2.37e+02     2.59e-06   1204.513s
3085000 +3.15574172e+02 +3.16325870e+02  7.52e-01   2.37e+02     2.62e-06   1204.901s
3086000 +3.15573010e+02 +3.16325521e+02  7.53e-01   2.37e+02     2.63e-06   1205.289s
3087000 +3.15575361e+02 +3.16325135e+02  7.50e-01   2.38e+02     2.64e-06   1205.676s
3088000 +3.15575090e+02 +3.16324585e+02  7.49e-01   2.37e+02     2.66e-06   1206.064s
3089000 +3.15576453e+02 +3.16324038e+02  7.48e-01   2.37e+02     2.67e-06   1206.451s
3090000 +3.15577087e+02 +3.16323297e+02  7.46e-01   2.38e+02     2.68e-06   1206.839s
3091000 +3.15577120e+02 +3.16322872e+02  7.46e-01   2.38e+02     2.69e-06   1207.226s
3092000 +3.15579426e+02 +3.16322481e+02  7.43e-01   2.37e+02     2.71e-06   1207.614s
3093000 +3.15580579e+02 +3.16322099e+02  7.42e-01   2.37e+02     2.72e-06   1208.001s
3094000 +3.15583288e+02 +3.16321551e+02  7.38e-01   2.38e+02     2.74e-06   1208.389s
3095000 +3.15580658e+02 +3.16321092e+02  7.40e-01   2.37e+02     2.75e-06   1208.776s
3096000 +3.15584038e+02 +3.16320508e+02  7.36e-01   2.37e+02     2.77e-06   1209.164s
3097000 +3.15585016e+02 +3.16320046e+02  7.35e-01   2.37e+02     2.78e-06   1209.551s
3098000 +3.15582096e+02 +3.16319792e+02  7.38e-01   2.37e+02     2.79e-06   1209.939s
3099000 +3.15582773e+02 +3.16319683e+02  7.37e-01   2.37e+02     2.80e-06   1210.326s
3100000 +3.15585652e+02 +3.16319457e+02  7.34e-01   2.37e+02     2.81e-06   1210.714s
3101000 +3.15582667e+02 +3.16319217e+02  7.37e-01   2.38e+02     2.82e-06   1211.102s
3102000 +3.15585060e+02 +3.16318887e+02  7.34e-01   2.37e+02     2.84e-06   1211.489s
3103000 +3.15586216e+02 +3.16318490e+02  7.32e-01   2.37e+02     2.85e-06   1211.877s
3104000 +3.15586748e+02 +3.16317994e+02  7.31e-01   2.37e+02     2.86e-06   1212.265s
3105000 +3.15584822e+02 +3.16317746e+02  7.33e-01   2.37e+02     2.88e-06   1212.652s
3106000 +3.15586580e+02 +3.16317494e+02  7.31e-01   2.37e+02     2.90e-06   1213.040s
3107000 +3.15590042e+02 +3.16316958e+02  7.27e-01   2.37e+02     2.91e-06   1213.427s
3108000 +3.15590354e+02 +3.16316568e+02  7.26e-01   2.37e+02     2.92e-06   1213.815s
3109000 +3.15591067e+02 +3.16316313e+02  7.25e-01   2.37e+02     2.93e-06   1214.202s
3110000 +3.15593549e+02 +3.16316040e+02  7.22e-01   2.37e+02     2.94e-06   1214.590s
3111000 +3.15590703e+02 +3.16315825e+02  7.25e-01   2.37e+02     2.95e-06   1214.977s
3112000 +3.15590530e+02 +3.16315638e+02  7.25e-01   2.37e+02     2.97e-06   1215.365s
3113000 +3.15590182e+02 +3.16315422e+02  7.25e-01   2.37e+02     2.98e-06   1215.752s
3114000 +3.15591886e+02 +3.16315053e+02  7.23e-01   2.37e+02     2.99e-06   1216.140s
3115000 +3.15589080e+02 +3.16314679e+02  7.26e-01   2.37e+02     3.00e-06   1216.527s
3116000 +3.15589698e+02 +3.16314322e+02  7.25e-01   2.37e+02     3.02e-06   1216.914s
3117000 +3.15589664e+02 +3.16313797e+02  7.24e-01   2.37e+02     3.04e-06   1217.302s
3118000 +3.15591560e+02 +3.16313238e+02  7.22e-01   2.37e+02     3.05e-06   1217.690s
3119000 +3.15591963e+02 +3.16312887e+02  7.21e-01   2.37e+02     3.05e-06   1218.077s
3120000 +3.15591888e+02 +3.16312662e+02  7.21e-01   2.37e+02     3.06e-06   1218.465s
3121000 +3.15591950e+02 +3.16312295e+02  7.20e-01   2.37e+02     3.06e-06   1218.852s
3122000 +3.15593497e+02 +3.16311959e+02  7.18e-01   2.37e+02     3.07e-06   1219.240s
3123000 +3.15594447e+02 +3.16311350e+02  7.17e-01   2.37e+02     3.09e-06   1219.627s
3124000 +3.15593869e+02 +3.16310853e+02  7.17e-01   2.37e+02     3.10e-06   1220.015s
3125000 +3.15595455e+02 +3.16310320e+02  7.15e-01   2.37e+02     3.11e-06   1220.403s
3126000 +3.15594904e+02 +3.16309891e+02  7.15e-01   2.37e+02     3.13e-06   1220.790s
3127000 +3.15597889e+02 +3.16309454e+02  7.12e-01   2.37e+02     3.15e-06   1221.178s
3128000 +3.15599006e+02 +3.16309060e+02  7.10e-01   2.37e+02     3.16e-06   1221.565s
3129000 +3.15596280e+02 +3.16308696e+02  7.12e-01   2.37e+02     3.17e-06   1221.952s
3130000 +3.15599076e+02 +3.16308254e+02  7.09e-01   2.37e+02     3.18e-06   1222.340s
3131000 +3.15601557e+02 +3.16307658e+02  7.06e-01   2.38e+02     3.19e-06   1222.727s
3132000 +3.15603860e+02 +3.16307242e+02  7.03e-01   2.38e+02     3.20e-06   1223.115s
3133000 +3.15605024e+02 +3.16306748e+02  7.02e-01   2.37e+02     3.22e-06   1223.502s
3134000 +3.15605191e+02 +3.16306187e+02  7.01e-01   2.38e+02     3.23e-06   1223.890s
3135000 +3.15605292e+02 +3.16305694e+02  7.00e-01   2.38e+02     3.24e-06   1224.277s
3136000 +3.15608701e+02 +3.16305310e+02  6.97e-01   2.37e+02     3.25e-06   1224.665s
3137000 +3.15607754e+02 +3.16304943e+02  6.97e-01   2.37e+02     3.26e-06   1225.052s
3138000 +3.15609248e+02 +3.16304781e+02  6.96e-01   2.37e+02     3.27e-06   1225.440s
3139000 +3.15610789e+02 +3.16304481e+02  6.94e-01   2.38e+02     3.28e-06   1225.827s
3140000 +3.15607774e+02 +3.16304140e+02  6.96e-01   2.37e+02     3.29e-06   1226.215s
3141000 +3.15608356e+02 +3.16303863e+02  6.96e-01   2.38e+02     3.29e-06   1226.602s
3142000 +3.15609153e+02 +3.16303780e+02  6.95e-01   2.37e+02     3.30e-06   1226.992s
3143000 +3.15606724e+02 +3.16303656e+02  6.97e-01   2.38e+02     3.30e-06   1227.379s
3144000 +3.15605521e+02 +3.16303417e+02  6.98e-01   2.38e+02     3.32e-06   1227.767s
3145000 +3.15605595e+02 +3.16303216e+02  6.98e-01   2.38e+02     3.34e-06   1228.154s
3146000 +3.15606403e+02 +3.16303070e+02  6.97e-01   2.38e+02     3.35e-06   1228.542s
3147000 +3.15607834e+02 +3.16302967e+02  6.95e-01   2.38e+02     3.36e-06   1228.929s
3148000 +3.15607410e+02 +3.16302739e+02  6.95e-01   2.38e+02     3.38e-06   1229.323s
3149000 +3.15610028e+02 +3.16302386e+02  6.92e-01   2.38e+02     3.39e-06   1229.710s
3150000 +3.15611145e+02 +3.16302159e+02  6.91e-01   2.38e+02     3.40e-06   1230.097s
3151000 +3.15611965e+02 +3.16301740e+02  6.90e-01   2.38e+02     3.42e-06   1230.485s
3152000 +3.15613088e+02 +3.16301416e+02  6.88e-01   2.38e+02     3.43e-06   1230.872s
3153000 +3.15612460e+02 +3.16301159e+02  6.89e-01   2.38e+02     3.44e-06   1231.260s
3154000 +3.15614013e+02 +3.16300782e+02  6.87e-01   2.38e+02     3.46e-06   1231.647s
3155000 +3.15613345e+02 +3.16300696e+02  6.87e-01   2.38e+02     3.46e-06   1232.035s
3156000 +3.15613920e+02 +3.16300392e+02  6.86e-01   2.38e+02     3.48e-06   1232.423s
3157000 +3.15614155e+02 +3.16300170e+02  6.86e-01   2.38e+02     3.49e-06   1232.812s
3158000 +3.15614478e+02 +3.16299751e+02  6.85e-01   2.38e+02     3.50e-06   1233.203s
3159000 +3.15617612e+02 +3.16299396e+02  6.82e-01   2.38e+02     3.51e-06   1233.591s
3160000 +3.15616152e+02 +3.16299240e+02  6.83e-01   2.38e+02     3.52e-06   1233.978s
3161000 +3.15616970e+02 +3.16299120e+02  6.82e-01   2.38e+02     3.53e-06   1234.366s
3162000 +3.15616157e+02 +3.16298808e+02  6.83e-01   2.38e+02     3.54e-06   1234.753s
3163000 +3.15617963e+02 +3.16298545e+02  6.81e-01   2.38e+02     3.54e-06   1235.141s
3164000 +3.15618049e+02 +3.16298437e+02  6.80e-01   2.38e+02     3.55e-06   1235.528s
3165000 +3.15616123e+02 +3.16298208e+02  6.82e-01   2.38e+02     3.57e-06   1235.916s
3166000 +3.15615621e+02 +3.16298066e+02  6.82e-01   2.38e+02     3.57e-06   1236.304s
3167000 +3.15618801e+02 +3.16297727e+02  6.79e-01   2.38e+02     3.58e-06   1236.691s
3168000 +3.15618665e+02 +3.16297628e+02  6.79e-01   2.38e+02     3.60e-06   1237.079s
3169000 +3.15617135e+02 +3.16297593e+02  6.80e-01   2.38e+02     3.60e-06   1237.467s
3170000 +3.15617990e+02 +3.16297384e+02  6.79e-01   2.38e+02     3.61e-06   1237.854s
3171000 +3.15617326e+02 +3.16297194e+02  6.80e-01   2.38e+02     3.61e-06   1238.242s
3172000 +3.15617858e+02 +3.16296997e+02  6.79e-01   2.38e+02     3.63e-06   1238.629s
3173000 +3.15617433e+02 +3.16296871e+02  6.79e-01   2.38e+02     3.64e-06   1239.017s
3174000 +3.15615646e+02 +3.16297001e+02  6.81e-01   2.38e+02     3.66e-06   1239.404s
3175000 +3.15617283e+02 +3.16296986e+02  6.80e-01   2.38e+02     3.67e-06   1239.792s
3176000 +3.15618603e+02 +3.16297061e+02  6.78e-01   2.38e+02     3.69e-06   1240.179s
3177000 +3.15622674e+02 +3.16296133e+02  6.73e-01   2.39e+02     3.84e-06   1240.568s
3178000 +3.15623234e+02 +3.16294096e+02  6.71e-01   2.39e+02     4.00e-06   1240.955s
3179000 +3.15623200e+02 +3.16291844e+02  6.69e-01   2.39e+02     4.12e-06   1241.343s
3180000 +3.15623106e+02 +3.16289058e+02  6.66e-01   2.39e+02     4.25e-06   1241.730s
3181000 +3.15623621e+02 +3.16286355e+02  6.63e-01   2.39e+02     4.44e-06   1242.123s
3182000 +3.15626621e+02 +3.16283436e+02  6.57e-01   2.40e+02     4.55e-06   1242.510s
3183000 +3.15626866e+02 +3.16279722e+02  6.53e-01   2.39e+02     4.72e-06   1242.897s
3184000 +3.15630566e+02 +3.16276468e+02  6.46e-01   2.40e+02     4.82e-06   1243.285s
3185000 +3.15632210e+02 +3.16273816e+02  6.42e-01   2.39e+02     4.71e-06   1243.673s
3186000 +3.15632633e+02 +3.16270516e+02  6.38e-01   2.40e+02     4.77e-06   1244.060s
3187000 +3.15634043e+02 +3.16267178e+02  6.33e-01   2.39e+02     4.82e-06   1244.448s
3188000 +3.15635526e+02 +3.16263577e+02  6.28e-01   2.39e+02     4.90e-06   1244.835s
3189000 +3.15634689e+02 +3.16259983e+02  6.25e-01   2.40e+02     4.93e-06   1245.223s
3190000 +3.15637598e+02 +3.16256729e+02  6.19e-01   2.40e+02     5.19e-06   1245.612s
3191000 +3.15639708e+02 +3.16253219e+02  6.14e-01   2.40e+02     5.36e-06   1246.002s
3192000 +3.15642636e+02 +3.16249306e+02  6.07e-01   2.40e+02     5.32e-06   1246.389s
3193000 +3.15646612e+02 +3.16245525e+02  5.99e-01   2.39e+02     5.20e-06   1246.777s
3194000 +3.15645957e+02 +3.16240840e+02  5.95e-01   2.40e+02     5.36e-06   1247.164s
3195000 +3.15647359e+02 +3.16236715e+02  5.89e-01   2.40e+02     5.40e-06   1247.552s
3196000 +3.15651143e+02 +3.16231521e+02  5.80e-01   2.40e+02     5.54e-06   1247.939s
3197000 +3.15652177e+02 +3.16227336e+02  5.75e-01   2.40e+02     5.65e-06   1248.327s
3198000 +3.15653349e+02 +3.16222488e+02  5.69e-01   2.40e+02     5.58e-06   1248.715s
3199000 +3.15653766e+02 +3.16216741e+02  5.63e-01   2.40e+02     5.61e-06   1249.102s
3200000 +3.15654138e+02 +3.16210963e+02  5.57e-01   2.40e+02     5.64e-06   1249.490s
3201000 +3.15655491e+02 +3.16205330e+02  5.50e-01   2.40e+02     5.74e-06   1249.877s
3202000 +3.15657557e+02 +3.16200138e+02  5.43e-01   2.40e+02     5.77e-06   1250.265s
3203000 +3.15661410e+02 +3.16194918e+02  5.34e-01   2.40e+02     5.89e-06   1250.653s
3204000 +3.15666343e+02 +3.16189584e+02  5.23e-01   2.40e+02     5.96e-06   1251.040s
3205000 +3.15665387e+02 +3.16184779e+02  5.19e-01   2.40e+02     5.98e-06   1251.428s
3206000 +3.15667217e+02 +3.16179722e+02  5.13e-01   2.39e+02     6.10e-06   1251.815s
3207000 +3.15670914e+02 +3.16174250e+02  5.03e-01   2.40e+02     6.12e-06   1252.203s
3208000 +3.15673078e+02 +3.16169088e+02  4.96e-01   2.40e+02     6.17e-06   1252.590s
3209000 +3.15674567e+02 +3.16163246e+02  4.89e-01   2.40e+02     6.28e-06   1252.978s
3210000 +3.15672653e+02 +3.16157547e+02  4.85e-01   2.40e+02     6.41e-06   1253.365s
3211000 +3.15675894e+02 +3.16151956e+02  4.76e-01   2.39e+02     6.45e-06   1253.752s
3212000 +3.15679173e+02 +3.16146970e+02  4.68e-01   2.39e+02     6.51e-06   1254.140s
3213000 +3.15683021e+02 +3.16142045e+02  4.59e-01   2.40e+02     6.50e-06   1254.528s
3214000 +3.15683952e+02 +3.16137731e+02  4.54e-01   2.39e+02     6.56e-06   1254.915s
3215000 +3.15682896e+02 +3.16132731e+02  4.50e-01   2.38e+02     6.66e-06   1255.303s
3216000 +3.15686108e+02 +3.16127809e+02  4.42e-01   2.39e+02     6.76e-06   1255.690s
3217000 +3.15688523e+02 +3.16122663e+02  4.34e-01   2.38e+02     6.78e-06   1256.078s
3218000 +3.15689544e+02 +3.16116963e+02  4.27e-01   2.38e+02     6.90e-06   1256.465s
3219000 +3.15689985e+02 +3.16112029e+02  4.22e-01   2.38e+02     6.95e-06   1256.853s
3220000 +3.15692590e+02 +3.16106944e+02  4.14e-01   2.38e+02     7.07e-06   1257.241s
3221000 +3.15695600e+02 +3.16102425e+02  4.07e-01   2.38e+02     7.10e-06   1257.628s
3222000 +3.15698868e+02 +3.16098912e+02  4.00e-01   2.38e+02     7.23e-06   1258.016s
3223000 +3.15699304e+02 +3.16094908e+02  3.96e-01   2.38e+02     7.29e-06   1258.403s
3224000 +3.15700641e+02 +3.16091421e+02  3.91e-01   2.38e+02     7.40e-06   1258.791s
3225000 +3.15702712e+02 +3.16088470e+02  3.86e-01   2.38e+02     7.44e-06   1259.179s
3226000 +3.15703735e+02 +3.16084751e+02  3.81e-01   2.38e+02     7.51e-06   1259.566s
3227000 +3.15704260e+02 +3.16081131e+02  3.77e-01   2.38e+02     7.54e-06   1259.954s
3228000 +3.15705724e+02 +3.16078057e+02  3.72e-01   2.38e+02     7.60e-06   1260.341s
3229000 +3.15709700e+02 +3.16074934e+02  3.65e-01   2.38e+02     7.71e-06   1260.729s
3230000 +3.15711742e+02 +3.16071309e+02  3.60e-01   2.38e+02     7.79e-06   1261.117s
3231000 +3.15715038e+02 +3.16067834e+02  3.53e-01   2.38e+02     7.81e-06   1261.504s
3232000 +3.15713178e+02 +3.16065182e+02  3.52e-01   2.38e+02     7.84e-06   1261.892s
3233000 +3.15713926e+02 +3.16061903e+02  3.48e-01   2.38e+02     7.90e-06   1262.279s
3234000 +3.15720135e+02 +3.16058593e+02  3.38e-01   2.38e+02     7.97e-06   1262.667s
3235000 +3.15721502e+02 +3.16055374e+02  3.34e-01   2.38e+02     8.00e-06   1263.055s
3236000 +3.15725898e+02 +3.16052572e+02  3.27e-01   2.38e+02     8.10e-06   1263.442s
3237000 +3.15725324e+02 +3.16048236e+02  3.23e-01   2.38e+02     8.18e-06   1263.830s
3238000 +3.15727769e+02 +3.16044104e+02  3.16e-01   2.39e+02     8.21e-06   1264.217s
3239000 +3.15728639e+02 +3.16040557e+02  3.12e-01   2.39e+02     8.32e-06   1264.605s
3240000 +3.15729429e+02 +3.16036656e+02  3.07e-01   2.39e+02     8.41e-06   1264.992s
3241000 +3.15731888e+02 +3.16032280e+02  3.00e-01   2.39e+02     8.52e-06   1265.380s
3242000 +3.15733769e+02 +3.16027683e+02  2.94e-01   2.39e+02     8.59e-06   1265.768s
3243000 +3.15736678e+02 +3.16023682e+02  2.87e-01   2.39e+02     8.67e-06   1266.155s
3244000 +3.15738040e+02 +3.16019407e+02  2.81e-01   2.39e+02     8.72e-06   1266.543s
3245000 +3.15742190e+02 +3.16015371e+02  2.73e-01   2.39e+02     8.81e-06   1266.930s
3246000 +3.15746931e+02 +3.16011181e+02  2.64e-01   2.39e+02     8.96e-06   1267.318s
3247000 +3.15748765e+02 +3.16007407e+02  2.59e-01   2.39e+02     8.91e-06   1267.706s
3248000 +3.15750592e+02 +3.16003415e+02  2.53e-01   2.39e+02     8.98e-06   1268.094s
3249000 +3.15754420e+02 +3.16000416e+02  2.46e-01   2.39e+02     9.06e-06   1268.481s
3250000 +3.15756400e+02 +3.15997658e+02  2.41e-01   2.39e+02     9.11e-06   1268.869s
3251000 +3.15757972e+02 +3.15994508e+02  2.37e-01   2.39e+02     9.17e-06   1269.256s
3252000 +3.15758526e+02 +3.15992081e+02  2.34e-01   2.39e+02     9.23e-06   1269.644s
3253000 +3.15760849e+02 +3.15989623e+02  2.29e-01   2.39e+02     9.24e-06   1270.031s
3254000 +3.15760505e+02 +3.15987258e+02  2.27e-01   2.39e+02     9.33e-06   1270.419s
3255000 +3.15762838e+02 +3.15984499e+02  2.22e-01   2.39e+02     9.39e-06   1270.806s
3256000 +3.15766389e+02 +3.15981831e+02  2.15e-01   2.39e+02     9.43e-06   1271.194s
3257000 +3.15768663e+02 +3.15979476e+02  2.11e-01   2.39e+02     9.49e-06   1271.581s
3258000 +3.15770289e+02 +3.15977224e+02  2.07e-01   2.39e+02     9.52e-06   1271.969s
3259000 +3.15773701e+02 +3.15974950e+02  2.01e-01   2.39e+02     9.61e-06   1272.356s
3260000 +3.15775891e+02 +3.15972658e+02  1.97e-01   2.39e+02     9.67e-06   1272.744s
3261000 +3.15775801e+02 +3.15970189e+02  1.94e-01   2.39e+02     9.67e-06   1273.131s
3262000 +3.15776715e+02 +3.15968230e+02  1.92e-01   2.39e+02     9.74e-06   1273.519s
3263000 +3.15781291e+02 +3.15965507e+02  1.84e-01   2.39e+02     9.84e-06   1273.907s
3264000 +3.15784806e+02 +3.15962911e+02  1.78e-01   2.39e+02     9.94e-06   1274.294s
3265000 +3.15784083e+02 +3.15960148e+02  1.76e-01   2.39e+02     9.90e-06   1274.682s
3266000 +3.15787384e+02 +3.15956896e+02  1.70e-01   2.39e+02     1.00e-05   1275.070s
3267000 +3.15789766e+02 +3.15954418e+02  1.65e-01   2.39e+02     1.00e-05   1275.457s
3268000 +3.15792864e+02 +3.15951561e+02  1.59e-01   2.39e+02     1.01e-05   1275.845s
3269000 +3.15791961e+02 +3.15949174e+02  1.57e-01   2.39e+02     1.02e-05   1276.233s
3270000 +3.15792788e+02 +3.15946321e+02  1.54e-01   2.39e+02     1.02e-05   1276.620s
3271000 +3.15795582e+02 +3.15943615e+02  1.48e-01   2.39e+02     1.02e-05   1277.008s
3272000 +3.15796730e+02 +3.15941157e+02  1.44e-01   2.39e+02     1.03e-05   1277.395s
3273000 +3.15800416e+02 +3.15939842e+02  1.39e-01   2.39e+02     1.03e-05   1277.783s
3274000 +3.15802481e+02 +3.15937740e+02  1.35e-01   2.39e+02     1.04e-05   1278.171s
3275000 +3.15803667e+02 +3.15935823e+02  1.32e-01   2.39e+02     1.05e-05   1278.558s
3276000 +3.15805618e+02 +3.15933647e+02  1.28e-01   2.39e+02     1.05e-05   1278.946s
3277000 +3.15807329e+02 +3.15931373e+02  1.24e-01   2.39e+02     1.06e-05   1279.334s
3278000 +3.15808724e+02 +3.15929290e+02  1.21e-01   2.39e+02     1.06e-05   1279.722s
3279000 +3.15810157e+02 +3.15927302e+02  1.17e-01   2.39e+02     1.06e-05   1280.109s
3280000 +3.15811811e+02 +3.15924844e+02  1.13e-01   2.39e+02     1.07e-05   1280.496s
3281000 +3.15811936e+02 +3.15922763e+02  1.11e-01   2.39e+02     1.07e-05   1280.884s
3282000 +3.15814279e+02 +3.15920550e+02  1.06e-01   2.39e+02     1.08e-05   1281.272s
3283000 +3.15814118e+02 +3.15917896e+02  1.04e-01   2.39e+02     1.08e-05   1281.659s
3284000 +3.15817347e+02 +3.15915177e+02  9.78e-02   2.39e+02     1.09e-05   1282.047s
3285000 +3.15817911e+02 +3.15912435e+02  9.45e-02   2.39e+02     1.10e-05   1282.435s
3286000 +3.15822860e+02 +3.15910204e+02  8.73e-02   2.39e+02     1.10e-05   1282.822s
3287000 +3.15820940e+02 +3.15908075e+02  8.71e-02   2.39e+02     1.10e-05   1283.210s
3288000 +3.15823364e+02 +3.15905913e+02  8.25e-02   2.39e+02     1.11e-05   1283.598s
3289000 +3.15824438e+02 +3.15903873e+02  7.94e-02   2.39e+02     1.11e-05   1283.985s
3290000 +3.15826472e+02 +3.15902167e+02  7.57e-02   2.39e+02     1.12e-05   1284.373s
3291000 +3.15827203e+02 +3.15900396e+02  7.32e-02   2.39e+02     1.12e-05   1284.760s
3292000 +3.15829281e+02 +3.15897998e+02  6.87e-02   2.39e+02     1.13e-05   1285.148s
3293000 +3.15832390e+02 +3.15895615e+02  6.32e-02   2.39e+02     1.13e-05   1285.536s
3294000 +3.15833329e+02 +3.15893509e+02  6.02e-02   2.39e+02     1.14e-05   1285.924s
3295000 +3.15834490e+02 +3.15891896e+02  5.74e-02   2.39e+02     1.14e-05   1286.311s
3296000 +3.15834948e+02 +3.15890581e+02  5.56e-02   2.39e+02     1.14e-05   1286.699s
3297000 +3.15837955e+02 +3.15888743e+02  5.08e-02   2.39e+02     1.15e-05   1287.087s
3298000 +3.15839632e+02 +3.15886851e+02  4.72e-02   2.39e+02     1.15e-05   1287.474s
3299000 +3.15841389e+02 +3.15885224e+02  4.38e-02   2.39e+02     1.16e-05   1287.862s
3300000 +3.15841764e+02 +3.15882832e+02  4.11e-02   2.39e+02     1.16e-05   1288.249s
3301000 +3.15844493e+02 +3.15880472e+02  3.60e-02   2.39e+02     1.17e-05   1288.637s
3302000 +3.15845291e+02 +3.15878255e+02  3.30e-02   2.39e+02     1.17e-05   1289.025s
3303000 +3.15846677e+02 +3.15876152e+02  2.95e-02   2.39e+02     1.18e-05   1289.412s
3304000 +3.15846940e+02 +3.15874641e+02  2.77e-02   2.39e+02     1.18e-05   1289.800s
3305000 +3.15849795e+02 +3.15872714e+02  2.29e-02   2.39e+02     1.18e-05   1290.188s
3306000 +3.15851997e+02 +3.15870949e+02  1.90e-02   2.39e+02     1.19e-05   1290.576s
3307000 +3.15852155e+02 +3.15869671e+02  1.75e-02   2.39e+02     1.19e-05   1290.963s
3308000 +3.15854618e+02 +3.15867671e+02  1.31e-02   2.39e+02     1.19e-05   1291.351s
3309000 +3.15856738e+02 +3.15865984e+02  9.25e-03   2.39e+02     1.20e-05   1291.738s
3310000 +3.15858274e+02 +3.15864643e+02  6.37e-03   2.39e+02     1.20e-05   1292.126s
3311000 +3.15857954e+02 +3.15863289e+02  5.34e-03   2.39e+02     1.20e-05   1292.514s
3312000 +3.15860200e+02 +3.15861766e+02  1.57e-03   2.39e+02     1.20e-05   1292.901s
3313000 +3.15861740e+02 +3.15860356e+02  1.38e-03   2.39e+02     1.20e-05   1293.289s
3314000 +3.15862617e+02 +3.15858761e+02  3.86e-03   2.39e+02     1.21e-05   1293.676s
3315000 +3.15866855e+02 +3.15853975e+02  1.29e-02   2.39e+02     1.27e-05   1294.065s
3316000 +3.15867556e+02 +3.15843413e+02  2.41e-02   2.39e+02     1.39e-05   1294.452s
3317000 +3.15867989e+02 +3.15832243e+02  3.57e-02   2.39e+02     1.37e-05   1294.839s
3318000 +3.15870426e+02 +3.15819641e+02  5.08e-02   2.39e+02     1.39e-05   1295.227s
3319000 +3.15874337e+02 +3.15807917e+02  6.64e-02   2.39e+02     1.41e-05   1295.614s
3320000 +3.15876389e+02 +3.15794604e+02  8.18e-02   2.39e+02     1.43e-05   1296.002s
3321000 +3.15878361e+02 +3.15780137e+02  9.82e-02   2.39e+02     1.47e-05   1296.389s
3322000 +3.15882673e+02 +3.15768176e+02  1.14e-01   2.39e+02     1.48e-05   1296.777s
3323000 +3.15885206e+02 +3.15756157e+02  1.29e-01   2.39e+02     1.51e-05   1297.165s
3324000 +3.15889044e+02 +3.15744971e+02  1.44e-01   2.39e+02     1.52e-05   1297.552s
3325000 +3.15893676e+02 +3.15735274e+02  1.58e-01   2.39e+02     1.51e-05   1297.940s
3326000 +3.15898080e+02 +3.15727773e+02  1.70e-01   2.39e+02     1.56e-05   1298.327s
3327000 +3.15901365e+02 +3.15717615e+02  1.84e-01   2.39e+02     1.58e-05   1298.715s
3328000 +3.15903153e+02 +3.15706962e+02  1.96e-01   2.39e+02     1.64e-05   1299.102s
3329000 +3.15907439e+02 +3.15697484e+02  2.10e-01   2.39e+02     1.71e-05   1299.490s
3330000 +3.15910522e+02 +3.15687297e+02  2.23e-01   2.39e+02     1.76e-05   1299.877s
3331000 +3.15917540e+02 +3.15678466e+02  2.39e-01   2.39e+02     1.80e-05   1300.265s
3332000 +3.15920749e+02 +3.15668114e+02  2.53e-01   2.39e+02     1.78e-05   1300.653s
3333000 +3.15925791e+02 +3.15660371e+02  2.65e-01   2.39e+02     1.74e-05   1301.040s
3334000 +3.15927079e+02 +3.15651753e+02  2.75e-01   2.39e+02     1.66e-05   1301.428s
3335000 +3.15928964e+02 +3.15644154e+02  2.85e-01   2.39e+02     1.62e-05   1301.815s
3336000 +3.15932693e+02 +3.15637496e+02  2.95e-01   2.39e+02     1.59e-05   1302.203s
3337000 +3.15938563e+02 +3.15629756e+02  3.09e-01   2.40e+02     1.58e-05   1302.590s
3338000 +3.15942443e+02 +3.15621408e+02  3.21e-01   2.40e+02     1.58e-05   1302.978s
3339000 +3.15945202e+02 +3.15615653e+02  3.30e-01   2.40e+02     1.59e-05   1303.366s
3340000 +3.15949323e+02 +3.15610071e+02  3.39e-01   2.40e+02     1.59e-05   1303.753s
3341000 +3.15951499e+02 +3.15603633e+02  3.48e-01   2.40e+02     1.60e-05   1304.141s
3342000 +3.15954572e+02 +3.15598392e+02  3.56e-01   2.40e+02     1.61e-05   1304.529s
3343000 +3.15957399e+02 +3.15592587e+02  3.65e-01   2.40e+02     1.63e-05   1304.916s
3344000 +3.15960962e+02 +3.15586086e+02  3.75e-01   2.40e+02     1.67e-05   1305.304s
3345000 +3.15964234e+02 +3.15581395e+02  3.83e-01   2.40e+02     1.69e-05   1305.691s
3346000 +3.15968165e+02 +3.15575863e+02  3.92e-01   2.40e+02     1.69e-05   1306.079s
3347000 +3.15969226e+02 +3.15569502e+02  4.00e-01   2.40e+02     1.67e-05   1306.466s
3348000 +3.15971623e+02 +3.15565081e+02  4.07e-01   2.40e+02     1.67e-05   1306.854s
3349000 +3.15973029e+02 +3.15561980e+02  4.11e-01   2.40e+02     1.66e-05   1307.242s
3350000 +3.15976067e+02 +3.15555700e+02  4.20e-01   2.40e+02     1.67e-05   1307.629s
3351000 +3.15978342e+02 +3.15551199e+02  4.27e-01   2.41e+02     1.71e-05   1308.017s
3352000 +3.15978747e+02 +3.15547193e+02  4.32e-01   2.41e+02     1.73e-05   1308.405s
3353000 +3.15983001e+02 +3.15541395e+02  4.42e-01   2.41e+02     1.71e-05   1308.792s
3354000 +3.15984684e+02 +3.15537377e+02  4.47e-01   2.41e+02     1.70e-05   1309.180s
3355000 +3.15986923e+02 +3.15533448e+02  4.53e-01   2.41e+02     1.72e-05   1309.568s
3356000 +3.15989363e+02 +3.15529937e+02  4.59e-01   2.41e+02     1.75e-05   1309.956s
3357000 +3.15992116e+02 +3.15526368e+02  4.66e-01   2.41e+02     1.76e-05   1310.344s
3358000 +3.15995271e+02 +3.15523750e+02  4.72e-01   2.41e+02     1.79e-05   1310.731s
3359000 +3.15996401e+02 +3.15520021e+02  4.76e-01   2.41e+02     1.77e-05   1311.119s
3360000 +3.15998472e+02 +3.15516291e+02  4.82e-01   2.41e+02     1.78e-05   1311.507s
3361000 +3.15998717e+02 +3.15513480e+02  4.85e-01   2.41e+02     1.76e-05   1311.894s
3362000 +3.16001234e+02 +3.15511587e+02  4.90e-01   2.41e+02     1.77e-05   1312.282s
3363000 +3.16003150e+02 +3.15509529e+02  4.94e-01   2.41e+02     1.78e-05   1312.670s
3364000 +3.16006121e+02 +3.15507258e+02  4.99e-01   2.41e+02     1.80e-05   1313.057s
3365000 +3.16006585e+02 +3.15504200e+02  5.02e-01   2.41e+02     1.81e-05   1313.445s
3366000 +3.16008837e+02 +3.15501851e+02  5.07e-01   2.41e+02     1.79e-05   1313.833s
3367000 +3.16011723e+02 +3.15499515e+02  5.12e-01   2.41e+02     1.80e-05   1314.221s
3368000 +3.16013449e+02 +3.15497308e+02  5.16e-01   2.41e+02     1.81e-05   1314.608s
3369000 +3.16015141e+02 +3.15496870e+02  5.18e-01   2.41e+02     1.81e-05   1314.996s
3370000 +3.16017065e+02 +3.15495633e+02  5.21e-01   2.42e+02     1.82e-05   1315.384s
3371000 +3.16018955e+02 +3.15494349e+02  5.25e-01   2.42e+02     1.83e-05   1315.771s
3372000 +3.16019227e+02 +3.15492826e+02  5.26e-01   2.42e+02     1.83e-05   1316.159s
3373000 +3.16020448e+02 +3.15491669e+02  5.29e-01   2.42e+02     1.84e-05   1316.547s
3374000 +3.16023241e+02 +3.15489905e+02  5.33e-01   2.42e+02     1.85e-05   1316.934s
3375000 +3.16024749e+02 +3.15488386e+02  5.36e-01   2.42e+02     1.85e-05   1317.322s
3376000 +3.16028448e+02 +3.15487022e+02  5.41e-01   2.42e+02     1.86e-05   1317.709s
3377000 +3.16029677e+02 +3.15485673e+02  5.44e-01   2.42e+02     1.87e-05   1318.097s
3378000 +3.16032223e+02 +3.15485063e+02  5.47e-01   2.42e+02     1.89e-05   1318.485s
3379000 +3.16034367e+02 +3.15484107e+02  5.50e-01   2.42e+02     1.90e-05   1318.872s
3380000 +3.16035238e+02 +3.15483545e+02  5.52e-01   2.42e+02     1.92e-05   1319.260s
3381000 +3.16036901e+02 +3.15483269e+02  5.54e-01   2.42e+02     1.92e-05   1319.648s
3382000 +3.16037948e+02 +3.15482544e+02  5.55e-01   2.42e+02     1.91e-05   1320.035s
3383000 +3.16040456e+02 +3.15482577e+02  5.58e-01   2.42e+02     1.92e-05   1320.423s
3384000 +3.16042466e+02 +3.15482763e+02  5.60e-01   2.42e+02     1.92e-05   1320.811s
3385000 +3.16043706e+02 +3.15483163e+02  5.61e-01   2.42e+02     1.94e-05   1321.198s
3386000 +3.16045478e+02 +3.15482869e+02  5.63e-01   2.42e+02     1.96e-05   1321.586s
3387000 +3.16045377e+02 +3.15483220e+02  5.62e-01   2.42e+02     1.98e-05   1321.974s
3388000 +3.16045690e+02 +3.15483541e+02  5.62e-01   2.42e+02     1.97e-05   1322.362s
3389000 +3.16047202e+02 +3.15483677e+02  5.64e-01   2.42e+02     1.96e-05   1322.750s
3390000 +3.16049263e+02 +3.15484396e+02  5.65e-01   2.42e+02     1.94e-05   1323.137s
3391000 +3.16050889e+02 +3.15485469e+02  5.65e-01   2.42e+02     1.94e-05   1323.525s
3392000 +3.16052721e+02 +3.15485836e+02  5.67e-01   2.42e+02     1.94e-05   1323.913s
3393000 +3.16052568e+02 +3.15486063e+02  5.67e-01   2.42e+02     1.92e-05   1324.301s
3394000 +3.16053781e+02 +3.15486379e+02  5.67e-01   2.42e+02     1.92e-05   1324.689s
3395000 +3.16055084e+02 +3.15487018e+02  5.68e-01   2.42e+02     1.93e-05   1325.076s
3396000 +3.16055286e+02 +3.15487670e+02  5.68e-01   2.42e+02     1.92e-05   1325.464s
3397000 +3.16058146e+02 +3.15488502e+02  5.70e-01   2.43e+02     1.92e-05   1325.852s
3398000 +3.16058921e+02 +3.15489225e+02  5.70e-01   2.42e+02     1.92e-05   1326.239s
3399000 +3.16060461e+02 +3.15490058e+02  5.70e-01   2.43e+02     1.91e-05   1326.627s
3400000 +3.16061098e+02 +3.15491053e+02  5.70e-01   2.43e+02     1.91e-05   1327.015s
3401000 +3.16062549e+02 +3.15492277e+02  5.70e-01   2.43e+02     1.91e-05   1327.403s
3402000 +3.16064085e+02 +3.15493745e+02  5.70e-01   2.43e+02     1.92e-05   1327.790s
3403000 +3.16064934e+02 +3.15495291e+02  5.70e-01   2.43e+02     1.92e-05   1328.178s
3404000 +3.16065872e+02 +3.15497387e+02  5.68e-01   2.43e+02     1.92e-05   1328.566s
3405000 +3.16067278e+02 +3.15499016e+02  5.68e-01   2.43e+02     1.92e-05   1328.954s
3406000 +3.16067959e+02 +3.15500492e+02  5.67e-01   2.43e+02     1.92e-05   1329.342s
3407000 +3.16068471e+02 +3.15502552e+02  5.66e-01   2.43e+02     1.91e-05   1329.729s
3408000 +3.16069992e+02 +3.15504772e+02  5.65e-01   2.43e+02     1.91e-05   1330.117s
3409000 +3.16071828e+02 +3.15507076e+02  5.65e-01   2.43e+02     1.92e-05   1330.505s
3410000 +3.16072916e+02 +3.15509697e+02  5.63e-01   2.43e+02     1.92e-05   1330.893s
3411000 +3.16073630e+02 +3.15511081e+02  5.63e-01   2.43e+02     1.92e-05   1331.281s
3412000 +3.16077096e+02 +3.15506976e+02  5.70e-01   2.43e+02     2.15e-05   1331.669s
3413000 +3.16077688e+02 +3.15501442e+02  5.76e-01   2.43e+02     2.47e-05   1332.056s
3414000 +3.16079191e+02 +3.15494297e+02  5.85e-01   2.43e+02     2.78e-05   1332.444s
3415000 +3.16080672e+02 +3.15485885e+02  5.95e-01   2.43e+02     2.95e-05   1332.831s
3416000 +3.16082293e+02 +3.15479368e+02  6.03e-01   2.43e+02     3.08e-05   1333.219s
3417000 +3.16083767e+02 +3.15471695e+02  6.12e-01   2.43e+02     2.84e-05   1333.606s
3418000 +3.16085196e+02 +3.15466570e+02  6.19e-01   2.44e+02     2.63e-05   1333.993s
3419000 +3.16086369e+02 +3.15463186e+02  6.23e-01   2.44e+02     2.66e-05   1334.381s
3420000 +3.16088203e+02 +3.15459276e+02  6.29e-01   2.44e+02     2.65e-05   1334.769s
3421000 +3.16091407e+02 +3.15453064e+02  6.38e-01   2.44e+02     2.67e-05   1335.156s
3422000 +3.16094019e+02 +3.15446961e+02  6.47e-01   2.44e+02     2.66e-05   1335.544s
3423000 +3.16096922e+02 +3.15444596e+02  6.52e-01   2.44e+02     2.66e-05   1335.931s
3424000 +3.16100465e+02 +3.15443101e+02  6.57e-01   2.44e+02     2.61e-05   1336.319s
3425000 +3.16103428e+02 +3.15443657e+02  6.60e-01   2.44e+02     2.70e-05   1336.707s
3426000 +3.16105464e+02 +3.15443458e+02  6.62e-01   2.44e+02     2.78e-05   1337.094s
3427000 +3.16107267e+02 +3.15445382e+02  6.62e-01   2.44e+02     2.48e-05   1337.482s
3428000 +3.16109970e+02 +3.15445857e+02  6.64e-01   2.44e+02     2.37e-05   1337.870s
3429000 +3.16112708e+02 +3.15445476e+02  6.67e-01   2.44e+02     2.40e-05   1338.257s
3430000 +3.16113926e+02 +3.15445554e+02  6.68e-01   2.45e+02     2.35e-05   1338.645s
3431000 +3.16116549e+02 +3.15447700e+02  6.69e-01   2.45e+02     2.34e-05   1339.033s
3432000 +3.16119295e+02 +3.15450195e+02  6.69e-01   2.45e+02     2.33e-05   1339.420s
3433000 +3.16121274e+02 +3.15451913e+02  6.69e-01   2.45e+02     2.44e-05   1339.808s
3434000 +3.16123221e+02 +3.15454528e+02  6.69e-01   2.45e+02     2.44e-05   1340.195s
3435000 +3.16125800e+02 +3.15457104e+02  6.69e-01   2.45e+02     2.39e-05   1340.583s
3436000 +3.16127932e+02 +3.15460089e+02  6.68e-01   2.45e+02     2.38e-05   1340.970s
3437000 +3.16129781e+02 +3.15464490e+02  6.65e-01   2.46e+02     2.39e-05   1341.358s
3438000 +3.16131694e+02 +3.15467597e+02  6.64e-01   2.46e+02     2.37e-05   1341.746s
3439000 +3.16132383e+02 +3.15471464e+02  6.61e-01   2.46e+02     2.41e-05   1342.133s
3440000 +3.16134458e+02 +3.15477365e+02  6.57e-01   2.46e+02     2.44e-05   1342.521s
3441000 +3.16135612e+02 +3.15480448e+02  6.55e-01   2.46e+02     2.42e-05   1342.909s
3442000 +3.16137410e+02 +3.15484650e+02  6.53e-01   2.46e+02     2.31e-05   1343.296s
3443000 +3.16139622e+02 +3.15490412e+02  6.49e-01   2.46e+02     2.40e-05   1343.684s
3444000 +3.16141275e+02 +3.15496085e+02  6.45e-01   2.46e+02     2.54e-05   1344.072s
3445000 +3.16143117e+02 +3.15500768e+02  6.42e-01   2.46e+02     2.44e-05   1344.459s
3446000 +3.16144189e+02 +3.15504886e+02  6.39e-01   2.46e+02     2.36e-05   1344.847s
3447000 +3.16145484e+02 +3.15509106e+02  6.36e-01   2.45e+02     2.38e-05   1345.235s
3448000 +3.16146880e+02 +3.15513152e+02  6.34e-01   2.45e+02     2.39e-05   1345.623s
3449000 +3.16149571e+02 +3.15519795e+02  6.30e-01   2.45e+02     2.33e-05   1346.011s
3450000 +3.16150645e+02 +3.15523987e+02  6.27e-01   2.45e+02     2.41e-05   1346.399s
3451000 +3.16151121e+02 +3.15528860e+02  6.22e-01   2.45e+02     2.51e-05   1346.787s
3452000 +3.16152351e+02 +3.15531968e+02  6.20e-01   2.45e+02     2.47e-05   1347.175s
3453000 +3.16152501e+02 +3.15539500e+02  6.13e-01   2.45e+02     2.56e-05   1347.563s
3454000 +3.16154051e+02 +3.15544458e+02  6.10e-01   2.45e+02     2.59e-05   1347.950s
3455000 +3.16154665e+02 +3.15549528e+02  6.05e-01   2.45e+02     2.55e-05   1348.338s
3456000 +3.16156187e+02 +3.15556943e+02  5.99e-01   2.45e+02     2.60e-05   1348.726s
3457000 +3.16156711e+02 +3.15563429e+02  5.93e-01   2.45e+02     2.52e-05   1349.114s
3458000 +3.16158181e+02 +3.15569953e+02  5.88e-01   2.45e+02     2.42e-05   1349.502s
3459000 +3.16157993e+02 +3.15574887e+02  5.83e-01   2.45e+02     2.46e-05   1349.889s
3460000 +3.16158847e+02 +3.15579889e+02  5.79e-01   2.44e+02     2.44e-05   1350.277s
3461000 +3.16158835e+02 +3.15585936e+02  5.73e-01   2.44e+02     2.42e-05   1350.665s
3462000 +3.16158340e+02 +3.15592426e+02  5.66e-01   2.44e+02     2.45e-05   1351.053s
3463000 +3.16158734e+02 +3.15598266e+02  5.60e-01   2.44e+02     2.49e-05   1351.441s
3464000 +3.16157959e+02 +3.15603767e+02  5.54e-01   2.44e+02     2.47e-05   1351.828s
3465000 +3.16158817e+02 +3.15611475e+02  5.47e-01   2.44e+02     2.48e-05   1352.216s
3466000 +3.16159981e+02 +3.15617204e+02  5.43e-01   2.44e+02     2.47e-05   1352.604s
3467000 +3.16160728e+02 +3.15624093e+02  5.37e-01   2.44e+02     2.48e-05   1352.992s
3468000 +3.16161906e+02 +3.15628013e+02  5.34e-01   2.44e+02     2.46e-05   1353.379s
3469000 +3.16163030e+02 +3.15632719e+02  5.30e-01   2.44e+02     2.41e-05   1353.767s
3470000 +3.16163694e+02 +3.15638769e+02  5.25e-01   2.44e+02     2.43e-05   1354.155s
3471000 +3.16164865e+02 +3.15644806e+02  5.20e-01   2.44e+02     2.46e-05   1354.543s
3472000 +3.16165771e+02 +3.15651216e+02  5.15e-01   2.44e+02     2.46e-05   1354.931s
3473000 +3.16167165e+02 +3.15659352e+02  5.08e-01   2.44e+02     2.46e-05   1355.319s
3474000 +3.16168197e+02 +3.15666386e+02  5.02e-01   2.44e+02     2.40e-05   1355.707s
3475000 +3.16169097e+02 +3.15673005e+02  4.96e-01   2.44e+02     2.37e-05   1356.094s
3476000 +3.16169254e+02 +3.15679452e+02  4.90e-01   2.44e+02     2.49e-05   1356.482s
3477000 +3.16169401e+02 +3.15684162e+02  4.85e-01   2.43e+02     2.49e-05   1356.869s
3478000 +3.16169958e+02 +3.15688713e+02  4.81e-01   2.43e+02     2.48e-05   1357.257s
3479000 +3.16171070e+02 +3.15695705e+02  4.75e-01   2.43e+02     2.44e-05   1357.645s
3480000 +3.16171584e+02 +3.15699081e+02  4.73e-01   2.43e+02     2.45e-05   1358.033s
3481000 +3.16171482e+02 +3.15704775e+02  4.67e-01   2.43e+02     2.56e-05   1358.421s
3482000 +3.16172339e+02 +3.15708285e+02  4.64e-01   2.43e+02     2.49e-05   1358.809s
3483000 +3.16173094e+02 +3.15712195e+02  4.61e-01   2.43e+02     2.40e-05   1359.197s
3484000 +3.16173937e+02 +3.15715104e+02  4.59e-01   2.42e+02     2.36e-05   1359.584s
3485000 +3.16174806e+02 +3.15718016e+02  4.57e-01   2.42e+02     2.45e-05   1359.973s
3486000 +3.16175617e+02 +3.15718946e+02  4.57e-01   2.42e+02     2.50e-05   1360.360s
3487000 +3.16177876e+02 +3.15723962e+02  4.54e-01   2.42e+02     2.55e-05   1360.748s
3488000 +3.16177990e+02 +3.15728972e+02  4.49e-01   2.42e+02     2.63e-05   1361.136s
3489000 +3.16179083e+02 +3.15733572e+02  4.46e-01   2.42e+02     2.61e-05   1361.524s
3490000 +3.16180995e+02 +3.15738960e+02  4.42e-01   2.41e+02     2.51e-05   1361.912s
3491000 +3.16182080e+02 +3.15742985e+02  4.39e-01   2.41e+02     2.37e-05   1362.300s
3492000 +3.16183318e+02 +3.15746917e+02  4.36e-01   2.41e+02     2.40e-05   1362.688s
3493000 +3.16184450e+02 +3.15751016e+02  4.33e-01   2.41e+02     2.44e-05   1363.076s
3494000 +3.16185422e+02 +3.15754212e+02  4.31e-01   2.41e+02     2.53e-05   1363.464s
3495000 +3.16187460e+02 +3.15759693e+02  4.28e-01   2.41e+02     2.44e-05   1363.852s
3496000 +3.16190000e+02 +3.15761686e+02  4.28e-01   2.40e+02     2.39e-05   1364.239s
3497000 +3.16190596e+02 +3.15763326e+02  4.27e-01   2.40e+02     2.43e-05   1364.627s
3498000 +3.16191649e+02 +3.15766298e+02  4.25e-01   2.40e+02     2.34e-05   1365.015s
3499000 +3.16192863e+02 +3.15770267e+02  4.23e-01   2.40e+02     2.32e-05   1365.403s
3500000 +3.16194054e+02 +3.15773631e+02  4.20e-01   2.40e+02     2.45e-05   1365.791s
3501000 +3.16195496e+02 +3.15778870e+02  4.17e-01   2.40e+02     2.42e-05   1366.179s
3502000 +3.16195704e+02 +3.15787132e+02  4.09e-01   2.40e+02     2.41e-05   1366.567s
3503000 +3.16196648e+02 +3.15790683e+02  4.06e-01   2.40e+02     2.45e-05   1366.955s
3504000 +3.16197493e+02 +3.15795306e+02  4.02e-01   2.40e+02     2.44e-05   1367.343s
3505000 +3.16199606e+02 +3.15800803e+02  3.99e-01   2.40e+02     2.46e-05   1367.731s
3506000 +3.16200344e+02 +3.15805299e+02  3.95e-01   2.39e+02     2.43e-05   1368.119s
3507000 +3.16201942e+02 +3.15807719e+02  3.94e-01   2.39e+02     2.51e-05   1368.507s
3508000 +3.16202839e+02 +3.15810465e+02  3.92e-01   2.39e+02     2.62e-05   1368.899s
3509000 +3.16204991e+02 +3.15812489e+02  3.93e-01   2.39e+02     2.58e-05   1369.287s
3510000 +3.16206866e+02 +3.15814726e+02  3.92e-01   2.39e+02     2.43e-05   1369.675s
3511000 +3.16208683e+02 +3.15818130e+02  3.91e-01   2.39e+02     2.43e-05   1370.063s
3512000 +3.16209892e+02 +3.15820748e+02  3.89e-01   2.39e+02     2.46e-05   1370.451s
3513000 +3.16211143e+02 +3.15825408e+02  3.86e-01   2.39e+02     2.50e-05   1370.839s
3514000 +3.16212959e+02 +3.15827833e+02  3.85e-01   2.39e+02     2.53e-05   1371.227s
3515000 +3.16213316e+02 +3.15830608e+02  3.83e-01   2.39e+02     2.53e-05   1371.615s
3516000 +3.16214549e+02 +3.15835224e+02  3.79e-01   2.39e+02     2.47e-05   1372.003s
3517000 +3.16215264e+02 +3.15838718e+02  3.77e-01   2.39e+02     2.47e-05   1372.392s
3518000 +3.16215748e+02 +3.15840667e+02  3.75e-01   2.38e+02     2.46e-05   1372.784s
3519000 +3.16217353e+02 +3.15841765e+02  3.76e-01   2.38e+02     2.41e-05   1373.172s
3520000 +3.16218587e+02 +3.15843833e+02  3.75e-01   2.38e+02     2.35e-05   1373.560s
3521000 +3.16219721e+02 +3.15845956e+02  3.74e-01   2.38e+02     2.41e-05   1373.948s
3522000 +3.16219878e+02 +3.15850123e+02  3.70e-01   2.37e+02     2.45e-05   1374.336s
3523000 +3.16221109e+02 +3.15854719e+02  3.66e-01   2.37e+02     2.47e-05   1374.724s
3524000 +3.16222162e+02 +3.15858913e+02  3.63e-01   2.37e+02     2.51e-05   1375.112s
3525000 +3.16223069e+02 +3.15860340e+02  3.63e-01   2.37e+02     2.50e-05   1375.500s
3526000 +3.16223635e+02 +3.15861901e+02  3.62e-01   2.36e+02     2.37e-05   1375.888s
3527000 +3.16225131e+02 +3.15867331e+02  3.58e-01   2.36e+02     2.41e-05   1376.276s
3528000 +3.16227921e+02 +3.15870145e+02  3.58e-01   2.36e+02     2.46e-05   1376.664s
3529000 +3.16230056e+02 +3.15875314e+02  3.55e-01   2.36e+02     2.46e-05   1377.052s
3530000 +3.16231196e+02 +3.15878120e+02  3.53e-01   2.35e+02     2.56e-05   1377.440s
3531000 +3.16233243e+02 +3.15879664e+02  3.54e-01   2.35e+02     2.60e-05   1377.828s
3532000 +3.16235221e+02 +3.15882653e+02  3.53e-01   2.35e+02     2.50e-05   1378.216s
3533000 +3.16235731e+02 +3.15884145e+02  3.52e-01   2.35e+02     2.50e-05   1378.604s
3534000 +3.16236670e+02 +3.15887837e+02  3.49e-01   2.34e+02     2.53e-05   1378.992s
3535000 +3.16238819e+02 +3.15889709e+02  3.49e-01   2.34e+02     2.50e-05   1379.380s
3536000 +3.16240591e+02 +3.15892706e+02  3.48e-01   2.34e+02     2.58e-05   1379.768s
3537000 +3.16241940e+02 +3.15897892e+02  3.44e-01   2.33e+02     2.53e-05   1380.157s
3538000 +3.16243064e+02 +3.15903630e+02  3.39e-01   2.33e+02     2.40e-05   1380.545s
3539000 +3.16244969e+02 +3.15911576e+02  3.33e-01   2.33e+02     2.38e-05   1380.933s
3540000 +3.16245917e+02 +3.15916894e+02  3.29e-01   2.33e+02     2.40e-05   1381.321s
3541000 +3.16246774e+02 +3.15922771e+02  3.24e-01   2.33e+02     2.46e-05   1381.710s
3542000 +3.16247832e+02 +3.15928513e+02  3.19e-01   2.32e+02     2.42e-05   1382.098s
3543000 +3.16248110e+02 +3.15931380e+02  3.17e-01   2.32e+02     2.42e-05   1382.486s
3544000 +3.16250197e+02 +3.15934916e+02  3.15e-01   2.32e+02     2.46e-05   1382.874s
3545000 +3.16250895e+02 +3.15939021e+02  3.12e-01   2.32e+02     2.54e-05   1383.262s
3546000 +3.16251458e+02 +3.15943607e+02  3.08e-01   2.31e+02     2.55e-05   1383.650s
3547000 +3.16252726e+02 +3.15947435e+02  3.05e-01   2.31e+02     2.58e-05   1384.038s
3548000 +3.16253812e+02 +3.15949543e+02  3.04e-01   2.31e+02     2.52e-05   1384.426s
3549000 +3.16254201e+02 +3.15955817e+02  2.98e-01   2.31e+02     2.39e-05   1384.814s
3550000 +3.16255327e+02 +3.15961616e+02  2.94e-01   2.31e+02     2.34e-05   1385.203s
3551000 +3.16256928e+02 +3.15964843e+02  2.92e-01   2.30e+02     2.36e-05   1385.591s
3552000 +3.16258757e+02 +3.15968421e+02  2.90e-01   2.30e+02     2.37e-05   1385.979s
3553000 +3.16259695e+02 +3.15971856e+02  2.88e-01   2.30e+02     2.30e-05   1386.367s
3554000 +3.16261748e+02 +3.15976347e+02  2.85e-01   2.30e+02     2.26e-05   1386.754s
3555000 +3.16262758e+02 +3.15978885e+02  2.84e-01   2.29e+02     2.30e-05   1387.143s
3556000 +3.16264878e+02 +3.15980791e+02  2.84e-01   2.29e+02     2.39e-05   1387.531s
3557000 +3.16266011e+02 +3.15985621e+02  2.80e-01   2.29e+02     2.40e-05   1387.919s
3558000 +3.16268226e+02 +3.15990963e+02  2.77e-01   2.28e+02     2.42e-05   1388.307s
3559000 +3.16269052e+02 +3.15991351e+02  2.78e-01   2.28e+02     2.42e-05   1388.695s
3560000 +3.16271303e+02 +3.15994421e+02  2.77e-01   2.28e+02     2.42e-05   1389.083s
3561000 +3.16272631e+02 +3.15997506e+02  2.75e-01   2.28e+02     2.52e-05   1389.471s
3562000 +3.16273577e+02 +3.16001033e+02  2.73e-01   2.28e+02     2.63e-05   1389.859s
3563000 +3.16275356e+02 +3.16004655e+02  2.71e-01   2.27e+02     2.61e-05   1390.248s
3564000 +3.16276611e+02 +3.16005500e+02  2.71e-01   2.27e+02     2.63e-05   1390.636s
3565000 +3.16279415e+02 +3.16009428e+02  2.70e-01   2.27e+02     2.60e-05   1391.024s
3566000 +3.16281060e+02 +3.16011586e+02  2.69e-01   2.27e+02     2.55e-05   1391.412s
3567000 +3.16281931e+02 +3.16013847e+02  2.68e-01   2.27e+02     2.46e-05   1391.800s
3568000 +3.16284311e+02 +3.16020154e+02  2.64e-01   2.27e+02     2.46e-05   1392.188s
3569000 +3.16286370e+02 +3.16025168e+02  2.61e-01   2.27e+02     2.44e-05   1392.577s
3570000 +3.16289035e+02 +3.16031872e+02  2.57e-01   2.27e+02     2.46e-05   1392.965s
3571000 +3.16290270e+02 +3.16036800e+02  2.53e-01   2.27e+02     2.41e-05   1393.353s
3572000 +3.16292045e+02 +3.16039348e+02  2.53e-01   2.26e+02     2.45e-05   1393.741s
3573000 +3.16293552e+02 +3.16043291e+02  2.50e-01   2.26e+02     2.48e-05   1394.129s
3574000 +3.16294900e+02 +3.16045022e+02  2.50e-01   2.26e+02     2.42e-05   1394.517s
3575000 +3.16296801e+02 +3.16046419e+02  2.50e-01   2.26e+02     2.44e-05   1394.905s
3576000 +3.16298260e+02 +3.16046789e+02  2.51e-01   2.26e+02     2.45e-05   1395.293s
3577000 +3.16300817e+02 +3.16049445e+02  2.51e-01   2.26e+02     2.46e-05   1395.681s
3578000 +3.16302624e+02 +3.16053482e+02  2.49e-01   2.26e+02     2.45e-05   1396.070s
3579000 +3.16303773e+02 +3.16056522e+02  2.47e-01   2.26e+02     2.46e-05   1396.458s
3580000 +3.16306342e+02 +3.16062861e+02  2.43e-01   2.26e+02     2.53e-05   1396.846s
3581000 +3.16307260e+02 +3.16066921e+02  2.40e-01   2.25e+02     2.59e-05   1397.234s
3582000 +3.16308662e+02 +3.16072008e+02  2.37e-01   2.25e+02     2.53e-05   1397.623s
3583000 +3.16310417e+02 +3.16076722e+02  2.34e-01   2.25e+02     2.47e-05   1398.011s
3584000 +3.16313172e+02 +3.16081645e+02  2.32e-01   2.25e+02     2.51e-05   1398.399s
3585000 +3.16313938e+02 +3.16085621e+02  2.28e-01   2.25e+02     2.64e-05   1398.787s
3586000 +3.16315867e+02 +3.16089868e+02  2.26e-01   2.25e+02     2.64e-05   1399.175s
3587000 +3.16316433e+02 +3.16092084e+02  2.24e-01   2.25e+02     2.64e-05   1399.564s
3588000 +3.16318129e+02 +3.16099043e+02  2.19e-01   2.25e+02     2.66e-05   1399.952s
3589000 +3.16319265e+02 +3.16102717e+02  2.17e-01   2.24e+02     2.65e-05   1400.340s
3590000 +3.16320555e+02 +3.16106438e+02  2.14e-01   2.24e+02     2.66e-05   1400.728s
3591000 +3.16321441e+02 +3.16111223e+02  2.10e-01   2.24e+02     2.73e-05   1401.116s
3592000 +3.16322173e+02 +3.16115718e+02  2.06e-01   2.24e+02     2.98e-05   1401.504s
3593000 +3.16321801e+02 +3.16117010e+02  2.05e-01   2.24e+02     3.15e-05   1401.892s
3594000 +3.16323030e+02 +3.16118915e+02  2.04e-01   2.23e+02     3.28e-05   1402.280s
3595000 +3.16324587e+02 +3.16120996e+02  2.04e-01   2.23e+02     3.43e-05   1402.669s
3596000 +3.16325343e+02 +3.16124378e+02  2.01e-01   2.23e+02     3.90e-05   1403.057s
3597000 +3.16326343e+02 +3.16129445e+02  1.97e-01   2.23e+02     4.39e-05   1403.445s
3598000 +3.16327627e+02 +3.16131099e+02  1.97e-01   2.23e+02     4.83e-05   1403.833s
3599000 +3.16328114e+02 +3.16135274e+02  1.93e-01   2.22e+02     4.89e-05   1404.222s
3600000 +3.16329489e+02 +3.16141118e+02  1.88e-01   2.22e+02     4.45e-05   1404.610s
3601000 +3.16330793e+02 +3.16145952e+02  1.85e-01   2.22e+02     3.87e-05   1404.998s
3602000 +3.16331580e+02 +3.16147566e+02  1.84e-01   2.22e+02     3.48e-05   1405.386s
3603000 +3.16332910e+02 +3.16152827e+02  1.80e-01   2.22e+02     3.17e-05   1405.774s
3604000 +3.16332928e+02 +3.16158430e+02  1.74e-01   2.22e+02     2.96e-05   1406.163s
3605000 +3.16334282e+02 +3.16165527e+02  1.69e-01   2.22e+02     2.74e-05   1406.551s
3606000 +3.16334678e+02 +3.16172074e+02  1.63e-01   2.22e+02     2.78e-05   1406.939s
3607000 +3.16335930e+02 +3.16173115e+02  1.63e-01   2.21e+02     2.64e-05   1407.327s
3608000 +3.16336948e+02 +3.16175100e+02  1.62e-01   2.21e+02     2.53e-05   1407.715s
3609000 +3.16339476e+02 +3.16173087e+02  1.66e-01   2.21e+02     2.49e-05   1408.103s
3610000 +3.16341857e+02 +3.16174255e+02  1.68e-01   2.21e+02     2.45e-05   1408.491s
3611000 +3.16343906e+02 +3.16178183e+02  1.66e-01   2.21e+02     2.43e-05   1408.880s
3612000 +3.16345394e+02 +3.16185284e+02  1.60e-01   2.21e+02     2.54e-05   1409.268s
3613000 +3.16347259e+02 +3.16189234e+02  1.58e-01   2.20e+02     2.63e-05   1409.656s
3614000 +3.16349481e+02 +3.16191301e+02  1.58e-01   2.20e+02     2.56e-05   1410.044s
3615000 +3.16351656e+02 +3.16195721e+02  1.56e-01   2.20e+02     2.47e-05   1410.432s
3616000 +3.16353426e+02 +3.16198139e+02  1.55e-01   2.20e+02     2.45e-05   1410.820s
3617000 +3.16354134e+02 +3.16202249e+02  1.52e-01   2.20e+02     2.45e-05   1411.209s
3618000 +3.16354907e+02 +3.16205660e+02  1.49e-01   2.20e+02     2.41e-05   1411.598s
3619000 +3.16356266e+02 +3.16209357e+02  1.47e-01   2.20e+02     2.45e-05   1411.986s
3620000 +3.16356996e+02 +3.16211955e+02  1.45e-01   2.20e+02     2.53e-05   1412.374s
3621000 +3.16357804e+02 +3.16217775e+02  1.40e-01   2.20e+02     2.52e-05   1412.762s
3622000 +3.16358164e+02 +3.16224139e+02  1.34e-01   2.19e+02     2.54e-05   1413.151s
3623000 +3.16358949e+02 +3.16227547e+02  1.31e-01   2.19e+02     2.54e-05   1413.539s
3624000 +3.16359856e+02 +3.16229736e+02  1.30e-01   2.19e+02     2.54e-05   1413.927s
3625000 +3.16360605e+02 +3.16233462e+02  1.27e-01   2.19e+02     2.57e-05   1414.315s
3626000 +3.16360521e+02 +3.16235786e+02  1.25e-01   2.19e+02     2.49e-05   1414.704s
3627000 +3.16361348e+02 +3.16240031e+02  1.21e-01   2.19e+02     2.44e-05   1415.091s
3628000 +3.16361685e+02 +3.16242776e+02  1.19e-01   2.19e+02     2.48e-05   1415.480s
3629000 +3.16362479e+02 +3.16245693e+02  1.17e-01   2.19e+02     2.52e-05   1415.868s
3630000 +3.16363908e+02 +3.16249200e+02  1.15e-01   2.19e+02     2.50e-05   1416.256s
3631000 +3.16364447e+02 +3.16250559e+02  1.14e-01   2.19e+02     2.50e-05   1416.644s
3632000 +3.16366047e+02 +3.16252008e+02  1.14e-01   2.18e+02     2.44e-05   1417.032s
3633000 +3.16366380e+02 +3.16255388e+02  1.11e-01   2.18e+02     2.33e-05   1417.421s
3634000 +3.16367624e+02 +3.16258396e+02  1.09e-01   2.18e+02     2.31e-05   1417.809s
3635000 +3.16368915e+02 +3.16261563e+02  1.07e-01   2.18e+02     2.37e-05   1418.197s
3636000 +3.16369812e+02 +3.16266309e+02  1.04e-01   2.18e+02     2.47e-05   1418.585s
3637000 +3.16371484e+02 +3.16267343e+02  1.04e-01   2.17e+02     2.56e-05   1418.974s
3638000 +3.16372872e+02 +3.16270737e+02  1.02e-01   2.17e+02     2.61e-05   1419.362s
3639000 +3.16373398e+02 +3.16273935e+02  9.95e-02   2.17e+02     2.59e-05   1419.751s
3640000 +3.16373562e+02 +3.16279275e+02  9.43e-02   2.17e+02     2.58e-05   1420.139s
3641000 +3.16374678e+02 +3.16282322e+02  9.24e-02   2.17e+02     2.52e-05   1420.527s
3642000 +3.16375572e+02 +3.16287065e+02  8.85e-02   2.17e+02     2.48e-05   1420.915s
3643000 +3.16376376e+02 +3.16291529e+02  8.48e-02   2.17e+02     2.41e-05   1421.303s
3644000 +3.16376886e+02 +3.16294982e+02  8.19e-02   2.17e+02     2.39e-05   1421.691s
3645000 +3.16378059e+02 +3.16299086e+02  7.90e-02   2.17e+02     2.40e-05   1422.080s
3646000 +3.16379208e+02 +3.16304607e+02  7.46e-02   2.17e+02     2.43e-05   1422.467s
3647000 +3.16380204e+02 +3.16310066e+02  7.01e-02   2.17e+02     2.44e-05   1422.856s
3648000 +3.16381270e+02 +3.16313698e+02  6.76e-02   2.17e+02     2.47e-05   1423.244s
3649000 +3.16382148e+02 +3.16316731e+02  6.54e-02   2.16e+02     2.44e-05   1423.632s
3650000 +3.16382566e+02 +3.16321506e+02  6.11e-02   2.16e+02     2.52e-05   1424.020s
3651000 +3.16383199e+02 +3.16323119e+02  6.01e-02   2.16e+02     2.57e-05   1424.408s
3652000 +3.16384193e+02 +3.16326145e+02  5.80e-02   2.16e+02     2.54e-05   1424.796s
3653000 +3.16385022e+02 +3.16328847e+02  5.62e-02   2.16e+02     2.55e-05   1425.184s
3654000 +3.16386132e+02 +3.16331127e+02  5.50e-02   2.16e+02     2.58e-05   1425.572s
3655000 +3.16387021e+02 +3.16336103e+02  5.09e-02   2.16e+02     2.62e-05   1425.961s
3656000 +3.16388213e+02 +3.16341075e+02  4.71e-02   2.16e+02     2.69e-05   1426.349s
3657000 +3.16389848e+02 +3.16345581e+02  4.43e-02   2.16e+02     2.76e-05   1426.738s
3658000 +3.16391242e+02 +3.16349331e+02  4.19e-02   2.15e+02     2.86e-05   1427.126s
3659000 +3.16393113e+02 +3.16350691e+02  4.24e-02   2.15e+02     2.91e-05   1427.514s
3660000 +3.16394959e+02 +3.16353720e+02  4.12e-02   2.15e+02     2.87e-05   1427.902s
3661000 +3.16396289e+02 +3.16356932e+02  3.94e-02   2.15e+02     2.91e-05   1428.290s
3662000 +3.16398741e+02 +3.16358217e+02  4.05e-02   2.15e+02     3.16e-05   1428.679s
3663000 +3.16400164e+02 +3.16358580e+02  4.16e-02   2.15e+02     3.43e-05   1429.067s
3664000 +3.16401963e+02 +3.16360775e+02  4.12e-02   2.14e+02     3.73e-05   1429.455s
3665000 +3.16402619e+02 +3.16364781e+02  3.78e-02   2.14e+02     3.74e-05   1429.843s
3666000 +3.16404375e+02 +3.16368281e+02  3.61e-02   2.14e+02     3.77e-05   1430.231s
3667000 +3.16404576e+02 +3.16370703e+02  3.39e-02   2.14e+02     3.88e-05   1430.619s
3668000 +3.16405500e+02 +3.16374437e+02  3.11e-02   2.14e+02     3.88e-05   1431.007s
3669000 +3.16406922e+02 +3.16376601e+02  3.03e-02   2.14e+02     3.78e-05   1431.396s
3670000 +3.16407228e+02 +3.16379263e+02  2.80e-02   2.13e+02     3.77e-05   1431.784s
3671000 +3.16408689e+02 +3.16382364e+02  2.63e-02   2.13e+02     3.72e-05   1432.172s
3672000 +3.16409457e+02 +3.16384257e+02  2.52e-02   2.13e+02     3.70e-05   1432.560s
3673000 +3.16409959e+02 +3.16386300e+02  2.37e-02   2.13e+02     3.74e-05   1432.949s
3674000 +3.16410994e+02 +3.16389879e+02  2.11e-02   2.13e+02     3.79e-05   1433.337s
3675000 +3.16411747e+02 +3.16391877e+02  1.99e-02   2.13e+02     3.84e-05   1433.726s
3676000 +3.16413294e+02 +3.16393315e+02  2.00e-02   2.12e+02     3.85e-05   1434.114s
3677000 +3.16415137e+02 +3.16393922e+02  2.12e-02   2.12e+02     3.81e-05   1434.502s
3678000 +3.16416016e+02 +3.16397629e+02  1.84e-02   2.12e+02     3.80e-05   1434.890s
3679000 +3.16416509e+02 +3.16401266e+02  1.52e-02   2.12e+02     3.87e-05   1435.278s
3680000 +3.16416892e+02 +3.16403867e+02  1.30e-02   2.12e+02     3.94e-05   1435.667s
3681000 +3.16417692e+02 +3.16407284e+02  1.04e-02   2.12e+02     4.00e-05   1436.055s
3682000 +3.16418047e+02 +3.16410084e+02  7.96e-03   2.12e+02     3.99e-05   1436.444s
3683000 +3.16418364e+02 +3.16414822e+02  3.54e-03   2.12e+02     4.05e-05   1436.832s
3684000 +3.16419452e+02 +3.16420289e+02  8.37e-04   2.11e+02     4.13e-05   1437.220s
3685000 +3.16420297e+02 +3.16423634e+02  3.34e-03   2.11e+02     4.12e-05   1437.608s
3686000 +3.16420495e+02 +3.16427901e+02  7.41e-03   2.11e+02     4.07e-05   1437.996s
3687000 +3.16421583e+02 +3.16431410e+02  9.83e-03   2.11e+02     4.08e-05   1438.384s
3688000 +3.16422856e+02 +3.16434404e+02  1.15e-02   2.11e+02     4.00e-05   1438.772s
3689000 +3.16423604e+02 +3.16438658e+02  1.51e-02   2.11e+02     3.94e-05   1439.160s
3690000 +3.16424970e+02 +3.16443225e+02  1.83e-02   2.10e+02     3.96e-05   1439.549s
3691000 +3.16425877e+02 +3.16447447e+02  2.16e-02   2.10e+02     3.93e-05   1439.937s
3692000 +3.16427166e+02 +3.16451260e+02  2.41e-02   2.10e+02     3.96e-05   1440.325s
3693000 +3.16428457e+02 +3.16454611e+02  2.62e-02   2.10e+02     4.01e-05   1440.713s
3694000 +3.16430066e+02 +3.16458151e+02  2.81e-02   2.10e+02     3.86e-05   1441.101s
3695000 +3.16430905e+02 +3.16463777e+02  3.29e-02   2.10e+02     3.73e-05   1441.489s
3696000 +3.16432477e+02 +3.16468563e+02  3.61e-02   2.10e+02     3.68e-05   1441.877s
3697000 +3.16434142e+02 +3.16472744e+02  3.86e-02   2.09e+02     3.68e-05   1442.266s
3698000 +3.16435177e+02 +3.16475302e+02  4.01e-02   2.09e+02     3.67e-05   1442.654s
3699000 +3.16436138e+02 +3.16477665e+02  4.15e-02   2.09e+02     3.69e-05   1443.042s
3700000 +3.16437547e+02 +3.16480682e+02  4.31e-02   2.09e+02     3.75e-05   1443.430s
3701000 +3.16438775e+02 +3.16485042e+02  4.63e-02   2.09e+02     3.81e-05   1443.818s
3702000 +3.16439640e+02 +3.16489270e+02  4.96e-02   2.09e+02     3.72e-05   1444.206s
3703000 +3.16439885e+02 +3.16494175e+02  5.43e-02   2.09e+02     3.82e-05   1444.595s
3704000 +3.16440624e+02 +3.16498794e+02  5.82e-02   2.09e+02     3.93e-05   1444.984s
3705000 +3.16442584e+02 +3.16502262e+02  5.97e-02   2.09e+02     3.96e-05   1445.372s
3706000 +3.16444324e+02 +3.16505998e+02  6.17e-02   2.08e+02     4.00e-05   1445.760s
3707000 +3.16445409e+02 +3.16509748e+02  6.43e-02   2.08e+02     4.00e-05   1446.148s
3708000 +3.16445257e+02 +3.16511746e+02  6.65e-02   2.08e+02     3.97e-05   1446.537s
3709000 +3.16445632e+02 +3.16514976e+02  6.93e-02   2.08e+02     3.89e-05   1446.925s
3710000 +3.16447606e+02 +3.16519132e+02  7.15e-02   2.08e+02     3.93e-05   1447.313s
3711000 +3.16448890e+02 +3.16522180e+02  7.33e-02   2.08e+02     4.19e-05   1447.701s
3712000 +3.16449202e+02 +3.16525690e+02  7.65e-02   2.08e+02     4.09e-05   1448.090s
3713000 +3.16451402e+02 +3.16529082e+02  7.77e-02   2.07e+02     3.98e-05   1448.478s
3714000 +3.16451951e+02 +3.16531875e+02  7.99e-02   2.07e+02     3.82e-05   1448.866s
3715000 +3.16453341e+02 +3.16535039e+02  8.17e-02   2.07e+02     3.76e-05   1449.254s
3716000 +3.16455117e+02 +3.16539220e+02  8.41e-02   2.07e+02     3.74e-05   1449.642s
3717000 +3.16457303e+02 +3.16543717e+02  8.64e-02   2.07e+02     3.77e-05   1450.030s
3718000 +3.16458484e+02 +3.16547253e+02  8.88e-02   2.07e+02     3.76e-05   1450.418s
3719000 +3.16459057e+02 +3.16549870e+02  9.08e-02   2.07e+02     3.72e-05   1450.806s
3720000 +3.16460139e+02 +3.16553472e+02  9.33e-02   2.06e+02     3.63e-05   1451.195s
3721000 +3.16462107e+02 +3.16557472e+02  9.54e-02   2.06e+02     3.60e-05   1451.583s
3722000 +3.16464547e+02 +3.16559767e+02  9.52e-02   2.06e+02     3.62e-05   1451.971s
3723000 +3.16465961e+02 +3.16562862e+02  9.69e-02   2.06e+02     3.74e-05   1452.359s
3724000 +3.16467474e+02 +3.16566709e+02  9.92e-02   2.06e+02     3.70e-05   1452.747s
3725000 +3.16468347e+02 +3.16569830e+02  1.01e-01   2.06e+02     3.64e-05   1453.135s
3726000 +3.16470024e+02 +3.16573737e+02  1.04e-01   2.06e+02     3.62e-05   1453.524s
3727000 +3.16472017e+02 +3.16578316e+02  1.06e-01   2.06e+02     3.67e-05   1453.912s
3728000 +3.16473198e+02 +3.16582456e+02  1.09e-01   2.06e+02     3.60e-05   1454.300s
3729000 +3.16475215e+02 +3.16586413e+02  1.11e-01   2.06e+02     3.45e-05   1454.689s
3730000 +3.16476683e+02 +3.16589490e+02  1.13e-01   2.06e+02     3.27e-05   1455.076s
3731000 +3.16478642e+02 +3.16592963e+02  1.14e-01   2.05e+02     3.04e-05   1455.465s
3732000 +3.16479943e+02 +3.16596343e+02  1.16e-01   2.05e+02     3.00e-05   1455.853s
3733000 +3.16480274e+02 +3.16599646e+02  1.19e-01   2.05e+02     3.10e-05   1456.241s
3734000 +3.16480938e+02 +3.16602843e+02  1.22e-01   2.05e+02     3.31e-05   1456.629s
3735000 +3.16480753e+02 +3.16606343e+02  1.26e-01   2.05e+02     3.48e-05   1457.017s
3736000 +3.16482011e+02 +3.16610161e+02  1.28e-01   2.05e+02     3.62e-05   1457.405s
3737000 +3.16482352e+02 +3.16614593e+02  1.32e-01   2.05e+02     3.72e-05   1457.793s
3738000 +3.16483033e+02 +3.16618140e+02  1.35e-01   2.05e+02     3.93e-05   1458.182s
3739000 +3.16484602e+02 +3.16622630e+02  1.38e-01   2.05e+02     4.18e-05   1458.570s
3740000 +3.16485474e+02 +3.16625653e+02  1.40e-01   2.05e+02     4.22e-05   1458.958s
3741000 +3.16486371e+02 +3.16627634e+02  1.41e-01   2.05e+02     4.14e-05   1459.346s
3742000 +3.16488222e+02 +3.16629540e+02  1.41e-01   2.05e+02     4.28e-05   1459.734s
3743000 +3.16490157e+02 +3.16633128e+02  1.43e-01   2.05e+02     4.36e-05   1460.123s
3744000 +3.16491067e+02 +3.16637532e+02  1.46e-01   2.05e+02     4.49e-05   1460.511s
3745000 +3.16491306e+02 +3.16642539e+02  1.51e-01   2.05e+02     4.52e-05   1460.899s
3746000 +3.16492235e+02 +3.16646835e+02  1.55e-01   2.04e+02     4.47e-05   1461.287s
3747000 +3.16492951e+02 +3.16650110e+02  1.57e-01   2.04e+02     4.53e-05   1461.675s
3748000 +3.16493468e+02 +3.16653081e+02  1.60e-01   2.04e+02     4.46e-05   1462.063s
3749000 +3.16494508e+02 +3.16657314e+02  1.63e-01   2.04e+02     4.36e-05   1462.451s
3750000 +3.16495675e+02 +3.16660520e+02  1.65e-01   2.04e+02     4.27e-05   1462.840s
3751000 +3.16497286e+02 +3.16661874e+02  1.65e-01   2.04e+02     4.30e-05   1463.228s
3752000 +3.16498634e+02 +3.16663335e+02  1.65e-01   2.04e+02     4.44e-05   1463.616s
3753000 +3.16500116e+02 +3.16666371e+02  1.66e-01   2.04e+02     4.43e-05   1464.005s
3754000 +3.16501208e+02 +3.16669651e+02  1.68e-01   2.04e+02     4.42e-05   1464.393s
3755000 +3.16501598e+02 +3.16672639e+02  1.71e-01   2.03e+02     4.27e-05   1464.781s
3756000 +3.16501996e+02 +3.16672748e+02  1.71e-01   2.03e+02     4.12e-05   1465.170s
3757000 +3.16503842e+02 +3.16675694e+02  1.72e-01   2.03e+02     4.05e-05   1465.558s
3758000 +3.16505895e+02 +3.16680187e+02  1.74e-01   2.03e+02     3.91e-05   1465.946s
3759000 +3.16506782e+02 +3.16684201e+02  1.77e-01   2.03e+02     3.88e-05   1466.334s
3760000 +3.16507256e+02 +3.16687003e+02  1.80e-01   2.03e+02     3.82e-05   1466.723s
3761000 +3.16508147e+02 +3.16690207e+02  1.82e-01   2.03e+02     3.77e-05   1467.111s
3762000 +3.16508600e+02 +3.16692658e+02  1.84e-01   2.03e+02     3.69e-05   1467.499s
3763000 +3.16509566e+02 +3.16697213e+02  1.88e-01   2.03e+02     3.64e-05   1467.887s
3764000 +3.16510231e+02 +3.16699888e+02  1.90e-01   2.03e+02     3.45e-05   1468.275s
3765000 +3.16511234e+02 +3.16702168e+02  1.91e-01   2.03e+02     3.24e-05   1468.664s
3766000 +3.16512169e+02 +3.16704502e+02  1.92e-01   2.03e+02     3.09e-05   1469.052s
3767000 +3.16512588e+02 +3.16708026e+02  1.95e-01   2.02e+02     3.07e-05   1469.440s
3768000 +3.16512799e+02 +3.16711306e+02  1.99e-01   2.02e+02     3.04e-05   1469.829s
3769000 +3.16513697e+02 +3.16714649e+02  2.01e-01   2.02e+02     3.14e-05   1470.216s
3770000 +3.16515162e+02 +3.16719668e+02  2.05e-01   2.02e+02     3.24e-05   1470.605s
3771000 +3.16515074e+02 +3.16723620e+02  2.09e-01   2.02e+02     3.32e-05   1470.993s
3772000 +3.16516115e+02 +3.16727780e+02  2.12e-01   2.02e+02     3.38e-05   1471.381s
3773000 +3.16516952e+02 +3.16730945e+02  2.14e-01   2.02e+02     3.48e-05   1471.769s
3774000 +3.16518075e+02 +3.16736037e+02  2.18e-01   2.02e+02     3.59e-05   1472.157s
3775000 +3.16519932e+02 +3.16738555e+02  2.19e-01   2.02e+02     3.58e-05   1472.546s
3776000 +3.16520554e+02 +3.16741231e+02  2.21e-01   2.01e+02     3.63e-05   1472.934s
3777000 +3.16521587e+02 +3.16744336e+02  2.23e-01   2.01e+02     3.82e-05   1473.322s
3778000 +3.16523966e+02 +3.16748305e+02  2.24e-01   2.01e+02     3.95e-05   1473.710s
3779000 +3.16525422e+02 +3.16752837e+02  2.27e-01   2.01e+02     4.16e-05   1474.099s
3780000 +3.16526924e+02 +3.16756913e+02  2.30e-01   2.01e+02     4.54e-05   1474.487s
3781000 +3.16528054e+02 +3.16761799e+02  2.34e-01   2.01e+02     4.72e-05   1474.875s
3782000 +3.16530107e+02 +3.16765968e+02  2.36e-01   2.00e+02     4.89e-05   1475.264s
3783000 +3.16531275e+02 +3.16770582e+02  2.39e-01   2.00e+02     5.09e-05   1475.652s
3784000 +3.16533048e+02 +3.16774856e+02  2.42e-01   2.00e+02     5.33e-05   1476.040s
3785000 +3.16534385e+02 +3.16779804e+02  2.45e-01   2.00e+02     5.45e-05   1476.428s
3786000 +3.16535471e+02 +3.16783711e+02  2.48e-01   2.00e+02     5.60e-05   1476.816s
3787000 +3.16537150e+02 +3.16787282e+02  2.50e-01   2.00e+02     5.84e-05   1477.204s
3788000 +3.16538079e+02 +3.16791916e+02  2.54e-01   2.00e+02     6.15e-05   1477.595s
3789000 +3.16539170e+02 +3.16797106e+02  2.58e-01   2.00e+02     6.34e-05   1477.984s
3790000 +3.16540278e+02 +3.16801302e+02  2.61e-01   2.00e+02     6.56e-05   1478.372s
3791000 +3.16540394e+02 +3.16805668e+02  2.65e-01   1.99e+02     6.79e-05   1478.760s
3792000 +3.16541905e+02 +3.16810048e+02  2.68e-01   1.99e+02     6.81e-05   1479.148s
3793000 +3.16542689e+02 +3.16814930e+02  2.72e-01   1.99e+02     6.57e-05   1479.537s
3794000 +3.16543335e+02 +3.16819785e+02  2.76e-01   1.99e+02     6.56e-05   1479.925s
3795000 +3.16543965e+02 +3.16823863e+02  2.80e-01   1.99e+02     6.48e-05   1480.313s
3796000 +3.16544748e+02 +3.16828679e+02  2.84e-01   1.99e+02     6.37e-05   1480.702s
3797000 +3.16544635e+02 +3.16834200e+02  2.90e-01   1.99e+02     6.25e-05   1481.090s
3798000 +3.16545186e+02 +3.16838930e+02  2.94e-01   1.98e+02     6.02e-05   1481.478s
3799000 +3.16546663e+02 +3.16843158e+02  2.96e-01   1.98e+02     5.69e-05   1481.867s
3800000 +3.16547385e+02 +3.16847260e+02  3.00e-01   1.98e+02     5.27e-05   1482.255s
3801000 +3.16548959e+02 +3.16852212e+02  3.03e-01   1.98e+02     4.74e-05   1482.643s
3802000 +3.16550307e+02 +3.16855491e+02  3.05e-01   1.98e+02     4.26e-05   1483.032s
3803000 +3.16551349e+02 +3.16858024e+02  3.07e-01   1.97e+02     3.89e-05   1483.420s
3804000 +3.16552828e+02 +3.16861573e+02  3.09e-01   1.97e+02     3.49e-05   1483.808s
3805000 +3.16553626e+02 +3.16863713e+02  3.10e-01   1.97e+02     3.02e-05   1484.197s
3806000 +3.16554674e+02 +3.16866387e+02  3.12e-01   1.97e+02     2.74e-05   1484.585s
3807000 +3.16555352e+02 +3.16870047e+02  3.15e-01   1.97e+02     2.48e-05   1484.973s
3808000 +3.16556647e+02 +3.16872026e+02  3.15e-01   1.97e+02     2.52e-05   1485.361s
3809000 +3.16558416e+02 +3.16873910e+02  3.15e-01   1.96e+02     2.69e-05   1485.750s
3810000 +3.16559776e+02 +3.16875314e+02  3.16e-01   1.96e+02     2.70e-05   1486.138s
3811000 +3.16560943e+02 +3.16877346e+02  3.16e-01   1.96e+02     2.52e-05   1486.526s
3812000 +3.16561408e+02 +3.16879912e+02  3.19e-01   1.96e+02     2.37e-05   1486.915s
3813000 +3.16561979e+02 +3.16883406e+02  3.21e-01   1.96e+02     2.36e-05   1487.303s
3814000 +3.16563177e+02 +3.16886602e+02  3.23e-01   1.96e+02     2.35e-05   1487.691s
3815000 +3.16564369e+02 +3.16890347e+02  3.26e-01   1.96e+02     2.29e-05   1488.079s
3816000 +3.16565477e+02 +3.16894119e+02  3.29e-01   1.96e+02     2.23e-05   1488.467s
3817000 +3.16566727e+02 +3.16897911e+02  3.31e-01   1.96e+02     2.25e-05   1488.855s
3818000 +3.16568409e+02 +3.16901140e+02  3.33e-01   1.95e+02     2.34e-05   1489.244s
3819000 +3.16569076e+02 +3.16905081e+02  3.36e-01   1.95e+02     2.40e-05   1489.632s
3820000 +3.16570745e+02 +3.16907710e+02  3.37e-01   1.95e+02     2.44e-05   1490.020s
3821000 +3.16572232e+02 +3.16910045e+02  3.38e-01   1.95e+02     2.41e-05   1490.408s
3822000 +3.16573874e+02 +3.16913725e+02  3.40e-01   1.95e+02     2.44e-05   1490.796s
3823000 +3.16575171e+02 +3.16916854e+02  3.42e-01   1.94e+02     2.51e-05   1491.184s
3824000 +3.16575727e+02 +3.16920485e+02  3.45e-01   1.94e+02     2.67e-05   1491.572s
3825000 +3.16577116e+02 +3.16924728e+02  3.48e-01   1.94e+02     2.61e-05   1491.960s
3826000 +3.16578469e+02 +3.16927922e+02  3.49e-01   1.94e+02     2.42e-05   1492.349s
3827000 +3.16579670e+02 +3.16932315e+02  3.53e-01   1.94e+02     2.44e-05   1492.737s
3828000 +3.16581571e+02 +3.16936497e+02  3.55e-01   1.93e+02     2.64e-05   1493.125s
3829000 +3.16583270e+02 +3.16941108e+02  3.58e-01   1.93e+02     2.54e-05   1493.515s
3830000 +3.16585126e+02 +3.16946345e+02  3.61e-01   1.93e+02     2.28e-05   1493.907s
3831000 +3.16586986e+02 +3.16952016e+02  3.65e-01   1.92e+02     2.28e-05   1494.295s
3832000 +3.16589559e+02 +3.16957866e+02  3.68e-01   1.92e+02     2.46e-05   1494.683s
3833000 +3.16591526e+02 +3.16963418e+02  3.72e-01   1.92e+02     2.55e-05   1495.072s
3834000 +3.16593817e+02 +3.16967289e+02  3.73e-01   1.92e+02     2.42e-05   1495.460s
3835000 +3.16595963e+02 +3.16969476e+02  3.74e-01   1.92e+02     2.29e-05   1495.849s
3836000 +3.16598264e+02 +3.16971001e+02  3.73e-01   1.91e+02     2.43e-05   1496.237s
3837000 +3.16600886e+02 +3.16973225e+02  3.72e-01   1.91e+02     2.57e-05   1496.626s
3838000 +3.16602566e+02 +3.16976585e+02  3.74e-01   1.91e+02     2.70e-05   1497.016s
3839000 +3.16604273e+02 +3.16979160e+02  3.75e-01   1.91e+02     2.96e-05   1497.407s
3840000 +3.16606314e+02 +3.16982389e+02  3.76e-01   1.90e+02     3.15e-05   1497.795s
3841000 +3.16608174e+02 +3.16987088e+02  3.79e-01   1.90e+02     3.24e-05   1498.183s
3842000 +3.16608833e+02 +3.16990635e+02  3.82e-01   1.90e+02     3.30e-05   1498.572s
3843000 +3.16609272e+02 +3.16992621e+02  3.83e-01   1.90e+02     2.97e-05   1498.960s
3844000 +3.16610275e+02 +3.16995188e+02  3.85e-01   1.90e+02     2.66e-05   1499.348s
3845000 +3.16610629e+02 +3.16997552e+02  3.87e-01   1.90e+02     2.57e-05   1499.736s
3846000 +3.16611196e+02 +3.17001371e+02  3.90e-01   1.90e+02     2.51e-05   1500.124s
3847000 +3.16611916e+02 +3.17003123e+02  3.91e-01   1.90e+02     2.40e-05   1500.512s
3848000 +3.16611684e+02 +3.17005347e+02  3.94e-01   1.90e+02     2.55e-05   1500.900s
3849000 +3.16612300e+02 +3.17009455e+02  3.97e-01   1.90e+02     2.63e-05   1501.289s
3850000 +3.16612481e+02 +3.17012476e+02  4.00e-01   1.89e+02     2.65e-05   1501.677s
3851000 +3.16613661e+02 +3.17016371e+02  4.03e-01   1.89e+02     2.65e-05   1502.065s
3852000 +3.16614484e+02 +3.17019192e+02  4.05e-01   1.89e+02     2.69e-05   1502.454s
3853000 +3.16615989e+02 +3.17023144e+02  4.07e-01   1.89e+02     2.69e-05   1502.842s
3854000 +3.16617024e+02 +3.17026555e+02  4.10e-01   1.89e+02     2.70e-05   1503.230s
3855000 +3.16618926e+02 +3.17029539e+02  4.11e-01   1.89e+02     2.88e-05   1503.619s
3856000 +3.16619882e+02 +3.17032837e+02  4.13e-01   1.89e+02     2.84e-05   1504.007s
3857000 +3.16621511e+02 +3.17036193e+02  4.15e-01   1.89e+02     2.98e-05   1504.395s
3858000 +3.16622761e+02 +3.17040647e+02  4.18e-01   1.89e+02     3.04e-05   1504.784s
3859000 +3.16624099e+02 +3.17043300e+02  4.19e-01   1.88e+02     2.85e-05   1505.172s
3860000 +3.16625857e+02 +3.17045848e+02  4.20e-01   1.88e+02     2.75e-05   1505.561s
3861000 +3.16626906e+02 +3.17048405e+02  4.21e-01   1.88e+02     2.57e-05   1505.949s
3862000 +3.16628062e+02 +3.17050434e+02  4.22e-01   1.88e+02     2.48e-05   1506.337s
3863000 +3.16629216e+02 +3.17053591e+02  4.24e-01   1.88e+02     2.49e-05   1506.725s
3864000 +3.16630664e+02 +3.17055931e+02  4.25e-01   1.88e+02     2.47e-05   1507.113s
3865000 +3.16631903e+02 +3.17058987e+02  4.27e-01   1.88e+02     2.56e-05   1507.501s
3866000 +3.16633053e+02 +3.17061321e+02  4.28e-01   1.88e+02     2.70e-05   1507.890s
3867000 +3.16634087e+02 +3.17064381e+02  4.30e-01   1.87e+02     2.69e-05   1508.278s
3868000 +3.16635470e+02 +3.17066156e+02  4.31e-01   1.87e+02     2.66e-05   1508.667s
3869000 +3.16636813e+02 +3.17067302e+02  4.30e-01   1.87e+02     2.62e-05   1509.055s
3870000 +3.16638070e+02 +3.17069254e+02  4.31e-01   1.87e+02     2.54e-05   1509.443s
3871000 +3.16638920e+02 +3.17069759e+02  4.31e-01   1.87e+02     2.50e-05   1509.832s
3872000 +3.16639973e+02 +3.17070448e+02  4.30e-01   1.87e+02     2.49e-05   1510.220s
3873000 +3.16641671e+02 +3.17069920e+02  4.28e-01   1.86e+02     2.53e-05   1510.609s
3874000 +3.16643204e+02 +3.17070625e+02  4.27e-01   1.86e+02     2.48e-05   1510.997s
3875000 +3.16644568e+02 +3.17072504e+02  4.28e-01   1.86e+02     2.32e-05   1511.385s
3876000 +3.16646713e+02 +3.17074586e+02  4.28e-01   1.86e+02     2.23e-05   1511.774s
3877000 +3.16649273e+02 +3.17075872e+02  4.27e-01   1.86e+02     2.23e-05   1512.162s
3878000 +3.16651031e+02 +3.17077840e+02  4.27e-01   1.86e+02     2.26e-05   1512.551s
3879000 +3.16652340e+02 +3.17079260e+02  4.27e-01   1.86e+02     2.24e-05   1512.939s
3880000 +3.16654581e+02 +3.17080318e+02  4.26e-01   1.86e+02     2.25e-05   1513.327s
3881000 +3.16656275e+02 +3.17080941e+02  4.25e-01   1.86e+02     2.31e-05   1513.715s
3882000 +3.16658552e+02 +3.17082412e+02  4.24e-01   1.85e+02     2.32e-05   1514.103s
3883000 +3.16660100e+02 +3.17084656e+02  4.25e-01   1.85e+02     2.36e-05   1514.491s
3884000 +3.16661389e+02 +3.17085559e+02  4.24e-01   1.85e+02     2.39e-05   1514.879s
3885000 +3.16662566e+02 +3.17088758e+02  4.26e-01   1.85e+02     2.47e-05   1515.268s
3886000 +3.16663980e+02 +3.17091449e+02  4.27e-01   1.85e+02     2.63e-05   1515.656s
3887000 +3.16665466e+02 +3.17093732e+02  4.28e-01   1.85e+02     2.68e-05   1516.044s
3888000 +3.16667334e+02 +3.17096375e+02  4.29e-01   1.84e+02     2.57e-05   1516.432s
3889000 +3.16668976e+02 +3.17098563e+02  4.30e-01   1.84e+02     2.38e-05   1516.821s
3890000 +3.16670782e+02 +3.17101346e+02  4.31e-01   1.84e+02     2.22e-05   1517.208s
3891000 +3.16672175e+02 +3.17104675e+02  4.32e-01   1.84e+02     2.35e-05   1517.597s
3892000 +3.16672911e+02 +3.17106726e+02  4.34e-01   1.84e+02     2.45e-05   1517.985s
3893000 +3.16673741e+02 +3.17108199e+02  4.34e-01   1.84e+02     2.59e-05   1518.373s
3894000 +3.16674801e+02 +3.17109497e+02  4.35e-01   1.84e+02     2.69e-05   1518.761s
3895000 +3.16676427e+02 +3.17112458e+02  4.36e-01   1.84e+02     2.64e-05   1519.149s
3896000 +3.16677685e+02 +3.17114948e+02  4.37e-01   1.84e+02     2.70e-05   1519.538s
3897000 +3.16679783e+02 +3.17117511e+02  4.38e-01   1.83e+02     2.82e-05   1519.926s
3898000 +3.16681651e+02 +3.17120632e+02  4.39e-01   1.83e+02     2.80e-05   1520.314s
3899000 +3.16683173e+02 +3.17122996e+02  4.40e-01   1.83e+02     2.82e-05   1520.703s
3900000 +3.16684443e+02 +3.17125397e+02  4.41e-01   1.83e+02     2.72e-05   1521.091s
3901000 +3.16685924e+02 +3.17128684e+02  4.43e-01   1.83e+02     2.64e-05   1521.479s
3902000 +3.16687117e+02 +3.17130796e+02  4.44e-01   1.83e+02     2.60e-05   1521.867s
3903000 +3.16688777e+02 +3.17133894e+02  4.45e-01   1.83e+02     2.62e-05   1522.255s
3904000 +3.16689684e+02 +3.17135975e+02  4.46e-01   1.83e+02     2.63e-05   1522.644s
3905000 +3.16690882e+02 +3.17139293e+02  4.48e-01   1.82e+02     2.73e-05   1523.032s
3906000 +3.16692108e+02 +3.17142754e+02  4.51e-01   1.82e+02     2.73e-05   1523.421s
3907000 +3.16693693e+02 +3.17145275e+02  4.52e-01   1.82e+02     2.63e-05   1523.809s
3908000 +3.16695292e+02 +3.17148652e+02  4.53e-01   1.82e+02     2.52e-05   1524.197s
3909000 +3.16696573e+02 +3.17152004e+02  4.55e-01   1.82e+02     2.43e-05   1524.585s
3910000 +3.16698014e+02 +3.17156119e+02  4.58e-01   1.82e+02     2.31e-05   1524.974s
3911000 +3.16699453e+02 +3.17158022e+02  4.59e-01   1.82e+02     2.28e-05   1525.362s
3912000 +3.16700959e+02 +3.17160092e+02  4.59e-01   1.82e+02     2.27e-05   1525.751s
3913000 +3.16701837e+02 +3.17161391e+02  4.60e-01   1.82e+02     2.31e-05   1526.139s
3914000 +3.16702127e+02 +3.17162557e+02  4.60e-01   1.82e+02     2.34e-05   1526.527s
3915000 +3.16702844e+02 +3.17165024e+02  4.62e-01   1.82e+02     2.39e-05   1526.915s
3916000 +3.16703731e+02 +3.17167141e+02  4.63e-01   1.82e+02     2.45e-05   1527.303s
3917000 +3.16704197e+02 +3.17169145e+02  4.65e-01   1.82e+02     2.49e-05   1527.692s
3918000 +3.16704813e+02 +3.17171683e+02  4.67e-01   1.82e+02     2.54e-05   1528.080s
3919000 +3.16705292e+02 +3.17174342e+02  4.69e-01   1.82e+02     2.54e-05   1528.468s
3920000 +3.16706789e+02 +3.17177582e+02  4.71e-01   1.81e+02     2.59e-05   1528.856s
3921000 +3.16706852e+02 +3.17178908e+02  4.72e-01   1.81e+02     2.64e-05   1529.244s
3922000 +3.16708037e+02 +3.17181385e+02  4.73e-01   1.81e+02     2.59e-05   1529.633s
3923000 +3.16708913e+02 +3.17183015e+02  4.74e-01   1.81e+02     2.58e-05   1530.021s
3924000 +3.16709730e+02 +3.17186035e+02  4.76e-01   1.81e+02     2.65e-05   1530.409s
3925000 +3.16710220e+02 +3.17189655e+02  4.79e-01   1.81e+02     2.63e-05   1530.798s
3926000 +3.16711213e+02 +3.17191101e+02  4.80e-01   1.81e+02     2.60e-05   1531.186s
3927000 +3.16712896e+02 +3.17194098e+02  4.81e-01   1.81e+02     2.56e-05   1531.575s
3928000 +3.16713786e+02 +3.17194972e+02  4.81e-01   1.81e+02     2.51e-05   1531.963s
3929000 +3.16714901e+02 +3.17195895e+02  4.81e-01   1.81e+02     2.48e-05   1532.351s
3930000 +3.16715672e+02 +3.17197581e+02  4.82e-01   1.81e+02     2.40e-05   1532.739s
3931000 +3.16716337e+02 +3.17199058e+02  4.83e-01   1.81e+02     2.31e-05   1533.128s
3932000 +3.16717729e+02 +3.17201460e+02  4.84e-01   1.81e+02     2.29e-05   1533.516s
3933000 +3.16718319e+02 +3.17202537e+02  4.84e-01   1.81e+02     2.30e-05   1533.905s
3934000 +3.16719968e+02 +3.17204392e+02  4.84e-01   1.81e+02     2.28e-05   1534.293s
3935000 +3.16721151e+02 +3.17205171e+02  4.84e-01   1.80e+02     2.27e-05   1534.681s
3936000 +3.16722210e+02 +3.17206876e+02  4.85e-01   1.80e+02     2.26e-05   1535.069s
3937000 +3.16723675e+02 +3.17208946e+02  4.85e-01   1.80e+02     2.30e-05   1535.457s
3938000 +3.16725549e+02 +3.17210967e+02  4.85e-01   1.80e+02     2.42e-05   1535.847s
3939000 +3.16726991e+02 +3.17211940e+02  4.85e-01   1.80e+02     2.57e-05   1536.239s
3940000 +3.16728073e+02 +3.17213316e+02  4.85e-01   1.80e+02     2.61e-05   1536.627s
3941000 +3.16729309e+02 +3.17214661e+02  4.85e-01   1.80e+02     2.64e-05   1537.015s
3942000 +3.16730010e+02 +3.17217245e+02  4.87e-01   1.80e+02     2.60e-05   1537.404s
3943000 +3.16731629e+02 +3.17220055e+02  4.88e-01   1.80e+02     2.58e-05   1537.792s
3944000 +3.16732994e+02 +3.17222751e+02  4.90e-01   1.80e+02     2.56e-05   1538.180s
3945000 +3.16733643e+02 +3.17225206e+02  4.92e-01   1.79e+02     2.58e-05   1538.569s
3946000 +3.16735187e+02 +3.17226269e+02  4.91e-01   1.79e+02     2.60e-05   1538.957s
3947000 +3.16735696e+02 +3.17228208e+02  4.93e-01   1.79e+02     2.60e-05   1539.347s
3948000 +3.16736562e+02 +3.17229577e+02  4.93e-01   1.79e+02     2.54e-05   1539.738s
3949000 +3.16738327e+02 +3.17232194e+02  4.94e-01   1.79e+02     2.48e-05   1540.127s
3950000 +3.16740181e+02 +3.17235359e+02  4.95e-01   1.79e+02     2.38e-05   1540.515s
3951000 +3.16739829e+02 +3.17237342e+02  4.98e-01   1.79e+02     2.34e-05   1540.903s
3952000 +3.16740951e+02 +3.17238933e+02  4.98e-01   1.79e+02     2.27e-05   1541.291s
3953000 +3.16742294e+02 +3.17241387e+02  4.99e-01   1.79e+02     2.40e-05   1541.679s
3954000 +3.16742703e+02 +3.17243816e+02  5.01e-01   1.79e+02     2.49e-05   1542.067s
3955000 +3.16743942e+02 +3.17245288e+02  5.01e-01   1.78e+02     2.63e-05   1542.455s
3956000 +3.16744684e+02 +3.17247617e+02  5.03e-01   1.78e+02     2.70e-05   1542.844s
3957000 +3.16745827e+02 +3.17249726e+02  5.04e-01   1.78e+02     2.55e-05   1543.232s
3958000 +3.16746887e+02 +3.17251336e+02  5.04e-01   1.78e+02     2.51e-05   1543.620s
3959000 +3.16748041e+02 +3.17251570e+02  5.04e-01   1.78e+02     2.49e-05   1544.008s
3960000 +3.16748921e+02 +3.17252874e+02  5.04e-01   1.78e+02     2.49e-05   1544.397s
3961000 +3.16749964e+02 +3.17254335e+02  5.04e-01   1.78e+02     2.60e-05   1544.785s
3962000 +3.16751543e+02 +3.17256246e+02  5.05e-01   1.77e+02     2.77e-05   1545.173s
3963000 +3.16753557e+02 +3.17258275e+02  5.05e-01   1.77e+02     2.81e-05   1545.562s
3964000 +3.16755282e+02 +3.17260386e+02  5.05e-01   1.77e+02     2.82e-05   1545.950s
3965000 +3.16757110e+02 +3.17263200e+02  5.06e-01   1.77e+02     2.65e-05   1546.338s
3966000 +3.16758540e+02 +3.17263370e+02  5.05e-01   1.77e+02     2.66e-05   1546.726s
3967000 +3.16759934e+02 +3.17264971e+02  5.05e-01   1.77e+02     2.80e-05   1547.114s
3968000 +3.16761449e+02 +3.17268574e+02  5.07e-01   1.77e+02     2.71e-05   1547.503s
3969000 +3.16763163e+02 +3.17271892e+02  5.09e-01   1.77e+02     2.62e-05   1547.891s
3970000 +3.16765060e+02 +3.17273957e+02  5.09e-01   1.76e+02     2.66e-05   1548.279s
3971000 +3.16766630e+02 +3.17276174e+02  5.10e-01   1.76e+02     2.50e-05   1548.667s
3972000 +3.16768400e+02 +3.17278097e+02  5.10e-01   1.76e+02     2.39e-05   1549.056s
3973000 +3.16770388e+02 +3.17280985e+02  5.11e-01   1.76e+02     2.37e-05   1549.444s
3974000 +3.16772127e+02 +3.17284000e+02  5.12e-01   1.76e+02     2.25e-05   1549.832s
3975000 +3.16774081e+02 +3.17286734e+02  5.13e-01   1.76e+02     2.30e-05   1550.220s
3976000 +3.16775511e+02 +3.17288056e+02  5.13e-01   1.76e+02     2.45e-05   1550.608s
3977000 +3.16776852e+02 +3.17289879e+02  5.13e-01   1.76e+02     2.48e-05   1550.996s
3978000 +3.16778628e+02 +3.17292425e+02  5.14e-01   1.76e+02     2.45e-05   1551.385s
3979000 +3.16780240e+02 +3.17294791e+02  5.15e-01   1.75e+02     2.38e-05   1551.772s
3980000 +3.16781927e+02 +3.17297766e+02  5.16e-01   1.75e+02     2.28e-05   1552.161s
3981000 +3.16784287e+02 +3.17300633e+02  5.16e-01   1.75e+02     2.31e-05   1552.549s
3982000 +3.16785142e+02 +3.17302380e+02  5.17e-01   1.75e+02     2.38e-05   1552.937s
3983000 +3.16786505e+02 +3.17304391e+02  5.18e-01   1.75e+02     2.40e-05   1553.326s
3984000 +3.16788634e+02 +3.17306499e+02  5.18e-01   1.75e+02     2.45e-05   1553.714s
3985000 +3.16790403e+02 +3.17309292e+02  5.19e-01   1.75e+02     2.59e-05   1554.103s
3986000 +3.16791697e+02 +3.17312686e+02  5.21e-01   1.75e+02     2.62e-05   1554.491s
3987000 +3.16793451e+02 +3.17314649e+02  5.21e-01   1.74e+02     2.54e-05   1554.880s
3988000 +3.16795988e+02 +3.17316598e+02  5.21e-01   1.74e+02     2.50e-05   1555.268s
3989000 +3.16797186e+02 +3.17319442e+02  5.22e-01   1.74e+02     2.47e-05   1555.657s
3990000 +3.16798503e+02 +3.17321024e+02  5.23e-01   1.74e+02     2.52e-05   1556.045s
3991000 +3.16799958e+02 +3.17323735e+02  5.24e-01   1.74e+02     2.52e-05   1556.433s
3992000 +3.16802157e+02 +3.17324798e+02  5.23e-01   1.74e+02     2.48e-05   1556.821s
3993000 +3.16803092e+02 +3.17326245e+02  5.23e-01   1.74e+02     2.38e-05   1557.209s
3994000 +3.16804806e+02 +3.17327793e+02  5.23e-01   1.74e+02     2.33e-05   1557.597s
3995000 +3.16805644e+02 +3.17329439e+02  5.24e-01   1.73e+02     2.29e-05   1557.986s
3996000 +3.16807512e+02 +3.17331853e+02  5.24e-01   1.73e+02     2.32e-05   1558.374s
3997000 +3.16808800e+02 +3.17334674e+02  5.26e-01   1.73e+02     2.34e-05   1558.762s
3998000 +3.16810619e+02 +3.17336161e+02  5.26e-01   1.73e+02     2.40e-05   1559.150s
3999000 +3.16812326e+02 +3.17338998e+02  5.27e-01   1.73e+02     2.45e-05   1559.538s
4000000 +3.16813425e+02 +3.17338054e+02  5.25e-01   1.73e+02     2.53e-05   1559.927s
4001000 +3.16814990e+02 +3.17339002e+02  5.24e-01   1.73e+02     2.53e-05   1560.315s
4002000 +3.16816894e+02 +3.17342087e+02  5.25e-01   1.73e+02     2.55e-05   1560.703s
4003000 +3.16818062e+02 +3.17343408e+02  5.25e-01   1.73e+02     2.50e-05   1561.092s
4004000 +3.16820598e+02 +3.17344652e+02  5.24e-01   1.73e+02     2.48e-05   1561.480s
4005000 +3.16822200e+02 +3.17346051e+02  5.24e-01   1.73e+02     2.49e-05   1561.868s
4006000 +3.16823369e+02 +3.17346498e+02  5.23e-01   1.72e+02     2.51e-05   1562.256s
4007000 +3.16825554e+02 +3.17348718e+02  5.23e-01   1.72e+02     2.57e-05   1562.644s
4008000 +3.16827221e+02 +3.17351645e+02  5.24e-01   1.72e+02     2.51e-05   1563.032s
4009000 +3.16828796e+02 +3.17353611e+02  5.25e-01   1.72e+02     2.48e-05   1563.421s
4010000 +3.16830611e+02 +3.17356288e+02  5.26e-01   1.72e+02     2.47e-05   1563.809s
4011000 +3.16832463e+02 +3.17357734e+02  5.25e-01   1.72e+02     2.48e-05   1564.198s
4012000 +3.16834120e+02 +3.17360540e+02  5.26e-01   1.72e+02     2.51e-05   1564.586s
4013000 +3.16836002e+02 +3.17362389e+02  5.26e-01   1.72e+02     2.53e-05   1564.974s
4014000 +3.16837079e+02 +3.17365375e+02  5.28e-01   1.72e+02     2.53e-05   1565.362s
4015000 +3.16838214e+02 +3.17367528e+02  5.29e-01   1.72e+02     2.54e-05   1565.750s
4016000 +3.16839199e+02 +3.17370688e+02  5.31e-01   1.72e+02     2.54e-05   1566.138s
4017000 +3.16840324e+02 +3.17375508e+02  5.35e-01   1.71e+02     2.47e-05   1566.526s
4018000 +3.16841111e+02 +3.17379259e+02  5.38e-01   1.71e+02     2.46e-05   1566.915s
4019000 +3.16841592e+02 +3.17383002e+02  5.41e-01   1.71e+02     2.46e-05   1567.303s
4020000 +3.16842356e+02 +3.17387494e+02  5.45e-01   1.71e+02     2.44e-05   1567.691s
4021000 +3.16842741e+02 +3.17392282e+02  5.50e-01   1.71e+02     2.47e-05   1568.079s
4022000 +3.16843464e+02 +3.17397438e+02  5.54e-01   1.71e+02     2.51e-05   1568.468s
4023000 +3.16844442e+02 +3.17401439e+02  5.57e-01   1.71e+02     2.59e-05   1568.856s
4024000 +3.16845312e+02 +3.17404596e+02  5.59e-01   1.71e+02     2.67e-05   1569.244s
4025000 +3.16845528e+02 +3.17406933e+02  5.61e-01   1.71e+02     2.73e-05   1569.632s
4026000 +3.16846180e+02 +3.17409964e+02  5.64e-01   1.71e+02     2.60e-05   1570.021s
4027000 +3.16847500e+02 +3.17411662e+02  5.64e-01   1.71e+02     2.54e-05   1570.409s
4028000 +3.16848560e+02 +3.17415157e+02  5.67e-01   1.71e+02     2.51e-05   1570.797s
4029000 +3.16849302e+02 +3.17419020e+02  5.70e-01   1.71e+02     2.47e-05   1571.186s
4030000 +3.16850259e+02 +3.17421440e+02  5.71e-01   1.71e+02     2.51e-05   1571.574s
4031000 +3.16850963e+02 +3.17423786e+02  5.73e-01   1.71e+02     2.49e-05   1571.963s
4032000 +3.16851623e+02 +3.17426022e+02  5.74e-01   1.70e+02     2.57e-05   1572.351s
4033000 +3.16853207e+02 +3.17428712e+02  5.76e-01   1.70e+02     2.67e-05   1572.739s
4034000 +3.16854448e+02 +3.17430820e+02  5.76e-01   1.70e+02     2.73e-05   1573.127s
4035000 +3.16855652e+02 +3.17432658e+02  5.77e-01   1.70e+02     2.69e-05   1573.516s
4036000 +3.16856612e+02 +3.17435028e+02  5.78e-01   1.70e+02     2.62e-05   1573.904s
4037000 +3.16857024e+02 +3.17436851e+02  5.80e-01   1.70e+02     2.56e-05   1574.292s
4038000 +3.16858417e+02 +3.17438062e+02  5.80e-01   1.70e+02     2.54e-05   1574.680s
4039000 +3.16858615e+02 +3.17439719e+02  5.81e-01   1.70e+02     2.54e-05   1575.068s
4040000 +3.16859539e+02 +3.17440285e+02  5.81e-01   1.70e+02     2.56e-05   1575.458s
4041000 +3.16860071e+02 +3.17442039e+02  5.82e-01   1.70e+02     2.55e-05   1575.846s
4042000 +3.16861617e+02 +3.17443139e+02  5.82e-01   1.70e+02     2.55e-05   1576.234s
4043000 +3.16862979e+02 +3.17444667e+02  5.82e-01   1.70e+02     2.66e-05   1576.622s
4044000 +3.16864320e+02 +3.17445976e+02  5.82e-01   1.69e+02     2.75e-05   1577.010s
4045000 +3.16865553e+02 +3.17447672e+02  5.82e-01   1.69e+02     2.66e-05   1577.399s
4046000 +3.16866974e+02 +3.17449394e+02  5.82e-01   1.69e+02     2.69e-05   1577.787s
4047000 +3.16868235e+02 +3.17451002e+02  5.83e-01   1.69e+02     2.78e-05   1578.176s
4048000 +3.16868917e+02 +3.17453869e+02  5.85e-01   1.69e+02     2.65e-05   1578.564s
4049000 +3.16870254e+02 +3.17456444e+02  5.86e-01   1.69e+02     2.57e-05   1578.952s
4050000 +3.16871631e+02 +3.17459554e+02  5.88e-01   1.69e+02     2.41e-05   1579.341s
4051000 +3.16872207e+02 +3.17461954e+02  5.90e-01   1.69e+02     2.29e-05   1579.729s
4052000 +3.16873567e+02 +3.17464846e+02  5.91e-01   1.69e+02     2.27e-05   1580.117s
4053000 +3.16874961e+02 +3.17468090e+02  5.93e-01   1.68e+02     2.29e-05   1580.506s
4054000 +3.16876007e+02 +3.17470611e+02  5.95e-01   1.68e+02     2.27e-05   1580.894s
4055000 +3.16876700e+02 +3.17473867e+02  5.97e-01   1.68e+02     2.23e-05   1581.283s
4056000 +3.16877785e+02 +3.17476615e+02  5.99e-01   1.68e+02     2.24e-05   1581.671s
4057000 +3.16878870e+02 +3.17480417e+02  6.02e-01   1.68e+02     2.23e-05   1582.058s
4058000 +3.16879487e+02 +3.17484960e+02  6.05e-01   1.68e+02     2.28e-05   1582.447s
4059000 +3.16880727e+02 +3.17487972e+02  6.07e-01   1.68e+02     2.28e-05   1582.834s
4060000 +3.16881971e+02 +3.17491676e+02  6.10e-01   1.68e+02     2.38e-05   1583.222s
4061000 +3.16883206e+02 +3.17495228e+02  6.12e-01   1.68e+02     2.45e-05   1583.611s
4062000 +3.16883833e+02 +3.17499642e+02  6.16e-01   1.68e+02     2.63e-05   1583.999s
4063000 +3.16884523e+02 +3.17502349e+02  6.18e-01   1.68e+02     2.64e-05   1584.388s
4064000 +3.16885349e+02 +3.17504854e+02  6.20e-01   1.68e+02     2.67e-05   1584.776s
4065000 +3.16885996e+02 +3.17507662e+02  6.22e-01   1.68e+02     2.64e-05   1585.164s
4066000 +3.16887192e+02 +3.17510378e+02  6.23e-01   1.68e+02     2.65e-05   1585.552s
4067000 +3.16888567e+02 +3.17512608e+02  6.24e-01   1.68e+02     2.58e-05   1585.940s
4068000 +3.16889109e+02 +3.17514726e+02  6.26e-01   1.68e+02     2.64e-05   1586.329s
4069000 +3.16889915e+02 +3.17517041e+02  6.27e-01   1.68e+02     2.60e-05   1586.717s
4070000 +3.16891297e+02 +3.17519527e+02  6.28e-01   1.68e+02     2.51e-05   1587.106s
4071000 +3.16892292e+02 +3.17521918e+02  6.30e-01   1.67e+02     2.38e-05   1587.494s
4072000 +3.16893233e+02 +3.17525336e+02  6.32e-01   1.67e+02     2.33e-05   1587.882s
4073000 +3.16894509e+02 +3.17527804e+02  6.33e-01   1.67e+02     2.27e-05   1588.271s
4074000 +3.16895140e+02 +3.17530138e+02  6.35e-01   1.67e+02     2.25e-05   1588.659s
4075000 +3.16896357e+02 +3.17532272e+02  6.36e-01   1.67e+02     2.23e-05   1589.048s
4076000 +3.16897340e+02 +3.17534524e+02  6.37e-01   1.67e+02     2.30e-05   1589.436s
4077000 +3.16898042e+02 +3.17535846e+02  6.38e-01   1.67e+02     2.40e-05   1589.824s
4078000 +3.16899506e+02 +3.17538453e+02  6.39e-01   1.67e+02     2.45e-05   1590.213s
4079000 +3.16901502e+02 +3.17541427e+02  6.40e-01   1.67e+02     2.50e-05   1590.604s
4080000 +3.16902855e+02 +3.17543781e+02  6.41e-01   1.67e+02     2.55e-05   1590.992s
4081000 +3.16904442e+02 +3.17544915e+02  6.40e-01   1.67e+02     2.56e-05   1591.381s
4082000 +3.16905621e+02 +3.17546445e+02  6.41e-01   1.67e+02     2.60e-05   1591.769s
4083000 +3.16906684e+02 +3.17548891e+02  6.42e-01   1.67e+02     2.62e-05   1592.157s
4084000 +3.16907374e+02 +3.17552233e+02  6.45e-01   1.67e+02     2.72e-05   1592.546s
4085000 +3.16908691e+02 +3.17554715e+02  6.46e-01   1.67e+02     2.77e-05   1592.934s
4086000 +3.16909997e+02 +3.17557191e+02  6.47e-01   1.67e+02     2.80e-05   1593.323s
4087000 +3.16911162e+02 +3.17561208e+02  6.50e-01   1.66e+02     2.78e-05   1593.711s
4088000 +3.16912589e+02 +3.17564591e+02  6.52e-01   1.66e+02     2.72e-05   1594.099s
4089000 +3.16913385e+02 +3.17567324e+02  6.54e-01   1.66e+02     2.68e-05   1594.488s
4090000 +3.16914826e+02 +3.17569227e+02  6.54e-01   1.66e+02     2.56e-05   1594.876s
4091000 +3.16915945e+02 +3.17571087e+02  6.55e-01   1.66e+02     2.54e-05   1595.264s
4092000 +3.16917259e+02 +3.17573550e+02  6.56e-01   1.66e+02     2.53e-05   1595.652s
4093000 +3.16918448e+02 +3.17574843e+02  6.56e-01   1.66e+02     2.51e-05   1596.041s
4094000 +3.16919126e+02 +3.17575570e+02  6.56e-01   1.66e+02     2.41e-05   1596.429s
4095000 +3.16919737e+02 +3.17577739e+02  6.58e-01   1.66e+02     2.36e-05   1596.818s
4096000 +3.16920189e+02 +3.17579414e+02  6.59e-01   1.66e+02     2.34e-05   1597.206s
4097000 +3.16920931e+02 +3.17581233e+02  6.60e-01   1.66e+02     2.34e-05   1597.595s
4098000 +3.16921978e+02 +3.17583391e+02  6.61e-01   1.66e+02     2.45e-05   1597.983s
4099000 +3.16922797e+02 +3.17585733e+02  6.63e-01   1.66e+02     2.57e-05   1598.371s
4100000 +3.16923623e+02 +3.17586915e+02  6.63e-01   1.66e+02     2.53e-05   1598.759s
4101000 +3.16924083e+02 +3.17587886e+02  6.64e-01   1.66e+02     2.57e-05   1599.148s
4102000 +3.16925063e+02 +3.17589062e+02  6.64e-01   1.65e+02     2.51e-05   1599.535s
4103000 +3.16926269e+02 +3.17589880e+02  6.64e-01   1.65e+02     2.49e-05   1599.924s
4104000 +3.16927010e+02 +3.17591619e+02  6.65e-01   1.65e+02     2.48e-05   1600.312s
4105000 +3.16928172e+02 +3.17593472e+02  6.65e-01   1.65e+02     2.45e-05   1600.701s
4106000 +3.16928687e+02 +3.17595882e+02  6.67e-01   1.65e+02     2.36e-05   1601.089s
4107000 +3.16929565e+02 +3.17597725e+02  6.68e-01   1.65e+02     2.34e-05   1601.478s
4108000 +3.16930434e+02 +3.17599818e+02  6.69e-01   1.65e+02     2.34e-05   1601.866s
4109000 +3.16931191e+02 +3.17601761e+02  6.71e-01   1.65e+02     2.32e-05   1602.254s
4110000 +3.16932035e+02 +3.17602751e+02  6.71e-01   1.65e+02     2.35e-05   1602.642s
4111000 +3.16932672e+02 +3.17604454e+02  6.72e-01   1.65e+02     2.41e-05   1603.031s
4112000 +3.16933456e+02 +3.17605951e+02  6.72e-01   1.65e+02     2.41e-05   1603.419s
4113000 +3.16934324e+02 +3.17607682e+02  6.73e-01   1.65e+02     2.36e-05   1603.808s
4114000 +3.16934839e+02 +3.17609238e+02  6.74e-01   1.65e+02     2.30e-05   1604.196s
4115000 +3.16936102e+02 +3.17610859e+02  6.75e-01   1.65e+02     2.35e-05   1604.584s
4116000 +3.16936695e+02 +3.17613367e+02  6.77e-01   1.65e+02     2.40e-05   1604.973s
4117000 +3.16937620e+02 +3.17614937e+02  6.77e-01   1.65e+02     2.39e-05   1605.361s
4118000 +3.16938486e+02 +3.17616831e+02  6.78e-01   1.65e+02     2.33e-05   1605.754s
4119000 +3.16939314e+02 +3.17618938e+02  6.80e-01   1.65e+02     2.28e-05   1606.143s
4120000 +3.16939410e+02 +3.17621916e+02  6.83e-01   1.65e+02     2.26e-05   1606.531s
4121000 +3.16939973e+02 +3.17624626e+02  6.85e-01   1.65e+02     2.30e-05   1606.920s
4122000 +3.16940685e+02 +3.17627062e+02  6.86e-01   1.65e+02     2.34e-05   1607.308s
4123000 +3.16941465e+02 +3.17630013e+02  6.89e-01   1.64e+02     2.35e-05   1607.697s
4124000 +3.16942304e+02 +3.17632762e+02  6.90e-01   1.64e+02     2.39e-05   1608.085s
4125000 +3.16942679e+02 +3.17635893e+02  6.93e-01   1.64e+02     2.43e-05   1608.473s
4126000 +3.16943455e+02 +3.17639819e+02  6.96e-01   1.64e+02     2.40e-05   1608.863s
4127000 +3.16944206e+02 +3.17642654e+02  6.98e-01   1.64e+02     2.39e-05   1609.254s
4128000 +3.16945132e+02 +3.17645591e+02  7.00e-01   1.64e+02     2.33e-05   1609.643s
4129000 +3.16946079e+02 +3.17648416e+02  7.02e-01   1.64e+02     2.31e-05   1610.031s
4130000 +3.16947008e+02 +3.17652188e+02  7.05e-01   1.64e+02     2.30e-05   1610.420s
4131000 +3.16947848e+02 +3.17654116e+02  7.06e-01   1.64e+02     2.30e-05   1610.809s
4132000 +3.16948652e+02 +3.17656066e+02  7.07e-01   1.64e+02     2.30e-05   1611.197s
4133000 +3.16949492e+02 +3.17657344e+02  7.08e-01   1.64e+02     2.29e-05   1611.585s
4134000 +3.16949974e+02 +3.17659136e+02  7.09e-01   1.64e+02     2.29e-05   1611.974s
4135000 +3.16950730e+02 +3.17660898e+02  7.10e-01   1.64e+02     2.26e-05   1612.362s
4136000 +3.16951547e+02 +3.17662620e+02  7.11e-01   1.64e+02     2.20e-05   1612.750s
4137000 +3.16951925e+02 +3.17664028e+02  7.12e-01   1.64e+02     2.21e-05   1613.139s
4138000 +3.16952584e+02 +3.17665302e+02  7.13e-01   1.64e+02     2.23e-05   1613.527s
4139000 +3.16953228e+02 +3.17666519e+02  7.13e-01   1.64e+02     2.26e-05   1613.915s
4140000 +3.16953720e+02 +3.17667496e+02  7.14e-01   1.63e+02     2.28e-05   1614.304s
4141000 +3.16954311e+02 +3.17669333e+02  7.15e-01   1.63e+02     2.29e-05   1614.691s
4142000 +3.16955168e+02 +3.17670730e+02  7.16e-01   1.63e+02     2.30e-05   1615.080s
4143000 +3.16955414e+02 +3.17670993e+02  7.16e-01   1.63e+02     2.27e-05   1615.468s
4144000 +3.16956054e+02 +3.17672159e+02  7.16e-01   1.63e+02     2.27e-05   1615.856s
4145000 +3.16956803e+02 +3.17673633e+02  7.17e-01   1.63e+02     2.26e-05   1616.245s
4146000 +3.16957912e+02 +3.17675658e+02  7.18e-01   1.63e+02     2.30e-05   1616.633s
4147000 +3.16958728e+02 +3.17678492e+02  7.20e-01   1.63e+02     2.35e-05   1617.021s
4148000 +3.16959618e+02 +3.17681100e+02  7.21e-01   1.63e+02     2.36e-05   1617.409s
4149000 +3.16960516e+02 +3.17682912e+02  7.22e-01   1.63e+02     2.38e-05   1617.798s
4150000 +3.16961238e+02 +3.17684902e+02  7.24e-01   1.63e+02     2.37e-05   1618.187s
4151000 +3.16961781e+02 +3.17686416e+02  7.25e-01   1.63e+02     2.36e-05   1618.575s
4152000 +3.16962737e+02 +3.17688409e+02  7.26e-01   1.63e+02     2.33e-05   1618.964s
4153000 +3.16963482e+02 +3.17690427e+02  7.27e-01   1.63e+02     2.26e-05   1619.352s
4154000 +3.16964416e+02 +3.17693313e+02  7.29e-01   1.63e+02     2.21e-05   1619.741s
4155000 +3.16965275e+02 +3.17696797e+02  7.32e-01   1.62e+02     2.29e-05   1620.129s
4156000 +3.16965930e+02 +3.17699930e+02  7.34e-01   1.62e+02     2.37e-05   1620.517s
4157000 +3.16966557e+02 +3.17703073e+02  7.37e-01   1.62e+02     2.40e-05   1620.905s
4158000 +3.16967560e+02 +3.17704870e+02  7.37e-01   1.62e+02     2.36e-05   1621.294s
4159000 +3.16968121e+02 +3.17706166e+02  7.38e-01   1.62e+02     2.29e-05   1621.681s
4160000 +3.16968829e+02 +3.17707288e+02  7.38e-01   1.62e+02     2.28e-05   1622.070s
4161000 +3.16969779e+02 +3.17707754e+02  7.38e-01   1.62e+02     2.22e-05   1622.458s
4162000 +3.16970606e+02 +3.17708564e+02  7.38e-01   1.62e+02     2.24e-05   1622.846s
4163000 +3.16971508e+02 +3.17710005e+02  7.38e-01   1.62e+02     2.23e-05   1623.235s
4164000 +3.16972609e+02 +3.17711524e+02  7.39e-01   1.62e+02     2.20e-05   1623.623s
4165000 +3.16973670e+02 +3.17713085e+02  7.39e-01   1.62e+02     2.21e-05   1624.012s
4166000 +3.16975122e+02 +3.17714911e+02  7.40e-01   1.62e+02     2.23e-05   1624.401s
4167000 +3.16976572e+02 +3.17717041e+02  7.40e-01   1.62e+02     2.22e-05   1624.789s
4168000 +3.16978199e+02 +3.17718784e+02  7.41e-01   1.62e+02     2.22e-05   1625.177s
4169000 +3.16979637e+02 +3.17719746e+02  7.40e-01   1.62e+02     2.16e-05   1625.565s
4170000 +3.16980643e+02 +3.17721947e+02  7.41e-01   1.61e+02     2.16e-05   1625.953s
4171000 +3.16981787e+02 +3.17724016e+02  7.42e-01   1.61e+02     2.23e-05   1626.342s
4172000 +3.16982854e+02 +3.17725614e+02  7.43e-01   1.61e+02     2.26e-05   1626.730s
4173000 +3.16984237e+02 +3.17728004e+02  7.44e-01   1.61e+02     2.25e-05   1627.119s
4174000 +3.16985171e+02 +3.17729684e+02  7.45e-01   1.61e+02     2.27e-05   1627.507s
4175000 +3.16986647e+02 +3.17730331e+02  7.44e-01   1.61e+02     2.27e-05   1627.896s
4176000 +3.16988500e+02 +3.17731287e+02  7.43e-01   1.61e+02     2.30e-05   1628.284s
4177000 +3.16989787e+02 +3.17733689e+02  7.44e-01   1.61e+02     2.32e-05   1628.672s
4178000 +3.16990626e+02 +3.17735537e+02  7.45e-01   1.61e+02     2.34e-05   1629.061s
4179000 +3.16991776e+02 +3.17737096e+02  7.45e-01   1.61e+02     2.40e-05   1629.449s
4180000 +3.16993143e+02 +3.17739456e+02  7.46e-01   1.61e+02     2.44e-05   1629.837s
4181000 +3.16994883e+02 +3.17741598e+02  7.47e-01   1.61e+02     2.42e-05   1630.225s
4182000 +3.16996112e+02 +3.17743635e+02  7.48e-01   1.61e+02     2.43e-05   1630.613s
4183000 +3.16997691e+02 +3.17745825e+02  7.48e-01   1.61e+02     2.42e-05   1631.002s
4184000 +3.16998407e+02 +3.17747773e+02  7.49e-01   1.61e+02     2.42e-05   1631.390s
4185000 +3.16999146e+02 +3.17750527e+02  7.51e-01   1.61e+02     2.44e-05   1631.778s
4186000 +3.17000402e+02 +3.17752368e+02  7.52e-01   1.61e+02     2.32e-05   1632.167s
4187000 +3.17001972e+02 +3.17754414e+02  7.52e-01   1.61e+02     2.34e-05   1632.555s
4188000 +3.17002960e+02 +3.17757248e+02  7.54e-01   1.61e+02     2.40e-05   1632.943s
4189000 +3.17003815e+02 +3.17759932e+02  7.56e-01   1.61e+02     2.48e-05   1633.332s
4190000 +3.17004745e+02 +3.17762326e+02  7.58e-01   1.60e+02     2.45e-05   1633.720s
4191000 +3.17006064e+02 +3.17764391e+02  7.58e-01   1.60e+02     2.33e-05   1634.108s
4192000 +3.17006839e+02 +3.17765966e+02  7.59e-01   1.60e+02     2.32e-05   1634.497s
4193000 +3.17008213e+02 +3.17768592e+02  7.60e-01   1.60e+02     2.32e-05   1634.885s
4194000 +3.17008941e+02 +3.17771317e+02  7.62e-01   1.60e+02     2.34e-05   1635.272s
4195000 +3.17010542e+02 +3.17773531e+02  7.63e-01   1.60e+02     2.32e-05   1635.661s
4196000 +3.17011837e+02 +3.17775622e+02  7.64e-01   1.60e+02     2.33e-05   1636.049s
4197000 +3.17013607e+02 +3.17777442e+02  7.64e-01   1.60e+02     2.26e-05   1636.437s
4198000 +3.17015032e+02 +3.17779896e+02  7.65e-01   1.60e+02     2.23e-05   1636.825s
4199000 +3.17016755e+02 +3.17782879e+02  7.66e-01   1.60e+02     2.27e-05   1637.213s
4200000 +3.17017807e+02 +3.17785566e+02  7.68e-01   1.60e+02     2.32e-05   1637.602s
4201000 +3.17019186e+02 +3.17787530e+02  7.68e-01   1.60e+02     2.27e-05   1637.990s
4202000 +3.17020687e+02 +3.17789787e+02  7.69e-01   1.60e+02     2.25e-05   1638.379s
4203000 +3.17021911e+02 +3.17792241e+02  7.70e-01   1.59e+02     2.21e-05   1638.767s
4204000 +3.17022655e+02 +3.17794348e+02  7.72e-01   1.59e+02     2.20e-05   1639.156s
4205000 +3.17023663e+02 +3.17795807e+02  7.72e-01   1.59e+02     2.23e-05   1639.544s
4206000 +3.17025085e+02 +3.17796938e+02  7.72e-01   1.59e+02     2.23e-05   1639.932s
4207000 +3.17025667e+02 +3.17797689e+02  7.72e-01   1.59e+02     2.22e-05   1640.320s
4208000 +3.17026538e+02 +3.17799286e+02  7.73e-01   1.59e+02     2.30e-05   1640.709s
4209000 +3.17027880e+02 +3.17801167e+02  7.73e-01   1.59e+02     2.40e-05   1641.097s
4210000 +3.17028655e+02 +3.17803136e+02  7.74e-01   1.59e+02     2.47e-05   1641.485s
4211000 +3.17029532e+02 +3.17805771e+02  7.76e-01   1.59e+02     2.37e-05   1641.874s
4212000 +3.17030860e+02 +3.17808461e+02  7.78e-01   1.59e+02     2.29e-05   1642.263s
4213000 +3.17031962e+02 +3.17810599e+02  7.79e-01   1.59e+02     2.34e-05   1642.651s
4214000 +3.17033643e+02 +3.17812637e+02  7.79e-01   1.59e+02     2.33e-05   1643.039s
4215000 +3.17034122e+02 +3.17815479e+02  7.81e-01   1.59e+02     2.34e-05   1643.428s
4216000 +3.17035007e+02 +3.17817832e+02  7.83e-01   1.59e+02     2.32e-05   1643.816s
4217000 +3.17036738e+02 +3.17820232e+02  7.83e-01   1.59e+02     2.32e-05   1644.205s
4218000 +3.17037865e+02 +3.17823029e+02  7.85e-01   1.58e+02     2.34e-05   1644.593s
4219000 +3.17038638e+02 +3.17825297e+02  7.87e-01   1.58e+02     2.38e-05   1644.982s
4220000 +3.17039821e+02 +3.17827262e+02  7.87e-01   1.58e+02     2.37e-05   1645.370s
4221000 +3.17041564e+02 +3.17828333e+02  7.87e-01   1.58e+02     2.39e-05   1645.759s
4222000 +3.17042797e+02 +3.17829836e+02  7.87e-01   1.58e+02     2.44e-05   1646.147s
4223000 +3.17044363e+02 +3.17832217e+02  7.88e-01   1.58e+02     2.46e-05   1646.535s
4224000 +3.17046080e+02 +3.17833569e+02  7.87e-01   1.58e+02     2.37e-05   1646.923s
4225000 +3.17047453e+02 +3.17835088e+02  7.88e-01   1.58e+02     2.43e-05   1647.312s
4226000 +3.17048763e+02 +3.17836602e+02  7.88e-01   1.58e+02     2.52e-05   1647.700s
4227000 +3.17050509e+02 +3.17838501e+02  7.88e-01   1.58e+02     2.65e-05   1648.089s
4228000 +3.17052801e+02 +3.17840221e+02  7.87e-01   1.58e+02     2.75e-05   1648.477s
4229000 +3.17054313e+02 +3.17841702e+02  7.87e-01   1.57e+02     2.79e-05   1648.865s
4230000 +3.17055729e+02 +3.17843566e+02  7.88e-01   1.57e+02     2.80e-05   1649.254s
4231000 +3.17057284e+02 +3.17845929e+02  7.89e-01   1.57e+02     2.84e-05   1649.642s
4232000 +3.17059117e+02 +3.17847640e+02  7.89e-01   1.57e+02     2.81e-05   1650.031s
4233000 +3.17060905e+02 +3.17849539e+02  7.89e-01   1.57e+02     2.78e-05   1650.418s
4234000 +3.17062809e+02 +3.17851163e+02  7.88e-01   1.57e+02     2.75e-05   1650.807s
4235000 +3.17064423e+02 +3.17852941e+02  7.89e-01   1.57e+02     2.70e-05   1651.195s
4236000 +3.17066070e+02 +3.17855048e+02  7.89e-01   1.57e+02     2.71e-05   1651.583s
4237000 +3.17067951e+02 +3.17857653e+02  7.90e-01   1.57e+02     2.78e-05   1651.972s
4238000 +3.17069285e+02 +3.17860917e+02  7.92e-01   1.57e+02     2.71e-05   1652.361s
4239000 +3.17071441e+02 +3.17862377e+02  7.91e-01   1.57e+02     2.66e-05   1652.749s
4240000 +3.17073105e+02 +3.17864034e+02  7.91e-01   1.56e+02     2.59e-05   1653.137s
4241000 +3.17074148e+02 +3.17864779e+02  7.91e-01   1.56e+02     2.53e-05   1653.525s
4242000 +3.17076034e+02 +3.17867057e+02  7.91e-01   1.56e+02     2.56e-05   1653.914s
4243000 +3.17077190e+02 +3.17870393e+02  7.93e-01   1.56e+02     2.56e-05   1654.302s
4244000 +3.17078864e+02 +3.17873247e+02  7.94e-01   1.56e+02     2.52e-05   1654.690s
4245000 +3.17080317e+02 +3.17875534e+02  7.95e-01   1.56e+02     2.52e-05   1655.079s
4246000 +3.17081929e+02 +3.17878394e+02  7.96e-01   1.56e+02     2.52e-05   1655.467s
4247000 +3.17082570e+02 +3.17880945e+02  7.98e-01   1.56e+02     2.49e-05   1655.855s
4248000 +3.17083355e+02 +3.17883898e+02  8.01e-01   1.56e+02     2.41e-05   1656.243s
4249000 +3.17084015e+02 +3.17886501e+02  8.02e-01   1.56e+02     2.34e-05   1656.632s
4250000 +3.17084693e+02 +3.17889700e+02  8.05e-01   1.56e+02     2.26e-05   1657.020s
4251000 +3.17085470e+02 +3.17892560e+02  8.07e-01   1.56e+02     2.29e-05   1657.408s
4252000 +3.17086328e+02 +3.17895249e+02  8.09e-01   1.56e+02     2.42e-05   1657.797s
4253000 +3.17086980e+02 +3.17897148e+02  8.10e-01   1.56e+02     2.41e-05   1658.185s
4254000 +3.17087846e+02 +3.17899982e+02  8.12e-01   1.56e+02     2.34e-05   1658.573s
4255000 +3.17088695e+02 +3.17901357e+02  8.13e-01   1.56e+02     2.32e-05   1658.961s
4256000 +3.17089343e+02 +3.17902977e+02  8.14e-01   1.56e+02     2.40e-05   1659.350s
4257000 +3.17090482e+02 +3.17904437e+02  8.14e-01   1.56e+02     2.44e-05   1659.738s
4258000 +3.17091439e+02 +3.17906137e+02  8.15e-01   1.55e+02     2.45e-05   1660.127s
4259000 +3.17092330e+02 +3.17908320e+02  8.16e-01   1.55e+02     2.44e-05   1660.515s
4260000 +3.17093617e+02 +3.17910886e+02  8.17e-01   1.55e+02     2.49e-05   1660.903s
4261000 +3.17094531e+02 +3.17913032e+02  8.19e-01   1.55e+02     2.55e-05   1661.292s
4262000 +3.17095253e+02 +3.17915255e+02  8.20e-01   1.55e+02     2.52e-05   1661.680s
4263000 +3.17095762e+02 +3.17917181e+02  8.21e-01   1.55e+02     2.50e-05   1662.069s
4264000 +3.17097596e+02 +3.17918844e+02  8.21e-01   1.55e+02     2.54e-05   1662.457s
4265000 +3.17098671e+02 +3.17920397e+02  8.22e-01   1.55e+02     2.68e-05   1662.845s
4266000 +3.17099707e+02 +3.17922121e+02  8.22e-01   1.55e+02     2.79e-05   1663.233s
4267000 +3.17101433e+02 +3.17924387e+02  8.23e-01   1.55e+02     2.81e-05   1663.621s
4268000 +3.17102083e+02 +3.17926446e+02  8.24e-01   1.55e+02     2.93e-05   1664.009s
4269000 +3.17102979e+02 +3.17928565e+02  8.26e-01   1.54e+02     3.05e-05   1664.398s
4270000 +3.17104693e+02 +3.17930712e+02  8.26e-01   1.54e+02     3.03e-05   1664.786s
4271000 +3.17106254e+02 +3.17933206e+02  8.27e-01   1.54e+02     3.02e-05   1665.175s
4272000 +3.17107284e+02 +3.17934640e+02  8.27e-01   1.54e+02     3.03e-05   1665.563s
4273000 +3.17108622e+02 +3.17935893e+02  8.27e-01   1.54e+02     2.89e-05   1665.951s
4274000 +3.17110537e+02 +3.17937526e+02  8.27e-01   1.54e+02     2.70e-05   1666.340s
4275000 +3.17112208e+02 +3.17937512e+02  8.25e-01   1.54e+02     2.61e-05   1666.728s
4276000 +3.17113453e+02 +3.17939558e+02  8.26e-01   1.54e+02     2.48e-05   1667.116s
4277000 +3.17114434e+02 +3.17941554e+02  8.27e-01   1.54e+02     2.41e-05   1667.505s
4278000 +3.17115268e+02 +3.17943656e+02  8.28e-01   1.54e+02     2.33e-05   1667.893s
4279000 +3.17116595e+02 +3.17946509e+02  8.30e-01   1.54e+02     2.17e-05   1668.282s
4280000 +3.17117424e+02 +3.17949275e+02  8.32e-01   1.53e+02     2.16e-05   1668.670s
4281000 +3.17118078e+02 +3.17950389e+02  8.32e-01   1.53e+02     2.20e-05   1669.059s
4282000 +3.17118521e+02 +3.17951725e+02  8.33e-01   1.53e+02     2.22e-05   1669.447s
4283000 +3.17119145e+02 +3.17952536e+02  8.33e-01   1.53e+02     2.31e-05   1669.835s
4284000 +3.17119947e+02 +3.17953231e+02  8.33e-01   1.53e+02     2.33e-05   1670.224s
4285000 +3.17121190e+02 +3.17955566e+02  8.34e-01   1.53e+02     2.36e-05   1670.612s
4286000 +3.17122261e+02 +3.17957685e+02  8.35e-01   1.53e+02     2.50e-05   1671.001s
4287000 +3.17122537e+02 +3.17959706e+02  8.37e-01   1.53e+02     2.56e-05   1671.389s
4288000 +3.17123125e+02 +3.17961555e+02  8.38e-01   1.53e+02     2.60e-05   1671.777s
4289000 +3.17123707e+02 +3.17963442e+02  8.40e-01   1.53e+02     2.58e-05   1672.166s
4290000 +3.17124269e+02 +3.17965814e+02  8.42e-01   1.53e+02     2.54e-05   1672.554s
4291000 +3.17125333e+02 +3.17966903e+02  8.42e-01   1.53e+02     2.51e-05   1672.943s
4292000 +3.17126728e+02 +3.17968394e+02  8.42e-01   1.53e+02     2.49e-05   1673.331s
4293000 +3.17127699e+02 +3.17970316e+02  8.43e-01   1.52e+02     2.47e-05   1673.719s
4294000 +3.17128740e+02 +3.17972151e+02  8.43e-01   1.52e+02     2.58e-05   1674.108s
4295000 +3.17128849e+02 +3.17973872e+02  8.45e-01   1.52e+02     2.70e-05   1674.496s
4296000 +3.17129627e+02 +3.17975378e+02  8.46e-01   1.52e+02     2.71e-05   1674.885s
4297000 +3.17130447e+02 +3.17977649e+02  8.47e-01   1.52e+02     2.73e-05   1675.273s
4298000 +3.17131100e+02 +3.17980256e+02  8.49e-01   1.52e+02     2.68e-05   1675.662s
4299000 +3.17131509e+02 +3.17982576e+02  8.51e-01   1.52e+02     2.36e-05   1676.050s
4300000 +3.17132596e+02 +3.17984670e+02  8.52e-01   1.52e+02     2.33e-05   1676.438s
4301000 +3.17132826e+02 +3.17986615e+02  8.54e-01   1.52e+02     2.28e-05   1676.827s
4302000 +3.17133270e+02 +3.17988676e+02  8.55e-01   1.52e+02     2.25e-05   1677.215s
4303000 +3.17134529e+02 +3.17991091e+02  8.57e-01   1.52e+02     2.33e-05   1677.603s
4304000 +3.17135276e+02 +3.17993516e+02  8.58e-01   1.52e+02     2.34e-05   1677.991s
4305000 +3.17136301e+02 +3.17995022e+02  8.59e-01   1.52e+02     2.35e-05   1678.379s
4306000 +3.17137628e+02 +3.17996917e+02  8.59e-01   1.52e+02     2.31e-05   1678.768s
4307000 +3.17139266e+02 +3.17998698e+02  8.59e-01   1.52e+02     2.44e-05   1679.157s
4308000 +3.17140924e+02 +3.17999514e+02  8.59e-01   1.52e+02     2.49e-05   1679.545s
4309000 +3.17142193e+02 +3.18001147e+02  8.59e-01   1.52e+02     2.60e-05   1679.933s
4310000 +3.17143317e+02 +3.18003508e+02  8.60e-01   1.52e+02     2.59e-05   1680.321s
4311000 +3.17144798e+02 +3.18005900e+02  8.61e-01   1.51e+02     2.79e-05   1680.710s
4312000 +3.17145795e+02 +3.18008522e+02  8.63e-01   1.51e+02     2.86e-05   1681.098s
4313000 +3.17147098e+02 +3.18009543e+02  8.62e-01   1.51e+02     2.83e-05   1681.486s
4314000 +3.17148008e+02 +3.18012084e+02  8.64e-01   1.51e+02     2.61e-05   1681.875s
4315000 +3.17149144e+02 +3.18013989e+02  8.65e-01   1.51e+02     2.52e-05   1682.264s
4316000 +3.17150208e+02 +3.18015834e+02  8.66e-01   1.51e+02     2.32e-05   1682.652s
4317000 +3.17151421e+02 +3.18017955e+02  8.67e-01   1.51e+02     2.29e-05   1683.040s
4318000 +3.17153096e+02 +3.18019196e+02  8.66e-01   1.51e+02     2.23e-05   1683.429s
4319000 +3.17154078e+02 +3.18020299e+02  8.66e-01   1.50e+02     2.25e-05   1683.817s
4320000 +3.17154713e+02 +3.18020631e+02  8.66e-01   1.50e+02     2.28e-05   1684.205s
4321000 +3.17155770e+02 +3.18020678e+02  8.65e-01   1.50e+02     2.25e-05   1684.593s
4322000 +3.17157040e+02 +3.18020904e+02  8.64e-01   1.50e+02     2.26e-05   1684.981s
4323000 +3.17158523e+02 +3.18021531e+02  8.63e-01   1.50e+02     2.26e-05   1685.370s
4324000 +3.17159604e+02 +3.18022849e+02  8.63e-01   1.50e+02     2.23e-05   1685.758s
4325000 +3.17160901e+02 +3.18023268e+02  8.62e-01   1.50e+02     2.25e-05   1686.146s
4326000 +3.17161683e+02 +3.18024403e+02  8.63e-01   1.49e+02     2.32e-05   1686.535s
4327000 +3.17163378e+02 +3.18024964e+02  8.62e-01   1.49e+02     2.41e-05   1686.923s
4328000 +3.17165122e+02 +3.18025554e+02  8.60e-01   1.49e+02     2.48e-05   1687.311s
4329000 +3.17166202e+02 +3.18025808e+02  8.60e-01   1.49e+02     2.62e-05   1687.700s
4330000 +3.17167885e+02 +3.18025521e+02  8.58e-01   1.49e+02     2.65e-05   1688.088s
4331000 +3.17169262e+02 +3.18026198e+02  8.57e-01   1.49e+02     2.64e-05   1688.476s
4332000 +3.17170371e+02 +3.18026692e+02  8.56e-01   1.49e+02     2.64e-05   1688.864s
4333000 +3.17171745e+02 +3.18027024e+02  8.55e-01   1.48e+02     2.63e-05   1689.253s
4334000 +3.17172858e+02 +3.18028554e+02  8.56e-01   1.48e+02     2.50e-05   1689.641s
4335000 +3.17174082e+02 +3.18030048e+02  8.56e-01   1.48e+02     2.34e-05   1690.030s
4336000 +3.17175418e+02 +3.18031086e+02  8.56e-01   1.48e+02     2.25e-05   1690.419s
4337000 +3.17176818e+02 +3.18032198e+02  8.55e-01   1.48e+02     2.29e-05   1690.807s
4338000 +3.17177675e+02 +3.18032874e+02  8.55e-01   1.48e+02     2.48e-05   1691.196s
4339000 +3.17179768e+02 +3.18034703e+02  8.55e-01   1.48e+02     2.55e-05   1691.584s
4340000 +3.17181709e+02 +3.18036123e+02  8.54e-01   1.48e+02     2.70e-05   1691.973s
4341000 +3.17183703e+02 +3.18037109e+02  8.53e-01   1.47e+02     2.80e-05   1692.361s
4342000 +3.17185372e+02 +3.18038508e+02  8.53e-01   1.47e+02     2.72e-05   1692.749s
4343000 +3.17186995e+02 +3.18039511e+02  8.53e-01   1.47e+02     2.73e-05   1693.137s
4344000 +3.17188426e+02 +3.18040268e+02  8.52e-01   1.47e+02     2.81e-05   1693.526s
4345000 +3.17189643e+02 +3.18041876e+02  8.52e-01   1.47e+02     2.92e-05   1693.914s
4346000 +3.17191080e+02 +3.18043342e+02  8.52e-01   1.47e+02     2.90e-05   1694.303s
4347000 +3.17192991e+02 +3.18044933e+02  8.52e-01   1.46e+02     2.78e-05   1694.691s
4348000 +3.17194065e+02 +3.18045514e+02  8.51e-01   1.46e+02     2.77e-05   1695.079s
4349000 +3.17196007e+02 +3.18046348e+02  8.50e-01   1.46e+02     2.73e-05   1695.468s
4350000 +3.17197297e+02 +3.18047009e+02  8.50e-01   1.46e+02     2.62e-05   1695.856s
4351000 +3.17199372e+02 +3.18047733e+02  8.48e-01   1.46e+02     2.57e-05   1696.244s
4352000 +3.17200826e+02 +3.18048685e+02  8.48e-01   1.46e+02     2.59e-05   1696.632s
4353000 +3.17202644e+02 +3.18049784e+02  8.47e-01   1.45e+02     2.61e-05   1697.021s
4354000 +3.17204116e+02 +3.18052169e+02  8.48e-01   1.45e+02     2.53e-05   1697.410s
4355000 +3.17205540e+02 +3.18053907e+02  8.48e-01   1.45e+02     2.53e-05   1697.799s
4356000 +3.17207287e+02 +3.18055187e+02  8.48e-01   1.45e+02     2.48e-05   1698.188s
4357000 +3.17209616e+02 +3.18056751e+02  8.47e-01   1.45e+02     2.43e-05   1698.576s
4358000 +3.17210924e+02 +3.18058368e+02  8.47e-01   1.45e+02     2.34e-05   1698.964s
4359000 +3.17211890e+02 +3.18059942e+02  8.48e-01   1.45e+02     2.28e-05   1699.353s
4360000 +3.17213395e+02 +3.18060919e+02  8.48e-01   1.45e+02     2.22e-05   1699.742s
4361000 +3.17214691e+02 +3.18062351e+02  8.48e-01   1.45e+02     2.18e-05   1700.130s
4362000 +3.17215837e+02 +3.18063420e+02  8.48e-01   1.45e+02     2.33e-05   1700.519s
4363000 +3.17217744e+02 +3.18065464e+02  8.48e-01   1.45e+02     2.34e-05   1700.907s
4364000 +3.17218593e+02 +3.18067942e+02  8.49e-01   1.44e+02     2.31e-05   1701.296s
4365000 +3.17219284e+02 +3.18069331e+02  8.50e-01   1.44e+02     2.43e-05   1701.684s
4366000 +3.17220172e+02 +3.18071713e+02  8.52e-01   1.44e+02     2.35e-05   1702.072s
4367000 +3.17220352e+02 +3.18074708e+02  8.54e-01   1.44e+02     2.36e-05   1702.461s
4368000 +3.17221029e+02 +3.18076796e+02  8.56e-01   1.44e+02     2.37e-05   1702.850s
4369000 +3.17222061e+02 +3.18079211e+02  8.57e-01   1.44e+02     2.32e-05   1703.240s
4370000 +3.17222635e+02 +3.18081154e+02  8.59e-01   1.44e+02     2.38e-05   1703.628s
4371000 +3.17223334e+02 +3.18083135e+02  8.60e-01   1.44e+02     2.38e-05   1704.016s
4372000 +3.17224094e+02 +3.18086018e+02  8.62e-01   1.44e+02     2.38e-05   1704.406s
4373000 +3.17224962e+02 +3.18088580e+02  8.64e-01   1.44e+02     2.44e-05   1704.794s
4374000 +3.17225746e+02 +3.18091396e+02  8.66e-01   1.44e+02     2.38e-05   1705.183s
4375000 +3.17226786e+02 +3.18094521e+02  8.68e-01   1.44e+02     2.40e-05   1705.571s
4376000 +3.17227444e+02 +3.18097882e+02  8.70e-01   1.44e+02     2.43e-05   1705.959s
4377000 +3.17228180e+02 +3.18100414e+02  8.72e-01   1.44e+02     2.47e-05   1706.347s
4378000 +3.17228896e+02 +3.18102779e+02  8.74e-01   1.44e+02     2.64e-05   1706.736s
4379000 +3.17229353e+02 +3.18105672e+02  8.76e-01   1.44e+02     2.67e-05   1707.125s
4380000 +3.17230047e+02 +3.18108905e+02  8.79e-01   1.44e+02     2.59e-05   1707.513s
4381000 +3.17230905e+02 +3.18112211e+02  8.81e-01   1.44e+02     2.51e-05   1707.902s
4382000 +3.17231600e+02 +3.18115243e+02  8.84e-01   1.43e+02     2.47e-05   1708.290s
4383000 +3.17232450e+02 +3.18117665e+02  8.85e-01   1.43e+02     2.44e-05   1708.678s
4384000 +3.17233389e+02 +3.18120133e+02  8.87e-01   1.43e+02     2.38e-05   1709.067s
4385000 +3.17234206e+02 +3.18121693e+02  8.87e-01   1.43e+02     2.38e-05   1709.455s
4386000 +3.17234838e+02 +3.18123368e+02  8.89e-01   1.43e+02     2.41e-05   1709.844s
4387000 +3.17235600e+02 +3.18125623e+02  8.90e-01   1.43e+02     2.37e-05   1710.232s
4388000 +3.17237061e+02 +3.18128667e+02  8.92e-01   1.43e+02     2.44e-05   1710.620s
4389000 +3.17238412e+02 +3.18130537e+02  8.92e-01   1.43e+02     2.49e-05   1711.009s
4390000 +3.17239242e+02 +3.18131808e+02  8.93e-01   1.43e+02     2.51e-05   1711.397s
4391000 +3.17240506e+02 +3.18132542e+02  8.92e-01   1.43e+02     2.42e-05   1711.786s
4392000 +3.17241636e+02 +3.18132808e+02  8.91e-01   1.43e+02     2.35e-05   1712.175s
4393000 +3.17242553e+02 +3.18133655e+02  8.91e-01   1.43e+02     2.41e-05   1712.563s
4394000 +3.17243001e+02 +3.18134679e+02  8.92e-01   1.43e+02     2.37e-05   1712.951s
4395000 +3.17244603e+02 +3.18135336e+02  8.91e-01   1.42e+02     2.39e-05   1713.340s
4396000 +3.17245122e+02 +3.18135981e+02  8.91e-01   1.42e+02     2.42e-05   1713.729s
4397000 +3.17245959e+02 +3.18137928e+02  8.92e-01   1.42e+02     2.42e-05   1714.117s
4398000 +3.17247648e+02 +3.18139708e+02  8.92e-01   1.42e+02     2.42e-05   1714.506s
4399000 +3.17248384e+02 +3.18142851e+02  8.94e-01   1.42e+02     2.45e-05   1714.894s
4400000 +3.17249333e+02 +3.18144663e+02  8.95e-01   1.42e+02     2.41e-05   1715.283s
4401000 +3.17249916e+02 +3.18145978e+02  8.96e-01   1.42e+02     2.38e-05   1715.671s
4402000 +3.17250424e+02 +3.18147720e+02  8.97e-01   1.42e+02     2.34e-05   1716.060s
4403000 +3.17251178e+02 +3.18148469e+02  8.97e-01   1.42e+02     2.31e-05   1716.449s
4404000 +3.17252886e+02 +3.18150079e+02  8.97e-01   1.42e+02     2.31e-05   1716.837s
4405000 +3.17254151e+02 +3.18151713e+02  8.98e-01   1.42e+02     2.26e-05   1717.226s
4406000 +3.17255293e+02 +3.18152974e+02  8.98e-01   1.42e+02     2.25e-05   1717.614s
4407000 +3.17256289e+02 +3.18154695e+02  8.98e-01   1.42e+02     2.21e-05   1718.003s
4408000 +3.17257478e+02 +3.18156150e+02  8.99e-01   1.42e+02     2.24e-05   1718.392s
4409000 +3.17258674e+02 +3.18157532e+02  8.99e-01   1.42e+02     2.25e-05   1718.780s
4410000 +3.17259591e+02 +3.18159005e+02  8.99e-01   1.42e+02     2.26e-05   1719.169s
4411000 +3.17260620e+02 +3.18160155e+02  9.00e-01   1.42e+02     2.27e-05   1719.557s
4412000 +3.17261528e+02 +3.18161454e+02  9.00e-01   1.42e+02     2.21e-05   1719.945s
4413000 +3.17262423e+02 +3.18162740e+02  9.00e-01   1.42e+02     2.22e-05   1720.334s
4414000 +3.17263325e+02 +3.18164259e+02  9.01e-01   1.42e+02     2.20e-05   1720.722s
4415000 +3.17264103e+02 +3.18164855e+02  9.01e-01   1.42e+02     2.21e-05   1721.111s
4416000 +3.17264648e+02 +3.18165396e+02  9.01e-01   1.41e+02     2.26e-05   1721.499s
4417000 +3.17265452e+02 +3.18166687e+02  9.01e-01   1.41e+02     2.29e-05   1721.888s
4418000 +3.17265763e+02 +3.18167785e+02  9.02e-01   1.41e+02     2.27e-05   1722.276s
4419000 +3.17266842e+02 +3.18169995e+02  9.03e-01   1.41e+02     2.22e-05   1722.664s
4420000 +3.17267656e+02 +3.18170935e+02  9.03e-01   1.41e+02     2.15e-05   1723.053s
4421000 +3.17268392e+02 +3.18172670e+02  9.04e-01   1.41e+02     2.18e-05   1723.441s
4422000 +3.17269391e+02 +3.18174258e+02  9.05e-01   1.41e+02     2.19e-05   1723.830s
4423000 +3.17270002e+02 +3.18176447e+02  9.06e-01   1.41e+02     2.17e-05   1724.218s
4424000 +3.17270697e+02 +3.18177491e+02  9.07e-01   1.41e+02     2.19e-05   1724.607s
4425000 +3.17271400e+02 +3.18179394e+02  9.08e-01   1.41e+02     2.18e-05   1724.996s
4426000 +3.17272457e+02 +3.18181272e+02  9.09e-01   1.41e+02     2.18e-05   1725.384s
4427000 +3.17273069e+02 +3.18183248e+02  9.10e-01   1.41e+02     2.16e-05   1725.772s
4428000 +3.17274323e+02 +3.18184541e+02  9.10e-01   1.41e+02     2.17e-05   1726.161s
4429000 +3.17275104e+02 +3.18186299e+02  9.11e-01   1.41e+02     2.16e-05   1726.549s
4430000 +3.17276030e+02 +3.18187880e+02  9.12e-01   1.41e+02     2.18e-05   1726.938s
4431000 +3.17276715e+02 +3.18189072e+02  9.12e-01   1.40e+02     2.21e-05   1727.327s
4432000 +3.17277586e+02 +3.18190693e+02  9.13e-01   1.40e+02     2.25e-05   1727.715s
4433000 +3.17278881e+02 +3.18192055e+02  9.13e-01   1.40e+02     2.26e-05   1728.103s
4434000 +3.17280300e+02 +3.18193424e+02  9.13e-01   1.40e+02     2.33e-05   1728.492s
4435000 +3.17282355e+02 +3.18194362e+02  9.12e-01   1.40e+02     2.43e-05   1728.881s
4436000 +3.17283452e+02 +3.18196092e+02  9.13e-01   1.40e+02     2.48e-05   1729.269s
4437000 +3.17285566e+02 +3.18197384e+02  9.12e-01   1.40e+02     2.49e-05   1729.658s
4438000 +3.17287185e+02 +3.18197965e+02  9.11e-01   1.40e+02     2.41e-05   1730.046s
4439000 +3.17288642e+02 +3.18200018e+02  9.11e-01   1.39e+02     2.39e-05   1730.434s
4440000 +3.17290251e+02 +3.18200293e+02  9.10e-01   1.39e+02     2.41e-05   1730.823s
4441000 +3.17291656e+02 +3.18201015e+02  9.09e-01   1.39e+02     2.37e-05   1731.211s
4442000 +3.17292860e+02 +3.18202663e+02  9.10e-01   1.39e+02     2.38e-05   1731.599s
4443000 +3.17294503e+02 +3.18203681e+02  9.09e-01   1.39e+02     2.48e-05   1731.988s
4444000 +3.17296046e+02 +3.18205728e+02  9.10e-01   1.39e+02     2.59e-05   1732.376s
4445000 +3.17297543e+02 +3.18207557e+02  9.10e-01   1.39e+02     2.59e-05   1732.765s
4446000 +3.17299175e+02 +3.18207872e+02  9.09e-01   1.39e+02     2.57e-05   1733.153s
4447000 +3.17300437e+02 +3.18208194e+02  9.08e-01   1.39e+02     2.57e-05   1733.541s
4448000 +3.17301500e+02 +3.18209303e+02  9.08e-01   1.39e+02     2.51e-05   1733.930s
4449000 +3.17302933e+02 +3.18211238e+02  9.08e-01   1.39e+02     2.54e-05   1734.318s
4450000 +3.17303963e+02 +3.18213894e+02  9.10e-01   1.39e+02     2.49e-05   1734.707s
4451000 +3.17304957e+02 +3.18215507e+02  9.11e-01   1.39e+02     2.41e-05   1735.096s
4452000 +3.17306600e+02 +3.18217274e+02  9.11e-01   1.39e+02     2.37e-05   1735.484s
4453000 +3.17307672e+02 +3.18218624e+02  9.11e-01   1.38e+02     2.44e-05   1735.872s
4454000 +3.17308241e+02 +3.18220113e+02  9.12e-01   1.38e+02     2.43e-05   1736.261s
4455000 +3.17309271e+02 +3.18221352e+02  9.12e-01   1.38e+02     2.34e-05   1736.650s
4456000 +3.17310125e+02 +3.18222966e+02  9.13e-01   1.38e+02     2.47e-05   1737.038s
4457000 +3.17311349e+02 +3.18224170e+02  9.13e-01   1.38e+02     2.50e-05   1737.427s
4458000 +3.17312467e+02 +3.18226055e+02  9.14e-01   1.38e+02     2.39e-05   1737.815s
4459000 +3.17313568e+02 +3.18227749e+02  9.14e-01   1.38e+02     2.31e-05   1738.204s
4460000 +3.17314739e+02 +3.18229408e+02  9.15e-01   1.38e+02     2.28e-05   1738.592s
4461000 +3.17316088e+02 +3.18231053e+02  9.15e-01   1.38e+02     2.34e-05   1738.981s
4462000 +3.17317139e+02 +3.18232298e+02  9.15e-01   1.38e+02     2.46e-05   1739.369s
4463000 +3.17318304e+02 +3.18233129e+02  9.15e-01   1.38e+02     2.47e-05   1739.758s
4464000 +3.17319167e+02 +3.18235217e+02  9.16e-01   1.38e+02     2.51e-05   1740.146s
4465000 +3.17320171e+02 +3.18237047e+02  9.17e-01   1.37e+02     2.53e-05   1740.535s
4466000 +3.17320949e+02 +3.18239279e+02  9.18e-01   1.37e+02     2.34e-05   1740.923s
4467000 +3.17321801e+02 +3.18241706e+02  9.20e-01   1.37e+02     2.30e-05   1741.311s
4468000 +3.17322521e+02 +3.18243325e+02  9.21e-01   1.37e+02     2.31e-05   1741.700s
4469000 +3.17323739e+02 +3.18244706e+02  9.21e-01   1.37e+02     2.30e-05   1742.089s
4470000 +3.17324682e+02 +3.18245322e+02  9.21e-01   1.37e+02     2.36e-05   1742.477s
4471000 +3.17325308e+02 +3.18246383e+02  9.21e-01   1.37e+02     2.40e-05   1742.866s
4472000 +3.17326366e+02 +3.18248114e+02  9.22e-01   1.37e+02     2.43e-05   1743.254s
4473000 +3.17327750e+02 +3.18249329e+02  9.22e-01   1.37e+02     2.44e-05   1743.643s
4474000 +3.17328446e+02 +3.18251021e+02  9.23e-01   1.37e+02     2.41e-05   1744.031s
4475000 +3.17328829e+02 +3.18253166e+02  9.24e-01   1.37e+02     2.42e-05   1744.420s
4476000 +3.17329423e+02 +3.18255256e+02  9.26e-01   1.37e+02     2.45e-05   1744.808s
4477000 +3.17330174e+02 +3.18257892e+02  9.28e-01   1.37e+02     2.47e-05   1745.197s
4478000 +3.17331212e+02 +3.18259959e+02  9.29e-01   1.37e+02     2.50e-05   1745.585s
4479000 +3.17332165e+02 +3.18261762e+02  9.30e-01   1.37e+02     2.52e-05   1745.973s
4480000 +3.17333391e+02 +3.18263284e+02  9.30e-01   1.37e+02     2.54e-05   1746.362s
4481000 +3.17334312e+02 +3.18264609e+02  9.30e-01   1.37e+02     2.47e-05   1746.750s
4482000 +3.17335745e+02 +3.18265818e+02  9.30e-01   1.37e+02     2.48e-05   1747.138s
4483000 +3.17337082e+02 +3.18268241e+02  9.31e-01   1.37e+02     2.50e-05   1747.527s
4484000 +3.17338495e+02 +3.18270043e+02  9.32e-01   1.36e+02     2.51e-05   1747.915s
4485000 +3.17339837e+02 +3.18273140e+02  9.33e-01   1.36e+02     2.58e-05   1748.304s
4486000 +3.17340700e+02 +3.18276063e+02  9.35e-01   1.36e+02     2.56e-05   1748.693s
4487000 +3.17342032e+02 +3.18278449e+02  9.36e-01   1.36e+02     2.51e-05   1749.081s
4488000 +3.17342949e+02 +3.18281208e+02  9.38e-01   1.36e+02     2.47e-05   1749.469s
4489000 +3.17343975e+02 +3.18283180e+02  9.39e-01   1.36e+02     2.37e-05   1749.858s
4490000 +3.17345394e+02 +3.18284788e+02  9.39e-01   1.36e+02     2.30e-05   1750.247s
4491000 +3.17346197e+02 +3.18286202e+02  9.40e-01   1.36e+02     2.33e-05   1750.635s
4492000 +3.17347206e+02 +3.18287507e+02  9.40e-01   1.36e+02     2.39e-05   1751.023s
4493000 +3.17348263e+02 +3.18289121e+02  9.41e-01   1.36e+02     2.37e-05   1751.412s
4494000 +3.17349149e+02 +3.18291295e+02  9.42e-01   1.36e+02     2.39e-05   1751.801s
4495000 +3.17350912e+02 +3.18293043e+02  9.42e-01   1.36e+02     2.32e-05   1752.189s
4496000 +3.17352174e+02 +3.18294736e+02  9.43e-01   1.36e+02     2.26e-05   1752.577s
4497000 +3.17353105e+02 +3.18296791e+02  9.44e-01   1.36e+02     2.26e-05   1752.965s
4498000 +3.17353928e+02 +3.18298334e+02  9.44e-01   1.35e+02     2.31e-05   1753.354s
4499000 +3.17354755e+02 +3.18300190e+02  9.45e-01   1.35e+02     2.36e-05   1753.742s
4500000 +3.17355445e+02 +3.18301649e+02  9.46e-01   1.35e+02     2.43e-05   1754.130s
4501000 +3.17355882e+02 +3.18303375e+02  9.47e-01   1.35e+02     2.48e-05   1754.519s
4502000 +3.17357026e+02 +3.18304179e+02  9.47e-01   1.35e+02     2.51e-05   1754.907s
4503000 +3.17357948e+02 +3.18304945e+02  9.47e-01   1.35e+02     2.57e-05   1755.296s
4504000 +3.17359204e+02 +3.18306789e+02  9.48e-01   1.35e+02     2.58e-05   1755.684s
4505000 +3.17360063e+02 +3.18308478e+02  9.48e-01   1.35e+02     2.61e-05   1756.073s
4506000 +3.17361388e+02 +3.18309803e+02  9.48e-01   1.35e+02     2.61e-05   1756.461s
4507000 +3.17361845e+02 +3.18311823e+02  9.50e-01   1.35e+02     2.67e-05   1756.850s
4508000 +3.17362475e+02 +3.18313148e+02  9.51e-01   1.35e+02     2.65e-05   1757.238s
4509000 +3.17362680e+02 +3.18313941e+02  9.51e-01   1.35e+02     2.68e-05   1757.627s
4510000 +3.17363192e+02 +3.18315229e+02  9.52e-01   1.35e+02     2.69e-05   1758.016s
4511000 +3.17364092e+02 +3.18316218e+02  9.52e-01   1.35e+02     2.73e-05   1758.405s
4512000 +3.17364737e+02 +3.18317940e+02  9.53e-01   1.35e+02     2.73e-05   1758.794s
4513000 +3.17365822e+02 +3.18319084e+02  9.53e-01   1.35e+02     2.76e-05   1759.184s
4514000 +3.17366255e+02 +3.18320480e+02  9.54e-01   1.35e+02     2.84e-05   1759.572s
4515000 +3.17367466e+02 +3.18322447e+02  9.55e-01   1.35e+02     2.96e-05   1759.961s
4516000 +3.17368143e+02 +3.18324056e+02  9.56e-01   1.35e+02     3.07e-05   1760.349s
4517000 +3.17369064e+02 +3.18325086e+02  9.56e-01   1.35e+02     3.07e-05   1760.738s
4518000 +3.17369454e+02 +3.18326273e+02  9.57e-01   1.35e+02     3.14e-05   1761.126s
4519000 +3.17370430e+02 +3.18327847e+02  9.57e-01   1.34e+02     3.15e-05   1761.515s
4520000 +3.17371482e+02 +3.18329286e+02  9.58e-01   1.34e+02     3.18e-05   1761.903s
4521000 +3.17371998e+02 +3.18331090e+02  9.59e-01   1.34e+02     3.15e-05   1762.292s
4522000 +3.17372742e+02 +3.18332742e+02  9.60e-01   1.34e+02     3.04e-05   1762.681s
4523000 +3.17373708e+02 +3.18334536e+02  9.61e-01   1.34e+02     2.97e-05   1763.069s
4524000 +3.17374519e+02 +3.18335838e+02  9.61e-01   1.34e+02     2.96e-05   1763.457s
4525000 +3.17375827e+02 +3.18337092e+02  9.61e-01   1.34e+02     3.01e-05   1763.846s
4526000 +3.17376639e+02 +3.18338548e+02  9.62e-01   1.34e+02     2.94e-05   1764.234s
4527000 +3.17377864e+02 +3.18340107e+02  9.62e-01   1.34e+02     2.81e-05   1764.622s
4528000 +3.17378633e+02 +3.18342113e+02  9.63e-01   1.34e+02     2.77e-05   1765.010s
4529000 +3.17379673e+02 +3.18343485e+02  9.64e-01   1.34e+02     2.72e-05   1765.399s
4530000 +3.17380656e+02 +3.18345571e+02  9.65e-01   1.34e+02     2.59e-05   1765.788s
4531000 +3.17381586e+02 +3.18348152e+02  9.67e-01   1.34e+02     2.44e-05   1766.176s
4532000 +3.17382517e+02 +3.18350018e+02  9.68e-01   1.34e+02     2.41e-05   1766.565s
4533000 +3.17383469e+02 +3.18351334e+02  9.68e-01   1.34e+02     2.48e-05   1766.953s
4534000 +3.17384576e+02 +3.18353011e+02  9.68e-01   1.34e+02     2.48e-05   1767.341s
4535000 +3.17386248e+02 +3.18354254e+02  9.68e-01   1.33e+02     2.44e-05   1767.730s
4536000 +3.17387731e+02 +3.18355653e+02  9.68e-01   1.33e+02     2.45e-05   1768.118s
4537000 +3.17388820e+02 +3.18357150e+02  9.68e-01   1.33e+02     2.45e-05   1768.506s
4538000 +3.17390063e+02 +3.18358564e+02  9.69e-01   1.33e+02     2.38e-05   1768.895s
4539000 +3.17391769e+02 +3.18359975e+02  9.68e-01   1.33e+02     2.29e-05   1769.284s
4540000 +3.17393164e+02 +3.18361245e+02  9.68e-01   1.33e+02     2.32e-05   1769.672s
4541000 +3.17394582e+02 +3.18362446e+02  9.68e-01   1.32e+02     2.35e-05   1770.061s
4542000 +3.17395393e+02 +3.18363437e+02  9.68e-01   1.32e+02     2.36e-05   1770.449s
4543000 +3.17397094e+02 +3.18364592e+02  9.67e-01   1.32e+02     2.31e-05   1770.838s
4544000 +3.17398603e+02 +3.18365107e+02  9.67e-01   1.32e+02     2.34e-05   1771.226s
4545000 +3.17400238e+02 +3.18365776e+02  9.66e-01   1.32e+02     2.38e-05   1771.615s
4546000 +3.17401814e+02 +3.18366619e+02  9.65e-01   1.32e+02     2.39e-05   1772.003s
4547000 +3.17403883e+02 +3.18367264e+02  9.63e-01   1.32e+02     2.38e-05   1772.391s
4548000 +3.17405591e+02 +3.18368916e+02  9.63e-01   1.32e+02     2.41e-05   1772.780s
4549000 +3.17406533e+02 +3.18370201e+02  9.64e-01   1.32e+02     2.39e-05   1773.168s
4550000 +3.17408032e+02 +3.18371326e+02  9.63e-01   1.31e+02     2.37e-05   1773.557s
4551000 +3.17409130e+02 +3.18372577e+02  9.63e-01   1.31e+02     2.31e-05   1773.946s
4552000 +3.17410435e+02 +3.18373205e+02  9.63e-01   1.31e+02     2.26e-05   1774.334s
4553000 +3.17412021e+02 +3.18373893e+02  9.62e-01   1.31e+02     2.22e-05   1774.722s
4554000 +3.17413145e+02 +3.18375753e+02  9.63e-01   1.31e+02     2.17e-05   1775.111s
4555000 +3.17414402e+02 +3.18377752e+02  9.63e-01   1.31e+02     2.15e-05   1775.499s
4556000 +3.17415274e+02 +3.18380057e+02  9.65e-01   1.31e+02     2.15e-05   1775.888s
4557000 +3.17416559e+02 +3.18381487e+02  9.65e-01   1.31e+02     2.14e-05   1776.277s
4558000 +3.17417403e+02 +3.18383059e+02  9.66e-01   1.31e+02     2.10e-05   1776.665s
4559000 +3.17417819e+02 +3.18384641e+02  9.67e-01   1.31e+02     2.10e-05   1777.054s
4560000 +3.17418573e+02 +3.18386294e+02  9.68e-01   1.31e+02     2.14e-05   1777.442s
4561000 +3.17418950e+02 +3.18387940e+02  9.69e-01   1.31e+02     2.16e-05   1777.830s
4562000 +3.17419633e+02 +3.18389336e+02  9.70e-01   1.31e+02     2.14e-05   1778.219s
4563000 +3.17420188e+02 +3.18391294e+02  9.71e-01   1.30e+02     2.08e-05   1778.607s
4564000 +3.17420985e+02 +3.18392148e+02  9.71e-01   1.30e+02     2.09e-05   1778.995s
4565000 +3.17421485e+02 +3.18393580e+02  9.72e-01   1.30e+02     2.11e-05   1779.383s
4566000 +3.17422604e+02 +3.18394858e+02  9.72e-01   1.30e+02     2.14e-05   1779.771s
4567000 +3.17423573e+02 +3.18396960e+02  9.73e-01   1.30e+02     2.16e-05   1780.160s
4568000 +3.17424484e+02 +3.18398278e+02  9.74e-01   1.30e+02     2.16e-05   1780.549s
4569000 +3.17425028e+02 +3.18399213e+02  9.74e-01   1.30e+02     2.19e-05   1780.937s
4570000 +3.17425632e+02 +3.18400349e+02  9.75e-01   1.30e+02     2.26e-05   1781.326s
4571000 +3.17426140e+02 +3.18402509e+02  9.76e-01   1.30e+02     2.27e-05   1781.714s
4572000 +3.17427279e+02 +3.18404110e+02  9.77e-01   1.30e+02     2.32e-05   1782.102s
4573000 +3.17428076e+02 +3.18405480e+02  9.77e-01   1.30e+02     2.43e-05   1782.491s
4574000 +3.17428524e+02 +3.18407470e+02  9.79e-01   1.30e+02     2.51e-05   1782.879s
4575000 +3.17429285e+02 +3.18408519e+02  9.79e-01   1.30e+02     2.56e-05   1783.268s
4576000 +3.17429640e+02 +3.18409630e+02  9.80e-01   1.30e+02     2.59e-05   1783.657s
4577000 +3.17430115e+02 +3.18410445e+02  9.80e-01   1.30e+02     2.61e-05   1784.045s
4578000 +3.17430739e+02 +3.18411765e+02  9.81e-01   1.30e+02     2.61e-05   1784.434s
4579000 +3.17431484e+02 +3.18412815e+02  9.81e-01   1.30e+02     2.45e-05   1784.822s
4580000 +3.17432174e+02 +3.18413670e+02  9.81e-01   1.30e+02     2.41e-05   1785.211s
4581000 +3.17432825e+02 +3.18414623e+02  9.82e-01   1.30e+02     2.36e-05   1785.599s
4582000 +3.17433388e+02 +3.18415877e+02  9.82e-01   1.30e+02     2.38e-05   1785.988s
4583000 +3.17434232e+02 +3.18417931e+02  9.84e-01   1.30e+02     2.42e-05   1786.376s
4584000 +3.17434607e+02 +3.18419852e+02  9.85e-01   1.30e+02     2.41e-05   1786.764s
4585000 +3.17435172e+02 +3.18421843e+02  9.87e-01   1.30e+02     2.38e-05   1787.153s
4586000 +3.17435407e+02 +3.18424134e+02  9.89e-01   1.30e+02     2.33e-05   1787.541s
4587000 +3.17435816e+02 +3.18427003e+02  9.91e-01   1.30e+02     2.29e-05   1787.930s
4588000 +3.17436068e+02 +3.18429223e+02  9.93e-01   1.30e+02     2.22e-05   1788.319s
4589000 +3.17436219e+02 +3.18430878e+02  9.95e-01   1.30e+02     2.16e-05   1788.707s
4590000 +3.17436593e+02 +3.18432261e+02  9.96e-01   1.30e+02     2.13e-05   1789.096s
4591000 +3.17436726e+02 +3.18433684e+02  9.97e-01   1.30e+02     2.15e-05   1789.485s
4592000 +3.17437048e+02 +3.18434929e+02  9.98e-01   1.30e+02     2.16e-05   1789.873s
4593000 +3.17438042e+02 +3.18436632e+02  9.99e-01   1.30e+02     2.21e-05   1790.262s
4594000 +3.17438487e+02 +3.18437992e+02  1.00e+00   1.30e+02     2.22e-05   1790.650s
4595000 +3.17439373e+02 +3.18439467e+02  1.00e+00   1.30e+02     2.16e-05   1791.038s
4596000 +3.17439646e+02 +3.18441000e+02  1.00e+00   1.30e+02     2.13e-05   1791.427s
4597000 +3.17440389e+02 +3.18443170e+02  1.00e+00   1.30e+02     2.13e-05   1791.816s
4598000 +3.17440723e+02 +3.18445120e+02  1.00e+00   1.30e+02     2.13e-05   1792.204s
4599000 +3.17441375e+02 +3.18446309e+02  1.00e+00   1.30e+02     2.10e-05   1792.593s
4600000 +3.17441736e+02 +3.18447556e+02  1.01e+00   1.30e+02     2.07e-05   1792.981s
4601000 +3.17442389e+02 +3.18449339e+02  1.01e+00   1.30e+02     2.06e-05   1793.370s
4602000 +3.17443108e+02 +3.18451076e+02  1.01e+00   1.29e+02     2.08e-05   1793.759s
4603000 +3.17443559e+02 +3.18452562e+02  1.01e+00   1.29e+02     2.07e-05   1794.147s
4604000 +3.17444165e+02 +3.18454248e+02  1.01e+00   1.29e+02     2.07e-05   1794.536s
4605000 +3.17444670e+02 +3.18455975e+02  1.01e+00   1.29e+02     2.08e-05   1794.925s
4606000 +3.17445217e+02 +3.18457506e+02  1.01e+00   1.29e+02     2.09e-05   1795.313s
4607000 +3.17445848e+02 +3.18458884e+02  1.01e+00   1.29e+02     2.10e-05   1795.702s
4608000 +3.17446843e+02 +3.18460555e+02  1.01e+00   1.29e+02     2.07e-05   1796.090s
4609000 +3.17447972e+02 +3.18461631e+02  1.01e+00   1.29e+02     2.11e-05   1796.479s
4610000 +3.17448982e+02 +3.18462531e+02  1.01e+00   1.29e+02     2.10e-05   1796.867s
4611000 +3.17450054e+02 +3.18463909e+02  1.01e+00   1.29e+02     2.08e-05   1797.256s
4612000 +3.17451018e+02 +3.18464601e+02  1.01e+00   1.29e+02     2.06e-05   1797.644s
4613000 +3.17451349e+02 +3.18465735e+02  1.01e+00   1.29e+02     2.05e-05   1798.033s
4614000 +3.17451711e+02 +3.18467905e+02  1.02e+00   1.29e+02     2.05e-05   1798.421s
4615000 +3.17452589e+02 +3.18469440e+02  1.02e+00   1.29e+02     2.02e-05   1798.810s
4616000 +3.17453039e+02 +3.18471658e+02  1.02e+00   1.29e+02     2.03e-05   1799.198s
4617000 +3.17453624e+02 +3.18473381e+02  1.02e+00   1.29e+02     2.05e-05   1799.587s
4618000 +3.17454323e+02 +3.18475018e+02  1.02e+00   1.29e+02     2.05e-05   1799.975s
4619000 +3.17455346e+02 +3.18476801e+02  1.02e+00   1.29e+02     2.05e-05   1800.364s
4620000 +3.17455820e+02 +3.18477560e+02  1.02e+00   1.29e+02     2.05e-05   1800.752s
4621000 +3.17456553e+02 +3.18479155e+02  1.02e+00   1.29e+02     2.04e-05   1801.140s
4622000 +3.17457082e+02 +3.18480914e+02  1.02e+00   1.29e+02     2.01e-05   1801.529s
4623000 +3.17457657e+02 +3.18481944e+02  1.02e+00   1.29e+02     2.01e-05   1801.917s
4624000 +3.17458023e+02 +3.18482771e+02  1.02e+00   1.29e+02     2.03e-05   1802.306s
4625000 +3.17458567e+02 +3.18484462e+02  1.03e+00   1.29e+02     2.02e-05   1802.694s
4626000 +3.17459139e+02 +3.18486008e+02  1.03e+00   1.29e+02     2.01e-05   1803.082s
4627000 +3.17459654e+02 +3.18486819e+02  1.03e+00   1.28e+02     2.04e-05   1803.471s
4628000 +3.17460123e+02 +3.18487558e+02  1.03e+00   1.28e+02     2.07e-05   1803.859s
4629000 +3.17460552e+02 +3.18488074e+02  1.03e+00   1.28e+02     2.08e-05   1804.248s
4630000 +3.17460966e+02 +3.18489438e+02  1.03e+00   1.28e+02     2.07e-05   1804.637s
4631000 +3.17461479e+02 +3.18490486e+02  1.03e+00   1.28e+02     2.08e-05   1805.025s
4632000 +3.17461785e+02 +3.18492504e+02  1.03e+00   1.28e+02     2.13e-05   1805.413s
4633000 +3.17462192e+02 +3.18493874e+02  1.03e+00   1.28e+02     2.13e-05   1805.802s
4634000 +3.17462908e+02 +3.18495335e+02  1.03e+00   1.28e+02     2.16e-05   1806.190s
4635000 +3.17464228e+02 +3.18496582e+02  1.03e+00   1.28e+02     2.15e-05   1806.579s
4636000 +3.17464913e+02 +3.18497530e+02  1.03e+00   1.28e+02     2.11e-05   1806.967s
4637000 +3.17465997e+02 +3.18498459e+02  1.03e+00   1.28e+02     2.09e-05   1807.356s
4638000 +3.17466592e+02 +3.18499810e+02  1.03e+00   1.28e+02     2.07e-05   1807.744s
4639000 +3.17467300e+02 +3.18501006e+02  1.03e+00   1.28e+02     2.04e-05   1808.132s
4640000 +3.17467900e+02 +3.18501989e+02  1.03e+00   1.28e+02     2.01e-05   1808.522s
4641000 +3.17468691e+02 +3.18503225e+02  1.03e+00   1.28e+02     2.03e-05   1808.910s
4642000 +3.17469494e+02 +3.18504353e+02  1.03e+00   1.28e+02     2.05e-05   1809.299s
4643000 +3.17470430e+02 +3.18506035e+02  1.04e+00   1.28e+02     2.03e-05   1809.687s
4644000 +3.17471111e+02 +3.18507477e+02  1.04e+00   1.28e+02     2.05e-05   1810.076s
4645000 +3.17471998e+02 +3.18508597e+02  1.04e+00   1.28e+02     2.10e-05   1810.464s
4646000 +3.17472458e+02 +3.18510387e+02  1.04e+00   1.28e+02     2.15e-05   1810.853s
4647000 +3.17473070e+02 +3.18512288e+02  1.04e+00   1.28e+02     2.20e-05   1811.241s
4648000 +3.17473964e+02 +3.18514319e+02  1.04e+00   1.28e+02     2.25e-05   1811.629s
4649000 +3.17474595e+02 +3.18516262e+02  1.04e+00   1.28e+02     2.30e-05   1812.018s
4650000 +3.17475463e+02 +3.18517998e+02  1.04e+00   1.28e+02     2.34e-05   1812.407s
4651000 +3.17476111e+02 +3.18519336e+02  1.04e+00   1.28e+02     2.36e-05   1812.795s
4652000 +3.17476885e+02 +3.18520690e+02  1.04e+00   1.28e+02     2.37e-05   1813.183s
4653000 +3.17477832e+02 +3.18522414e+02  1.04e+00   1.28e+02     2.38e-05   1813.572s
4654000 +3.17478015e+02 +3.18523944e+02  1.05e+00   1.28e+02     2.34e-05   1813.960s
4655000 +3.17478745e+02 +3.18526148e+02  1.05e+00   1.28e+02     2.32e-05   1814.349s
4656000 +3.17479289e+02 +3.18527957e+02  1.05e+00   1.28e+02     2.21e-05   1814.737s
4657000 +3.17479888e+02 +3.18529089e+02  1.05e+00   1.28e+02     2.13e-05   1815.126s
4658000 +3.17480392e+02 +3.18529639e+02  1.05e+00   1.28e+02     2.08e-05   1815.514s
4659000 +3.17480558e+02 +3.18531074e+02  1.05e+00   1.28e+02     2.06e-05   1815.903s
4660000 +3.17481367e+02 +3.18533215e+02  1.05e+00   1.28e+02     2.08e-05   1816.291s
4661000 +3.17481644e+02 +3.18535167e+02  1.05e+00   1.28e+02     2.10e-05   1816.679s
4662000 +3.17482592e+02 +3.18536685e+02  1.05e+00   1.28e+02     2.10e-05   1817.068s
4663000 +3.17483580e+02 +3.18538416e+02  1.05e+00   1.28e+02     2.10e-05   1817.456s
4664000 +3.17483330e+02 +3.18539400e+02  1.06e+00   1.28e+02     2.12e-05   1817.845s
4665000 +3.17484397e+02 +3.18541401e+02  1.06e+00   1.27e+02     2.11e-05   1818.233s
4666000 +3.17484888e+02 +3.18543717e+02  1.06e+00   1.27e+02     2.12e-05   1818.622s
4667000 +3.17486114e+02 +3.18545443e+02  1.06e+00   1.27e+02     2.09e-05   1819.010s
4668000 +3.17487315e+02 +3.18547995e+02  1.06e+00   1.27e+02     2.17e-05   1819.398s
4669000 +3.17488310e+02 +3.18548853e+02  1.06e+00   1.27e+02     2.22e-05   1819.787s
4670000 +3.17488760e+02 +3.18550217e+02  1.06e+00   1.27e+02     2.25e-05   1820.175s
4671000 +3.17490012e+02 +3.18551392e+02  1.06e+00   1.27e+02     2.23e-05   1820.564s
4672000 +3.17490891e+02 +3.18552356e+02  1.06e+00   1.27e+02     2.27e-05   1820.953s
4673000 +3.17491452e+02 +3.18554067e+02  1.06e+00   1.27e+02     2.30e-05   1821.343s
4674000 +3.17491924e+02 +3.18555678e+02  1.06e+00   1.27e+02     2.25e-05   1821.731s
4675000 +3.17492520e+02 +3.18556244e+02  1.06e+00   1.27e+02     2.22e-05   1822.119s
4676000 +3.17493509e+02 +3.18556002e+02  1.06e+00   1.27e+02     2.20e-05   1822.508s
4677000 +3.17494225e+02 +3.18556180e+02  1.06e+00   1.27e+02     2.20e-05   1822.896s
4678000 +3.17494894e+02 +3.18556756e+02  1.06e+00   1.27e+02     2.15e-05   1823.284s
4679000 +3.17495538e+02 +3.18557546e+02  1.06e+00   1.27e+02     2.11e-05   1823.673s
4680000 +3.17496480e+02 +3.18557735e+02  1.06e+00   1.27e+02     2.12e-05   1824.062s
4681000 +3.17496972e+02 +3.18557935e+02  1.06e+00   1.27e+02     2.11e-05   1824.450s
4682000 +3.17497765e+02 +3.18558274e+02  1.06e+00   1.27e+02     2.07e-05   1824.839s
4683000 +3.17498688e+02 +3.18558416e+02  1.06e+00   1.27e+02     2.06e-05   1825.227s
4684000 +3.17498847e+02 +3.18558658e+02  1.06e+00   1.27e+02     2.06e-05   1825.616s
4685000 +3.17499542e+02 +3.18559173e+02  1.06e+00   1.27e+02     2.05e-05   1826.004s
4686000 +3.17500042e+02 +3.18559311e+02  1.06e+00   1.27e+02     2.07e-05   1826.393s
4687000 +3.17501208e+02 +3.18559303e+02  1.06e+00   1.27e+02     2.11e-05   1826.781s
4688000 +3.17502126e+02 +3.18559754e+02  1.06e+00   1.27e+02     2.11e-05   1827.170s
4689000 +3.17503313e+02 +3.18560784e+02  1.06e+00   1.27e+02     2.12e-05   1827.558s
4690000 +3.17504755e+02 +3.18561181e+02  1.06e+00   1.27e+02     2.14e-05   1827.947s
4691000 +3.17505850e+02 +3.18561081e+02  1.06e+00   1.27e+02     2.16e-05   1828.336s
4692000 +3.17507389e+02 +3.18561447e+02  1.05e+00   1.26e+02     2.18e-05   1828.724s
4693000 +3.17508729e+02 +3.18560983e+02  1.05e+00   1.26e+02     2.24e-05   1829.112s
4694000 +3.17509619e+02 +3.18561934e+02  1.05e+00   1.26e+02     2.26e-05   1829.501s
4695000 +3.17510850e+02 +3.18562518e+02  1.05e+00   1.26e+02     2.33e-05   1829.889s
4696000 +3.17511316e+02 +3.18563020e+02  1.05e+00   1.26e+02     2.39e-05   1830.277s
4697000 +3.17512232e+02 +3.18563275e+02  1.05e+00   1.26e+02     2.40e-05   1830.666s
4698000 +3.17513688e+02 +3.18563538e+02  1.05e+00   1.26e+02     2.38e-05   1831.054s
4699000 +3.17514619e+02 +3.18563763e+02  1.05e+00   1.26e+02     2.33e-05   1831.443s
4700000 +3.17515600e+02 +3.18563388e+02  1.05e+00   1.26e+02     2.33e-05   1831.831s
4701000 +3.17517041e+02 +3.18563944e+02  1.05e+00   1.26e+02     2.34e-05   1832.219s
4702000 +3.17518487e+02 +3.18564334e+02  1.05e+00   1.26e+02     2.35e-05   1832.608s
4703000 +3.17519465e+02 +3.18565098e+02  1.05e+00   1.26e+02     2.37e-05   1832.997s
4704000 +3.17520439e+02 +3.18565863e+02  1.05e+00   1.26e+02     2.32e-05   1833.385s
4705000 +3.17521518e+02 +3.18566184e+02  1.04e+00   1.26e+02     2.31e-05   1833.775s
4706000 +3.17522784e+02 +3.18567420e+02  1.04e+00   1.26e+02     2.29e-05   1834.163s
4707000 +3.17524121e+02 +3.18567602e+02  1.04e+00   1.26e+02     2.31e-05   1834.552s
4708000 +3.17525712e+02 +3.18568157e+02  1.04e+00   1.26e+02     2.33e-05   1834.940s
4709000 +3.17526741e+02 +3.18568980e+02  1.04e+00   1.26e+02     2.30e-05   1835.329s
4710000 +3.17527639e+02 +3.18570217e+02  1.04e+00   1.26e+02     2.26e-05   1835.717s
4711000 +3.17528753e+02 +3.18572339e+02  1.04e+00   1.25e+02     2.27e-05   1836.105s
4712000 +3.17530091e+02 +3.18572973e+02  1.04e+00   1.25e+02     2.28e-05   1836.494s
4713000 +3.17531871e+02 +3.18574738e+02  1.04e+00   1.25e+02     2.25e-05   1836.882s
4714000 +3.17533540e+02 +3.18575519e+02  1.04e+00   1.25e+02     2.18e-05   1837.271s
4715000 +3.17535463e+02 +3.18576673e+02  1.04e+00   1.25e+02     2.13e-05   1837.659s
4716000 +3.17537340e+02 +3.18578355e+02  1.04e+00   1.25e+02     2.12e-05   1838.048s
4717000 +3.17538916e+02 +3.18579445e+02  1.04e+00   1.25e+02     2.09e-05   1838.436s
4718000 +3.17540789e+02 +3.18580657e+02  1.04e+00   1.25e+02     2.09e-05   1838.825s
4719000 +3.17542480e+02 +3.18581733e+02  1.04e+00   1.25e+02     2.11e-05   1839.213s
4720000 +3.17544191e+02 +3.18582590e+02  1.04e+00   1.25e+02     2.11e-05   1839.602s
4721000 +3.17546171e+02 +3.18583083e+02  1.04e+00   1.25e+02     2.10e-05   1839.990s
4722000 +3.17548009e+02 +3.18584533e+02  1.04e+00   1.24e+02     2.09e-05   1840.378s
4723000 +3.17549565e+02 +3.18586026e+02  1.04e+00   1.24e+02     2.10e-05   1840.767s
4724000 +3.17550896e+02 +3.18587042e+02  1.04e+00   1.24e+02     2.09e-05   1841.155s
4725000 +3.17552124e+02 +3.18588155e+02  1.04e+00   1.24e+02     2.11e-05   1841.544s
4726000 +3.17553814e+02 +3.18590040e+02  1.04e+00   1.24e+02     2.14e-05   1841.932s
4727000 +3.17555041e+02 +3.18591510e+02  1.04e+00   1.24e+02     2.16e-05   1842.320s
4728000 +3.17556735e+02 +3.18592480e+02  1.04e+00   1.24e+02     2.14e-05   1842.709s
4729000 +3.17557887e+02 +3.18592994e+02  1.04e+00   1.24e+02     2.19e-05   1843.097s
4730000 +3.17559226e+02 +3.18594062e+02  1.03e+00   1.24e+02     2.23e-05   1843.485s
4731000 +3.17560816e+02 +3.18594869e+02  1.03e+00   1.24e+02     2.26e-05   1843.873s
4732000 +3.17562118e+02 +3.18595737e+02  1.03e+00   1.24e+02     2.30e-05   1844.262s
4733000 +3.17563074e+02 +3.18596949e+02  1.03e+00   1.24e+02     2.33e-05   1844.651s
4734000 +3.17563625e+02 +3.18598117e+02  1.03e+00   1.24e+02     2.32e-05   1845.039s
4735000 +3.17564793e+02 +3.18600147e+02  1.04e+00   1.24e+02     2.28e-05   1845.428s
4736000 +3.17565752e+02 +3.18602090e+02  1.04e+00   1.24e+02     2.24e-05   1845.816s
4737000 +3.17566266e+02 +3.18604277e+02  1.04e+00   1.24e+02     2.21e-05   1846.205s
4738000 +3.17567274e+02 +3.18605687e+02  1.04e+00   1.24e+02     2.22e-05   1846.593s
4739000 +3.17567760e+02 +3.18607067e+02  1.04e+00   1.24e+02     2.19e-05   1846.982s
4740000 +3.17568378e+02 +3.18607955e+02  1.04e+00   1.24e+02     2.16e-05   1847.370s
4741000 +3.17569296e+02 +3.18609239e+02  1.04e+00   1.24e+02     2.15e-05   1847.759s
4742000 +3.17570155e+02 +3.18611152e+02  1.04e+00   1.23e+02     2.14e-05   1848.147s
4743000 +3.17571056e+02 +3.18613494e+02  1.04e+00   1.23e+02     2.15e-05   1848.536s
4744000 +3.17571651e+02 +3.18615793e+02  1.04e+00   1.23e+02     2.16e-05   1848.924s
4745000 +3.17572280e+02 +3.18617483e+02  1.05e+00   1.23e+02     2.15e-05   1849.313s
4746000 +3.17573123e+02 +3.18619431e+02  1.05e+00   1.23e+02     2.18e-05   1849.701s
4747000 +3.17573866e+02 +3.18621416e+02  1.05e+00   1.23e+02     2.15e-05   1850.089s
4748000 +3.17575010e+02 +3.18623123e+02  1.05e+00   1.23e+02     2.14e-05   1850.478s
4749000 +3.17575823e+02 +3.18624303e+02  1.05e+00   1.23e+02     2.11e-05   1850.866s
4750000 +3.17576530e+02 +3.18625567e+02  1.05e+00   1.23e+02     2.14e-05   1851.255s
4751000 +3.17577279e+02 +3.18626685e+02  1.05e+00   1.23e+02     2.17e-05   1851.643s
4752000 +3.17578150e+02 +3.18628260e+02  1.05e+00   1.23e+02     2.18e-05   1852.032s
4753000 +3.17579652e+02 +3.18629649e+02  1.05e+00   1.23e+02     2.20e-05   1852.420s
4754000 +3.17580391e+02 +3.18630489e+02  1.05e+00   1.23e+02     2.21e-05   1852.809s
4755000 +3.17581131e+02 +3.18631219e+02  1.05e+00   1.23e+02     2.22e-05   1853.198s
4756000 +3.17581978e+02 +3.18632397e+02  1.05e+00   1.23e+02     2.23e-05   1853.586s
4757000 +3.17582842e+02 +3.18634389e+02  1.05e+00   1.23e+02     2.21e-05   1853.975s
4758000 +3.17583773e+02 +3.18635727e+02  1.05e+00   1.23e+02     2.24e-05   1854.363s
4759000 +3.17584541e+02 +3.18637465e+02  1.05e+00   1.22e+02     2.23e-05   1854.752s
4760000 +3.17585641e+02 +3.18638466e+02  1.05e+00   1.22e+02     2.21e-05   1855.141s
4761000 +3.17586690e+02 +3.18639199e+02  1.05e+00   1.22e+02     2.16e-05   1855.529s
4762000 +3.17588079e+02 +3.18640515e+02  1.05e+00   1.22e+02     2.13e-05   1855.918s
4763000 +3.17589044e+02 +3.18641988e+02  1.05e+00   1.22e+02     2.14e-05   1856.307s
4764000 +3.17590573e+02 +3.18643530e+02  1.05e+00   1.22e+02     2.14e-05   1856.695s
4765000 +3.17591648e+02 +3.18644276e+02  1.05e+00   1.22e+02     2.15e-05   1857.084s
4766000 +3.17592886e+02 +3.18645226e+02  1.05e+00   1.22e+02     2.13e-05   1857.472s
4767000 +3.17593933e+02 +3.18646526e+02  1.05e+00   1.22e+02     2.08e-05   1857.860s
4768000 +3.17595007e+02 +3.18647518e+02  1.05e+00   1.22e+02     2.09e-05   1858.249s
4769000 +3.17595939e+02 +3.18648076e+02  1.05e+00   1.22e+02     2.08e-05   1858.637s
4770000 +3.17596852e+02 +3.18648412e+02  1.05e+00   1.22e+02     2.05e-05   1859.025s
4771000 +3.17597992e+02 +3.18648518e+02  1.05e+00   1.22e+02     2.05e-05   1859.414s
4772000 +3.17599020e+02 +3.18649902e+02  1.05e+00   1.21e+02     2.09e-05   1859.803s
4773000 +3.17599891e+02 +3.18651086e+02  1.05e+00   1.21e+02     2.12e-05   1860.191s
4774000 +3.17600606e+02 +3.18652520e+02  1.05e+00   1.21e+02     2.09e-05   1860.579s
4775000 +3.17601719e+02 +3.18653248e+02  1.05e+00   1.21e+02     2.12e-05   1860.968s
4776000 +3.17603020e+02 +3.18654379e+02  1.05e+00   1.21e+02     2.16e-05   1861.356s
4777000 +3.17604077e+02 +3.18654409e+02  1.05e+00   1.21e+02     2.21e-05   1861.745s
4778000 +3.17605208e+02 +3.18655696e+02  1.05e+00   1.21e+02     2.24e-05   1862.133s
4779000 +3.17606005e+02 +3.18656990e+02  1.05e+00   1.21e+02     2.26e-05   1862.522s
4780000 +3.17606912e+02 +3.18658390e+02  1.05e+00   1.21e+02     2.22e-05   1862.910s
4781000 +3.17608000e+02 +3.18659569e+02  1.05e+00   1.21e+02     2.17e-05   1863.299s
4782000 +3.17609126e+02 +3.18660882e+02  1.05e+00   1.21e+02     2.19e-05   1863.687s
4783000 +3.17610068e+02 +3.18661740e+02  1.05e+00   1.21e+02     2.21e-05   1864.076s
4784000 +3.17611515e+02 +3.18662915e+02  1.05e+00   1.21e+02     2.20e-05   1864.464s
4785000 +3.17612697e+02 +3.18663576e+02  1.05e+00   1.21e+02     2.20e-05   1864.853s
4786000 +3.17614015e+02 +3.18664667e+02  1.05e+00   1.21e+02     2.16e-05   1865.242s
4787000 +3.17615410e+02 +3.18666167e+02  1.05e+00   1.21e+02     2.13e-05   1865.630s
4788000 +3.17616697e+02 +3.18667581e+02  1.05e+00   1.21e+02     2.10e-05   1866.019s
4789000 +3.17618004e+02 +3.18668751e+02  1.05e+00   1.21e+02     2.10e-05   1866.407s
4790000 +3.17618774e+02 +3.18669836e+02  1.05e+00   1.21e+02     2.12e-05   1866.796s
4791000 +3.17619811e+02 +3.18670405e+02  1.05e+00   1.20e+02     2.09e-05   1867.184s
4792000 +3.17620794e+02 +3.18670745e+02  1.05e+00   1.20e+02     2.09e-05   1867.572s
4793000 +3.17621791e+02 +3.18671353e+02  1.05e+00   1.20e+02     2.12e-05   1867.961s
4794000 +3.17622675e+02 +3.18672393e+02  1.05e+00   1.20e+02     2.18e-05   1868.349s
4795000 +3.17623830e+02 +3.18673922e+02  1.05e+00   1.20e+02     2.25e-05   1868.737s
4796000 +3.17624663e+02 +3.18675051e+02  1.05e+00   1.20e+02     2.34e-05   1869.126s
4797000 +3.17625771e+02 +3.18676181e+02  1.05e+00   1.20e+02     2.34e-05   1869.514s
4798000 +3.17626745e+02 +3.18677268e+02  1.05e+00   1.20e+02     2.39e-05   1869.903s
4799000 +3.17627773e+02 +3.18678536e+02  1.05e+00   1.20e+02     2.39e-05   1870.291s
4800000 +3.17629050e+02 +3.18678910e+02  1.05e+00   1.20e+02     2.34e-05   1870.680s
4801000 +3.17630050e+02 +3.18679432e+02  1.05e+00   1.20e+02     2.27e-05   1871.069s
4802000 +3.17631005e+02 +3.18680568e+02  1.05e+00   1.20e+02     2.20e-05   1871.457s
4803000 +3.17631982e+02 +3.18681910e+02  1.05e+00   1.20e+02     2.20e-05   1871.846s
4804000 +3.17633182e+02 +3.18682591e+02  1.05e+00   1.19e+02     2.20e-05   1872.234s
4805000 +3.17634495e+02 +3.18683730e+02  1.05e+00   1.19e+02     2.24e-05   1872.623s
4806000 +3.17635540e+02 +3.18684555e+02  1.05e+00   1.19e+02     2.29e-05   1873.011s
4807000 +3.17636937e+02 +3.18685458e+02  1.05e+00   1.19e+02     2.34e-05   1873.400s
4808000 +3.17638301e+02 +3.18685552e+02  1.05e+00   1.19e+02     2.37e-05   1873.789s
4809000 +3.17640209e+02 +3.18685307e+02  1.05e+00   1.19e+02     2.45e-05   1874.177s
4810000 +3.17641841e+02 +3.18685500e+02  1.04e+00   1.19e+02     2.53e-05   1874.565s
4811000 +3.17643816e+02 +3.18685307e+02  1.04e+00   1.19e+02     2.52e-05   1874.953s
4812000 +3.17645303e+02 +3.18685745e+02  1.04e+00   1.19e+02     2.52e-05   1875.342s
4813000 +3.17647114e+02 +3.18686979e+02  1.04e+00   1.19e+02     2.49e-05   1875.730s
4814000 +3.17648609e+02 +3.18688228e+02  1.04e+00   1.18e+02     2.49e-05   1876.118s
4815000 +3.17650521e+02 +3.18688994e+02  1.04e+00   1.18e+02     2.45e-05   1876.507s
4816000 +3.17651890e+02 +3.18689753e+02  1.04e+00   1.18e+02     2.40e-05   1876.895s
4817000 +3.17653597e+02 +3.18690934e+02  1.04e+00   1.18e+02     2.41e-05   1877.284s
4818000 +3.17655349e+02 +3.18692231e+02  1.04e+00   1.18e+02     2.35e-05   1877.673s
4819000 +3.17657429e+02 +3.18693061e+02  1.04e+00   1.18e+02     2.24e-05   1878.061s
4820000 +3.17658883e+02 +3.18693506e+02  1.03e+00   1.18e+02     2.19e-05   1878.449s
4821000 +3.17660153e+02 +3.18694414e+02  1.03e+00   1.18e+02     2.14e-05   1878.838s
4822000 +3.17660983e+02 +3.18694352e+02  1.03e+00   1.18e+02     2.14e-05   1879.226s
4823000 +3.17662391e+02 +3.18695414e+02  1.03e+00   1.17e+02     2.16e-05   1879.615s
4824000 +3.17663789e+02 +3.18695764e+02  1.03e+00   1.17e+02     2.13e-05   1880.004s
4825000 +3.17665060e+02 +3.18696767e+02  1.03e+00   1.17e+02     2.07e-05   1880.392s
4826000 +3.17666105e+02 +3.18697540e+02  1.03e+00   1.17e+02     2.11e-05   1880.781s
4827000 +3.17666680e+02 +3.18697349e+02  1.03e+00   1.17e+02     2.18e-05   1881.170s
4828000 +3.17668039e+02 +3.18697791e+02  1.03e+00   1.17e+02     2.27e-05   1881.558s
4829000 +3.17669274e+02 +3.18697784e+02  1.03e+00   1.17e+02     2.29e-05   1881.947s
4830000 +3.17670615e+02 +3.18699295e+02  1.03e+00   1.17e+02     2.30e-05   1882.335s
4831000 +3.17672109e+02 +3.18699715e+02  1.03e+00   1.17e+02     2.32e-05   1882.724s
4832000 +3.17673330e+02 +3.18700818e+02  1.03e+00   1.17e+02     2.30e-05   1883.112s
4833000 +3.17673957e+02 +3.18701548e+02  1.03e+00   1.17e+02     2.28e-05   1883.501s
4834000 +3.17675232e+02 +3.18702538e+02  1.03e+00   1.17e+02     2.21e-05   1883.889s
4835000 +3.17677003e+02 +3.18703600e+02  1.03e+00   1.17e+02     2.12e-05   1884.278s
4836000 +3.17678019e+02 +3.18704280e+02  1.03e+00   1.17e+02     2.10e-05   1884.667s
4837000 +3.17679757e+02 +3.18704416e+02  1.02e+00   1.17e+02     2.10e-05   1885.055s
4838000 +3.17680803e+02 +3.18704357e+02  1.02e+00   1.17e+02     2.13e-05   1885.443s
4839000 +3.17682016e+02 +3.18705504e+02  1.02e+00   1.17e+02     2.14e-05   1885.832s
4840000 +3.17683443e+02 +3.18706211e+02  1.02e+00   1.16e+02     2.10e-05   1886.220s
4841000 +3.17685059e+02 +3.18707017e+02  1.02e+00   1.16e+02     2.11e-05   1886.609s
4842000 +3.17685911e+02 +3.18708677e+02  1.02e+00   1.16e+02     2.15e-05   1886.997s
4843000 +3.17686754e+02 +3.18710323e+02  1.02e+00   1.16e+02     2.16e-05   1887.386s
4844000 +3.17687566e+02 +3.18711359e+02  1.02e+00   1.16e+02     2.19e-05   1887.774s
4845000 +3.17688662e+02 +3.18712540e+02  1.02e+00   1.16e+02     2.19e-05   1888.163s
4846000 +3.17689496e+02 +3.18714626e+02  1.03e+00   1.16e+02     2.21e-05   1888.551s
4847000 +3.17690813e+02 +3.18716478e+02  1.03e+00   1.16e+02     2.22e-05   1888.940s
4848000 +3.17691929e+02 +3.18718338e+02  1.03e+00   1.16e+02     2.26e-05   1889.329s
4849000 +3.17692010e+02 +3.18719432e+02  1.03e+00   1.16e+02     2.27e-05   1889.717s
4850000 +3.17693244e+02 +3.18720134e+02  1.03e+00   1.16e+02     2.30e-05   1890.105s
4851000 +3.17694544e+02 +3.18721323e+02  1.03e+00   1.16e+02     2.36e-05   1890.494s
4852000 +3.17695532e+02 +3.18722682e+02  1.03e+00   1.16e+02     2.37e-05   1890.882s
4853000 +3.17696505e+02 +3.18722934e+02  1.03e+00   1.16e+02     2.36e-05   1891.271s
4854000 +3.17697679e+02 +3.18724372e+02  1.03e+00   1.16e+02     2.30e-05   1891.659s
4855000 +3.17698565e+02 +3.18725508e+02  1.03e+00   1.16e+02     2.26e-05   1892.048s
4856000 +3.17700155e+02 +3.18726515e+02  1.03e+00   1.16e+02     2.23e-05   1892.436s
4857000 +3.17701556e+02 +3.18727015e+02  1.03e+00   1.16e+02     2.22e-05   1892.825s
4858000 +3.17702370e+02 +3.18727927e+02  1.03e+00   1.16e+02     2.18e-05   1893.213s
4859000 +3.17703859e+02 +3.18728144e+02  1.02e+00   1.16e+02     2.16e-05   1893.601s
4860000 +3.17704748e+02 +3.18728730e+02  1.02e+00   1.16e+02     2.16e-05   1893.990s
4861000 +3.17706328e+02 +3.18730030e+02  1.02e+00   1.16e+02     2.15e-05   1894.378s
4862000 +3.17707171e+02 +3.18731566e+02  1.02e+00   1.16e+02     2.10e-05   1894.766s
4863000 +3.17708176e+02 +3.18732179e+02  1.02e+00   1.16e+02     2.11e-05   1895.155s
4864000 +3.17709329e+02 +3.18732529e+02  1.02e+00   1.16e+02     2.12e-05   1895.543s
4865000 +3.17710483e+02 +3.18733316e+02  1.02e+00   1.16e+02     2.09e-05   1895.932s
4866000 +3.17711904e+02 +3.18734924e+02  1.02e+00   1.15e+02     2.11e-05   1896.321s
4867000 +3.17713064e+02 +3.18735591e+02  1.02e+00   1.15e+02     2.09e-05   1896.709s
4868000 +3.17714503e+02 +3.18736367e+02  1.02e+00   1.15e+02     2.14e-05   1897.098s
4869000 +3.17715952e+02 +3.18736939e+02  1.02e+00   1.15e+02     2.21e-05   1897.486s
4870000 +3.17717134e+02 +3.18737568e+02  1.02e+00   1.15e+02     2.22e-05   1897.874s
4871000 +3.17718343e+02 +3.18737594e+02  1.02e+00   1.15e+02     2.22e-05   1898.263s
4872000 +3.17719969e+02 +3.18738398e+02  1.02e+00   1.15e+02     2.23e-05   1898.651s
4873000 +3.17721528e+02 +3.18739026e+02  1.02e+00   1.15e+02     2.24e-05   1899.040s
4874000 +3.17723107e+02 +3.18739487e+02  1.02e+00   1.15e+02     2.24e-05   1899.428s
4875000 +3.17724704e+02 +3.18739778e+02  1.02e+00   1.15e+02     2.19e-05   1899.817s
4876000 +3.17725806e+02 +3.18739453e+02  1.01e+00   1.15e+02     2.14e-05   1900.205s
4877000 +3.17726936e+02 +3.18739834e+02  1.01e+00   1.15e+02     2.11e-05   1900.593s
4878000 +3.17727835e+02 +3.18740530e+02  1.01e+00   1.15e+02     2.08e-05   1900.982s
4879000 +3.17729178e+02 +3.18740828e+02  1.01e+00   1.15e+02     2.10e-05   1901.370s
4880000 +3.17730055e+02 +3.18741184e+02  1.01e+00   1.15e+02     2.11e-05   1901.759s
4881000 +3.17731661e+02 +3.18741764e+02  1.01e+00   1.15e+02     2.09e-05   1902.147s
4882000 +3.17733358e+02 +3.18741503e+02  1.01e+00   1.15e+02     2.12e-05   1902.536s
4883000 +3.17734665e+02 +3.18742112e+02  1.01e+00   1.15e+02     2.10e-05   1902.925s
4884000 +3.17736058e+02 +3.18741994e+02  1.01e+00   1.15e+02     2.11e-05   1903.313s
4885000 +3.17737354e+02 +3.18742190e+02  1.00e+00   1.15e+02     2.18e-05   1903.702s
4886000 +3.17738978e+02 +3.18742244e+02  1.00e+00   1.15e+02     2.25e-05   1904.091s
4887000 +3.17740986e+02 +3.18742801e+02  1.00e+00   1.15e+02     2.27e-05   1904.479s
4888000 +3.17742690e+02 +3.18743316e+02  1.00e+00   1.15e+02     2.24e-05   1904.868s
4889000 +3.17744264e+02 +3.18744450e+02  1.00e+00   1.15e+02     2.20e-05   1905.256s
4890000 +3.17745869e+02 +3.18745174e+02  9.99e-01   1.14e+02     2.17e-05   1905.645s
4891000 +3.17747891e+02 +3.18745998e+02  9.98e-01   1.14e+02     2.20e-05   1906.034s
4892000 +3.17749699e+02 +3.18745569e+02  9.96e-01   1.14e+02     2.25e-05   1906.422s
4893000 +3.17751648e+02 +3.18746082e+02  9.94e-01   1.14e+02     2.27e-05   1906.811s
4894000 +3.17753785e+02 +3.18746408e+02  9.93e-01   1.14e+02     2.26e-05   1907.199s
4895000 +3.17755647e+02 +3.18748269e+02  9.93e-01   1.14e+02     2.21e-05   1907.588s
4896000 +3.17757026e+02 +3.18748491e+02  9.91e-01   1.14e+02     2.20e-05   1907.976s
4897000 +3.17758829e+02 +3.18748807e+02  9.90e-01   1.14e+02     2.18e-05   1908.365s
4898000 +3.17760392e+02 +3.18749415e+02  9.89e-01   1.14e+02     2.15e-05   1908.753s
4899000 +3.17761786e+02 +3.18750396e+02  9.89e-01   1.14e+02     2.12e-05   1909.142s
4900000 +3.17763798e+02 +3.18751495e+02  9.88e-01   1.14e+02     2.16e-05   1909.530s
4901000 +3.17765533e+02 +3.18752036e+02  9.87e-01   1.14e+02     2.15e-05   1909.918s
4902000 +3.17767193e+02 +3.18752988e+02  9.86e-01   1.14e+02     2.20e-05   1910.307s
4903000 +3.17768901e+02 +3.18752670e+02  9.84e-01   1.14e+02     2.21e-05   1910.695s
4904000 +3.17770381e+02 +3.18753370e+02  9.83e-01   1.14e+02     2.20e-05   1911.084s
4905000 +3.17772308e+02 +3.18753696e+02  9.81e-01   1.13e+02     2.19e-05   1911.472s
4906000 +3.17774164e+02 +3.18753375e+02  9.79e-01   1.13e+02     2.19e-05   1911.861s
4907000 +3.17775539e+02 +3.18753724e+02  9.78e-01   1.13e+02     2.20e-05   1912.250s
4908000 +3.17777795e+02 +3.18753808e+02  9.76e-01   1.13e+02     2.18e-05   1912.638s
4909000 +3.17779680e+02 +3.18754309e+02  9.75e-01   1.13e+02     2.19e-05   1913.027s
4910000 +3.17781486e+02 +3.18754704e+02  9.73e-01   1.13e+02     2.24e-05   1913.415s
4911000 +3.17783713e+02 +3.18754434e+02  9.71e-01   1.13e+02     2.21e-05   1913.803s
4912000 +3.17785509e+02 +3.18754937e+02  9.69e-01   1.13e+02     2.20e-05   1914.192s
4913000 +3.17787447e+02 +3.18754353e+02  9.67e-01   1.13e+02     2.23e-05   1914.580s
4914000 +3.17788856e+02 +3.18754392e+02  9.66e-01   1.13e+02     2.24e-05   1914.969s
4915000 +3.17790461e+02 +3.18754366e+02  9.64e-01   1.13e+02     2.31e-05   1915.357s
4916000 +3.17792280e+02 +3.18754639e+02  9.62e-01   1.13e+02     2.34e-05   1915.746s
4917000 +3.17794073e+02 +3.18755415e+02  9.61e-01   1.13e+02     2.31e-05   1916.135s
4918000 +3.17795641e+02 +3.18756148e+02  9.61e-01   1.13e+02     2.30e-05   1916.523s
4919000 +3.17797933e+02 +3.18756316e+02  9.58e-01   1.13e+02     2.34e-05   1916.911s
4920000 +3.17799479e+02 +3.18757061e+02  9.58e-01   1.13e+02     2.31e-05   1917.300s
4921000 +3.17801056e+02 +3.18757785e+02  9.57e-01   1.13e+02     2.25e-05   1917.688s
4922000 +3.17802606e+02 +3.18759078e+02  9.56e-01   1.13e+02     2.28e-05   1918.077s
4923000 +3.17803635e+02 +3.18759791e+02  9.56e-01   1.13e+02     2.27e-05   1918.465s
4924000 +3.17804831e+02 +3.18760499e+02  9.56e-01   1.13e+02     2.22e-05   1918.854s
4925000 +3.17806180e+02 +3.18760926e+02  9.55e-01   1.13e+02     2.21e-05   1919.243s
4926000 +3.17806904e+02 +3.18760972e+02  9.54e-01   1.13e+02     2.21e-05   1919.631s
4927000 +3.17808628e+02 +3.18761615e+02  9.53e-01   1.12e+02     2.23e-05   1920.019s
4928000 +3.17809685e+02 +3.18762442e+02  9.53e-01   1.12e+02     2.23e-05   1920.408s
4929000 +3.17810864e+02 +3.18762845e+02  9.52e-01   1.12e+02     2.24e-05   1920.797s
4930000 +3.17812553e+02 +3.18763216e+02  9.51e-01   1.12e+02     2.28e-05   1921.185s
4931000 +3.17814485e+02 +3.18763794e+02  9.49e-01   1.12e+02     2.28e-05   1921.574s
4932000 +3.17816503e+02 +3.18764685e+02  9.48e-01   1.12e+02     2.27e-05   1921.962s
4933000 +3.17819025e+02 +3.18765440e+02  9.46e-01   1.12e+02     2.32e-05   1922.351s
4934000 +3.17821501e+02 +3.18766589e+02  9.45e-01   1.12e+02     2.39e-05   1922.739s
4935000 +3.17823455e+02 +3.18767229e+02  9.44e-01   1.12e+02     2.43e-05   1923.128s
4936000 +3.17824994e+02 +3.18768693e+02  9.44e-01   1.12e+02     2.42e-05   1923.516s
4937000 +3.17827265e+02 +3.18769664e+02  9.42e-01   1.12e+02     2.38e-05   1923.905s
4938000 +3.17829531e+02 +3.18770328e+02  9.41e-01   1.12e+02     2.29e-05   1924.293s
4939000 +3.17830631e+02 +3.18771370e+02  9.41e-01   1.12e+02     2.26e-05   1924.682s
4940000 +3.17832774e+02 +3.18772201e+02  9.39e-01   1.12e+02     2.21e-05   1925.070s
4941000 +3.17834425e+02 +3.18773524e+02  9.39e-01   1.12e+02     2.20e-05   1925.458s
4942000 +3.17836603e+02 +3.18775066e+02  9.38e-01   1.12e+02     2.17e-05   1925.847s
4943000 +3.17838612e+02 +3.18775585e+02  9.37e-01   1.11e+02     2.15e-05   1926.235s
4944000 +3.17841156e+02 +3.18776004e+02  9.35e-01   1.11e+02     2.15e-05   1926.624s
4945000 +3.17842826e+02 +3.18776567e+02  9.34e-01   1.11e+02     2.14e-05   1927.012s
4946000 +3.17844833e+02 +3.18777021e+02  9.32e-01   1.11e+02     2.11e-05   1927.401s
4947000 +3.17846787e+02 +3.18777363e+02  9.31e-01   1.11e+02     2.11e-05   1927.789s
4948000 +3.17848566e+02 +3.18778380e+02  9.30e-01   1.11e+02     2.05e-05   1928.178s
4949000 +3.17849777e+02 +3.18779231e+02  9.29e-01   1.11e+02     2.04e-05   1928.566s
4950000 +3.17851488e+02 +3.18779906e+02  9.28e-01   1.11e+02     2.02e-05   1928.955s
4951000 +3.17852929e+02 +3.18780848e+02  9.28e-01   1.11e+02     2.01e-05   1929.343s
4952000 +3.17854773e+02 +3.18781233e+02  9.26e-01   1.11e+02     2.03e-05   1929.732s
4953000 +3.17856492e+02 +3.18781776e+02  9.25e-01   1.11e+02     2.05e-05   1930.120s
4954000 +3.17858656e+02 +3.18781652e+02  9.23e-01   1.11e+02     2.07e-05   1930.509s
4955000 +3.17860795e+02 +3.18782541e+02  9.22e-01   1.11e+02     2.05e-05   1930.897s
4956000 +3.17862638e+02 +3.18783115e+02  9.20e-01   1.11e+02     2.04e-05   1931.286s
4957000 +3.17864354e+02 +3.18783701e+02  9.19e-01   1.10e+02     2.05e-05   1931.674s
4958000 +3.17865666e+02 +3.18784362e+02  9.19e-01   1.10e+02     2.10e-05   1932.063s
4959000 +3.17867066e+02 +3.18784716e+02  9.18e-01   1.10e+02     2.14e-05   1932.452s
4960000 +3.17868611e+02 +3.18785566e+02  9.17e-01   1.10e+02     2.14e-05   1932.840s
4961000 +3.17869600e+02 +3.18786581e+02  9.17e-01   1.10e+02     2.16e-05   1933.229s
4962000 +3.17870733e+02 +3.18787378e+02  9.17e-01   1.10e+02     2.17e-05   1933.617s
4963000 +3.17871609e+02 +3.18788165e+02  9.17e-01   1.10e+02     2.24e-05   1934.006s
4964000 +3.17872506e+02 +3.18789569e+02  9.17e-01   1.10e+02     2.29e-05   1934.394s
4965000 +3.17873451e+02 +3.18790736e+02  9.17e-01   1.10e+02     2.32e-05   1934.783s
4966000 +3.17875276e+02 +3.18791536e+02  9.16e-01   1.10e+02     2.35e-05   1935.171s
4967000 +3.17877290e+02 +3.18792308e+02  9.15e-01   1.10e+02     2.26e-05   1935.560s
4968000 +3.17878730e+02 +3.18793117e+02  9.14e-01   1.10e+02     2.23e-05   1935.949s
4969000 +3.17880288e+02 +3.18793899e+02  9.14e-01   1.10e+02     2.20e-05   1936.337s
4970000 +3.17881841e+02 +3.18794413e+02  9.13e-01   1.10e+02     2.19e-05   1936.726s
4971000 +3.17882890e+02 +3.18794645e+02  9.12e-01   1.10e+02     2.24e-05   1937.114s
4972000 +3.17884645e+02 +3.18795112e+02  9.10e-01   1.10e+02     2.27e-05   1937.503s
4973000 +3.17886305e+02 +3.18795458e+02  9.09e-01   1.10e+02     2.25e-05   1937.892s
4974000 +3.17887499e+02 +3.18795859e+02  9.08e-01   1.10e+02     2.30e-05   1938.280s
4975000 +3.17889480e+02 +3.18796898e+02  9.07e-01   1.09e+02     2.31e-05   1938.669s
4976000 +3.17891095e+02 +3.18797675e+02  9.07e-01   1.09e+02     2.34e-05   1939.057s
4977000 +3.17892751e+02 +3.18798043e+02  9.05e-01   1.09e+02     2.32e-05   1939.446s
4978000 +3.17894195e+02 +3.18799346e+02  9.05e-01   1.09e+02     2.28e-05   1939.834s
4979000 +3.17896254e+02 +3.18800089e+02  9.04e-01   1.09e+02     2.27e-05   1940.223s
4980000 +3.17898599e+02 +3.18800704e+02  9.02e-01   1.09e+02     2.20e-05   1940.611s
4981000 +3.17900459e+02 +3.18801304e+02  9.01e-01   1.09e+02     2.14e-05   1941.000s
4982000 +3.17902344e+02 +3.18801992e+02  9.00e-01   1.09e+02     2.17e-05   1941.388s
4983000 +3.17903929e+02 +3.18802326e+02  8.98e-01   1.09e+02     2.14e-05   1941.777s
4984000 +3.17905749e+02 +3.18802730e+02  8.97e-01   1.09e+02     2.13e-05   1942.165s
4985000 +3.17906849e+02 +3.18803787e+02  8.97e-01   1.09e+02     2.17e-05   1942.554s
4986000 +3.17908254e+02 +3.18804750e+02  8.96e-01   1.09e+02     2.21e-05   1942.943s
4987000 +3.17909656e+02 +3.18805926e+02  8.96e-01   1.09e+02     2.20e-05   1943.331s
4988000 +3.17910713e+02 +3.18807130e+02  8.96e-01   1.09e+02     2.14e-05   1943.720s
4989000 +3.17911501e+02 +3.18808092e+02  8.97e-01   1.09e+02     2.09e-05   1944.108s
4990000 +3.17912134e+02 +3.18809037e+02  8.97e-01   1.08e+02     2.08e-05   1944.496s
4991000 +3.17913059e+02 +3.18809190e+02  8.96e-01   1.08e+02     2.08e-05   1944.887s
4992000 +3.17914191e+02 +3.18809819e+02  8.96e-01   1.08e+02     2.09e-05   1945.275s
4993000 +3.17914775e+02 +3.18810534e+02  8.96e-01   1.08e+02     2.06e-05   1945.664s
4994000 +3.17915718e+02 +3.18811472e+02  8.96e-01   1.08e+02     2.06e-05   1946.053s
4995000 +3.17916691e+02 +3.18811948e+02  8.95e-01   1.08e+02     2.09e-05   1946.442s
4996000 +3.17917796e+02 +3.18812889e+02  8.95e-01   1.08e+02     2.13e-05   1946.830s
4997000 +3.17919333e+02 +3.18813476e+02  8.94e-01   1.08e+02     2.14e-05   1947.219s
4998000 +3.17920624e+02 +3.18814643e+02  8.94e-01   1.08e+02     2.13e-05   1947.608s
4999000 +3.17921309e+02 +3.18815583e+02  8.94e-01   1.08e+02     2.10e-05   1947.998s
5000000 +3.17922405e+02 +3.18817245e+02  8.95e-01   1.08e+02     2.08e-05   1948.387s
5001000 +3.17923022e+02 +3.18818305e+02  8.95e-01   1.08e+02     2.07e-05   1948.775s
5002000 +3.17923793e+02 +3.18819504e+02  8.96e-01   1.08e+02     2.07e-05   1949.163s
5003000 +3.17924997e+02 +3.18820732e+02  8.96e-01   1.08e+02     2.07e-05   1949.552s
5004000 +3.17926314e+02 +3.18821550e+02  8.95e-01   1.08e+02     2.07e-05   1949.941s
5005000 +3.17927688e+02 +3.18822584e+02  8.95e-01   1.08e+02     2.09e-05   1950.329s
5006000 +3.17929610e+02 +3.18823380e+02  8.94e-01   1.07e+02     2.11e-05   1950.718s
5007000 +3.17931267e+02 +3.18825211e+02  8.94e-01   1.07e+02     2.15e-05   1951.106s
5008000 +3.17932907e+02 +3.18826003e+02  8.93e-01   1.07e+02     2.23e-05   1951.495s
5009000 +3.17934546e+02 +3.18827110e+02  8.93e-01   1.07e+02     2.22e-05   1951.883s
5010000 +3.17936024e+02 +3.18828087e+02  8.92e-01   1.07e+02     2.15e-05   1952.272s
5011000 +3.17937395e+02 +3.18828673e+02  8.91e-01   1.07e+02     2.14e-05   1952.660s
5012000 +3.17938673e+02 +3.18829307e+02  8.91e-01   1.07e+02     2.16e-05   1953.049s
5013000 +3.17940096e+02 +3.18830197e+02  8.90e-01   1.07e+02     2.15e-05   1953.437s
5014000 +3.17941375e+02 +3.18830846e+02  8.89e-01   1.07e+02     2.17e-05   1953.826s
5015000 +3.17943013e+02 +3.18831767e+02  8.89e-01   1.07e+02     2.16e-05   1954.214s
5016000 +3.17944253e+02 +3.18832178e+02  8.88e-01   1.07e+02     2.16e-05   1954.603s
5017000 +3.17945452e+02 +3.18832979e+02  8.88e-01   1.07e+02     2.12e-05   1954.992s
5018000 +3.17947196e+02 +3.18834232e+02  8.87e-01   1.07e+02     2.06e-05   1955.380s
5019000 +3.17948084e+02 +3.18835140e+02  8.87e-01   1.06e+02     2.08e-05   1955.769s
5020000 +3.17949540e+02 +3.18836221e+02  8.87e-01   1.06e+02     2.11e-05   1956.157s
5021000 +3.17950546e+02 +3.18836490e+02  8.86e-01   1.06e+02     2.12e-05   1956.546s
5022000 +3.17951734e+02 +3.18837057e+02  8.85e-01   1.06e+02     2.11e-05   1956.935s
5023000 +3.17953225e+02 +3.18838193e+02  8.85e-01   1.06e+02     2.07e-05   1957.323s
5024000 +3.17953908e+02 +3.18838547e+02  8.85e-01   1.06e+02     2.07e-05   1957.712s
5025000 +3.17954853e+02 +3.18839440e+02  8.85e-01   1.06e+02     2.08e-05   1958.100s
5026000 +3.17955895e+02 +3.18840143e+02  8.84e-01   1.06e+02     2.12e-05   1958.489s
5027000 +3.17957168e+02 +3.18841369e+02  8.84e-01   1.06e+02     2.16e-05   1958.877s
5028000 +3.17958496e+02 +3.18841773e+02  8.83e-01   1.06e+02     2.19e-05   1959.266s
5029000 +3.17960029e+02 +3.18842622e+02  8.83e-01   1.06e+02     2.25e-05   1959.654s
5030000 +3.17961550e+02 +3.18843760e+02  8.82e-01   1.06e+02     2.20e-05   1960.043s
5031000 +3.17962451e+02 +3.18844603e+02  8.82e-01   1.06e+02     2.12e-05   1960.431s
5032000 +3.17963447e+02 +3.18844925e+02  8.81e-01   1.05e+02     2.08e-05   1960.820s
5033000 +3.17964348e+02 +3.18845435e+02  8.81e-01   1.05e+02     2.07e-05   1961.208s
5034000 +3.17965618e+02 +3.18846165e+02  8.81e-01   1.05e+02     2.06e-05   1961.597s
5035000 +3.17966254e+02 +3.18846423e+02  8.80e-01   1.05e+02     2.06e-05   1961.985s
5036000 +3.17967429e+02 +3.18847318e+02  8.80e-01   1.05e+02     2.08e-05   1962.374s
5037000 +3.17968460e+02 +3.18848243e+02  8.80e-01   1.05e+02     2.09e-05   1962.762s
5038000 +3.17969783e+02 +3.18849954e+02  8.80e-01   1.05e+02     2.11e-05   1963.150s
5039000 +3.17970924e+02 +3.18850764e+02  8.80e-01   1.05e+02     2.14e-05   1963.539s
5040000 +3.17971913e+02 +3.18851746e+02  8.80e-01   1.05e+02     2.16e-05   1963.931s
5041000 +3.17973015e+02 +3.18852858e+02  8.80e-01   1.05e+02     2.15e-05   1964.319s
5042000 +3.17974711e+02 +3.18853656e+02  8.79e-01   1.05e+02     2.16e-05   1964.707s
5043000 +3.17976684e+02 +3.18854112e+02  8.77e-01   1.05e+02     2.12e-05   1965.096s
5044000 +3.17978960e+02 +3.18854545e+02  8.76e-01   1.05e+02     2.11e-05   1965.484s
5045000 +3.17980899e+02 +3.18855426e+02  8.75e-01   1.05e+02     2.11e-05   1965.873s
5046000 +3.17982322e+02 +3.18855356e+02  8.73e-01   1.05e+02     2.11e-05   1966.262s
5047000 +3.17983529e+02 +3.18855301e+02  8.72e-01   1.05e+02     2.12e-05   1966.650s
5048000 +3.17984497e+02 +3.18855712e+02  8.71e-01   1.05e+02     2.13e-05   1967.038s
5049000 +3.17985843e+02 +3.18857195e+02  8.71e-01   1.05e+02     2.15e-05   1967.427s
5050000 +3.17987109e+02 +3.18857471e+02  8.70e-01   1.05e+02     2.18e-05   1967.815s
5051000 +3.17988584e+02 +3.18858158e+02  8.70e-01   1.05e+02     2.20e-05   1968.204s
5052000 +3.17989867e+02 +3.18859232e+02  8.69e-01   1.05e+02     2.19e-05   1968.592s
5053000 +3.17991153e+02 +3.18859802e+02  8.69e-01   1.05e+02     2.16e-05   1968.981s
5054000 +3.17992658e+02 +3.18860945e+02  8.68e-01   1.05e+02     2.14e-05   1969.369s
5055000 +3.17993911e+02 +3.18862309e+02  8.68e-01   1.04e+02     2.12e-05   1969.758s
5056000 +3.17995194e+02 +3.18862608e+02  8.67e-01   1.04e+02     2.15e-05   1970.147s
5057000 +3.17996428e+02 +3.18862920e+02  8.66e-01   1.04e+02     2.12e-05   1970.535s
5058000 +3.17997954e+02 +3.18863377e+02  8.65e-01   1.04e+02     2.05e-05   1970.924s
5059000 +3.17999572e+02 +3.18864147e+02  8.65e-01   1.04e+02     2.04e-05   1971.313s
5060000 +3.18001278e+02 +3.18864502e+02  8.63e-01   1.04e+02     2.02e-05   1971.701s
5061000 +3.18002815e+02 +3.18864867e+02  8.62e-01   1.04e+02     2.03e-05   1972.090s
5062000 +3.18004094e+02 +3.18865006e+02  8.61e-01   1.04e+02     2.04e-05   1972.478s
5063000 +3.18005260e+02 +3.18865979e+02  8.61e-01   1.04e+02     2.06e-05   1972.867s
5064000 +3.18006570e+02 +3.18866469e+02  8.60e-01   1.04e+02     2.05e-05   1973.256s
5065000 +3.18007924e+02 +3.18866786e+02  8.59e-01   1.04e+02     2.03e-05   1973.644s
5066000 +3.18009315e+02 +3.18866980e+02  8.58e-01   1.04e+02     2.02e-05   1974.032s
5067000 +3.18010845e+02 +3.18867238e+02  8.56e-01   1.03e+02     2.01e-05   1974.421s
5068000 +3.18012438e+02 +3.18868195e+02  8.56e-01   1.03e+02     2.02e-05   1974.810s
5069000 +3.18014207e+02 +3.18868809e+02  8.55e-01   1.03e+02     2.05e-05   1975.198s
5070000 +3.18015507e+02 +3.18869156e+02  8.54e-01   1.03e+02     2.05e-05   1975.587s
5071000 +3.18017070e+02 +3.18869475e+02  8.52e-01   1.03e+02     2.04e-05   1975.975s
5072000 +3.18018597e+02 +3.18869175e+02  8.51e-01   1.03e+02     2.04e-05   1976.364s
5073000 +3.18020274e+02 +3.18868489e+02  8.48e-01   1.03e+02     2.03e-05   1976.753s
5074000 +3.18021521e+02 +3.18869362e+02  8.48e-01   1.03e+02     2.05e-05   1977.141s
5075000 +3.18023510e+02 +3.18870094e+02  8.47e-01   1.03e+02     2.06e-05   1977.530s
5076000 +3.18024997e+02 +3.18870112e+02  8.45e-01   1.03e+02     2.07e-05   1977.918s
5077000 +3.18025822e+02 +3.18870747e+02  8.45e-01   1.03e+02     2.05e-05   1978.307s
5078000 +3.18026958e+02 +3.18871373e+02  8.44e-01   1.02e+02     2.07e-05   1978.696s
5079000 +3.18027829e+02 +3.18871839e+02  8.44e-01   1.02e+02     2.08e-05   1979.084s
5080000 +3.18029463e+02 +3.18872471e+02  8.43e-01   1.02e+02     2.13e-05   1979.472s
5081000 +3.18030956e+02 +3.18872720e+02  8.42e-01   1.02e+02     2.17e-05   1979.861s
5082000 +3.18032216e+02 +3.18873208e+02  8.41e-01   1.02e+02     2.17e-05   1980.249s
5083000 +3.18033424e+02 +3.18873151e+02  8.40e-01   1.02e+02     2.17e-05   1980.638s
5084000 +3.18034284e+02 +3.18873763e+02  8.39e-01   1.02e+02     2.14e-05   1981.027s
5085000 +3.18035712e+02 +3.18874223e+02  8.39e-01   1.02e+02     2.14e-05   1981.415s
5086000 +3.18037072e+02 +3.18874595e+02  8.38e-01   1.02e+02     2.12e-05   1981.804s
5087000 +3.18038227e+02 +3.18875234e+02  8.37e-01   1.02e+02     2.10e-05   1982.192s
5088000 +3.18039267e+02 +3.18876319e+02  8.37e-01   1.02e+02     2.07e-05   1982.581s
5089000 +3.18039778e+02 +3.18877687e+02  8.38e-01   1.02e+02     2.02e-05   1982.969s
5090000 +3.18041053e+02 +3.18878278e+02  8.37e-01   1.02e+02     2.01e-05   1983.358s
5091000 +3.18042349e+02 +3.18879179e+02  8.37e-01   1.02e+02     2.02e-05   1983.746s
5092000 +3.18043353e+02 +3.18880214e+02  8.37e-01   1.02e+02     2.02e-05   1984.134s
5093000 +3.18044152e+02 +3.18881333e+02  8.37e-01   1.01e+02     2.05e-05   1984.523s
5094000 +3.18045518e+02 +3.18881859e+02  8.36e-01   1.01e+02     2.06e-05   1984.911s
5095000 +3.18047119e+02 +3.18882634e+02  8.36e-01   1.01e+02     2.07e-05   1985.300s
5096000 +3.18048107e+02 +3.18882755e+02  8.35e-01   1.01e+02     2.10e-05   1985.688s
5097000 +3.18049029e+02 +3.18883204e+02  8.34e-01   1.01e+02     2.13e-05   1986.076s
5098000 +3.18050318e+02 +3.18884254e+02  8.34e-01   1.01e+02     2.15e-05   1986.465s
5099000 +3.18051345e+02 +3.18884773e+02  8.33e-01   1.01e+02     2.17e-05   1986.854s
5100000 +3.18052074e+02 +3.18885222e+02  8.33e-01   1.01e+02     2.02e-05   1987.242s
5101000 +3.18052687e+02 +3.18885665e+02  8.33e-01   1.01e+02     1.99e-05   1987.630s
5102000 +3.18053679e+02 +3.18886191e+02  8.33e-01   1.01e+02     2.00e-05   1988.019s
5103000 +3.18054758e+02 +3.18886968e+02  8.32e-01   1.01e+02     2.02e-05   1988.408s
5104000 +3.18055596e+02 +3.18887933e+02  8.32e-01   1.01e+02     2.02e-05   1988.796s
5105000 +3.18056644e+02 +3.18888874e+02  8.32e-01   1.01e+02     2.01e-05   1989.185s
5106000 +3.18057642e+02 +3.18889505e+02  8.32e-01   1.01e+02     2.01e-05   1989.574s
5107000 +3.18058501e+02 +3.18890100e+02  8.32e-01   1.01e+02     2.01e-05   1989.962s
5108000 +3.18059464e+02 +3.18890704e+02  8.31e-01   1.01e+02     2.02e-05   1990.351s
5109000 +3.18060947e+02 +3.18891239e+02  8.30e-01   1.00e+02     2.08e-05   1990.739s
5110000 +3.18062094e+02 +3.18891987e+02  8.30e-01   1.00e+02     2.10e-05   1991.128s
5111000 +3.18063036e+02 +3.18892879e+02  8.30e-01   1.00e+02     2.07e-05   1991.517s
5112000 +3.18064179e+02 +3.18893185e+02  8.29e-01   1.00e+02     2.05e-05   1991.905s
5113000 +3.18065579e+02 +3.18893727e+02  8.28e-01   1.00e+02     2.04e-05   1992.294s
5114000 +3.18066787e+02 +3.18894132e+02  8.27e-01   1.00e+02     2.03e-05   1992.682s
5115000 +3.18068269e+02 +3.18894065e+02  8.26e-01   1.00e+02     2.03e-05   1993.071s
5116000 +3.18069377e+02 +3.18894456e+02  8.25e-01   1.00e+02     2.03e-05   1993.460s
5117000 +3.18070521e+02 +3.18895171e+02  8.25e-01   1.00e+02     2.03e-05   1993.848s
5118000 +3.18071915e+02 +3.18895808e+02  8.24e-01   1.00e+02     2.06e-05   1994.237s
5119000 +3.18073450e+02 +3.18896613e+02  8.23e-01   9.99e+01     2.07e-05   1994.626s
5120000 +3.18074989e+02 +3.18896793e+02  8.22e-01   9.99e+01     2.06e-05   1995.014s
5121000 +3.18076320e+02 +3.18897075e+02  8.21e-01   9.98e+01     2.04e-05   1995.403s
5122000 +3.18077804e+02 +3.18896581e+02  8.19e-01   9.97e+01     2.06e-05   1995.791s
5123000 +3.18079008e+02 +3.18896632e+02  8.18e-01   9.96e+01     2.09e-05   1996.180s
5124000 +3.18080337e+02 +3.18897255e+02  8.17e-01   9.96e+01     2.08e-05   1996.568s
5125000 +3.18081748e+02 +3.18897696e+02  8.16e-01   9.95e+01     2.10e-05   1996.957s
5126000 +3.18083007e+02 +3.18898051e+02  8.15e-01   9.94e+01     2.12e-05   1997.345s
5127000 +3.18084285e+02 +3.18898293e+02  8.14e-01   9.93e+01     2.10e-05   1997.734s
5128000 +3.18086059e+02 +3.18898723e+02  8.13e-01   9.93e+01     2.10e-05   1998.123s
5129000 +3.18087384e+02 +3.18899523e+02  8.12e-01   9.92e+01     2.09e-05   1998.511s
5130000 +3.18088427e+02 +3.18900338e+02  8.12e-01   9.91e+01     2.09e-05   1998.900s
5131000 +3.18089458e+02 +3.18901106e+02  8.12e-01   9.91e+01     2.07e-05   1999.289s
5132000 +3.18090621e+02 +3.18902029e+02  8.11e-01   9.90e+01     2.06e-05   1999.677s
5133000 +3.18091712e+02 +3.18902894e+02  8.11e-01   9.89e+01     2.05e-05   2000.066s
5134000 +3.18092835e+02 +3.18903444e+02  8.11e-01   9.88e+01     2.09e-05   2000.454s
5135000 +3.18094264e+02 +3.18904384e+02  8.10e-01   9.88e+01     2.12e-05   2000.843s
5136000 +3.18095288e+02 +3.18905196e+02  8.10e-01   9.87e+01     2.09e-05   2001.232s
5137000 +3.18096808e+02 +3.18906198e+02  8.09e-01   9.86e+01     2.06e-05   2001.620s
5138000 +3.18097991e+02 +3.18906999e+02  8.09e-01   9.86e+01     2.08e-05   2002.009s
5139000 +3.18098749e+02 +3.18907306e+02  8.09e-01   9.85e+01     2.09e-05   2002.398s
5140000 +3.18099793e+02 +3.18907201e+02  8.07e-01   9.85e+01     2.09e-05   2002.787s
5141000 +3.18100764e+02 +3.18907521e+02  8.07e-01   9.85e+01     2.12e-05   2003.175s
5142000 +3.18101760e+02 +3.18907995e+02  8.06e-01   9.84e+01     2.16e-05   2003.564s
5143000 +3.18102593e+02 +3.18908974e+02  8.06e-01   9.84e+01     2.15e-05   2003.953s
5144000 +3.18103545e+02 +3.18909357e+02  8.06e-01   9.84e+01     2.19e-05   2004.341s
5145000 +3.18104065e+02 +3.18909889e+02  8.06e-01   9.84e+01     2.25e-05   2004.730s
5146000 +3.18104776e+02 +3.18910643e+02  8.06e-01   9.83e+01     2.27e-05   2005.118s
5147000 +3.18105276e+02 +3.18911307e+02  8.06e-01   9.83e+01     2.28e-05   2005.507s
5148000 +3.18105742e+02 +3.18911940e+02  8.06e-01   9.83e+01     2.31e-05   2005.896s
5149000 +3.18106573e+02 +3.18913352e+02  8.07e-01   9.82e+01     2.33e-05   2006.285s
5150000 +3.18107359e+02 +3.18914429e+02  8.07e-01   9.82e+01     2.37e-05   2006.673s
5151000 +3.18108267e+02 +3.18915609e+02  8.07e-01   9.82e+01     2.32e-05   2007.062s
5152000 +3.18108980e+02 +3.18916261e+02  8.07e-01   9.81e+01     2.32e-05   2007.450s
5153000 +3.18109796e+02 +3.18916961e+02  8.07e-01   9.81e+01     2.26e-05   2007.839s
5154000 +3.18110884e+02 +3.18917687e+02  8.07e-01   9.81e+01     2.17e-05   2008.228s
5155000 +3.18111728e+02 +3.18918423e+02  8.07e-01   9.81e+01     2.12e-05   2008.616s
5156000 +3.18112877e+02 +3.18919651e+02  8.07e-01   9.81e+01     2.11e-05   2009.005s
5157000 +3.18113635e+02 +3.18920101e+02  8.06e-01   9.80e+01     2.10e-05   2009.394s
5158000 +3.18114485e+02 +3.18920553e+02  8.06e-01   9.80e+01     2.12e-05   2009.782s
5159000 +3.18115084e+02 +3.18920963e+02  8.06e-01   9.80e+01     2.13e-05   2010.171s
5160000 +3.18116046e+02 +3.18921842e+02  8.06e-01   9.79e+01     2.16e-05   2010.559s
5161000 +3.18116984e+02 +3.18922244e+02  8.05e-01   9.79e+01     2.15e-05   2010.948s
5162000 +3.18117885e+02 +3.18922855e+02  8.05e-01   9.79e+01     2.11e-05   2011.336s
5163000 +3.18118587e+02 +3.18923974e+02  8.05e-01   9.79e+01     2.08e-05   2011.725s
5164000 +3.18119357e+02 +3.18924488e+02  8.05e-01   9.78e+01     2.08e-05   2012.113s
5165000 +3.18120290e+02 +3.18925261e+02  8.05e-01   9.78e+01     2.11e-05   2012.502s
5166000 +3.18121322e+02 +3.18926539e+02  8.05e-01   9.78e+01     2.10e-05   2012.890s
5167000 +3.18122169e+02 +3.18927578e+02  8.05e-01   9.77e+01     2.07e-05   2013.279s
5168000 +3.18122837e+02 +3.18928054e+02  8.05e-01   9.77e+01     2.06e-05   2013.667s
5169000 +3.18123665e+02 +3.18928621e+02  8.05e-01   9.76e+01     2.09e-05   2014.056s
5170000 +3.18124392e+02 +3.18929109e+02  8.05e-01   9.76e+01     2.11e-05   2014.445s
5171000 +3.18125215e+02 +3.18929659e+02  8.04e-01   9.75e+01     2.09e-05   2014.834s
5172000 +3.18125599e+02 +3.18930110e+02  8.05e-01   9.75e+01     2.08e-05   2015.222s
5173000 +3.18126361e+02 +3.18930679e+02  8.04e-01   9.75e+01     2.06e-05   2015.611s
5174000 +3.18127023e+02 +3.18931437e+02  8.04e-01   9.74e+01     2.07e-05   2015.999s
5175000 +3.18127749e+02 +3.18932256e+02  8.05e-01   9.74e+01     2.07e-05   2016.388s
5176000 +3.18128118e+02 +3.18932873e+02  8.05e-01   9.74e+01     2.05e-05   2016.776s
5177000 +3.18128773e+02 +3.18933711e+02  8.05e-01   9.74e+01     2.04e-05   2017.165s
5178000 +3.18129043e+02 +3.18934789e+02  8.06e-01   9.74e+01     2.03e-05   2017.554s
5179000 +3.18129651e+02 +3.18935617e+02  8.06e-01   9.73e+01     2.01e-05   2017.942s
5180000 +3.18129952e+02 +3.18936000e+02  8.06e-01   9.73e+01     2.01e-05   2018.331s
5181000 +3.18130483e+02 +3.18936598e+02  8.06e-01   9.73e+01     2.00e-05   2018.720s
5182000 +3.18131171e+02 +3.18936940e+02  8.06e-01   9.72e+01     1.99e-05   2019.108s
5183000 +3.18131922e+02 +3.18937625e+02  8.06e-01   9.72e+01     1.98e-05   2019.497s
5184000 +3.18132594e+02 +3.18938344e+02  8.06e-01   9.72e+01     1.98e-05   2019.885s
5185000 +3.18133048e+02 +3.18939228e+02  8.06e-01   9.71e+01     1.99e-05   2020.274s
5186000 +3.18133497e+02 +3.18939924e+02  8.06e-01   9.71e+01     1.98e-05   2020.662s
5187000 +3.18133953e+02 +3.18940907e+02  8.07e-01   9.71e+01     1.97e-05   2021.050s
5188000 +3.18134400e+02 +3.18941987e+02  8.08e-01   9.70e+01     1.98e-05   2021.439s
5189000 +3.18134944e+02 +3.18942726e+02  8.08e-01   9.70e+01     1.98e-05   2021.828s
5190000 +3.18135531e+02 +3.18943552e+02  8.08e-01   9.70e+01     1.98e-05   2022.216s
5191000 +3.18136027e+02 +3.18944506e+02  8.08e-01   9.70e+01     1.97e-05   2022.605s
5192000 +3.18136445e+02 +3.18945084e+02  8.09e-01   9.70e+01     1.97e-05   2022.993s
5193000 +3.18136644e+02 +3.18945852e+02  8.09e-01   9.70e+01     1.98e-05   2023.382s
5194000 +3.18137246e+02 +3.18946460e+02  8.09e-01   9.69e+01     1.99e-05   2023.770s
5195000 +3.18137977e+02 +3.18947120e+02  8.09e-01   9.69e+01     2.04e-05   2024.159s
5196000 +3.18138394e+02 +3.18947727e+02  8.09e-01   9.68e+01     2.05e-05   2024.548s
5197000 +3.18139262e+02 +3.18948431e+02  8.09e-01   9.68e+01     2.04e-05   2024.936s
5198000 +3.18139611e+02 +3.18949172e+02  8.10e-01   9.68e+01     2.04e-05   2025.325s
5199000 +3.18140209e+02 +3.18949784e+02  8.10e-01   9.67e+01     2.04e-05   2025.714s
5200000 +3.18140444e+02 +3.18950604e+02  8.10e-01   9.67e+01     2.05e-05   2026.103s
5201000 +3.18141105e+02 +3.18951043e+02  8.10e-01   9.67e+01     2.07e-05   2026.491s
5202000 +3.18141622e+02 +3.18952246e+02  8.11e-01   9.66e+01     2.10e-05   2026.880s
5203000 +3.18141960e+02 +3.18953157e+02  8.11e-01   9.66e+01     2.12e-05   2027.268s
5204000 +3.18142438e+02 +3.18954187e+02  8.12e-01   9.65e+01     2.14e-05   2027.657s
5205000 +3.18143156e+02 +3.18955500e+02  8.12e-01   9.65e+01     2.15e-05   2028.046s
5206000 +3.18143593e+02 +3.18956617e+02  8.13e-01   9.65e+01     2.16e-05   2028.434s
5207000 +3.18144075e+02 +3.18957267e+02  8.13e-01   9.64e+01     2.19e-05   2028.823s
5208000 +3.18144993e+02 +3.18957896e+02  8.13e-01   9.64e+01     2.23e-05   2029.212s
5209000 +3.18146244e+02 +3.18958738e+02  8.12e-01   9.64e+01     2.27e-05   2029.600s
5210000 +3.18147137e+02 +3.18959624e+02  8.12e-01   9.63e+01     2.30e-05   2029.989s
5211000 +3.18148293e+02 +3.18960219e+02  8.12e-01   9.62e+01     2.32e-05   2030.377s
5212000 +3.18149533e+02 +3.18960985e+02  8.11e-01   9.62e+01     2.29e-05   2030.766s
5213000 +3.18150276e+02 +3.18961298e+02  8.11e-01   9.61e+01     2.24e-05   2031.155s
5214000 +3.18151596e+02 +3.18961773e+02  8.10e-01   9.60e+01     2.25e-05   2031.543s
5215000 +3.18152480e+02 +3.18962245e+02  8.10e-01   9.59e+01     2.26e-05   2031.932s
5216000 +3.18153227e+02 +3.18963000e+02  8.10e-01   9.59e+01     2.28e-05   2032.321s
5217000 +3.18154161e+02 +3.18963773e+02  8.10e-01   9.58e+01     2.27e-05   2032.709s
5218000 +3.18154980e+02 +3.18964842e+02  8.10e-01   9.57e+01     2.28e-05   2033.098s
5219000 +3.18155788e+02 +3.18965780e+02  8.10e-01   9.57e+01     2.30e-05   2033.486s
5220000 +3.18156849e+02 +3.18966459e+02  8.10e-01   9.56e+01     2.29e-05   2033.875s
5221000 +3.18157695e+02 +3.18967296e+02  8.10e-01   9.56e+01     2.28e-05   2034.264s
5222000 +3.18158671e+02 +3.18968125e+02  8.09e-01   9.55e+01     2.31e-05   2034.652s
5223000 +3.18159529e+02 +3.18969354e+02  8.10e-01   9.55e+01     2.28e-05   2035.041s
5224000 +3.18160775e+02 +3.18970629e+02  8.10e-01   9.54e+01     2.23e-05   2035.430s
5225000 +3.18161516e+02 +3.18971782e+02  8.10e-01   9.54e+01     2.15e-05   2035.819s
5226000 +3.18162402e+02 +3.18972920e+02  8.11e-01   9.53e+01     2.09e-05   2036.207s
5227000 +3.18163594e+02 +3.18974499e+02  8.11e-01   9.53e+01     2.07e-05   2036.596s
5228000 +3.18164855e+02 +3.18975639e+02  8.11e-01   9.52e+01     2.02e-05   2036.984s
5229000 +3.18166075e+02 +3.18976460e+02  8.10e-01   9.51e+01     2.00e-05   2037.373s
5230000 +3.18167401e+02 +3.18977085e+02  8.10e-01   9.51e+01     2.04e-05   2037.761s
5231000 +3.18168488e+02 +3.18977633e+02  8.09e-01   9.50e+01     2.07e-05   2038.150s
5232000 +3.18170132e+02 +3.18978273e+02  8.08e-01   9.50e+01     2.08e-05   2038.539s
5233000 +3.18171344e+02 +3.18978984e+02  8.08e-01   9.49e+01     2.10e-05   2038.927s
5234000 +3.18172148e+02 +3.18979901e+02  8.08e-01   9.48e+01     2.12e-05   2039.316s
5235000 +3.18173184e+02 +3.18980779e+02  8.08e-01   9.48e+01     2.12e-05   2039.704s
5236000 +3.18173949e+02 +3.18981747e+02  8.08e-01   9.47e+01     2.13e-05   2040.093s
5237000 +3.18174891e+02 +3.18982360e+02  8.07e-01   9.47e+01     2.13e-05   2040.482s
5238000 +3.18175683e+02 +3.18983338e+02  8.08e-01   9.46e+01     2.15e-05   2040.870s
5239000 +3.18176296e+02 +3.18983614e+02  8.07e-01   9.46e+01     2.12e-05   2041.259s
5240000 +3.18177327e+02 +3.18984030e+02  8.07e-01   9.45e+01     2.10e-05   2041.648s
5241000 +3.18178115e+02 +3.18984523e+02  8.06e-01   9.45e+01     2.10e-05   2042.036s
5242000 +3.18179108e+02 +3.18984844e+02  8.06e-01   9.44e+01     2.11e-05   2042.425s
5243000 +3.18179976e+02 +3.18985378e+02  8.05e-01   9.44e+01     2.11e-05   2042.814s
5244000 +3.18180693e+02 +3.18986061e+02  8.05e-01   9.43e+01     2.13e-05   2043.203s
5245000 +3.18181995e+02 +3.18986618e+02  8.05e-01   9.43e+01     2.12e-05   2043.591s
5246000 +3.18182654e+02 +3.18987476e+02  8.05e-01   9.42e+01     2.14e-05   2043.980s
5247000 +3.18183693e+02 +3.18987977e+02  8.04e-01   9.42e+01     2.17e-05   2044.369s
5248000 +3.18184553e+02 +3.18988113e+02  8.04e-01   9.41e+01     2.17e-05   2044.757s
5249000 +3.18185441e+02 +3.18988276e+02  8.03e-01   9.41e+01     2.16e-05   2045.146s
5250000 +3.18186546e+02 +3.18988565e+02  8.02e-01   9.41e+01     2.17e-05   2045.534s
5251000 +3.18187283e+02 +3.18989076e+02  8.02e-01   9.40e+01     2.16e-05   2045.923s
5252000 +3.18188507e+02 +3.18989661e+02  8.01e-01   9.40e+01     2.16e-05   2046.311s
5253000 +3.18189534e+02 +3.18989771e+02  8.00e-01   9.40e+01     2.16e-05   2046.700s
5254000 +3.18190148e+02 +3.18990168e+02  8.00e-01   9.40e+01     2.18e-05   2047.089s
5255000 +3.18191551e+02 +3.18990474e+02  7.99e-01   9.40e+01     2.16e-05   2047.477s
5256000 +3.18192648e+02 +3.18991218e+02  7.99e-01   9.39e+01     2.16e-05   2047.866s
5257000 +3.18193817e+02 +3.18991801e+02  7.98e-01   9.39e+01     2.16e-05   2048.254s
5258000 +3.18194670e+02 +3.18992121e+02  7.97e-01   9.39e+01     2.16e-05   2048.643s
5259000 +3.18195575e+02 +3.18992773e+02  7.97e-01   9.38e+01     2.15e-05   2049.031s
5260000 +3.18196523e+02 +3.18993300e+02  7.97e-01   9.37e+01     2.13e-05   2049.422s
5261000 +3.18197649e+02 +3.18993893e+02  7.96e-01   9.37e+01     2.12e-05   2049.810s
5262000 +3.18198342e+02 +3.18994733e+02  7.96e-01   9.37e+01     2.09e-05   2050.199s
5263000 +3.18199079e+02 +3.18995236e+02  7.96e-01   9.36e+01     2.06e-05   2050.587s
5264000 +3.18199777e+02 +3.18995441e+02  7.96e-01   9.36e+01     2.06e-05   2050.976s
5265000 +3.18200723e+02 +3.18995769e+02  7.95e-01   9.35e+01     2.05e-05   2051.365s
5266000 +3.18201465e+02 +3.18996700e+02  7.95e-01   9.35e+01     2.04e-05   2051.754s
5267000 +3.18202103e+02 +3.18997299e+02  7.95e-01   9.35e+01     2.03e-05   2052.143s
5268000 +3.18203095e+02 +3.18998049e+02  7.95e-01   9.34e+01     2.03e-05   2052.531s
5269000 +3.18204012e+02 +3.18998382e+02  7.94e-01   9.34e+01     2.03e-05   2052.923s
5270000 +3.18204944e+02 +3.18999117e+02  7.94e-01   9.34e+01     2.05e-05   2053.311s
5271000 +3.18205627e+02 +3.18999976e+02  7.94e-01   9.33e+01     2.05e-05   2053.699s
5272000 +3.18206588e+02 +3.19000139e+02  7.94e-01   9.32e+01     2.07e-05   2054.089s
5273000 +3.18207287e+02 +3.19000114e+02  7.93e-01   9.32e+01     2.09e-05   2054.478s
5274000 +3.18208395e+02 +3.19000297e+02  7.92e-01   9.32e+01     2.10e-05   2054.867s
5275000 +3.18209476e+02 +3.19000652e+02  7.91e-01   9.31e+01     2.09e-05   2055.255s
5276000 +3.18210273e+02 +3.19001152e+02  7.91e-01   9.31e+01     2.08e-05   2055.644s
5277000 +3.18211384e+02 +3.19001688e+02  7.90e-01   9.30e+01     2.08e-05   2056.032s
5278000 +3.18212247e+02 +3.19002262e+02  7.90e-01   9.29e+01     2.08e-05   2056.420s
5279000 +3.18213426e+02 +3.19003076e+02  7.90e-01   9.29e+01     2.09e-05   2056.809s
5280000 +3.18214520e+02 +3.19003482e+02  7.89e-01   9.28e+01     2.10e-05   2057.197s
5281000 +3.18215594e+02 +3.19003804e+02  7.88e-01   9.28e+01     2.11e-05   2057.586s
5282000 +3.18216838e+02 +3.19003894e+02  7.87e-01   9.27e+01     2.12e-05   2057.975s
5283000 +3.18218327e+02 +3.19004598e+02  7.86e-01   9.26e+01     2.11e-05   2058.365s
5284000 +3.18219767e+02 +3.19004754e+02  7.85e-01   9.25e+01     2.11e-05   2058.753s
5285000 +3.18221199e+02 +3.19005209e+02  7.84e-01   9.25e+01     2.13e-05   2059.142s
5286000 +3.18222310e+02 +3.19006198e+02  7.84e-01   9.24e+01     2.10e-05   2059.531s
5287000 +3.18223135e+02 +3.19006587e+02  7.83e-01   9.23e+01     2.09e-05   2059.919s
5288000 +3.18224108e+02 +3.19006880e+02  7.83e-01   9.22e+01     2.11e-05   2060.308s
5289000 +3.18225329e+02 +3.19007242e+02  7.82e-01   9.22e+01     2.13e-05   2060.696s
5290000 +3.18226825e+02 +3.19008000e+02  7.81e-01   9.21e+01     2.13e-05   2061.085s
5291000 +3.18228000e+02 +3.19008213e+02  7.80e-01   9.20e+01     2.08e-05   2061.474s
5292000 +3.18229188e+02 +3.19008906e+02  7.80e-01   9.20e+01     2.06e-05   2061.862s
5293000 +3.18229871e+02 +3.19009482e+02  7.80e-01   9.19e+01     2.05e-05   2062.251s
5294000 +3.18230538e+02 +3.19010044e+02  7.80e-01   9.19e+01     2.05e-05   2062.639s
5295000 +3.18231578e+02 +3.19010373e+02  7.79e-01   9.19e+01     2.04e-05   2063.028s
5296000 +3.18232415e+02 +3.19010607e+02  7.78e-01   9.19e+01     2.04e-05   2063.416s
5297000 +3.18233544e+02 +3.19011039e+02  7.77e-01   9.19e+01     2.03e-05   2063.805s
5298000 +3.18234712e+02 +3.19011351e+02  7.77e-01   9.18e+01     2.02e-05   2064.193s
5299000 +3.18235703e+02 +3.19011603e+02  7.76e-01   9.18e+01     2.02e-05   2064.582s
5300000 +3.18236588e+02 +3.19012454e+02  7.76e-01   9.17e+01     2.02e-05   2064.970s
5301000 +3.18237414e+02 +3.19013207e+02  7.76e-01   9.17e+01     2.02e-05   2065.359s
5302000 +3.18238483e+02 +3.19014013e+02  7.76e-01   9.16e+01     2.02e-05   2065.748s
5303000 +3.18239158e+02 +3.19014763e+02  7.76e-01   9.16e+01     2.02e-05   2066.136s
5304000 +3.18240190e+02 +3.19015327e+02  7.75e-01   9.16e+01     2.02e-05   2066.525s
5305000 +3.18241119e+02 +3.19016128e+02  7.75e-01   9.15e+01     2.03e-05   2066.914s
5306000 +3.18241936e+02 +3.19016788e+02  7.75e-01   9.15e+01     2.02e-05   2067.302s
5307000 +3.18242622e+02 +3.19017629e+02  7.75e-01   9.14e+01     2.03e-05   2067.691s
5308000 +3.18243549e+02 +3.19018399e+02  7.75e-01   9.14e+01     2.03e-05   2068.079s
5309000 +3.18244352e+02 +3.19019582e+02  7.75e-01   9.14e+01     2.03e-05   2068.468s
5310000 +3.18245358e+02 +3.19020264e+02  7.75e-01   9.14e+01     2.02e-05   2068.856s
5311000 +3.18245734e+02 +3.19020774e+02  7.75e-01   9.14e+01     2.01e-05   2069.245s
5312000 +3.18246437e+02 +3.19021451e+02  7.75e-01   9.13e+01     2.01e-05   2069.635s
5313000 +3.18247198e+02 +3.19021965e+02  7.75e-01   9.13e+01     2.01e-05   2070.024s
5314000 +3.18247945e+02 +3.19022408e+02  7.74e-01   9.13e+01     1.99e-05   2070.412s
5315000 +3.18249062e+02 +3.19023080e+02  7.74e-01   9.13e+01     1.99e-05   2070.801s
5316000 +3.18249946e+02 +3.19023728e+02  7.74e-01   9.13e+01     2.00e-05   2071.189s
5317000 +3.18250872e+02 +3.19024610e+02  7.74e-01   9.13e+01     1.99e-05   2071.578s
5318000 +3.18251449e+02 +3.19025462e+02  7.74e-01   9.12e+01     2.00e-05   2071.966s
5319000 +3.18252040e+02 +3.19026435e+02  7.74e-01   9.12e+01     2.02e-05   2072.354s
5320000 +3.18252420e+02 +3.19027061e+02  7.75e-01   9.12e+01     2.02e-05   2072.743s
5321000 +3.18253533e+02 +3.19028091e+02  7.75e-01   9.12e+01     2.01e-05   2073.132s
5322000 +3.18254073e+02 +3.19029373e+02  7.75e-01   9.11e+01     2.00e-05   2073.520s
5323000 +3.18254702e+02 +3.19030563e+02  7.76e-01   9.11e+01     2.02e-05   2073.909s
5324000 +3.18255727e+02 +3.19031566e+02  7.76e-01   9.11e+01     2.01e-05   2074.297s
5325000 +3.18256358e+02 +3.19032427e+02  7.76e-01   9.10e+01     2.01e-05   2074.686s
5326000 +3.18256873e+02 +3.19033114e+02  7.76e-01   9.10e+01     2.00e-05   2075.074s
5327000 +3.18257423e+02 +3.19033651e+02  7.76e-01   9.10e+01     2.00e-05   2075.463s
5328000 +3.18258271e+02 +3.19034153e+02  7.76e-01   9.09e+01     1.99e-05   2075.851s
5329000 +3.18258531e+02 +3.19034578e+02  7.76e-01   9.09e+01     2.00e-05   2076.240s
5330000 +3.18258998e+02 +3.19035083e+02  7.76e-01   9.09e+01     1.99e-05   2076.628s
5331000 +3.18261347e+02 +3.19039412e+02  7.78e-01   9.09e+01     3.77e-05   2077.016s
5332000 +3.18263243e+02 +3.19041200e+02  7.78e-01   9.08e+01     5.02e-05   2077.404s
5333000 +3.18266073e+02 +3.19044929e+02  7.79e-01   9.06e+01     6.68e-05   2077.791s
5334000 +3.18269487e+02 +3.19046688e+02  7.77e-01   9.05e+01     8.23e-05   2078.179s
5335000 +3.18273209e+02 +3.19050104e+02  7.77e-01   9.03e+01     9.72e-05   2078.567s
5336000 +3.18277468e+02 +3.19050500e+02  7.73e-01   9.02e+01     1.05e-04   2078.954s
5337000 +3.18281687e+02 +3.19048566e+02  7.67e-01   9.00e+01     1.11e-04   2079.342s
5338000 +3.18286271e+02 +3.19048877e+02  7.63e-01   8.98e+01     1.16e-04   2079.730s
5339000 +3.18291633e+02 +3.19049880e+02  7.58e-01   8.97e+01     1.26e-04   2080.117s
5340000 +3.18297180e+02 +3.19048587e+02  7.51e-01   8.95e+01     1.38e-04   2080.505s
5341000 +3.18302161e+02 +3.19048222e+02  7.46e-01   8.94e+01     1.49e-04   2080.893s
5342000 +3.18307108e+02 +3.19044341e+02  7.37e-01   8.92e+01     1.51e-04   2081.282s
5343000 +3.18312948e+02 +3.19044688e+02  7.32e-01   8.89e+01     1.55e-04   2081.669s
5344000 +3.18317980e+02 +3.19047634e+02  7.30e-01   8.87e+01     1.64e-04   2082.057s
5345000 +3.18323364e+02 +3.19047049e+02  7.24e-01   8.85e+01     1.73e-04   2082.445s
5346000 +3.18328850e+02 +3.19048750e+02  7.20e-01   8.83e+01     1.82e-04   2082.833s
5347000 +3.18334016e+02 +3.19049845e+02  7.16e-01   8.82e+01     1.88e-04   2083.221s
5348000 +3.18338596e+02 +3.19051578e+02  7.13e-01   8.81e+01     1.89e-04   2083.609s
5349000 +3.18343828e+02 +3.19055481e+02  7.12e-01   8.80e+01     1.90e-04   2083.997s
5350000 +3.18348343e+02 +3.19056998e+02  7.09e-01   8.79e+01     1.92e-04   2084.385s
5351000 +3.18354310e+02 +3.19060429e+02  7.06e-01   8.79e+01     1.99e-04   2084.773s
5352000 +3.18359466e+02 +3.19060115e+02  7.01e-01   8.77e+01     2.06e-04   2085.160s
5353000 +3.18365467e+02 +3.19064466e+02  6.99e-01   8.76e+01     2.20e-04   2085.548s
5354000 +3.18372200e+02 +3.19070004e+02  6.98e-01   8.73e+01     2.34e-04   2085.936s
5355000 +3.18379436e+02 +3.19070226e+02  6.91e-01   8.71e+01     2.38e-04   2086.324s
5356000 +3.18385970e+02 +3.19071036e+02  6.85e-01   8.68e+01     2.27e-04   2086.712s
5357000 +3.18392692e+02 +3.19070023e+02  6.77e-01   8.66e+01     2.17e-04   2087.100s
5358000 +3.18399586e+02 +3.19071810e+02  6.72e-01   8.64e+01     2.03e-04   2087.488s
5359000 +3.18405471e+02 +3.19075170e+02  6.70e-01   8.62e+01     2.01e-04   2087.876s
5360000 +3.18411202e+02 +3.19076895e+02  6.66e-01   8.60e+01     2.04e-04   2088.264s
5361000 +3.18417202e+02 +3.19071175e+02  6.54e-01   8.57e+01     2.03e-04   2088.651s
5362000 +3.18422913e+02 +3.19067413e+02  6.45e-01   8.55e+01     1.95e-04   2089.040s
5363000 +3.18428682e+02 +3.19069100e+02  6.40e-01   8.53e+01     1.82e-04   2089.428s
5364000 +3.18434481e+02 +3.19066534e+02  6.32e-01   8.51e+01     1.74e-04   2089.816s
5365000 +3.18439431e+02 +3.19065240e+02  6.26e-01   8.48e+01     1.72e-04   2090.204s
5366000 +3.18444959e+02 +3.19066686e+02  6.22e-01   8.46e+01     1.72e-04   2090.592s
5367000 +3.18449811e+02 +3.19066786e+02  6.17e-01   8.45e+01     1.77e-04   2090.980s
5368000 +3.18454109e+02 +3.19068699e+02  6.15e-01   8.44e+01     1.80e-04   2091.368s
5369000 +3.18457750e+02 +3.19069401e+02  6.12e-01   8.42e+01     1.79e-04   2091.756s
5370000 +3.18461501e+02 +3.19074816e+02  6.13e-01   8.41e+01     1.70e-04   2092.144s
5371000 +3.18465529e+02 +3.19075686e+02  6.10e-01   8.39e+01     1.58e-04   2092.531s
5372000 +3.18468819e+02 +3.19076272e+02  6.07e-01   8.37e+01     1.48e-04   2092.919s
5373000 +3.18472911e+02 +3.19078713e+02  6.06e-01   8.35e+01     1.48e-04   2093.307s
5374000 +3.18478021e+02 +3.19077144e+02  5.99e-01   8.32e+01     1.50e-04   2093.695s
5375000 +3.18483802e+02 +3.19075723e+02  5.92e-01   8.30e+01     1.62e-04   2094.083s
5376000 +3.18490125e+02 +3.19076768e+02  5.87e-01   8.27e+01     1.70e-04   2094.471s
5377000 +3.18495588e+02 +3.19078151e+02  5.83e-01   8.25e+01     1.81e-04   2094.859s
5378000 +3.18501203e+02 +3.19079654e+02  5.78e-01   8.23e+01     1.90e-04   2095.248s
5379000 +3.18506357e+02 +3.19076400e+02  5.70e-01   8.21e+01     1.91e-04   2095.636s
5380000 +3.18511863e+02 +3.19077485e+02  5.66e-01   8.19e+01     1.86e-04   2096.024s
5381000 +3.18517166e+02 +3.19076629e+02  5.59e-01   8.17e+01     1.87e-04   2096.412s
5382000 +3.18522149e+02 +3.19077849e+02  5.56e-01   8.15e+01     1.82e-04   2096.800s
5383000 +3.18527922e+02 +3.19076467e+02  5.49e-01   8.12e+01     1.84e-04   2097.188s
5384000 +3.18533454e+02 +3.19079988e+02  5.47e-01   8.10e+01     1.93e-04   2097.576s
5385000 +3.18538248e+02 +3.19083256e+02  5.45e-01   8.07e+01     2.12e-04   2097.964s
5386000 +3.18542675e+02 +3.19083973e+02  5.41e-01   8.05e+01     2.21e-04   2098.351s
5387000 +3.18547203e+02 +3.19084448e+02  5.37e-01   8.02e+01     2.17e-04   2098.740s
5388000 +3.18552069e+02 +3.19090181e+02  5.38e-01   8.00e+01     2.14e-04   2099.128s
5389000 +3.18557381e+02 +3.19092823e+02  5.35e-01   7.98e+01     2.17e-04   2099.516s
5390000 +3.18564000e+02 +3.19096787e+02  5.33e-01   7.96e+01     2.19e-04   2099.904s
5391000 +3.18570863e+02 +3.19097387e+02  5.27e-01   7.93e+01     2.16e-04   2100.292s
5392000 +3.18577936e+02 +3.19099471e+02  5.22e-01   7.91e+01     2.21e-04   2100.680s
5393000 +3.18585163e+02 +3.19100916e+02  5.16e-01   7.88e+01     2.23e-04   2101.068s
5394000 +3.18591755e+02 +3.19106214e+02  5.14e-01   7.86e+01     2.22e-04   2101.457s
5395000 +3.18597224e+02 +3.19110049e+02  5.13e-01   7.84e+01     2.35e-04   2101.845s
5396000 +3.18603283e+02 +3.19116245e+02  5.13e-01   7.82e+01     2.41e-04   2102.233s
5397000 +3.18609861e+02 +3.19119430e+02  5.10e-01   7.80e+01     2.42e-04   2102.621s
5398000 +3.18616462e+02 +3.19120571e+02  5.04e-01   7.78e+01     2.41e-04   2103.009s
5399000 +3.18623208e+02 +3.19122619e+02  4.99e-01   7.75e+01     2.34e-04   2103.397s
5400000 +3.18630609e+02 +3.19124561e+02  4.94e-01   7.73e+01     2.29e-04   2103.785s
5401000 +3.18637512e+02 +3.19120880e+02  4.83e-01   7.70e+01     2.25e-04   2104.173s
5402000 +3.18643370e+02 +3.19123871e+02  4.81e-01   7.67e+01     2.24e-04   2104.562s
5403000 +3.18649276e+02 +3.19122831e+02  4.74e-01   7.64e+01     2.26e-04   2104.950s
5404000 +3.18654476e+02 +3.19114803e+02  4.60e-01   7.62e+01     2.25e-04   2105.338s
5405000 +3.18659976e+02 +3.19111676e+02  4.52e-01   7.59e+01     2.32e-04   2105.726s
5406000 +3.18665261e+02 +3.19111902e+02  4.47e-01   7.56e+01     2.32e-04   2106.114s
5407000 +3.18671990e+02 +3.19117722e+02  4.46e-01   7.53e+01     2.25e-04   2106.502s
5408000 +3.18678650e+02 +3.19118870e+02  4.40e-01   7.50e+01     2.16e-04   2106.890s
5409000 +3.18685339e+02 +3.19120829e+02  4.35e-01   7.47e+01     2.10e-04   2107.278s
5410000 +3.18691972e+02 +3.19124122e+02  4.32e-01   7.44e+01     2.09e-04   2107.666s
5411000 +3.18697568e+02 +3.19125939e+02  4.28e-01   7.40e+01     2.12e-04   2108.054s
5412000 +3.18702740e+02 +3.19126600e+02  4.24e-01   7.37e+01     2.15e-04   2108.442s
5413000 +3.18708625e+02 +3.19131850e+02  4.23e-01   7.33e+01     2.19e-04   2108.830s
5414000 +3.18715024e+02 +3.19135737e+02  4.21e-01   7.29e+01     2.22e-04   2109.218s
5415000 +3.18721693e+02 +3.19138695e+02  4.17e-01   7.26e+01     2.30e-04   2109.606s
5416000 +3.18727801e+02 +3.19137305e+02  4.10e-01   7.23e+01     2.31e-04   2109.994s
5417000 +3.18733674e+02 +3.19139996e+02  4.06e-01   7.22e+01     2.36e-04   2110.382s
5418000 +3.18739746e+02 +3.19144503e+02  4.05e-01   7.20e+01     2.50e-04   2110.770s
5419000 +3.18746031e+02 +3.19151524e+02  4.05e-01   7.18e+01     2.60e-04   2111.158s
5420000 +3.18752161e+02 +3.19155659e+02  4.03e-01   7.17e+01     2.58e-04   2111.546s
5421000 +3.18757274e+02 +3.19158280e+02  4.01e-01   7.16e+01     2.64e-04   2111.934s
5422000 +3.18761962e+02 +3.19164861e+02  4.03e-01   7.15e+01     2.74e-04   2112.322s
5423000 +3.18766408e+02 +3.19170185e+02  4.04e-01   7.14e+01     2.81e-04   2112.710s
5424000 +3.18771946e+02 +3.19173336e+02  4.01e-01   7.13e+01     2.76e-04   2113.098s
5425000 +3.18777134e+02 +3.19179345e+02  4.02e-01   7.12e+01     2.61e-04   2113.486s
5426000 +3.18781654e+02 +3.19184840e+02  4.03e-01   7.10e+01     2.51e-04   2113.874s
5427000 +3.18785925e+02 +3.19189163e+02  4.03e-01   7.08e+01     2.54e-04   2114.262s
5428000 +3.18790813e+02 +3.19193299e+02  4.02e-01   7.07e+01     2.55e-04   2114.650s
5429000 +3.18795561e+02 +3.19198043e+02  4.02e-01   7.05e+01     2.54e-04   2115.038s
5430000 +3.18798950e+02 +3.19204290e+02  4.05e-01   7.03e+01     2.59e-04   2115.427s
5431000 +3.18802169e+02 +3.19205446e+02  4.03e-01   7.01e+01     2.53e-04   2115.814s
5432000 +3.18805774e+02 +3.19206108e+02  4.00e-01   6.99e+01     2.55e-04   2116.203s
5433000 +3.18809470e+02 +3.19205711e+02  3.96e-01   6.97e+01     2.48e-04   2116.591s
5434000 +3.18813651e+02 +3.19208150e+02  3.94e-01   6.96e+01     2.45e-04   2116.979s
5435000 +3.18817674e+02 +3.19211228e+02  3.94e-01   6.94e+01     2.45e-04   2117.367s
5436000 +3.18822043e+02 +3.19215796e+02  3.94e-01   6.93e+01     2.41e-04   2117.755s
5437000 +3.18826129e+02 +3.19219562e+02  3.93e-01   6.92e+01     2.43e-04   2118.143s
5438000 +3.18829833e+02 +3.19227375e+02  3.98e-01   6.90e+01     2.43e-04   2118.534s
5439000 +3.18833323e+02 +3.19233543e+02  4.00e-01   6.89e+01     2.45e-04   2118.922s
5440000 +3.18836725e+02 +3.19239414e+02  4.03e-01   6.88e+01     2.46e-04   2119.310s
5441000 +3.18839997e+02 +3.19243773e+02  4.04e-01   6.87e+01     2.48e-04   2119.698s
5442000 +3.18843805e+02 +3.19246363e+02  4.03e-01   6.86e+01     2.44e-04   2120.087s
5443000 +3.18847391e+02 +3.19248416e+02  4.01e-01   6.85e+01     2.31e-04   2120.475s
5444000 +3.18851501e+02 +3.19250169e+02  3.99e-01   6.83e+01     2.27e-04   2120.863s
5445000 +3.18855647e+02 +3.19250700e+02  3.95e-01   6.82e+01     2.23e-04   2121.252s
5446000 +3.18859780e+02 +3.19249945e+02  3.90e-01   6.80e+01     2.23e-04   2121.640s
5447000 +3.18864589e+02 +3.19249438e+02  3.85e-01   6.78e+01     2.24e-04   2122.030s
5448000 +3.18869392e+02 +3.19243722e+02  3.74e-01   6.76e+01     2.27e-04   2122.418s
5449000 +3.18874784e+02 +3.19238758e+02  3.64e-01   6.73e+01     2.28e-04   2122.806s
5450000 +3.18880332e+02 +3.19235751e+02  3.55e-01   6.71e+01     2.29e-04   2123.195s
5451000 +3.18885052e+02 +3.19237147e+02  3.52e-01   6.69e+01     2.35e-04   2123.583s
5452000 +3.18889528e+02 +3.19237906e+02  3.48e-01   6.67e+01     2.39e-04   2123.971s
5453000 +3.18895152e+02 +3.19241340e+02  3.46e-01   6.65e+01     2.45e-04   2124.359s
5454000 +3.18901349e+02 +3.19245081e+02  3.44e-01   6.63e+01     2.46e-04   2124.747s
5455000 +3.18907344e+02 +3.19242966e+02  3.36e-01   6.61e+01     2.38e-04   2125.136s
5456000 +3.18913924e+02 +3.19240524e+02  3.27e-01   6.59e+01     2.38e-04   2125.524s
5457000 +3.18920201e+02 +3.19239563e+02  3.19e-01   6.57e+01     2.41e-04   2125.912s
5458000 +3.18927269e+02 +3.19237935e+02  3.11e-01   6.56e+01     2.38e-04   2126.300s
5459000 +3.18933664e+02 +3.19237783e+02  3.04e-01   6.53e+01     2.30e-04   2126.689s
5460000 +3.18939407e+02 +3.19237068e+02  2.98e-01   6.51e+01     2.25e-04   2127.077s
5461000 +3.18945783e+02 +3.19231957e+02  2.86e-01   6.49e+01     2.22e-04   2127.465s
5462000 +3.18951545e+02 +3.19227582e+02  2.76e-01   6.47e+01     2.24e-04   2127.854s
5463000 +3.18956419e+02 +3.19229400e+02  2.73e-01   6.44e+01     2.31e-04   2128.242s
5464000 +3.18962490e+02 +3.19228053e+02  2.66e-01   6.42e+01     2.31e-04   2128.630s
5465000 +3.18968973e+02 +3.19229646e+02  2.61e-01   6.40e+01     2.25e-04   2129.019s
5466000 +3.18974854e+02 +3.19232926e+02  2.58e-01   6.38e+01     2.19e-04   2129.407s
5467000 +3.18979854e+02 +3.19234601e+02  2.55e-01   6.36e+01     2.12e-04   2129.795s
5468000 +3.18983762e+02 +3.19243268e+02  2.60e-01   6.34e+01     2.02e-04   2130.183s
5469000 +3.18988649e+02 +3.19247588e+02  2.59e-01   6.32e+01     1.97e-04   2130.571s
5470000 +3.18993642e+02 +3.19250330e+02  2.57e-01   6.30e+01     1.95e-04   2130.960s
5471000 +3.18998555e+02 +3.19254144e+02  2.56e-01   6.29e+01     1.95e-04   2131.348s
5472000 +3.19003437e+02 +3.19254461e+02  2.51e-01   6.29e+01     1.95e-04   2131.737s
5473000 +3.19008552e+02 +3.19259815e+02  2.51e-01   6.28e+01     1.91e-04   2132.125s
5474000 +3.19014070e+02 +3.19259808e+02  2.46e-01   6.27e+01     1.84e-04   2132.513s
5475000 +3.19019786e+02 +3.19260398e+02  2.41e-01   6.26e+01     1.81e-04   2132.901s
5476000 +3.19024424e+02 +3.19260200e+02  2.36e-01   6.24e+01     1.85e-04   2133.290s
5477000 +3.19028824e+02 +3.19258601e+02  2.30e-01   6.22e+01     1.83e-04   2133.678s
5478000 +3.19033557e+02 +3.19262255e+02  2.29e-01   6.21e+01     1.85e-04   2134.066s
5479000 +3.19038065e+02 +3.19262022e+02  2.24e-01   6.19e+01     1.89e-04   2134.454s
5480000 +3.19043635e+02 +3.19260350e+02  2.17e-01   6.17e+01     1.94e-04   2134.843s
5481000 +3.19048686e+02 +3.19256856e+02  2.08e-01   6.15e+01     1.97e-04   2135.231s
5482000 +3.19054653e+02 +3.19253743e+02  1.99e-01   6.12e+01     1.98e-04   2135.619s
5483000 +3.19059498e+02 +3.19252382e+02  1.93e-01   6.11e+01     1.98e-04   2136.007s
5484000 +3.19063433e+02 +3.19249693e+02  1.86e-01   6.09e+01     1.97e-04   2136.395s
5485000 +3.19066787e+02 +3.19249381e+02  1.83e-01   6.08e+01     1.91e-04   2136.784s
5486000 +3.19071416e+02 +3.19247651e+02  1.76e-01   6.06e+01     1.71e-04   2137.172s
5487000 +3.19074546e+02 +3.19249662e+02  1.75e-01   6.05e+01     1.55e-04   2137.560s
5488000 +3.19078335e+02 +3.19251142e+02  1.73e-01   6.03e+01     1.49e-04   2137.949s
5489000 +3.19082311e+02 +3.19250190e+02  1.68e-01   6.02e+01     1.46e-04   2138.337s
5490000 +3.19086227e+02 +3.19252248e+02  1.66e-01   6.01e+01     1.39e-04   2138.725s
5491000 +3.19090334e+02 +3.19254519e+02  1.64e-01   5.99e+01     1.38e-04   2139.113s
5492000 +3.19094051e+02 +3.19256716e+02  1.63e-01   5.98e+01     1.42e-04   2139.501s
5493000 +3.19097710e+02 +3.19256118e+02  1.58e-01   5.97e+01     1.38e-04   2139.889s
5494000 +3.19101530e+02 +3.19253957e+02  1.52e-01   5.96e+01     1.31e-04   2140.278s
5495000 +3.19105325e+02 +3.19255919e+02  1.51e-01   5.96e+01     1.27e-04   2140.666s
5496000 +3.19109169e+02 +3.19258862e+02  1.50e-01   5.95e+01     1.25e-04   2141.054s
5497000 +3.19112844e+02 +3.19262920e+02  1.50e-01   5.94e+01     1.26e-04   2141.442s
5498000 +3.19116725e+02 +3.19266240e+02  1.50e-01   5.93e+01     1.28e-04   2141.831s
5499000 +3.19120181e+02 +3.19271179e+02  1.51e-01   5.92e+01     1.37e-04   2142.219s
5500000 +3.19123233e+02 +3.19268971e+02  1.46e-01   5.91e+01     1.53e-04   2142.607s
5501000 +3.19127371e+02 +3.19266987e+02  1.40e-01   5.89e+01     1.67e-04   2142.996s
5502000 +3.19131121e+02 +3.19265992e+02  1.35e-01   5.88e+01     1.74e-04   2143.384s
5503000 +3.19134368e+02 +3.19264420e+02  1.30e-01   5.87e+01     1.68e-04   2143.773s
5504000 +3.19137686e+02 +3.19263005e+02  1.25e-01   5.85e+01     1.52e-04   2144.161s
5505000 +3.19141351e+02 +3.19259618e+02  1.18e-01   5.83e+01     1.43e-04   2144.549s
5506000 +3.19145270e+02 +3.19259693e+02  1.14e-01   5.81e+01     1.40e-04   2144.937s
5507000 +3.19149442e+02 +3.19260847e+02  1.11e-01   5.79e+01     1.39e-04   2145.325s
5508000 +3.19154494e+02 +3.19260864e+02  1.06e-01   5.77e+01     1.37e-04   2145.713s
5509000 +3.19159123e+02 +3.19259918e+02  1.01e-01   5.75e+01     1.33e-04   2146.102s
5510000 +3.19163658e+02 +3.19259192e+02  9.55e-02   5.74e+01     1.37e-04   2146.490s
5511000 +3.19168103e+02 +3.19261726e+02  9.36e-02   5.73e+01     1.40e-04   2146.878s
5512000 +3.19173271e+02 +3.19268742e+02  9.55e-02   5.71e+01     1.50e-04   2147.266s
5513000 +3.19177228e+02 +3.19273928e+02  9.67e-02   5.70e+01     1.59e-04   2147.654s
5514000 +3.19181099e+02 +3.19272988e+02  9.19e-02   5.68e+01     1.62e-04   2148.042s
5515000 +3.19184390e+02 +3.19271968e+02  8.76e-02   5.67e+01     1.65e-04   2148.430s
5516000 +3.19187628e+02 +3.19272767e+02  8.51e-02   5.66e+01     1.65e-04   2148.818s
5517000 +3.19191482e+02 +3.19273316e+02  8.18e-02   5.66e+01     1.67e-04   2149.207s
5518000 +3.19195711e+02 +3.19271226e+02  7.55e-02   5.65e+01     1.68e-04   2149.595s
5519000 +3.19199645e+02 +3.19274197e+02  7.46e-02   5.64e+01     1.66e-04   2149.983s
5520000 +3.19202639e+02 +3.19274781e+02  7.21e-02   5.62e+01     1.63e-04   2150.371s
5521000 +3.19206635e+02 +3.19272386e+02  6.58e-02   5.61e+01     1.68e-04   2150.760s
5522000 +3.19210180e+02 +3.19270375e+02  6.02e-02   5.60e+01     1.68e-04   2151.148s
5523000 +3.19213952e+02 +3.19270577e+02  5.66e-02   5.59e+01     1.78e-04   2151.536s
5524000 +3.19217517e+02 +3.19269250e+02  5.17e-02   5.57e+01     1.81e-04   2151.925s
5525000 +3.19220505e+02 +3.19269020e+02  4.85e-02   5.56e+01     1.84e-04   2152.313s
5526000 +3.19223476e+02 +3.19269313e+02  4.58e-02   5.55e+01     1.80e-04   2152.701s
5527000 +3.19227064e+02 +3.19269682e+02  4.26e-02   5.54e+01     1.77e-04   2153.089s
5528000 +3.19231122e+02 +3.19271906e+02  4.08e-02   5.52e+01     1.74e-04   2153.478s
5529000 +3.19235232e+02 +3.19271295e+02  3.61e-02   5.50e+01     1.68e-04   2153.866s
5530000 +3.19239725e+02 +3.19273689e+02  3.40e-02   5.48e+01     1.65e-04   2154.254s
5531000 +3.19243883e+02 +3.19275517e+02  3.16e-02   5.46e+01     1.61e-04   2154.643s
5532000 +3.19248144e+02 +3.19273263e+02  2.51e-02   5.44e+01     1.62e-04   2155.031s
5533000 +3.19252308e+02 +3.19269114e+02  1.68e-02   5.42e+01     1.66e-04   2155.419s
5534000 +3.19257230e+02 +3.19270044e+02  1.28e-02   5.40e+01     1.71e-04   2155.807s
5535000 +3.19262583e+02 +3.19270560e+02  7.98e-03   5.38e+01     1.67e-04   2156.196s
5536000 +3.19267018e+02 +3.19271679e+02  4.66e-03   5.36e+01     1.64e-04   2156.584s
5537000 +3.19271110e+02 +3.19271582e+02  4.72e-04   5.33e+01     1.58e-04   2156.972s
5538000 +3.19274655e+02 +3.19266964e+02  7.69e-03   5.31e+01     1.49e-04   2157.361s
5539000 +3.19278068e+02 +3.19265799e+02  1.23e-02   5.29e+01     1.46e-04   2157.749s
5540000 +3.19280380e+02 +3.19263880e+02  1.65e-02   5.28e+01     1.46e-04   2158.137s
5541000 +3.19281928e+02 +3.19266723e+02  1.52e-02   5.27e+01     1.52e-04   2158.526s
5542000 +3.19284053e+02 +3.19264683e+02  1.94e-02   5.26e+01     1.50e-04   2158.914s
5543000 +3.19286243e+02 +3.19263842e+02  2.24e-02   5.25e+01     1.46e-04   2159.302s
5544000 +3.19289213e+02 +3.19260923e+02  2.83e-02   5.24e+01     1.39e-04   2159.691s
5545000 +3.19291680e+02 +3.19258732e+02  3.29e-02   5.23e+01     1.38e-04   2160.079s
5546000 +3.19294618e+02 +3.19257498e+02  3.71e-02   5.22e+01     1.38e-04   2160.467s
5547000 +3.19297616e+02 +3.19255507e+02  4.21e-02   5.21e+01     1.33e-04   2160.856s
5548000 +3.19300588e+02 +3.19254748e+02  4.58e-02   5.21e+01     1.33e-04   2161.244s
5549000 +3.19304053e+02 +3.19257930e+02  4.61e-02   5.20e+01     1.36e-04   2161.633s
5550000 +3.19307320e+02 +3.19261653e+02  4.57e-02   5.19e+01     1.47e-04   2162.021s
5551000 +3.19309941e+02 +3.19263406e+02  4.65e-02   5.18e+01     1.49e-04   2162.409s
5552000 +3.19313375e+02 +3.19264685e+02  4.87e-02   5.17e+01     1.45e-04   2162.798s
5553000 +3.19317089e+02 +3.19263969e+02  5.31e-02   5.15e+01     1.48e-04   2163.186s
5554000 +3.19321270e+02 +3.19263306e+02  5.80e-02   5.14e+01     1.46e-04   2163.574s
5555000 +3.19325256e+02 +3.19263231e+02  6.20e-02   5.12e+01     1.46e-04   2163.962s
5556000 +3.19329201e+02 +3.19264228e+02  6.50e-02   5.10e+01     1.44e-04   2164.351s
5557000 +3.19333602e+02 +3.19266062e+02  6.75e-02   5.08e+01     1.40e-04   2164.739s
5558000 +3.19337834e+02 +3.19264006e+02  7.38e-02   5.06e+01     1.44e-04   2165.127s
5559000 +3.19342217e+02 +3.19264770e+02  7.74e-02   5.04e+01     1.43e-04   2165.515s
5560000 +3.19346580e+02 +3.19263721e+02  8.29e-02   5.03e+01     1.45e-04   2165.903s
5561000 +3.19350717e+02 +3.19266959e+02  8.38e-02   5.01e+01     1.43e-04   2166.291s
5562000 +3.19355121e+02 +3.19267452e+02  8.77e-02   5.00e+01     1.40e-04   2166.679s
5563000 +3.19360111e+02 +3.19267980e+02  9.21e-02   4.98e+01     1.40e-04   2167.068s
5564000 +3.19365110e+02 +3.19266191e+02  9.89e-02   4.97e+01     1.39e-04   2167.456s
5565000 +3.19368933e+02 +3.19265557e+02  1.03e-01   4.95e+01     1.37e-04   2167.844s
5566000 +3.19373004e+02 +3.19266456e+02  1.07e-01   4.93e+01     1.37e-04   2168.232s
5567000 +3.19376805e+02 +3.19270481e+02  1.06e-01   4.92e+01     1.31e-04   2168.621s
5568000 +3.19380466e+02 +3.19271620e+02  1.09e-01   4.91e+01     1.32e-04   2169.009s
5569000 +3.19383420e+02 +3.19272178e+02  1.11e-01   4.90e+01     1.34e-04   2169.397s
5570000 +3.19386710e+02 +3.19272908e+02  1.14e-01   4.89e+01     1.29e-04   2169.785s
5571000 +3.19389635e+02 +3.19271595e+02  1.18e-01   4.88e+01     1.27e-04   2170.174s
5572000 +3.19393080e+02 +3.19270665e+02  1.22e-01   4.87e+01     1.24e-04   2170.562s
5573000 +3.19397165e+02 +3.19270273e+02  1.27e-01   4.86e+01     1.19e-04   2170.951s
5574000 +3.19401836e+02 +3.19267197e+02  1.35e-01   4.85e+01     1.25e-04   2171.339s
5575000 +3.19405348e+02 +3.19266295e+02  1.39e-01   4.83e+01     1.27e-04   2171.727s
5576000 +3.19408930e+02 +3.19265565e+02  1.43e-01   4.82e+01     1.30e-04   2172.115s
5577000 +3.19412372e+02 +3.19264276e+02  1.48e-01   4.81e+01     1.27e-04   2172.503s
5578000 +3.19415941e+02 +3.19261877e+02  1.54e-01   4.81e+01     1.26e-04   2172.892s
5579000 +3.19418875e+02 +3.19258825e+02  1.60e-01   4.80e+01     1.24e-04   2173.280s
5580000 +3.19422503e+02 +3.19258330e+02  1.64e-01   4.80e+01     1.20e-04   2173.668s
5581000 +3.19426038e+02 +3.19259600e+02  1.66e-01   4.79e+01     1.19e-04   2174.057s
5582000 +3.19429950e+02 +3.19260373e+02  1.70e-01   4.78e+01     1.18e-04   2174.445s
5583000 +3.19433855e+02 +3.19258648e+02  1.75e-01   4.77e+01     1.18e-04   2174.833s
5584000 +3.19438505e+02 +3.19255532e+02  1.83e-01   4.75e+01     1.20e-04   2175.221s
5585000 +3.19443199e+02 +3.19251392e+02  1.92e-01   4.73e+01     1.24e-04   2175.609s
5586000 +3.19447609e+02 +3.19246961e+02  2.01e-01   4.72e+01     1.26e-04   2175.997s
5587000 +3.19452042e+02 +3.19245232e+02  2.07e-01   4.71e+01     1.24e-04   2176.385s
5588000 +3.19456240e+02 +3.19244119e+02  2.12e-01   4.70e+01     1.20e-04   2176.773s
5589000 +3.19461026e+02 +3.19241087e+02  2.20e-01   4.69e+01     1.24e-04   2177.162s
5590000 +3.19465599e+02 +3.19238697e+02  2.27e-01   4.67e+01     1.17e-04   2177.550s
5591000 +3.19470477e+02 +3.19239346e+02  2.31e-01   4.65e+01     1.13e-04   2177.938s
5592000 +3.19475225e+02 +3.19236549e+02  2.39e-01   4.64e+01     1.20e-04   2178.327s
5593000 +3.19479945e+02 +3.19235401e+02  2.45e-01   4.62e+01     1.14e-04   2178.715s
5594000 +3.19484625e+02 +3.19233889e+02  2.51e-01   4.60e+01     1.17e-04   2179.103s
5595000 +3.19489121e+02 +3.19233639e+02  2.55e-01   4.59e+01     1.20e-04   2179.491s
5596000 +3.19493849e+02 +3.19235342e+02  2.59e-01   4.57e+01     1.19e-04   2179.880s
5597000 +3.19498653e+02 +3.19234834e+02  2.64e-01   4.56e+01     1.16e-04   2180.268s
5598000 +3.19503442e+02 +3.19235702e+02  2.68e-01   4.55e+01     1.16e-04   2180.656s
5599000 +3.19507283e+02 +3.19233860e+02  2.73e-01   4.54e+01     1.13e-04   2181.045s
5600000 +3.19510924e+02 +3.19236798e+02  2.74e-01   4.53e+01     1.12e-04   2181.433s
5601000 +3.19514927e+02 +3.19234175e+02  2.81e-01   4.52e+01     1.12e-04   2181.821s
5602000 +3.19519140e+02 +3.19230746e+02  2.88e-01   4.51e+01     1.11e-04   2182.209s
5603000 +3.19523494e+02 +3.19227426e+02  2.96e-01   4.50e+01     1.09e-04   2182.598s
5604000 +3.19527705e+02 +3.19225958e+02  3.02e-01   4.48e+01     1.11e-04   2182.986s
5605000 +3.19531790e+02 +3.19226186e+02  3.06e-01   4.47e+01     1.17e-04   2183.374s
5606000 +3.19535721e+02 +3.19227551e+02  3.08e-01   4.45e+01     1.18e-04   2183.762s
5607000 +3.19540103e+02 +3.19229484e+02  3.11e-01   4.44e+01     1.18e-04   2184.151s
5608000 +3.19544224e+02 +3.19228883e+02  3.15e-01   4.43e+01     1.16e-04   2184.539s
5609000 +3.19548822e+02 +3.19228634e+02  3.20e-01   4.41e+01     1.14e-04   2184.927s
5610000 +3.19553670e+02 +3.19229056e+02  3.25e-01   4.40e+01     1.12e-04   2185.316s
5611000 +3.19558225e+02 +3.19227442e+02  3.31e-01   4.39e+01     1.09e-04   2185.704s
5612000 +3.19563145e+02 +3.19225500e+02  3.38e-01   4.38e+01     1.10e-04   2186.093s
5613000 +3.19567956e+02 +3.19223960e+02  3.44e-01   4.36e+01     1.14e-04   2186.481s
5614000 +3.19571686e+02 +3.19221550e+02  3.50e-01   4.35e+01     1.15e-04   2186.869s
5615000 +3.19575903e+02 +3.19220906e+02  3.55e-01   4.33e+01     1.20e-04   2187.257s
5616000 +3.19580087e+02 +3.19221574e+02  3.59e-01   4.32e+01     1.15e-04   2187.646s
5617000 +3.19584518e+02 +3.19222400e+02  3.62e-01   4.31e+01     1.11e-04   2188.034s
5618000 +3.19588768e+02 +3.19221783e+02  3.67e-01   4.30e+01     1.11e-04   2188.423s
5619000 +3.19592355e+02 +3.19220210e+02  3.72e-01   4.29e+01     1.06e-04   2188.811s
5620000 +3.19596455e+02 +3.19218494e+02  3.78e-01   4.28e+01     1.07e-04   2189.199s
5621000 +3.19600195e+02 +3.19216907e+02  3.83e-01   4.26e+01     1.08e-04   2189.587s
5622000 +3.19603689e+02 +3.19216007e+02  3.88e-01   4.25e+01     1.10e-04   2189.976s
5623000 +3.19607261e+02 +3.19214350e+02  3.93e-01   4.25e+01     1.10e-04   2190.365s
5624000 +3.19610639e+02 +3.19217441e+02  3.93e-01   4.23e+01     1.07e-04   2190.753s
5625000 +3.19613921e+02 +3.19219921e+02  3.94e-01   4.22e+01     1.02e-04   2191.141s
5626000 +3.19617641e+02 +3.19220893e+02  3.97e-01   4.21e+01     9.69e-05   2191.529s
5627000 +3.19621437e+02 +3.19221911e+02  4.00e-01   4.20e+01     9.32e-05   2191.918s
5628000 +3.19625012e+02 +3.19221574e+02  4.03e-01   4.19e+01     9.56e-05   2192.306s
5629000 +3.19628979e+02 +3.19221150e+02  4.08e-01   4.18e+01     9.68e-05   2192.694s
5630000 +3.19632586e+02 +3.19220850e+02  4.12e-01   4.17e+01     9.67e-05   2193.082s
5631000 +3.19635837e+02 +3.19220431e+02  4.15e-01   4.16e+01     9.64e-05   2193.470s
5632000 +3.19639424e+02 +3.19218731e+02  4.21e-01   4.15e+01     1.01e-04   2193.859s
5633000 +3.19643092e+02 +3.19220620e+02  4.22e-01   4.14e+01     1.05e-04   2194.247s
5634000 +3.19646870e+02 +3.19221179e+02  4.26e-01   4.13e+01     1.11e-04   2194.635s
5635000 +3.19650386e+02 +3.19220739e+02  4.30e-01   4.12e+01     1.13e-04   2195.024s
5636000 +3.19654178e+02 +3.19222866e+02  4.31e-01   4.12e+01     1.11e-04   2195.412s
5637000 +3.19657917e+02 +3.19223917e+02  4.34e-01   4.11e+01     1.07e-04   2195.800s
5638000 +3.19661219e+02 +3.19224709e+02  4.37e-01   4.10e+01     9.96e-05   2196.189s
5639000 +3.19664164e+02 +3.19225165e+02  4.39e-01   4.09e+01     9.16e-05   2196.577s
5640000 +3.19667160e+02 +3.19224682e+02  4.42e-01   4.08e+01     8.85e-05   2196.965s
5641000 +3.19670036e+02 +3.19222654e+02  4.47e-01   4.08e+01     8.89e-05   2197.355s
5642000 +3.19673061e+02 +3.19221068e+02  4.52e-01   4.07e+01     9.13e-05   2197.743s
5643000 +3.19676496e+02 +3.19220144e+02  4.56e-01   4.05e+01     9.08e-05   2198.131s
5644000 +3.19680033e+02 +3.19218775e+02  4.61e-01   4.04e+01     9.20e-05   2198.519s
5645000 +3.19683510e+02 +3.19219663e+02  4.64e-01   4.02e+01     9.21e-05   2198.907s
5646000 +3.19686895e+02 +3.19219600e+02  4.67e-01   4.01e+01     9.13e-05   2199.295s
5647000 +3.19690186e+02 +3.19219325e+02  4.71e-01   3.99e+01     9.22e-05   2199.684s
5648000 +3.19693541e+02 +3.19216886e+02  4.77e-01   3.98e+01     9.46e-05   2200.072s
5649000 +3.19697377e+02 +3.19216443e+02  4.81e-01   3.97e+01     9.76e-05   2200.460s
5650000 +3.19701002e+02 +3.19216505e+02  4.84e-01   3.96e+01     9.74e-05   2200.848s
5651000 +3.19705234e+02 +3.19216914e+02  4.88e-01   3.94e+01     9.91e-05   2201.237s
5652000 +3.19709059e+02 +3.19216443e+02  4.93e-01   3.93e+01     1.04e-04   2201.625s
5653000 +3.19712891e+02 +3.19215827e+02  4.97e-01   3.92e+01     1.02e-04   2202.014s
5654000 +3.19716151e+02 +3.19216056e+02  5.00e-01   3.90e+01     9.99e-05   2202.402s
5655000 +3.19719533e+02 +3.19214938e+02  5.05e-01   3.89e+01     9.63e-05   2202.790s
5656000 +3.19723222e+02 +3.19213897e+02  5.09e-01   3.88e+01     9.69e-05   2203.178s
5657000 +3.19726943e+02 +3.19211782e+02  5.15e-01   3.87e+01     9.62e-05   2203.566s
5658000 +3.19730643e+02 +3.19210675e+02  5.20e-01   3.85e+01     9.48e-05   2203.955s
5659000 +3.19734788e+02 +3.19209272e+02  5.26e-01   3.84e+01     8.92e-05   2204.343s
5660000 +3.19738574e+02 +3.19207320e+02  5.31e-01   3.83e+01     8.36e-05   2204.731s
5661000 +3.19742351e+02 +3.19205240e+02  5.37e-01   3.81e+01     8.42e-05   2205.119s
5662000 +3.19745707e+02 +3.19202690e+02  5.43e-01   3.80e+01     8.19e-05   2205.508s
5663000 +3.19749644e+02 +3.19203563e+02  5.46e-01   3.79e+01     7.73e-05   2205.896s
5664000 +3.19753677e+02 +3.19205483e+02  5.48e-01   3.77e+01     7.62e-05   2206.285s
5665000 +3.19757979e+02 +3.19206760e+02  5.51e-01   3.75e+01     7.84e-05   2206.673s
5666000 +3.19761740e+02 +3.19206976e+02  5.55e-01   3.74e+01     7.91e-05   2207.062s
5667000 +3.19765453e+02 +3.19208104e+02  5.57e-01   3.73e+01     7.94e-05   2207.449s
5668000 +3.19769106e+02 +3.19208175e+02  5.61e-01   3.72e+01     8.15e-05   2207.838s
5669000 +3.19772969e+02 +3.19208390e+02  5.65e-01   3.70e+01     8.55e-05   2208.226s
5670000 +3.19776592e+02 +3.19210221e+02  5.66e-01   3.69e+01     8.59e-05   2208.614s
5671000 +3.19780315e+02 +3.19211858e+02  5.68e-01   3.68e+01     9.07e-05   2209.003s
5672000 +3.19783975e+02 +3.19213243e+02  5.71e-01   3.67e+01     8.87e-05   2209.391s
5673000 +3.19787866e+02 +3.19213049e+02  5.75e-01   3.66e+01     8.55e-05   2209.779s
5674000 +3.19791393e+02 +3.19214766e+02  5.77e-01   3.65e+01     8.21e-05   2210.167s
5675000 +3.19794591e+02 +3.19216045e+02  5.79e-01   3.65e+01     8.20e-05   2210.555s
5676000 +3.19797671e+02 +3.19216805e+02  5.81e-01   3.64e+01     8.37e-05   2210.944s
5677000 +3.19800929e+02 +3.19219570e+02  5.81e-01   3.63e+01     8.70e-05   2211.332s
5678000 +3.19803612e+02 +3.19222253e+02  5.81e-01   3.63e+01     9.22e-05   2211.720s
5679000 +3.19806184e+02 +3.19224309e+02  5.82e-01   3.62e+01     9.44e-05   2212.108s
5680000 +3.19808845e+02 +3.19227558e+02  5.81e-01   3.61e+01     9.56e-05   2212.497s
5681000 +3.19812242e+02 +3.19230488e+02  5.82e-01   3.60e+01     9.29e-05   2212.885s
5682000 +3.19816151e+02 +3.19231637e+02  5.85e-01   3.59e+01     8.96e-05   2213.274s
5683000 +3.19819544e+02 +3.19232097e+02  5.87e-01   3.59e+01     9.32e-05   2213.662s
5684000 +3.19823833e+02 +3.19231933e+02  5.92e-01   3.58e+01     1.01e-04   2214.050s
5685000 +3.19827467e+02 +3.19232176e+02  5.95e-01   3.57e+01     1.03e-04   2214.438s
5686000 +3.19830516e+02 +3.19235029e+02  5.95e-01   3.56e+01     1.05e-04   2214.827s
5687000 +3.19833799e+02 +3.19236467e+02  5.97e-01   3.55e+01     1.07e-04   2215.215s
5688000 +3.19836766e+02 +3.19237015e+02  6.00e-01   3.55e+01     1.12e-04   2215.603s
5689000 +3.19839202e+02 +3.19237704e+02  6.01e-01   3.54e+01     1.15e-04   2215.991s
5690000 +3.19841760e+02 +3.19236668e+02  6.05e-01   3.53e+01     1.13e-04   2216.380s
5691000 +3.19844094e+02 +3.19236794e+02  6.07e-01   3.52e+01     1.10e-04   2216.768s
5692000 +3.19846843e+02 +3.19237129e+02  6.10e-01   3.51e+01     1.05e-04   2217.156s
5693000 +3.19849503e+02 +3.19234311e+02  6.15e-01   3.50e+01     1.07e-04   2217.544s
5694000 +3.19852327e+02 +3.19234971e+02  6.17e-01   3.49e+01     1.07e-04   2217.932s
5695000 +3.19855294e+02 +3.19234643e+02  6.21e-01   3.48e+01     1.08e-04   2218.321s
5696000 +3.19858359e+02 +3.19233914e+02  6.24e-01   3.47e+01     1.04e-04   2218.709s
5697000 +3.19860978e+02 +3.19233008e+02  6.28e-01   3.46e+01     1.03e-04   2219.097s
5698000 +3.19863714e+02 +3.19234418e+02  6.29e-01   3.45e+01     1.01e-04   2219.486s
5699000 +3.19866319e+02 +3.19239135e+02  6.27e-01   3.44e+01     1.01e-04   2219.874s
5700000 +3.19868706e+02 +3.19237998e+02  6.31e-01   3.43e+01     1.05e-04   2220.262s
5701000 +3.19871618e+02 +3.19237266e+02  6.34e-01   3.42e+01     1.05e-04   2220.650s
5702000 +3.19874158e+02 +3.19238201e+02  6.36e-01   3.41e+01     1.05e-04   2221.039s
5703000 +3.19876317e+02 +3.19240636e+02  6.36e-01   3.40e+01     1.03e-04   2221.427s
5704000 +3.19878412e+02 +3.19241827e+02  6.37e-01   3.40e+01     1.05e-04   2221.815s
5705000 +3.19880268e+02 +3.19244743e+02  6.36e-01   3.39e+01     1.03e-04   2222.203s
5706000 +3.19882216e+02 +3.19246859e+02  6.35e-01   3.39e+01     1.03e-04   2222.592s
5707000 +3.19884052e+02 +3.19247362e+02  6.37e-01   3.38e+01     1.03e-04   2222.980s
5708000 +3.19885959e+02 +3.19247887e+02  6.38e-01   3.38e+01     1.05e-04   2223.368s
5709000 +3.19888296e+02 +3.19250911e+02  6.37e-01   3.37e+01     1.04e-04   2223.757s
5710000 +3.19891209e+02 +3.19251799e+02  6.39e-01   3.36e+01     1.03e-04   2224.145s
5711000 +3.19893921e+02 +3.19251152e+02  6.43e-01   3.35e+01     1.01e-04   2224.533s
5712000 +3.19896473e+02 +3.19252452e+02  6.44e-01   3.34e+01     1.01e-04   2224.921s
5713000 +3.19899436e+02 +3.19253850e+02  6.46e-01   3.33e+01     1.02e-04   2225.310s
5714000 +3.19902011e+02 +3.19254418e+02  6.48e-01   3.32e+01     1.03e-04   2225.699s
5715000 +3.19904470e+02 +3.19255627e+02  6.49e-01   3.31e+01     1.04e-04   2226.087s
5716000 +3.19907192e+02 +3.19258131e+02  6.49e-01   3.29e+01     1.05e-04   2226.476s
5717000 +3.19910038e+02 +3.19259867e+02  6.50e-01   3.28e+01     1.04e-04   2226.864s
5718000 +3.19912685e+02 +3.19260938e+02  6.52e-01   3.27e+01     1.03e-04   2227.252s
5719000 +3.19915069e+02 +3.19262846e+02  6.52e-01   3.26e+01     1.02e-04   2227.641s
5720000 +3.19917567e+02 +3.19265043e+02  6.53e-01   3.25e+01     1.03e-04   2228.029s
5721000 +3.19920453e+02 +3.19265160e+02  6.55e-01   3.25e+01     1.01e-04   2228.417s
5722000 +3.19923440e+02 +3.19266344e+02  6.57e-01   3.24e+01     1.00e-04   2228.805s
5723000 +3.19926541e+02 +3.19266926e+02  6.60e-01   3.23e+01     9.96e-05   2229.194s
5724000 +3.19929268e+02 +3.19266934e+02  6.62e-01   3.23e+01     9.33e-05   2229.583s
5725000 +3.19931743e+02 +3.19265650e+02  6.66e-01   3.23e+01     9.15e-05   2229.971s
5726000 +3.19933526e+02 +3.19264984e+02  6.69e-01   3.22e+01     8.78e-05   2230.359s
5727000 +3.19935009e+02 +3.19265976e+02  6.69e-01   3.22e+01     8.42e-05   2230.748s
5728000 +3.19936504e+02 +3.19267887e+02  6.69e-01   3.22e+01     7.92e-05   2231.136s
5729000 +3.19938233e+02 +3.19268376e+02  6.70e-01   3.21e+01     7.59e-05   2231.525s
5730000 +3.19939732e+02 +3.19268141e+02  6.72e-01   3.20e+01     7.08e-05   2231.913s
5731000 +3.19941696e+02 +3.19268100e+02  6.74e-01   3.20e+01     6.95e-05   2232.302s
5732000 +3.19943619e+02 +3.19268213e+02  6.75e-01   3.19e+01     7.09e-05   2232.690s
5733000 +3.19945513e+02 +3.19268583e+02  6.77e-01   3.19e+01     6.93e-05   2233.078s
5734000 +3.19947590e+02 +3.19268928e+02  6.79e-01   3.18e+01     6.80e-05   2233.467s
5735000 +3.19949871e+02 +3.19270720e+02  6.79e-01   3.17e+01     6.98e-05   2233.855s
5736000 +3.19951909e+02 +3.19271169e+02  6.81e-01   3.16e+01     7.18e-05   2234.243s
5737000 +3.19953802e+02 +3.19271187e+02  6.83e-01   3.15e+01     7.49e-05   2234.631s
5738000 +3.19955846e+02 +3.19271244e+02  6.85e-01   3.15e+01     7.51e-05   2235.020s
5739000 +3.19957733e+02 +3.19271670e+02  6.86e-01   3.14e+01     7.43e-05   2235.408s
5740000 +3.19959422e+02 +3.19272915e+02  6.87e-01   3.13e+01     7.59e-05   2235.796s
5741000 +3.19961487e+02 +3.19273689e+02  6.88e-01   3.13e+01     7.49e-05   2236.185s
5742000 +3.19963918e+02 +3.19275323e+02  6.89e-01   3.12e+01     7.35e-05   2236.573s
5743000 +3.19966222e+02 +3.19276965e+02  6.89e-01   3.11e+01     7.46e-05   2236.962s
5744000 +3.19968193e+02 +3.19278128e+02  6.90e-01   3.10e+01     7.58e-05   2237.350s
5745000 +3.19970523e+02 +3.19279309e+02  6.91e-01   3.09e+01     7.63e-05   2237.739s
5746000 +3.19972832e+02 +3.19280521e+02  6.92e-01   3.09e+01     7.69e-05   2238.127s
5747000 +3.19975340e+02 +3.19282751e+02  6.93e-01   3.08e+01     7.82e-05   2238.515s
5748000 +3.19977862e+02 +3.19282406e+02  6.95e-01   3.07e+01     7.66e-05   2238.904s
5749000 +3.19979675e+02 +3.19279556e+02  7.00e-01   3.07e+01     8.13e-05   2239.292s
5750000 +3.19982034e+02 +3.19279367e+02  7.03e-01   3.06e+01     8.10e-05   2239.680s
5751000 +3.19984365e+02 +3.19279221e+02  7.05e-01   3.05e+01     7.88e-05   2240.069s
5752000 +3.19986635e+02 +3.19278741e+02  7.08e-01   3.05e+01     7.86e-05   2240.457s
5753000 +3.19989257e+02 +3.19279352e+02  7.10e-01   3.04e+01     7.89e-05   2240.845s
5754000 +3.19991799e+02 +3.19279959e+02  7.12e-01   3.03e+01     8.12e-05   2241.233s
5755000 +3.19994574e+02 +3.19279639e+02  7.15e-01   3.02e+01     8.11e-05   2241.622s
5756000 +3.19997628e+02 +3.19280879e+02  7.17e-01   3.01e+01     8.13e-05   2242.010s
5757000 +3.20000724e+02 +3.19282895e+02  7.18e-01   3.01e+01     7.98e-05   2242.398s
5758000 +3.20003296e+02 +3.19286054e+02  7.17e-01   3.00e+01     8.05e-05   2242.787s
5759000 +3.20005948e+02 +3.19288205e+02  7.18e-01   2.99e+01     8.04e-05   2243.175s
5760000 +3.20008731e+02 +3.19291046e+02  7.18e-01   2.98e+01     8.08e-05   2243.563s
5761000 +3.20010868e+02 +3.19292019e+02  7.19e-01   2.97e+01     7.79e-05   2243.951s
5762000 +3.20013191e+02 +3.19294296e+02  7.19e-01   2.96e+01     7.62e-05   2244.339s
5763000 +3.20015707e+02 +3.19298281e+02  7.17e-01   2.95e+01     7.69e-05   2244.728s
5764000 +3.20018397e+02 +3.19300200e+02  7.18e-01   2.94e+01     7.71e-05   2245.116s
5765000 +3.20021043e+02 +3.19303681e+02  7.17e-01   2.93e+01     7.70e-05   2245.504s
5766000 +3.20023407e+02 +3.19305025e+02  7.18e-01   2.92e+01     7.82e-05   2245.893s
5767000 +3.20026453e+02 +3.19305284e+02  7.21e-01   2.91e+01     7.96e-05   2246.281s
5768000 +3.20029598e+02 +3.19305760e+02  7.24e-01   2.90e+01     8.30e-05   2246.670s
5769000 +3.20032777e+02 +3.19307004e+02  7.26e-01   2.90e+01     8.60e-05   2247.058s
5770000 +3.20035877e+02 +3.19309321e+02  7.27e-01   2.89e+01     8.87e-05   2247.446s
5771000 +3.20038913e+02 +3.19312670e+02  7.26e-01   2.88e+01     8.78e-05   2247.835s
5772000 +3.20042254e+02 +3.19313827e+02  7.28e-01   2.88e+01     8.88e-05   2248.224s
5773000 +3.20045492e+02 +3.19315158e+02  7.30e-01   2.87e+01     8.93e-05   2248.612s
5774000 +3.20048665e+02 +3.19315181e+02  7.33e-01   2.86e+01     9.10e-05   2249.001s
5775000 +3.20051610e+02 +3.19315386e+02  7.36e-01   2.85e+01     9.18e-05   2249.389s
5776000 +3.20054198e+02 +3.19316477e+02  7.38e-01   2.85e+01     9.02e-05   2249.777s
5777000 +3.20056199e+02 +3.19316378e+02  7.40e-01   2.84e+01     8.95e-05   2250.166s
5778000 +3.20058195e+02 +3.19317410e+02  7.41e-01   2.83e+01     8.85e-05   2250.554s
5779000 +3.20060281e+02 +3.19316233e+02  7.44e-01   2.83e+01     8.71e-05   2250.943s
5780000 +3.20062237e+02 +3.19313510e+02  7.49e-01   2.82e+01     8.41e-05   2251.331s
5781000 +3.20064136e+02 +3.19311292e+02  7.53e-01   2.82e+01     8.20e-05   2251.720s
5782000 +3.20066048e+02 +3.19309130e+02  7.57e-01   2.82e+01     8.14e-05   2252.108s
5783000 +3.20067579e+02 +3.19310207e+02  7.57e-01   2.82e+01     8.14e-05   2252.496s
5784000 +3.20069211e+02 +3.19310042e+02  7.59e-01   2.82e+01     8.22e-05   2252.885s
5785000 +3.20071046e+02 +3.19310495e+02  7.61e-01   2.81e+01     8.42e-05   2253.274s
5786000 +3.20073141e+02 +3.19310404e+02  7.63e-01   2.81e+01     8.73e-05   2253.662s
5787000 +3.20074883e+02 +3.19310660e+02  7.64e-01   2.81e+01     9.00e-05   2254.051s
5788000 +3.20076325e+02 +3.19310267e+02  7.66e-01   2.80e+01     9.32e-05   2254.439s
5789000 +3.20077680e+02 +3.19310328e+02  7.67e-01   2.80e+01     9.34e-05   2254.828s
5790000 +3.20079266e+02 +3.19310245e+02  7.69e-01   2.80e+01     9.41e-05   2255.216s
5791000 +3.20081231e+02 +3.19310144e+02  7.71e-01   2.79e+01     9.52e-05   2255.605s
5792000 +3.20083052e+02 +3.19309842e+02  7.73e-01   2.79e+01     9.43e-05   2255.993s
5793000 +3.20084635e+02 +3.19309658e+02  7.75e-01   2.78e+01     9.29e-05   2256.381s
5794000 +3.20086539e+02 +3.19310552e+02  7.76e-01   2.77e+01     9.19e-05   2256.770s
5795000 +3.20088351e+02 +3.19310470e+02  7.78e-01   2.77e+01     9.15e-05   2257.158s
5796000 +3.20090422e+02 +3.19312024e+02  7.78e-01   2.76e+01     9.25e-05   2257.547s
5797000 +3.20092986e+02 +3.19314496e+02  7.78e-01   2.75e+01     9.42e-05   2257.935s
5798000 +3.20095651e+02 +3.19312716e+02  7.83e-01   2.75e+01     9.37e-05   2258.323s
5799000 +3.20097545e+02 +3.19311766e+02  7.86e-01   2.75e+01     9.10e-05   2258.712s
5800000 +3.20099486e+02 +3.19310462e+02  7.89e-01   2.74e+01     8.99e-05   2259.101s
5801000 +3.20101343e+02 +3.19309761e+02  7.92e-01   2.73e+01     9.07e-05   2259.489s
5802000 +3.20103193e+02 +3.19310029e+02  7.93e-01   2.73e+01     9.25e-05   2259.877s
5803000 +3.20105295e+02 +3.19309178e+02  7.96e-01   2.73e+01     9.41e-05   2260.266s
5804000 +3.20107191e+02 +3.19309632e+02  7.98e-01   2.72e+01     9.29e-05   2260.654s
5805000 +3.20109336e+02 +3.19308938e+02  8.00e-01   2.72e+01     9.20e-05   2261.042s
5806000 +3.20110932e+02 +3.19308791e+02  8.02e-01   2.71e+01     9.40e-05   2261.431s
5807000 +3.20112734e+02 +3.19309507e+02  8.03e-01   2.70e+01     9.40e-05   2261.819s
5808000 +3.20114529e+02 +3.19309449e+02  8.05e-01   2.70e+01     9.47e-05   2262.207s
5809000 +3.20116207e+02 +3.19308815e+02  8.07e-01   2.69e+01     9.76e-05   2262.596s
5810000 +3.20117960e+02 +3.19309915e+02  8.08e-01   2.69e+01     9.70e-05   2262.985s
5811000 +3.20119964e+02 +3.19312491e+02  8.07e-01   2.68e+01     9.77e-05   2263.373s
5812000 +3.20122237e+02 +3.19315141e+02  8.07e-01   2.67e+01     9.84e-05   2263.761s
5813000 +3.20124893e+02 +3.19317240e+02  8.08e-01   2.66e+01     9.84e-05   2264.150s
5814000 +3.20127767e+02 +3.19318962e+02  8.09e-01   2.66e+01     9.92e-05   2264.538s
5815000 +3.20130150e+02 +3.19322258e+02  8.08e-01   2.65e+01     9.84e-05   2264.927s
5816000 +3.20132825e+02 +3.19324272e+02  8.09e-01   2.65e+01     9.75e-05   2265.315s
5817000 +3.20135312e+02 +3.19327548e+02  8.08e-01   2.64e+01     9.80e-05   2265.704s
5818000 +3.20138192e+02 +3.19329729e+02  8.08e-01   2.64e+01     9.77e-05   2266.092s
5819000 +3.20140062e+02 +3.19333271e+02  8.07e-01   2.63e+01     9.66e-05   2266.481s
5820000 +3.20142080e+02 +3.19336596e+02  8.05e-01   2.62e+01     9.50e-05   2266.869s
5821000 +3.20144233e+02 +3.19338062e+02  8.06e-01   2.62e+01     9.34e-05   2267.257s
5822000 +3.20146204e+02 +3.19340099e+02  8.06e-01   2.61e+01     9.09e-05   2267.646s
5823000 +3.20147970e+02 +3.19342612e+02  8.05e-01   2.61e+01     8.81e-05   2268.035s
5824000 +3.20150178e+02 +3.19344840e+02  8.05e-01   2.60e+01     8.60e-05   2268.423s
5825000 +3.20152042e+02 +3.19346493e+02  8.06e-01   2.60e+01     8.57e-05   2268.812s
5826000 +3.20154186e+02 +3.19349313e+02  8.05e-01   2.59e+01     8.45e-05   2269.200s
5827000 +3.20156352e+02 +3.19350672e+02  8.06e-01   2.59e+01     8.47e-05   2269.588s
5828000 +3.20158309e+02 +3.19353627e+02  8.05e-01   2.59e+01     8.34e-05   2269.977s
5829000 +3.20160331e+02 +3.19356483e+02  8.04e-01   2.58e+01     8.27e-05   2270.365s
5830000 +3.20162124e+02 +3.19357723e+02  8.04e-01   2.58e+01     8.00e-05   2270.754s
5831000 +3.20163687e+02 +3.19358281e+02  8.05e-01   2.57e+01     7.83e-05   2271.142s
5832000 +3.20165302e+02 +3.19358894e+02  8.06e-01   2.57e+01     7.82e-05   2271.531s
5833000 +3.20166970e+02 +3.19359631e+02  8.07e-01   2.56e+01     7.83e-05   2271.919s
5834000 +3.20168586e+02 +3.19361596e+02  8.07e-01   2.56e+01     8.07e-05   2272.307s
5835000 +3.20170077e+02 +3.19363069e+02  8.07e-01   2.55e+01     8.25e-05   2272.696s
5836000 +3.20171572e+02 +3.19366635e+02  8.05e-01   2.55e+01     8.27e-05   2273.084s
5837000 +3.20172942e+02 +3.19366584e+02  8.06e-01   2.55e+01     8.08e-05   2273.472s
5838000 +3.20174237e+02 +3.19367590e+02  8.07e-01   2.54e+01     8.01e-05   2273.861s
5839000 +3.20175685e+02 +3.19369279e+02  8.06e-01   2.54e+01     8.07e-05   2274.250s
5840000 +3.20177413e+02 +3.19371705e+02  8.06e-01   2.54e+01     8.16e-05   2274.638s
5841000 +3.20179099e+02 +3.19373724e+02  8.05e-01   2.53e+01     8.17e-05   2275.027s
5842000 +3.20180510e+02 +3.19374965e+02  8.06e-01   2.53e+01     8.06e-05   2275.415s
5843000 +3.20181949e+02 +3.19377085e+02  8.05e-01   2.53e+01     7.90e-05   2275.803s
5844000 +3.20182927e+02 +3.19378846e+02  8.04e-01   2.52e+01     7.50e-05   2276.192s
5845000 +3.20183833e+02 +3.19380016e+02  8.04e-01   2.52e+01     7.22e-05   2276.580s
5846000 +3.20184743e+02 +3.19381955e+02  8.03e-01   2.52e+01     6.80e-05   2276.968s
5847000 +3.20185515e+02 +3.19382205e+02  8.03e-01   2.52e+01     6.67e-05   2277.357s
5848000 +3.20186401e+02 +3.19382007e+02  8.04e-01   2.52e+01     6.56e-05   2277.746s
5849000 +3.20187499e+02 +3.19381842e+02  8.06e-01   2.52e+01     6.27e-05   2278.134s
5850000 +3.20188975e+02 +3.19367238e+02  8.22e-01   2.55e+01     7.45e-05   2278.523s
5851000 +3.20190970e+02 +3.19365167e+02  8.26e-01   2.55e+01     8.44e-05   2278.911s
5852000 +3.20193917e+02 +3.19364146e+02  8.30e-01   2.54e+01     9.92e-05   2279.299s
5853000 +3.20197028e+02 +3.19366580e+02  8.30e-01   2.54e+01     1.23e-04   2279.686s
5854000 +3.20200906e+02 +3.19372049e+02  8.29e-01   2.53e+01     1.34e-04   2280.074s
5855000 +3.20205132e+02 +3.19380086e+02  8.25e-01   2.52e+01     1.57e-04   2280.462s
5856000 +3.20210149e+02 +3.19384608e+02  8.26e-01   2.51e+01     1.88e-04   2280.850s
5857000 +3.20215122e+02 +3.19392162e+02  8.23e-01   2.50e+01     2.46e-04   2281.238s
5858000 +3.20220452e+02 +3.19392472e+02  8.28e-01   2.49e+01     3.49e-04   2281.626s
5859000 +3.20225349e+02 +3.19392595e+02  8.33e-01   2.48e+01     4.34e-04   2282.014s
5860000 +3.20230439e+02 +3.19393441e+02  8.37e-01   2.46e+01     3.90e-04   2282.402s
5861000 +3.20236217e+02 +3.19388612e+02  8.48e-01   2.45e+01     3.52e-04   2282.790s
5862000 +3.20242526e+02 +3.19389673e+02  8.53e-01   2.43e+01     3.24e-04   2283.178s
5863000 +3.20248648e+02 +3.19395826e+02  8.53e-01   2.42e+01     3.17e-04   2283.566s
5864000 +3.20253501e+02 +3.19390363e+02  8.63e-01   2.40e+01     3.30e-04   2283.954s
5865000 +3.20258621e+02 +3.19391577e+02  8.67e-01   2.38e+01     3.68e-04   2284.342s
5866000 +3.20263126e+02 +3.19396554e+02  8.67e-01   2.36e+01     4.08e-04   2284.730s
5867000 +3.20268133e+02 +3.19396981e+02  8.71e-01   2.35e+01     4.25e-04   2285.118s
5868000 +3.20273334e+02 +3.19392926e+02  8.80e-01   2.33e+01     4.04e-04   2285.506s
5869000 +3.20279180e+02 +3.19398946e+02  8.80e-01   2.31e+01     3.89e-04   2285.894s
5870000 +3.20285267e+02 +3.19392958e+02  8.92e-01   2.29e+01     3.86e-04   2286.282s
5871000 +3.20291167e+02 +3.19382866e+02  9.08e-01   2.27e+01     3.88e-04   2286.670s
5872000 +3.20297297e+02 +3.19378025e+02  9.19e-01   2.25e+01     4.05e-04   2287.058s
5873000 +3.20303934e+02 +3.19373087e+02  9.31e-01   2.23e+01     4.17e-04   2287.446s
5874000 +3.20311037e+02 +3.19361666e+02  9.49e-01   2.21e+01     4.25e-04   2287.834s
5875000 +3.20317786e+02 +3.19355516e+02  9.62e-01   2.19e+01     4.41e-04   2288.222s
5876000 +3.20324570e+02 +3.19350155e+02  9.74e-01   2.17e+01     4.50e-04   2288.610s
5877000 +3.20331920e+02 +3.19346781e+02  9.85e-01   2.15e+01     4.45e-04   2288.999s
5878000 +3.20339871e+02 +3.19334291e+02  1.01e+00   2.13e+01     4.36e-04   2289.387s
5879000 +3.20347811e+02 +3.19324673e+02  1.02e+00   2.10e+01     4.51e-04   2289.775s
5880000 +3.20357171e+02 +3.19321474e+02  1.04e+00   2.08e+01     4.62e-04   2290.163s
5881000 +3.20366312e+02 +3.19319841e+02  1.05e+00   2.05e+01     4.93e-04   2290.551s
5882000 +3.20375165e+02 +3.19320453e+02  1.05e+00   2.03e+01     4.99e-04   2290.939s
5883000 +3.20383413e+02 +3.19320437e+02  1.06e+00   2.00e+01     5.00e-04   2291.328s
5884000 +3.20391989e+02 +3.19323645e+02  1.07e+00   1.98e+01     5.19e-04   2291.716s
5885000 +3.20400801e+02 +3.19325538e+02  1.08e+00   1.96e+01     5.59e-04   2292.104s
5886000 +3.20409085e+02 +3.19328957e+02  1.08e+00   1.93e+01     5.86e-04   2292.493s
5887000 +3.20416812e+02 +3.19329849e+02  1.09e+00   1.91e+01     6.23e-04   2292.881s
5888000 +3.20424727e+02 +3.19337575e+02  1.09e+00   1.89e+01     6.65e-04   2293.269s
5889000 +3.20432538e+02 +3.19343167e+02  1.09e+00   1.87e+01     6.85e-04   2293.658s
5890000 +3.20439455e+02 +3.19344947e+02  1.09e+00   1.86e+01     6.99e-04   2294.046s
5891000 +3.20446314e+02 +3.19350804e+02  1.10e+00   1.85e+01     6.90e-04   2294.434s
5892000 +3.20452467e+02 +3.19356002e+02  1.10e+00   1.84e+01     6.60e-04   2294.823s
5893000 +3.20458164e+02 +3.19377783e+02  1.08e+00   1.84e+01     6.37e-04   2295.211s
5894000 +3.20463585e+02 +3.19390631e+02  1.07e+00   1.83e+01     5.94e-04   2295.599s
5895000 +3.20468978e+02 +3.19400452e+02  1.07e+00   1.82e+01     5.55e-04   2295.987s
5896000 +3.20474429e+02 +3.19400386e+02  1.07e+00   1.81e+01     5.51e-04   2296.375s
5897000 +3.20481114e+02 +3.19406621e+02  1.07e+00   1.80e+01     5.53e-04   2296.764s
5898000 +3.20487594e+02 +3.19412475e+02  1.08e+00   1.79e+01     5.44e-04   2297.152s
5899000 +3.20494100e+02 +3.19412642e+02  1.08e+00   1.78e+01     5.49e-04   2297.540s
5900000 +3.20500270e+02 +3.19417704e+02  1.08e+00   1.76e+01     5.42e-04   2297.930s
5901000 +3.20506217e+02 +3.19419620e+02  1.09e+00   1.75e+01     5.32e-04   2298.318s
5902000 +3.20512628e+02 +3.19415462e+02  1.10e+00   1.73e+01     5.29e-04   2298.706s
5903000 +3.20519026e+02 +3.19417882e+02  1.10e+00   1.72e+01     5.31e-04   2299.094s
5904000 +3.20525388e+02 +3.19411387e+02  1.11e+00   1.70e+01     5.58e-04   2299.482s
5905000 +3.20532034e+02 +3.19406721e+02  1.13e+00   1.68e+01     5.72e-04   2299.871s
5906000 +3.20538444e+02 +3.19404022e+02  1.13e+00   1.66e+01     5.57e-04   2300.259s
5907000 +3.20545102e+02 +3.19397347e+02  1.15e+00   1.64e+01     5.46e-04   2300.647s
5908000 +3.20552085e+02 +3.19397967e+02  1.15e+00   1.62e+01     5.48e-04   2301.035s
5909000 +3.20559367e+02 +3.19399477e+02  1.16e+00   1.59e+01     5.44e-04   2301.423s
5910000 +3.20566118e+02 +3.19399474e+02  1.17e+00   1.58e+01     5.54e-04   2301.812s
5911000 +3.20572023e+02 +3.19396151e+02  1.18e+00   1.56e+01     5.43e-04   2302.200s
5912000 +3.20577555e+02 +3.19394220e+02  1.18e+00   1.54e+01     5.33e-04   2302.588s
5913000 +3.20583356e+02 +3.19389063e+02  1.19e+00   1.52e+01     5.23e-04   2302.976s
5914000 +3.20589097e+02 +3.19392792e+02  1.20e+00   1.50e+01     5.23e-04   2303.364s
5915000 +3.20594888e+02 +3.19393617e+02  1.20e+00   1.49e+01     5.29e-04   2303.752s
5916000 +3.20600479e+02 +3.19400009e+02  1.20e+00   1.47e+01     5.48e-04   2304.140s
5917000 +3.20606359e+02 +3.19396730e+02  1.21e+00   1.45e+01     5.68e-04   2304.528s
5918000 +3.20611833e+02 +3.19398225e+02  1.21e+00   1.44e+01     5.84e-04   2304.916s
5919000 +3.20617062e+02 +3.19400877e+02  1.22e+00   1.42e+01     5.64e-04   2305.304s
5920000 +3.20621372e+02 +3.19406623e+02  1.21e+00   1.41e+01     5.38e-04   2305.692s
5921000 +3.20624983e+02 +3.19411194e+02  1.21e+00   1.40e+01     5.10e-04   2306.081s
5922000 +3.20629346e+02 +3.19421301e+02  1.21e+00   1.39e+01     4.96e-04   2306.469s
5923000 +3.20633485e+02 +3.19425279e+02  1.21e+00   1.38e+01     4.89e-04   2306.857s
5924000 +3.20638065e+02 +3.19425538e+02  1.21e+00   1.37e+01     4.94e-04   2307.245s
5925000 +3.20642532e+02 +3.19420744e+02  1.22e+00   1.35e+01     4.92e-04   2307.633s
5926000 +3.20647211e+02 +3.19419058e+02  1.23e+00   1.34e+01     4.96e-04   2308.022s
5927000 +3.20652294e+02 +3.19419308e+02  1.23e+00   1.32e+01     5.02e-04   2308.410s
5928000 +3.20657355e+02 +3.19413137e+02  1.24e+00   1.31e+01     5.02e-04   2308.798s
5929000 +3.20662199e+02 +3.19411612e+02  1.25e+00   1.29e+01     4.97e-04   2309.185s
5930000 +3.20666583e+02 +3.19411491e+02  1.26e+00   1.28e+01     4.97e-04   2309.573s
5931000 +3.20670975e+02 +3.19407481e+02  1.26e+00   1.26e+01     4.97e-04   2309.962s
5932000 +3.20675350e+02 +3.19410054e+02  1.27e+00   1.25e+01     4.97e-04   2310.349s
5933000 +3.20679550e+02 +3.19412842e+02  1.27e+00   1.24e+01     4.94e-04   2310.737s
5934000 +3.20683249e+02 +3.19414320e+02  1.27e+00   1.23e+01     4.86e-04   2311.126s
5935000 +3.20685889e+02 +3.19417553e+02  1.27e+00   1.22e+01     4.75e-04   2311.514s
5936000 +3.20688601e+02 +3.19422758e+02  1.27e+00   1.21e+01     4.72e-04   2311.902s
5937000 +3.20691915e+02 +3.19426120e+02  1.27e+00   1.20e+01     4.72e-04   2312.290s
5938000 +3.20695376e+02 +3.19430598e+02  1.26e+00   1.19e+01     4.67e-04   2312.678s
5939000 +3.20698772e+02 +3.19431797e+02  1.27e+00   1.19e+01     4.54e-04   2313.066s
5940000 +3.20702180e+02 +3.19434795e+02  1.27e+00   1.18e+01     4.53e-04   2313.455s
5941000 +3.20705668e+02 +3.19432891e+02  1.27e+00   1.17e+01     4.81e-04   2313.843s
5942000 +3.20708749e+02 +3.19436054e+02  1.27e+00   1.16e+01     4.85e-04   2314.231s
5943000 +3.20711892e+02 +3.19434473e+02  1.28e+00   1.15e+01     4.74e-04   2314.619s
5944000 +3.20714772e+02 +3.19441740e+02  1.27e+00   1.15e+01     4.60e-04   2315.007s
5945000 +3.20718790e+02 +3.19442006e+02  1.28e+00   1.14e+01     4.51e-04   2315.395s
5946000 +3.20724660e+02 +3.19441484e+02  1.28e+00   1.13e+01     4.54e-04   2315.783s
5947000 +3.20727559e+02 +3.19444501e+02  1.28e+00   1.14e+01     4.58e-04   2316.171s
5948000 +3.20732132e+02 +3.19452636e+02  1.28e+00   1.14e+01     4.93e-04   2316.559s
5949000 +3.20733871e+02 +3.19456546e+02  1.28e+00   1.14e+01     5.48e-04   2316.947s
5950000 +3.20735825e+02 +3.19460700e+02  1.28e+00   1.14e+01     5.95e-04   2317.334s
5951000 +3.20738275e+02 +3.19465978e+02  1.27e+00   1.13e+01     6.51e-04   2317.722s
5952000 +3.20741093e+02 +3.19464729e+02  1.28e+00   1.13e+01     7.13e-04   2318.110s
5953000 +3.20744391e+02 +3.19465572e+02  1.28e+00   1.12e+01     7.67e-04   2318.498s
5954000 +3.20748260e+02 +3.19465242e+02  1.28e+00   1.12e+01     8.29e-04   2318.886s
5955000 +3.20752261e+02 +3.19452201e+02  1.30e+00   1.12e+01     9.07e-04   2319.274s
5956000 +3.20756575e+02 +3.19442094e+02  1.31e+00   1.11e+01     9.85e-04   2319.662s
5957000 +3.20761490e+02 +3.19438204e+02  1.32e+00   1.10e+01     1.06e-03   2320.049s
5958000 +3.20766712e+02 +3.19429805e+02  1.34e+00   1.09e+01     1.13e-03   2320.437s
5959000 +3.20771283e+02 +3.19425898e+02  1.35e+00   1.08e+01     1.15e-03   2320.825s
5960000 +3.20775848e+02 +3.19424627e+02  1.35e+00   1.08e+01     1.19e-03   2321.213s
5961000 +3.20780774e+02 +3.19422354e+02  1.36e+00   1.07e+01     1.25e-03   2321.602s
5962000 +3.20785978e+02 +3.19413724e+02  1.37e+00   1.06e+01     1.32e-03   2321.990s
5963000 +3.20791606e+02 +3.19422104e+02  1.37e+00   1.05e+01     1.34e-03   2322.378s
5964000 +3.20797701e+02 +3.19420935e+02  1.38e+00   1.04e+01     1.35e-03   2322.766s
5965000 +3.20804356e+02 +3.19418223e+02  1.39e+00   1.03e+01     1.37e-03   2323.153s
5966000 +3.20811621e+02 +3.19416797e+02  1.39e+00   1.02e+01     1.42e-03   2323.541s
5967000 +3.20818753e+02 +3.19433223e+02  1.39e+00   1.01e+01     1.47e-03   2323.930s
5968000 +3.20826505e+02 +3.19439324e+02  1.39e+00   9.92e+00     1.52e-03   2324.318s
5969000 +3.20834289e+02 +3.19439714e+02  1.39e+00   9.76e+00     1.53e-03   2324.706s
5970000 +3.20845634e+02 +3.19445894e+02  1.40e+00   9.54e+00     1.61e-03   2325.094s
5971000 +3.20858327e+02 +3.19433854e+02  1.42e+00   9.30e+00     1.65e-03   2325.482s
5972000 +3.20874561e+02 +3.19434254e+02  1.44e+00   9.01e+00     1.61e-03   2325.870s
5973000 +3.20894866e+02 +3.19443415e+02  1.45e+00   8.69e+00     1.51e-03   2326.258s
5974000 +3.20909550e+02 +3.19452239e+02  1.46e+00   8.39e+00     1.43e-03   2326.647s
5975000 +3.20931992e+02 +3.19473801e+02  1.46e+00   8.01e+00     1.38e-03   2327.034s
5976000 +3.20957969e+02 +3.19481749e+02  1.48e+00   7.61e+00     1.38e-03   2327.422s
5977000 +3.20981972e+02 +3.19494215e+02  1.49e+00   7.22e+00     1.38e-03   2327.811s
5978000 +3.21014273e+02 +3.19498694e+02  1.52e+00   6.77e+00     1.35e-03   2328.199s
5979000 +3.21051766e+02 +3.19504023e+02  1.55e+00   6.33e+00     1.27e-03   2328.588s
5980000 +3.21087796e+02 +3.19512717e+02  1.58e+00   5.93e+00     1.21e-03   2328.976s
5981000 +3.21097738e+02 +3.19508499e+02  1.59e+00   5.66e+00     1.11e-03   2329.364s
5982000 +3.21107867e+02 +3.19492830e+02  1.62e+00   5.39e+00     1.10e-03   2329.752s
5983000 +3.21115080e+02 +3.19488517e+02  1.63e+00   5.22e+00     1.10e-03   2330.140s
5984000 +3.21120371e+02 +3.19473030e+02  1.65e+00   5.09e+00     1.12e-03   2330.529s
5985000 +3.21124943e+02 +3.19445689e+02  1.68e+00   5.00e+00     1.20e-03   2330.917s
5986000 +3.21129673e+02 +3.19445739e+02  1.68e+00   4.91e+00     1.18e-03   2331.305s
5987000 +3.21134267e+02 +3.19457918e+02  1.68e+00   4.82e+00     1.23e-03   2331.692s
5988000 +3.21137838e+02 +3.19478896e+02  1.66e+00   4.76e+00     1.22e-03   2332.081s
5989000 +3.21141043e+02 +3.19488025e+02  1.65e+00   4.70e+00     1.21e-03   2332.468s
5990000 +3.21145145e+02 +3.19496829e+02  1.65e+00   4.64e+00     1.21e-03   2332.856s
5991000 +3.21148921e+02 +3.19483666e+02  1.67e+00   4.58e+00     1.21e-03   2333.244s
5992000 +3.21152410e+02 +3.19459403e+02  1.69e+00   4.53e+00     1.22e-03   2333.632s
5993000 +3.21155529e+02 +3.19445393e+02  1.71e+00   4.49e+00     1.25e-03   2334.021s
5994000 +3.21159190e+02 +3.19448733e+02  1.71e+00   4.45e+00     1.27e-03   2334.409s
5995000 +3.21162557e+02 +3.19440014e+02  1.72e+00   4.42e+00     1.28e-03   2334.797s
5996000 +3.21163983e+02 +3.19466215e+02  1.70e+00   4.50e+00     1.45e-03   2335.186s
5997000 +3.21165924e+02 +3.19478101e+02  1.69e+00   4.50e+00     1.69e-03   2335.573s
5998000 +3.21167947e+02 +3.19481959e+02  1.69e+00   4.50e+00     1.96e-03   2335.961s
5999000 +3.21169923e+02 +3.19475302e+02  1.69e+00   4.49e+00     2.29e-03   2336.348s
6000000 +3.21173030e+02 +3.19469984e+02  1.70e+00   4.48e+00     2.59e-03   2336.736s
6001000 +3.21175476e+02 +3.19471337e+02  1.70e+00   4.46e+00     2.89e-03   2337.123s
6002000 +3.21179734e+02 +3.19480803e+02  1.70e+00   4.46e+00     3.21e-03   2337.511s
6003000 +3.21184490e+02 +3.19496182e+02  1.69e+00   4.42e+00     3.45e-03   2337.899s
6004000 +3.21187644e+02 +3.19511205e+02  1.68e+00   4.43e+00     3.76e-03   2338.287s
6005000 +3.21191784e+02 +3.19507014e+02  1.68e+00   4.39e+00     4.06e-03   2338.675s
6006000 +3.21195540e+02 +3.19513028e+02  1.68e+00   4.35e+00     4.31e-03   2339.063s
6007000 +3.21200461e+02 +3.19518852e+02  1.68e+00   4.31e+00     4.57e-03   2339.450s
6008000 +3.21204609e+02 +3.19534313e+02  1.67e+00   4.27e+00     4.88e-03   2339.838s
6009000 +3.21209785e+02 +3.19543217e+02  1.67e+00   4.23e+00     5.13e-03   2340.227s
6010000 +3.21215105e+02 +3.19564665e+02  1.65e+00   4.18e+00     5.29e-03   2340.615s
6011000 +3.21220235e+02 +3.19583568e+02  1.64e+00   4.13e+00     5.55e-03   2341.002s
6012000 +3.21225388e+02 +3.19588332e+02  1.64e+00   4.08e+00     5.81e-03   2341.390s
6013000 +3.21230709e+02 +3.19591613e+02  1.64e+00   4.03e+00     6.10e-03   2341.778s
6014000 +3.21236815e+02 +3.19598692e+02  1.64e+00   3.98e+00     6.33e-03   2342.166s
6015000 +3.21243206e+02 +3.19622391e+02  1.62e+00   3.92e+00     6.57e-03   2342.554s
6016000 +3.21248514e+02 +3.19646565e+02  1.60e+00   3.88e+00     6.85e-03   2342.942s
6017000 +3.21254325e+02 +3.19654145e+02  1.60e+00   3.83e+00     7.08e-03   2343.330s
6018000 +3.21259972e+02 +3.19655539e+02  1.60e+00   3.78e+00     7.40e-03   2343.718s
6019000 +3.21265635e+02 +3.19647421e+02  1.62e+00   3.73e+00     7.57e-03   2344.106s
6020000 +3.21271975e+02 +3.19644144e+02  1.63e+00   3.68e+00     7.74e-03   2344.494s
6021000 +3.21279387e+02 +3.19645396e+02  1.63e+00   3.61e+00     7.76e-03   2344.882s
6022000 +3.21285111e+02 +3.19619480e+02  1.67e+00   3.55e+00     7.92e-03   2345.269s
6023000 +3.21292225e+02 +3.19601924e+02  1.69e+00   3.48e+00     8.08e-03   2345.657s
6024000 +3.21299462e+02 +3.19583634e+02  1.72e+00   3.41e+00     8.34e-03   2346.045s
6025000 +3.21304779e+02 +3.19581739e+02  1.72e+00   3.36e+00     8.45e-03   2346.433s
6026000 +3.21308573e+02 +3.19594256e+02  1.71e+00   3.31e+00     8.63e-03   2346.821s
6027000 +3.21312084e+02 +3.19595803e+02  1.72e+00   3.26e+00     8.80e-03   2347.209s
6028000 +3.21315611e+02 +3.19587304e+02  1.73e+00   3.22e+00     9.01e-03   2347.597s
6029000 +3.21318937e+02 +3.19574130e+02  1.74e+00   3.18e+00     9.16e-03   2347.985s
6030000 +3.21322264e+02 +3.19568430e+02  1.75e+00   3.14e+00     9.36e-03   2348.372s
6031000 +3.21325428e+02 +3.19579532e+02  1.75e+00   3.11e+00     9.50e-03   2348.760s
6032000 +3.21328497e+02 +3.19585652e+02  1.74e+00   3.07e+00     9.71e-03   2349.148s
6033000 +3.21331780e+02 +3.19592164e+02  1.74e+00   3.04e+00     9.90e-03   2349.536s
6034000 +3.21336461e+02 +3.19599767e+02  1.74e+00   3.01e+00     1.01e-02   2349.924s
6035000 +3.21339261e+02 +3.19611955e+02  1.73e+00   2.98e+00     1.03e-02   2350.312s
6036000 +3.21342020e+02 +3.19626401e+02  1.72e+00   2.96e+00     1.05e-02   2350.700s
6037000 +3.21344589e+02 +3.19626245e+02  1.72e+00   2.94e+00     1.07e-02   2351.088s
6038000 +3.21347019e+02 +3.19622620e+02  1.72e+00   2.92e+00     1.09e-02   2351.476s
6039000 +3.21349318e+02 +3.19617476e+02  1.73e+00   2.90e+00     1.10e-02   2351.864s
6040000 +3.21351543e+02 +3.19620249e+02  1.73e+00   2.89e+00     1.11e-02   2352.252s
6041000 +3.21353667e+02 +3.19631200e+02  1.72e+00   2.88e+00     1.13e-02   2352.640s
6042000 +3.21355706e+02 +3.19637672e+02  1.72e+00   2.86e+00     1.15e-02   2353.028s
6043000 +3.21357747e+02 +3.19634936e+02  1.72e+00   2.85e+00     1.16e-02   2353.416s
6044000 +3.21359622e+02 +3.19635549e+02  1.72e+00   2.84e+00     1.17e-02   2353.804s
6045000 +3.21361470e+02 +3.19635729e+02  1.73e+00   2.83e+00     1.17e-02   2354.192s
6046000 +3.21364445e+02 +3.19638566e+02  1.73e+00   2.82e+00     1.14e-02   2354.580s
6047000 +3.21366672e+02 +3.19640770e+02  1.73e+00   2.81e+00     1.11e-02   2354.968s
6048000 +3.21368417e+02 +3.19643408e+02  1.73e+00   2.80e+00     1.07e-02   2355.356s
6049000 +3.21371257e+02 +3.19645352e+02  1.73e+00   2.79e+00     1.05e-02   2355.744s
6050000 +3.21372709e+02 +3.19655884e+02  1.72e+00   2.79e+00     1.07e-02   2356.132s
6051000 +3.21373999e+02 +3.19662522e+02  1.71e+00   2.78e+00     1.09e-02   2356.520s
6052000 +3.21375524e+02 +3.19668436e+02  1.71e+00   2.77e+00     1.11e-02   2356.908s
6053000 +3.21376580e+02 +3.19675463e+02  1.70e+00   2.76e+00     1.12e-02   2357.296s
6054000 +3.21377582e+02 +3.19680407e+02  1.70e+00   2.76e+00     1.14e-02   2357.684s
6055000 +3.21378503e+02 +3.19679732e+02  1.70e+00   2.75e+00     1.15e-02   2358.071s
6056000 +3.21379420e+02 +3.19678660e+02  1.70e+00   2.74e+00     1.17e-02   2358.459s
6057000 +3.21380281e+02 +3.19676990e+02  1.70e+00   2.74e+00     1.19e-02   2358.847s
6058000 +3.21381710e+02 +3.19687750e+02  1.69e+00   2.73e+00     1.19e-02   2359.235s
6059000 +3.21382846e+02 +3.19697529e+02  1.69e+00   2.72e+00     1.21e-02   2359.623s
6060000 +3.21385891e+02 +3.19706547e+02  1.68e+00   2.70e+00     1.23e-02   2360.011s
6061000 +3.21387309e+02 +3.19707989e+02  1.68e+00   2.69e+00     1.25e-02   2360.399s
6062000 +3.21390263e+02 +3.19710562e+02  1.68e+00   2.67e+00     1.25e-02   2360.787s
6063000 +3.21394434e+02 +3.19719962e+02  1.67e+00   2.64e+00     1.26e-02   2361.175s
6064000 +3.21400108e+02 +3.19737099e+02  1.66e+00   2.60e+00     1.28e-02   2361.563s
6065000 +3.21407766e+02 +3.19739939e+02  1.67e+00   2.56e+00     1.29e-02   2361.951s
6066000 +3.21413611e+02 +3.19739163e+02  1.67e+00   2.52e+00     1.29e-02   2362.339s
6067000 +3.21416955e+02 +3.19735953e+02  1.68e+00   2.49e+00     1.32e-02   2362.727s
6068000 +3.21417857e+02 +3.19730778e+02  1.69e+00   2.49e+00     1.37e-02   2363.115s
6069000 +3.21424064e+02 +3.19739413e+02  1.68e+00   2.46e+00     1.43e-02   2363.503s
6070000 +3.21426780e+02 +3.19753911e+02  1.67e+00   2.44e+00     1.49e-02   2363.890s
6071000 +3.21427294e+02 +3.19769262e+02  1.66e+00   2.44e+00     1.55e-02   2364.278s
6072000 +3.21428113e+02 +3.19783283e+02  1.64e+00   2.43e+00     1.61e-02   2364.665s
6073000 +3.21428690e+02 +3.19797150e+02  1.63e+00   2.43e+00     1.66e-02   2365.053s
6074000 +3.21430180e+02 +3.19806696e+02  1.62e+00   2.42e+00     1.72e-02   2365.440s
6075000 +3.21430729e+02 +3.19815699e+02  1.62e+00   2.42e+00     1.77e-02   2365.828s
6076000 +3.21431924e+02 +3.19827401e+02  1.60e+00   2.41e+00     1.82e-02   2366.216s
6077000 +3.21437898e+02 +3.19834440e+02  1.60e+00   2.39e+00     1.88e-02   2366.603s
6078000 +3.21441447e+02 +3.19847289e+02  1.59e+00   2.37e+00     1.94e-02   2366.991s
6079000 +3.21444553e+02 +3.19856669e+02  1.59e+00   2.35e+00     2.00e-02   2367.378s
6080000 +3.21451294e+02 +3.19861150e+02  1.59e+00   2.32e+00     2.06e-02   2367.766s
6081000 +3.21459554e+02 +3.19871696e+02  1.59e+00   2.29e+00     2.14e-02   2368.153s
6082000 +3.21461091e+02 +3.19878793e+02  1.58e+00   2.28e+00     2.21e-02   2368.541s
6083000 +3.21464535e+02 +3.19887511e+02  1.58e+00   2.26e+00     2.30e-02   2368.929s
6084000 +3.21465486e+02 +3.19893646e+02  1.57e+00   2.25e+00     2.37e-02   2369.316s
6085000 +3.21468385e+02 +3.19899770e+02  1.57e+00   2.24e+00     2.43e-02   2369.704s
6086000 +3.21478190e+02 +3.19906479e+02  1.57e+00   2.20e+00     2.47e-02   2370.091s
6087000 +3.21486691e+02 +3.19919587e+02  1.57e+00   2.16e+00     2.53e-02   2370.479s
6088000 +3.21488889e+02 +3.19930344e+02  1.56e+00   2.15e+00     2.57e-02   2370.868s
6089000 +3.21489555e+02 +3.19940861e+02  1.55e+00   2.14e+00     2.62e-02   2371.256s
6090000 +3.21492184e+02 +3.19953805e+02  1.54e+00   2.12e+00     2.66e-02   2371.643s
6091000 +3.21493582e+02 +3.19963816e+02  1.53e+00   2.11e+00     2.71e-02   2372.031s
6092000 +3.21495414e+02 +3.19972765e+02  1.52e+00   2.10e+00     2.75e-02   2372.418s
6093000 +3.21495649e+02 +3.19982275e+02  1.51e+00   2.10e+00     2.80e-02   2372.805s
6094000 +3.21499314e+02 +3.19988297e+02  1.51e+00   2.08e+00     2.83e-02   2373.193s
6095000 +3.21503131e+02 +3.19994764e+02  1.51e+00   2.06e+00     2.86e-02   2373.581s
6096000 +3.21503567e+02 +3.20003064e+02  1.50e+00   2.06e+00     2.90e-02   2373.970s
6097000 +3.21504054e+02 +3.20012149e+02  1.49e+00   2.05e+00     2.93e-02   2374.358s
6098000 +3.21504458e+02 +3.20020393e+02  1.48e+00   2.04e+00     2.97e-02   2374.745s
6099000 +3.21505252e+02 +3.20025415e+02  1.48e+00   2.04e+00     2.99e-02   2375.132s
6100000 +3.21506008e+02 +3.20032540e+02  1.47e+00   2.03e+00     3.04e-02   2375.520s
6101000 +3.21506403e+02 +3.20038998e+02  1.47e+00   2.03e+00     3.08e-02   2375.908s
6102000 +3.21506812e+02 +3.20046050e+02  1.46e+00   2.02e+00     3.12e-02   2376.295s
6103000 +3.21507242e+02 +3.20051445e+02  1.46e+00   2.01e+00     3.16e-02   2376.683s
6104000 +3.21507751e+02 +3.20055218e+02  1.45e+00   2.01e+00     3.16e-02   2377.071s
6105000 +3.21508413e+02 +3.20054054e+02  1.45e+00   2.00e+00     3.21e-02   2377.458s
6106000 +3.21509288e+02 +3.20061707e+02  1.45e+00   1.99e+00     3.25e-02   2377.845s
6107000 +3.21510939e+02 +3.20088056e+02  1.42e+00   1.98e+00     3.29e-02   2378.233s
6108000 +3.21512956e+02 +3.20114579e+02  1.40e+00   1.97e+00     3.33e-02   2378.620s
6109000 +3.21515779e+02 +3.20116715e+02  1.40e+00   1.96e+00     3.36e-02   2379.008s
6110000 +3.21518992e+02 +3.20115880e+02  1.40e+00   1.94e+00     3.39e-02   2379.396s
6111000 +3.21521674e+02 +3.20123034e+02  1.40e+00   1.93e+00     3.43e-02   2379.784s
6112000 +3.21525441e+02 +3.20110648e+02  1.41e+00   1.91e+00     3.46e-02   2380.171s
6113000 +3.21529395e+02 +3.20100237e+02  1.43e+00   1.89e+00     3.50e-02   2380.559s
6114000 +3.21533907e+02 +3.20084865e+02  1.45e+00   1.88e+00     3.54e-02   2380.947s
6115000 +3.21538788e+02 +3.20035741e+02  1.50e+00   1.85e+00     3.56e-02   2381.335s
6116000 +3.21542805e+02 +3.20013871e+02  1.53e+00   1.83e+00     3.59e-02   2381.723s
6117000 +3.21547949e+02 +3.19975980e+02  1.57e+00   1.81e+00     3.62e-02   2382.111s
6118000 +3.21553989e+02 +3.19973441e+02  1.58e+00   1.78e+00     3.64e-02   2382.499s
6119000 +3.21561857e+02 +3.19917083e+02  1.64e+00   1.75e+00     3.68e-02   2382.887s
6120000 +3.21571544e+02 +3.19899282e+02  1.67e+00   1.72e+00     3.70e-02   2383.275s
6121000 +3.21581486e+02 +3.19871272e+02  1.71e+00   1.68e+00     3.74e-02   2383.664s
6122000 +3.21592873e+02 +3.19846509e+02  1.75e+00   1.63e+00     3.75e-02   2384.052s
6123000 +3.21605950e+02 +3.19850721e+02  1.76e+00   1.58e+00     3.78e-02   2384.440s
6124000 +3.21620770e+02 +3.19932204e+02  1.69e+00   1.53e+00     3.80e-02   2384.829s
6125000 +3.21636481e+02 +3.19981221e+02  1.66e+00   1.47e+00     3.82e-02   2385.217s
6126000 +3.21651503e+02 +3.19975608e+02  1.68e+00   1.41e+00     3.82e-02   2385.605s
6127000 +3.21665736e+02 +3.20025310e+02  1.64e+00   1.36e+00     3.83e-02   2385.993s
6128000 +3.21680907e+02 +3.20034989e+02  1.65e+00   1.30e+00     3.84e-02   2386.381s
6129000 +3.21696579e+02 +3.20052040e+02  1.64e+00   1.24e+00     3.84e-02   2386.770s
6130000 +3.21713144e+02 +3.20015763e+02  1.70e+00   1.18e+00     3.85e-02   2387.158s
6131000 +3.21729505e+02 +3.20074972e+02  1.65e+00   1.11e+00     3.85e-02   2387.546s
6132000 +3.21745167e+02 +3.20187815e+02  1.56e+00   1.05e+00     3.85e-02   2387.934s
6133000 +3.21760836e+02 +3.20149443e+02  1.61e+00   9.92e-01     3.84e-02   2388.323s
6134000 +3.21775664e+02 +3.20203305e+02  1.57e+00   9.35e-01     3.83e-02   2388.711s
6135000 +3.21789950e+02 +3.20230986e+02  1.56e+00   8.79e-01     3.83e-02   2389.100s
6136000 +3.21803247e+02 +3.20224914e+02  1.58e+00   8.28e-01     3.81e-02   2389.488s
6137000 +3.21816233e+02 +3.20351336e+02  1.46e+00   7.80e-01     3.80e-02   2389.876s
6138000 +3.21827919e+02 +3.20384994e+02  1.44e+00   7.33e-01     3.78e-02   2390.265s
6139000 +3.21838473e+02 +3.20325253e+02  1.51e+00   6.92e-01     3.77e-02   2390.653s
6140000 +3.21848144e+02 +3.20296014e+02  1.55e+00   6.54e-01     3.77e-02   2391.042s
6141000 +3.21856842e+02 +3.20332421e+02  1.52e+00   6.19e-01     3.75e-02   2391.430s
6142000 +3.21864456e+02 +3.20359106e+02  1.51e+00   5.89e-01     3.74e-02   2391.818s
6143000 +3.21871613e+02 +3.20328947e+02  1.54e+00   5.59e-01     3.73e-02   2392.206s
6144000 +3.21878256e+02 +3.20307823e+02  1.57e+00   5.34e-01     3.70e-02   2392.595s
6145000 +3.21883915e+02 +3.20296174e+02  1.59e+00   5.10e-01     3.68e-02   2392.983s
6146000 +3.21888684e+02 +3.20288603e+02  1.60e+00   4.88e-01     3.66e-02   2393.371s
6147000 +3.21892524e+02 +3.20248074e+02  1.64e+00   4.72e-01     3.65e-02   2393.760s
6148000 +3.21895682e+02 +3.20226166e+02  1.67e+00   4.57e-01     3.64e-02   2394.148s
6149000 +3.21897951e+02 +3.20195376e+02  1.70e+00   4.44e-01     3.63e-02   2394.536s
6150000 +3.21899400e+02 +3.20200820e+02  1.70e+00   4.36e-01     3.62e-02   2394.925s
6151000 +3.21900053e+02 +3.20182790e+02  1.72e+00   4.28e-01     3.61e-02   2395.313s
6152000 +3.21900066e+02 +3.20151574e+02  1.75e+00   4.24e-01     3.59e-02   2395.701s
6153000 +3.21900776e+02 +3.20151218e+02  1.75e+00   4.17e-01     3.58e-02   2396.089s
6154000 +3.21901364e+02 +3.20140679e+02  1.76e+00   4.12e-01     3.56e-02   2396.478s
6155000 +3.21901166e+02 +3.20123381e+02  1.78e+00   4.09e-01     3.55e-02   2396.866s
6156000 +3.21900289e+02 +3.20107381e+02  1.79e+00   4.08e-01     3.54e-02   2397.254s
6157000 +3.21899088e+02 +3.20090350e+02  1.81e+00   4.08e-01     3.53e-02   2397.643s
6158000 +3.21897465e+02 +3.20073286e+02  1.82e+00   4.09e-01     3.52e-02   2398.031s
6159000 +3.21895999e+02 +3.20090276e+02  1.81e+00   4.09e-01     3.50e-02   2398.420s
6160000 +3.21894222e+02 +3.20097680e+02  1.80e+00   4.13e-01     3.47e-02   2398.808s
6161000 +3.21892470e+02 +3.20092076e+02  1.80e+00   4.15e-01     3.47e-02   2399.196s
6162000 +3.21890288e+02 +3.20106246e+02  1.78e+00   4.19e-01     3.45e-02   2399.584s
6163000 +3.21887827e+02 +3.20144605e+02  1.74e+00   4.23e-01     3.44e-02   2399.972s
6164000 +3.21885268e+02 +3.20124385e+02  1.76e+00   4.29e-01     3.43e-02   2400.361s
6165000 +3.21882813e+02 +3.20105664e+02  1.78e+00   4.34e-01     3.40e-02   2400.749s
6166000 +3.21880806e+02 +3.20151963e+02  1.73e+00   4.37e-01     3.40e-02   2401.137s
6167000 +3.21878906e+02 +3.20134082e+02  1.74e+00   4.41e-01     3.39e-02   2401.525s
6168000 +3.21877125e+02 +3.20106805e+02  1.77e+00   4.43e-01     3.39e-02   2401.913s
6169000 +3.21875280e+02 +3.20093105e+02  1.78e+00   4.45e-01     3.38e-02   2402.301s
6170000 +3.21873563e+02 +3.20093529e+02  1.78e+00   4.47e-01     3.37e-02   2402.690s
6171000 +3.21871628e+02 +3.20084068e+02  1.79e+00   4.49e-01     3.31e-02   2403.078s
6172000 +3.21871027e+02 +3.20100391e+02  1.77e+00   4.49e-01     3.32e-02   2403.466s
6173000 +3.21872287e+02 +3.20111311e+02  1.76e+00   4.42e-01     3.32e-02   2403.853s
6174000 +3.21874059e+02 +3.20135095e+02  1.74e+00   4.33e-01     3.33e-02   2404.240s
6175000 +3.21876348e+02 +3.20178473e+02  1.70e+00   4.23e-01     3.32e-02   2404.628s
6176000 +3.21879045e+02 +3.20199682e+02  1.68e+00   4.11e-01     3.32e-02   2405.015s
6177000 +3.21881942e+02 +3.20204803e+02  1.68e+00   3.99e-01     3.33e-02   2405.402s
6178000 +3.21885086e+02 +3.20192247e+02  1.69e+00   3.85e-01     3.33e-02   2405.789s
6179000 +3.21888095e+02 +3.20214706e+02  1.67e+00   3.71e-01     3.33e-02   2406.176s
6180000 +3.21891423e+02 +3.20222282e+02  1.67e+00   3.56e-01     3.33e-02   2406.563s
6181000 +3.21894903e+02 +3.20231971e+02  1.66e+00   3.40e-01     3.33e-02   2406.951s
6182000 +3.21898522e+02 +3.20230244e+02  1.67e+00   3.25e-01     3.34e-02   2407.338s
6183000 +3.21902221e+02 +3.20228673e+02  1.67e+00   3.09e-01     3.34e-02   2407.725s
6184000 +3.21906059e+02 +3.20225445e+02  1.68e+00   2.92e-01     3.34e-02   2408.113s
6185000 +3.21910054e+02 +3.20242334e+02  1.67e+00   2.75e-01     3.34e-02   2408.500s
6186000 +3.21914170e+02 +3.20239010e+02  1.68e+00   2.57e-01     3.34e-02   2408.887s
6187000 +3.21917966e+02 +3.20241755e+02  1.68e+00   2.40e-01     3.33e-02   2409.274s
6188000 +3.21921382e+02 +3.20251744e+02  1.67e+00   2.25e-01     3.31e-02   2409.662s
6189000 +3.21925059e+02 +3.20244386e+02  1.68e+00   2.08e-01     3.31e-02   2410.049s
6190000 +3.21928687e+02 +3.20272162e+02  1.66e+00   1.92e-01     3.30e-02   2410.436s
6191000 +3.21932376e+02 +3.20265576e+02  1.67e+00   1.76e-01     3.30e-02   2410.824s
6192000 +3.21935803e+02 +3.20266477e+02  1.67e+00   1.61e-01     3.29e-02   2411.211s
6193000 +3.21939436e+02 +3.20266676e+02  1.67e+00   1.45e-01     3.28e-02   2411.598s
6194000 +3.21943063e+02 +3.20275327e+02  1.67e+00   1.29e-01     3.28e-02   2411.985s
6195000 +3.21946623e+02 +3.20281168e+02  1.67e+00   1.14e-01     3.28e-02   2412.373s
6196000 +3.21949945e+02 +3.20280594e+02  1.67e+00   9.91e-02     3.25e-02   2412.760s
6197000 +3.21953135e+02 +3.20271435e+02  1.68e+00   8.52e-02     3.25e-02   2413.147s
6198000 +3.21956230e+02 +3.20268868e+02  1.69e+00   7.15e-02     3.24e-02   2413.534s
6199000 +3.21959473e+02 +3.20260801e+02  1.70e+00   5.85e-02     3.19e-02   2413.921s
6200000 +3.21962172e+02 +3.20256279e+02  1.71e+00   4.68e-02     3.08e-02   2414.309s
6201000 +3.21964802e+02 +3.20235236e+02  1.73e+00   3.57e-02     3.03e-02   2414.696s
6202000 +3.21967141e+02 +3.20226851e+02  1.74e+00   2.56e-02     3.01e-02   2415.084s
6203000 +3.21968963e+02 +3.20218079e+02  1.75e+00   1.70e-02     2.99e-02   2415.472s
6204000 +3.21970872e+02 +3.20246441e+02  1.72e+00   9.76e-03     2.99e-02   2415.862s
6205000 +3.21972578e+02 +3.20244885e+02  1.73e+00   8.57e-03     2.98e-02   2416.249s
6206000 +3.21974235e+02 +3.20218622e+02  1.76e+00   7.30e-03     2.97e-02   2416.636s
6207000 +3.21975839e+02 +3.20204744e+02  1.77e+00   5.99e-03     2.94e-02   2417.023s
6208000 +3.21976873e+02 +3.20192684e+02  1.78e+00   5.31e-03     2.94e-02   2417.411s
6209000 +3.21977877e+02 +3.20192176e+02  1.79e+00   4.07e-03     2.92e-02   2417.798s
6210000 +3.21978810e+02 +3.20216683e+02  1.76e+00   3.75e-03     2.91e-02   2418.185s
6211000 +3.21979408e+02 +3.20197916e+02  1.78e+00   5.27e-03     2.91e-02   2418.572s
6212000 +3.21979963e+02 +3.20177109e+02  1.80e+00   5.57e-03     2.90e-02   2418.960s
6213000 +3.21980420e+02 +3.20168371e+02  1.81e+00   3.89e-03     2.90e-02   2419.347s
6214000 +3.21980849e+02 +3.20179339e+02  1.80e+00   6.48e-03     2.87e-02   2419.735s
6215000 +3.21981235e+02 +3.20208282e+02  1.77e+00   3.52e-03     2.86e-02   2420.122s
6216000 +3.21981568e+02 +3.20190970e+02  1.79e+00   3.76e-03     2.85e-02   2420.510s
6217000 +3.21981748e+02 +3.20159511e+02  1.82e+00   2.13e-03     2.84e-02   2420.897s
6218000 +3.21981723e+02 +3.20173756e+02  1.81e+00   2.96e-03     2.83e-02   2421.285s
6219000 +3.21981630e+02 +3.20171711e+02  1.81e+00   3.21e-03     2.79e-02   2421.672s
6220000 +3.21981222e+02 +3.20204958e+02  1.78e+00   4.43e-03     2.78e-02   2422.059s
6221000 +3.21980933e+02 +3.20195741e+02  1.79e+00   4.14e-03     2.78e-02   2422.447s
6222000 +3.21980653e+02 +3.20168572e+02  1.81e+00   2.53e-03     2.77e-02   2422.834s
6223000 +3.21980305e+02 +3.20181267e+02  1.80e+00   2.97e-03     2.77e-02   2423.222s
6224000 +3.21979903e+02 +3.20186306e+02  1.79e+00   2.11e-03     2.76e-02   2423.609s
6225000 +3.21979431e+02 +3.20162245e+02  1.82e+00   2.78e-03     2.74e-02   2423.997s
6226000 +3.21978665e+02 +3.20161955e+02  1.82e+00   3.27e-03     2.71e-02   2424.385s
6227000 +3.21977669e+02 +3.20169000e+02  1.81e+00   3.61e-03     2.68e-02   2424.772s
6228000 +3.21976488e+02 +3.20178178e+02  1.80e+00   4.90e-03     2.67e-02   2425.159s
6229000 +3.21975594e+02 +3.20194215e+02  1.78e+00   3.94e-03     2.67e-02   2425.546s
6230000 +3.21974594e+02 +3.20175238e+02  1.80e+00   2.39e-03     2.66e-02   2425.933s
6231000 +3.21973714e+02 +3.20123983e+02  1.85e+00   3.26e-03     2.65e-02   2426.321s
6232000 +3.21972770e+02 +3.20109279e+02  1.86e+00   4.03e-03     2.61e-02   2426.709s
6233000 +3.21971631e+02 +3.20129535e+02  1.84e+00   3.91e-03     2.55e-02   2427.097s
6234000 +3.21970436e+02 +3.20118193e+02  1.85e+00   3.71e-03     2.46e-02   2427.484s
6235000 +3.21969440e+02 +3.20117370e+02  1.85e+00   4.81e-03     2.42e-02   2427.872s
6236000 +3.21968185e+02 +3.20081426e+02  1.89e+00   4.81e-03     2.33e-02   2428.259s
6237000 +3.21967034e+02 +3.20055961e+02  1.91e+00   4.48e-03     2.32e-02   2428.647s
6238000 +3.21965883e+02 +3.20099260e+02  1.87e+00   3.54e-03     2.32e-02   2429.035s
6239000 +3.21964737e+02 +3.20082286e+02  1.88e+00   5.29e-03     2.32e-02   2429.422s
6240000 +3.21963530e+02 +3.20072361e+02  1.89e+00   3.37e-03     2.31e-02   2429.810s
6241000 +3.21962366e+02 +3.20068819e+02  1.89e+00   2.93e-03     2.31e-02   2430.197s
6242000 +3.21961318e+02 +3.20054899e+02  1.91e+00   3.28e-03     2.31e-02   2430.585s
6243000 +3.21960389e+02 +3.20077880e+02  1.88e+00   6.57e-03     2.31e-02   2430.973s
6244000 +3.21959504e+02 +3.20101231e+02  1.86e+00   3.00e-03     2.30e-02   2431.361s
6245000 +3.21960903e+02 +3.20100840e+02  1.86e+00   1.52e-02     2.28e-02   2431.749s
6246000 +3.21962042e+02 +3.20096319e+02  1.87e+00   1.60e-02     2.26e-02   2432.137s
6247000 +3.21964708e+02 +3.20096065e+02  1.87e+00   1.33e-02     2.24e-02   2432.524s
6248000 +3.21967412e+02 +3.20100418e+02  1.87e+00   1.28e-02     2.24e-02   2432.911s
6249000 +3.21968697e+02 +3.20104115e+02  1.86e+00   1.87e-02     2.21e-02   2433.298s
6250000 +3.21969844e+02 +3.20090090e+02  1.88e+00   2.06e-02     2.20e-02   2433.685s
6251000 +3.21971509e+02 +3.20102703e+02  1.87e+00   2.97e-02     2.15e-02   2434.072s
6252000 +3.21970260e+02 +3.20110479e+02  1.86e+00   3.67e-02     2.12e-02   2434.460s
6253000 +3.21969731e+02 +3.20107692e+02  1.86e+00   3.60e-02     2.11e-02   2434.847s
6254000 +3.21968351e+02 +3.20119890e+02  1.85e+00   1.91e-02     2.10e-02   2435.234s
6255000 +3.21966259e+02 +3.20110950e+02  1.86e+00   2.18e-02     2.09e-02   2435.623s
6256000 +3.21965242e+02 +3.20098740e+02  1.87e+00   2.48e-02     2.09e-02   2436.010s
6257000 +3.21964335e+02 +3.20086819e+02  1.88e+00   2.42e-02     2.07e-02   2436.397s
6258000 +3.21963042e+02 +3.20087017e+02  1.88e+00   2.58e-02     2.05e-02   2436.784s
6259000 +3.21962434e+02 +3.20091728e+02  1.87e+00   2.51e-02     2.02e-02   2437.171s
6260000 +3.21961348e+02 +3.20099537e+02  1.86e+00   2.20e-02     2.01e-02   2437.558s
6261000 +3.21959808e+02 +3.20081882e+02  1.88e+00   2.12e-02     1.98e-02   2437.945s
6262000 +3.21957417e+02 +3.20061449e+02  1.90e+00   3.09e-02     1.97e-02   2438.332s
6263000 +3.21955685e+02 +3.20050907e+02  1.90e+00   1.67e-02     1.97e-02   2438.719s
6264000 +3.21954251e+02 +3.20055752e+02  1.90e+00   1.35e-02     1.97e-02   2439.106s
6265000 +3.21952506e+02 +3.20068219e+02  1.88e+00   1.22e-02     1.96e-02   2439.493s
6266000 +3.21950329e+02 +3.20067448e+02  1.88e+00   1.20e-02     1.95e-02   2439.880s
6267000 +3.21948216e+02 +3.20055298e+02  1.89e+00   1.14e-02     1.95e-02   2440.267s
6268000 +3.21946085e+02 +3.20044005e+02  1.90e+00   1.29e-02     1.93e-02   2440.654s
6269000 +3.21944132e+02 +3.20036285e+02  1.91e+00   1.56e-02     1.93e-02   2441.042s
6270000 +3.21941883e+02 +3.20037293e+02  1.90e+00   1.36e-02     1.92e-02   2441.429s
6271000 +3.21939900e+02 +3.20051252e+02  1.89e+00   1.39e-02     1.92e-02   2441.816s
6272000 +3.21937977e+02 +3.20055080e+02  1.88e+00   1.40e-02     1.91e-02   2442.203s
6273000 +3.21935676e+02 +3.20059626e+02  1.88e+00   1.95e-02     1.89e-02   2442.590s
6274000 +3.21933772e+02 +3.20067420e+02  1.87e+00   1.43e-02     1.89e-02   2442.977s
6275000 +3.21931816e+02 +3.20067870e+02  1.86e+00   1.49e-02     1.88e-02   2443.365s
6276000 +3.21930149e+02 +3.20057464e+02  1.87e+00   1.43e-02     1.88e-02   2443.752s
6277000 +3.21927677e+02 +3.20054721e+02  1.87e+00   1.48e-02     1.87e-02   2444.139s
6278000 +3.21925665e+02 +3.20067092e+02  1.86e+00   1.18e-02     1.87e-02   2444.526s
6279000 +3.21924166e+02 +3.20085731e+02  1.84e+00   1.55e-02     1.86e-02   2444.913s
6280000 +3.21922108e+02 +3.20096980e+02  1.83e+00   1.09e-02     1.86e-02   2445.301s
6281000 +3.21919726e+02 +3.20077324e+02  1.84e+00   1.64e-02     1.85e-02   2445.688s
6282000 +3.21917397e+02 +3.20057492e+02  1.86e+00   2.27e-02     1.82e-02   2446.075s
6283000 +3.21915527e+02 +3.20059469e+02  1.86e+00   2.13e-02     1.81e-02   2446.463s
6284000 +3.21914968e+02 +3.20061711e+02  1.85e+00   2.53e-02     1.80e-02   2446.850s
6285000 +3.21914680e+02 +3.20081134e+02  1.83e+00   1.76e-02     1.79e-02   2447.237s
6286000 +3.21914156e+02 +3.20080662e+02  1.83e+00   2.28e-02     1.78e-02   2447.625s
6287000 +3.21913438e+02 +3.20090398e+02  1.82e+00   1.62e-02     1.78e-02   2448.012s
6288000 +3.21912595e+02 +3.20084761e+02  1.83e+00   2.61e-02     1.76e-02   2448.399s
6289000 +3.21911687e+02 +3.20081905e+02  1.83e+00   1.93e-02     1.75e-02   2448.786s
6290000 +3.21910459e+02 +3.20078902e+02  1.83e+00   2.09e-02     1.74e-02   2449.174s
6291000 +3.21909102e+02 +3.20078734e+02  1.83e+00   2.46e-02     1.73e-02   2449.561s
6292000 +3.21908788e+02 +3.20077349e+02  1.83e+00   2.97e-02     1.73e-02   2449.948s
6293000 +3.21907997e+02 +3.20083962e+02  1.82e+00   3.05e-02     1.73e-02   2450.335s
6294000 +3.21906348e+02 +3.20068229e+02  1.84e+00   3.37e-02     1.71e-02   2450.722s
6295000 +3.21904873e+02 +3.20059900e+02  1.84e+00   3.43e-02     1.70e-02   2451.110s
6296000 +3.21903785e+02 +3.20056937e+02  1.85e+00   3.32e-02     1.70e-02   2451.497s
6297000 +3.21901634e+02 +3.20066187e+02  1.84e+00   3.05e-02     1.68e-02   2451.884s
6298000 +3.21900253e+02 +3.20071678e+02  1.83e+00   3.01e-02     1.67e-02   2452.272s
6299000 +3.21899196e+02 +3.20059694e+02  1.84e+00   3.64e-02     1.66e-02   2452.659s
6300000 +3.21898114e+02 +3.20058490e+02  1.84e+00   3.55e-02     1.65e-02   2453.046s
6301000 +3.21897355e+02 +3.20064458e+02  1.83e+00   3.65e-02     1.64e-02   2453.434s
6302000 +3.21897078e+02 +3.20075809e+02  1.82e+00   3.42e-02     1.61e-02   2453.821s
6303000 +3.21896054e+02 +3.20064493e+02  1.83e+00   4.58e-02     1.61e-02   2454.209s
6304000 +3.21894484e+02 +3.20052413e+02  1.84e+00   4.18e-02     1.58e-02   2454.596s
6305000 +3.21893325e+02 +3.20046526e+02  1.85e+00   3.58e-02     1.56e-02   2454.984s
6306000 +3.21892408e+02 +3.20028373e+02  1.86e+00   3.51e-02     1.54e-02   2455.371s
6307000 +3.21891495e+02 +3.20029170e+02  1.86e+00   4.18e-02     1.54e-02   2455.758s
6308000 +3.21890735e+02 +3.20026904e+02  1.86e+00   3.44e-02     1.51e-02   2456.146s
6309000 +3.21889533e+02 +3.20026611e+02  1.86e+00   3.11e-02     1.49e-02   2456.533s
6310000 +3.21888705e+02 +3.20014041e+02  1.87e+00   2.96e-02     1.46e-02   2456.920s
6311000 +3.21889093e+02 +3.20018542e+02  1.87e+00   2.63e-02     1.43e-02   2457.308s
6312000 +3.21890941e+02 +3.20018790e+02  1.87e+00   2.00e-02     1.42e-02   2457.695s
6313000 +3.21892890e+02 +3.20033949e+02  1.86e+00   1.62e-02     1.40e-02   2458.083s
6314000 +3.21895548e+02 +3.20042595e+02  1.85e+00   2.19e-01     1.37e-02   2458.471s
6315000 +3.21900380e+02 +3.19997613e+02  1.90e+00   4.46e-01     1.14e-02   2458.857s
6316000 +3.21909559e+02 +3.19938016e+02  1.97e+00   3.99e-01     8.21e-03   2459.244s
6317000 +3.21911699e+02 +3.19902937e+02  2.01e+00   3.46e-01     6.11e-03   2459.631s
6318000 +3.21916664e+02 +3.19870396e+02  2.05e+00   3.33e-01     4.71e-03   2460.017s
6319000 +3.21917871e+02 +3.19843134e+02  2.07e+00   2.85e-01     3.40e-03   2460.404s
6320000 +3.21919617e+02 +3.19823899e+02  2.10e+00   2.24e-01     2.69e-03   2460.791s
6321000 +3.21924632e+02 +3.19819334e+02  2.11e+00   2.13e-01     2.44e-03   2461.178s
6322000 +3.21928583e+02 +3.19811789e+02  2.12e+00   1.46e-01     2.29e-03   2461.565s
6323000 +3.21930522e+02 +3.19811230e+02  2.12e+00   1.42e-01     2.21e-03   2461.952s
6324000 +3.21933176e+02 +3.19806085e+02  2.13e+00   1.11e-01     2.08e-03   2462.339s
6325000 +3.21944423e+02 +3.19797949e+02  2.15e+00   1.83e-01     1.79e-03   2462.726s
6326000 +3.21952495e+02 +3.19780662e+02  2.17e+00   2.50e-01     1.06e-03   2463.114s
6327000 +3.21955983e+02 +3.19763859e+02  2.19e+00   1.74e-01     5.76e-04   2463.501s
6328000 +3.21960409e+02 +3.19760120e+02  2.20e+00   1.26e-01     4.82e-04   2463.888s
6329000 +3.21964826e+02 +3.19761573e+02  2.20e+00   1.29e-01     4.55e-04   2464.275s
6330000 +3.21969382e+02 +3.19762442e+02  2.21e+00   1.15e-01     4.18e-04   2464.662s
6331000 +3.21973740e+02 +3.19764276e+02  2.21e+00   8.96e-02     3.89e-04   2465.049s
6332000 +3.21977530e+02 +3.19767094e+02  2.21e+00   9.33e-02     3.67e-04   2465.436s
6333000 +3.21980810e+02 +3.19768954e+02  2.21e+00   1.97e-01     3.52e-04   2465.824s
6334000 +3.21983168e+02 +3.19770384e+02  2.21e+00   7.90e-02     3.40e-04   2466.211s
6335000 +3.21985968e+02 +3.19773248e+02  2.21e+00   7.68e-02     3.26e-04   2466.598s
6336000 +3.21988892e+02 +3.19777856e+02  2.21e+00   7.44e-02     3.12e-04   2466.986s
6337000 +3.21991393e+02 +3.19783755e+02  2.21e+00   7.24e-02     3.01e-04   2467.373s
6338000 +3.21993865e+02 +3.19784420e+02  2.21e+00   9.72e-02     2.91e-04   2467.761s
6339000 +3.21996245e+02 +3.19784045e+02  2.21e+00   8.71e-02     2.78e-04   2468.148s
6340000 +3.21998785e+02 +3.19785124e+02  2.21e+00   7.10e-02     2.63e-04   2468.535s
6341000 +3.22001480e+02 +3.19785679e+02  2.22e+00   1.09e-01     2.48e-04   2468.922s
6342000 +3.22003907e+02 +3.19786416e+02  2.22e+00   7.03e-02     2.38e-04   2469.309s
6343000 +3.22006445e+02 +3.19784477e+02  2.22e+00   5.82e-02     2.32e-04   2469.696s
6344000 +3.22008550e+02 +3.19782102e+02  2.23e+00   1.16e-01     2.26e-04   2470.083s
6345000 +3.22010256e+02 +3.19781487e+02  2.23e+00   5.62e-02     2.22e-04   2470.471s
6346000 +3.22011757e+02 +3.19779439e+02  2.23e+00   5.69e-02     2.18e-04   2470.858s
6347000 +3.22013261e+02 +3.19779930e+02  2.23e+00   5.25e-02     2.14e-04   2471.245s
6348000 +3.22014787e+02 +3.19783195e+02  2.23e+00   5.88e-02     2.11e-04   2471.632s
6349000 +3.22016244e+02 +3.19783865e+02  2.23e+00   5.45e-02     2.06e-04   2472.019s
6350000 +3.22017623e+02 +3.19783899e+02  2.23e+00   5.23e-02     2.01e-04   2472.407s
6351000 +3.22018581e+02 +3.19786007e+02  2.23e+00   1.05e-01     1.95e-04   2472.794s
6352000 +3.22019109e+02 +3.19788032e+02  2.23e+00   1.34e-01     1.90e-04   2473.181s
6353000 +3.22019454e+02 +3.19790365e+02  2.23e+00   5.52e-02     1.85e-04   2473.569s
6354000 +3.22019745e+02 +3.19792813e+02  2.23e+00   1.30e-01     1.80e-04   2473.956s
6355000 +3.22020038e+02 +3.19796071e+02  2.22e+00   7.06e-02     1.77e-04   2474.343s
6356000 +3.22020650e+02 +3.19797231e+02  2.22e+00   4.79e-02     1.73e-04   2474.731s
6357000 +3.22021324e+02 +3.19798760e+02  2.22e+00   4.69e-02     1.71e-04   2475.118s
6358000 +3.22022174e+02 +3.19799007e+02  2.22e+00   6.33e-02     1.67e-04   2475.505s
6359000 +3.22023083e+02 +3.19798484e+02  2.22e+00   7.33e-02     1.65e-04   2475.892s
6360000 +3.22023916e+02 +3.19796626e+02  2.23e+00   8.13e-02     1.64e-04   2476.279s
6361000 +3.22024897e+02 +3.19799107e+02  2.23e+00   4.44e-02     1.62e-04   2476.667s
6362000 +3.22025448e+02 +3.19802488e+02  2.22e+00   4.92e-02     1.62e-04   2477.054s
6363000 +3.22025751e+02 +3.19804785e+02  2.22e+00   6.06e-02     1.61e-04   2477.442s
6364000 +3.22025975e+02 +3.19804959e+02  2.22e+00   4.58e-02     1.60e-04   2477.829s
6365000 +3.22026072e+02 +3.19806340e+02  2.22e+00   6.06e-02     1.59e-04   2478.216s
6366000 +3.22026251e+02 +3.19807378e+02  2.22e+00   7.86e-02     1.56e-04   2478.604s
6367000 +3.22026587e+02 +3.19808855e+02  2.22e+00   5.05e-02     1.56e-04   2478.991s
6368000 +3.22027048e+02 +3.19810454e+02  2.22e+00   6.90e-02     1.57e-04   2479.378s
6369000 +3.22027080e+02 +3.19810342e+02  2.22e+00   5.68e-02     1.58e-04   2479.766s
6370000 +3.22026884e+02 +3.19810177e+02  2.22e+00   8.35e-02     1.57e-04   2480.153s
6371000 +3.22026766e+02 +3.19810846e+02  2.22e+00   3.64e-02     1.57e-04   2480.540s
6372000 +3.22026445e+02 +3.19810219e+02  2.22e+00   3.60e-02     1.56e-04   2480.927s
6373000 +3.22026467e+02 +3.19810657e+02  2.22e+00   6.57e-02     1.55e-04   2481.314s
6374000 +3.22026336e+02 +3.19810640e+02  2.22e+00   3.83e-02     1.53e-04   2481.702s
6375000 +3.22026517e+02 +3.19810452e+02  2.22e+00   3.18e-02     1.51e-04   2482.089s
6376000 +3.22026443e+02 +3.19811935e+02  2.21e+00   4.29e-02     1.51e-04   2482.476s
6377000 +3.22026255e+02 +3.19813225e+02  2.21e+00   5.15e-02     1.51e-04   2482.864s
6378000 +3.22026172e+02 +3.19813876e+02  2.21e+00   5.43e-02     1.51e-04   2483.251s
6379000 +3.22025967e+02 +3.19814861e+02  2.21e+00   8.19e-02     1.51e-04   2483.638s
6380000 +3.22026257e+02 +3.19816838e+02  2.21e+00   3.43e-01     1.49e-04   2484.026s
6381000 +3.22028841e+02 +3.19817741e+02  2.21e+00   9.01e-02     1.45e-04   2484.413s
6382000 +3.22031974e+02 +3.19818688e+02  2.21e+00   1.10e-01     1.38e-04   2484.801s
6383000 +3.22034901e+02 +3.19821024e+02  2.21e+00   1.43e-01     1.30e-04   2485.188s
6384000 +3.22037229e+02 +3.19822857e+02  2.21e+00   1.29e-01     1.28e-04   2485.575s
6385000 +3.22039839e+02 +3.19824344e+02  2.22e+00   1.34e-01     1.28e-04   2485.962s
6386000 +3.22042016e+02 +3.19825493e+02  2.22e+00   1.24e-01     1.27e-04   2486.349s
6387000 +3.22044053e+02 +3.19825874e+02  2.22e+00   1.24e-01     1.27e-04   2486.737s
6388000 +3.22045577e+02 +3.19828129e+02  2.22e+00   1.24e-01     1.23e-04   2487.124s
6389000 +3.22047092e+02 +3.19829285e+02  2.22e+00   1.48e-01     1.19e-04   2487.512s
6390000 +3.22048408e+02 +3.19831916e+02  2.22e+00   1.37e-01     1.12e-04   2487.899s
6391000 +3.22049180e+02 +3.19833529e+02  2.22e+00   2.51e-01     1.06e-04   2488.286s
6392000 +3.22049840e+02 +3.19835250e+02  2.21e+00   1.38e-01     1.00e-04   2488.673s
6393000 +3.22050050e+02 +3.19837684e+02  2.21e+00   1.36e-01     9.27e-05   2489.061s
6394000 +3.22050645e+02 +3.19839258e+02  2.21e+00   1.62e-01     8.48e-05   2489.448s
6395000 +3.22051412e+02 +3.19840207e+02  2.21e+00   1.46e-01     7.78e-05   2489.836s
6396000 +3.22051710e+02 +3.19842107e+02  2.21e+00   1.45e-01     7.25e-05   2490.223s
6397000 +3.22051531e+02 +3.19843261e+02  2.21e+00   1.69e-01     6.89e-05   2490.611s
6398000 +3.22051709e+02 +3.19845829e+02  2.21e+00   1.44e-01     6.68e-05   2490.998s
6399000 +3.22052064e+02 +3.19848158e+02  2.20e+00   1.57e-01     6.51e-05   2491.386s
6400000 +3.22052475e+02 +3.19851256e+02  2.20e+00   1.44e-01     6.34e-05   2491.775s
6401000 +3.22052689e+02 +3.19853523e+02  2.20e+00   1.47e-01     6.10e-05   2492.162s
6402000 +3.22053491e+02 +3.19854808e+02  2.20e+00   1.39e-01     5.73e-05   2492.549s
6403000 +3.22054092e+02 +3.19856114e+02  2.20e+00   1.52e-01     5.33e-05   2492.936s
6404000 +3.22054964e+02 +3.19859510e+02  2.20e+00   1.65e-01     4.89e-05   2493.324s
6405000 +3.22055800e+02 +3.19862807e+02  2.19e+00   1.50e-01     4.54e-05   2493.711s
6406000 +3.22056380e+02 +3.19864714e+02  2.19e+00   1.65e-01     4.20e-05   2494.099s
6407000 +3.22056598e+02 +3.19865865e+02  2.19e+00   1.54e-01     3.92e-05   2494.486s
6408000 +3.22057079e+02 +3.19867319e+02  2.19e+00   1.86e-01     3.79e-05   2494.873s
6409000 +3.22057395e+02 +3.19869893e+02  2.19e+00   1.54e-01     3.67e-05   2495.261s
6410000 +3.22057372e+02 +3.19872822e+02  2.18e+00   1.52e-01     3.57e-05   2495.648s
6411000 +3.22057647e+02 +3.19875491e+02  2.18e+00   1.66e-01     3.37e-05   2496.035s
6412000 +3.22058056e+02 +3.19877628e+02  2.18e+00   1.78e-01     3.21e-05   2496.422s
6413000 +3.22058028e+02 +3.19879218e+02  2.18e+00   1.50e-01     3.03e-05   2496.809s
6414000 +3.22058317e+02 +3.19881524e+02  2.18e+00   1.82e-01     2.86e-05   2497.197s
6415000 +3.22058461e+02 +3.19883853e+02  2.17e+00   1.60e-01     2.79e-05   2497.584s
6416000 +3.22058547e+02 +3.19886260e+02  2.17e+00   1.59e-01     2.81e-05   2497.972s
6417000 +3.22058291e+02 +3.19888018e+02  2.17e+00   1.49e-01     2.87e-05   2498.359s
6418000 +3.22057932e+02 +3.19890226e+02  2.17e+00   1.74e-01     2.88e-05   2498.747s
6419000 +3.22057989e+02 +3.19891348e+02  2.17e+00   1.67e-01     2.84e-05   2499.134s
6420000 +3.22057755e+02 +3.19894256e+02  2.16e+00   2.14e-01     2.73e-05   2499.521s
6421000 +3.22057894e+02 +3.19897999e+02  2.16e+00   1.59e-01     2.66e-05   2499.909s
6422000 +3.22057795e+02 +3.19901556e+02  2.16e+00   1.59e-01     2.62e-05   2500.296s
6423000 +3.22057823e+02 +3.19903445e+02  2.15e+00   1.79e-01     2.65e-05   2500.684s
6424000 +3.22057767e+02 +3.19904976e+02  2.15e+00   1.65e-01     2.73e-05   2501.071s
6425000 +3.22058023e+02 +3.19907613e+02  2.15e+00   2.49e-01     2.75e-05   2501.459s
6426000 +3.22058036e+02 +3.19908817e+02  2.15e+00   1.94e-01     2.67e-05   2501.846s
6427000 +3.22057773e+02 +3.19909883e+02  2.15e+00   1.89e-01     2.62e-05   2502.234s
6428000 +3.22058108e+02 +3.19911835e+02  2.15e+00   2.09e-01     2.58e-05   2502.621s
6429000 +3.22058311e+02 +3.19912693e+02  2.15e+00   1.50e-01     2.48e-05   2503.008s
6430000 +3.22058488e+02 +3.19914050e+02  2.14e+00   1.66e-01     2.49e-05   2503.396s
6431000 +3.22058980e+02 +3.19915578e+02  2.14e+00   1.74e-01     2.43e-05   2503.783s
6432000 +3.22058993e+02 +3.19917748e+02  2.14e+00   1.56e-01     2.39e-05   2504.171s
6433000 +3.22058721e+02 +3.19919104e+02  2.14e+00   1.38e-01     2.42e-05   2504.558s
6434000 +3.22058918e+02 +3.19919517e+02  2.14e+00   2.20e-01     2.40e-05   2504.946s
6435000 +3.22058666e+02 +3.19920841e+02  2.14e+00   1.88e-01     2.38e-05   2505.334s
6436000 +3.22058607e+02 +3.19921452e+02  2.14e+00   2.28e-01     2.34e-05   2505.721s
6437000 +3.22058183e+02 +3.19923038e+02  2.14e+00   2.25e-01     2.34e-05   2506.109s
6438000 +3.22057970e+02 +3.19924634e+02  2.13e+00   1.40e-01     2.34e-05   2506.496s
6439000 +3.22057631e+02 +3.19925823e+02  2.13e+00   1.72e-01     2.38e-05   2506.884s
6440000 +3.22057671e+02 +3.19926338e+02  2.13e+00   1.53e-01     2.39e-05   2507.271s
6441000 +3.22057431e+02 +3.19927074e+02  2.13e+00   1.44e-01     2.43e-05   2507.659s
6442000 +3.22056992e+02 +3.19928722e+02  2.13e+00   1.25e-01     2.41e-05   2508.046s
6443000 +3.22056941e+02 +3.19929320e+02  2.13e+00   1.72e-01     2.39e-05   2508.434s
6444000 +3.22056597e+02 +3.19929916e+02  2.13e+00   1.38e-01     2.36e-05   2508.821s
6445000 +3.22056698e+02 +3.19930175e+02  2.13e+00   1.37e-01     2.35e-05   2509.209s
6446000 +3.22056703e+02 +3.19930379e+02  2.13e+00   1.39e-01     2.41e-05   2509.597s
6447000 +3.22056575e+02 +3.19931282e+02  2.13e+00   1.10e-01     2.45e-05   2509.984s
6448000 +3.22056318e+02 +3.19931885e+02  2.12e+00   1.13e-01     2.46e-05   2510.371s
6449000 +3.22056142e+02 +3.19932616e+02  2.12e+00   1.18e-01     2.49e-05   2510.759s
6450000 +3.22056089e+02 +3.19932690e+02  2.12e+00   1.83e-01     2.43e-05   2511.146s
6451000 +3.22055941e+02 +3.19933326e+02  2.12e+00   1.08e-01     2.44e-05   2511.534s
6452000 +3.22055523e+02 +3.19933960e+02  2.12e+00   1.45e-01     2.46e-05   2511.921s
6453000 +3.22055032e+02 +3.19934549e+02  2.12e+00   1.12e-01     2.44e-05   2512.309s
6454000 +3.22054614e+02 +3.19935244e+02  2.12e+00   1.12e-01     2.46e-05   2512.697s
6455000 +3.22054395e+02 +3.19935561e+02  2.12e+00   1.29e-01     2.49e-05   2513.084s
6456000 +3.22054201e+02 +3.19935189e+02  2.12e+00   1.28e-01     2.50e-05   2513.472s
6457000 +3.22054218e+02 +3.19935163e+02  2.12e+00   1.07e-01     2.51e-05   2513.859s
6458000 +3.22054001e+02 +3.19935092e+02  2.12e+00   1.08e-01     2.49e-05   2514.246s
6459000 +3.22053809e+02 +3.19935262e+02  2.12e+00   1.49e-01     2.47e-05   2514.634s
6460000 +3.22053592e+02 +3.19935936e+02  2.12e+00   1.33e-01     2.43e-05   2515.021s
6461000 +3.22053397e+02 +3.19935665e+02  2.12e+00   1.14e-01     2.45e-05   2515.411s
6462000 +3.22053081e+02 +3.19936063e+02  2.12e+00   1.15e-01     2.43e-05   2515.798s
6463000 +3.22052861e+02 +3.19935938e+02  2.12e+00   1.23e-01     2.37e-05   2516.186s
6464000 +3.22052756e+02 +3.19935605e+02  2.12e+00   1.30e-01     2.33e-05   2516.573s
6465000 +3.22052651e+02 +3.19935814e+02  2.12e+00   1.69e-01     2.31e-05   2516.961s
6466000 +3.22052471e+02 +3.19936151e+02  2.12e+00   1.14e-01     2.31e-05   2517.348s
6467000 +3.22052180e+02 +3.19937033e+02  2.12e+00   1.32e-01     2.29e-05   2517.736s
6468000 +3.22052027e+02 +3.19937048e+02  2.11e+00   1.21e-01     2.24e-05   2518.123s
6469000 +3.22051853e+02 +3.19937791e+02  2.11e+00   9.22e-02     2.22e-05   2518.511s
6470000 +3.22051794e+02 +3.19938906e+02  2.11e+00   8.59e-02     2.25e-05   2518.900s
6471000 +3.22051890e+02 +3.19940097e+02  2.11e+00   9.35e-02     2.27e-05   2519.287s
6472000 +3.22051808e+02 +3.19940546e+02  2.11e+00   8.82e-02     2.27e-05   2519.675s
6473000 +3.22051851e+02 +3.19941581e+02  2.11e+00   1.02e-01     2.22e-05   2520.062s
6474000 +3.22052081e+02 +3.19942796e+02  2.11e+00   1.29e-01     2.16e-05   2520.450s
6475000 +3.22052044e+02 +3.19944226e+02  2.11e+00   9.31e-02     2.15e-05   2520.837s
6476000 +3.22051774e+02 +3.19945095e+02  2.11e+00   8.48e-02     2.16e-05   2521.224s
6477000 +3.22051736e+02 +3.19945775e+02  2.11e+00   9.38e-02     2.16e-05   2521.612s
6478000 +3.22051667e+02 +3.19946472e+02  2.11e+00   1.33e-01     2.17e-05   2521.999s
6479000 +3.22052328e+02 +3.19946648e+02  2.11e+00   2.11e-01     2.16e-05   2522.387s
6480000 +3.22053369e+02 +3.19946294e+02  2.11e+00   2.40e-01     2.13e-05   2522.774s
6481000 +3.22054299e+02 +3.19946471e+02  2.11e+00   2.25e-01     2.10e-05   2523.162s
6482000 +3.22055094e+02 +3.19946316e+02  2.11e+00   2.75e-01     2.09e-05   2523.549s
6483000 +3.22055715e+02 +3.19945865e+02  2.11e+00   2.62e-01     2.09e-05   2523.937s
6484000 +3.22056011e+02 +3.19946074e+02  2.11e+00   3.57e-01     2.10e-05   2524.324s
6485000 +3.22056075e+02 +3.19946743e+02  2.11e+00   4.16e-01     2.12e-05   2524.713s
6486000 +3.22056415e+02 +3.19947619e+02  2.11e+00   2.06e-01     2.16e-05   2525.100s
6487000 +3.22057078e+02 +3.19948658e+02  2.11e+00   2.38e-01     2.19e-05   2525.488s
6488000 +3.22057483e+02 +3.19949432e+02  2.11e+00   2.68e-01     2.21e-05   2525.875s
6489000 +3.22057617e+02 +3.19950006e+02  2.11e+00   2.66e-01     2.24e-05   2526.263s
6490000 +3.22058362e+02 +3.19951333e+02  2.11e+00   2.31e-01     2.26e-05   2526.650s
6491000 +3.22059160e+02 +3.19952443e+02  2.11e+00   3.57e-01     2.28e-05   2527.038s
6492000 +3.22059751e+02 +3.19954110e+02  2.11e+00   3.54e-01     2.27e-05   2527.425s
6493000 +3.22060257e+02 +3.19956194e+02  2.10e+00   3.88e-01     2.26e-05   2527.812s
6494000 +3.22060353e+02 +3.19957469e+02  2.10e+00   2.76e-01     2.25e-05   2528.199s
6495000 +3.22060373e+02 +3.19959603e+02  2.10e+00   3.39e-01     2.24e-05   2528.587s
6496000 +3.22060474e+02 +3.19961468e+02  2.10e+00   3.03e-01     2.26e-05   2528.974s
6497000 +3.22060130e+02 +3.19962968e+02  2.10e+00   2.72e-01     2.27e-05   2529.363s
6498000 +3.22060292e+02 +3.19964359e+02  2.10e+00   3.73e-01     2.28e-05   2529.751s
6499000 +3.22060185e+02 +3.19965238e+02  2.09e+00   5.24e-01     2.31e-05   2530.138s
6500000 +3.22060303e+02 +3.19966050e+02  2.09e+00   3.16e-01     2.34e-05   2530.525s
6501000 +3.22060202e+02 +3.19966271e+02  2.09e+00   2.86e-01     2.33e-05   2530.913s
6502000 +3.22060401e+02 +3.19967078e+02  2.09e+00   2.86e-01     2.31e-05   2531.300s
6503000 +3.22061151e+02 +3.19968040e+02  2.09e+00   3.11e-01     2.29e-05   2531.687s
6504000 +3.22061275e+02 +3.19969005e+02  2.09e+00   3.66e-01     2.27e-05   2532.074s
6505000 +3.22061879e+02 +3.19969821e+02  2.09e+00   5.07e-01     2.26e-05   2532.462s
6506000 +3.22061665e+02 +3.19971613e+02  2.09e+00   3.04e-01     2.26e-05   2532.849s
6507000 +3.22061592e+02 +3.19973196e+02  2.09e+00   3.31e-01     2.24e-05   2533.237s
6508000 +3.22061658e+02 +3.19974214e+02  2.09e+00   2.78e-01     2.23e-05   2533.624s
6509000 +3.22062253e+02 +3.19975271e+02  2.09e+00   3.61e-01     2.23e-05   2534.012s
6510000 +3.22062007e+02 +3.19976763e+02  2.09e+00   3.18e-01     2.23e-05   2534.399s
6511000 +3.22061920e+02 +3.19979159e+02  2.08e+00   3.24e-01     2.24e-05   2534.787s
6512000 +3.22062382e+02 +3.19981426e+02  2.08e+00   3.17e-01     2.23e-05   2535.174s
6513000 +3.22063070e+02 +3.19982694e+02  2.08e+00   3.15e-01     2.23e-05   2535.561s
6514000 +3.22062957e+02 +3.19984407e+02  2.08e+00   3.13e-01     2.24e-05   2535.949s
6515000 +3.22062142e+02 +3.19985162e+02  2.08e+00   3.25e-01     2.24e-05   2536.336s
6516000 +3.22062383e+02 +3.19986217e+02  2.08e+00   2.86e-01     2.24e-05   2536.724s
6517000 +3.22062663e+02 +3.19987331e+02  2.08e+00   3.93e-01     2.24e-05   2537.111s
6518000 +3.22062480e+02 +3.19989130e+02  2.07e+00   3.55e-01     2.21e-05   2537.498s
6519000 +3.22062235e+02 +3.19990473e+02  2.07e+00   3.13e-01     2.20e-05   2537.886s
6520000 +3.22062471e+02 +3.19992035e+02  2.07e+00   3.24e-01     2.19e-05   2538.273s
6521000 +3.22062392e+02 +3.19992900e+02  2.07e+00   3.30e-01     2.19e-05   2538.660s
6522000 +3.22062110e+02 +3.19994284e+02  2.07e+00   2.80e-01     2.18e-05   2539.048s
6523000 +3.22062428e+02 +3.19995640e+02  2.07e+00   2.82e-01     2.16e-05   2539.435s
6524000 +3.22062758e+02 +3.19996454e+02  2.07e+00   3.26e-01     2.16e-05   2539.823s
6525000 +3.22062699e+02 +3.19996820e+02  2.07e+00   3.38e-01     2.14e-05   2540.210s
6526000 +3.22063340e+02 +3.19997337e+02  2.07e+00   4.16e-01     2.12e-05   2540.597s
6527000 +3.22064035e+02 +3.19999053e+02  2.06e+00   3.76e-01     2.10e-05   2540.985s
6528000 +3.22063472e+02 +3.20000410e+02  2.06e+00   3.58e-01     2.08e-05   2541.373s
6529000 +3.22063741e+02 +3.20001956e+02  2.06e+00   3.88e-01     2.07e-05   2541.760s
6530000 +3.22063891e+02 +3.20003496e+02  2.06e+00   4.48e-01     2.08e-05   2542.148s
6531000 +3.22063901e+02 +3.20005052e+02  2.06e+00   3.56e-01     2.09e-05   2542.535s
6532000 +3.22064418e+02 +3.20006142e+02  2.06e+00   2.89e-01     2.08e-05   2542.923s
6533000 +3.22064945e+02 +3.20007447e+02  2.06e+00   3.00e-01     2.09e-05   2543.310s
6534000 +3.22064752e+02 +3.20008804e+02  2.06e+00   3.38e-01     2.09e-05   2543.698s
6535000 +3.22064682e+02 +3.20009331e+02  2.06e+00   3.84e-01     2.08e-05   2544.086s
6536000 +3.22065096e+02 +3.20010712e+02  2.05e+00   3.00e-01     2.07e-05   2544.473s
6537000 +3.22065806e+02 +3.20012554e+02  2.05e+00   3.93e-01     2.07e-05   2544.860s
6538000 +3.22066197e+02 +3.20013503e+02  2.05e+00   3.69e-01     2.06e-05   2545.248s
6539000 +3.22066512e+02 +3.20014004e+02  2.05e+00   3.06e-01     2.06e-05   2545.635s
6540000 +3.22067169e+02 +3.20015413e+02  2.05e+00   4.21e-01     2.07e-05   2546.023s
6541000 +3.22067507e+02 +3.20016437e+02  2.05e+00   3.07e-01     2.08e-05   2546.410s
6542000 +3.22067761e+02 +3.20018493e+02  2.05e+00   4.54e-01     2.08e-05   2546.797s
6543000 +3.22067350e+02 +3.20019819e+02  2.05e+00   4.78e-01     2.08e-05   2547.185s
6544000 +3.22067674e+02 +3.20020582e+02  2.05e+00   3.49e-01     2.07e-05   2547.572s
6545000 +3.22067555e+02 +3.20021101e+02  2.05e+00   2.94e-01     2.06e-05   2547.960s
6546000 +3.22067852e+02 +3.20021791e+02  2.05e+00   2.73e-01     2.06e-05   2548.347s
6547000 +3.22068063e+02 +3.20021926e+02  2.05e+00   3.56e-01     2.06e-05   2548.735s
6548000 +3.22068978e+02 +3.20023131e+02  2.05e+00   3.02e-01     2.08e-05   2549.122s
6549000 +3.22069552e+02 +3.20025068e+02  2.04e+00   3.88e-01     2.08e-05   2549.510s
6550000 +3.22070194e+02 +3.20026410e+02  2.04e+00   3.69e-01     2.07e-05   2549.897s
6551000 +3.22070378e+02 +3.20026946e+02  2.04e+00   3.36e-01     2.07e-05   2550.285s
6552000 +3.22071015e+02 +3.20027319e+02  2.04e+00   3.79e-01     2.08e-05   2550.672s
6553000 +3.22071535e+02 +3.20028465e+02  2.04e+00   3.63e-01     2.08e-05   2551.060s
6554000 +3.22071647e+02 +3.20029685e+02  2.04e+00   3.38e-01     2.09e-05   2551.447s
6555000 +3.22071831e+02 +3.20030770e+02  2.04e+00   4.33e-01     2.09e-05   2551.835s
6556000 +3.22072042e+02 +3.20032243e+02  2.04e+00   3.81e-01     2.12e-05   2552.222s
6557000 +3.22072194e+02 +3.20032959e+02  2.04e+00   5.30e-01     2.16e-05   2552.610s
6558000 +3.22072580e+02 +3.20034538e+02  2.04e+00   2.68e-01     2.14e-05   2552.997s
6559000 +3.22072692e+02 +3.20035356e+02  2.04e+00   4.65e-01     2.12e-05   2553.385s
6560000 +3.22073045e+02 +3.20035820e+02  2.04e+00   2.94e-01     2.12e-05   2553.771s
6561000 +3.22073555e+02 +3.20036466e+02  2.04e+00   3.08e-01     2.10e-05   2554.159s
6562000 +3.22073863e+02 +3.20037250e+02  2.04e+00   3.00e-01     2.10e-05   2554.547s
6563000 +3.22073760e+02 +3.20038066e+02  2.04e+00   2.82e-01     2.10e-05   2554.934s
6564000 +3.22073802e+02 +3.20038736e+02  2.04e+00   2.93e-01     2.10e-05   2555.321s
6565000 +3.22074474e+02 +3.20039785e+02  2.03e+00   3.96e-01     2.11e-05   2555.709s
6566000 +3.22074105e+02 +3.20040314e+02  2.03e+00   2.49e-01     2.11e-05   2556.096s
6567000 +3.22074216e+02 +3.20041240e+02  2.03e+00   3.64e-01     2.10e-05   2556.484s
6568000 +3.22073848e+02 +3.20042218e+02  2.03e+00   2.40e-01     2.10e-05   2556.871s
6569000 +3.22074205e+02 +3.20043018e+02  2.03e+00   2.84e-01     2.09e-05   2557.259s
6570000 +3.22074297e+02 +3.20043817e+02  2.03e+00   2.55e-01     2.08e-05   2557.646s
6571000 +3.22074206e+02 +3.20044803e+02  2.03e+00   3.32e-01     2.07e-05   2558.034s
6572000 +3.22074104e+02 +3.20045757e+02  2.03e+00   2.67e-01     2.06e-05   2558.422s
6573000 +3.22074064e+02 +3.20047459e+02  2.03e+00   2.87e-01     2.06e-05   2558.809s
6574000 +3.22074302e+02 +3.20049012e+02  2.03e+00   3.13e-01     2.05e-05   2559.196s
6575000 +3.22074704e+02 +3.20049796e+02  2.02e+00   3.07e-01     2.05e-05   2559.584s
6576000 +3.22074396e+02 +3.20050917e+02  2.02e+00   4.35e-01     2.06e-05   2559.971s
6577000 +3.22074398e+02 +3.20052209e+02  2.02e+00   2.53e-01     2.06e-05   2560.359s
6578000 +3.22074460e+02 +3.20053766e+02  2.02e+00   3.42e-01     2.05e-05   2560.746s
6579000 +3.22073539e+02 +3.20055671e+02  2.02e+00   2.71e-01     2.05e-05   2561.134s
6580000 +3.22073741e+02 +3.20057069e+02  2.02e+00   3.46e-01     2.05e-05   2561.521s
6581000 +3.22073444e+02 +3.20058243e+02  2.02e+00   2.84e-01     2.06e-05   2561.909s
6582000 +3.22073504e+02 +3.20059245e+02  2.01e+00   3.63e-01     2.06e-05   2562.296s
6583000 +3.22074000e+02 +3.20060049e+02  2.01e+00   2.56e-01     2.06e-05   2562.684s
6584000 +3.22074146e+02 +3.20061690e+02  2.01e+00   2.55e-01     2.05e-05   2563.071s
6585000 +3.22074566e+02 +3.20062723e+02  2.01e+00   2.54e-01     2.05e-05   2563.459s
6586000 +3.22074221e+02 +3.20063152e+02  2.01e+00   3.22e-01     2.05e-05   2563.846s
6587000 +3.22074224e+02 +3.20064045e+02  2.01e+00   2.55e-01     2.06e-05   2564.234s
6588000 +3.22073811e+02 +3.20065332e+02  2.01e+00   2.83e-01     2.05e-05   2564.621s
6589000 +3.22073867e+02 +3.20066938e+02  2.01e+00   3.01e-01     2.04e-05   2565.009s
6590000 +3.22073962e+02 +3.20068394e+02  2.01e+00   3.23e-01     2.04e-05   2565.396s
6591000 +3.22074154e+02 +3.20068724e+02  2.01e+00   3.63e-01     2.04e-05   2565.783s
6592000 +3.22074481e+02 +3.20069832e+02  2.00e+00   3.16e-01     2.04e-05   2566.171s
6593000 +3.22074319e+02 +3.20070756e+02  2.00e+00   3.60e-01     2.05e-05   2566.558s
6594000 +3.22074337e+02 +3.20071933e+02  2.00e+00   2.32e-01     2.05e-05   2566.945s
6595000 +3.22074657e+02 +3.20072856e+02  2.00e+00   2.18e-01     2.05e-05   2567.333s
6596000 +3.22074906e+02 +3.20073781e+02  2.00e+00   3.52e-01     2.04e-05   2567.720s
6597000 +3.22075286e+02 +3.20074708e+02  2.00e+00   1.95e-01     2.03e-05   2568.108s
6598000 +3.22075884e+02 +3.20075554e+02  2.00e+00   2.33e-01     2.04e-05   2568.495s
6599000 +3.22076217e+02 +3.20076398e+02  2.00e+00   3.52e-01     2.04e-05   2568.883s
6600000 +3.22076158e+02 +3.20077008e+02  2.00e+00   2.84e-01     2.04e-05   2569.271s
6601000 +3.22076212e+02 +3.20077699e+02  2.00e+00   2.26e-01     2.04e-05   2569.658s
6602000 +3.22076280e+02 +3.20078251e+02  2.00e+00   2.58e-01     2.04e-05   2570.046s
6603000 +3.22076313e+02 +3.20079639e+02  2.00e+00   2.42e-01     2.04e-05   2570.433s
6604000 +3.22076360e+02 +3.20081044e+02  2.00e+00   3.11e-01     2.04e-05   2570.821s
6605000 +3.22075838e+02 +3.20082570e+02  1.99e+00   2.47e-01     2.04e-05   2571.208s
6606000 +3.22075670e+02 +3.20083805e+02  1.99e+00   3.04e-01     2.05e-05   2571.596s
6607000 +3.22075656e+02 +3.20084517e+02  1.99e+00   2.71e-01     2.04e-05   2571.983s
6608000 +3.22075943e+02 +3.20084978e+02  1.99e+00   2.83e-01     2.04e-05   2572.371s
6609000 +3.22076296e+02 +3.20085736e+02  1.99e+00   3.40e-01     2.04e-05   2572.758s
6610000 +3.22076128e+02 +3.20086660e+02  1.99e+00   3.38e-01     2.04e-05   2573.146s
6611000 +3.22076270e+02 +3.20086956e+02  1.99e+00   2.67e-01     2.04e-05   2573.533s
6612000 +3.22076075e+02 +3.20087324e+02  1.99e+00   2.42e-01     2.04e-05   2573.920s
6613000 +3.22075677e+02 +3.20088103e+02  1.99e+00   2.08e-01     2.04e-05   2574.307s
6614000 +3.22075985e+02 +3.20088897e+02  1.99e+00   2.38e-01     2.04e-05   2574.695s
6615000 +3.22075892e+02 +3.20089837e+02  1.99e+00   3.14e-01     2.04e-05   2575.082s
6616000 +3.22075994e+02 +3.20090642e+02  1.99e+00   3.64e-01     2.05e-05   2575.469s
6617000 +3.22075714e+02 +3.20091461e+02  1.98e+00   3.13e-01     2.06e-05   2575.859s
6618000 +3.22075977e+02 +3.20091802e+02  1.98e+00   2.82e-01     2.06e-05   2576.246s
6619000 +3.22076019e+02 +3.20092065e+02  1.98e+00   1.97e-01     2.05e-05   2576.634s
6620000 +3.22076007e+02 +3.20092449e+02  1.98e+00   2.31e-01     2.05e-05   2577.022s
6621000 +3.22075800e+02 +3.20093199e+02  1.98e+00   2.22e-01     2.04e-05   2577.409s
6622000 +3.22075991e+02 +3.20093403e+02  1.98e+00   2.79e-01     2.04e-05   2577.797s
6623000 +3.22075799e+02 +3.20093531e+02  1.98e+00   2.46e-01     2.05e-05   2578.185s
6624000 +3.22075822e+02 +3.20094313e+02  1.98e+00   1.93e-01     2.05e-05   2578.572s
6625000 +3.22075978e+02 +3.20094482e+02  1.98e+00   2.12e-01     2.05e-05   2578.959s
6626000 +3.22075941e+02 +3.20095351e+02  1.98e+00   1.71e-01     2.05e-05   2579.347s
6627000 +3.22075949e+02 +3.20095837e+02  1.98e+00   2.66e-01     2.05e-05   2579.734s
6628000 +3.22076179e+02 +3.20096589e+02  1.98e+00   2.78e-01     2.05e-05   2580.122s
6629000 +3.22075944e+02 +3.20097518e+02  1.98e+00   2.85e-01     2.05e-05   2580.510s
6630000 +3.22075988e+02 +3.20098346e+02  1.98e+00   2.30e-01     2.04e-05   2580.897s
6631000 +3.22075939e+02 +3.20099119e+02  1.98e+00   3.29e-01     2.04e-05   2581.285s
6632000 +3.22075870e+02 +3.20099387e+02  1.98e+00   2.67e-01     2.04e-05   2581.672s
6633000 +3.22075715e+02 +3.20100342e+02  1.98e+00   2.63e-01     2.04e-05   2582.060s
6634000 +3.22075829e+02 +3.20100866e+02  1.97e+00   2.66e-01     2.05e-05   2582.447s
6635000 +3.22075442e+02 +3.20101344e+02  1.97e+00   2.86e-01     2.05e-05   2582.835s
6636000 +3.22075507e+02 +3.20101894e+02  1.97e+00   2.18e-01     2.04e-05   2583.222s
6637000 +3.22075900e+02 +3.20102260e+02  1.97e+00   2.75e-01     2.04e-05   2583.610s
6638000 +3.22075641e+02 +3.20103101e+02  1.97e+00   1.79e-01     2.04e-05   2583.998s
6639000 +3.22075493e+02 +3.20103697e+02  1.97e+00   1.80e-01     2.04e-05   2584.385s
6640000 +3.22075622e+02 +3.20104572e+02  1.97e+00   2.65e-01     2.04e-05   2584.773s
6641000 +3.22075506e+02 +3.20105327e+02  1.97e+00   2.32e-01     2.03e-05   2585.160s
6642000 +3.22075350e+02 +3.20105758e+02  1.97e+00   1.82e-01     2.04e-05   2585.548s
6643000 +3.22075677e+02 +3.20106146e+02  1.97e+00   1.76e-01     2.04e-05   2585.935s
6644000 +3.22075347e+02 +3.20106535e+02  1.97e+00   1.54e-01     2.04e-05   2586.323s
6645000 +3.22075519e+02 +3.20107005e+02  1.97e+00   3.01e-01     2.04e-05   2586.710s
6646000 +3.22075301e+02 +3.20107676e+02  1.97e+00   2.79e-01     2.04e-05   2587.097s
6647000 +3.22075511e+02 +3.20108159e+02  1.97e+00   3.49e-01     2.03e-05   2587.485s
6648000 +3.22075534e+02 +3.20108703e+02  1.97e+00   1.88e-01     2.02e-05   2587.872s
6649000 +3.22075381e+02 +3.20108894e+02  1.97e+00   2.36e-01     2.03e-05   2588.259s
6650000 +3.22075606e+02 +3.20109138e+02  1.97e+00   3.00e-01     2.02e-05   2588.646s
6651000 +3.22075568e+02 +3.20109652e+02  1.97e+00   1.71e-01     2.02e-05   2589.034s
6652000 +3.22075681e+02 +3.20110200e+02  1.97e+00   2.69e-01     2.02e-05   2589.422s
6653000 +3.22075304e+02 +3.20110472e+02  1.96e+00   2.09e-01     2.03e-05   2589.809s
6654000 +3.22075442e+02 +3.20110589e+02  1.96e+00   1.99e-01     2.03e-05   2590.197s
6655000 +3.22075543e+02 +3.20110934e+02  1.96e+00   1.72e-01     2.02e-05   2590.584s
6656000 +3.22075444e+02 +3.20111336e+02  1.96e+00   1.76e-01     2.02e-05   2590.971s
6657000 +3.22075356e+02 +3.20111969e+02  1.96e+00   3.15e-01     2.02e-05   2591.359s
6658000 +3.22075353e+02 +3.20112801e+02  1.96e+00   2.47e-01     2.02e-05   2591.746s
6659000 +3.22075508e+02 +3.20113214e+02  1.96e+00   2.53e-01     2.02e-05   2592.134s
6660000 +3.22075293e+02 +3.20113666e+02  1.96e+00   2.29e-01     2.02e-05   2592.521s
6661000 +3.22075290e+02 +3.20114428e+02  1.96e+00   1.47e-01     2.03e-05   2592.909s
6662000 +3.22075432e+02 +3.20114894e+02  1.96e+00   2.50e-01     2.03e-05   2593.296s
6663000 +3.22075314e+02 +3.20115544e+02  1.96e+00   1.95e-01     2.03e-05   2593.684s
6664000 +3.22075354e+02 +3.20116685e+02  1.96e+00   2.75e-01     2.04e-05   2594.071s
6665000 +3.22075402e+02 +3.20117173e+02  1.96e+00   1.93e-01     2.04e-05   2594.459s
6666000 +3.22075034e+02 +3.20118107e+02  1.96e+00   1.92e-01     2.04e-05   2594.846s
6667000 +3.22074955e+02 +3.20118590e+02  1.96e+00   2.06e-01     2.03e-05   2595.234s
6668000 +3.22074915e+02 +3.20119124e+02  1.96e+00   1.88e-01     2.03e-05   2595.622s
6669000 +3.22074855e+02 +3.20119814e+02  1.96e+00   2.77e-01     2.03e-05   2596.009s
6670000 +3.22074671e+02 +3.20120119e+02  1.95e+00   1.72e-01     2.02e-05   2596.396s
6671000 +3.22074833e+02 +3.20120467e+02  1.95e+00   2.59e-01     2.02e-05   2596.784s
6672000 +3.22075064e+02 +3.20121100e+02  1.95e+00   2.37e-01     2.02e-05   2597.173s
6673000 +3.22075059e+02 +3.20121991e+02  1.95e+00   2.68e-01     2.02e-05   2597.560s
6674000 +3.22074924e+02 +3.20122877e+02  1.95e+00   1.87e-01     2.02e-05   2597.948s
6675000 +3.22075170e+02 +3.20123299e+02  1.95e+00   2.86e-01     2.02e-05   2598.335s
6676000 +3.22075450e+02 +3.20123813e+02  1.95e+00   1.96e-01     2.01e-05   2598.723s
6677000 +3.22075424e+02 +3.20124453e+02  1.95e+00   2.36e-01     2.01e-05   2599.110s
6678000 +3.22075146e+02 +3.20124760e+02  1.95e+00   1.58e-01     2.01e-05   2599.497s
6679000 +3.22075126e+02 +3.20125256e+02  1.95e+00   2.45e-01     2.01e-05   2599.885s
6680000 +3.22074890e+02 +3.20126018e+02  1.95e+00   1.71e-01     2.01e-05   2600.273s
6681000 +3.22074705e+02 +3.20126779e+02  1.95e+00   2.05e-01     2.00e-05   2600.660s
6682000 +3.22074732e+02 +3.20127582e+02  1.95e+00   2.12e-01     2.00e-05   2601.048s
6683000 +3.22074653e+02 +3.20128080e+02  1.95e+00   1.53e-01     2.00e-05   2601.435s
6684000 +3.22074633e+02 +3.20128445e+02  1.95e+00   1.45e-01     2.00e-05   2601.822s
6685000 +3.22074841e+02 +3.20128376e+02  1.95e+00   1.56e-01     2.00e-05   2602.210s
6686000 +3.22074617e+02 +3.20128810e+02  1.95e+00   1.18e-01     2.00e-05   2602.597s
6687000 +3.22074424e+02 +3.20129263e+02  1.95e+00   1.18e-01     2.00e-05   2602.985s
6688000 +3.22074266e+02 +3.20130047e+02  1.94e+00   1.84e-01     2.00e-05   2603.372s
6689000 +3.22073891e+02 +3.20130453e+02  1.94e+00   2.18e-01     2.00e-05   2603.759s
6690000 +3.22073632e+02 +3.20130993e+02  1.94e+00   2.07e-01     2.00e-05   2604.147s
6691000 +3.22073699e+02 +3.20131506e+02  1.94e+00   2.48e-01     2.00e-05   2604.535s
6692000 +3.22073753e+02 +3.20132008e+02  1.94e+00   2.99e-01     2.00e-05   2604.922s
6693000 +3.22073375e+02 +3.20132529e+02  1.94e+00   1.94e-01     2.00e-05   2605.309s
6694000 +3.22073651e+02 +3.20133203e+02  1.94e+00   1.94e-01     2.00e-05   2605.697s
6695000 +3.22073580e+02 +3.20133712e+02  1.94e+00   2.33e-01     2.00e-05   2606.084s
6696000 +3.22073570e+02 +3.20134189e+02  1.94e+00   2.01e-01     2.01e-05   2606.472s
6697000 +3.22073259e+02 +3.20134483e+02  1.94e+00   1.80e-01     2.01e-05   2606.859s
6698000 +3.22073154e+02 +3.20134694e+02  1.94e+00   2.09e-01     2.01e-05   2607.246s
6699000 +3.22073206e+02 +3.20134763e+02  1.94e+00   2.44e-01     2.01e-05   2607.634s
6700000 +3.22073242e+02 +3.20135245e+02  1.94e+00   1.88e-01     2.00e-05   2608.022s
6701000 +3.22073014e+02 +3.20135792e+02  1.94e+00   2.77e-01     2.01e-05   2608.409s
6702000 +3.22072704e+02 +3.20136188e+02  1.94e+00   2.55e-01     2.00e-05   2608.797s
6703000 +3.22072323e+02 +3.20136760e+02  1.94e+00   2.40e-01     2.01e-05   2609.184s
6704000 +3.22072296e+02 +3.20137606e+02  1.93e+00   2.14e-01     2.01e-05   2609.572s
6705000 +3.22072006e+02 +3.20138072e+02  1.93e+00   1.94e-01     2.01e-05   2609.959s
6706000 +3.22071714e+02 +3.20138375e+02  1.93e+00   2.01e-01     2.00e-05   2610.346s
6707000 +3.22071790e+02 +3.20138391e+02  1.93e+00   3.03e-01     2.00e-05   2610.734s
6708000 +3.22071908e+02 +3.20138489e+02  1.93e+00   2.25e-01     2.01e-05   2611.122s
6709000 +3.22071335e+02 +3.20138511e+02  1.93e+00   2.27e-01     2.01e-05   2611.509s
6710000 +3.22071320e+02 +3.20138533e+02  1.93e+00   2.41e-01     2.01e-05   2611.897s
6711000 +3.22071039e+02 +3.20138575e+02  1.93e+00   2.34e-01     2.00e-05   2612.285s
6712000 +3.22070879e+02 +3.20138418e+02  1.93e+00   2.22e-01     2.00e-05   2612.672s
6713000 +3.22070436e+02 +3.20138802e+02  1.93e+00   2.00e-01     2.01e-05   2613.059s
6714000 +3.22070353e+02 +3.20139127e+02  1.93e+00   2.89e-01     2.01e-05   2613.447s
6715000 +3.22070415e+02 +3.20139332e+02  1.93e+00   1.37e-01     2.01e-05   2613.834s
6716000 +3.22070444e+02 +3.20139698e+02  1.93e+00   2.38e-01     2.00e-05   2614.221s
6717000 +3.22070576e+02 +3.20140098e+02  1.93e+00   1.67e-01     2.00e-05   2614.609s
6718000 +3.22070318e+02 +3.20140241e+02  1.93e+00   1.99e-01     2.01e-05   2614.996s
6719000 +3.22070557e+02 +3.20140391e+02  1.93e+00   2.04e-01     2.01e-05   2615.384s
6720000 +3.22070435e+02 +3.20140907e+02  1.93e+00   1.53e-01     2.01e-05   2615.771s
6721000 +3.22070623e+02 +3.20140732e+02  1.93e+00   1.83e-01     2.00e-05   2616.159s
6722000 +3.22070807e+02 +3.20140562e+02  1.93e+00   1.49e-01     2.00e-05   2616.546s
6723000 +3.22070524e+02 +3.20140808e+02  1.93e+00   2.08e-01     2.00e-05   2616.934s
6724000 +3.22070078e+02 +3.20141287e+02  1.93e+00   1.23e-01     2.00e-05   2617.321s
6725000 +3.22070305e+02 +3.20141662e+02  1.93e+00   1.19e-01     2.01e-05   2617.709s
6726000 +3.22070286e+02 +3.20142423e+02  1.93e+00   2.23e-01     2.00e-05   2618.096s
6727000 +3.22070343e+02 +3.20143075e+02  1.93e+00   1.73e-01     2.00e-05   2618.483s
6728000 +3.22070429e+02 +3.20143299e+02  1.93e+00   1.32e-01     2.00e-05   2618.871s
6729000 +3.22070473e+02 +3.20143078e+02  1.93e+00   1.67e-01     2.00e-05   2619.258s
6730000 +3.22070461e+02 +3.20143522e+02  1.93e+00   2.38e-01     2.00e-05   2619.646s
6731000 +3.22070508e+02 +3.20143634e+02  1.93e+00   1.94e-01     2.00e-05   2620.033s
6732000 +3.22070636e+02 +3.20143884e+02  1.93e+00   1.61e-01     2.00e-05   2620.421s
6733000 +3.22070795e+02 +3.20144345e+02  1.93e+00   1.90e-01     2.00e-05   2620.808s
6734000 +3.22070619e+02 +3.20144622e+02  1.93e+00   2.08e-01     2.00e-05   2621.196s
6735000 +3.22070132e+02 +3.20144881e+02  1.93e+00   1.85e-01     2.00e-05   2621.583s
6736000 +3.22070081e+02 +3.20144823e+02  1.93e+00   1.75e-01     2.00e-05   2621.971s
6737000 +3.22069906e+02 +3.20145000e+02  1.92e+00   1.42e-01     2.00e-05   2622.358s
6738000 +3.22070189e+02 +3.20145077e+02  1.93e+00   2.12e-01     2.00e-05   2622.746s
6739000 +3.22070349e+02 +3.20145228e+02  1.93e+00   2.01e-01     2.00e-05   2623.133s
6740000 +3.22070333e+02 +3.20145745e+02  1.92e+00   1.42e-01     2.00e-05   2623.521s
6741000 +3.22070334e+02 +3.20145908e+02  1.92e+00   1.72e-01     2.00e-05   2623.908s
6742000 +3.22070318e+02 +3.20146536e+02  1.92e+00   2.17e-01     2.00e-05   2624.296s
6743000 +3.22070856e+02 +3.20146937e+02  1.92e+00   1.90e-01     2.00e-05   2624.684s
6744000 +3.22070597e+02 +3.20147308e+02  1.92e+00   1.28e-01     2.00e-05   2625.071s
6745000 +3.22070381e+02 +3.20147510e+02  1.92e+00   1.63e-01     2.00e-05   2625.459s
6746000 +3.22070470e+02 +3.20147534e+02  1.92e+00   1.88e-01     2.00e-05   2625.846s
6747000 +3.22070245e+02 +3.20148056e+02  1.92e+00   1.07e-01     2.00e-05   2626.233s
6748000 +3.22069912e+02 +3.20148575e+02  1.92e+00   1.69e-01     2.00e-05   2626.621s
6749000 +3.22069573e+02 +3.20149109e+02  1.92e+00   2.18e-01     2.00e-05   2627.009s
6750000 +3.22069277e+02 +3.20149393e+02  1.92e+00   1.85e-01     2.00e-05   2627.396s
6751000 +3.22069011e+02 +3.20150083e+02  1.92e+00   2.23e-01     2.01e-05   2627.784s
6752000 +3.22068430e+02 +3.20150506e+02  1.92e+00   2.17e-01     2.01e-05   2628.171s
6753000 +3.22068124e+02 +3.20150846e+02  1.92e+00   1.92e-01     2.02e-05   2628.559s
6754000 +3.22067888e+02 +3.20151295e+02  1.92e+00   1.71e-01     2.02e-05   2628.947s
6755000 +3.22067955e+02 +3.20151778e+02  1.92e+00   1.48e-01     2.02e-05   2629.334s
6756000 +3.22067707e+02 +3.20152231e+02  1.92e+00   1.63e-01     2.02e-05   2629.721s
6757000 +3.22067657e+02 +3.20152352e+02  1.92e+00   1.90e-01     2.02e-05   2630.109s
6758000 +3.22067584e+02 +3.20152568e+02  1.92e+00   2.21e-01     2.02e-05   2630.496s
6759000 +3.22067241e+02 +3.20152744e+02  1.91e+00   1.87e-01     2.02e-05   2630.884s
6760000 +3.22066735e+02 +3.20153358e+02  1.91e+00   1.91e-01     2.02e-05   2631.271s
6761000 +3.22066386e+02 +3.20153785e+02  1.91e+00   1.62e-01     2.02e-05   2631.659s
6762000 +3.22066142e+02 +3.20154063e+02  1.91e+00   8.87e-02     2.01e-05   2632.046s
6763000 +3.22065985e+02 +3.20154390e+02  1.91e+00   1.30e-01     2.01e-05   2632.434s
6764000 +3.22065919e+02 +3.20154790e+02  1.91e+00   1.49e-01     2.01e-05   2632.822s
6765000 +3.22065742e+02 +3.20155224e+02  1.91e+00   1.17e-01     2.01e-05   2633.209s
6766000 +3.22065135e+02 +3.20155524e+02  1.91e+00   1.18e-01     2.01e-05   2633.597s
6767000 +3.22064892e+02 +3.20155664e+02  1.91e+00   1.27e-01     2.01e-05   2633.984s
6768000 +3.22064462e+02 +3.20155741e+02  1.91e+00   1.13e-01     2.01e-05   2634.372s
6769000 +3.22064351e+02 +3.20155704e+02  1.91e+00   1.23e-01     2.01e-05   2634.760s
6770000 +3.22064293e+02 +3.20156190e+02  1.91e+00   1.77e-01     2.01e-05   2635.147s
6771000 +3.22064108e+02 +3.20156472e+02  1.91e+00   1.46e-01     2.00e-05   2635.535s
6772000 +3.22064153e+02 +3.20156860e+02  1.91e+00   1.73e-01     2.00e-05   2635.922s
6773000 +3.22063914e+02 +3.20157133e+02  1.91e+00   1.15e-01     2.00e-05   2636.310s
6774000 +3.22063749e+02 +3.20157731e+02  1.91e+00   1.47e-01     2.00e-05   2636.697s
6775000 +3.22063984e+02 +3.20157859e+02  1.91e+00   1.66e-01     2.00e-05   2637.085s
6776000 +3.22064127e+02 +3.20157902e+02  1.91e+00   2.06e-01     2.00e-05   2637.472s
6777000 +3.22063890e+02 +3.20158184e+02  1.91e+00   2.03e-01     2.01e-05   2637.860s
6778000 +3.22063663e+02 +3.20158395e+02  1.91e+00   2.03e-01     2.01e-05   2638.247s
6779000 +3.22063729e+02 +3.20158553e+02  1.91e+00   1.94e-01     2.01e-05   2638.634s
6780000 +3.22063779e+02 +3.20159178e+02  1.90e+00   1.06e-01     2.01e-05   2639.022s
6781000 +3.22064063e+02 +3.20159288e+02  1.90e+00   1.16e-01     2.01e-05   2639.409s
6782000 +3.22063981e+02 +3.20159463e+02  1.90e+00   1.96e-01     2.01e-05   2639.797s
6783000 +3.22063934e+02 +3.20159550e+02  1.90e+00   1.76e-01     2.01e-05   2640.184s
6784000 +3.22063785e+02 +3.20159654e+02  1.90e+00   1.59e-01     2.01e-05   2640.572s
6785000 +3.22063872e+02 +3.20159879e+02  1.90e+00   1.79e-01     2.01e-05   2640.960s
6786000 +3.22063567e+02 +3.20159912e+02  1.90e+00   1.29e-01     2.01e-05   2641.347s
6787000 +3.22063758e+02 +3.20160281e+02  1.90e+00   1.98e-01     2.01e-05   2641.736s
6788000 +3.22063545e+02 +3.20160620e+02  1.90e+00   1.45e-01     2.00e-05   2642.124s
6789000 +3.22063689e+02 +3.20161075e+02  1.90e+00   1.46e-01     2.00e-05   2642.511s
6790000 +3.22063826e+02 +3.20161488e+02  1.90e+00   1.60e-01     2.00e-05   2642.899s
6791000 +3.22063633e+02 +3.20161706e+02  1.90e+00   1.65e-01     2.00e-05   2643.286s
6792000 +3.22063545e+02 +3.20161713e+02  1.90e+00   1.15e-01     2.00e-05   2643.674s
6793000 +3.22063353e+02 +3.20161866e+02  1.90e+00   1.14e-01     2.00e-05   2644.061s
6794000 +3.22063390e+02 +3.20162104e+02  1.90e+00   1.31e-01     2.00e-05   2644.449s
6795000 +3.22063205e+02 +3.20162390e+02  1.90e+00   1.53e-01     2.00e-05   2644.836s
6796000 +3.22062904e+02 +3.20162644e+02  1.90e+00   1.31e-01     2.00e-05   2645.224s
6797000 +3.22062733e+02 +3.20162733e+02  1.90e+00   1.44e-01     2.00e-05   2645.611s
6798000 +3.22062424e+02 +3.20163049e+02  1.90e+00   1.43e-01     2.00e-05   2645.999s
6799000 +3.22062252e+02 +3.20163235e+02  1.90e+00   1.50e-01     2.00e-05   2646.387s
6800000 +3.22062008e+02 +3.20163651e+02  1.90e+00   1.14e-01     2.00e-05   2646.774s
6801000 +3.22061911e+02 +3.20164137e+02  1.90e+00   1.73e-01     2.00e-05   2647.162s
6802000 +3.22061803e+02 +3.20164576e+02  1.90e+00   1.60e-01     1.99e-05   2647.549s
6803000 +3.22061821e+02 +3.20164944e+02  1.90e+00   1.71e-01     2.00e-05   2647.937s
6804000 +3.22061695e+02 +3.20165543e+02  1.90e+00   1.18e-01     1.99e-05   2648.324s
6805000 +3.22061568e+02 +3.20165853e+02  1.90e+00   1.43e-01     1.99e-05   2648.712s
6806000 +3.22061309e+02 +3.20165939e+02  1.90e+00   1.25e-01     1.99e-05   2649.099s
6807000 +3.22061108e+02 +3.20166101e+02  1.90e+00   1.41e-01     1.99e-05   2649.486s
6808000 +3.22060744e+02 +3.20166514e+02  1.89e+00   1.70e-01     1.99e-05   2649.874s
6809000 +3.22060638e+02 +3.20166825e+02  1.89e+00   2.01e-01     1.99e-05   2650.261s
6810000 +3.22060270e+02 +3.20167041e+02  1.89e+00   1.37e-01     1.99e-05   2650.649s
6811000 +3.22060425e+02 +3.20167357e+02  1.89e+00   1.52e-01     1.99e-05   2651.036s
6812000 +3.22060467e+02 +3.20167694e+02  1.89e+00   1.74e-01     1.99e-05   2651.424s
6813000 +3.22060410e+02 +3.20167894e+02  1.89e+00   1.59e-01     1.99e-05   2651.812s
6814000 +3.22060332e+02 +3.20168238e+02  1.89e+00   1.79e-01     1.99e-05   2652.199s
6815000 +3.22060041e+02 +3.20168425e+02  1.89e+00   1.29e-01     1.99e-05   2652.587s
6816000 +3.22059791e+02 +3.20168675e+02  1.89e+00   1.27e-01     1.99e-05   2652.974s
6817000 +3.22059521e+02 +3.20169148e+02  1.89e+00   1.58e-01     2.00e-05   2653.362s
6818000 +3.22059184e+02 +3.20169541e+02  1.89e+00   9.32e-02     2.00e-05   2653.749s
6819000 +3.22058967e+02 +3.20169961e+02  1.89e+00   1.63e-01     2.00e-05   2654.137s
6820000 +3.22058912e+02 +3.20170148e+02  1.89e+00   1.89e-01     1.99e-05   2654.524s
6821000 +3.22058774e+02 +3.20170487e+02  1.89e+00   1.39e-01     1.99e-05   2654.912s
6822000 +3.22058573e+02 +3.20170516e+02  1.89e+00   1.38e-01     1.99e-05   2655.299s
6823000 +3.22058263e+02 +3.20170735e+02  1.89e+00   1.27e-01     1.99e-05   2655.687s
6824000 +3.22058148e+02 +3.20170675e+02  1.89e+00   1.40e-01     1.99e-05   2656.074s
6825000 +3.22058031e+02 +3.20170845e+02  1.89e+00   9.38e-02     1.99e-05   2656.462s
6826000 +3.22057685e+02 +3.20170999e+02  1.89e+00   1.53e-01     1.99e-05   2656.850s
6827000 +3.22057244e+02 +3.20171211e+02  1.89e+00   1.37e-01     1.99e-05   2657.237s
6828000 +3.22057320e+02 +3.20171431e+02  1.89e+00   1.54e-01     1.99e-05   2657.625s
6829000 +3.22056972e+02 +3.20171459e+02  1.89e+00   1.59e-01     1.99e-05   2658.012s
6830000 +3.22056567e+02 +3.20171058e+02  1.89e+00   1.03e-01     1.99e-05   2658.399s
6831000 +3.22056462e+02 +3.20171316e+02  1.89e+00   1.24e-01     1.99e-05   2658.787s
6832000 +3.22056149e+02 +3.20171581e+02  1.88e+00   1.03e-01     1.99e-05   2659.174s
6833000 +3.22055845e+02 +3.20171657e+02  1.88e+00   1.35e-01     1.99e-05   2659.562s
6834000 +3.22055633e+02 +3.20172098e+02  1.88e+00   1.26e-01     1.99e-05   2659.949s
6835000 +3.22055428e+02 +3.20172450e+02  1.88e+00   1.27e-01     1.99e-05   2660.337s
6836000 +3.22055011e+02 +3.20172642e+02  1.88e+00   8.33e-02     1.99e-05   2660.725s
6837000 +3.22054796e+02 +3.20173059e+02  1.88e+00   1.32e-01     1.99e-05   2661.112s
6838000 +3.22054589e+02 +3.20173430e+02  1.88e+00   9.29e-02     1.99e-05   2661.500s
6839000 +3.22054413e+02 +3.20174020e+02  1.88e+00   1.61e-01     1.99e-05   2661.887s
6840000 +3.22054291e+02 +3.20174308e+02  1.88e+00   1.67e-01     1.99e-05   2662.275s
6841000 +3.22054215e+02 +3.20174421e+02  1.88e+00   1.61e-01     1.99e-05   2662.662s
6842000 +3.22054009e+02 +3.20174490e+02  1.88e+00   1.19e-01     1.99e-05   2663.050s
6843000 +3.22053771e+02 +3.20174689e+02  1.88e+00   8.86e-02     1.99e-05   2663.438s
6844000 +3.22053832e+02 +3.20174899e+02  1.88e+00   1.65e-01     1.99e-05   2663.825s
6845000 +3.22053529e+02 +3.20175025e+02  1.88e+00   7.78e-02     1.99e-05   2664.213s
6846000 +3.22053271e+02 +3.20175336e+02  1.88e+00   1.09e-01     1.99e-05   2664.602s
6847000 +3.22053085e+02 +3.20175466e+02  1.88e+00   1.55e-01     1.99e-05   2664.990s
6848000 +3.22052881e+02 +3.20175538e+02  1.88e+00   1.41e-01     1.99e-05   2665.377s
6849000 +3.22052879e+02 +3.20175819e+02  1.88e+00   1.47e-01     1.99e-05   2665.764s
6850000 +3.22052674e+02 +3.20176047e+02  1.88e+00   1.64e-01     1.99e-05   2666.152s
6851000 +3.22052578e+02 +3.20176320e+02  1.88e+00   1.50e-01     1.99e-05   2666.539s
6852000 +3.22052572e+02 +3.20176581e+02  1.88e+00   1.20e-01     1.99e-05   2666.927s
6853000 +3.22052593e+02 +3.20176827e+02  1.88e+00   1.48e-01     1.99e-05   2667.314s
6854000 +3.22052548e+02 +3.20177373e+02  1.88e+00   1.32e-01     1.99e-05   2667.702s
6855000 +3.22052654e+02 +3.20177840e+02  1.87e+00   1.30e-01     1.99e-05   2668.091s
6856000 +3.22052671e+02 +3.20178282e+02  1.87e+00   1.24e-01     1.99e-05   2668.479s
6857000 +3.22052624e+02 +3.20178636e+02  1.87e+00   1.24e-01     1.99e-05   2668.866s
6858000 +3.22052622e+02 +3.20179099e+02  1.87e+00   2.19e-01     1.99e-05   2669.254s
6859000 +3.22052881e+02 +3.20179643e+02  1.87e+00   1.11e-01     1.99e-05   2669.641s
6860000 +3.22053054e+02 +3.20179971e+02  1.87e+00   1.51e-01     1.99e-05   2670.029s
6861000 +3.22053160e+02 +3.20180458e+02  1.87e+00   1.50e-01     1.99e-05   2670.417s
6862000 +3.22053242e+02 +3.20181106e+02  1.87e+00   1.55e-01     1.99e-05   2670.804s
6863000 +3.22053197e+02 +3.20181521e+02  1.87e+00   1.04e-01     1.99e-05   2671.192s
6864000 +3.22053236e+02 +3.20181803e+02  1.87e+00   1.23e-01     1.99e-05   2671.579s
6865000 +3.22053111e+02 +3.20181964e+02  1.87e+00   1.62e-01     1.98e-05   2671.967s
6866000 +3.22053222e+02 +3.20182167e+02  1.87e+00   9.93e-02     1.98e-05   2672.354s
6867000 +3.22053428e+02 +3.20182260e+02  1.87e+00   1.16e-01     1.98e-05   2672.742s
6868000 +3.22053462e+02 +3.20182450e+02  1.87e+00   9.17e-02     1.98e-05   2673.129s
6869000 +3.22053614e+02 +3.20182534e+02  1.87e+00   1.54e-01     1.98e-05   2673.517s
6870000 +3.22053543e+02 +3.20182662e+02  1.87e+00   1.02e-01     1.98e-05   2673.904s
6871000 +3.22053684e+02 +3.20182889e+02  1.87e+00   1.12e-01     1.98e-05   2674.292s
6872000 +3.22053396e+02 +3.20183195e+02  1.87e+00   7.98e-02     1.99e-05   2674.679s
6873000 +3.22053436e+02 +3.20183526e+02  1.87e+00   1.23e-01     1.99e-05   2675.067s
6874000 +3.22053342e+02 +3.20183735e+02  1.87e+00   9.78e-02     1.98e-05   2675.454s
6875000 +3.22053405e+02 +3.20184021e+02  1.87e+00   1.33e-01     1.98e-05   2675.842s
6876000 +3.22053428e+02 +3.20184398e+02  1.87e+00   1.46e-01     1.98e-05   2676.230s
6877000 +3.22053582e+02 +3.20185026e+02  1.87e+00   1.38e-01     1.98e-05   2676.617s
6878000 +3.22053756e+02 +3.20185722e+02  1.87e+00   9.68e-02     1.98e-05   2677.004s
6879000 +3.22053887e+02 +3.20186342e+02  1.87e+00   9.42e-02     1.98e-05   2677.392s
6880000 +3.22053987e+02 +3.20186698e+02  1.87e+00   1.23e-01     1.98e-05   2677.779s
6881000 +3.22054040e+02 +3.20186931e+02  1.87e+00   9.57e-02     1.98e-05   2678.167s
6882000 +3.22054047e+02 +3.20187364e+02  1.87e+00   1.00e-01     1.98e-05   2678.554s
6883000 +3.22053903e+02 +3.20187579e+02  1.87e+00   1.28e-01     1.98e-05   2678.942s
6884000 +3.22053771e+02 +3.20187694e+02  1.87e+00   9.38e-02     1.98e-05   2679.329s
6885000 +3.22053768e+02 +3.20187851e+02  1.87e+00   1.42e-01     1.98e-05   2679.716s
6886000 +3.22053834e+02 +3.20187901e+02  1.87e+00   1.30e-01     1.98e-05   2680.104s
6887000 +3.22053687e+02 +3.20188337e+02  1.87e+00   1.59e-01     1.98e-05   2680.491s
6888000 +3.22053623e+02 +3.20188695e+02  1.86e+00   1.29e-01     1.98e-05   2680.879s
6889000 +3.22053580e+02 +3.20188897e+02  1.86e+00   1.10e-01     1.98e-05   2681.266s
6890000 +3.22053509e+02 +3.20188994e+02  1.86e+00   9.29e-02     1.98e-05   2681.654s
6891000 +3.22053554e+02 +3.20189531e+02  1.86e+00   1.34e-01     1.98e-05   2682.041s
6892000 +3.22053553e+02 +3.20189869e+02  1.86e+00   1.35e-01     1.98e-05   2682.429s
6893000 +3.22053405e+02 +3.20190037e+02  1.86e+00   1.03e-01     1.98e-05   2682.816s
6894000 +3.22053320e+02 +3.20190378e+02  1.86e+00   1.00e-01     1.98e-05   2683.204s
6895000 +3.22053380e+02 +3.20190874e+02  1.86e+00   9.62e-02     1.98e-05   2683.591s
6896000 +3.22053256e+02 +3.20191167e+02  1.86e+00   1.68e-01     1.98e-05   2683.979s
6897000 +3.22052936e+02 +3.20191388e+02  1.86e+00   9.01e-02     1.98e-05   2684.366s
6898000 +3.22052762e+02 +3.20191627e+02  1.86e+00   1.76e-01     1.98e-05   2684.753s
6899000 +3.22052634e+02 +3.20191673e+02  1.86e+00   1.09e-01     1.99e-05   2685.141s
6900000 +3.22052536e+02 +3.20192161e+02  1.86e+00   1.04e-01     1.98e-05   2685.529s
6901000 +3.22052407e+02 +3.20192697e+02  1.86e+00   1.23e-01     1.99e-05   2685.916s
6902000 +3.22052361e+02 +3.20193068e+02  1.86e+00   1.23e-01     1.99e-05   2686.304s
6903000 +3.22052351e+02 +3.20193468e+02  1.86e+00   1.23e-01     1.99e-05   2686.691s
6904000 +3.22052209e+02 +3.20193759e+02  1.86e+00   1.07e-01     1.99e-05   2687.079s
6905000 +3.22051916e+02 +3.20194086e+02  1.86e+00   1.12e-01     1.98e-05   2687.466s
6906000 +3.22052116e+02 +3.20194399e+02  1.86e+00   1.21e-01     1.98e-05   2687.854s
6907000 +3.22051927e+02 +3.20194742e+02  1.86e+00   1.02e-01     1.98e-05   2688.242s
6908000 +3.22051865e+02 +3.20195187e+02  1.86e+00   1.25e-01     1.98e-05   2688.629s
6909000 +3.22051619e+02 +3.20195866e+02  1.86e+00   1.11e-01     1.99e-05   2689.017s
6910000 +3.22051529e+02 +3.20196463e+02  1.86e+00   1.16e-01     1.99e-05   2689.404s
6911000 +3.22051454e+02 +3.20196666e+02  1.85e+00   1.19e-01     1.98e-05   2689.792s
6912000 +3.22051455e+02 +3.20197070e+02  1.85e+00   9.49e-02     1.98e-05   2690.180s
6913000 +3.22051578e+02 +3.20197261e+02  1.85e+00   1.03e-01     1.98e-05   2690.567s
6914000 +3.22051540e+02 +3.20197456e+02  1.85e+00   1.44e-01     1.98e-05   2690.955s
6915000 +3.22051579e+02 +3.20197770e+02  1.85e+00   1.11e-01     1.98e-05   2691.342s
6916000 +3.22051615e+02 +3.20198330e+02  1.85e+00   1.25e-01     1.98e-05   2691.730s
6917000 +3.22051498e+02 +3.20198535e+02  1.85e+00   9.64e-02     1.98e-05   2692.117s
6918000 +3.22051589e+02 +3.20198837e+02  1.85e+00   1.34e-01     1.98e-05   2692.505s
6919000 +3.22051536e+02 +3.20198918e+02  1.85e+00   9.58e-02     1.98e-05   2692.892s
6920000 +3.22051417e+02 +3.20199223e+02  1.85e+00   1.23e-01     1.98e-05   2693.280s
6921000 +3.22051331e+02 +3.20199427e+02  1.85e+00   1.10e-01     1.98e-05   2693.667s
6922000 +3.22051197e+02 +3.20199837e+02  1.85e+00   7.86e-02     1.98e-05   2694.056s
6923000 +3.22051463e+02 +3.20200276e+02  1.85e+00   9.91e-02     1.97e-05   2694.444s
6924000 +3.22051631e+02 +3.20200587e+02  1.85e+00   1.18e-01     1.97e-05   2694.831s
6925000 +3.22051435e+02 +3.20200741e+02  1.85e+00   9.96e-02     1.97e-05   2695.219s
6926000 +3.22051346e+02 +3.20201342e+02  1.85e+00   7.57e-02     1.97e-05   2695.606s
6927000 +3.22051135e+02 +3.20201815e+02  1.85e+00   7.64e-02     1.97e-05   2695.994s
6928000 +3.22050889e+02 +3.20202209e+02  1.85e+00   1.32e-01     1.98e-05   2696.381s
6929000 +3.22050902e+02 +3.20202494e+02  1.85e+00   1.24e-01     1.98e-05   2696.769s
6930000 +3.22050947e+02 +3.20202883e+02  1.85e+00   1.25e-01     1.98e-05   2697.156s
6931000 +3.22050812e+02 +3.20203184e+02  1.85e+00   9.20e-02     1.97e-05   2697.544s
6932000 +3.22050707e+02 +3.20203593e+02  1.85e+00   7.93e-02     1.98e-05   2697.931s
6933000 +3.22050523e+02 +3.20204075e+02  1.85e+00   1.01e-01     1.98e-05   2698.319s
6934000 +3.22050627e+02 +3.20204234e+02  1.85e+00   1.21e-01     1.98e-05   2698.706s
6935000 +3.22050670e+02 +3.20204553e+02  1.85e+00   9.63e-02     1.98e-05   2699.094s
6936000 +3.22050823e+02 +3.20204835e+02  1.85e+00   1.41e-01     1.98e-05   2699.481s
6937000 +3.22050860e+02 +3.20205087e+02  1.85e+00   1.31e-01     1.97e-05   2699.869s
6938000 +3.22050691e+02 +3.20205408e+02  1.85e+00   1.22e-01     1.97e-05   2700.257s
6939000 +3.22050756e+02 +3.20205749e+02  1.85e+00   1.02e-01     1.97e-05   2700.644s
6940000 +3.22050617e+02 +3.20206254e+02  1.84e+00   1.26e-01     1.97e-05   2701.032s
6941000 +3.22050510e+02 +3.20206473e+02  1.84e+00   1.06e-01     1.97e-05   2701.419s
6942000 +3.22050279e+02 +3.20206510e+02  1.84e+00   1.32e-01     1.97e-05   2701.807s
6943000 +3.22049800e+02 +3.20206571e+02  1.84e+00   1.02e-01     1.97e-05   2702.195s
6944000 +3.22049831e+02 +3.20206540e+02  1.84e+00   1.36e-01     1.97e-05   2702.582s
6945000 +3.22049549e+02 +3.20206601e+02  1.84e+00   1.35e-01     1.97e-05   2702.969s
6946000 +3.22049337e+02 +3.20206734e+02  1.84e+00   9.25e-02     1.98e-05   2703.357s
6947000 +3.22049102e+02 +3.20206807e+02  1.84e+00   8.01e-02     1.98e-05   2703.745s
6948000 +3.22049001e+02 +3.20207034e+02  1.84e+00   1.06e-01     1.98e-05   2704.132s
6949000 +3.22049045e+02 +3.20207241e+02  1.84e+00   1.37e-01     1.98e-05   2704.520s
6950000 +3.22048718e+02 +3.20207593e+02  1.84e+00   1.17e-01     1.98e-05   2704.908s
6951000 +3.22048764e+02 +3.20207799e+02  1.84e+00   1.02e-01     1.98e-05   2705.295s
6952000 +3.22048596e+02 +3.20207821e+02  1.84e+00   1.03e-01     1.98e-05   2705.683s
6953000 +3.22048445e+02 +3.20207790e+02  1.84e+00   1.14e-01     1.97e-05   2706.071s
6954000 +3.22048236e+02 +3.20207797e+02  1.84e+00   1.33e-01     1.98e-05   2706.458s
6955000 +3.22048235e+02 +3.20208036e+02  1.84e+00   9.87e-02     1.98e-05   2706.846s
6956000 +3.22048158e+02 +3.20208363e+02  1.84e+00   8.03e-02     1.98e-05   2707.233s
6957000 +3.22048453e+02 +3.20208671e+02  1.84e+00   1.01e-01     1.98e-05   2707.621s
6958000 +3.22048623e+02 +3.20208952e+02  1.84e+00   1.46e-01     1.97e-05   2708.008s
6959000 +3.22048536e+02 +3.20209333e+02  1.84e+00   1.13e-01     1.97e-05   2708.396s
6960000 +3.22048583e+02 +3.20209513e+02  1.84e+00   1.37e-01     1.97e-05   2708.783s
6961000 +3.22048518e+02 +3.20209571e+02  1.84e+00   1.09e-01     1.97e-05   2709.170s
6962000 +3.22048664e+02 +3.20209580e+02  1.84e+00   1.36e-01     1.97e-05   2709.558s
6963000 +3.22048548e+02 +3.20209587e+02  1.84e+00   8.98e-02     1.97e-05   2709.946s
6964000 +3.22048376e+02 +3.20209705e+02  1.84e+00   1.24e-01     1.97e-05   2710.333s
6965000 +3.22048352e+02 +3.20209988e+02  1.84e+00   9.41e-02     1.97e-05   2710.721s
6966000 +3.22048164e+02 +3.20210366e+02  1.84e+00   9.49e-02     1.97e-05   2711.108s
6967000 +3.22048288e+02 +3.20210629e+02  1.84e+00   1.67e-01     1.97e-05   2711.496s
6968000 +3.22048094e+02 +3.20210867e+02  1.84e+00   1.10e-01     1.97e-05   2711.884s
6969000 +3.22047915e+02 +3.20211036e+02  1.84e+00   8.45e-02     1.97e-05   2712.271s
6970000 +3.22047913e+02 +3.20211165e+02  1.84e+00   1.03e-01     1.97e-05   2712.659s
6971000 +3.22047748e+02 +3.20211176e+02  1.84e+00   1.41e-01     1.97e-05   2713.047s
6972000 +3.22047548e+02 +3.20211236e+02  1.84e+00   1.26e-01     1.97e-05   2713.434s
6973000 +3.22047468e+02 +3.20211596e+02  1.84e+00   9.47e-02     1.97e-05   2713.822s
6974000 +3.22047341e+02 +3.20212171e+02  1.84e+00   7.69e-02     1.97e-05   2714.209s
6975000 +3.22047131e+02 +3.20212625e+02  1.83e+00   1.20e-01     1.97e-05   2714.597s
6976000 +3.22047157e+02 +3.20212985e+02  1.83e+00   1.34e-01     1.97e-05   2714.984s
6977000 +3.22047991e+02 +3.20213124e+02  1.83e+00   1.69e-01     1.96e-05   2715.372s
6978000 +3.22048360e+02 +3.20213248e+02  1.84e+00   2.31e-01     1.96e-05   2715.759s
6979000 +3.22047773e+02 +3.20213528e+02  1.83e+00   3.06e-01     1.96e-05   2716.147s
6980000 +3.22046957e+02 +3.20213763e+02  1.83e+00   2.67e-01     1.96e-05   2716.534s
6981000 +3.22046690e+02 +3.20214095e+02  1.83e+00   2.50e-01     1.96e-05   2716.921s
6982000 +3.22046423e+02 +3.20214403e+02  1.83e+00   3.06e-01     1.96e-05   2717.309s
6983000 +3.22046160e+02 +3.20214816e+02  1.83e+00   3.69e-01     1.96e-05   2717.696s
6984000 +3.22046141e+02 +3.20215184e+02  1.83e+00   3.19e-01     1.96e-05   2718.084s
6985000 +3.22046707e+02 +3.20215721e+02  1.83e+00   2.57e-01     1.96e-05   2718.471s
6986000 +3.22047323e+02 +3.20216135e+02  1.83e+00   2.54e-01     1.96e-05   2718.859s
6987000 +3.22047819e+02 +3.20216828e+02  1.83e+00   2.54e-01     1.96e-05   2719.246s
6988000 +3.22047626e+02 +3.20217390e+02  1.83e+00   3.53e-01     1.96e-05   2719.634s
6989000 +3.22047372e+02 +3.20217867e+02  1.83e+00   2.78e-01     1.96e-05   2720.021s
6990000 +3.22047047e+02 +3.20218468e+02  1.83e+00   3.04e-01     1.96e-05   2720.408s
6991000 +3.22047741e+02 +3.20219029e+02  1.83e+00   4.21e-01     1.96e-05   2720.796s
6992000 +3.22048237e+02 +3.20219536e+02  1.83e+00   2.83e-01     1.96e-05   2721.183s
6993000 +3.22048473e+02 +3.20219961e+02  1.83e+00   3.02e-01     1.96e-05   2721.570s
6994000 +3.22048331e+02 +3.20220337e+02  1.83e+00   4.27e-01     1.96e-05   2721.957s
6995000 +3.22049016e+02 +3.20220793e+02  1.83e+00   3.96e-01     1.96e-05   2722.345s
6996000 +3.22048593e+02 +3.20221299e+02  1.83e+00   3.12e-01     1.96e-05   2722.733s
6997000 +3.22048523e+02 +3.20221807e+02  1.83e+00   3.79e-01     1.96e-05   2723.120s
6998000 +3.22049119e+02 +3.20222323e+02  1.83e+00   3.40e-01     1.96e-05   2723.508s
6999000 +3.22049919e+02 +3.20222843e+02  1.83e+00   6.41e-01     1.96e-05   2723.895s
7000000 +3.22049995e+02 +3.20223635e+02  1.83e+00   5.36e-01     1.96e-05   2724.283s
7001000 +3.22050304e+02 +3.20224262e+02  1.83e+00   5.17e-01     1.96e-05   2724.670s
7002000 +3.22049253e+02 +3.20224880e+02  1.82e+00   3.44e-01     1.96e-05   2725.058s
7003000 +3.22050038e+02 +3.20225552e+02  1.82e+00   5.05e-01     1.96e-05   2725.445s
7004000 +3.22050872e+02 +3.20226290e+02  1.82e+00   5.65e-01     1.96e-05   2725.833s
7005000 +3.22051677e+02 +3.20227018e+02  1.82e+00   6.34e-01     1.96e-05   2726.220s
7006000 +3.22052196e+02 +3.20227760e+02  1.82e+00   6.22e-01     1.96e-05   2726.607s
7007000 +3.22052645e+02 +3.20228384e+02  1.82e+00   6.54e-01     1.96e-05   2726.995s
7008000 +3.22053221e+02 +3.20229243e+02  1.82e+00   4.43e-01     1.96e-05   2727.382s
7009000 +3.22054133e+02 +3.20230160e+02  1.82e+00   5.84e-01     1.96e-05   2727.770s
7010000 +3.22054821e+02 +3.20230911e+02  1.82e+00   4.32e-01     1.96e-05   2728.157s
7011000 +3.22054882e+02 +3.20232007e+02  1.82e+00   5.99e-01     1.96e-05   2728.545s
7012000 +3.22055919e+02 +3.20232622e+02  1.82e+00   5.37e-01     1.96e-05   2728.932s
7013000 +3.22057186e+02 +3.20233377e+02  1.82e+00   5.88e-01     1.95e-05   2729.320s
7014000 +3.22057512e+02 +3.20234025e+02  1.82e+00   6.48e-01     1.95e-05   2729.707s
7015000 +3.22057903e+02 +3.20235141e+02  1.82e+00   5.85e-01     1.96e-05   2730.095s
7016000 +3.22058115e+02 +3.20235898e+02  1.82e+00   7.34e-01     1.95e-05   2730.482s
7017000 +3.22058158e+02 +3.20236550e+02  1.82e+00   6.58e-01     1.95e-05   2730.870s
7018000 +3.22058682e+02 +3.20237556e+02  1.82e+00   9.15e-01     1.95e-05   2731.257s
7019000 +3.22058726e+02 +3.20238500e+02  1.82e+00   9.03e-01     1.95e-05   2731.644s
7020000 +3.22059382e+02 +3.20239733e+02  1.82e+00   9.18e-01     1.95e-05   2732.032s
7021000 +3.22059926e+02 +3.20240727e+02  1.82e+00   7.46e-01     1.94e-05   2732.419s
7022000 +3.22059940e+02 +3.20241773e+02  1.82e+00   7.49e-01     1.95e-05   2732.807s
7023000 +3.22058750e+02 +3.20242953e+02  1.82e+00   5.34e-01     1.95e-05   2733.194s
7024000 +3.22057801e+02 +3.20244033e+02  1.81e+00   4.07e-01     1.95e-05   2733.581s
7025000 +3.22057425e+02 +3.20244932e+02  1.81e+00   5.11e-01     1.95e-05   2733.969s
7026000 +3.22058342e+02 +3.20246106e+02  1.81e+00   8.01e-01     1.95e-05   2734.356s
7027000 +3.22058131e+02 +3.20247251e+02  1.81e+00   5.04e-01     1.95e-05   2734.744s
7028000 +3.22058613e+02 +3.20248391e+02  1.81e+00   7.61e-01     1.95e-05   2735.131s
7029000 +3.22057790e+02 +3.20249217e+02  1.81e+00   6.57e-01     1.95e-05   2735.518s
7030000 +3.22057801e+02 +3.20249956e+02  1.81e+00   8.74e-01     1.94e-05   2735.906s
7031000 +3.22058010e+02 +3.20250760e+02  1.81e+00   7.00e-01     1.94e-05   2736.293s
7032000 +3.22057488e+02 +3.20251533e+02  1.81e+00   7.13e-01     1.94e-05   2736.681s
7033000 +3.22057530e+02 +3.20252489e+02  1.81e+00   5.74e-01     1.94e-05   2737.069s
7034000 +3.22056568e+02 +3.20253444e+02  1.80e+00   5.19e-01     1.94e-05   2737.456s
7035000 +3.22055877e+02 +3.20254334e+02  1.80e+00   3.94e-01     1.94e-05   2737.843s
7036000 +3.22056383e+02 +3.20255343e+02  1.80e+00   4.80e-01     1.94e-05   2738.231s
7037000 +3.22056476e+02 +3.20256489e+02  1.80e+00   5.54e-01     1.94e-05   2738.618s
7038000 +3.22056742e+02 +3.20257357e+02  1.80e+00   6.46e-01     1.94e-05   2739.006s
7039000 +3.22056803e+02 +3.20258371e+02  1.80e+00   7.24e-01     1.93e-05   2739.393s
7040000 +3.22057059e+02 +3.20259224e+02  1.80e+00   5.06e-01     1.93e-05   2739.781s
7041000 +3.22057826e+02 +3.20259930e+02  1.80e+00   8.72e-01     1.93e-05   2740.168s
7042000 +3.22058009e+02 +3.20260843e+02  1.80e+00   7.53e-01     1.93e-05   2740.555s
7043000 +3.22058051e+02 +3.20261916e+02  1.80e+00   7.27e-01     1.93e-05   2740.943s
7044000 +3.22058673e+02 +3.20262869e+02  1.80e+00   5.45e-01     1.93e-05   2741.331s
7045000 +3.22058552e+02 +3.20263979e+02  1.79e+00   6.79e-01     1.93e-05   2741.718s
7046000 +3.22058510e+02 +3.20265099e+02  1.79e+00   5.62e-01     1.93e-05   2742.106s
7047000 +3.22059147e+02 +3.20266170e+02  1.79e+00   6.14e-01     1.92e-05   2742.493s
7048000 +3.22059120e+02 +3.20267327e+02  1.79e+00   4.67e-01     1.93e-05   2742.881s
7049000 +3.22060078e+02 +3.20268339e+02  1.79e+00   5.42e-01     1.93e-05   2743.268s
7050000 +3.22059260e+02 +3.20269471e+02  1.79e+00   5.84e-01     1.92e-05   2743.656s
7051000 +3.22060057e+02 +3.20270356e+02  1.79e+00   5.59e-01     1.92e-05   2744.043s
7052000 +3.22059901e+02 +3.20271203e+02  1.79e+00   6.18e-01     1.92e-05   2744.430s
7053000 +3.22060004e+02 +3.20272035e+02  1.79e+00   6.28e-01     1.92e-05   2744.818s
7054000 +3.22060554e+02 +3.20272782e+02  1.79e+00   6.30e-01     1.92e-05   2745.205s
7055000 +3.22060823e+02 +3.20273587e+02  1.79e+00   5.53e-01     1.92e-05   2745.593s
7056000 +3.22060806e+02 +3.20274406e+02  1.79e+00   4.36e-01     1.92e-05   2745.980s
7057000 +3.22060516e+02 +3.20275211e+02  1.79e+00   5.35e-01     1.92e-05   2746.368s
7058000 +3.22060624e+02 +3.20276161e+02  1.78e+00   4.79e-01     1.92e-05   2746.756s
7059000 +3.22060638e+02 +3.20276873e+02  1.78e+00   6.12e-01     1.92e-05   2747.143s
7060000 +3.22060251e+02 +3.20277531e+02  1.78e+00   6.31e-01     1.92e-05   2747.531s
7061000 +3.22059823e+02 +3.20278432e+02  1.78e+00   6.41e-01     1.92e-05   2747.918s
7062000 +3.22058795e+02 +3.20279191e+02  1.78e+00   4.97e-01     1.92e-05   2748.306s
7063000 +3.22057762e+02 +3.20280143e+02  1.78e+00   6.08e-01     1.92e-05   2748.694s
7064000 +3.22057809e+02 +3.20280823e+02  1.78e+00   6.02e-01     1.92e-05   2749.081s
7065000 +3.22058065e+02 +3.20281796e+02  1.78e+00   6.96e-01     1.92e-05   2749.469s
7066000 +3.22058363e+02 +3.20282423e+02  1.78e+00   7.06e-01     1.92e-05   2749.859s
7067000 +3.22059346e+02 +3.20283318e+02  1.78e+00   6.93e-01     1.92e-05   2750.246s
7068000 +3.22058846e+02 +3.20284253e+02  1.77e+00   7.00e-01     1.92e-05   2750.633s
7069000 +3.22058473e+02 +3.20285063e+02  1.77e+00   7.47e-01     1.92e-05   2751.021s
7070000 +3.22058319e+02 +3.20285907e+02  1.77e+00   5.66e-01     1.92e-05   2751.408s
7071000 +3.22058019e+02 +3.20286563e+02  1.77e+00   5.09e-01     1.92e-05   2751.796s
7072000 +3.22058433e+02 +3.20287228e+02  1.77e+00   8.80e-01     1.91e-05   2752.183s
7073000 +3.22058117e+02 +3.20287920e+02  1.77e+00   7.79e-01     1.91e-05   2752.571s
7074000 +3.22058863e+02 +3.20288572e+02  1.77e+00   6.79e-01     1.91e-05   2752.958s
7075000 +3.22058980e+02 +3.20289396e+02  1.77e+00   7.82e-01     1.91e-05   2753.345s
7076000 +3.22058395e+02 +3.20290071e+02  1.77e+00   8.12e-01     1.91e-05   2753.733s
7077000 +3.22058483e+02 +3.20290731e+02  1.77e+00   7.00e-01     1.91e-05   2754.120s
7078000 +3.22058675e+02 +3.20291355e+02  1.77e+00   5.72e-01     1.91e-05   2754.508s
7079000 +3.22058514e+02 +3.20291950e+02  1.77e+00   6.78e-01     1.91e-05   2754.895s
7080000 +3.22057959e+02 +3.20292367e+02  1.77e+00   5.77e-01     1.91e-05   2755.283s
7081000 +3.22057905e+02 +3.20292933e+02  1.76e+00   6.69e-01     1.91e-05   2755.670s
7082000 +3.22057880e+02 +3.20293724e+02  1.76e+00   7.07e-01     1.91e-05   2756.058s
7083000 +3.22057724e+02 +3.20294512e+02  1.76e+00   4.44e-01     1.91e-05   2756.446s
7084000 +3.22057399e+02 +3.20295267e+02  1.76e+00   5.32e-01     1.90e-05   2756.833s
7085000 +3.22057947e+02 +3.20296096e+02  1.76e+00   7.16e-01     1.90e-05   2757.221s
7086000 +3.22058134e+02 +3.20296717e+02  1.76e+00   5.71e-01     1.90e-05   2757.608s
7087000 +3.22058607e+02 +3.20297522e+02  1.76e+00   5.93e-01     1.90e-05   2757.995s
7088000 +3.22058037e+02 +3.20298588e+02  1.76e+00   6.68e-01     1.90e-05   2758.383s
7089000 +3.22057172e+02 +3.20299831e+02  1.76e+00   7.01e-01     1.90e-05   2758.770s
7090000 +3.22057040e+02 +3.20301119e+02  1.76e+00   5.60e-01     1.90e-05   2759.158s
7091000 +3.22056524e+02 +3.20302193e+02  1.75e+00   5.50e-01     1.90e-05   2759.545s
7092000 +3.22056044e+02 +3.20302922e+02  1.75e+00   5.60e-01     1.90e-05   2759.933s
7093000 +3.22055828e+02 +3.20303745e+02  1.75e+00   4.76e-01     1.90e-05   2760.321s
7094000 +3.22056219e+02 +3.20304548e+02  1.75e+00   5.16e-01     1.90e-05   2760.708s
7095000 +3.22055763e+02 +3.20305049e+02  1.75e+00   6.95e-01     1.90e-05   2761.096s
7096000 +3.22056109e+02 +3.20305670e+02  1.75e+00   6.41e-01     1.90e-05   2761.484s
7097000 +3.22055675e+02 +3.20306203e+02  1.75e+00   8.15e-01     1.90e-05   2761.871s
7098000 +3.22054950e+02 +3.20307007e+02  1.75e+00   4.40e-01     1.90e-05   2762.259s
7099000 +3.22054286e+02 +3.20307616e+02  1.75e+00   4.61e-01     1.90e-05   2762.647s
7100000 +3.22053924e+02 +3.20308246e+02  1.75e+00   4.95e-01     1.90e-05   2763.034s
7101000 +3.22053210e+02 +3.20308782e+02  1.74e+00   4.09e-01     1.90e-05   2763.422s
7102000 +3.22052796e+02 +3.20309220e+02  1.74e+00   5.39e-01     1.90e-05   2763.809s
7103000 +3.22052924e+02 +3.20309771e+02  1.74e+00   4.04e-01     1.90e-05   2764.197s
7104000 +3.22053035e+02 +3.20310204e+02  1.74e+00   6.89e-01     1.90e-05   2764.584s
7105000 +3.22052860e+02 +3.20310766e+02  1.74e+00   4.86e-01     1.89e-05   2764.971s
7106000 +3.22052839e+02 +3.20311388e+02  1.74e+00   5.35e-01     1.89e-05   2765.359s
7107000 +3.22052724e+02 +3.20312065e+02  1.74e+00   3.50e-01     1.89e-05   2765.746s
7108000 +3.22052672e+02 +3.20312658e+02  1.74e+00   3.93e-01     1.89e-05   2766.134s
7109000 +3.22052706e+02 +3.20313418e+02  1.74e+00   5.64e-01     1.89e-05   2766.521s
7110000 +3.22052143e+02 +3.20313909e+02  1.74e+00   4.12e-01     1.89e-05   2766.909s
7111000 +3.22052051e+02 +3.20314281e+02  1.74e+00   4.93e-01     1.89e-05   2767.297s
7112000 +3.22051629e+02 +3.20314758e+02  1.74e+00   4.02e-01     1.89e-05   2767.684s
7113000 +3.22051684e+02 +3.20315494e+02  1.74e+00   3.65e-01     1.89e-05   2768.072s
7114000 +3.22051448e+02 +3.20316259e+02  1.74e+00   4.12e-01     1.89e-05   2768.460s
7115000 +3.22051294e+02 +3.20316868e+02  1.73e+00   3.98e-01     1.89e-05   2768.847s
7116000 +3.22050927e+02 +3.20317460e+02  1.73e+00   3.56e-01     1.89e-05   2769.235s
7117000 +3.22050935e+02 +3.20317866e+02  1.73e+00   3.20e-01     1.89e-05   2769.622s
7118000 +3.22050062e+02 +3.20318354e+02  1.73e+00   5.43e-01     1.89e-05   2770.010s
7119000 +3.22050273e+02 +3.20318544e+02  1.73e+00   4.39e-01     1.89e-05   2770.397s
7120000 +3.22050399e+02 +3.20318698e+02  1.73e+00   4.09e-01     1.89e-05   2770.785s
7121000 +3.22049955e+02 +3.20318899e+02  1.73e+00   4.37e-01     1.88e-05   2771.172s
7122000 +3.22050006e+02 +3.20319399e+02  1.73e+00   4.13e-01     1.88e-05   2771.560s
7123000 +3.22049525e+02 +3.20319828e+02  1.73e+00   3.69e-01     1.88e-05   2771.947s
7124000 +3.22049715e+02 +3.20320451e+02  1.73e+00   3.85e-01     1.88e-05   2772.335s
7125000 +3.22049433e+02 +3.20321120e+02  1.73e+00   3.71e-01     1.88e-05   2772.722s
7126000 +3.22049504e+02 +3.20321560e+02  1.73e+00   3.66e-01     1.88e-05   2773.109s
7127000 +3.22049659e+02 +3.20322253e+02  1.73e+00   4.59e-01     1.88e-05   2773.497s
7128000 +3.22050007e+02 +3.20322660e+02  1.73e+00   3.27e-01     1.88e-05   2773.885s
7129000 +3.22049564e+02 +3.20323134e+02  1.73e+00   4.71e-01     1.88e-05   2774.272s
7130000 +3.22049340e+02 +3.20323845e+02  1.73e+00   3.64e-01     1.88e-05   2774.660s
7131000 +3.22049179e+02 +3.20324455e+02  1.72e+00   3.45e-01     1.88e-05   2775.047s
7132000 +3.22049684e+02 +3.20324933e+02  1.72e+00   4.12e-01     1.88e-05   2775.434s
7133000 +3.22049603e+02 +3.20325392e+02  1.72e+00   3.85e-01     1.88e-05   2775.822s
7134000 +3.22050380e+02 +3.20325888e+02  1.72e+00   5.12e-01     1.88e-05   2776.210s
7135000 +3.22050092e+02 +3.20326446e+02  1.72e+00   2.83e-01     1.88e-05   2776.597s
7136000 +3.22049787e+02 +3.20326866e+02  1.72e+00   4.28e-01     1.88e-05   2776.985s
7137000 +3.22049350e+02 +3.20327513e+02  1.72e+00   3.36e-01     1.88e-05   2777.373s
7138000 +3.22049738e+02 +3.20328030e+02  1.72e+00   4.20e-01     1.87e-05   2777.760s
7139000 +3.22050277e+02 +3.20328624e+02  1.72e+00   3.52e-01     1.87e-05   2778.147s
7140000 +3.22050541e+02 +3.20329060e+02  1.72e+00   3.70e-01     1.87e-05   2778.535s
7141000 +3.22050290e+02 +3.20329798e+02  1.72e+00   3.45e-01     1.87e-05   2778.923s
7142000 +3.22050774e+02 +3.20330482e+02  1.72e+00   5.69e-01     1.87e-05   2779.310s
7143000 +3.22050458e+02 +3.20331068e+02  1.72e+00   5.74e-01     1.87e-05   2779.698s
7144000 +3.22050436e+02 +3.20331788e+02  1.72e+00   4.23e-01     1.87e-05   2780.085s
7145000 +3.22049926e+02 +3.20332294e+02  1.72e+00   4.44e-01     1.87e-05   2780.473s
7146000 +3.22050164e+02 +3.20332770e+02  1.72e+00   4.06e-01     1.87e-05   2780.861s
7147000 +3.22049493e+02 +3.20333185e+02  1.72e+00   4.49e-01     1.87e-05   2781.248s
7148000 +3.22049165e+02 +3.20333296e+02  1.72e+00   4.33e-01     1.87e-05   2781.635s
7149000 +3.22049488e+02 +3.20333605e+02  1.72e+00   4.32e-01     1.87e-05   2782.023s
7150000 +3.22049349e+02 +3.20333978e+02  1.72e+00   4.26e-01     1.87e-05   2782.411s
7151000 +3.22049334e+02 +3.20334433e+02  1.71e+00   5.07e-01     1.87e-05   2782.798s
7152000 +3.22049053e+02 +3.20334972e+02  1.71e+00   4.69e-01     1.87e-05   2783.186s
7153000 +3.22048349e+02 +3.20335442e+02  1.71e+00   4.02e-01     1.87e-05   2783.573s
7154000 +3.22047901e+02 +3.20335712e+02  1.71e+00   4.00e-01     1.87e-05   2783.961s
7155000 +3.22048058e+02 +3.20336169e+02  1.71e+00   5.15e-01     1.87e-05   2784.348s
7156000 +3.22048529e+02 +3.20336578e+02  1.71e+00   5.07e-01     1.87e-05   2784.735s
7157000 +3.22048196e+02 +3.20336901e+02  1.71e+00   3.98e-01     1.87e-05   2785.123s
7158000 +3.22047883e+02 +3.20337300e+02  1.71e+00   3.43e-01     1.87e-05   2785.511s
7159000 +3.22047551e+02 +3.20337855e+02  1.71e+00   4.55e-01     1.87e-05   2785.898s
7160000 +3.22047073e+02 +3.20338451e+02  1.71e+00   2.94e-01     1.86e-05   2786.286s
7161000 +3.22047166e+02 +3.20338962e+02  1.71e+00   3.82e-01     1.86e-05   2786.673s
7162000 +3.22047484e+02 +3.20339250e+02  1.71e+00   3.81e-01     1.86e-05   2787.061s
7163000 +3.22048052e+02 +3.20339533e+02  1.71e+00   4.57e-01     1.85e-05   2787.449s
7164000 +3.22048366e+02 +3.20339861e+02  1.71e+00   5.72e-01     1.85e-05   2787.836s
7165000 +3.22047919e+02 +3.20340199e+02  1.71e+00   6.78e-01     1.85e-05   2788.224s
7166000 +3.22047980e+02 +3.20340425e+02  1.71e+00   4.90e-01     1.85e-05   2788.611s
7167000 +3.22047698e+02 +3.20340755e+02  1.71e+00   2.95e-01     1.85e-05   2788.999s
7168000 +3.22048131e+02 +3.20341122e+02  1.71e+00   3.22e-01     1.85e-05   2789.387s
7169000 +3.22048357e+02 +3.20341662e+02  1.71e+00   3.15e-01     1.85e-05   2789.774s
7170000 +3.22049410e+02 +3.20342226e+02  1.71e+00   5.20e-01     1.85e-05   2790.162s
7171000 +3.22049231e+02 +3.20342680e+02  1.71e+00   4.30e-01     1.85e-05   2790.550s
7172000 +3.22049554e+02 +3.20343089e+02  1.71e+00   4.06e-01     1.85e-05   2790.937s
7173000 +3.22049107e+02 +3.20343419e+02  1.71e+00   3.10e-01     1.85e-05   2791.329s
7174000 +3.22049252e+02 +3.20343755e+02  1.71e+00   3.80e-01     1.85e-05   2791.716s
7175000 +3.22049765e+02 +3.20344240e+02  1.71e+00   4.49e-01     1.85e-05   2792.104s
7176000 +3.22049636e+02 +3.20344601e+02  1.71e+00   3.09e-01     1.85e-05   2792.491s
7177000 +3.22049061e+02 +3.20344921e+02  1.70e+00   3.37e-01     1.84e-05   2792.879s
7178000 +3.22049329e+02 +3.20345409e+02  1.70e+00   3.07e-01     1.84e-05   2793.267s
7179000 +3.22049469e+02 +3.20345791e+02  1.70e+00   4.54e-01     1.84e-05   2793.654s
7180000 +3.22049861e+02 +3.20345972e+02  1.70e+00   4.94e-01     1.84e-05   2794.042s
7181000 +3.22051087e+02 +3.20346179e+02  1.70e+00   7.62e-01     1.84e-05   2794.431s
7182000 +3.22051125e+02 +3.20346471e+02  1.70e+00   8.60e-01     1.84e-05   2794.822s
7183000 +3.22051831e+02 +3.20346874e+02  1.70e+00   9.11e-01     1.83e-05   2795.209s
7184000 +3.22051687e+02 +3.20347373e+02  1.70e+00   1.14e+00     1.83e-05   2795.596s
7185000 +3.22052915e+02 +3.20348017e+02  1.70e+00   1.47e+00     1.83e-05   2795.984s
7186000 +3.22054606e+02 +3.20348584e+02  1.71e+00   1.35e+00     1.83e-05   2796.371s
7187000 +3.22056056e+02 +3.20349272e+02  1.71e+00   1.39e+00     1.82e-05   2796.759s
7188000 +3.22057707e+02 +3.20349926e+02  1.71e+00   1.22e+00     1.82e-05   2797.146s
7189000 +3.22060306e+02 +3.20350623e+02  1.71e+00   1.30e+00     1.82e-05   2797.533s
7190000 +3.22060267e+02 +3.20351330e+02  1.71e+00   1.46e+00     1.82e-05   2797.921s
7191000 +3.22061845e+02 +3.20352337e+02  1.71e+00   1.43e+00     1.82e-05   2798.308s
7192000 +3.22063180e+02 +3.20353089e+02  1.71e+00   1.76e+00     1.82e-05   2798.696s
7193000 +3.22065969e+02 +3.20353928e+02  1.71e+00   1.65e+00     1.81e-05   2799.083s
7194000 +3.22068878e+02 +3.20355154e+02  1.71e+00   1.66e+00     1.81e-05   2799.470s
7195000 +3.22071252e+02 +3.20355841e+02  1.72e+00   1.99e+00     1.81e-05   2799.858s
7196000 +3.22070431e+02 +3.20356799e+02  1.71e+00   2.16e+00     1.81e-05   2800.245s
7197000 +3.22070932e+02 +3.20357737e+02  1.71e+00   1.99e+00     1.81e-05   2800.633s
7198000 +3.22075040e+02 +3.20358792e+02  1.72e+00   1.94e+00     1.81e-05   2801.020s
7199000 +3.22076020e+02 +3.20359774e+02  1.72e+00   2.62e+00     1.80e-05   2801.408s
7200000 +3.22075565e+02 +3.20360625e+02  1.71e+00   1.99e+00     1.80e-05   2801.795s
7201000 +3.22074494e+02 +3.20361728e+02  1.71e+00   2.39e+00     1.80e-05   2802.182s
7202000 +3.22074272e+02 +3.20363074e+02  1.71e+00   2.03e+00     1.80e-05   2802.570s
7203000 +3.22073347e+02 +3.20364826e+02  1.71e+00   2.87e+00     1.80e-05   2802.958s
7204000 +3.22076780e+02 +3.20366301e+02  1.71e+00   2.70e+00     1.79e-05   2803.345s
7205000 +3.22076552e+02 +3.20367982e+02  1.71e+00   2.31e+00     1.79e-05   2803.733s
7206000 +3.22077495e+02 +3.20369487e+02  1.71e+00   2.23e+00     1.79e-05   2804.120s
7207000 +3.22080480e+02 +3.20370961e+02  1.71e+00   2.37e+00     1.79e-05   2804.508s
7208000 +3.22081316e+02 +3.20372452e+02  1.71e+00   2.97e+00     1.79e-05   2804.895s
7209000 +3.22083044e+02 +3.20374211e+02  1.71e+00   3.01e+00     1.79e-05   2805.283s
7210000 +3.22083993e+02 +3.20375923e+02  1.71e+00   2.55e+00     1.79e-05   2805.670s
7211000 +3.22085180e+02 +3.20377483e+02  1.71e+00   2.70e+00     1.79e-05   2806.057s
7212000 +3.22086655e+02 +3.20379267e+02  1.71e+00   2.89e+00     1.78e-05   2806.445s
7213000 +3.22089028e+02 +3.20380756e+02  1.71e+00   3.13e+00     1.78e-05   2806.832s
7214000 +3.22090801e+02 +3.20382400e+02  1.71e+00   3.37e+00     1.78e-05   2807.220s
7215000 +3.22088471e+02 +3.20384123e+02  1.70e+00   3.32e+00     1.78e-05   2807.608s
7216000 +3.22087972e+02 +3.20385719e+02  1.70e+00   3.56e+00     1.78e-05   2807.995s
7217000 +3.22087063e+02 +3.20387313e+02  1.70e+00   2.92e+00     1.77e-05   2808.383s
7218000 +3.22086924e+02 +3.20388792e+02  1.70e+00   3.45e+00     1.77e-05   2808.770s
7219000 +3.22085657e+02 +3.20390749e+02  1.69e+00   2.89e+00     1.77e-05   2809.158s
7220000 +3.22088285e+02 +3.20392550e+02  1.70e+00   3.09e+00     1.77e-05   2809.546s
7221000 +3.22091650e+02 +3.20394269e+02  1.70e+00   3.28e+00     1.77e-05   2809.933s
7222000 +3.22092101e+02 +3.20395886e+02  1.70e+00   3.37e+00     1.76e-05   2810.321s
7223000 +3.22092040e+02 +3.20397614e+02  1.69e+00   4.01e+00     1.76e-05   2810.708s
7224000 +3.22096082e+02 +3.20399276e+02  1.70e+00   4.25e+00     1.76e-05   2811.096s
7225000 +3.22095462e+02 +3.20400862e+02  1.69e+00   3.93e+00     1.76e-05   2811.483s
7226000 +3.22098539e+02 +3.20402579e+02  1.70e+00   3.27e+00     1.75e-05   2811.870s
7227000 +3.22096924e+02 +3.20404256e+02  1.69e+00   4.03e+00     1.75e-05   2812.258s
7228000 +3.22092915e+02 +3.20405679e+02  1.69e+00   2.28e+00     1.75e-05   2812.645s
7229000 +3.22094054e+02 +3.20407096e+02  1.69e+00   2.84e+00     1.74e-05   2813.033s
7230000 +3.22094492e+02 +3.20408410e+02  1.69e+00   4.15e+00     1.74e-05   2813.420s
7231000 +3.22097321e+02 +3.20410010e+02  1.69e+00   3.77e+00     1.74e-05   2813.808s
7232000 +3.22097020e+02 +3.20412064e+02  1.68e+00   2.71e+00     1.73e-05   2814.196s
7233000 +3.22099103e+02 +3.20413892e+02  1.69e+00   3.64e+00     1.73e-05   2814.583s
7234000 +3.22100345e+02 +3.20415163e+02  1.69e+00   3.39e+00     1.73e-05   2814.970s
7235000 +3.22099764e+02 +3.20416366e+02  1.68e+00   3.40e+00     1.73e-05   2815.358s
7236000 +3.22096824e+02 +3.20417522e+02  1.68e+00   3.10e+00     1.73e-05   2815.745s
7237000 +3.22097653e+02 +3.20419481e+02  1.68e+00   3.13e+00     1.73e-05   2816.133s
7238000 +3.22097521e+02 +3.20421180e+02  1.68e+00   3.31e+00     1.73e-05   2816.520s
7239000 +3.22097126e+02 +3.20422859e+02  1.67e+00   3.58e+00     1.72e-05   2816.908s
7240000 +3.22098576e+02 +3.20424275e+02  1.67e+00   2.99e+00     1.72e-05   2817.296s
7241000 +3.22101409e+02 +3.20425807e+02  1.68e+00   3.46e+00     1.72e-05   2817.683s
7242000 +3.22102881e+02 +3.20427588e+02  1.68e+00   3.17e+00     1.72e-05   2818.071s
7243000 +3.22102827e+02 +3.20429325e+02  1.67e+00   4.17e+00     1.71e-05   2818.458s
7244000 +3.22103036e+02 +3.20430984e+02  1.67e+00   3.66e+00     1.71e-05   2818.846s
7245000 +3.22100829e+02 +3.20432318e+02  1.67e+00   3.68e+00     1.71e-05   2819.233s
7246000 +3.22099997e+02 +3.20433535e+02  1.67e+00   3.46e+00     1.71e-05   2819.620s
7247000 +3.22100890e+02 +3.20434951e+02  1.67e+00   3.43e+00     1.71e-05   2820.008s
7248000 +3.22103608e+02 +3.20436397e+02  1.67e+00   4.32e+00     1.71e-05   2820.395s
7249000 +3.22104954e+02 +3.20437807e+02  1.67e+00   4.55e+00     1.70e-05   2820.787s
7250000 +3.22104952e+02 +3.20439141e+02  1.67e+00   3.79e+00     1.70e-05   2821.175s
7251000 +3.22102863e+02 +3.20440327e+02  1.66e+00   3.11e+00     1.70e-05   2821.563s
7252000 +3.22103334e+02 +3.20441440e+02  1.66e+00   2.78e+00     1.70e-05   2821.950s
7253000 +3.22106731e+02 +3.20442837e+02  1.66e+00   4.05e+00     1.70e-05   2822.338s
7254000 +3.22105569e+02 +3.20444197e+02  1.66e+00   3.43e+00     1.69e-05   2822.726s
7255000 +3.22103929e+02 +3.20445686e+02  1.66e+00   2.80e+00     1.69e-05   2823.113s
7256000 +3.22104490e+02 +3.20447031e+02  1.66e+00   3.33e+00     1.69e-05   2823.501s
7257000 +3.22104756e+02 +3.20448343e+02  1.66e+00   3.85e+00     1.69e-05   2823.890s
7258000 +3.22103298e+02 +3.20449560e+02  1.65e+00   3.17e+00     1.68e-05   2824.281s
7259000 +3.22104131e+02 +3.20450938e+02  1.65e+00   4.18e+00     1.68e-05   2824.668s
7260000 +3.22105749e+02 +3.20452183e+02  1.65e+00   4.46e+00     1.67e-05   2825.056s
7261000 +3.22104500e+02 +3.20453590e+02  1.65e+00   3.58e+00     1.67e-05   2825.443s
7262000 +3.22106843e+02 +3.20454731e+02  1.65e+00   3.88e+00     1.67e-05   2825.830s
7263000 +3.22106408e+02 +3.20455808e+02  1.65e+00   3.18e+00     1.66e-05   2826.218s
7264000 +3.22106056e+02 +3.20456992e+02  1.65e+00   3.62e+00     1.66e-05   2826.605s
7265000 +3.22107014e+02 +3.20458032e+02  1.65e+00   3.33e+00     1.66e-05   2826.993s
7266000 +3.22107190e+02 +3.20459120e+02  1.65e+00   3.71e+00     1.66e-05   2827.380s
7267000 +3.22105325e+02 +3.20460362e+02  1.64e+00   3.00e+00     1.66e-05   2827.768s
7268000 +3.22107805e+02 +3.20461597e+02  1.65e+00   4.30e+00     1.65e-05   2828.155s
7269000 +3.22107318e+02 +3.20462946e+02  1.64e+00   3.97e+00     1.65e-05   2828.543s
7270000 +3.22107000e+02 +3.20464277e+02  1.64e+00   3.26e+00     1.65e-05   2828.931s
7271000 +3.22106381e+02 +3.20465510e+02  1.64e+00   3.17e+00     1.65e-05   2829.318s
7272000 +3.22108455e+02 +3.20466597e+02  1.64e+00   2.71e+00     1.64e-05   2829.706s
7273000 +3.22106745e+02 +3.20467780e+02  1.64e+00   3.58e+00     1.64e-05   2830.093s
7274000 +3.22107485e+02 +3.20468960e+02  1.64e+00   3.49e+00     1.64e-05   2830.481s
7275000 +3.22106214e+02 +3.20470290e+02  1.64e+00   3.48e+00     1.63e-05   2830.868s
7276000 +3.22105040e+02 +3.20471530e+02  1.63e+00   3.54e+00     1.63e-05   2831.256s
7277000 +3.22108279e+02 +3.20472657e+02  1.64e+00   4.27e+00     1.63e-05   2831.644s
7278000 +3.22108372e+02 +3.20473739e+02  1.63e+00   3.82e+00     1.63e-05   2832.031s
7279000 +3.22108745e+02 +3.20474780e+02  1.63e+00   3.86e+00     1.63e-05   2832.419s
7280000 +3.22106809e+02 +3.20475955e+02  1.63e+00   3.78e+00     1.63e-05   2832.806s
7281000 +3.22107071e+02 +3.20477217e+02  1.63e+00   4.07e+00     1.63e-05   2833.194s
7282000 +3.22105122e+02 +3.20478538e+02  1.63e+00   4.50e+00     1.62e-05   2833.582s
7283000 +3.22105807e+02 +3.20479460e+02  1.63e+00   4.36e+00     1.62e-05   2833.970s
7284000 +3.22110397e+02 +3.20479814e+02  1.63e+00   3.80e+00     1.62e-05   2834.357s
7285000 +3.22112534e+02 +3.20480260e+02  1.63e+00   3.98e+00     1.61e-05   2834.745s
7286000 +3.22111818e+02 +3.20480777e+02  1.63e+00   3.22e+00     1.61e-05   2835.132s
7287000 +3.22113905e+02 +3.20481392e+02  1.63e+00   3.67e+00     1.60e-05   2835.519s
7288000 +3.22116771e+02 +3.20482180e+02  1.63e+00   3.57e+00     1.60e-05   2835.907s
7289000 +3.22119772e+02 +3.20483067e+02  1.64e+00   3.73e+00     1.60e-05   2836.293s
7290000 +3.22122172e+02 +3.20484009e+02  1.64e+00   3.92e+00     1.60e-05   2836.681s
7291000 +3.22125006e+02 +3.20485002e+02  1.64e+00   4.13e+00     1.59e-05   2837.068s
7292000 +3.22129320e+02 +3.20486087e+02  1.64e+00   4.41e+00     1.59e-05   2837.456s
7293000 +3.22130644e+02 +3.20487143e+02  1.64e+00   4.61e+00     1.59e-05   2837.843s
7294000 +3.22132516e+02 +3.20488189e+02  1.64e+00   4.85e+00     1.59e-05   2838.231s
7295000 +3.22137084e+02 +3.20489437e+02  1.65e+00   5.00e+00     1.58e-05   2838.619s
7296000 +3.22140245e+02 +3.20490766e+02  1.65e+00   5.32e+00     1.58e-05   2839.006s
7297000 +3.22143760e+02 +3.20492286e+02  1.65e+00   5.43e+00     1.58e-05   2839.393s
7298000 +3.22150137e+02 +3.20493784e+02  1.66e+00   5.78e+00     1.57e-05   2839.781s
7299000 +3.22149311e+02 +3.20495349e+02  1.65e+00   5.90e+00     1.57e-05   2840.168s
7300000 +3.22144496e+02 +3.20496886e+02  1.65e+00   5.96e+00     1.56e-05   2840.556s
7301000 +3.22156342e+02 +3.20498518e+02  1.66e+00   6.08e+00     1.56e-05   2840.943s
7302000 +3.22160905e+02 +3.20500110e+02  1.66e+00   6.28e+00     1.55e-05   2841.331s
7303000 +3.22164802e+02 +3.20501673e+02  1.66e+00   6.33e+00     1.55e-05   2841.718s
7304000 +3.22163528e+02 +3.20503437e+02  1.66e+00   6.49e+00     1.54e-05   2842.106s
7305000 +3.22170432e+02 +3.20505099e+02  1.67e+00   6.45e+00     1.54e-05   2842.493s
7306000 +3.22175256e+02 +3.20506868e+02  1.67e+00   6.60e+00     1.54e-05   2842.881s
7307000 +3.22171675e+02 +3.20508646e+02  1.66e+00   6.72e+00     1.53e-05   2843.268s
7308000 +3.22175192e+02 +3.20510511e+02  1.66e+00   7.23e+00     1.53e-05   2843.656s
7309000 +3.22182101e+02 +3.20512309e+02  1.67e+00   6.99e+00     1.52e-05   2844.043s
7310000 +3.22187652e+02 +3.20514194e+02  1.67e+00   7.12e+00     1.52e-05   2844.431s
7311000 +3.22191059e+02 +3.20516027e+02  1.68e+00   7.07e+00     1.51e-05   2844.818s
7312000 +3.22198785e+02 +3.20517968e+02  1.68e+00   7.06e+00     1.51e-05   2845.206s
7313000 +3.22200562e+02 +3.20519828e+02  1.68e+00   7.18e+00     1.51e-05   2845.593s
7314000 +3.22204678e+02 +3.20521531e+02  1.68e+00   7.22e+00     1.50e-05   2845.981s
7315000 +3.22204398e+02 +3.20523329e+02  1.68e+00   7.07e+00     1.50e-05   2846.368s
7316000 +3.22207140e+02 +3.20524967e+02  1.68e+00   7.08e+00     1.50e-05   2846.756s
7317000 +3.22209319e+02 +3.20526615e+02  1.68e+00   7.06e+00     1.49e-05   2847.143s
7318000 +3.22211620e+02 +3.20528384e+02  1.68e+00   7.08e+00     1.49e-05   2847.530s
7319000 +3.22214168e+02 +3.20530144e+02  1.68e+00   7.11e+00     1.49e-05   2847.918s
7320000 +3.22217754e+02 +3.20531929e+02  1.69e+00   7.09e+00     1.48e-05   2848.305s
7321000 +3.22212012e+02 +3.20533658e+02  1.68e+00   7.08e+00     1.48e-05   2848.693s
7322000 +3.22214062e+02 +3.20535410e+02  1.68e+00   7.08e+00     1.48e-05   2849.080s
7323000 +3.22215952e+02 +3.20537050e+02  1.68e+00   7.07e+00     1.47e-05   2849.468s
7324000 +3.22208167e+02 +3.20538767e+02  1.67e+00   7.12e+00     1.47e-05   2849.856s
7325000 +3.22211072e+02 +3.20540523e+02  1.67e+00   7.11e+00     1.46e-05   2850.243s
7326000 +3.22216421e+02 +3.20542296e+02  1.67e+00   7.13e+00     1.46e-05   2850.631s
7327000 +3.22220709e+02 +3.20543982e+02  1.68e+00   7.12e+00     1.46e-05   2851.018s
7328000 +3.22219229e+02 +3.20545721e+02  1.67e+00   7.12e+00     1.45e-05   2851.406s
7329000 +3.22218675e+02 +3.20547326e+02  1.67e+00   7.07e+00     1.45e-05   2851.793s
7330000 +3.22221105e+02 +3.20548923e+02  1.67e+00   7.18e+00     1.45e-05   2852.181s
7331000 +3.22217769e+02 +3.20550556e+02  1.67e+00   7.05e+00     1.44e-05   2852.568s
7332000 +3.22221833e+02 +3.20552075e+02  1.67e+00   7.07e+00     1.43e-05   2852.956s
7333000 +3.22222951e+02 +3.20553576e+02  1.67e+00   6.98e+00     1.43e-05   2853.343s
7334000 +3.22226043e+02 +3.20555081e+02  1.67e+00   7.03e+00     1.42e-05   2853.731s
7335000 +3.22222219e+02 +3.20556682e+02  1.67e+00   7.06e+00     1.40e-05   2854.118s
7336000 +3.22227514e+02 +3.20558178e+02  1.67e+00   7.05e+00     1.39e-05   2854.506s
7337000 +3.22231476e+02 +3.20559654e+02  1.67e+00   7.03e+00     1.38e-05   2854.894s
7338000 +3.22235606e+02 +3.20561084e+02  1.67e+00   8.72e+00     1.38e-05   2855.281s
7339000 +3.22239886e+02 +3.20562556e+02  1.68e+00   6.99e+00     1.38e-05   2855.668s
7340000 +3.22234670e+02 +3.20564003e+02  1.67e+00   6.94e+00     1.38e-05   2856.056s
7341000 +3.22235941e+02 +3.20565377e+02  1.67e+00   6.91e+00     1.38e-05   2856.444s
7342000 +3.22230077e+02 +3.20566747e+02  1.66e+00   6.81e+00     1.38e-05   2856.831s
7343000 +3.22234698e+02 +3.20568091e+02  1.67e+00   7.16e+00     1.38e-05   2857.219s
7344000 +3.22238299e+02 +3.20569458e+02  1.67e+00   7.30e+00     1.38e-05   2857.606s
7345000 +3.22236813e+02 +3.20570925e+02  1.67e+00   7.39e+00     1.37e-05   2857.994s
7346000 +3.22233853e+02 +3.20572295e+02  1.66e+00   6.96e+00     1.37e-05   2858.381s
7347000 +3.22234898e+02 +3.20573684e+02  1.66e+00   7.28e+00     1.36e-05   2858.769s
7348000 +3.22236696e+02 +3.20574970e+02  1.66e+00   7.38e+00     1.36e-05   2859.157s
7349000 +3.22237768e+02 +3.20576206e+02  1.66e+00   7.21e+00     1.35e-05   2859.545s
7350000 +3.22239153e+02 +3.20577490e+02  1.66e+00   7.00e+00     1.35e-05   2859.932s
7351000 +3.22240672e+02 +3.20578729e+02  1.66e+00   7.18e+00     1.35e-05   2860.320s
7352000 +3.22235668e+02 +3.20579983e+02  1.66e+00   7.03e+00     1.34e-05   2860.707s
7353000 +3.22238093e+02 +3.20581261e+02  1.66e+00   7.18e+00     1.34e-05   2861.095s
7354000 +3.22237993e+02 +3.20582476e+02  1.66e+00   7.34e+00     1.34e-05   2861.483s
7355000 +3.22237049e+02 +3.20583662e+02  1.65e+00   7.26e+00     1.33e-05   2861.870s
7356000 +3.22243666e+02 +3.20584806e+02  1.66e+00   7.51e+00     1.33e-05   2862.258s
7357000 +3.22245199e+02 +3.20586054e+02  1.66e+00   7.15e+00     1.33e-05   2862.645s
7358000 +3.22245656e+02 +3.20587421e+02  1.66e+00   8.36e+00     1.32e-05   2863.033s
7359000 +3.22243373e+02 +3.20588801e+02  1.65e+00   7.19e+00     1.32e-05   2863.420s
7360000 +3.22245747e+02 +3.20590164e+02  1.66e+00   7.18e+00     1.31e-05   2863.808s
7361000 +3.22242489e+02 +3.20591497e+02  1.65e+00   8.15e+00     1.31e-05   2864.195s
7362000 +3.22244297e+02 +3.20592845e+02  1.65e+00   8.54e+00     1.31e-05   2864.583s
7363000 +3.22251765e+02 +3.20594157e+02  1.66e+00   7.16e+00     1.31e-05   2864.971s
7364000 +3.22246731e+02 +3.20595461e+02  1.65e+00   7.25e+00     1.30e-05   2865.358s
7365000 +3.22246002e+02 +3.20596775e+02  1.65e+00   7.23e+00     1.30e-05   2865.745s
7366000 +3.22251683e+02 +3.20598029e+02  1.65e+00   7.41e+00     1.30e-05   2866.133s
7367000 +3.22254686e+02 +3.20599318e+02  1.66e+00   7.25e+00     1.29e-05   2866.520s
7368000 +3.22256090e+02 +3.20600612e+02  1.66e+00   8.23e+00     1.29e-05   2866.908s
7369000 +3.22254536e+02 +3.20601870e+02  1.65e+00   7.33e+00     1.29e-05   2867.295s
7370000 +3.22254506e+02 +3.20603122e+02  1.65e+00   7.33e+00     1.28e-05   2867.683s
7371000 +3.22251850e+02 +3.20604359e+02  1.65e+00   7.94e+00     1.28e-05   2868.070s
7372000 +3.22250135e+02 +3.20605654e+02  1.64e+00   7.83e+00     1.28e-05   2868.458s
7373000 +3.22255470e+02 +3.20606986e+02  1.65e+00   8.07e+00     1.27e-05   2868.846s
7374000 +3.22254312e+02 +3.20608315e+02  1.65e+00   7.93e+00     1.27e-05   2869.233s
7375000 +3.22258260e+02 +3.20609658e+02  1.65e+00   7.36e+00     1.27e-05   2869.621s
7376000 +3.22256393e+02 +3.20611009e+02  1.65e+00   7.30e+00     1.27e-05   2870.008s
7377000 +3.22250148e+02 +3.20612306e+02  1.64e+00   8.36e+00     1.27e-05   2870.398s
7378000 +3.22251379e+02 +3.20613616e+02  1.64e+00   7.38e+00     1.26e-05   2870.785s
7379000 +3.22254559e+02 +3.20614920e+02  1.64e+00   7.32e+00     1.26e-05   2871.172s
7380000 +3.22256788e+02 +3.20616260e+02  1.64e+00   7.40e+00     1.26e-05   2871.560s
7381000 +3.22260824e+02 +3.20617631e+02  1.64e+00   7.30e+00     1.26e-05   2871.947s
7382000 +3.22264667e+02 +3.20619025e+02  1.65e+00   7.44e+00     1.25e-05   2872.335s
7383000 +3.22260754e+02 +3.20620387e+02  1.64e+00   7.30e+00     1.25e-05   2872.723s
7384000 +3.22261605e+02 +3.20621725e+02  1.64e+00   7.70e+00     1.25e-05   2873.110s
7385000 +3.22265092e+02 +3.20623032e+02  1.64e+00   7.58e+00     1.24e-05   2873.498s
7386000 +3.22266050e+02 +3.20624386e+02  1.64e+00   7.31e+00     1.24e-05   2873.885s
7387000 +3.22265838e+02 +3.20625699e+02  1.64e+00   7.25e+00     1.24e-05   2874.273s
7388000 +3.22264487e+02 +3.20626943e+02  1.64e+00   7.31e+00     1.24e-05   2874.661s
7389000 +3.22260434e+02 +3.20628193e+02  1.63e+00   7.22e+00     1.23e-05   2875.048s
7390000 +3.22258395e+02 +3.20629386e+02  1.63e+00   7.45e+00     1.23e-05   2875.436s
7391000 +3.22260318e+02 +3.20630442e+02  1.63e+00   7.15e+00     1.23e-05   2875.823s
7392000 +3.22256349e+02 +3.20631369e+02  1.62e+00   7.18e+00     1.23e-05   2876.211s
7393000 +3.22254129e+02 +3.20632235e+02  1.62e+00   7.16e+00     1.22e-05   2876.599s
7394000 +3.22255805e+02 +3.20633095e+02  1.62e+00   7.17e+00     1.22e-05   2876.986s
7395000 +3.22259837e+02 +3.20633931e+02  1.63e+00   7.17e+00     1.22e-05   2877.374s
7396000 +3.22256812e+02 +3.20634801e+02  1.62e+00   7.22e+00     1.22e-05   2877.762s
7397000 +3.22255716e+02 +3.20635677e+02  1.62e+00   7.12e+00     1.22e-05   2878.149s
7398000 +3.22255482e+02 +3.20636554e+02  1.62e+00   7.18e+00     1.21e-05   2878.536s
7399000 +3.22249547e+02 +3.20637424e+02  1.61e+00   7.16e+00     1.21e-05   2878.924s
7400000 +3.22250196e+02 +3.20638325e+02  1.61e+00   7.17e+00     1.21e-05   2879.312s
7401000 +3.22250092e+02 +3.20639207e+02  1.61e+00   7.16e+00     1.21e-05   2879.699s
7402000 +3.22251347e+02 +3.20640098e+02  1.61e+00   7.09e+00     1.20e-05   2880.087s
7403000 +3.22253902e+02 +3.20640960e+02  1.61e+00   7.19e+00     1.20e-05   2880.474s
7404000 +3.22246367e+02 +3.20641844e+02  1.60e+00   7.07e+00     1.20e-05   2880.862s
7405000 +3.22242773e+02 +3.20642751e+02  1.60e+00   7.30e+00     1.20e-05   2881.249s
7406000 +3.22243644e+02 +3.20643683e+02  1.60e+00   7.93e+00     1.20e-05   2881.637s
7407000 +3.22245715e+02 +3.20644630e+02  1.60e+00   8.13e+00     1.19e-05   2882.025s
7408000 +3.22241213e+02 +3.20645578e+02  1.60e+00   7.71e+00     1.19e-05   2882.412s
7409000 +3.22236599e+02 +3.20646549e+02  1.59e+00   7.69e+00     1.19e-05   2882.800s
7410000 +3.22232641e+02 +3.20647460e+02  1.59e+00   8.69e+00     1.19e-05   2883.188s
7411000 +3.22233651e+02 +3.20648366e+02  1.59e+00   8.36e+00     1.19e-05   2883.575s
7412000 +3.22235624e+02 +3.20649279e+02  1.59e+00   7.35e+00     1.18e-05   2883.963s
7413000 +3.22232300e+02 +3.20650206e+02  1.58e+00   7.39e+00     1.18e-05   2884.350s
7414000 +3.22233376e+02 +3.20651124e+02  1.58e+00   7.45e+00     1.18e-05   2884.737s
7415000 +3.22231657e+02 +3.20652047e+02  1.58e+00   8.72e+00     1.18e-05   2885.125s
7416000 +3.22226739e+02 +3.20652994e+02  1.57e+00   7.37e+00     1.17e-05   2885.512s
7417000 +3.22227140e+02 +3.20653955e+02  1.57e+00   7.11e+00     1.17e-05   2885.900s
7418000 +3.22227595e+02 +3.20654912e+02  1.57e+00   7.05e+00     1.17e-05   2886.288s
7419000 +3.22230555e+02 +3.20655866e+02  1.57e+00   7.15e+00     1.17e-05   2886.675s
7420000 +3.22229512e+02 +3.20656873e+02  1.57e+00   7.17e+00     1.17e-05   2887.062s
7421000 +3.22228865e+02 +3.20657897e+02  1.57e+00   7.18e+00     1.16e-05   2887.450s
7422000 +3.22232510e+02 +3.20658886e+02  1.57e+00   7.55e+00     1.16e-05   2887.838s
7423000 +3.22234908e+02 +3.20659873e+02  1.58e+00   7.76e+00     1.16e-05   2888.226s
7424000 +3.22233579e+02 +3.20660868e+02  1.57e+00   7.49e+00     1.16e-05   2888.613s
7425000 +3.22234747e+02 +3.20661886e+02  1.57e+00   9.00e+00     1.16e-05   2889.001s
7426000 +3.22239497e+02 +3.20662861e+02  1.58e+00   7.87e+00     1.15e-05   2889.388s
7427000 +3.22241202e+02 +3.20663852e+02  1.58e+00   8.03e+00     1.15e-05   2889.775s
7428000 +3.22237681e+02 +3.20664846e+02  1.57e+00   7.44e+00     1.15e-05   2890.163s
7429000 +3.22237468e+02 +3.20665814e+02  1.57e+00   7.36e+00     1.15e-05   2890.550s
7430000 +3.22236893e+02 +3.20666730e+02  1.57e+00   7.81e+00     1.15e-05   2890.938s
7431000 +3.22235006e+02 +3.20667607e+02  1.57e+00   7.37e+00     1.14e-05   2891.325s
7432000 +3.22238429e+02 +3.20668453e+02  1.57e+00   7.97e+00     1.14e-05   2891.713s
7433000 +3.22235669e+02 +3.20669317e+02  1.57e+00   7.20e+00     1.14e-05   2892.100s
7434000 +3.22233699e+02 +3.20670157e+02  1.56e+00   7.17e+00     1.14e-05   2892.487s
7435000 +3.22234037e+02 +3.20671036e+02  1.56e+00   7.51e+00     1.14e-05   2892.875s
7436000 +3.22232720e+02 +3.20671966e+02  1.56e+00   7.69e+00     1.13e-05   2893.262s
7437000 +3.22238677e+02 +3.20672869e+02  1.57e+00   7.23e+00     1.13e-05   2893.650s
7438000 +3.22238175e+02 +3.20673772e+02  1.56e+00   7.46e+00     1.13e-05   2894.037s
7439000 +3.22240315e+02 +3.20674643e+02  1.57e+00   7.14e+00     1.13e-05   2894.425s
7440000 +3.22237390e+02 +3.20675526e+02  1.56e+00   7.06e+00     1.13e-05   2894.812s
7441000 +3.22236894e+02 +3.20676379e+02  1.56e+00   7.14e+00     1.12e-05   2895.200s
7442000 +3.22238528e+02 +3.20677281e+02  1.56e+00   7.20e+00     1.12e-05   2895.587s
7443000 +3.22242245e+02 +3.20678154e+02  1.56e+00   7.13e+00     1.12e-05   2895.975s
7444000 +3.22244044e+02 +3.20679047e+02  1.56e+00   7.15e+00     1.12e-05   2896.362s
7445000 +3.22245863e+02 +3.20679918e+02  1.57e+00   7.16e+00     1.12e-05   2896.750s
7446000 +3.22246464e+02 +3.20680827e+02  1.57e+00   7.03e+00     1.11e-05   2897.137s
7447000 +3.22240176e+02 +3.20681773e+02  1.56e+00   7.10e+00     1.11e-05   2897.525s
7448000 +3.22240953e+02 +3.20682632e+02  1.56e+00   7.14e+00     1.11e-05   2897.912s
7449000 +3.22241642e+02 +3.20683526e+02  1.56e+00   7.17e+00     1.11e-05   2898.300s
7450000 +3.22243966e+02 +3.20684438e+02  1.56e+00   7.78e+00     1.11e-05   2898.687s
7451000 +3.22243332e+02 +3.20685304e+02  1.56e+00   7.16e+00     1.11e-05   2899.075s
7452000 +3.22240095e+02 +3.20686182e+02  1.55e+00   7.29e+00     1.10e-05   2899.463s
7453000 +3.22239480e+02 +3.20687028e+02  1.55e+00   7.25e+00     1.10e-05   2899.850s
7454000 +3.22237553e+02 +3.20687857e+02  1.55e+00   7.45e+00     1.10e-05   2900.238s
7455000 +3.22241925e+02 +3.20688668e+02  1.55e+00   7.32e+00     1.10e-05   2900.625s
7456000 +3.22237643e+02 +3.20689462e+02  1.55e+00   7.23e+00     1.10e-05   2901.013s
7457000 +3.22238137e+02 +3.20690258e+02  1.55e+00   7.20e+00     1.10e-05   2901.400s
7458000 +3.22233722e+02 +3.20691045e+02  1.54e+00   7.19e+00     1.09e-05   2901.788s
7459000 +3.22231581e+02 +3.20691787e+02  1.54e+00   7.21e+00     1.09e-05   2902.175s
7460000 +3.22233852e+02 +3.20692476e+02  1.54e+00   7.42e+00     1.09e-05   2902.563s
7461000 +3.22233119e+02 +3.20693144e+02  1.54e+00   7.17e+00     1.09e-05   2902.950s
7462000 +3.22231530e+02 +3.20693815e+02  1.54e+00   7.14e+00     1.09e-05   2903.338s
7463000 +3.22236804e+02 +3.20694508e+02  1.54e+00   7.15e+00     1.09e-05   2903.726s
7464000 +3.22234095e+02 +3.20695164e+02  1.54e+00   7.16e+00     1.08e-05   2904.113s
7465000 +3.22233372e+02 +3.20695756e+02  1.54e+00   7.18e+00     1.08e-05   2904.501s
7466000 +3.22234928e+02 +3.20696374e+02  1.54e+00   7.23e+00     1.08e-05   2904.888s
7467000 +3.22234796e+02 +3.20697018e+02  1.54e+00   7.63e+00     1.08e-05   2905.276s
7468000 +3.22232201e+02 +3.20697700e+02  1.53e+00   7.67e+00     1.08e-05   2905.663s
7469000 +3.22236452e+02 +3.20698404e+02  1.54e+00   7.93e+00     1.08e-05   2906.051s
7470000 +3.22232354e+02 +3.20699124e+02  1.53e+00   7.48e+00     1.08e-05   2906.438s
7471000 +3.22235733e+02 +3.20699795e+02  1.54e+00   7.73e+00     1.07e-05   2906.826s
7472000 +3.22238849e+02 +3.20700503e+02  1.54e+00   8.14e+00     1.07e-05   2907.213s
7473000 +3.22235436e+02 +3.20701218e+02  1.53e+00   8.14e+00     1.07e-05   2907.601s
7474000 +3.22234489e+02 +3.20701948e+02  1.53e+00   7.28e+00     1.07e-05   2907.988s
7475000 +3.22233156e+02 +3.20702661e+02  1.53e+00   7.33e+00     1.07e-05   2908.376s
7476000 +3.22235184e+02 +3.20703336e+02  1.53e+00   7.39e+00     1.07e-05   2908.764s
7477000 +3.22233090e+02 +3.20704013e+02  1.53e+00   7.24e+00     1.07e-05   2909.151s
7478000 +3.22232379e+02 +3.20704710e+02  1.53e+00   7.71e+00     1.07e-05   2909.539s
7479000 +3.22232565e+02 +3.20705383e+02  1.53e+00   8.08e+00     1.06e-05   2909.926s
7480000 +3.22234542e+02 +3.20706109e+02  1.53e+00   8.04e+00     1.06e-05   2910.314s
7481000 +3.22230333e+02 +3.20706837e+02  1.52e+00   7.64e+00     1.06e-05   2910.702s
7482000 +3.22233039e+02 +3.20707544e+02  1.53e+00   7.48e+00     1.06e-05   2911.090s
7483000 +3.22231122e+02 +3.20708270e+02  1.52e+00   7.44e+00     1.06e-05   2911.477s
7484000 +3.22232136e+02 +3.20708974e+02  1.52e+00   7.84e+00     1.06e-05   2911.865s
7485000 +3.22229009e+02 +3.20709679e+02  1.52e+00   7.52e+00     1.06e-05   2912.253s
7486000 +3.22228674e+02 +3.20710403e+02  1.52e+00   7.31e+00     1.05e-05   2912.640s
7487000 +3.22228210e+02 +3.20711075e+02  1.52e+00   7.71e+00     1.05e-05   2913.028s
7488000 +3.22229149e+02 +3.20711748e+02  1.52e+00   7.78e+00     1.05e-05   2913.415s
7489000 +3.22227161e+02 +3.20712452e+02  1.51e+00   7.37e+00     1.05e-05   2913.803s
7490000 +3.22228682e+02 +3.20713128e+02  1.52e+00   7.58e+00     1.05e-05   2914.190s
7491000 +3.22227284e+02 +3.20713850e+02  1.51e+00   7.37e+00     1.04e-05   2914.578s
7492000 +3.22228095e+02 +3.20714525e+02  1.51e+00   7.32e+00     1.04e-05   2914.965s
7493000 +3.22227764e+02 +3.20715218e+02  1.51e+00   7.59e+00     1.04e-05   2915.353s
7494000 +3.22226426e+02 +3.20715897e+02  1.51e+00   7.31e+00     1.04e-05   2915.740s
7495000 +3.22229396e+02 +3.20716581e+02  1.51e+00   8.24e+00     1.04e-05   2916.128s
7496000 +3.22230180e+02 +3.20717248e+02  1.51e+00   8.21e+00     1.04e-05   2916.516s
7497000 +3.22228935e+02 +3.20717964e+02  1.51e+00   7.36e+00     1.04e-05   2916.903s
7498000 +3.22223010e+02 +3.20718693e+02  1.50e+00   7.22e+00     1.04e-05   2917.291s
7499000 +3.22225891e+02 +3.20719423e+02  1.51e+00   7.30e+00     1.04e-05   2917.679s
7500000 +3.22224852e+02 +3.20720136e+02  1.50e+00   7.23e+00     1.03e-05   2918.066s
7501000 +3.22225163e+02 +3.20720891e+02  1.50e+00   7.31e+00     1.03e-05   2918.454s
7502000 +3.22224604e+02 +3.20721627e+02  1.50e+00   7.27e+00     1.03e-05   2918.842s
7503000 +3.22231473e+02 +3.20722379e+02  1.51e+00   7.39e+00     1.03e-05   2919.229s
7504000 +3.22230918e+02 +3.20723103e+02  1.51e+00   7.45e+00     1.03e-05   2919.617s
7505000 +3.22230735e+02 +3.20723879e+02  1.51e+00   7.76e+00     1.03e-05   2920.004s
7506000 +3.22227533e+02 +3.20724655e+02  1.50e+00   7.49e+00     1.03e-05   2920.391s
7507000 +3.22225317e+02 +3.20725467e+02  1.50e+00   7.52e+00     1.03e-05   2920.779s
7508000 +3.22226935e+02 +3.20726239e+02  1.50e+00   7.53e+00     1.03e-05   2921.167s
7509000 +3.22226336e+02 +3.20727022e+02  1.50e+00   7.50e+00     1.03e-05   2921.554s
7510000 +3.22226841e+02 +3.20727794e+02  1.50e+00   7.53e+00     1.03e-05   2921.942s
7511000 +3.22225578e+02 +3.20728572e+02  1.50e+00   7.56e+00     1.03e-05   2922.329s
7512000 +3.22228680e+02 +3.20729351e+02  1.50e+00   7.57e+00     1.03e-05   2922.717s
7513000 +3.22230251e+02 +3.20730154e+02  1.50e+00   7.63e+00     1.03e-05   2923.104s
7514000 +3.22225285e+02 +3.20730986e+02  1.49e+00   7.51e+00     1.02e-05   2923.492s
7515000 +3.22226145e+02 +3.20731804e+02  1.49e+00   7.51e+00     1.02e-05   2923.879s
7516000 +3.22229879e+02 +3.20732645e+02  1.50e+00   7.53e+00     1.02e-05   2924.267s
7517000 +3.22228903e+02 +3.20733525e+02  1.50e+00   7.50e+00     1.02e-05   2924.654s
7518000 +3.22226295e+02 +3.20734373e+02  1.49e+00   7.56e+00     1.02e-05   2925.042s
7519000 +3.22226227e+02 +3.20735217e+02  1.49e+00   7.52e+00     1.02e-05   2925.429s
7520000 +3.22225007e+02 +3.20736075e+02  1.49e+00   7.58e+00     1.02e-05   2925.816s
7521000 +3.22222624e+02 +3.20736909e+02  1.49e+00   7.59e+00     1.02e-05   2926.204s
7522000 +3.22225455e+02 +3.20737762e+02  1.49e+00   7.61e+00     1.01e-05   2926.592s
7523000 +3.22225751e+02 +3.20738574e+02  1.49e+00   7.65e+00     1.01e-05   2926.979s
7524000 +3.22226249e+02 +3.20739408e+02  1.49e+00   7.70e+00     1.01e-05   2927.367s
7525000 +3.22225562e+02 +3.20740263e+02  1.49e+00   7.72e+00     1.01e-05   2927.754s
7526000 +3.22225525e+02 +3.20741098e+02  1.48e+00   7.74e+00     1.01e-05   2928.142s
7527000 +3.22227230e+02 +3.20741943e+02  1.49e+00   7.77e+00     1.00e-05   2928.529s
7528000 +3.22227796e+02 +3.20742777e+02  1.49e+00   7.83e+00     1.00e-05   2928.916s
7529000 +3.22224596e+02 +3.20743553e+02  1.48e+00   7.77e+00     9.97e-06   2929.304s
7530000 +3.22225223e+02 +3.20744381e+02  1.48e+00   7.70e+00     9.95e-06   2929.691s
7531000 +3.22240097e+02 +3.20744862e+02  1.50e+00   8.00e+00     9.93e-06   2930.079s
7532000 +3.22265709e+02 +3.20745202e+02  1.52e+00   8.94e+00     9.92e-06   2930.470s
7533000 +3.22269633e+02 +3.20745580e+02  1.52e+00   9.36e+00     9.90e-06   2930.857s
7534000 +3.22265591e+02 +3.20745997e+02  1.52e+00   9.76e+00     9.88e-06   2931.245s
7535000 +3.22259693e+02 +3.20746443e+02  1.51e+00   1.01e+01     9.85e-06   2931.632s
7536000 +3.22271204e+02 +3.20746945e+02  1.52e+00   1.05e+01     9.82e-06   2932.020s
7537000 +3.22263345e+02 +3.20747495e+02  1.52e+00   1.10e+01     9.79e-06   2932.407s
7538000 +3.22259600e+02 +3.20748066e+02  1.51e+00   1.13e+01     9.76e-06   2932.795s
7539000 +3.22258709e+02 +3.20748683e+02  1.51e+00   1.17e+01     9.73e-06   2933.182s
7540000 +3.22259909e+02 +3.20749383e+02  1.51e+00   1.21e+01     9.70e-06   2933.571s
7541000 +3.22268680e+02 +3.20750159e+02  1.52e+00   1.26e+01     9.66e-06   2933.959s
7542000 +3.22275773e+02 +3.20751008e+02  1.52e+00   1.28e+01     9.63e-06   2934.347s
7543000 +3.22266333e+02 +3.20751924e+02  1.51e+00   1.31e+01     9.60e-06   2934.734s
7544000 +3.22277770e+02 +3.20752832e+02  1.52e+00   1.32e+01     9.58e-06   2935.121s
7545000 +3.22273828e+02 +3.20753700e+02  1.52e+00   1.35e+01     9.56e-06   2935.508s
7546000 +3.22285620e+02 +3.20754638e+02  1.53e+00   1.37e+01     9.54e-06   2935.896s
7547000 +3.22291619e+02 +3.20755589e+02  1.54e+00   1.38e+01     9.52e-06   2936.283s
7548000 +3.22301227e+02 +3.20756665e+02  1.54e+00   1.42e+01     9.50e-06   2936.670s
7549000 +3.22309777e+02 +3.20757797e+02  1.55e+00   1.44e+01     9.47e-06   2937.058s
7550000 +3.22322461e+02 +3.20758888e+02  1.56e+00   1.47e+01     9.45e-06   2937.445s
7551000 +3.22318023e+02 +3.20759979e+02  1.56e+00   1.51e+01     9.43e-06   2937.833s
7552000 +3.22331855e+02 +3.20761068e+02  1.57e+00   1.52e+01     9.42e-06   2938.220s
7553000 +3.22335024e+02 +3.20762156e+02  1.57e+00   1.55e+01     9.40e-06   2938.608s
7554000 +3.22331748e+02 +3.20763281e+02  1.57e+00   1.59e+01     9.38e-06   2938.995s
7555000 +3.22339807e+02 +3.20764408e+02  1.58e+00   1.60e+01     9.36e-06   2939.382s
7556000 +3.22353484e+02 +3.20765542e+02  1.59e+00   1.61e+01     9.35e-06   2939.770s
7557000 +3.22346874e+02 +3.20766656e+02  1.58e+00   1.64e+01     9.34e-06   2940.157s
7558000 +3.22351190e+02 +3.20767829e+02  1.58e+00   1.69e+01     9.33e-06   2940.544s
7559000 +3.22357881e+02 +3.20769070e+02  1.59e+00   1.72e+01     9.32e-06   2940.932s
7560000 +3.22353014e+02 +3.20770336e+02  1.58e+00   1.72e+01     9.31e-06   2941.320s
7561000 +3.22351126e+02 +3.20771631e+02  1.58e+00   1.75e+01     9.30e-06   2941.707s
7562000 +3.22366358e+02 +3.20772975e+02  1.59e+00   1.79e+01     9.28e-06   2942.094s
7563000 +3.22359634e+02 +3.20774365e+02  1.59e+00   1.79e+01     9.28e-06   2942.482s
7564000 +3.22369121e+02 +3.20775823e+02  1.59e+00   1.81e+01     9.27e-06   2942.869s
7565000 +3.22372091e+02 +3.20777243e+02  1.59e+00   1.84e+01     9.25e-06   2943.257s
7566000 +3.22387441e+02 +3.20778640e+02  1.61e+00   1.83e+01     9.24e-06   2943.644s
7567000 +3.22390764e+02 +3.20779986e+02  1.61e+00   1.84e+01     9.23e-06   2944.032s
7568000 +3.22397635e+02 +3.20781294e+02  1.62e+00   1.85e+01     9.21e-06   2944.419s
7569000 +3.22395742e+02 +3.20782593e+02  1.61e+00   1.86e+01     9.20e-06   2944.807s
7570000 +3.22411794e+02 +3.20783834e+02  1.63e+00   1.89e+01     9.19e-06   2945.194s
7571000 +3.22410462e+02 +3.20785026e+02  1.63e+00   1.92e+01     9.18e-06   2945.582s
7572000 +3.22409253e+02 +3.20786267e+02  1.62e+00   1.93e+01     9.16e-06   2945.969s
7573000 +3.22406670e+02 +3.20787638e+02  1.62e+00   1.93e+01     9.15e-06   2946.357s
7574000 +3.22414413e+02 +3.20789084e+02  1.63e+00   1.95e+01     9.14e-06   2946.744s
7575000 +3.22426971e+02 +3.20790443e+02  1.64e+00   1.94e+01     9.13e-06   2947.131s
7576000 +3.22416478e+02 +3.20791846e+02  1.62e+00   1.95e+01     9.12e-06   2947.519s
7577000 +3.22432022e+02 +3.20793215e+02  1.64e+00   1.98e+01     9.10e-06   2947.906s
7578000 +3.22421923e+02 +3.20794562e+02  1.63e+00   1.98e+01     9.09e-06   2948.294s
7579000 +3.22427326e+02 +3.20795814e+02  1.63e+00   1.97e+01     9.08e-06   2948.681s
7580000 +3.22424228e+02 +3.20797151e+02  1.63e+00   2.00e+01     9.07e-06   2949.069s
7581000 +3.22417405e+02 +3.20798480e+02  1.62e+00   1.99e+01     9.06e-06   2949.456s
7582000 +3.22427456e+02 +3.20799815e+02  1.63e+00   2.04e+01     9.05e-06   2949.844s
7583000 +3.22434430e+02 +3.20801151e+02  1.63e+00   2.02e+01     9.03e-06   2950.231s
7584000 +3.22442463e+02 +3.20802461e+02  1.64e+00   2.04e+01     9.02e-06   2950.619s
7585000 +3.22441906e+02 +3.20803768e+02  1.64e+00   2.05e+01     9.00e-06   2951.006s
7586000 +3.22446139e+02 +3.20805083e+02  1.64e+00   2.07e+01     8.99e-06   2951.394s
7587000 +3.22444724e+02 +3.20806387e+02  1.64e+00   2.09e+01     8.97e-06   2951.781s
7588000 +3.22435896e+02 +3.20807638e+02  1.63e+00   2.09e+01     8.96e-06   2952.168s
7589000 +3.22450457e+02 +3.20808870e+02  1.64e+00   2.11e+01     8.94e-06   2952.556s
7590000 +3.22449977e+02 +3.20810202e+02  1.64e+00   2.11e+01     8.92e-06   2952.943s
7591000 +3.22452148e+02 +3.20811537e+02  1.64e+00   2.12e+01     8.90e-06   2953.330s
7592000 +3.22449924e+02 +3.20812886e+02  1.64e+00   2.14e+01     8.89e-06   2953.718s
7593000 +3.22443803e+02 +3.20814238e+02  1.63e+00   2.17e+01     8.87e-06   2954.105s
7594000 +3.22456085e+02 +3.20815544e+02  1.64e+00   2.17e+01     8.85e-06   2954.493s
7595000 +3.22454056e+02 +3.20816838e+02  1.64e+00   2.17e+01     8.84e-06   2954.880s
7596000 +3.22468827e+02 +3.20818149e+02  1.65e+00   2.18e+01     8.83e-06   2955.268s
7597000 +3.22462007e+02 +3.20819481e+02  1.64e+00   2.19e+01     8.81e-06   2955.655s
7598000 +3.22465680e+02 +3.20820802e+02  1.64e+00   2.20e+01     8.80e-06   2956.043s
7599000 +3.22465439e+02 +3.20822095e+02  1.64e+00   2.21e+01     8.78e-06   2956.430s
7600000 +3.22468318e+02 +3.20823397e+02  1.64e+00   2.23e+01     8.76e-06   2956.817s
7601000 +3.22466703e+02 +3.20824698e+02  1.64e+00   2.23e+01     8.75e-06   2957.205s
7602000 +3.22464245e+02 +3.20825932e+02  1.64e+00   2.23e+01     8.73e-06   2957.592s
7603000 +3.22469599e+02 +3.20827181e+02  1.64e+00   2.24e+01     8.71e-06   2957.980s
7604000 +3.22466190e+02 +3.20828367e+02  1.64e+00   2.25e+01     8.70e-06   2958.367s
7605000 +3.22462977e+02 +3.20829532e+02  1.63e+00   2.26e+01     8.68e-06   2958.755s
7606000 +3.22459826e+02 +3.20830711e+02  1.63e+00   2.25e+01     8.66e-06   2959.142s
7607000 +3.22468204e+02 +3.20831890e+02  1.64e+00   2.26e+01     8.64e-06   2959.529s
7608000 +3.22475519e+02 +3.20833053e+02  1.64e+00   2.30e+01     8.62e-06   2959.917s
7609000 +3.22477516e+02 +3.20834211e+02  1.64e+00   2.31e+01     8.61e-06   2960.304s
7610000 +3.22469675e+02 +3.20835387e+02  1.63e+00   2.30e+01     8.59e-06   2960.692s
7611000 +3.22473274e+02 +3.20836594e+02  1.64e+00   2.29e+01     8.57e-06   2961.079s
7612000 +3.22474089e+02 +3.20837833e+02  1.64e+00   2.29e+01     8.55e-06   2961.466s
7613000 +3.22483969e+02 +3.20839040e+02  1.64e+00   2.30e+01     8.53e-06   2961.854s
7614000 +3.22478383e+02 +3.20840260e+02  1.64e+00   2.30e+01     8.52e-06   2962.241s
7615000 +3.22476212e+02 +3.20841447e+02  1.63e+00   2.33e+01     8.50e-06   2962.629s
7616000 +3.22467946e+02 +3.20842612e+02  1.63e+00   2.34e+01     8.48e-06   2963.016s
7617000 +3.22475210e+02 +3.20843778e+02  1.63e+00   2.31e+01     8.46e-06   2963.404s
7618000 +3.22481133e+02 +3.20844947e+02  1.64e+00   2.31e+01     8.44e-06   2963.791s
7619000 +3.22472864e+02 +3.20846114e+02  1.63e+00   2.33e+01     8.42e-06   2964.178s
7620000 +3.22469983e+02 +3.20847286e+02  1.62e+00   2.37e+01     8.40e-06   2964.565s
7621000 +3.22474496e+02 +3.20848447e+02  1.63e+00   2.36e+01     8.39e-06   2964.953s
7622000 +3.22485770e+02 +3.20849614e+02  1.64e+00   2.40e+01     8.37e-06   2965.341s
7623000 +3.22480603e+02 +3.20850751e+02  1.63e+00   2.43e+01     8.35e-06   2965.728s
7624000 +3.22488608e+02 +3.20851902e+02  1.64e+00   2.49e+01     8.33e-06   2966.116s
7625000 +3.22483414e+02 +3.20853054e+02  1.63e+00   2.49e+01     8.31e-06   2966.503s
7626000 +3.22480696e+02 +3.20854191e+02  1.63e+00   2.63e+01     8.29e-06   2966.891s
7627000 +3.22487943e+02 +3.20855319e+02  1.63e+00   2.76e+01     8.27e-06   2967.278s
7628000 +3.22490657e+02 +3.20856462e+02  1.63e+00   2.66e+01     8.25e-06   2967.666s
7629000 +3.22492767e+02 +3.20857603e+02  1.64e+00   2.61e+01     8.23e-06   2968.053s
7630000 +3.22492724e+02 +3.20858738e+02  1.63e+00   2.57e+01     8.20e-06   2968.440s
7631000 +3.22495748e+02 +3.20859879e+02  1.64e+00   2.56e+01     8.19e-06   2968.828s
7632000 +3.22496614e+02 +3.20860994e+02  1.64e+00   2.65e+01     8.16e-06   2969.215s
7633000 +3.22495274e+02 +3.20862115e+02  1.63e+00   2.61e+01     8.14e-06   2969.603s
7634000 +3.22498804e+02 +3.20863224e+02  1.64e+00   2.51e+01     8.12e-06   2969.990s
7635000 +3.22501694e+02 +3.20864385e+02  1.64e+00   2.57e+01     8.09e-06   2970.378s
7636000 +3.22496314e+02 +3.20865536e+02  1.63e+00   2.57e+01     8.07e-06   2970.765s
7637000 +3.22491312e+02 +3.20866693e+02  1.62e+00   2.82e+01     8.04e-06   2971.153s
7638000 +3.22493807e+02 +3.20867841e+02  1.63e+00   2.71e+01     8.01e-06   2971.540s
7639000 +3.22500210e+02 +3.20869016e+02  1.63e+00   2.74e+01     7.99e-06   2971.928s
7640000 +3.22500317e+02 +3.20870160e+02  1.63e+00   2.70e+01     7.96e-06   2972.315s
7641000 +3.22495525e+02 +3.20871327e+02  1.62e+00   2.76e+01     7.93e-06   2972.703s
7642000 +3.22494338e+02 +3.20872528e+02  1.62e+00   2.84e+01     7.90e-06   2973.090s
7643000 +3.22495402e+02 +3.20873726e+02  1.62e+00   2.78e+01     7.88e-06   2973.478s
7644000 +3.22496325e+02 +3.20874901e+02  1.62e+00   2.91e+01     7.85e-06   2973.866s
7645000 +3.22490375e+02 +3.20876063e+02  1.61e+00   3.03e+01     7.79e-06   2974.253s
7646000 +3.22497911e+02 +3.20877221e+02  1.62e+00   2.99e+01     7.75e-06   2974.641s
7647000 +3.22485035e+02 +3.20878366e+02  1.61e+00   2.99e+01     7.72e-06   2975.028s
7648000 +3.22485010e+02 +3.20879516e+02  1.61e+00   3.22e+01     7.68e-06   2975.415s
7649000 +3.22478741e+02 +3.20880687e+02  1.60e+00   3.35e+01     7.60e-06   2975.802s
7650000 +3.22484641e+02 +3.20881842e+02  1.60e+00   3.27e+01     7.11e-06   2976.190s
7651000 +3.22482570e+02 +3.20882546e+02  1.60e+00   3.59e+01     6.96e-06   2976.578s
7652000 +3.22492040e+02 +3.20882961e+02  1.61e+00   4.08e+01     6.95e-06   2976.966s
7653000 +3.22493412e+02 +3.20883383e+02  1.61e+00   4.81e+01     6.95e-06   2977.353s
7654000 +3.22496622e+02 +3.20883824e+02  1.61e+00   5.47e+01     6.94e-06   2977.740s
7655000 +3.22498495e+02 +3.20884279e+02  1.61e+00   5.38e+01     6.93e-06   2978.128s
7656000 +3.22501464e+02 +3.20884754e+02  1.62e+00   5.79e+01     6.92e-06   2978.515s
7657000 +3.22506575e+02 +3.20885250e+02  1.62e+00   6.36e+01     6.92e-06   2978.902s
7658000 +3.22509887e+02 +3.20885774e+02  1.62e+00   6.79e+01     6.91e-06   2979.290s
7659000 +3.22511939e+02 +3.20886318e+02  1.63e+00   7.45e+01     6.90e-06   2979.678s
7660000 +3.22514839e+02 +3.20886883e+02  1.63e+00   7.93e+01     6.89e-06   2980.065s
7661000 +3.22515197e+02 +3.20887467e+02  1.63e+00   7.77e+01     6.88e-06   2980.452s
7662000 +3.22518157e+02 +3.20888069e+02  1.63e+00   8.26e+01     6.87e-06   2980.840s
7663000 +3.22529633e+02 +3.20888685e+02  1.64e+00   8.60e+01     6.87e-06   2981.227s
7664000 +3.22533131e+02 +3.20889309e+02  1.64e+00   8.93e+01     6.86e-06   2981.615s
7665000 +3.22537546e+02 +3.20889951e+02  1.65e+00   9.23e+01     6.85e-06   2982.002s
7666000 +3.22540253e+02 +3.20890612e+02  1.65e+00   9.62e+01     6.84e-06   2982.389s
7667000 +3.22536393e+02 +3.20891291e+02  1.65e+00   9.93e+01     6.83e-06   2982.777s
7668000 +3.22540092e+02 +3.20891980e+02  1.65e+00   1.00e+02     6.82e-06   2983.164s
7669000 +3.22546044e+02 +3.20892700e+02  1.65e+00   9.86e+01     6.81e-06   2983.552s
7670000 +3.22541866e+02 +3.20893431e+02  1.65e+00   1.03e+02     6.80e-06   2983.939s
7671000 +3.22546504e+02 +3.20894179e+02  1.65e+00   1.08e+02     6.78e-06   2984.327s
7672000 +3.22549866e+02 +3.20894935e+02  1.65e+00   1.09e+02     6.77e-06   2984.715s
7673000 +3.22549879e+02 +3.20895711e+02  1.65e+00   1.09e+02     6.76e-06   2985.102s
7674000 +3.22558971e+02 +3.20896501e+02  1.66e+00   1.17e+02     6.75e-06   2985.490s
7675000 +3.22549110e+02 +3.20897302e+02  1.65e+00   1.13e+02     6.74e-06   2985.877s
7676000 +3.22563459e+02 +3.20898119e+02  1.67e+00   1.18e+02     6.72e-06   2986.265s
7677000 +3.22559104e+02 +3.20898958e+02  1.66e+00   1.18e+02     6.71e-06   2986.652s
7678000 +3.22560852e+02 +3.20899815e+02  1.66e+00   1.23e+02     6.69e-06   2987.040s
7679000 +3.22550235e+02 +3.20900681e+02  1.65e+00   1.17e+02     6.68e-06   2987.427s
7680000 +3.22550231e+02 +3.20901559e+02  1.65e+00   1.28e+02     6.67e-06   2987.815s
7681000 +3.22559951e+02 +3.20902445e+02  1.66e+00   1.34e+02     6.65e-06   2988.202s
7682000 +3.22569703e+02 +3.20903325e+02  1.67e+00   1.30e+02     6.64e-06   2988.590s
7683000 +3.22569261e+02 +3.20904227e+02  1.67e+00   1.26e+02     6.62e-06   2988.977s
7684000 +3.22578998e+02 +3.20905124e+02  1.67e+00   1.36e+02     6.61e-06   2989.365s
7685000 +3.22575225e+02 +3.20906039e+02  1.67e+00   1.34e+02     6.59e-06   2989.752s
7686000 +3.22587063e+02 +3.20906943e+02  1.68e+00   1.35e+02     6.58e-06   2990.140s
7687000 +3.22582105e+02 +3.20907848e+02  1.67e+00   1.41e+02     6.57e-06   2990.527s
7688000 +3.22589331e+02 +3.20908766e+02  1.68e+00   1.36e+02     6.56e-06   2990.915s
7689000 +3.22592637e+02 +3.20909679e+02  1.68e+00   1.37e+02     6.55e-06   2991.302s
7690000 +3.22604900e+02 +3.20910598e+02  1.69e+00   1.35e+02     6.53e-06   2991.690s
7691000 +3.22605412e+02 +3.20911534e+02  1.69e+00   1.33e+02     6.52e-06   2992.077s
7692000 +3.22604460e+02 +3.20912477e+02  1.69e+00   1.34e+02     6.51e-06   2992.465s
7693000 +3.22603145e+02 +3.20913439e+02  1.69e+00   1.42e+02     6.49e-06   2992.855s
7694000 +3.22603515e+02 +3.20914403e+02  1.69e+00   1.40e+02     6.48e-06   2993.243s
7695000 +3.22597769e+02 +3.20915389e+02  1.68e+00   1.39e+02     6.47e-06   2993.630s
7696000 +3.22601645e+02 +3.20916371e+02  1.69e+00   1.48e+02     6.45e-06   2994.018s
7697000 +3.22607808e+02 +3.20917371e+02  1.69e+00   1.51e+02     6.44e-06   2994.405s
7698000 +3.22610779e+02 +3.20918385e+02  1.69e+00   1.51e+02     6.43e-06   2994.792s
7699000 +3.22622360e+02 +3.20919413e+02  1.70e+00   1.52e+02     6.41e-06   2995.180s
7700000 +3.22617668e+02 +3.20920436e+02  1.70e+00   1.48e+02     6.40e-06   2995.567s
7701000 +3.22611957e+02 +3.20921466e+02  1.69e+00   1.42e+02     6.39e-06   2995.954s
7702000 +3.22622561e+02 +3.20922516e+02  1.70e+00   1.38e+02     6.37e-06   2996.342s
7703000 +3.22621144e+02 +3.20923581e+02  1.70e+00   1.53e+02     6.36e-06   2996.729s
7704000 +3.22626695e+02 +3.20924636e+02  1.70e+00   1.56e+02     6.34e-06   2997.117s
7705000 +3.22630699e+02 +3.20925682e+02  1.71e+00   1.51e+02     6.33e-06   2997.505s
7706000 +3.22629903e+02 +3.20926728e+02  1.70e+00   1.45e+02     6.32e-06   2997.893s
7707000 +3.22630544e+02 +3.20927760e+02  1.70e+00   1.59e+02     6.31e-06   2998.280s
7708000 +3.22650522e+02 +3.20928806e+02  1.72e+00   1.60e+02     6.30e-06   2998.668s
7709000 +3.22651786e+02 +3.20929839e+02  1.72e+00   1.64e+02     6.28e-06   2999.055s
7710000 +3.22649885e+02 +3.20930881e+02  1.72e+00   1.69e+02     6.27e-06   2999.443s
7711000 +3.22643857e+02 +3.20931932e+02  1.71e+00   1.60e+02     6.25e-06   2999.830s
7712000 +3.22640927e+02 +3.20932995e+02  1.71e+00   1.58e+02     6.24e-06   3000.218s
7713000 +3.22636186e+02 +3.20934066e+02  1.70e+00   1.61e+02     6.23e-06   3000.605s
7714000 +3.22653890e+02 +3.20935150e+02  1.72e+00   1.55e+02     6.21e-06   3000.993s
7715000 +3.22650624e+02 +3.20936249e+02  1.71e+00   1.59e+02     6.20e-06   3001.380s
7716000 +3.22653220e+02 +3.20937361e+02  1.72e+00   1.65e+02     6.19e-06   3001.767s
7717000 +3.22644468e+02 +3.20938480e+02  1.71e+00   1.61e+02     6.17e-06   3002.155s
7718000 +3.22653844e+02 +3.20939602e+02  1.71e+00   1.58e+02     6.16e-06   3002.543s
7719000 +3.22648807e+02 +3.20940735e+02  1.71e+00   1.41e+02     6.14e-06   3002.930s
7720000 +3.22658624e+02 +3.20941864e+02  1.72e+00   1.49e+02     6.13e-06   3003.318s
7721000 +3.22669150e+02 +3.20942990e+02  1.73e+00   1.47e+02     6.11e-06   3003.705s
7722000 +3.22660788e+02 +3.20944126e+02  1.72e+00   1.58e+02     6.10e-06   3004.093s
7723000 +3.22668924e+02 +3.20945256e+02  1.72e+00   1.65e+02     6.08e-06   3004.480s
7724000 +3.22669503e+02 +3.20946386e+02  1.72e+00   1.66e+02     6.07e-06   3004.868s
7725000 +3.22675414e+02 +3.20947519e+02  1.73e+00   1.73e+02     6.05e-06   3005.255s
7726000 +3.22684582e+02 +3.20948663e+02  1.74e+00   1.67e+02     6.04e-06   3005.643s
7727000 +3.22681454e+02 +3.20949806e+02  1.73e+00   1.76e+02     6.03e-06   3006.030s
7728000 +3.22684151e+02 +3.20950935e+02  1.73e+00   1.85e+02     6.01e-06   3006.418s
7729000 +3.22686442e+02 +3.20952072e+02  1.73e+00   1.83e+02     6.00e-06   3006.805s
7730000 +3.22676641e+02 +3.20953216e+02  1.72e+00   1.86e+02     5.99e-06   3007.192s
7731000 +3.22683958e+02 +3.20954372e+02  1.73e+00   1.89e+02     5.97e-06   3007.580s
7732000 +3.22684721e+02 +3.20955530e+02  1.73e+00   1.88e+02     5.96e-06   3007.967s
7733000 +3.22698689e+02 +3.20956707e+02  1.74e+00   1.88e+02     5.95e-06   3008.355s
7734000 +3.22695536e+02 +3.20957896e+02  1.74e+00   1.87e+02     5.93e-06   3008.743s
7735000 +3.22690906e+02 +3.20959073e+02  1.73e+00   1.95e+02     5.92e-06   3009.130s
7736000 +3.22700470e+02 +3.20960247e+02  1.74e+00   1.94e+02     5.90e-06   3009.518s
7737000 +3.22691428e+02 +3.20961430e+02  1.73e+00   1.85e+02     5.88e-06   3009.905s
7738000 +3.22700149e+02 +3.20962614e+02  1.74e+00   1.85e+02     5.87e-06   3010.293s
7739000 +3.22701097e+02 +3.20963800e+02  1.74e+00   1.85e+02     5.85e-06   3010.681s
7740000 +3.22706230e+02 +3.20964998e+02  1.74e+00   1.75e+02     5.83e-06   3011.068s
7741000 +3.22713728e+02 +3.20966212e+02  1.75e+00   1.83e+02     5.81e-06   3011.455s
7742000 +3.22715857e+02 +3.20967421e+02  1.75e+00   1.77e+02     5.80e-06   3011.843s
7743000 +3.22717546e+02 +3.20968639e+02  1.75e+00   1.79e+02     5.79e-06   3012.231s
7744000 +3.22711815e+02 +3.20969828e+02  1.74e+00   1.78e+02     5.77e-06   3012.619s
7745000 +3.22730728e+02 +3.20971021e+02  1.76e+00   1.84e+02     5.76e-06   3013.006s
7746000 +3.22728361e+02 +3.20972222e+02  1.76e+00   1.83e+02     5.74e-06   3013.394s
7747000 +3.22730518e+02 +3.20973444e+02  1.76e+00   1.84e+02     5.73e-06   3013.782s
7748000 +3.22724954e+02 +3.20974670e+02  1.75e+00   1.86e+02     5.71e-06   3014.169s
7749000 +3.22729570e+02 +3.20975896e+02  1.75e+00   1.88e+02     5.69e-06   3014.556s
7750000 +3.22733462e+02 +3.20977127e+02  1.76e+00   1.84e+02     5.68e-06   3014.944s
7751000 +3.22734117e+02 +3.20978355e+02  1.76e+00   1.90e+02     5.66e-06   3015.331s
7752000 +3.22742810e+02 +3.20979594e+02  1.76e+00   1.90e+02     5.64e-06   3015.718s
7753000 +3.22742332e+02 +3.20980837e+02  1.76e+00   1.87e+02     5.63e-06   3016.106s
7754000 +3.22740180e+02 +3.20982090e+02  1.76e+00   1.92e+02     5.61e-06   3016.493s
7755000 +3.22744199e+02 +3.20983326e+02  1.76e+00   1.90e+02     5.59e-06   3016.881s
7756000 +3.22752417e+02 +3.20984571e+02  1.77e+00   2.02e+02     5.57e-06   3017.268s
7757000 +3.22752048e+02 +3.20985832e+02  1.77e+00   1.96e+02     5.56e-06   3017.656s
7758000 +3.22753868e+02 +3.20987121e+02  1.77e+00   1.98e+02     5.54e-06   3018.044s
7759000 +3.22756015e+02 +3.20988417e+02  1.77e+00   2.05e+02     5.53e-06   3018.431s
7760000 +3.22757568e+02 +3.20989729e+02  1.77e+00   1.97e+02     5.51e-06   3018.819s
7761000 +3.22754750e+02 +3.20991035e+02  1.76e+00   1.91e+02     5.50e-06   3019.206s
7762000 +3.22767619e+02 +3.20992345e+02  1.78e+00   2.01e+02     5.49e-06   3019.594s
7763000 +3.22763074e+02 +3.20993635e+02  1.77e+00   1.91e+02     5.47e-06   3019.981s
7764000 +3.22763574e+02 +3.20994926e+02  1.77e+00   2.03e+02     5.45e-06   3020.369s
7765000 +3.22759351e+02 +3.20996245e+02  1.76e+00   1.95e+02     5.43e-06   3020.756s
7766000 +3.22773382e+02 +3.20997559e+02  1.78e+00   1.95e+02     5.41e-06   3021.144s
7767000 +3.22771709e+02 +3.20998877e+02  1.77e+00   2.07e+02     5.39e-06   3021.531s
7768000 +3.22771744e+02 +3.21000175e+02  1.77e+00   2.01e+02     5.37e-06   3021.919s
7769000 +3.22780430e+02 +3.21001458e+02  1.78e+00   1.99e+02     5.35e-06   3022.306s
7770000 +3.22765201e+02 +3.21002734e+02  1.76e+00   1.96e+02     5.34e-06   3022.694s
7771000 +3.22768836e+02 +3.21004014e+02  1.76e+00   1.97e+02     5.32e-06   3023.081s
7772000 +3.22762390e+02 +3.21005299e+02  1.76e+00   1.96e+02     5.31e-06   3023.469s
7773000 +3.22756159e+02 +3.21006554e+02  1.75e+00   1.89e+02     5.29e-06   3023.856s
7774000 +3.22769286e+02 +3.21007798e+02  1.76e+00   1.90e+02     5.28e-06   3024.244s
7775000 +3.22774919e+02 +3.21009034e+02  1.77e+00   1.92e+02     5.26e-06   3024.632s
7776000 +3.22788754e+02 +3.21010267e+02  1.78e+00   1.99e+02     5.24e-06   3025.019s
7777000 +3.22790958e+02 +3.21011506e+02  1.78e+00   1.95e+02     5.22e-06   3025.407s
7778000 +3.22796396e+02 +3.21012755e+02  1.78e+00   2.05e+02     5.20e-06   3025.794s
7779000 +3.22820034e+02 +3.21014016e+02  1.81e+00   2.09e+02     5.19e-06   3026.182s
7780000 +3.22811842e+02 +3.21015271e+02  1.80e+00   1.97e+02     5.17e-06   3026.569s
7781000 +3.22823107e+02 +3.21016543e+02  1.81e+00   1.93e+02     5.15e-06   3026.956s
7782000 +3.22824970e+02 +3.21017812e+02  1.81e+00   1.97e+02     5.13e-06   3027.344s
7783000 +3.22838551e+02 +3.21019106e+02  1.82e+00   2.02e+02     5.12e-06   3027.732s
7784000 +3.22829160e+02 +3.21020403e+02  1.81e+00   1.93e+02     5.10e-06   3028.119s
7785000 +3.22852857e+02 +3.21021697e+02  1.83e+00   1.98e+02     5.08e-06   3028.507s
7786000 +3.22852297e+02 +3.21023004e+02  1.83e+00   2.07e+02     5.06e-06   3028.894s
7787000 +3.22846015e+02 +3.21024315e+02  1.82e+00   2.00e+02     5.05e-06   3029.282s
7788000 +3.22850880e+02 +3.21025615e+02  1.83e+00   2.17e+02     5.03e-06   3029.669s
7789000 +3.22854309e+02 +3.21026900e+02  1.83e+00   1.97e+02     5.01e-06   3030.057s
7790000 +3.22858858e+02 +3.21028206e+02  1.83e+00   2.04e+02     4.99e-06   3030.445s
7791000 +3.22858404e+02 +3.21029493e+02  1.83e+00   2.01e+02     4.97e-06   3030.832s
7792000 +3.22844266e+02 +3.21030778e+02  1.81e+00   2.07e+02     4.95e-06   3031.220s
7793000 +3.22843025e+02 +3.21032070e+02  1.81e+00   2.06e+02     4.93e-06   3031.607s
7794000 +3.22851043e+02 +3.21033365e+02  1.82e+00   1.88e+02     4.91e-06   3031.995s
7795000 +3.22843259e+02 +3.21034661e+02  1.81e+00   2.01e+02     4.89e-06   3032.382s
7796000 +3.22874465e+02 +3.21035937e+02  1.84e+00   2.02e+02     4.87e-06   3032.770s
7797000 +3.22863848e+02 +3.21037241e+02  1.83e+00   1.92e+02     4.85e-06   3033.158s
7798000 +3.22861234e+02 +3.21038544e+02  1.82e+00   2.02e+02     4.83e-06   3033.545s
7799000 +3.22865751e+02 +3.21039860e+02  1.83e+00   2.02e+02     4.82e-06   3033.933s
7800000 +3.22868970e+02 +3.21041209e+02  1.83e+00   2.04e+02     4.80e-06   3034.320s
7801000 +3.22882372e+02 +3.21042548e+02  1.84e+00   2.02e+02     4.79e-06   3034.708s
7802000 +3.22870193e+02 +3.21043896e+02  1.83e+00   2.11e+02     4.78e-06   3035.095s
7803000 +3.22882537e+02 +3.21045236e+02  1.84e+00   2.06e+02     4.76e-06   3035.483s
7804000 +3.22889258e+02 +3.21046563e+02  1.84e+00   1.99e+02     4.74e-06   3035.870s
7805000 +3.22888854e+02 +3.21047894e+02  1.84e+00   1.95e+02     4.72e-06   3036.258s
7806000 +3.22902363e+02 +3.21049219e+02  1.85e+00   2.05e+02     4.71e-06   3036.646s
7807000 +3.22894683e+02 +3.21050546e+02  1.84e+00   2.01e+02     4.69e-06   3037.033s
7808000 +3.22888944e+02 +3.21051870e+02  1.84e+00   1.98e+02     4.67e-06   3037.421s
7809000 +3.22899493e+02 +3.21053200e+02  1.85e+00   1.96e+02     4.66e-06   3037.808s
7810000 +3.22913866e+02 +3.21054521e+02  1.86e+00   2.00e+02     4.64e-06   3038.196s
7811000 +3.22936033e+02 +3.21055837e+02  1.88e+00   2.08e+02     4.62e-06   3038.584s
7812000 +3.22931673e+02 +3.21057137e+02  1.87e+00   2.02e+02     4.60e-06   3038.971s
7813000 +3.22923048e+02 +3.21058416e+02  1.86e+00   2.15e+02     4.59e-06   3039.359s
7814000 +3.22917492e+02 +3.21059695e+02  1.86e+00   2.13e+02     4.57e-06   3039.746s
7815000 +3.22928070e+02 +3.21060966e+02  1.87e+00   2.00e+02     4.54e-06   3040.134s
7816000 +3.22925950e+02 +3.21062263e+02  1.86e+00   2.04e+02     4.53e-06   3040.522s
7817000 +3.22929485e+02 +3.21063558e+02  1.87e+00   1.99e+02     4.51e-06   3040.909s
7818000 +3.22922206e+02 +3.21064841e+02  1.86e+00   1.92e+02     4.50e-06   3041.297s
7819000 +3.22930510e+02 +3.21066124e+02  1.86e+00   1.72e+02     4.48e-06   3041.684s
7820000 +3.22929066e+02 +3.21067392e+02  1.86e+00   1.76e+02     4.46e-06   3042.072s
7821000 +3.22935620e+02 +3.21068645e+02  1.87e+00   1.86e+02     4.44e-06   3042.459s
7822000 +3.22928271e+02 +3.21069900e+02  1.86e+00   1.81e+02     4.42e-06   3042.847s
7823000 +3.22926112e+02 +3.21071174e+02  1.85e+00   1.79e+02     4.40e-06   3043.235s
7824000 +3.22937533e+02 +3.21072460e+02  1.87e+00   1.86e+02     4.39e-06   3043.622s
7825000 +3.22929146e+02 +3.21073756e+02  1.86e+00   1.81e+02     4.37e-06   3044.010s
7826000 +3.22943651e+02 +3.21075033e+02  1.87e+00   1.96e+02     4.35e-06   3044.397s
7827000 +3.22941525e+02 +3.21076296e+02  1.87e+00   1.93e+02     4.33e-06   3044.785s
7828000 +3.22934089e+02 +3.21077553e+02  1.86e+00   1.99e+02     4.32e-06   3045.172s
7829000 +3.22950223e+02 +3.21078791e+02  1.87e+00   1.84e+02     4.30e-06   3045.560s
7830000 +3.22944257e+02 +3.21080015e+02  1.86e+00   1.89e+02     4.29e-06   3045.948s
7831000 +3.22945262e+02 +3.21081227e+02  1.86e+00   1.99e+02     4.28e-06   3046.335s
7832000 +3.22939615e+02 +3.21082454e+02  1.86e+00   1.79e+02     4.26e-06   3046.723s
7833000 +3.22946803e+02 +3.21083677e+02  1.86e+00   1.87e+02     4.25e-06   3047.111s
7834000 +3.22946666e+02 +3.21084880e+02  1.86e+00   1.90e+02     4.23e-06   3047.498s
7835000 +3.22946100e+02 +3.21086077e+02  1.86e+00   1.73e+02     4.21e-06   3047.886s
7836000 +3.22944838e+02 +3.21087274e+02  1.86e+00   1.73e+02     4.20e-06   3048.273s
7837000 +3.22949961e+02 +3.21088461e+02  1.86e+00   1.77e+02     4.18e-06   3048.661s
7838000 +3.22950020e+02 +3.21089644e+02  1.86e+00   1.77e+02     4.17e-06   3049.049s
7839000 +3.22939608e+02 +3.21090824e+02  1.85e+00   1.76e+02     4.15e-06   3049.436s
7840000 +3.22951836e+02 +3.21092000e+02  1.86e+00   1.85e+02     4.14e-06   3049.824s
7841000 +3.22954886e+02 +3.21093163e+02  1.86e+00   1.78e+02     4.12e-06   3050.211s
7842000 +3.22956877e+02 +3.21094324e+02  1.86e+00   1.84e+02     4.10e-06   3050.599s
7843000 +3.22953104e+02 +3.21095500e+02  1.86e+00   1.62e+02     4.09e-06   3050.986s
7844000 +3.22954942e+02 +3.21096659e+02  1.86e+00   1.83e+02     4.07e-06   3051.373s
7845000 +3.22960819e+02 +3.21097795e+02  1.86e+00   1.78e+02     4.05e-06   3051.761s
7846000 +3.22958735e+02 +3.21098914e+02  1.86e+00   1.77e+02     4.03e-06   3052.149s
7847000 +3.22971855e+02 +3.21100035e+02  1.87e+00   1.88e+02     4.02e-06   3052.536s
7848000 +3.22965780e+02 +3.21101166e+02  1.86e+00   1.73e+02     4.01e-06   3052.924s
7849000 +3.22976963e+02 +3.21102302e+02  1.87e+00   1.79e+02     4.00e-06   3053.312s
7850000 +3.22974123e+02 +3.21103438e+02  1.87e+00   1.72e+02     3.98e-06   3053.699s
7851000 +3.22962803e+02 +3.21104567e+02  1.86e+00   1.80e+02     3.97e-06   3054.087s
7852000 +3.22964877e+02 +3.21105697e+02  1.86e+00   1.72e+02     3.95e-06   3054.474s
7853000 +3.22968324e+02 +3.21106847e+02  1.86e+00   1.80e+02     3.94e-06   3054.862s
7854000 +3.22966866e+02 +3.21107965e+02  1.86e+00   1.76e+02     3.92e-06   3055.249s
7855000 +3.22968416e+02 +3.21109068e+02  1.86e+00   1.77e+02     3.91e-06   3055.637s
7856000 +3.22957316e+02 +3.21110162e+02  1.85e+00   1.68e+02     3.89e-06   3056.024s
7857000 +3.22968982e+02 +3.21111257e+02  1.86e+00   1.68e+02     3.87e-06   3056.412s
7858000 +3.22964948e+02 +3.21112355e+02  1.85e+00   1.75e+02     3.86e-06   3056.799s
7859000 +3.22967541e+02 +3.21113443e+02  1.85e+00   1.78e+02     3.84e-06   3057.187s
7860000 +3.22963238e+02 +3.21114523e+02  1.85e+00   1.66e+02     3.83e-06   3057.574s
7861000 +3.22972385e+02 +3.21115587e+02  1.86e+00   1.68e+02     3.81e-06   3057.962s
7862000 +3.22966598e+02 +3.21116608e+02  1.85e+00   1.66e+02     3.80e-06   3058.349s
7863000 +3.22976603e+02 +3.21117640e+02  1.86e+00   1.60e+02     3.78e-06   3058.737s
7864000 +3.22979465e+02 +3.21118659e+02  1.86e+00   1.60e+02     3.76e-06   3059.125s
7865000 +3.22974128e+02 +3.21119667e+02  1.85e+00   1.57e+02     3.74e-06   3059.512s
7866000 +3.22986139e+02 +3.21120664e+02  1.87e+00   1.58e+02     3.72e-06   3059.900s
7867000 +3.22989842e+02 +3.21121658e+02  1.87e+00   1.60e+02     3.71e-06   3060.288s
7868000 +3.22993087e+02 +3.21122647e+02  1.87e+00   1.56e+02     3.70e-06   3060.675s
7869000 +3.22994699e+02 +3.21123632e+02  1.87e+00   1.54e+02     3.69e-06   3061.063s
7870000 +3.22978041e+02 +3.21124619e+02  1.85e+00   1.53e+02     3.68e-06   3061.450s
7871000 +3.22989810e+02 +3.21125607e+02  1.86e+00   1.49e+02     3.66e-06   3061.838s
7872000 +3.22996549e+02 +3.21126588e+02  1.87e+00   1.46e+02     3.65e-06   3062.225s
7873000 +3.22994662e+02 +3.21127572e+02  1.87e+00   1.47e+02     3.63e-06   3062.613s
7874000 +3.23000484e+02 +3.21128543e+02  1.87e+00   1.42e+02     3.62e-06   3063.001s
7875000 +3.22994034e+02 +3.21129498e+02  1.86e+00   1.59e+02     3.61e-06   3063.388s
7876000 +3.23014740e+02 +3.21130459e+02  1.88e+00   1.53e+02     3.60e-06   3063.776s
7877000 +3.23007771e+02 +3.21131415e+02  1.88e+00   1.43e+02     3.58e-06   3064.163s
7878000 +3.23014345e+02 +3.21132353e+02  1.88e+00   1.50e+02     3.57e-06   3064.551s
7879000 +3.23013617e+02 +3.21133292e+02  1.88e+00   1.39e+02     3.55e-06   3064.939s
7880000 +3.23003492e+02 +3.21134217e+02  1.87e+00   1.43e+02     3.54e-06   3065.326s
7881000 +3.23009173e+02 +3.21135139e+02  1.87e+00   1.32e+02     3.53e-06   3065.714s
7882000 +3.23005163e+02 +3.21136055e+02  1.87e+00   1.35e+02     3.52e-06   3066.101s
7883000 +3.23004795e+02 +3.21136981e+02  1.87e+00   1.24e+02     3.50e-06   3066.489s
7884000 +3.23003253e+02 +3.21137910e+02  1.87e+00   1.38e+02     3.49e-06   3066.877s
7885000 +3.23017850e+02 +3.21138828e+02  1.88e+00   1.33e+02     3.47e-06   3067.264s
7886000 +3.23016821e+02 +3.21139733e+02  1.88e+00   1.40e+02     3.46e-06   3067.652s
7887000 +3.23014439e+02 +3.21140633e+02  1.87e+00   1.38e+02     3.45e-06   3068.040s
7888000 +3.23022637e+02 +3.21141548e+02  1.88e+00   1.35e+02     3.43e-06   3068.427s
7889000 +3.23019594e+02 +3.21142472e+02  1.88e+00   1.35e+02     3.42e-06   3068.815s
7890000 +3.23016121e+02 +3.21143391e+02  1.87e+00   1.40e+02     3.41e-06   3069.202s
7891000 +3.23035582e+02 +3.21144303e+02  1.89e+00   1.35e+02     3.39e-06   3069.589s
7892000 +3.23029310e+02 +3.21145210e+02  1.88e+00   1.31e+02     3.38e-06   3069.977s
7893000 +3.23030349e+02 +3.21146106e+02  1.88e+00   1.26e+02     3.36e-06   3070.365s
7894000 +3.23016479e+02 +3.21147018e+02  1.87e+00   1.27e+02     3.35e-06   3070.752s
7895000 +3.23031280e+02 +3.21147942e+02  1.88e+00   1.36e+02     3.33e-06   3071.140s
7896000 +3.23035586e+02 +3.21148859e+02  1.89e+00   1.33e+02     3.32e-06   3071.527s
7897000 +3.23030846e+02 +3.21149785e+02  1.88e+00   1.37e+02     3.30e-06   3071.915s
7898000 +3.23047873e+02 +3.21150702e+02  1.90e+00   1.39e+02     3.29e-06   3072.302s
7899000 +3.23050240e+02 +3.21151621e+02  1.90e+00   1.54e+02     3.28e-06   3072.690s
7900000 +3.23053483e+02 +3.21152541e+02  1.90e+00   1.49e+02     3.27e-06   3073.078s
7901000 +3.23048262e+02 +3.21153461e+02  1.89e+00   1.52e+02     3.26e-06   3073.465s
7902000 +3.23054171e+02 +3.21154365e+02  1.90e+00   1.58e+02     3.25e-06   3073.853s
7903000 +3.23047469e+02 +3.21155277e+02  1.89e+00   1.45e+02     3.24e-06   3074.240s
7904000 +3.23047775e+02 +3.21156200e+02  1.89e+00   1.55e+02     3.22e-06   3074.628s
7905000 +3.23048291e+02 +3.21157110e+02  1.89e+00   1.48e+02     3.21e-06   3075.015s
7906000 +3.23048894e+02 +3.21157998e+02  1.89e+00   1.55e+02     3.19e-06   3075.403s
7907000 +3.23047800e+02 +3.21158899e+02  1.89e+00   1.69e+02     3.18e-06   3075.790s
7908000 +3.23045469e+02 +3.21159826e+02  1.89e+00   1.59e+02     3.17e-06   3076.178s
7909000 +3.23046379e+02 +3.21160751e+02  1.89e+00   1.55e+02     3.15e-06   3076.565s
7910000 +3.23044023e+02 +3.21161663e+02  1.88e+00   1.48e+02     3.14e-06   3076.953s
7911000 +3.23037503e+02 +3.21162573e+02  1.87e+00   1.36e+02     3.13e-06   3077.341s
7912000 +3.23034435e+02 +3.21163460e+02  1.87e+00   1.39e+02     3.11e-06   3077.728s
7913000 +3.23037668e+02 +3.21164342e+02  1.87e+00   1.44e+02     3.10e-06   3078.116s
7914000 +3.23035914e+02 +3.21165234e+02  1.87e+00   1.46e+02     3.08e-06   3078.505s
7915000 +3.23032183e+02 +3.21166112e+02  1.87e+00   1.43e+02     3.06e-06   3078.893s
7916000 +3.23038453e+02 +3.21167005e+02  1.87e+00   1.40e+02     3.05e-06   3079.281s
7917000 +3.23054863e+02 +3.21167888e+02  1.89e+00   1.39e+02     3.03e-06   3079.668s
7918000 +3.23051164e+02 +3.21168759e+02  1.88e+00   1.43e+02     3.02e-06   3080.055s
7919000 +3.23039031e+02 +3.21169626e+02  1.87e+00   1.34e+02     3.00e-06   3080.443s
7920000 +3.23039879e+02 +3.21170496e+02  1.87e+00   1.32e+02     2.98e-06   3080.830s
7921000 +3.23046520e+02 +3.21171368e+02  1.88e+00   1.36e+02     2.96e-06   3081.218s
7922000 +3.23043299e+02 +3.21172226e+02  1.87e+00   1.37e+02     2.95e-06   3081.606s
7923000 +3.23036209e+02 +3.21173084e+02  1.86e+00   1.35e+02     2.93e-06   3081.993s
7924000 +3.23039338e+02 +3.21173935e+02  1.87e+00   1.41e+02     2.91e-06   3082.381s
7925000 +3.23039033e+02 +3.21174807e+02  1.86e+00   1.39e+02     2.89e-06   3082.769s
7926000 +3.23051465e+02 +3.21175680e+02  1.88e+00   1.31e+02     2.87e-06   3083.156s
7927000 +3.23044843e+02 +3.21176547e+02  1.87e+00   1.39e+02     2.86e-06   3083.544s
7928000 +3.23045408e+02 +3.21177409e+02  1.87e+00   1.36e+02     2.84e-06   3083.931s
7929000 +3.23044863e+02 +3.21178263e+02  1.87e+00   1.37e+02     2.83e-06   3084.319s
7930000 +3.23047332e+02 +3.21179116e+02  1.87e+00   1.32e+02     2.81e-06   3084.706s
7931000 +3.23048404e+02 +3.21179960e+02  1.87e+00   1.43e+02     2.80e-06   3085.094s
7932000 +3.23051462e+02 +3.21180770e+02  1.87e+00   1.37e+02     2.78e-06   3085.482s
7933000 +3.23048666e+02 +3.21181583e+02  1.87e+00   1.37e+02     2.76e-06   3085.869s
7934000 +3.23063245e+02 +3.21182382e+02  1.88e+00   1.42e+02     2.74e-06   3086.257s
7935000 +3.23069746e+02 +3.21183191e+02  1.89e+00   1.38e+02     2.72e-06   3086.644s
7936000 +3.23067952e+02 +3.21183997e+02  1.88e+00   1.41e+02     2.71e-06   3087.032s
7937000 +3.23075904e+02 +3.21184800e+02  1.89e+00   1.38e+02     2.70e-06   3087.420s
7938000 +3.23065258e+02 +3.21185583e+02  1.88e+00   1.44e+02     2.68e-06   3087.807s
7939000 +3.23071262e+02 +3.21186354e+02  1.88e+00   1.35e+02     2.67e-06   3088.195s
7940000 +3.23067167e+02 +3.21187120e+02  1.88e+00   1.31e+02     2.66e-06   3088.582s
7941000 +3.23077694e+02 +3.21187863e+02  1.89e+00   1.31e+02     2.64e-06   3088.970s
7942000 +3.23080569e+02 +3.21188603e+02  1.89e+00   1.36e+02     2.63e-06   3089.357s
7943000 +3.23066317e+02 +3.21189345e+02  1.88e+00   1.29e+02     2.62e-06   3089.745s
7944000 +3.23067426e+02 +3.21190085e+02  1.88e+00   1.29e+02     2.61e-06   3090.136s
7945000 +3.23067048e+02 +3.21190837e+02  1.88e+00   1.34e+02     2.60e-06   3090.523s
7946000 +3.23068876e+02 +3.21191587e+02  1.88e+00   1.39e+02     2.59e-06   3090.911s
7947000 +3.23057994e+02 +3.21192327e+02  1.87e+00   1.36e+02     2.58e-06   3091.298s
7948000 +3.23067455e+02 +3.21193076e+02  1.87e+00   1.41e+02     2.56e-06   3091.686s
7949000 +3.23065940e+02 +3.21193838e+02  1.87e+00   1.45e+02     2.55e-06   3092.073s
7950000 +3.23072212e+02 +3.21194586e+02  1.88e+00   1.41e+02     2.54e-06   3092.461s
7951000 +3.23070582e+02 +3.21195337e+02  1.88e+00   1.39e+02     2.53e-06   3092.848s
7952000 +3.23069747e+02 +3.21196072e+02  1.87e+00   1.35e+02     2.52e-06   3093.236s
7953000 +3.23073552e+02 +3.21196802e+02  1.88e+00   1.36e+02     2.51e-06   3093.627s
7954000 +3.23067483e+02 +3.21197535e+02  1.87e+00   1.40e+02     2.50e-06   3094.016s
7955000 +3.23083475e+02 +3.21198273e+02  1.89e+00   1.41e+02     2.49e-06   3094.404s
7956000 +3.23079059e+02 +3.21199010e+02  1.88e+00   1.44e+02     2.48e-06   3094.792s
7957000 +3.23075618e+02 +3.21199762e+02  1.88e+00   1.41e+02     2.47e-06   3095.179s
7958000 +3.23071493e+02 +3.21200504e+02  1.87e+00   1.42e+02     2.46e-06   3095.567s
7959000 +3.23073827e+02 +3.21201252e+02  1.87e+00   1.46e+02     2.44e-06   3095.955s
7960000 +3.23073957e+02 +3.21201979e+02  1.87e+00   1.44e+02     2.43e-06   3096.342s
7961000 +3.23074401e+02 +3.21202694e+02  1.87e+00   1.35e+02     2.42e-06   3096.730s
7962000 +3.23085406e+02 +3.21203405e+02  1.88e+00   1.40e+02     2.41e-06   3097.119s
7963000 +3.23087895e+02 +3.21204111e+02  1.88e+00   1.31e+02     2.40e-06   3097.510s
7964000 +3.23084759e+02 +3.21204803e+02  1.88e+00   1.33e+02     2.39e-06   3097.897s
7965000 +3.23092078e+02 +3.21205492e+02  1.89e+00   1.44e+02     2.39e-06   3098.285s
7966000 +3.23079866e+02 +3.21206169e+02  1.87e+00   1.42e+02     2.38e-06   3098.673s
7967000 +3.23076446e+02 +3.21206839e+02  1.87e+00   1.37e+02     2.37e-06   3099.060s
7968000 +3.23086651e+02 +3.21207498e+02  1.88e+00   1.38e+02     2.36e-06   3099.448s
7969000 +3.23077340e+02 +3.21208151e+02  1.87e+00   1.39e+02     2.35e-06   3099.835s
7970000 +3.23072208e+02 +3.21208805e+02  1.86e+00   1.35e+02     2.35e-06   3100.223s
7971000 +3.23079466e+02 +3.21209458e+02  1.87e+00   1.37e+02     2.34e-06   3100.611s
7972000 +3.23073586e+02 +3.21210107e+02  1.86e+00   1.37e+02     2.33e-06   3100.998s
7973000 +3.23075028e+02 +3.21210760e+02  1.86e+00   1.36e+02     2.33e-06   3101.386s
7974000 +3.23072745e+02 +3.21211412e+02  1.86e+00   1.31e+02     2.32e-06   3101.774s
7975000 +3.23078145e+02 +3.21212069e+02  1.87e+00   1.30e+02     2.31e-06   3102.161s
7976000 +3.23091586e+02 +3.21212714e+02  1.88e+00   1.30e+02     2.31e-06   3102.549s
7977000 +3.23097779e+02 +3.21213359e+02  1.88e+00   1.30e+02     2.30e-06   3102.937s
7978000 +3.23080529e+02 +3.21214005e+02  1.87e+00   1.30e+02     2.30e-06   3103.324s
7979000 +3.23090572e+02 +3.21214661e+02  1.88e+00   1.32e+02     2.29e-06   3103.712s
7980000 +3.23093793e+02 +3.21215303e+02  1.88e+00   1.25e+02     2.29e-06   3104.099s
7981000 +3.23095716e+02 +3.21215940e+02  1.88e+00   1.29e+02     2.28e-06   3104.487s
7982000 +3.23096912e+02 +3.21216553e+02  1.88e+00   1.29e+02     2.28e-06   3104.875s
7983000 +3.23101850e+02 +3.21217164e+02  1.88e+00   1.30e+02     2.27e-06   3105.262s
7984000 +3.23104854e+02 +3.21217628e+02  1.89e+00   1.33e+02     2.27e-06   3105.650s
7985000 +3.23097384e+02 +3.21218240e+02  1.88e+00   1.29e+02     2.26e-06   3106.037s
7986000 +3.23097673e+02 +3.21218847e+02  1.88e+00   1.31e+02     2.25e-06   3106.425s
7987000 +3.23098029e+02 +3.21219472e+02  1.88e+00   1.33e+02     2.25e-06   3106.813s
7988000 +3.23093369e+02 +3.21220064e+02  1.87e+00   1.31e+02     2.24e-06   3107.200s
7989000 +3.23100197e+02 +3.21220637e+02  1.88e+00   1.43e+02     2.23e-06   3107.588s
7990000 +3.23103562e+02 +3.21221213e+02  1.88e+00   1.33e+02     2.22e-06   3107.975s
7991000 +3.23096890e+02 +3.21221796e+02  1.88e+00   1.36e+02     2.22e-06   3108.363s
7992000 +3.23103431e+02 +3.21222396e+02  1.88e+00   1.36e+02     2.21e-06   3108.750s
7993000 +3.23091541e+02 +3.21222979e+02  1.87e+00   1.33e+02     2.20e-06   3109.138s
7994000 +3.23087046e+02 +3.21223552e+02  1.86e+00   1.41e+02     2.20e-06   3109.525s
7995000 +3.23092061e+02 +3.21224133e+02  1.87e+00   1.31e+02     2.19e-06   3109.912s
7996000 +3.23097248e+02 +3.21224712e+02  1.87e+00   1.36e+02     2.18e-06   3110.300s
7997000 +3.23103717e+02 +3.21225289e+02  1.88e+00   1.28e+02     2.17e-06   3110.688s
7998000 +3.23099455e+02 +3.21225873e+02  1.87e+00   1.27e+02     2.17e-06   3111.075s
7999000 +3.23093859e+02 +3.21226443e+02  1.87e+00   1.32e+02     2.16e-06   3111.463s
8000000 +3.23095065e+02 +3.21227010e+02  1.87e+00   1.32e+02     2.15e-06   3111.850s
8001000 +3.23094423e+02 +3.21227571e+02  1.87e+00   1.31e+02     2.14e-06   3112.238s
8002000 +3.23102451e+02 +3.21228143e+02  1.87e+00   1.36e+02     2.14e-06   3112.625s
8003000 +3.23105204e+02 +3.21228711e+02  1.88e+00   1.33e+02     2.13e-06   3113.013s
8004000 +3.23088076e+02 +3.21229265e+02  1.86e+00   1.26e+02     2.12e-06   3113.400s
8005000 +3.23090127e+02 +3.21229823e+02  1.86e+00   1.23e+02     2.12e-06   3113.788s
8006000 +3.23092617e+02 +3.21230367e+02  1.86e+00   1.22e+02     2.11e-06   3114.175s
8007000 +3.23085376e+02 +3.21230801e+02  1.85e+00   1.17e+02     2.10e-06   3114.563s
8008000 +3.23082503e+02 +3.21231316e+02  1.85e+00   1.19e+02     2.10e-06   3114.950s
8009000 +3.23080809e+02 +3.21231838e+02  1.85e+00   1.23e+02     2.09e-06   3115.338s
8010000 +3.23089632e+02 +3.21232373e+02  1.86e+00   1.29e+02     2.09e-06   3115.725s
8011000 +3.23085691e+02 +3.21232896e+02  1.85e+00   1.23e+02     2.08e-06   3116.113s
8012000 +3.23087410e+02 +3.21233420e+02  1.85e+00   1.26e+02     2.08e-06   3116.500s
8013000 +3.23088645e+02 +3.21233955e+02  1.85e+00   1.32e+02     2.07e-06   3116.888s
8014000 +3.23095681e+02 +3.21234484e+02  1.86e+00   1.29e+02     2.07e-06   3117.275s
8015000 +3.23095261e+02 +3.21235013e+02  1.86e+00   1.25e+02     2.06e-06   3117.663s
8016000 +3.23095115e+02 +3.21235538e+02  1.86e+00   1.21e+02     2.05e-06   3118.051s
8017000 +3.23097400e+02 +3.21236062e+02  1.86e+00   1.25e+02     2.04e-06   3118.438s
8018000 +3.23100200e+02 +3.21236582e+02  1.86e+00   1.26e+02     2.04e-06   3118.826s
8019000 +3.23089662e+02 +3.21237100e+02  1.85e+00   1.24e+02     2.03e-06   3119.213s
8020000 +3.23096007e+02 +3.21237620e+02  1.86e+00   1.20e+02     2.03e-06   3119.601s
8021000 +3.23096539e+02 +3.21238142e+02  1.86e+00   1.19e+02     2.02e-06   3119.989s
8022000 +3.23094486e+02 +3.21238647e+02  1.86e+00   1.16e+02     2.02e-06   3120.376s
8023000 +3.23096084e+02 +3.21239144e+02  1.86e+00   1.21e+02     2.01e-06   3120.764s
8024000 +3.23092255e+02 +3.21239651e+02  1.85e+00   1.12e+02     2.01e-06   3121.151s
8025000 +3.23098100e+02 +3.21240161e+02  1.86e+00   1.14e+02     2.00e-06   3121.538s
8026000 +3.23103333e+02 +3.21240650e+02  1.86e+00   1.14e+02     1.99e-06   3121.926s
8027000 +3.23106062e+02 +3.21241160e+02  1.86e+00   1.15e+02     1.98e-06   3122.313s
8028000 +3.23105063e+02 +3.21241660e+02  1.86e+00   1.16e+02     1.98e-06   3122.701s
8029000 +3.23102091e+02 +3.21242173e+02  1.86e+00   1.15e+02     1.97e-06   3123.088s
8030000 +3.23099642e+02 +3.21242665e+02  1.86e+00   1.15e+02     1.96e-06   3123.476s
8031000 +3.23089486e+02 +3.21243131e+02  1.85e+00   1.20e+02     1.96e-06   3123.863s
8032000 +3.23100011e+02 +3.21243615e+02  1.86e+00   1.20e+02     1.95e-06   3124.251s
8033000 +3.23096703e+02 +3.21244108e+02  1.85e+00   1.17e+02     1.95e-06   3124.638s
8034000 +3.23096985e+02 +3.21244592e+02  1.85e+00   1.16e+02     1.95e-06   3125.026s
8035000 +3.23101374e+02 +3.21245057e+02  1.86e+00   1.17e+02     1.94e-06   3125.414s
8036000 +3.23090248e+02 +3.21245537e+02  1.84e+00   1.18e+02     1.93e-06   3125.801s
8037000 +3.23100539e+02 +3.21246012e+02  1.85e+00   1.13e+02     1.93e-06   3126.189s
8038000 +3.23096373e+02 +3.21246493e+02  1.85e+00   1.14e+02     1.92e-06   3126.576s
8039000 +3.23090291e+02 +3.21246971e+02  1.84e+00   1.13e+02     1.91e-06   3126.964s
8040000 +3.23109211e+02 +3.21247431e+02  1.86e+00   1.10e+02     1.90e-06   3127.351s
8041000 +3.23094771e+02 +3.21247914e+02  1.85e+00   1.18e+02     1.89e-06   3127.739s
8042000 +3.23103178e+02 +3.21248407e+02  1.85e+00   1.12e+02     1.89e-06   3128.126s
8043000 +3.23094166e+02 +3.21248884e+02  1.85e+00   1.05e+02     1.88e-06   3128.514s
8044000 +3.23105793e+02 +3.21249374e+02  1.86e+00   1.07e+02     1.88e-06   3128.901s
8045000 +3.23100764e+02 +3.21249851e+02  1.85e+00   1.04e+02     1.88e-06   3129.289s
8046000 +3.23096485e+02 +3.21250313e+02  1.85e+00   1.05e+02     1.87e-06   3129.676s
8047000 +3.23095239e+02 +3.21250785e+02  1.84e+00   1.07e+02     1.87e-06   3130.064s
8048000 +3.23084723e+02 +3.21251251e+02  1.83e+00   1.10e+02     1.87e-06   3130.451s
8049000 +3.23093977e+02 +3.21251730e+02  1.84e+00   1.06e+02     1.86e-06   3130.839s
8050000 +3.23086924e+02 +3.21252182e+02  1.83e+00   1.03e+02     1.86e-06   3131.226s
8051000 +3.23094856e+02 +3.21252631e+02  1.84e+00   1.07e+02     1.85e-06   3131.614s
8052000 +3.23092652e+02 +3.21253082e+02  1.84e+00   1.10e+02     1.84e-06   3132.002s
8053000 +3.23090248e+02 +3.21253516e+02  1.84e+00   1.07e+02     1.84e-06   3132.389s
8054000 +3.23094367e+02 +3.21253951e+02  1.84e+00   1.07e+02     1.83e-06   3132.777s
8055000 +3.23082539e+02 +3.21254397e+02  1.83e+00   1.11e+02     1.82e-06   3133.165s
8056000 +3.23090820e+02 +3.21254826e+02  1.84e+00   1.06e+02     1.82e-06   3133.552s
8057000 +3.23089857e+02 +3.21255262e+02  1.83e+00   1.06e+02     1.82e-06   3133.940s
8058000 +3.23078446e+02 +3.21255684e+02  1.82e+00   1.07e+02     1.81e-06   3134.327s
8059000 +3.23085629e+02 +3.21256105e+02  1.83e+00   1.07e+02     1.81e-06   3134.715s
8060000 +3.23086143e+02 +3.21256518e+02  1.83e+00   1.05e+02     1.81e-06   3135.102s
8061000 +3.23081956e+02 +3.21256937e+02  1.83e+00   1.01e+02     1.80e-06   3135.489s
8062000 +3.23078220e+02 +3.21257356e+02  1.82e+00   1.05e+02     1.80e-06   3135.877s
8063000 +3.23077937e+02 +3.21257767e+02  1.82e+00   1.07e+02     1.79e-06   3136.264s
8064000 +3.23081579e+02 +3.21258188e+02  1.82e+00   1.02e+02     1.79e-06   3136.652s
8065000 +3.23083045e+02 +3.21258580e+02  1.82e+00   1.04e+02     1.78e-06   3137.039s
8066000 +3.23078540e+02 +3.21258970e+02  1.82e+00   1.04e+02     1.77e-06   3137.427s
8067000 +3.23080463e+02 +3.21259363e+02  1.82e+00   1.01e+02     1.77e-06   3137.815s
8068000 +3.23073608e+02 +3.21259761e+02  1.81e+00   1.05e+02     1.76e-06   3138.202s
8069000 +3.23083109e+02 +3.21260164e+02  1.82e+00   9.87e+01     1.76e-06   3138.589s
8070000 +3.23083382e+02 +3.21260568e+02  1.82e+00   1.04e+02     1.75e-06   3138.977s
8071000 +3.23076564e+02 +3.21260966e+02  1.82e+00   1.02e+02     1.75e-06   3139.364s
8072000 +3.23075965e+02 +3.21261368e+02  1.81e+00   1.04e+02     1.75e-06   3139.752s
8073000 +3.23080801e+02 +3.21261771e+02  1.82e+00   9.98e+01     1.75e-06   3140.139s
8074000 +3.23080064e+02 +3.21262184e+02  1.82e+00   1.00e+02     1.74e-06   3140.527s
8075000 +3.23078479e+02 +3.21262616e+02  1.82e+00   1.01e+02     1.74e-06   3140.914s
8076000 +3.23084334e+02 +3.21263024e+02  1.82e+00   1.05e+02     1.73e-06   3141.302s
8077000 +3.23078481e+02 +3.21263436e+02  1.82e+00   1.02e+02     1.73e-06   3141.689s
8078000 +3.23086554e+02 +3.21263855e+02  1.82e+00   1.04e+02     1.72e-06   3142.077s
8079000 +3.23083839e+02 +3.21264249e+02  1.82e+00   9.88e+01     1.72e-06   3142.465s
8080000 +3.23088639e+02 +3.21264657e+02  1.82e+00   9.50e+01     1.71e-06   3142.852s
8081000 +3.23091494e+02 +3.21265063e+02  1.83e+00   1.03e+02     1.71e-06   3143.240s
8082000 +3.23083069e+02 +3.21265455e+02  1.82e+00   1.02e+02     1.70e-06   3143.628s
8083000 +3.23097611e+02 +3.21265840e+02  1.83e+00   1.04e+02     1.70e-06   3144.015s
8084000 +3.23087503e+02 +3.21266220e+02  1.82e+00   9.96e+01     1.70e-06   3144.403s
8085000 +3.23086483e+02 +3.21266607e+02  1.82e+00   9.67e+01     1.69e-06   3144.791s
8086000 +3.23085225e+02 +3.21266985e+02  1.82e+00   9.93e+01     1.69e-06   3145.178s
8087000 +3.23083015e+02 +3.21267360e+02  1.82e+00   9.48e+01     1.68e-06   3145.566s
8088000 +3.23086042e+02 +3.21267731e+02  1.82e+00   9.83e+01     1.68e-06   3145.953s
8089000 +3.23077343e+02 +3.21268131e+02  1.81e+00   9.92e+01     1.68e-06   3146.341s
8090000 +3.23088424e+02 +3.21268519e+02  1.82e+00   1.04e+02     1.67e-06   3146.728s
8091000 +3.23082838e+02 +3.21268904e+02  1.81e+00   1.01e+02     1.67e-06   3147.116s
8092000 +3.23085498e+02 +3.21269308e+02  1.82e+00   9.97e+01     1.66e-06   3147.504s
8093000 +3.23081015e+02 +3.21269704e+02  1.81e+00   9.78e+01     1.66e-06   3147.891s
8094000 +3.23091652e+02 +3.21270096e+02  1.82e+00   1.05e+02     1.65e-06   3148.279s
8095000 +3.23089492e+02 +3.21270485e+02  1.82e+00   1.03e+02     1.65e-06   3148.666s
8096000 +3.23089225e+02 +3.21270876e+02  1.82e+00   1.07e+02     1.65e-06   3149.054s
8097000 +3.23091019e+02 +3.21271241e+02  1.82e+00   1.04e+02     1.64e-06   3149.442s
8098000 +3.23094818e+02 +3.21271624e+02  1.82e+00   1.02e+02     1.64e-06   3149.829s
8099000 +3.23091185e+02 +3.21272002e+02  1.82e+00   1.04e+02     1.63e-06   3150.217s
8100000 +3.23088401e+02 +3.21272369e+02  1.82e+00   9.94e+01     1.62e-06   3150.604s
8101000 +3.23085523e+02 +3.21272722e+02  1.81e+00   1.01e+02     1.62e-06   3150.992s
8102000 +3.23078463e+02 +3.21273079e+02  1.81e+00   1.01e+02     1.61e-06   3151.379s
8103000 +3.23076101e+02 +3.21273446e+02  1.80e+00   1.04e+02     1.61e-06   3151.767s
8104000 +3.23085154e+02 +3.21273818e+02  1.81e+00   1.02e+02     1.61e-06   3152.154s
8105000 +3.23085612e+02 +3.21274187e+02  1.81e+00   1.00e+02     1.60e-06   3152.542s
8106000 +3.23084042e+02 +3.21274561e+02  1.81e+00   1.01e+02     1.60e-06   3152.929s
8107000 +3.23078081e+02 +3.21274926e+02  1.80e+00   9.79e+01     1.59e-06   3153.317s
8108000 +3.23075604e+02 +3.21275297e+02  1.80e+00   9.83e+01     1.59e-06   3153.704s
8109000 +3.23075556e+02 +3.21275669e+02  1.80e+00   9.98e+01     1.58e-06   3154.092s
8110000 +3.23075140e+02 +3.21276038e+02  1.80e+00   9.43e+01     1.58e-06   3154.480s
8111000 +3.23077119e+02 +3.21276421e+02  1.80e+00   9.60e+01     1.57e-06   3154.867s
8112000 +3.23079219e+02 +3.21276812e+02  1.80e+00   9.36e+01     1.57e-06   3155.255s
8113000 +3.23079800e+02 +3.21277201e+02  1.80e+00   9.38e+01     1.56e-06   3155.643s
8114000 +3.23081862e+02 +3.21277585e+02  1.80e+00   9.71e+01     1.56e-06   3156.030s
8115000 +3.23079066e+02 +3.21277930e+02  1.80e+00   9.52e+01     1.55e-06   3156.418s
8116000 +3.23078199e+02 +3.21278273e+02  1.80e+00   9.71e+01     1.55e-06   3156.805s
8117000 +3.23080311e+02 +3.21278610e+02  1.80e+00   9.48e+01     1.54e-06   3157.193s
8118000 +3.23081888e+02 +3.21278951e+02  1.80e+00   8.86e+01     1.54e-06   3157.580s
8119000 +3.23078965e+02 +3.21279273e+02  1.80e+00   9.40e+01     1.53e-06   3157.967s
8120000 +3.23078315e+02 +3.21279618e+02  1.80e+00   9.03e+01     1.53e-06   3158.355s
8121000 +3.23074649e+02 +3.21279945e+02  1.79e+00   9.38e+01     1.52e-06   3158.742s
8122000 +3.23073370e+02 +3.21280277e+02  1.79e+00   8.62e+01     1.52e-06   3159.130s
8123000 +3.23072855e+02 +3.21280621e+02  1.79e+00   9.03e+01     1.52e-06   3159.517s
8124000 +3.23069798e+02 +3.21280964e+02  1.79e+00   8.74e+01     1.51e-06   3159.905s
8125000 +3.23069139e+02 +3.21281315e+02  1.79e+00   8.81e+01     1.51e-06   3160.292s
8126000 +3.23079324e+02 +3.21281654e+02  1.80e+00   8.73e+01     1.51e-06   3160.680s
8127000 +3.23073758e+02 +3.21281988e+02  1.79e+00   9.05e+01     1.50e-06   3161.068s
8128000 +3.23073909e+02 +3.21282310e+02  1.79e+00   8.85e+01     1.50e-06   3161.455s
8129000 +3.23070330e+02 +3.21282601e+02  1.79e+00   9.10e+01     1.49e-06   3161.843s
8130000 +3.23060426e+02 +3.21282909e+02  1.78e+00   9.04e+01     1.49e-06   3162.230s
8131000 +3.23058121e+02 +3.21283212e+02  1.77e+00   9.27e+01     1.48e-06   3162.618s
8132000 +3.23059188e+02 +3.21283516e+02  1.78e+00   9.23e+01     1.48e-06   3163.006s
8133000 +3.23057695e+02 +3.21283827e+02  1.77e+00   9.36e+01     1.48e-06   3163.393s
8134000 +3.23054336e+02 +3.21284140e+02  1.77e+00   9.23e+01     1.47e-06   3163.781s
8135000 +3.23055706e+02 +3.21284453e+02  1.77e+00   8.98e+01     1.47e-06   3164.168s
8136000 +3.23052219e+02 +3.21284746e+02  1.77e+00   9.07e+01     1.46e-06   3164.556s
8137000 +3.23056455e+02 +3.21285036e+02  1.77e+00   9.00e+01     1.46e-06   3164.943s
8138000 +3.23051713e+02 +3.21285326e+02  1.77e+00   9.12e+01     1.45e-06   3165.331s
8139000 +3.23055695e+02 +3.21285608e+02  1.77e+00   9.64e+01     1.45e-06   3165.719s
8140000 +3.23056362e+02 +3.21285873e+02  1.77e+00   9.44e+01     1.45e-06   3166.106s
8141000 +3.23056787e+02 +3.21286151e+02  1.77e+00   9.95e+01     1.44e-06   3166.494s
8142000 +3.23059379e+02 +3.21286436e+02  1.77e+00   9.46e+01     1.44e-06   3166.881s
8143000 +3.23057555e+02 +3.21286727e+02  1.77e+00   9.07e+01     1.44e-06   3167.269s
8144000 +3.23067270e+02 +3.21287027e+02  1.78e+00   9.16e+01     1.43e-06   3167.657s
8145000 +3.23066071e+02 +3.21287324e+02  1.78e+00   9.24e+01     1.43e-06   3168.044s
8146000 +3.23060667e+02 +3.21287617e+02  1.77e+00   9.67e+01     1.43e-06   3168.432s
8147000 +3.23060204e+02 +3.21287883e+02  1.77e+00   8.92e+01     1.42e-06   3168.820s
8148000 +3.23057132e+02 +3.21288143e+02  1.77e+00   9.27e+01     1.42e-06   3169.207s
8149000 +3.23064895e+02 +3.21288393e+02  1.78e+00   9.53e+01     1.41e-06   3169.595s
8150000 +3.23066497e+02 +3.21288638e+02  1.78e+00   9.37e+01     1.41e-06   3169.983s
8151000 +3.23066639e+02 +3.21288886e+02  1.78e+00   9.21e+01     1.41e-06   3170.370s
8152000 +3.23067665e+02 +3.21289134e+02  1.78e+00   8.95e+01     1.40e-06   3170.758s
8153000 +3.23061945e+02 +3.21289395e+02  1.77e+00   9.12e+01     1.40e-06   3171.145s
8154000 +3.23059979e+02 +3.21289646e+02  1.77e+00   9.03e+01     1.39e-06   3171.533s
8155000 +3.23057008e+02 +3.21289919e+02  1.77e+00   8.64e+01     1.39e-06   3171.921s
8156000 +3.23056547e+02 +3.21290194e+02  1.77e+00   9.00e+01     1.39e-06   3172.308s
8157000 +3.23051273e+02 +3.21290470e+02  1.76e+00   8.56e+01     1.38e-06   3172.696s
8158000 +3.23056338e+02 +3.21290746e+02  1.77e+00   8.87e+01     1.38e-06   3173.083s
8159000 +3.23059804e+02 +3.21291011e+02  1.77e+00   9.02e+01     1.38e-06   3173.471s
8160000 +3.23054410e+02 +3.21291266e+02  1.76e+00   8.40e+01     1.37e-06   3173.859s
8161000 +3.23054781e+02 +3.21291515e+02  1.76e+00   8.64e+01     1.37e-06   3174.246s
8162000 +3.23054117e+02 +3.21291764e+02  1.76e+00   8.87e+01     1.37e-06   3174.634s
8163000 +3.23053029e+02 +3.21292018e+02  1.76e+00   8.43e+01     1.36e-06   3175.021s
8164000 +3.23049865e+02 +3.21292284e+02  1.76e+00   8.46e+01     1.36e-06   3175.409s
8165000 +3.23054763e+02 +3.21292538e+02  1.76e+00   8.56e+01     1.36e-06   3175.796s
8166000 +3.23058105e+02 +3.21292807e+02  1.77e+00   8.69e+01     1.35e-06   3176.184s
8167000 +3.23055444e+02 +3.21293060e+02  1.76e+00   8.29e+01     1.35e-06   3176.572s
8168000 +3.23059145e+02 +3.21293308e+02  1.77e+00   8.34e+01     1.35e-06   3176.959s
8169000 +3.23051720e+02 +3.21293559e+02  1.76e+00   8.65e+01     1.34e-06   3177.346s
8170000 +3.23055202e+02 +3.21293806e+02  1.76e+00   7.91e+01     1.34e-06   3177.734s
8171000 +3.23050637e+02 +3.21294050e+02  1.76e+00   8.15e+01     1.34e-06   3178.121s
8172000 +3.23050303e+02 +3.21294295e+02  1.76e+00   8.04e+01     1.33e-06   3178.509s
8173000 +3.23049423e+02 +3.21294537e+02  1.75e+00   8.11e+01     1.33e-06   3178.896s
8174000 +3.23050484e+02 +3.21294779e+02  1.76e+00   7.77e+01     1.33e-06   3179.284s
8175000 +3.23051229e+02 +3.21295016e+02  1.76e+00   8.10e+01     1.33e-06   3179.671s
8176000 +3.23050336e+02 +3.21295263e+02  1.76e+00   8.08e+01     1.32e-06   3180.059s
8177000 +3.23060209e+02 +3.21295506e+02  1.76e+00   8.23e+01     1.32e-06   3180.446s
8178000 +3.23050899e+02 +3.21295756e+02  1.76e+00   7.92e+01     1.32e-06   3180.834s
8179000 +3.23046215e+02 +3.21296002e+02  1.75e+00   7.88e+01     1.31e-06   3181.222s
8180000 +3.23052708e+02 +3.21296250e+02  1.76e+00   7.79e+01     1.31e-06   3181.609s
8181000 +3.23053639e+02 +3.21296483e+02  1.76e+00   7.67e+01     1.31e-06   3181.996s
8182000 +3.23054950e+02 +3.21296721e+02  1.76e+00   7.58e+01     1.30e-06   3182.384s
8183000 +3.23053319e+02 +3.21296959e+02  1.76e+00   7.70e+01     1.30e-06   3182.771s
8184000 +3.23049612e+02 +3.21297193e+02  1.75e+00   7.47e+01     1.30e-06   3183.159s
8185000 +3.23056874e+02 +3.21297431e+02  1.76e+00   7.87e+01     1.29e-06   3183.546s
8186000 +3.23054540e+02 +3.21297669e+02  1.76e+00   8.02e+01     1.29e-06   3183.933s
8187000 +3.23045041e+02 +3.21297918e+02  1.75e+00   7.94e+01     1.29e-06   3184.321s
8188000 +3.23045684e+02 +3.21298167e+02  1.75e+00   8.60e+01     1.28e-06   3184.708s
8189000 +3.23041812e+02 +3.21298423e+02  1.74e+00   7.99e+01     1.28e-06   3185.096s
8190000 +3.23046906e+02 +3.21298672e+02  1.75e+00   8.15e+01     1.27e-06   3185.484s
8191000 +3.23051853e+02 +3.21298916e+02  1.75e+00   7.97e+01     1.27e-06   3185.871s
8192000 +3.23043102e+02 +3.21299139e+02  1.74e+00   7.95e+01     1.27e-06   3186.259s
8193000 +3.23049887e+02 +3.21299363e+02  1.75e+00   8.44e+01     1.27e-06   3186.647s
8194000 +3.23050792e+02 +3.21299598e+02  1.75e+00   8.28e+01     1.26e-06   3187.034s
8195000 +3.23051690e+02 +3.21299822e+02  1.75e+00   8.14e+01     1.26e-06   3187.422s
8196000 +3.23048545e+02 +3.21300064e+02  1.75e+00   8.28e+01     1.26e-06   3187.809s
8197000 +3.23048108e+02 +3.21300311e+02  1.75e+00   8.26e+01     1.26e-06   3188.197s
8198000 +3.23038573e+02 +3.21300558e+02  1.74e+00   8.28e+01     1.25e-06   3188.584s
8199000 +3.23039834e+02 +3.21300804e+02  1.74e+00   8.33e+01     1.25e-06   3188.972s
8200000 +3.23035406e+02 +3.21301062e+02  1.73e+00   7.94e+01     1.25e-06   3189.359s
8201000 +3.23033862e+02 +3.21301315e+02  1.73e+00   7.54e+01     1.24e-06   3189.747s
8202000 +3.23031977e+02 +3.21301577e+02  1.73e+00   7.86e+01     1.24e-06   3190.134s
8203000 +3.23032491e+02 +3.21301842e+02  1.73e+00   7.35e+01     1.24e-06   3190.522s
8204000 +3.23042599e+02 +3.21302093e+02  1.74e+00   7.52e+01     1.24e-06   3190.910s
8205000 +3.23040256e+02 +3.21302332e+02  1.74e+00   7.27e+01     1.23e-06   3191.297s
8206000 +3.23035219e+02 +3.21302563e+02  1.73e+00   7.28e+01     1.23e-06   3191.685s
8207000 +3.23035443e+02 +3.21302799e+02  1.73e+00   7.02e+01     1.23e-06   3192.072s
8208000 +3.23037735e+02 +3.21303047e+02  1.73e+00   6.98e+01     1.23e-06   3192.460s
8209000 +3.23036130e+02 +3.21303297e+02  1.73e+00   7.42e+01     1.23e-06   3192.847s
8210000 +3.23038332e+02 +3.21303549e+02  1.73e+00   7.52e+01     1.22e-06   3193.235s
8211000 +3.23039908e+02 +3.21303802e+02  1.74e+00   7.42e+01     1.22e-06   3193.623s
8212000 +3.23038449e+02 +3.21304040e+02  1.73e+00   7.02e+01     1.22e-06   3194.010s
8213000 +3.23047526e+02 +3.21304272e+02  1.74e+00   7.32e+01     1.22e-06   3194.397s
8214000 +3.23041486e+02 +3.21304507e+02  1.74e+00   7.36e+01     1.21e-06   3194.785s
8215000 +3.23039437e+02 +3.21304742e+02  1.73e+00   7.44e+01     1.21e-06   3195.172s
8216000 +3.23041739e+02 +3.21304972e+02  1.74e+00   7.41e+01     1.21e-06   3195.560s
8217000 +3.23045388e+02 +3.21305210e+02  1.74e+00   7.61e+01     1.21e-06   3195.947s
8218000 +3.23039643e+02 +3.21305450e+02  1.73e+00   7.47e+01     1.21e-06   3196.335s
8219000 +3.23038300e+02 +3.21305701e+02  1.73e+00   7.52e+01     1.21e-06   3196.722s
8220000 +3.23041472e+02 +3.21305956e+02  1.74e+00   7.19e+01     1.20e-06   3197.110s
8221000 +3.23036898e+02 +3.21306208e+02  1.73e+00   7.25e+01     1.20e-06   3197.498s
8222000 +3.23038803e+02 +3.21306446e+02  1.73e+00   6.93e+01     1.20e-06   3197.885s
8223000 +3.23037963e+02 +3.21306676e+02  1.73e+00   7.32e+01     1.20e-06   3198.273s
8224000 +3.23040909e+02 +3.21306917e+02  1.73e+00   7.39e+01     1.20e-06   3198.661s
8225000 +3.23038903e+02 +3.21307147e+02  1.73e+00   7.69e+01     1.19e-06   3199.048s
8226000 +3.23037931e+02 +3.21307369e+02  1.73e+00   7.72e+01     1.19e-06   3199.436s
8227000 +3.23036041e+02 +3.21307578e+02  1.73e+00   7.80e+01     1.19e-06   3199.823s
8228000 +3.23036774e+02 +3.21307797e+02  1.73e+00   7.38e+01     1.19e-06   3200.211s
8229000 +3.23040259e+02 +3.21308025e+02  1.73e+00   7.87e+01     1.18e-06   3200.599s
8230000 +3.23040545e+02 +3.21308266e+02  1.73e+00   7.54e+01     1.18e-06   3200.986s
8231000 +3.23044075e+02 +3.21308498e+02  1.74e+00   7.68e+01     1.18e-06   3201.374s
8232000 +3.23037038e+02 +3.21308730e+02  1.73e+00   7.35e+01     1.18e-06   3201.762s
8233000 +3.23032442e+02 +3.21308970e+02  1.72e+00   7.64e+01     1.17e-06   3202.149s
8234000 +3.23034877e+02 +3.21309201e+02  1.73e+00   7.38e+01     1.17e-06   3202.537s
8235000 +3.23031516e+02 +3.21309440e+02  1.72e+00   7.60e+01     1.17e-06   3202.924s
8236000 +3.23027162e+02 +3.21309664e+02  1.72e+00   7.42e+01     1.17e-06   3203.312s
8237000 +3.23028117e+02 +3.21309896e+02  1.72e+00   7.46e+01     1.16e-06   3203.699s
8238000 +3.23027235e+02 +3.21310135e+02  1.72e+00   7.45e+01     1.16e-06   3204.087s
8239000 +3.23026830e+02 +3.21310376e+02  1.72e+00   7.70e+01     1.16e-06   3204.474s
8240000 +3.23024332e+02 +3.21310609e+02  1.71e+00   7.44e+01     1.16e-06   3204.862s
8241000 +3.23019053e+02 +3.21310828e+02  1.71e+00   7.53e+01     1.16e-06   3205.249s
8242000 +3.23019253e+02 +3.21311049e+02  1.71e+00   7.69e+01     1.16e-06   3205.637s
8243000 +3.23012977e+02 +3.21311278e+02  1.70e+00   7.41e+01     1.15e-06   3206.024s
8244000 +3.23016890e+02 +3.21311512e+02  1.71e+00   7.38e+01     1.15e-06   3206.412s
8245000 +3.23012302e+02 +3.21311732e+02  1.70e+00   7.47e+01     1.15e-06   3206.799s
8246000 +3.23012754e+02 +3.21311940e+02  1.70e+00   7.66e+01     1.15e-06   3207.187s
8247000 +3.23018762e+02 +3.21312138e+02  1.71e+00   7.65e+01     1.14e-06   3207.574s
8248000 +3.23019779e+02 +3.21312331e+02  1.71e+00   7.65e+01     1.14e-06   3207.962s
8249000 +3.23022490e+02 +3.21312535e+02  1.71e+00   7.52e+01     1.14e-06   3208.350s
8250000 +3.23018129e+02 +3.21312739e+02  1.71e+00   7.63e+01     1.14e-06   3208.737s
8251000 +3.23052440e+02 +3.21313200e+02  1.74e+00   6.18e+01     1.12e-06   3209.125s
8252000 +3.23054145e+02 +3.21313665e+02  1.74e+00   6.28e+01     1.12e-06   3209.513s
8253000 +3.23052430e+02 +3.21314136e+02  1.74e+00   6.18e+01     1.11e-06   3209.900s
8254000 +3.23052785e+02 +3.21314614e+02  1.74e+00   6.10e+01     1.11e-06   3210.287s
8255000 +3.23055735e+02 +3.21315087e+02  1.74e+00   6.36e+01     1.11e-06   3210.674s
8256000 +3.23059533e+02 +3.21315564e+02  1.74e+00   6.40e+01     1.11e-06   3211.062s
8257000 +3.23060361e+02 +3.21316037e+02  1.74e+00   6.30e+01     1.10e-06   3211.449s
8258000 +3.23059851e+02 +3.21316502e+02  1.74e+00   6.28e+01     1.10e-06   3211.837s
8259000 +3.23060669e+02 +3.21316959e+02  1.74e+00   6.46e+01     1.10e-06   3212.224s
8260000 +3.23063697e+02 +3.21317410e+02  1.75e+00   6.69e+01     1.09e-06   3212.612s
8261000 +3.23065015e+02 +3.21317853e+02  1.75e+00   6.59e+01     1.09e-06   3212.999s
8262000 +3.23063080e+02 +3.21318297e+02  1.74e+00   6.62e+01     1.09e-06   3213.387s
8263000 +3.23063260e+02 +3.21318735e+02  1.74e+00   6.31e+01     1.09e-06   3213.774s
8264000 +3.23066712e+02 +3.21319170e+02  1.75e+00   6.29e+01     1.08e-06   3214.162s
8265000 +3.23065390e+02 +3.21319606e+02  1.75e+00   6.56e+01     1.08e-06   3214.549s
8266000 +3.23064641e+02 +3.21320034e+02  1.74e+00   6.38e+01     1.08e-06   3214.936s
8267000 +3.23064306e+02 +3.21320469e+02  1.74e+00   6.34e+01     1.07e-06   3215.324s
8268000 +3.23066675e+02 +3.21320902e+02  1.75e+00   6.36e+01     1.07e-06   3215.711s
8269000 +3.23066252e+02 +3.21321331e+02  1.74e+00   6.26e+01     1.07e-06   3216.099s
8270000 +3.23067808e+02 +3.21321719e+02  1.75e+00   6.33e+01     1.07e-06   3216.486s
8271000 +3.23069699e+02 +3.21322140e+02  1.75e+00   6.54e+01     1.06e-06   3216.873s
8272000 +3.23070503e+02 +3.21322566e+02  1.75e+00   6.44e+01     1.06e-06   3217.261s
8273000 +3.23065875e+02 +3.21322983e+02  1.74e+00   6.52e+01     1.06e-06   3217.649s
8274000 +3.23070491e+02 +3.21323414e+02  1.75e+00   6.42e+01     1.06e-06   3218.036s
8275000 +3.23071038e+02 +3.21323842e+02  1.75e+00   6.51e+01     1.06e-06   3218.423s
8276000 +3.23069866e+02 +3.21324269e+02  1.75e+00   6.52e+01     1.05e-06   3218.810s
8277000 +3.23069495e+02 +3.21324701e+02  1.74e+00   6.38e+01     1.05e-06   3219.198s
8278000 +3.23070525e+02 +3.21325130e+02  1.75e+00   6.51e+01     1.05e-06   3219.585s
8279000 +3.23066447e+02 +3.21325566e+02  1.74e+00   6.55e+01     1.05e-06   3219.972s
8280000 +3.23067064e+02 +3.21325995e+02  1.74e+00   6.58e+01     1.05e-06   3220.360s
8281000 +3.23065822e+02 +3.21326417e+02  1.74e+00   6.40e+01     1.05e-06   3220.747s
8282000 +3.23065452e+02 +3.21326834e+02  1.74e+00   6.53e+01     1.04e-06   3221.134s
8283000 +3.23065501e+02 +3.21327254e+02  1.74e+00   6.74e+01     1.04e-06   3221.522s
8284000 +3.23063960e+02 +3.21327670e+02  1.74e+00   6.51e+01     1.04e-06   3221.909s
8285000 +3.23064717e+02 +3.21328083e+02  1.74e+00   6.73e+01     1.04e-06   3222.296s
8286000 +3.23064349e+02 +3.21328489e+02  1.74e+00   6.72e+01     1.04e-06   3222.683s
8287000 +3.23067438e+02 +3.21328893e+02  1.74e+00   6.68e+01     1.04e-06   3223.071s
8288000 +3.23067696e+02 +3.21329309e+02  1.74e+00   6.50e+01     1.04e-06   3223.458s
8289000 +3.23059934e+02 +3.21329724e+02  1.73e+00   6.41e+01     1.04e-06   3223.846s
8290000 +3.23063274e+02 +3.21330131e+02  1.73e+00   6.62e+01     1.04e-06   3224.233s
8291000 +3.23062347e+02 +3.21330539e+02  1.73e+00   6.45e+01     1.03e-06   3224.621s
8292000 +3.23063824e+02 +3.21330944e+02  1.73e+00   6.50e+01     1.03e-06   3225.008s
8293000 +3.23063995e+02 +3.21331341e+02  1.73e+00   6.41e+01     1.03e-06   3225.396s
8294000 +3.23063071e+02 +3.21331751e+02  1.73e+00   6.28e+01     1.03e-06   3225.783s
8295000 +3.23063179e+02 +3.21332152e+02  1.73e+00   6.38e+01     1.03e-06   3226.170s
8296000 +3.23062857e+02 +3.21332542e+02  1.73e+00   6.52e+01     1.03e-06   3226.558s
8297000 +3.23065311e+02 +3.21332939e+02  1.73e+00   6.41e+01     1.02e-06   3226.945s
8298000 +3.23069669e+02 +3.21333324e+02  1.74e+00   6.44e+01     1.02e-06   3227.332s
8299000 +3.23071657e+02 +3.21333707e+02  1.74e+00   6.48e+01     1.02e-06   3227.720s
8300000 +3.23067429e+02 +3.21334075e+02  1.73e+00   6.28e+01     1.02e-06   3228.107s
8301000 +3.23065984e+02 +3.21334454e+02  1.73e+00   6.54e+01     1.02e-06   3228.494s
8302000 +3.23068737e+02 +3.21334835e+02  1.73e+00   6.30e+01     1.02e-06   3228.882s
8303000 +3.23064196e+02 +3.21335193e+02  1.73e+00   6.24e+01     1.02e-06   3229.269s
8304000 +3.23065572e+02 +3.21335580e+02  1.73e+00   6.19e+01     1.02e-06   3229.656s
8305000 +3.23063493e+02 +3.21335947e+02  1.73e+00   6.05e+01     1.01e-06   3230.044s
8306000 +3.23061372e+02 +3.21336329e+02  1.73e+00   6.11e+01     1.01e-06   3230.431s
8307000 +3.23063238e+02 +3.21336694e+02  1.73e+00   6.07e+01     1.01e-06   3230.819s
8308000 +3.23059287e+02 +3.21337064e+02  1.72e+00   6.17e+01     1.01e-06   3231.206s
8309000 +3.23062564e+02 +3.21337435e+02  1.73e+00   6.19e+01     1.01e-06   3231.593s
8310000 +3.23062858e+02 +3.21337797e+02  1.73e+00   6.10e+01     1.01e-06   3231.981s
8311000 +3.23061025e+02 +3.21338140e+02  1.72e+00   5.96e+01     1.01e-06   3232.368s
8312000 +3.23059551e+02 +3.21338481e+02  1.72e+00   5.83e+01     1.00e-06   3232.755s
8313000 +3.23061030e+02 +3.21338802e+02  1.72e+00   6.08e+01     1.00e-06   3233.143s
8314000 +3.23065166e+02 +3.21339143e+02  1.73e+00   5.87e+01     1.00e-06   3233.530s
8315000 +3.23063500e+02 +3.21339483e+02  1.72e+00   5.83e+01     9.99e-07   3233.917s
8316000 +3.23062158e+02 +3.21339809e+02  1.72e+00   5.96e+01     9.99e-07   3234.304s
8317000 +3.23063061e+02 +3.21340128e+02  1.72e+00   6.08e+01     9.97e-07   3234.692s
8318000 +3.23063536e+02 +3.21340455e+02  1.72e+00   5.92e+01     9.97e-07   3235.079s
8319000 +3.23059605e+02 +3.21340776e+02  1.72e+00   5.82e+01     9.95e-07   3235.466s
8320000 +3.23057755e+02 +3.21341113e+02  1.72e+00   5.58e+01     9.95e-07   3235.854s
8321000 +3.23062456e+02 +3.21341450e+02  1.72e+00   5.69e+01     9.94e-07   3236.241s
8322000 +3.23061454e+02 +3.21341787e+02  1.72e+00   5.57e+01     9.92e-07   3236.629s
8323000 +3.23061503e+02 +3.21342122e+02  1.72e+00   5.85e+01     9.91e-07   3237.016s
8324000 +3.23063341e+02 +3.21342452e+02  1.72e+00   5.77e+01     9.91e-07   3237.403s
8325000 +3.23064841e+02 +3.21342789e+02  1.72e+00   5.63e+01     9.90e-07   3237.790s
8326000 +3.23065316e+02 +3.21343110e+02  1.72e+00   5.61e+01     9.88e-07   3238.178s
8327000 +3.23065357e+02 +3.21343450e+02  1.72e+00   5.74e+01     9.85e-07   3238.565s
8328000 +3.23063268e+02 +3.21343791e+02  1.72e+00   5.70e+01     9.84e-07   3238.953s
8329000 +3.23065304e+02 +3.21344112e+02  1.72e+00   5.61e+01     9.85e-07   3239.340s
8330000 +3.23063882e+02 +3.21344438e+02  1.72e+00   5.67e+01     9.85e-07   3239.727s
8331000 +3.23062284e+02 +3.21344767e+02  1.72e+00   5.50e+01     9.83e-07   3240.115s
8332000 +3.23067086e+02 +3.21345077e+02  1.72e+00   5.52e+01     9.82e-07   3240.502s
8333000 +3.23064733e+02 +3.21345393e+02  1.72e+00   5.56e+01     9.83e-07   3240.890s
8334000 +3.23060898e+02 +3.21345717e+02  1.72e+00   5.60e+01     9.83e-07   3241.277s
8335000 +3.23065694e+02 +3.21346036e+02  1.72e+00   5.53e+01     9.81e-07   3241.665s
8336000 +3.23058611e+02 +3.21346339e+02  1.71e+00   5.48e+01     9.80e-07   3242.052s
8337000 +3.23056279e+02 +3.21346655e+02  1.71e+00   5.50e+01     9.80e-07   3242.440s
8338000 +3.23057492e+02 +3.21346965e+02  1.71e+00   5.56e+01     9.79e-07   3242.827s
8339000 +3.23059313e+02 +3.21347256e+02  1.71e+00   5.34e+01     9.79e-07   3243.215s
8340000 +3.23057426e+02 +3.21347536e+02  1.71e+00   5.55e+01     9.78e-07   3243.602s
8341000 +3.23054883e+02 +3.21347816e+02  1.71e+00   5.42e+01     9.76e-07   3243.990s
8342000 +3.23056238e+02 +3.21348089e+02  1.71e+00   5.47e+01     9.75e-07   3244.377s
8343000 +3.23057159e+02 +3.21348368e+02  1.71e+00   5.55e+01     9.75e-07   3244.765s
8344000 +3.23057857e+02 +3.21348665e+02  1.71e+00   5.48e+01     9.74e-07   3245.152s
8345000 +3.23058689e+02 +3.21348965e+02  1.71e+00   5.42e+01     9.72e-07   3245.540s
8346000 +3.23056201e+02 +3.21349250e+02  1.71e+00   5.39e+01     9.71e-07   3245.928s
8347000 +3.23056868e+02 +3.21349536e+02  1.71e+00   5.39e+01     9.72e-07   3246.315s
8348000 +3.23057268e+02 +3.21349840e+02  1.71e+00   5.40e+01     9.72e-07   3246.702s
8349000 +3.23056013e+02 +3.21350132e+02  1.71e+00   5.32e+01     9.71e-07   3247.090s
8350000 +3.23054553e+02 +3.21350438e+02  1.70e+00   5.28e+01     9.70e-07   3247.477s
8351000 +3.23056111e+02 +3.21350731e+02  1.71e+00   5.38e+01     9.71e-07   3247.865s
8352000 +3.23053478e+02 +3.21351035e+02  1.70e+00   5.40e+01     9.71e-07   3248.252s
8353000 +3.23049976e+02 +3.21351319e+02  1.70e+00   5.23e+01     9.70e-07   3248.639s
8354000 +3.23049455e+02 +3.21351592e+02  1.70e+00   5.21e+01     9.69e-07   3249.027s
8355000 +3.23049886e+02 +3.21351862e+02  1.70e+00   5.18e+01     9.70e-07   3249.414s
8356000 +3.23049198e+02 +3.21352151e+02  1.70e+00   5.13e+01     9.70e-07   3249.802s
8357000 +3.23047104e+02 +3.21352437e+02  1.69e+00   5.18e+01     9.69e-07   3250.189s
8358000 +3.23051252e+02 +3.21352717e+02  1.70e+00   5.01e+01     9.69e-07   3250.576s
8359000 +3.23049965e+02 +3.21352994e+02  1.70e+00   5.06e+01     9.68e-07   3250.964s
8360000 +3.23051143e+02 +3.21353248e+02  1.70e+00   5.07e+01     9.68e-07   3251.351s
8361000 +3.23049300e+02 +3.21353519e+02  1.70e+00   5.11e+01     9.67e-07   3251.738s
8362000 +3.23048500e+02 +3.21353791e+02  1.69e+00   5.03e+01     9.67e-07   3252.126s
8363000 +3.23049522e+02 +3.21354063e+02  1.70e+00   5.06e+01     9.66e-07   3252.513s
8364000 +3.23045974e+02 +3.21354338e+02  1.69e+00   5.01e+01     9.66e-07   3252.900s
8365000 +3.23047044e+02 +3.21354598e+02  1.69e+00   4.89e+01     9.67e-07   3253.287s
8366000 +3.23048129e+02 +3.21354848e+02  1.69e+00   4.79e+01     9.67e-07   3253.675s
8367000 +3.23047883e+02 +3.21355104e+02  1.69e+00   4.81e+01     9.65e-07   3254.062s
8368000 +3.23045516e+02 +3.21355354e+02  1.69e+00   4.77e+01     9.65e-07   3254.450s
8369000 +3.23045529e+02 +3.21355615e+02  1.69e+00   4.75e+01     9.65e-07   3254.837s
8370000 +3.23047240e+02 +3.21355860e+02  1.69e+00   4.69e+01     9.65e-07   3255.225s
8371000 +3.23044739e+02 +3.21356103e+02  1.69e+00   4.76e+01     9.64e-07   3255.612s
8372000 +3.23039379e+02 +3.21356359e+02  1.68e+00   4.63e+01     9.64e-07   3256.000s
8373000 +3.23037156e+02 +3.21356605e+02  1.68e+00   4.70e+01     9.64e-07   3256.387s
8374000 +3.23036621e+02 +3.21356856e+02  1.68e+00   4.77e+01     9.64e-07   3256.774s
8375000 +3.23039787e+02 +3.21357098e+02  1.68e+00   4.70e+01     9.61e-07   3257.162s
8376000 +3.23044191e+02 +3.21357342e+02  1.69e+00   4.67e+01     9.62e-07   3257.550s
8377000 +3.23036929e+02 +3.21357599e+02  1.68e+00   4.66e+01     9.61e-07   3257.937s
8378000 +3.23037205e+02 +3.21357838e+02  1.68e+00   4.64e+01     9.61e-07   3258.324s
8379000 +3.23038607e+02 +3.21358072e+02  1.68e+00   4.66e+01     9.60e-07   3258.712s
8380000 +3.23033133e+02 +3.21358327e+02  1.67e+00   4.57e+01     9.60e-07   3259.099s
8381000 +3.23034085e+02 +3.21358583e+02  1.68e+00   4.61e+01     9.59e-07   3259.486s
8382000 +3.23036810e+02 +3.21358833e+02  1.68e+00   4.62e+01     9.60e-07   3259.874s
8383000 +3.23032483e+02 +3.21359089e+02  1.67e+00   4.66e+01     9.59e-07   3260.261s
8384000 +3.23032854e+02 +3.21359339e+02  1.67e+00   4.57e+01     9.59e-07   3260.648s
8385000 +3.23027379e+02 +3.21359592e+02  1.67e+00   4.55e+01     9.58e-07   3261.035s
8386000 +3.23036367e+02 +3.21359852e+02  1.68e+00   4.58e+01     9.57e-07   3261.423s
8387000 +3.23030798e+02 +3.21360109e+02  1.67e+00   4.57e+01     9.58e-07   3261.810s
8388000 +3.23029562e+02 +3.21360359e+02  1.67e+00   4.50e+01     9.56e-07   3262.197s
8389000 +3.23031166e+02 +3.21360601e+02  1.67e+00   4.48e+01     9.55e-07   3262.585s
8390000 +3.23028700e+02 +3.21360841e+02  1.67e+00   4.52e+01     9.54e-07   3262.972s
8391000 +3.23029417e+02 +3.21361077e+02  1.67e+00   4.49e+01     9.54e-07   3263.359s
8392000 +3.23029923e+02 +3.21361324e+02  1.67e+00   4.53e+01     9.53e-07   3263.747s
8393000 +3.23030809e+02 +3.21361557e+02  1.67e+00   4.52e+01     9.53e-07   3264.134s
8394000 +3.23032600e+02 +3.21361795e+02  1.67e+00   4.50e+01     9.54e-07   3264.521s
8395000 +3.23033697e+02 +3.21362024e+02  1.67e+00   4.51e+01     9.52e-07   3264.909s
8396000 +3.23032871e+02 +3.21362262e+02  1.67e+00   4.52e+01     9.53e-07   3265.296s
8397000 +3.23034579e+02 +3.21362494e+02  1.67e+00   4.47e+01     9.53e-07   3265.684s
8398000 +3.23033870e+02 +3.21362731e+02  1.67e+00   4.49e+01     9.52e-07   3266.071s
8399000 +3.23035808e+02 +3.21362960e+02  1.67e+00   4.53e+01     9.52e-07   3266.458s
8400000 +3.23039026e+02 +3.21363197e+02  1.68e+00   4.46e+01     9.52e-07   3266.846s
8401000 +3.23041251e+02 +3.21363426e+02  1.68e+00   4.47e+01     9.52e-07   3267.233s
8402000 +3.23034760e+02 +3.21363646e+02  1.67e+00   4.50e+01     9.50e-07   3267.621s
8403000 +3.23038560e+02 +3.21363857e+02  1.67e+00   4.46e+01     9.47e-07   3268.008s
8404000 +3.23035280e+02 +3.21364067e+02  1.67e+00   4.59e+01     9.47e-07   3268.395s
8405000 +3.23039068e+02 +3.21364287e+02  1.67e+00   4.60e+01     9.46e-07   3268.783s
8406000 +3.23036711e+02 +3.21364504e+02  1.67e+00   4.55e+01     9.46e-07   3269.171s
8407000 +3.23034998e+02 +3.21364712e+02  1.67e+00   4.49e+01     9.45e-07   3269.558s
8408000 +3.23036990e+02 +3.21364920e+02  1.67e+00   4.49e+01     9.43e-07   3269.945s
8409000 +3.23039300e+02 +3.21365121e+02  1.67e+00   4.50e+01     9.43e-07   3270.332s
8410000 +3.23036805e+02 +3.21365325e+02  1.67e+00   4.44e+01     9.42e-07   3270.720s
8411000 +3.23033376e+02 +3.21365524e+02  1.67e+00   4.41e+01     9.42e-07   3271.107s
8412000 +3.23031167e+02 +3.21365723e+02  1.67e+00   4.39e+01     9.41e-07   3271.494s
8413000 +3.23029829e+02 +3.21365922e+02  1.66e+00   4.41e+01     9.40e-07   3271.882s
8414000 +3.23032187e+02 +3.21366120e+02  1.67e+00   4.42e+01     9.39e-07   3272.269s
8415000 +3.23030956e+02 +3.21366313e+02  1.66e+00   4.43e+01     9.40e-07   3272.656s
8416000 +3.23027625e+02 +3.21366514e+02  1.66e+00   4.39e+01     9.39e-07   3273.044s
8417000 +3.23029900e+02 +3.21366718e+02  1.66e+00   4.42e+01     9.38e-07   3273.431s
8418000 +3.23028486e+02 +3.21366925e+02  1.66e+00   4.50e+01     9.39e-07   3273.819s
8419000 +3.23028780e+02 +3.21367124e+02  1.66e+00   4.48e+01     9.41e-07   3274.206s
8420000 +3.23027772e+02 +3.21367320e+02  1.66e+00   4.39e+01     9.41e-07   3274.594s
8421000 +3.23028840e+02 +3.21367516e+02  1.66e+00   4.38e+01     9.41e-07   3274.981s
8422000 +3.23024807e+02 +3.21367715e+02  1.66e+00   4.39e+01     9.41e-07   3275.369s
8423000 +3.23025401e+02 +3.21367912e+02  1.66e+00   4.38e+01     9.39e-07   3275.756s
8424000 +3.23024513e+02 +3.21368105e+02  1.66e+00   4.36e+01     9.38e-07   3276.144s
8425000 +3.23025702e+02 +3.21368298e+02  1.66e+00   4.36e+01     9.36e-07   3276.531s
8426000 +3.23024266e+02 +3.21368486e+02  1.66e+00   4.36e+01     9.35e-07   3276.918s
8427000 +3.23022638e+02 +3.21368672e+02  1.65e+00   4.35e+01     9.36e-07   3277.306s
8428000 +3.23023232e+02 +3.21368846e+02  1.65e+00   4.34e+01     9.33e-07   3277.692s
8429000 +3.23022076e+02 +3.21369027e+02  1.65e+00   4.36e+01     9.31e-07   3278.080s
8430000 +3.23021326e+02 +3.21369204e+02  1.65e+00   4.34e+01     9.30e-07   3278.468s
8431000 +3.23018080e+02 +3.21369387e+02  1.65e+00   4.33e+01     9.30e-07   3278.855s
8432000 +3.23020581e+02 +3.21369561e+02  1.65e+00   4.32e+01     9.28e-07   3279.242s
8433000 +3.23016150e+02 +3.21369733e+02  1.65e+00   4.31e+01     9.26e-07   3279.630s
8434000 +3.23018952e+02 +3.21369908e+02  1.65e+00   4.32e+01     9.26e-07   3280.017s
8435000 +3.23015115e+02 +3.21370080e+02  1.65e+00   4.29e+01     9.24e-07   3280.405s
8436000 +3.23011453e+02 +3.21370256e+02  1.64e+00   4.31e+01     9.21e-07   3280.792s
8437000 +3.23018160e+02 +3.21370429e+02  1.65e+00   4.30e+01     9.20e-07   3281.179s
8438000 +3.23017560e+02 +3.21370597e+02  1.65e+00   4.29e+01     9.21e-07   3281.567s
8439000 +3.23019073e+02 +3.21370770e+02  1.65e+00   4.29e+01     9.22e-07   3281.954s
8440000 +3.23015012e+02 +3.21370940e+02  1.64e+00   4.28e+01     9.23e-07   3282.341s
8441000 +3.23016778e+02 +3.21371107e+02  1.65e+00   4.28e+01     9.23e-07   3282.729s
8442000 +3.23015393e+02 +3.21371267e+02  1.64e+00   4.27e+01     9.22e-07   3283.117s
8443000 +3.23017566e+02 +3.21371422e+02  1.65e+00   4.26e+01     9.21e-07   3283.504s
8444000 +3.23015628e+02 +3.21371572e+02  1.64e+00   4.27e+01     9.20e-07   3283.892s
8445000 +3.23011075e+02 +3.21371729e+02  1.64e+00   4.24e+01     9.18e-07   3284.279s
8446000 +3.23015170e+02 +3.21371886e+02  1.64e+00   4.26e+01     9.16e-07   3284.667s
8447000 +3.23013239e+02 +3.21372060e+02  1.64e+00   4.24e+01     9.14e-07   3285.054s
8448000 +3.23010428e+02 +3.21372234e+02  1.64e+00   4.24e+01     9.11e-07   3285.441s
8449000 +3.23011405e+02 +3.21372399e+02  1.64e+00   4.26e+01     9.09e-07   3285.829s
8450000 +3.23009922e+02 +3.21372550e+02  1.64e+00   4.24e+01     9.07e-07   3286.216s
8451000 +3.23009871e+02 +3.21372716e+02  1.64e+00   4.25e+01     9.06e-07   3286.604s
8452000 +3.23012054e+02 +3.21372879e+02  1.64e+00   4.23e+01     9.05e-07   3286.991s
8453000 +3.23006323e+02 +3.21373058e+02  1.63e+00   4.23e+01     9.03e-07   3287.378s
8454000 +3.23006099e+02 +3.21373227e+02  1.63e+00   4.23e+01     9.01e-07   3287.766s
8455000 +3.23010389e+02 +3.21373397e+02  1.64e+00   4.24e+01     8.99e-07   3288.153s
8456000 +3.23007784e+02 +3.21373544e+02  1.63e+00   4.23e+01     8.98e-07   3288.541s
8457000 +3.23013070e+02 +3.21373693e+02  1.64e+00   4.28e+01     8.97e-07   3288.928s
8458000 +3.23016975e+02 +3.21373851e+02  1.64e+00   4.36e+01     8.99e-07   3289.315s
8459000 +3.23015881e+02 +3.21374017e+02  1.64e+00   4.35e+01     8.99e-07   3289.702s
8460000 +3.23007695e+02 +3.21374195e+02  1.63e+00   4.40e+01     8.98e-07   3290.090s
8461000 +3.23006905e+02 +3.21374362e+02  1.63e+00   4.23e+01     8.97e-07   3290.477s
8462000 +3.23006021e+02 +3.21374531e+02  1.63e+00   4.53e+01     8.95e-07   3290.864s
8463000 +3.23011833e+02 +3.21374687e+02  1.64e+00   4.41e+01     8.92e-07   3291.252s
8464000 +3.23009366e+02 +3.21374850e+02  1.63e+00   4.54e+01     8.92e-07   3291.639s
8465000 +3.23006672e+02 +3.21375012e+02  1.63e+00   4.34e+01     8.92e-07   3292.027s
8466000 +3.23005049e+02 +3.21375178e+02  1.63e+00   4.48e+01     8.93e-07   3292.414s
8467000 +3.23001843e+02 +3.21375333e+02  1.63e+00   4.46e+01     8.93e-07   3292.801s
8468000 +3.23005774e+02 +3.21375492e+02  1.63e+00   4.41e+01     8.92e-07   3293.189s
8469000 +3.23006340e+02 +3.21375636e+02  1.63e+00   4.32e+01     8.93e-07   3293.576s
8470000 +3.23004597e+02 +3.21375783e+02  1.63e+00   4.22e+01     8.92e-07   3293.963s
8471000 +3.22997861e+02 +3.21375919e+02  1.62e+00   4.31e+01     8.91e-07   3294.351s
8472000 +3.22997684e+02 +3.21376070e+02  1.62e+00   4.22e+01     8.93e-07   3294.738s
8473000 +3.22997712e+02 +3.21376224e+02  1.62e+00   4.22e+01     8.91e-07   3295.128s
8474000 +3.22999081e+02 +3.21376384e+02  1.62e+00   4.25e+01     8.89e-07   3295.515s
8475000 +3.22995502e+02 +3.21376534e+02  1.62e+00   4.21e+01     8.87e-07   3295.902s
8476000 +3.22993863e+02 +3.21376672e+02  1.62e+00   4.23e+01     8.86e-07   3296.289s
8477000 +3.22994406e+02 +3.21376804e+02  1.62e+00   4.22e+01     8.84e-07   3296.677s
8478000 +3.22995116e+02 +3.21376941e+02  1.62e+00   4.19e+01     8.84e-07   3297.064s
8479000 +3.22990998e+02 +3.21377089e+02  1.61e+00   4.18e+01     8.84e-07   3297.452s
8480000 +3.22990055e+02 +3.21377248e+02  1.61e+00   4.17e+01     8.84e-07   3297.839s
8481000 +3.22992832e+02 +3.21377397e+02  1.62e+00   4.23e+01     8.82e-07   3298.229s
8482000 +3.22989161e+02 +3.21377536e+02  1.61e+00   4.23e+01     8.79e-07   3298.617s
8483000 +3.22989426e+02 +3.21377671e+02  1.61e+00   4.25e+01     8.81e-07   3299.004s
8484000 +3.22985933e+02 +3.21377800e+02  1.61e+00   4.20e+01     8.81e-07   3299.391s
8485000 +3.22984057e+02 +3.21377934e+02  1.61e+00   4.18e+01     8.81e-07   3299.779s
8486000 +3.22983488e+02 +3.21378071e+02  1.61e+00   4.18e+01     8.80e-07   3300.166s
8487000 +3.22983534e+02 +3.21378207e+02  1.61e+00   4.17e+01     8.78e-07   3300.554s
8488000 +3.22981098e+02 +3.21378349e+02  1.60e+00   4.19e+01     8.76e-07   3300.941s
8489000 +3.22981518e+02 +3.21378484e+02  1.60e+00   4.18e+01     8.74e-07   3301.328s
8490000 +3.22981970e+02 +3.21378615e+02  1.60e+00   4.18e+01     8.73e-07   3301.716s
8491000 +3.22977747e+02 +3.21378742e+02  1.60e+00   4.17e+01     8.74e-07   3302.103s
8492000 +3.22979524e+02 +3.21378864e+02  1.60e+00   4.14e+01     8.73e-07   3302.491s
8493000 +3.22979455e+02 +3.21379000e+02  1.60e+00   4.12e+01     8.71e-07   3302.878s
8494000 +3.22978191e+02 +3.21379120e+02  1.60e+00   4.13e+01     8.70e-07   3303.265s
8495000 +3.22979491e+02 +3.21379244e+02  1.60e+00   4.10e+01     8.66e-07   3303.653s
8496000 +3.22981370e+02 +3.21379357e+02  1.60e+00   4.12e+01     8.65e-07   3304.041s
8497000 +3.22979343e+02 +3.21379459e+02  1.60e+00   4.18e+01     8.65e-07   3304.428s
8498000 +3.22975675e+02 +3.21379551e+02  1.60e+00   4.11e+01     8.63e-07   3304.815s
8499000 +3.22973894e+02 +3.21378879e+02  1.60e+00   4.11e+01     8.09e-07   3305.203s
8500000 +3.22979404e+02 +3.21378989e+02  1.60e+00   4.12e+01     8.07e-07   3305.591s
8501000 +3.22976760e+02 +3.21379109e+02  1.60e+00   4.13e+01     8.05e-07   3305.978s
8502000 +3.22976404e+02 +3.21379220e+02  1.60e+00   4.12e+01     8.04e-07   3306.366s
8503000 +3.22972106e+02 +3.21379345e+02  1.59e+00   4.15e+01     8.05e-07   3306.753s
8504000 +3.22972651e+02 +3.21379461e+02  1.59e+00   4.13e+01     8.05e-07   3307.141s
8505000 +3.22972987e+02 +3.21379572e+02  1.59e+00   4.08e+01     8.05e-07   3307.528s
8506000 +3.22975576e+02 +3.21379699e+02  1.60e+00   4.14e+01     8.04e-07   3307.915s
8507000 +3.22975546e+02 +3.21379826e+02  1.60e+00   4.06e+01     8.04e-07   3308.303s
8508000 +3.22970916e+02 +3.21379971e+02  1.59e+00   4.09e+01     8.04e-07   3308.690s
8509000 +3.22970714e+02 +3.21380104e+02  1.59e+00   4.06e+01     8.03e-07   3309.077s
8510000 +3.22970823e+02 +3.21380234e+02  1.59e+00   4.06e+01     8.03e-07   3309.465s
8511000 +3.22970527e+02 +3.21380359e+02  1.59e+00   4.08e+01     8.03e-07   3309.852s
8512000 +3.22967935e+02 +3.21380486e+02  1.59e+00   4.09e+01     8.01e-07   3310.239s
8513000 +3.22966900e+02 +3.21380614e+02  1.59e+00   4.04e+01     8.01e-07   3310.627s
8514000 +3.22967564e+02 +3.21380744e+02  1.59e+00   4.05e+01     8.01e-07   3311.014s
8515000 +3.22961613e+02 +3.21380366e+02  1.58e+00   4.06e+01     7.85e-07   3311.402s
8516000 +3.22959924e+02 +3.21380816e+02  1.58e+00   4.04e+01     7.85e-07   3311.789s
8517000 +3.22962845e+02 +3.21381272e+02  1.58e+00   4.04e+01     7.83e-07   3312.176s
8518000 +3.22963088e+02 +3.21381726e+02  1.58e+00   4.02e+01     7.82e-07   3312.563s
8519000 +3.22960439e+02 +3.21382184e+02  1.58e+00   4.03e+01     7.83e-07   3312.951s
8520000 +3.22960496e+02 +3.21382659e+02  1.58e+00   4.03e+01     7.85e-07   3313.338s
8521000 +3.22961406e+02 +3.21383140e+02  1.58e+00   4.03e+01     7.89e-07   3313.726s
8522000 +3.22961519e+02 +3.21383609e+02  1.58e+00   4.02e+01     7.91e-07   3314.112s
8523000 +3.22964678e+02 +3.21384089e+02  1.58e+00   4.03e+01     7.94e-07   3314.500s
8524000 +3.22959838e+02 +3.21384555e+02  1.58e+00   4.03e+01     7.95e-07   3314.887s
8525000 +3.22957784e+02 +3.21385034e+02  1.57e+00   4.01e+01     7.97e-07   3315.275s
8526000 +3.22960941e+02 +3.21385513e+02  1.58e+00   4.02e+01     8.00e-07   3315.662s
8527000 +3.22958622e+02 +3.21385971e+02  1.57e+00   4.02e+01     8.02e-07   3316.049s
8528000 +3.22962058e+02 +3.21386435e+02  1.58e+00   4.01e+01     8.07e-07   3316.436s
8529000 +3.22961886e+02 +3.21386906e+02  1.57e+00   3.99e+01     8.10e-07   3316.823s
8530000 +3.22963685e+02 +3.21387352e+02  1.58e+00   4.01e+01     8.15e-07   3317.211s
8531000 +3.22962190e+02 +3.21387793e+02  1.57e+00   4.01e+01     8.19e-07   3317.598s
8532000 +3.22960669e+02 +3.21388259e+02  1.57e+00   3.98e+01     8.22e-07   3317.985s
8533000 +3.22959819e+02 +3.21388725e+02  1.57e+00   3.97e+01     8.24e-07   3318.373s
8534000 +3.22962871e+02 +3.21389175e+02  1.57e+00   4.00e+01     8.28e-07   3318.760s
8535000 +3.22959228e+02 +3.21389634e+02  1.57e+00   3.97e+01     8.32e-07   3319.147s
8536000 +3.22957995e+02 +3.21390102e+02  1.57e+00   3.96e+01     8.36e-07   3319.535s
8537000 +3.22957243e+02 +3.21390566e+02  1.57e+00   3.94e+01     8.40e-07   3319.922s
8538000 +3.22957399e+02 +3.21391026e+02  1.57e+00   3.93e+01     8.42e-07   3320.309s
8539000 +3.22958334e+02 +3.21391498e+02  1.57e+00   3.93e+01     8.45e-07   3320.697s
8540000 +3.22959755e+02 +3.21391957e+02  1.57e+00   3.91e+01     8.49e-07   3321.084s
8541000 +3.22954596e+02 +3.21392425e+02  1.56e+00   3.93e+01     8.53e-07   3321.472s
8542000 +3.22957658e+02 +3.21392901e+02  1.56e+00   3.89e+01     8.58e-07   3321.859s
8543000 +3.22958272e+02 +3.21393358e+02  1.56e+00   3.89e+01     8.60e-07   3322.247s
8544000 +3.22957367e+02 +3.21393789e+02  1.56e+00   3.90e+01     8.62e-07   3322.634s
8545000 +3.22953150e+02 +3.21394269e+02  1.56e+00   3.90e+01     8.65e-07   3323.022s
8546000 +3.22951166e+02 +3.21394698e+02  1.56e+00   3.89e+01     8.73e-07   3323.408s
8547000 +3.22952576e+02 +3.21395141e+02  1.56e+00   3.87e+01     8.77e-07   3323.796s
8548000 +3.22953230e+02 +3.21395577e+02  1.56e+00   3.87e+01     8.80e-07   3324.183s
8549000 +3.22955116e+02 +3.21396011e+02  1.56e+00   3.92e+01     8.84e-07   3324.570s
8550000 +3.22954150e+02 +3.21396437e+02  1.56e+00   3.91e+01     8.88e-07   3324.958s
8551000 +3.22954814e+02 +3.21396913e+02  1.56e+00   3.92e+01     8.94e-07   3325.345s
8552000 +3.22952776e+02 +3.21397334e+02  1.56e+00   3.92e+01     8.97e-07   3325.732s
8553000 +3.22948037e+02 +3.21397806e+02  1.55e+00   3.90e+01     9.05e-07   3326.120s
8554000 +3.22948233e+02 +3.21398241e+02  1.55e+00   3.89e+01     9.12e-07   3326.507s
8555000 +3.22954106e+02 +3.21398684e+02  1.56e+00   3.89e+01     9.16e-07   3326.895s
8556000 +3.22949744e+02 +3.21399107e+02  1.55e+00   3.85e+01     9.22e-07   3327.282s
8557000 +3.22952840e+02 +3.21399548e+02  1.55e+00   3.88e+01     9.23e-07   3327.669s
8558000 +3.22954519e+02 +3.21399983e+02  1.55e+00   3.84e+01     9.29e-07   3328.057s
8559000 +3.22956912e+02 +3.21400481e+02  1.56e+00   3.86e+01     9.35e-07   3328.444s
8560000 +3.22951935e+02 +3.21400936e+02  1.55e+00   3.84e+01     9.38e-07   3328.830s
8561000 +3.22953674e+02 +3.21401406e+02  1.55e+00   3.83e+01     9.43e-07   3329.218s
8562000 +3.22948454e+02 +3.21401833e+02  1.55e+00   3.84e+01     9.48e-07   3329.605s
8563000 +3.22947281e+02 +3.21402279e+02  1.55e+00   3.81e+01     9.52e-07   3329.992s
8564000 +3.22942291e+02 +3.21402757e+02  1.54e+00   3.84e+01     9.56e-07   3330.380s
8565000 +3.22944725e+02 +3.21403241e+02  1.54e+00   3.83e+01     9.60e-07   3330.767s
8566000 +3.22944984e+02 +3.21403772e+02  1.54e+00   3.81e+01     9.70e-07   3331.155s
8567000 +3.22944285e+02 +3.21404217e+02  1.54e+00   3.82e+01     9.73e-07   3331.542s
8568000 +3.22951562e+02 +3.21404703e+02  1.55e+00   3.75e+01     9.74e-07   3331.929s
8569000 +3.22947848e+02 +3.21405178e+02  1.54e+00   3.82e+01     9.78e-07   3332.317s
8570000 +3.22949768e+02 +3.21405654e+02  1.54e+00   3.81e+01     9.83e-07   3332.704s
8571000 +3.22949168e+02 +3.21406175e+02  1.54e+00   3.79e+01     9.87e-07   3333.092s
8572000 +3.22944663e+02 +3.21406641e+02  1.54e+00   3.75e+01     9.91e-07   3333.479s
8573000 +3.22939068e+02 +3.21407155e+02  1.53e+00   3.79e+01     9.97e-07   3333.867s
8574000 +3.22941904e+02 +3.21407627e+02  1.53e+00   3.75e+01     1.00e-06   3334.254s
8575000 +3.22945294e+02 +3.21408095e+02  1.54e+00   3.79e+01     1.01e-06   3334.641s
8576000 +3.22941419e+02 +3.21408571e+02  1.53e+00   3.78e+01     1.01e-06   3335.029s
8577000 +3.22941118e+02 +3.21408988e+02  1.53e+00   3.79e+01     1.02e-06   3335.416s
8578000 +3.22941100e+02 +3.21409422e+02  1.53e+00   3.75e+01     1.02e-06   3335.803s
8579000 +3.22939209e+02 +3.21409885e+02  1.53e+00   3.72e+01     1.03e-06   3336.191s
8580000 +3.22936210e+02 +3.21410333e+02  1.53e+00   3.67e+01     1.03e-06   3336.578s
8581000 +3.22934878e+02 +3.21410730e+02  1.52e+00   3.70e+01     1.03e-06   3336.966s
8582000 +3.22932448e+02 +3.21411130e+02  1.52e+00   3.70e+01     1.04e-06   3337.353s
8583000 +3.22934039e+02 +3.21411483e+02  1.52e+00   3.72e+01     1.05e-06   3337.740s
8584000 +3.22933604e+02 +3.21411838e+02  1.52e+00   3.68e+01     1.05e-06   3338.127s
8585000 +3.22934285e+02 +3.21412231e+02  1.52e+00   3.72e+01     1.06e-06   3338.515s
8586000 +3.22928910e+02 +3.21412614e+02  1.52e+00   3.72e+01     1.06e-06   3338.902s
8587000 +3.22927367e+02 +3.21412943e+02  1.51e+00   3.68e+01     1.06e-06   3339.290s
8588000 +3.22928049e+02 +3.21413307e+02  1.51e+00   3.71e+01     1.07e-06   3339.677s
8589000 +3.22925091e+02 +3.21413707e+02  1.51e+00   3.64e+01     1.07e-06   3340.064s
8590000 +3.22927992e+02 +3.21414100e+02  1.51e+00   3.66e+01     1.08e-06   3340.452s
8591000 +3.22923364e+02 +3.21414499e+02  1.51e+00   3.62e+01     1.08e-06   3340.839s
8592000 +3.22925957e+02 +3.21414907e+02  1.51e+00   3.64e+01     1.09e-06   3341.226s
8593000 +3.22923185e+02 +3.21415338e+02  1.51e+00   3.62e+01     1.09e-06   3341.614s
8594000 +3.22925193e+02 +3.21415709e+02  1.51e+00   3.62e+01     1.09e-06   3342.001s
8595000 +3.22925612e+02 +3.21416108e+02  1.51e+00   3.67e+01     1.10e-06   3342.388s
8596000 +3.22918417e+02 +3.21416558e+02  1.50e+00   3.60e+01     1.10e-06   3342.775s
8597000 +3.22916324e+02 +3.21416991e+02  1.50e+00   3.59e+01     1.11e-06   3343.163s
8598000 +3.22913058e+02 +3.21417375e+02  1.50e+00   3.59e+01     1.11e-06   3343.550s
8599000 +3.22914131e+02 +3.21417811e+02  1.50e+00   3.57e+01     1.12e-06   3343.937s
8600000 +3.22908600e+02 +3.21418247e+02  1.49e+00   3.59e+01     1.12e-06   3344.325s
8601000 +3.22910912e+02 +3.21418604e+02  1.49e+00   3.62e+01     1.13e-06   3344.712s
8602000 +3.22907486e+02 +3.21418994e+02  1.49e+00   3.59e+01     1.13e-06   3345.099s
8603000 +3.22902794e+02 +3.21419439e+02  1.48e+00   3.56e+01     1.13e-06   3345.487s
8604000 +3.22904084e+02 +3.21419850e+02  1.48e+00   3.59e+01     1.13e-06   3345.874s
8605000 +3.22898838e+02 +3.21420200e+02  1.48e+00   3.58e+01     1.13e-06   3346.262s
8606000 +3.22898049e+02 +3.21420584e+02  1.48e+00   3.57e+01     1.13e-06   3346.649s
8607000 +3.22900448e+02 +3.21420791e+02  1.48e+00   3.60e+01     1.11e-06   3347.037s
8608000 +3.22901815e+02 +3.21421106e+02  1.48e+00   3.60e+01     1.12e-06   3347.424s
8609000 +3.22896193e+02 +3.21421429e+02  1.47e+00   3.56e+01     1.12e-06   3347.811s
8610000 +3.22899011e+02 +3.21421786e+02  1.48e+00   3.55e+01     1.12e-06   3348.199s
8611000 +3.22892641e+02 +3.21422113e+02  1.47e+00   3.51e+01     1.13e-06   3348.586s
8612000 +3.22894340e+02 +3.21422409e+02  1.47e+00   3.52e+01     1.13e-06   3348.974s
8613000 +3.22892581e+02 +3.21422710e+02  1.47e+00   3.53e+01     1.13e-06   3349.362s
8614000 +3.22888848e+02 +3.21423032e+02  1.47e+00   3.56e+01     1.14e-06   3349.749s
8615000 +3.22890813e+02 +3.21422621e+02  1.47e+00   3.59e+01     1.13e-06   3350.137s
8616000 +3.22892937e+02 +3.21422941e+02  1.47e+00   3.54e+01     1.13e-06   3350.524s
8617000 +3.22890230e+02 +3.21423256e+02  1.47e+00   3.55e+01     1.14e-06   3350.912s
8618000 +3.22892377e+02 +3.21423606e+02  1.47e+00   3.53e+01     1.14e-06   3351.299s
8619000 +3.22890232e+02 +3.21423912e+02  1.47e+00   3.50e+01     1.14e-06   3351.686s
8620000 +3.22886224e+02 +3.21424333e+02  1.46e+00   3.48e+01     1.15e-06   3352.074s
8621000 +3.22886559e+02 +3.21424663e+02  1.46e+00   3.50e+01     1.15e-06   3352.461s
8622000 +3.22884500e+02 +3.21425017e+02  1.46e+00   3.47e+01     1.15e-06   3352.848s
8623000 +3.22884776e+02 +3.21425300e+02  1.46e+00   3.50e+01     1.15e-06   3353.236s
8624000 +3.22879248e+02 +3.21425625e+02  1.45e+00   3.45e+01     1.16e-06   3353.623s
8625000 +3.22880687e+02 +3.21425942e+02  1.45e+00   3.44e+01     1.16e-06   3354.010s
8626000 +3.22879180e+02 +3.21426276e+02  1.45e+00   3.47e+01     1.17e-06   3354.398s
8627000 +3.22876551e+02 +3.21426596e+02  1.45e+00   3.47e+01     1.17e-06   3354.785s
8628000 +3.22879953e+02 +3.21426954e+02  1.45e+00   3.46e+01     1.17e-06   3355.173s
8629000 +3.22879072e+02 +3.21427285e+02  1.45e+00   3.45e+01     1.17e-06   3355.560s
8630000 +3.22879007e+02 +3.21427622e+02  1.45e+00   3.43e+01     1.18e-06   3355.948s
8631000 +3.22876203e+02 +3.21427951e+02  1.45e+00   3.46e+01     1.18e-06   3356.335s
8632000 +3.22876460e+02 +3.21428286e+02  1.45e+00   3.44e+01     1.18e-06   3356.722s
8633000 +3.22874459e+02 +3.21428620e+02  1.45e+00   3.44e+01     1.18e-06   3357.110s
8634000 +3.22875799e+02 +3.21428947e+02  1.45e+00   3.49e+01     1.19e-06   3357.497s
8635000 +3.22876537e+02 +3.21429293e+02  1.45e+00   3.46e+01     1.19e-06   3357.885s
8636000 +3.22874892e+02 +3.21429625e+02  1.45e+00   3.44e+01     1.19e-06   3358.272s
8637000 +3.22874091e+02 +3.21429952e+02  1.44e+00   3.42e+01     1.20e-06   3358.659s
8638000 +3.22874521e+02 +3.21430260e+02  1.44e+00   3.45e+01     1.20e-06   3359.046s
8639000 +3.22873564e+02 +3.21430553e+02  1.44e+00   3.43e+01     1.20e-06   3359.434s
8640000 +3.22873543e+02 +3.21430807e+02  1.44e+00   3.42e+01     1.21e-06   3359.821s
8641000 +3.22869866e+02 +3.21431076e+02  1.44e+00   3.41e+01     1.21e-06   3360.209s
8642000 +3.22863405e+02 +3.21431320e+02  1.43e+00   3.40e+01     1.21e-06   3360.596s
8643000 +3.22866144e+02 +3.21431540e+02  1.43e+00   3.40e+01     1.22e-06   3360.983s
8644000 +3.22863071e+02 +3.21431793e+02  1.43e+00   3.41e+01     1.22e-06   3361.370s
8645000 +3.22860609e+02 +3.21432041e+02  1.43e+00   3.40e+01     1.22e-06   3361.758s
8646000 +3.22862216e+02 +3.21432296e+02  1.43e+00   3.38e+01     1.22e-06   3362.145s
8647000 +3.22863886e+02 +3.21432549e+02  1.43e+00   3.38e+01     1.22e-06   3362.532s
8648000 +3.22862188e+02 +3.21432791e+02  1.43e+00   3.38e+01     1.23e-06   3362.920s
8649000 +3.22860176e+02 +3.21433046e+02  1.43e+00   3.41e+01     1.23e-06   3363.307s
8650000 +3.22857974e+02 +3.21433294e+02  1.42e+00   3.39e+01     1.23e-06   3363.694s
8651000 +3.22859753e+02 +3.21433536e+02  1.43e+00   3.40e+01     1.23e-06   3364.081s
8652000 +3.22855198e+02 +3.21433785e+02  1.42e+00   3.41e+01     1.24e-06   3364.469s
8653000 +3.22855020e+02 +3.21434049e+02  1.42e+00   3.37e+01     1.24e-06   3364.856s
8654000 +3.22856520e+02 +3.21434310e+02  1.42e+00   3.38e+01     1.24e-06   3365.243s
8655000 +3.22855202e+02 +3.21434562e+02  1.42e+00   3.38e+01     1.24e-06   3365.630s
8656000 +3.22857017e+02 +3.21434844e+02  1.42e+00   3.38e+01     1.25e-06   3366.017s
8657000 +3.22854835e+02 +3.21435120e+02  1.42e+00   3.38e+01     1.25e-06   3366.405s
8658000 +3.22856492e+02 +3.21435407e+02  1.42e+00   3.41e+01     1.25e-06   3366.792s
8659000 +3.22853782e+02 +3.21435688e+02  1.42e+00   3.35e+01     1.25e-06   3367.179s
8660000 +3.22851902e+02 +3.21435967e+02  1.42e+00   3.37e+01     1.26e-06   3367.566s
8661000 +3.22852419e+02 +3.21436271e+02  1.42e+00   3.37e+01     1.26e-06   3367.954s
8662000 +3.22853697e+02 +3.21436560e+02  1.42e+00   3.38e+01     1.26e-06   3368.341s
8663000 +3.22849314e+02 +3.21436833e+02  1.41e+00   3.36e+01     1.26e-06   3368.728s
8664000 +3.22849691e+02 +3.21437083e+02  1.41e+00   3.33e+01     1.26e-06   3369.116s
8665000 +3.22849605e+02 +3.21437319e+02  1.41e+00   3.33e+01     1.26e-06   3369.503s
8666000 +3.22846981e+02 +3.21437570e+02  1.41e+00   3.32e+01     1.27e-06   3369.890s
8667000 +3.22848011e+02 +3.21437801e+02  1.41e+00   3.36e+01     1.27e-06   3370.277s
8668000 +3.22844573e+02 +3.21438037e+02  1.41e+00   3.34e+01     1.27e-06   3370.665s
8669000 +3.22848753e+02 +3.21438273e+02  1.41e+00   3.31e+01     1.27e-06   3371.052s
8670000 +3.22844666e+02 +3.21438515e+02  1.41e+00   3.36e+01     1.27e-06   3371.439s
8671000 +3.22842383e+02 +3.21438737e+02  1.40e+00   3.32e+01     1.27e-06   3371.827s
8672000 +3.22843109e+02 +3.21438983e+02  1.40e+00   3.32e+01     1.27e-06   3372.214s
8673000 +3.22841071e+02 +3.21439222e+02  1.40e+00   3.31e+01     1.28e-06   3372.602s
8674000 +3.22839022e+02 +3.21439463e+02  1.40e+00   3.31e+01     1.28e-06   3372.989s
8675000 +3.22838421e+02 +3.21439683e+02  1.40e+00   3.31e+01     1.27e-06   3373.377s
8676000 +3.22841979e+02 +3.21439902e+02  1.40e+00   3.31e+01     1.28e-06   3373.764s
8677000 +3.22842136e+02 +3.21440137e+02  1.40e+00   3.29e+01     1.28e-06   3374.152s
8678000 +3.22836356e+02 +3.21440372e+02  1.40e+00   3.31e+01     1.28e-06   3374.539s
8679000 +3.22833521e+02 +3.21440603e+02  1.39e+00   3.27e+01     1.28e-06   3374.927s
8680000 +3.22833268e+02 +3.21440809e+02  1.39e+00   3.26e+01     1.28e-06   3375.314s
8681000 +3.22834531e+02 +3.21440999e+02  1.39e+00   3.26e+01     1.28e-06   3375.702s
8682000 +3.22831419e+02 +3.21441198e+02  1.39e+00   3.25e+01     1.28e-06   3376.089s
8683000 +3.22830299e+02 +3.21441404e+02  1.39e+00   3.24e+01     1.28e-06   3376.477s
8684000 +3.22830361e+02 +3.21441605e+02  1.39e+00   3.25e+01     1.28e-06   3376.864s
8685000 +3.22828625e+02 +3.21441811e+02  1.39e+00   3.23e+01     1.28e-06   3377.251s
8686000 +3.22831732e+02 +3.21442009e+02  1.39e+00   3.26e+01     1.29e-06   3377.639s
8687000 +3.22828466e+02 +3.21442205e+02  1.39e+00   3.25e+01     1.29e-06   3378.026s
8688000 +3.22828291e+02 +3.21442421e+02  1.39e+00   3.23e+01     1.29e-06   3378.414s
8689000 +3.22827816e+02 +3.21442613e+02  1.39e+00   3.24e+01     1.29e-06   3378.801s
8690000 +3.22827010e+02 +3.21442830e+02  1.38e+00   3.25e+01     1.29e-06   3379.189s
8691000 +3.22825088e+02 +3.21443039e+02  1.38e+00   3.24e+01     1.30e-06   3379.576s
8692000 +3.22819985e+02 +3.21443259e+02  1.38e+00   3.23e+01     1.30e-06   3379.963s
8693000 +3.22823072e+02 +3.21443485e+02  1.38e+00   3.24e+01     1.30e-06   3380.351s
8694000 +3.22821226e+02 +3.21443693e+02  1.38e+00   3.22e+01     1.30e-06   3380.738s
8695000 +3.22823541e+02 +3.21443891e+02  1.38e+00   3.24e+01     1.30e-06   3381.125s
8696000 +3.22822746e+02 +3.21444086e+02  1.38e+00   3.23e+01     1.30e-06   3381.513s
8697000 +3.22827095e+02 +3.21444273e+02  1.38e+00   3.23e+01     1.30e-06   3381.900s
8698000 +3.22822502e+02 +3.21444473e+02  1.38e+00   3.23e+01     1.30e-06   3382.288s
8699000 +3.22822706e+02 +3.21444689e+02  1.38e+00   3.24e+01     1.30e-06   3382.676s
8700000 +3.22822014e+02 +3.21444893e+02  1.38e+00   3.21e+01     1.31e-06   3383.063s
8701000 +3.22819626e+02 +3.21445093e+02  1.37e+00   3.20e+01     1.31e-06   3383.450s
8702000 +3.22821984e+02 +3.21445290e+02  1.38e+00   3.22e+01     1.31e-06   3383.838s
8703000 +3.22820308e+02 +3.21445480e+02  1.37e+00   3.23e+01     1.31e-06   3384.225s
8704000 +3.22810354e+02 +3.21445670e+02  1.36e+00   3.21e+01     1.31e-06   3384.613s
8705000 +3.22809445e+02 +3.21445839e+02  1.36e+00   3.22e+01     1.31e-06   3385.000s
8706000 +3.22807590e+02 +3.21446007e+02  1.36e+00   3.18e+01     1.31e-06   3385.387s
8707000 +3.22807900e+02 +3.21446208e+02  1.36e+00   3.15e+01     1.31e-06   3385.774s
8708000 +3.22809556e+02 +3.21446399e+02  1.36e+00   3.14e+01     1.32e-06   3386.162s
8709000 +3.22808978e+02 +3.21446595e+02  1.36e+00   3.18e+01     1.32e-06   3386.549s
8710000 +3.22806245e+02 +3.21446786e+02  1.36e+00   3.18e+01     1.32e-06   3386.936s
8711000 +3.22803526e+02 +3.21446969e+02  1.36e+00   3.20e+01     1.32e-06   3387.324s
8712000 +3.22804436e+02 +3.21447135e+02  1.36e+00   3.18e+01     1.32e-06   3387.711s
8713000 +3.22800757e+02 +3.21447342e+02  1.35e+00   3.18e+01     1.32e-06   3388.098s
8714000 +3.22799546e+02 +3.21447565e+02  1.35e+00   3.17e+01     1.32e-06   3388.485s
8715000 +3.22798390e+02 +3.21447786e+02  1.35e+00   3.20e+01     1.32e-06   3388.873s
8716000 +3.22798204e+02 +3.21447998e+02  1.35e+00   3.15e+01     1.33e-06   3389.261s
8717000 +3.22797241e+02 +3.21448222e+02  1.35e+00   3.18e+01     1.33e-06   3389.648s
8718000 +3.22796821e+02 +3.21448441e+02  1.35e+00   3.19e+01     1.33e-06   3390.035s
8719000 +3.22795721e+02 +3.21448663e+02  1.35e+00   3.13e+01     1.33e-06   3390.423s
8720000 +3.22792989e+02 +3.21448883e+02  1.34e+00   3.13e+01     1.33e-06   3390.810s
8721000 +3.22801137e+02 +3.21449069e+02  1.35e+00   3.14e+01     1.33e-06   3391.197s
8722000 +3.22804893e+02 +3.21449273e+02  1.36e+00   3.17e+01     1.33e-06   3391.585s
8723000 +3.22803944e+02 +3.21449510e+02  1.35e+00   3.11e+01     1.33e-06   3391.972s
8724000 +3.22802858e+02 +3.21449723e+02  1.35e+00   3.13e+01     1.33e-06   3392.360s
8725000 +3.22801001e+02 +3.21449912e+02  1.35e+00   3.12e+01     1.33e-06   3392.752s
8726000 +3.22802699e+02 +3.21450108e+02  1.35e+00   3.11e+01     1.34e-06   3393.139s
8727000 +3.22802511e+02 +3.21450304e+02  1.35e+00   3.12e+01     1.34e-06   3393.527s
8728000 +3.22801225e+02 +3.21450501e+02  1.35e+00   3.12e+01     1.34e-06   3393.915s
8729000 +3.22796050e+02 +3.21450673e+02  1.35e+00   3.09e+01     1.34e-06   3394.302s
8730000 +3.22796006e+02 +3.21450866e+02  1.35e+00   3.10e+01     1.34e-06   3394.690s
8731000 +3.22794963e+02 +3.21451043e+02  1.34e+00   3.08e+01     1.34e-06   3395.077s
8732000 +3.22792164e+02 +3.21451208e+02  1.34e+00   3.07e+01     1.34e-06   3395.464s
8733000 +3.22785914e+02 +3.21451392e+02  1.33e+00   3.09e+01     1.34e-06   3395.853s
8734000 +3.22787957e+02 +3.21451575e+02  1.34e+00   3.07e+01     1.34e-06   3396.245s
8735000 +3.22788358e+02 +3.21451784e+02  1.34e+00   3.06e+01     1.34e-06   3396.632s
8736000 +3.22787029e+02 +3.21452001e+02  1.34e+00   3.03e+01     1.34e-06   3397.019s
8737000 +3.22780350e+02 +3.21452209e+02  1.33e+00   3.05e+01     1.34e-06   3397.406s
8738000 +3.22780728e+02 +3.21452385e+02  1.33e+00   3.04e+01     1.34e-06   3397.794s
8739000 +3.22779308e+02 +3.21452577e+02  1.33e+00   3.01e+01     1.35e-06   3398.181s
8740000 +3.22782458e+02 +3.21452772e+02  1.33e+00   3.03e+01     1.35e-06   3398.569s
8741000 +3.22783350e+02 +3.21452953e+02  1.33e+00   3.02e+01     1.35e-06   3398.956s
8742000 +3.22777317e+02 +3.21453146e+02  1.32e+00   3.04e+01     1.35e-06   3399.343s
8743000 +3.22774797e+02 +3.21453340e+02  1.32e+00   3.02e+01     1.35e-06   3399.731s
8744000 +3.22774395e+02 +3.21453545e+02  1.32e+00   3.04e+01     1.35e-06   3400.118s
8745000 +3.22773449e+02 +3.21453731e+02  1.32e+00   3.04e+01     1.36e-06   3400.506s
8746000 +3.22774675e+02 +3.21453912e+02  1.32e+00   3.03e+01     1.36e-06   3400.893s
8747000 +3.22773543e+02 +3.21454079e+02  1.32e+00   3.02e+01     1.36e-06   3401.280s
8748000 +3.22772749e+02 +3.21454241e+02  1.32e+00   2.98e+01     1.36e-06   3401.667s
8749000 +3.22771927e+02 +3.21454401e+02  1.32e+00   2.99e+01     1.36e-06   3402.055s
8750000 +3.22771534e+02 +3.21454575e+02  1.32e+00   2.97e+01     1.36e-06   3402.443s
8751000 +3.22768753e+02 +3.21454746e+02  1.31e+00   2.95e+01     1.36e-06   3402.830s
8752000 +3.22772440e+02 +3.21454915e+02  1.32e+00   2.98e+01     1.36e-06   3403.217s
8753000 +3.22768190e+02 +3.21455105e+02  1.31e+00   3.00e+01     1.36e-06   3403.605s
8754000 +3.22767486e+02 +3.21455287e+02  1.31e+00   2.98e+01     1.36e-06   3403.992s
8755000 +3.22766250e+02 +3.21455468e+02  1.31e+00   2.97e+01     1.36e-06   3404.379s
8756000 +3.22765374e+02 +3.21455640e+02  1.31e+00   3.00e+01     1.36e-06   3404.767s
8757000 +3.22763794e+02 +3.21455800e+02  1.31e+00   3.03e+01     1.36e-06   3405.154s
8758000 +3.22759340e+02 +3.21455968e+02  1.30e+00   2.97e+01     1.37e-06   3405.542s
8759000 +3.22758185e+02 +3.21456155e+02  1.30e+00   3.01e+01     1.37e-06   3405.929s
8760000 +3.22757870e+02 +3.21456338e+02  1.30e+00   3.00e+01     1.37e-06   3406.317s
8761000 +3.22757855e+02 +3.21456520e+02  1.30e+00   3.04e+01     1.37e-06   3406.704s
8762000 +3.22759561e+02 +3.21456696e+02  1.30e+00   2.97e+01     1.37e-06   3407.092s
8763000 +3.22756886e+02 +3.21456849e+02  1.30e+00   2.96e+01     1.37e-06   3407.479s
8764000 +3.22758668e+02 +3.21457013e+02  1.30e+00   2.98e+01     1.37e-06   3407.867s
8765000 +3.22756889e+02 +3.21457173e+02  1.30e+00   2.97e+01     1.37e-06   3408.254s
8766000 +3.22757320e+02 +3.21457333e+02  1.30e+00   2.97e+01     1.37e-06   3408.641s
8767000 +3.22756041e+02 +3.21457472e+02  1.30e+00   2.96e+01     1.37e-06   3409.029s
8768000 +3.22758675e+02 +3.21457601e+02  1.30e+00   2.94e+01     1.37e-06   3409.416s
8769000 +3.22756669e+02 +3.21457724e+02  1.30e+00   2.87e+01     1.37e-06   3409.803s
8770000 +3.22758910e+02 +3.21457856e+02  1.30e+00   2.89e+01     1.37e-06   3410.191s
8771000 +3.22757036e+02 +3.21457982e+02  1.30e+00   2.93e+01     1.37e-06   3410.578s
8772000 +3.22756540e+02 +3.21458105e+02  1.30e+00   2.92e+01     1.37e-06   3410.965s
8773000 +3.22756110e+02 +3.21458230e+02  1.30e+00   2.88e+01     1.37e-06   3411.353s
8774000 +3.22751904e+02 +3.21458365e+02  1.29e+00   2.90e+01     1.37e-06   3411.740s
8775000 +3.22752700e+02 +3.21458505e+02  1.29e+00   2.87e+01     1.37e-06   3412.128s
8776000 +3.22748742e+02 +3.21458638e+02  1.29e+00   2.87e+01     1.37e-06   3412.515s
8777000 +3.22749585e+02 +3.21458758e+02  1.29e+00   2.86e+01     1.37e-06   3412.902s
8778000 +3.22752122e+02 +3.21458889e+02  1.29e+00   2.87e+01     1.37e-06   3413.290s
8779000 +3.22745920e+02 +3.21459040e+02  1.29e+00   2.86e+01     1.37e-06   3413.677s
8780000 +3.22744485e+02 +3.21459194e+02  1.29e+00   2.87e+01     1.37e-06   3414.064s
8781000 +3.22747907e+02 +3.21459332e+02  1.29e+00   2.86e+01     1.37e-06   3414.451s
8782000 +3.22744741e+02 +3.21459500e+02  1.29e+00   2.87e+01     1.37e-06   3414.839s
8783000 +3.22744955e+02 +3.21459658e+02  1.29e+00   2.86e+01     1.37e-06   3415.226s
8784000 +3.22741334e+02 +3.21459815e+02  1.28e+00   2.89e+01     1.37e-06   3415.614s
8785000 +3.22740632e+02 +3.21459965e+02  1.28e+00   2.87e+01     1.37e-06   3416.002s
8786000 +3.22740259e+02 +3.21460096e+02  1.28e+00   2.88e+01     1.37e-06   3416.389s
8787000 +3.22738050e+02 +3.21460223e+02  1.28e+00   2.89e+01     1.37e-06   3416.776s
8788000 +3.22737854e+02 +3.21460361e+02  1.28e+00   2.86e+01     1.37e-06   3417.164s
8789000 +3.22736029e+02 +3.21460507e+02  1.28e+00   2.88e+01     1.37e-06   3417.551s
8790000 +3.22736447e+02 +3.21460668e+02  1.28e+00   2.88e+01     1.37e-06   3417.938s
8791000 +3.22734553e+02 +3.21460802e+02  1.27e+00   2.88e+01     1.37e-06   3418.326s
8792000 +3.22731100e+02 +3.21460922e+02  1.27e+00   2.87e+01     1.37e-06   3418.713s
8793000 +3.22731011e+02 +3.21461040e+02  1.27e+00   2.84e+01     1.37e-06   3419.100s
8794000 +3.22730123e+02 +3.21461192e+02  1.27e+00   2.82e+01     1.37e-06   3419.488s
8795000 +3.22728264e+02 +3.21461331e+02  1.27e+00   2.82e+01     1.37e-06   3419.875s
8796000 +3.22724887e+02 +3.21461470e+02  1.26e+00   2.82e+01     1.37e-06   3420.263s
8797000 +3.22726452e+02 +3.21461600e+02  1.26e+00   2.82e+01     1.37e-06   3420.650s
8798000 +3.22725071e+02 +3.21461740e+02  1.26e+00   2.82e+01     1.38e-06   3421.037s
8799000 +3.22722950e+02 +3.21461878e+02  1.26e+00   2.80e+01     1.38e-06   3421.424s
8800000 +3.22724745e+02 +3.21462008e+02  1.26e+00   2.81e+01     1.38e-06   3421.811s
8801000 +3.22721222e+02 +3.21462144e+02  1.26e+00   2.77e+01     1.38e-06   3422.199s
8802000 +3.22720189e+02 +3.21462276e+02  1.26e+00   2.79e+01     1.38e-06   3422.586s
8803000 +3.22720912e+02 +3.21462404e+02  1.26e+00   2.81e+01     1.38e-06   3422.974s
8804000 +3.22719907e+02 +3.21462532e+02  1.26e+00   2.77e+01     1.38e-06   3423.361s
8805000 +3.22717407e+02 +3.21462645e+02  1.25e+00   2.78e+01     1.38e-06   3423.748s
8806000 +3.22716066e+02 +3.21462754e+02  1.25e+00   2.77e+01     1.38e-06   3424.135s
8807000 +3.22719327e+02 +3.21462863e+02  1.26e+00   2.77e+01     1.38e-06   3424.523s
8808000 +3.22720116e+02 +3.21462974e+02  1.26e+00   2.79e+01     1.38e-06   3424.910s
8809000 +3.22713709e+02 +3.21463083e+02  1.25e+00   2.74e+01     1.38e-06   3425.298s
8810000 +3.22713496e+02 +3.21463189e+02  1.25e+00   2.76e+01     1.38e-06   3425.685s
8811000 +3.22713708e+02 +3.21463301e+02  1.25e+00   2.74e+01     1.38e-06   3426.072s
8812000 +3.22713441e+02 +3.21463429e+02  1.25e+00   2.75e+01     1.38e-06   3426.460s
8813000 +3.22712322e+02 +3.21463548e+02  1.25e+00   2.74e+01     1.38e-06   3426.847s
8814000 +3.22713065e+02 +3.21463673e+02  1.25e+00   2.77e+01     1.38e-06   3427.234s
8815000 +3.22711507e+02 +3.21463796e+02  1.25e+00   2.75e+01     1.38e-06   3427.622s
8816000 +3.22711431e+02 +3.21463917e+02  1.25e+00   2.75e+01     1.38e-06   3428.009s
8817000 +3.22708756e+02 +3.21464044e+02  1.24e+00   2.77e+01     1.38e-06   3428.397s
8818000 +3.22708461e+02 +3.21464174e+02  1.24e+00   2.72e+01     1.38e-06   3428.784s
8819000 +3.22700968e+02 +3.21464296e+02  1.24e+00   2.73e+01     1.38e-06   3429.172s
8820000 +3.22704786e+02 +3.21464434e+02  1.24e+00   2.73e+01     1.38e-06   3429.559s
8821000 +3.22701144e+02 +3.21464574e+02  1.24e+00   2.72e+01     1.38e-06   3429.947s
8822000 +3.22700004e+02 +3.21464703e+02  1.24e+00   2.73e+01     1.38e-06   3430.339s
8823000 +3.22700538e+02 +3.21464826e+02  1.24e+00   2.72e+01     1.38e-06   3430.726s
8824000 +3.22703774e+02 +3.21464948e+02  1.24e+00   2.76e+01     1.38e-06   3431.114s
8825000 +3.22703693e+02 +3.21465062e+02  1.24e+00   2.74e+01     1.38e-06   3431.501s
8826000 +3.22701509e+02 +3.21465170e+02  1.24e+00   2.71e+01     1.38e-06   3431.889s
8827000 +3.22699624e+02 +3.21465269e+02  1.23e+00   2.76e+01     1.38e-06   3432.276s
8828000 +3.22700069e+02 +3.21465371e+02  1.23e+00   2.71e+01     1.38e-06   3432.664s
8829000 +3.22703675e+02 +3.21465478e+02  1.24e+00   2.72e+01     1.38e-06   3433.052s
8830000 +3.22698982e+02 +3.21465600e+02  1.23e+00   2.70e+01     1.38e-06   3433.439s
8831000 +3.22697318e+02 +3.21465725e+02  1.23e+00   2.70e+01     1.39e-06   3433.828s
8832000 +3.22694681e+02 +3.21465843e+02  1.23e+00   2.71e+01     1.38e-06   3434.218s
8833000 +3.22699570e+02 +3.21465958e+02  1.23e+00   2.70e+01     1.39e-06   3434.606s
8834000 +3.22697938e+02 +3.21466078e+02  1.23e+00   2.68e+01     1.39e-06   3434.993s
8835000 +3.22696050e+02 +3.21466216e+02  1.23e+00   2.67e+01     1.38e-06   3435.381s
8836000 +3.22695275e+02 +3.21466341e+02  1.23e+00   2.67e+01     1.38e-06   3435.768s
8837000 +3.22695024e+02 +3.21466471e+02  1.23e+00   2.68e+01     1.38e-06   3436.156s
8838000 +3.22690770e+02 +3.21466587e+02  1.22e+00   2.65e+01     1.39e-06   3436.543s
8839000 +3.22688263e+02 +3.21466686e+02  1.22e+00   2.63e+01     1.39e-06   3436.931s
8840000 +3.22690327e+02 +3.21466799e+02  1.22e+00   2.65e+01     1.39e-06   3437.318s
8841000 +3.22689424e+02 +3.21466917e+02  1.22e+00   2.65e+01     1.39e-06   3437.706s
8842000 +3.22689920e+02 +3.21467054e+02  1.22e+00   2.64e+01     1.39e-06   3438.093s
8843000 +3.22693349e+02 +3.21467176e+02  1.23e+00   2.63e+01     1.39e-06   3438.480s
8844000 +3.22688492e+02 +3.21467286e+02  1.22e+00   2.65e+01     1.38e-06   3438.868s
8845000 +3.22689174e+02 +3.21467402e+02  1.22e+00   2.67e+01     1.38e-06   3439.255s
8846000 +3.22686411e+02 +3.21467515e+02  1.22e+00   2.64e+01     1.38e-06   3439.643s
8847000 +3.22689792e+02 +3.21467640e+02  1.22e+00   2.66e+01     1.38e-06   3440.030s
8848000 +3.22686063e+02 +3.21467776e+02  1.22e+00   2.63e+01     1.38e-06   3440.417s
8849000 +3.22683770e+02 +3.21467911e+02  1.22e+00   2.62e+01     1.39e-06   3440.805s
8850000 +3.22685865e+02 +3.21468052e+02  1.22e+00   2.62e+01     1.39e-06   3441.192s
8851000 +3.22682010e+02 +3.21468185e+02  1.21e+00   2.62e+01     1.39e-06   3441.579s
8852000 +3.22681348e+02 +3.21468313e+02  1.21e+00   2.62e+01     1.39e-06   3441.966s
8853000 +3.22684571e+02 +3.21468424e+02  1.22e+00   2.62e+01     1.39e-06   3442.353s
8854000 +3.22682561e+02 +3.21468540e+02  1.21e+00   2.60e+01     1.39e-06   3442.741s
8855000 +3.22683603e+02 +3.21468644e+02  1.21e+00   2.60e+01     1.39e-06   3443.128s
8856000 +3.22684574e+02 +3.21468748e+02  1.22e+00   2.61e+01     1.39e-06   3443.516s
8857000 +3.22671007e+02 +3.21468983e+02  1.20e+00   2.55e+01     1.40e-06   3443.903s
8858000 +3.22668933e+02 +3.21469462e+02  1.20e+00   2.55e+01     1.41e-06   3444.291s
8859000 +3.22668246e+02 +3.21469948e+02  1.20e+00   2.53e+01     1.42e-06   3444.678s
8860000 +3.22667046e+02 +3.21470448e+02  1.20e+00   2.52e+01     1.42e-06   3445.065s
8861000 +3.22665630e+02 +3.21470964e+02  1.19e+00   2.51e+01     1.42e-06   3445.452s
8862000 +3.22665547e+02 +3.21471477e+02  1.19e+00   2.52e+01     1.42e-06   3445.840s
8863000 +3.22663359e+02 +3.21471999e+02  1.19e+00   2.51e+01     1.42e-06   3446.227s
8864000 +3.22662949e+02 +3.21472534e+02  1.19e+00   2.51e+01     1.43e-06   3446.614s
8865000 +3.22660297e+02 +3.21473067e+02  1.19e+00   2.51e+01     1.43e-06   3447.002s
8866000 +3.22661150e+02 +3.21473609e+02  1.19e+00   2.53e+01     1.44e-06   3447.389s
8867000 +3.22659710e+02 +3.21474156e+02  1.19e+00   2.52e+01     1.44e-06   3447.776s
8868000 +3.22655098e+02 +3.21474717e+02  1.18e+00   2.51e+01     1.45e-06   3448.163s
8869000 +3.22658557e+02 +3.21475243e+02  1.18e+00   2.50e+01     1.45e-06   3448.551s
8870000 +3.22655579e+02 +3.21475794e+02  1.18e+00   2.50e+01     1.46e-06   3448.938s
8871000 +3.22656265e+02 +3.21476313e+02  1.18e+00   2.49e+01     1.46e-06   3449.325s
8872000 +3.22654776e+02 +3.21476855e+02  1.18e+00   2.49e+01     1.47e-06   3449.712s
8873000 +3.22655094e+02 +3.21477397e+02  1.18e+00   2.47e+01     1.48e-06   3450.100s
8874000 +3.22657920e+02 +3.21477974e+02  1.18e+00   2.46e+01     1.48e-06   3450.487s
8875000 +3.22655223e+02 +3.21478554e+02  1.18e+00   2.44e+01     1.49e-06   3450.875s
8876000 +3.22652380e+02 +3.21479093e+02  1.17e+00   2.44e+01     1.50e-06   3451.262s
8877000 +3.22655604e+02 +3.21479676e+02  1.18e+00   2.45e+01     1.50e-06   3451.650s
8878000 +3.22655015e+02 +3.21480227e+02  1.17e+00   2.45e+01     1.51e-06   3452.037s
8879000 +3.22654018e+02 +3.21480795e+02  1.17e+00   2.45e+01     1.52e-06   3452.424s
8880000 +3.22654829e+02 +3.21481373e+02  1.17e+00   2.45e+01     1.52e-06   3452.811s
8881000 +3.22652306e+02 +3.21481974e+02  1.17e+00   2.44e+01     1.53e-06   3453.199s
8882000 +3.22653665e+02 +3.21482589e+02  1.17e+00   2.45e+01     1.53e-06   3453.586s
8883000 +3.22652265e+02 +3.21483201e+02  1.17e+00   2.44e+01     1.54e-06   3453.974s
8884000 +3.22651315e+02 +3.21483806e+02  1.17e+00   2.44e+01     1.55e-06   3454.361s
8885000 +3.22651165e+02 +3.21484399e+02  1.17e+00   2.45e+01     1.55e-06   3454.748s
8886000 +3.22651311e+02 +3.21485028e+02  1.17e+00   2.44e+01     1.56e-06   3455.136s
8887000 +3.22649066e+02 +3.21485603e+02  1.16e+00   2.43e+01     1.57e-06   3455.523s
8888000 +3.22650552e+02 +3.21486158e+02  1.16e+00   2.42e+01     1.57e-06   3455.910s
8889000 +3.22648802e+02 +3.21486722e+02  1.16e+00   2.42e+01     1.58e-06   3456.298s
8890000 +3.22651639e+02 +3.21487238e+02  1.16e+00   2.42e+01     1.58e-06   3456.685s
8891000 +3.22650257e+02 +3.21487759e+02  1.16e+00   2.43e+01     1.59e-06   3457.072s
8892000 +3.22649048e+02 +3.21488282e+02  1.16e+00   2.42e+01     1.60e-06   3457.460s
8893000 +3.22647314e+02 +3.21488811e+02  1.16e+00   2.42e+01     1.60e-06   3457.847s
8894000 +3.22644853e+02 +3.21489361e+02  1.16e+00   2.42e+01     1.61e-06   3458.234s
8895000 +3.22643314e+02 +3.21489925e+02  1.15e+00   2.41e+01     1.61e-06   3458.622s
8896000 +3.22641803e+02 +3.21490475e+02  1.15e+00   2.39e+01     1.62e-06   3459.009s
8897000 +3.22642359e+02 +3.21490996e+02  1.15e+00   2.39e+01     1.63e-06   3459.396s
8898000 +3.22641013e+02 +3.21491535e+02  1.15e+00   2.38e+01     1.64e-06   3459.784s
8899000 +3.22636846e+02 +3.21492074e+02  1.14e+00   2.39e+01     1.64e-06   3460.171s
8900000 +3.22638273e+02 +3.21492594e+02  1.15e+00   2.39e+01     1.64e-06   3460.558s
8901000 +3.22638187e+02 +3.21493129e+02  1.15e+00   2.37e+01     1.65e-06   3460.945s
8902000 +3.22634804e+02 +3.21493646e+02  1.14e+00   2.36e+01     1.65e-06   3461.333s
8903000 +3.22637522e+02 +3.21494187e+02  1.14e+00   2.38e+01     1.66e-06   3461.720s
8904000 +3.22636432e+02 +3.21494721e+02  1.14e+00   2.38e+01     1.67e-06   3462.107s
8905000 +3.22635110e+02 +3.21495269e+02  1.14e+00   2.36e+01     1.67e-06   3462.495s
8906000 +3.22636050e+02 +3.21495832e+02  1.14e+00   2.36e+01     1.68e-06   3462.883s
8907000 +3.22633666e+02 +3.21496372e+02  1.14e+00   2.36e+01     1.69e-06   3463.269s
8908000 +3.22632989e+02 +3.21496900e+02  1.14e+00   2.36e+01     1.69e-06   3463.657s
8909000 +3.22632797e+02 +3.21497446e+02  1.14e+00   2.34e+01     1.70e-06   3464.044s
8910000 +3.22632348e+02 +3.21497985e+02  1.13e+00   2.34e+01     1.71e-06   3464.431s
8911000 +3.22631670e+02 +3.21498551e+02  1.13e+00   2.33e+01     1.72e-06   3464.818s
8912000 +3.22631012e+02 +3.21499100e+02  1.13e+00   2.34e+01     1.72e-06   3465.206s
8913000 +3.22630951e+02 +3.21499645e+02  1.13e+00   2.33e+01     1.73e-06   3465.593s
8914000 +3.22629258e+02 +3.21500189e+02  1.13e+00   2.33e+01     1.73e-06   3465.980s
8915000 +3.22628502e+02 +3.21500723e+02  1.13e+00   2.34e+01     1.74e-06   3466.368s
8916000 +3.22627732e+02 +3.21501268e+02  1.13e+00   2.33e+01     1.74e-06   3466.755s
8917000 +3.22625016e+02 +3.21501789e+02  1.12e+00   2.32e+01     1.75e-06   3467.142s
8918000 +3.22625438e+02 +3.21502305e+02  1.12e+00   2.33e+01     1.76e-06   3467.529s
8919000 +3.22623999e+02 +3.21502815e+02  1.12e+00   2.31e+01     1.76e-06   3467.917s
8920000 +3.22623455e+02 +3.21503346e+02  1.12e+00   2.32e+01     1.77e-06   3468.304s
8921000 +3.22609029e+02 +3.21503892e+02  1.11e+00   2.30e+01     1.77e-06   3468.692s
8922000 +3.22616051e+02 +3.21504431e+02  1.11e+00   2.30e+01     1.78e-06   3469.079s
8923000 +3.22608288e+02 +3.21504951e+02  1.10e+00   2.30e+01     1.78e-06   3469.467s
8924000 +3.22611215e+02 +3.21505500e+02  1.11e+00   2.30e+01     1.79e-06   3469.854s
8925000 +3.22607790e+02 +3.21506015e+02  1.10e+00   2.29e+01     1.79e-06   3470.241s
8926000 +3.22604929e+02 +3.21506528e+02  1.10e+00   2.29e+01     1.80e-06   3470.629s
8927000 +3.22602169e+02 +3.21507043e+02  1.10e+00   2.29e+01     1.81e-06   3471.016s
8928000 +3.22598536e+02 +3.21507557e+02  1.09e+00   2.29e+01     1.81e-06   3471.404s
8929000 +3.22594515e+02 +3.21508062e+02  1.09e+00   2.28e+01     1.82e-06   3471.791s
8930000 +3.22597464e+02 +3.21508546e+02  1.09e+00   2.30e+01     1.82e-06   3472.179s
8931000 +3.22594446e+02 +3.21508984e+02  1.09e+00   2.28e+01     1.83e-06   3472.566s
8932000 +3.22595740e+02 +3.21509452e+02  1.09e+00   2.28e+01     1.83e-06   3472.953s
8933000 +3.22592846e+02 +3.21509912e+02  1.08e+00   2.28e+01     1.84e-06   3473.341s
8934000 +3.22590573e+02 +3.21510376e+02  1.08e+00   2.29e+01     1.85e-06   3473.728s
8935000 +3.22592065e+02 +3.21510811e+02  1.08e+00   2.28e+01     1.86e-06   3474.116s
8936000 +3.22591687e+02 +3.21511249e+02  1.08e+00   2.27e+01     1.86e-06   3474.503s
8937000 +3.22589579e+02 +3.21511688e+02  1.08e+00   2.26e+01     1.87e-06   3474.891s
8938000 +3.22587302e+02 +3.21512130e+02  1.08e+00   2.27e+01     1.88e-06   3475.278s
8939000 +3.22584969e+02 +3.21512577e+02  1.07e+00   2.26e+01     1.88e-06   3475.665s
8940000 +3.22583559e+02 +3.21513041e+02  1.07e+00   2.26e+01     1.89e-06   3476.053s
8941000 +3.22584757e+02 +3.21513519e+02  1.07e+00   2.26e+01     1.89e-06   3476.440s
8942000 +3.22585968e+02 +3.21514010e+02  1.07e+00   2.25e+01     1.90e-06   3476.828s
8943000 +3.22582491e+02 +3.21514470e+02  1.07e+00   2.26e+01     1.91e-06   3477.215s
8944000 +3.22581994e+02 +3.21514923e+02  1.07e+00   2.25e+01     1.91e-06   3477.603s
8945000 +3.22578095e+02 +3.21515379e+02  1.06e+00   2.26e+01     1.92e-06   3477.990s
8946000 +3.22580843e+02 +3.21515847e+02  1.06e+00   2.24e+01     1.92e-06   3478.377s
8947000 +3.22579381e+02 +3.21516303e+02  1.06e+00   2.24e+01     1.93e-06   3478.765s
8948000 +3.22578424e+02 +3.21516779e+02  1.06e+00   2.24e+01     1.93e-06   3479.152s
8949000 +3.22578019e+02 +3.21517244e+02  1.06e+00   2.24e+01     1.94e-06   3479.539s
8950000 +3.22576175e+02 +3.21517687e+02  1.06e+00   2.24e+01     1.94e-06   3479.927s
8951000 +3.22578221e+02 +3.21518152e+02  1.06e+00   2.22e+01     1.95e-06   3480.314s
8952000 +3.22576628e+02 +3.21518599e+02  1.06e+00   2.22e+01     1.95e-06   3480.702s
8953000 +3.22579246e+02 +3.21519038e+02  1.06e+00   2.21e+01     1.96e-06   3481.089s
8954000 +3.22579081e+02 +3.21519488e+02  1.06e+00   2.22e+01     1.96e-06   3481.476s
8955000 +3.22576962e+02 +3.21519930e+02  1.06e+00   2.21e+01     1.97e-06   3481.864s
8956000 +3.22576517e+02 +3.21520381e+02  1.06e+00   2.20e+01     1.98e-06   3482.251s
8957000 +3.22577389e+02 +3.21520819e+02  1.06e+00   2.20e+01     1.98e-06   3482.639s
8958000 +3.22573996e+02 +3.21521228e+02  1.05e+00   2.19e+01     1.99e-06   3483.026s
8959000 +3.22574655e+02 +3.21521648e+02  1.05e+00   2.19e+01     1.99e-06   3483.413s
8960000 +3.22573479e+02 +3.21522085e+02  1.05e+00   2.18e+01     2.00e-06   3483.801s
8961000 +3.22574377e+02 +3.21522545e+02  1.05e+00   2.18e+01     2.00e-06   3484.188s
8962000 +3.22573705e+02 +3.21522983e+02  1.05e+00   2.18e+01     2.01e-06   3484.575s
8963000 +3.22570732e+02 +3.21523439e+02  1.05e+00   2.17e+01     2.01e-06   3484.963s
8964000 +3.22574108e+02 +3.21523898e+02  1.05e+00   2.17e+01     2.02e-06   3485.350s
8965000 +3.22572644e+02 +3.21524319e+02  1.05e+00   2.17e+01     2.03e-06   3485.737s
8966000 +3.22576109e+02 +3.21524741e+02  1.05e+00   2.17e+01     2.03e-06   3486.125s
8967000 +3.22572764e+02 +3.21525174e+02  1.05e+00   2.16e+01     2.03e-06   3486.512s
8968000 +3.22573703e+02 +3.21525606e+02  1.05e+00   2.15e+01     2.04e-06   3486.900s
8969000 +3.22570513e+02 +3.21526043e+02  1.04e+00   2.16e+01     2.05e-06   3487.287s
8970000 +3.22572392e+02 +3.21526481e+02  1.05e+00   2.15e+01     2.05e-06   3487.675s
8971000 +3.22570910e+02 +3.21526917e+02  1.04e+00   2.15e+01     2.06e-06   3488.062s
8972000 +3.22569516e+02 +3.21527343e+02  1.04e+00   2.15e+01     2.06e-06   3488.450s
8973000 +3.22568265e+02 +3.21527760e+02  1.04e+00   2.14e+01     2.07e-06   3488.837s
8974000 +3.22563498e+02 +3.21528168e+02  1.04e+00   2.14e+01     2.07e-06   3489.224s
8975000 +3.22564805e+02 +3.21528579e+02  1.04e+00   2.14e+01     2.08e-06   3489.612s
8976000 +3.22565929e+02 +3.21528980e+02  1.04e+00   2.12e+01     2.08e-06   3489.999s
8977000 +3.22568944e+02 +3.21529369e+02  1.04e+00   2.12e+01     2.09e-06   3490.387s
8978000 +3.22565522e+02 +3.21529735e+02  1.04e+00   2.11e+01     2.09e-06   3490.775s
8979000 +3.22565508e+02 +3.21530134e+02  1.04e+00   2.11e+01     2.10e-06   3491.162s
8980000 +3.22565726e+02 +3.21530528e+02  1.04e+00   2.12e+01     2.10e-06   3491.550s
8981000 +3.22562607e+02 +3.21530922e+02  1.03e+00   2.11e+01     2.10e-06   3491.937s
8982000 +3.22564529e+02 +3.21531349e+02  1.03e+00   2.11e+01     2.11e-06   3492.325s
8983000 +3.22565744e+02 +3.21531746e+02  1.03e+00   2.11e+01     2.11e-06   3492.712s
8984000 +3.22566329e+02 +3.21532146e+02  1.03e+00   2.11e+01     2.11e-06   3493.099s
8985000 +3.22567124e+02 +3.21532539e+02  1.03e+00   2.11e+01     2.12e-06   3493.487s
8986000 +3.22568693e+02 +3.21532921e+02  1.04e+00   2.10e+01     2.12e-06   3493.874s
8987000 +3.22564971e+02 +3.21533308e+02  1.03e+00   2.10e+01     2.13e-06   3494.261s
8988000 +3.22565892e+02 +3.21533667e+02  1.03e+00   2.10e+01     2.13e-06   3494.649s
8989000 +3.22564457e+02 +3.21534022e+02  1.03e+00   2.08e+01     2.13e-06   3495.036s
8990000 +3.22564936e+02 +3.21534372e+02  1.03e+00   2.09e+01     2.14e-06   3495.423s
8991000 +3.22564460e+02 +3.21534709e+02  1.03e+00   2.09e+01     2.15e-06   3495.811s
8992000 +3.22561673e+02 +3.21535043e+02  1.03e+00   2.07e+01     2.15e-06   3496.198s
8993000 +3.22561105e+02 +3.21535373e+02  1.03e+00   2.07e+01     2.16e-06   3496.586s
8994000 +3.22567132e+02 +3.21535712e+02  1.03e+00   2.06e+01     2.16e-06   3496.973s
8995000 +3.22563174e+02 +3.21536044e+02  1.03e+00   2.06e+01     2.16e-06   3497.361s
8996000 +3.22564569e+02 +3.21536388e+02  1.03e+00   2.06e+01     2.17e-06   3497.748s
8997000 +3.22562524e+02 +3.21536753e+02  1.03e+00   2.05e+01     2.18e-06   3498.135s
8998000 +3.22562956e+02 +3.21537124e+02  1.03e+00   2.05e+01     2.18e-06   3498.522s
8999000 +3.22563154e+02 +3.21537490e+02  1.03e+00   2.05e+01     2.18e-06   3498.910s
9000000 +3.22562746e+02 +3.21537835e+02  1.02e+00   2.05e+01     2.18e-06   3499.297s
9001000 +3.22563434e+02 +3.21538190e+02  1.03e+00   2.05e+01     2.19e-06   3499.685s
9002000 +3.22561514e+02 +3.21538516e+02  1.02e+00   2.04e+01     2.19e-06   3500.072s
9003000 +3.22560527e+02 +3.21538859e+02  1.02e+00   2.03e+01     2.20e-06   3500.459s
9004000 +3.22560430e+02 +3.21539197e+02  1.02e+00   2.03e+01     2.20e-06   3500.847s
9005000 +3.22560215e+02 +3.21539548e+02  1.02e+00   2.03e+01     2.21e-06   3501.234s
9006000 +3.22558686e+02 +3.21539876e+02  1.02e+00   2.03e+01     2.21e-06   3501.621s
9007000 +3.22557027e+02 +3.21540193e+02  1.02e+00   2.03e+01     2.22e-06   3502.009s
9008000 +3.22554139e+02 +3.21540511e+02  1.01e+00   2.02e+01     2.22e-06   3502.396s
9009000 +3.22554713e+02 +3.21540844e+02  1.01e+00   2.02e+01     2.22e-06   3502.784s
9010000 +3.22555197e+02 +3.21541197e+02  1.01e+00   2.02e+01     2.22e-06   3503.171s
9011000 +3.22551361e+02 +3.21541564e+02  1.01e+00   2.02e+01     2.22e-06   3503.559s
9012000 +3.22551229e+02 +3.21541922e+02  1.01e+00   2.02e+01     2.23e-06   3503.946s
9013000 +3.22550791e+02 +3.21542256e+02  1.01e+00   2.01e+01     2.23e-06   3504.333s
9014000 +3.22548555e+02 +3.21542547e+02  1.01e+00   2.01e+01     2.24e-06   3504.720s
9015000 +3.22548398e+02 +3.21542832e+02  1.01e+00   2.00e+01     2.24e-06   3505.108s
9016000 +3.22549044e+02 +3.21543111e+02  1.01e+00   2.00e+01     2.24e-06   3505.496s
9017000 +3.22546928e+02 +3.21543399e+02  1.00e+00   2.00e+01     2.24e-06   3505.883s
9018000 +3.22546195e+02 +3.21543681e+02  1.00e+00   1.99e+01     2.25e-06   3506.270s
9019000 +3.22547094e+02 +3.21543971e+02  1.00e+00   1.99e+01     2.25e-06   3506.658s
9020000 +3.22543124e+02 +3.21544284e+02  9.99e-01   1.98e+01     2.26e-06   3507.045s
9021000 +3.22541421e+02 +3.21544593e+02  9.97e-01   1.98e+01     2.26e-06   3507.432s
9022000 +3.22540384e+02 +3.21544921e+02  9.95e-01   1.98e+01     2.26e-06   3507.820s
9023000 +3.22541855e+02 +3.21545259e+02  9.97e-01   1.98e+01     2.26e-06   3508.207s
9024000 +3.22541228e+02 +3.21545576e+02  9.96e-01   1.99e+01     2.26e-06   3508.594s
9025000 +3.22542795e+02 +3.21545858e+02  9.97e-01   1.98e+01     2.27e-06   3508.982s
9026000 +3.22540519e+02 +3.21546165e+02  9.94e-01   1.98e+01     2.27e-06   3509.369s
9027000 +3.22536692e+02 +3.21546473e+02  9.90e-01   1.99e+01     2.27e-06   3509.757s
9028000 +3.22537956e+02 +3.21546787e+02  9.91e-01   1.97e+01     2.27e-06   3510.144s
9029000 +3.22536085e+02 +3.21547098e+02  9.89e-01   1.96e+01     2.28e-06   3510.532s
9030000 +3.22535819e+02 +3.21547419e+02  9.88e-01   1.97e+01     2.28e-06   3510.919s
9031000 +3.22536608e+02 +3.21547742e+02  9.89e-01   1.96e+01     2.28e-06   3511.307s
9032000 +3.22537118e+02 +3.21548067e+02  9.89e-01   1.96e+01     2.29e-06   3511.694s
9033000 +3.22537240e+02 +3.21548366e+02  9.89e-01   1.97e+01     2.29e-06   3512.082s
9034000 +3.22536387e+02 +3.21548659e+02  9.88e-01   1.96e+01     2.30e-06   3512.469s
9035000 +3.22535655e+02 +3.21548968e+02  9.87e-01   1.96e+01     2.30e-06   3512.856s
9036000 +3.22536593e+02 +3.21549257e+02  9.87e-01   1.96e+01     2.30e-06   3513.243s
9037000 +3.22534628e+02 +3.21549546e+02  9.85e-01   1.95e+01     2.30e-06   3513.631s
9038000 +3.22534869e+02 +3.21549858e+02  9.85e-01   1.94e+01     2.31e-06   3514.018s
9039000 +3.22535791e+02 +3.21550191e+02  9.86e-01   1.95e+01     2.31e-06   3514.406s
9040000 +3.22535885e+02 +3.21550516e+02  9.85e-01   1.94e+01     2.31e-06   3514.793s
9041000 +3.22533531e+02 +3.21550846e+02  9.83e-01   1.93e+01     2.32e-06   3515.180s
9042000 +3.22534304e+02 +3.21551143e+02  9.83e-01   1.93e+01     2.32e-06   3515.568s
9043000 +3.22533350e+02 +3.21551406e+02  9.82e-01   1.93e+01     2.32e-06   3515.955s
9044000 +3.22533146e+02 +3.21551675e+02  9.81e-01   1.93e+01     2.33e-06   3516.343s
9045000 +3.22532562e+02 +3.21551945e+02  9.81e-01   1.92e+01     2.33e-06   3516.730s
9046000 +3.22530777e+02 +3.21552209e+02  9.79e-01   1.91e+01     2.33e-06   3517.117s
9047000 +3.22530637e+02 +3.21552450e+02  9.78e-01   1.92e+01     2.33e-06   3517.505s
9048000 +3.22530758e+02 +3.21552717e+02  9.78e-01   1.91e+01     2.33e-06   3517.892s
9049000 +3.22530345e+02 +3.21552979e+02  9.77e-01   1.91e+01     2.34e-06   3518.279s
9050000 +3.22532063e+02 +3.21553242e+02  9.79e-01   1.91e+01     2.34e-06   3518.667s
9051000 +3.22529752e+02 +3.21553505e+02  9.76e-01   1.90e+01     2.34e-06   3519.054s
9052000 +3.22529119e+02 +3.21553767e+02  9.75e-01   1.89e+01     2.34e-06   3519.442s
9053000 +3.22526308e+02 +3.21554055e+02  9.72e-01   1.90e+01     2.35e-06   3519.829s
9054000 +3.22524038e+02 +3.21554310e+02  9.70e-01   1.89e+01     2.35e-06   3520.216s
9055000 +3.22523067e+02 +3.21554601e+02  9.68e-01   1.90e+01     2.35e-06   3520.603s
9056000 +3.22522071e+02 +3.21554863e+02  9.67e-01   1.91e+01     2.35e-06   3520.991s
9057000 +3.22522101e+02 +3.21555116e+02  9.67e-01   1.89e+01     2.36e-06   3521.378s
9058000 +3.22520883e+02 +3.21555337e+02  9.66e-01   1.90e+01     2.36e-06   3521.766s
9059000 +3.22522803e+02 +3.21555571e+02  9.67e-01   1.90e+01     2.36e-06   3522.153s
9060000 +3.22523686e+02 +3.21555783e+02  9.68e-01   1.89e+01     2.36e-06   3522.541s
9061000 +3.22521661e+02 +3.21555994e+02  9.66e-01   1.89e+01     2.36e-06   3522.928s
9062000 +3.22519683e+02 +3.21556215e+02  9.63e-01   1.90e+01     2.37e-06   3523.316s
9063000 +3.22518216e+02 +3.21556446e+02  9.62e-01   1.88e+01     2.37e-06   3523.703s
9064000 +3.22518706e+02 +3.21556647e+02  9.62e-01   1.88e+01     2.37e-06   3524.091s
9065000 +3.22522217e+02 +3.21556852e+02  9.65e-01   1.87e+01     2.37e-06   3524.478s
9066000 +3.22517719e+02 +3.21557090e+02  9.61e-01   1.89e+01     2.38e-06   3524.866s
9067000 +3.22520646e+02 +3.21557343e+02  9.63e-01   1.88e+01     2.37e-06   3525.253s
9068000 +3.22522551e+02 +3.21557627e+02  9.65e-01   1.88e+01     2.38e-06   3525.641s
9069000 +3.22523785e+02 +3.21557920e+02  9.66e-01   1.87e+01     2.38e-06   3526.028s
9070000 +3.22523819e+02 +3.21558198e+02  9.66e-01   1.89e+01     2.39e-06   3526.415s
9071000 +3.22520441e+02 +3.21558493e+02  9.62e-01   1.86e+01     2.39e-06   3526.802s
9072000 +3.22519179e+02 +3.21558772e+02  9.60e-01   1.86e+01     2.39e-06   3527.190s
9073000 +3.22513208e+02 +3.21559039e+02  9.54e-01   1.87e+01     2.39e-06   3527.577s
9074000 +3.22514560e+02 +3.21559314e+02  9.55e-01   1.85e+01     2.39e-06   3527.964s
9075000 +3.22514369e+02 +3.21559564e+02  9.55e-01   1.85e+01     2.40e-06   3528.352s
9076000 +3.22514428e+02 +3.21559824e+02  9.55e-01   1.86e+01     2.40e-06   3528.739s
9077000 +3.22514064e+02 +3.21560093e+02  9.54e-01   1.83e+01     2.40e-06   3529.126s
9078000 +3.22513433e+02 +3.21560355e+02  9.53e-01   1.84e+01     2.40e-06   3529.514s
9079000 +3.22511227e+02 +3.21560624e+02  9.51e-01   1.84e+01     2.40e-06   3529.902s
9080000 +3.22512485e+02 +3.21560905e+02  9.52e-01   1.85e+01     2.41e-06   3530.289s
9081000 +3.22507944e+02 +3.21561188e+02  9.47e-01   1.84e+01     2.41e-06   3530.677s
9082000 +3.22508461e+02 +3.21561421e+02  9.47e-01   1.83e+01     2.41e-06   3531.064s
9083000 +3.22506564e+02 +3.21561643e+02  9.45e-01   1.83e+01     2.41e-06   3531.452s
9084000 +3.22508867e+02 +3.21561913e+02  9.47e-01   1.82e+01     2.42e-06   3531.839s
9085000 +3.22507809e+02 +3.21562148e+02  9.46e-01   1.85e+01     2.42e-06   3532.226s
9086000 +3.22505822e+02 +3.21562371e+02  9.43e-01   1.83e+01     2.42e-06   3532.614s
9087000 +3.22502430e+02 +3.21562586e+02  9.40e-01   1.83e+01     2.42e-06   3533.001s
9088000 +3.22501154e+02 +3.21562810e+02  9.38e-01   1.85e+01     2.43e-06   3533.389s
9089000 +3.22503298e+02 +3.21563042e+02  9.40e-01   1.82e+01     2.43e-06   3533.776s
9090000 +3.22504213e+02 +3.21563274e+02  9.41e-01   1.83e+01     2.44e-06   3534.164s
9091000 +3.22504356e+02 +3.21563492e+02  9.41e-01   1.84e+01     2.44e-06   3534.551s
9092000 +3.22502262e+02 +3.21563709e+02  9.39e-01   1.87e+01     2.44e-06   3534.939s
9093000 +3.22500998e+02 +3.21563963e+02  9.37e-01   1.84e+01     2.44e-06   3535.326s
9094000 +3.22500901e+02 +3.21564165e+02  9.37e-01   1.86e+01     2.44e-06   3535.714s
9095000 +3.22499185e+02 +3.21564391e+02  9.35e-01   1.84e+01     2.45e-06   3536.101s
9096000 +3.22502702e+02 +3.21564598e+02  9.38e-01   1.82e+01     2.45e-06   3536.489s
9097000 +3.22500332e+02 +3.21564831e+02  9.36e-01   1.81e+01     2.45e-06   3536.876s
9098000 +3.22503355e+02 +3.21565042e+02  9.38e-01   1.82e+01     2.45e-06   3537.263s
9099000 +3.22504064e+02 +3.21565258e+02  9.39e-01   1.83e+01     2.45e-06   3537.651s
9100000 +3.22499623e+02 +3.21565450e+02  9.34e-01   1.79e+01     2.45e-06   3538.038s
9101000 +3.22500598e+02 +3.21565641e+02  9.35e-01   1.79e+01     2.46e-06   3538.425s
9102000 +3.22498630e+02 +3.21565840e+02  9.33e-01   1.79e+01     2.46e-06   3538.813s
9103000 +3.22499246e+02 +3.21566019e+02  9.33e-01   1.81e+01     2.46e-06   3539.200s
9104000 +3.22498935e+02 +3.21566210e+02  9.33e-01   1.79e+01     2.46e-06   3539.588s
9105000 +3.22499163e+02 +3.21566414e+02  9.33e-01   1.81e+01     2.46e-06   3539.975s
9106000 +3.22496561e+02 +3.21566587e+02  9.30e-01   1.79e+01     2.46e-06   3540.363s
9107000 +3.22497191e+02 +3.21566800e+02  9.30e-01   1.77e+01     2.46e-06   3540.750s
9108000 +3.22495089e+02 +3.21567004e+02  9.28e-01   1.82e+01     2.46e-06   3541.138s
9109000 +3.22496742e+02 +3.21567202e+02  9.30e-01   1.80e+01     2.46e-06   3541.525s
9110000 +3.22493891e+02 +3.21567387e+02  9.27e-01   1.76e+01     2.46e-06   3541.913s
9111000 +3.22492324e+02 +3.21567586e+02  9.25e-01   1.79e+01     2.47e-06   3542.300s
9112000 +3.22495053e+02 +3.21567788e+02  9.27e-01   1.83e+01     2.47e-06   3542.688s
9113000 +3.22493743e+02 +3.21567991e+02  9.26e-01   1.80e+01     2.47e-06   3543.075s
9114000 +3.22490009e+02 +3.21568214e+02  9.22e-01   1.81e+01     2.48e-06   3543.463s
9115000 +3.22489867e+02 +3.21568426e+02  9.21e-01   1.78e+01     2.48e-06   3543.850s
9116000 +3.22491393e+02 +3.21568660e+02  9.23e-01   1.78e+01     2.48e-06   3544.238s
9117000 +3.22487332e+02 +3.21568891e+02  9.18e-01   1.77e+01     2.48e-06   3544.625s
9118000 +3.22489830e+02 +3.21569118e+02  9.21e-01   1.81e+01     2.48e-06   3545.012s
9119000 +3.22489247e+02 +3.21569352e+02  9.20e-01   1.79e+01     2.48e-06   3545.400s
9120000 +3.22488791e+02 +3.21569565e+02  9.19e-01   1.82e+01     2.49e-06   3545.787s
9121000 +3.22486875e+02 +3.21569779e+02  9.17e-01   1.82e+01     2.49e-06   3546.175s
9122000 +3.22490087e+02 +3.21569986e+02  9.20e-01   1.81e+01     2.49e-06   3546.562s
9123000 +3.22487095e+02 +3.21570214e+02  9.17e-01   1.81e+01     2.49e-06   3546.949s
9124000 +3.22492310e+02 +3.21570453e+02  9.22e-01   1.84e+01     2.49e-06   3547.337s
9125000 +3.22491063e+02 +3.21570695e+02  9.20e-01   1.81e+01     2.50e-06   3547.725s
9126000 +3.22487533e+02 +3.21570942e+02  9.17e-01   1.81e+01     2.50e-06   3548.112s
9127000 +3.22485690e+02 +3.21571165e+02  9.15e-01   1.81e+01     2.50e-06   3548.499s
9128000 +3.22484704e+02 +3.21571392e+02  9.13e-01   1.77e+01     2.50e-06   3548.887s
9129000 +3.22482737e+02 +3.21571630e+02  9.11e-01   1.81e+01     2.51e-06   3549.274s
9130000 +3.22479852e+02 +3.21572113e+02  9.08e-01   1.94e+01     2.53e-06   3549.662s
9131000 +3.22479356e+02 +3.21572971e+02  9.06e-01   1.91e+01     2.56e-06   3550.050s
9132000 +3.22479445e+02 +3.21573869e+02  9.06e-01   1.89e+01     2.57e-06   3550.437s
9133000 +3.22479121e+02 +3.21574779e+02  9.04e-01   1.94e+01     2.59e-06   3550.825s
9134000 +3.22478926e+02 +3.21575695e+02  9.03e-01   1.93e+01     2.60e-06   3551.212s
9135000 +3.22478180e+02 +3.21576601e+02  9.02e-01   1.89e+01     2.60e-06   3551.600s
9136000 +3.22477024e+02 +3.21577455e+02  9.00e-01   1.86e+01     2.61e-06   3551.987s
9137000 +3.22476607e+02 +3.21578317e+02  8.98e-01   1.87e+01     2.61e-06   3552.374s
9138000 +3.22476633e+02 +3.21579195e+02  8.97e-01   1.92e+01     2.62e-06   3552.762s
9139000 +3.22478188e+02 +3.21580056e+02  8.98e-01   1.84e+01     2.63e-06   3553.149s
9140000 +3.22476435e+02 +3.21580939e+02  8.95e-01   1.80e+01     2.64e-06   3553.537s
9141000 +3.22476705e+02 +3.21581832e+02  8.95e-01   1.84e+01     2.66e-06   3553.924s
9142000 +3.22476045e+02 +3.21582732e+02  8.93e-01   1.85e+01     2.67e-06   3554.311s
9143000 +3.22475798e+02 +3.21583633e+02  8.92e-01   1.88e+01     2.68e-06   3554.698s
9144000 +3.22473434e+02 +3.21584490e+02  8.89e-01   1.85e+01     2.69e-06   3555.085s
9145000 +3.22472750e+02 +3.21585381e+02  8.87e-01   1.84e+01     2.70e-06   3555.472s
9146000 +3.22474193e+02 +3.21586261e+02  8.88e-01   1.87e+01     2.72e-06   3555.860s
9147000 +3.22471928e+02 +3.21587102e+02  8.85e-01   1.88e+01     2.73e-06   3556.247s
9148000 +3.22470406e+02 +3.21587983e+02  8.82e-01   1.83e+01     2.74e-06   3556.635s
9149000 +3.22468333e+02 +3.21588851e+02  8.79e-01   1.78e+01     2.75e-06   3557.022s
9150000 +3.22468324e+02 +3.21589766e+02  8.79e-01   1.72e+01     2.77e-06   3557.409s
9151000 +3.22465238e+02 +3.21590706e+02  8.75e-01   1.82e+01     2.78e-06   3557.797s
9152000 +3.22465587e+02 +3.21591631e+02  8.74e-01   1.77e+01     2.79e-06   3558.185s
9153000 +3.22465383e+02 +3.21592552e+02  8.73e-01   1.81e+01     2.81e-06   3558.572s
9154000 +3.22464372e+02 +3.21593470e+02  8.71e-01   1.78e+01     2.82e-06   3558.960s
9155000 +3.22466380e+02 +3.21594393e+02  8.72e-01   1.81e+01     2.84e-06   3559.347s
9156000 +3.22463849e+02 +3.21595261e+02  8.69e-01   1.77e+01     2.85e-06   3559.735s
9157000 +3.22463661e+02 +3.21596125e+02  8.68e-01   1.78e+01     2.86e-06   3560.122s
9158000 +3.22465311e+02 +3.21596958e+02  8.68e-01   1.80e+01     2.88e-06   3560.510s
9159000 +3.22465370e+02 +3.21597851e+02  8.68e-01   1.72e+01     2.91e-06   3560.897s
9160000 +3.22462869e+02 +3.21598747e+02  8.64e-01   1.69e+01     2.92e-06   3561.285s
9161000 +3.22462575e+02 +3.21599685e+02  8.63e-01   1.71e+01     2.93e-06   3561.672s
9162000 +3.22462581e+02 +3.21600659e+02  8.62e-01   1.74e+01     2.94e-06   3562.059s
9163000 +3.22464969e+02 +3.21601604e+02  8.63e-01   1.74e+01     2.95e-06   3562.447s
9164000 +3.22465577e+02 +3.21602544e+02  8.63e-01   1.73e+01     2.96e-06   3562.834s
9165000 +3.22464412e+02 +3.21603437e+02  8.61e-01   1.67e+01     2.97e-06   3563.221s
9166000 +3.22462680e+02 +3.21604390e+02  8.58e-01   1.72e+01     2.99e-06   3563.609s
9167000 +3.22461325e+02 +3.21605356e+02  8.56e-01   1.70e+01     3.00e-06   3563.997s
9168000 +3.22460819e+02 +3.21606326e+02  8.54e-01   1.68e+01     3.01e-06   3564.384s
9169000 +3.22461253e+02 +3.21607245e+02  8.54e-01   1.69e+01     3.03e-06   3564.771s
9170000 +3.22458950e+02 +3.21608154e+02  8.51e-01   1.74e+01     3.05e-06   3565.159s
9171000 +3.22458468e+02 +3.21609068e+02  8.49e-01   1.69e+01     3.06e-06   3565.547s
9172000 +3.22458806e+02 +3.21609928e+02  8.49e-01   1.70e+01     3.07e-06   3565.934s
9173000 +3.22456323e+02 +3.21610818e+02  8.46e-01   1.73e+01     3.08e-06   3566.322s
9174000 +3.22456543e+02 +3.21611757e+02  8.45e-01   1.70e+01     3.09e-06   3566.709s
9175000 +3.22455325e+02 +3.21612600e+02  8.43e-01   1.72e+01     3.10e-06   3567.096s
9176000 +3.22452683e+02 +3.21613510e+02  8.39e-01   1.70e+01     3.11e-06   3567.484s
9177000 +3.22455150e+02 +3.21614379e+02  8.41e-01   1.70e+01     3.13e-06   3567.871s
9178000 +3.22451125e+02 +3.21615271e+02  8.36e-01   1.65e+01     3.15e-06   3568.259s
9179000 +3.22451005e+02 +3.21616139e+02  8.35e-01   1.64e+01     3.16e-06   3568.646s
9180000 +3.22453361e+02 +3.21616977e+02  8.36e-01   1.71e+01     3.17e-06   3569.034s
9181000 +3.22451388e+02 +3.21617953e+02  8.33e-01   1.64e+01     3.18e-06   3569.421s
9182000 +3.22449471e+02 +3.21618790e+02  8.31e-01   1.67e+01     3.19e-06   3569.809s
9183000 +3.22448811e+02 +3.21619774e+02  8.29e-01   1.67e+01     3.20e-06   3570.196s
9184000 +3.22445378e+02 +3.21620701e+02  8.25e-01   1.63e+01     3.22e-06   3570.584s
9185000 +3.22443618e+02 +3.21621552e+02  8.22e-01   1.65e+01     3.23e-06   3570.971s
9186000 +3.22442219e+02 +3.21622410e+02  8.20e-01   1.67e+01     3.24e-06   3571.358s
9187000 +3.22442308e+02 +3.21623334e+02  8.19e-01   1.66e+01     3.25e-06   3571.746s
9188000 +3.22439453e+02 +3.21624213e+02  8.15e-01   1.69e+01     3.27e-06   3572.133s
9189000 +3.22440965e+02 +3.21625086e+02  8.16e-01   1.61e+01     3.28e-06   3572.521s
9190000 +3.22443537e+02 +3.21626017e+02  8.18e-01   1.62e+01     3.30e-06   3572.909s
9191000 +3.22440576e+02 +3.21626946e+02  8.14e-01   1.63e+01     3.32e-06   3573.296s
9192000 +3.22440620e+02 +3.21627850e+02  8.13e-01   1.62e+01     3.32e-06   3573.684s
9193000 +3.22438522e+02 +3.21628725e+02  8.10e-01   1.68e+01     3.34e-06   3574.071s
9194000 +3.22439623e+02 +3.21629628e+02  8.10e-01   1.62e+01     3.35e-06   3574.459s
9195000 +3.22436287e+02 +3.21630483e+02  8.06e-01   1.67e+01     3.36e-06   3574.846s
9196000 +3.22433519e+02 +3.21631413e+02  8.02e-01   1.60e+01     3.37e-06   3575.233s
9197000 +3.22430559e+02 +3.21632272e+02  7.98e-01   1.61e+01     3.38e-06   3575.620s
9198000 +3.22431164e+02 +3.21633235e+02  7.98e-01   1.57e+01     3.39e-06   3576.008s
9199000 +3.22428558e+02 +3.21634126e+02  7.94e-01   1.60e+01     3.41e-06   3576.396s
9200000 +3.22430586e+02 +3.21634975e+02  7.96e-01   1.60e+01     3.42e-06   3576.783s
9201000 +3.22430818e+02 +3.21635897e+02  7.95e-01   1.61e+01     3.43e-06   3577.170s
9202000 +3.22429036e+02 +3.21636726e+02  7.92e-01   1.57e+01     3.45e-06   3577.558s
9203000 +3.22425626e+02 +3.21637554e+02  7.88e-01   1.60e+01     3.46e-06   3577.946s
9204000 +3.22425265e+02 +3.21638400e+02  7.87e-01   1.59e+01     3.48e-06   3578.333s
9205000 +3.22422267e+02 +3.21639301e+02  7.83e-01   1.56e+01     3.49e-06   3578.720s
9206000 +3.22424843e+02 +3.21640243e+02  7.85e-01   1.57e+01     3.50e-06   3579.108s
9207000 +3.22423990e+02 +3.21641191e+02  7.83e-01   1.62e+01     3.51e-06   3579.495s
9208000 +3.22423921e+02 +3.21642121e+02  7.82e-01   1.59e+01     3.52e-06   3579.882s
9209000 +3.22421973e+02 +3.21642967e+02  7.79e-01   1.57e+01     3.54e-06   3580.270s
9210000 +3.22420456e+02 +3.21643841e+02  7.77e-01   1.57e+01     3.55e-06   3580.657s
9211000 +3.22417775e+02 +3.21644765e+02  7.73e-01   1.57e+01     3.56e-06   3581.045s
9212000 +3.22420506e+02 +3.21645669e+02  7.75e-01   1.56e+01     3.57e-06   3581.432s
9213000 +3.22417288e+02 +3.21646616e+02  7.71e-01   1.56e+01     3.58e-06   3581.819s
9214000 +3.22416651e+02 +3.21647547e+02  7.69e-01   1.57e+01     3.60e-06   3582.207s
9215000 +3.22417997e+02 +3.21648399e+02  7.70e-01   1.57e+01     3.61e-06   3582.595s
9216000 +3.22415587e+02 +3.21649288e+02  7.66e-01   1.56e+01     3.62e-06   3582.982s
9217000 +3.22414900e+02 +3.21650216e+02  7.65e-01   1.54e+01     3.63e-06   3583.370s
9218000 +3.22416791e+02 +3.21651139e+02  7.66e-01   1.55e+01     3.65e-06   3583.757s
9219000 +3.22417386e+02 +3.21652057e+02  7.65e-01   1.55e+01     3.66e-06   3584.144s
9220000 +3.22417779e+02 +3.21652903e+02  7.65e-01   1.58e+01     3.68e-06   3584.532s
9221000 +3.22416199e+02 +3.21653812e+02  7.62e-01   1.53e+01     3.69e-06   3584.919s
9222000 +3.22416348e+02 +3.21654618e+02  7.62e-01   1.54e+01     3.70e-06   3585.307s
9223000 +3.22415904e+02 +3.21655468e+02  7.60e-01   1.52e+01     3.71e-06   3585.694s
9224000 +3.22412841e+02 +3.21656399e+02  7.56e-01   1.51e+01     3.72e-06   3586.082s
9225000 +3.22413244e+02 +3.21657341e+02  7.56e-01   1.55e+01     3.73e-06   3586.469s
9226000 +3.22410176e+02 +3.21658248e+02  7.52e-01   1.53e+01     3.74e-06   3586.857s
9227000 +3.22407839e+02 +3.21659059e+02  7.49e-01   1.50e+01     3.75e-06   3587.244s
9228000 +3.22408204e+02 +3.21659842e+02  7.48e-01   1.54e+01     3.77e-06   3587.631s
9229000 +3.22413110e+02 +3.21660683e+02  7.52e-01   1.53e+01     3.78e-06   3588.019s
9230000 +3.22408027e+02 +3.21661553e+02  7.46e-01   1.53e+01     3.79e-06   3588.406s
9231000 +3.22407380e+02 +3.21662365e+02  7.45e-01   1.49e+01     3.80e-06   3588.794s
9232000 +3.22406683e+02 +3.21663078e+02  7.44e-01   1.50e+01     3.81e-06   3589.181s
9233000 +3.22405051e+02 +3.21663775e+02  7.41e-01   1.53e+01     3.82e-06   3589.569s
9234000 +3.22402873e+02 +3.21664460e+02  7.38e-01   1.52e+01     3.83e-06   3589.957s
9235000 +3.22403451e+02 +3.21665133e+02  7.38e-01   1.52e+01     3.84e-06   3590.344s
9236000 +3.22403274e+02 +3.21665822e+02  7.37e-01   1.51e+01     3.85e-06   3590.732s
9237000 +3.22403906e+02 +3.21666519e+02  7.37e-01   1.50e+01     3.86e-06   3591.119s
9238000 +3.22406130e+02 +3.21667179e+02  7.39e-01   1.55e+01     3.86e-06   3591.507s
9239000 +3.22402166e+02 +3.21667893e+02  7.34e-01   1.51e+01     3.87e-06   3591.894s
9240000 +3.22401007e+02 +3.21668569e+02  7.32e-01   1.51e+01     3.88e-06   3592.282s
9241000 +3.22401115e+02 +3.21669294e+02  7.32e-01   1.52e+01     3.89e-06   3592.669s
9242000 +3.22403370e+02 +3.21670016e+02  7.33e-01   1.52e+01     3.91e-06   3593.057s
9243000 +3.22402836e+02 +3.21670627e+02  7.32e-01   1.52e+01     3.92e-06   3593.444s
9244000 +3.22402177e+02 +3.21671333e+02  7.31e-01   1.49e+01     3.93e-06   3593.832s
9245000 +3.22397290e+02 +3.21672023e+02  7.25e-01   1.49e+01     3.94e-06   3594.219s
9246000 +3.22398320e+02 +3.21672715e+02  7.26e-01   1.53e+01     3.95e-06   3594.607s
9247000 +3.22398658e+02 +3.21673372e+02  7.25e-01   1.54e+01     3.96e-06   3594.994s
9248000 +3.22396959e+02 +3.21674044e+02  7.23e-01   1.51e+01     3.98e-06   3595.381s
9249000 +3.22395206e+02 +3.21674785e+02  7.20e-01   1.50e+01     3.99e-06   3595.768s
9250000 +3.22395940e+02 +3.21675485e+02  7.20e-01   1.50e+01     4.00e-06   3596.156s
9251000 +3.22396412e+02 +3.21676141e+02  7.20e-01   1.49e+01     4.01e-06   3596.543s
9252000 +3.22392266e+02 +3.21676806e+02  7.15e-01   1.49e+01     4.02e-06   3596.931s
9253000 +3.22388963e+02 +3.21677451e+02  7.12e-01   1.46e+01     4.03e-06   3597.318s
9254000 +3.22388226e+02 +3.21678075e+02  7.10e-01   1.48e+01     4.05e-06   3597.706s
9255000 +3.22386219e+02 +3.21678728e+02  7.07e-01   1.49e+01     4.06e-06   3598.094s
9256000 +3.22387000e+02 +3.21679328e+02  7.08e-01   1.47e+01     4.07e-06   3598.481s
9257000 +3.22385208e+02 +3.21679965e+02  7.05e-01   1.47e+01     4.08e-06   3598.868s
9258000 +3.22385028e+02 +3.21680621e+02  7.04e-01   1.47e+01     4.09e-06   3599.256s
9259000 +3.22383257e+02 +3.21681291e+02  7.02e-01   1.47e+01     4.10e-06   3599.643s
9260000 +3.22380546e+02 +3.21681912e+02  6.99e-01   1.46e+01     4.10e-06   3600.031s
PDLP finished
Status: Time Limit   Objective: 3.22380546e+02  Iterations: 9260000  Time: 3600.036s

### exit_code=0
### finished=2026-07-29T21:29:40.252145
### gpu_peak_mb=7578.4
### gpu_peak2_mb=0.0
### per_gpu_peak_mb=[7578.375]
