### solver=cuopt-base
### instance=/home/scratch.vmostovoi_gpu/datasets/big_lp/google/heat-source-hard.mps
### n_gpus=1
### CUDA_VISIBLE_DEVICES=0
### started=2026-07-24T06:01:08.867424
### argv=/home/scratch.vmostovoi_gpu/mostovoi_cuopt/cpp/build/cuopt_cli --method 1 --mps-reader experimental-fast --time-limit 3600 --iteration-limit 1000000000 --relative-primal-tolerance 1e-6 --relative-dual-tolerance 1e-6 --relative-gap-tolerance 1e-6 --log-to-console true /home/scratch.vmostovoi_gpu/datasets/big_lp/google/heat-source-hard.mps
### --- solver output ---
Setting parameter iteration_limit to 1000000000
Setting parameter log_to_console to true
Setting parameter method to 1
Setting parameter relative_dual_tolerance to 1.000000e-06
Setting parameter relative_gap_tolerance to 1.000000e-06
Setting parameter relative_primal_tolerance to 1.000000e-06
Setting parameter time_limit to 3.600000e+03
Reading file heat-source-hard.mps
Using experimental fast MPS parser for '/home/scratch.vmostovoi_gpu/datasets/big_lp/google/heat-source-hard.mps'
Read file heat-source-hard.mps in 5.62 seconds
cuOpt version: 26.8.0, git hash: 7116ead1, host arch: x86_64, device archs: 100a-real
CPU: INTEL(R) XEON(R) PLATINUM 8570, threads (physical/logical): 112/224, RAM: 1208.66 GiB
CUDA 13.3, device: NVIDIA B200 (ID 0), VRAM: 178.34 GiB
CUDA device UUID: 5b3b2195-5d98-9774-145e-bfc9011037d7
Solving a problem with 15625000 constraints, 31628008 variables (0 integers), and 125000000 nonzeros
Problem scaling:
Objective coefficents range:          [1e+00, 1e+00]
Constraint matrix coefficients range: [1e+00, 4e+05]
Constraint rhs / bounds range:        [0e+00, 0e+00]
Variable bounds range:                [1e-03, 5e-01]

Using PSLP presolver
PSLP Presolved problem: 15625000 constraints, 15624900 variables, 108999302 non-zeros
PSLP presolve time: 16.24s
Objective offset 0.000000 scaling_factor 1.000000
   Iter    Primal Obj.      Dual Obj.    Gap        Primal Res.  Dual Res.   Time
      0 +0.00000000e+00 +0.00000000e+00  0.00e+00   4.92e+05     9.06e+06   23.907s
   1000 +1.50584965e+06 +2.36442374e+08  2.35e+08   9.87e+04     1.14e+06   25.127s
   2000 +5.58666548e+06 +6.06556557e+08  6.01e+08   7.67e+04     2.11e+06   26.137s
   3000 +1.31155824e+07 +1.12866041e+09  1.12e+09   6.20e+04     3.45e+06   27.147s
   4000 +2.34733935e+07 +1.53232376e+09  1.51e+09   5.05e+04     4.23e+06   28.156s
   5000 +3.41708867e+07 +1.79571782e+09  1.76e+09   4.19e+04     4.77e+06   29.164s
   6000 +4.49229508e+07 +1.87557752e+09  1.83e+09   3.40e+04     4.92e+06   30.175s
   7000 +5.56211106e+07 +1.87391407e+09  1.82e+09   3.05e+04     4.95e+06   31.181s
   8000 +6.44554063e+07 +1.75709332e+09  1.69e+09   2.99e+04     4.59e+06   32.190s
   9000 +7.06283632e+07 +1.57103226e+09  1.50e+09   3.01e+04     4.02e+06   33.198s
  10000 +7.99264727e+07 +1.42896891e+09  1.35e+09   3.54e+04     3.68e+06   34.209s
  11000 +8.72250423e+07 +1.25169602e+09  1.16e+09   4.09e+04     3.28e+06   35.206s
  12000 +9.05953687e+07 +1.03689743e+09  9.46e+08   4.34e+04     2.87e+06   36.205s
  13000 +8.90702295e+07 +8.19267909e+08  7.30e+08   4.27e+04     2.51e+06   37.203s
  14000 +8.47090192e+07 +6.29346591e+08  5.45e+08   4.02e+04     2.20e+06   38.201s
  15000 +8.17122875e+07 +4.71261105e+08  3.90e+08   3.95e+04     2.01e+06   39.201s
  16000 +8.00590084e+07 +3.30404746e+08  2.50e+08   3.91e+04     1.88e+06   40.198s
  17000 +7.74393058e+07 +2.11976807e+08  1.35e+08   3.72e+04     1.80e+06   41.195s
  18000 +7.44063863e+07 +1.19124292e+08  4.47e+07   3.43e+04     1.71e+06   42.193s
  19000 +7.05269879e+07 +4.85461064e+07  2.20e+07   3.06e+04     1.64e+06   43.192s
  20000 +6.68538742e+07 -1.25783515e+06  6.81e+07   2.69e+04     1.55e+06   44.190s
  21000 +6.28910494e+07 -3.55002119e+07  9.84e+07   2.37e+04     1.44e+06   45.189s
  22000 +5.82920132e+07 -5.51534682e+07  1.13e+08   2.17e+04     1.29e+06   46.188s
  23000 +5.48280911e+07 -7.36887349e+07  1.29e+08   2.08e+04     1.17e+06   47.189s
  24000 +5.29459076e+07 -1.00777198e+08  1.54e+08   2.09e+04     1.11e+06   48.189s
  25000 +5.07838956e+07 -1.14103691e+08  1.65e+08   2.10e+04     1.03e+06   49.188s
  26000 +4.83585643e+07 -1.18064588e+08  1.66e+08   2.11e+04     8.98e+05   50.187s
  27000 +4.57517342e+07 -1.14616955e+08  1.60e+08   2.08e+04     7.78e+05   51.188s
  28000 +4.32010896e+07 -1.10926247e+08  1.54e+08   2.00e+04     6.82e+05   52.188s
  29000 +4.13447275e+07 -1.12126954e+08  1.53e+08   1.86e+04     6.68e+05   53.188s
  30000 +4.07711132e+07 -1.14906548e+08  1.56e+08   1.67e+04     6.63e+05   54.189s
  31000 +4.18122610e+07 -1.16148521e+08  1.58e+08   1.38e+04     6.67e+05   55.190s
  32000 +4.30968500e+07 -1.18114373e+08  1.61e+08   1.13e+04     6.41e+05   56.190s
  33000 +4.36690008e+07 -1.15438212e+08  1.59e+08   9.73e+03     5.90e+05   57.191s
  34000 +4.32867010e+07 -1.03294910e+08  1.47e+08   8.73e+03     5.44e+05   58.191s
  35000 +4.25314171e+07 -8.39312219e+07  1.26e+08   8.00e+03     5.04e+05   59.192s
  36000 +4.24539886e+07 -6.58779995e+07  1.08e+08   7.41e+03     5.01e+05   60.194s
  37000 +4.31962561e+07 -5.05335025e+07  9.37e+07   6.72e+03     5.18e+05   61.194s
  38000 +4.39763886e+07 -3.63265247e+07  8.03e+07   6.16e+03     5.14e+05   62.195s
  39000 +4.43726855e+07 -2.26694163e+07  6.70e+07   5.78e+03     4.99e+05   63.194s
  40000 +4.49058404e+07 -9.43067559e+06  5.43e+07   5.42e+03     4.53e+05   64.195s
  41000 +4.55377549e+07 +1.39765532e+06  4.41e+07   4.84e+03     4.33e+05   65.196s
  42000 +4.59882799e+07 +7.78505425e+06  3.82e+07   4.38e+03     4.11e+05   66.196s
  43000 +4.61184979e+07 +9.85217384e+06  3.63e+07   4.12e+03     3.85e+05   67.196s
  44000 +4.60081416e+07 +9.79182502e+06  3.62e+07   3.96e+03     3.59e+05   68.196s
  45000 +4.57638763e+07 +1.02727072e+07  3.55e+07   3.80e+03     3.40e+05   69.197s
  46000 +4.53718749e+07 +1.21959324e+07  3.32e+07   3.65e+03     3.26e+05   70.197s
  47000 +4.48486164e+07 +1.64083819e+07  2.84e+07   3.54e+03     3.14e+05   71.197s
  48000 +4.44147486e+07 +2.24433778e+07  2.20e+07   3.41e+03     3.06e+05   72.198s
  49000 +4.41976432e+07 +2.96677814e+07  1.45e+07   3.25e+03     3.00e+05   73.197s
  50000 +4.41435924e+07 +3.60919038e+07  8.05e+06   3.06e+03     2.95e+05   74.197s
  51000 +4.43122864e+07 +4.06916233e+07  3.62e+06   2.89e+03     2.87e+05   75.198s
  52000 +4.45177636e+07 +4.32610896e+07  1.26e+06   2.77e+03     2.76e+05   76.198s
  53000 +4.46423980e+07 +4.49242233e+07  2.82e+05   2.69e+03     2.64e+05   77.199s
  54000 +4.46774313e+07 +4.61693770e+07  1.49e+06   2.65e+03     2.53e+05   78.199s
  55000 +4.46384722e+07 +4.79786328e+07  3.34e+06   2.63e+03     2.43e+05   79.200s
  56000 +4.47016496e+07 +5.14983303e+07  6.80e+06   2.64e+03     2.37e+05   80.201s
  57000 +4.48804261e+07 +5.55670197e+07  1.07e+07   2.65e+03     2.33e+05   81.204s
  58000 +4.50355202e+07 +5.94099994e+07  1.44e+07   2.65e+03     2.30e+05   82.207s
  59000 +4.51893580e+07 +6.28663216e+07  1.77e+07   2.64e+03     2.26e+05   83.210s
  60000 +4.53121841e+07 +6.57484425e+07  2.04e+07   2.62e+03     2.22e+05   84.212s
  61000 +4.53753779e+07 +6.78902745e+07  2.25e+07   2.58e+03     2.19e+05   85.214s
  62000 +4.53533127e+07 +6.95230563e+07  2.42e+07   2.53e+03     2.17e+05   86.215s
  63000 +4.52971001e+07 +7.12645725e+07  2.60e+07   2.47e+03     2.15e+05   87.217s
  64000 +4.52960181e+07 +7.29367099e+07  2.76e+07   2.41e+03     2.12e+05   88.218s
  65000 +4.52931059e+07 +7.42528760e+07  2.90e+07   2.34e+03     2.10e+05   89.219s
  66000 +4.52706779e+07 +7.52782028e+07  3.00e+07   2.25e+03     2.09e+05   90.220s
  67000 +4.52354539e+07 +7.63897480e+07  3.12e+07   2.15e+03     2.09e+05   91.222s
  68000 +4.52070961e+07 +7.73551807e+07  3.21e+07   2.07e+03     2.08e+05   92.225s
  69000 +4.51989075e+07 +7.80645512e+07  3.29e+07   1.99e+03     2.07e+05   93.228s
  70000 +4.53265368e+07 +7.76871942e+07  3.24e+07   1.92e+03     1.96e+05   94.231s
  71000 +4.54586347e+07 +7.31993069e+07  2.77e+07   1.90e+03     1.80e+05   95.233s
  72000 +4.54652617e+07 +6.63915533e+07  2.09e+07   1.88e+03     1.60e+05   96.235s
  73000 +4.54270496e+07 +5.98584648e+07  1.44e+07   1.80e+03     1.43e+05   97.237s
  74000 +4.54083495e+07 +5.59333286e+07  1.05e+07   1.68e+03     1.33e+05   98.239s
  75000 +4.53974509e+07 +5.53196941e+07  9.92e+06   1.60e+03     1.29e+05   99.240s
  76000 +4.53585320e+07 +5.74682876e+07  1.21e+07   1.59e+03     1.26e+05   100.242s
  77000 +4.54223709e+07 +6.03842326e+07  1.50e+07   1.62e+03     1.20e+05   101.246s
  78000 +4.56084838e+07 +6.16078477e+07  1.60e+07   1.65e+03     1.17e+05   102.249s
  79000 +4.57913156e+07 +6.17650869e+07  1.60e+07   1.70e+03     1.10e+05   103.252s
  80000 +4.59716152e+07 +6.13534941e+07  1.54e+07   1.73e+03     1.03e+05   104.254s
  81000 +4.60801014e+07 +6.08006599e+07  1.47e+07   1.74e+03     9.82e+04   105.256s
  82000 +4.61219682e+07 +6.03489951e+07  1.42e+07   1.73e+03     9.44e+04   106.257s
  83000 +4.61059842e+07 +6.02473637e+07  1.41e+07   1.71e+03     9.17e+04   107.259s
  84000 +4.60727379e+07 +6.06394920e+07  1.46e+07   1.69e+03     8.91e+04   108.260s
  85000 +4.60166350e+07 +6.14181613e+07  1.54e+07   1.66e+03     8.74e+04   109.262s
  86000 +4.59282145e+07 +6.21951960e+07  1.63e+07   1.62e+03     8.67e+04   110.266s
  87000 +4.58207195e+07 +6.28890935e+07  1.71e+07   1.58e+03     8.65e+04   111.268s
  88000 +4.57179434e+07 +6.34152272e+07  1.77e+07   1.54e+03     8.66e+04   112.271s
  89000 +4.56354675e+07 +6.37681440e+07  1.81e+07   1.49e+03     8.68e+04   113.273s
  90000 +4.55766814e+07 +6.39168597e+07  1.83e+07   1.43e+03     8.70e+04   114.276s
  91000 +4.54990687e+07 +6.38885331e+07  1.84e+07   1.40e+03     8.62e+04   115.278s
  92000 +4.54133543e+07 +6.39873142e+07  1.86e+07   1.37e+03     8.58e+04   116.280s
  93000 +4.53435030e+07 +6.38881106e+07  1.85e+07   1.34e+03     8.55e+04   117.282s
  94000 +4.52698494e+07 +6.35559104e+07  1.83e+07   1.32e+03     8.51e+04   118.285s
  95000 +4.52006725e+07 +6.32924931e+07  1.81e+07   1.31e+03     8.47e+04   119.288s
  96000 +4.51696369e+07 +6.32079225e+07  1.80e+07   1.31e+03     8.30e+04   120.291s
  97000 +4.51484107e+07 +6.31158993e+07  1.80e+07   1.30e+03     8.19e+04   121.293s
  98000 +4.51274168e+07 +6.31242194e+07  1.80e+07   1.29e+03     8.13e+04   122.295s
  99000 +4.51155292e+07 +6.31500577e+07  1.80e+07   1.29e+03     8.08e+04   123.297s
 100000 +4.50997682e+07 +6.32875979e+07  1.82e+07   1.28e+03     8.05e+04   124.299s
 101000 +4.50792300e+07 +6.35701197e+07  1.85e+07   1.27e+03     8.03e+04   125.301s
 102000 +4.50593594e+07 +6.39727101e+07  1.89e+07   1.26e+03     8.01e+04   126.303s
 103000 +4.50446889e+07 +6.44062983e+07  1.94e+07   1.26e+03     7.99e+04   127.307s
 104000 +4.50491028e+07 +6.48571242e+07  1.98e+07   1.25e+03     7.96e+04   128.310s
 105000 +4.50467516e+07 +6.53001428e+07  2.03e+07   1.24e+03     7.95e+04   129.313s
 106000 +4.50509939e+07 +6.57156061e+07  2.07e+07   1.23e+03     7.93e+04   130.315s
 107000 +4.50584746e+07 +6.59637231e+07  2.09e+07   1.22e+03     7.92e+04   131.318s
 108000 +4.50551777e+07 +6.59490801e+07  2.09e+07   1.21e+03     7.91e+04   132.320s
 109000 +4.50538088e+07 +6.59347852e+07  2.09e+07   1.20e+03     7.90e+04   133.322s
 110000 +4.50497904e+07 +6.58035842e+07  2.08e+07   1.19e+03     7.88e+04   134.325s
 111000 +4.50410698e+07 +6.55830309e+07  2.05e+07   1.18e+03     7.87e+04   135.328s
 112000 +4.50312091e+07 +6.53455203e+07  2.03e+07   1.17e+03     7.87e+04   136.331s
 113000 +4.50300270e+07 +6.51447373e+07  2.01e+07   1.16e+03     7.87e+04   137.334s
 114000 +4.50558041e+07 +6.50212741e+07  2.00e+07   1.15e+03     7.83e+04   138.336s
 115000 +4.50908004e+07 +6.51566551e+07  2.01e+07   1.14e+03     7.80e+04   139.338s
 116000 +4.51061180e+07 +6.52730966e+07  2.02e+07   1.13e+03     7.78e+04   140.340s
 117000 +4.51173194e+07 +6.53205794e+07  2.02e+07   1.12e+03     7.75e+04   141.342s
 118000 +4.51426981e+07 +6.54358484e+07  2.03e+07   1.12e+03     7.72e+04   142.346s
 119000 +4.51741929e+07 +6.55670422e+07  2.04e+07   1.11e+03     7.70e+04   143.349s
 120000 +4.52051904e+07 +6.56049985e+07  2.04e+07   1.10e+03     7.67e+04   144.353s
 121000 +4.52441449e+07 +6.56285705e+07  2.04e+07   1.10e+03     7.65e+04   145.355s
 122000 +4.52681169e+07 +6.56083523e+07  2.03e+07   1.09e+03     7.64e+04   146.357s
 123000 +4.52809087e+07 +6.56188009e+07  2.03e+07   1.09e+03     7.63e+04   147.359s
 124000 +4.53004040e+07 +6.56915064e+07  2.04e+07   1.09e+03     7.60e+04   148.361s
 125000 +4.53096116e+07 +6.58684925e+07  2.06e+07   1.09e+03     7.59e+04   149.363s
 126000 +4.53107554e+07 +6.60677842e+07  2.08e+07   1.08e+03     7.58e+04   150.367s
 127000 +4.53121945e+07 +6.62445779e+07  2.09e+07   1.08e+03     7.57e+04   151.369s
 128000 +4.53170074e+07 +6.63573430e+07  2.10e+07   1.08e+03     7.57e+04   152.372s
 129000 +4.53221914e+07 +6.64009703e+07  2.11e+07   1.08e+03     7.56e+04   153.375s
 130000 +4.53299976e+07 +6.63988351e+07  2.11e+07   1.07e+03     7.55e+04   154.377s
 131000 +4.53414724e+07 +6.63596322e+07  2.10e+07   1.07e+03     7.54e+04   155.379s
 132000 +4.53568113e+07 +6.62983978e+07  2.09e+07   1.07e+03     7.53e+04   156.380s
 133000 +4.53718472e+07 +6.62247999e+07  2.09e+07   1.07e+03     7.52e+04   157.382s
 134000 +4.53843070e+07 +6.61400297e+07  2.08e+07   1.06e+03     7.51e+04   158.385s
 135000 +4.53946746e+07 +6.60419747e+07  2.06e+07   1.06e+03     7.50e+04   159.388s
 136000 +4.54016407e+07 +6.59287241e+07  2.05e+07   1.06e+03     7.49e+04   160.391s
 137000 +4.54053320e+07 +6.57915927e+07  2.04e+07   1.05e+03     7.48e+04   161.393s
 138000 +4.54083198e+07 +6.56412112e+07  2.02e+07   1.05e+03     7.47e+04   162.395s
 139000 +4.54105005e+07 +6.54791814e+07  2.01e+07   1.05e+03     7.47e+04   163.397s
 140000 +4.54105266e+07 +6.53313722e+07  1.99e+07   1.04e+03     7.46e+04   164.399s
 141000 +4.54076470e+07 +6.51955953e+07  1.98e+07   1.04e+03     7.46e+04   165.400s
 142000 +4.54022813e+07 +6.50770647e+07  1.97e+07   1.03e+03     7.45e+04   166.402s
 143000 +4.53955159e+07 +6.49710996e+07  1.96e+07   1.02e+03     7.45e+04   167.405s
 144000 +4.53880433e+07 +6.48857549e+07  1.95e+07   1.02e+03     7.45e+04   168.408s
 145000 +4.53795900e+07 +6.48181989e+07  1.94e+07   1.01e+03     7.45e+04   169.412s
 146000 +4.53701686e+07 +6.47667478e+07  1.94e+07   1.01e+03     7.45e+04   170.415s
 147000 +4.53606684e+07 +6.47380153e+07  1.94e+07   1.00e+03     7.45e+04   171.416s
 148000 +4.53500145e+07 +6.47297334e+07  1.94e+07   9.94e+02     7.45e+04   172.419s
 149000 +4.53371183e+07 +6.47353984e+07  1.94e+07   9.87e+02     7.45e+04   173.420s
 150000 +4.53224630e+07 +6.47451300e+07  1.94e+07   9.79e+02     7.45e+04   174.423s
 151000 +4.53063350e+07 +6.47435079e+07  1.94e+07   9.72e+02     7.45e+04   175.426s
 152000 +4.52910238e+07 +6.47269176e+07  1.94e+07   9.64e+02     7.46e+04   176.429s
 153000 +4.52777170e+07 +6.46973371e+07  1.94e+07   9.55e+02     7.46e+04   177.432s
 154000 +4.52639285e+07 +6.46602712e+07  1.94e+07   9.47e+02     7.46e+04   178.434s
 155000 +4.52530932e+07 +6.46157731e+07  1.94e+07   9.38e+02     7.46e+04   179.436s
 156000 +4.52446304e+07 +6.45818627e+07  1.93e+07   9.30e+02     7.46e+04   180.438s
 157000 +4.52360736e+07 +6.45491885e+07  1.93e+07   9.21e+02     7.46e+04   181.440s
 158000 +4.52194948e+07 +6.45246700e+07  1.93e+07   9.12e+02     7.46e+04   182.443s
 159000 +4.52014928e+07 +6.44871284e+07  1.93e+07   9.03e+02     7.46e+04   183.446s
 160000 +4.51965997e+07 +6.44150195e+07  1.92e+07   8.95e+02     7.44e+04   184.449s
 161000 +4.51925998e+07 +6.42682391e+07  1.91e+07   8.87e+02     7.44e+04   185.452s
 162000 +4.51829131e+07 +6.40998182e+07  1.89e+07   8.79e+02     7.43e+04   186.455s
 163000 +4.51712700e+07 +6.39225522e+07  1.88e+07   8.71e+02     7.43e+04   187.458s
 164000 +4.51539494e+07 +6.37730354e+07  1.86e+07   8.64e+02     7.42e+04   188.459s
 165000 +4.51281548e+07 +6.36225646e+07  1.85e+07   8.58e+02     7.40e+04   189.461s
 166000 +4.50995921e+07 +6.35023116e+07  1.84e+07   8.51e+02     7.39e+04   190.463s
 167000 +4.50743012e+07 +6.33858664e+07  1.83e+07   8.45e+02     7.37e+04   191.466s
 168000 +4.50542113e+07 +6.32774717e+07  1.82e+07   8.40e+02     7.35e+04   192.470s
 169000 +4.50219719e+07 +6.31858509e+07  1.82e+07   8.34e+02     7.34e+04   193.473s
 170000 +4.49832193e+07 +6.30752683e+07  1.81e+07   8.29e+02     7.32e+04   194.475s
 171000 +4.49621157e+07 +6.29134634e+07  1.80e+07   8.31e+02     7.27e+04   195.478s
 172000 +4.49506252e+07 +6.27552760e+07  1.78e+07   8.31e+02     7.23e+04   196.480s
 173000 +4.49303709e+07 +6.26884269e+07  1.78e+07   8.30e+02     7.19e+04   197.482s
 174000 +4.49026979e+07 +6.26723529e+07  1.78e+07   8.16e+02     7.17e+04   198.485s
 175000 +4.48832634e+07 +6.26277876e+07  1.77e+07   7.86e+02     7.15e+04   199.489s
 176000 +4.48986592e+07 +6.24764583e+07  1.76e+07   7.83e+02     6.97e+04   200.492s
 177000 +4.49255552e+07 +6.23796350e+07  1.75e+07   7.83e+02     6.83e+04   201.495s
 178000 +4.49073748e+07 +6.22052789e+07  1.73e+07   7.80e+02     6.73e+04   202.497s
 179000 +4.48833319e+07 +6.19780505e+07  1.71e+07   7.81e+02     6.67e+04   203.499s
 180000 +4.48762001e+07 +6.16126315e+07  1.67e+07   8.10e+02     6.41e+04   204.501s
 181000 +4.48833709e+07 +6.13092227e+07  1.64e+07   8.24e+02     6.29e+04   205.505s
 182000 +4.49022296e+07 +6.11251531e+07  1.62e+07   8.27e+02     6.21e+04   206.509s
 183000 +4.49311208e+07 +6.08367626e+07  1.59e+07   8.36e+02     6.10e+04   207.512s
 184000 +4.49641895e+07 +6.03351846e+07  1.54e+07   8.46e+02     5.99e+04   208.515s
 185000 +4.50083168e+07 +5.97044201e+07  1.47e+07   8.46e+02     5.89e+04   209.518s
 186000 +4.50465460e+07 +5.90378573e+07  1.40e+07   8.43e+02     5.78e+04   210.520s
 187000 +4.50760988e+07 +5.83768086e+07  1.33e+07   8.51e+02     5.60e+04   211.523s
 188000 +4.51946054e+07 +5.80530986e+07  1.29e+07   9.25e+02     5.34e+04   212.528s
 189000 +4.53245537e+07 +5.78253290e+07  1.25e+07   9.87e+02     5.20e+04   213.531s
 190000 +4.54791423e+07 +5.75740839e+07  1.21e+07   1.08e+03     4.89e+04   214.534s
 191000 +4.56217679e+07 +5.72434425e+07  1.16e+07   1.15e+03     4.65e+04   215.537s
 192000 +4.57191495e+07 +5.68176477e+07  1.11e+07   1.21e+03     4.44e+04   216.539s
 193000 +4.57780519e+07 +5.63058626e+07  1.05e+07   1.26e+03     4.25e+04   217.541s
 194000 +4.58268210e+07 +5.57401646e+07  9.91e+06   1.32e+03     4.04e+04   218.544s
 195000 +4.58945340e+07 +5.51688972e+07  9.27e+06   1.38e+03     3.82e+04   219.548s
 196000 +4.59616328e+07 +5.45728093e+07  8.61e+06   1.43e+03     3.61e+04   220.551s
 197000 +4.60270311e+07 +5.39121173e+07  7.89e+06   1.48e+03     3.40e+04   221.554s
 198000 +4.60860017e+07 +5.32366119e+07  7.15e+06   1.52e+03     3.19e+04   222.557s
 199000 +4.61361887e+07 +5.24902896e+07  6.35e+06   1.56e+03     2.96e+04   223.559s
 200000 +4.61767624e+07 +5.16475743e+07  5.47e+06   1.59e+03     2.74e+04   224.561s
 201000 +4.62054088e+07 +5.07414216e+07  4.54e+06   1.62e+03     2.51e+04   225.563s
 202000 +4.62259705e+07 +4.97971296e+07  3.57e+06   1.64e+03     2.28e+04   226.567s
 203000 +4.62363020e+07 +4.88102262e+07  2.57e+06   1.65e+03     2.06e+04   227.570s
 204000 +4.62417502e+07 +4.78416585e+07  1.60e+06   1.66e+03     1.85e+04   228.573s
 205000 +4.62368800e+07 +4.68973570e+07  6.60e+05   1.66e+03     1.66e+04   229.576s
 206000 +4.62224323e+07 +4.60254091e+07  1.97e+05   1.65e+03     1.48e+04   230.578s
 207000 +4.61996043e+07 +4.52142392e+07  9.85e+05   1.63e+03     1.32e+04   231.580s
 208000 +4.61693330e+07 +4.44528572e+07  1.72e+06   1.61e+03     1.20e+04   232.581s
 209000 +4.61301053e+07 +4.37260829e+07  2.40e+06   1.58e+03     1.11e+04   233.584s
 210000 +4.60858314e+07 +4.30628777e+07  3.02e+06   1.54e+03     1.05e+04   234.587s
 211000 +4.60327908e+07 +4.24529163e+07  3.58e+06   1.50e+03     1.03e+04   235.590s
 212000 +4.59690297e+07 +4.18874374e+07  4.08e+06   1.45e+03     1.05e+04   236.592s
 213000 +4.58949146e+07 +4.13729336e+07  4.52e+06   1.40e+03     1.09e+04   237.595s
 214000 +4.58135562e+07 +4.09098771e+07  4.90e+06   1.35e+03     1.15e+04   238.598s
 215000 +4.57275879e+07 +4.04967040e+07  5.23e+06   1.29e+03     1.22e+04   239.599s
 216000 +4.56371278e+07 +4.01341648e+07  5.50e+06   1.23e+03     1.28e+04   240.601s
 217000 +4.55458641e+07 +3.98201123e+07  5.73e+06   1.17e+03     1.34e+04   241.604s
 218000 +4.54538940e+07 +3.95609799e+07  5.89e+06   1.11e+03     1.39e+04   242.608s
 219000 +4.53613228e+07 +3.93538659e+07  6.01e+06   1.05e+03     1.42e+04   243.611s
 220000 +4.52684766e+07 +3.91790114e+07  6.09e+06   9.92e+02     1.45e+04   244.614s
 221000 +4.51782468e+07 +3.90470706e+07  6.13e+06   9.39e+02     1.47e+04   245.616s
 222000 +4.50929790e+07 +3.89819875e+07  6.11e+06   8.89e+02     1.47e+04   246.618s
 223000 +4.50156553e+07 +3.89865295e+07  6.03e+06   8.43e+02     1.45e+04   247.620s
 224000 +4.49412716e+07 +3.90620415e+07  5.88e+06   8.03e+02     1.43e+04   248.622s
 225000 +4.48660591e+07 +3.92185700e+07  5.65e+06   7.68e+02     1.39e+04   249.626s
 226000 +4.47924302e+07 +3.94535056e+07  5.34e+06   7.39e+02     1.33e+04   250.629s
 227000 +4.47222602e+07 +3.97378864e+07  4.98e+06   7.14e+02     1.27e+04   251.632s
 228000 +4.46595838e+07 +4.00699211e+07  4.59e+06   6.95e+02     1.20e+04   252.635s
 229000 +4.46017927e+07 +4.04408005e+07  4.16e+06   6.81e+02     1.12e+04   253.637s
 230000 +4.45484728e+07 +4.08289960e+07  3.72e+06   6.70e+02     1.04e+04   254.639s
 231000 +4.45002429e+07 +4.12263123e+07  3.27e+06   6.62e+02     9.53e+03   255.641s
 232000 +4.44591761e+07 +4.16312231e+07  2.83e+06   6.57e+02     8.63e+03   256.643s
 233000 +4.44250264e+07 +4.20288397e+07  2.40e+06   6.54e+02     7.71e+03   257.647s
 234000 +4.43967390e+07 +4.24176680e+07  1.98e+06   6.52e+02     6.82e+03   258.650s
 235000 +4.43766244e+07 +4.27996370e+07  1.58e+06   6.50e+02     5.98e+03   259.653s
 236000 +4.43661819e+07 +4.31818131e+07  1.18e+06   6.49e+02     5.24e+03   260.656s
 237000 +4.43633656e+07 +4.35501584e+07  8.13e+05   6.48e+02     4.64e+03   261.658s
 238000 +4.43672364e+07 +4.39063622e+07  4.61e+05   6.47e+02     4.22e+03   262.660s
 239000 +4.43770989e+07 +4.42632611e+07  1.14e+05   6.45e+02     4.02e+03   263.662s
 240000 +4.43898748e+07 +4.46191737e+07  2.29e+05   6.43e+02     4.02e+03   264.665s
 241000 +4.44009196e+07 +4.48731571e+07  4.72e+05   6.42e+02     4.06e+03   265.670s
 242000 +4.44029123e+07 +4.49981369e+07  5.95e+05   6.42e+02     4.10e+03   266.672s
 243000 +4.44043383e+07 +4.51184060e+07  7.14e+05   6.42e+02     4.29e+03   267.674s
 244000 +4.44048942e+07 +4.52261047e+07  8.21e+05   6.41e+02     4.55e+03   268.677s
 245000 +4.44050460e+07 +4.53232276e+07  9.18e+05   6.40e+02     4.87e+03   269.679s
 246000 +4.44049861e+07 +4.54151446e+07  1.01e+06   6.39e+02     5.23e+03   270.680s
 247000 +4.44049952e+07 +4.55058944e+07  1.10e+06   6.38e+02     5.63e+03   271.682s
 248000 +4.44056913e+07 +4.55953160e+07  1.19e+06   6.36e+02     6.05e+03   272.685s
 249000 +4.44071726e+07 +4.56809079e+07  1.27e+06   6.35e+02     6.48e+03   273.688s
 250000 +4.44091721e+07 +4.57576997e+07  1.35e+06   6.33e+02     6.93e+03   274.691s
 251000 +4.44116277e+07 +4.58244474e+07  1.41e+06   6.31e+02     7.39e+03   275.694s
 252000 +4.44222730e+07 +4.58467756e+07  1.42e+06   5.94e+02     1.08e+04   276.695s
 253000 +4.44283436e+07 +4.56430521e+07  1.21e+06   5.77e+02     1.13e+04   277.697s
 254000 +4.44382200e+07 +4.54358906e+07  9.98e+05   5.62e+02     1.16e+04   278.699s
 255000 +4.44531457e+07 +4.52807458e+07  8.28e+05   5.50e+02     1.21e+04   279.700s
 256000 +4.44692743e+07 +4.52921738e+07  8.23e+05   5.41e+02     1.21e+04   280.702s
 257000 +4.44827484e+07 +4.53745198e+07  8.92e+05   5.33e+02     1.17e+04   281.705s
 258000 +4.44943974e+07 +4.55169048e+07  1.02e+06   5.28e+02     1.11e+04   282.709s
 259000 +4.45032424e+07 +4.56646623e+07  1.16e+06   5.25e+02     1.05e+04   283.712s
 260000 +4.45104480e+07 +4.58257609e+07  1.32e+06   5.23e+02     9.99e+03   284.716s
 261000 +4.45171209e+07 +4.59769112e+07  1.46e+06   5.20e+02     9.86e+03   285.718s
 262000 +4.45223540e+07 +4.61318054e+07  1.61e+06   5.16e+02     1.00e+04   286.720s
 263000 +4.45270077e+07 +4.62769213e+07  1.75e+06   5.13e+02     1.04e+04   287.723s
 264000 +4.45309502e+07 +4.64018857e+07  1.87e+06   5.09e+02     1.07e+04   288.726s
 265000 +4.45402092e+07 +4.65003962e+07  1.96e+06   5.03e+02     1.13e+04   289.729s
 266000 +4.45505702e+07 +4.65532600e+07  2.00e+06   4.96e+02     1.20e+04   290.732s
 267000 +4.45602249e+07 +4.65253229e+07  1.97e+06   4.89e+02     1.24e+04   291.735s
 268000 +4.45655665e+07 +4.64357534e+07  1.87e+06   4.82e+02     1.27e+04   292.738s
 269000 +4.45675559e+07 +4.63259070e+07  1.76e+06   4.76e+02     1.30e+04   293.740s
 270000 +4.45656782e+07 +4.62450686e+07  1.68e+06   4.70e+02     1.34e+04   294.742s
 271000 +4.45631775e+07 +4.62148541e+07  1.65e+06   4.63e+02     1.39e+04   295.745s
 272000 +4.45668435e+07 +4.62403133e+07  1.67e+06   4.57e+02     1.43e+04   296.749s
 273000 +4.45775231e+07 +4.63329692e+07  1.76e+06   4.50e+02     1.47e+04   297.752s
 274000 +4.45925837e+07 +4.64570179e+07  1.86e+06   4.43e+02     1.50e+04   298.755s
 275000 +4.46107515e+07 +4.65908505e+07  1.98e+06   4.35e+02     1.54e+04   299.757s
 276000 +4.46283086e+07 +4.66962146e+07  2.07e+06   4.27e+02     1.57e+04   300.759s
 277000 +4.46428176e+07 +4.67859544e+07  2.14e+06   4.20e+02     1.59e+04   301.761s
 278000 +4.46536919e+07 +4.68515495e+07  2.20e+06   4.13e+02     1.60e+04   302.764s
 279000 +4.46593563e+07 +4.68717972e+07  2.21e+06   4.02e+02     1.62e+04   303.767s
 280000 +4.46633621e+07 +4.67975028e+07  2.13e+06   3.95e+02     1.86e+04   304.772s
 281000 +4.46673719e+07 +4.66395471e+07  1.97e+06   3.91e+02     1.97e+04   305.775s
 282000 +4.46721458e+07 +4.65464858e+07  1.87e+06   3.88e+02     2.11e+04   306.777s
 283000 +4.46781072e+07 +4.64874364e+07  1.81e+06   3.85e+02     2.23e+04   307.779s
 284000 +4.46844782e+07 +4.64929998e+07  1.81e+06   3.83e+02     2.32e+04   308.781s
 285000 +4.46930178e+07 +4.65673999e+07  1.87e+06   3.79e+02     2.45e+04   309.782s
 286000 +4.47022989e+07 +4.67218109e+07  2.02e+06   3.74e+02     2.60e+04   310.785s
 287000 +4.47156378e+07 +4.68619968e+07  2.15e+06   3.65e+02     2.84e+04   311.788s
 288000 +4.47322431e+07 +4.69901016e+07  2.26e+06   3.53e+02     3.08e+04   312.791s
 289000 +4.47470837e+07 +4.70604170e+07  2.31e+06   3.43e+02     3.22e+04   313.794s
 290000 +4.47582430e+07 +4.70795569e+07  2.32e+06   3.34e+02     3.29e+04   314.797s
 291000 +4.47662885e+07 +4.71027544e+07  2.34e+06   3.27e+02     3.35e+04   315.799s
 292000 +4.47726728e+07 +4.71925590e+07  2.42e+06   3.20e+02     3.43e+04   316.801s
 293000 +4.47772568e+07 +4.73407662e+07  2.56e+06   3.13e+02     3.51e+04   317.802s
 294000 +4.47796438e+07 +4.74968782e+07  2.72e+06   3.08e+02     3.55e+04   318.806s
 295000 +4.47805255e+07 +4.76471162e+07  2.87e+06   3.04e+02     3.55e+04   319.809s
 296000 +4.47812942e+07 +4.77949573e+07  3.01e+06   3.01e+02     3.47e+04   320.812s
 297000 +4.47961727e+07 +4.79352549e+07  3.14e+06   3.03e+02     2.96e+04   321.816s
 298000 +4.48089730e+07 +4.81303746e+07  3.32e+06   3.01e+02     2.70e+04   322.819s
 299000 +4.48180405e+07 +4.80608004e+07  3.24e+06   2.99e+02     2.47e+04   323.821s
 300000 +4.48238957e+07 +4.78553442e+07  3.03e+06   2.98e+02     2.30e+04   324.824s
 301000 +4.48285111e+07 +4.76419553e+07  2.81e+06   2.96e+02     2.18e+04   325.827s
 302000 +4.48304530e+07 +4.75628840e+07  2.73e+06   2.94e+02     2.07e+04   326.830s
 303000 +4.48301392e+07 +4.73079328e+07  2.48e+06   2.92e+02     1.99e+04   327.833s
 304000 +4.48289676e+07 +4.68308602e+07  2.00e+06   2.91e+02     1.94e+04   328.836s
 305000 +4.48293747e+07 +4.64834974e+07  1.65e+06   2.91e+02     1.91e+04   329.838s
 306000 +4.48317220e+07 +4.63167591e+07  1.49e+06   2.90e+02     1.91e+04   330.840s
 307000 +4.48363464e+07 +4.62892331e+07  1.45e+06   2.88e+02     1.92e+04   331.842s
 308000 +4.48443741e+07 +4.63119815e+07  1.47e+06   2.86e+02     1.92e+04   332.846s
 309000 +4.48516078e+07 +4.62638812e+07  1.41e+06   2.84e+02     1.89e+04   333.849s
 310000 +4.48568363e+07 +4.61149161e+07  1.26e+06   2.83e+02     1.81e+04   334.852s
 311000 +4.48573321e+07 +4.59431104e+07  1.09e+06   2.82e+02     1.73e+04   335.855s
 312000 +4.48548420e+07 +4.58168540e+07  9.62e+05   2.81e+02     1.68e+04   336.858s
 313000 +4.48492281e+07 +4.56636425e+07  8.14e+05   2.80e+02     1.66e+04   337.860s
 314000 +4.48430675e+07 +4.56377825e+07  7.95e+05   2.80e+02     1.65e+04   338.861s
 315000 +4.48352378e+07 +4.56808976e+07  8.46e+05   2.79e+02     1.68e+04   339.865s
 316000 +4.48300264e+07 +4.57249061e+07  8.95e+05   2.77e+02     1.73e+04   340.868s
 317000 +4.48301666e+07 +4.56642131e+07  8.34e+05   2.75e+02     1.80e+04   341.872s
 318000 +4.48334726e+07 +4.55375573e+07  7.04e+05   2.72e+02     1.86e+04   342.874s
 319000 +4.48387661e+07 +4.54093414e+07  5.71e+05   2.69e+02     1.92e+04   343.877s
 320000 +4.48419722e+07 +4.53388897e+07  4.97e+05   2.67e+02     1.96e+04   344.880s
 321000 +4.48455177e+07 +4.52971852e+07  4.52e+05   2.64e+02     1.99e+04   345.881s
 322000 +4.48489120e+07 +4.53601031e+07  5.11e+05   2.61e+02     2.03e+04   346.884s
 323000 +4.48489522e+07 +4.55757552e+07  7.27e+05   2.58e+02     2.04e+04   347.887s
 324000 +4.48479050e+07 +4.58270525e+07  9.79e+05   2.55e+02     2.03e+04   348.890s
 325000 +4.48454620e+07 +4.60816475e+07  1.24e+06   2.53e+02     2.03e+04   349.894s
 326000 +4.48423688e+07 +4.63161521e+07  1.47e+06   2.52e+02     2.04e+04   350.896s
 327000 +4.48395908e+07 +4.64839704e+07  1.64e+06   2.50e+02     2.04e+04   351.898s
 328000 +4.48377975e+07 +4.65902625e+07  1.75e+06   2.49e+02     2.03e+04   352.900s
 329000 +4.48354915e+07 +4.66396617e+07  1.80e+06   2.49e+02     2.01e+04   353.902s
 330000 +4.48346611e+07 +4.66285023e+07  1.79e+06   2.48e+02     1.98e+04   354.904s
 331000 +4.48369985e+07 +4.66622277e+07  1.83e+06   2.47e+02     1.96e+04   355.908s
 332000 +4.48399167e+07 +4.67717385e+07  1.93e+06   2.46e+02     1.95e+04   356.912s
 333000 +4.48444925e+07 +4.69178759e+07  2.07e+06   2.45e+02     1.93e+04   357.915s
 334000 +4.48517053e+07 +4.71015774e+07  2.25e+06   2.44e+02     1.93e+04   358.917s
 335000 +4.48614712e+07 +4.72631395e+07  2.40e+06   2.42e+02     1.91e+04   359.920s
 336000 +4.48708612e+07 +4.73393360e+07  2.47e+06   2.41e+02     1.88e+04   360.922s
 337000 +4.48790261e+07 +4.73137126e+07  2.43e+06   2.41e+02     1.83e+04   361.924s
 338000 +4.48831206e+07 +4.71670858e+07  2.28e+06   2.40e+02     1.79e+04   362.928s
 339000 +4.48827423e+07 +4.69804026e+07  2.10e+06   2.40e+02     1.77e+04   363.931s
 340000 +4.48809790e+07 +4.69062378e+07  2.03e+06   2.39e+02     1.76e+04   364.934s
 341000 +4.48791010e+07 +4.69565638e+07  2.08e+06   2.39e+02     1.76e+04   365.937s
 342000 +4.48781103e+07 +4.70441602e+07  2.17e+06   2.38e+02     1.76e+04   366.939s
 343000 +4.48773881e+07 +4.71304907e+07  2.25e+06   2.38e+02     1.75e+04   367.941s
 344000 +4.48773645e+07 +4.72314262e+07  2.35e+06   2.38e+02     1.75e+04   368.943s
 345000 +4.48777059e+07 +4.73170911e+07  2.44e+06   2.38e+02     1.75e+04   369.946s
 346000 +4.48789519e+07 +4.74347304e+07  2.56e+06   2.38e+02     1.80e+04   370.951s
 347000 +4.48820803e+07 +4.75858646e+07  2.70e+06   2.37e+02     1.90e+04   371.954s
 348000 +4.48866864e+07 +4.77525527e+07  2.87e+06   2.37e+02     2.00e+04   372.957s
 349000 +4.48925339e+07 +4.79025426e+07  3.01e+06   2.36e+02     2.12e+04   373.959s
 350000 +4.48995205e+07 +4.80341595e+07  3.13e+06   2.35e+02     2.27e+04   374.961s
 351000 +4.49064364e+07 +4.81803710e+07  3.27e+06   2.34e+02     2.39e+04   375.963s
 352000 +4.49127914e+07 +4.83290538e+07  3.42e+06   2.34e+02     2.44e+04   376.966s
 353000 +4.49186836e+07 +4.84768234e+07  3.56e+06   2.33e+02     2.46e+04   377.969s
 354000 +4.49233661e+07 +4.86450677e+07  3.72e+06   2.33e+02     2.45e+04   378.972s
 355000 +4.49265964e+07 +4.88364258e+07  3.91e+06   2.32e+02     2.44e+04   379.975s
 356000 +4.49285009e+07 +4.90332924e+07  4.10e+06   2.32e+02     2.46e+04   380.978s
 357000 +4.49296477e+07 +4.92070230e+07  4.28e+06   2.32e+02     2.50e+04   381.979s
 358000 +4.49304743e+07 +4.93279904e+07  4.40e+06   2.31e+02     2.54e+04   382.981s
 359000 +4.49314296e+07 +4.93974799e+07  4.47e+06   2.31e+02     2.58e+04   383.983s
 360000 +4.49330188e+07 +4.94431102e+07  4.51e+06   2.31e+02     2.62e+04   384.986s
 361000 +4.49352280e+07 +4.94705508e+07  4.54e+06   2.30e+02     2.66e+04   385.989s
 362000 +4.49381838e+07 +4.95141484e+07  4.58e+06   2.30e+02     2.71e+04   386.992s
 363000 +4.49416149e+07 +4.95949208e+07  4.65e+06   2.30e+02     2.76e+04   387.995s
 364000 +4.49456818e+07 +4.97089721e+07  4.76e+06   2.29e+02     2.83e+04   388.998s
 365000 +4.49500444e+07 +4.97784855e+07  4.83e+06   2.29e+02     2.89e+04   390.000s
 366000 +4.49539706e+07 +4.97733876e+07  4.82e+06   2.28e+02     2.93e+04   391.002s
 367000 +4.49572722e+07 +4.97521349e+07  4.79e+06   2.28e+02     2.99e+04   392.005s
 368000 +4.49602735e+07 +4.97700332e+07  4.81e+06   2.27e+02     3.06e+04   393.008s
 369000 +4.49636004e+07 +4.98123652e+07  4.85e+06   2.27e+02     3.13e+04   394.012s
 370000 +4.49680770e+07 +4.98376537e+07  4.87e+06   2.26e+02     3.22e+04   395.015s
 371000 +4.49735196e+07 +4.98001472e+07  4.83e+06   2.25e+02     3.32e+04   396.018s
 372000 +4.49793626e+07 +4.97247691e+07  4.75e+06   2.25e+02     3.40e+04   397.021s
 373000 +4.49856158e+07 +4.97074336e+07  4.72e+06   2.24e+02     3.46e+04   398.023s
 374000 +4.49909817e+07 +4.97598899e+07  4.77e+06   2.23e+02     3.53e+04   399.026s
 375000 +4.49959209e+07 +4.98765873e+07  4.88e+06   2.22e+02     3.58e+04   400.029s
 376000 +4.50010670e+07 +4.99792999e+07  4.98e+06   2.22e+02     3.60e+04   401.033s
 377000 +4.50065497e+07 +5.00467255e+07  5.04e+06   2.21e+02     3.61e+04   402.036s
 378000 +4.50125078e+07 +5.00763688e+07  5.06e+06   2.21e+02     3.60e+04   403.038s
 379000 +4.50188637e+07 +5.00327738e+07  5.01e+06   2.20e+02     3.59e+04   404.040s
 380000 +4.50246060e+07 +4.99522490e+07  4.93e+06   2.20e+02     3.58e+04   405.042s
 381000 +4.50298339e+07 +4.98694445e+07  4.84e+06   2.19e+02     3.59e+04   406.045s
 382000 +4.50344876e+07 +4.98390805e+07  4.80e+06   2.19e+02     3.60e+04   407.050s
 383000 +4.50386022e+07 +4.98601303e+07  4.82e+06   2.18e+02     3.62e+04   408.053s
 384000 +4.50440740e+07 +4.98857937e+07  4.84e+06   2.17e+02     3.72e+04   409.056s
 385000 +4.50537036e+07 +4.98132998e+07  4.76e+06   2.15e+02     3.95e+04   410.059s
 386000 +4.50648080e+07 +4.96105246e+07  4.55e+06   2.12e+02     4.04e+04   411.061s
 387000 +4.50745272e+07 +4.93031801e+07  4.23e+06   2.11e+02     3.90e+04   412.063s
 388000 +4.50802800e+07 +4.89527381e+07  3.87e+06   2.10e+02     3.80e+04   413.066s
 389000 +4.50816218e+07 +4.86450969e+07  3.56e+06   2.10e+02     3.89e+04   414.069s
 390000 +4.50802473e+07 +4.84611101e+07  3.38e+06   2.10e+02     3.99e+04   415.072s
 391000 +4.50791492e+07 +4.83828152e+07  3.30e+06   2.11e+02     3.96e+04   416.076s
 392000 +4.50801573e+07 +4.83093302e+07  3.23e+06   2.12e+02     3.92e+04   417.078s
 393000 +4.50843914e+07 +4.81299924e+07  3.05e+06   2.11e+02     4.00e+04   418.080s
 394000 +4.50909915e+07 +4.78457606e+07  2.75e+06   2.09e+02     4.14e+04   419.082s
 395000 +4.50982554e+07 +4.75042290e+07  2.41e+06   2.08e+02     4.19e+04   420.084s
 396000 +4.51041097e+07 +4.72005695e+07  2.10e+06   2.07e+02     4.16e+04   421.088s
 397000 +4.51082610e+07 +4.69956554e+07  1.89e+06   2.06e+02     4.20e+04   422.091s
 398000 +4.51107806e+07 +4.69351980e+07  1.82e+06   2.05e+02     4.31e+04   423.094s
 399000 +4.51124390e+07 +4.69558143e+07  1.84e+06   2.05e+02     4.40e+04   424.097s
 400000 +4.51162977e+07 +4.70254041e+07  1.91e+06   2.06e+02     4.32e+04   425.099s
 401000 +4.51211174e+07 +4.70751518e+07  1.95e+06   2.06e+02     4.32e+04   426.102s
 402000 +4.51273143e+07 +4.69903612e+07  1.86e+06   2.05e+02     4.38e+04   427.104s
 403000 +4.51329508e+07 +4.67884958e+07  1.66e+06   2.03e+02     4.46e+04   428.108s
 404000 +4.51382657e+07 +4.65658839e+07  1.43e+06   2.02e+02     4.50e+04   429.112s
 405000 +4.51421666e+07 +4.64487305e+07  1.31e+06   2.01e+02     4.51e+04   430.115s
 406000 +4.51438470e+07 +4.65735218e+07  1.43e+06   2.01e+02     4.56e+04   431.118s
 407000 +4.51463264e+07 +4.68899702e+07  1.74e+06   2.01e+02     4.61e+04   432.121s
 408000 +4.51491410e+07 +4.73389369e+07  2.19e+06   2.01e+02     4.65e+04   433.123s
 409000 +4.51518925e+07 +4.78514772e+07  2.70e+06   2.00e+02     4.67e+04   434.126s
 410000 +4.51560043e+07 +4.82908106e+07  3.13e+06   2.00e+02     4.72e+04   435.130s
 411000 +4.51610160e+07 +4.86029895e+07  3.44e+06   1.99e+02     4.79e+04   436.133s
 412000 +4.51662810e+07 +4.87312378e+07  3.56e+06   1.98e+02     4.85e+04   437.136s
 413000 +4.51720221e+07 +4.86673883e+07  3.50e+06   1.97e+02     4.89e+04   438.139s
 414000 +4.51767897e+07 +4.85853817e+07  3.41e+06   1.97e+02     4.91e+04   439.141s
 415000 +4.51806896e+07 +4.85349085e+07  3.35e+06   1.96e+02     4.95e+04   440.143s
 416000 +4.51846533e+07 +4.87117562e+07  3.53e+06   1.96e+02     5.01e+04   441.146s
 417000 +4.51895709e+07 +4.90510912e+07  3.86e+06   1.96e+02     5.06e+04   442.150s
 418000 +4.51965335e+07 +4.95036448e+07  4.31e+06   1.95e+02     5.11e+04   443.153s
 419000 +4.52049692e+07 +4.99208819e+07  4.72e+06   1.95e+02     5.16e+04   444.156s
 420000 +4.52146987e+07 +5.01257983e+07  4.91e+06   1.94e+02     5.23e+04   445.158s
 421000 +4.52248157e+07 +5.01193375e+07  4.89e+06   1.93e+02     5.29e+04   446.160s
 422000 +4.52338672e+07 +4.99848227e+07  4.75e+06   1.92e+02     5.33e+04   447.163s
 423000 +4.52425651e+07 +4.99186027e+07  4.68e+06   1.91e+02     5.37e+04   448.166s
 424000 +4.52504715e+07 +5.00139389e+07  4.76e+06   1.91e+02     5.42e+04   449.170s
 425000 +4.52577585e+07 +5.02565517e+07  5.00e+06   1.90e+02     5.46e+04   450.173s
 426000 +4.52652649e+07 +5.05652997e+07  5.30e+06   1.90e+02     5.50e+04   451.176s
 427000 +4.52734586e+07 +5.08969038e+07  5.62e+06   1.89e+02     5.53e+04   452.179s
 428000 +4.52817865e+07 +5.11717218e+07  5.89e+06   1.89e+02     5.57e+04   453.181s
 429000 +4.52908822e+07 +5.13216421e+07  6.03e+06   1.88e+02     5.61e+04   454.183s
 430000 +4.52994735e+07 +5.13614974e+07  6.06e+06   1.87e+02     5.64e+04   455.187s
 431000 +4.53062587e+07 +5.13106658e+07  6.00e+06   1.87e+02     5.68e+04   456.191s
 432000 +4.53118262e+07 +5.13278429e+07  6.02e+06   1.86e+02     5.71e+04   457.194s
 433000 +4.53167927e+07 +5.14049203e+07  6.09e+06   1.86e+02     5.75e+04   458.196s
 434000 +4.53213076e+07 +5.16043023e+07  6.28e+06   1.85e+02     5.79e+04   459.199s
 435000 +4.53262080e+07 +5.18665752e+07  6.54e+06   1.85e+02     5.83e+04   460.201s
 436000 +4.53338357e+07 +5.21152393e+07  6.78e+06   1.85e+02     5.86e+04   461.202s
 437000 +4.53440844e+07 +5.22906620e+07  6.95e+06   1.84e+02     5.90e+04   462.205s
 438000 +4.53553559e+07 +5.23436991e+07  6.99e+06   1.83e+02     5.94e+04   463.209s
 439000 +4.53653668e+07 +5.23365441e+07  6.97e+06   1.83e+02     5.97e+04   464.213s
 440000 +4.53753231e+07 +5.22766134e+07  6.90e+06   1.80e+02     6.11e+04   465.216s
 441000 +4.53864508e+07 +5.22549731e+07  6.87e+06   1.75e+02     6.26e+04   466.218s
 442000 +4.53968074e+07 +5.23093144e+07  6.91e+06   1.73e+02     6.23e+04   467.220s
 443000 +4.54049974e+07 +5.23361726e+07  6.93e+06   1.72e+02     6.16e+04   468.222s
 444000 +4.54117738e+07 +5.24912060e+07  7.08e+06   1.72e+02     6.23e+04   469.225s
 445000 +4.54171492e+07 +5.27750983e+07  7.36e+06   1.72e+02     6.34e+04   470.229s
 446000 +4.54213212e+07 +5.29774738e+07  7.56e+06   1.74e+02     6.34e+04   471.232s
 447000 +4.54273697e+07 +5.30091203e+07  7.58e+06   1.75e+02     6.31e+04   472.235s
 448000 +4.54348708e+07 +5.28505389e+07  7.42e+06   1.74e+02     6.38e+04   473.238s
 449000 +4.54449023e+07 +5.27426776e+07  7.30e+06   1.71e+02     6.47e+04   474.241s
 450000 +4.54563542e+07 +5.29510300e+07  7.49e+06   1.69e+02     6.46e+04   475.243s
 451000 +4.54655429e+07 +5.32833881e+07  7.82e+06   1.68e+02     6.43e+04   476.247s
 452000 +4.54707410e+07 +5.36593913e+07  8.19e+06   1.67e+02     6.49e+04   477.250s
 453000 +4.54730589e+07 +5.39758740e+07  8.50e+06   1.67e+02     6.57e+04   478.253s
 454000 +4.54749530e+07 +5.39818074e+07  8.51e+06   1.69e+02     6.56e+04   479.256s
 455000 +4.54797470e+07 +5.36998112e+07  8.22e+06   1.69e+02     6.53e+04   480.259s
 456000 +4.54880332e+07 +5.32584030e+07  7.77e+06   1.68e+02     6.60e+04   481.260s
 457000 +4.54977418e+07 +5.30529542e+07  7.56e+06   1.66e+02     6.67e+04   482.263s
 458000 +4.55075096e+07 +5.31740780e+07  7.67e+06   1.64e+02     6.67e+04   483.265s
 459000 +4.55155022e+07 +5.34496489e+07  7.93e+06   1.63e+02     6.64e+04   484.268s
 460000 +4.55225544e+07 +5.36101023e+07  8.09e+06   1.63e+02     6.69e+04   485.272s
 461000 +4.55282365e+07 +5.36196440e+07  8.09e+06   1.63e+02     6.74e+04   486.275s
 462000 +4.55328853e+07 +5.34908454e+07  7.96e+06   1.64e+02     6.75e+04   487.278s
 463000 +4.55377286e+07 +5.33641093e+07  7.83e+06   1.64e+02     6.74e+04   488.280s
 464000 +4.55434437e+07 +5.32726299e+07  7.73e+06   1.63e+02     6.77e+04   489.281s
 465000 +4.55497065e+07 +5.32216715e+07  7.67e+06   1.61e+02     6.82e+04   490.284s
 466000 +4.55575715e+07 +5.30940226e+07  7.54e+06   1.60e+02     6.83e+04   491.286s
 467000 +4.55663934e+07 +5.29928242e+07  7.43e+06   1.59e+02     6.83e+04   492.289s
 468000 +4.55763307e+07 +5.30301519e+07  7.45e+06   1.58e+02     6.86e+04   493.291s
 469000 +4.55869220e+07 +5.31182127e+07  7.53e+06   1.58e+02     6.89e+04   494.294s
 470000 +4.55975196e+07 +5.31798733e+07  7.58e+06   1.59e+02     6.91e+04   495.297s
 471000 +4.56065832e+07 +5.30899504e+07  7.48e+06   1.59e+02     6.94e+04   496.299s
 472000 +4.56147732e+07 +5.29607207e+07  7.35e+06   1.58e+02     6.99e+04   497.301s
 473000 +4.56239734e+07 +5.27396357e+07  7.12e+06   1.56e+02     7.03e+04   498.302s
 474000 +4.56328632e+07 +5.23815778e+07  6.75e+06   1.54e+02     7.03e+04   499.305s
 475000 +4.56432357e+07 +5.20488885e+07  6.41e+06   1.54e+02     7.02e+04   500.308s
 476000 +4.56552271e+07 +5.19348956e+07  6.28e+06   1.53e+02     7.02e+04   501.312s
 477000 +4.56620595e+07 +5.19100392e+07  6.25e+06   1.53e+02     7.10e+04   502.316s
 478000 +4.56681115e+07 +5.18669916e+07  6.20e+06   1.52e+02     7.25e+04   503.319s
 479000 +4.56739425e+07 +5.17757399e+07  6.10e+06   1.51e+02     7.37e+04   504.321s
 480000 +4.56789885e+07 +5.17003518e+07  6.02e+06   1.51e+02     7.43e+04   505.323s
 481000 +4.56830806e+07 +5.16230298e+07  5.94e+06   1.51e+02     7.45e+04   506.326s
 482000 +4.56860569e+07 +5.15509094e+07  5.86e+06   1.50e+02     7.48e+04   507.330s
 483000 +4.56880753e+07 +5.14866020e+07  5.80e+06   1.50e+02     7.53e+04   508.333s
 484000 +4.56897179e+07 +5.14426426e+07  5.75e+06   1.50e+02     7.59e+04   509.336s
 485000 +4.56915932e+07 +5.14328697e+07  5.74e+06   1.49e+02     7.65e+04   510.339s
 486000 +4.56939791e+07 +5.14460238e+07  5.75e+06   1.49e+02     7.70e+04   511.341s
 487000 +4.56970353e+07 +5.14619398e+07  5.76e+06   1.49e+02     7.76e+04   512.343s
 488000 +4.57006690e+07 +5.14690425e+07  5.77e+06   1.49e+02     7.82e+04   513.346s
 489000 +4.57045256e+07 +5.14684814e+07  5.76e+06   1.48e+02     7.88e+04   514.349s
 490000 +4.57083288e+07 +5.14606793e+07  5.75e+06   1.48e+02     7.95e+04   515.352s
 491000 +4.57119607e+07 +5.14301540e+07  5.72e+06   1.48e+02     8.01e+04   516.355s
 492000 +4.57154363e+07 +5.13768848e+07  5.66e+06   1.48e+02     8.08e+04   517.358s
 493000 +4.57188940e+07 +5.13140947e+07  5.60e+06   1.47e+02     8.15e+04   518.360s
 494000 +4.57225062e+07 +5.12689520e+07  5.55e+06   1.47e+02     8.22e+04   519.362s
 495000 +4.57267490e+07 +5.12632929e+07  5.54e+06   1.47e+02     8.30e+04   520.364s
 496000 +4.57317505e+07 +5.12836034e+07  5.55e+06   1.47e+02     8.38e+04   521.367s
 497000 +4.57371420e+07 +5.12902592e+07  5.55e+06   1.46e+02     8.46e+04   522.371s
 498000 +4.57425295e+07 +5.12429175e+07  5.50e+06   1.46e+02     8.54e+04   523.373s
 499000 +4.57477095e+07 +5.11199835e+07  5.37e+06   1.45e+02     8.61e+04   524.376s
 500000 +4.57526299e+07 +5.09351819e+07  5.18e+06   1.45e+02     8.67e+04   525.379s
 501000 +4.57573917e+07 +5.07352567e+07  4.98e+06   1.45e+02     8.74e+04   526.380s
 502000 +4.57620259e+07 +5.05600618e+07  4.80e+06   1.44e+02     8.80e+04   527.382s
 503000 +4.57665208e+07 +5.04215608e+07  4.66e+06   1.44e+02     8.86e+04   528.384s
 504000 +4.57709515e+07 +5.03196008e+07  4.55e+06   1.44e+02     8.93e+04   529.386s
 505000 +4.57756272e+07 +5.02561383e+07  4.48e+06   1.44e+02     8.99e+04   530.390s
 506000 +4.57803425e+07 +5.02155624e+07  4.44e+06   1.43e+02     9.05e+04   531.393s
 507000 +4.57851190e+07 +5.02081666e+07  4.42e+06   1.43e+02     9.11e+04   532.396s
 508000 +4.57899507e+07 +5.02130298e+07  4.42e+06   1.43e+02     9.16e+04   533.398s
 509000 +4.57948402e+07 +5.02752433e+07  4.48e+06   1.42e+02     9.22e+04   534.400s
 510000 +4.57998062e+07 +5.03701329e+07  4.57e+06   1.42e+02     9.27e+04   535.401s
 511000 +4.58049167e+07 +5.04750756e+07  4.67e+06   1.42e+02     9.32e+04   536.402s
 512000 +4.58102553e+07 +5.05768160e+07  4.77e+06   1.42e+02     9.37e+04   537.405s
 513000 +4.58159512e+07 +5.06748666e+07  4.86e+06   1.41e+02     9.42e+04   538.409s
 514000 +4.58218008e+07 +5.07295496e+07  4.91e+06   1.41e+02     9.48e+04   539.412s
 515000 +4.58276637e+07 +5.07964343e+07  4.97e+06   1.41e+02     9.53e+04   540.415s
 516000 +4.58336626e+07 +5.08617122e+07  5.03e+06   1.40e+02     9.58e+04   541.418s
 517000 +4.58395813e+07 +5.09134315e+07  5.07e+06   1.40e+02     9.63e+04   542.421s
 518000 +4.58454513e+07 +5.10056204e+07  5.16e+06   1.40e+02     9.68e+04   543.423s
 519000 +4.58511471e+07 +5.11093708e+07  5.26e+06   1.39e+02     9.73e+04   544.425s
 520000 +4.58567455e+07 +5.12171629e+07  5.36e+06   1.39e+02     9.78e+04   545.429s
 521000 +4.58621169e+07 +5.12960974e+07  5.43e+06   1.39e+02     9.83e+04   546.432s
 522000 +4.58672842e+07 +5.13400416e+07  5.47e+06   1.38e+02     9.88e+04   547.435s
 523000 +4.58722078e+07 +5.13944479e+07  5.52e+06   1.38e+02     9.93e+04   548.438s
 524000 +4.58770213e+07 +5.14806707e+07  5.60e+06   1.38e+02     9.98e+04   549.441s
 525000 +4.58818388e+07 +5.15442261e+07  5.66e+06   1.37e+02     1.00e+05   550.443s
 526000 +4.58866550e+07 +5.16163342e+07  5.73e+06   1.37e+02     1.01e+05   551.445s
 527000 +4.58914384e+07 +5.16982504e+07  5.81e+06   1.37e+02     1.01e+05   552.449s
 528000 +4.58963063e+07 +5.17922904e+07  5.90e+06   1.36e+02     1.02e+05   553.452s
 529000 +4.59012866e+07 +5.18915325e+07  5.99e+06   1.36e+02     1.02e+05   554.455s
 530000 +4.59064144e+07 +5.19964638e+07  6.09e+06   1.36e+02     1.03e+05   555.457s
 531000 +4.59119108e+07 +5.21043383e+07  6.19e+06   1.35e+02     1.03e+05   556.460s
 532000 +4.59178166e+07 +5.22019716e+07  6.28e+06   1.35e+02     1.04e+05   557.462s
 533000 +4.59240001e+07 +5.23070179e+07  6.38e+06   1.34e+02     1.04e+05   558.464s
 534000 +4.59301819e+07 +5.24385555e+07  6.51e+06   1.34e+02     1.05e+05   559.467s
 535000 +4.59362742e+07 +5.25688337e+07  6.63e+06   1.34e+02     1.05e+05   560.470s
 536000 +4.59421827e+07 +5.26852075e+07  6.74e+06   1.33e+02     1.06e+05   561.473s
 537000 +4.59478149e+07 +5.28258044e+07  6.88e+06   1.33e+02     1.06e+05   562.476s
 538000 +4.59532300e+07 +5.29711496e+07  7.02e+06   1.33e+02     1.07e+05   563.478s
 539000 +4.59583022e+07 +5.31195948e+07  7.16e+06   1.32e+02     1.07e+05   564.480s
 540000 +4.59631796e+07 +5.32725353e+07  7.31e+06   1.32e+02     1.08e+05   565.482s
 541000 +4.59679971e+07 +5.34492029e+07  7.48e+06   1.32e+02     1.08e+05   566.484s
 542000 +4.59729427e+07 +5.36282473e+07  7.66e+06   1.31e+02     1.09e+05   567.487s
 543000 +4.59782679e+07 +5.38022184e+07  7.82e+06   1.31e+02     1.09e+05   568.490s
 544000 +4.59841904e+07 +5.39575326e+07  7.97e+06   1.31e+02     1.10e+05   569.493s
 545000 +4.59906982e+07 +5.40865513e+07  8.10e+06   1.30e+02     1.10e+05   570.496s
 546000 +4.59973894e+07 +5.42057851e+07  8.21e+06   1.30e+02     1.10e+05   571.499s
 547000 +4.60040885e+07 +5.43116216e+07  8.31e+06   1.30e+02     1.11e+05   572.500s
 548000 +4.60107289e+07 +5.44206576e+07  8.41e+06   1.29e+02     1.11e+05   573.502s
 549000 +4.60173671e+07 +5.45375150e+07  8.52e+06   1.29e+02     1.12e+05   574.504s
 550000 +4.60240497e+07 +5.46328585e+07  8.61e+06   1.29e+02     1.12e+05   575.508s
 551000 +4.60303870e+07 +5.46696214e+07  8.64e+06   1.29e+02     1.12e+05   576.511s
 552000 +4.60364676e+07 +5.47274774e+07  8.69e+06   1.28e+02     1.13e+05   577.514s
 553000 +4.60423937e+07 +5.48113242e+07  8.77e+06   1.28e+02     1.13e+05   578.518s
 554000 +4.60481741e+07 +5.48730051e+07  8.82e+06   1.28e+02     1.13e+05   579.520s
 555000 +4.60539944e+07 +5.49076349e+07  8.85e+06   1.27e+02     1.13e+05   580.522s
 556000 +4.60597678e+07 +5.49585721e+07  8.90e+06   1.27e+02     1.14e+05   581.524s
 557000 +4.60657227e+07 +5.50137483e+07  8.95e+06   1.27e+02     1.14e+05   582.527s
 558000 +4.60718356e+07 +5.50923343e+07  9.02e+06   1.27e+02     1.14e+05   583.531s
 559000 +4.60778047e+07 +5.52058715e+07  9.13e+06   1.26e+02     1.14e+05   584.534s
 560000 +4.60834317e+07 +5.53640072e+07  9.28e+06   1.26e+02     1.15e+05   585.536s
 561000 +4.60890259e+07 +5.55659588e+07  9.48e+06   1.26e+02     1.15e+05   586.539s
 562000 +4.60948198e+07 +5.57748882e+07  9.68e+06   1.25e+02     1.15e+05   587.541s
 563000 +4.61008300e+07 +5.59710377e+07  9.87e+06   1.25e+02     1.16e+05   588.542s
 564000 +4.61070939e+07 +5.61512637e+07  1.00e+07   1.25e+02     1.16e+05   589.544s
 565000 +4.61139252e+07 +5.63546879e+07  1.02e+07   1.25e+02     1.16e+05   590.547s
 566000 +4.61209070e+07 +5.65616694e+07  1.04e+07   1.24e+02     1.16e+05   591.550s
 567000 +4.61279570e+07 +5.67124520e+07  1.06e+07   1.24e+02     1.16e+05   592.553s
 568000 +4.61351343e+07 +5.67557721e+07  1.06e+07   1.24e+02     1.17e+05   593.556s
 569000 +4.61422072e+07 +5.67446196e+07  1.06e+07   1.24e+02     1.17e+05   594.559s
 570000 +4.61491418e+07 +5.66958301e+07  1.05e+07   1.23e+02     1.17e+05   595.561s
 571000 +4.61561279e+07 +5.66751040e+07  1.05e+07   1.23e+02     1.17e+05   596.562s
 572000 +4.61629920e+07 +5.66800232e+07  1.05e+07   1.23e+02     1.18e+05   597.565s
 573000 +4.61697990e+07 +5.67074761e+07  1.05e+07   1.23e+02     1.18e+05   598.568s
 574000 +4.61762839e+07 +5.66730693e+07  1.05e+07   1.22e+02     1.18e+05   599.571s
 575000 +4.61822221e+07 +5.66236874e+07  1.04e+07   1.22e+02     1.18e+05   600.574s
 576000 +4.61880444e+07 +5.66275789e+07  1.04e+07   1.22e+02     1.18e+05   601.577s
 577000 +4.61940717e+07 +5.66635775e+07  1.05e+07   1.22e+02     1.18e+05   602.580s
 578000 +4.62003278e+07 +5.67589873e+07  1.06e+07   1.21e+02     1.19e+05   603.582s
 579000 +4.62065926e+07 +5.69064828e+07  1.07e+07   1.21e+02     1.19e+05   604.583s
 580000 +4.62127803e+07 +5.70721602e+07  1.09e+07   1.21e+02     1.19e+05   605.586s
 581000 +4.62187906e+07 +5.71859997e+07  1.10e+07   1.20e+02     1.19e+05   606.590s
 582000 +4.62246927e+07 +5.71989501e+07  1.10e+07   1.20e+02     1.19e+05   607.593s
 583000 +4.62308248e+07 +5.70987916e+07  1.09e+07   1.20e+02     1.19e+05   608.596s
 584000 +4.62377021e+07 +5.69605731e+07  1.07e+07   1.20e+02     1.19e+05   609.598s
 585000 +4.62442937e+07 +5.67445928e+07  1.05e+07   1.19e+02     1.19e+05   610.600s
 586000 +4.62507622e+07 +5.66627575e+07  1.04e+07   1.19e+02     1.19e+05   611.602s
 587000 +4.62568363e+07 +5.67562796e+07  1.05e+07   1.19e+02     1.20e+05   612.604s
 588000 +4.62625868e+07 +5.68844985e+07  1.06e+07   1.19e+02     1.20e+05   613.606s
 589000 +4.62679127e+07 +5.70770575e+07  1.08e+07   1.18e+02     1.20e+05   614.610s
 590000 +4.62730667e+07 +5.72697980e+07  1.10e+07   1.18e+02     1.20e+05   615.613s
 591000 +4.62783214e+07 +5.74136913e+07  1.11e+07   1.18e+02     1.20e+05   616.617s
 592000 +4.62836368e+07 +5.75439981e+07  1.13e+07   1.18e+02     1.20e+05   617.619s
 593000 +4.62889921e+07 +5.76064135e+07  1.13e+07   1.17e+02     1.20e+05   618.621s
 594000 +4.62944570e+07 +5.76577978e+07  1.14e+07   1.17e+02     1.20e+05   619.623s
 595000 +4.63001499e+07 +5.77556001e+07  1.15e+07   1.17e+02     1.20e+05   620.625s
 596000 +4.63060908e+07 +5.78400826e+07  1.15e+07   1.17e+02     1.21e+05   621.629s
 597000 +4.63116467e+07 +5.79751864e+07  1.17e+07   1.16e+02     1.21e+05   622.632s
 598000 +4.63170431e+07 +5.81142992e+07  1.18e+07   1.16e+02     1.21e+05   623.635s
 599000 +4.63223075e+07 +5.81714729e+07  1.18e+07   1.16e+02     1.21e+05   624.638s
 600000 +4.63274190e+07 +5.81374159e+07  1.18e+07   1.16e+02     1.21e+05   625.640s
 601000 +4.63329916e+07 +5.79808452e+07  1.16e+07   1.16e+02     1.21e+05   626.642s
 602000 +4.63382677e+07 +5.78220459e+07  1.15e+07   1.15e+02     1.21e+05   627.643s
 603000 +4.63436577e+07 +5.77106346e+07  1.14e+07   1.15e+02     1.21e+05   628.646s
 604000 +4.63489009e+07 +5.76870169e+07  1.13e+07   1.15e+02     1.21e+05   629.650s
 605000 +4.63539278e+07 +5.77270307e+07  1.14e+07   1.14e+02     1.21e+05   630.653s
 606000 +4.63587738e+07 +5.78038599e+07  1.14e+07   1.14e+02     1.21e+05   631.656s
 607000 +4.63635814e+07 +5.79133530e+07  1.15e+07   1.14e+02     1.21e+05   632.659s
 608000 +4.63684235e+07 +5.80192791e+07  1.17e+07   1.14e+02     1.22e+05   633.661s
 609000 +4.63730229e+07 +5.80692304e+07  1.17e+07   1.13e+02     1.22e+05   634.663s
 610000 +4.63773010e+07 +5.80757735e+07  1.17e+07   1.13e+02     1.22e+05   635.665s
 611000 +4.63812206e+07 +5.80294447e+07  1.16e+07   1.13e+02     1.22e+05   636.668s
 612000 +4.63850348e+07 +5.79990334e+07  1.16e+07   1.13e+02     1.22e+05   637.671s
 613000 +4.63884861e+07 +5.79431500e+07  1.16e+07   1.12e+02     1.22e+05   638.675s
 614000 +4.63920298e+07 +5.78401043e+07  1.14e+07   1.12e+02     1.22e+05   639.677s
 615000 +4.63958290e+07 +5.78171012e+07  1.14e+07   1.12e+02     1.22e+05   640.680s
 616000 +4.63994201e+07 +5.79535621e+07  1.16e+07   1.12e+02     1.22e+05   641.681s
 617000 +4.64029520e+07 +5.81321278e+07  1.17e+07   1.12e+02     1.22e+05   642.683s
 618000 +4.64060245e+07 +5.82633877e+07  1.19e+07   1.11e+02     1.22e+05   643.686s
 619000 +4.64090046e+07 +5.83375204e+07  1.19e+07   1.11e+02     1.22e+05   644.690s
 620000 +4.64122960e+07 +5.83784649e+07  1.20e+07   1.11e+02     1.23e+05   645.692s
 621000 +4.64163846e+07 +5.83572692e+07  1.19e+07   1.11e+02     1.23e+05   646.696s
 622000 +4.64204977e+07 +5.83089255e+07  1.19e+07   1.10e+02     1.23e+05   647.698s
 623000 +4.64248772e+07 +5.82969415e+07  1.19e+07   1.10e+02     1.23e+05   648.700s
 624000 +4.64293508e+07 +5.83068143e+07  1.19e+07   1.10e+02     1.23e+05   649.702s
 625000 +4.64336448e+07 +5.83376487e+07  1.19e+07   1.10e+02     1.23e+05   650.704s
 626000 +4.64383312e+07 +5.83654190e+07  1.19e+07   1.10e+02     1.23e+05   651.706s
 627000 +4.64433376e+07 +5.83925355e+07  1.19e+07   1.09e+02     1.23e+05   652.710s
 628000 +4.64486691e+07 +5.84449694e+07  1.20e+07   1.09e+02     1.23e+05   653.714s
 629000 +4.64542596e+07 +5.84561229e+07  1.20e+07   1.09e+02     1.23e+05   654.717s
 630000 +4.64592597e+07 +5.83771379e+07  1.19e+07   1.09e+02     1.23e+05   655.720s
 631000 +4.64638347e+07 +5.81238474e+07  1.17e+07   1.09e+02     1.23e+05   656.722s
 632000 +4.64674520e+07 +5.77526447e+07  1.13e+07   1.08e+02     1.23e+05   657.724s
 633000 +4.64703799e+07 +5.73812251e+07  1.09e+07   1.08e+02     1.23e+05   658.727s
 634000 +4.64730629e+07 +5.70174770e+07  1.05e+07   1.08e+02     1.23e+05   659.731s
 635000 +4.64756303e+07 +5.66726324e+07  1.02e+07   1.08e+02     1.23e+05   660.734s
 636000 +4.64778678e+07 +5.63071568e+07  9.83e+06   1.08e+02     1.23e+05   661.737s
 637000 +4.64801727e+07 +5.60773353e+07  9.60e+06   1.07e+02     1.23e+05   662.740s
 638000 +4.64832236e+07 +5.60651250e+07  9.58e+06   1.07e+02     1.23e+05   663.742s
 639000 +4.64866547e+07 +5.61173064e+07  9.63e+06   1.07e+02     1.23e+05   664.743s
 640000 +4.64904409e+07 +5.61075139e+07  9.62e+06   1.07e+02     1.23e+05   665.746s
 641000 +4.64942436e+07 +5.60253801e+07  9.53e+06   1.07e+02     1.23e+05   666.750s
 642000 +4.64980856e+07 +5.60447140e+07  9.55e+06   1.06e+02     1.23e+05   667.753s
 643000 +4.65022548e+07 +5.61588102e+07  9.66e+06   1.06e+02     1.23e+05   668.756s
 644000 +4.65068761e+07 +5.62684402e+07  9.76e+06   1.06e+02     1.23e+05   669.758s
 645000 +4.65113108e+07 +5.63291065e+07  9.82e+06   1.06e+02     1.23e+05   670.760s
 646000 +4.65153430e+07 +5.63821289e+07  9.87e+06   1.06e+02     1.23e+05   671.763s
 647000 +4.65193298e+07 +5.64660698e+07  9.95e+06   1.05e+02     1.23e+05   672.764s
 648000 +4.65237191e+07 +5.65673921e+07  1.00e+07   1.05e+02     1.23e+05   673.767s
 649000 +4.65288517e+07 +5.66302724e+07  1.01e+07   1.05e+02     1.23e+05   674.771s
 650000 +4.65343027e+07 +5.66639040e+07  1.01e+07   1.05e+02     1.23e+05   675.774s
 651000 +4.65396272e+07 +5.66972602e+07  1.02e+07   1.04e+02     1.23e+05   676.777s
 652000 +4.65446968e+07 +5.67492267e+07  1.02e+07   1.04e+02     1.23e+05   677.779s
 653000 +4.65496212e+07 +5.68579380e+07  1.03e+07   1.04e+02     1.23e+05   678.781s
 654000 +4.65544230e+07 +5.68753797e+07  1.03e+07   1.04e+02     1.23e+05   679.783s
 655000 +4.65596271e+07 +5.68364500e+07  1.03e+07   1.04e+02     1.24e+05   680.785s
 656000 +4.65650414e+07 +5.66132708e+07  1.00e+07   1.03e+02     1.24e+05   681.788s
 657000 +4.65703763e+07 +5.63279930e+07  9.76e+06   1.03e+02     1.24e+05   682.791s
 658000 +4.65754352e+07 +5.59884008e+07  9.41e+06   1.03e+02     1.24e+05   683.794s
 659000 +4.65797494e+07 +5.57904273e+07  9.21e+06   1.03e+02     1.24e+05   684.797s
 660000 +4.65828783e+07 +5.58206833e+07  9.24e+06   1.02e+02     1.24e+05   685.799s
 661000 +4.65858077e+07 +5.61203128e+07  9.53e+06   1.02e+02     1.24e+05   686.801s
 662000 +4.65889231e+07 +5.65001981e+07  9.91e+06   1.02e+02     1.24e+05   687.802s
 663000 +4.65926970e+07 +5.67574024e+07  1.02e+07   1.02e+02     1.24e+05   688.803s
 664000 +4.65967877e+07 +5.68470217e+07  1.03e+07   1.02e+02     1.24e+05   689.806s
 665000 +4.66008755e+07 +5.68931655e+07  1.03e+07   1.01e+02     1.24e+05   690.810s
 666000 +4.66049338e+07 +5.67975169e+07  1.02e+07   1.01e+02     1.24e+05   691.813s
 667000 +4.66094372e+07 +5.66968145e+07  1.01e+07   1.01e+02     1.24e+05   692.816s
 668000 +4.66145937e+07 +5.66664113e+07  1.01e+07   1.01e+02     1.24e+05   693.819s
 669000 +4.66200702e+07 +5.67861369e+07  1.02e+07   1.01e+02     1.24e+05   694.821s
 670000 +4.66253955e+07 +5.69274813e+07  1.03e+07   1.00e+02     1.24e+05   695.824s
 671000 +4.66304269e+07 +5.71413103e+07  1.05e+07   1.00e+02     1.24e+05   696.826s
 672000 +4.66352440e+07 +5.72980144e+07  1.07e+07   9.99e+01     1.24e+05   697.830s
 673000 +4.66404640e+07 +5.73657227e+07  1.07e+07   9.97e+01     1.24e+05   698.833s
 674000 +4.66459264e+07 +5.73565441e+07  1.07e+07   9.95e+01     1.24e+05   699.836s
 675000 +4.66509103e+07 +5.72905374e+07  1.06e+07   9.94e+01     1.24e+05   700.839s
 676000 +4.66551992e+07 +5.71070106e+07  1.05e+07   9.92e+01     1.24e+05   701.841s
 677000 +4.66592063e+07 +5.68390380e+07  1.02e+07   9.90e+01     1.24e+05   702.843s
 678000 +4.66630473e+07 +5.66014688e+07  9.94e+06   9.88e+01     1.24e+05   703.845s
 679000 +4.66664314e+07 +5.63887165e+07  9.72e+06   9.86e+01     1.23e+05   704.849s
 680000 +4.66695863e+07 +5.64909514e+07  9.82e+06   9.84e+01     1.23e+05   705.852s
 681000 +4.66748144e+07 +5.66887389e+07  1.00e+07   9.76e+01     1.24e+05   706.855s
 682000 +4.66790225e+07 +5.67506679e+07  1.01e+07   9.74e+01     1.24e+05   707.858s
 683000 +4.66832381e+07 +5.69905546e+07  1.03e+07   9.74e+01     1.23e+05   708.861s
 684000 +4.66886868e+07 +5.70532795e+07  1.04e+07   9.70e+01     1.23e+05   709.863s
 685000 +4.66929511e+07 +5.68283673e+07  1.01e+07   9.68e+01     1.23e+05   710.865s
 686000 +4.66952535e+07 +5.66211548e+07  9.93e+06   9.68e+01     1.23e+05   711.869s
 687000 +4.66978648e+07 +5.64665878e+07  9.77e+06   9.66e+01     1.23e+05   712.872s
 688000 +4.67011632e+07 +5.63382269e+07  9.64e+06   9.64e+01     1.23e+05   713.875s
 689000 +4.67042483e+07 +5.63794102e+07  9.68e+06   9.63e+01     1.23e+05   714.878s
 690000 +4.67078927e+07 +5.64624566e+07  9.75e+06   9.61e+01     1.23e+05   715.880s
 691000 +4.67118075e+07 +5.66028760e+07  9.89e+06   9.59e+01     1.23e+05   716.882s
 692000 +4.67148551e+07 +5.68125339e+07  1.01e+07   9.56e+01     1.23e+05   717.884s
 693000 +4.67175626e+07 +5.71870533e+07  1.05e+07   9.55e+01     1.23e+05   718.888s
 694000 +4.67206934e+07 +5.74141149e+07  1.07e+07   9.53e+01     1.23e+05   719.891s
 695000 +4.67238594e+07 +5.75033010e+07  1.08e+07   9.50e+01     1.23e+05   720.894s
 696000 +4.67259196e+07 +5.75429188e+07  1.08e+07   9.49e+01     1.23e+05   721.897s
 697000 +4.67290144e+07 +5.73777065e+07  1.06e+07   9.46e+01     1.23e+05   722.899s
 698000 +4.67328591e+07 +5.69466707e+07  1.02e+07   9.43e+01     1.23e+05   723.901s
 699000 +4.67354210e+07 +5.66117449e+07  9.88e+06   9.42e+01     1.23e+05   724.903s
 700000 +4.67370362e+07 +5.64650771e+07  9.73e+06   9.40e+01     1.23e+05   725.905s
 701000 +4.67381767e+07 +5.66132647e+07  9.88e+06   9.38e+01     1.22e+05   726.908s
 702000 +4.67394208e+07 +5.70532707e+07  1.03e+07   9.36e+01     1.22e+05   727.912s
 703000 +4.67424588e+07 +5.74889551e+07  1.07e+07   9.33e+01     1.22e+05   728.915s
 704000 +4.67463217e+07 +5.75100159e+07  1.08e+07   9.30e+01     1.22e+05   729.918s
 705000 +4.67494474e+07 +5.71962355e+07  1.04e+07   9.28e+01     1.22e+05   730.921s
 706000 +4.67512040e+07 +5.70265591e+07  1.03e+07   9.26e+01     1.22e+05   731.924s
 707000 +4.67511814e+07 +5.70523357e+07  1.03e+07   9.24e+01     1.22e+05   732.926s
 708000 +4.67511061e+07 +5.71664135e+07  1.04e+07   9.23e+01     1.22e+05   733.930s
 709000 +4.67507186e+07 +5.72721729e+07  1.05e+07   9.21e+01     1.22e+05   734.933s
 710000 +4.67521615e+07 +5.74449053e+07  1.07e+07   9.19e+01     1.22e+05   735.936s
 711000 +4.67548569e+07 +5.75578849e+07  1.08e+07   9.16e+01     1.22e+05   736.938s
 712000 +4.67581656e+07 +5.76588304e+07  1.09e+07   9.15e+01     1.22e+05   737.940s
 713000 +4.67612372e+07 +5.78258828e+07  1.11e+07   9.13e+01     1.22e+05   738.942s
 714000 +4.67636809e+07 +5.80469468e+07  1.13e+07   9.10e+01     1.22e+05   739.944s
 715000 +4.67657212e+07 +5.83309583e+07  1.16e+07   9.09e+01     1.22e+05   740.946s
 716000 +4.67661632e+07 +5.85070216e+07  1.17e+07   9.06e+01     1.22e+05   741.950s
 717000 +4.67664717e+07 +5.85517265e+07  1.18e+07   9.04e+01     1.22e+05   742.953s
 718000 +4.67685393e+07 +5.83824556e+07  1.16e+07   9.04e+01     1.22e+05   743.956s
 719000 +4.67698702e+07 +5.80855906e+07  1.13e+07   9.01e+01     1.22e+05   744.959s
 720000 +4.67712332e+07 +5.78738784e+07  1.11e+07   8.99e+01     1.22e+05   745.961s
 721000 +4.67732919e+07 +5.77555101e+07  1.10e+07   8.97e+01     1.22e+05   746.963s
 722000 +4.67758335e+07 +5.75742456e+07  1.08e+07   8.94e+01     1.22e+05   747.965s
 723000 +4.67780505e+07 +5.75598864e+07  1.08e+07   8.92e+01     1.22e+05   748.969s
 724000 +4.67803390e+07 +5.78219673e+07  1.10e+07   8.90e+01     1.22e+05   749.972s
 725000 +4.67829984e+07 +5.80911903e+07  1.13e+07   8.88e+01     1.22e+05   750.975s
 726000 +4.67856448e+07 +5.82002765e+07  1.14e+07   8.85e+01     1.22e+05   751.978s
 727000 +4.67872385e+07 +5.81881328e+07  1.14e+07   8.83e+01     1.22e+05   752.981s
 728000 +4.67888524e+07 +5.81149103e+07  1.13e+07   8.81e+01     1.22e+05   753.983s
 729000 +4.67903886e+07 +5.78571942e+07  1.11e+07   8.79e+01     1.22e+05   754.985s
 730000 +4.67921678e+07 +5.75573426e+07  1.08e+07   8.77e+01     1.22e+05   755.988s
 731000 +4.67950569e+07 +5.73046565e+07  1.05e+07   8.75e+01     1.22e+05   756.991s
 732000 +4.67966992e+07 +5.71215453e+07  1.03e+07   8.72e+01     1.22e+05   757.995s
 733000 +4.67968324e+07 +5.73051071e+07  1.05e+07   8.71e+01     1.22e+05   758.998s
 734000 +4.67973865e+07 +5.76801486e+07  1.09e+07   8.69e+01     1.22e+05   760.000s
 735000 +4.67989679e+07 +5.80199372e+07  1.12e+07   8.67e+01     1.22e+05   761.002s
 736000 +4.68013154e+07 +5.83738907e+07  1.16e+07   8.65e+01     1.22e+05   762.004s
 737000 +4.68046253e+07 +5.86137721e+07  1.18e+07   8.63e+01     1.22e+05   763.006s
 738000 +4.68088286e+07 +5.87849665e+07  1.20e+07   8.61e+01     1.22e+05   764.010s
 739000 +4.68134137e+07 +5.87586565e+07  1.19e+07   8.59e+01     1.22e+05   765.013s
 740000 +4.68179660e+07 +5.87024827e+07  1.19e+07   8.57e+01     1.22e+05   766.016s
 741000 +4.68220806e+07 +5.85434967e+07  1.17e+07   8.54e+01     1.22e+05   767.019s
 742000 +4.68260407e+07 +5.84635017e+07  1.16e+07   8.52e+01     1.22e+05   768.021s
 743000 +4.68292840e+07 +5.85899906e+07  1.18e+07   8.50e+01     1.22e+05   769.024s
 744000 +4.68320842e+07 +5.87598066e+07  1.19e+07   8.48e+01     1.22e+05   770.026s
 745000 +4.68363827e+07 +5.88377681e+07  1.20e+07   8.44e+01     1.22e+05   771.031s
 746000 +4.68409243e+07 +5.88476050e+07  1.20e+07   8.42e+01     1.22e+05   772.034s
 747000 +4.68452199e+07 +5.88476652e+07  1.20e+07   8.40e+01     1.22e+05   773.037s
 748000 +4.68492762e+07 +5.88717257e+07  1.20e+07   8.39e+01     1.22e+05   774.040s
 749000 +4.68530487e+07 +5.89100396e+07  1.21e+07   8.38e+01     1.22e+05   775.042s
 750000 +4.68564167e+07 +5.89313057e+07  1.21e+07   8.36e+01     1.22e+05   776.044s
 751000 +4.68595773e+07 +5.89236767e+07  1.21e+07   8.35e+01     1.22e+05   777.045s
 752000 +4.68627371e+07 +5.88501659e+07  1.20e+07   8.34e+01     1.23e+05   778.048s
 753000 +4.68658725e+07 +5.87175036e+07  1.19e+07   8.33e+01     1.23e+05   779.052s
 754000 +4.68690153e+07 +5.85662110e+07  1.17e+07   8.32e+01     1.23e+05   780.055s
 755000 +4.68721749e+07 +5.84258882e+07  1.16e+07   8.30e+01     1.23e+05   781.058s
 756000 +4.68752640e+07 +5.83143020e+07  1.14e+07   8.29e+01     1.23e+05   782.061s
 757000 +4.68782531e+07 +5.82644833e+07  1.14e+07   8.28e+01     1.23e+05   783.062s
 758000 +4.68811640e+07 +5.82717235e+07  1.14e+07   8.27e+01     1.23e+05   784.064s
 759000 +4.68840127e+07 +5.83047109e+07  1.14e+07   8.26e+01     1.24e+05   785.067s
 760000 +4.68868661e+07 +5.83364315e+07  1.14e+07   8.24e+01     1.24e+05   786.071s
 761000 +4.68898024e+07 +5.83545386e+07  1.15e+07   8.23e+01     1.24e+05   787.074s
 762000 +4.68927953e+07 +5.83604739e+07  1.15e+07   8.22e+01     1.24e+05   788.077s
 763000 +4.68957530e+07 +5.83665708e+07  1.15e+07   8.21e+01     1.24e+05   789.079s
 764000 +4.68986303e+07 +5.83834267e+07  1.15e+07   8.20e+01     1.24e+05   790.081s
 765000 +4.69014386e+07 +5.84196819e+07  1.15e+07   8.19e+01     1.24e+05   791.083s
 766000 +4.69042269e+07 +5.84828467e+07  1.16e+07   8.17e+01     1.25e+05   792.085s
 767000 +4.69070451e+07 +5.85666877e+07  1.17e+07   8.16e+01     1.25e+05   793.087s
 768000 +4.69099358e+07 +5.86545461e+07  1.17e+07   8.15e+01     1.25e+05   794.091s
 769000 +4.69129010e+07 +5.87320631e+07  1.18e+07   8.14e+01     1.25e+05   795.094s
 770000 +4.69158984e+07 +5.87985624e+07  1.19e+07   8.13e+01     1.25e+05   796.096s
 771000 +4.69189135e+07 +5.88592693e+07  1.19e+07   8.12e+01     1.25e+05   797.099s
 772000 +4.69219238e+07 +5.89109979e+07  1.20e+07   8.10e+01     1.25e+05   798.101s
 773000 +4.69249023e+07 +5.89519059e+07  1.20e+07   8.09e+01     1.26e+05   799.103s
 774000 +4.69278487e+07 +5.89883126e+07  1.21e+07   8.08e+01     1.26e+05   800.105s
 775000 +4.69307722e+07 +5.90193854e+07  1.21e+07   8.07e+01     1.26e+05   801.107s
 776000 +4.69336936e+07 +5.90478527e+07  1.21e+07   8.06e+01     1.26e+05   802.111s
 777000 +4.69365940e+07 +5.90846065e+07  1.21e+07   8.05e+01     1.26e+05   803.114s
 778000 +4.69396053e+07 +5.91319907e+07  1.22e+07   8.03e+01     1.26e+05   804.118s
 779000 +4.69426752e+07 +5.91744399e+07  1.22e+07   8.02e+01     1.26e+05   805.121s
 780000 +4.69457690e+07 +5.92071571e+07  1.23e+07   8.01e+01     1.27e+05   806.123s
 781000 +4.69487627e+07 +5.92292526e+07  1.23e+07   7.99e+01     1.27e+05   807.124s
 782000 +4.69515348e+07 +5.92483255e+07  1.23e+07   7.98e+01     1.27e+05   808.127s
 783000 +4.69540146e+07 +5.92580128e+07  1.23e+07   7.97e+01     1.27e+05   809.131s
 784000 +4.69565401e+07 +5.92577748e+07  1.23e+07   7.96e+01     1.27e+05   810.134s
 785000 +4.69591776e+07 +5.92827245e+07  1.23e+07   7.95e+01     1.27e+05   811.137s
 786000 +4.69618539e+07 +5.93471502e+07  1.24e+07   7.93e+01     1.27e+05   812.139s
 787000 +4.69645240e+07 +5.94038431e+07  1.24e+07   7.92e+01     1.27e+05   813.142s
 788000 +4.69671141e+07 +5.94472836e+07  1.25e+07   7.91e+01     1.27e+05   814.143s
 789000 +4.69697270e+07 +5.94668522e+07  1.25e+07   7.90e+01     1.28e+05   815.145s
 790000 +4.69724969e+07 +5.94453125e+07  1.25e+07   7.88e+01     1.28e+05   816.148s
 791000 +4.69752032e+07 +5.93840720e+07  1.24e+07   7.87e+01     1.28e+05   817.152s
 792000 +4.69777379e+07 +5.93143379e+07  1.23e+07   7.86e+01     1.28e+05   818.155s
 793000 +4.69801621e+07 +5.93159551e+07  1.23e+07   7.84e+01     1.28e+05   819.158s
 794000 +4.69825194e+07 +5.93632392e+07  1.24e+07   7.83e+01     1.28e+05   820.160s
 795000 +4.69847442e+07 +5.94291849e+07  1.24e+07   7.82e+01     1.28e+05   821.163s
 796000 +4.69869046e+07 +5.95127120e+07  1.25e+07   7.80e+01     1.29e+05   822.164s
 797000 +4.69891532e+07 +5.95868125e+07  1.26e+07   7.79e+01     1.29e+05   823.167s
 798000 +4.69914402e+07 +5.96235775e+07  1.26e+07   7.77e+01     1.29e+05   824.170s
 799000 +4.69937396e+07 +5.96049507e+07  1.26e+07   7.76e+01     1.29e+05   825.174s
 800000 +4.69960660e+07 +5.95623196e+07  1.26e+07   7.75e+01     1.29e+05   826.177s
 801000 +4.69983574e+07 +5.95283626e+07  1.25e+07   7.73e+01     1.29e+05   827.179s
 802000 +4.70006211e+07 +5.95197059e+07  1.25e+07   7.72e+01     1.29e+05   828.182s
 803000 +4.70027928e+07 +5.95165257e+07  1.25e+07   7.71e+01     1.29e+05   829.184s
 804000 +4.70049103e+07 +5.95437147e+07  1.25e+07   7.69e+01     1.30e+05   830.186s
 805000 +4.70069889e+07 +5.95883505e+07  1.26e+07   7.68e+01     1.30e+05   831.190s
 806000 +4.70090347e+07 +5.96380859e+07  1.26e+07   7.67e+01     1.30e+05   832.193s
 807000 +4.70110870e+07 +5.96859916e+07  1.27e+07   7.65e+01     1.30e+05   833.196s
 808000 +4.70131534e+07 +5.97036377e+07  1.27e+07   7.64e+01     1.30e+05   834.199s
 809000 +4.70151387e+07 +5.96896119e+07  1.27e+07   7.62e+01     1.30e+05   835.201s
 810000 +4.70170754e+07 +5.96763177e+07  1.27e+07   7.61e+01     1.30e+05   836.203s
 811000 +4.70189155e+07 +5.96918145e+07  1.27e+07   7.60e+01     1.31e+05   837.205s
 812000 +4.70206567e+07 +5.97263483e+07  1.27e+07   7.58e+01     1.31e+05   838.209s
 813000 +4.70223751e+07 +5.97632338e+07  1.27e+07   7.57e+01     1.31e+05   839.213s
 814000 +4.70241006e+07 +5.97815656e+07  1.28e+07   7.55e+01     1.31e+05   840.216s
 815000 +4.70258263e+07 +5.97913010e+07  1.28e+07   7.54e+01     1.31e+05   841.219s
 816000 +4.70276758e+07 +5.97974804e+07  1.28e+07   7.53e+01     1.31e+05   842.222s
 817000 +4.70296310e+07 +5.97864635e+07  1.28e+07   7.51e+01     1.31e+05   843.224s
 818000 +4.70316340e+07 +5.97798393e+07  1.27e+07   7.50e+01     1.31e+05   844.226s
 819000 +4.70336346e+07 +5.97950906e+07  1.28e+07   7.48e+01     1.31e+05   845.229s
 820000 +4.70355417e+07 +5.98335207e+07  1.28e+07   7.47e+01     1.32e+05   846.233s
 821000 +4.70373165e+07 +5.98756711e+07  1.28e+07   7.46e+01     1.32e+05   847.236s
 822000 +4.70390405e+07 +5.99197579e+07  1.29e+07   7.44e+01     1.32e+05   848.239s
 823000 +4.70408012e+07 +5.99428745e+07  1.29e+07   7.43e+01     1.32e+05   849.241s
 824000 +4.70426167e+07 +5.99733920e+07  1.29e+07   7.41e+01     1.32e+05   850.244s
 825000 +4.70445234e+07 +6.00004969e+07  1.30e+07   7.40e+01     1.32e+05   851.245s
 826000 +4.70464682e+07 +6.00244428e+07  1.30e+07   7.38e+01     1.32e+05   852.248s
 827000 +4.70483673e+07 +6.00604804e+07  1.30e+07   7.37e+01     1.32e+05   853.252s
 828000 +4.70501643e+07 +6.00993031e+07  1.30e+07   7.36e+01     1.32e+05   854.255s
 829000 +4.70517988e+07 +6.01280652e+07  1.31e+07   7.34e+01     1.33e+05   855.258s
 830000 +4.70533835e+07 +6.01363641e+07  1.31e+07   7.33e+01     1.33e+05   856.261s
 831000 +4.70551635e+07 +6.01482955e+07  1.31e+07   7.31e+01     1.33e+05   857.263s
 832000 +4.70570754e+07 +6.01700869e+07  1.31e+07   7.29e+01     1.33e+05   858.265s
 833000 +4.70591640e+07 +6.02041023e+07  1.31e+07   7.27e+01     1.33e+05   859.267s
 834000 +4.70613740e+07 +6.02515842e+07  1.32e+07   7.25e+01     1.33e+05   860.271s
 835000 +4.70636391e+07 +6.03257360e+07  1.33e+07   7.23e+01     1.33e+05   861.274s
 836000 +4.70658472e+07 +6.04225831e+07  1.34e+07   7.20e+01     1.34e+05   862.277s
 837000 +4.70680233e+07 +6.05111338e+07  1.34e+07   7.18e+01     1.34e+05   863.280s
 838000 +4.70701042e+07 +6.05766213e+07  1.35e+07   7.15e+01     1.34e+05   864.283s
 839000 +4.70721027e+07 +6.05909181e+07  1.35e+07   7.13e+01     1.34e+05   865.285s
 840000 +4.70740148e+07 +6.05439056e+07  1.35e+07   7.11e+01     1.34e+05   866.288s
 841000 +4.70759391e+07 +6.04923066e+07  1.34e+07   7.09e+01     1.34e+05   867.292s
 842000 +4.70779122e+07 +6.04638287e+07  1.34e+07   7.07e+01     1.34e+05   868.295s
 843000 +4.70799440e+07 +6.04776344e+07  1.34e+07   7.05e+01     1.35e+05   869.298s
 844000 +4.70819129e+07 +6.04739091e+07  1.34e+07   7.03e+01     1.35e+05   870.300s
 845000 +4.70837263e+07 +6.04116088e+07  1.33e+07   7.02e+01     1.35e+05   871.303s
 846000 +4.70853976e+07 +6.03568971e+07  1.33e+07   7.00e+01     1.35e+05   872.305s
 847000 +4.70870987e+07 +6.03297880e+07  1.32e+07   6.98e+01     1.35e+05   873.308s
 848000 +4.70888119e+07 +6.02905818e+07  1.32e+07   6.97e+01     1.35e+05   874.312s
 849000 +4.70904753e+07 +6.02443464e+07  1.32e+07   6.95e+01     1.35e+05   875.315s
 850000 +4.70922273e+07 +6.02289435e+07  1.31e+07   6.94e+01     1.35e+05   876.319s
 851000 +4.70940811e+07 +6.02213118e+07  1.31e+07   6.92e+01     1.35e+05   877.322s
 852000 +4.70958093e+07 +6.01923182e+07  1.31e+07   6.90e+01     1.35e+05   878.324s
 853000 +4.70973833e+07 +6.01450676e+07  1.30e+07   6.89e+01     1.35e+05   879.327s
 854000 +4.70988111e+07 +6.01012264e+07  1.30e+07   6.87e+01     1.36e+05   880.331s
 855000 +4.71003177e+07 +6.00900639e+07  1.30e+07   6.85e+01     1.36e+05   881.334s
 856000 +4.71018009e+07 +6.01022237e+07  1.30e+07   6.83e+01     1.36e+05   882.338s
 857000 +4.71031882e+07 +6.01097187e+07  1.30e+07   6.82e+01     1.36e+05   883.340s
 858000 +4.71044232e+07 +6.01009978e+07  1.30e+07   6.80e+01     1.36e+05   884.343s
 859000 +4.71055625e+07 +6.00874473e+07  1.30e+07   6.79e+01     1.36e+05   885.345s
 860000 +4.71066620e+07 +6.00921124e+07  1.30e+07   6.77e+01     1.36e+05   886.348s
 861000 +4.71078493e+07 +6.01010130e+07  1.30e+07   6.76e+01     1.36e+05   887.352s
 862000 +4.71092147e+07 +6.01215708e+07  1.30e+07   6.75e+01     1.37e+05   888.355s
 863000 +4.71107796e+07 +6.01435280e+07  1.30e+07   6.73e+01     1.37e+05   889.358s
 864000 +4.71123363e+07 +6.01616784e+07  1.30e+07   6.72e+01     1.37e+05   890.361s
 865000 +4.71138299e+07 +6.01841758e+07  1.31e+07   6.71e+01     1.37e+05   891.363s
 866000 +4.71152434e+07 +6.02054320e+07  1.31e+07   6.69e+01     1.37e+05   892.365s
 867000 +4.71165668e+07 +6.02552987e+07  1.31e+07   6.68e+01     1.37e+05   893.367s
 868000 +4.71178142e+07 +6.03145337e+07  1.32e+07   6.66e+01     1.37e+05   894.371s
 869000 +4.71190296e+07 +6.03458623e+07  1.32e+07   6.65e+01     1.37e+05   895.374s
 870000 +4.71203787e+07 +6.03613936e+07  1.32e+07   6.63e+01     1.37e+05   896.377s
 871000 +4.71220261e+07 +6.03768162e+07  1.33e+07   6.61e+01     1.37e+05   897.380s
 872000 +4.71237019e+07 +6.03874249e+07  1.33e+07   6.59e+01     1.37e+05   898.382s
 873000 +4.71252624e+07 +6.04127318e+07  1.33e+07   6.56e+01     1.38e+05   899.384s
 874000 +4.71269348e+07 +6.04575067e+07  1.33e+07   6.54e+01     1.38e+05   900.385s
 875000 +4.71287885e+07 +6.05249105e+07  1.34e+07   6.52e+01     1.38e+05   901.388s
 876000 +4.71306921e+07 +6.05987581e+07  1.35e+07   6.49e+01     1.38e+05   902.391s
 877000 +4.71325898e+07 +6.06465830e+07  1.35e+07   6.47e+01     1.38e+05   903.394s
 878000 +4.71343464e+07 +6.06731308e+07  1.35e+07   6.44e+01     1.38e+05   904.397s
 879000 +4.71361294e+07 +6.06952655e+07  1.36e+07   6.42e+01     1.38e+05   905.400s
 880000 +4.71379839e+07 +6.06906324e+07  1.36e+07   6.39e+01     1.39e+05   906.402s
 881000 +4.71397770e+07 +6.06610261e+07  1.35e+07   6.37e+01     1.39e+05   907.404s
 882000 +4.71414030e+07 +6.06326751e+07  1.35e+07   6.35e+01     1.39e+05   908.405s
 883000 +4.71430073e+07 +6.06088142e+07  1.35e+07   6.32e+01     1.39e+05   909.409s
 884000 +4.71445931e+07 +6.05544875e+07  1.34e+07   6.30e+01     1.39e+05   910.413s
 885000 +4.71462046e+07 +6.05100266e+07  1.34e+07   6.28e+01     1.39e+05   911.416s
 886000 +4.71478683e+07 +6.04807255e+07  1.33e+07   6.25e+01     1.39e+05   912.419s
 887000 +4.71498058e+07 +6.04755587e+07  1.33e+07   6.23e+01     1.39e+05   913.422s
 888000 +4.71517558e+07 +6.04713905e+07  1.33e+07   6.21e+01     1.39e+05   914.424s
 889000 +4.71536413e+07 +6.04846126e+07  1.33e+07   6.19e+01     1.39e+05   915.427s
 890000 +4.71554182e+07 +6.04979918e+07  1.33e+07   6.17e+01     1.39e+05   916.430s
 891000 +4.71570553e+07 +6.05122373e+07  1.34e+07   6.15e+01     1.40e+05   917.434s
 892000 +4.71586731e+07 +6.04906937e+07  1.33e+07   6.13e+01     1.40e+05   918.437s
 893000 +4.71601632e+07 +6.04401651e+07  1.33e+07   6.11e+01     1.40e+05   919.439s
 894000 +4.71616060e+07 +6.03685320e+07  1.32e+07   6.10e+01     1.40e+05   920.442s
 895000 +4.71629175e+07 +6.03444820e+07  1.32e+07   6.08e+01     1.40e+05   921.444s
 896000 +4.71639134e+07 +6.03627476e+07  1.32e+07   6.06e+01     1.40e+05   922.446s
 897000 +4.71646903e+07 +6.04197743e+07  1.33e+07   6.04e+01     1.40e+05   923.450s
 898000 +4.71654638e+07 +6.05293561e+07  1.34e+07   6.02e+01     1.40e+05   924.453s
 899000 +4.71666013e+07 +6.05972902e+07  1.34e+07   6.01e+01     1.40e+05   925.456s
 900000 +4.71677901e+07 +6.06474315e+07  1.35e+07   5.99e+01     1.40e+05   926.459s
 901000 +4.71688067e+07 +6.06370222e+07  1.35e+07   5.97e+01     1.40e+05   927.461s
 902000 +4.71698563e+07 +6.06103746e+07  1.34e+07   5.95e+01     1.41e+05   928.463s
 903000 +4.71710907e+07 +6.06127677e+07  1.34e+07   5.94e+01     1.41e+05   929.465s
 904000 +4.71727691e+07 +6.06624225e+07  1.35e+07   5.92e+01     1.40e+05   930.466s
 905000 +4.71742747e+07 +6.07424398e+07  1.36e+07   5.91e+01     1.40e+05   931.469s
 906000 +4.71753677e+07 +6.07743533e+07  1.36e+07   5.89e+01     1.40e+05   932.473s
 907000 +4.71762453e+07 +6.07387943e+07  1.36e+07   5.87e+01     1.41e+05   933.475s
 908000 +4.71770614e+07 +6.07664157e+07  1.36e+07   5.85e+01     1.41e+05   934.479s
 909000 +4.71780236e+07 +6.08224724e+07  1.36e+07   5.84e+01     1.41e+05   935.481s
 910000 +4.71789185e+07 +6.08868114e+07  1.37e+07   5.82e+01     1.41e+05   936.483s
 911000 +4.71799740e+07 +6.09359341e+07  1.38e+07   5.81e+01     1.41e+05   937.486s
 912000 +4.71813028e+07 +6.10149330e+07  1.38e+07   5.79e+01     1.41e+05   938.488s
 913000 +4.71826800e+07 +6.11074537e+07  1.39e+07   5.77e+01     1.41e+05   939.492s
 914000 +4.71842934e+07 +6.12611779e+07  1.41e+07   5.75e+01     1.41e+05   940.494s
 915000 +4.71859409e+07 +6.14671239e+07  1.43e+07   5.73e+01     1.41e+05   941.497s
 916000 +4.71871988e+07 +6.15712216e+07  1.44e+07   5.71e+01     1.41e+05   942.499s
 917000 +4.71884172e+07 +6.16251682e+07  1.44e+07   5.69e+01     1.41e+05   943.501s
 918000 +4.71897261e+07 +6.17018964e+07  1.45e+07   5.66e+01     1.41e+05   944.503s
 919000 +4.71914080e+07 +6.17712677e+07  1.46e+07   5.64e+01     1.41e+05   945.505s
 920000 +4.71934118e+07 +6.18239308e+07  1.46e+07   5.61e+01     1.41e+05   946.508s
 921000 +4.71953092e+07 +6.18281414e+07  1.46e+07   5.58e+01     1.41e+05   947.512s
 922000 +4.71968951e+07 +6.18142793e+07  1.46e+07   5.56e+01     1.41e+05   948.516s
 923000 +4.71984729e+07 +6.18221360e+07  1.46e+07   5.53e+01     1.41e+05   949.519s
 924000 +4.72001953e+07 +6.18485336e+07  1.46e+07   5.50e+01     1.41e+05   950.521s
 925000 +4.72019225e+07 +6.18898854e+07  1.47e+07   5.48e+01     1.41e+05   951.524s
 926000 +4.72034849e+07 +6.19435626e+07  1.47e+07   5.45e+01     1.41e+05   952.527s
 927000 +4.72052028e+07 +6.19867382e+07  1.48e+07   5.43e+01     1.42e+05   953.530s
 928000 +4.72069411e+07 +6.19147071e+07  1.47e+07   5.41e+01     1.42e+05   954.534s
 929000 +4.72085438e+07 +6.18097501e+07  1.46e+07   5.39e+01     1.42e+05   955.536s
 930000 +4.72101122e+07 +6.17569608e+07  1.45e+07   5.36e+01     1.42e+05   956.539s
 931000 +4.72117861e+07 +6.17122352e+07  1.45e+07   5.34e+01     1.42e+05   957.542s
 932000 +4.72132708e+07 +6.17512539e+07  1.45e+07   5.32e+01     1.42e+05   958.544s
 933000 +4.72143440e+07 +6.18699144e+07  1.47e+07   5.30e+01     1.42e+05   959.546s
 934000 +4.72153366e+07 +6.20054605e+07  1.48e+07   5.28e+01     1.42e+05   960.549s
 935000 +4.72160462e+07 +6.20791335e+07  1.49e+07   5.26e+01     1.42e+05   961.553s
 936000 +4.72167317e+07 +6.20836624e+07  1.49e+07   5.24e+01     1.42e+05   962.556s
 937000 +4.72174727e+07 +6.20147458e+07  1.48e+07   5.22e+01     1.42e+05   963.559s
 938000 +4.72182938e+07 +6.19334718e+07  1.47e+07   5.20e+01     1.42e+05   964.562s
 939000 +4.72192083e+07 +6.18296749e+07  1.46e+07   5.18e+01     1.42e+05   965.564s
 940000 +4.72199979e+07 +6.17975046e+07  1.46e+07   5.16e+01     1.42e+05   966.566s
 941000 +4.72203223e+07 +6.17878276e+07  1.46e+07   5.15e+01     1.42e+05   967.570s
 942000 +4.72204271e+07 +6.18253371e+07  1.46e+07   5.13e+01     1.42e+05   968.573s
 943000 +4.72206603e+07 +6.18773470e+07  1.47e+07   5.11e+01     1.42e+05   969.575s
 944000 +4.72208875e+07 +6.19952895e+07  1.48e+07   5.09e+01     1.42e+05   970.578s
 945000 +4.72211040e+07 +6.20866710e+07  1.49e+07   5.07e+01     1.42e+05   971.581s
 946000 +4.72213570e+07 +6.20939710e+07  1.49e+07   5.04e+01     1.42e+05   972.582s
 947000 +4.72218512e+07 +6.21043687e+07  1.49e+07   5.02e+01     1.43e+05   973.584s
 948000 +4.72224885e+07 +6.20837216e+07  1.49e+07   4.99e+01     1.43e+05   974.586s
 949000 +4.72234010e+07 +6.20587622e+07  1.48e+07   4.96e+01     1.43e+05   975.588s
 950000 +4.72244745e+07 +6.20414071e+07  1.48e+07   4.94e+01     1.43e+05   976.592s
 951000 +4.72254234e+07 +6.20711394e+07  1.48e+07   4.91e+01     1.43e+05   977.595s
 952000 +4.72264855e+07 +6.21536903e+07  1.49e+07   4.88e+01     1.43e+05   978.598s
 953000 +4.72276055e+07 +6.22516303e+07  1.50e+07   4.85e+01     1.43e+05   979.600s
 954000 +4.72288181e+07 +6.23488356e+07  1.51e+07   4.82e+01     1.43e+05   980.602s
 955000 +4.72299228e+07 +6.24194495e+07  1.52e+07   4.80e+01     1.43e+05   981.604s
 956000 +4.72311835e+07 +6.25594538e+07  1.53e+07   4.77e+01     1.43e+05   982.605s
 957000 +4.72325500e+07 +6.27057740e+07  1.55e+07   4.75e+01     1.43e+05   983.608s
 958000 +4.72338707e+07 +6.27885464e+07  1.56e+07   4.72e+01     1.43e+05   984.612s
 959000 +4.72352659e+07 +6.28779236e+07  1.56e+07   4.70e+01     1.43e+05   985.615s
 960000 +4.72366416e+07 +6.30271581e+07  1.58e+07   4.67e+01     1.43e+05   986.618s
 961000 +4.72380380e+07 +6.31249521e+07  1.59e+07   4.65e+01     1.43e+05   987.620s
 962000 +4.72394291e+07 +6.31700283e+07  1.59e+07   4.62e+01     1.43e+05   988.623s
 963000 +4.72407688e+07 +6.31569510e+07  1.59e+07   4.60e+01     1.43e+05   989.625s
 964000 +4.72418529e+07 +6.30876774e+07  1.58e+07   4.57e+01     1.43e+05   990.627s
 965000 +4.72430116e+07 +6.30088457e+07  1.58e+07   4.54e+01     1.43e+05   991.630s
 966000 +4.72453865e+07 +6.29381776e+07  1.57e+07   4.58e+01     1.43e+05   992.634s
 967000 +4.72486215e+07 +6.28860288e+07  1.56e+07   4.59e+01     1.42e+05   993.637s
 968000 +4.72513058e+07 +6.29734807e+07  1.57e+07   4.59e+01     1.42e+05   994.639s
 969000 +4.72531770e+07 +6.30339027e+07  1.58e+07   4.55e+01     1.41e+05   995.642s
 970000 +4.72538779e+07 +6.29186638e+07  1.57e+07   4.49e+01     1.42e+05   996.644s
 971000 +4.72540497e+07 +6.27670258e+07  1.55e+07   4.46e+01     1.42e+05   997.646s
 972000 +4.72542162e+07 +6.26839341e+07  1.54e+07   4.47e+01     1.42e+05   998.649s
 973000 +4.72543863e+07 +6.24219226e+07  1.52e+07   4.46e+01     1.42e+05   999.652s
 974000 +4.72559963e+07 +6.19309975e+07  1.47e+07   4.46e+01     1.41e+05   1000.656s
 975000 +4.72587720e+07 +6.14818900e+07  1.42e+07   4.42e+01     1.42e+05   1001.659s
 976000 +4.72619045e+07 +6.13440490e+07  1.41e+07   4.37e+01     1.42e+05   1002.661s
 977000 +4.72650308e+07 +6.13059480e+07  1.40e+07   4.35e+01     1.42e+05   1003.664s
 978000 +4.72674381e+07 +6.14302131e+07  1.42e+07   4.37e+01     1.41e+05   1004.666s
 979000 +4.72679120e+07 +6.18540068e+07  1.46e+07   4.36e+01     1.41e+05   1005.669s
 980000 +4.72672141e+07 +6.23648104e+07  1.51e+07   4.32e+01     1.41e+05   1006.673s
 981000 +4.72663533e+07 +6.27540457e+07  1.55e+07   4.27e+01     1.41e+05   1007.676s
 982000 +4.72650546e+07 +6.29136627e+07  1.56e+07   4.26e+01     1.40e+05   1008.679s
 983000 +4.72639753e+07 +6.27233385e+07  1.55e+07   4.27e+01     1.40e+05   1009.681s
 984000 +4.72640560e+07 +6.22900439e+07  1.50e+07   4.28e+01     1.40e+05   1010.683s
 985000 +4.72653081e+07 +6.17142500e+07  1.44e+07   4.26e+01     1.40e+05   1011.685s
 986000 +4.72679826e+07 +6.13010063e+07  1.40e+07   4.23e+01     1.41e+05   1012.687s
 987000 +4.72707266e+07 +6.11270751e+07  1.39e+07   4.21e+01     1.41e+05   1013.691s
 988000 +4.72737021e+07 +6.12416273e+07  1.40e+07   4.25e+01     1.40e+05   1014.694s
 989000 +4.72749510e+07 +6.16001813e+07  1.43e+07   4.26e+01     1.39e+05   1015.697s
 990000 +4.72767832e+07 +6.20220848e+07  1.47e+07   4.26e+01     1.39e+05   1016.699s
 991000 +4.72787074e+07 +6.23239545e+07  1.50e+07   4.23e+01     1.39e+05   1017.701s
 992000 +4.72809322e+07 +6.26343979e+07  1.54e+07   4.20e+01     1.39e+05   1018.703s
 993000 +4.72829821e+07 +6.25602611e+07  1.53e+07   4.20e+01     1.39e+05   1019.705s
 994000 +4.72856932e+07 +6.23915051e+07  1.51e+07   4.21e+01     1.38e+05   1020.707s
 995000 +4.72888533e+07 +6.23250253e+07  1.50e+07   4.22e+01     1.38e+05   1021.711s
 996000 +4.72915377e+07 +6.23729144e+07  1.51e+07   4.20e+01     1.38e+05   1022.714s
 997000 +4.72941101e+07 +6.25281694e+07  1.52e+07   4.18e+01     1.39e+05   1023.717s
 998000 +4.72967339e+07 +6.27931902e+07  1.55e+07   4.17e+01     1.38e+05   1024.721s
 999000 +4.72992390e+07 +6.31800534e+07  1.59e+07   4.18e+01     1.38e+05   1025.723s
1000000 +4.73015727e+07 +6.33676552e+07  1.61e+07   4.20e+01     1.38e+05   1026.725s
1001000 +4.73038963e+07 +6.33269242e+07  1.60e+07   4.19e+01     1.37e+05   1027.727s
1002000 +4.73058899e+07 +6.29786372e+07  1.57e+07   4.17e+01     1.37e+05   1028.731s
1003000 +4.73064656e+07 +6.26250359e+07  1.53e+07   4.16e+01     1.37e+05   1029.734s
1004000 +4.73069904e+07 +6.22644507e+07  1.50e+07   4.16e+01     1.36e+05   1030.737s
1005000 +4.73087151e+07 +6.17401071e+07  1.44e+07   4.18e+01     1.36e+05   1031.740s
1006000 +4.73112347e+07 +6.12309127e+07  1.39e+07   4.18e+01     1.36e+05   1032.743s
1007000 +4.73137266e+07 +6.10725523e+07  1.38e+07   4.17e+01     1.36e+05   1033.745s
1008000 +4.73160585e+07 +6.09736488e+07  1.37e+07   4.15e+01     1.36e+05   1034.747s
1009000 +4.73185514e+07 +6.09760034e+07  1.37e+07   4.14e+01     1.36e+05   1035.750s
1010000 +4.73221155e+07 +6.13263753e+07  1.40e+07   4.15e+01     1.35e+05   1036.753s
1011000 +4.73239082e+07 +6.17645703e+07  1.44e+07   4.17e+01     1.35e+05   1037.756s
1012000 +4.73245981e+07 +6.20027108e+07  1.47e+07   4.16e+01     1.34e+05   1038.760s
1013000 +4.73248897e+07 +6.21923448e+07  1.49e+07   4.14e+01     1.34e+05   1039.762s
1014000 +4.73251187e+07 +6.20289992e+07  1.47e+07   4.13e+01     1.34e+05   1040.764s
1015000 +4.73247121e+07 +6.16875920e+07  1.44e+07   4.14e+01     1.33e+05   1041.766s
1016000 +4.73249516e+07 +6.11968367e+07  1.39e+07   4.15e+01     1.33e+05   1042.768s
1017000 +4.73267125e+07 +6.08664628e+07  1.35e+07   4.15e+01     1.33e+05   1043.771s
1018000 +4.73282629e+07 +6.09582614e+07  1.36e+07   4.13e+01     1.33e+05   1044.774s
1019000 +4.73303689e+07 +6.10904349e+07  1.38e+07   4.11e+01     1.33e+05   1045.777s
1020000 +4.73325119e+07 +6.13210694e+07  1.40e+07   4.10e+01     1.33e+05   1046.779s
1021000 +4.73348277e+07 +6.16558309e+07  1.43e+07   4.10e+01     1.33e+05   1047.782s
1022000 +4.73356470e+07 +6.17446668e+07  1.44e+07   4.10e+01     1.32e+05   1048.784s
1023000 +4.73360465e+07 +6.17911462e+07  1.45e+07   4.08e+01     1.32e+05   1049.785s
1024000 +4.73367433e+07 +6.18118470e+07  1.45e+07   4.05e+01     1.32e+05   1050.787s
1025000 +4.73370329e+07 +6.16813008e+07  1.43e+07   4.03e+01     1.32e+05   1051.790s
1026000 +4.73375709e+07 +6.15391228e+07  1.42e+07   4.02e+01     1.31e+05   1052.794s
1027000 +4.73377605e+07 +6.13343402e+07  1.40e+07   4.02e+01     1.31e+05   1053.797s
1028000 +4.73397826e+07 +6.12219347e+07  1.39e+07   4.00e+01     1.31e+05   1054.800s
1029000 +4.73419880e+07 +6.11525791e+07  1.38e+07   3.97e+01     1.31e+05   1055.802s
1030000 +4.73444846e+07 +6.11740760e+07  1.38e+07   3.94e+01     1.31e+05   1056.804s
1031000 +4.73465219e+07 +6.12948817e+07  1.39e+07   3.94e+01     1.31e+05   1057.806s
1032000 +4.73476381e+07 +6.14472111e+07  1.41e+07   3.93e+01     1.31e+05   1058.808s
1033000 +4.73486631e+07 +6.18230452e+07  1.45e+07   3.92e+01     1.30e+05   1059.811s
1034000 +4.73484564e+07 +6.20487418e+07  1.47e+07   3.89e+01     1.30e+05   1060.815s
1035000 +4.73479926e+07 +6.21141007e+07  1.48e+07   3.86e+01     1.30e+05   1061.818s
1036000 +4.73469131e+07 +6.19239710e+07  1.46e+07   3.84e+01     1.30e+05   1062.821s
1037000 +4.73466139e+07 +6.13898199e+07  1.40e+07   3.84e+01     1.29e+05   1063.823s
1038000 +4.73471250e+07 +6.06482865e+07  1.33e+07   3.83e+01     1.29e+05   1064.825s
1039000 +4.73477169e+07 +6.01278566e+07  1.28e+07   3.80e+01     1.29e+05   1065.828s
1040000 +4.73486695e+07 +6.00837421e+07  1.27e+07   3.78e+01     1.29e+05   1066.831s
1041000 +4.73491613e+07 +6.05158808e+07  1.32e+07   3.76e+01     1.29e+05   1067.834s
1042000 +4.73489487e+07 +6.11982701e+07  1.38e+07   3.75e+01     1.29e+05   1068.838s
1043000 +4.73490021e+07 +6.18041849e+07  1.45e+07   3.74e+01     1.29e+05   1069.840s
1044000 +4.73494448e+07 +6.22931992e+07  1.49e+07   3.73e+01     1.29e+05   1070.843s
1045000 +4.73497792e+07 +6.24363247e+07  1.51e+07   3.71e+01     1.28e+05   1071.845s
1046000 +4.73500294e+07 +6.21936757e+07  1.48e+07   3.70e+01     1.28e+05   1072.847s
1047000 +4.73497499e+07 +6.16963507e+07  1.43e+07   3.68e+01     1.28e+05   1073.850s
1048000 +4.73496423e+07 +6.14447846e+07  1.41e+07   3.68e+01     1.28e+05   1074.853s
1049000 +4.73504020e+07 +6.15129793e+07  1.42e+07   3.67e+01     1.28e+05   1075.856s
1050000 +4.73516248e+07 +6.17812967e+07  1.44e+07   3.65e+01     1.28e+05   1076.859s
1051000 +4.73532789e+07 +6.21225325e+07  1.48e+07   3.62e+01     1.28e+05   1077.862s
1052000 +4.73549749e+07 +6.24833812e+07  1.51e+07   3.61e+01     1.28e+05   1078.864s
1053000 +4.73569265e+07 +6.27968402e+07  1.54e+07   3.59e+01     1.28e+05   1079.866s
1054000 +4.73584453e+07 +6.28518736e+07  1.55e+07   3.58e+01     1.28e+05   1080.868s
1055000 +4.73597838e+07 +6.28836605e+07  1.55e+07   3.56e+01     1.28e+05   1081.871s
1056000 +4.73606648e+07 +6.28950831e+07  1.55e+07   3.53e+01     1.28e+05   1082.874s
1057000 +4.73610683e+07 +6.27705226e+07  1.54e+07   3.51e+01     1.28e+05   1083.878s
1058000 +4.73616318e+07 +6.25930755e+07  1.52e+07   3.50e+01     1.27e+05   1084.881s
1059000 +4.73627555e+07 +6.25120624e+07  1.51e+07   3.49e+01     1.27e+05   1085.883s
1060000 +4.73640738e+07 +6.23182069e+07  1.50e+07   3.48e+01     1.27e+05   1086.884s
1061000 +4.73659166e+07 +6.21295156e+07  1.48e+07   3.46e+01     1.27e+05   1087.886s
1062000 +4.73686054e+07 +6.21555611e+07  1.48e+07   3.44e+01     1.27e+05   1088.888s
1063000 +4.73717477e+07 +6.25280002e+07  1.52e+07   3.43e+01     1.27e+05   1089.891s
1064000 +4.73734536e+07 +6.30845691e+07  1.57e+07   3.42e+01     1.27e+05   1090.894s
1065000 +4.73765592e+07 +6.35409746e+07  1.62e+07   3.63e+01     1.24e+05   1091.897s
1066000 +4.73814277e+07 +6.38754154e+07  1.65e+07   3.82e+01     1.22e+05   1092.900s
1067000 +4.73845662e+07 +6.43165508e+07  1.69e+07   3.89e+01     1.20e+05   1093.902s
1068000 +4.73869630e+07 +6.45502971e+07  1.72e+07   3.84e+01     1.19e+05   1094.904s
1069000 +4.73875104e+07 +6.45196767e+07  1.71e+07   3.74e+01     1.19e+05   1095.906s
1070000 +4.73881216e+07 +6.42121105e+07  1.68e+07   3.68e+01     1.19e+05   1096.909s
1071000 +4.73877031e+07 +6.36675740e+07  1.63e+07   3.68e+01     1.19e+05   1097.913s
1072000 +4.73921148e+07 +6.36645806e+07  1.63e+07   3.77e+01     1.17e+05   1098.918s
1073000 +4.73961333e+07 +6.37390684e+07  1.63e+07   3.78e+01     1.17e+05   1099.921s
1074000 +4.74001597e+07 +6.37694526e+07  1.64e+07   3.73e+01     1.16e+05   1100.923s
1075000 +4.74040915e+07 +6.37456478e+07  1.63e+07   3.63e+01     1.16e+05   1101.925s
1076000 +4.74081269e+07 +6.37357783e+07  1.63e+07   3.54e+01     1.16e+05   1102.927s
1077000 +4.74123824e+07 +6.37800702e+07  1.64e+07   3.47e+01     1.16e+05   1103.930s
1078000 +4.74167711e+07 +6.38289292e+07  1.64e+07   3.43e+01     1.16e+05   1104.933s
1079000 +4.74208437e+07 +6.38497865e+07  1.64e+07   3.42e+01     1.16e+05   1105.936s
1080000 +4.74246285e+07 +6.38254036e+07  1.64e+07   3.41e+01     1.16e+05   1106.939s
1081000 +4.74296209e+07 +6.37553996e+07  1.63e+07   3.51e+01     1.15e+05   1107.942s
1082000 +4.74348219e+07 +6.37161124e+07  1.63e+07   3.57e+01     1.14e+05   1108.944s
1083000 +4.74398701e+07 +6.36929954e+07  1.63e+07   3.61e+01     1.14e+05   1109.946s
1084000 +4.74442427e+07 +6.36565843e+07  1.62e+07   3.61e+01     1.14e+05   1110.948s
1085000 +4.74478637e+07 +6.36302679e+07  1.62e+07   3.61e+01     1.13e+05   1111.952s
1086000 +4.74506234e+07 +6.36661589e+07  1.62e+07   3.61e+01     1.13e+05   1112.955s
1087000 +4.74532036e+07 +6.36975639e+07  1.62e+07   3.63e+01     1.13e+05   1113.958s
1088000 +4.74559652e+07 +6.37021597e+07  1.62e+07   3.65e+01     1.13e+05   1114.961s
1089000 +4.74586780e+07 +6.36887143e+07  1.62e+07   3.68e+01     1.13e+05   1115.964s
1090000 +4.74610512e+07 +6.36592981e+07  1.62e+07   3.73e+01     1.13e+05   1116.966s
1091000 +4.74639349e+07 +6.36028302e+07  1.61e+07   3.76e+01     1.13e+05   1117.969s
1092000 +4.74673010e+07 +6.35249388e+07  1.61e+07   3.80e+01     1.12e+05   1118.973s
1093000 +4.74709903e+07 +6.34873168e+07  1.60e+07   3.84e+01     1.12e+05   1119.976s
1094000 +4.74744676e+07 +6.34713340e+07  1.60e+07   3.88e+01     1.12e+05   1120.979s
1095000 +4.74778224e+07 +6.34720866e+07  1.60e+07   3.93e+01     1.12e+05   1121.982s
1096000 +4.74811502e+07 +6.34799563e+07  1.60e+07   3.98e+01     1.12e+05   1122.984s
1097000 +4.74844033e+07 +6.35037693e+07  1.60e+07   4.02e+01     1.11e+05   1123.986s
1098000 +4.74874521e+07 +6.34705054e+07  1.60e+07   4.07e+01     1.11e+05   1124.988s
1099000 +4.74904671e+07 +6.34236210e+07  1.59e+07   4.12e+01     1.11e+05   1125.991s
1100000 +4.74933726e+07 +6.33759402e+07  1.59e+07   4.17e+01     1.11e+05   1126.994s
1101000 +4.74960658e+07 +6.33300136e+07  1.58e+07   4.23e+01     1.11e+05   1127.997s
1102000 +4.75000275e+07 +6.33319589e+07  1.58e+07   4.39e+01     1.09e+05   1129.000s
1103000 +4.75065898e+07 +6.32523373e+07  1.57e+07   4.56e+01     1.08e+05   1130.003s
1104000 +4.75135566e+07 +6.30629331e+07  1.55e+07   4.89e+01     1.06e+05   1131.005s
1105000 +4.75202382e+07 +6.28589498e+07  1.53e+07   5.31e+01     1.03e+05   1132.007s
1106000 +4.75263476e+07 +6.25040189e+07  1.50e+07   5.77e+01     9.94e+04   1133.010s
1107000 +4.75315262e+07 +6.20319220e+07  1.45e+07   6.23e+01     9.52e+04   1134.014s
1108000 +4.75355672e+07 +6.15619116e+07  1.40e+07   6.67e+01     9.03e+04   1135.017s
1109000 +4.75390134e+07 +6.09814065e+07  1.34e+07   7.04e+01     8.50e+04   1136.020s
1110000 +4.75414700e+07 +6.04009211e+07  1.29e+07   7.35e+01     7.96e+04   1137.023s
1111000 +4.75432246e+07 +5.98194441e+07  1.23e+07   7.58e+01     7.40e+04   1138.025s
1112000 +4.75441271e+07 +5.91780968e+07  1.16e+07   7.71e+01     6.86e+04   1139.027s
1113000 +4.75441951e+07 +5.85626393e+07  1.10e+07   7.76e+01     6.34e+04   1140.031s
1114000 +4.75439653e+07 +5.79438667e+07  1.04e+07   7.72e+01     5.86e+04   1141.034s
1115000 +4.75425530e+07 +5.73034878e+07  9.76e+06   7.60e+01     5.43e+04   1142.037s
1116000 +4.75402097e+07 +5.66632027e+07  9.12e+06   7.40e+01     5.07e+04   1143.040s
1117000 +4.75371724e+07 +5.61125841e+07  8.58e+06   7.12e+01     4.78e+04   1144.043s
1118000 +4.75332169e+07 +5.56496811e+07  8.12e+06   6.79e+01     4.57e+04   1145.045s
1119000 +4.75298253e+07 +5.53057516e+07  7.78e+06   6.41e+01     4.42e+04   1146.047s
1120000 +4.75259786e+07 +5.50433213e+07  7.52e+06   6.00e+01     4.33e+04   1147.051s
1121000 +4.75216925e+07 +5.48763165e+07  7.35e+06   5.57e+01     4.29e+04   1148.054s
1122000 +4.75166301e+07 +5.47142850e+07  7.20e+06   5.15e+01     4.27e+04   1149.058s
1123000 +4.75116389e+07 +5.45648862e+07  7.05e+06   4.75e+01     4.27e+04   1150.061s
1124000 +4.75072177e+07 +5.44486221e+07  6.94e+06   4.38e+01     4.27e+04   1151.063s
1125000 +4.75025417e+07 +5.43791294e+07  6.88e+06   4.07e+01     4.29e+04   1152.066s
1126000 +4.74980166e+07 +5.43456380e+07  6.85e+06   3.83e+01     4.29e+04   1153.067s
1127000 +4.74943727e+07 +5.44093043e+07  6.91e+06   3.67e+01     4.30e+04   1154.071s
1128000 +4.74908639e+07 +5.45150895e+07  7.02e+06   3.59e+01     4.31e+04   1155.074s
1129000 +4.74893198e+07 +5.46170763e+07  7.13e+06   3.60e+01     4.29e+04   1156.078s
1130000 +4.74905436e+07 +5.46355394e+07  7.14e+06   3.52e+01     4.28e+04   1157.081s
1131000 +4.74918570e+07 +5.46574331e+07  7.17e+06   3.47e+01     4.28e+04   1158.083s
1132000 +4.74932736e+07 +5.46746113e+07  7.18e+06   3.43e+01     4.29e+04   1159.085s
1133000 +4.74945624e+07 +5.46823429e+07  7.19e+06   3.40e+01     4.29e+04   1160.087s
1134000 +4.74956680e+07 +5.46717206e+07  7.18e+06   3.37e+01     4.29e+04   1161.089s
1135000 +4.74966697e+07 +5.46456131e+07  7.15e+06   3.34e+01     4.29e+04   1162.093s
1136000 +4.74974881e+07 +5.46043900e+07  7.11e+06   3.32e+01     4.29e+04   1163.096s
1137000 +4.74981328e+07 +5.45492933e+07  7.05e+06   3.31e+01     4.30e+04   1164.098s
1138000 +4.74986083e+07 +5.44887114e+07  6.99e+06   3.29e+01     4.30e+04   1165.101s
1139000 +4.74989568e+07 +5.44220305e+07  6.92e+06   3.27e+01     4.30e+04   1166.103s
1140000 +4.74999955e+07 +5.43578884e+07  6.86e+06   3.30e+01     4.27e+04   1167.104s
1141000 +4.75007726e+07 +5.43318817e+07  6.83e+06   3.28e+01     4.26e+04   1168.105s
1142000 +4.75017171e+07 +5.42663068e+07  6.76e+06   3.28e+01     4.25e+04   1169.107s
1143000 +4.75025616e+07 +5.41534756e+07  6.65e+06   3.31e+01     4.23e+04   1170.111s
1144000 +4.75033590e+07 +5.40325428e+07  6.53e+06   3.35e+01     4.21e+04   1171.115s
1145000 +4.75042073e+07 +5.38931237e+07  6.39e+06   3.41e+01     4.18e+04   1172.118s
1146000 +4.75051189e+07 +5.37547114e+07  6.25e+06   3.48e+01     4.15e+04   1173.121s
1147000 +4.75058253e+07 +5.36317247e+07  6.13e+06   3.57e+01     4.12e+04   1174.123s
1148000 +4.75065126e+07 +5.35160560e+07  6.01e+06   3.66e+01     4.07e+04   1175.125s
1149000 +4.75071327e+07 +5.33773380e+07  5.87e+06   3.76e+01     4.03e+04   1176.127s
1150000 +4.75076339e+07 +5.32326319e+07  5.72e+06   3.86e+01     3.98e+04   1177.130s
1151000 +4.75084008e+07 +5.31024707e+07  5.59e+06   3.97e+01     3.93e+04   1178.134s
1152000 +4.75088657e+07 +5.29931880e+07  5.48e+06   4.07e+01     3.88e+04   1179.137s
1153000 +4.75093754e+07 +5.28823749e+07  5.37e+06   4.17e+01     3.83e+04   1180.140s
1154000 +4.75098865e+07 +5.27555730e+07  5.25e+06   4.26e+01     3.78e+04   1181.143s
1155000 +4.75101829e+07 +5.26053075e+07  5.10e+06   4.34e+01     3.72e+04   1182.144s
1156000 +4.75101591e+07 +5.24665461e+07  4.96e+06   4.42e+01     3.67e+04   1183.146s
1157000 +4.75101741e+07 +5.23304996e+07  4.82e+06   4.49e+01     3.62e+04   1184.148s
1158000 +4.75100641e+07 +5.21960585e+07  4.69e+06   4.54e+01     3.57e+04   1185.152s
1159000 +4.75098953e+07 +5.20572301e+07  4.55e+06   4.59e+01     3.52e+04   1186.155s
1160000 +4.75095629e+07 +5.19156598e+07  4.41e+06   4.63e+01     3.48e+04   1187.158s
1161000 +4.75092814e+07 +5.17827007e+07  4.27e+06   4.65e+01     3.44e+04   1188.161s
1162000 +4.75089724e+07 +5.16352193e+07  4.13e+06   4.67e+01     3.40e+04   1189.163s
1163000 +4.75086886e+07 +5.14946474e+07  3.99e+06   4.67e+01     3.36e+04   1190.165s
1164000 +4.75101110e+07 +5.13699285e+07  3.86e+06   4.77e+01     3.22e+04   1191.167s
1165000 +4.75120788e+07 +5.12741203e+07  3.76e+06   4.82e+01     3.12e+04   1192.170s
1166000 +4.75128938e+07 +5.13007149e+07  3.79e+06   4.81e+01     3.06e+04   1193.174s
1167000 +4.75134491e+07 +5.13824524e+07  3.87e+06   4.79e+01     3.01e+04   1194.177s
1168000 +4.75137908e+07 +5.14462735e+07  3.93e+06   4.76e+01     2.97e+04   1195.180s
1169000 +4.75138982e+07 +5.14696860e+07  3.96e+06   4.72e+01     2.95e+04   1196.182s
1170000 +4.75140356e+07 +5.14592196e+07  3.95e+06   4.68e+01     2.92e+04   1197.184s
1171000 +4.75142452e+07 +5.13555086e+07  3.84e+06   4.64e+01     2.90e+04   1198.186s
1172000 +4.75140253e+07 +5.11920827e+07  3.68e+06   4.59e+01     2.87e+04   1199.188s
1173000 +4.75135156e+07 +5.09717050e+07  3.46e+06   4.53e+01     2.85e+04   1200.191s
1174000 +4.75129596e+07 +5.07548630e+07  3.24e+06   4.47e+01     2.84e+04   1201.195s
1175000 +4.75114318e+07 +5.05779001e+07  3.07e+06   4.40e+01     2.83e+04   1202.197s
1176000 +4.75096411e+07 +5.04940243e+07  2.98e+06   4.33e+01     2.82e+04   1203.200s
1177000 +4.75084305e+07 +5.04615607e+07  2.95e+06   4.26e+01     2.80e+04   1204.202s
1178000 +4.75078630e+07 +5.04430039e+07  2.94e+06   4.19e+01     2.79e+04   1205.204s
1179000 +4.75071151e+07 +5.04088665e+07  2.90e+06   4.11e+01     2.78e+04   1206.206s
1180000 +4.75068832e+07 +5.03827475e+07  2.88e+06   4.02e+01     2.77e+04   1207.207s
1181000 +4.75071230e+07 +5.03153536e+07  2.81e+06   3.95e+01     2.77e+04   1208.210s
1182000 +4.75081214e+07 +5.02189801e+07  2.71e+06   3.88e+01     2.76e+04   1209.213s
1183000 +4.75087820e+07 +5.01493029e+07  2.64e+06   3.82e+01     2.75e+04   1210.217s
1184000 +4.75092994e+07 +5.01193484e+07  2.61e+06   3.76e+01     2.75e+04   1211.220s
1185000 +4.75095362e+07 +5.01362355e+07  2.63e+06   3.70e+01     2.74e+04   1212.223s
1186000 +4.75098385e+07 +5.02027550e+07  2.69e+06   3.66e+01     2.73e+04   1213.225s
1187000 +4.75099283e+07 +5.03367766e+07  2.83e+06   3.61e+01     2.72e+04   1214.227s
1188000 +4.75102789e+07 +5.04836223e+07  2.97e+06   3.57e+01     2.72e+04   1215.229s
1189000 +4.75103685e+07 +5.05979128e+07  3.09e+06   3.53e+01     2.71e+04   1216.233s
1190000 +4.75109324e+07 +5.06913373e+07  3.18e+06   3.50e+01     2.71e+04   1217.236s
1191000 +4.75112898e+07 +5.07613025e+07  3.25e+06   3.47e+01     2.70e+04   1218.239s
1192000 +4.75115968e+07 +5.07367722e+07  3.23e+06   3.43e+01     2.70e+04   1219.242s
1193000 +4.75123456e+07 +5.06436534e+07  3.13e+06   3.41e+01     2.69e+04   1220.244s
1194000 +4.75139396e+07 +5.05514303e+07  3.04e+06   3.39e+01     2.69e+04   1221.246s
1195000 +4.75157821e+07 +5.05017455e+07  2.99e+06   3.37e+01     2.69e+04   1222.247s
1196000 +4.75177122e+07 +5.05237907e+07  3.01e+06   3.35e+01     2.69e+04   1223.250s
1197000 +4.75197638e+07 +5.06120242e+07  3.09e+06   3.33e+01     2.69e+04   1224.253s
1198000 +4.75217250e+07 +5.07203518e+07  3.20e+06   3.31e+01     2.69e+04   1225.256s
1199000 +4.75237811e+07 +5.07776844e+07  3.25e+06   3.29e+01     2.69e+04   1226.258s
1200000 +4.75269043e+07 +5.08172993e+07  3.29e+06   3.28e+01     2.68e+04   1227.261s
1201000 +4.75303168e+07 +5.08467231e+07  3.32e+06   3.27e+01     2.68e+04   1228.264s
1202000 +4.75338078e+07 +5.08787693e+07  3.34e+06   3.25e+01     2.68e+04   1229.265s
1203000 +4.75366984e+07 +5.09116330e+07  3.37e+06   3.24e+01     2.68e+04   1230.267s
1204000 +4.75391130e+07 +5.09034509e+07  3.36e+06   3.23e+01     2.68e+04   1231.269s
1205000 +4.75414370e+07 +5.08594439e+07  3.32e+06   3.22e+01     2.68e+04   1232.272s
1206000 +4.75435147e+07 +5.08056091e+07  3.26e+06   3.21e+01     2.68e+04   1233.275s
1207000 +4.75454459e+07 +5.07612850e+07  3.22e+06   3.19e+01     2.68e+04   1234.277s
1208000 +4.75473772e+07 +5.07731882e+07  3.23e+06   3.18e+01     2.68e+04   1235.281s
1209000 +4.75493554e+07 +5.08247959e+07  3.28e+06   3.16e+01     2.68e+04   1236.283s
1210000 +4.75513509e+07 +5.09010936e+07  3.35e+06   3.15e+01     2.68e+04   1237.285s
1211000 +4.75533327e+07 +5.09820406e+07  3.43e+06   3.14e+01     2.68e+04   1238.287s
1212000 +4.75553014e+07 +5.10148984e+07  3.46e+06   3.13e+01     2.68e+04   1239.289s
1213000 +4.75569694e+07 +5.09672497e+07  3.41e+06   3.12e+01     2.68e+04   1240.291s
1214000 +4.75588245e+07 +5.09120707e+07  3.35e+06   3.15e+01     2.65e+04   1241.294s
1215000 +4.75611050e+07 +5.08524161e+07  3.29e+06   3.15e+01     2.64e+04   1242.297s
1216000 +4.75630320e+07 +5.08109949e+07  3.25e+06   3.14e+01     2.64e+04   1243.300s
1217000 +4.75662242e+07 +5.07554415e+07  3.19e+06   3.17e+01     2.62e+04   1244.303s
1218000 +4.75703321e+07 +5.07207870e+07  3.15e+06   3.18e+01     2.61e+04   1245.305s
1219000 +4.75739619e+07 +5.07195757e+07  3.15e+06   3.20e+01     2.60e+04   1246.306s
1220000 +4.75771025e+07 +5.07300422e+07  3.15e+06   3.22e+01     2.60e+04   1247.307s
1221000 +4.75800137e+07 +5.07475794e+07  3.17e+06   3.25e+01     2.59e+04   1248.310s
1222000 +4.75828684e+07 +5.07659639e+07  3.18e+06   3.28e+01     2.59e+04   1249.313s
1223000 +4.75855990e+07 +5.07793432e+07  3.19e+06   3.31e+01     2.58e+04   1250.316s
1224000 +4.75882667e+07 +5.07882674e+07  3.20e+06   3.34e+01     2.58e+04   1251.319s
1225000 +4.75909682e+07 +5.07893336e+07  3.20e+06   3.37e+01     2.57e+04   1252.321s
1226000 +4.75936255e+07 +5.07773063e+07  3.18e+06   3.40e+01     2.57e+04   1253.323s
1227000 +4.75962192e+07 +5.07538997e+07  3.16e+06   3.43e+01     2.57e+04   1254.325s
1228000 +4.75987093e+07 +5.07237824e+07  3.13e+06   3.46e+01     2.56e+04   1255.326s
1229000 +4.76011069e+07 +5.06905176e+07  3.09e+06   3.49e+01     2.56e+04   1256.329s
1230000 +4.76034447e+07 +5.06551721e+07  3.05e+06   3.52e+01     2.55e+04   1257.331s
1231000 +4.76057510e+07 +5.06191385e+07  3.01e+06   3.54e+01     2.55e+04   1258.334s
1232000 +4.76080591e+07 +5.05837437e+07  2.98e+06   3.56e+01     2.54e+04   1259.337s
1233000 +4.76117272e+07 +5.05503366e+07  2.94e+06   3.64e+01     2.52e+04   1260.340s
1234000 +4.76150188e+07 +5.05202097e+07  2.91e+06   3.66e+01     2.51e+04   1261.342s
1235000 +4.76172022e+07 +5.04849624e+07  2.87e+06   3.68e+01     2.50e+04   1262.344s
1236000 +4.76194116e+07 +5.04383406e+07  2.82e+06   3.70e+01     2.49e+04   1263.345s
1237000 +4.76223459e+07 +5.03958570e+07  2.77e+06   3.74e+01     2.48e+04   1264.347s
1238000 +4.76260420e+07 +5.03631956e+07  2.74e+06   3.78e+01     2.47e+04   1265.349s
1239000 +4.76297395e+07 +5.03133592e+07  2.68e+06   3.82e+01     2.46e+04   1266.352s
1240000 +4.76335111e+07 +5.02699674e+07  2.64e+06   3.88e+01     2.44e+04   1267.355s
1241000 +4.76372139e+07 +5.02251727e+07  2.59e+06   3.93e+01     2.43e+04   1268.357s
1242000 +4.76406051e+07 +5.01728596e+07  2.53e+06   4.00e+01     2.41e+04   1269.360s
1243000 +4.76437963e+07 +5.01372351e+07  2.49e+06   4.07e+01     2.39e+04   1270.362s
1244000 +4.76467276e+07 +5.01090567e+07  2.46e+06   4.13e+01     2.37e+04   1271.364s
1245000 +4.76492150e+07 +5.00880698e+07  2.44e+06   4.20e+01     2.35e+04   1272.366s
1246000 +4.76515550e+07 +5.00712975e+07  2.42e+06   4.27e+01     2.32e+04   1273.367s
1247000 +4.76537585e+07 +5.00484470e+07  2.39e+06   4.33e+01     2.30e+04   1274.370s
1248000 +4.76561385e+07 +5.00246220e+07  2.37e+06   4.39e+01     2.28e+04   1275.373s
1249000 +4.76581506e+07 +5.00020756e+07  2.34e+06   4.44e+01     2.25e+04   1276.376s
1250000 +4.76597971e+07 +4.99749786e+07  2.32e+06   4.49e+01     2.23e+04   1277.379s
1251000 +4.76609057e+07 +4.99500993e+07  2.29e+06   4.53e+01     2.21e+04   1278.381s
1252000 +4.76620546e+07 +4.99292637e+07  2.27e+06   4.56e+01     2.19e+04   1279.383s
1253000 +4.76628470e+07 +4.99155162e+07  2.25e+06   4.59e+01     2.17e+04   1280.385s
1254000 +4.76636457e+07 +4.98941750e+07  2.23e+06   4.61e+01     2.15e+04   1281.386s
1255000 +4.76642680e+07 +4.98725990e+07  2.21e+06   4.61e+01     2.13e+04   1282.387s
1256000 +4.76646982e+07 +4.98581478e+07  2.19e+06   4.62e+01     2.12e+04   1283.389s
1257000 +4.76651993e+07 +4.98408167e+07  2.18e+06   4.61e+01     2.10e+04   1284.392s
1258000 +4.76657214e+07 +4.98307313e+07  2.17e+06   4.60e+01     2.09e+04   1285.395s
1259000 +4.76658126e+07 +4.98223477e+07  2.16e+06   4.59e+01     2.08e+04   1286.398s
1260000 +4.76657227e+07 +4.98090361e+07  2.14e+06   4.57e+01     2.06e+04   1287.400s
1261000 +4.76655579e+07 +4.97955931e+07  2.13e+06   4.54e+01     2.05e+04   1288.402s
1262000 +4.76655461e+07 +4.97799428e+07  2.11e+06   4.52e+01     2.04e+04   1289.404s
1263000 +4.76655547e+07 +4.97619083e+07  2.10e+06   4.49e+01     2.04e+04   1290.405s
1264000 +4.76654990e+07 +4.97439977e+07  2.08e+06   4.46e+01     2.03e+04   1291.407s
1265000 +4.76650718e+07 +4.97244476e+07  2.06e+06   4.42e+01     2.02e+04   1292.407s
1266000 +4.76645710e+07 +4.97127917e+07  2.05e+06   4.39e+01     2.01e+04   1293.408s
1267000 +4.76641084e+07 +4.97035947e+07  2.04e+06   4.36e+01     2.01e+04   1294.410s
1268000 +4.76635784e+07 +4.96940165e+07  2.03e+06   4.33e+01     2.00e+04   1295.414s
1269000 +4.76631678e+07 +4.96876948e+07  2.02e+06   4.30e+01     1.99e+04   1296.417s
1270000 +4.76627907e+07 +4.96892437e+07  2.03e+06   4.27e+01     1.99e+04   1297.420s
1271000 +4.76624675e+07 +4.96771346e+07  2.01e+06   4.25e+01     1.98e+04   1298.422s
1272000 +4.76623742e+07 +4.96605851e+07  2.00e+06   4.22e+01     1.98e+04   1299.424s
1273000 +4.76623233e+07 +4.96554414e+07  1.99e+06   4.20e+01     1.97e+04   1300.426s
1274000 +4.76624026e+07 +4.96485702e+07  1.99e+06   4.19e+01     1.97e+04   1301.428s
1275000 +4.76622413e+07 +4.96403482e+07  1.98e+06   4.17e+01     1.96e+04   1302.430s
1276000 +4.76619493e+07 +4.96288674e+07  1.97e+06   4.16e+01     1.95e+04   1303.434s
1277000 +4.76617691e+07 +4.96217607e+07  1.96e+06   4.16e+01     1.95e+04   1304.437s
1278000 +4.76617396e+07 +4.96155287e+07  1.95e+06   4.15e+01     1.94e+04   1305.439s
1279000 +4.76618295e+07 +4.96096974e+07  1.95e+06   4.15e+01     1.94e+04   1306.441s
1280000 +4.76620471e+07 +4.96054367e+07  1.94e+06   4.14e+01     1.93e+04   1307.443s
1281000 +4.76621856e+07 +4.95983447e+07  1.94e+06   4.14e+01     1.93e+04   1308.445s
1282000 +4.76622399e+07 +4.95931405e+07  1.93e+06   4.14e+01     1.92e+04   1309.446s
1283000 +4.76622903e+07 +4.95871399e+07  1.92e+06   4.15e+01     1.92e+04   1310.448s
1284000 +4.76624180e+07 +4.95794236e+07  1.92e+06   4.15e+01     1.92e+04   1311.450s
1285000 +4.76624351e+07 +4.95726251e+07  1.91e+06   4.15e+01     1.91e+04   1312.454s
1286000 +4.76624895e+07 +4.95673879e+07  1.90e+06   4.15e+01     1.91e+04   1313.457s
1287000 +4.76627013e+07 +4.95585722e+07  1.90e+06   4.14e+01     1.91e+04   1314.459s
1288000 +4.76628382e+07 +4.95471855e+07  1.88e+06   4.14e+01     1.90e+04   1315.462s
1289000 +4.76630191e+07 +4.95340008e+07  1.87e+06   4.14e+01     1.90e+04   1316.464s
1290000 +4.76631873e+07 +4.95252789e+07  1.86e+06   4.13e+01     1.90e+04   1317.465s
1291000 +4.76633236e+07 +4.95185341e+07  1.86e+06   4.13e+01     1.90e+04   1318.467s
1292000 +4.76633867e+07 +4.95053029e+07  1.84e+06   4.12e+01     1.90e+04   1319.468s
1293000 +4.76635696e+07 +4.94861170e+07  1.82e+06   4.12e+01     1.90e+04   1320.471s
1294000 +4.76639628e+07 +4.94700356e+07  1.81e+06   4.11e+01     1.90e+04   1321.474s
1295000 +4.76643667e+07 +4.94583150e+07  1.79e+06   4.10e+01     1.90e+04   1322.477s
1296000 +4.76647795e+07 +4.94472149e+07  1.78e+06   4.09e+01     1.90e+04   1323.480s
1297000 +4.76653188e+07 +4.94323037e+07  1.77e+06   4.08e+01     1.89e+04   1324.482s
1298000 +4.76659793e+07 +4.94186761e+07  1.75e+06   4.07e+01     1.89e+04   1325.484s
1299000 +4.76664697e+07 +4.94027145e+07  1.74e+06   4.07e+01     1.89e+04   1326.485s
1300000 +4.76673724e+07 +4.93823741e+07  1.72e+06   4.10e+01     1.87e+04   1327.487s
1301000 +4.76695069e+07 +4.93659019e+07  1.70e+06   4.13e+01     1.84e+04   1328.489s
1302000 +4.76712421e+07 +4.93362307e+07  1.66e+06   4.14e+01     1.82e+04   1329.492s
1303000 +4.76723368e+07 +4.93085805e+07  1.64e+06   4.15e+01     1.81e+04   1330.495s
1304000 +4.76723109e+07 +4.92538068e+07  1.58e+06   4.18e+01     1.80e+04   1331.498s
1305000 +4.76725861e+07 +4.91998806e+07  1.53e+06   4.20e+01     1.78e+04   1332.500s
1306000 +4.76727971e+07 +4.91594176e+07  1.49e+06   4.21e+01     1.77e+04   1333.502s
1307000 +4.76728455e+07 +4.91359569e+07  1.46e+06   4.22e+01     1.75e+04   1334.504s
1308000 +4.76731883e+07 +4.90973682e+07  1.42e+06   4.22e+01     1.74e+04   1335.506s
1309000 +4.76734983e+07 +4.90494905e+07  1.38e+06   4.21e+01     1.73e+04   1336.507s
1310000 +4.76742384e+07 +4.89807626e+07  1.31e+06   4.20e+01     1.71e+04   1337.509s
1311000 +4.76751985e+07 +4.88941917e+07  1.22e+06   4.19e+01     1.70e+04   1338.512s
1312000 +4.76763384e+07 +4.88174987e+07  1.14e+06   4.18e+01     1.70e+04   1339.515s
1313000 +4.76769633e+07 +4.87642327e+07  1.09e+06   4.17e+01     1.69e+04   1340.518s
1314000 +4.76767374e+07 +4.87360160e+07  1.06e+06   4.17e+01     1.68e+04   1341.521s
1315000 +4.76764318e+07 +4.87086381e+07  1.03e+06   4.17e+01     1.67e+04   1342.523s
1316000 +4.76757533e+07 +4.86963745e+07  1.02e+06   4.18e+01     1.66e+04   1343.525s
1317000 +4.76751307e+07 +4.87075798e+07  1.03e+06   4.19e+01     1.65e+04   1344.527s
1318000 +4.76746439e+07 +4.87299655e+07  1.06e+06   4.19e+01     1.65e+04   1345.528s
1319000 +4.76745291e+07 +4.87757210e+07  1.10e+06   4.19e+01     1.64e+04   1346.532s
1320000 +4.76745472e+07 +4.88266694e+07  1.15e+06   4.19e+01     1.63e+04   1347.534s
1321000 +4.76738443e+07 +4.88688429e+07  1.19e+06   4.18e+01     1.63e+04   1348.537s
1322000 +4.76724841e+07 +4.89021078e+07  1.23e+06   4.15e+01     1.63e+04   1349.540s
1323000 +4.76709049e+07 +4.89201975e+07  1.25e+06   4.12e+01     1.63e+04   1350.542s
1324000 +4.76697670e+07 +4.89048839e+07  1.24e+06   4.09e+01     1.63e+04   1351.544s
1325000 +4.76692018e+07 +4.88705894e+07  1.20e+06   4.05e+01     1.64e+04   1352.546s
1326000 +4.76690049e+07 +4.88308758e+07  1.16e+06   4.00e+01     1.64e+04   1353.547s
1327000 +4.76692559e+07 +4.88080460e+07  1.14e+06   3.97e+01     1.63e+04   1354.549s
1328000 +4.76689234e+07 +4.88010673e+07  1.13e+06   3.94e+01     1.63e+04   1355.552s
1329000 +4.76682334e+07 +4.88056156e+07  1.14e+06   3.91e+01     1.63e+04   1356.555s
1330000 +4.76674904e+07 +4.88075988e+07  1.14e+06   3.89e+01     1.62e+04   1357.558s
1331000 +4.76673505e+07 +4.87987373e+07  1.13e+06   3.87e+01     1.61e+04   1358.560s
1332000 +4.76669312e+07 +4.87757750e+07  1.11e+06   3.85e+01     1.60e+04   1359.562s
1333000 +4.76666324e+07 +4.87274364e+07  1.06e+06   3.83e+01     1.59e+04   1360.564s
1334000 +4.76665210e+07 +4.86820079e+07  1.02e+06   3.81e+01     1.58e+04   1361.566s
1335000 +4.76658818e+07 +4.86361408e+07  9.70e+05   3.77e+01     1.57e+04   1362.568s
1336000 +4.76649567e+07 +4.86072753e+07  9.42e+05   3.74e+01     1.57e+04   1363.570s
1337000 +4.76638799e+07 +4.86057822e+07  9.42e+05   3.71e+01     1.57e+04   1364.573s
1338000 +4.76630114e+07 +4.86202466e+07  9.57e+05   3.67e+01     1.56e+04   1365.576s
1339000 +4.76620418e+07 +4.85998310e+07  9.38e+05   3.64e+01     1.56e+04   1366.578s
1340000 +4.76612600e+07 +4.85553687e+07  8.94e+05   3.62e+01     1.55e+04   1367.581s
1341000 +4.76608535e+07 +4.85145390e+07  8.54e+05   3.59e+01     1.55e+04   1368.583s
1342000 +4.76605346e+07 +4.84863268e+07  8.26e+05   3.58e+01     1.55e+04   1369.585s
1343000 +4.76598657e+07 +4.84714900e+07  8.12e+05   3.57e+01     1.54e+04   1370.586s
1344000 +4.76591882e+07 +4.84700713e+07  8.11e+05   3.57e+01     1.54e+04   1371.587s
1345000 +4.76588329e+07 +4.84797238e+07  8.21e+05   3.57e+01     1.54e+04   1372.589s
1346000 +4.76590149e+07 +4.85063869e+07  8.47e+05   3.57e+01     1.54e+04   1373.592s
1347000 +4.76598481e+07 +4.85271840e+07  8.67e+05   3.58e+01     1.53e+04   1374.596s
1348000 +4.76619650e+07 +4.85320589e+07  8.70e+05   3.59e+01     1.53e+04   1375.599s
1349000 +4.76638577e+07 +4.85370029e+07  8.73e+05   3.59e+01     1.53e+04   1376.600s
1350000 +4.76652889e+07 +4.85397275e+07  8.74e+05   3.57e+01     1.52e+04   1377.602s
1351000 +4.76662089e+07 +4.85398418e+07  8.74e+05   3.56e+01     1.52e+04   1378.604s
1352000 +4.76669016e+07 +4.85371442e+07  8.70e+05   3.56e+01     1.52e+04   1379.606s
1353000 +4.76675069e+07 +4.85335537e+07  8.66e+05   3.56e+01     1.52e+04   1380.606s
1354000 +4.76679206e+07 +4.85307625e+07  8.63e+05   3.56e+01     1.52e+04   1381.608s
1355000 +4.76682237e+07 +4.85262025e+07  8.58e+05   3.57e+01     1.52e+04   1382.610s
1356000 +4.76685527e+07 +4.85184695e+07  8.50e+05   3.58e+01     1.52e+04   1383.613s
1357000 +4.76689744e+07 +4.85058074e+07  8.37e+05   3.59e+01     1.52e+04   1384.616s
1358000 +4.76706431e+07 +4.84899669e+07  8.19e+05   3.65e+01     1.50e+04   1385.619s
1359000 +4.76721473e+07 +4.84782561e+07  8.06e+05   3.67e+01     1.49e+04   1386.621s
1360000 +4.76731932e+07 +4.84681880e+07  7.95e+05   3.67e+01     1.49e+04   1387.623s
1361000 +4.76743881e+07 +4.84546055e+07  7.80e+05   3.67e+01     1.49e+04   1388.625s
1362000 +4.76752449e+07 +4.84443402e+07  7.69e+05   3.67e+01     1.49e+04   1389.627s
1363000 +4.76755948e+07 +4.84318190e+07  7.56e+05   3.67e+01     1.48e+04   1390.629s
1364000 +4.76756610e+07 +4.84218513e+07  7.46e+05   3.66e+01     1.48e+04   1391.631s
1365000 +4.76767818e+07 +4.84077443e+07  7.31e+05   3.64e+01     1.48e+04   1392.635s
1366000 +4.76784980e+07 +4.83899773e+07  7.11e+05   3.60e+01     1.48e+04   1393.638s
1367000 +4.76802029e+07 +4.83819448e+07  7.02e+05   3.57e+01     1.48e+04   1394.640s
1368000 +4.76812792e+07 +4.83825065e+07  7.01e+05   3.57e+01     1.48e+04   1395.643s
1369000 +4.76817408e+07 +4.83872910e+07  7.06e+05   3.58e+01     1.48e+04   1396.645s
1370000 +4.76817476e+07 +4.83821348e+07  7.00e+05   3.59e+01     1.47e+04   1397.646s
1371000 +4.76818523e+07 +4.83731128e+07  6.91e+05   3.60e+01     1.47e+04   1398.647s
1372000 +4.76823685e+07 +4.83618145e+07  6.79e+05   3.61e+01     1.47e+04   1399.648s
1373000 +4.76828213e+07 +4.83439219e+07  6.61e+05   3.61e+01     1.47e+04   1400.651s
1374000 +4.76830315e+07 +4.83217158e+07  6.39e+05   3.61e+01     1.47e+04   1401.654s
1375000 +4.76831709e+07 +4.83070210e+07  6.24e+05   3.61e+01     1.47e+04   1402.657s
1376000 +4.76832058e+07 +4.83090867e+07  6.26e+05   3.61e+01     1.47e+04   1403.659s
1377000 +4.76834644e+07 +4.83290211e+07  6.46e+05   3.62e+01     1.47e+04   1404.662s
1378000 +4.76837152e+07 +4.83527370e+07  6.69e+05   3.63e+01     1.46e+04   1405.663s
1379000 +4.76841064e+07 +4.83659497e+07  6.82e+05   3.64e+01     1.46e+04   1406.665s
1380000 +4.76847706e+07 +4.83664154e+07  6.82e+05   3.64e+01     1.46e+04   1407.667s
1381000 +4.76856578e+07 +4.83589744e+07  6.73e+05   3.65e+01     1.46e+04   1408.668s
1382000 +4.76864103e+07 +4.83434477e+07  6.57e+05   3.66e+01     1.46e+04   1409.670s
1383000 +4.76869321e+07 +4.83221084e+07  6.35e+05   3.67e+01     1.46e+04   1410.673s
1384000 +4.76873858e+07 +4.83097555e+07  6.22e+05   3.68e+01     1.46e+04   1411.677s
1385000 +4.76879552e+07 +4.83113545e+07  6.23e+05   3.69e+01     1.45e+04   1412.679s
1386000 +4.76886513e+07 +4.83199729e+07  6.31e+05   3.69e+01     1.45e+04   1413.681s
1387000 +4.76912259e+07 +4.83324127e+07  6.41e+05   3.76e+01     1.43e+04   1414.683s
1388000 +4.76931332e+07 +4.83411000e+07  6.48e+05   3.79e+01     1.42e+04   1415.685s
1389000 +4.76947080e+07 +4.83325171e+07  6.38e+05   3.83e+01     1.42e+04   1416.687s
1390000 +4.76959083e+07 +4.83113002e+07  6.15e+05   3.87e+01     1.41e+04   1417.688s
1391000 +4.76966174e+07 +4.82914398e+07  5.95e+05   3.91e+01     1.40e+04   1418.689s
1392000 +4.76969401e+07 +4.82689741e+07  5.72e+05   3.94e+01     1.39e+04   1419.692s
1393000 +4.76981002e+07 +4.82545559e+07  5.56e+05   3.96e+01     1.38e+04   1420.694s
1394000 +4.76996245e+07 +4.82398480e+07  5.40e+05   3.97e+01     1.38e+04   1421.697s
1395000 +4.77005953e+07 +4.82350190e+07  5.34e+05   3.98e+01     1.37e+04   1422.700s
1396000 +4.77015009e+07 +4.82499660e+07  5.48e+05   3.98e+01     1.36e+04   1423.702s
1397000 +4.77023276e+07 +4.82695152e+07  5.67e+05   3.97e+01     1.36e+04   1424.704s
1398000 +4.77041558e+07 +4.82939993e+07  5.90e+05   3.97e+01     1.35e+04   1425.706s
1399000 +4.77058469e+07 +4.83218347e+07  6.16e+05   3.96e+01     1.35e+04   1426.707s
1400000 +4.77074998e+07 +4.83463305e+07  6.39e+05   3.96e+01     1.35e+04   1427.709s
1401000 +4.77095070e+07 +4.83590632e+07  6.50e+05   3.95e+01     1.34e+04   1428.712s
1402000 +4.77117203e+07 +4.83584607e+07  6.47e+05   3.95e+01     1.34e+04   1429.715s
1403000 +4.77138022e+07 +4.83559303e+07  6.42e+05   3.96e+01     1.34e+04   1430.718s
1404000 +4.77156667e+07 +4.83559866e+07  6.40e+05   3.96e+01     1.34e+04   1431.721s
1405000 +4.77175429e+07 +4.83659955e+07  6.48e+05   3.96e+01     1.33e+04   1432.723s
1406000 +4.77193236e+07 +4.83801777e+07  6.61e+05   3.97e+01     1.33e+04   1433.725s
1407000 +4.77213074e+07 +4.83908611e+07  6.70e+05   3.98e+01     1.33e+04   1434.727s
1408000 +4.77234489e+07 +4.83938896e+07  6.70e+05   3.99e+01     1.33e+04   1435.728s
1409000 +4.77254895e+07 +4.83944599e+07  6.69e+05   4.00e+01     1.33e+04   1436.731s
1410000 +4.77277369e+07 +4.83867357e+07  6.59e+05   4.02e+01     1.32e+04   1437.734s
1411000 +4.77301603e+07 +4.83796686e+07  6.50e+05   4.04e+01     1.32e+04   1438.737s
1412000 +4.77322018e+07 +4.83753547e+07  6.43e+05   4.07e+01     1.32e+04   1439.740s
1413000 +4.77340741e+07 +4.83695971e+07  6.36e+05   4.09e+01     1.31e+04   1440.742s
1414000 +4.77362821e+07 +4.83514350e+07  6.15e+05   4.10e+01     1.31e+04   1441.744s
1415000 +4.77386989e+07 +4.83320333e+07  5.93e+05   4.11e+01     1.31e+04   1442.746s
1416000 +4.77412557e+07 +4.83159933e+07  5.75e+05   4.11e+01     1.31e+04   1443.747s
1417000 +4.77441776e+07 +4.82897240e+07  5.46e+05   4.07e+01     1.31e+04   1444.749s
1418000 +4.77474754e+07 +4.82446239e+07  4.97e+05   4.03e+01     1.31e+04   1445.752s
1419000 +4.77505419e+07 +4.81925756e+07  4.42e+05   4.02e+01     1.30e+04   1446.755s
1420000 +4.77527893e+07 +4.81493915e+07  3.97e+05   4.02e+01     1.30e+04   1447.758s
1421000 +4.77540767e+07 +4.81192685e+07  3.65e+05   4.02e+01     1.30e+04   1448.760s
1422000 +4.77549446e+07 +4.80970559e+07  3.42e+05   4.03e+01     1.30e+04   1449.763s
1423000 +4.77556690e+07 +4.80857831e+07  3.30e+05   4.05e+01     1.29e+04   1450.765s
1424000 +4.77568495e+07 +4.80822764e+07  3.25e+05   4.08e+01     1.29e+04   1451.766s
1425000 +4.77582592e+07 +4.80866660e+07  3.28e+05   4.11e+01     1.29e+04   1452.767s
1426000 +4.77600909e+07 +4.81064574e+07  3.46e+05   4.13e+01     1.28e+04   1453.769s
1427000 +4.77617900e+07 +4.81236823e+07  3.62e+05   4.14e+01     1.28e+04   1454.771s
1428000 +4.77633684e+07 +4.81332311e+07  3.70e+05   4.14e+01     1.27e+04   1455.775s
1429000 +4.77649965e+07 +4.81444578e+07  3.79e+05   4.14e+01     1.27e+04   1456.778s
1430000 +4.77666570e+07 +4.81464416e+07  3.80e+05   4.15e+01     1.27e+04   1457.780s
1431000 +4.77686656e+07 +4.81396903e+07  3.71e+05   4.16e+01     1.26e+04   1458.782s
1432000 +4.77707789e+07 +4.81265029e+07  3.56e+05   4.17e+01     1.26e+04   1459.784s
1433000 +4.77729004e+07 +4.81165401e+07  3.44e+05   4.17e+01     1.26e+04   1460.785s
1434000 +4.77749809e+07 +4.81157982e+07  3.41e+05   4.18e+01     1.25e+04   1461.786s
1435000 +4.77771921e+07 +4.81130383e+07  3.36e+05   4.17e+01     1.25e+04   1462.787s
1436000 +4.77788932e+07 +4.81100184e+07  3.31e+05   4.16e+01     1.25e+04   1463.789s
1437000 +4.77803360e+07 +4.81105443e+07  3.30e+05   4.14e+01     1.24e+04   1464.792s
1438000 +4.77820912e+07 +4.81166711e+07  3.35e+05   4.13e+01     1.24e+04   1465.795s
1439000 +4.77841635e+07 +4.81189630e+07  3.35e+05   4.11e+01     1.24e+04   1466.798s
1440000 +4.77863252e+07 +4.81131738e+07  3.27e+05   4.09e+01     1.23e+04   1467.800s
1441000 +4.77887018e+07 +4.81023584e+07  3.14e+05   4.08e+01     1.23e+04   1468.802s
1442000 +4.77907695e+07 +4.80937623e+07  3.03e+05   4.07e+01     1.23e+04   1469.804s
1443000 +4.77926125e+07 +4.80863879e+07  2.94e+05   4.07e+01     1.22e+04   1470.806s
1444000 +4.77939645e+07 +4.80800839e+07  2.86e+05   4.07e+01     1.22e+04   1471.807s
1445000 +4.77944194e+07 +4.80773097e+07  2.83e+05   4.07e+01     1.21e+04   1472.808s
1446000 +4.77948217e+07 +4.80826002e+07  2.88e+05   4.08e+01     1.21e+04   1473.810s
1447000 +4.77953995e+07 +4.80914982e+07  2.96e+05   4.08e+01     1.21e+04   1474.813s
1448000 +4.77962019e+07 +4.80925689e+07  2.96e+05   4.09e+01     1.21e+04   1475.816s
1449000 +4.77973001e+07 +4.80873463e+07  2.90e+05   4.09e+01     1.20e+04   1476.819s
1450000 +4.77984339e+07 +4.80767470e+07  2.78e+05   4.09e+01     1.20e+04   1477.822s
1451000 +4.77998046e+07 +4.80606966e+07  2.61e+05   4.09e+01     1.20e+04   1478.824s
1452000 +4.78009923e+07 +4.80489703e+07  2.48e+05   4.09e+01     1.20e+04   1479.825s
1453000 +4.78018845e+07 +4.80486621e+07  2.47e+05   4.10e+01     1.19e+04   1480.827s
1454000 +4.78024325e+07 +4.80672453e+07  2.65e+05   4.10e+01     1.19e+04   1481.829s
1455000 +4.78026081e+07 +4.80961982e+07  2.94e+05   4.11e+01     1.19e+04   1482.832s
1456000 +4.78026871e+07 +4.81351667e+07  3.32e+05   4.12e+01     1.19e+04   1483.835s
1457000 +4.78026780e+07 +4.81742214e+07  3.72e+05   4.13e+01     1.18e+04   1484.838s
1458000 +4.78025369e+07 +4.82108894e+07  4.08e+05   4.14e+01     1.18e+04   1485.840s
1459000 +4.78025606e+07 +4.82434619e+07  4.41e+05   4.16e+01     1.18e+04   1486.843s
1460000 +4.78025821e+07 +4.82633344e+07  4.61e+05   4.18e+01     1.17e+04   1487.845s
1461000 +4.78025217e+07 +4.82789775e+07  4.76e+05   4.19e+01     1.17e+04   1488.847s
1462000 +4.78024463e+07 +4.82844325e+07  4.82e+05   4.21e+01     1.16e+04   1489.848s
1463000 +4.78029308e+07 +4.82892066e+07  4.86e+05   4.21e+01     1.16e+04   1490.850s
1464000 +4.78039150e+07 +4.82947767e+07  4.91e+05   4.22e+01     1.16e+04   1491.853s
1465000 +4.78051687e+07 +4.83080446e+07  5.03e+05   4.22e+01     1.15e+04   1492.855s
1466000 +4.78067470e+07 +4.83310082e+07  5.24e+05   4.22e+01     1.15e+04   1493.859s
1467000 +4.78083316e+07 +4.83631414e+07  5.55e+05   4.21e+01     1.15e+04   1494.861s
1468000 +4.78098007e+07 +4.83961297e+07  5.86e+05   4.20e+01     1.14e+04   1495.863s
1469000 +4.78117287e+07 +4.84247113e+07  6.13e+05   4.23e+01     1.12e+04   1496.865s
1470000 +4.78128576e+07 +4.84471981e+07  6.34e+05   4.23e+01     1.11e+04   1497.866s
1471000 +4.78128020e+07 +4.84569438e+07  6.44e+05   4.22e+01     1.10e+04   1498.868s
1472000 +4.78123396e+07 +4.84594306e+07  6.47e+05   4.22e+01     1.10e+04   1499.869s
1473000 +4.78123204e+07 +4.84589257e+07  6.47e+05   4.21e+01     1.09e+04   1500.871s
1474000 +4.78132779e+07 +4.84577957e+07  6.45e+05   4.21e+01     1.09e+04   1501.874s
1475000 +4.78148498e+07 +4.84217923e+07  6.07e+05   4.22e+01     1.08e+04   1502.877s
1476000 +4.78155538e+07 +4.83587646e+07  5.43e+05   4.22e+01     1.07e+04   1503.880s
1477000 +4.78153511e+07 +4.82881256e+07  4.73e+05   4.21e+01     1.07e+04   1504.882s
1478000 +4.78154864e+07 +4.82495620e+07  4.34e+05   4.20e+01     1.07e+04   1505.884s
1479000 +4.78161156e+07 +4.82668893e+07  4.51e+05   4.19e+01     1.07e+04   1506.886s
1480000 +4.78168527e+07 +4.83180675e+07  5.01e+05   4.20e+01     1.06e+04   1507.887s
1481000 +4.78179628e+07 +4.83934106e+07  5.75e+05   4.20e+01     1.06e+04   1508.889s
1482000 +4.78187490e+07 +4.84705107e+07  6.52e+05   4.20e+01     1.06e+04   1509.892s
1483000 +4.78200212e+07 +4.85261323e+07  7.06e+05   4.19e+01     1.06e+04   1510.895s
1484000 +4.78218066e+07 +4.85453280e+07  7.24e+05   4.17e+01     1.06e+04   1511.898s
1485000 +4.78231381e+07 +4.85322285e+07  7.09e+05   4.17e+01     1.05e+04   1512.900s
1486000 +4.78243021e+07 +4.84830459e+07  6.59e+05   4.18e+01     1.05e+04   1513.902s
1487000 +4.78252488e+07 +4.84203580e+07  5.95e+05   4.18e+01     1.05e+04   1514.904s
1488000 +4.78259046e+07 +4.83604382e+07  5.35e+05   4.17e+01     1.04e+04   1515.906s
1489000 +4.78262264e+07 +4.83118242e+07  4.86e+05   4.17e+01     1.04e+04   1516.906s
1490000 +4.78270303e+07 +4.82953323e+07  4.68e+05   4.17e+01     1.04e+04   1517.908s
1491000 +4.78278843e+07 +4.83203128e+07  4.92e+05   4.18e+01     1.04e+04   1518.909s
1492000 +4.78282543e+07 +4.83776558e+07  5.49e+05   4.19e+01     1.03e+04   1519.910s
1493000 +4.78300936e+07 +4.84257275e+07  5.96e+05   4.26e+01     1.02e+04   1520.915s
1494000 +4.78336074e+07 +4.84444796e+07  6.11e+05   4.29e+01     1.02e+04   1521.918s
1495000 +4.78365876e+07 +4.84635750e+07  6.27e+05   4.29e+01     1.01e+04   1522.920s
1496000 +4.78387118e+07 +4.84729692e+07  6.34e+05   4.31e+01     1.01e+04   1523.923s
1497000 +4.78401589e+07 +4.84724393e+07  6.32e+05   4.33e+01     1.01e+04   1524.924s
1498000 +4.78411644e+07 +4.84639978e+07  6.23e+05   4.35e+01     1.01e+04   1525.926s
1499000 +4.78421797e+07 +4.84497902e+07  6.08e+05   4.37e+01     1.01e+04   1526.928s
1500000 +4.78435443e+07 +4.84346735e+07  5.91e+05   4.39e+01     1.00e+04   1527.929s
1501000 +4.78451622e+07 +4.84210648e+07  5.76e+05   4.41e+01     1.00e+04   1528.931s
1502000 +4.78468888e+07 +4.84092247e+07  5.62e+05   4.43e+01     1.00e+04   1529.934s
1503000 +4.78487499e+07 +4.84005835e+07  5.52e+05   4.45e+01     9.99e+03   1530.937s
1504000 +4.78506250e+07 +4.83962052e+07  5.46e+05   4.47e+01     9.97e+03   1531.939s
1505000 +4.78524594e+07 +4.83947568e+07  5.42e+05   4.49e+01     9.96e+03   1532.941s
1506000 +4.78542467e+07 +4.83954494e+07  5.41e+05   4.51e+01     9.94e+03   1533.943s
1507000 +4.78559900e+07 +4.83973358e+07  5.41e+05   4.52e+01     9.93e+03   1534.945s
1508000 +4.78576929e+07 +4.83990705e+07  5.41e+05   4.54e+01     9.92e+03   1535.946s
1509000 +4.78593949e+07 +4.84003645e+07  5.41e+05   4.55e+01     9.91e+03   1536.947s
1510000 +4.78610652e+07 +4.84009712e+07  5.40e+05   4.56e+01     9.89e+03   1537.948s
1511000 +4.78627082e+07 +4.84006185e+07  5.38e+05   4.57e+01     9.88e+03   1538.949s
1512000 +4.78643384e+07 +4.83994703e+07  5.35e+05   4.58e+01     9.87e+03   1539.951s
1513000 +4.78659177e+07 +4.83977589e+07  5.32e+05   4.60e+01     9.86e+03   1540.954s
1514000 +4.78674143e+07 +4.83947531e+07  5.27e+05   4.61e+01     9.85e+03   1541.956s
1515000 +4.78688640e+07 +4.83908609e+07  5.22e+05   4.62e+01     9.84e+03   1542.959s
1516000 +4.78702800e+07 +4.83870788e+07  5.17e+05   4.63e+01     9.83e+03   1543.961s
1517000 +4.78717096e+07 +4.83837086e+07  5.12e+05   4.64e+01     9.82e+03   1544.963s
1518000 +4.78732173e+07 +4.83809854e+07  5.08e+05   4.66e+01     9.81e+03   1545.964s
1519000 +4.78747706e+07 +4.83799631e+07  5.05e+05   4.67e+01     9.80e+03   1546.965s
1520000 +4.78763217e+07 +4.83803167e+07  5.04e+05   4.69e+01     9.78e+03   1547.966s
1521000 +4.78778641e+07 +4.83809760e+07  5.03e+05   4.71e+01     9.77e+03   1548.967s
1522000 +4.78793922e+07 +4.83816328e+07  5.02e+05   4.73e+01     9.76e+03   1549.968s
1523000 +4.78809215e+07 +4.83822833e+07  5.01e+05   4.75e+01     9.75e+03   1550.969s
1524000 +4.78825117e+07 +4.83830727e+07  5.01e+05   4.77e+01     9.74e+03   1551.971s
1525000 +4.78841759e+07 +4.83840653e+07  5.00e+05   4.79e+01     9.73e+03   1552.973s
1526000 +4.78859219e+07 +4.83857850e+07  5.00e+05   4.81e+01     9.71e+03   1553.975s
1527000 +4.78877278e+07 +4.83881488e+07  5.00e+05   4.83e+01     9.70e+03   1554.978s
1528000 +4.78895598e+07 +4.83912217e+07  5.02e+05   4.85e+01     9.69e+03   1555.980s
1529000 +4.78913596e+07 +4.83939836e+07  5.03e+05   4.87e+01     9.68e+03   1556.982s
1530000 +4.78931135e+07 +4.83954410e+07  5.02e+05   4.89e+01     9.67e+03   1557.984s
1531000 +4.78948301e+07 +4.83956704e+07  5.01e+05   4.91e+01     9.66e+03   1558.985s
1532000 +4.78965264e+07 +4.83948314e+07  4.98e+05   4.93e+01     9.64e+03   1559.987s
1533000 +4.78982000e+07 +4.83930679e+07  4.95e+05   4.95e+01     9.63e+03   1560.988s
1534000 +4.78998518e+07 +4.83912217e+07  4.91e+05   4.97e+01     9.62e+03   1561.988s
1535000 +4.79014813e+07 +4.83899289e+07  4.88e+05   4.99e+01     9.61e+03   1562.989s
1536000 +4.79030786e+07 +4.83898376e+07  4.87e+05   5.01e+01     9.60e+03   1563.991s
1537000 +4.79046431e+07 +4.83909375e+07  4.86e+05   5.03e+01     9.59e+03   1564.994s
1538000 +4.79061645e+07 +4.83931511e+07  4.87e+05   5.05e+01     9.58e+03   1565.996s
1539000 +4.79076473e+07 +4.83958695e+07  4.88e+05   5.07e+01     9.56e+03   1566.999s
1540000 +4.79091205e+07 +4.83989146e+07  4.90e+05   5.09e+01     9.55e+03   1568.001s
1541000 +4.79106095e+07 +4.84018003e+07  4.91e+05   5.11e+01     9.54e+03   1569.002s
1542000 +4.79121284e+07 +4.84041118e+07  4.92e+05   5.13e+01     9.53e+03   1570.004s
1543000 +4.79136383e+07 +4.84058557e+07  4.92e+05   5.14e+01     9.52e+03   1571.005s
1544000 +4.79150850e+07 +4.84073659e+07  4.92e+05   5.16e+01     9.50e+03   1572.006s
1545000 +4.79164658e+07 +4.84084010e+07  4.92e+05   5.18e+01     9.49e+03   1573.007s
1546000 +4.79177797e+07 +4.84090793e+07  4.91e+05   5.19e+01     9.48e+03   1574.008s
1547000 +4.79190304e+07 +4.84097663e+07  4.91e+05   5.21e+01     9.47e+03   1575.009s
1548000 +4.79202488e+07 +4.84108324e+07  4.91e+05   5.23e+01     9.46e+03   1576.010s
1549000 +4.79214580e+07 +4.84125503e+07  4.91e+05   5.24e+01     9.45e+03   1577.013s
1550000 +4.79226629e+07 +4.84149426e+07  4.92e+05   5.26e+01     9.43e+03   1578.016s
1551000 +4.79238489e+07 +4.84180272e+07  4.94e+05   5.27e+01     9.42e+03   1579.018s
1552000 +4.79250066e+07 +4.84218464e+07  4.97e+05   5.28e+01     9.41e+03   1580.021s
1553000 +4.79261449e+07 +4.84261741e+07  5.00e+05   5.30e+01     9.40e+03   1581.023s
1554000 +4.79272621e+07 +4.84305502e+07  5.03e+05   5.31e+01     9.39e+03   1582.025s
1555000 +4.79283603e+07 +4.84350343e+07  5.07e+05   5.33e+01     9.38e+03   1583.026s
1556000 +4.79294635e+07 +4.84396970e+07  5.10e+05   5.34e+01     9.37e+03   1584.028s
1557000 +4.79305949e+07 +4.84444143e+07  5.14e+05   5.35e+01     9.36e+03   1585.030s
1558000 +4.79317816e+07 +4.84491726e+07  5.17e+05   5.36e+01     9.35e+03   1586.032s
1559000 +4.79330189e+07 +4.84536554e+07  5.21e+05   5.38e+01     9.33e+03   1587.035s
1560000 +4.79342816e+07 +4.84578056e+07  5.24e+05   5.39e+01     9.32e+03   1588.037s
1561000 +4.79355480e+07 +4.84616760e+07  5.26e+05   5.40e+01     9.31e+03   1589.040s
1562000 +4.79367787e+07 +4.84653403e+07  5.29e+05   5.41e+01     9.30e+03   1590.042s
1563000 +4.79379671e+07 +4.84685345e+07  5.31e+05   5.43e+01     9.29e+03   1591.044s
1564000 +4.79391299e+07 +4.84713300e+07  5.32e+05   5.44e+01     9.28e+03   1592.046s
1565000 +4.79402887e+07 +4.84740673e+07  5.34e+05   5.45e+01     9.27e+03   1593.046s
1566000 +4.79414430e+07 +4.84767903e+07  5.35e+05   5.46e+01     9.26e+03   1594.047s
1567000 +4.79425770e+07 +4.84794786e+07  5.37e+05   5.47e+01     9.25e+03   1595.048s
1568000 +4.79436674e+07 +4.84821145e+07  5.38e+05   5.48e+01     9.24e+03   1596.049s
1569000 +4.79447152e+07 +4.84848466e+07  5.40e+05   5.49e+01     9.23e+03   1597.051s
1570000 +4.79457227e+07 +4.84875532e+07  5.42e+05   5.50e+01     9.22e+03   1598.054s
1571000 +4.79466979e+07 +4.84901500e+07  5.43e+05   5.51e+01     9.21e+03   1599.056s
1572000 +4.79476472e+07 +4.84923746e+07  5.45e+05   5.52e+01     9.20e+03   1600.059s
1573000 +4.79485752e+07 +4.84941963e+07  5.46e+05   5.53e+01     9.19e+03   1601.061s
1574000 +4.79494902e+07 +4.84956437e+07  5.46e+05   5.54e+01     9.18e+03   1602.062s
1575000 +4.79503722e+07 +4.84968096e+07  5.46e+05   5.55e+01     9.17e+03   1603.064s
1576000 +4.79511998e+07 +4.84977542e+07  5.47e+05   5.56e+01     9.16e+03   1604.066s
1577000 +4.79519586e+07 +4.84983629e+07  5.46e+05   5.57e+01     9.15e+03   1605.067s
1578000 +4.79526459e+07 +4.84984752e+07  5.46e+05   5.58e+01     9.14e+03   1606.067s
1579000 +4.79532725e+07 +4.84980986e+07  5.45e+05   5.59e+01     9.13e+03   1607.068s
1580000 +4.79538648e+07 +4.84974343e+07  5.44e+05   5.60e+01     9.12e+03   1608.070s
1581000 +4.79544349e+07 +4.84967432e+07  5.42e+05   5.61e+01     9.11e+03   1609.071s
1582000 +4.79549804e+07 +4.84963341e+07  5.41e+05   5.62e+01     9.10e+03   1610.074s
1583000 +4.79554997e+07 +4.84963887e+07  5.41e+05   5.62e+01     9.09e+03   1611.076s
1584000 +4.79559895e+07 +4.84968620e+07  5.41e+05   5.63e+01     9.08e+03   1612.079s
1585000 +4.79564590e+07 +4.84975326e+07  5.41e+05   5.64e+01     9.07e+03   1613.081s
1586000 +4.79569073e+07 +4.84982829e+07  5.41e+05   5.65e+01     9.06e+03   1614.083s
1587000 +4.79573207e+07 +4.84989696e+07  5.42e+05   5.66e+01     9.05e+03   1615.085s
1588000 +4.79577221e+07 +4.84993723e+07  5.42e+05   5.66e+01     9.04e+03   1616.086s
1589000 +4.79581273e+07 +4.84993851e+07  5.41e+05   5.67e+01     9.03e+03   1617.087s
1590000 +4.79585467e+07 +4.84991301e+07  5.41e+05   5.68e+01     9.03e+03   1618.088s
1591000 +4.79589652e+07 +4.84986407e+07  5.40e+05   5.69e+01     9.02e+03   1619.088s
1592000 +4.79593645e+07 +4.84979863e+07  5.39e+05   5.69e+01     9.01e+03   1620.089s
1593000 +4.79597354e+07 +4.84972913e+07  5.38e+05   5.70e+01     9.00e+03   1621.091s
1594000 +4.79600700e+07 +4.84966242e+07  5.37e+05   5.71e+01     8.99e+03   1622.093s
1595000 +4.79603742e+07 +4.84959104e+07  5.36e+05   5.71e+01     8.98e+03   1623.096s
1596000 +4.79606645e+07 +4.84950720e+07  5.34e+05   5.72e+01     8.97e+03   1624.098s
1597000 +4.79609532e+07 +4.84939979e+07  5.33e+05   5.73e+01     8.96e+03   1625.100s
1598000 +4.79612511e+07 +4.84926635e+07  5.31e+05   5.74e+01     8.95e+03   1626.102s
1599000 +4.79615563e+07 +4.84911666e+07  5.30e+05   5.74e+01     8.94e+03   1627.103s
1600000 +4.79618564e+07 +4.84896430e+07  5.28e+05   5.75e+01     8.93e+03   1628.105s
1601000 +4.79621442e+07 +4.84881208e+07  5.26e+05   5.76e+01     8.92e+03   1629.106s
1602000 +4.79624150e+07 +4.84865226e+07  5.24e+05   5.76e+01     8.92e+03   1630.107s
1603000 +4.79626691e+07 +4.84848338e+07  5.22e+05   5.77e+01     8.91e+03   1631.107s
1604000 +4.79629027e+07 +4.84829708e+07  5.20e+05   5.78e+01     8.90e+03   1632.108s
1605000 +4.79631107e+07 +4.84808649e+07  5.18e+05   5.78e+01     8.89e+03   1633.110s
1606000 +4.79632824e+07 +4.84785322e+07  5.15e+05   5.79e+01     8.88e+03   1634.111s
1607000 +4.79634139e+07 +4.84759856e+07  5.13e+05   5.80e+01     8.87e+03   1635.115s
1608000 +4.79634941e+07 +4.84732241e+07  5.10e+05   5.80e+01     8.86e+03   1636.117s
1609000 +4.79635135e+07 +4.84701273e+07  5.07e+05   5.81e+01     8.85e+03   1637.120s
1610000 +4.79634718e+07 +4.84666870e+07  5.03e+05   5.81e+01     8.84e+03   1638.122s
1611000 +4.79633757e+07 +4.84629910e+07  5.00e+05   5.82e+01     8.84e+03   1639.124s
1612000 +4.79632378e+07 +4.84590998e+07  4.96e+05   5.82e+01     8.83e+03   1640.125s
1613000 +4.79630841e+07 +4.84551819e+07  4.92e+05   5.83e+01     8.82e+03   1641.127s
1614000 +4.79629261e+07 +4.84515140e+07  4.89e+05   5.84e+01     8.81e+03   1642.128s
1615000 +4.79627622e+07 +4.84482537e+07  4.85e+05   5.84e+01     8.80e+03   1643.128s
1616000 +4.79625850e+07 +4.84453597e+07  4.83e+05   5.85e+01     8.79e+03   1644.130s
1617000 +4.79623909e+07 +4.84427832e+07  4.80e+05   5.85e+01     8.78e+03   1645.132s
1618000 +4.79638448e+07 +4.84398626e+07  4.76e+05   5.89e+01     8.67e+03   1646.135s
1619000 +4.79653252e+07 +4.84432800e+07  4.78e+05   5.89e+01     8.65e+03   1647.138s
1620000 +4.79662311e+07 +4.84427136e+07  4.76e+05   5.88e+01     8.64e+03   1648.140s
1621000 +4.79673454e+07 +4.84400784e+07  4.73e+05   5.88e+01     8.64e+03   1649.142s
1622000 +4.79679073e+07 +4.84349742e+07  4.67e+05   5.88e+01     8.63e+03   1650.144s
1623000 +4.79680918e+07 +4.84302062e+07  4.62e+05   5.88e+01     8.62e+03   1651.146s
1624000 +4.79687209e+07 +4.84221282e+07  4.53e+05   5.88e+01     8.62e+03   1652.147s
1625000 +4.79703911e+07 +4.84157547e+07  4.45e+05   5.89e+01     8.61e+03   1653.149s
1626000 +4.79720088e+07 +4.84099523e+07  4.38e+05   5.89e+01     8.59e+03   1654.151s
1627000 +4.79727805e+07 +4.84081784e+07  4.35e+05   5.89e+01     8.57e+03   1655.153s
1628000 +4.79731413e+07 +4.84075694e+07  4.34e+05   5.89e+01     8.56e+03   1656.156s
1629000 +4.79737766e+07 +4.84123118e+07  4.39e+05   5.89e+01     8.55e+03   1657.159s
1630000 +4.79743529e+07 +4.84163165e+07  4.42e+05   5.89e+01     8.54e+03   1658.162s
1631000 +4.79748849e+07 +4.84149353e+07  4.40e+05   5.90e+01     8.53e+03   1659.164s
1632000 +4.79758355e+07 +4.84079889e+07  4.32e+05   5.89e+01     8.52e+03   1660.165s
1633000 +4.79773073e+07 +4.84001108e+07  4.23e+05   5.90e+01     8.51e+03   1661.167s
1634000 +4.79782760e+07 +4.83893066e+07  4.11e+05   5.90e+01     8.49e+03   1662.169s
1635000 +4.79784678e+07 +4.83841143e+07  4.06e+05   5.90e+01     8.48e+03   1663.171s
1636000 +4.79788150e+07 +4.83880126e+07  4.09e+05   5.90e+01     8.46e+03   1664.173s
1637000 +4.79791677e+07 +4.83898210e+07  4.11e+05   5.90e+01     8.44e+03   1665.176s
1638000 +4.79795697e+07 +4.83844028e+07  4.05e+05   5.91e+01     8.43e+03   1666.179s
1639000 +4.79798297e+07 +4.83778997e+07  3.98e+05   5.91e+01     8.42e+03   1667.181s
1640000 +4.79798169e+07 +4.83699890e+07  3.90e+05   5.91e+01     8.41e+03   1668.183s
1641000 +4.79802452e+07 +4.83627104e+07  3.82e+05   5.91e+01     8.40e+03   1669.185s
1642000 +4.79806954e+07 +4.83568070e+07  3.76e+05   5.91e+01     8.38e+03   1670.187s
1643000 +4.79811126e+07 +4.83571865e+07  3.76e+05   5.92e+01     8.36e+03   1671.188s
1644000 +4.79809212e+07 +4.83589163e+07  3.78e+05   5.92e+01     8.35e+03   1672.190s
1645000 +4.79807444e+07 +4.83583160e+07  3.78e+05   5.92e+01     8.33e+03   1673.192s
1646000 +4.79806879e+07 +4.83555683e+07  3.75e+05   5.92e+01     8.32e+03   1674.195s
1647000 +4.79804881e+07 +4.83514279e+07  3.71e+05   5.92e+01     8.31e+03   1675.198s
1648000 +4.79806740e+07 +4.83475450e+07  3.67e+05   5.92e+01     8.29e+03   1676.201s
1649000 +4.79807266e+07 +4.83448354e+07  3.64e+05   5.92e+01     8.28e+03   1677.203s
1650000 +4.79808389e+07 +4.83438335e+07  3.63e+05   5.92e+01     8.26e+03   1678.205s
1651000 +4.79805983e+07 +4.83411809e+07  3.61e+05   5.92e+01     8.24e+03   1679.207s
1652000 +4.79802347e+07 +4.83353707e+07  3.55e+05   5.92e+01     8.23e+03   1680.208s
1653000 +4.79798763e+07 +4.83362560e+07  3.56e+05   5.92e+01     8.21e+03   1681.209s
1654000 +4.79793007e+07 +4.83351393e+07  3.56e+05   5.92e+01     8.20e+03   1682.212s
1655000 +4.79788168e+07 +4.83272187e+07  3.48e+05   5.92e+01     8.18e+03   1683.215s
1656000 +4.79781049e+07 +4.83192167e+07  3.41e+05   5.92e+01     8.17e+03   1684.218s
1657000 +4.79774692e+07 +4.83158707e+07  3.38e+05   5.92e+01     8.16e+03   1685.221s
1658000 +4.79773253e+07 +4.83138752e+07  3.37e+05   5.91e+01     8.14e+03   1686.223s
1659000 +4.79769348e+07 +4.83122257e+07  3.35e+05   5.91e+01     8.12e+03   1687.225s
1660000 +4.79763608e+07 +4.83152561e+07  3.39e+05   5.91e+01     8.11e+03   1688.227s
1661000 +4.79754403e+07 +4.83183353e+07  3.43e+05   5.91e+01     8.09e+03   1689.229s
1662000 +4.79744670e+07 +4.83135649e+07  3.39e+05   5.90e+01     8.08e+03   1690.230s
1663000 +4.79734588e+07 +4.83061380e+07  3.33e+05   5.90e+01     8.07e+03   1691.233s
1664000 +4.79723133e+07 +4.83009522e+07  3.29e+05   5.90e+01     8.06e+03   1692.236s
1665000 +4.79715972e+07 +4.82971294e+07  3.26e+05   5.89e+01     8.04e+03   1693.239s
1666000 +4.79714240e+07 +4.82952548e+07  3.24e+05   5.89e+01     8.03e+03   1694.242s
1667000 +4.79709131e+07 +4.82963994e+07  3.25e+05   5.88e+01     8.01e+03   1695.244s
1668000 +4.79699346e+07 +4.82921960e+07  3.22e+05   5.88e+01     8.00e+03   1696.246s
1669000 +4.79684273e+07 +4.82871394e+07  3.19e+05   5.87e+01     7.99e+03   1697.247s
1670000 +4.79666306e+07 +4.82807596e+07  3.14e+05   5.87e+01     7.97e+03   1698.248s
1671000 +4.79648169e+07 +4.82725084e+07  3.08e+05   5.86e+01     7.96e+03   1699.249s
1672000 +4.79633957e+07 +4.82692240e+07  3.06e+05   5.86e+01     7.95e+03   1700.251s
1673000 +4.79621888e+07 +4.82689799e+07  3.07e+05   5.85e+01     7.93e+03   1701.254s
1674000 +4.79611467e+07 +4.82673008e+07  3.06e+05   5.84e+01     7.92e+03   1702.257s
1675000 +4.79599049e+07 +4.82628364e+07  3.03e+05   5.83e+01     7.91e+03   1703.259s
1676000 +4.79585512e+07 +4.82623968e+07  3.04e+05   5.83e+01     7.90e+03   1704.262s
1677000 +4.79570820e+07 +4.82636056e+07  3.07e+05   5.82e+01     7.89e+03   1705.264s
1678000 +4.79553841e+07 +4.82597204e+07  3.04e+05   5.81e+01     7.87e+03   1706.265s
1679000 +4.79533442e+07 +4.82547849e+07  3.01e+05   5.80e+01     7.86e+03   1707.267s
1680000 +4.79511329e+07 +4.82489197e+07  2.98e+05   5.79e+01     7.85e+03   1708.268s
1681000 +4.79492033e+07 +4.82442453e+07  2.95e+05   5.78e+01     7.84e+03   1709.269s
1682000 +4.79476730e+07 +4.82417967e+07  2.94e+05   5.77e+01     7.83e+03   1710.270s
1683000 +4.79462923e+07 +4.82387329e+07  2.92e+05   5.76e+01     7.82e+03   1711.273s
1684000 +4.79447131e+07 +4.82376195e+07  2.93e+05   5.75e+01     7.81e+03   1712.275s
1685000 +4.79425577e+07 +4.82364009e+07  2.94e+05   5.74e+01     7.80e+03   1713.278s
1686000 +4.79400060e+07 +4.82298107e+07  2.90e+05   5.72e+01     7.79e+03   1714.281s
1687000 +4.79373857e+07 +4.82254542e+07  2.88e+05   5.71e+01     7.78e+03   1715.283s
1688000 +4.79348388e+07 +4.82227716e+07  2.88e+05   5.70e+01     7.77e+03   1716.285s
1689000 +4.79326995e+07 +4.82209611e+07  2.88e+05   5.69e+01     7.76e+03   1717.286s
1690000 +4.79308414e+07 +4.82180572e+07  2.87e+05   5.67e+01     7.76e+03   1718.288s
1691000 +4.79290465e+07 +4.82167585e+07  2.88e+05   5.66e+01     7.75e+03   1719.289s
1692000 +4.79268835e+07 +4.82165629e+07  2.90e+05   5.65e+01     7.74e+03   1720.289s
1693000 +4.79244202e+07 +4.82153078e+07  2.91e+05   5.63e+01     7.73e+03   1721.291s
1694000 +4.79216502e+07 +4.82138181e+07  2.92e+05   5.61e+01     7.72e+03   1722.292s
1695000 +4.79190347e+07 +4.82101135e+07  2.91e+05   5.60e+01     7.72e+03   1723.295s
1696000 +4.79164088e+07 +4.82071295e+07  2.91e+05   5.58e+01     7.71e+03   1724.298s
1697000 +4.79140542e+07 +4.82035299e+07  2.89e+05   5.57e+01     7.71e+03   1725.301s
1698000 +4.79118988e+07 +4.81983684e+07  2.86e+05   5.55e+01     7.70e+03   1726.303s
1699000 +4.79098510e+07 +4.81978576e+07  2.88e+05   5.53e+01     7.69e+03   1727.304s
1700000 +4.79074879e+07 +4.81964177e+07  2.89e+05   5.51e+01     7.69e+03   1728.306s
1701000 +4.79045925e+07 +4.81932577e+07  2.89e+05   5.50e+01     7.68e+03   1729.307s
1702000 +4.79013294e+07 +4.81854888e+07  2.84e+05   5.48e+01     7.67e+03   1730.308s
1703000 +4.78984384e+07 +4.81783663e+07  2.80e+05   5.46e+01     7.67e+03   1731.310s
1704000 +4.78956185e+07 +4.81744442e+07  2.79e+05   5.44e+01     7.67e+03   1732.311s
1705000 +4.78931271e+07 +4.81670387e+07  2.74e+05   5.42e+01     7.66e+03   1733.315s
1706000 +4.78906097e+07 +4.81645223e+07  2.74e+05   5.40e+01     7.66e+03   1734.318s
1707000 +4.78881594e+07 +4.81618695e+07  2.74e+05   5.38e+01     7.65e+03   1735.321s
1708000 +4.78851498e+07 +4.81588828e+07  2.74e+05   5.36e+01     7.65e+03   1736.323s
1709000 +4.78816168e+07 +4.81560144e+07  2.74e+05   5.34e+01     7.64e+03   1737.325s
1710000 +4.78779807e+07 +4.81521051e+07  2.74e+05   5.32e+01     7.64e+03   1738.327s
1711000 +4.78746657e+07 +4.81448703e+07  2.70e+05   5.30e+01     7.64e+03   1739.329s
1712000 +4.78716768e+07 +4.81390804e+07  2.67e+05   5.27e+01     7.63e+03   1740.330s
1713000 +4.78685583e+07 +4.81371767e+07  2.69e+05   5.25e+01     7.63e+03   1741.333s
1714000 +4.78654408e+07 +4.81330853e+07  2.68e+05   5.23e+01     7.63e+03   1742.337s
1715000 +4.78620907e+07 +4.81289080e+07  2.67e+05   5.21e+01     7.63e+03   1743.339s
1716000 +4.78587047e+07 +4.81265521e+07  2.68e+05   5.19e+01     7.63e+03   1744.342s
1717000 +4.78551991e+07 +4.81272077e+07  2.72e+05   5.16e+01     7.62e+03   1745.344s
1718000 +4.78515889e+07 +4.81272147e+07  2.76e+05   5.14e+01     7.62e+03   1746.346s
1719000 +4.78479265e+07 +4.81272319e+07  2.79e+05   5.11e+01     7.62e+03   1747.348s
1720000 +4.78443708e+07 +4.81260861e+07  2.82e+05   5.09e+01     7.62e+03   1748.350s
1721000 +4.78411928e+07 +4.81212383e+07  2.80e+05   5.07e+01     7.62e+03   1749.352s
1722000 +4.78382151e+07 +4.81170240e+07  2.79e+05   5.04e+01     7.62e+03   1750.355s
1723000 +4.78354438e+07 +4.81148433e+07  2.79e+05   5.02e+01     7.62e+03   1751.358s
1724000 +4.78324295e+07 +4.81176840e+07  2.85e+05   4.99e+01     7.61e+03   1752.361s
1725000 +4.78290101e+07 +4.81193752e+07  2.90e+05   4.97e+01     7.61e+03   1753.364s
1726000 +4.78251965e+07 +4.81182026e+07  2.93e+05   4.94e+01     7.61e+03   1754.365s
1727000 +4.78212497e+07 +4.81119956e+07  2.91e+05   4.92e+01     7.61e+03   1755.367s
1728000 +4.78173941e+07 +4.81085397e+07  2.91e+05   4.89e+01     7.61e+03   1756.369s
1729000 +4.78137250e+07 +4.81024919e+07  2.89e+05   4.87e+01     7.61e+03   1757.369s
1730000 +4.78106816e+07 +4.80971610e+07  2.86e+05   4.84e+01     7.61e+03   1758.371s
1731000 +4.78074344e+07 +4.80953092e+07  2.88e+05   4.82e+01     7.61e+03   1759.373s
1732000 +4.78036947e+07 +4.80966243e+07  2.93e+05   4.79e+01     7.61e+03   1760.376s
1733000 +4.77997505e+07 +4.80978478e+07  2.98e+05   4.77e+01     7.61e+03   1761.379s
1734000 +4.77958742e+07 +4.80954601e+07  3.00e+05   4.74e+01     7.61e+03   1762.382s
1735000 +4.77921756e+07 +4.80923323e+07  3.00e+05   4.71e+01     7.61e+03   1763.384s
1736000 +4.77887649e+07 +4.80911970e+07  3.02e+05   4.67e+01     7.62e+03   1764.386s
1737000 +4.77853906e+07 +4.80912838e+07  3.06e+05   4.64e+01     7.62e+03   1765.387s
1738000 +4.77821258e+07 +4.80926838e+07  3.11e+05   4.60e+01     7.63e+03   1766.388s
1739000 +4.77789235e+07 +4.80926531e+07  3.14e+05   4.56e+01     7.63e+03   1767.389s
1740000 +4.77756646e+07 +4.80947716e+07  3.19e+05   4.53e+01     7.64e+03   1768.390s
1741000 +4.77720552e+07 +4.80994278e+07  3.27e+05   4.49e+01     7.64e+03   1769.393s
1742000 +4.77681958e+07 +4.81035740e+07  3.35e+05   4.46e+01     7.64e+03   1770.396s
1743000 +4.77642043e+07 +4.81034820e+07  3.39e+05   4.42e+01     7.64e+03   1771.399s
1744000 +4.77605516e+07 +4.80974220e+07  3.37e+05   4.40e+01     7.65e+03   1772.401s
1745000 +4.77570794e+07 +4.80922139e+07  3.35e+05   4.37e+01     7.65e+03   1773.404s
1746000 +4.77536704e+07 +4.80912409e+07  3.38e+05   4.35e+01     7.64e+03   1774.406s
1747000 +4.77500308e+07 +4.80908096e+07  3.41e+05   4.32e+01     7.64e+03   1775.407s
1748000 +4.77460974e+07 +4.80883615e+07  3.42e+05   4.30e+01     7.64e+03   1776.408s
1749000 +4.77419739e+07 +4.80858481e+07  3.44e+05   4.28e+01     7.64e+03   1777.409s
1750000 +4.77376236e+07 +4.80875184e+07  3.50e+05   4.26e+01     7.63e+03   1778.411s
1751000 +4.77333480e+07 +4.80907519e+07  3.57e+05   4.24e+01     7.63e+03   1779.414s
1752000 +4.77293881e+07 +4.80925908e+07  3.63e+05   4.22e+01     7.63e+03   1780.417s
1753000 +4.77256926e+07 +4.80925161e+07  3.67e+05   4.20e+01     7.63e+03   1781.420s
1754000 +4.77220625e+07 +4.80929932e+07  3.71e+05   4.17e+01     7.64e+03   1782.423s
1755000 +4.77182847e+07 +4.80921097e+07  3.74e+05   4.14e+01     7.64e+03   1783.426s
1756000 +4.77145928e+07 +4.80901996e+07  3.76e+05   4.12e+01     7.64e+03   1784.428s
1757000 +4.77107442e+07 +4.80853586e+07  3.75e+05   4.09e+01     7.65e+03   1785.429s
1758000 +4.77066434e+07 +4.80828122e+07  3.76e+05   4.06e+01     7.65e+03   1786.431s
1759000 +4.77024511e+07 +4.80819035e+07  3.79e+05   4.04e+01     7.65e+03   1787.433s
1760000 +4.76983199e+07 +4.80845583e+07  3.86e+05   4.01e+01     7.66e+03   1788.436s
1761000 +4.76944539e+07 +4.80829150e+07  3.88e+05   3.98e+01     7.66e+03   1789.439s
1762000 +4.76905965e+07 +4.80784595e+07  3.88e+05   3.96e+01     7.66e+03   1790.442s
1763000 +4.76866312e+07 +4.80795765e+07  3.93e+05   3.94e+01     7.66e+03   1791.444s
1764000 +4.76826777e+07 +4.80810941e+07  3.98e+05   3.92e+01     7.67e+03   1792.446s
1765000 +4.76784076e+07 +4.80857191e+07  4.07e+05   3.91e+01     7.67e+03   1793.448s
1766000 +4.76738808e+07 +4.80873570e+07  4.13e+05   3.89e+01     7.66e+03   1794.449s
1767000 +4.76694488e+07 +4.80885368e+07  4.19e+05   3.88e+01     7.66e+03   1795.451s
1768000 +4.76649690e+07 +4.80903718e+07  4.25e+05   3.87e+01     7.66e+03   1796.452s
1769000 +4.76612183e+07 +4.80929747e+07  4.32e+05   3.85e+01     7.66e+03   1797.455s
1770000 +4.76579668e+07 +4.80974473e+07  4.39e+05   3.84e+01     7.66e+03   1798.458s
1771000 +4.76547278e+07 +4.81011667e+07  4.46e+05   3.83e+01     7.66e+03   1799.461s
1772000 +4.76510498e+07 +4.81023250e+07  4.51e+05   3.81e+01     7.66e+03   1800.463s
1773000 +4.76472236e+07 +4.81053507e+07  4.58e+05   3.79e+01     7.65e+03   1801.465s
1774000 +4.76432809e+07 +4.81056816e+07  4.62e+05   3.77e+01     7.65e+03   1802.467s
1775000 +4.76393112e+07 +4.81046467e+07  4.65e+05   3.75e+01     7.65e+03   1803.469s
1776000 +4.76357019e+07 +4.81025781e+07  4.67e+05   3.73e+01     7.66e+03   1804.469s
1777000 +4.76323095e+07 +4.81072317e+07  4.75e+05   3.71e+01     7.66e+03   1805.471s
1778000 +4.76289891e+07 +4.81153438e+07  4.86e+05   3.68e+01     7.66e+03   1806.473s
1779000 +4.76255862e+07 +4.81208902e+07  4.95e+05   3.66e+01     7.66e+03   1807.477s
1780000 +4.76221400e+07 +4.81236815e+07  5.02e+05   3.63e+01     7.66e+03   1808.480s
1781000 +4.76185383e+07 +4.81249493e+07  5.06e+05   3.61e+01     7.66e+03   1809.482s
1782000 +4.76148089e+07 +4.81286306e+07  5.14e+05   3.58e+01     7.67e+03   1810.484s
1783000 +4.76110900e+07 +4.81358946e+07  5.25e+05   3.56e+01     7.67e+03   1811.486s
1784000 +4.76073381e+07 +4.81409466e+07  5.34e+05   3.54e+01     7.67e+03   1812.487s
1785000 +4.76037687e+07 +4.81412790e+07  5.38e+05   3.52e+01     7.67e+03   1813.488s
1786000 +4.76003496e+07 +4.81428517e+07  5.43e+05   3.50e+01     7.67e+03   1814.489s
1787000 +4.75969557e+07 +4.81439412e+07  5.47e+05   3.48e+01     7.67e+03   1815.490s
1788000 +4.75936623e+07 +4.81445355e+07  5.51e+05   3.47e+01     7.66e+03   1816.492s
1789000 +4.75904488e+07 +4.81423813e+07  5.52e+05   3.46e+01     7.66e+03   1817.495s
1790000 +4.75871074e+07 +4.81400138e+07  5.53e+05   3.45e+01     7.66e+03   1818.498s
1791000 +4.75838911e+07 +4.81397838e+07  5.56e+05   3.44e+01     7.66e+03   1819.500s
1792000 +4.75807756e+07 +4.81377055e+07  5.57e+05   3.43e+01     7.66e+03   1820.502s
1793000 +4.75778433e+07 +4.81321138e+07  5.54e+05   3.42e+01     7.66e+03   1821.504s
1794000 +4.75745757e+07 +4.81266744e+07  5.52e+05   3.41e+01     7.66e+03   1822.506s
1795000 +4.75710162e+07 +4.81242350e+07  5.53e+05   3.40e+01     7.66e+03   1823.507s
1796000 +4.75674936e+07 +4.81253670e+07  5.58e+05   3.39e+01     7.66e+03   1824.508s
1797000 +4.75641537e+07 +4.81273469e+07  5.63e+05   3.37e+01     7.66e+03   1825.510s
1798000 +4.75607799e+07 +4.81274649e+07  5.67e+05   3.36e+01     7.66e+03   1826.511s
1799000 +4.75573399e+07 +4.81291629e+07  5.72e+05   3.34e+01     7.66e+03   1827.514s
1800000 +4.75538678e+07 +4.81307206e+07  5.77e+05   3.32e+01     7.66e+03   1828.518s
1801000 +4.75504418e+07 +4.81294348e+07  5.79e+05   3.31e+01     7.67e+03   1829.521s
1802000 +4.75469859e+07 +4.81263243e+07  5.79e+05   3.29e+01     7.67e+03   1830.524s
1803000 +4.75437932e+07 +4.81266535e+07  5.83e+05   3.28e+01     7.67e+03   1831.526s
1804000 +4.75408620e+07 +4.81277593e+07  5.87e+05   3.27e+01     7.67e+03   1832.528s
1805000 +4.75378033e+07 +4.81299566e+07  5.92e+05   3.26e+01     7.67e+03   1833.530s
1806000 +4.75347323e+07 +4.81317117e+07  5.97e+05   3.25e+01     7.67e+03   1834.531s
1807000 +4.75314237e+07 +4.81337631e+07  6.02e+05   3.25e+01     7.67e+03   1835.534s
1808000 +4.75283115e+07 +4.81318563e+07  6.04e+05   3.24e+01     7.67e+03   1836.537s
1809000 +4.75252227e+07 +4.81315855e+07  6.06e+05   3.24e+01     7.66e+03   1837.540s
1810000 +4.75223836e+07 +4.81343109e+07  6.12e+05   3.24e+01     7.66e+03   1838.542s
1811000 +4.75197263e+07 +4.81391062e+07  6.19e+05   3.24e+01     7.66e+03   1839.544s
1812000 +4.75169549e+07 +4.81439145e+07  6.27e+05   3.24e+01     7.66e+03   1840.546s
1813000 +4.75139892e+07 +4.81494026e+07  6.35e+05   3.23e+01     7.66e+03   1841.547s
1814000 +4.75110249e+07 +4.81511373e+07  6.40e+05   3.23e+01     7.65e+03   1842.549s
1815000 +4.75082457e+07 +4.81537775e+07  6.46e+05   3.22e+01     7.65e+03   1843.550s
1816000 +4.75055363e+07 +4.81552700e+07  6.50e+05   3.21e+01     7.65e+03   1844.553s
1817000 +4.75028494e+07 +4.81543671e+07  6.52e+05   3.20e+01     7.65e+03   1845.556s
1818000 +4.75002130e+07 +4.81550400e+07  6.55e+05   3.19e+01     7.65e+03   1846.558s
1819000 +4.74977194e+07 +4.81590486e+07  6.61e+05   3.17e+01     7.66e+03   1847.561s
1820000 +4.74954033e+07 +4.81643185e+07  6.69e+05   3.16e+01     7.66e+03   1848.563s
1821000 +4.74930220e+07 +4.81623800e+07  6.69e+05   3.14e+01     7.66e+03   1849.565s
1822000 +4.74906570e+07 +4.81589822e+07  6.68e+05   3.13e+01     7.66e+03   1850.566s
1823000 +4.74880128e+07 +4.81583974e+07  6.70e+05   3.11e+01     7.66e+03   1851.567s
1824000 +4.74853831e+07 +4.81585074e+07  6.73e+05   3.10e+01     7.66e+03   1852.569s
1825000 +4.74828762e+07 +4.81567974e+07  6.74e+05   3.09e+01     7.66e+03   1853.570s
1826000 +4.74805149e+07 +4.81536780e+07  6.73e+05   3.08e+01     7.66e+03   1854.572s
1827000 +4.74781932e+07 +4.81513353e+07  6.73e+05   3.08e+01     7.66e+03   1855.574s
1828000 +4.74759057e+07 +4.81495189e+07  6.74e+05   3.07e+01     7.66e+03   1856.577s
1829000 +4.74736091e+07 +4.81452620e+07  6.72e+05   3.07e+01     7.66e+03   1857.580s
1830000 +4.74713417e+07 +4.81398721e+07  6.69e+05   3.06e+01     7.66e+03   1858.582s
1831000 +4.74689067e+07 +4.81301714e+07  6.61e+05   3.06e+01     7.66e+03   1859.584s
1832000 +4.74665282e+07 +4.81180875e+07  6.52e+05   3.06e+01     7.66e+03   1860.586s
1833000 +4.74643301e+07 +4.81069392e+07  6.43e+05   3.06e+01     7.66e+03   1861.588s
1834000 +4.74622847e+07 +4.81033511e+07  6.41e+05   3.05e+01     7.66e+03   1862.589s
1835000 +4.74601589e+07 +4.81066028e+07  6.46e+05   3.04e+01     7.66e+03   1863.591s
1836000 +4.74580617e+07 +4.81159721e+07  6.58e+05   3.04e+01     7.66e+03   1864.592s
1837000 +4.74559906e+07 +4.81281753e+07  6.72e+05   3.03e+01     7.66e+03   1865.595s
1838000 +4.74539540e+07 +4.81402339e+07  6.86e+05   3.02e+01     7.66e+03   1866.598s
1839000 +4.74519246e+07 +4.81501950e+07  6.98e+05   3.01e+01     7.66e+03   1867.600s
1840000 +4.74499158e+07 +4.81550850e+07  7.05e+05   3.00e+01     7.66e+03   1868.602s
1841000 +4.74477037e+07 +4.81535156e+07  7.06e+05   3.00e+01     7.66e+03   1869.605s
1842000 +4.74455658e+07 +4.81501557e+07  7.05e+05   2.99e+01     7.65e+03   1870.607s
1843000 +4.74434029e+07 +4.81453364e+07  7.02e+05   2.97e+01     7.65e+03   1871.608s
1844000 +4.74412157e+07 +4.81397668e+07  6.99e+05   2.96e+01     7.66e+03   1872.610s
1845000 +4.74390537e+07 +4.81343142e+07  6.95e+05   2.95e+01     7.66e+03   1873.611s
1846000 +4.74367857e+07 +4.81302460e+07  6.93e+05   2.94e+01     7.66e+03   1874.613s
1847000 +4.74344158e+07 +4.81278491e+07  6.93e+05   2.93e+01     7.66e+03   1875.616s
1848000 +4.74320913e+07 +4.81272643e+07  6.95e+05   2.92e+01     7.66e+03   1876.619s
1849000 +4.74298369e+07 +4.81279905e+07  6.98e+05   2.91e+01     7.66e+03   1877.622s
1850000 +4.74275955e+07 +4.81293755e+07  7.02e+05   2.91e+01     7.66e+03   1878.624s
1851000 +4.74252811e+07 +4.81306556e+07  7.05e+05   2.91e+01     7.66e+03   1879.626s
1852000 +4.74228867e+07 +4.81318252e+07  7.09e+05   2.90e+01     7.66e+03   1880.628s
1853000 +4.74207793e+07 +4.81328723e+07  7.12e+05   2.93e+01     7.65e+03   1881.629s
1854000 +4.74189810e+07 +4.81315697e+07  7.13e+05   2.95e+01     7.64e+03   1882.631s
1855000 +4.74173016e+07 +4.81258969e+07  7.09e+05   2.99e+01     7.63e+03   1883.634s
1856000 +4.74153267e+07 +4.81180545e+07  7.03e+05   3.05e+01     7.62e+03   1884.637s
1857000 +4.74128109e+07 +4.81109910e+07  6.98e+05   3.11e+01     7.60e+03   1885.640s
1858000 +4.74102031e+07 +4.81048073e+07  6.95e+05   3.17e+01     7.59e+03   1886.643s
1859000 +4.74076500e+07 +4.80983197e+07  6.91e+05   3.22e+01     7.58e+03   1887.645s
1860000 +4.74051605e+07 +4.80947730e+07  6.90e+05   3.26e+01     7.56e+03   1888.647s
1861000 +4.74027295e+07 +4.80920497e+07  6.89e+05   3.28e+01     7.55e+03   1889.649s
1862000 +4.74003092e+07 +4.80893660e+07  6.89e+05   3.29e+01     7.54e+03   1890.650s
1863000 +4.73981080e+07 +4.80863281e+07  6.88e+05   3.29e+01     7.53e+03   1891.653s
1864000 +4.73961071e+07 +4.80856970e+07  6.90e+05   3.28e+01     7.52e+03   1892.656s
1865000 +4.73940330e+07 +4.80839255e+07  6.90e+05   3.26e+01     7.51e+03   1893.659s
1866000 +4.73920397e+07 +4.80819742e+07  6.90e+05   3.23e+01     7.51e+03   1894.662s
1867000 +4.73900159e+07 +4.80804345e+07  6.90e+05   3.21e+01     7.50e+03   1895.664s
1868000 +4.73878430e+07 +4.80785623e+07  6.91e+05   3.18e+01     7.50e+03   1896.665s
1869000 +4.73855440e+07 +4.80755801e+07  6.90e+05   3.15e+01     7.50e+03   1897.667s
1870000 +4.73832955e+07 +4.80731505e+07  6.90e+05   3.12e+01     7.49e+03   1898.668s
1871000 +4.73811635e+07 +4.80705573e+07  6.89e+05   3.10e+01     7.49e+03   1899.670s
1872000 +4.73789597e+07 +4.80666327e+07  6.88e+05   3.06e+01     7.49e+03   1900.672s
1873000 +4.73768485e+07 +4.80635321e+07  6.87e+05   3.03e+01     7.49e+03   1901.674s
1874000 +4.73746622e+07 +4.80605675e+07  6.86e+05   2.99e+01     7.49e+03   1902.678s
1875000 +4.73723563e+07 +4.80580072e+07  6.86e+05   2.95e+01     7.49e+03   1903.681s
1876000 +4.73701244e+07 +4.80560697e+07  6.86e+05   2.91e+01     7.49e+03   1904.683s
1877000 +4.73682516e+07 +4.80542917e+07  6.86e+05   2.88e+01     7.49e+03   1905.685s
1878000 +4.73664986e+07 +4.80522411e+07  6.86e+05   2.84e+01     7.49e+03   1906.687s
1879000 +4.73648000e+07 +4.80501006e+07  6.85e+05   2.82e+01     7.49e+03   1907.689s
1880000 +4.73632213e+07 +4.80481532e+07  6.85e+05   2.80e+01     7.49e+03   1908.690s
1881000 +4.73615936e+07 +4.80464463e+07  6.85e+05   2.79e+01     7.48e+03   1909.691s
1882000 +4.73598442e+07 +4.80459871e+07  6.86e+05   2.78e+01     7.48e+03   1910.693s
1883000 +4.73579966e+07 +4.80459453e+07  6.88e+05   2.79e+01     7.48e+03   1911.696s
1884000 +4.73559831e+07 +4.80456100e+07  6.90e+05   2.79e+01     7.48e+03   1912.699s
1885000 +4.73538494e+07 +4.80444672e+07  6.91e+05   2.81e+01     7.47e+03   1913.701s
1886000 +4.73514187e+07 +4.80433716e+07  6.92e+05   2.82e+01     7.47e+03   1914.703s
1887000 +4.73488185e+07 +4.80421810e+07  6.93e+05   2.83e+01     7.46e+03   1915.705s
1888000 +4.73461368e+07 +4.80414238e+07  6.95e+05   2.85e+01     7.46e+03   1916.707s
1889000 +4.73434193e+07 +4.80404005e+07  6.97e+05   2.86e+01     7.46e+03   1917.708s
1890000 +4.73408780e+07 +4.80398402e+07  6.99e+05   2.88e+01     7.45e+03   1918.709s
1891000 +4.73383727e+07 +4.80404523e+07  7.02e+05   2.90e+01     7.45e+03   1919.711s
1892000 +4.73358692e+07 +4.80422871e+07  7.06e+05   2.92e+01     7.44e+03   1920.712s
1893000 +4.73333963e+07 +4.80441087e+07  7.11e+05   2.95e+01     7.44e+03   1921.715s
1894000 +4.73309739e+07 +4.80461839e+07  7.15e+05   2.98e+01     7.43e+03   1922.718s
1895000 +4.73285690e+07 +4.80483457e+07  7.20e+05   3.01e+01     7.43e+03   1923.721s
1896000 +4.73261915e+07 +4.80501391e+07  7.24e+05   3.05e+01     7.42e+03   1924.724s
1897000 +4.73238373e+07 +4.80516355e+07  7.28e+05   3.08e+01     7.42e+03   1925.726s
1898000 +4.73245526e+07 +4.80548612e+07  7.30e+05   4.23e+01     6.91e+03   1926.727s
1899000 +4.73249579e+07 +4.80479397e+07  7.23e+05   4.47e+01     6.71e+03   1927.729s
1900000 +4.73244661e+07 +4.80135640e+07  6.89e+05   4.81e+01     6.56e+03   1928.731s
1901000 +4.73236054e+07 +4.79743607e+07  6.51e+05   5.27e+01     6.42e+03   1929.733s
1902000 +4.73208386e+07 +4.79267648e+07  6.06e+05   5.61e+01     6.24e+03   1930.737s
1903000 +4.73143253e+07 +4.78901704e+07  5.76e+05   5.93e+01     5.97e+03   1931.740s
1904000 +4.73047536e+07 +4.78487846e+07  5.44e+05   5.92e+01     5.79e+03   1932.743s
1905000 +4.72965966e+07 +4.78022724e+07  5.06e+05   5.84e+01     5.64e+03   1933.746s
1906000 +4.72895919e+07 +4.77603219e+07  4.71e+05   5.51e+01     5.56e+03   1934.748s
1907000 +4.72813355e+07 +4.77299147e+07  4.49e+05   5.18e+01     5.48e+03   1935.749s
1908000 +4.72686547e+07 +4.77090478e+07  4.40e+05   4.75e+01     5.40e+03   1936.751s
1909000 +4.72552311e+07 +4.77038611e+07  4.49e+05   4.38e+01     5.36e+03   1937.754s
1910000 +4.72434096e+07 +4.77126920e+07  4.69e+05   4.08e+01     5.39e+03   1938.757s
1911000 +4.72275832e+07 +4.77142189e+07  4.87e+05   1.01e+02     5.16e+03   1939.761s
1912000 +4.71995076e+07 +4.77145094e+07  5.15e+05   9.58e+01     5.07e+03   1940.764s
1913000 +4.71700268e+07 +4.77089154e+07  5.39e+05   6.99e+01     5.06e+03   1941.766s
1914000 +4.71406210e+07 +4.77017768e+07  5.61e+05   5.41e+01     5.05e+03   1942.767s
1915000 +4.71130331e+07 +4.76926189e+07  5.80e+05   5.38e+01     5.04e+03   1943.769s
1916000 +4.70841715e+07 +4.76852114e+07  6.01e+05   5.69e+01     5.04e+03   1944.770s
1917000 +4.70522598e+07 +4.76804775e+07  6.28e+05   6.00e+01     5.03e+03   1945.771s
1918000 +4.70177207e+07 +4.76758979e+07  6.58e+05   6.08e+01     5.03e+03   1946.772s
1919000 +4.69834611e+07 +4.76709874e+07  6.88e+05   6.27e+01     5.02e+03   1947.775s
1920000 +4.69506199e+07 +4.76656336e+07  7.15e+05   6.47e+01     5.02e+03   1948.778s
1921000 +4.69400281e+07 +4.76607870e+07  7.21e+05   2.21e+02     3.11e+03   1949.780s
1922000 +4.69616044e+07 +4.76644322e+07  7.03e+05   9.47e+02     1.92e+03   1950.784s
1923000 +4.70040934e+07 +4.76652334e+07  6.61e+05   5.61e+02     1.06e+03   1951.786s
1924000 +4.70350061e+07 +4.76704000e+07  6.35e+05   6.26e+02     8.89e+02   1952.788s
1925000 +4.70420205e+07 +4.76762119e+07  6.34e+05   5.35e+02     8.14e+02   1953.789s
1926000 +4.70366633e+07 +4.76809300e+07  6.44e+05   4.34e+02     7.81e+02   1954.791s
1927000 +4.70234039e+07 +4.76843114e+07  6.61e+05   3.42e+02     7.73e+02   1955.792s
1928000 +4.70071284e+07 +4.76869896e+07  6.80e+05   2.85e+02     7.63e+02   1956.795s
1929000 +4.69968728e+07 +4.76876763e+07  6.91e+05   2.56e+02     7.49e+02   1957.798s
1930000 +4.70027426e+07 +4.76852947e+07  6.83e+05   2.46e+02     7.38e+02   1958.801s
1931000 +4.70245454e+07 +4.76804320e+07  6.56e+05   2.45e+02     7.32e+02   1959.803s
1932000 +4.70489013e+07 +4.76746155e+07  6.26e+05   2.52e+02     7.26e+02   1960.805s
1933000 +4.70611143e+07 +4.76692782e+07  6.08e+05   2.64e+02     7.17e+02   1961.807s
1934000 +4.70624425e+07 +4.76650051e+07  6.03e+05   2.76e+02     6.91e+02   1962.808s
1935000 +4.70785039e+07 +4.76615681e+07  5.83e+05   2.83e+02     6.54e+02   1963.810s
1936000 +4.70882392e+07 +4.76600117e+07  5.72e+05   2.86e+02     6.16e+02   1964.811s
1937000 +4.70835071e+07 +4.76595891e+07  5.76e+05   2.83e+02     5.91e+02   1965.813s
1938000 +4.70688906e+07 +4.76619612e+07  5.93e+05   2.80e+02     5.70e+02   1966.817s
1939000 +4.70492284e+07 +4.76651446e+07  6.16e+05   2.74e+02     5.54e+02   1967.820s
1940000 +4.70320515e+07 +4.76705489e+07  6.38e+05   2.65e+02     5.41e+02   1968.823s
1941000 +4.70181613e+07 +4.76771908e+07  6.59e+05   2.65e+02     5.21e+02   1969.826s
1942000 +4.70166306e+07 +4.76838120e+07  6.67e+05   2.63e+02     5.07e+02   1970.828s
1943000 +4.70073717e+07 +4.76876378e+07  6.80e+05   2.59e+02     4.95e+02   1971.830s
1944000 +4.69905685e+07 +4.76872471e+07  6.97e+05   2.49e+02     4.86e+02   1972.832s
1945000 +4.69744221e+07 +4.76845453e+07  7.10e+05   2.35e+02     4.81e+02   1973.835s
1946000 +4.69834591e+07 +4.76836300e+07  7.00e+05   2.52e+02     4.64e+02   1974.840s
1947000 +4.70026402e+07 +4.76829968e+07  6.80e+05   2.62e+02     4.56e+02   1975.842s
1948000 +4.70094627e+07 +4.76816962e+07  6.72e+05   2.63e+02     4.52e+02   1976.845s
1949000 +4.70032844e+07 +4.76795720e+07  6.76e+05   2.60e+02     4.49e+02   1977.846s
1950000 +4.69875787e+07 +4.76773282e+07  6.90e+05   2.57e+02     4.46e+02   1978.848s
1951000 +4.69699105e+07 +4.76755765e+07  7.06e+05   2.59e+02     4.41e+02   1979.850s
1952000 +4.69580939e+07 +4.76744693e+07  7.16e+05   2.60e+02     4.35e+02   1980.851s
1953000 +4.69435496e+07 +4.76743186e+07  7.31e+05   2.60e+02     4.31e+02   1981.854s
1954000 +4.69266617e+07 +4.76753831e+07  7.49e+05   2.59e+02     4.28e+02   1982.856s
1955000 +4.69149669e+07 +4.76777245e+07  7.63e+05   2.58e+02     4.24e+02   1983.859s
1956000 +4.69007790e+07 +4.76804413e+07  7.80e+05   2.56e+02     4.22e+02   1984.862s
1957000 +4.68944904e+07 +4.76830169e+07  7.89e+05   2.58e+02     4.18e+02   1985.864s
1958000 +4.68939505e+07 +4.76850196e+07  7.91e+05   2.59e+02     4.16e+02   1986.866s
1959000 +4.68912890e+07 +4.76861889e+07  7.95e+05   2.59e+02     4.14e+02   1987.867s
1960000 +4.68836157e+07 +4.76866016e+07  8.03e+05   2.60e+02     4.12e+02   1988.869s
1961000 +4.68707934e+07 +4.76863518e+07  8.16e+05   2.60e+02     4.10e+02   1989.870s
1962000 +4.68552363e+07 +4.76858032e+07  8.31e+05   2.60e+02     4.08e+02   1990.870s
1963000 +4.68413461e+07 +4.76853906e+07  8.44e+05   2.58e+02     4.06e+02   1991.871s
1964000 +4.68588304e+07 +4.76854571e+07  8.27e+05   3.04e+02     3.73e+02   1992.873s
1965000 +4.68728132e+07 +4.76860011e+07  8.13e+05   3.12e+02     3.59e+02   1993.875s
1966000 +4.68798466e+07 +4.76858686e+07  8.06e+05   3.23e+02     3.49e+02   1994.878s
1967000 +4.68732660e+07 +4.76850445e+07  8.12e+05   3.36e+02     3.38e+02   1995.881s
1968000 +4.68700389e+07 +4.76836156e+07  8.14e+05   3.54e+02     3.23e+02   1996.884s
1969000 +4.68758595e+07 +4.76808134e+07  8.05e+05   3.70e+02     3.08e+02   1997.886s
1970000 +4.68843078e+07 +4.76774500e+07  7.93e+05   3.84e+02     2.93e+02   1998.888s
1971000 +4.68868641e+07 +4.76749642e+07  7.88e+05   3.99e+02     2.75e+02   1999.889s
1972000 +4.68786536e+07 +4.76734497e+07  7.95e+05   4.10e+02     2.57e+02   2000.890s
1973000 +4.68671979e+07 +4.76716558e+07  8.04e+05   4.20e+02     2.37e+02   2001.891s
1974000 +4.68583950e+07 +4.76703407e+07  8.12e+05   4.28e+02     2.18e+02   2002.893s
1975000 +4.68506400e+07 +4.76691168e+07  8.18e+05   4.33e+02     2.01e+02   2003.895s
1976000 +4.68426952e+07 +4.76678448e+07  8.25e+05   4.36e+02     1.83e+02   2004.898s
1977000 +4.68337812e+07 +4.76663599e+07  8.33e+05   4.38e+02     1.65e+02   2005.901s
1978000 +4.68256903e+07 +4.76646638e+07  8.39e+05   4.36e+02     1.47e+02   2006.903s
1979000 +4.68266683e+07 +4.76633544e+07  8.37e+05   4.31e+02     1.30e+02   2007.905s
1980000 +4.68279126e+07 +4.76626586e+07  8.35e+05   4.23e+02     1.16e+02   2008.907s
1981000 +4.68272467e+07 +4.76613188e+07  8.34e+05   4.14e+02     1.04e+02   2009.908s
1982000 +4.68277332e+07 +4.76595965e+07  8.32e+05   4.02e+02     9.41e+01   2010.909s
1983000 +4.68293595e+07 +4.76580119e+07  8.29e+05   3.87e+02     8.59e+01   2011.910s
1984000 +4.68282085e+07 +4.76565027e+07  8.28e+05   3.71e+02     7.85e+01   2012.912s
1985000 +4.68256449e+07 +4.76548437e+07  8.29e+05   3.54e+02     7.55e+01   2013.913s
1986000 +4.68219365e+07 +4.76537235e+07  8.32e+05   3.37e+02     7.37e+01   2014.916s
1987000 +4.68195083e+07 +4.76532396e+07  8.34e+05   3.18e+02     7.25e+01   2015.920s
1988000 +4.68179469e+07 +4.76524430e+07  8.34e+05   3.01e+02     7.18e+01   2016.922s
1989000 +4.68159078e+07 +4.76518356e+07  8.36e+05   2.84e+02     7.16e+01   2017.925s
1990000 +4.68151530e+07 +4.76515942e+07  8.36e+05   2.67e+02     6.93e+01   2018.926s
1991000 +4.68097799e+07 +4.76509882e+07  8.41e+05   2.52e+02     6.43e+01   2019.928s
1992000 +4.68031281e+07 +4.76502416e+07  8.47e+05   2.38e+02     6.12e+01   2020.930s
1993000 +4.67917548e+07 +4.76503506e+07  8.59e+05   2.25e+02     5.96e+01   2021.931s
1994000 +4.67789264e+07 +4.76509343e+07  8.72e+05   2.14e+02     5.83e+01   2022.933s
1995000 +4.67651386e+07 +4.76518314e+07  8.87e+05   2.05e+02     5.57e+01   2023.936s
1996000 +4.67554526e+07 +4.76532419e+07  8.98e+05   1.97e+02     5.32e+01   2024.939s
1997000 +4.67508247e+07 +4.76544982e+07  9.04e+05   1.91e+02     4.97e+01   2025.942s
1998000 +4.67496663e+07 +4.76558670e+07  9.06e+05   1.87e+02     4.76e+01   2026.944s
1999000 +4.67471856e+07 +4.76571889e+07  9.10e+05   1.83e+02     4.50e+01   2027.946s
2000000 +4.67448812e+07 +4.76581913e+07  9.13e+05   1.81e+02     4.49e+01   2028.948s
2001000 +4.67438577e+07 +4.76584828e+07  9.15e+05   1.79e+02     3.76e+01   2029.950s
2002000 +4.67447281e+07 +4.76587579e+07  9.14e+05   1.76e+02     3.52e+01   2030.952s
2003000 +4.67444717e+07 +4.76592675e+07  9.15e+05   1.74e+02     3.46e+01   2031.954s
2004000 +4.67426009e+07 +4.76597589e+07  9.17e+05   1.73e+02     3.46e+01   2032.956s
2005000 +4.67395708e+07 +4.76602626e+07  9.21e+05   1.71e+02     3.52e+01   2033.959s
2006000 +4.67362643e+07 +4.76607492e+07  9.24e+05   1.70e+02     3.59e+01   2034.961s
2007000 +4.67331355e+07 +4.76611286e+07  9.28e+05   1.69e+02     3.67e+01   2035.964s
2008000 +4.67303488e+07 +4.76614048e+07  9.31e+05   1.68e+02     3.73e+01   2036.965s
2009000 +4.67276467e+07 +4.76616145e+07  9.34e+05   1.67e+02     3.78e+01   2037.967s
2010000 +4.67250631e+07 +4.76617451e+07  9.37e+05   1.66e+02     3.81e+01   2038.968s
2011000 +4.67228060e+07 +4.76617916e+07  9.39e+05   1.65e+02     3.82e+01   2039.969s
2012000 +4.67210349e+07 +4.76617939e+07  9.41e+05   1.65e+02     3.82e+01   2040.970s
2013000 +4.67197089e+07 +4.76617893e+07  9.42e+05   1.64e+02     3.80e+01   2041.970s
2014000 +4.67189042e+07 +4.76617842e+07  9.43e+05   1.64e+02     3.76e+01   2042.971s
2015000 +4.67183370e+07 +4.76617676e+07  9.43e+05   1.63e+02     3.71e+01   2043.971s
2016000 +4.67178265e+07 +4.76617163e+07  9.44e+05   1.63e+02     3.65e+01   2044.973s
2017000 +4.67174753e+07 +4.76616429e+07  9.44e+05   1.63e+02     3.59e+01   2045.975s
2018000 +4.67173585e+07 +4.76615674e+07  9.44e+05   1.62e+02     3.52e+01   2046.977s
2019000 +4.67174337e+07 +4.76614757e+07  9.44e+05   1.62e+02     3.46e+01   2047.979s
2020000 +4.67175324e+07 +4.76613755e+07  9.44e+05   1.62e+02     3.39e+01   2048.981s
2021000 +4.67175757e+07 +4.76612866e+07  9.44e+05   1.61e+02     3.34e+01   2049.983s
2022000 +4.67175711e+07 +4.76612139e+07  9.44e+05   1.61e+02     3.29e+01   2050.985s
2023000 +4.67176070e+07 +4.76611516e+07  9.44e+05   1.60e+02     3.25e+01   2051.985s
2024000 +4.67177898e+07 +4.76611106e+07  9.43e+05   1.60e+02     3.23e+01   2052.987s
2025000 +4.67181986e+07 +4.76610810e+07  9.43e+05   1.59e+02     3.21e+01   2053.989s
2026000 +4.67187242e+07 +4.76610337e+07  9.42e+05   1.59e+02     3.21e+01   2054.989s
2027000 +4.67193121e+07 +4.76609652e+07  9.42e+05   1.58e+02     3.21e+01   2055.990s
2028000 +4.67199517e+07 +4.76608796e+07  9.41e+05   1.57e+02     3.22e+01   2056.990s
2029000 +4.67206073e+07 +4.76607737e+07  9.40e+05   1.57e+02     3.24e+01   2057.991s
2030000 +4.67213849e+07 +4.76606602e+07  9.39e+05   1.56e+02     3.26e+01   2058.991s
2031000 +4.67223069e+07 +4.76605508e+07  9.38e+05   1.55e+02     3.28e+01   2059.992s
2032000 +4.67232382e+07 +4.76604443e+07  9.37e+05   1.54e+02     3.30e+01   2060.993s
2033000 +4.67240776e+07 +4.76603335e+07  9.36e+05   1.54e+02     3.33e+01   2061.995s
2034000 +4.67248615e+07 +4.76602271e+07  9.35e+05   1.53e+02     3.35e+01   2062.997s
2035000 +4.67256939e+07 +4.76601277e+07  9.34e+05   1.52e+02     3.38e+01   2063.999s
2036000 +4.67273415e+07 +4.76600637e+07  9.33e+05   1.52e+02     3.42e+01   2065.001s
2037000 +4.67295737e+07 +4.76600633e+07  9.30e+05   1.51e+02     3.48e+01   2066.002s
2038000 +4.67321966e+07 +4.76600496e+07  9.28e+05   1.49e+02     3.54e+01   2067.003s
2039000 +4.67350378e+07 +4.76600245e+07  9.25e+05   1.48e+02     3.60e+01   2068.005s
2040000 +4.67377098e+07 +4.76599857e+07  9.22e+05   1.47e+02     3.66e+01   2069.006s
2041000 +4.67401600e+07 +4.76599185e+07  9.20e+05   1.46e+02     3.72e+01   2070.007s
2042000 +4.67425753e+07 +4.76598255e+07  9.17e+05   1.44e+02     3.77e+01   2071.008s
2043000 +4.67449745e+07 +4.76597830e+07  9.15e+05   1.43e+02     3.81e+01   2072.009s
2044000 +4.67475989e+07 +4.76597935e+07  9.12e+05   1.42e+02     3.84e+01   2073.009s
2045000 +4.67507432e+07 +4.76598413e+07  9.09e+05   1.41e+02     3.86e+01   2074.008s
2046000 +4.67542490e+07 +4.76599205e+07  9.06e+05   1.40e+02     3.87e+01   2075.009s
2047000 +4.67579176e+07 +4.76600174e+07  9.02e+05   1.39e+02     3.87e+01   2076.010s
2048000 +4.67618408e+07 +4.76600994e+07  8.98e+05   1.39e+02     3.86e+01   2077.010s
2049000 +4.67659654e+07 +4.76601763e+07  8.94e+05   1.38e+02     3.85e+01   2078.011s
2050000 +4.67701470e+07 +4.76602428e+07  8.90e+05   1.37e+02     3.84e+01   2079.011s
2051000 +4.67743577e+07 +4.76603108e+07  8.86e+05   1.37e+02     3.83e+01   2080.011s
2052000 +4.67782583e+07 +4.76604011e+07  8.82e+05   1.36e+02     3.82e+01   2081.012s
2053000 +4.67819146e+07 +4.76605068e+07  8.79e+05   1.36e+02     3.81e+01   2082.013s
2054000 +4.67854898e+07 +4.76606304e+07  8.75e+05   1.35e+02     3.81e+01   2083.014s
2055000 +4.67891520e+07 +4.76607465e+07  8.72e+05   1.35e+02     3.80e+01   2084.017s
2056000 +4.67927769e+07 +4.76608258e+07  8.68e+05   1.34e+02     3.80e+01   2085.020s
2057000 +4.67963945e+07 +4.76608776e+07  8.64e+05   1.34e+02     3.79e+01   2086.022s
2058000 +4.68000417e+07 +4.76609149e+07  8.61e+05   1.34e+02     3.78e+01   2087.024s
2059000 +4.68035048e+07 +4.76609282e+07  8.57e+05   1.34e+02     3.76e+01   2088.025s
2060000 +4.68067760e+07 +4.76609124e+07  8.54e+05   1.33e+02     3.74e+01   2089.027s
2061000 +4.68097900e+07 +4.76608904e+07  8.51e+05   1.33e+02     3.71e+01   2090.028s
2062000 +4.68132834e+07 +4.76608683e+07  8.48e+05   1.33e+02     3.69e+01   2091.029s
2063000 +4.68170811e+07 +4.76608357e+07  8.44e+05   1.33e+02     3.69e+01   2092.029s
2064000 +4.68209183e+07 +4.76608096e+07  8.40e+05   1.32e+02     3.69e+01   2093.030s
2065000 +4.68243726e+07 +4.76607846e+07  8.36e+05   1.31e+02     3.71e+01   2094.030s
2066000 +4.68271627e+07 +4.76607646e+07  8.34e+05   1.30e+02     3.73e+01   2095.030s
2067000 +4.68293641e+07 +4.76607421e+07  8.31e+05   1.29e+02     3.76e+01   2096.031s
2068000 +4.68311170e+07 +4.76607120e+07  8.30e+05   1.28e+02     3.80e+01   2097.031s
2069000 +4.68331346e+07 +4.76606794e+07  8.28e+05   1.27e+02     3.83e+01   2098.032s
2070000 +4.68357409e+07 +4.76606726e+07  8.25e+05   1.25e+02     3.86e+01   2099.033s
2071000 +4.68390445e+07 +4.76607062e+07  8.22e+05   1.24e+02     3.90e+01   2100.036s
2072000 +4.68429062e+07 +4.76607889e+07  8.18e+05   1.22e+02     3.92e+01   2101.038s
2073000 +4.68470983e+07 +4.76609376e+07  8.14e+05   1.21e+02     3.94e+01   2102.040s
2074000 +4.68510962e+07 +4.76611209e+07  8.10e+05   1.20e+02     3.97e+01   2103.041s
2075000 +4.68547117e+07 +4.76612671e+07  8.07e+05   1.18e+02     3.99e+01   2104.044s
2076000 +4.68580544e+07 +4.76613654e+07  8.03e+05   1.17e+02     4.01e+01   2105.045s
2077000 +4.68613303e+07 +4.76614178e+07  8.00e+05   1.16e+02     4.02e+01   2106.046s
2078000 +4.68647810e+07 +4.76614083e+07  7.97e+05   1.14e+02     4.04e+01   2107.048s
2079000 +4.68682815e+07 +4.76613536e+07  7.93e+05   1.13e+02     4.06e+01   2108.049s
2080000 +4.68714568e+07 +4.76613059e+07  7.90e+05   1.12e+02     4.08e+01   2109.050s
2081000 +4.68737647e+07 +4.76613006e+07  7.88e+05   1.10e+02     4.10e+01   2110.050s
2082000 +4.68751438e+07 +4.76613149e+07  7.86e+05   1.09e+02     4.12e+01   2111.050s
2083000 +4.68758048e+07 +4.76613306e+07  7.86e+05   1.08e+02     4.14e+01   2112.052s
2084000 +4.68762705e+07 +4.76613326e+07  7.85e+05   1.06e+02     4.16e+01   2113.052s
2085000 +4.68771462e+07 +4.76613077e+07  7.84e+05   1.05e+02     4.18e+01   2114.053s
2086000 +4.68782193e+07 +4.76612381e+07  7.83e+05   1.04e+02     4.20e+01   2115.055s
2087000 +4.68796668e+07 +4.76611386e+07  7.81e+05   1.02e+02     4.21e+01   2116.058s
2088000 +4.68813024e+07 +4.76610406e+07  7.80e+05   1.01e+02     4.22e+01   2117.060s
2089000 +4.68826469e+07 +4.76609397e+07  7.78e+05   9.99e+01     4.21e+01   2118.062s
2090000 +4.68834739e+07 +4.76608388e+07  7.77e+05   9.88e+01     4.21e+01   2119.063s
2091000 +4.68836021e+07 +4.76607220e+07  7.77e+05   9.77e+01     4.20e+01   2120.065s
2092000 +4.68832972e+07 +4.76606233e+07  7.77e+05   9.66e+01     4.18e+01   2121.067s
2093000 +4.68829742e+07 +4.76605445e+07  7.78e+05   9.56e+01     4.16e+01   2122.068s
2094000 +4.68831241e+07 +4.76604777e+07  7.77e+05   9.46e+01     4.13e+01   2123.069s
2095000 +4.68839980e+07 +4.76604407e+07  7.76e+05   9.35e+01     4.10e+01   2124.070s
2096000 +4.68854477e+07 +4.76604358e+07  7.75e+05   9.24e+01     4.07e+01   2125.071s
2097000 +4.68872349e+07 +4.76604339e+07  7.73e+05   9.13e+01     4.04e+01   2126.072s
2098000 +4.68891114e+07 +4.76604220e+07  7.71e+05   9.02e+01     4.01e+01   2127.074s
2099000 +4.68909204e+07 +4.76604001e+07  7.69e+05   8.91e+01     3.97e+01   2128.076s
2100000 +4.68924919e+07 +4.76603328e+07  7.68e+05   8.80e+01     3.93e+01   2129.079s
2101000 +4.68937024e+07 +4.76602120e+07  7.67e+05   8.70e+01     3.89e+01   2130.081s
2102000 +4.68947227e+07 +4.76600622e+07  7.65e+05   8.59e+01     3.84e+01   2131.083s
2103000 +4.68956584e+07 +4.76599094e+07  7.64e+05   8.49e+01     3.79e+01   2132.085s
2104000 +4.68964083e+07 +4.76597642e+07  7.63e+05   8.40e+01     3.74e+01   2133.087s
2105000 +4.68968068e+07 +4.76596455e+07  7.63e+05   8.31e+01     3.68e+01   2134.088s
2106000 +4.68967863e+07 +4.76595934e+07  7.63e+05   8.24e+01     3.61e+01   2135.089s
2107000 +4.68964190e+07 +4.76596196e+07  7.63e+05   8.17e+01     3.54e+01   2136.089s
2108000 +4.68959931e+07 +4.76596991e+07  7.64e+05   8.11e+01     3.46e+01   2137.090s
2109000 +4.68957649e+07 +4.76598047e+07  7.64e+05   8.06e+01     3.38e+01   2138.091s
2110000 +4.68959817e+07 +4.76599314e+07  7.64e+05   8.02e+01     3.29e+01   2139.091s
2111000 +4.68964937e+07 +4.76600404e+07  7.64e+05   7.98e+01     3.20e+01   2140.092s
2112000 +4.68969175e+07 +4.76601265e+07  7.63e+05   7.95e+01     3.11e+01   2141.093s
2113000 +4.68970656e+07 +4.76601940e+07  7.63e+05   7.92e+01     3.01e+01   2142.096s
2114000 +4.68968783e+07 +4.76602580e+07  7.63e+05   7.90e+01     2.92e+01   2143.098s
2115000 +4.68965281e+07 +4.76603205e+07  7.64e+05   7.87e+01     2.84e+01   2144.100s
2116000 +4.68959828e+07 +4.76604027e+07  7.64e+05   7.85e+01     2.76e+01   2145.102s
2117000 +4.68955159e+07 +4.76605001e+07  7.65e+05   7.84e+01     2.68e+01   2146.103s
2118000 +4.68953328e+07 +4.76605899e+07  7.65e+05   7.82e+01     2.59e+01   2147.105s
2119000 +4.68955863e+07 +4.76606557e+07  7.65e+05   7.81e+01     2.51e+01   2148.106s
2120000 +4.68963612e+07 +4.76606912e+07  7.64e+05   7.80e+01     2.42e+01   2149.108s
2121000 +4.68975362e+07 +4.76606858e+07  7.63e+05   7.79e+01     2.33e+01   2150.109s
2122000 +4.68986800e+07 +4.76606304e+07  7.62e+05   7.79e+01     2.24e+01   2151.110s
2123000 +4.68993452e+07 +4.76605368e+07  7.61e+05   7.80e+01     2.14e+01   2152.110s
2124000 +4.68993760e+07 +4.76604222e+07  7.61e+05   7.81e+01     2.03e+01   2153.111s
2125000 +4.68987525e+07 +4.76602779e+07  7.62e+05   7.82e+01     1.92e+01   2154.111s
2126000 +4.68978317e+07 +4.76601017e+07  7.62e+05   7.83e+01     1.81e+01   2155.111s
2127000 +4.68968962e+07 +4.76599138e+07  7.63e+05   7.84e+01     1.71e+01   2156.111s
2128000 +4.68960995e+07 +4.76597365e+07  7.64e+05   7.84e+01     1.60e+01   2157.112s
2129000 +4.68953347e+07 +4.76596043e+07  7.64e+05   7.83e+01     1.50e+01   2158.113s
2130000 +4.68944132e+07 +4.76595169e+07  7.65e+05   7.83e+01     1.41e+01   2159.116s
2131000 +4.68933680e+07 +4.76594526e+07  7.66e+05   7.81e+01     1.32e+01   2160.119s
2132000 +4.68922116e+07 +4.76593892e+07  7.67e+05   7.80e+01     1.24e+01   2161.121s
2133000 +4.68913657e+07 +4.76593093e+07  7.68e+05   7.78e+01     1.16e+01   2162.123s
2134000 +4.68907605e+07 +4.76592138e+07  7.68e+05   7.77e+01     1.09e+01   2163.125s
2135000 +4.68904273e+07 +4.76591088e+07  7.69e+05   7.75e+01     1.01e+01   2164.126s
2136000 +4.68902918e+07 +4.76590029e+07  7.69e+05   7.73e+01     9.38e+00   2165.128s
2137000 +4.68901360e+07 +4.76589033e+07  7.69e+05   7.72e+01     8.65e+00   2166.129s
2138000 +4.68898545e+07 +4.76588299e+07  7.69e+05   7.71e+01     7.93e+00   2167.130s
2139000 +4.68891968e+07 +4.76587854e+07  7.70e+05   7.70e+01     7.18e+00   2168.131s
2140000 +4.68882713e+07 +4.76587706e+07  7.70e+05   7.70e+01     6.41e+00   2169.131s
2141000 +4.68872329e+07 +4.76587832e+07  7.72e+05   7.70e+01     5.63e+00   2170.132s
2142000 +4.68863643e+07 +4.76587993e+07  7.72e+05   7.70e+01     4.88e+00   2171.134s
2143000 +4.68857942e+07 +4.76588231e+07  7.73e+05   7.70e+01     4.25e+00   2172.136s
2144000 +4.68853551e+07 +4.76588390e+07  7.73e+05   7.69e+01     3.87e+00   2173.138s
2145000 +4.68848080e+07 +4.76588494e+07  7.74e+05   7.69e+01     3.76e+00   2174.141s
2146000 +4.68840281e+07 +4.76588275e+07  7.75e+05   7.69e+01     3.85e+00   2175.143s
2147000 +4.68839365e+07 +4.76587782e+07  7.75e+05   7.68e+01     4.41e+00   2176.145s
2148000 +4.68840625e+07 +4.76587202e+07  7.75e+05   7.68e+01     5.03e+00   2177.147s
2149000 +4.68841088e+07 +4.76586529e+07  7.75e+05   7.68e+01     5.58e+00   2178.149s
2150000 +4.68840465e+07 +4.76585728e+07  7.75e+05   7.67e+01     6.09e+00   2179.150s
2151000 +4.68838820e+07 +4.76584868e+07  7.75e+05   7.67e+01     6.55e+00   2180.151s
2152000 +4.68836546e+07 +4.76584025e+07  7.75e+05   7.67e+01     6.93e+00   2181.151s
2153000 +4.68833929e+07 +4.76583291e+07  7.75e+05   7.66e+01     7.23e+00   2182.151s
2154000 +4.68831274e+07 +4.76582751e+07  7.75e+05   7.66e+01     7.42e+00   2183.152s
2155000 +4.68828919e+07 +4.76582447e+07  7.75e+05   7.66e+01     7.53e+00   2184.153s
2156000 +4.68827191e+07 +4.76582385e+07  7.76e+05   7.66e+01     7.56e+00   2185.155s
2157000 +4.68826401e+07 +4.76582540e+07  7.76e+05   7.66e+01     7.53e+00   2186.158s
2158000 +4.68826665e+07 +4.76582878e+07  7.76e+05   7.66e+01     7.46e+00   2187.160s
2159000 +4.68827951e+07 +4.76583354e+07  7.76e+05   7.65e+01     7.36e+00   2188.162s
2160000 +4.68830073e+07 +4.76583890e+07  7.75e+05   7.65e+01     7.27e+00   2189.164s
2161000 +4.68832860e+07 +4.76584422e+07  7.75e+05   7.65e+01     7.18e+00   2190.166s
2162000 +4.68836192e+07 +4.76584919e+07  7.75e+05   7.65e+01     7.12e+00   2191.167s
2163000 +4.68840006e+07 +4.76585368e+07  7.75e+05   7.65e+01     7.08e+00   2192.168s
2164000 +4.68844197e+07 +4.76585744e+07  7.74e+05   7.65e+01     7.06e+00   2193.169s
2165000 +4.68848623e+07 +4.76586037e+07  7.74e+05   7.65e+01     7.04e+00   2194.170s
2166000 +4.68853148e+07 +4.76586262e+07  7.73e+05   7.65e+01     7.03e+00   2195.170s
2167000 +4.68857625e+07 +4.76586441e+07  7.73e+05   7.64e+01     7.02e+00   2196.171s
2168000 +4.68861946e+07 +4.76586578e+07  7.72e+05   7.64e+01     6.99e+00   2197.172s
2169000 +4.68866033e+07 +4.76586670e+07  7.72e+05   7.64e+01     6.96e+00   2198.172s
2170000 +4.68869868e+07 +4.76586717e+07  7.72e+05   7.64e+01     6.91e+00   2199.173s
2171000 +4.68873432e+07 +4.76586719e+07  7.71e+05   7.64e+01     6.86e+00   2200.176s
2172000 +4.68876695e+07 +4.76586693e+07  7.71e+05   7.64e+01     6.79e+00   2201.179s
2173000 +4.68879709e+07 +4.76586666e+07  7.71e+05   7.64e+01     6.73e+00   2202.181s
2174000 +4.68882510e+07 +4.76586669e+07  7.70e+05   7.64e+01     6.66e+00   2203.183s
2175000 +4.68885124e+07 +4.76586728e+07  7.70e+05   7.64e+01     6.58e+00   2204.185s
2176000 +4.68887571e+07 +4.76586858e+07  7.70e+05   7.64e+01     6.51e+00   2205.186s
2177000 +4.68889899e+07 +4.76587067e+07  7.70e+05   7.64e+01     6.43e+00   2206.187s
2178000 +4.68892186e+07 +4.76587356e+07  7.70e+05   7.64e+01     6.35e+00   2207.188s
2179000 +4.68894546e+07 +4.76587717e+07  7.69e+05   7.64e+01     6.27e+00   2208.189s
2180000 +4.68897105e+07 +4.76588139e+07  7.69e+05   7.64e+01     6.19e+00   2209.189s
2181000 +4.68899944e+07 +4.76588603e+07  7.69e+05   7.64e+01     6.11e+00   2210.190s
2182000 +4.68903076e+07 +4.76589089e+07  7.69e+05   7.64e+01     6.03e+00   2211.191s
2183000 +4.68906464e+07 +4.76589578e+07  7.68e+05   7.64e+01     5.95e+00   2212.191s
2184000 +4.68910051e+07 +4.76590059e+07  7.68e+05   7.64e+01     5.87e+00   2213.191s
2185000 +4.68913803e+07 +4.76590519e+07  7.68e+05   7.64e+01     5.79e+00   2214.192s
2186000 +4.68917675e+07 +4.76590934e+07  7.67e+05   7.63e+01     5.71e+00   2215.192s
2187000 +4.68921597e+07 +4.76591289e+07  7.67e+05   7.63e+01     5.64e+00   2216.194s
2188000 +4.68925513e+07 +4.76591590e+07  7.67e+05   7.63e+01     5.57e+00   2217.195s
2189000 +4.68929379e+07 +4.76591846e+07  7.66e+05   7.63e+01     5.50e+00   2218.198s
2190000 +4.68933136e+07 +4.76592066e+07  7.66e+05   7.63e+01     5.43e+00   2219.200s
2191000 +4.68936721e+07 +4.76592256e+07  7.66e+05   7.63e+01     5.37e+00   2220.201s
2192000 +4.68940085e+07 +4.76592427e+07  7.65e+05   7.63e+01     5.31e+00   2221.204s
2193000 +4.68943186e+07 +4.76592584e+07  7.65e+05   7.63e+01     5.26e+00   2222.205s
2194000 +4.68946026e+07 +4.76592724e+07  7.65e+05   7.63e+01     5.21e+00   2223.206s
2195000 +4.68948647e+07 +4.76592849e+07  7.64e+05   7.63e+01     5.15e+00   2224.207s
2196000 +4.68951125e+07 +4.76592962e+07  7.64e+05   7.63e+01     5.10e+00   2225.208s
2197000 +4.68953504e+07 +4.76593064e+07  7.64e+05   7.63e+01     5.04e+00   2226.209s
2198000 +4.68955808e+07 +4.76593163e+07  7.64e+05   7.63e+01     4.97e+00   2227.209s
2199000 +4.68958055e+07 +4.76593267e+07  7.64e+05   7.63e+01     4.90e+00   2228.210s
2200000 +4.68960264e+07 +4.76593380e+07  7.63e+05   7.63e+01     4.83e+00   2229.210s
2201000 +4.68962455e+07 +4.76593505e+07  7.63e+05   7.63e+01     4.75e+00   2230.210s
2202000 +4.68964626e+07 +4.76593644e+07  7.63e+05   7.63e+01     4.67e+00   2231.210s
2203000 +4.68966775e+07 +4.76593796e+07  7.63e+05   7.63e+01     4.60e+00   2232.211s
2204000 +4.68968919e+07 +4.76593958e+07  7.63e+05   7.63e+01     4.52e+00   2233.211s
2205000 +4.68971104e+07 +4.76594125e+07  7.62e+05   7.63e+01     4.45e+00   2234.212s
2206000 +4.68973356e+07 +4.76594281e+07  7.62e+05   7.63e+01     4.38e+00   2235.212s
2207000 +4.68975672e+07 +4.76594411e+07  7.62e+05   7.63e+01     4.31e+00   2236.211s
2208000 +4.68977980e+07 +4.76594505e+07  7.62e+05   7.63e+01     4.25e+00   2237.211s
2209000 +4.68980198e+07 +4.76594557e+07  7.61e+05   7.63e+01     4.18e+00   2238.211s
2210000 +4.68982266e+07 +4.76594569e+07  7.61e+05   7.63e+01     4.11e+00   2239.211s
2211000 +4.68984120e+07 +4.76594546e+07  7.61e+05   7.63e+01     4.05e+00   2240.211s
2212000 +4.68985725e+07 +4.76594492e+07  7.61e+05   7.63e+01     3.98e+00   2241.211s
2213000 +4.68987053e+07 +4.76594418e+07  7.61e+05   7.63e+01     3.92e+00   2242.211s
2214000 +4.68988888e+07 +4.76594340e+07  7.61e+05   7.63e+01     3.94e+00   2243.211s
2215000 +4.68991112e+07 +4.76594258e+07  7.60e+05   7.63e+01     4.06e+00   2244.212s
2216000 +4.68993429e+07 +4.76594235e+07  7.60e+05   7.63e+01     4.27e+00   2245.212s
2217000 +4.68995467e+07 +4.76594407e+07  7.60e+05   7.62e+01     4.55e+00   2246.213s
2218000 +4.68997017e+07 +4.76594804e+07  7.60e+05   7.62e+01     4.89e+00   2247.215s
2219000 +4.68997931e+07 +4.76595403e+07  7.60e+05   7.62e+01     5.28e+00   2248.217s
2220000 +4.68998621e+07 +4.76596105e+07  7.60e+05   7.61e+01     5.72e+00   2249.220s
2221000 +4.68999273e+07 +4.76596860e+07  7.60e+05   7.61e+01     6.19e+00   2250.223s
2222000 +4.68999637e+07 +4.76597629e+07  7.60e+05   7.60e+01     6.70e+00   2251.225s
2223000 +4.68999583e+07 +4.76598396e+07  7.60e+05   7.60e+01     7.21e+00   2252.227s
2224000 +4.68999015e+07 +4.76599082e+07  7.60e+05   7.59e+01     7.74e+00   2253.228s
2225000 +4.68998523e+07 +4.76599733e+07  7.60e+05   7.59e+01     8.28e+00   2254.230s
2226000 +4.68998348e+07 +4.76600375e+07  7.60e+05   7.58e+01     8.83e+00   2255.231s
2227000 +4.68998241e+07 +4.76600946e+07  7.60e+05   7.57e+01     9.39e+00   2256.232s
2228000 +4.68998509e+07 +4.76601422e+07  7.60e+05   7.56e+01     9.95e+00   2257.234s
2229000 +4.68999074e+07 +4.76601837e+07  7.60e+05   7.55e+01     1.05e+01   2258.236s
2230000 +4.69000033e+07 +4.76602196e+07  7.60e+05   7.55e+01     1.11e+01   2259.239s
2231000 +4.69001135e+07 +4.76602552e+07  7.60e+05   7.54e+01     1.16e+01   2260.241s
2232000 +4.69001875e+07 +4.76602957e+07  7.60e+05   7.53e+01     1.22e+01   2261.243s
2233000 +4.69002231e+07 +4.76603417e+07  7.60e+05   7.52e+01     1.28e+01   2262.245s
2234000 +4.69002436e+07 +4.76603897e+07  7.60e+05   7.51e+01     1.34e+01   2263.246s
2235000 +4.69002700e+07 +4.76604424e+07  7.60e+05   7.49e+01     1.39e+01   2264.248s
2236000 +4.69002811e+07 +4.76604904e+07  7.60e+05   7.48e+01     1.45e+01   2265.249s
2237000 +4.69002784e+07 +4.76605326e+07  7.60e+05   7.47e+01     1.50e+01   2266.250s
2238000 +4.69002453e+07 +4.76605755e+07  7.60e+05   7.46e+01     1.56e+01   2267.250s
2239000 +4.69001867e+07 +4.76606341e+07  7.60e+05   7.45e+01     1.62e+01   2268.251s
2240000 +4.69001319e+07 +4.76607061e+07  7.61e+05   7.43e+01     1.67e+01   2269.252s
2241000 +4.69001050e+07 +4.76607841e+07  7.61e+05   7.42e+01     1.73e+01   2270.252s
2242000 +4.69000831e+07 +4.76608601e+07  7.61e+05   7.40e+01     1.78e+01   2271.254s
2243000 +4.69000782e+07 +4.76609279e+07  7.61e+05   7.39e+01     1.83e+01   2272.255s
2244000 +4.69000735e+07 +4.76609842e+07  7.61e+05   7.38e+01     1.89e+01   2273.258s
2245000 +4.69000659e+07 +4.76610317e+07  7.61e+05   7.36e+01     1.94e+01   2274.260s
2246000 +4.69000741e+07 +4.76610801e+07  7.61e+05   7.35e+01     1.99e+01   2275.262s
2247000 +4.69000911e+07 +4.76611301e+07  7.61e+05   7.33e+01     2.04e+01   2276.264s
2248000 +4.69001176e+07 +4.76611831e+07  7.61e+05   7.32e+01     2.10e+01   2277.266s
2249000 +4.69001450e+07 +4.76612421e+07  7.61e+05   7.30e+01     2.15e+01   2278.268s
2250000 +4.69001745e+07 +4.76612973e+07  7.61e+05   7.28e+01     2.20e+01   2279.269s
2251000 +4.69002376e+07 +4.76613397e+07  7.61e+05   7.27e+01     2.25e+01   2280.270s
2252000 +4.69003151e+07 +4.76613741e+07  7.61e+05   7.25e+01     2.29e+01   2281.270s
2253000 +4.69003941e+07 +4.76614093e+07  7.61e+05   7.23e+01     2.34e+01   2282.271s
2254000 +4.69004590e+07 +4.76614461e+07  7.61e+05   7.22e+01     2.39e+01   2283.271s
2255000 +4.69005055e+07 +4.76614815e+07  7.61e+05   7.20e+01     2.44e+01   2284.271s
2256000 +4.69005549e+07 +4.76615155e+07  7.61e+05   7.18e+01     2.48e+01   2285.272s
2257000 +4.69006078e+07 +4.76615496e+07  7.61e+05   7.16e+01     2.53e+01   2286.271s
2258000 +4.69006956e+07 +4.76615848e+07  7.61e+05   7.15e+01     2.57e+01   2287.271s
2259000 +4.69008138e+07 +4.76616197e+07  7.61e+05   7.13e+01     2.62e+01   2288.272s
2260000 +4.69009531e+07 +4.76616514e+07  7.61e+05   7.11e+01     2.66e+01   2289.272s
2261000 +4.69011009e+07 +4.76616851e+07  7.61e+05   7.09e+01     2.70e+01   2290.274s
2262000 +4.69012400e+07 +4.76617268e+07  7.60e+05   7.07e+01     2.74e+01   2291.276s
2263000 +4.69013700e+07 +4.76617713e+07  7.60e+05   7.06e+01     2.79e+01   2292.279s
2264000 +4.69014930e+07 +4.76618174e+07  7.60e+05   7.04e+01     2.83e+01   2293.281s
2265000 +4.69016012e+07 +4.76618633e+07  7.60e+05   7.02e+01     2.87e+01   2294.283s
2266000 +4.69017096e+07 +4.76619076e+07  7.60e+05   7.00e+01     2.90e+01   2295.285s
2267000 +4.69018219e+07 +4.76619552e+07  7.60e+05   6.98e+01     2.94e+01   2296.287s
2268000 +4.69019474e+07 +4.76619984e+07  7.60e+05   6.96e+01     2.98e+01   2297.288s
2269000 +4.69020876e+07 +4.76620373e+07  7.60e+05   6.94e+01     3.02e+01   2298.289s
2270000 +4.69022466e+07 +4.76620736e+07  7.60e+05   6.92e+01     3.05e+01   2299.290s
2271000 +4.69024224e+07 +4.76621050e+07  7.60e+05   6.91e+01     3.09e+01   2300.291s
2272000 +4.69026227e+07 +4.76621220e+07  7.59e+05   6.89e+01     3.12e+01   2301.291s
2273000 +4.69028408e+07 +4.76621268e+07  7.59e+05   6.87e+01     3.15e+01   2302.292s
2274000 +4.69030699e+07 +4.76621278e+07  7.59e+05   6.85e+01     3.18e+01   2303.293s
2275000 +4.69033148e+07 +4.76621323e+07  7.59e+05   6.83e+01     3.22e+01   2304.295s
2276000 +4.69035849e+07 +4.76621462e+07  7.59e+05   6.81e+01     3.25e+01   2305.297s
2277000 +4.69038669e+07 +4.76621685e+07  7.58e+05   6.79e+01     3.28e+01   2306.299s
2278000 +4.69041408e+07 +4.76621926e+07  7.58e+05   6.78e+01     3.31e+01   2307.301s
2279000 +4.69043930e+07 +4.76622201e+07  7.58e+05   6.76e+01     3.33e+01   2308.302s
2280000 +4.69046065e+07 +4.76622516e+07  7.58e+05   6.74e+01     3.36e+01   2309.304s
2281000 +4.69048051e+07 +4.76622856e+07  7.57e+05   6.72e+01     3.39e+01   2310.305s
2282000 +4.69050145e+07 +4.76623237e+07  7.57e+05   6.70e+01     3.41e+01   2311.306s
2283000 +4.69052243e+07 +4.76623666e+07  7.57e+05   6.68e+01     3.44e+01   2312.307s
2284000 +4.69054465e+07 +4.76624102e+07  7.57e+05   6.67e+01     3.46e+01   2313.309s
2285000 +4.69056728e+07 +4.76624497e+07  7.57e+05   6.65e+01     3.48e+01   2314.310s
2286000 +4.69059172e+07 +4.76624813e+07  7.57e+05   6.63e+01     3.50e+01   2315.310s
2287000 +4.69061691e+07 +4.76625069e+07  7.56e+05   6.61e+01     3.53e+01   2316.311s
2288000 +4.69064259e+07 +4.76625269e+07  7.56e+05   6.60e+01     3.55e+01   2317.311s
2289000 +4.69066959e+07 +4.76625441e+07  7.56e+05   6.58e+01     3.57e+01   2318.312s
2290000 +4.69069715e+07 +4.76625611e+07  7.56e+05   6.56e+01     3.58e+01   2319.312s
2291000 +4.69072437e+07 +4.76625776e+07  7.55e+05   6.54e+01     3.60e+01   2320.312s
2292000 +4.69075108e+07 +4.76625956e+07  7.55e+05   6.53e+01     3.62e+01   2321.313s
2293000 +4.69077646e+07 +4.76626147e+07  7.55e+05   6.51e+01     3.63e+01   2322.314s
2294000 +4.69080031e+07 +4.76626379e+07  7.55e+05   6.49e+01     3.65e+01   2323.317s
2295000 +4.69082493e+07 +4.76626627e+07  7.54e+05   6.48e+01     3.66e+01   2324.320s
2296000 +4.69085101e+07 +4.76626879e+07  7.54e+05   6.46e+01     3.68e+01   2325.322s
2297000 +4.69087875e+07 +4.76627135e+07  7.54e+05   6.45e+01     3.69e+01   2326.324s
2298000 +4.69090780e+07 +4.76627368e+07  7.54e+05   6.43e+01     3.70e+01   2327.326s
2299000 +4.69093853e+07 +4.76627593e+07  7.53e+05   6.42e+01     3.71e+01   2328.327s
2300000 +4.69096922e+07 +4.76627814e+07  7.53e+05   6.40e+01     3.72e+01   2329.329s
2301000 +4.69099725e+07 +4.76628010e+07  7.53e+05   6.39e+01     3.73e+01   2330.330s
2302000 +4.69102370e+07 +4.76628247e+07  7.53e+05   6.37e+01     3.74e+01   2331.331s
2303000 +4.69104826e+07 +4.76628533e+07  7.52e+05   6.36e+01     3.74e+01   2332.332s
2304000 +4.69107120e+07 +4.76628775e+07  7.52e+05   6.34e+01     3.75e+01   2333.333s
2305000 +4.69109139e+07 +4.76628973e+07  7.52e+05   6.33e+01     3.76e+01   2334.334s
2306000 +4.69110917e+07 +4.76629117e+07  7.52e+05   6.32e+01     3.76e+01   2335.337s
2307000 +4.69112481e+07 +4.76629247e+07  7.52e+05   6.30e+01     3.77e+01   2336.339s
2308000 +4.69114017e+07 +4.76629343e+07  7.52e+05   6.29e+01     3.77e+01   2337.341s
2309000 +4.69115802e+07 +4.76629392e+07  7.51e+05   6.28e+01     3.77e+01   2338.344s
2310000 +4.69117898e+07 +4.76629434e+07  7.51e+05   6.27e+01     3.77e+01   2339.346s
2311000 +4.69120261e+07 +4.76629509e+07  7.51e+05   6.25e+01     3.77e+01   2340.347s
2312000 +4.69122891e+07 +4.76629607e+07  7.51e+05   6.24e+01     3.77e+01   2341.349s
2313000 +4.69125744e+07 +4.76629696e+07  7.50e+05   6.23e+01     3.77e+01   2342.350s
2314000 +4.69128785e+07 +4.76629808e+07  7.50e+05   6.22e+01     3.77e+01   2343.350s
2315000 +4.69132003e+07 +4.76629911e+07  7.50e+05   6.21e+01     3.77e+01   2344.351s
2316000 +4.69135152e+07 +4.76629966e+07  7.49e+05   6.20e+01     3.76e+01   2345.352s
2317000 +4.69138095e+07 +4.76629996e+07  7.49e+05   6.19e+01     3.76e+01   2346.352s
2318000 +4.69140876e+07 +4.76630019e+07  7.49e+05   6.18e+01     3.76e+01   2347.354s
2319000 +4.69143518e+07 +4.76630036e+07  7.49e+05   6.17e+01     3.75e+01   2348.355s
2320000 +4.69145882e+07 +4.76630030e+07  7.48e+05   6.16e+01     3.74e+01   2349.358s
2321000 +4.69147923e+07 +4.76629989e+07  7.48e+05   6.15e+01     3.74e+01   2350.361s
2322000 +4.69149771e+07 +4.76629938e+07  7.48e+05   6.14e+01     3.73e+01   2351.363s
2323000 +4.69151538e+07 +4.76629911e+07  7.48e+05   6.13e+01     3.72e+01   2352.365s
2324000 +4.69153338e+07 +4.76629906e+07  7.48e+05   6.13e+01     3.71e+01   2353.367s
2325000 +4.69155173e+07 +4.76629942e+07  7.47e+05   6.12e+01     3.70e+01   2354.369s
2326000 +4.69156926e+07 +4.76629959e+07  7.47e+05   6.11e+01     3.69e+01   2355.370s
2327000 +4.69158534e+07 +4.76629969e+07  7.47e+05   6.10e+01     3.68e+01   2356.371s
2328000 +4.69160032e+07 +4.76629974e+07  7.47e+05   6.09e+01     3.66e+01   2357.372s
2329000 +4.69161524e+07 +4.76629996e+07  7.47e+05   6.09e+01     3.65e+01   2358.373s
2330000 +4.69163285e+07 +4.76630024e+07  7.47e+05   6.08e+01     3.64e+01   2359.374s
2331000 +4.69165025e+07 +4.76630038e+07  7.47e+05   6.07e+01     3.62e+01   2360.375s
2332000 +4.69166997e+07 +4.76630019e+07  7.46e+05   6.07e+01     3.61e+01   2361.377s
2333000 +4.69169079e+07 +4.76629945e+07  7.46e+05   6.06e+01     3.59e+01   2362.380s
2334000 +4.69171201e+07 +4.76629809e+07  7.46e+05   6.06e+01     3.58e+01   2363.382s
2335000 +4.69173214e+07 +4.76629693e+07  7.46e+05   6.05e+01     3.56e+01   2364.384s
2336000 +4.69175391e+07 +4.76629595e+07  7.45e+05   6.05e+01     3.54e+01   2365.386s
2337000 +4.69177570e+07 +4.76629531e+07  7.45e+05   6.04e+01     3.52e+01   2366.388s
2338000 +4.69179638e+07 +4.76629512e+07  7.45e+05   6.04e+01     3.50e+01   2367.389s
2339000 +4.69181373e+07 +4.76629527e+07  7.45e+05   6.03e+01     3.48e+01   2368.390s
2340000 +4.69182822e+07 +4.76629573e+07  7.45e+05   6.03e+01     3.46e+01   2369.392s
2341000 +4.69184113e+07 +4.76629595e+07  7.45e+05   6.03e+01     3.44e+01   2370.392s
2342000 +4.69185363e+07 +4.76629554e+07  7.44e+05   6.02e+01     3.42e+01   2371.392s
2343000 +4.69186583e+07 +4.76629476e+07  7.44e+05   6.02e+01     3.40e+01   2372.392s
2344000 +4.69187690e+07 +4.76629374e+07  7.44e+05   6.02e+01     3.38e+01   2373.392s
2345000 +4.69188765e+07 +4.76629230e+07  7.44e+05   6.01e+01     3.35e+01   2374.392s
2346000 +4.69189867e+07 +4.76629047e+07  7.44e+05   6.01e+01     3.33e+01   2375.392s
2347000 +4.69190926e+07 +4.76628853e+07  7.44e+05   6.01e+01     3.31e+01   2376.393s
2348000 +4.69191789e+07 +4.76628669e+07  7.44e+05   6.00e+01     3.28e+01   2377.393s
2349000 +4.69192543e+07 +4.76628498e+07  7.44e+05   6.00e+01     3.26e+01   2378.394s
2350000 +4.69193348e+07 +4.76628371e+07  7.44e+05   6.00e+01     3.23e+01   2379.395s
2351000 +4.69194186e+07 +4.76628255e+07  7.43e+05   6.00e+01     3.21e+01   2380.398s
2352000 +4.69195220e+07 +4.76628146e+07  7.43e+05   6.00e+01     3.18e+01   2381.399s
2353000 +4.69196442e+07 +4.76628012e+07  7.43e+05   6.00e+01     3.15e+01   2382.402s
2354000 +4.69197787e+07 +4.76627830e+07  7.43e+05   5.99e+01     3.12e+01   2383.404s
2355000 +4.69199120e+07 +4.76627681e+07  7.43e+05   5.99e+01     3.10e+01   2384.406s
2356000 +4.69200441e+07 +4.76627553e+07  7.43e+05   5.99e+01     3.07e+01   2385.407s
2357000 +4.69201837e+07 +4.76627416e+07  7.43e+05   5.99e+01     3.04e+01   2386.409s
2358000 +4.69203094e+07 +4.76627262e+07  7.42e+05   5.99e+01     3.01e+01   2387.410s
2359000 +4.69204416e+07 +4.76627092e+07  7.42e+05   5.99e+01     2.98e+01   2388.411s
2360000 +4.69205629e+07 +4.76626942e+07  7.42e+05   5.99e+01     2.95e+01   2389.411s
2361000 +4.69206710e+07 +4.76626782e+07  7.42e+05   5.99e+01     2.92e+01   2390.412s
2362000 +4.69207450e+07 +4.76626605e+07  7.42e+05   5.99e+01     2.89e+01   2391.413s
2363000 +4.69207839e+07 +4.76626397e+07  7.42e+05   5.99e+01     2.86e+01   2392.413s
2364000 +4.69208100e+07 +4.76626178e+07  7.42e+05   5.99e+01     2.83e+01   2393.414s
2365000 +4.69208332e+07 +4.76625933e+07  7.42e+05   5.99e+01     2.80e+01   2394.417s
2366000 +4.69208542e+07 +4.76625652e+07  7.42e+05   5.99e+01     2.76e+01   2395.419s
2367000 +4.69208850e+07 +4.76625366e+07  7.42e+05   5.99e+01     2.73e+01   2396.421s
2368000 +4.69209240e+07 +4.76625113e+07  7.42e+05   5.99e+01     2.70e+01   2397.424s
2369000 +4.69209717e+07 +4.76624851e+07  7.42e+05   5.99e+01     2.67e+01   2398.425s
2370000 +4.69210225e+07 +4.76624573e+07  7.41e+05   5.99e+01     2.63e+01   2399.428s
2371000 +4.69210879e+07 +4.76624309e+07  7.41e+05   5.99e+01     2.60e+01   2400.429s
2372000 +4.69211698e+07 +4.76624086e+07  7.41e+05   5.99e+01     2.57e+01   2401.431s
2373000 +4.69212823e+07 +4.76623903e+07  7.41e+05   5.99e+01     2.53e+01   2402.431s
2374000 +4.69214181e+07 +4.76623735e+07  7.41e+05   5.99e+01     2.50e+01   2403.433s
2375000 +4.69215467e+07 +4.76623605e+07  7.41e+05   5.99e+01     2.47e+01   2404.433s
2376000 +4.69216558e+07 +4.76623487e+07  7.41e+05   5.99e+01     2.43e+01   2405.433s
2377000 +4.69217595e+07 +4.76623346e+07  7.41e+05   5.99e+01     2.40e+01   2406.434s
2378000 +4.69218618e+07 +4.76623175e+07  7.40e+05   5.99e+01     2.36e+01   2407.436s
2379000 +4.69219661e+07 +4.76622946e+07  7.40e+05   5.99e+01     2.33e+01   2408.439s
2380000 +4.69220622e+07 +4.76622681e+07  7.40e+05   5.99e+01     2.29e+01   2409.441s
2381000 +4.69221546e+07 +4.76622407e+07  7.40e+05   5.99e+01     2.26e+01   2410.444s
2382000 +4.69222390e+07 +4.76622143e+07  7.40e+05   5.99e+01     2.22e+01   2411.445s
2383000 +4.69223034e+07 +4.76621901e+07  7.40e+05   5.99e+01     2.19e+01   2412.447s
2384000 +4.69223585e+07 +4.76621675e+07  7.40e+05   5.99e+01     2.15e+01   2413.448s
2385000 +4.69224069e+07 +4.76621463e+07  7.40e+05   6.00e+01     2.12e+01   2414.449s
2386000 +4.69224644e+07 +4.76621256e+07  7.40e+05   6.00e+01     2.08e+01   2415.450s
2387000 +4.69225351e+07 +4.76621014e+07  7.40e+05   6.00e+01     2.05e+01   2416.451s
2388000 +4.69226134e+07 +4.76620740e+07  7.39e+05   6.00e+01     2.01e+01   2417.452s
2389000 +4.69226956e+07 +4.76620476e+07  7.39e+05   6.00e+01     1.98e+01   2418.452s
2390000 +4.69227753e+07 +4.76620207e+07  7.39e+05   6.00e+01     1.94e+01   2419.453s
2391000 +4.69228481e+07 +4.76619920e+07  7.39e+05   6.00e+01     1.91e+01   2420.453s
2392000 +4.69229128e+07 +4.76619679e+07  7.39e+05   6.00e+01     1.87e+01   2421.453s
2393000 +4.69229716e+07 +4.76619505e+07  7.39e+05   6.00e+01     1.84e+01   2422.453s
2394000 +4.69230404e+07 +4.76619348e+07  7.39e+05   6.00e+01     1.80e+01   2423.453s
2395000 +4.69231119e+07 +4.76619211e+07  7.39e+05   6.00e+01     1.77e+01   2424.453s
2396000 +4.69231891e+07 +4.76619088e+07  7.39e+05   6.00e+01     1.73e+01   2425.454s
2397000 +4.69232779e+07 +4.76618953e+07  7.39e+05   6.00e+01     1.69e+01   2426.455s
2398000 +4.69233723e+07 +4.76618819e+07  7.39e+05   6.00e+01     1.66e+01   2427.456s
2399000 +4.69234597e+07 +4.76618668e+07  7.38e+05   6.00e+01     1.62e+01   2428.459s
2400000 +4.69235309e+07 +4.76618505e+07  7.38e+05   6.00e+01     1.59e+01   2429.461s
2401000 +4.69235963e+07 +4.76618303e+07  7.38e+05   6.00e+01     1.55e+01   2430.463s
2402000 +4.69236474e+07 +4.76618082e+07  7.38e+05   6.00e+01     1.52e+01   2431.465s
2403000 +4.69236828e+07 +4.76617845e+07  7.38e+05   6.00e+01     1.49e+01   2432.466s
2404000 +4.69236976e+07 +4.76617597e+07  7.38e+05   6.00e+01     1.45e+01   2433.468s
2405000 +4.69236965e+07 +4.76617354e+07  7.38e+05   6.00e+01     1.42e+01   2434.469s
2406000 +4.69236831e+07 +4.76617113e+07  7.38e+05   6.00e+01     1.38e+01   2435.470s
2407000 +4.69236695e+07 +4.76616880e+07  7.38e+05   6.00e+01     1.35e+01   2436.471s
2408000 +4.69236604e+07 +4.76616661e+07  7.38e+05   6.00e+01     1.32e+01   2437.471s
2409000 +4.69236629e+07 +4.76616447e+07  7.38e+05   6.00e+01     1.28e+01   2438.472s
2410000 +4.69236764e+07 +4.76616206e+07  7.38e+05   6.00e+01     1.25e+01   2439.472s
2411000 +4.69236901e+07 +4.76615958e+07  7.38e+05   6.00e+01     1.22e+01   2440.473s
2412000 +4.69237211e+07 +4.76615716e+07  7.38e+05   6.00e+01     1.18e+01   2441.473s
2413000 +4.69237600e+07 +4.76615503e+07  7.38e+05   6.00e+01     1.15e+01   2442.474s
2414000 +4.69237971e+07 +4.76615348e+07  7.38e+05   6.00e+01     1.12e+01   2443.475s
2415000 +4.69238358e+07 +4.76615221e+07  7.38e+05   6.00e+01     1.09e+01   2444.477s
2416000 +4.69238742e+07 +4.76615074e+07  7.38e+05   6.00e+01     1.05e+01   2445.479s
2417000 +4.69239058e+07 +4.76614899e+07  7.38e+05   6.00e+01     1.02e+01   2446.481s
2418000 +4.69239131e+07 +4.76614704e+07  7.38e+05   6.00e+01     9.92e+00   2447.483s
2419000 +4.69239042e+07 +4.76614504e+07  7.38e+05   6.00e+01     9.61e+00   2448.485s
2420000 +4.69238953e+07 +4.76614336e+07  7.38e+05   6.00e+01     9.30e+00   2449.486s
2421000 +4.69238866e+07 +4.76614175e+07  7.38e+05   6.00e+01     9.00e+00   2450.487s
2422000 +4.69238789e+07 +4.76614025e+07  7.38e+05   6.00e+01     8.70e+00   2451.488s
2423000 +4.69238549e+07 +4.76613832e+07  7.38e+05   6.00e+01     8.40e+00   2452.489s
2424000 +4.69238098e+07 +4.76613585e+07  7.38e+05   6.00e+01     8.11e+00   2453.490s
2425000 +4.69237576e+07 +4.76613318e+07  7.38e+05   6.00e+01     7.82e+00   2454.491s
2426000 +4.69237108e+07 +4.76613048e+07  7.38e+05   6.00e+01     7.53e+00   2455.491s
2427000 +4.69236617e+07 +4.76612792e+07  7.38e+05   6.00e+01     7.25e+00   2456.491s
2428000 +4.69236076e+07 +4.76612581e+07  7.38e+05   6.00e+01     6.97e+00   2457.491s
2429000 +4.69235465e+07 +4.76612393e+07  7.38e+05   6.00e+01     6.69e+00   2458.491s
2430000 +4.69234844e+07 +4.76612224e+07  7.38e+05   6.00e+01     6.42e+00   2459.491s
2431000 +4.69234232e+07 +4.76612069e+07  7.38e+05   6.00e+01     6.16e+00   2460.491s
2432000 +4.69233592e+07 +4.76611936e+07  7.38e+05   6.00e+01     5.89e+00   2461.491s
2433000 +4.69232986e+07 +4.76611813e+07  7.38e+05   6.00e+01     5.63e+00   2462.492s
2434000 +4.69232390e+07 +4.76611695e+07  7.38e+05   6.00e+01     5.38e+00   2463.492s
2435000 +4.69231864e+07 +4.76611606e+07  7.38e+05   5.99e+01     5.13e+00   2464.492s
2436000 +4.69231417e+07 +4.76611546e+07  7.38e+05   5.99e+01     4.88e+00   2465.492s
2437000 +4.69230977e+07 +4.76611525e+07  7.38e+05   5.99e+01     4.64e+00   2466.492s
2438000 +4.69230391e+07 +4.76611529e+07  7.38e+05   5.99e+01     4.40e+00   2467.491s
2439000 +4.69229616e+07 +4.76611541e+07  7.38e+05   5.99e+01     4.17e+00   2468.491s
2440000 +4.69228693e+07 +4.76611523e+07  7.38e+05   5.99e+01     3.94e+00   2469.492s
2441000 +4.69227752e+07 +4.76611476e+07  7.38e+05   5.99e+01     3.72e+00   2470.493s
2442000 +4.69226851e+07 +4.76611388e+07  7.38e+05   5.99e+01     3.50e+00   2471.492s
2443000 +4.69226024e+07 +4.76611265e+07  7.39e+05   5.99e+01     3.38e+00   2472.493s
2444000 +4.69235801e+07 +4.76611059e+07  7.38e+05   5.88e+01     1.01e+01   2473.492s
2445000 +4.69253453e+07 +4.76609779e+07  7.36e+05   5.72e+01     1.43e+01   2474.493s
2446000 +4.69272633e+07 +4.76606700e+07  7.33e+05   5.59e+01     1.46e+01   2475.494s
2447000 +4.69281132e+07 +4.76602916e+07  7.32e+05   5.52e+01     1.29e+01   2476.494s
2448000 +4.69274499e+07 +4.76599845e+07  7.33e+05   5.49e+01     1.21e+01   2477.496s
2449000 +4.69268740e+07 +4.76596188e+07  7.33e+05   5.47e+01     1.89e+01   2478.500s
2450000 +4.69270377e+07 +4.76591528e+07  7.32e+05   5.45e+01     2.91e+01   2479.501s
2451000 +4.69272237e+07 +4.76585733e+07  7.31e+05   5.42e+01     3.55e+01   2480.504s
2452000 +4.69273537e+07 +4.76578968e+07  7.31e+05   5.40e+01     3.92e+01   2481.506s
2453000 +4.69272600e+07 +4.76572113e+07  7.30e+05   5.37e+01     4.32e+01   2482.507s
2454000 +4.69269265e+07 +4.76565810e+07  7.30e+05   5.35e+01     4.85e+01   2483.509s
2455000 +4.69265014e+07 +4.76560458e+07  7.30e+05   5.32e+01     5.43e+01   2484.509s
2456000 +4.69260950e+07 +4.76555858e+07  7.29e+05   5.29e+01     6.00e+01   2485.510s
2457000 +4.69257709e+07 +4.76551832e+07  7.29e+05   5.25e+01     6.56e+01   2486.511s
2458000 +4.69255076e+07 +4.76548304e+07  7.29e+05   5.22e+01     7.07e+01   2487.512s
2459000 +4.69252538e+07 +4.76544877e+07  7.29e+05   5.18e+01     7.56e+01   2488.512s
2460000 +4.69250142e+07 +4.76541568e+07  7.29e+05   5.14e+01     8.02e+01   2489.513s
2461000 +4.69247959e+07 +4.76538669e+07  7.29e+05   5.10e+01     8.46e+01   2490.513s
2462000 +4.69246102e+07 +4.76536025e+07  7.29e+05   5.06e+01     8.88e+01   2491.513s
2463000 +4.69244594e+07 +4.76533428e+07  7.29e+05   5.02e+01     9.28e+01   2492.513s
2464000 +4.69243468e+07 +4.76530645e+07  7.29e+05   4.98e+01     9.66e+01   2493.514s
2465000 +4.69242735e+07 +4.76527572e+07  7.28e+05   4.94e+01     1.00e+02   2494.514s
2466000 +4.69242345e+07 +4.76524431e+07  7.28e+05   4.89e+01     1.03e+02   2495.516s
2467000 +4.69242211e+07 +4.76521550e+07  7.28e+05   4.85e+01     1.07e+02   2496.518s
2468000 +4.69242217e+07 +4.76518866e+07  7.28e+05   4.80e+01     1.10e+02   2497.521s
2469000 +4.69242373e+07 +4.76516258e+07  7.27e+05   4.76e+01     1.12e+02   2498.523s
2470000 +4.69242662e+07 +4.76513632e+07  7.27e+05   4.72e+01     1.15e+02   2499.525s
2471000 +4.69242956e+07 +4.76510886e+07  7.27e+05   4.67e+01     1.17e+02   2500.526s
2472000 +4.69243243e+07 +4.76508147e+07  7.26e+05   4.63e+01     1.20e+02   2501.528s
2473000 +4.69243541e+07 +4.76505634e+07  7.26e+05   4.59e+01     1.22e+02   2502.529s
2474000 +4.69243789e+07 +4.76503493e+07  7.26e+05   4.55e+01     1.23e+02   2503.530s
2475000 +4.69244023e+07 +4.76501843e+07  7.26e+05   4.51e+01     1.25e+02   2504.531s
2476000 +4.69244246e+07 +4.76500650e+07  7.26e+05   4.48e+01     1.26e+02   2505.532s
2477000 +4.69244413e+07 +4.76499796e+07  7.26e+05   4.44e+01     1.27e+02   2506.533s
2478000 +4.69244486e+07 +4.76499202e+07  7.25e+05   4.41e+01     1.28e+02   2507.533s
2479000 +4.69244416e+07 +4.76498941e+07  7.25e+05   4.38e+01     1.29e+02   2508.533s
2480000 +4.69244206e+07 +4.76499094e+07  7.25e+05   4.35e+01     1.29e+02   2509.533s
2481000 +4.69243972e+07 +4.76499575e+07  7.26e+05   4.32e+01     1.30e+02   2510.533s
2482000 +4.69243876e+07 +4.76500397e+07  7.26e+05   4.30e+01     1.30e+02   2511.534s
2483000 +4.69243902e+07 +4.76501562e+07  7.26e+05   4.28e+01     1.29e+02   2512.536s
2484000 +4.69243938e+07 +4.76503044e+07  7.26e+05   4.26e+01     1.29e+02   2513.538s
2485000 +4.69243882e+07 +4.76504869e+07  7.26e+05   4.24e+01     1.28e+02   2514.540s
2486000 +4.69243761e+07 +4.76506899e+07  7.26e+05   4.23e+01     1.27e+02   2515.543s
2487000 +4.69243614e+07 +4.76508952e+07  7.27e+05   4.21e+01     1.26e+02   2516.545s
2488000 +4.69243448e+07 +4.76510924e+07  7.27e+05   4.20e+01     1.25e+02   2517.546s
2489000 +4.69243245e+07 +4.76512782e+07  7.27e+05   4.19e+01     1.23e+02   2518.548s
2490000 +4.69242903e+07 +4.76514618e+07  7.27e+05   4.19e+01     1.21e+02   2519.549s
2491000 +4.69242337e+07 +4.76516512e+07  7.27e+05   4.18e+01     1.20e+02   2520.550s
2492000 +4.69241516e+07 +4.76518518e+07  7.28e+05   4.18e+01     1.18e+02   2521.550s
2493000 +4.69240442e+07 +4.76520629e+07  7.28e+05   4.18e+01     1.16e+02   2522.551s
2494000 +4.69239149e+07 +4.76522732e+07  7.28e+05   4.18e+01     1.13e+02   2523.551s
2495000 +4.69237666e+07 +4.76524717e+07  7.29e+05   4.18e+01     1.11e+02   2524.551s
2496000 +4.69235945e+07 +4.76526594e+07  7.29e+05   4.18e+01     1.08e+02   2525.552s
2497000 +4.69234007e+07 +4.76528444e+07  7.29e+05   4.18e+01     1.06e+02   2526.553s
2498000 +4.69231878e+07 +4.76530386e+07  7.30e+05   4.18e+01     1.03e+02   2527.553s
2499000 +4.69229570e+07 +4.76532496e+07  7.30e+05   4.18e+01     1.00e+02   2528.554s
2500000 +4.69227085e+07 +4.76534777e+07  7.31e+05   4.18e+01     9.76e+01   2529.554s
2501000 +4.69224408e+07 +4.76537140e+07  7.31e+05   4.19e+01     9.47e+01   2530.554s
2502000 +4.69221614e+07 +4.76539504e+07  7.32e+05   4.19e+01     9.18e+01   2531.555s
2503000 +4.69218862e+07 +4.76541905e+07  7.32e+05   4.19e+01     8.89e+01   2532.556s
2504000 +4.69216282e+07 +4.76544385e+07  7.33e+05   4.19e+01     8.60e+01   2533.559s
2505000 +4.69213861e+07 +4.76546957e+07  7.33e+05   4.20e+01     8.30e+01   2534.561s
2506000 +4.69211508e+07 +4.76549629e+07  7.34e+05   4.20e+01     8.01e+01   2535.562s
2507000 +4.69209208e+07 +4.76552339e+07  7.34e+05   4.20e+01     7.72e+01   2536.564s
2508000 +4.69206962e+07 +4.76554993e+07  7.35e+05   4.20e+01     7.43e+01   2537.566s
2509000 +4.69204822e+07 +4.76557582e+07  7.35e+05   4.20e+01     7.15e+01   2538.567s
2510000 +4.69202842e+07 +4.76560139e+07  7.36e+05   4.20e+01     6.88e+01   2539.569s
2511000 +4.69201013e+07 +4.76562669e+07  7.36e+05   4.20e+01     6.61e+01   2540.570s
2512000 +4.69199312e+07 +4.76565165e+07  7.37e+05   4.20e+01     6.35e+01   2541.571s
2513000 +4.69197654e+07 +4.76567624e+07  7.37e+05   4.20e+01     6.10e+01   2542.571s
2514000 +4.69195973e+07 +4.76570037e+07  7.37e+05   4.20e+01     5.87e+01   2543.571s
2515000 +4.69194271e+07 +4.76572385e+07  7.38e+05   4.20e+01     5.64e+01   2544.572s
2516000 +4.69192556e+07 +4.76574623e+07  7.38e+05   4.19e+01     5.42e+01   2545.572s
2517000 +4.69190869e+07 +4.76576773e+07  7.39e+05   4.19e+01     5.21e+01   2546.573s
2518000 +4.69189210e+07 +4.76578870e+07  7.39e+05   4.19e+01     5.01e+01   2547.573s
2519000 +4.69187525e+07 +4.76580952e+07  7.39e+05   4.18e+01     4.83e+01   2548.573s
2520000 +4.69185802e+07 +4.76583033e+07  7.40e+05   4.18e+01     4.66e+01   2549.573s
2521000 +4.69184023e+07 +4.76585079e+07  7.40e+05   4.18e+01     4.49e+01   2550.573s
2522000 +4.69182209e+07 +4.76587040e+07  7.40e+05   4.17e+01     4.34e+01   2551.573s
2523000 +4.69180395e+07 +4.76588933e+07  7.41e+05   4.17e+01     4.20e+01   2552.573s
2524000 +4.69178608e+07 +4.76590776e+07  7.41e+05   4.17e+01     4.07e+01   2553.573s
2525000 +4.69176884e+07 +4.76592564e+07  7.42e+05   4.16e+01     3.95e+01   2554.573s
2526000 +4.69175262e+07 +4.76594255e+07  7.42e+05   4.16e+01     3.83e+01   2555.573s
2527000 +4.69173761e+07 +4.76595831e+07  7.42e+05   4.16e+01     3.72e+01   2556.572s
2528000 +4.69172391e+07 +4.76597256e+07  7.42e+05   4.16e+01     3.62e+01   2557.572s
2529000 +4.69171100e+07 +4.76598527e+07  7.43e+05   4.15e+01     3.53e+01   2558.572s
2530000 +4.69169838e+07 +4.76599644e+07  7.43e+05   4.15e+01     3.44e+01   2559.573s
2531000 +4.69168603e+07 +4.76600607e+07  7.43e+05   4.15e+01     3.35e+01   2560.573s
2532000 +4.69167448e+07 +4.76601440e+07  7.43e+05   4.15e+01     3.26e+01   2561.573s
2533000 +4.69166414e+07 +4.76602149e+07  7.44e+05   4.15e+01     3.18e+01   2562.573s
2534000 +4.69165489e+07 +4.76602718e+07  7.44e+05   4.14e+01     3.10e+01   2563.574s
2535000 +4.69164604e+07 +4.76603147e+07  7.44e+05   4.14e+01     3.01e+01   2564.574s
2536000 +4.69163716e+07 +4.76603434e+07  7.44e+05   4.14e+01     2.93e+01   2565.575s
2537000 +4.69162831e+07 +4.76603608e+07  7.44e+05   4.14e+01     2.85e+01   2566.576s
2538000 +4.69161999e+07 +4.76603715e+07  7.44e+05   4.14e+01     2.77e+01   2567.578s
2539000 +4.69161232e+07 +4.76603748e+07  7.44e+05   4.14e+01     2.69e+01   2568.580s
2540000 +4.69160508e+07 +4.76603724e+07  7.44e+05   4.14e+01     2.62e+01   2569.581s
2541000 +4.69159825e+07 +4.76603662e+07  7.44e+05   4.14e+01     2.54e+01   2570.583s
2542000 +4.69159210e+07 +4.76603566e+07  7.44e+05   4.15e+01     2.47e+01   2571.585s
2543000 +4.69158671e+07 +4.76603448e+07  7.44e+05   4.15e+01     2.41e+01   2572.586s
2544000 +4.69158217e+07 +4.76603310e+07  7.45e+05   4.15e+01     2.35e+01   2573.587s
2545000 +4.69157839e+07 +4.76603159e+07  7.45e+05   4.15e+01     2.30e+01   2574.588s
2546000 +4.69157653e+07 +4.76602966e+07  7.45e+05   4.15e+01     2.26e+01   2575.590s
2547000 +4.69157498e+07 +4.76602803e+07  7.45e+05   4.15e+01     2.24e+01   2576.591s
2548000 +4.69157376e+07 +4.76602682e+07  7.45e+05   4.15e+01     2.24e+01   2577.591s
2549000 +4.69157286e+07 +4.76602608e+07  7.45e+05   4.15e+01     2.26e+01   2578.592s
2550000 +4.69157231e+07 +4.76602584e+07  7.45e+05   4.15e+01     2.30e+01   2579.592s
2551000 +4.69157257e+07 +4.76602595e+07  7.45e+05   4.15e+01     2.36e+01   2580.592s
2552000 +4.69157816e+07 +4.76602619e+07  7.44e+05   4.15e+01     2.54e+01   2581.592s
2553000 +4.69158966e+07 +4.76602531e+07  7.44e+05   4.15e+01     2.81e+01   2582.593s
2554000 +4.69160909e+07 +4.76602435e+07  7.44e+05   4.15e+01     3.15e+01   2583.593s
2555000 +4.69163206e+07 +4.76602492e+07  7.44e+05   4.14e+01     3.51e+01   2584.594s
2556000 +4.69165669e+07 +4.76602477e+07  7.44e+05   4.14e+01     3.83e+01   2585.594s
2557000 +4.69168035e+07 +4.76602460e+07  7.43e+05   4.14e+01     4.12e+01   2586.595s
2558000 +4.69170100e+07 +4.76602680e+07  7.43e+05   4.14e+01     4.36e+01   2587.597s
2559000 +4.69171812e+07 +4.76603104e+07  7.43e+05   4.14e+01     4.58e+01   2588.599s
2560000 +4.69173235e+07 +4.76603947e+07  7.43e+05   4.14e+01     4.76e+01   2589.602s
2561000 +4.69174376e+07 +4.76604895e+07  7.43e+05   4.13e+01     4.93e+01   2590.603s
2562000 +4.69175275e+07 +4.76605708e+07  7.43e+05   4.13e+01     5.09e+01   2591.605s
2563000 +4.69176015e+07 +4.76606286e+07  7.43e+05   4.13e+01     5.25e+01   2592.606s
2564000 +4.69176624e+07 +4.76606631e+07  7.43e+05   4.13e+01     5.42e+01   2593.607s
2565000 +4.69177023e+07 +4.76606625e+07  7.43e+05   4.13e+01     5.61e+01   2594.609s
2566000 +4.69177147e+07 +4.76606475e+07  7.43e+05   4.13e+01     5.82e+01   2595.610s
2567000 +4.69176979e+07 +4.76606276e+07  7.43e+05   4.13e+01     6.04e+01   2596.611s
2568000 +4.69176494e+07 +4.76606276e+07  7.43e+05   4.12e+01     6.28e+01   2597.612s
2569000 +4.69175739e+07 +4.76606724e+07  7.43e+05   4.12e+01     6.53e+01   2598.612s
2570000 +4.69174879e+07 +4.76607736e+07  7.43e+05   4.12e+01     6.78e+01   2599.613s
2571000 +4.69174025e+07 +4.76609208e+07  7.44e+05   4.12e+01     7.04e+01   2600.613s
2572000 +4.69173189e+07 +4.76611129e+07  7.44e+05   4.12e+01     7.29e+01   2601.614s
2573000 +4.69172408e+07 +4.76613290e+07  7.44e+05   4.11e+01     7.53e+01   2602.614s
2574000 +4.69171708e+07 +4.76615544e+07  7.44e+05   4.11e+01     7.77e+01   2603.616s
2575000 +4.69171098e+07 +4.76617664e+07  7.45e+05   4.11e+01     8.01e+01   2604.618s
2576000 +4.69170590e+07 +4.76619744e+07  7.45e+05   4.11e+01     8.24e+01   2605.621s
2577000 +4.69170187e+07 +4.76621827e+07  7.45e+05   4.11e+01     8.47e+01   2606.623s
2578000 +4.69170205e+07 +4.76624138e+07  7.45e+05   4.10e+01     8.70e+01   2607.625s
2579000 +4.69170649e+07 +4.76626698e+07  7.46e+05   4.10e+01     8.95e+01   2608.627s
2580000 +4.69171393e+07 +4.76629944e+07  7.46e+05   4.10e+01     9.20e+01   2609.629s
2581000 +4.69172351e+07 +4.76633734e+07  7.46e+05   4.10e+01     9.44e+01   2610.630s
2582000 +4.69173464e+07 +4.76637676e+07  7.46e+05   4.09e+01     9.67e+01   2611.631s
2583000 +4.69174638e+07 +4.76641400e+07  7.47e+05   4.09e+01     9.89e+01   2612.632s
2584000 +4.69175726e+07 +4.76644454e+07  7.47e+05   4.09e+01     1.01e+02   2613.633s
2585000 +4.69176620e+07 +4.76646609e+07  7.47e+05   4.09e+01     1.03e+02   2614.634s
2586000 +4.69177534e+07 +4.76647971e+07  7.47e+05   4.08e+01     1.05e+02   2615.635s
2587000 +4.69178544e+07 +4.76648805e+07  7.47e+05   4.08e+01     1.06e+02   2616.636s
2588000 +4.69179573e+07 +4.76650102e+07  7.47e+05   4.08e+01     1.08e+02   2617.638s
2589000 +4.69180321e+07 +4.76652349e+07  7.47e+05   4.07e+01     1.10e+02   2618.640s
2590000 +4.69180668e+07 +4.76656424e+07  7.48e+05   4.07e+01     1.12e+02   2619.643s
2591000 +4.69180561e+07 +4.76661944e+07  7.48e+05   4.07e+01     1.14e+02   2620.645s
2592000 +4.69180051e+07 +4.76668383e+07  7.49e+05   4.07e+01     1.17e+02   2621.646s
2593000 +4.69179248e+07 +4.76675101e+07  7.50e+05   4.06e+01     1.19e+02   2622.648s
2594000 +4.69178160e+07 +4.76681870e+07  7.50e+05   4.06e+01     1.21e+02   2623.649s
2595000 +4.69176882e+07 +4.76687557e+07  7.51e+05   4.06e+01     1.24e+02   2624.650s
2596000 +4.69175549e+07 +4.76692389e+07  7.52e+05   4.05e+01     1.26e+02   2625.651s
2597000 +4.69174269e+07 +4.76696878e+07  7.52e+05   4.05e+01     1.29e+02   2626.652s
2598000 +4.69173118e+07 +4.76701535e+07  7.53e+05   4.04e+01     1.31e+02   2627.653s
2599000 +4.69172155e+07 +4.76706428e+07  7.53e+05   4.04e+01     1.34e+02   2628.654s
2600000 +4.69171491e+07 +4.76711347e+07  7.54e+05   4.04e+01     1.36e+02   2629.655s
2601000 +4.69171149e+07 +4.76716471e+07  7.55e+05   4.03e+01     1.39e+02   2630.657s
2602000 +4.69171149e+07 +4.76721596e+07  7.55e+05   4.03e+01     1.41e+02   2631.660s
2603000 +4.69171430e+07 +4.76726987e+07  7.56e+05   4.02e+01     1.44e+02   2632.662s
2604000 +4.69171827e+07 +4.76732420e+07  7.56e+05   4.02e+01     1.47e+02   2633.664s
2605000 +4.69172321e+07 +4.76737727e+07  7.57e+05   4.01e+01     1.49e+02   2634.666s
2606000 +4.69172853e+07 +4.76742571e+07  7.57e+05   4.01e+01     1.52e+02   2635.667s
2607000 +4.69173504e+07 +4.76746970e+07  7.57e+05   4.00e+01     1.55e+02   2636.669s
2608000 +4.69174232e+07 +4.76751241e+07  7.58e+05   4.00e+01     1.57e+02   2637.670s
2609000 +4.69174866e+07 +4.76755533e+07  7.58e+05   3.99e+01     1.60e+02   2638.670s
2610000 +4.69175301e+07 +4.76760277e+07  7.58e+05   3.99e+01     1.63e+02   2639.671s
2611000 +4.69175550e+07 +4.76765339e+07  7.59e+05   3.98e+01     1.65e+02   2640.672s
2612000 +4.69175615e+07 +4.76770242e+07  7.59e+05   3.98e+01     1.68e+02   2641.673s
2613000 +4.69175579e+07 +4.76774880e+07  7.60e+05   3.97e+01     1.71e+02   2642.674s
2614000 +4.69175419e+07 +4.76779040e+07  7.60e+05   3.97e+01     1.73e+02   2643.674s
2615000 +4.69175030e+07 +4.76782717e+07  7.61e+05   3.96e+01     1.76e+02   2644.674s
2616000 +4.69174458e+07 +4.76785903e+07  7.61e+05   3.95e+01     1.78e+02   2645.675s
2617000 +4.69173768e+07 +4.76789125e+07  7.62e+05   3.95e+01     1.81e+02   2646.677s
2618000 +4.69173055e+07 +4.76792803e+07  7.62e+05   3.94e+01     1.84e+02   2647.679s
2619000 +4.69172417e+07 +4.76796641e+07  7.62e+05   3.94e+01     1.86e+02   2648.681s
2620000 +4.69171873e+07 +4.76800351e+07  7.63e+05   3.93e+01     1.89e+02   2649.683s
2621000 +4.69171360e+07 +4.76803960e+07  7.63e+05   3.93e+01     1.91e+02   2650.685s
2622000 +4.69170866e+07 +4.76807515e+07  7.64e+05   3.92e+01     1.94e+02   2651.687s
2623000 +4.69170485e+07 +4.76811070e+07  7.64e+05   3.91e+01     1.96e+02   2652.688s
2624000 +4.69170316e+07 +4.76814640e+07  7.64e+05   3.91e+01     1.99e+02   2653.689s
2625000 +4.69170319e+07 +4.76818549e+07  7.65e+05   3.90e+01     2.01e+02   2654.691s
2626000 +4.69170481e+07 +4.76822757e+07  7.65e+05   3.89e+01     2.04e+02   2655.692s
2627000 +4.69170769e+07 +4.76826841e+07  7.66e+05   3.89e+01     2.06e+02   2656.692s
2628000 +4.69171229e+07 +4.76830569e+07  7.66e+05   3.88e+01     2.09e+02   2657.693s
2629000 +4.69171917e+07 +4.76833443e+07  7.66e+05   3.88e+01     2.11e+02   2658.694s
2630000 +4.69172798e+07 +4.76835401e+07  7.66e+05   3.87e+01     2.13e+02   2659.695s
2631000 +4.69173794e+07 +4.76836857e+07  7.66e+05   3.86e+01     2.16e+02   2660.695s
2632000 +4.69175612e+07 +4.76836788e+07  7.66e+05   3.85e+01     2.19e+02   2661.696s
2633000 +4.69176174e+07 +4.76836577e+07  7.66e+05   3.85e+01     2.21e+02   2662.699s
2634000 +4.69177266e+07 +4.76837216e+07  7.66e+05   3.84e+01     2.24e+02   2663.701s
2635000 +4.69178620e+07 +4.76838868e+07  7.66e+05   3.83e+01     2.26e+02   2664.704s
2636000 +4.69179514e+07 +4.76840340e+07  7.66e+05   3.83e+01     2.28e+02   2665.706s
2637000 +4.69179379e+07 +4.76843480e+07  7.66e+05   3.82e+01     2.31e+02   2666.708s
2638000 +4.69179566e+07 +4.76847010e+07  7.67e+05   3.81e+01     2.33e+02   2667.709s
2639000 +4.69179467e+07 +4.76850911e+07  7.67e+05   3.81e+01     2.35e+02   2668.710s
2640000 +4.69179544e+07 +4.76854217e+07  7.67e+05   3.80e+01     2.37e+02   2669.711s
2641000 +4.69179046e+07 +4.76856108e+07  7.68e+05   3.79e+01     2.39e+02   2670.712s
2642000 +4.69178412e+07 +4.76858354e+07  7.68e+05   3.79e+01     2.42e+02   2671.712s
2643000 +4.69177862e+07 +4.76859296e+07  7.68e+05   3.78e+01     2.44e+02   2672.713s
2644000 +4.69177736e+07 +4.76859466e+07  7.68e+05   3.77e+01     2.46e+02   2673.714s
2645000 +4.69177587e+07 +4.76860719e+07  7.68e+05   3.77e+01     2.48e+02   2674.715s
2646000 +4.69177592e+07 +4.76862763e+07  7.69e+05   3.76e+01     2.50e+02   2675.716s
2647000 +4.69177562e+07 +4.76863854e+07  7.69e+05   3.75e+01     2.52e+02   2676.718s
2648000 +4.69177769e+07 +4.76865108e+07  7.69e+05   3.74e+01     2.54e+02   2677.721s
2649000 +4.69177773e+07 +4.76866566e+07  7.69e+05   3.74e+01     2.56e+02   2678.723s
2650000 +4.69177391e+07 +4.76868478e+07  7.69e+05   3.73e+01     2.58e+02   2679.725s
2651000 +4.69177193e+07 +4.76870002e+07  7.69e+05   3.72e+01     2.60e+02   2680.728s
2652000 +4.69177548e+07 +4.76873357e+07  7.70e+05   3.72e+01     2.61e+02   2681.729s
2653000 +4.69178008e+07 +4.76877175e+07  7.70e+05   3.71e+01     2.63e+02   2682.731s
2654000 +4.69178580e+07 +4.76880841e+07  7.70e+05   3.70e+01     2.65e+02   2683.732s
2655000 +4.69179611e+07 +4.76883649e+07  7.70e+05   3.70e+01     2.67e+02   2684.734s
2656000 +4.69180786e+07 +4.76884488e+07  7.70e+05   3.69e+01     2.68e+02   2685.734s
2657000 +4.69182078e+07 +4.76886112e+07  7.70e+05   3.68e+01     2.70e+02   2686.735s
2658000 +4.69183469e+07 +4.76888713e+07  7.71e+05   3.68e+01     2.72e+02   2687.737s
2659000 +4.69184498e+07 +4.76890287e+07  7.71e+05   3.67e+01     2.73e+02   2688.740s
2660000 +4.69184614e+07 +4.76890371e+07  7.71e+05   3.66e+01     2.75e+02   2689.742s
2661000 +4.69184602e+07 +4.76890084e+07  7.71e+05   3.66e+01     2.76e+02   2690.745s
2662000 +4.69184464e+07 +4.76891936e+07  7.71e+05   3.65e+01     2.78e+02   2691.746s
2663000 +4.69184243e+07 +4.76893307e+07  7.71e+05   3.64e+01     2.79e+02   2692.748s
2664000 +4.69183924e+07 +4.76895538e+07  7.71e+05   3.64e+01     2.80e+02   2693.750s
2665000 +4.69183483e+07 +4.76897470e+07  7.71e+05   3.63e+01     2.82e+02   2694.751s
2666000 +4.69183698e+07 +4.76899042e+07  7.72e+05   3.62e+01     2.83e+02   2695.752s
2667000 +4.69183754e+07 +4.76899865e+07  7.72e+05   3.62e+01     2.84e+02   2696.753s
2668000 +4.69183467e+07 +4.76899829e+07  7.72e+05   3.61e+01     2.85e+02   2697.754s
2669000 +4.69183043e+07 +4.76900714e+07  7.72e+05   3.60e+01     2.87e+02   2698.755s
2670000 +4.69182901e+07 +4.76904125e+07  7.72e+05   3.60e+01     2.88e+02   2699.756s
2671000 +4.69182961e+07 +4.76907321e+07  7.72e+05   3.59e+01     2.89e+02   2700.758s
2672000 +4.69183291e+07 +4.76909735e+07  7.73e+05   3.59e+01     2.90e+02   2701.760s
2673000 +4.69183767e+07 +4.76911062e+07  7.73e+05   3.58e+01     2.91e+02   2702.763s
2674000 +4.69184258e+07 +4.76912962e+07  7.73e+05   3.57e+01     2.92e+02   2703.765s
2675000 +4.69185067e+07 +4.76913701e+07  7.73e+05   3.57e+01     2.93e+02   2704.767s
2676000 +4.69186023e+07 +4.76913816e+07  7.73e+05   3.56e+01     2.94e+02   2705.769s
2677000 +4.69186512e+07 +4.76913352e+07  7.73e+05   3.56e+01     2.95e+02   2706.770s
2678000 +4.69186740e+07 +4.76913501e+07  7.73e+05   3.55e+01     2.95e+02   2707.771s
2679000 +4.69187110e+07 +4.76914142e+07  7.73e+05   3.54e+01     2.96e+02   2708.773s
2680000 +4.69187871e+07 +4.76915107e+07  7.73e+05   3.54e+01     2.97e+02   2709.774s
2681000 +4.69188765e+07 +4.76916645e+07  7.73e+05   3.53e+01     2.98e+02   2710.775s
2682000 +4.69189680e+07 +4.76919051e+07  7.73e+05   3.53e+01     2.98e+02   2711.775s
2683000 +4.69191109e+07 +4.76921949e+07  7.73e+05   3.52e+01     2.99e+02   2712.776s
2684000 +4.69192717e+07 +4.76924441e+07  7.73e+05   3.52e+01     3.00e+02   2713.779s
2685000 +4.69194497e+07 +4.76925730e+07  7.73e+05   3.51e+01     3.00e+02   2714.781s
2686000 +4.69196135e+07 +4.76926978e+07  7.73e+05   3.50e+01     3.01e+02   2715.784s
2687000 +4.69197332e+07 +4.76927542e+07  7.73e+05   3.50e+01     3.02e+02   2716.785s
2688000 +4.69198436e+07 +4.76927315e+07  7.73e+05   3.49e+01     3.02e+02   2717.787s
2689000 +4.69199315e+07 +4.76925965e+07  7.73e+05   3.49e+01     3.03e+02   2718.789s
2690000 +4.69200685e+07 +4.76924531e+07  7.72e+05   3.48e+01     3.03e+02   2719.790s
2691000 +4.69202002e+07 +4.76923387e+07  7.72e+05   3.48e+01     3.03e+02   2720.792s
2692000 +4.69203103e+07 +4.76922104e+07  7.72e+05   3.47e+01     3.04e+02   2721.792s
2693000 +4.69204113e+07 +4.76920902e+07  7.72e+05   3.47e+01     3.04e+02   2722.793s
2694000 +4.69205080e+07 +4.76920279e+07  7.72e+05   3.46e+01     3.04e+02   2723.794s
2695000 +4.69205539e+07 +4.76919920e+07  7.71e+05   3.46e+01     3.04e+02   2724.794s
2696000 +4.69205857e+07 +4.76919383e+07  7.71e+05   3.45e+01     3.05e+02   2725.795s
2697000 +4.69206263e+07 +4.76918665e+07  7.71e+05   3.45e+01     3.05e+02   2726.796s
2698000 +4.69206979e+07 +4.76918178e+07  7.71e+05   3.44e+01     3.05e+02   2727.798s
2699000 +4.69207812e+07 +4.76916823e+07  7.71e+05   3.44e+01     3.05e+02   2728.800s
2700000 +4.69208402e+07 +4.76915663e+07  7.71e+05   3.43e+01     3.05e+02   2729.803s
2701000 +4.69208863e+07 +4.76914379e+07  7.71e+05   3.43e+01     3.05e+02   2730.805s
2702000 +4.69209127e+07 +4.76913034e+07  7.70e+05   3.43e+01     3.05e+02   2731.807s
2703000 +4.69209354e+07 +4.76910522e+07  7.70e+05   3.42e+01     3.06e+02   2732.809s
2704000 +4.69209590e+07 +4.76908400e+07  7.70e+05   3.42e+01     3.06e+02   2733.810s
2705000 +4.69209770e+07 +4.76906487e+07  7.70e+05   3.41e+01     3.06e+02   2734.811s
2706000 +4.69209853e+07 +4.76904648e+07  7.69e+05   3.41e+01     3.06e+02   2735.812s
2707000 +4.69210029e+07 +4.76903488e+07  7.69e+05   3.40e+01     3.06e+02   2736.813s
2708000 +4.69210036e+07 +4.76902580e+07  7.69e+05   3.40e+01     3.06e+02   2737.814s
2709000 +4.69209738e+07 +4.76902152e+07  7.69e+05   3.40e+01     3.05e+02   2738.815s
2710000 +4.69209348e+07 +4.76902574e+07  7.69e+05   3.39e+01     3.05e+02   2739.816s
2711000 +4.69208978e+07 +4.76904248e+07  7.70e+05   3.39e+01     3.05e+02   2740.819s
2712000 +4.69208401e+07 +4.76905440e+07  7.70e+05   3.38e+01     3.05e+02   2741.822s
2713000 +4.69207720e+07 +4.76904768e+07  7.70e+05   3.38e+01     3.04e+02   2742.824s
2714000 +4.69207237e+07 +4.76903547e+07  7.70e+05   3.38e+01     3.04e+02   2743.826s
2715000 +4.69206863e+07 +4.76903029e+07  7.70e+05   3.37e+01     3.04e+02   2744.829s
2716000 +4.69206463e+07 +4.76902778e+07  7.70e+05   3.37e+01     3.03e+02   2745.830s
2717000 +4.69206407e+07 +4.76903427e+07  7.70e+05   3.37e+01     3.03e+02   2746.832s
2718000 +4.69207133e+07 +4.76903254e+07  7.70e+05   3.36e+01     3.03e+02   2747.833s
2719000 +4.69208561e+07 +4.76902087e+07  7.69e+05   3.36e+01     3.03e+02   2748.834s
2720000 +4.69210116e+07 +4.76901243e+07  7.69e+05   3.35e+01     3.03e+02   2749.835s
2721000 +4.69211939e+07 +4.76900853e+07  7.69e+05   3.35e+01     3.02e+02   2750.837s
2722000 +4.69214291e+07 +4.76901572e+07  7.69e+05   3.35e+01     3.02e+02   2751.839s
2723000 +4.69216749e+07 +4.76902717e+07  7.69e+05   3.34e+01     3.02e+02   2752.842s
2724000 +4.69219488e+07 +4.76904867e+07  7.69e+05   3.34e+01     3.02e+02   2753.845s
2725000 +4.69222071e+07 +4.76906509e+07  7.68e+05   3.33e+01     3.01e+02   2754.847s
2726000 +4.69224359e+07 +4.76907042e+07  7.68e+05   3.33e+01     3.00e+02   2755.849s
2727000 +4.69226219e+07 +4.76905314e+07  7.68e+05   3.33e+01     2.99e+02   2756.851s
2728000 +4.69227697e+07 +4.76902021e+07  7.67e+05   3.33e+01     2.99e+02   2757.851s
2729000 +4.69228419e+07 +4.76898790e+07  7.67e+05   3.33e+01     2.98e+02   2758.852s
2730000 +4.69228661e+07 +4.76895574e+07  7.67e+05   3.32e+01     2.97e+02   2759.853s
2731000 +4.69228576e+07 +4.76891131e+07  7.66e+05   3.32e+01     2.96e+02   2760.854s
2732000 +4.69228343e+07 +4.76886581e+07  7.66e+05   3.32e+01     2.95e+02   2761.855s
2733000 +4.69228134e+07 +4.76881722e+07  7.65e+05   3.31e+01     2.95e+02   2762.857s
2734000 +4.69227475e+07 +4.76877418e+07  7.65e+05   3.31e+01     2.95e+02   2763.860s
2735000 +4.69226610e+07 +4.76873343e+07  7.65e+05   3.31e+01     2.94e+02   2764.862s
2736000 +4.69225300e+07 +4.76868858e+07  7.64e+05   3.31e+01     2.93e+02   2765.864s
2737000 +4.69223721e+07 +4.76865649e+07  7.64e+05   3.30e+01     2.93e+02   2766.866s
2738000 +4.69222565e+07 +4.76865066e+07  7.64e+05   3.30e+01     2.92e+02   2767.869s
2739000 +4.69221595e+07 +4.76866417e+07  7.64e+05   3.30e+01     2.91e+02   2768.870s
2740000 +4.69220898e+07 +4.76868559e+07  7.65e+05   3.30e+01     2.89e+02   2769.871s
2741000 +4.69220197e+07 +4.76871408e+07  7.65e+05   3.30e+01     2.88e+02   2770.873s
2742000 +4.69219848e+07 +4.76873726e+07  7.65e+05   3.30e+01     2.87e+02   2771.874s
2743000 +4.69220007e+07 +4.76874271e+07  7.65e+05   3.30e+01     2.86e+02   2772.875s
2744000 +4.69220354e+07 +4.76873574e+07  7.65e+05   3.29e+01     2.85e+02   2773.875s
2745000 +4.69220671e+07 +4.76873182e+07  7.65e+05   3.29e+01     2.84e+02   2774.876s
2746000 +4.69221352e+07 +4.76873795e+07  7.65e+05   3.29e+01     2.83e+02   2775.878s
2747000 +4.69222219e+07 +4.76874018e+07  7.65e+05   3.29e+01     2.82e+02   2776.881s
2748000 +4.69223459e+07 +4.76874124e+07  7.65e+05   3.29e+01     2.81e+02   2777.883s
2749000 +4.69225071e+07 +4.76874398e+07  7.65e+05   3.28e+01     2.80e+02   2778.885s
2750000 +4.69226826e+07 +4.76873874e+07  7.65e+05   3.28e+01     2.79e+02   2779.888s
2751000 +4.69228744e+07 +4.76873686e+07  7.64e+05   3.28e+01     2.78e+02   2780.889s
2752000 +4.69231011e+07 +4.76872940e+07  7.64e+05   3.28e+01     2.76e+02   2781.891s
2753000 +4.69233369e+07 +4.76871245e+07  7.64e+05   3.28e+01     2.75e+02   2782.892s
2754000 +4.69235586e+07 +4.76868813e+07  7.63e+05   3.28e+01     2.73e+02   2783.893s
2755000 +4.69237462e+07 +4.76866008e+07  7.63e+05   3.28e+01     2.72e+02   2784.895s
2756000 +4.69238668e+07 +4.76863462e+07  7.62e+05   3.28e+01     2.70e+02   2785.897s
2757000 +4.69239138e+07 +4.76860652e+07  7.62e+05   3.28e+01     2.69e+02   2786.899s
2758000 +4.69239350e+07 +4.76857166e+07  7.62e+05   3.27e+01     2.68e+02   2787.901s
2759000 +4.69238939e+07 +4.76853675e+07  7.61e+05   3.27e+01     2.67e+02   2788.904s
2760000 +4.69237968e+07 +4.76850311e+07  7.61e+05   3.27e+01     2.65e+02   2789.905s
2761000 +4.69236459e+07 +4.76845921e+07  7.61e+05   3.27e+01     2.64e+02   2790.907s
2762000 +4.69234350e+07 +4.76843283e+07  7.61e+05   3.27e+01     2.63e+02   2791.909s
2763000 +4.69232259e+07 +4.76841130e+07  7.61e+05   3.27e+01     2.62e+02   2792.910s
2764000 +4.69230414e+07 +4.76840570e+07  7.61e+05   3.27e+01     2.60e+02   2793.911s
2765000 +4.69228781e+07 +4.76841484e+07  7.61e+05   3.27e+01     2.59e+02   2794.913s
2766000 +4.69227529e+07 +4.76842781e+07  7.62e+05   3.27e+01     2.57e+02   2795.914s
2767000 +4.69226478e+07 +4.76844372e+07  7.62e+05   3.27e+01     2.55e+02   2796.914s
2768000 +4.69225703e+07 +4.76846035e+07  7.62e+05   3.27e+01     2.53e+02   2797.915s
2769000 +4.69225375e+07 +4.76847339e+07  7.62e+05   3.27e+01     2.52e+02   2798.916s
2770000 +4.69225182e+07 +4.76848194e+07  7.62e+05   3.27e+01     2.50e+02   2799.918s
2771000 +4.69225384e+07 +4.76849078e+07  7.62e+05   3.27e+01     2.48e+02   2800.921s
2772000 +4.69226016e+07 +4.76850304e+07  7.62e+05   3.27e+01     2.47e+02   2801.924s
2773000 +4.69227244e+07 +4.76850869e+07  7.62e+05   3.27e+01     2.46e+02   2802.926s
2774000 +4.69229098e+07 +4.76850411e+07  7.62e+05   3.27e+01     2.44e+02   2803.929s
2775000 +4.69231180e+07 +4.76848307e+07  7.62e+05   3.27e+01     2.43e+02   2804.930s
2776000 +4.69233397e+07 +4.76846145e+07  7.61e+05   3.26e+01     2.41e+02   2805.932s
2777000 +4.69235321e+07 +4.76844704e+07  7.61e+05   3.26e+01     2.39e+02   2806.933s
2778000 +4.69236935e+07 +4.76842870e+07  7.61e+05   3.26e+01     2.38e+02   2807.934s
2779000 +4.69238509e+07 +4.76842113e+07  7.60e+05   3.26e+01     2.36e+02   2808.935s
2780000 +4.69240127e+07 +4.76841924e+07  7.60e+05   3.27e+01     2.34e+02   2809.936s
2781000 +4.69241276e+07 +4.76842691e+07  7.60e+05   3.27e+01     2.32e+02   2810.939s
2782000 +4.69241479e+07 +4.76842922e+07  7.60e+05   3.27e+01     2.30e+02   2811.941s
2783000 +4.69241061e+07 +4.76842500e+07  7.60e+05   3.27e+01     2.28e+02   2812.944s
2784000 +4.69240234e+07 +4.76841726e+07  7.60e+05   3.27e+01     2.27e+02   2813.946s
2785000 +4.69239227e+07 +4.76840329e+07  7.60e+05   3.27e+01     2.25e+02   2814.948s
2786000 +4.69238276e+07 +4.76838481e+07  7.60e+05   3.27e+01     2.23e+02   2815.950s
2787000 +4.69237258e+07 +4.76836384e+07  7.60e+05   3.27e+01     2.22e+02   2816.952s
2788000 +4.69236184e+07 +4.76833872e+07  7.60e+05   3.27e+01     2.20e+02   2817.953s
2789000 +4.69234882e+07 +4.76831841e+07  7.60e+05   3.27e+01     2.19e+02   2818.954s
2790000 +4.69233724e+07 +4.76830828e+07  7.60e+05   3.27e+01     2.17e+02   2819.955s
2791000 +4.69232727e+07 +4.76830116e+07  7.60e+05   3.27e+01     2.15e+02   2820.955s
2792000 +4.69231777e+07 +4.76830831e+07  7.60e+05   3.27e+01     2.13e+02   2821.957s
2793000 +4.69231098e+07 +4.76832349e+07  7.60e+05   3.27e+01     2.11e+02   2822.959s
2794000 +4.69230674e+07 +4.76834147e+07  7.60e+05   3.27e+01     2.09e+02   2823.961s
2795000 +4.69230564e+07 +4.76834634e+07  7.60e+05   3.27e+01     2.07e+02   2824.963s
2796000 +4.69230490e+07 +4.76833941e+07  7.60e+05   3.27e+01     2.05e+02   2825.965s
2797000 +4.69230598e+07 +4.76833556e+07  7.60e+05   3.27e+01     2.03e+02   2826.967s
2798000 +4.69231052e+07 +4.76832669e+07  7.60e+05   3.27e+01     2.01e+02   2827.969s
2799000 +4.69231658e+07 +4.76832003e+07  7.60e+05   3.27e+01     2.00e+02   2828.971s
2800000 +4.69232432e+07 +4.76831538e+07  7.60e+05   3.27e+01     1.98e+02   2829.972s
2801000 +4.69233309e+07 +4.76830981e+07  7.60e+05   3.27e+01     1.97e+02   2830.973s
2802000 +4.69234111e+07 +4.76830419e+07  7.60e+05   3.27e+01     1.95e+02   2831.974s
2803000 +4.69234854e+07 +4.76829861e+07  7.60e+05   3.27e+01     1.93e+02   2832.975s
2804000 +4.69235761e+07 +4.76829184e+07  7.59e+05   3.27e+01     1.91e+02   2833.975s
2805000 +4.69236735e+07 +4.76829603e+07  7.59e+05   3.27e+01     1.89e+02   2834.976s
2806000 +4.69237604e+07 +4.76829032e+07  7.59e+05   3.27e+01     1.87e+02   2835.976s
2807000 +4.69238352e+07 +4.76827460e+07  7.59e+05   3.27e+01     1.85e+02   2836.978s
2808000 +4.69238782e+07 +4.76824629e+07  7.59e+05   3.27e+01     1.83e+02   2837.981s
2809000 +4.69238831e+07 +4.76821556e+07  7.58e+05   3.27e+01     1.81e+02   2838.983s
2810000 +4.69238556e+07 +4.76818990e+07  7.58e+05   3.27e+01     1.79e+02   2839.985s
2811000 +4.69237960e+07 +4.76816284e+07  7.58e+05   3.27e+01     1.77e+02   2840.988s
2812000 +4.69237242e+07 +4.76814482e+07  7.58e+05   3.27e+01     1.76e+02   2841.989s
2813000 +4.69236429e+07 +4.76813527e+07  7.58e+05   3.27e+01     1.74e+02   2842.991s
2814000 +4.69235579e+07 +4.76812484e+07  7.58e+05   3.27e+01     1.72e+02   2843.992s
2815000 +4.69234545e+07 +4.76811041e+07  7.58e+05   3.27e+01     1.71e+02   2844.993s
2816000 +4.69233288e+07 +4.76809516e+07  7.58e+05   3.27e+01     1.69e+02   2845.994s
2817000 +4.69231911e+07 +4.76808711e+07  7.58e+05   3.27e+01     1.67e+02   2846.995s
2818000 +4.69230667e+07 +4.76808744e+07  7.58e+05   3.27e+01     1.65e+02   2847.996s
2819000 +4.69229955e+07 +4.76808839e+07  7.58e+05   3.27e+01     1.63e+02   2848.998s
2820000 +4.69229686e+07 +4.76808708e+07  7.58e+05   3.27e+01     1.61e+02   2850.001s
2821000 +4.69229729e+07 +4.76809430e+07  7.58e+05   3.27e+01     1.59e+02   2851.003s
2822000 +4.69229867e+07 +4.76811177e+07  7.58e+05   3.27e+01     1.57e+02   2852.005s
2823000 +4.69229932e+07 +4.76813330e+07  7.58e+05   3.28e+01     1.55e+02   2853.007s
2824000 +4.69229944e+07 +4.76814779e+07  7.58e+05   3.28e+01     1.53e+02   2854.009s
2825000 +4.69230241e+07 +4.76815293e+07  7.59e+05   3.27e+01     1.51e+02   2855.010s
2826000 +4.69230723e+07 +4.76814767e+07  7.58e+05   3.27e+01     1.50e+02   2856.011s
2827000 +4.69231337e+07 +4.76813485e+07  7.58e+05   3.27e+01     1.48e+02   2857.013s
2828000 +4.69232067e+07 +4.76810644e+07  7.58e+05   3.27e+01     1.47e+02   2858.014s
2829000 +4.69234092e+07 +4.76806642e+07  7.57e+05   3.27e+01     1.46e+02   2859.015s
2830000 +4.69237184e+07 +4.76803571e+07  7.57e+05   3.27e+01     1.46e+02   2860.016s
2831000 +4.69240799e+07 +4.76799975e+07  7.56e+05   3.27e+01     1.46e+02   2861.017s
2832000 +4.69244587e+07 +4.76795109e+07  7.55e+05   3.26e+01     1.46e+02   2862.020s
2833000 +4.69247962e+07 +4.76789797e+07  7.54e+05   3.26e+01     1.46e+02   2863.023s
2834000 +4.69250801e+07 +4.76784629e+07  7.53e+05   3.26e+01     1.44e+02   2864.025s
2835000 +4.69253440e+07 +4.76778785e+07  7.53e+05   3.26e+01     1.43e+02   2865.027s
2836000 +4.69254528e+07 +4.76772334e+07  7.52e+05   3.26e+01     1.41e+02   2866.029s
2837000 +4.69254204e+07 +4.76766007e+07  7.51e+05   3.26e+01     1.39e+02   2867.031s
2838000 +4.69252609e+07 +4.76760324e+07  7.51e+05   3.26e+01     1.37e+02   2868.032s
2839000 +4.69249908e+07 +4.76757421e+07  7.51e+05   3.25e+01     1.36e+02   2869.033s
2840000 +4.69246577e+07 +4.76756382e+07  7.51e+05   3.25e+01     1.35e+02   2870.035s
2841000 +4.69242482e+07 +4.76755983e+07  7.51e+05   3.25e+01     1.33e+02   2871.036s
2842000 +4.69237782e+07 +4.76756507e+07  7.52e+05   3.25e+01     1.32e+02   2872.037s
2843000 +4.69233707e+07 +4.76758503e+07  7.52e+05   3.25e+01     1.31e+02   2873.040s
2844000 +4.69231082e+07 +4.76761480e+07  7.53e+05   3.25e+01     1.30e+02   2874.042s
2845000 +4.69230169e+07 +4.76763630e+07  7.53e+05   3.25e+01     1.31e+02   2875.044s
2846000 +4.69230750e+07 +4.76766362e+07  7.54e+05   3.25e+01     1.31e+02   2876.046s
2847000 +4.69232166e+07 +4.76770112e+07  7.54e+05   3.25e+01     1.31e+02   2877.048s
2848000 +4.69233523e+07 +4.76773572e+07  7.54e+05   3.25e+01     1.30e+02   2878.050s
2849000 +4.69235266e+07 +4.76776077e+07  7.54e+05   3.25e+01     1.28e+02   2879.051s
2850000 +4.69237103e+07 +4.76776129e+07  7.54e+05   3.25e+01     1.26e+02   2880.052s
2851000 +4.69239107e+07 +4.76773586e+07  7.53e+05   3.25e+01     1.23e+02   2881.053s
2852000 +4.69240746e+07 +4.76770561e+07  7.53e+05   3.25e+01     1.20e+02   2882.055s
2853000 +4.69241239e+07 +4.76768114e+07  7.53e+05   3.26e+01     1.18e+02   2883.055s
2854000 +4.69241016e+07 +4.76766854e+07  7.53e+05   3.26e+01     1.16e+02   2884.056s
2855000 +4.69240581e+07 +4.76767675e+07  7.53e+05   3.25e+01     1.16e+02   2885.057s
2856000 +4.69240050e+07 +4.76769497e+07  7.53e+05   3.25e+01     1.16e+02   2886.058s
2857000 +4.69239497e+07 +4.76772262e+07  7.53e+05   3.25e+01     1.16e+02   2887.061s
2858000 +4.69238803e+07 +4.76775686e+07  7.54e+05   3.25e+01     1.15e+02   2888.063s
2859000 +4.69238323e+07 +4.76779607e+07  7.54e+05   3.25e+01     1.14e+02   2889.065s
2860000 +4.69237914e+07 +4.76783581e+07  7.55e+05   3.25e+01     1.13e+02   2890.067s
2861000 +4.69237658e+07 +4.76785844e+07  7.55e+05   3.25e+01     1.12e+02   2891.069s
2862000 +4.69238718e+07 +4.76787670e+07  7.55e+05   3.25e+01     1.11e+02   2892.071s
2863000 +4.69240984e+07 +4.76787412e+07  7.55e+05   3.25e+01     1.09e+02   2893.072s
2864000 +4.69243935e+07 +4.76785448e+07  7.54e+05   3.25e+01     1.08e+02   2894.073s
2865000 +4.69247119e+07 +4.76782484e+07  7.54e+05   3.25e+01     1.06e+02   2895.074s
2866000 +4.69250012e+07 +4.76777851e+07  7.53e+05   3.25e+01     1.04e+02   2896.075s
2867000 +4.69252388e+07 +4.76771330e+07  7.52e+05   3.25e+01     1.02e+02   2897.075s
2868000 +4.69253664e+07 +4.76763912e+07  7.51e+05   3.25e+01     1.01e+02   2898.076s
2869000 +4.69254277e+07 +4.76756134e+07  7.50e+05   3.25e+01     1.00e+02   2899.077s
2870000 +4.69254390e+07 +4.76750353e+07  7.50e+05   3.24e+01     1.01e+02   2900.079s
2871000 +4.69254226e+07 +4.76745854e+07  7.49e+05   3.24e+01     1.01e+02   2901.081s
2872000 +4.69253416e+07 +4.76742875e+07  7.49e+05   3.24e+01     1.02e+02   2902.083s
2873000 +4.69253317e+07 +4.76740457e+07  7.49e+05   3.23e+01     1.07e+02   2903.086s
2874000 +4.69253069e+07 +4.76732354e+07  7.48e+05   3.22e+01     1.05e+02   2904.087s
2875000 +4.69253176e+07 +4.76724004e+07  7.47e+05   3.22e+01     1.17e+02   2905.091s
2876000 +4.69254189e+07 +4.76717090e+07  7.46e+05   3.22e+01     1.18e+02   2906.092s
2877000 +4.69255117e+07 +4.76713573e+07  7.46e+05   3.22e+01     1.22e+02   2907.093s
2878000 +4.69256043e+07 +4.76716163e+07  7.46e+05   3.22e+01     1.21e+02   2908.094s
2879000 +4.69256887e+07 +4.76722153e+07  7.47e+05   3.22e+01     1.19e+02   2909.095s
2880000 +4.69257519e+07 +4.76730652e+07  7.47e+05   3.21e+01     1.17e+02   2910.095s
2881000 +4.69257981e+07 +4.76739619e+07  7.48e+05   3.21e+01     1.16e+02   2911.096s
2882000 +4.69258338e+07 +4.76746809e+07  7.49e+05   3.21e+01     1.17e+02   2912.097s
2883000 +4.69258606e+07 +4.76750276e+07  7.49e+05   3.21e+01     1.17e+02   2913.098s
2884000 +4.69258852e+07 +4.76749931e+07  7.49e+05   3.21e+01     1.18e+02   2914.100s
2885000 +4.69260151e+07 +4.76745745e+07  7.49e+05   3.21e+01     1.27e+02   2915.103s
2886000 +4.69262722e+07 +4.76741774e+07  7.48e+05   3.21e+01     1.46e+02   2916.105s
2887000 +4.69265906e+07 +4.76738988e+07  7.47e+05   3.20e+01     1.71e+02   2917.107s
2888000 +4.69269665e+07 +4.76736895e+07  7.47e+05   3.19e+01     2.01e+02   2918.109s
2889000 +4.69273891e+07 +4.76735832e+07  7.46e+05   3.18e+01     2.33e+02   2919.111s
2890000 +4.69278422e+07 +4.76736234e+07  7.46e+05   3.17e+01     2.68e+02   2920.112s
2891000 +4.69283520e+07 +4.76736794e+07  7.45e+05   3.16e+01     3.03e+02   2921.113s
2892000 +4.69289649e+07 +4.76736322e+07  7.45e+05   3.15e+01     3.38e+02   2922.114s
2893000 +4.69296719e+07 +4.76733994e+07  7.44e+05   3.13e+01     3.73e+02   2923.114s
2894000 +4.69304357e+07 +4.76731239e+07  7.43e+05   3.11e+01     4.08e+02   2924.115s
2895000 +4.69312360e+07 +4.76728205e+07  7.42e+05   3.10e+01     4.43e+02   2925.115s
2896000 +4.69320790e+07 +4.76727224e+07  7.41e+05   3.08e+01     4.77e+02   2926.116s
2897000 +4.69329632e+07 +4.76727724e+07  7.40e+05   3.06e+01     5.10e+02   2927.117s
2898000 +4.69338850e+07 +4.76728140e+07  7.39e+05   3.04e+01     5.43e+02   2928.119s
2899000 +4.69348491e+07 +4.76726126e+07  7.38e+05   3.01e+01     5.75e+02   2929.122s
2900000 +4.69358648e+07 +4.76721915e+07  7.36e+05   2.99e+01     6.05e+02   2930.125s
2901000 +4.69369290e+07 +4.76716873e+07  7.35e+05   2.97e+01     6.35e+02   2931.127s
2902000 +4.69380112e+07 +4.76712521e+07  7.33e+05   2.94e+01     6.64e+02   2932.129s
2903000 +4.69391237e+07 +4.76711027e+07  7.32e+05   2.92e+01     6.91e+02   2933.131s
2904000 +4.69402634e+07 +4.76712531e+07  7.31e+05   2.89e+01     7.18e+02   2934.132s
2905000 +4.69414357e+07 +4.76714159e+07  7.30e+05   2.87e+01     7.43e+02   2935.134s
2906000 +4.69426796e+07 +4.76714027e+07  7.29e+05   2.84e+01     7.67e+02   2936.136s
2907000 +4.69439719e+07 +4.76709177e+07  7.27e+05   2.82e+01     7.88e+02   2937.137s
2908000 +4.69453053e+07 +4.76702855e+07  7.25e+05   2.79e+01     8.08e+02   2938.139s
2909000 +4.69466792e+07 +4.76698220e+07  7.23e+05   2.77e+01     8.25e+02   2939.142s
2910000 +4.69480909e+07 +4.76697402e+07  7.22e+05   2.74e+01     8.40e+02   2940.145s
2911000 +4.69494976e+07 +4.76700487e+07  7.21e+05   2.72e+01     8.54e+02   2941.147s
2912000 +4.69508773e+07 +4.76705617e+07  7.20e+05   2.70e+01     8.65e+02   2942.149s
2913000 +4.69522464e+07 +4.76711896e+07  7.19e+05   2.68e+01     8.74e+02   2943.151s
2914000 +4.69536190e+07 +4.76717699e+07  7.18e+05   2.66e+01     8.81e+02   2944.153s
2915000 +4.69550043e+07 +4.76721513e+07  7.17e+05   2.64e+01     8.85e+02   2945.154s
2916000 +4.69564186e+07 +4.76723608e+07  7.16e+05   2.62e+01     8.88e+02   2946.155s
2917000 +4.69578737e+07 +4.76724496e+07  7.15e+05   2.61e+01     8.88e+02   2947.156s
2918000 +4.69592892e+07 +4.76727398e+07  7.13e+05   2.60e+01     8.87e+02   2948.156s
2919000 +4.69606538e+07 +4.76731137e+07  7.12e+05   2.58e+01     8.83e+02   2949.158s
2920000 +4.69619619e+07 +4.76733109e+07  7.11e+05   2.57e+01     8.78e+02   2950.161s
2921000 +4.69632375e+07 +4.76736176e+07  7.10e+05   2.57e+01     8.71e+02   2951.163s
2922000 +4.69644541e+07 +4.76737278e+07  7.09e+05   2.56e+01     8.61e+02   2952.165s
2923000 +4.69656391e+07 +4.76734755e+07  7.08e+05   2.55e+01     8.51e+02   2953.168s
2924000 +4.69667842e+07 +4.76731479e+07  7.06e+05   2.55e+01     8.38e+02   2954.169s
2925000 +4.69678986e+07 +4.76731244e+07  7.05e+05   2.54e+01     8.24e+02   2955.171s
2926000 +4.69689907e+07 +4.76733597e+07  7.04e+05   2.54e+01     8.08e+02   2956.172s
2927000 +4.69700252e+07 +4.76736669e+07  7.04e+05   2.54e+01     7.91e+02   2957.174s
2928000 +4.69710148e+07 +4.76739919e+07  7.03e+05   2.54e+01     7.73e+02   2958.174s
2929000 +4.69719405e+07 +4.76744237e+07  7.02e+05   2.54e+01     7.53e+02   2959.175s
2930000 +4.69728219e+07 +4.76744705e+07  7.02e+05   2.54e+01     7.32e+02   2960.176s
2931000 +4.69736668e+07 +4.76743815e+07  7.01e+05   2.54e+01     7.11e+02   2961.178s
2932000 +4.69744492e+07 +4.76744539e+07  7.00e+05   2.55e+01     6.88e+02   2962.181s
2933000 +4.69751796e+07 +4.76745581e+07  6.99e+05   2.55e+01     6.65e+02   2963.183s
2934000 +4.69758476e+07 +4.76746165e+07  6.99e+05   2.55e+01     6.41e+02   2964.185s
2935000 +4.69764760e+07 +4.76748085e+07  6.98e+05   2.55e+01     6.16e+02   2965.188s
2936000 +4.69770373e+07 +4.76750500e+07  6.98e+05   2.56e+01     5.92e+02   2966.190s
2937000 +4.69775458e+07 +4.76749599e+07  6.97e+05   2.56e+01     5.66e+02   2967.192s
2938000 +4.69780207e+07 +4.76746365e+07  6.97e+05   2.56e+01     5.41e+02   2968.194s
2939000 +4.69784247e+07 +4.76744288e+07  6.96e+05   2.56e+01     5.15e+02   2969.194s
2940000 +4.69787602e+07 +4.76745050e+07  6.96e+05   2.57e+01     4.90e+02   2970.195s
2941000 +4.69790197e+07 +4.76747665e+07  6.96e+05   2.57e+01     4.64e+02   2971.196s
2942000 +4.69792203e+07 +4.76749584e+07  6.96e+05   2.57e+01     4.38e+02   2972.197s
2943000 +4.69793834e+07 +4.76751207e+07  6.96e+05   2.57e+01     4.13e+02   2973.199s
2944000 +4.69794904e+07 +4.76751081e+07  6.96e+05   2.57e+01     3.88e+02   2974.202s
2945000 +4.69795512e+07 +4.76750265e+07  6.95e+05   2.57e+01     3.64e+02   2975.205s
2946000 +4.69795852e+07 +4.76749817e+07  6.95e+05   2.57e+01     3.40e+02   2976.207s
2947000 +4.69795703e+07 +4.76751022e+07  6.96e+05   2.57e+01     3.17e+02   2977.209s
2948000 +4.69794953e+07 +4.76752297e+07  6.96e+05   2.57e+01     2.94e+02   2978.210s
2949000 +4.69793708e+07 +4.76753552e+07  6.96e+05   2.57e+01     2.73e+02   2979.211s
2950000 +4.69792208e+07 +4.76754057e+07  6.96e+05   2.57e+01     2.52e+02   2980.213s
2951000 +4.69790347e+07 +4.76754163e+07  6.96e+05   2.57e+01     2.33e+02   2981.214s
2952000 +4.69787912e+07 +4.76754038e+07  6.97e+05   2.57e+01     2.15e+02   2982.215s
2953000 +4.69784997e+07 +4.76755812e+07  6.97e+05   2.56e+01     1.98e+02   2983.216s
2954000 +4.69781735e+07 +4.76758160e+07  6.98e+05   2.56e+01     1.83e+02   2984.218s
2955000 +4.69778103e+07 +4.76760894e+07  6.98e+05   2.56e+01     1.70e+02   2985.220s
2956000 +4.69774311e+07 +4.76761784e+07  6.99e+05   2.56e+01     1.58e+02   2986.223s
2957000 +4.69770335e+07 +4.76762019e+07  6.99e+05   2.55e+01     1.48e+02   2987.226s
2958000 +4.69766055e+07 +4.76761102e+07  7.00e+05   2.55e+01     1.40e+02   2988.228s
2959000 +4.69761456e+07 +4.76760288e+07  7.00e+05   2.55e+01     1.34e+02   2989.230s
2960000 +4.69756639e+07 +4.76759760e+07  7.00e+05   2.55e+01     1.29e+02   2990.231s
2961000 +4.69751737e+07 +4.76759740e+07  7.01e+05   2.54e+01     1.26e+02   2991.233s
2962000 +4.69746847e+07 +4.76759245e+07  7.01e+05   2.54e+01     1.23e+02   2992.234s
2963000 +4.69741900e+07 +4.76757528e+07  7.02e+05   2.54e+01     1.22e+02   2993.235s
2964000 +4.69736940e+07 +4.76753821e+07  7.02e+05   2.54e+01     1.21e+02   2994.236s
2965000 +4.69731951e+07 +4.76746498e+07  7.01e+05   2.54e+01     1.21e+02   2995.237s
2966000 +4.69726884e+07 +4.76740648e+07  7.01e+05   2.54e+01     1.21e+02   2996.239s
2967000 +4.69721912e+07 +4.76735560e+07  7.01e+05   2.54e+01     1.20e+02   2997.242s
2968000 +4.69719014e+07 +4.76728697e+07  7.01e+05   2.54e+01     1.22e+02   2998.246s
2969000 +4.69719162e+07 +4.76719658e+07  7.00e+05   2.54e+01     1.25e+02   2999.248s
2970000 +4.69719337e+07 +4.76710674e+07  6.99e+05   2.54e+01     1.28e+02   3000.250s
2971000 +4.69719510e+07 +4.76701053e+07  6.98e+05   2.54e+01     1.31e+02   3001.251s
2972000 +4.69719671e+07 +4.76690862e+07  6.97e+05   2.54e+01     1.34e+02   3002.252s
2973000 +4.69719841e+07 +4.76681203e+07  6.96e+05   2.54e+01     1.38e+02   3003.253s
2974000 +4.69720017e+07 +4.76672474e+07  6.95e+05   2.54e+01     1.43e+02   3004.254s
2975000 +4.69720203e+07 +4.76664495e+07  6.94e+05   2.54e+01     1.47e+02   3005.254s
2976000 +4.69720394e+07 +4.76656718e+07  6.94e+05   2.53e+01     1.52e+02   3006.256s
2977000 +4.69720575e+07 +4.76648671e+07  6.93e+05   2.53e+01     1.57e+02   3007.256s
2978000 +4.69720745e+07 +4.76640027e+07  6.92e+05   2.53e+01     1.63e+02   3008.257s
2979000 +4.69720906e+07 +4.76630557e+07  6.91e+05   2.53e+01     1.68e+02   3009.258s
2980000 +4.69721058e+07 +4.76620674e+07  6.90e+05   2.53e+01     1.73e+02   3010.261s
2981000 +4.69721201e+07 +4.76611084e+07  6.89e+05   2.53e+01     1.79e+02   3011.263s
2982000 +4.69721336e+07 +4.76602534e+07  6.88e+05   2.53e+01     1.84e+02   3012.266s
2983000 +4.69721461e+07 +4.76594884e+07  6.87e+05   2.53e+01     1.89e+02   3013.268s
2984000 +4.69721578e+07 +4.76588042e+07  6.87e+05   2.53e+01     1.95e+02   3014.270s
2985000 +4.69721689e+07 +4.76581751e+07  6.86e+05   2.53e+01     2.00e+02   3015.271s
2986000 +4.69721792e+07 +4.76575891e+07  6.85e+05   2.53e+01     2.05e+02   3016.272s
2987000 +4.69721896e+07 +4.76570385e+07  6.85e+05   2.53e+01     2.11e+02   3017.274s
2988000 +4.69722004e+07 +4.76565216e+07  6.84e+05   2.53e+01     2.16e+02   3018.274s
2989000 +4.69722113e+07 +4.76560384e+07  6.84e+05   2.53e+01     2.21e+02   3019.275s
2990000 +4.69722222e+07 +4.76555867e+07  6.83e+05   2.53e+01     2.26e+02   3020.276s
2991000 +4.69722328e+07 +4.76551874e+07  6.83e+05   2.53e+01     2.30e+02   3021.277s
2992000 +4.69722434e+07 +4.76548471e+07  6.83e+05   2.53e+01     2.35e+02   3022.277s
2993000 +4.69722539e+07 +4.76545744e+07  6.82e+05   2.53e+01     2.39e+02   3023.278s
2994000 +4.69722648e+07 +4.76543853e+07  6.82e+05   2.53e+01     2.44e+02   3024.281s
2995000 +4.69722797e+07 +4.76542727e+07  6.82e+05   2.53e+01     2.48e+02   3025.283s
2996000 +4.69723003e+07 +4.76542076e+07  6.82e+05   2.53e+01     2.52e+02   3026.286s
2997000 +4.69723257e+07 +4.76541812e+07  6.82e+05   2.53e+01     2.56e+02   3027.288s
2998000 +4.69723548e+07 +4.76541977e+07  6.82e+05   2.53e+01     2.60e+02   3028.289s
2999000 +4.69723863e+07 +4.76542385e+07  6.82e+05   2.53e+01     2.64e+02   3029.291s
3000000 +4.69724190e+07 +4.76542929e+07  6.82e+05   2.53e+01     2.68e+02   3030.292s
3001000 +4.69724512e+07 +4.76543705e+07  6.82e+05   2.53e+01     2.71e+02   3031.293s
3002000 +4.69724819e+07 +4.76544645e+07  6.82e+05   2.53e+01     2.74e+02   3032.294s
3003000 +4.69725101e+07 +4.76545599e+07  6.82e+05   2.53e+01     2.77e+02   3033.295s
3004000 +4.69725350e+07 +4.76546754e+07  6.82e+05   2.53e+01     2.80e+02   3034.295s
3005000 +4.69725561e+07 +4.76548248e+07  6.82e+05   2.53e+01     2.83e+02   3035.296s
3006000 +4.69725731e+07 +4.76549973e+07  6.82e+05   2.53e+01     2.86e+02   3036.297s
3007000 +4.69725862e+07 +4.76551641e+07  6.83e+05   2.53e+01     2.88e+02   3037.299s
3008000 +4.69725958e+07 +4.76553347e+07  6.83e+05   2.53e+01     2.91e+02   3038.301s
3009000 +4.69726019e+07 +4.76555212e+07  6.83e+05   2.53e+01     2.93e+02   3039.303s
3010000 +4.69726043e+07 +4.76557318e+07  6.83e+05   2.53e+01     2.96e+02   3040.305s
3011000 +4.69726033e+07 +4.76559876e+07  6.83e+05   2.53e+01     2.98e+02   3041.307s
3012000 +4.69725997e+07 +4.76562939e+07  6.84e+05   2.53e+01     3.01e+02   3042.309s
3013000 +4.69725946e+07 +4.76566452e+07  6.84e+05   2.53e+01     3.03e+02   3043.310s
3014000 +4.69725891e+07 +4.76570332e+07  6.84e+05   2.53e+01     3.06e+02   3044.311s
3015000 +4.69725842e+07 +4.76574582e+07  6.85e+05   2.53e+01     3.08e+02   3045.312s
3016000 +4.69725802e+07 +4.76579164e+07  6.85e+05   2.53e+01     3.10e+02   3046.313s
3017000 +4.69725775e+07 +4.76583796e+07  6.86e+05   2.53e+01     3.12e+02   3047.314s
3018000 +4.69725763e+07 +4.76588367e+07  6.86e+05   2.53e+01     3.15e+02   3048.314s
3019000 +4.69725769e+07 +4.76592801e+07  6.87e+05   2.53e+01     3.17e+02   3049.315s
3020000 +4.69725793e+07 +4.76596991e+07  6.87e+05   2.53e+01     3.19e+02   3050.316s
3021000 +4.69725831e+07 +4.76600665e+07  6.87e+05   2.53e+01     3.22e+02   3051.316s
3022000 +4.69725942e+07 +4.76603990e+07  6.88e+05   2.53e+01     3.24e+02   3052.317s
3023000 +4.69726228e+07 +4.76608906e+07  6.88e+05   2.53e+01     3.29e+02   3053.319s
3024000 +4.69726590e+07 +4.76613666e+07  6.89e+05   2.53e+01     3.34e+02   3054.321s
3025000 +4.69726977e+07 +4.76615204e+07  6.89e+05   2.53e+01     3.40e+02   3055.324s
3026000 +4.69727322e+07 +4.76615863e+07  6.89e+05   2.53e+01     3.46e+02   3056.327s
3027000 +4.69727609e+07 +4.76613809e+07  6.89e+05   2.53e+01     3.52e+02   3057.329s
3028000 +4.69727912e+07 +4.76609811e+07  6.88e+05   2.53e+01     3.58e+02   3058.331s
3029000 +4.69728183e+07 +4.76605632e+07  6.88e+05   2.53e+01     3.63e+02   3059.332s
3030000 +4.69728430e+07 +4.76602536e+07  6.87e+05   2.53e+01     3.68e+02   3060.334s
3031000 +4.69728651e+07 +4.76598072e+07  6.87e+05   2.53e+01     3.71e+02   3061.335s
3032000 +4.69728855e+07 +4.76591142e+07  6.86e+05   2.53e+01     3.74e+02   3062.336s
3033000 +4.69728999e+07 +4.76582330e+07  6.85e+05   2.53e+01     3.76e+02   3063.336s
3034000 +4.69729013e+07 +4.76573855e+07  6.84e+05   2.53e+01     3.78e+02   3064.338s
3035000 +4.69728897e+07 +4.76566860e+07  6.84e+05   2.53e+01     3.80e+02   3065.339s
3036000 +4.69728709e+07 +4.76560163e+07  6.83e+05   2.53e+01     3.83e+02   3066.342s
3037000 +4.69728469e+07 +4.76553435e+07  6.82e+05   2.53e+01     3.85e+02   3067.345s
3038000 +4.69728180e+07 +4.76548481e+07  6.82e+05   2.53e+01     3.89e+02   3068.347s
3039000 +4.69727834e+07 +4.76544890e+07  6.82e+05   2.53e+01     3.93e+02   3069.349s
3040000 +4.69727412e+07 +4.76540999e+07  6.81e+05   2.53e+01     3.98e+02   3070.350s
3041000 +4.69726913e+07 +4.76535017e+07  6.81e+05   2.53e+01     4.02e+02   3071.352s
3042000 +4.69726400e+07 +4.76527731e+07  6.80e+05   2.53e+01     4.08e+02   3072.353s
3043000 +4.69725913e+07 +4.76522280e+07  6.80e+05   2.53e+01     4.13e+02   3073.354s
3044000 +4.69725456e+07 +4.76517931e+07  6.79e+05   2.53e+01     4.17e+02   3074.355s
3045000 +4.69725011e+07 +4.76514911e+07  6.79e+05   2.53e+01     4.22e+02   3075.356s
3046000 +4.69724569e+07 +4.76514295e+07  6.79e+05   2.52e+01     4.26e+02   3076.356s
3047000 +4.69724176e+07 +4.76515160e+07  6.79e+05   2.52e+01     4.30e+02   3077.357s
3048000 +4.69723836e+07 +4.76516704e+07  6.79e+05   2.52e+01     4.33e+02   3078.357s
3049000 +4.69723550e+07 +4.76519295e+07  6.80e+05   2.52e+01     4.36e+02   3079.359s
3050000 +4.69723320e+07 +4.76521915e+07  6.80e+05   2.52e+01     4.38e+02   3080.362s
3051000 +4.69723160e+07 +4.76524183e+07  6.80e+05   2.52e+01     4.40e+02   3081.365s
3052000 +4.69723121e+07 +4.76525370e+07  6.80e+05   2.52e+01     4.42e+02   3082.367s
3053000 +4.69723176e+07 +4.76524133e+07  6.80e+05   2.52e+01     4.45e+02   3083.369s
3054000 +4.69723259e+07 +4.76519972e+07  6.80e+05   2.52e+01     4.47e+02   3084.371s
3055000 +4.69723315e+07 +4.76514089e+07  6.79e+05   2.52e+01     4.49e+02   3085.372s
3056000 +4.69723324e+07 +4.76506866e+07  6.78e+05   2.52e+01     4.52e+02   3086.374s
3057000 +4.69723306e+07 +4.76498291e+07  6.77e+05   2.52e+01     4.54e+02   3087.375s
3058000 +4.69723278e+07 +4.76488977e+07  6.77e+05   2.52e+01     4.57e+02   3088.375s
3059000 +4.69723276e+07 +4.76479800e+07  6.76e+05   2.52e+01     4.59e+02   3089.375s
3060000 +4.69723282e+07 +4.76472220e+07  6.75e+05   2.52e+01     4.61e+02   3090.376s
3061000 +4.69723268e+07 +4.76465870e+07  6.74e+05   2.52e+01     4.62e+02   3091.377s
3062000 +4.69723247e+07 +4.76461786e+07  6.74e+05   2.52e+01     4.63e+02   3092.378s
3063000 +4.69723255e+07 +4.76458736e+07  6.74e+05   2.52e+01     4.63e+02   3093.380s
3064000 +4.69723274e+07 +4.76456583e+07  6.73e+05   2.52e+01     4.63e+02   3094.382s
3065000 +4.69723247e+07 +4.76455841e+07  6.73e+05   2.52e+01     4.63e+02   3095.384s
3066000 +4.69723143e+07 +4.76456149e+07  6.73e+05   2.52e+01     4.62e+02   3096.386s
3067000 +4.69722970e+07 +4.76457661e+07  6.73e+05   2.52e+01     4.61e+02   3097.388s
3068000 +4.69722763e+07 +4.76460814e+07  6.74e+05   2.52e+01     4.60e+02   3098.389s
3069000 +4.69722551e+07 +4.76466694e+07  6.74e+05   2.52e+01     4.59e+02   3099.391s
3070000 +4.69722314e+07 +4.76472294e+07  6.75e+05   2.52e+01     4.58e+02   3100.392s
3071000 +4.69722085e+07 +4.76478122e+07  6.76e+05   2.52e+01     4.57e+02   3101.394s
3072000 +4.69721874e+07 +4.76486177e+07  6.76e+05   2.52e+01     4.56e+02   3102.394s
3073000 +4.69721641e+07 +4.76496441e+07  6.77e+05   2.52e+01     4.55e+02   3103.395s
3074000 +4.69721372e+07 +4.76508840e+07  6.79e+05   2.52e+01     4.54e+02   3104.395s
3075000 +4.69721098e+07 +4.76522922e+07  6.80e+05   2.52e+01     4.54e+02   3105.396s
3076000 +4.69720847e+07 +4.76537665e+07  6.82e+05   2.52e+01     4.53e+02   3106.396s
3077000 +4.69720657e+07 +4.76552828e+07  6.83e+05   2.52e+01     4.52e+02   3107.396s
3078000 +4.69720537e+07 +4.76570218e+07  6.85e+05   2.52e+01     4.51e+02   3108.397s
3079000 +4.69720463e+07 +4.76590084e+07  6.87e+05   2.52e+01     4.49e+02   3109.398s
3080000 +4.69720441e+07 +4.76610544e+07  6.89e+05   2.52e+01     4.48e+02   3110.399s
3081000 +4.69720428e+07 +4.76631251e+07  6.91e+05   2.52e+01     4.46e+02   3111.402s
3082000 +4.69720445e+07 +4.76651014e+07  6.93e+05   2.52e+01     4.44e+02   3112.404s
3083000 +4.69720510e+07 +4.76669790e+07  6.95e+05   2.52e+01     4.42e+02   3113.406s
3084000 +4.69721211e+07 +4.76686905e+07  6.97e+05   2.52e+01     4.54e+02   3114.408s
3085000 +4.69722624e+07 +4.76703725e+07  6.98e+05   2.52e+01     4.83e+02   3115.409s
3086000 +4.69724481e+07 +4.76713161e+07  6.99e+05   2.51e+01     5.18e+02   3116.411s
3087000 +4.69726380e+07 +4.76707981e+07  6.98e+05   2.51e+01     5.50e+02   3117.412s
3088000 +4.69728003e+07 +4.76688619e+07  6.96e+05   2.51e+01     5.77e+02   3118.413s
3089000 +4.69728920e+07 +4.76658300e+07  6.93e+05   2.50e+01     6.02e+02   3119.414s
3090000 +4.69729191e+07 +4.76625621e+07  6.90e+05   2.50e+01     6.29e+02   3120.415s
3091000 +4.69729111e+07 +4.76594057e+07  6.86e+05   2.50e+01     6.64e+02   3121.416s
3092000 +4.69728684e+07 +4.76570049e+07  6.84e+05   2.49e+01     7.07e+02   3122.416s
3093000 +4.69728061e+07 +4.76561486e+07  6.83e+05   2.49e+01     7.52e+02   3123.416s
3094000 +4.69727120e+07 +4.76576100e+07  6.85e+05   2.48e+01     7.95e+02   3124.418s
3095000 +4.69726116e+07 +4.76614337e+07  6.89e+05   2.48e+01     8.33e+02   3125.420s
3096000 +4.69725342e+07 +4.76667493e+07  6.94e+05   2.47e+01     8.66e+02   3126.423s
3097000 +4.69724924e+07 +4.76734635e+07  7.01e+05   2.47e+01     8.98e+02   3127.426s
3098000 +4.69725266e+07 +4.76811421e+07  7.09e+05   2.47e+01     9.31e+02   3128.428s
3099000 +4.69726458e+07 +4.76883899e+07  7.16e+05   2.46e+01     9.69e+02   3129.430s
3100000 +4.69728632e+07 +4.76948024e+07  7.22e+05   2.45e+01     1.01e+03   3130.432s
3101000 +4.69731556e+07 +4.77000741e+07  7.27e+05   2.45e+01     1.05e+03   3131.433s
3102000 +4.69734923e+07 +4.77038579e+07  7.30e+05   2.44e+01     1.09e+03   3132.435s
3103000 +4.69738327e+07 +4.77062456e+07  7.32e+05   2.43e+01     1.12e+03   3133.436s
3104000 +4.69741399e+07 +4.77072518e+07  7.33e+05   2.43e+01     1.15e+03   3134.437s
3105000 +4.69744056e+07 +4.77055248e+07  7.31e+05   2.42e+01     1.17e+03   3135.439s
3106000 +4.69746140e+07 +4.77018848e+07  7.27e+05   2.42e+01     1.19e+03   3136.442s
3107000 +4.69747710e+07 +4.76976689e+07  7.23e+05   2.41e+01     1.22e+03   3137.445s
3108000 +4.69748996e+07 +4.76934630e+07  7.19e+05   2.40e+01     1.24e+03   3138.447s
3109000 +4.69750063e+07 +4.76895834e+07  7.15e+05   2.40e+01     1.27e+03   3139.449s
3110000 +4.69750794e+07 +4.76873387e+07  7.12e+05   2.39e+01     1.29e+03   3140.451s
3111000 +4.69751232e+07 +4.76867062e+07  7.12e+05   2.39e+01     1.30e+03   3141.453s
3112000 +4.69751713e+07 +4.76879040e+07  7.13e+05   2.38e+01     1.31e+03   3142.454s
3113000 +4.69752584e+07 +4.76903174e+07  7.15e+05   2.38e+01     1.32e+03   3143.455s
3114000 +4.69754007e+07 +4.76930367e+07  7.18e+05   2.37e+01     1.34e+03   3144.456s
3115000 +4.69756036e+07 +4.76955357e+07  7.20e+05   2.37e+01     1.35e+03   3145.457s
3116000 +4.69758709e+07 +4.76977458e+07  7.22e+05   2.36e+01     1.37e+03   3146.458s
3117000 +4.69762136e+07 +4.76991433e+07  7.23e+05   2.36e+01     1.38e+03   3147.459s
3118000 +4.69765987e+07 +4.76995651e+07  7.23e+05   2.35e+01     1.38e+03   3148.462s
3119000 +4.69769619e+07 +4.76986182e+07  7.22e+05   2.35e+01     1.39e+03   3149.464s
3120000 +4.69772744e+07 +4.76970052e+07  7.20e+05   2.34e+01     1.39e+03   3150.466s
3121000 +4.69775374e+07 +4.76949776e+07  7.17e+05   2.34e+01     1.39e+03   3151.469s
3122000 +4.69777522e+07 +4.76931382e+07  7.15e+05   2.33e+01     1.39e+03   3152.470s
3123000 +4.69779381e+07 +4.76915977e+07  7.14e+05   2.33e+01     1.39e+03   3153.472s
3124000 +4.69781110e+07 +4.76909217e+07  7.13e+05   2.32e+01     1.39e+03   3154.474s
3125000 +4.69782794e+07 +4.76916260e+07  7.13e+05   2.32e+01     1.39e+03   3155.475s
3126000 +4.69784692e+07 +4.76935479e+07  7.15e+05   2.32e+01     1.39e+03   3156.476s
3127000 +4.69786766e+07 +4.76961143e+07  7.17e+05   2.31e+01     1.38e+03   3157.476s
3128000 +4.69789045e+07 +4.76992810e+07  7.20e+05   2.31e+01     1.37e+03   3158.477s
3129000 +4.69791664e+07 +4.77029572e+07  7.24e+05   2.31e+01     1.37e+03   3159.477s
3130000 +4.69794752e+07 +4.77065819e+07  7.27e+05   2.30e+01     1.36e+03   3160.478s
3131000 +4.69798223e+07 +4.77095153e+07  7.30e+05   2.30e+01     1.36e+03   3161.480s
3132000 +4.69802232e+07 +4.77115536e+07  7.31e+05   2.30e+01     1.35e+03   3162.483s
3133000 +4.69806597e+07 +4.77126073e+07  7.32e+05   2.29e+01     1.34e+03   3163.486s
3134000 +4.69810940e+07 +4.77126430e+07  7.32e+05   2.29e+01     1.33e+03   3164.488s
3135000 +4.69814898e+07 +4.77117555e+07  7.30e+05   2.29e+01     1.32e+03   3165.490s
3136000 +4.69818197e+07 +4.77095712e+07  7.28e+05   2.28e+01     1.31e+03   3166.492s
3137000 +4.69820711e+07 +4.77063794e+07  7.24e+05   2.28e+01     1.29e+03   3167.493s
3138000 +4.69822710e+07 +4.77024815e+07  7.20e+05   2.28e+01     1.28e+03   3168.494s
3139000 +4.69824504e+07 +4.76986702e+07  7.16e+05   2.28e+01     1.27e+03   3169.496s
3140000 +4.69826115e+07 +4.76952157e+07  7.13e+05   2.27e+01     1.26e+03   3170.496s
3141000 +4.69827734e+07 +4.76924741e+07  7.10e+05   2.27e+01     1.25e+03   3171.497s
3142000 +4.69829388e+07 +4.76914907e+07  7.09e+05   2.27e+01     1.24e+03   3172.498s
3143000 +4.69831085e+07 +4.76922686e+07  7.09e+05   2.27e+01     1.23e+03   3173.500s
3144000 +4.69832922e+07 +4.76941398e+07  7.11e+05   2.27e+01     1.22e+03   3174.502s
3145000 +4.69834918e+07 +4.76963056e+07  7.13e+05   2.27e+01     1.21e+03   3175.505s
3146000 +4.69837149e+07 +4.76985238e+07  7.15e+05   2.26e+01     1.20e+03   3176.507s
3147000 +4.69839692e+07 +4.77007677e+07  7.17e+05   2.26e+01     1.19e+03   3177.509s
3148000 +4.69842453e+07 +4.77021552e+07  7.18e+05   2.26e+01     1.19e+03   3178.511s
3149000 +4.69845381e+07 +4.77024295e+07  7.18e+05   2.25e+01     1.18e+03   3179.512s
3150000 +4.69848348e+07 +4.77014302e+07  7.17e+05   2.25e+01     1.17e+03   3180.513s
3151000 +4.69851002e+07 +4.76992586e+07  7.14e+05   2.25e+01     1.17e+03   3181.514s
3152000 +4.69852950e+07 +4.76968858e+07  7.12e+05   2.25e+01     1.16e+03   3182.515s
3153000 +4.69854062e+07 +4.76945533e+07  7.09e+05   2.24e+01     1.16e+03   3183.515s
3154000 +4.69854694e+07 +4.76927911e+07  7.07e+05   2.24e+01     1.15e+03   3184.516s
3155000 +4.69855062e+07 +4.76919153e+07  7.06e+05   2.24e+01     1.15e+03   3185.517s
3156000 +4.69855500e+07 +4.76920737e+07  7.07e+05   2.24e+01     1.15e+03   3186.518s
3157000 +4.69856052e+07 +4.76929181e+07  7.07e+05   2.24e+01     1.15e+03   3187.521s
3158000 +4.69856877e+07 +4.76946794e+07  7.09e+05   2.23e+01     1.15e+03   3188.524s
3159000 +4.69857915e+07 +4.76977106e+07  7.12e+05   2.23e+01     1.15e+03   3189.527s
3160000 +4.69859277e+07 +4.77014697e+07  7.16e+05   2.23e+01     1.15e+03   3190.529s
3161000 +4.69861032e+07 +4.77052233e+07  7.19e+05   2.23e+01     1.15e+03   3191.531s
3162000 +4.69863047e+07 +4.77088783e+07  7.23e+05   2.22e+01     1.16e+03   3192.533s
3163000 +4.69865360e+07 +4.77118529e+07  7.25e+05   2.22e+01     1.16e+03   3193.534s
3164000 +4.69867994e+07 +4.77132971e+07  7.26e+05   2.22e+01     1.17e+03   3194.535s
3165000 +4.69870721e+07 +4.77134921e+07  7.26e+05   2.22e+01     1.17e+03   3195.536s
3166000 +4.69873365e+07 +4.77129624e+07  7.26e+05   2.21e+01     1.17e+03   3196.537s
3167000 +4.69875637e+07 +4.77112443e+07  7.24e+05   2.21e+01     1.17e+03   3197.538s
3168000 +4.69877329e+07 +4.77085982e+07  7.21e+05   2.21e+01     1.18e+03   3198.540s
3169000 +4.69878413e+07 +4.77059835e+07  7.18e+05   2.21e+01     1.18e+03   3199.543s
3170000 +4.69879258e+07 +4.77033284e+07  7.15e+05   2.21e+01     1.19e+03   3200.545s
3171000 +4.69880077e+07 +4.77012605e+07  7.13e+05   2.21e+01     1.19e+03   3201.548s
3172000 +4.69881068e+07 +4.77005678e+07  7.12e+05   2.20e+01     1.20e+03   3202.550s
3173000 +4.69882435e+07 +4.77009485e+07  7.13e+05   2.20e+01     1.20e+03   3203.551s
3174000 +4.69884152e+07 +4.77024751e+07  7.14e+05   2.20e+01     1.21e+03   3204.553s
3175000 +4.69886295e+07 +4.77049667e+07  7.16e+05   2.20e+01     1.21e+03   3205.554s
3176000 +4.69888762e+07 +4.77079460e+07  7.19e+05   2.20e+01     1.22e+03   3206.555s
3177000 +4.69891329e+07 +4.77108182e+07  7.22e+05   2.20e+01     1.23e+03   3207.556s
3178000 +4.69894087e+07 +4.77129651e+07  7.24e+05   2.19e+01     1.24e+03   3208.556s
3179000 +4.69897028e+07 +4.77148735e+07  7.25e+05   2.19e+01     1.25e+03   3209.557s
3180000 +4.69900220e+07 +4.77162104e+07  7.26e+05   2.19e+01     1.25e+03   3210.558s
3181000 +4.69903541e+07 +4.77168396e+07  7.26e+05   2.19e+01     1.26e+03   3211.559s
3182000 +4.69907002e+07 +4.77172430e+07  7.27e+05   2.18e+01     1.27e+03   3212.562s
3183000 +4.69910368e+07 +4.77172994e+07  7.26e+05   2.18e+01     1.27e+03   3213.564s
3184000 +4.69913461e+07 +4.77175852e+07  7.26e+05   2.18e+01     1.28e+03   3214.567s
3185000 +4.69916372e+07 +4.77176264e+07  7.26e+05   2.18e+01     1.30e+03   3215.569s
3186000 +4.69919175e+07 +4.77176362e+07  7.26e+05   2.18e+01     1.31e+03   3216.571s
3187000 +4.69922183e+07 +4.77182953e+07  7.26e+05   2.17e+01     1.32e+03   3217.572s
3188000 +4.69925572e+07 +4.77199116e+07  7.27e+05   2.17e+01     1.33e+03   3218.574s
3189000 +4.69929394e+07 +4.77226850e+07  7.30e+05   2.17e+01     1.34e+03   3219.575s
3190000 +4.69933618e+07 +4.77267096e+07  7.33e+05   2.17e+01     1.35e+03   3220.576s
3191000 +4.69938297e+07 +4.77313232e+07  7.37e+05   2.17e+01     1.36e+03   3221.577s
3192000 +4.69943414e+07 +4.77358976e+07  7.42e+05   2.17e+01     1.38e+03   3222.577s
3193000 +4.69948867e+07 +4.77398852e+07  7.45e+05   2.16e+01     1.39e+03   3223.579s
3194000 +4.69954525e+07 +4.77426518e+07  7.47e+05   2.16e+01     1.40e+03   3224.580s
3195000 +4.69960386e+07 +4.77441183e+07  7.48e+05   2.16e+01     1.42e+03   3225.583s
3196000 +4.69966333e+07 +4.77440641e+07  7.47e+05   2.16e+01     1.43e+03   3226.586s
3197000 +4.69972207e+07 +4.77427427e+07  7.46e+05   2.15e+01     1.44e+03   3227.587s
3198000 +4.69977767e+07 +4.77402750e+07  7.42e+05   2.15e+01     1.45e+03   3228.590s
3199000 +4.69982854e+07 +4.77377354e+07  7.39e+05   2.15e+01     1.47e+03   3229.591s
3200000 +4.69987523e+07 +4.77354509e+07  7.37e+05   2.15e+01     1.48e+03   3230.592s
3201000 +4.69991799e+07 +4.77335272e+07  7.34e+05   2.14e+01     1.50e+03   3231.594s
3202000 +4.69995882e+07 +4.77325972e+07  7.33e+05   2.14e+01     1.51e+03   3232.595s
3203000 +4.70000075e+07 +4.77324689e+07  7.32e+05   2.14e+01     1.53e+03   3233.596s
3204000 +4.70004610e+07 +4.77334380e+07  7.33e+05   2.14e+01     1.54e+03   3234.597s
3205000 +4.70009557e+07 +4.77357440e+07  7.35e+05   2.13e+01     1.55e+03   3235.597s
3206000 +4.70014867e+07 +4.77390550e+07  7.38e+05   2.13e+01     1.57e+03   3236.597s
3207000 +4.70020582e+07 +4.77425837e+07  7.41e+05   2.13e+01     1.58e+03   3237.599s
3208000 +4.70026543e+07 +4.77462371e+07  7.44e+05   2.12e+01     1.60e+03   3238.602s
3209000 +4.70032686e+07 +4.77492201e+07  7.46e+05   2.12e+01     1.61e+03   3239.604s
3210000 +4.70038891e+07 +4.77510931e+07  7.47e+05   2.12e+01     1.63e+03   3240.607s
3211000 +4.70045140e+07 +4.77518888e+07  7.47e+05   2.11e+01     1.64e+03   3241.608s
3212000 +4.70051316e+07 +4.77517805e+07  7.47e+05   2.11e+01     1.66e+03   3242.610s
3213000 +4.70057271e+07 +4.77507301e+07  7.45e+05   2.11e+01     1.67e+03   3243.612s
3214000 +4.70063064e+07 +4.77497589e+07  7.43e+05   2.10e+01     1.68e+03   3244.613s
3215000 +4.70068679e+07 +4.77492036e+07  7.42e+05   2.10e+01     1.70e+03   3245.615s
3216000 +4.70074244e+07 +4.77493443e+07  7.42e+05   2.10e+01     1.71e+03   3246.616s
3217000 +4.70079821e+07 +4.77500760e+07  7.42e+05   2.09e+01     1.73e+03   3247.617s
3218000 +4.70085345e+07 +4.77509789e+07  7.42e+05   2.09e+01     1.74e+03   3248.617s
3219000 +4.70091061e+07 +4.77521815e+07  7.43e+05   2.09e+01     1.75e+03   3249.618s
3220000 +4.70097110e+07 +4.77534768e+07  7.44e+05   2.08e+01     1.76e+03   3250.619s
3221000 +4.70103440e+07 +4.77552160e+07  7.45e+05   2.08e+01     1.78e+03   3251.620s
3222000 +4.70110037e+07 +4.77573256e+07  7.46e+05   2.08e+01     1.79e+03   3252.624s
3223000 +4.70116788e+07 +4.77594449e+07  7.48e+05   2.07e+01     1.80e+03   3253.627s
3224000 +4.70123493e+07 +4.77609998e+07  7.49e+05   2.07e+01     1.81e+03   3254.629s
3225000 +4.70130054e+07 +4.77618991e+07  7.49e+05   2.07e+01     1.82e+03   3255.631s
3226000 +4.70136552e+07 +4.77617278e+07  7.48e+05   2.06e+01     1.83e+03   3256.632s
3227000 +4.70142957e+07 +4.77606952e+07  7.46e+05   2.06e+01     1.84e+03   3257.633s
3228000 +4.70149227e+07 +4.77586332e+07  7.44e+05   2.06e+01     1.85e+03   3258.635s
3229000 +4.70155339e+07 +4.77556969e+07  7.40e+05   2.05e+01     1.86e+03   3259.636s
3230000 +4.70161168e+07 +4.77522112e+07  7.36e+05   2.05e+01     1.86e+03   3260.637s
3231000 +4.70166657e+07 +4.77490127e+07  7.32e+05   2.05e+01     1.87e+03   3261.637s
3232000 +4.70171907e+07 +4.77467332e+07  7.30e+05   2.05e+01     1.88e+03   3262.638s
3233000 +4.70176861e+07 +4.77453924e+07  7.28e+05   2.04e+01     1.89e+03   3263.640s
3234000 +4.70181712e+07 +4.77454903e+07  7.27e+05   2.04e+01     1.89e+03   3264.642s
3235000 +4.70186760e+07 +4.77470454e+07  7.28e+05   2.04e+01     1.90e+03   3265.645s
3236000 +4.70192289e+07 +4.77495116e+07  7.30e+05   2.04e+01     1.90e+03   3266.647s
3237000 +4.70198293e+07 +4.77524854e+07  7.33e+05   2.03e+01     1.91e+03   3267.649s
3238000 +4.70204649e+07 +4.77551789e+07  7.35e+05   2.03e+01     1.91e+03   3268.651s
3239000 +4.70211232e+07 +4.77573125e+07  7.36e+05   2.03e+01     1.92e+03   3269.653s
3240000 +4.70217879e+07 +4.77588164e+07  7.37e+05   2.02e+01     1.92e+03   3270.654s
3241000 +4.70224478e+07 +4.77594203e+07  7.37e+05   2.02e+01     1.92e+03   3271.654s
3242000 +4.70231007e+07 +4.77589443e+07  7.36e+05   2.02e+01     1.93e+03   3272.655s
3243000 +4.70237473e+07 +4.77577737e+07  7.34e+05   2.02e+01     1.93e+03   3273.656s
3244000 +4.70243851e+07 +4.77564513e+07  7.32e+05   2.01e+01     1.93e+03   3274.657s
3245000 +4.70250083e+07 +4.77547061e+07  7.30e+05   2.01e+01     1.94e+03   3275.658s
3246000 +4.70256069e+07 +4.77528861e+07  7.27e+05   2.01e+01     1.94e+03   3276.659s
3247000 +4.70261836e+07 +4.77515366e+07  7.25e+05   2.01e+01     1.94e+03   3277.661s
3248000 +4.70267546e+07 +4.77509910e+07  7.24e+05   2.00e+01     1.95e+03   3278.664s
3249000 +4.70273302e+07 +4.77514140e+07  7.24e+05   2.00e+01     1.95e+03   3279.666s
3250000 +4.70279148e+07 +4.77527830e+07  7.25e+05   2.00e+01     1.95e+03   3280.668s
3251000 +4.70285279e+07 +4.77543764e+07  7.26e+05   2.00e+01     1.95e+03   3281.670s
3252000 +4.70291740e+07 +4.77558236e+07  7.27e+05   1.99e+01     1.95e+03   3282.671s
3253000 +4.70298481e+07 +4.77571415e+07  7.27e+05   1.99e+01     1.96e+03   3283.673s
3254000 +4.70305491e+07 +4.77580670e+07  7.28e+05   1.99e+01     1.96e+03   3284.674s
3255000 +4.70312497e+07 +4.77579209e+07  7.27e+05   1.99e+01     1.96e+03   3285.674s
3256000 +4.70319364e+07 +4.77571655e+07  7.25e+05   1.98e+01     1.97e+03   3286.675s
3257000 +4.70326016e+07 +4.77557473e+07  7.23e+05   1.98e+01     1.97e+03   3287.676s
3258000 +4.70332442e+07 +4.77533336e+07  7.20e+05   1.98e+01     1.97e+03   3288.676s
3259000 +4.70338682e+07 +4.77501262e+07  7.16e+05   1.98e+01     1.97e+03   3289.677s
3260000 +4.70344638e+07 +4.77460930e+07  7.12e+05   1.97e+01     1.98e+03   3290.677s
3261000 +4.70350296e+07 +4.77419995e+07  7.07e+05   1.97e+01     1.98e+03   3291.678s
3262000 +4.70355843e+07 +4.77389132e+07  7.03e+05   1.97e+01     1.98e+03   3292.679s
3263000 +4.70361297e+07 +4.77367241e+07  7.01e+05   1.97e+01     1.99e+03   3293.682s
3264000 +4.70366635e+07 +4.77353233e+07  6.99e+05   1.96e+01     1.99e+03   3294.684s
3265000 +4.70371806e+07 +4.77349613e+07  6.98e+05   1.96e+01     2.00e+03   3295.687s
3266000 +4.70376844e+07 +4.77356386e+07  6.98e+05   1.96e+01     2.00e+03   3296.688s
3267000 +4.70381933e+07 +4.77369106e+07  6.99e+05   1.96e+01     2.00e+03   3297.690s
3268000 +4.70387305e+07 +4.77384002e+07  7.00e+05   1.95e+01     2.01e+03   3298.692s
3269000 +4.70392958e+07 +4.77399993e+07  7.01e+05   1.95e+01     2.01e+03   3299.694s
3270000 +4.70398775e+07 +4.77414166e+07  7.02e+05   1.95e+01     2.01e+03   3300.694s
3271000 +4.70404751e+07 +4.77423185e+07  7.02e+05   1.95e+01     2.02e+03   3301.696s
3272000 +4.70410660e+07 +4.77423353e+07  7.01e+05   1.94e+01     2.02e+03   3302.696s
3273000 +4.70416397e+07 +4.77415270e+07  7.00e+05   1.94e+01     2.02e+03   3303.697s
3274000 +4.70421962e+07 +4.77404926e+07  6.98e+05   1.94e+01     2.03e+03   3304.697s
3275000 +4.70427260e+07 +4.77393658e+07  6.97e+05   1.94e+01     2.03e+03   3305.698s
3276000 +4.70432318e+07 +4.77379760e+07  6.95e+05   1.93e+01     2.03e+03   3306.699s
3277000 +4.70437281e+07 +4.77369998e+07  6.93e+05   1.93e+01     2.04e+03   3307.702s
3278000 +4.70442154e+07 +4.77365815e+07  6.92e+05   1.93e+01     2.04e+03   3308.704s
3279000 +4.70446992e+07 +4.77369343e+07  6.92e+05   1.92e+01     2.05e+03   3309.706s
3280000 +4.70451828e+07 +4.77380131e+07  6.93e+05   1.92e+01     2.05e+03   3310.708s
3281000 +4.70456676e+07 +4.77393497e+07  6.94e+05   1.92e+01     2.05e+03   3311.709s
3282000 +4.70461658e+07 +4.77405475e+07  6.94e+05   1.92e+01     2.06e+03   3312.711s
3283000 +4.70466805e+07 +4.77414811e+07  6.95e+05   1.92e+01     2.06e+03   3313.712s
3284000 +4.70472251e+07 +4.77421129e+07  6.95e+05   1.91e+01     2.06e+03   3314.714s
3285000 +4.70477937e+07 +4.77422345e+07  6.94e+05   1.91e+01     2.06e+03   3315.715s
3286000 +4.70483776e+07 +4.77416497e+07  6.93e+05   1.91e+01     2.07e+03   3316.715s
3287000 +4.70489530e+07 +4.77401099e+07  6.91e+05   1.91e+01     2.07e+03   3317.716s
3288000 +4.70495010e+07 +4.77378461e+07  6.88e+05   1.90e+01     2.07e+03   3318.716s
3289000 +4.70500193e+07 +4.77349959e+07  6.85e+05   1.90e+01     2.07e+03   3319.717s
3290000 +4.70505061e+07 +4.77314626e+07  6.81e+05   1.90e+01     2.07e+03   3320.717s
3291000 +4.70509622e+07 +4.77275342e+07  6.77e+05   1.90e+01     2.07e+03   3321.717s
3292000 +4.70513853e+07 +4.77240826e+07  6.73e+05   1.89e+01     2.07e+03   3322.718s
3293000 +4.70518000e+07 +4.77213507e+07  6.70e+05   1.89e+01     2.07e+03   3323.719s
3294000 +4.70522104e+07 +4.77193577e+07  6.67e+05   1.89e+01     2.07e+03   3324.721s
3295000 +4.70526188e+07 +4.77184889e+07  6.66e+05   1.89e+01     2.07e+03   3325.723s
3296000 +4.70530265e+07 +4.77190624e+07  6.66e+05   1.89e+01     2.07e+03   3326.726s
3297000 +4.70534328e+07 +4.77207007e+07  6.67e+05   1.88e+01     2.07e+03   3327.728s
3298000 +4.70538495e+07 +4.77229845e+07  6.69e+05   1.88e+01     2.07e+03   3328.731s
3299000 +4.70542823e+07 +4.77252986e+07  6.71e+05   1.88e+01     2.06e+03   3329.733s
3300000 +4.70547365e+07 +4.77272085e+07  6.72e+05   1.88e+01     2.06e+03   3330.734s
3301000 +4.70552164e+07 +4.77287342e+07  6.74e+05   1.88e+01     2.06e+03   3331.736s
3302000 +4.70557174e+07 +4.77298518e+07  6.74e+05   1.87e+01     2.06e+03   3332.737s
3303000 +4.70562213e+07 +4.77304933e+07  6.74e+05   1.87e+01     2.05e+03   3333.738s
3304000 +4.70567179e+07 +4.77304565e+07  6.74e+05   1.87e+01     2.05e+03   3334.739s
3305000 +4.70572061e+07 +4.77297829e+07  6.73e+05   1.87e+01     2.04e+03   3335.741s
3306000 +4.70576865e+07 +4.77286194e+07  6.71e+05   1.87e+01     2.04e+03   3336.743s
3307000 +4.70581637e+07 +4.77272996e+07  6.69e+05   1.87e+01     2.04e+03   3337.746s
3308000 +4.70586340e+07 +4.77261056e+07  6.67e+05   1.87e+01     2.03e+03   3338.748s
3309000 +4.70590933e+07 +4.77256422e+07  6.67e+05   1.86e+01     2.03e+03   3339.750s
3310000 +4.70595586e+07 +4.77260543e+07  6.66e+05   1.86e+01     2.02e+03   3340.752s
3311000 +4.70600314e+07 +4.77271517e+07  6.67e+05   1.86e+01     2.02e+03   3341.753s
3312000 +4.70605130e+07 +4.77285731e+07  6.68e+05   1.86e+01     2.01e+03   3342.755s
3313000 +4.70610032e+07 +4.77300182e+07  6.69e+05   1.86e+01     2.01e+03   3343.755s
3314000 +4.70615070e+07 +4.77312030e+07  6.70e+05   1.86e+01     2.00e+03   3344.756s
3315000 +4.70620287e+07 +4.77318399e+07  6.70e+05   1.86e+01     2.00e+03   3345.757s
3316000 +4.70625699e+07 +4.77314967e+07  6.69e+05   1.86e+01     1.99e+03   3346.757s
3317000 +4.70631306e+07 +4.77300571e+07  6.67e+05   1.85e+01     1.98e+03   3347.758s
3318000 +4.70636941e+07 +4.77281571e+07  6.64e+05   1.85e+01     1.98e+03   3348.758s
3319000 +4.70642438e+07 +4.77262071e+07  6.62e+05   1.85e+01     1.97e+03   3349.759s
3320000 +4.70647770e+07 +4.77240179e+07  6.59e+05   1.85e+01     1.97e+03   3350.761s
3321000 +4.70652844e+07 +4.77218211e+07  6.57e+05   1.85e+01     1.96e+03   3351.763s
3322000 +4.70657606e+07 +4.77201431e+07  6.54e+05   1.85e+01     1.95e+03   3352.765s
3323000 +4.70662101e+07 +4.77188897e+07  6.53e+05   1.85e+01     1.95e+03   3353.767s
3324000 +4.70666408e+07 +4.77180440e+07  6.51e+05   1.85e+01     1.94e+03   3354.769s
3325000 +4.70670679e+07 +4.77179320e+07  6.51e+05   1.85e+01     1.93e+03   3355.770s
3326000 +4.70675025e+07 +4.77185481e+07  6.51e+05   1.84e+01     1.93e+03   3356.773s
3327000 +4.70679454e+07 +4.77202128e+07  6.52e+05   1.84e+01     1.92e+03   3357.774s
3328000 +4.70683909e+07 +4.77227491e+07  6.54e+05   1.84e+01     1.91e+03   3358.775s
3329000 +4.70688478e+07 +4.77258725e+07  6.57e+05   1.84e+01     1.90e+03   3359.776s
3330000 +4.70693211e+07 +4.77290965e+07  6.60e+05   1.84e+01     1.90e+03   3360.777s
3331000 +4.70698112e+07 +4.77317150e+07  6.62e+05   1.84e+01     1.89e+03   3361.777s
3332000 +4.70703219e+07 +4.77335560e+07  6.63e+05   1.84e+01     1.88e+03   3362.778s
3333000 +4.70708417e+07 +4.77345223e+07  6.64e+05   1.84e+01     1.87e+03   3363.779s
3334000 +4.70713631e+07 +4.77348833e+07  6.64e+05   1.84e+01     1.87e+03   3364.781s
3335000 +4.70718759e+07 +4.77348141e+07  6.63e+05   1.83e+01     1.86e+03   3365.783s
3336000 +4.70723608e+07 +4.77342478e+07  6.62e+05   1.83e+01     1.85e+03   3366.785s
3337000 +4.70728159e+07 +4.77333962e+07  6.61e+05   1.83e+01     1.84e+03   3367.788s
3338000 +4.70732498e+07 +4.77326407e+07  6.59e+05   1.83e+01     1.83e+03   3368.789s
3339000 +4.70736729e+07 +4.77320113e+07  6.58e+05   1.83e+01     1.83e+03   3369.791s
3340000 +4.70740894e+07 +4.77314649e+07  6.57e+05   1.83e+01     1.82e+03   3370.793s
3341000 +4.70745059e+07 +4.77313358e+07  6.57e+05   1.83e+01     1.81e+03   3371.794s
3342000 +4.70749254e+07 +4.77320387e+07  6.57e+05   1.83e+01     1.80e+03   3372.795s
3343000 +4.70753514e+07 +4.77333571e+07  6.58e+05   1.83e+01     1.79e+03   3373.796s
3344000 +4.70757764e+07 +4.77351975e+07  6.59e+05   1.83e+01     1.78e+03   3374.797s
3345000 +4.70762012e+07 +4.77370482e+07  6.61e+05   1.83e+01     1.78e+03   3375.798s
3346000 +4.70766314e+07 +4.77388536e+07  6.62e+05   1.83e+01     1.77e+03   3376.798s
3347000 +4.70770725e+07 +4.77399131e+07  6.63e+05   1.82e+01     1.76e+03   3377.799s
3348000 +4.70775221e+07 +4.77398355e+07  6.62e+05   1.82e+01     1.75e+03   3378.800s
3349000 +4.70779743e+07 +4.77388254e+07  6.61e+05   1.82e+01     1.74e+03   3379.803s
3350000 +4.70784150e+07 +4.77371939e+07  6.59e+05   1.82e+01     1.73e+03   3380.805s
3351000 +4.70788365e+07 +4.77355643e+07  6.57e+05   1.82e+01     1.72e+03   3381.807s
3352000 +4.70792287e+07 +4.77342274e+07  6.55e+05   1.82e+01     1.71e+03   3382.808s
3353000 +4.70795910e+07 +4.77333139e+07  6.54e+05   1.82e+01     1.70e+03   3383.810s
3354000 +4.70799234e+07 +4.77330837e+07  6.53e+05   1.82e+01     1.69e+03   3384.811s
3355000 +4.70802397e+07 +4.77338713e+07  6.54e+05   1.82e+01     1.68e+03   3385.812s
3356000 +4.70805501e+07 +4.77355880e+07  6.55e+05   1.82e+01     1.67e+03   3386.813s
3357000 +4.70808655e+07 +4.77378209e+07  6.57e+05   1.82e+01     1.66e+03   3387.814s
3358000 +4.70811932e+07 +4.77406806e+07  6.59e+05   1.82e+01     1.65e+03   3388.815s
3359000 +4.70815325e+07 +4.77439285e+07  6.62e+05   1.82e+01     1.64e+03   3389.816s
3360000 +4.70818872e+07 +4.77470523e+07  6.65e+05   1.82e+01     1.63e+03   3390.817s
3361000 +4.70822500e+07 +4.77499194e+07  6.68e+05   1.82e+01     1.62e+03   3391.817s
3362000 +4.70826169e+07 +4.77521964e+07  6.70e+05   1.82e+01     1.61e+03   3392.818s
3363000 +4.70829960e+07 +4.77536249e+07  6.71e+05   1.82e+01     1.60e+03   3393.819s
3364000 +4.70833795e+07 +4.77545075e+07  6.71e+05   1.82e+01     1.59e+03   3394.820s
3365000 +4.70837607e+07 +4.77551359e+07  6.71e+05   1.82e+01     1.58e+03   3395.822s
3366000 +4.70841343e+07 +4.77553866e+07  6.71e+05   1.82e+01     1.57e+03   3396.825s
3367000 +4.70845002e+07 +4.77556183e+07  6.71e+05   1.81e+01     1.55e+03   3397.827s
3368000 +4.70848492e+07 +4.77559854e+07  6.71e+05   1.81e+01     1.54e+03   3398.830s
3369000 +4.70851775e+07 +4.77561929e+07  6.71e+05   1.81e+01     1.53e+03   3399.832s
3370000 +4.70854840e+07 +4.77563711e+07  6.71e+05   1.81e+01     1.52e+03   3400.833s
3371000 +4.70857779e+07 +4.77566524e+07  6.71e+05   1.81e+01     1.51e+03   3401.834s
3372000 +4.70860782e+07 +4.77573251e+07  6.71e+05   1.81e+01     1.50e+03   3402.835s
3373000 +4.70863873e+07 +4.77583373e+07  6.72e+05   1.81e+01     1.49e+03   3403.836s
3374000 +4.70867085e+07 +4.77595505e+07  6.73e+05   1.82e+01     1.48e+03   3404.837s
3375000 +4.70870494e+07 +4.77607924e+07  6.74e+05   1.82e+01     1.47e+03   3405.837s
3376000 +4.70874090e+07 +4.77620584e+07  6.75e+05   1.81e+01     1.46e+03   3406.838s
3377000 +4.70877770e+07 +4.77630059e+07  6.75e+05   1.81e+01     1.45e+03   3407.839s
3378000 +4.70881535e+07 +4.77630830e+07  6.75e+05   1.81e+01     1.44e+03   3408.840s
3379000 +4.70885308e+07 +4.77621273e+07  6.74e+05   1.81e+01     1.43e+03   3409.842s
3380000 +4.70889027e+07 +4.77601021e+07  6.71e+05   1.81e+01     1.42e+03   3410.845s
3381000 +4.70892535e+07 +4.77571789e+07  6.68e+05   1.81e+01     1.41e+03   3411.847s
3382000 +4.70895844e+07 +4.77539779e+07  6.64e+05   1.81e+01     1.40e+03   3412.849s
3383000 +4.70898852e+07 +4.77509188e+07  6.61e+05   1.81e+01     1.39e+03   3413.851s
3384000 +4.70901455e+07 +4.77485178e+07  6.58e+05   1.82e+01     1.38e+03   3414.853s
3385000 +4.70903629e+07 +4.77468064e+07  6.56e+05   1.82e+01     1.37e+03   3415.854s
3386000 +4.70905508e+07 +4.77460994e+07  6.56e+05   1.82e+01     1.36e+03   3416.856s
3387000 +4.70907301e+07 +4.77465262e+07  6.56e+05   1.82e+01     1.35e+03   3417.856s
3388000 +4.70909141e+07 +4.77481092e+07  6.57e+05   1.82e+01     1.34e+03   3418.857s
3389000 +4.70911130e+07 +4.77506519e+07  6.60e+05   1.82e+01     1.32e+03   3419.858s
3390000 +4.70913363e+07 +4.77534719e+07  6.62e+05   1.82e+01     1.31e+03   3420.858s
3391000 +4.70915865e+07 +4.77565157e+07  6.65e+05   1.82e+01     1.30e+03   3421.859s
3392000 +4.70918639e+07 +4.77592634e+07  6.67e+05   1.82e+01     1.29e+03   3422.860s
3393000 +4.70921614e+07 +4.77612429e+07  6.69e+05   1.82e+01     1.28e+03   3423.862s
3394000 +4.70924731e+07 +4.77623079e+07  6.70e+05   1.82e+01     1.27e+03   3424.864s
3395000 +4.70927874e+07 +4.77622200e+07  6.69e+05   1.82e+01     1.26e+03   3425.867s
3396000 +4.70930938e+07 +4.77612359e+07  6.68e+05   1.82e+01     1.25e+03   3426.869s
3397000 +4.70933858e+07 +4.77594861e+07  6.66e+05   1.82e+01     1.24e+03   3427.871s
3398000 +4.70936500e+07 +4.77574015e+07  6.64e+05   1.82e+01     1.23e+03   3428.872s
3399000 +4.70938760e+07 +4.77554803e+07  6.62e+05   1.82e+01     1.22e+03   3429.873s
3400000 +4.70940606e+07 +4.77540569e+07  6.60e+05   1.82e+01     1.21e+03   3430.874s
3401000 +4.70942071e+07 +4.77532561e+07  6.59e+05   1.82e+01     1.20e+03   3431.875s
3402000 +4.70943261e+07 +4.77526276e+07  6.58e+05   1.82e+01     1.18e+03   3432.876s
3403000 +4.70944322e+07 +4.77522144e+07  6.58e+05   1.82e+01     1.17e+03   3433.877s
3404000 +4.70945428e+07 +4.77519631e+07  6.57e+05   1.82e+01     1.16e+03   3434.877s
3405000 +4.70946719e+07 +4.77517781e+07  6.57e+05   1.82e+01     1.15e+03   3435.878s
3406000 +4.70948113e+07 +4.77515524e+07  6.57e+05   1.82e+01     1.14e+03   3436.879s
3407000 +4.70949679e+07 +4.77514027e+07  6.56e+05   1.83e+01     1.12e+03   3437.880s
3408000 +4.70951335e+07 +4.77512851e+07  6.56e+05   1.83e+01     1.11e+03   3438.882s
3409000 +4.70952984e+07 +4.77510074e+07  6.56e+05   1.83e+01     1.10e+03   3439.884s
3410000 +4.70954578e+07 +4.77502951e+07  6.55e+05   1.83e+01     1.09e+03   3440.887s
3411000 +4.70956093e+07 +4.77487793e+07  6.53e+05   1.83e+01     1.08e+03   3441.889s
3412000 +4.70957490e+07 +4.77465833e+07  6.51e+05   1.83e+01     1.07e+03   3442.891s
3413000 +4.70958691e+07 +4.77440312e+07  6.48e+05   1.83e+01     1.05e+03   3443.892s
3414000 +4.70959662e+07 +4.77416462e+07  6.46e+05   1.83e+01     1.04e+03   3444.893s
3415000 +4.70960334e+07 +4.77397254e+07  6.44e+05   1.83e+01     1.03e+03   3445.895s
3416000 +4.70960686e+07 +4.77385552e+07  6.42e+05   1.83e+01     1.02e+03   3446.896s
3417000 +4.70960740e+07 +4.77379092e+07  6.42e+05   1.83e+01     1.00e+03   3447.896s
3418000 +4.70960614e+07 +4.77380110e+07  6.42e+05   1.83e+01     9.92e+02   3448.897s
3419000 +4.70960510e+07 +4.77386759e+07  6.43e+05   1.83e+01     9.79e+02   3449.898s
3420000 +4.70960495e+07 +4.77396800e+07  6.44e+05   1.83e+01     9.67e+02   3450.899s
3421000 +4.70960645e+07 +4.77413558e+07  6.45e+05   1.83e+01     9.55e+02   3451.900s
3422000 +4.70960993e+07 +4.77436510e+07  6.48e+05   1.83e+01     9.43e+02   3452.901s
3423000 +4.70961585e+07 +4.77461260e+07  6.50e+05   1.83e+01     9.31e+02   3453.903s
3424000 +4.70962395e+07 +4.77481739e+07  6.52e+05   1.83e+01     9.20e+02   3454.906s
3425000 +4.70963306e+07 +4.77496432e+07  6.53e+05   1.83e+01     9.09e+02   3455.908s
3426000 +4.70964209e+07 +4.77502670e+07  6.54e+05   1.83e+01     8.97e+02   3456.909s
3427000 +4.70965078e+07 +4.77496528e+07  6.53e+05   1.83e+01     8.86e+02   3457.911s
3428000 +4.70965867e+07 +4.77479812e+07  6.51e+05   1.83e+01     8.75e+02   3458.912s
3429000 +4.70966520e+07 +4.77457896e+07  6.49e+05   1.83e+01     8.64e+02   3459.914s
3430000 +4.70966986e+07 +4.77435737e+07  6.47e+05   1.83e+01     8.53e+02   3460.915s
3431000 +4.70967194e+07 +4.77418582e+07  6.45e+05   1.84e+01     8.43e+02   3461.916s
3432000 +4.70967092e+07 +4.77404813e+07  6.44e+05   1.84e+01     8.33e+02   3462.916s
3433000 +4.70966755e+07 +4.77395809e+07  6.43e+05   1.84e+01     8.23e+02   3463.917s
3434000 +4.70966247e+07 +4.77393443e+07  6.43e+05   1.84e+01     8.14e+02   3464.918s
3435000 +4.70965751e+07 +4.77395088e+07  6.43e+05   1.84e+01     8.04e+02   3465.919s
3436000 +4.70965416e+07 +4.77396366e+07  6.43e+05   1.84e+01     7.96e+02   3466.919s
3437000 +4.70965317e+07 +4.77397898e+07  6.43e+05   1.84e+01     7.88e+02   3467.920s
3438000 +4.70965474e+07 +4.77400141e+07  6.43e+05   1.84e+01     7.80e+02   3468.923s
3439000 +4.70965817e+07 +4.77402007e+07  6.44e+05   1.84e+01     7.73e+02   3469.925s
3440000 +4.70966271e+07 +4.77401946e+07  6.44e+05   1.83e+01     7.66e+02   3470.928s
3441000 +4.70966739e+07 +4.77399828e+07  6.43e+05   1.83e+01     7.59e+02   3471.930s
3442000 +4.70967211e+07 +4.77394406e+07  6.43e+05   1.83e+01     7.53e+02   3472.932s
3443000 +4.70967649e+07 +4.77387703e+07  6.42e+05   1.83e+01     7.47e+02   3473.934s
3444000 +4.70968033e+07 +4.77380743e+07  6.41e+05   1.83e+01     7.41e+02   3474.935s
3445000 +4.70968348e+07 +4.77372162e+07  6.40e+05   1.83e+01     7.36e+02   3475.936s
3446000 +4.70968507e+07 +4.77364181e+07  6.40e+05   1.83e+01     7.31e+02   3476.937s
3447000 +4.70968492e+07 +4.77358036e+07  6.39e+05   1.83e+01     7.26e+02   3477.938s
3448000 +4.70968275e+07 +4.77356854e+07  6.39e+05   1.83e+01     7.21e+02   3478.938s
3449000 +4.70967936e+07 +4.77358860e+07  6.39e+05   1.83e+01     7.16e+02   3479.940s
3450000 +4.70967591e+07 +4.77364395e+07  6.40e+05   1.83e+01     7.11e+02   3480.941s
3451000 +4.70967337e+07 +4.77373403e+07  6.41e+05   1.83e+01     7.06e+02   3481.944s
3452000 +4.70967215e+07 +4.77385646e+07  6.42e+05   1.83e+01     7.02e+02   3482.946s
3453000 +4.70967285e+07 +4.77399497e+07  6.43e+05   1.83e+01     6.98e+02   3483.948s
3454000 +4.70967514e+07 +4.77413200e+07  6.45e+05   1.83e+01     6.94e+02   3484.950s
3455000 +4.70967865e+07 +4.77426489e+07  6.46e+05   1.83e+01     6.90e+02   3485.952s
3456000 +4.70968279e+07 +4.77440779e+07  6.47e+05   1.83e+01     6.86e+02   3486.953s
3457000 +4.70968661e+07 +4.77452598e+07  6.48e+05   1.83e+01     6.81e+02   3487.955s
3458000 +4.70968986e+07 +4.77457700e+07  6.49e+05   1.83e+01     6.76e+02   3488.956s
3459000 +4.70969251e+07 +4.77455187e+07  6.49e+05   1.83e+01     6.71e+02   3489.957s
3460000 +4.70969422e+07 +4.77445937e+07  6.48e+05   1.83e+01     6.67e+02   3490.958s
3461000 +4.70969532e+07 +4.77433939e+07  6.46e+05   1.83e+01     6.62e+02   3491.958s
3462000 +4.70969572e+07 +4.77418037e+07  6.45e+05   1.83e+01     6.57e+02   3492.958s
3463000 +4.70969443e+07 +4.77402272e+07  6.43e+05   1.82e+01     6.52e+02   3493.959s
3464000 +4.70969135e+07 +4.77391693e+07  6.42e+05   1.82e+01     6.46e+02   3494.959s
3465000 +4.70968678e+07 +4.77385660e+07  6.42e+05   1.82e+01     6.40e+02   3495.960s
3466000 +4.70968164e+07 +4.77384846e+07  6.42e+05   1.82e+01     6.34e+02   3496.961s
3467000 +4.70967684e+07 +4.77387306e+07  6.42e+05   1.82e+01     6.29e+02   3497.964s
3468000 +4.70967247e+07 +4.77390515e+07  6.42e+05   1.82e+01     6.23e+02   3498.966s
3469000 +4.70966913e+07 +4.77393444e+07  6.43e+05   1.82e+01     6.18e+02   3499.968s
3470000 +4.70966717e+07 +4.77395097e+07  6.43e+05   1.82e+01     6.12e+02   3500.971s
3471000 +4.70966622e+07 +4.77393173e+07  6.43e+05   1.82e+01     6.05e+02   3501.972s
3472000 +4.70966485e+07 +4.77388466e+07  6.42e+05   1.82e+01     5.98e+02   3502.974s
3473000 +4.70966235e+07 +4.77383178e+07  6.42e+05   1.82e+01     5.90e+02   3503.975s
3474000 +4.70965815e+07 +4.77378325e+07  6.41e+05   1.82e+01     5.82e+02   3504.976s
3475000 +4.70965183e+07 +4.77373681e+07  6.41e+05   1.82e+01     5.74e+02   3505.977s
3476000 +4.70964483e+07 +4.77369107e+07  6.40e+05   1.82e+01     5.67e+02   3506.977s
3477000 +4.70963735e+07 +4.77366100e+07  6.40e+05   1.82e+01     5.59e+02   3507.979s
3478000 +4.70962890e+07 +4.77367731e+07  6.40e+05   1.82e+01     5.51e+02   3508.980s
3479000 +4.70961928e+07 +4.77373541e+07  6.41e+05   1.82e+01     5.42e+02   3509.982s
3480000 +4.70960847e+07 +4.77380532e+07  6.42e+05   1.82e+01     5.32e+02   3510.985s
3481000 +4.70959709e+07 +4.77388859e+07  6.43e+05   1.82e+01     5.23e+02   3511.987s
3482000 +4.70958609e+07 +4.77399792e+07  6.44e+05   1.82e+01     5.14e+02   3512.989s
3483000 +4.70957550e+07 +4.77412504e+07  6.45e+05   1.82e+01     5.05e+02   3513.991s
3484000 +4.70956530e+07 +4.77424028e+07  6.47e+05   1.82e+01     4.97e+02   3514.993s
3485000 +4.70955635e+07 +4.77435224e+07  6.48e+05   1.82e+01     4.88e+02   3515.994s
3486000 +4.70954875e+07 +4.77448043e+07  6.49e+05   1.82e+01     4.79e+02   3516.995s
3487000 +4.70954138e+07 +4.77461160e+07  6.51e+05   1.82e+01     4.68e+02   3517.996s
3488000 +4.70953303e+07 +4.77474022e+07  6.52e+05   1.82e+01     4.57e+02   3518.997s
3489000 +4.70952366e+07 +4.77482591e+07  6.53e+05   1.82e+01     4.46e+02   3519.998s
3490000 +4.70951270e+07 +4.77485015e+07  6.53e+05   1.82e+01     4.35e+02   3520.999s
3491000 +4.70950075e+07 +4.77483918e+07  6.53e+05   1.82e+01     4.25e+02   3521.999s
3492000 +4.70948842e+07 +4.77478360e+07  6.53e+05   1.82e+01     4.16e+02   3523.000s
3493000 +4.70947600e+07 +4.77468143e+07  6.52e+05   1.81e+01     4.06e+02   3524.002s
3494000 +4.70946350e+07 +4.77457711e+07  6.51e+05   1.81e+01     3.95e+02   3525.004s
3495000 +4.70945047e+07 +4.77450133e+07  6.51e+05   1.81e+01     3.84e+02   3526.007s
3496000 +4.70943629e+07 +4.77445463e+07  6.50e+05   1.81e+01     3.72e+02   3527.009s
3497000 +4.70942104e+07 +4.77443217e+07  6.50e+05   1.81e+01     3.61e+02   3528.011s
3498000 +4.70940587e+07 +4.77441413e+07  6.50e+05   1.81e+01     3.52e+02   3529.013s
3499000 +4.70939121e+07 +4.77439244e+07  6.50e+05   1.81e+01     3.43e+02   3530.014s
3500000 +4.70937660e+07 +4.77437634e+07  6.50e+05   1.81e+01     3.36e+02   3531.015s
3501000 +4.70936175e+07 +4.77435596e+07  6.50e+05   1.81e+01     3.27e+02   3532.016s
3502000 +4.70934612e+07 +4.77432900e+07  6.50e+05   1.81e+01     3.18e+02   3533.017s
3503000 +4.70932953e+07 +4.77432220e+07  6.50e+05   1.81e+01     3.08e+02   3534.017s
3504000 +4.70931198e+07 +4.77434041e+07  6.50e+05   1.81e+01     2.98e+02   3535.018s
3505000 +4.70929359e+07 +4.77436306e+07  6.51e+05   1.81e+01     2.89e+02   3536.019s
3506000 +4.70927427e+07 +4.77438536e+07  6.51e+05   1.81e+01     2.82e+02   3537.020s
3507000 +4.70925450e+07 +4.77441699e+07  6.52e+05   1.81e+01     2.75e+02   3538.021s
3508000 +4.70923489e+07 +4.77446116e+07  6.52e+05   1.81e+01     2.70e+02   3539.022s
3509000 +4.70921592e+07 +4.77453511e+07  6.53e+05   1.81e+01     2.63e+02   3540.025s
3510000 +4.70919768e+07 +4.77463010e+07  6.54e+05   1.81e+01     2.56e+02   3541.027s
3511000 +4.70917984e+07 +4.77474472e+07  6.56e+05   1.81e+01     2.49e+02   3542.030s
3512000 +4.70916207e+07 +4.77487688e+07  6.57e+05   1.81e+01     2.42e+02   3543.032s
3513000 +4.70914478e+07 +4.77501223e+07  6.59e+05   1.81e+01     2.36e+02   3544.033s
3514000 +4.70912801e+07 +4.77512664e+07  6.60e+05   1.81e+01     2.31e+02   3545.035s
3515000 +4.70911175e+07 +4.77521375e+07  6.61e+05   1.81e+01     2.28e+02   3546.036s
3516000 +4.70909557e+07 +4.77526683e+07  6.62e+05   1.81e+01     2.25e+02   3547.037s
3517000 +4.70907897e+07 +4.77530483e+07  6.62e+05   1.81e+01     2.20e+02   3548.038s
3518000 +4.70906102e+07 +4.77534912e+07  6.63e+05   1.81e+01     2.14e+02   3549.039s
3519000 +4.70904264e+07 +4.77539742e+07  6.64e+05   1.81e+01     2.07e+02   3550.039s
3520000 +4.70903553e+07 +4.77549711e+07  6.65e+05   1.81e+01     1.99e+02   3551.042s
3521000 +4.70903643e+07 +4.77563969e+07  6.66e+05   1.81e+01     1.94e+02   3552.045s
3522000 +4.70903747e+07 +4.77576293e+07  6.67e+05   1.81e+01     1.93e+02   3553.047s
3523000 +4.70903842e+07 +4.77583874e+07  6.68e+05   1.81e+01     1.97e+02   3554.049s
3524000 +4.70903919e+07 +4.77585507e+07  6.68e+05   1.81e+01     2.06e+02   3555.052s
3525000 +4.70903982e+07 +4.77582555e+07  6.68e+05   1.81e+01     2.16e+02   3556.053s
3526000 +4.70904022e+07 +4.77576127e+07  6.67e+05   1.81e+01     2.27e+02   3557.054s
3527000 +4.70904037e+07 +4.77567885e+07  6.66e+05   1.81e+01     2.39e+02   3558.056s
3528000 +4.70904033e+07 +4.77558940e+07  6.65e+05   1.81e+01     2.49e+02   3559.057s
3529000 +4.70904017e+07 +4.77550424e+07  6.65e+05   1.81e+01     2.59e+02   3560.058s
3530000 +4.70903987e+07 +4.77543557e+07  6.64e+05   1.81e+01     2.68e+02   3561.058s
3531000 +4.70905026e+07 +4.77368418e+07  6.46e+05   1.80e+01     7.96e+02   3562.059s
3532000 +4.70905099e+07 +4.77197862e+07  6.29e+05   1.80e+01     9.73e+02   3563.060s
3533000 +4.70905438e+07 +4.77057258e+07  6.15e+05   1.80e+01     9.36e+02   3564.062s
3534000 +4.70906146e+07 +4.77021078e+07  6.11e+05   1.80e+01     8.59e+02   3565.065s
3535000 +4.70906843e+07 +4.77061127e+07  6.15e+05   1.80e+01     7.94e+02   3566.068s
3536000 +4.70906885e+07 +4.77130170e+07  6.22e+05   1.80e+01     7.41e+02   3567.070s
3537000 +4.70907119e+07 +4.77191076e+07  6.28e+05   1.80e+01     7.08e+02   3568.073s
3538000 +4.70907389e+07 +4.77191590e+07  6.28e+05   1.80e+01     6.74e+02   3569.074s
3539000 +4.70907698e+07 +4.77193667e+07  6.29e+05   1.80e+01     6.44e+02   3570.076s
3540000 +4.70908188e+07 +4.77171866e+07  6.26e+05   1.80e+01     6.26e+02   3571.077s
3541000 +4.70909028e+07 +4.77163812e+07  6.25e+05   1.80e+01     6.50e+02   3572.079s
3542000 +4.70909534e+07 +4.77204071e+07  6.29e+05   1.80e+01     6.46e+02   3573.080s
3543000 +4.70909588e+07 +4.77237129e+07  6.33e+05   1.80e+01     6.32e+02   3574.081s
3544000 +4.70909429e+07 +4.77254655e+07  6.35e+05   1.80e+01     6.34e+02   3575.084s
3545000 +4.70909269e+07 +4.77244513e+07  6.34e+05   1.80e+01     6.34e+02   3576.087s
3546000 +4.70909319e+07 +4.77199992e+07  6.29e+05   1.80e+01     6.22e+02   3577.090s
3547000 +4.70909136e+07 +4.77178531e+07  6.27e+05   1.80e+01     6.23e+02   3578.092s
3548000 +4.70908970e+07 +4.77130108e+07  6.22e+05   1.80e+01     6.16e+02   3579.094s
3549000 +4.70908932e+07 +4.77066892e+07  6.16e+05   1.80e+01     6.23e+02   3580.095s
3550000 +4.70909044e+07 +4.77016135e+07  6.11e+05   1.80e+01     6.30e+02   3581.096s
3551000 +4.70909273e+07 +4.76973930e+07  6.06e+05   1.80e+01     6.29e+02   3582.098s
3552000 +4.70909667e+07 +4.76928293e+07  6.02e+05   1.80e+01     6.24e+02   3583.099s
3553000 +4.70910130e+07 +4.76897914e+07  5.99e+05   1.80e+01     6.19e+02   3584.100s
3554000 +4.70910406e+07 +4.76890231e+07  5.98e+05   1.80e+01     6.15e+02   3585.102s
3555000 +4.70910511e+07 +4.76900785e+07  5.99e+05   1.80e+01     6.11e+02   3586.104s
3556000 +4.70910434e+07 +4.76923683e+07  6.01e+05   1.80e+01     6.19e+02   3587.107s
3557000 +4.70910217e+07 +4.76955340e+07  6.05e+05   1.80e+01     6.27e+02   3588.110s
3558000 +4.70909875e+07 +4.77022379e+07  6.11e+05   1.80e+01     6.31e+02   3589.112s
3559000 +4.70909590e+07 +4.77095943e+07  6.19e+05   1.80e+01     6.36e+02   3590.114s
3560000 +4.70909628e+07 +4.77143263e+07  6.23e+05   1.80e+01     6.40e+02   3591.116s
3561000 +4.70909810e+07 +4.77182955e+07  6.27e+05   1.79e+01     6.44e+02   3592.117s
3562000 +4.70909885e+07 +4.77178452e+07  6.27e+05   1.79e+01     6.55e+02   3593.118s
3563000 +4.70909955e+07 +4.77148585e+07  6.24e+05   1.79e+01     6.65e+02   3594.119s
3564000 +4.70909975e+07 +4.77110494e+07  6.20e+05   1.79e+01     6.72e+02   3595.120s
3565000 +4.70910038e+07 +4.77088071e+07  6.18e+05   1.79e+01     6.80e+02   3596.123s
3566000 +4.70910265e+07 +4.77057319e+07  6.15e+05   1.79e+01     6.93e+02   3597.126s
3567000 +4.70910672e+07 +4.77040689e+07  6.13e+05   1.79e+01     7.03e+02   3598.129s
3568000 +4.70911040e+07 +4.77042720e+07  6.13e+05   1.79e+01     7.13e+02   3599.131s
3569000 +4.70911388e+07 +4.77042996e+07  6.13e+05   1.79e+01     7.19e+02   3600.134s
PDLP finished
Status: Time Limit   Objective: 4.70911388e+07  Iterations: 3569000  Time: 3600.145s

### exit_code=0
### finished=2026-07-24T07:01:21.550574
### gpu_peak_mb=20090.4
### gpu_peak2_mb=0.0
### per_gpu_peak_mb=[20090.375]
