### solver=cuopt-base
### instance=/home/scratch.vmostovoi_gpu/datasets/zen-garden-eur-PI-28-200ts.mps
### n_gpus=1
### CUDA_VISIBLE_DEVICES=0
### started=2026-07-24T11:54:21.190531
### argv=/home/scratch.vmostovoi_gpu/mostovoi_cuopt/cpp/build/cuopt_cli --method 1 --mps-reader experimental-fast --time-limit 3600 --iteration-limit 1000000000 --relative-primal-tolerance 1e-6 --relative-dual-tolerance 1e-6 --relative-gap-tolerance 1e-6 --log-to-console true /home/scratch.vmostovoi_gpu/datasets/zen-garden-eur-PI-28-200ts.mps
### --- solver output ---
Setting parameter iteration_limit to 1000000000
Setting parameter log_to_console to true
Setting parameter method to 1
Setting parameter relative_dual_tolerance to 1.000000e-06
Setting parameter relative_gap_tolerance to 1.000000e-06
Setting parameter relative_primal_tolerance to 1.000000e-06
Setting parameter time_limit to 3.600000e+03
Reading file zen-garden-eur-PI-28-200ts.mps
Using experimental fast MPS parser for '/home/scratch.vmostovoi_gpu/datasets/zen-garden-eur-PI-28-200ts.mps'
Read file zen-garden-eur-PI-28-200ts.mps in 6.03 seconds
cuOpt version: 26.8.0, git hash: 7116ead1, host arch: x86_64, device archs: 100a-real
CPU: INTEL(R) XEON(R) PLATINUM 8570, threads (physical/logical): 112/224, RAM: 1887.72 GiB
CUDA 13.3, device: NVIDIA B200 (ID 0), VRAM: 178.34 GiB
CUDA device UUID: 4faedc2b-8c90-244a-868b-e28d99055052
Solving a problem with 28039451 constraints, 25871640 variables (0 integers), and 76751888 nonzeros
Problem scaling:
Objective coefficents range:          [1e+00, 1e+00]
Constraint matrix coefficients range: [2e-05, 6e+03]
Constraint rhs / bounds range:        [2e-04, 2e+05]
Variable bounds range:                [0e+00, 0e+00]
Warning: input problem contains a large range of coefficients: consider reformulating to avoid numerical difficulties.

Using PSLP presolver
PSLP Presolved problem: 8987947 constraints, 7226130 variables, 29562468 non-zeros
PSLP presolve time: 16.08s
Objective offset -428006.709616 scaling_factor 1.000000
   Iter    Primal Obj.      Dual Obj.    Gap        Primal Res.  Dual Res.   Time
      0 -4.28006710e+05 -4.28006710e+05  0.00e+00   1.13e+04     1.82e+06   16.852s
   1000 +5.38281105e+06 +5.13359763e+06  2.49e+05   5.22e+03     1.05e+03   17.466s
   2000 +5.26766347e+06 +5.55070057e+06  2.83e+05   5.58e+03     1.63e+02   17.959s
   3000 +5.21174096e+06 +5.52275162e+06  3.11e+05   5.50e+03     1.12e+02   18.451s
   4000 +5.17537406e+06 +5.52427118e+06  3.49e+05   5.38e+03     9.22e+01   18.944s
   5000 +5.15029095e+06 +5.52051286e+06  3.70e+05   5.28e+03     7.42e+01   19.436s
   6000 +5.13971654e+06 +5.50904569e+06  3.69e+05   5.18e+03     5.64e+01   19.930s
   7000 +5.13756106e+06 +5.51643158e+06  3.79e+05   5.08e+03     4.44e+01   20.423s
   8000 +5.13953006e+06 +5.54419339e+06  4.05e+05   4.94e+03     4.07e+01   20.916s
   9000 +5.14313268e+06 +5.56635326e+06  4.23e+05   4.81e+03     3.56e+01   21.409s
  10000 +5.14853682e+06 +5.61728296e+06  4.69e+05   4.72e+03     4.04e+01   21.904s
  11000 +5.15919662e+06 +5.68268530e+06  5.23e+05   4.57e+03     4.21e+01   22.392s
  12000 +5.17360166e+06 +5.74345668e+06  5.70e+05   4.40e+03     4.46e+01   22.880s
  13000 +5.19068863e+06 +5.79752776e+06  6.07e+05   4.23e+03     4.51e+01   23.371s
  14000 +5.20840813e+06 +5.84657567e+06  6.38e+05   4.06e+03     4.51e+01   23.859s
  15000 +5.22183497e+06 +5.98569206e+06  7.64e+05   3.95e+03     8.31e+01   24.349s
  16000 +5.24808061e+06 +6.16786872e+06  9.20e+05   3.77e+03     1.30e+02   24.838s
  17000 +5.29117038e+06 +6.30231624e+06  1.01e+06   3.53e+03     1.55e+02   25.327s
  18000 +5.34007184e+06 +6.40862119e+06  1.07e+06   3.29e+03     1.65e+02   25.816s
  19000 +5.39129785e+06 +6.49105345e+06  1.10e+06   3.06e+03     1.72e+02   26.306s
  20000 +5.44334378e+06 +6.56296201e+06  1.12e+06   2.84e+03     1.71e+02   26.796s
  21000 +5.49569535e+06 +6.61561882e+06  1.12e+06   2.65e+03     1.70e+02   27.286s
  22000 +5.54757575e+06 +6.65882941e+06  1.11e+06   2.47e+03     1.68e+02   27.776s
  23000 +5.58292759e+06 +6.69129995e+06  1.11e+06   2.35e+03     1.61e+02   28.266s
  24000 +5.61910958e+06 +6.79544573e+06  1.18e+06   2.25e+03     2.23e+02   28.756s
  25000 +5.67661368e+06 +6.88184622e+06  1.21e+06   2.11e+03     2.75e+02   29.246s
  26000 +5.74937572e+06 +6.96004623e+06  1.21e+06   1.94e+03     3.08e+02   29.736s
  27000 +5.82744998e+06 +7.03261602e+06  1.21e+06   1.78e+03     3.20e+02   30.227s
  28000 +5.90048316e+06 +7.08646746e+06  1.19e+06   1.63e+03     3.23e+02   30.717s
  29000 +5.96550659e+06 +7.11189748e+06  1.15e+06   1.50e+03     2.95e+02   31.208s
  30000 +6.02358931e+06 +7.15012357e+06  1.13e+06   1.39e+03     2.86e+02   31.699s
  31000 +6.07706965e+06 +7.17908285e+06  1.10e+06   1.29e+03     2.78e+02   32.190s
  32000 +6.12420738e+06 +7.19961639e+06  1.08e+06   1.21e+03     2.68e+02   32.681s
  33000 +6.16555922e+06 +7.21767666e+06  1.05e+06   1.13e+03     2.62e+02   33.171s
  34000 +6.20345279e+06 +7.23451739e+06  1.03e+06   1.07e+03     2.55e+02   33.662s
  35000 +6.23854833e+06 +7.24574374e+06  1.01e+06   1.00e+03     2.51e+02   34.153s
  36000 +6.26442069e+06 +7.24267774e+06  9.78e+05   9.60e+02     2.47e+02   34.644s
  37000 +6.29071065e+06 +7.27205465e+06  9.81e+05   9.18e+02     2.56e+02   35.135s
  38000 +6.32036134e+06 +7.29644841e+06  9.76e+05   8.73e+02     2.62e+02   35.625s
  39000 +6.35143899e+06 +7.31872133e+06  9.67e+05   8.26e+02     2.69e+02   36.115s
  40000 +6.38270365e+06 +7.33725333e+06  9.55e+05   7.80e+02     2.70e+02   36.606s
  41000 +6.41345593e+06 +7.34998815e+06  9.37e+05   7.35e+02     2.68e+02   37.097s
  42000 +6.44289714e+06 +7.35927984e+06  9.16e+05   6.93e+02     2.66e+02   37.588s
  43000 +6.47122808e+06 +7.36816030e+06  8.97e+05   6.52e+02     2.65e+02   38.079s
  44000 +6.49774506e+06 +7.37477742e+06  8.77e+05   6.14e+02     2.64e+02   38.570s
  45000 +6.52220128e+06 +7.37762218e+06  8.55e+05   5.78e+02     2.59e+02   39.061s
  46000 +6.54593678e+06 +7.38148851e+06  8.36e+05   5.44e+02     2.55e+02   39.552s
  47000 +6.56868959e+06 +7.38432039e+06  8.16e+05   5.12e+02     2.51e+02   40.043s
  48000 +6.58864187e+06 +7.38363218e+06  7.95e+05   4.83e+02     2.45e+02   40.534s
  49000 +6.60707043e+06 +7.38327594e+06  7.76e+05   4.56e+02     2.39e+02   41.025s
  50000 +6.62372076e+06 +7.38269160e+06  7.59e+05   4.31e+02     2.34e+02   41.516s
  51000 +6.63858256e+06 +7.37833478e+06  7.40e+05   4.09e+02     2.28e+02   42.007s
  52000 +6.65196737e+06 +7.37641969e+06  7.24e+05   3.88e+02     2.23e+02   42.498s
  53000 +6.66371010e+06 +7.37314239e+06  7.09e+05   3.69e+02     2.18e+02   42.990s
  54000 +6.67441373e+06 +7.36958799e+06  6.95e+05   3.51e+02     2.13e+02   43.481s
  55000 +6.68433894e+06 +7.36704314e+06  6.83e+05   3.34e+02     2.08e+02   43.972s
  56000 +6.69593195e+06 +7.33430700e+06  6.38e+05   3.16e+02     1.96e+02   44.464s
  57000 +6.70780051e+06 +7.33140039e+06  6.24e+05   2.99e+02     1.92e+02   44.955s
  58000 +6.71886715e+06 +7.33000762e+06  6.11e+05   2.82e+02     1.89e+02   45.446s
  59000 +6.72927116e+06 +7.32781532e+06  5.99e+05   2.66e+02     1.86e+02   45.937s
  60000 +6.73898722e+06 +7.32569395e+06  5.87e+05   2.51e+02     1.82e+02   46.428s
  61000 +6.74786399e+06 +7.32397067e+06  5.76e+05   2.36e+02     1.79e+02   46.919s
  62000 +6.75626583e+06 +7.32182584e+06  5.66e+05   2.23e+02     1.76e+02   47.410s
  63000 +6.76391056e+06 +7.31931031e+06  5.55e+05   2.10e+02     1.73e+02   47.901s
  64000 +6.77096449e+06 +7.31692285e+06  5.46e+05   1.98e+02     1.69e+02   48.392s
  65000 +6.77753868e+06 +7.31466218e+06  5.37e+05   1.86e+02     1.66e+02   48.883s
  66000 +6.78362546e+06 +7.31142980e+06  5.28e+05   1.74e+02     1.64e+02   49.374s
  67000 +6.78919856e+06 +7.30912722e+06  5.20e+05   1.63e+02     1.62e+02   49.866s
  68000 +6.79426761e+06 +7.30591611e+06  5.12e+05   1.53e+02     1.59e+02   50.357s
  69000 +6.79887971e+06 +7.30273112e+06  5.04e+05   1.43e+02     1.57e+02   50.848s
  70000 +6.80308267e+06 +7.29854736e+06  4.95e+05   1.33e+02     1.54e+02   51.339s
  71000 +6.80693505e+06 +7.29557519e+06  4.89e+05   1.24e+02     1.52e+02   51.831s
  72000 +6.81037157e+06 +7.29193002e+06  4.82e+05   1.16e+02     1.49e+02   52.324s
  73000 +6.81347939e+06 +7.28943260e+06  4.76e+05   1.08e+02     1.47e+02   52.815s
  74000 +6.81631752e+06 +7.28678018e+06  4.70e+05   1.01e+02     1.44e+02   53.307s
  75000 +6.81880955e+06 +7.28360879e+06  4.65e+05   9.53e+01     1.42e+02   53.799s
  76000 +6.82099364e+06 +7.28066310e+06  4.60e+05   8.99e+01     1.39e+02   54.290s
  77000 +6.82286901e+06 +7.27747159e+06  4.55e+05   8.53e+01     1.37e+02   54.782s
  78000 +6.82443881e+06 +7.27353479e+06  4.49e+05   8.15e+01     1.35e+02   55.273s
  79000 +6.82559905e+06 +7.27064439e+06  4.45e+05   7.81e+01     1.34e+02   55.765s
  80000 +6.82636058e+06 +7.26762682e+06  4.41e+05   7.56e+01     1.32e+02   56.256s
  81000 +6.82690355e+06 +7.26483715e+06  4.38e+05   7.48e+01     1.30e+02   56.748s
  82000 +6.82725824e+06 +7.26174775e+06  4.34e+05   7.60e+01     1.28e+02   57.242s
  83000 +6.82749346e+06 +7.25898894e+06  4.31e+05   7.88e+01     1.26e+02   57.733s
  84000 +6.82765529e+06 +7.25639242e+06  4.29e+05   8.30e+01     1.24e+02   58.225s
  85000 +6.82777726e+06 +7.25341966e+06  4.26e+05   8.80e+01     1.23e+02   58.717s
  86000 +6.82780245e+06 +7.25122207e+06  4.23e+05   9.35e+01     1.22e+02   59.212s
  87000 +6.83150050e+06 +7.23336487e+06  4.02e+05   1.20e+02     1.16e+02   59.704s
  88000 +6.83937556e+06 +7.22586295e+06  3.86e+05   1.80e+02     1.09e+02   60.195s
  89000 +6.84572237e+06 +7.22023323e+06  3.75e+05   2.42e+02     1.04e+02   60.687s
  90000 +6.85090531e+06 +7.21498133e+06  3.64e+05   3.03e+02     9.88e+01   61.178s
  91000 +6.85463339e+06 +7.20950949e+06  3.55e+05   3.63e+02     9.49e+01   61.669s
  92000 +6.85800365e+06 +7.20385363e+06  3.46e+05   4.22e+02     9.10e+01   62.161s
  93000 +6.86079760e+06 +7.19931978e+06  3.39e+05   4.81e+02     8.80e+01   62.652s
  94000 +6.86325466e+06 +7.19485135e+06  3.32e+05   5.39e+02     8.53e+01   63.144s
  95000 +6.86524750e+06 +7.19087414e+06  3.26e+05   5.96e+02     8.30e+01   63.635s
  96000 +6.86677882e+06 +7.18694845e+06  3.20e+05   6.52e+02     8.05e+01   64.127s
  97000 +6.86770296e+06 +7.18321692e+06  3.16e+05   7.06e+02     7.88e+01   64.618s
  98000 +6.86800122e+06 +7.17913113e+06  3.11e+05   7.59e+02     7.69e+01   65.110s
  99000 +6.86809893e+06 +7.17577047e+06  3.08e+05   8.11e+02     7.52e+01   65.602s
 100000 +6.86839008e+06 +6.88144747e+06  1.31e+04   8.66e+02     7.15e+01   66.093s
 101000 +6.86896229e+06 +6.85440034e+06  1.46e+04   9.26e+02     6.96e+01   66.585s
 102000 +6.86972931e+06 +6.89600251e+06  2.63e+04   9.89e+02     6.83e+01   67.076s
 103000 +6.86996552e+06 +6.98237893e+06  1.12e+05   1.06e+03     6.75e+01   67.568s
 104000 +6.86956910e+06 +7.00666972e+06  1.37e+05   1.12e+03     6.63e+01   68.060s
 105000 +6.86884618e+06 +6.98458018e+06  1.16e+05   1.19e+03     6.52e+01   68.551s
 106000 +6.86857653e+06 +6.76217094e+06  1.06e+05   1.30e+03     6.17e+01   69.044s
 107000 +6.87089722e+06 +6.75068303e+06  1.20e+05   1.59e+03     5.67e+01   69.535s
 108000 +6.87223894e+06 +6.74036020e+06  1.32e+05   1.90e+03     5.38e+01   70.026s
 109000 +6.87246827e+06 +6.73293917e+06  1.40e+05   2.20e+03     5.20e+01   70.518s
 110000 +6.87225790e+06 +6.72827186e+06  1.44e+05   2.49e+03     5.02e+01   71.009s
 111000 +6.87202440e+06 +6.72262324e+06  1.49e+05   2.77e+03     4.84e+01   71.501s
 112000 +6.87163707e+06 +6.71725793e+06  1.54e+05   3.03e+03     4.68e+01   71.992s
 113000 +6.87117813e+06 +6.71271540e+06  1.58e+05   3.27e+03     4.52e+01   72.484s
 114000 +6.87010138e+06 +6.70530622e+06  1.65e+05   3.49e+03     4.41e+01   72.975s
 115000 +6.86899108e+06 +6.69946105e+06  1.70e+05   3.71e+03     4.31e+01   73.467s
 116000 +6.86776648e+06 +6.69334439e+06  1.74e+05   3.91e+03     4.21e+01   73.958s
 117000 +6.86623932e+06 +6.68540132e+06  1.81e+05   4.11e+03     4.13e+01   74.450s
 118000 +6.86451262e+06 +6.67444024e+06  1.90e+05   4.31e+03     4.04e+01   74.942s
 119000 +6.86259431e+06 +6.66617416e+06  1.96e+05   4.51e+03     3.96e+01   75.433s
 120000 +6.86048391e+06 +6.65549264e+06  2.05e+05   4.70e+03     3.88e+01   75.925s
 121000 +6.85793817e+06 +6.64549705e+06  2.12e+05   4.90e+03     3.82e+01   76.416s
 122000 +6.85532072e+06 +6.63472102e+06  2.21e+05   5.09e+03     3.76e+01   76.908s
 123000 +6.85234235e+06 +6.62181350e+06  2.31e+05   5.28e+03     3.70e+01   77.400s
 124000 +6.84924865e+06 +6.60915048e+06  2.40e+05   5.46e+03     3.61e+01   77.892s
 125000 +6.84610800e+06 +6.59600835e+06  2.50e+05   5.64e+03     3.55e+01   78.384s
 126000 +6.84289353e+06 +6.58254644e+06  2.60e+05   5.81e+03     3.48e+01   78.876s
 127000 +6.83937405e+06 +6.56880422e+06  2.71e+05   5.97e+03     3.41e+01   79.367s
 128000 +6.83525015e+06 +6.55415157e+06  2.81e+05   6.13e+03     3.35e+01   79.860s
 129000 +6.83086702e+06 +6.53936738e+06  2.91e+05   6.28e+03     3.29e+01   80.352s
 130000 +6.82611627e+06 +6.52454684e+06  3.02e+05   6.41e+03     3.22e+01   80.844s
 131000 +6.82072617e+06 +6.50884173e+06  3.12e+05   6.54e+03     3.15e+01   81.336s
 132000 +6.81513807e+06 +6.49363058e+06  3.22e+05   6.66e+03     3.10e+01   81.827s
 133000 +6.81024968e+06 +6.47798791e+06  3.32e+05   6.77e+03     3.01e+01   82.319s
 134000 +6.80493723e+06 +6.46945737e+06  3.35e+05   6.87e+03     2.95e+01   82.811s
 135000 +6.79938799e+06 +6.46320463e+06  3.36e+05   6.94e+03     2.89e+01   83.304s
 136000 +6.79338836e+06 +6.45672155e+06  3.37e+05   6.98e+03     2.84e+01   83.795s
 137000 +6.78800352e+06 +6.44958091e+06  3.38e+05   7.00e+03     2.78e+01   84.288s
 138000 +6.78278068e+06 +6.44139167e+06  3.41e+05   7.01e+03     2.71e+01   84.780s
 139000 +6.77716868e+06 +6.43217640e+06  3.45e+05   7.01e+03     2.66e+01   85.272s
 140000 +6.77074859e+06 +6.42235175e+06  3.48e+05   7.01e+03     2.61e+01   85.764s
 141000 +6.76411521e+06 +6.41107155e+06  3.53e+05   7.02e+03     2.56e+01   86.256s
 142000 +6.75986327e+06 +6.39843041e+06  3.61e+05   7.02e+03     2.50e+01   86.749s
 143000 +6.75570340e+06 +6.38503996e+06  3.71e+05   7.03e+03     2.46e+01   87.241s
 144000 +6.75048468e+06 +6.37078017e+06  3.80e+05   7.03e+03     2.41e+01   87.733s
 145000 +6.74579049e+06 +6.35573838e+06  3.90e+05   7.03e+03     2.35e+01   88.225s
 146000 +6.73991739e+06 +6.34069842e+06  3.99e+05   7.02e+03     2.31e+01   88.718s
 147000 +6.73491965e+06 +6.32529780e+06  4.10e+05   7.01e+03     2.29e+01   89.210s
 148000 +6.73045334e+06 +6.30982708e+06  4.21e+05   6.99e+03     2.25e+01   89.703s
 149000 +6.72534246e+06 +6.29419742e+06  4.31e+05   6.96e+03     2.22e+01   90.195s
 150000 +6.71974338e+06 +6.27844820e+06  4.41e+05   6.93e+03     2.19e+01   90.687s
 151000 +6.71581339e+06 +6.26288535e+06  4.53e+05   6.90e+03     2.15e+01   91.180s
 152000 +6.71107893e+06 +6.24773016e+06  4.63e+05   6.86e+03     2.14e+01   91.672s
 153000 +6.70603876e+06 +6.23290025e+06  4.73e+05   6.82e+03     2.11e+01   92.165s
 154000 +6.70063264e+06 +6.21830454e+06  4.82e+05   6.77e+03     2.10e+01   92.657s
 155000 +6.69590589e+06 +6.20464280e+06  4.91e+05   6.72e+03     2.09e+01   93.149s
 156000 +6.69076732e+06 +6.19110860e+06  5.00e+05   6.66e+03     2.08e+01   93.642s
 157000 +6.68571948e+06 +6.17800526e+06  5.08e+05   6.59e+03     2.06e+01   94.135s
 158000 +6.68095486e+06 +6.16545501e+06  5.15e+05   6.51e+03     2.06e+01   94.627s
 159000 +6.67686383e+06 +6.15332331e+06  5.24e+05   6.44e+03     2.03e+01   95.119s
 160000 +6.67282420e+06 +6.14122047e+06  5.32e+05   6.35e+03     2.00e+01   95.612s
 161000 +6.66918536e+06 +6.12938599e+06  5.40e+05   6.26e+03     1.98e+01   96.105s
 162000 +6.66562493e+06 +6.11811309e+06  5.48e+05   6.17e+03     1.96e+01   96.597s
 163000 +6.66315958e+06 +6.10695472e+06  5.56e+05   6.07e+03     1.93e+01   97.089s
 164000 +6.66018299e+06 +6.09591084e+06  5.64e+05   5.96e+03     1.94e+01   97.582s
 165000 +6.65727779e+06 +6.08508304e+06  5.72e+05   5.85e+03     1.92e+01   98.074s
 166000 +6.65448221e+06 +6.06559969e+06  5.89e+05   5.80e+03     2.49e+01   98.567s
 167000 +6.65040908e+06 +6.04691813e+06  6.03e+05   5.78e+03     2.53e+01   99.059s
 168000 +6.64547092e+06 +6.02852744e+06  6.17e+05   5.76e+03     2.58e+01   99.551s
 169000 +6.64111619e+06 +6.00914188e+06  6.32e+05   5.72e+03     2.60e+01   100.043s
 170000 +6.63594760e+06 +5.98957572e+06  6.46e+05   5.68e+03     2.62e+01   100.535s
 171000 +6.63100220e+06 +5.97004849e+06  6.61e+05   5.64e+03     2.66e+01   101.027s
 172000 +6.62540023e+06 +5.95035288e+06  6.75e+05   5.59e+03     2.67e+01   101.519s
 173000 +6.61984734e+06 +5.93084684e+06  6.89e+05   5.53e+03     2.70e+01   102.011s
 174000 +6.61473191e+06 +5.91171968e+06  7.03e+05   5.47e+03     2.74e+01   102.503s
 175000 +6.60945383e+06 +5.89232432e+06  7.17e+05   5.41e+03     2.75e+01   102.995s
 176000 +6.60347135e+06 +5.87300456e+06  7.30e+05   5.34e+03     2.77e+01   103.487s
 177000 +6.59820982e+06 +5.85384981e+06  7.44e+05   5.27e+03     2.81e+01   103.980s
 178000 +6.59393707e+06 +5.83486688e+06  7.59e+05   5.19e+03     2.78e+01   104.472s
 179000 +6.58973037e+06 +5.81584928e+06  7.74e+05   5.11e+03     2.80e+01   104.964s
 180000 +6.58623652e+06 +5.79692298e+06  7.89e+05   5.03e+03     2.85e+01   105.456s
 181000 +6.58218137e+06 +5.77867307e+06  8.04e+05   4.95e+03     2.83e+01   105.949s
 182000 +6.57819119e+06 +5.76044820e+06  8.18e+05   4.86e+03     2.85e+01   106.441s
 183000 +6.57397782e+06 +5.74254990e+06  8.31e+05   4.76e+03     2.90e+01   106.933s
 184000 +6.57057376e+06 +5.72535517e+06  8.45e+05   4.67e+03     2.89e+01   107.426s
 185000 +6.56686019e+06 +5.70852103e+06  8.58e+05   4.57e+03     2.87e+01   107.918s
 186000 +6.56355190e+06 +5.69240649e+06  8.71e+05   4.46e+03     2.90e+01   108.410s
 187000 +6.56042664e+06 +5.67694147e+06  8.83e+05   4.36e+03     2.93e+01   108.902s
 188000 +6.55722391e+06 +5.66328102e+06  8.94e+05   4.25e+03     2.91e+01   109.394s
 189000 +6.55403055e+06 +5.65158740e+06  9.02e+05   4.13e+03     2.94e+01   109.887s
 190000 +6.55126746e+06 +5.64005260e+06  9.11e+05   4.01e+03     2.96e+01   110.380s
 191000 +6.54870797e+06 +5.62863549e+06  9.20e+05   3.88e+03     2.94e+01   110.873s
 192000 +6.54619591e+06 +5.61798321e+06  9.28e+05   3.75e+03     2.95e+01   111.365s
 193000 +6.54417513e+06 +5.60744111e+06  9.37e+05   3.62e+03     2.98e+01   111.857s
 194000 +6.54254181e+06 +5.59758363e+06  9.45e+05   3.50e+03     2.96e+01   112.350s
 195000 +6.54061690e+06 +5.58759849e+06  9.53e+05   3.38e+03     2.95e+01   112.843s
 196000 +6.53893259e+06 +5.57812100e+06  9.61e+05   3.26e+03     2.96e+01   113.335s
 197000 +6.53736980e+06 +5.56948048e+06  9.68e+05   3.14e+03     2.96e+01   113.827s
 198000 +6.53595228e+06 +5.56155784e+06  9.74e+05   3.02e+03     2.94e+01   114.320s
 199000 +6.53441226e+06 +5.55426511e+06  9.80e+05   2.89e+03     2.95e+01   114.812s
 200000 +6.53296597e+06 +5.54781655e+06  9.85e+05   2.78e+03     2.95e+01   115.305s
 201000 +6.53156236e+06 +5.54245887e+06  9.89e+05   2.66e+03     2.93e+01   115.798s
 202000 +6.53023715e+06 +5.53803701e+06  9.92e+05   2.54e+03     2.93e+01   116.290s
 203000 +6.52902482e+06 +5.53477412e+06  9.94e+05   2.43e+03     2.93e+01   116.783s
 204000 +6.52777033e+06 +5.53241629e+06  9.95e+05   2.32e+03     2.91e+01   117.275s
 205000 +6.52658611e+06 +5.53076486e+06  9.96e+05   2.20e+03     2.90e+01   117.768s
 206000 +6.52540109e+06 +5.53022423e+06  9.95e+05   2.09e+03     2.89e+01   118.260s
 207000 +6.52451340e+06 +5.52997039e+06  9.95e+05   1.97e+03     2.88e+01   118.753s
 208000 +6.52369553e+06 +5.53113023e+06  9.93e+05   1.85e+03     2.86e+01   119.246s
 209000 +6.52298537e+06 +5.53267628e+06  9.90e+05   1.73e+03     2.86e+01   119.738s
 210000 +6.52239132e+06 +5.53481628e+06  9.88e+05   1.61e+03     2.83e+01   120.231s
 211000 +6.52190946e+06 +5.53742180e+06  9.84e+05   1.50e+03     2.81e+01   120.724s
 212000 +6.52144284e+06 +5.54069399e+06  9.81e+05   1.39e+03     2.79e+01   121.216s
 213000 +6.52097732e+06 +5.54426416e+06  9.77e+05   1.29e+03     2.76e+01   121.708s
 214000 +6.52064678e+06 +5.54863405e+06  9.72e+05   1.19e+03     2.74e+01   122.201s
 215000 +6.52046761e+06 +5.55335179e+06  9.67e+05   1.10e+03     2.71e+01   122.693s
 216000 +6.52032485e+06 +5.55893421e+06  9.61e+05   1.02e+03     2.69e+01   123.186s
 217000 +6.52024753e+06 +5.56501845e+06  9.55e+05   9.42e+02     2.66e+01   123.678s
 218000 +6.52011227e+06 +5.57162712e+06  9.48e+05   8.76e+02     2.63e+01   124.171s
 219000 +6.51994345e+06 +5.58071943e+06  9.39e+05   8.17e+02     2.65e+01   124.664s
 220000 +6.51982708e+06 +5.59165651e+06  9.28e+05   7.68e+02     2.58e+01   125.156s
 221000 +6.51978613e+06 +5.60349701e+06  9.16e+05   7.30e+02     2.56e+01   125.649s
 222000 +6.51970343e+06 +5.61490665e+06  9.05e+05   7.06e+02     2.53e+01   126.142s
 223000 +6.51986789e+06 +5.62570416e+06  8.94e+05   6.95e+02     2.48e+01   126.634s
 224000 +6.52012815e+06 +5.63447962e+06  8.86e+05   6.95e+02     2.47e+01   127.127s
 225000 +6.52029661e+06 +5.64281336e+06  8.77e+05   7.06e+02     2.41e+01   127.620s
 226000 +6.52045680e+06 +5.65095503e+06  8.70e+05   7.27e+02     2.39e+01   128.112s
 227000 +6.52064475e+06 +5.70692667e+06  8.14e+05   7.61e+02     2.30e+01   128.606s
 228000 +6.52021669e+06 +5.74205459e+06  7.78e+05   8.32e+02     2.22e+01   129.097s
 229000 +6.51988092e+06 +5.75298050e+06  7.67e+05   9.23e+02     2.18e+01   129.589s
 230000 +6.51957928e+06 +5.81732664e+06  7.02e+05   1.03e+03     2.32e+01   130.081s
 231000 +6.51924361e+06 +5.85768807e+06  6.62e+05   1.13e+03     2.01e+01   130.573s
 232000 +6.51906649e+06 +5.88409790e+06  6.35e+05   1.23e+03     2.05e+01   131.065s
 233000 +6.51789245e+06 +5.87042858e+06  6.47e+05   1.53e+03     1.53e+01   131.558s
 234000 +6.51756822e+06 +5.91064135e+06  6.07e+05   1.82e+03     1.24e+01   132.050s
 235000 +6.51666597e+06 +5.92007844e+06  5.97e+05   2.28e+03     1.17e+01   132.542s
 236000 +6.51609346e+06 +5.91097558e+06  6.05e+05   2.81e+03     1.10e+01   133.033s
 237000 +6.51557940e+06 +5.90027052e+06  6.15e+05   3.34e+03     1.02e+01   133.525s
 238000 +6.51494551e+06 +5.89809538e+06  6.17e+05   3.82e+03     9.93e+00   134.017s
 239000 +6.51422779e+06 +5.90141981e+06  6.13e+05   4.26e+03     9.60e+00   134.509s
 240000 +6.51368611e+06 +5.90291063e+06  6.11e+05   4.65e+03     9.11e+00   135.002s
 241000 +6.51325362e+06 +5.90135934e+06  6.12e+05   4.97e+03     8.81e+00   135.493s
 242000 +6.51246604e+06 +5.90013436e+06  6.12e+05   5.21e+03     8.50e+00   135.986s
 243000 +6.51184299e+06 +5.90211275e+06  6.10e+05   5.39e+03     8.12e+00   136.477s
 244000 +6.51152132e+06 +5.90435100e+06  6.07e+05   5.51e+03     7.90e+00   136.969s
 245000 +6.51118936e+06 +5.90263833e+06  6.09e+05   5.55e+03     7.68e+00   137.461s
 246000 +6.51092098e+06 +5.89912076e+06  6.12e+05   5.54e+03     7.36e+00   137.953s
 247000 +6.51038481e+06 +5.89752192e+06  6.13e+05   5.47e+03     7.19e+00   138.445s
 248000 +6.50977294e+06 +5.89879499e+06  6.11e+05   5.35e+03     7.04e+00   138.937s
 249000 +6.50929187e+06 +5.90056546e+06  6.09e+05   5.19e+03     6.73e+00   139.430s
 250000 +6.50880779e+06 +5.90069243e+06  6.08e+05   4.98e+03     6.54e+00   139.922s
 251000 +6.50833695e+06 +5.89982985e+06  6.09e+05   4.74e+03     6.47e+00   140.414s
 252000 +6.50791424e+06 +5.89993245e+06  6.08e+05   4.47e+03     6.27e+00   140.906s
 253000 +6.50750918e+06 +5.90065627e+06  6.07e+05   4.17e+03     6.17e+00   141.398s
 254000 +6.50723923e+06 +5.90008580e+06  6.07e+05   3.85e+03     6.12e+00   141.890s
 255000 +6.50701904e+06 +5.89880328e+06  6.08e+05   3.53e+03     5.98e+00   142.383s
 256000 +6.50679887e+06 +5.89963186e+06  6.07e+05   3.42e+03     6.56e+00   142.876s
 257000 +6.50659207e+06 +5.90020099e+06  6.06e+05   3.34e+03     6.54e+00   143.368s
 258000 +6.50648435e+06 +5.90086637e+06  6.06e+05   3.23e+03     6.56e+00   143.860s
 259000 +6.50631987e+06 +5.90160108e+06  6.05e+05   3.10e+03     6.59e+00   144.352s
 260000 +6.50621489e+06 +5.90238727e+06  6.04e+05   2.95e+03     6.62e+00   144.844s
 261000 +6.50595863e+06 +5.90329771e+06  6.03e+05   2.78e+03     6.67e+00   145.336s
 262000 +6.50579900e+06 +5.90418136e+06  6.02e+05   2.61e+03     6.72e+00   145.828s
 263000 +6.50564316e+06 +5.90512474e+06  6.01e+05   2.42e+03     6.76e+00   146.320s
 264000 +6.50550273e+06 +5.90615354e+06  5.99e+05   2.24e+03     6.77e+00   146.812s
 265000 +6.50541513e+06 +5.90722713e+06  5.98e+05   2.06e+03     6.77e+00   147.305s
 266000 +6.50525390e+06 +5.90839894e+06  5.97e+05   1.89e+03     6.76e+00   147.796s
 267000 +6.50514541e+06 +5.90959832e+06  5.96e+05   1.74e+03     6.72e+00   148.289s
 268000 +6.50502415e+06 +5.91089099e+06  5.94e+05   1.62e+03     6.65e+00   148.781s
 269000 +6.50482427e+06 +5.91215228e+06  5.93e+05   1.53e+03     6.58e+00   149.273s
 270000 +6.50466975e+06 +5.91349051e+06  5.91e+05   1.47e+03     6.48e+00   149.765s
 271000 +6.50441794e+06 +5.91486765e+06  5.90e+05   1.44e+03     6.37e+00   150.257s
 272000 +6.50417974e+06 +5.91637507e+06  5.88e+05   1.45e+03     6.26e+00   150.749s
 273000 +6.50399094e+06 +5.91789741e+06  5.86e+05   1.47e+03     6.12e+00   151.242s
 274000 +6.50367907e+06 +5.91943758e+06  5.84e+05   1.51e+03     5.98e+00   151.734s
 275000 +6.50340632e+06 +5.92097074e+06  5.82e+05   1.55e+03     5.82e+00   152.226s
 276000 +6.50319049e+06 +5.92252555e+06  5.81e+05   1.59e+03     5.68e+00   152.718s
 277000 +6.50299433e+06 +5.92408821e+06  5.79e+05   1.62e+03     5.55e+00   153.210s
 278000 +6.50282297e+06 +5.92572077e+06  5.77e+05   1.65e+03     5.42e+00   153.703s
 279000 +6.50265900e+06 +5.92732785e+06  5.75e+05   1.67e+03     5.30e+00   154.194s
 280000 +6.50252944e+06 +5.92888121e+06  5.74e+05   1.67e+03     5.18e+00   154.687s
 281000 +6.50203926e+06 +5.93038235e+06  5.72e+05   1.66e+03     5.06e+00   155.179s
 282000 +6.50188410e+06 +5.93196330e+06  5.70e+05   1.65e+03     4.98e+00   155.671s
 283000 +6.50180700e+06 +5.93344236e+06  5.68e+05   1.62e+03     4.89e+00   156.163s
 284000 +6.50179031e+06 +5.93490151e+06  5.67e+05   1.60e+03     4.83e+00   156.655s
 285000 +6.50180551e+06 +5.93628664e+06  5.66e+05   1.56e+03     4.77e+00   157.148s
 286000 +6.50183084e+06 +5.93768934e+06  5.64e+05   1.53e+03     4.73e+00   157.640s
 287000 +6.50176403e+06 +5.93911231e+06  5.63e+05   1.50e+03     4.68e+00   158.132s
 288000 +6.50193009e+06 +5.94042476e+06  5.62e+05   1.47e+03     4.63e+00   158.625s
 289000 +6.50208426e+06 +5.94171165e+06  5.60e+05   1.45e+03     4.60e+00   159.117s
 290000 +6.50198592e+06 +5.94294940e+06  5.59e+05   1.44e+03     4.58e+00   159.609s
 291000 +6.50187442e+06 +5.94414247e+06  5.58e+05   1.43e+03     4.56e+00   160.101s
 292000 +6.50171593e+06 +5.94537043e+06  5.56e+05   1.43e+03     4.54e+00   160.593s
 293000 +6.50157902e+06 +5.94667774e+06  5.55e+05   1.43e+03     4.67e+00   161.086s
 294000 +6.50147811e+06 +5.94831985e+06  5.53e+05   1.43e+03     4.63e+00   161.578s
 295000 +6.50132149e+06 +5.95000224e+06  5.51e+05   1.43e+03     4.61e+00   162.070s
 296000 +6.50113003e+06 +5.95167271e+06  5.49e+05   1.43e+03     4.60e+00   162.562s
 297000 +6.50107058e+06 +5.95333709e+06  5.48e+05   1.43e+03     4.56e+00   163.054s
 298000 +6.50098789e+06 +5.95501009e+06  5.46e+05   1.42e+03     4.54e+00   163.546s
 299000 +6.50091276e+06 +5.95669880e+06  5.44e+05   1.42e+03     4.53e+00   164.039s
 300000 +6.50085208e+06 +5.95838857e+06  5.42e+05   1.42e+03     4.51e+00   164.531s
 301000 +6.50078206e+06 +5.96010373e+06  5.41e+05   1.42e+03     4.49e+00   165.023s
 302000 +6.50070246e+06 +5.96180769e+06  5.39e+05   1.42e+03     4.49e+00   165.515s
 303000 +6.50062775e+06 +5.96350978e+06  5.37e+05   1.42e+03     4.48e+00   166.008s
 304000 +6.50052318e+06 +5.96521441e+06  5.35e+05   1.42e+03     4.44e+00   166.500s
 305000 +6.50047850e+06 +5.96689613e+06  5.34e+05   1.42e+03     4.44e+00   166.993s
 306000 +6.50039519e+06 +5.96862235e+06  5.32e+05   1.42e+03     4.42e+00   167.485s
 307000 +6.50038132e+06 +5.97035246e+06  5.30e+05   1.42e+03     4.41e+00   167.977s
 308000 +6.50029479e+06 +5.97200462e+06  5.28e+05   1.42e+03     4.40e+00   168.469s
 309000 +6.50025949e+06 +5.97370117e+06  5.27e+05   1.42e+03     4.38e+00   168.961s
 310000 +6.50023548e+06 +5.97537716e+06  5.25e+05   1.42e+03     4.37e+00   169.453s
 311000 +6.50021387e+06 +5.97702613e+06  5.23e+05   1.41e+03     4.35e+00   169.945s
 312000 +6.50005521e+06 +5.97867553e+06  5.21e+05   1.41e+03     4.33e+00   170.438s
 313000 +6.49979053e+06 +5.98030399e+06  5.19e+05   1.41e+03     4.34e+00   170.930s
 314000 +6.49956115e+06 +5.98202198e+06  5.18e+05   1.41e+03     4.32e+00   171.423s
 315000 +6.49919380e+06 +5.98372542e+06  5.15e+05   1.41e+03     4.32e+00   171.914s
 316000 +6.49886871e+06 +5.98539663e+06  5.13e+05   1.41e+03     4.31e+00   172.407s
 317000 +6.49847947e+06 +5.98709481e+06  5.11e+05   1.41e+03     4.28e+00   172.899s
 318000 +6.49795650e+06 +5.98872124e+06  5.09e+05   1.41e+03     4.30e+00   173.392s
 319000 +6.49734466e+06 +5.99041163e+06  5.07e+05   1.41e+03     4.37e+00   173.884s
 320000 +6.49641387e+06 +5.99208228e+06  5.04e+05   1.40e+03     4.33e+00   174.376s
 321000 +6.49623733e+06 +5.99374572e+06  5.02e+05   1.40e+03     4.26e+00   174.868s
 322000 +6.49594262e+06 +5.99538291e+06  5.01e+05   1.40e+03     4.23e+00   175.361s
 323000 +6.49573179e+06 +5.99702265e+06  4.99e+05   1.40e+03     4.23e+00   175.853s
 324000 +6.49555727e+06 +5.99861631e+06  4.97e+05   1.40e+03     4.24e+00   176.345s
 325000 +6.49533503e+06 +6.00021036e+06  4.95e+05   1.40e+03     4.17e+00   176.837s
 326000 +6.49515234e+06 +6.00184654e+06  4.93e+05   1.40e+03     4.18e+00   177.329s
 327000 +6.49494840e+06 +6.00345864e+06  4.91e+05   1.40e+03     4.16e+00   177.822s
 328000 +6.49474057e+06 +6.00512249e+06  4.90e+05   1.40e+03     4.14e+00   178.314s
 329000 +6.49475462e+06 +6.00679179e+06  4.88e+05   1.40e+03     4.12e+00   178.806s
 330000 +6.49497882e+06 +6.00838795e+06  4.87e+05   1.40e+03     4.10e+00   179.298s
 331000 +6.49499185e+06 +6.01001296e+06  4.85e+05   1.39e+03     4.10e+00   179.790s
 332000 +6.49481921e+06 +6.01162809e+06  4.83e+05   1.39e+03     4.11e+00   180.283s
 333000 +6.49458689e+06 +6.01332345e+06  4.81e+05   1.39e+03     4.09e+00   180.775s
 334000 +6.49441104e+06 +6.01492031e+06  4.79e+05   1.39e+03     4.07e+00   181.268s
 335000 +6.49425006e+06 +6.01656093e+06  4.78e+05   1.39e+03     4.09e+00   181.760s
 336000 +6.49412474e+06 +6.01820042e+06  4.76e+05   1.39e+03     4.09e+00   182.252s
 337000 +6.49387561e+06 +6.01985116e+06  4.74e+05   1.39e+03     4.11e+00   182.744s
 338000 +6.49369994e+06 +6.02150670e+06  4.72e+05   1.39e+03     4.10e+00   183.236s
 339000 +6.49360672e+06 +6.02310081e+06  4.71e+05   1.39e+03     4.11e+00   183.729s
 340000 +6.49341065e+06 +6.02477017e+06  4.69e+05   1.38e+03     4.09e+00   184.221s
 341000 +6.49325604e+06 +6.02652477e+06  4.67e+05   1.38e+03     4.09e+00   184.713s
 342000 +6.49312882e+06 +6.02814306e+06  4.65e+05   1.38e+03     4.06e+00   185.205s
 343000 +6.49311543e+06 +6.02976393e+06  4.63e+05   1.38e+03     4.04e+00   185.697s
 344000 +6.49311062e+06 +6.03135158e+06  4.62e+05   1.38e+03     4.02e+00   186.190s
 345000 +6.49312288e+06 +6.03301504e+06  4.60e+05   1.38e+03     4.02e+00   186.682s
 346000 +6.49304329e+06 +6.03462217e+06  4.58e+05   1.38e+03     4.02e+00   187.174s
 347000 +6.49282055e+06 +6.03624349e+06  4.57e+05   1.38e+03     4.04e+00   187.667s
 348000 +6.49266048e+06 +6.03786797e+06  4.55e+05   1.38e+03     4.01e+00   188.159s
 349000 +6.49232784e+06 +6.03934938e+06  4.53e+05   1.38e+03     3.99e+00   188.652s
 350000 +6.49199286e+06 +6.04088517e+06  4.51e+05   1.37e+03     4.00e+00   189.145s
 351000 +6.49182071e+06 +6.04234968e+06  4.49e+05   1.37e+03     3.99e+00   189.637s
 352000 +6.49163651e+06 +6.04390005e+06  4.48e+05   1.37e+03     3.98e+00   190.129s
 353000 +6.49145942e+06 +6.04542748e+06  4.46e+05   1.37e+03     3.94e+00   190.622s
 354000 +6.49129516e+06 +6.04696215e+06  4.44e+05   1.37e+03     3.94e+00   191.114s
 355000 +6.49121434e+06 +6.04836980e+06  4.43e+05   1.36e+03     3.96e+00   191.607s
 356000 +6.49121271e+06 +6.04975106e+06  4.41e+05   1.35e+03     3.96e+00   192.099s
 357000 +6.49126121e+06 +6.05106590e+06  4.40e+05   1.34e+03     3.94e+00   192.591s
 358000 +6.49119950e+06 +6.05231787e+06  4.39e+05   1.32e+03     3.94e+00   193.084s
 359000 +6.49122110e+06 +6.05357308e+06  4.38e+05   1.30e+03     3.93e+00   193.576s
 360000 +6.49112119e+06 +6.05478601e+06  4.36e+05   1.28e+03     3.95e+00   194.068s
 361000 +6.49104987e+06 +6.05600573e+06  4.35e+05   1.25e+03     3.93e+00   194.561s
 362000 +6.49088886e+06 +6.05721829e+06  4.34e+05   1.23e+03     3.92e+00   195.053s
 363000 +6.49060041e+06 +6.05826454e+06  4.32e+05   1.22e+03     3.93e+00   195.545s
 364000 +6.49017330e+06 +6.05926466e+06  4.31e+05   1.20e+03     3.94e+00   196.038s
 365000 +6.48968006e+06 +6.06031518e+06  4.29e+05   1.18e+03     3.88e+00   196.530s
 366000 +6.48937973e+06 +6.06136329e+06  4.28e+05   1.17e+03     3.86e+00   197.023s
 367000 +6.48943078e+06 +6.06230044e+06  4.27e+05   1.16e+03     3.85e+00   197.515s
 368000 +6.48939085e+06 +6.06322424e+06  4.26e+05   1.15e+03     3.81e+00   198.008s
 369000 +6.48930875e+06 +6.06408629e+06  4.25e+05   1.14e+03     3.79e+00   198.501s
 370000 +6.48917484e+06 +6.06496560e+06  4.24e+05   1.14e+03     3.78e+00   198.993s
 371000 +6.48903598e+06 +6.06586949e+06  4.23e+05   1.13e+03     3.77e+00   199.486s
 372000 +6.48887552e+06 +6.06670099e+06  4.22e+05   1.13e+03     3.74e+00   199.978s
 373000 +6.48870597e+06 +6.06761060e+06  4.21e+05   1.13e+03     3.76e+00   200.471s
 374000 +6.48867959e+06 +6.06848967e+06  4.20e+05   1.13e+03     3.74e+00   200.964s
 375000 +6.48870101e+06 +6.06942129e+06  4.19e+05   1.13e+03     3.71e+00   201.456s
 376000 +6.48872537e+06 +6.07028868e+06  4.18e+05   1.13e+03     3.69e+00   201.948s
 377000 +6.48869692e+06 +6.07114546e+06  4.18e+05   1.13e+03     3.70e+00   202.441s
 378000 +6.48873226e+06 +6.07202019e+06  4.17e+05   1.14e+03     3.71e+00   202.933s
 379000 +6.48874437e+06 +6.07331854e+06  4.15e+05   1.14e+03     3.68e+00   203.425s
 380000 +6.48871956e+06 +6.07454439e+06  4.14e+05   1.13e+03     3.66e+00   203.918s
 381000 +6.48862223e+06 +6.07569565e+06  4.13e+05   1.12e+03     3.68e+00   204.410s
 382000 +6.48860241e+06 +6.07683534e+06  4.12e+05   1.10e+03     3.70e+00   204.903s
 383000 +6.48854599e+06 +6.07782663e+06  4.11e+05   1.09e+03     3.68e+00   205.395s
 384000 +6.48841697e+06 +6.07870264e+06  4.10e+05   1.07e+03     3.67e+00   205.888s
 385000 +6.48832551e+06 +6.07957836e+06  4.09e+05   1.06e+03     3.69e+00   206.381s
 386000 +6.48825410e+06 +6.08020081e+06  4.08e+05   1.06e+03     3.67e+00   206.873s
 387000 +6.48813290e+06 +6.08079152e+06  4.07e+05   1.05e+03     3.64e+00   207.365s
 388000 +6.48800574e+06 +6.08135382e+06  4.07e+05   1.04e+03     3.65e+00   207.858s
 389000 +6.48780399e+06 +6.08174320e+06  4.06e+05   1.04e+03     3.66e+00   208.350s
 390000 +6.48770433e+06 +6.08220699e+06  4.05e+05   1.03e+03     3.64e+00   208.843s
 391000 +6.48761169e+06 +6.08262691e+06  4.05e+05   1.02e+03     3.61e+00   209.335s
 392000 +6.48758660e+06 +6.08303248e+06  4.05e+05   1.00e+03     3.63e+00   209.828s
 393000 +6.48756804e+06 +6.08345165e+06  4.04e+05   9.95e+02     3.63e+00   210.320s
 394000 +6.48787112e+06 +6.08390701e+06  4.04e+05   9.88e+02     3.61e+00   210.813s
 395000 +6.48807923e+06 +6.08432373e+06  4.04e+05   9.85e+02     3.62e+00   211.306s
 396000 +6.48819993e+06 +6.08484065e+06  4.03e+05   9.86e+02     3.59e+00   211.798s
 397000 +6.48824320e+06 +6.08544736e+06  4.03e+05   9.90e+02     3.56e+00   212.291s
 398000 +6.48817037e+06 +6.08601715e+06  4.02e+05   9.93e+02     3.54e+00   212.783s
 399000 +6.48810664e+06 +6.08674341e+06  4.01e+05   9.95e+02     3.53e+00   213.275s
 400000 +6.48796330e+06 +6.08741295e+06  4.01e+05   9.95e+02     3.51e+00   213.768s
 401000 +6.48779374e+06 +6.08795086e+06  4.00e+05   9.89e+02     3.50e+00   214.261s
 402000 +6.48778617e+06 +6.08843956e+06  3.99e+05   9.72e+02     3.52e+00   214.753s
 403000 +6.48774410e+06 +6.08882128e+06  3.99e+05   9.45e+02     3.52e+00   215.246s
 404000 +6.48771761e+06 +6.08925562e+06  3.98e+05   9.16e+02     3.54e+00   215.738s
 405000 +6.48760960e+06 +6.08970382e+06  3.98e+05   8.88e+02     3.54e+00   216.231s
 406000 +6.48750014e+06 +6.09011626e+06  3.97e+05   8.69e+02     3.52e+00   216.724s
 407000 +6.48741732e+06 +6.09062337e+06  3.97e+05   8.61e+02     3.50e+00   217.216s
 408000 +6.48734341e+06 +6.09108962e+06  3.96e+05   8.63e+02     3.46e+00   217.708s
 409000 +6.48728071e+06 +6.09153140e+06  3.96e+05   8.70e+02     3.43e+00   218.201s
 410000 +6.48721158e+06 +6.09201703e+06  3.95e+05   8.79e+02     3.40e+00   218.693s
 411000 +6.48710813e+06 +6.09248698e+06  3.95e+05   8.83e+02     3.38e+00   219.186s
 412000 +6.48704158e+06 +6.09294668e+06  3.94e+05   8.83e+02     3.37e+00   219.678s
 413000 +6.48695765e+06 +6.09487915e+06  3.92e+05   8.81e+02     5.45e+00   220.171s
 414000 +6.48690754e+06 +6.09769910e+06  3.89e+05   8.77e+02     5.56e+00   220.663s
 415000 +6.48682113e+06 +6.10048312e+06  3.86e+05   8.70e+02     5.67e+00   221.155s
 416000 +6.48673483e+06 +6.10330905e+06  3.83e+05   8.62e+02     5.81e+00   221.648s
 417000 +6.48671632e+06 +6.10616247e+06  3.81e+05   8.52e+02     5.94e+00   222.140s
 418000 +6.48669012e+06 +6.10899717e+06  3.78e+05   8.41e+02     6.10e+00   222.632s
 419000 +6.48679526e+06 +6.11173657e+06  3.75e+05   8.30e+02     6.27e+00   223.125s
 420000 +6.48691317e+06 +6.11451766e+06  3.72e+05   8.19e+02     6.29e+00   223.617s
 421000 +6.48686881e+06 +6.11720295e+06  3.70e+05   8.09e+02     6.04e+00   224.110s
 422000 +6.48676658e+06 +6.11983361e+06  3.67e+05   7.99e+02     6.05e+00   224.602s
 423000 +6.48663609e+06 +6.12286215e+06  3.64e+05   7.91e+02     6.02e+00   225.094s
 424000 +6.48648616e+06 +6.12614855e+06  3.60e+05   7.81e+02     6.03e+00   225.587s
 425000 +6.48629419e+06 +6.12936259e+06  3.57e+05   7.70e+02     5.99e+00   226.080s
 426000 +6.48609058e+06 +6.13249829e+06  3.54e+05   7.59e+02     6.12e+00   226.572s
 427000 +6.48587988e+06 +6.13549945e+06  3.50e+05   7.47e+02     5.84e+00   227.064s
 428000 +6.48577612e+06 +6.13825237e+06  3.48e+05   7.34e+02     5.84e+00   227.557s
 429000 +6.48588724e+06 +6.14085020e+06  3.45e+05   7.21e+02     5.83e+00   228.050s
 430000 +6.48593704e+06 +6.14325513e+06  3.43e+05   7.08e+02     5.88e+00   228.542s
 431000 +6.48583056e+06 +6.14549527e+06  3.40e+05   6.95e+02     5.84e+00   229.035s
 432000 +6.48574225e+06 +6.14757159e+06  3.38e+05   6.83e+02     5.81e+00   229.527s
 433000 +6.48567523e+06 +6.14946971e+06  3.36e+05   6.71e+02     5.77e+00   230.020s
 434000 +6.48564446e+06 +6.15106276e+06  3.35e+05   6.61e+02     5.77e+00   230.512s
 435000 +6.48558768e+06 +6.15251140e+06  3.33e+05   6.51e+02     5.75e+00   231.005s
 436000 +6.48553798e+06 +6.15379545e+06  3.32e+05   6.42e+02     5.72e+00   231.497s
 437000 +6.48546681e+06 +6.15491985e+06  3.31e+05   6.34e+02     5.69e+00   231.990s
 438000 +6.48537446e+06 +6.15595080e+06  3.29e+05   6.28e+02     5.66e+00   232.483s
 439000 +6.48533741e+06 +6.15683756e+06  3.28e+05   6.23e+02     5.62e+00   232.975s
 440000 +6.48528777e+06 +6.15755347e+06  3.28e+05   6.18e+02     5.57e+00   233.468s
 441000 +6.48524602e+06 +6.15826229e+06  3.27e+05   6.14e+02     5.57e+00   233.960s
 442000 +6.48520387e+06 +6.15881019e+06  3.26e+05   6.11e+02     5.52e+00   234.452s
 443000 +6.48513451e+06 +6.15932131e+06  3.26e+05   6.08e+02     5.48e+00   234.945s
 444000 +6.48507500e+06 +6.15978520e+06  3.25e+05   6.06e+02     5.44e+00   235.437s
 445000 +6.48501097e+06 +6.16023930e+06  3.25e+05   6.03e+02     5.40e+00   235.930s
 446000 +6.48496394e+06 +6.16060114e+06  3.24e+05   6.02e+02     5.38e+00   236.422s
 447000 +6.48488489e+06 +6.16103614e+06  3.24e+05   6.00e+02     5.35e+00   236.915s
 448000 +6.48482981e+06 +6.16135363e+06  3.23e+05   5.99e+02     5.37e+00   237.407s
 449000 +6.48485607e+06 +6.16168290e+06  3.23e+05   5.98e+02     5.33e+00   237.900s
 450000 +6.48485610e+06 +6.16194305e+06  3.23e+05   5.98e+02     5.32e+00   238.392s
 451000 +6.48485580e+06 +6.16220655e+06  3.23e+05   5.98e+02     5.29e+00   238.885s
 452000 +6.48483070e+06 +6.16421712e+06  3.21e+05   5.96e+02     5.26e+00   239.378s
 453000 +6.48471436e+06 +6.16634554e+06  3.18e+05   5.90e+02     5.21e+00   239.870s
 454000 +6.48459250e+06 +6.16825573e+06  3.16e+05   5.81e+02     5.21e+00   240.363s
 455000 +6.48444718e+06 +6.17007748e+06  3.14e+05   5.69e+02     5.22e+00   240.855s
 456000 +6.48425680e+06 +6.17150813e+06  3.13e+05   5.57e+02     5.18e+00   241.348s
 457000 +6.48408538e+06 +6.17287076e+06  3.11e+05   5.46e+02     5.16e+00   241.840s
 458000 +6.48397268e+06 +6.17376925e+06  3.10e+05   5.37e+02     5.13e+00   242.333s
 459000 +6.48383097e+06 +6.17446221e+06  3.09e+05   5.29e+02     5.10e+00   242.826s
 460000 +6.48366702e+06 +6.17485953e+06  3.09e+05   5.22e+02     5.04e+00   243.318s
 461000 +6.48347027e+06 +6.17506772e+06  3.08e+05   5.17e+02     4.96e+00   243.810s
 462000 +6.48319592e+06 +6.17502164e+06  3.08e+05   5.12e+02     4.92e+00   244.303s
 463000 +6.48291506e+06 +6.17482452e+06  3.08e+05   5.07e+02     4.89e+00   244.796s
 464000 +6.48261795e+06 +6.17449911e+06  3.08e+05   5.02e+02     4.88e+00   245.289s
 465000 +6.48224025e+06 +6.17409664e+06  3.08e+05   4.98e+02     4.84e+00   245.782s
 466000 +6.48176625e+06 +6.17368187e+06  3.08e+05   4.94e+02     4.83e+00   246.275s
 467000 +6.48126144e+06 +6.17320868e+06  3.08e+05   4.92e+02     4.82e+00   246.768s
 468000 +6.48084157e+06 +6.17284878e+06  3.08e+05   4.92e+02     4.83e+00   247.260s
 469000 +6.48045621e+06 +6.17250931e+06  3.08e+05   4.92e+02     4.77e+00   247.752s
 470000 +6.48012200e+06 +6.17212245e+06  3.08e+05   4.94e+02     4.74e+00   248.245s
 471000 +6.47980338e+06 +6.17186174e+06  3.08e+05   4.95e+02     4.74e+00   248.737s
 472000 +6.47952795e+06 +6.17164201e+06  3.08e+05   4.97e+02     4.68e+00   249.230s
 473000 +6.47920614e+06 +6.17156870e+06  3.08e+05   4.98e+02     4.68e+00   249.723s
 474000 +6.47888064e+06 +6.17140341e+06  3.07e+05   4.99e+02     4.67e+00   250.215s
 475000 +6.47848897e+06 +6.17135148e+06  3.07e+05   4.99e+02     4.66e+00   250.708s
 476000 +6.47811961e+06 +6.17131762e+06  3.07e+05   4.98e+02     4.68e+00   251.200s
 477000 +6.47768752e+06 +6.17134536e+06  3.06e+05   4.97e+02     4.69e+00   251.693s
 478000 +6.47721842e+06 +6.17130059e+06  3.06e+05   4.96e+02     4.67e+00   252.186s
 479000 +6.47688106e+06 +6.17131622e+06  3.06e+05   4.96e+02     4.66e+00   252.679s
 480000 +6.47656463e+06 +6.17130955e+06  3.05e+05   4.95e+02     4.63e+00   253.171s
 481000 +6.47621645e+06 +6.17131663e+06  3.05e+05   4.94e+02     4.65e+00   253.664s
 482000 +6.47586569e+06 +6.17130689e+06  3.05e+05   4.94e+02     4.64e+00   254.157s
 483000 +6.47545919e+06 +6.17133003e+06  3.04e+05   4.93e+02     4.66e+00   254.649s
 484000 +6.47507567e+06 +6.17181745e+06  3.03e+05   4.92e+02     4.60e+00   255.142s
 485000 +6.47480120e+06 +6.17358390e+06  3.01e+05   4.89e+02     4.60e+00   255.634s
 486000 +6.47455571e+06 +6.17537934e+06  2.99e+05   4.83e+02     4.63e+00   256.127s
 487000 +6.47426615e+06 +6.17699509e+06  2.97e+05   4.76e+02     4.61e+00   256.619s
 488000 +6.47398540e+06 +6.17834303e+06  2.96e+05   4.68e+02     4.67e+00   257.112s
 489000 +6.47369157e+06 +6.17960594e+06  2.94e+05   4.61e+02     4.69e+00   257.605s
 490000 +6.47337475e+06 +6.18072237e+06  2.93e+05   4.56e+02     4.64e+00   258.097s
 491000 +6.47307206e+06 +6.18149783e+06  2.92e+05   4.53e+02     4.64e+00   258.590s
 492000 +6.47273918e+06 +6.18225849e+06  2.90e+05   4.51e+02     4.60e+00   259.082s
 493000 +6.47237889e+06 +6.18283598e+06  2.90e+05   4.51e+02     4.52e+00   259.575s
 494000 +6.47202030e+06 +6.18311123e+06  2.89e+05   4.49e+02     4.46e+00   260.068s
 495000 +6.47167954e+06 +6.18334453e+06  2.88e+05   4.48e+02     4.47e+00   260.560s
 496000 +6.47134704e+06 +6.18340722e+06  2.88e+05   4.45e+02     4.47e+00   261.053s
 497000 +6.47096951e+06 +6.18348365e+06  2.87e+05   4.42e+02     4.49e+00   261.545s
 498000 +6.47057349e+06 +6.18353937e+06  2.87e+05   4.38e+02     4.49e+00   262.038s
 499000 +6.47016410e+06 +6.18363628e+06  2.87e+05   4.34e+02     4.47e+00   262.530s
 500000 +6.46971738e+06 +6.18377020e+06  2.86e+05   4.31e+02     4.50e+00   263.023s
 501000 +6.46924493e+06 +6.18395565e+06  2.85e+05   4.28e+02     4.55e+00   263.515s
 502000 +6.46876175e+06 +6.18427647e+06  2.84e+05   4.27e+02     4.50e+00   264.008s
 503000 +6.46828088e+06 +6.18466566e+06  2.84e+05   4.25e+02     4.51e+00   264.500s
 504000 +6.46778618e+06 +6.18511427e+06  2.83e+05   4.25e+02     4.57e+00   264.993s
 505000 +6.46728657e+06 +6.18579492e+06  2.81e+05   4.24e+02     4.54e+00   265.486s
 506000 +6.46680461e+06 +6.18648794e+06  2.80e+05   4.23e+02     4.50e+00   265.978s
 507000 +6.46633008e+06 +6.18711497e+06  2.79e+05   4.23e+02     4.53e+00   266.471s
 508000 +6.46585309e+06 +6.18778206e+06  2.78e+05   4.23e+02     4.49e+00   266.963s
 509000 +6.46530021e+06 +6.18846094e+06  2.77e+05   4.23e+02     4.48e+00   267.456s
 510000 +6.46465829e+06 +6.18916768e+06  2.75e+05   4.24e+02     4.43e+00   267.949s
 511000 +6.46402063e+06 +6.18976843e+06  2.74e+05   4.25e+02     4.42e+00   268.442s
 512000 +6.46345144e+06 +6.19032013e+06  2.73e+05   4.26e+02     4.40e+00   268.934s
 513000 +6.46281327e+06 +6.19066414e+06  2.72e+05   4.26e+02     4.39e+00   269.426s
 514000 +6.46225813e+06 +6.19117370e+06  2.71e+05   4.26e+02     4.40e+00   269.918s
 515000 +6.46178534e+06 +6.19152910e+06  2.70e+05   4.25e+02     4.39e+00   270.411s
 516000 +6.46124669e+06 +6.19190648e+06  2.69e+05   4.23e+02     4.39e+00   270.904s
 517000 +6.46082038e+06 +6.19220328e+06  2.69e+05   4.20e+02     4.40e+00   271.396s
 518000 +6.46036710e+06 +6.19234887e+06  2.68e+05   4.17e+02     4.44e+00   271.889s
 519000 +6.45984404e+06 +6.19259507e+06  2.67e+05   4.14e+02     4.42e+00   272.381s
 520000 +6.45941418e+06 +6.19278569e+06  2.67e+05   4.11e+02     4.41e+00   272.874s
 521000 +6.45885321e+06 +6.19306097e+06  2.66e+05   4.08e+02     4.39e+00   273.367s
 522000 +6.45825055e+06 +6.19322566e+06  2.65e+05   4.06e+02     4.42e+00   273.859s
 523000 +6.45757762e+06 +6.19353447e+06  2.64e+05   4.05e+02     4.40e+00   274.352s
 524000 +6.45687397e+06 +6.19378596e+06  2.63e+05   4.04e+02     4.39e+00   274.845s
 525000 +6.45621913e+06 +6.19403731e+06  2.62e+05   4.04e+02     4.35e+00   275.337s
 526000 +6.45566363e+06 +6.19441068e+06  2.61e+05   4.05e+02     4.36e+00   275.830s
 527000 +6.45513285e+06 +6.19472161e+06  2.60e+05   4.05e+02     4.33e+00   276.323s
 528000 +6.45463048e+06 +6.19509918e+06  2.60e+05   4.06e+02     4.32e+00   276.815s
 529000 +6.45415501e+06 +6.19541225e+06  2.59e+05   4.07e+02     4.36e+00   277.308s
 530000 +6.45366011e+06 +6.19572422e+06  2.58e+05   4.08e+02     4.37e+00   277.801s
 531000 +6.45318695e+06 +6.19600272e+06  2.57e+05   4.08e+02     4.36e+00   278.294s
 532000 +6.45271691e+06 +6.19627421e+06  2.56e+05   4.08e+02     4.37e+00   278.787s
 533000 +6.45229255e+06 +6.19647422e+06  2.56e+05   4.07e+02     4.35e+00   279.280s
 534000 +6.45191450e+06 +6.19668189e+06  2.55e+05   4.07e+02     4.36e+00   279.772s
 535000 +6.45155590e+06 +6.19686390e+06  2.55e+05   4.05e+02     4.38e+00   280.265s
 536000 +6.45119049e+06 +6.19718251e+06  2.54e+05   4.04e+02     4.37e+00   280.758s
 537000 +6.45078228e+06 +6.19740123e+06  2.53e+05   4.02e+02     4.38e+00   281.251s
 538000 +6.45037571e+06 +6.19763054e+06  2.53e+05   4.01e+02     4.36e+00   281.744s
 539000 +6.44998025e+06 +6.19793634e+06  2.52e+05   4.00e+02     4.40e+00   282.236s
 540000 +6.44964547e+06 +6.19827238e+06  2.51e+05   4.00e+02     4.39e+00   282.729s
 541000 +6.44929906e+06 +6.19860713e+06  2.51e+05   4.00e+02     4.38e+00   283.221s
 542000 +6.44896565e+06 +6.19900842e+06  2.50e+05   4.00e+02     4.38e+00   283.713s
 543000 +6.44864361e+06 +6.20036317e+06  2.48e+05   4.00e+02     4.37e+00   284.206s
 544000 +6.44827306e+06 +6.20187665e+06  2.46e+05   3.99e+02     4.36e+00   284.699s
 545000 +6.44792884e+06 +6.20330035e+06  2.45e+05   3.96e+02     4.40e+00   285.192s
 546000 +6.44756144e+06 +6.20470220e+06  2.43e+05   3.93e+02     4.40e+00   285.685s
 547000 +6.44711625e+06 +6.20591869e+06  2.41e+05   3.89e+02     4.39e+00   286.177s
 548000 +6.44653576e+06 +6.20698906e+06  2.40e+05   3.85e+02     4.45e+00   286.670s
 549000 +6.44595954e+06 +6.20800148e+06  2.38e+05   3.80e+02     4.46e+00   287.163s
 550000 +6.44537214e+06 +6.20873187e+06  2.37e+05   3.75e+02     4.39e+00   287.655s
 551000 +6.44490540e+06 +6.20925446e+06  2.36e+05   3.71e+02     4.35e+00   288.148s
 552000 +6.44443048e+06 +6.20971412e+06  2.35e+05   3.67e+02     4.35e+00   288.641s
 553000 +6.44395010e+06 +6.21001736e+06  2.34e+05   3.62e+02     4.37e+00   289.133s
 554000 +6.44346045e+06 +6.21012425e+06  2.33e+05   3.58e+02     4.34e+00   289.626s
 555000 +6.44291699e+06 +6.21022640e+06  2.33e+05   3.54e+02     4.35e+00   290.119s
 556000 +6.44239470e+06 +6.21028078e+06  2.32e+05   3.51e+02     4.31e+00   290.612s
 557000 +6.44193061e+06 +6.21022151e+06  2.32e+05   3.48e+02     4.29e+00   291.105s
 558000 +6.44145786e+06 +6.21007452e+06  2.31e+05   3.46e+02     4.32e+00   291.598s
 559000 +6.44103912e+06 +6.20993893e+06  2.31e+05   3.45e+02     4.34e+00   292.091s
 560000 +6.44057270e+06 +6.20981362e+06  2.31e+05   3.45e+02     4.27e+00   292.584s
 561000 +6.44005184e+06 +6.20970416e+06  2.30e+05   3.44e+02     4.22e+00   293.076s
 562000 +6.43949874e+06 +6.20954503e+06  2.30e+05   3.44e+02     4.23e+00   293.569s
 563000 +6.43887874e+06 +6.20941688e+06  2.29e+05   3.44e+02     4.20e+00   294.062s
 564000 +6.43815319e+06 +6.20928851e+06  2.29e+05   3.43e+02     4.21e+00   294.555s
 565000 +6.43743628e+06 +6.20913200e+06  2.28e+05   3.41e+02     4.19e+00   295.048s
 566000 +6.43663656e+06 +6.20895713e+06  2.28e+05   3.39e+02     4.22e+00   295.540s
 567000 +6.43584666e+06 +6.20882568e+06  2.27e+05   3.37e+02     4.27e+00   296.033s
 568000 +6.43510734e+06 +6.20867392e+06  2.26e+05   3.35e+02     4.26e+00   296.526s
 569000 +6.43430672e+06 +6.20849079e+06  2.26e+05   3.33e+02     4.34e+00   297.019s
 570000 +6.43344323e+06 +6.20840981e+06  2.25e+05   3.32e+02     4.19e+00   297.512s
 571000 +6.43304349e+06 +6.21005108e+06  2.23e+05   3.31e+02     6.33e+00   298.005s
 572000 +6.43257393e+06 +6.21219820e+06  2.20e+05   3.30e+02     6.41e+00   298.497s
 573000 +6.43192792e+06 +6.21420831e+06  2.18e+05   3.29e+02     6.64e+00   298.990s
 574000 +6.43139875e+06 +6.21620093e+06  2.15e+05   3.28e+02     6.70e+00   299.482s
 575000 +6.43084857e+06 +6.21826932e+06  2.13e+05   3.27e+02     6.75e+00   299.974s
 576000 +6.43019135e+06 +6.22022087e+06  2.10e+05   3.26e+02     6.80e+00   300.467s
 577000 +6.42935891e+06 +6.22214848e+06  2.07e+05   3.25e+02     6.98e+00   300.960s
 578000 +6.42841467e+06 +6.22413493e+06  2.04e+05   3.24e+02     7.29e+00   301.452s
 579000 +6.42738464e+06 +6.22586539e+06  2.02e+05   3.22e+02     7.33e+00   301.945s
 580000 +6.42631326e+06 +6.22765506e+06  1.99e+05   3.21e+02     7.46e+00   302.437s
 581000 +6.42532665e+06 +6.22949359e+06  1.96e+05   3.20e+02     7.36e+00   302.929s
 582000 +6.42438375e+06 +6.23126203e+06  1.93e+05   3.19e+02     7.47e+00   303.423s
 583000 +6.42343134e+06 +6.23294444e+06  1.90e+05   3.17e+02     7.57e+00   303.915s
 584000 +6.42238233e+06 +6.23456723e+06  1.88e+05   3.16e+02     7.62e+00   304.408s
 585000 +6.42125144e+06 +6.23621719e+06  1.85e+05   3.15e+02     7.73e+00   304.901s
 586000 +6.42025314e+06 +6.23765429e+06  1.83e+05   3.13e+02     7.85e+00   305.393s
 587000 +6.41927652e+06 +6.23904355e+06  1.80e+05   3.12e+02     7.84e+00   305.886s
 588000 +6.41831128e+06 +6.24042403e+06  1.78e+05   3.11e+02     7.88e+00   306.378s
 589000 +6.41729749e+06 +6.24158389e+06  1.76e+05   3.09e+02     7.88e+00   306.870s
 590000 +6.41619277e+06 +6.24270491e+06  1.73e+05   3.08e+02     7.92e+00   307.363s
 591000 +6.41508955e+06 +6.24399528e+06  1.71e+05   3.07e+02     8.04e+00   307.856s
 592000 +6.41400004e+06 +6.24505306e+06  1.69e+05   3.05e+02     8.14e+00   308.348s
 593000 +6.41289683e+06 +6.24595353e+06  1.67e+05   3.04e+02     8.17e+00   308.841s
 594000 +6.41175493e+06 +6.24684508e+06  1.65e+05   3.03e+02     8.21e+00   309.333s
 595000 +6.41062257e+06 +6.24759461e+06  1.63e+05   3.01e+02     8.37e+00   309.826s
 596000 +6.40958286e+06 +6.24843379e+06  1.61e+05   3.00e+02     8.48e+00   310.319s
 597000 +6.40856338e+06 +6.24912296e+06  1.59e+05   2.99e+02     8.54e+00   310.811s
 598000 +6.40742627e+06 +6.24968173e+06  1.58e+05   2.98e+02     8.58e+00   311.304s
 599000 +6.40621940e+06 +6.25033314e+06  1.56e+05   2.96e+02     8.62e+00   311.797s
 600000 +6.40497834e+06 +6.25323523e+06  1.52e+05   2.95e+02     8.76e+00   312.290s
 601000 +6.40368406e+06 +6.25649908e+06  1.47e+05   2.92e+02     8.72e+00   312.783s
 602000 +6.40231264e+06 +6.25960195e+06  1.43e+05   2.88e+02     8.79e+00   313.275s
 603000 +6.40079717e+06 +6.26254597e+06  1.38e+05   2.83e+02     8.93e+00   313.768s
 604000 +6.39925045e+06 +6.26491772e+06  1.34e+05   2.78e+02     8.92e+00   314.261s
 605000 +6.39764936e+06 +6.26698159e+06  1.31e+05   2.73e+02     9.06e+00   314.753s
 606000 +6.39602374e+06 +6.26860924e+06  1.27e+05   2.68e+02     9.16e+00   315.246s
 607000 +6.39445927e+06 +6.27025167e+06  1.24e+05   2.64e+02     9.24e+00   315.739s
 608000 +6.39296454e+06 +6.27139342e+06  1.22e+05   2.60e+02     9.27e+00   316.231s
 609000 +6.39157127e+06 +6.27226300e+06  1.19e+05   2.56e+02     9.38e+00   316.724s
 610000 +6.39022113e+06 +6.27267545e+06  1.18e+05   2.53e+02     9.34e+00   317.217s
 611000 +6.38882902e+06 +6.27277418e+06  1.16e+05   2.51e+02     9.22e+00   317.710s
 612000 +6.38738326e+06 +6.27283996e+06  1.15e+05   2.48e+02     9.26e+00   318.202s
 613000 +6.38604424e+06 +6.27265876e+06  1.13e+05   2.46e+02     9.21e+00   318.695s
 614000 +6.38478351e+06 +6.27232851e+06  1.12e+05   2.43e+02     9.21e+00   319.187s
 615000 +6.38351845e+06 +6.27185792e+06  1.12e+05   2.41e+02     9.11e+00   319.680s
 616000 +6.38207643e+06 +6.27145521e+06  1.11e+05   2.40e+02     9.30e+00   320.172s
 617000 +6.38072885e+06 +6.27122203e+06  1.10e+05   2.38e+02     9.19e+00   320.665s
 618000 +6.37933145e+06 +6.27083680e+06  1.08e+05   2.36e+02     9.21e+00   321.157s
 619000 +6.37783304e+06 +6.27041313e+06  1.07e+05   2.35e+02     9.17e+00   321.650s
 620000 +6.37634588e+06 +6.26992627e+06  1.06e+05   2.33e+02     9.52e+00   322.143s
 621000 +6.37499141e+06 +6.26973806e+06  1.05e+05   2.32e+02     9.22e+00   322.635s
 622000 +6.37359600e+06 +6.26946913e+06  1.04e+05   2.31e+02     9.16e+00   323.127s
 623000 +6.37219822e+06 +6.26910570e+06  1.03e+05   2.29e+02     9.22e+00   323.620s
 624000 +6.37080804e+06 +6.26884572e+06  1.02e+05   2.28e+02     9.17e+00   324.112s
 625000 +6.36939169e+06 +6.26874754e+06  1.01e+05   2.26e+02     9.11e+00   324.605s
 626000 +6.36801343e+06 +6.26853720e+06  9.95e+04   2.24e+02     9.07e+00   325.097s
 627000 +6.36666845e+06 +6.26824210e+06  9.84e+04   2.23e+02     9.15e+00   325.590s
 628000 +6.36547903e+06 +6.26796308e+06  9.75e+04   2.22e+02     9.09e+00   326.083s
 629000 +6.36425050e+06 +6.26753915e+06  9.67e+04   2.20e+02     9.11e+00   326.576s
 630000 +6.36301560e+06 +6.26719286e+06  9.58e+04   2.19e+02     8.97e+00   327.069s
 631000 +6.36184897e+06 +6.26675943e+06  9.51e+04   2.17e+02     9.30e+00   327.561s
 632000 +6.36082554e+06 +6.26642356e+06  9.44e+04   2.16e+02     9.02e+00   328.053s
 633000 +6.35979886e+06 +6.26590934e+06  9.39e+04   2.15e+02     8.91e+00   328.546s
 634000 +6.35873009e+06 +6.26536975e+06  9.34e+04   2.14e+02     8.89e+00   329.038s
 635000 +6.35770702e+06 +6.26466027e+06  9.30e+04   2.13e+02     8.91e+00   329.531s
 636000 +6.35664896e+06 +6.26404667e+06  9.26e+04   2.12e+02     8.86e+00   330.023s
 637000 +6.35553670e+06 +6.26334315e+06  9.22e+04   2.11e+02     8.84e+00   330.516s
 638000 +6.35437258e+06 +6.26260037e+06  9.18e+04   2.10e+02     8.87e+00   331.008s
 639000 +6.35325817e+06 +6.26205541e+06  9.12e+04   2.09e+02     8.86e+00   331.501s
 640000 +6.35210597e+06 +6.26148779e+06  9.06e+04   2.08e+02     8.79e+00   331.993s
 641000 +6.35091481e+06 +6.26074985e+06  9.02e+04   2.07e+02     8.84e+00   332.486s
 642000 +6.34974702e+06 +6.26032821e+06  8.94e+04   2.06e+02     8.92e+00   332.979s
 643000 +6.34863307e+06 +6.25979998e+06  8.88e+04   2.05e+02     8.88e+00   333.471s
 644000 +6.34755443e+06 +6.25930860e+06  8.82e+04   2.04e+02     8.88e+00   333.964s
 645000 +6.34649689e+06 +6.25886521e+06  8.76e+04   2.03e+02     8.87e+00   334.456s
 646000 +6.34547317e+06 +6.25846824e+06  8.70e+04   2.02e+02     8.86e+00   334.949s
 647000 +6.34452120e+06 +6.25792034e+06  8.66e+04   2.01e+02     8.90e+00   335.441s
 648000 +6.34359886e+06 +6.25756486e+06  8.60e+04   2.00e+02     8.86e+00   335.934s
 649000 +6.34269241e+06 +6.25719569e+06  8.55e+04   1.99e+02     8.80e+00   336.426s
 650000 +6.34180246e+06 +6.25683262e+06  8.50e+04   1.98e+02     8.90e+00   336.919s
 651000 +6.34093356e+06 +6.25652023e+06  8.44e+04   1.97e+02     8.87e+00   337.411s
 652000 +6.34006672e+06 +6.25608651e+06  8.40e+04   1.96e+02     8.85e+00   337.904s
 653000 +6.33918786e+06 +6.25588516e+06  8.33e+04   1.95e+02     8.79e+00   338.397s
 654000 +6.33832401e+06 +6.25636280e+06  8.20e+04   1.94e+02     8.85e+00   338.889s
 655000 +6.33746546e+06 +6.25851412e+06  7.90e+04   1.93e+02     8.81e+00   339.382s
 656000 +6.33662487e+06 +6.26053161e+06  7.61e+04   1.90e+02     8.83e+00   339.875s
 657000 +6.33579129e+06 +6.26242216e+06  7.34e+04   1.87e+02     8.89e+00   340.367s
 658000 +6.33496603e+06 +6.26401596e+06  7.10e+04   1.83e+02     8.83e+00   340.860s
 659000 +6.33414952e+06 +6.26544377e+06  6.87e+04   1.80e+02     8.85e+00   341.353s
 660000 +6.33336923e+06 +6.26662439e+06  6.67e+04   1.76e+02     8.85e+00   341.846s
 661000 +6.33257652e+06 +6.26732749e+06  6.52e+04   1.74e+02     8.83e+00   342.338s
 662000 +6.33179900e+06 +6.26776791e+06  6.40e+04   1.71e+02     8.89e+00   342.831s
 663000 +6.33103508e+06 +6.26787283e+06  6.32e+04   1.69e+02     8.91e+00   343.324s
 664000 +6.33026414e+06 +6.26775123e+06  6.25e+04   1.67e+02     8.82e+00   343.816s
 665000 +6.32949078e+06 +6.26753996e+06  6.20e+04   1.65e+02     8.89e+00   344.309s
 666000 +6.32871385e+06 +6.26711315e+06  6.16e+04   1.62e+02     8.87e+00   344.802s
 667000 +6.32789966e+06 +6.26660514e+06  6.13e+04   1.60e+02     8.82e+00   345.294s
 668000 +6.32707712e+06 +6.26591689e+06  6.12e+04   1.58e+02     8.80e+00   345.787s
 669000 +6.32625879e+06 +6.26529084e+06  6.10e+04   1.56e+02     8.79e+00   346.279s
 670000 +6.32543587e+06 +6.26466135e+06  6.08e+04   1.54e+02     8.85e+00   346.772s
 671000 +6.32463406e+06 +6.26423049e+06  6.04e+04   1.53e+02     8.82e+00   347.264s
 672000 +6.32381284e+06 +6.26374991e+06  6.01e+04   1.53e+02     8.88e+00   347.757s
 673000 +6.32299414e+06 +6.26346346e+06  5.95e+04   1.52e+02     8.87e+00   348.249s
 674000 +6.32214476e+06 +6.26319313e+06  5.90e+04   1.51e+02     8.87e+00   348.741s
 675000 +6.32129315e+06 +6.26303560e+06  5.83e+04   1.51e+02     8.84e+00   349.233s
 676000 +6.32043089e+06 +6.26286672e+06  5.76e+04   1.50e+02     8.91e+00   349.726s
 677000 +6.31955992e+06 +6.26281270e+06  5.67e+04   1.50e+02     8.87e+00   350.218s
 678000 +6.31866350e+06 +6.26283574e+06  5.58e+04   1.49e+02     8.89e+00   350.711s
 679000 +6.31772323e+06 +6.26274495e+06  5.50e+04   1.48e+02     8.92e+00   351.204s
 680000 +6.31674164e+06 +6.26267997e+06  5.41e+04   1.46e+02     8.95e+00   351.696s
 681000 +6.31575779e+06 +6.26274432e+06  5.30e+04   1.45e+02     8.93e+00   352.188s
 682000 +6.31475526e+06 +6.26265573e+06  5.21e+04   1.44e+02     8.94e+00   352.681s
 683000 +6.31388715e+06 +6.26236163e+06  5.15e+04   1.44e+02     8.92e+00   353.173s
 684000 +6.31305485e+06 +6.26228430e+06  5.08e+04   1.43e+02     8.92e+00   353.666s
 685000 +6.31225144e+06 +6.26221161e+06  5.00e+04   1.42e+02     8.86e+00   354.159s
 686000 +6.31145456e+06 +6.26195585e+06  4.95e+04   1.41e+02     8.83e+00   354.652s
 687000 +6.31069282e+06 +6.26161871e+06  4.91e+04   1.40e+02     8.83e+00   355.144s
 688000 +6.30993271e+06 +6.26137494e+06  4.86e+04   1.38e+02     8.85e+00   355.636s
 689000 +6.30917285e+06 +6.26108721e+06  4.81e+04   1.37e+02     8.86e+00   356.129s
 690000 +6.30849141e+06 +6.26086983e+06  4.76e+04   1.36e+02     8.84e+00   356.621s
 691000 +6.30782738e+06 +6.26056605e+06  4.73e+04   1.35e+02     8.63e+00   357.114s
 692000 +6.30711445e+06 +6.26045771e+06  4.67e+04   1.34e+02     8.56e+00   357.606s
 693000 +6.30639266e+06 +6.26021807e+06  4.62e+04   1.33e+02     8.57e+00   358.099s
 694000 +6.30566176e+06 +6.26016649e+06  4.55e+04   1.32e+02     8.54e+00   358.592s
 695000 +6.30496618e+06 +6.26000166e+06  4.50e+04   1.31e+02     8.52e+00   359.084s
 696000 +6.30429729e+06 +6.25993357e+06  4.44e+04   1.31e+02     8.51e+00   359.576s
 697000 +6.30365742e+06 +6.25985004e+06  4.38e+04   1.30e+02     8.46e+00   360.069s
 698000 +6.30305725e+06 +6.25984506e+06  4.32e+04   1.29e+02     8.48e+00   360.562s
 699000 +6.30247346e+06 +6.25984044e+06  4.26e+04   1.29e+02     8.47e+00   361.054s
 700000 +6.30191068e+06 +6.25979184e+06  4.21e+04   1.28e+02     8.51e+00   361.546s
 701000 +6.30136316e+06 +6.25981052e+06  4.16e+04   1.28e+02     8.47e+00   362.039s
 702000 +6.30083404e+06 +6.25976515e+06  4.11e+04   1.28e+02     8.43e+00   362.531s
 703000 +6.30032939e+06 +6.25971086e+06  4.06e+04   1.27e+02     8.44e+00   363.023s
 704000 +6.29984239e+06 +6.25970963e+06  4.01e+04   1.27e+02     8.43e+00   363.516s
 705000 +6.29935783e+06 +6.25966275e+06  3.97e+04   1.27e+02     8.38e+00   364.008s
 706000 +6.29888135e+06 +6.25964157e+06  3.92e+04   1.26e+02     8.38e+00   364.500s
 707000 +6.29841507e+06 +6.25955682e+06  3.89e+04   1.26e+02     8.34e+00   364.993s
 708000 +6.29794800e+06 +6.25953714e+06  3.84e+04   1.25e+02     8.32e+00   365.486s
 709000 +6.29748040e+06 +6.25947248e+06  3.80e+04   1.24e+02     8.31e+00   365.978s
 710000 +6.29701573e+06 +6.25949581e+06  3.75e+04   1.23e+02     8.26e+00   366.470s
 711000 +6.29655444e+06 +6.25949006e+06  3.71e+04   1.23e+02     8.22e+00   366.963s
 712000 +6.29609693e+06 +6.25947816e+06  3.66e+04   1.22e+02     8.14e+00   367.455s
 713000 +6.29562631e+06 +6.25949949e+06  3.61e+04   1.22e+02     8.07e+00   367.948s
 714000 +6.29517419e+06 +6.25953690e+06  3.56e+04   1.21e+02     8.03e+00   368.440s
 715000 +6.29475445e+06 +6.25977931e+06  3.50e+04   1.21e+02     7.94e+00   368.932s
 716000 +6.29435520e+06 +6.25981203e+06  3.45e+04   1.20e+02     7.90e+00   369.425s
 717000 +6.29395239e+06 +6.25986169e+06  3.41e+04   1.20e+02     7.89e+00   369.917s
 718000 +6.29355380e+06 +6.25995987e+06  3.36e+04   1.19e+02     7.89e+00   370.410s
 719000 +6.29317732e+06 +6.26001420e+06  3.32e+04   1.19e+02     7.85e+00   370.902s
 720000 +6.29280960e+06 +6.26014037e+06  3.27e+04   1.18e+02     7.83e+00   371.395s
 721000 +6.29243449e+06 +6.26010827e+06  3.23e+04   1.18e+02     7.80e+00   371.887s
 722000 +6.29205311e+06 +6.26018234e+06  3.19e+04   1.17e+02     7.77e+00   372.380s
 723000 +6.29167290e+06 +6.26013404e+06  3.15e+04   1.16e+02     7.80e+00   372.872s
 724000 +6.29132208e+06 +6.26012412e+06  3.12e+04   1.15e+02     7.78e+00   373.365s
 725000 +6.29097233e+06 +6.26000018e+06  3.10e+04   1.14e+02     7.77e+00   373.857s
 726000 +6.29062827e+06 +6.25988214e+06  3.07e+04   1.14e+02     7.76e+00   374.350s
 727000 +6.29028663e+06 +6.25975056e+06  3.05e+04   1.13e+02     7.76e+00   374.842s
 728000 +6.28994463e+06 +6.25956637e+06  3.04e+04   1.13e+02     7.75e+00   375.335s
 729000 +6.28960121e+06 +6.25940489e+06  3.02e+04   1.12e+02     7.71e+00   375.827s
 730000 +6.28925337e+06 +6.25925808e+06  3.00e+04   1.12e+02     7.72e+00   376.319s
 731000 +6.28889009e+06 +6.25911441e+06  2.98e+04   1.12e+02     7.71e+00   376.812s
 732000 +6.28850873e+06 +6.25884566e+06  2.97e+04   1.11e+02     7.72e+00   377.305s
 733000 +6.28808892e+06 +6.25861157e+06  2.95e+04   1.11e+02     7.71e+00   377.797s
 734000 +6.28763894e+06 +6.25844309e+06  2.92e+04   1.10e+02     7.71e+00   378.290s
 735000 +6.28717409e+06 +6.25825929e+06  2.89e+04   1.10e+02     7.76e+00   378.783s
 736000 +6.28673011e+06 +6.25805422e+06  2.87e+04   1.09e+02     7.68e+00   379.276s
 737000 +6.28627205e+06 +6.25787001e+06  2.84e+04   1.08e+02     7.67e+00   379.768s
 738000 +6.28583047e+06 +6.25776419e+06  2.81e+04   1.07e+02     7.67e+00   380.261s
 739000 +6.28538250e+06 +6.25750907e+06  2.79e+04   1.07e+02     7.67e+00   380.753s
 740000 +6.28496426e+06 +6.25740126e+06  2.76e+04   1.06e+02     7.69e+00   381.246s
 741000 +6.28455208e+06 +6.25710537e+06  2.74e+04   1.05e+02     7.66e+00   381.739s
 742000 +6.28413887e+06 +6.25691378e+06  2.72e+04   1.05e+02     7.62e+00   382.231s
 743000 +6.28371789e+06 +6.25674588e+06  2.70e+04   1.05e+02     7.60e+00   382.724s
 744000 +6.28329381e+06 +6.25658291e+06  2.67e+04   1.04e+02     7.57e+00   383.216s
 745000 +6.28286903e+06 +6.25632928e+06  2.65e+04   1.04e+02     7.59e+00   383.709s
 746000 +6.28246008e+06 +6.25612682e+06  2.63e+04   1.04e+02     7.56e+00   384.201s
 747000 +6.28205994e+06 +6.25602156e+06  2.60e+04   1.03e+02     7.50e+00   384.694s
 748000 +6.28166131e+06 +6.25581667e+06  2.58e+04   1.03e+02     7.49e+00   385.186s
 749000 +6.28128409e+06 +6.25567706e+06  2.56e+04   1.03e+02     7.45e+00   385.679s
 750000 +6.28090920e+06 +6.25556887e+06  2.53e+04   1.02e+02     7.45e+00   386.171s
 751000 +6.28057246e+06 +6.25546915e+06  2.51e+04   1.02e+02     7.40e+00   386.664s
 752000 +6.28027941e+06 +6.25542705e+06  2.49e+04   1.01e+02     7.35e+00   387.156s
 753000 +6.27995884e+06 +6.25531279e+06  2.46e+04   1.01e+02     7.37e+00   387.649s
 754000 +6.27965335e+06 +6.25537401e+06  2.43e+04   1.01e+02     7.39e+00   388.141s
 755000 +6.27934654e+06 +6.25544247e+06  2.39e+04   1.00e+02     7.37e+00   388.634s
 756000 +6.27906048e+06 +6.25544380e+06  2.36e+04   1.00e+02     7.36e+00   389.127s
 757000 +6.27877505e+06 +6.25559150e+06  2.32e+04   9.99e+01     7.31e+00   389.619s
 758000 +6.27850602e+06 +6.25573301e+06  2.28e+04   9.98e+01     7.28e+00   390.112s
 759000 +6.27826083e+06 +6.25593242e+06  2.23e+04   9.98e+01     7.17e+00   390.604s
 760000 +6.27803315e+06 +6.25604940e+06  2.20e+04   9.97e+01     7.17e+00   391.097s
 761000 +6.27779934e+06 +6.25625368e+06  2.15e+04   9.96e+01     7.15e+00   391.589s
 762000 +6.27757604e+06 +6.25646358e+06  2.11e+04   9.94e+01     7.11e+00   392.082s
 763000 +6.27737456e+06 +6.25659117e+06  2.08e+04   9.91e+01     7.06e+00   392.574s
 764000 +6.27717446e+06 +6.25675275e+06  2.04e+04   9.87e+01     7.08e+00   393.067s
 765000 +6.27698277e+06 +6.25688753e+06  2.01e+04   9.84e+01     7.07e+00   393.559s
 766000 +6.27679335e+06 +6.25704765e+06  1.97e+04   9.80e+01     7.04e+00   394.052s
 767000 +6.27660530e+06 +6.25718630e+06  1.94e+04   9.76e+01     7.06e+00   394.545s
 768000 +6.27641964e+06 +6.25733128e+06  1.91e+04   9.73e+01     7.06e+00   395.037s
 769000 +6.27625077e+06 +6.25735568e+06  1.89e+04   9.70e+01     7.02e+00   395.530s
 770000 +6.27609445e+06 +6.25750562e+06  1.86e+04   9.67e+01     7.00e+00   396.022s
 771000 +6.27594460e+06 +6.25749913e+06  1.84e+04   9.65e+01     6.99e+00   396.514s
 772000 +6.27580314e+06 +6.25819934e+06  1.76e+04   9.61e+01     6.99e+00   397.007s
 773000 +6.27565490e+06 +6.25958638e+06  1.61e+04   9.54e+01     6.91e+00   397.500s
 774000 +6.27550949e+06 +6.26092821e+06  1.46e+04   9.43e+01     6.92e+00   397.992s
 775000 +6.27535809e+06 +6.26213088e+06  1.32e+04   9.29e+01     6.88e+00   398.485s
 776000 +6.27520472e+06 +6.26321099e+06  1.20e+04   9.13e+01     6.87e+00   398.978s
 777000 +6.27504970e+06 +6.26416564e+06  1.09e+04   8.98e+01     6.90e+00   399.470s
 778000 +6.27489515e+06 +6.26491904e+06  9.98e+03   8.85e+01     6.90e+00   399.963s
 779000 +6.27474350e+06 +6.26552149e+06  9.22e+03   8.74e+01     6.90e+00   400.456s
 780000 +6.27459874e+06 +6.26597628e+06  8.62e+03   8.64e+01     6.87e+00   400.948s
 781000 +6.27443533e+06 +6.26630095e+06  8.13e+03   8.55e+01     6.86e+00   401.440s
 782000 +6.27425964e+06 +6.26645894e+06  7.80e+03   8.45e+01     6.84e+00   401.933s
 783000 +6.27407562e+06 +6.26646645e+06  7.61e+03   8.33e+01     6.82e+00   402.426s
 784000 +6.27387532e+06 +6.26645877e+06  7.42e+03   8.20e+01     6.83e+00   402.918s
 785000 +6.27366056e+06 +6.26634282e+06  7.32e+03   8.06e+01     6.83e+00   403.411s
 786000 +6.27344041e+06 +6.26614513e+06  7.30e+03   7.91e+01     6.82e+00   403.904s
 787000 +6.27322229e+06 +6.26594611e+06  7.28e+03   7.77e+01     6.83e+00   404.396s
 788000 +6.27298430e+06 +6.26578103e+06  7.20e+03   7.65e+01     6.85e+00   404.888s
 789000 +6.27272828e+06 +6.26562659e+06  7.10e+03   7.56e+01     6.83e+00   405.381s
 790000 +6.27248978e+06 +6.26556749e+06  6.92e+03   7.50e+01     6.81e+00   405.873s
 791000 +6.27224636e+06 +6.26546989e+06  6.78e+03   7.45e+01     6.79e+00   406.366s
 792000 +6.27198377e+06 +6.26546817e+06  6.52e+03   7.42e+01     6.72e+00   406.858s
 793000 +6.27171065e+06 +6.26542889e+06  6.28e+03   7.39e+01     6.73e+00   407.350s
 794000 +6.27146286e+06 +6.26539572e+06  6.07e+03   7.36e+01     6.74e+00   407.843s
 795000 +6.27121466e+06 +6.26544844e+06  5.77e+03   7.32e+01     6.73e+00   408.335s
 796000 +6.27093005e+06 +6.26537517e+06  5.55e+03   7.26e+01     6.70e+00   408.828s
 797000 +6.27063650e+06 +6.26537926e+06  5.26e+03   7.19e+01     6.70e+00   409.320s
 798000 +6.27031901e+06 +6.26528725e+06  5.03e+03   7.12e+01     6.72e+00   409.812s
 799000 +6.26999090e+06 +6.26516562e+06  4.83e+03   7.05e+01     6.71e+00   410.306s
 800000 +6.26961454e+06 +6.26497772e+06  4.64e+03   6.97e+01     6.72e+00   410.798s
 801000 +6.26920367e+06 +6.26484550e+06  4.36e+03   6.90e+01     6.71e+00   411.290s
 802000 +6.26881169e+06 +6.26465059e+06  4.16e+03   6.84e+01     6.71e+00   411.783s
 803000 +6.26845406e+06 +6.26436156e+06  4.09e+03   6.79e+01     6.69e+00   412.275s
 804000 +6.26816660e+06 +6.26408222e+06  4.08e+03   6.76e+01     6.64e+00   412.768s
 805000 +6.26788406e+06 +6.26366349e+06  4.22e+03   6.74e+01     6.62e+00   413.260s
 806000 +6.26761370e+06 +6.26330167e+06  4.31e+03   6.73e+01     6.60e+00   413.752s
 807000 +6.26734508e+06 +6.26285901e+06  4.49e+03   6.72e+01     6.59e+00   414.245s
 808000 +6.26707030e+06 +6.26248009e+06  4.59e+03   6.73e+01     6.56e+00   414.737s
 809000 +6.26680707e+06 +6.26213737e+06  4.67e+03   6.73e+01     6.54e+00   415.230s
 810000 +6.26654091e+06 +6.26180168e+06  4.74e+03   6.73e+01     6.52e+00   415.723s
 811000 +6.26627544e+06 +6.26153681e+06  4.74e+03   6.72e+01     6.48e+00   416.216s
 812000 +6.26601209e+06 +6.26144204e+06  4.57e+03   6.69e+01     6.50e+00   416.708s
 813000 +6.26573670e+06 +6.26124644e+06  4.49e+03   6.66e+01     6.48e+00   417.201s
 814000 +6.26547739e+06 +6.26117575e+06  4.30e+03   6.61e+01     6.48e+00   417.693s
 815000 +6.26521712e+06 +6.26108401e+06  4.13e+03   6.55e+01     6.51e+00   418.186s
 816000 +6.26496065e+06 +6.26110548e+06  3.86e+03   6.51e+01     6.47e+00   418.679s
 817000 +6.26473441e+06 +6.26108114e+06  3.65e+03   6.47e+01     6.45e+00   419.171s
 818000 +6.26451768e+06 +6.26114803e+06  3.37e+03   6.44e+01     6.46e+00   419.664s
 819000 +6.26429902e+06 +6.26114610e+06  3.15e+03   6.43e+01     6.44e+00   420.156s
 820000 +6.26408562e+06 +6.26117215e+06  2.91e+03   6.43e+01     6.40e+00   420.649s
 821000 +6.26389306e+06 +6.26115595e+06  2.74e+03   6.43e+01     6.40e+00   421.141s
 822000 +6.26370963e+06 +6.26112293e+06  2.59e+03   6.43e+01     6.37e+00   421.634s
 823000 +6.26354092e+06 +6.26110891e+06  2.43e+03   6.41e+01     6.34e+00   422.126s
 824000 +6.26337330e+06 +6.26099356e+06  2.38e+03   6.38e+01     6.32e+00   422.619s
 825000 +6.26321217e+06 +6.26082851e+06  2.38e+03   6.33e+01     6.30e+00   423.111s
 826000 +6.26305561e+06 +6.26074092e+06  2.31e+03   6.27e+01     6.26e+00   423.604s
 827000 +6.26290208e+06 +6.26052348e+06  2.38e+03   6.20e+01     6.25e+00   424.096s
 828000 +6.26276966e+06 +6.26026403e+06  2.51e+03   6.13e+01     6.25e+00   424.589s
 829000 +6.26263624e+06 +6.25992819e+06  2.71e+03   6.07e+01     6.23e+00   425.081s
 830000 +6.26251626e+06 +6.25965333e+06  2.86e+03   6.03e+01     6.22e+00   425.574s
 831000 +6.26238353e+06 +6.25936164e+06  3.02e+03   6.00e+01     6.20e+00   426.066s
 832000 +6.26224702e+06 +6.25896773e+06  3.28e+03   5.98e+01     6.19e+00   426.559s
 833000 +6.26211900e+06 +6.25858952e+06  3.53e+03   5.96e+01     6.17e+00   427.051s
 834000 +6.26198395e+06 +6.25826662e+06  3.72e+03   5.94e+01     6.13e+00   427.544s
 835000 +6.26185264e+06 +6.25791630e+06  3.94e+03   5.92e+01     6.11e+00   428.036s
 836000 +6.26171832e+06 +6.25754921e+06  4.17e+03   5.89e+01     6.11e+00   428.530s
 837000 +6.26158053e+06 +6.25721854e+06  4.36e+03   5.85e+01     6.12e+00   429.022s
 838000 +6.26143123e+06 +6.25689596e+06  4.54e+03   5.81e+01     6.11e+00   429.514s
 839000 +6.26127811e+06 +6.25657379e+06  4.70e+03   5.77e+01     6.09e+00   430.007s
 840000 +6.26111814e+06 +6.25631057e+06  4.81e+03   5.73e+01     6.07e+00   430.500s
 841000 +6.26095326e+06 +6.25612141e+06  4.83e+03   5.71e+01     6.06e+00   430.992s
 842000 +6.26079428e+06 +6.25588684e+06  4.91e+03   5.69e+01     6.05e+00   431.486s
 843000 +6.26064733e+06 +6.25573942e+06  4.91e+03   5.69e+01     6.04e+00   431.978s
 844000 +6.26050563e+06 +6.25556234e+06  4.94e+03   5.69e+01     6.01e+00   432.471s
 845000 +6.26037736e+06 +6.25543677e+06  4.94e+03   5.69e+01     5.99e+00   432.964s
 846000 +6.26024711e+06 +6.25533517e+06  4.91e+03   5.69e+01     5.99e+00   433.456s
 847000 +6.26011951e+06 +6.25526374e+06  4.86e+03   5.69e+01     5.97e+00   433.948s
 848000 +6.25999648e+06 +6.25521186e+06  4.78e+03   5.68e+01     5.95e+00   434.441s
 849000 +6.25987706e+06 +6.25518064e+06  4.70e+03   5.67e+01     5.93e+00   434.933s
 850000 +6.25975311e+06 +6.25513255e+06  4.62e+03   5.66e+01     5.91e+00   435.427s
 851000 +6.25962313e+06 +6.25508884e+06  4.53e+03   5.64e+01     5.92e+00   435.919s
 852000 +6.25950734e+06 +6.25507230e+06  4.44e+03   5.62e+01     5.92e+00   436.412s
 853000 +6.25938986e+06 +6.25503748e+06  4.35e+03   5.59e+01     5.89e+00   436.904s
 854000 +6.25926643e+06 +6.25501020e+06  4.26e+03   5.56e+01     5.89e+00   437.397s
 855000 +6.25914076e+06 +6.25493849e+06  4.20e+03   5.53e+01     5.88e+00   437.889s
 856000 +6.25901291e+06 +6.25488023e+06  4.13e+03   5.49e+01     5.89e+00   438.382s
 857000 +6.25888851e+06 +6.25485379e+06  4.03e+03   5.46e+01     5.87e+00   438.875s
 858000 +6.25877886e+06 +6.25542020e+06  3.36e+03   5.44e+01     5.70e+00   439.368s
 859000 +6.25864579e+06 +6.25630214e+06  2.34e+03   5.40e+01     5.69e+00   439.860s
 860000 +6.25847625e+06 +6.25713294e+06  1.34e+03   5.36e+01     5.73e+00   440.352s
 861000 +6.25827550e+06 +6.25794875e+06  3.27e+02   5.31e+01     5.77e+00   440.844s
 862000 +6.25805562e+06 +6.25872196e+06  6.66e+02   5.25e+01     5.84e+00   441.336s
 863000 +6.25781164e+06 +6.25948754e+06  1.68e+03   5.18e+01     5.92e+00   441.828s
 864000 +6.25753880e+06 +6.26014370e+06  2.60e+03   5.11e+01     5.98e+00   442.319s
 865000 +6.25722656e+06 +6.26073601e+06  3.51e+03   5.04e+01     6.06e+00   442.811s
 866000 +6.25689580e+06 +6.26129870e+06  4.40e+03   4.96e+01     6.12e+00   443.303s
 867000 +6.25657742e+06 +6.26183493e+06  5.26e+03   4.88e+01     6.22e+00   443.795s
 868000 +6.25623864e+06 +6.26225410e+06  6.02e+03   4.81e+01     6.25e+00   444.287s
 869000 +6.25590138e+06 +6.26268176e+06  6.78e+03   4.73e+01     6.29e+00   444.780s
 870000 +6.25553575e+06 +6.26303695e+06  7.50e+03   4.66e+01     6.34e+00   445.272s
 871000 +6.25516157e+06 +6.26342185e+06  8.26e+03   4.58e+01     6.39e+00   445.765s
 872000 +6.25478411e+06 +6.26364975e+06  8.87e+03   4.50e+01     6.44e+00   446.256s
 873000 +6.25438791e+06 +6.26397456e+06  9.59e+03   4.43e+01     6.51e+00   446.749s
 874000 +6.25400327e+06 +6.26421181e+06  1.02e+04   4.35e+01     6.51e+00   447.241s
 875000 +6.25361153e+06 +6.26430581e+06  1.07e+04   4.28e+01     6.61e+00   447.733s
 876000 +6.25320431e+06 +6.26445825e+06  1.13e+04   4.21e+01     6.67e+00   448.225s
 877000 +6.25279955e+06 +6.26455328e+06  1.18e+04   4.14e+01     6.65e+00   448.718s
 878000 +6.25238199e+06 +6.26458498e+06  1.22e+04   4.07e+01     6.68e+00   449.210s
 879000 +6.25195765e+06 +6.26472295e+06  1.28e+04   4.00e+01     6.72e+00   449.702s
 880000 +6.25153622e+06 +6.26466005e+06  1.31e+04   3.93e+01     6.78e+00   450.194s
 881000 +6.25110738e+06 +6.26469440e+06  1.36e+04   3.87e+01     6.81e+00   450.687s
 882000 +6.25066116e+06 +6.26468122e+06  1.40e+04   3.80e+01     6.82e+00   451.179s
 883000 +6.25020368e+06 +6.26472089e+06  1.45e+04   3.73e+01     6.86e+00   451.671s
 884000 +6.24974430e+06 +6.26472114e+06  1.50e+04   3.66e+01     6.86e+00   452.163s
 885000 +6.24929171e+06 +6.26467247e+06  1.54e+04   3.59e+01     6.88e+00   452.655s
 886000 +6.24883650e+06 +6.26459630e+06  1.58e+04   3.52e+01     6.94e+00   453.148s
 887000 +6.24837746e+06 +6.26474604e+06  1.64e+04   3.45e+01     6.85e+00   453.640s
 888000 +6.24795838e+06 +6.26447923e+06  1.65e+04   3.39e+01     6.87e+00   454.132s
 889000 +6.24758399e+06 +6.26439417e+06  1.68e+04   3.33e+01     6.84e+00   454.625s
 890000 +6.24721082e+06 +6.26436265e+06  1.72e+04   3.27e+01     6.82e+00   455.116s
 891000 +6.24684263e+06 +6.26424156e+06  1.74e+04   3.22e+01     6.89e+00   455.608s
 892000 +6.24646221e+06 +6.26409220e+06  1.76e+04   3.16e+01     6.84e+00   456.101s
 893000 +6.24606101e+06 +6.26401028e+06  1.79e+04   3.10e+01     6.88e+00   456.593s
 894000 +6.24565420e+06 +6.26393429e+06  1.83e+04   3.04e+01     6.87e+00   457.085s
 895000 +6.24525462e+06 +6.26378125e+06  1.85e+04   2.98e+01     6.87e+00   457.577s
 896000 +6.24486036e+06 +6.26358539e+06  1.87e+04   2.92e+01     6.86e+00   458.069s
 897000 +6.24445555e+06 +6.26353194e+06  1.91e+04   2.86e+01     6.89e+00   458.562s
 898000 +6.24405862e+06 +6.26373440e+06  1.97e+04   2.80e+01     6.84e+00   459.054s
 899000 +6.24368005e+06 +6.26405089e+06  2.04e+04   2.72e+01     6.82e+00   459.546s
 900000 +6.24332315e+06 +6.26436423e+06  2.10e+04   2.60e+01     6.85e+00   460.038s
 901000 +6.24298404e+06 +6.26471070e+06  2.17e+04   2.47e+01     6.81e+00   460.530s
 902000 +6.24264543e+06 +6.26492375e+06  2.23e+04   2.33e+01     6.80e+00   461.022s
 903000 +6.24231025e+06 +6.26497884e+06  2.27e+04   2.21e+01     6.80e+00   461.514s
 904000 +6.24198328e+06 +6.26502304e+06  2.30e+04   2.11e+01     6.76e+00   462.006s
 905000 +6.24165632e+06 +6.26498223e+06  2.33e+04   2.03e+01     6.76e+00   462.498s
 906000 +6.24132876e+06 +6.26482402e+06  2.35e+04   1.96e+01     6.73e+00   462.990s
 907000 +6.24100747e+06 +6.26466265e+06  2.37e+04   1.90e+01     6.72e+00   463.483s
 908000 +6.24069094e+06 +6.26443065e+06  2.37e+04   1.84e+01     6.70e+00   463.975s
 909000 +6.24037949e+06 +6.26420790e+06  2.38e+04   1.79e+01     6.69e+00   464.467s
 910000 +6.24008717e+06 +6.26394712e+06  2.39e+04   1.75e+01     6.65e+00   464.959s
 911000 +6.23980241e+06 +6.26374226e+06  2.39e+04   1.72e+01     6.64e+00   465.451s
 912000 +6.23951525e+06 +6.26353605e+06  2.40e+04   1.71e+01     6.60e+00   465.944s
 913000 +6.23923904e+06 +6.26337313e+06  2.41e+04   1.72e+01     6.59e+00   466.435s
 914000 +6.23896492e+06 +6.26322187e+06  2.43e+04   1.73e+01     6.56e+00   466.928s
 915000 +6.23871191e+06 +6.26304463e+06  2.43e+04   1.73e+01     6.59e+00   467.420s
 916000 +6.23847388e+06 +6.26296499e+06  2.45e+04   1.71e+01     6.55e+00   467.912s
 917000 +6.23824053e+06 +6.26291349e+06  2.47e+04   1.67e+01     6.54e+00   468.404s
 918000 +6.23801507e+06 +6.26276249e+06  2.47e+04   1.61e+01     6.55e+00   468.896s
 919000 +6.23778896e+06 +6.26265546e+06  2.49e+04   1.53e+01     6.52e+00   469.388s
 920000 +6.23757040e+06 +6.26252400e+06  2.50e+04   1.45e+01     6.48e+00   469.881s
 921000 +6.23736311e+06 +6.26229721e+06  2.49e+04   1.37e+01     6.47e+00   470.373s
 922000 +6.23715703e+06 +6.26208877e+06  2.49e+04   1.31e+01     6.46e+00   470.865s
 923000 +6.23695692e+06 +6.26185694e+06  2.49e+04   1.27e+01     6.45e+00   471.357s
 924000 +6.23675626e+06 +6.26158649e+06  2.48e+04   1.23e+01     6.44e+00   471.849s
 925000 +6.23655458e+06 +6.26126993e+06  2.47e+04   1.19e+01     6.42e+00   472.342s
 926000 +6.23635494e+06 +6.26092814e+06  2.46e+04   1.16e+01     6.41e+00   472.834s
 927000 +6.23616384e+06 +6.26059713e+06  2.44e+04   1.12e+01     6.40e+00   473.326s
 928000 +6.23597410e+06 +6.26030760e+06  2.43e+04   1.10e+01     6.38e+00   473.818s
 929000 +6.23578950e+06 +6.26002029e+06  2.42e+04   1.08e+01     6.37e+00   474.310s
 930000 +6.23561566e+06 +6.25979092e+06  2.42e+04   1.09e+01     6.35e+00   474.803s
 931000 +6.23544695e+06 +6.25953423e+06  2.41e+04   1.11e+01     6.35e+00   475.295s
 932000 +6.23528158e+06 +6.25935394e+06  2.41e+04   1.13e+01     6.31e+00   475.787s
 933000 +6.23512071e+06 +6.25916108e+06  2.40e+04   1.14e+01     6.28e+00   476.279s
 934000 +6.23496536e+06 +6.25894718e+06  2.40e+04   1.14e+01     6.26e+00   476.771s
 935000 +6.23481554e+06 +6.25878329e+06  2.40e+04   1.12e+01     6.25e+00   477.263s
 936000 +6.23466932e+06 +6.25860674e+06  2.39e+04   1.07e+01     6.24e+00   477.755s
 937000 +6.23452751e+06 +6.25840187e+06  2.39e+04   1.02e+01     6.23e+00   478.248s
 938000 +6.23438883e+06 +6.25825358e+06  2.39e+04   9.58e+00     6.20e+00   478.740s
 939000 +6.23425458e+06 +6.25807652e+06  2.38e+04   9.03e+00     6.20e+00   479.232s
 940000 +6.23412615e+06 +6.25784742e+06  2.37e+04   8.61e+00     6.17e+00   479.724s
 941000 +6.23400394e+06 +6.25762182e+06  2.36e+04   8.32e+00     6.15e+00   480.216s
 942000 +6.23388368e+06 +6.25740970e+06  2.35e+04   8.12e+00     6.14e+00   480.709s
 943000 +6.23376581e+06 +6.25718675e+06  2.34e+04   7.96e+00     6.11e+00   481.201s
 944000 +6.23365217e+06 +6.25697137e+06  2.33e+04   7.78e+00     6.09e+00   481.692s
 945000 +6.23354249e+06 +6.25677751e+06  2.32e+04   7.60e+00     6.08e+00   482.185s
 946000 +6.23343944e+06 +6.25659688e+06  2.32e+04   7.48e+00     6.05e+00   482.677s
 947000 +6.23334526e+06 +6.25638236e+06  2.30e+04   7.48e+00     6.04e+00   483.169s
 948000 +6.23325496e+06 +6.25623682e+06  2.30e+04   7.61e+00     6.03e+00   483.661s
 949000 +6.23317035e+06 +6.25614070e+06  2.30e+04   7.87e+00     6.02e+00   484.153s
 950000 +6.23308255e+06 +6.25599960e+06  2.29e+04   8.14e+00     6.00e+00   484.646s
 951000 +6.23299534e+06 +6.25593475e+06  2.29e+04   8.35e+00     5.99e+00   485.138s
 952000 +6.23291189e+06 +6.25586342e+06  2.30e+04   8.41e+00     5.96e+00   485.630s
 953000 +6.23283640e+06 +6.25576300e+06  2.29e+04   8.27e+00     5.95e+00   486.122s
 954000 +6.23276866e+06 +6.25571438e+06  2.29e+04   7.94e+00     5.94e+00   486.614s
 955000 +6.23270557e+06 +6.25562405e+06  2.29e+04   7.47e+00     5.91e+00   487.106s
 956000 +6.23264231e+06 +6.25555303e+06  2.29e+04   6.93e+00     5.90e+00   487.598s
 957000 +6.23257770e+06 +6.25545160e+06  2.29e+04   6.42e+00     5.89e+00   488.090s
 958000 +6.23251935e+06 +6.25529798e+06  2.28e+04   6.04e+00     5.86e+00   488.583s
 959000 +6.23246150e+06 +6.25514119e+06  2.27e+04   5.79e+00     5.86e+00   489.075s
 960000 +6.23240536e+06 +6.25496531e+06  2.26e+04   5.66e+00     5.84e+00   489.567s
 961000 +6.23234958e+06 +6.25481779e+06  2.25e+04   5.59e+00     5.81e+00   490.059s
 962000 +6.23229721e+06 +6.25464922e+06  2.24e+04   5.53e+00     5.80e+00   490.551s
 963000 +6.23224282e+06 +6.25449026e+06  2.22e+04   5.45e+00     5.80e+00   491.043s
 964000 +6.23218876e+06 +6.25431128e+06  2.21e+04   5.40e+00     5.79e+00   491.535s
 965000 +6.23213429e+06 +6.25416710e+06  2.20e+04   5.43e+00     5.76e+00   492.027s
 966000 +6.23207262e+06 +6.25402020e+06  2.19e+04   5.56e+00     5.75e+00   492.519s
 967000 +6.23201452e+06 +6.25391313e+06  2.19e+04   5.81e+00     5.73e+00   493.011s
 968000 +6.23195650e+06 +6.25385465e+06  2.19e+04   6.09e+00     5.71e+00   493.503s
 969000 +6.23189850e+06 +6.25381828e+06  2.19e+04   6.33e+00     5.70e+00   493.995s
 970000 +6.23184342e+06 +6.25374970e+06  2.19e+04   6.45e+00     5.67e+00   494.487s
 971000 +6.23179005e+06 +6.25369925e+06  2.19e+04   6.40e+00     5.66e+00   494.980s
 972000 +6.23173788e+06 +6.25368238e+06  2.19e+04   6.18e+00     5.66e+00   495.472s
 973000 +6.23168598e+06 +6.25365261e+06  2.20e+04   5.81e+00     5.65e+00   495.964s
 974000 +6.23163653e+06 +6.25359468e+06  2.20e+04   5.36e+00     5.64e+00   496.455s
 975000 +6.23158917e+06 +6.25353673e+06  2.19e+04   4.93e+00     5.63e+00   496.947s
 976000 +6.23154298e+06 +6.25349253e+06  2.19e+04   4.58e+00     5.61e+00   497.440s
 977000 +6.23149383e+06 +6.25342659e+06  2.19e+04   4.36e+00     5.59e+00   497.931s
 978000 +6.23144662e+06 +6.25332213e+06  2.19e+04   4.25e+00     5.59e+00   498.424s
 979000 +6.23140016e+06 +6.25326498e+06  2.19e+04   4.19e+00     5.57e+00   498.916s
 980000 +6.23135268e+06 +6.25318229e+06  2.18e+04   4.15e+00     5.56e+00   499.407s
 981000 +6.23130993e+06 +6.25311980e+06  2.18e+04   4.10e+00     5.54e+00   499.900s
 982000 +6.23126824e+06 +6.25304653e+06  2.18e+04   4.07e+00     5.52e+00   500.391s
 983000 +6.23115385e+06 +6.25300827e+06  2.19e+04   3.99e+00     5.45e+00   500.884s
 984000 +6.23100505e+06 +6.25302513e+06  2.20e+04   3.91e+00     5.41e+00   501.376s
 985000 +6.23085663e+06 +6.25304485e+06  2.22e+04   3.88e+00     5.38e+00   501.868s
 986000 +6.23070790e+06 +6.25306790e+06  2.24e+04   3.87e+00     5.37e+00   502.360s
 987000 +6.23056176e+06 +6.25304471e+06  2.25e+04   3.84e+00     5.36e+00   502.852s
 988000 +6.23041728e+06 +6.25303993e+06  2.26e+04   3.78e+00     5.34e+00   503.344s
 989000 +6.23027620e+06 +6.25305908e+06  2.28e+04   3.69e+00     5.32e+00   503.835s
 990000 +6.23013663e+06 +6.25305651e+06  2.29e+04   3.55e+00     5.30e+00   504.327s
 991000 +6.22999690e+06 +6.25304648e+06  2.30e+04   3.39e+00     5.30e+00   504.819s
 992000 +6.22986222e+06 +6.25301483e+06  2.32e+04   3.22e+00     5.27e+00   505.311s
 993000 +6.22972898e+06 +6.25294994e+06  2.32e+04   3.08e+00     5.26e+00   505.803s
 994000 +6.22959827e+06 +6.25291644e+06  2.33e+04   2.98e+00     5.24e+00   506.295s
 995000 +6.22946908e+06 +6.25283965e+06  2.34e+04   2.93e+00     5.22e+00   506.787s
 996000 +6.22934143e+06 +6.25279573e+06  2.35e+04   2.94e+00     5.21e+00   507.279s
 997000 +6.22921605e+06 +6.25270556e+06  2.35e+04   2.99e+00     5.18e+00   507.770s
 998000 +6.22909572e+06 +6.25261408e+06  2.35e+04   3.08e+00     5.17e+00   508.262s
 999000 +6.22897614e+06 +6.25251478e+06  2.35e+04   3.19e+00     5.15e+00   508.754s
1000000 +6.22885826e+06 +6.25243002e+06  2.36e+04   3.30e+00     5.15e+00   509.246s
1001000 +6.22874115e+06 +6.25234811e+06  2.36e+04   3.42e+00     5.14e+00   509.738s
1002000 +6.22862681e+06 +6.25223517e+06  2.36e+04   3.53e+00     5.13e+00   510.230s
1003000 +6.22851737e+06 +6.25214137e+06  2.36e+04   3.65e+00     5.12e+00   510.722s
1004000 +6.22840843e+06 +6.25203185e+06  2.36e+04   3.78e+00     5.12e+00   511.213s
1005000 +6.22830162e+06 +6.25194949e+06  2.36e+04   3.90e+00     5.11e+00   511.705s
1006000 +6.22819793e+06 +6.25183460e+06  2.36e+04   4.02e+00     5.10e+00   512.197s
1007000 +6.22809542e+06 +6.25177522e+06  2.37e+04   4.13e+00     5.08e+00   512.689s
1008000 +6.22799481e+06 +6.25167388e+06  2.37e+04   4.24e+00     5.06e+00   513.181s
1009000 +6.22789522e+06 +6.25159218e+06  2.37e+04   4.34e+00     5.06e+00   513.673s
1010000 +6.22779505e+06 +6.25151729e+06  2.37e+04   4.43e+00     5.05e+00   514.165s
1011000 +6.22769797e+06 +6.25142751e+06  2.37e+04   4.51e+00     5.04e+00   514.656s
1012000 +6.22759859e+06 +6.25133521e+06  2.37e+04   4.58e+00     5.03e+00   515.148s
1013000 +6.22750099e+06 +6.25124633e+06  2.37e+04   4.66e+00     5.02e+00   515.640s
1014000 +6.22740642e+06 +6.25116575e+06  2.38e+04   4.73e+00     5.02e+00   516.132s
1015000 +6.22731242e+06 +6.25109004e+06  2.38e+04   4.81e+00     5.00e+00   516.623s
1016000 +6.22722500e+06 +6.25098440e+06  2.38e+04   4.88e+00     4.99e+00   517.115s
1017000 +6.22714152e+06 +6.25089285e+06  2.38e+04   4.95e+00     4.97e+00   517.607s
1018000 +6.22705969e+06 +6.25080634e+06  2.37e+04   5.02e+00     4.97e+00   518.099s
1019000 +6.22698189e+06 +6.25069358e+06  2.37e+04   5.08e+00     4.95e+00   518.591s
1020000 +6.22690716e+06 +6.25061356e+06  2.37e+04   5.14e+00     4.95e+00   519.083s
1021000 +6.22683543e+06 +6.25053978e+06  2.37e+04   5.20e+00     4.93e+00   519.575s
1022000 +6.22676811e+06 +6.25043202e+06  2.37e+04   5.25e+00     4.90e+00   520.066s
1023000 +6.22669993e+06 +6.25035151e+06  2.37e+04   5.31e+00     4.89e+00   520.558s
1024000 +6.22663644e+06 +6.25031868e+06  2.37e+04   5.36e+00     4.88e+00   521.050s
1025000 +6.22657562e+06 +6.25025054e+06  2.37e+04   5.40e+00     4.85e+00   521.542s
1026000 +6.22651447e+06 +6.25016885e+06  2.37e+04   5.45e+00     4.84e+00   522.034s
1027000 +6.22645500e+06 +6.25010184e+06  2.36e+04   5.49e+00     4.82e+00   522.526s
1028000 +6.22639803e+06 +6.25005179e+06  2.37e+04   5.54e+00     4.80e+00   523.018s
1029000 +6.22634046e+06 +6.24996136e+06  2.36e+04   5.57e+00     4.79e+00   523.510s
1030000 +6.22628185e+06 +6.24988202e+06  2.36e+04   5.61e+00     4.78e+00   524.002s
1031000 +6.22622394e+06 +6.24984204e+06  2.36e+04   5.64e+00     4.75e+00   524.493s
1032000 +6.22617079e+06 +6.24976809e+06  2.36e+04   5.68e+00     4.74e+00   524.986s
1033000 +6.22612075e+06 +6.24971747e+06  2.36e+04   5.70e+00     4.73e+00   525.478s
1034000 +6.22607061e+06 +6.24964841e+06  2.36e+04   5.72e+00     4.72e+00   525.969s
1035000 +6.22602129e+06 +6.24956156e+06  2.35e+04   5.75e+00     4.72e+00   526.461s
1036000 +6.22597429e+06 +6.24951275e+06  2.35e+04   5.77e+00     4.69e+00   526.953s
1037000 +6.22593017e+06 +6.24946183e+06  2.35e+04   5.79e+00     4.69e+00   527.446s
1038000 +6.22588882e+06 +6.24940418e+06  2.35e+04   5.80e+00     4.68e+00   527.937s
1039000 +6.22585318e+06 +6.24934864e+06  2.35e+04   5.80e+00     4.67e+00   528.429s
1040000 +6.22581763e+06 +6.24930239e+06  2.35e+04   5.80e+00     4.66e+00   528.921s
1041000 +6.22577881e+06 +6.24922227e+06  2.34e+04   5.81e+00     4.65e+00   529.413s
1042000 +6.22574386e+06 +6.24916489e+06  2.34e+04   5.82e+00     4.63e+00   529.905s
1043000 +6.22571060e+06 +6.24910553e+06  2.34e+04   5.82e+00     4.62e+00   530.397s
1044000 +6.22567898e+06 +6.24906404e+06  2.34e+04   5.81e+00     4.60e+00   530.889s
1045000 +6.22565027e+06 +6.24903889e+06  2.34e+04   5.81e+00     4.59e+00   531.381s
1046000 +6.22562541e+06 +6.24899330e+06  2.34e+04   5.80e+00     4.59e+00   531.873s
1047000 +6.22559907e+06 +6.24893213e+06  2.33e+04   5.79e+00     4.57e+00   532.365s
1048000 +6.22557605e+06 +6.24888042e+06  2.33e+04   5.77e+00     4.54e+00   532.856s
1049000 +6.22555452e+06 +6.24884324e+06  2.33e+04   5.75e+00     4.53e+00   533.348s
1050000 +6.22553186e+06 +6.24879707e+06  2.33e+04   5.74e+00     4.52e+00   533.840s
1051000 +6.22550663e+06 +6.24875239e+06  2.32e+04   5.73e+00     4.52e+00   534.332s
1052000 +6.22548222e+06 +6.24869635e+06  2.32e+04   5.71e+00     4.50e+00   534.824s
1053000 +6.22546144e+06 +6.24867698e+06  2.32e+04   5.69e+00     4.50e+00   535.316s
1054000 +6.22543481e+06 +6.24864710e+06  2.32e+04   5.69e+00     4.48e+00   535.808s
1055000 +6.22540978e+06 +6.24859576e+06  2.32e+04   5.68e+00     4.47e+00   536.300s
1056000 +6.22538941e+06 +6.24855873e+06  2.32e+04   5.66e+00     4.47e+00   536.792s
1057000 +6.22537139e+06 +6.24851912e+06  2.31e+04   5.65e+00     4.47e+00   537.284s
1058000 +6.22535413e+06 +6.24849503e+06  2.31e+04   5.63e+00     4.46e+00   537.776s
1059000 +6.22533953e+06 +6.24845860e+06  2.31e+04   5.61e+00     4.45e+00   538.268s
1060000 +6.22532037e+06 +6.24842256e+06  2.31e+04   5.60e+00     4.44e+00   538.760s
1061000 +6.22530228e+06 +6.24838263e+06  2.31e+04   5.59e+00     4.44e+00   539.251s
1062000 +6.22528713e+06 +6.24834851e+06  2.31e+04   5.57e+00     4.42e+00   539.743s
1063000 +6.22527323e+06 +6.24832274e+06  2.30e+04   5.55e+00     4.41e+00   540.235s
1064000 +6.22526023e+06 +6.24831726e+06  2.31e+04   5.53e+00     4.41e+00   540.727s
1065000 +6.22524970e+06 +6.24829831e+06  2.30e+04   5.51e+00     4.41e+00   541.219s
1066000 +6.22524229e+06 +6.24825268e+06  2.30e+04   5.48e+00     4.40e+00   541.710s
1067000 +6.22523701e+06 +6.24823952e+06  2.30e+04   5.45e+00     4.39e+00   542.202s
1068000 +6.22523406e+06 +6.24821663e+06  2.30e+04   5.41e+00     4.39e+00   542.694s
1069000 +6.22523257e+06 +6.24821146e+06  2.30e+04   5.38e+00     4.38e+00   543.186s
1070000 +6.22523304e+06 +6.24818841e+06  2.30e+04   5.34e+00     4.37e+00   543.678s
1071000 +6.22523418e+06 +6.24817754e+06  2.29e+04   5.30e+00     4.37e+00   544.170s
1072000 +6.22523742e+06 +6.24818122e+06  2.29e+04   5.26e+00     4.36e+00   544.662s
1073000 +6.22524099e+06 +6.24815938e+06  2.29e+04   5.22e+00     4.34e+00   545.154s
1074000 +6.22524421e+06 +6.24815818e+06  2.29e+04   5.18e+00     4.33e+00   545.646s
1075000 +6.22524714e+06 +6.24813903e+06  2.29e+04   5.14e+00     4.33e+00   546.137s
1076000 +6.22525248e+06 +6.24813577e+06  2.29e+04   5.10e+00     4.32e+00   546.629s
1077000 +6.22525887e+06 +6.24813070e+06  2.29e+04   5.06e+00     4.31e+00   547.121s
1078000 +6.22526540e+06 +6.24812901e+06  2.29e+04   5.02e+00     4.31e+00   547.613s
1079000 +6.22527293e+06 +6.24812154e+06  2.28e+04   4.98e+00     4.30e+00   548.105s
1080000 +6.22528102e+06 +6.24810775e+06  2.28e+04   4.95e+00     4.29e+00   548.596s
1081000 +6.22528577e+06 +6.24810473e+06  2.28e+04   4.91e+00     4.28e+00   549.089s
1082000 +6.22529255e+06 +6.24809571e+06  2.28e+04   4.88e+00     4.28e+00   549.581s
1083000 +6.22530227e+06 +6.24811435e+06  2.28e+04   4.84e+00     4.27e+00   550.072s
1084000 +6.22531345e+06 +6.24809977e+06  2.28e+04   4.80e+00     4.27e+00   550.564s
1085000 +6.22532211e+06 +6.24810001e+06  2.28e+04   4.76e+00     4.26e+00   551.056s
1086000 +6.22533579e+06 +6.24808447e+06  2.27e+04   4.72e+00     4.26e+00   551.548s
1087000 +6.22534878e+06 +6.24810276e+06  2.28e+04   4.68e+00     4.25e+00   552.039s
1088000 +6.22536154e+06 +6.24809515e+06  2.27e+04   4.64e+00     4.24e+00   552.531s
1089000 +6.22537409e+06 +6.24809482e+06  2.27e+04   4.60e+00     4.24e+00   553.023s
1090000 +6.22538992e+06 +6.24808319e+06  2.27e+04   4.56e+00     4.24e+00   553.514s
1091000 +6.22540862e+06 +6.24808956e+06  2.27e+04   4.51e+00     4.23e+00   554.006s
1092000 +6.22541582e+06 +6.24808820e+06  2.27e+04   4.48e+00     4.22e+00   554.498s
1093000 +6.22541920e+06 +6.24809196e+06  2.27e+04   4.45e+00     4.22e+00   554.990s
1094000 +6.22542197e+06 +6.24808261e+06  2.27e+04   4.43e+00     4.22e+00   555.482s
1095000 +6.22542566e+06 +6.24807677e+06  2.27e+04   4.40e+00     4.21e+00   555.974s
1096000 +6.22543139e+06 +6.24809774e+06  2.27e+04   4.38e+00     4.21e+00   556.466s
1097000 +6.22543975e+06 +6.24812656e+06  2.27e+04   4.35e+00     4.20e+00   556.958s
1098000 +6.22544771e+06 +6.24815080e+06  2.27e+04   4.32e+00     4.19e+00   557.450s
1099000 +6.22545597e+06 +6.24817118e+06  2.27e+04   4.30e+00     4.19e+00   557.942s
1100000 +6.22546635e+06 +6.24818668e+06  2.27e+04   4.26e+00     4.18e+00   558.433s
1101000 +6.22547662e+06 +6.24819951e+06  2.27e+04   4.23e+00     4.18e+00   558.925s
1102000 +6.22548668e+06 +6.24822563e+06  2.27e+04   4.20e+00     4.18e+00   559.417s
1103000 +6.22549889e+06 +6.24823121e+06  2.27e+04   4.17e+00     4.17e+00   559.909s
1104000 +6.22551076e+06 +6.24822773e+06  2.27e+04   4.14e+00     4.16e+00   560.401s
1105000 +6.22552426e+06 +6.24823903e+06  2.27e+04   4.11e+00     4.16e+00   560.893s
1106000 +6.22553652e+06 +6.24825740e+06  2.27e+04   4.08e+00     4.16e+00   561.385s
1107000 +6.22554917e+06 +6.24826576e+06  2.27e+04   4.05e+00     4.15e+00   561.877s
1108000 +6.22556354e+06 +6.24828966e+06  2.27e+04   4.02e+00     4.14e+00   562.369s
1109000 +6.22557825e+06 +6.24829498e+06  2.27e+04   3.98e+00     4.12e+00   562.862s
1110000 +6.22559191e+06 +6.24830406e+06  2.27e+04   3.95e+00     4.12e+00   563.353s
1111000 +6.22560444e+06 +6.24832513e+06  2.27e+04   3.92e+00     4.11e+00   563.845s
1112000 +6.22561876e+06 +6.24833766e+06  2.27e+04   3.89e+00     4.11e+00   564.337s
1113000 +6.22563232e+06 +6.24833513e+06  2.27e+04   3.86e+00     4.11e+00   564.829s
1114000 +6.22564288e+06 +6.24835546e+06  2.27e+04   3.83e+00     4.11e+00   565.321s
1115000 +6.22565162e+06 +6.24836356e+06  2.27e+04   3.81e+00     4.10e+00   565.813s
1116000 +6.22566057e+06 +6.24838548e+06  2.27e+04   3.79e+00     4.08e+00   566.305s
1117000 +6.22566963e+06 +6.24838889e+06  2.27e+04   3.77e+00     4.07e+00   566.797s
1118000 +6.22567779e+06 +6.24840247e+06  2.27e+04   3.75e+00     4.08e+00   567.289s
1119000 +6.22568616e+06 +6.24841896e+06  2.27e+04   3.74e+00     4.08e+00   567.780s
1120000 +6.22569268e+06 +6.24843041e+06  2.27e+04   3.72e+00     4.07e+00   568.272s
1121000 +6.22570055e+06 +6.24842729e+06  2.27e+04   3.70e+00     4.06e+00   568.764s
1122000 +6.22570822e+06 +6.24843601e+06  2.27e+04   3.68e+00     4.05e+00   569.256s
1123000 +6.22571396e+06 +6.24844214e+06  2.27e+04   3.67e+00     4.05e+00   569.748s
1124000 +6.22571375e+06 +6.24843604e+06  2.27e+04   3.66e+00     4.04e+00   570.239s
1125000 +6.22571553e+06 +6.24845626e+06  2.27e+04   3.65e+00     4.04e+00   570.731s
1126000 +6.22571890e+06 +6.24844065e+06  2.27e+04   3.64e+00     4.03e+00   571.223s
1127000 +6.22572145e+06 +6.24844379e+06  2.27e+04   3.63e+00     4.02e+00   571.715s
1128000 +6.22572469e+06 +6.24843384e+06  2.27e+04   3.62e+00     4.03e+00   572.207s
1129000 +6.22572711e+06 +6.24843581e+06  2.27e+04   3.62e+00     4.01e+00   572.699s
1130000 +6.22573048e+06 +6.24842721e+06  2.27e+04   3.61e+00     4.00e+00   573.191s
1131000 +6.22573396e+06 +6.24840738e+06  2.27e+04   3.60e+00     4.01e+00   573.682s
1132000 +6.22573903e+06 +6.24839835e+06  2.27e+04   3.58e+00     4.01e+00   574.174s
1133000 +6.22574253e+06 +6.24839309e+06  2.27e+04   3.57e+00     4.00e+00   574.666s
1134000 +6.22574309e+06 +6.24839334e+06  2.27e+04   3.57e+00     3.99e+00   575.157s
1135000 +6.22574380e+06 +6.24837121e+06  2.26e+04   3.56e+00     3.98e+00   575.649s
1136000 +6.22574577e+06 +6.24838212e+06  2.26e+04   3.56e+00     3.98e+00   576.141s
1137000 +6.22574610e+06 +6.24837077e+06  2.26e+04   3.55e+00     3.97e+00   576.633s
1138000 +6.22574867e+06 +6.24835628e+06  2.26e+04   3.54e+00     3.97e+00   577.125s
1139000 +6.22575128e+06 +6.24834997e+06  2.26e+04   3.53e+00     3.97e+00   577.617s
1140000 +6.22575287e+06 +6.24834760e+06  2.26e+04   3.53e+00     3.97e+00   578.108s
1141000 +6.22575565e+06 +6.24833650e+06  2.26e+04   3.51e+00     3.96e+00   578.600s
1142000 +6.22575983e+06 +6.24833313e+06  2.26e+04   3.50e+00     3.94e+00   579.092s
1143000 +6.22568442e+06 +6.24829709e+06  2.26e+04   3.58e+00     3.86e+00   579.584s
1144000 +6.22557554e+06 +6.24828288e+06  2.27e+04   3.72e+00     3.83e+00   580.075s
1145000 +6.22545634e+06 +6.24828271e+06  2.28e+04   3.89e+00     3.78e+00   580.566s
1146000 +6.22532247e+06 +6.24825768e+06  2.29e+04   4.09e+00     3.75e+00   581.058s
1147000 +6.22518957e+06 +6.24823980e+06  2.31e+04   4.28e+00     3.73e+00   581.549s
1148000 +6.22505322e+06 +6.24824010e+06  2.32e+04   4.49e+00     3.70e+00   582.041s
1149000 +6.22492360e+06 +6.24823860e+06  2.33e+04   4.68e+00     3.66e+00   582.532s
1150000 +6.22478785e+06 +6.24821799e+06  2.34e+04   4.87e+00     3.63e+00   583.024s
1151000 +6.22465281e+06 +6.24822506e+06  2.36e+04   5.05e+00     3.61e+00   583.515s
1152000 +6.22452138e+06 +6.24820708e+06  2.37e+04   5.20e+00     3.58e+00   584.007s
1153000 +6.22438955e+06 +6.24821391e+06  2.38e+04   5.36e+00     3.56e+00   584.498s
1154000 +6.22426183e+06 +6.24821409e+06  2.40e+04   5.51e+00     3.55e+00   584.990s
1155000 +6.22412793e+06 +6.24820716e+06  2.41e+04   5.66e+00     3.53e+00   585.481s
1156000 +6.22400169e+06 +6.24817496e+06  2.42e+04   5.81e+00     3.51e+00   585.973s
1157000 +6.22388008e+06 +6.24816540e+06  2.43e+04   5.94e+00     3.48e+00   586.465s
1158000 +6.22376080e+06 +6.24813292e+06  2.44e+04   6.08e+00     3.46e+00   586.956s
1159000 +6.22365592e+06 +6.24812604e+06  2.45e+04   6.20e+00     3.44e+00   587.448s
1160000 +6.22354834e+06 +6.24811108e+06  2.46e+04   6.31e+00     3.42e+00   587.939s
1161000 +6.22343512e+06 +6.24808709e+06  2.47e+04   6.44e+00     3.42e+00   588.430s
1162000 +6.22333119e+06 +6.24806042e+06  2.47e+04   6.57e+00     3.39e+00   588.922s
1163000 +6.22323324e+06 +6.24805254e+06  2.48e+04   6.68e+00     3.36e+00   589.413s
1164000 +6.22312810e+06 +6.24805477e+06  2.49e+04   6.80e+00     3.35e+00   589.905s
1165000 +6.22302938e+06 +6.24802133e+06  2.50e+04   6.91e+00     3.32e+00   590.396s
1166000 +6.22293303e+06 +6.24800420e+06  2.51e+04   7.03e+00     3.31e+00   590.888s
1167000 +6.22284293e+06 +6.24797819e+06  2.51e+04   7.13e+00     3.29e+00   591.380s
1168000 +6.22275443e+06 +6.24796293e+06  2.52e+04   7.23e+00     3.26e+00   591.871s
1169000 +6.22266823e+06 +6.24794398e+06  2.53e+04   7.33e+00     3.25e+00   592.363s
1170000 +6.22258930e+06 +6.24790971e+06  2.53e+04   7.42e+00     3.22e+00   592.854s
1171000 +6.22251895e+06 +6.24788771e+06  2.54e+04   7.49e+00     3.21e+00   593.346s
1172000 +6.22244614e+06 +6.24786953e+06  2.54e+04   7.56e+00     3.19e+00   593.838s
1173000 +6.22237556e+06 +6.24783622e+06  2.55e+04   7.64e+00     3.18e+00   594.329s
1174000 +6.22230899e+06 +6.24781545e+06  2.55e+04   7.70e+00     3.17e+00   594.821s
1175000 +6.22223976e+06 +6.24779679e+06  2.56e+04   7.77e+00     3.15e+00   595.312s
1176000 +6.22216801e+06 +6.24778881e+06  2.56e+04   7.85e+00     3.14e+00   595.804s
1177000 +6.22210128e+06 +6.24776710e+06  2.57e+04   7.91e+00     3.12e+00   596.296s
1178000 +6.22202949e+06 +6.24775967e+06  2.57e+04   7.98e+00     3.10e+00   596.787s
1179000 +6.22195826e+06 +6.24774149e+06  2.58e+04   8.05e+00     3.08e+00   597.279s
1180000 +6.22188694e+06 +6.24772158e+06  2.58e+04   8.12e+00     3.07e+00   597.771s
1181000 +6.22181651e+06 +6.24770224e+06  2.59e+04   8.20e+00     3.06e+00   598.262s
1182000 +6.22175152e+06 +6.24768389e+06  2.59e+04   8.25e+00     3.05e+00   598.754s
1183000 +6.22168384e+06 +6.24767272e+06  2.60e+04   8.31e+00     3.03e+00   599.246s
1184000 +6.22161649e+06 +6.24764772e+06  2.60e+04   8.37e+00     3.02e+00   599.737s
1185000 +6.22155338e+06 +6.24765197e+06  2.61e+04   8.42e+00     3.00e+00   600.229s
1186000 +6.22149072e+06 +6.24761540e+06  2.61e+04   8.48e+00     2.99e+00   600.721s
1187000 +6.22142644e+06 +6.24758702e+06  2.62e+04   8.53e+00     2.98e+00   601.212s
1188000 +6.22136080e+06 +6.24756575e+06  2.62e+04   8.59e+00     2.97e+00   601.704s
1189000 +6.22129944e+06 +6.24756725e+06  2.63e+04   8.63e+00     2.94e+00   602.195s
1190000 +6.22123428e+06 +6.24752767e+06  2.63e+04   8.68e+00     2.93e+00   602.687s
1191000 +6.22117390e+06 +6.24748437e+06  2.63e+04   8.74e+00     2.92e+00   603.179s
1192000 +6.22111828e+06 +6.24744824e+06  2.63e+04   8.78e+00     2.91e+00   603.670s
1193000 +6.22106262e+06 +6.24742615e+06  2.64e+04   8.82e+00     2.88e+00   604.162s
1194000 +6.22101160e+06 +6.24740309e+06  2.64e+04   8.85e+00     2.87e+00   604.654s
1195000 +6.22095886e+06 +6.24737500e+06  2.64e+04   8.90e+00     2.85e+00   605.146s
1196000 +6.22091001e+06 +6.24732481e+06  2.64e+04   8.93e+00     2.84e+00   605.637s
1197000 +6.22085689e+06 +6.24730563e+06  2.64e+04   8.96e+00     2.82e+00   606.129s
1198000 +6.22080351e+06 +6.24729013e+06  2.65e+04   8.99e+00     2.81e+00   606.620s
1199000 +6.22075219e+06 +6.24726749e+06  2.65e+04   9.03e+00     2.80e+00   607.112s
1200000 +6.22070002e+06 +6.24725198e+06  2.66e+04   9.07e+00     2.79e+00   607.604s
1201000 +6.22064383e+06 +6.24723584e+06  2.66e+04   9.10e+00     2.77e+00   608.095s
1202000 +6.22059463e+06 +6.24720585e+06  2.66e+04   9.13e+00     2.75e+00   608.587s
1203000 +6.22054193e+06 +6.24718210e+06  2.66e+04   9.16e+00     2.73e+00   609.078s
1204000 +6.22049090e+06 +6.24716263e+06  2.67e+04   9.20e+00     2.73e+00   609.570s
1205000 +6.22043925e+06 +6.24713514e+06  2.67e+04   9.23e+00     2.72e+00   610.062s
1206000 +6.22039245e+06 +6.24711056e+06  2.67e+04   9.24e+00     2.72e+00   610.553s
1207000 +6.22034768e+06 +6.24709880e+06  2.68e+04   9.26e+00     2.71e+00   611.046s
1208000 +6.22030251e+06 +6.24707268e+06  2.68e+04   9.29e+00     2.70e+00   611.537s
1209000 +6.22025458e+06 +6.24704477e+06  2.68e+04   9.32e+00     2.69e+00   612.029s
1210000 +6.22021037e+06 +6.24702834e+06  2.68e+04   9.34e+00     2.68e+00   612.520s
1211000 +6.22016493e+06 +6.24700081e+06  2.68e+04   9.36e+00     2.67e+00   613.011s
1212000 +6.22011931e+06 +6.24698230e+06  2.69e+04   9.38e+00     2.65e+00   613.503s
1213000 +6.22007489e+06 +6.24696822e+06  2.69e+04   9.41e+00     2.64e+00   613.994s
1214000 +6.22003570e+06 +6.24694763e+06  2.69e+04   9.42e+00     2.63e+00   614.486s
1215000 +6.21999946e+06 +6.24692802e+06  2.69e+04   9.44e+00     2.62e+00   614.978s
1216000 +6.21995969e+06 +6.24691066e+06  2.70e+04   9.45e+00     2.61e+00   615.470s
1217000 +6.21991827e+06 +6.24689173e+06  2.70e+04   9.47e+00     2.60e+00   615.961s
1218000 +6.21987699e+06 +6.24686113e+06  2.70e+04   9.49e+00     2.59e+00   616.453s
1219000 +6.21983002e+06 +6.24680648e+06  2.70e+04   9.52e+00     2.57e+00   616.945s
1220000 +6.21979177e+06 +6.24677910e+06  2.70e+04   9.53e+00     2.55e+00   617.437s
1221000 +6.21974982e+06 +6.24674704e+06  2.70e+04   9.55e+00     2.55e+00   617.929s
1222000 +6.21970847e+06 +6.24671621e+06  2.70e+04   9.57e+00     2.53e+00   618.420s
1223000 +6.21967511e+06 +6.24669804e+06  2.70e+04   9.58e+00     2.50e+00   618.912s
1224000 +6.21964325e+06 +6.24668488e+06  2.70e+04   9.59e+00     2.49e+00   619.404s
1225000 +6.21961073e+06 +6.24665346e+06  2.70e+04   9.60e+00     2.49e+00   619.895s
1226000 +6.21957128e+06 +6.24665216e+06  2.71e+04   9.61e+00     2.48e+00   620.387s
1227000 +6.21953567e+06 +6.24663561e+06  2.71e+04   9.63e+00     2.47e+00   620.879s
1228000 +6.21949909e+06 +6.24660367e+06  2.71e+04   9.64e+00     2.45e+00   621.371s
1229000 +6.21946152e+06 +6.24658584e+06  2.71e+04   9.66e+00     2.45e+00   621.862s
1230000 +6.21942924e+06 +6.24659477e+06  2.72e+04   9.67e+00     2.44e+00   622.354s
1231000 +6.21939939e+06 +6.24656806e+06  2.72e+04   9.68e+00     2.44e+00   622.846s
1232000 +6.21937041e+06 +6.24655712e+06  2.72e+04   9.69e+00     2.43e+00   623.337s
1233000 +6.21934749e+06 +6.24653488e+06  2.72e+04   9.68e+00     2.42e+00   623.829s
1234000 +6.21932797e+06 +6.24651529e+06  2.72e+04   9.68e+00     2.41e+00   624.321s
1235000 +6.21929907e+06 +6.24649767e+06  2.72e+04   9.68e+00     2.41e+00   624.812s
1236000 +6.21927385e+06 +6.24646692e+06  2.72e+04   9.69e+00     2.40e+00   625.304s
1237000 +6.21924535e+06 +6.24643964e+06  2.72e+04   9.69e+00     2.39e+00   625.796s
1238000 +6.21921539e+06 +6.24641677e+06  2.72e+04   9.71e+00     2.39e+00   626.288s
1239000 +6.21918609e+06 +6.24641215e+06  2.72e+04   9.72e+00     2.38e+00   626.779s
1240000 +6.21915618e+06 +6.24639102e+06  2.72e+04   9.73e+00     2.36e+00   627.271s
1241000 +6.21912492e+06 +6.24637449e+06  2.72e+04   9.74e+00     2.36e+00   627.763s
1242000 +6.21909392e+06 +6.24636101e+06  2.73e+04   9.76e+00     2.35e+00   628.254s
1243000 +6.21906955e+06 +6.24634433e+06  2.73e+04   9.76e+00     2.34e+00   628.746s
1244000 +6.21903980e+06 +6.24631904e+06  2.73e+04   9.77e+00     2.33e+00   629.238s
1245000 +6.21901598e+06 +6.24630945e+06  2.73e+04   9.77e+00     2.33e+00   629.729s
1246000 +6.21899449e+06 +6.24628490e+06  2.73e+04   9.77e+00     2.32e+00   630.221s
1247000 +6.21896875e+06 +6.24627451e+06  2.73e+04   9.78e+00     2.31e+00   630.712s
1248000 +6.21894374e+06 +6.24625449e+06  2.73e+04   9.79e+00     2.31e+00   631.204s
1249000 +6.21891938e+06 +6.24625172e+06  2.73e+04   9.79e+00     2.30e+00   631.695s
1250000 +6.21889727e+06 +6.24623045e+06  2.73e+04   9.79e+00     2.29e+00   632.187s
1251000 +6.21887619e+06 +6.24622829e+06  2.74e+04   9.79e+00     2.29e+00   632.679s
1252000 +6.21885618e+06 +6.24621068e+06  2.74e+04   9.79e+00     2.28e+00   633.171s
1253000 +6.21883333e+06 +6.24619210e+06  2.74e+04   9.80e+00     2.28e+00   633.663s
1254000 +6.21881524e+06 +6.24618261e+06  2.74e+04   9.79e+00     2.27e+00   634.155s
1255000 +6.21879756e+06 +6.24617301e+06  2.74e+04   9.79e+00     2.26e+00   634.646s
1256000 +6.21878125e+06 +6.24617106e+06  2.74e+04   9.78e+00     2.25e+00   635.138s
1257000 +6.21876641e+06 +6.24614720e+06  2.74e+04   9.77e+00     2.24e+00   635.630s
1258000 +6.21875218e+06 +6.24613162e+06  2.74e+04   9.76e+00     2.23e+00   636.122s
1259000 +6.21873607e+06 +6.24611608e+06  2.74e+04   9.76e+00     2.22e+00   636.614s
1260000 +6.21872153e+06 +6.24611321e+06  2.74e+04   9.75e+00     2.21e+00   637.106s
1261000 +6.21870554e+06 +6.24609215e+06  2.74e+04   9.74e+00     2.20e+00   637.597s
1262000 +6.21868734e+06 +6.24605600e+06  2.74e+04   9.74e+00     2.19e+00   638.089s
1263000 +6.21867168e+06 +6.24606077e+06  2.74e+04   9.73e+00     2.18e+00   638.581s
1264000 +6.21865847e+06 +6.24604628e+06  2.74e+04   9.72e+00     2.18e+00   639.072s
1265000 +6.21864264e+06 +6.24603105e+06  2.74e+04   9.71e+00     2.17e+00   639.564s
1266000 +6.21862517e+06 +6.24601170e+06  2.74e+04   9.71e+00     2.17e+00   640.056s
1267000 +6.21860535e+06 +6.24598662e+06  2.74e+04   9.71e+00     2.16e+00   640.547s
1268000 +6.21858907e+06 +6.24597633e+06  2.74e+04   9.71e+00     2.15e+00   641.039s
1269000 +6.21857160e+06 +6.24595297e+06  2.74e+04   9.70e+00     2.14e+00   641.531s
1270000 +6.21855710e+06 +6.24595319e+06  2.74e+04   9.69e+00     2.13e+00   642.023s
1271000 +6.21854211e+06 +6.24593063e+06  2.74e+04   9.69e+00     2.12e+00   642.514s
1272000 +6.21852974e+06 +6.24593317e+06  2.74e+04   9.68e+00     2.12e+00   643.006s
1273000 +6.21851539e+06 +6.24590555e+06  2.74e+04   9.66e+00     2.11e+00   643.498s
1274000 +6.21849893e+06 +6.24591023e+06  2.74e+04   9.66e+00     2.10e+00   643.990s
1275000 +6.21848337e+06 +6.24590765e+06  2.74e+04   9.66e+00     2.09e+00   644.482s
1276000 +6.21846961e+06 +6.24588417e+06  2.74e+04   9.65e+00     2.08e+00   644.974s
1277000 +6.21845673e+06 +6.24587572e+06  2.74e+04   9.64e+00     2.07e+00   645.466s
1278000 +6.21844472e+06 +6.24585065e+06  2.74e+04   9.63e+00     2.07e+00   645.958s
1279000 +6.21842997e+06 +6.24584242e+06  2.74e+04   9.62e+00     2.06e+00   646.449s
1280000 +6.21841561e+06 +6.24582822e+06  2.74e+04   9.61e+00     2.05e+00   646.941s
1281000 +6.21840070e+06 +6.24582366e+06  2.74e+04   9.61e+00     2.04e+00   647.433s
1282000 +6.21838486e+06 +6.24579980e+06  2.74e+04   9.60e+00     2.04e+00   647.925s
1283000 +6.21836882e+06 +6.24579242e+06  2.74e+04   9.60e+00     2.04e+00   648.417s
1284000 +6.21835584e+06 +6.24576980e+06  2.74e+04   9.59e+00     2.03e+00   648.909s
1285000 +6.21834442e+06 +6.24575708e+06  2.74e+04   9.58e+00     2.03e+00   649.401s
1286000 +6.21832893e+06 +6.24574296e+06  2.74e+04   9.57e+00     2.02e+00   649.892s
1287000 +6.21831100e+06 +6.24572679e+06  2.74e+04   9.57e+00     2.01e+00   650.384s
1288000 +6.21829610e+06 +6.24570989e+06  2.74e+04   9.57e+00     2.01e+00   650.876s
1289000 +6.21828330e+06 +6.24569336e+06  2.74e+04   9.55e+00     2.00e+00   651.368s
1290000 +6.21827255e+06 +6.24568660e+06  2.74e+04   9.55e+00     2.00e+00   651.859s
1291000 +6.21826118e+06 +6.24567184e+06  2.74e+04   9.54e+00     1.99e+00   652.351s
1292000 +6.21824711e+06 +6.24564691e+06  2.74e+04   9.53e+00     1.98e+00   652.843s
1293000 +6.21823182e+06 +6.24561807e+06  2.74e+04   9.52e+00     1.98e+00   653.334s
1294000 +6.21822064e+06 +6.24559572e+06  2.74e+04   9.51e+00     1.98e+00   653.826s
1295000 +6.21820997e+06 +6.24556825e+06  2.74e+04   9.50e+00     1.98e+00   654.318s
1296000 +6.21819718e+06 +6.24555573e+06  2.74e+04   9.49e+00     1.97e+00   654.810s
1297000 +6.21818765e+06 +6.24554640e+06  2.74e+04   9.48e+00     1.97e+00   655.302s
1298000 +6.21817765e+06 +6.24552416e+06  2.73e+04   9.47e+00     1.96e+00   655.794s
1299000 +6.21816670e+06 +6.24550886e+06  2.73e+04   9.46e+00     1.96e+00   656.286s
1300000 +6.21815438e+06 +6.24548453e+06  2.73e+04   9.45e+00     1.96e+00   656.778s
1301000 +6.21814210e+06 +6.24546080e+06  2.73e+04   9.44e+00     1.95e+00   657.269s
1302000 +6.21812853e+06 +6.24544242e+06  2.73e+04   9.43e+00     1.95e+00   657.761s
1303000 +6.21811937e+06 +6.24542669e+06  2.73e+04   9.42e+00     1.95e+00   658.253s
1304000 +6.21811008e+06 +6.24540988e+06  2.73e+04   9.40e+00     1.94e+00   658.745s
1305000 +6.21810057e+06 +6.24537372e+06  2.73e+04   9.38e+00     1.94e+00   659.236s
1306000 +6.21808937e+06 +6.24537034e+06  2.73e+04   9.38e+00     1.94e+00   659.728s
1307000 +6.21807766e+06 +6.24532555e+06  2.72e+04   9.37e+00     1.93e+00   660.220s
1308000 +6.21806386e+06 +6.24530850e+06  2.72e+04   9.36e+00     1.93e+00   660.712s
1309000 +6.21804872e+06 +6.24529064e+06  2.72e+04   9.35e+00     1.93e+00   661.204s
1310000 +6.21803186e+06 +6.24526976e+06  2.72e+04   9.36e+00     1.92e+00   661.696s
1311000 +6.21801241e+06 +6.24525730e+06  2.72e+04   9.36e+00     1.92e+00   662.187s
1312000 +6.21799714e+06 +6.24524885e+06  2.73e+04   9.35e+00     1.91e+00   662.679s
1313000 +6.21798598e+06 +6.24523507e+06  2.72e+04   9.34e+00     1.91e+00   663.171s
1314000 +6.21797115e+06 +6.24522193e+06  2.73e+04   9.34e+00     1.91e+00   663.662s
1315000 +6.21795500e+06 +6.24520942e+06  2.73e+04   9.34e+00     1.91e+00   664.154s
1316000 +6.21793913e+06 +6.24518897e+06  2.72e+04   9.33e+00     1.90e+00   664.646s
1317000 +6.21792394e+06 +6.24517432e+06  2.73e+04   9.33e+00     1.90e+00   665.137s
1318000 +6.21791043e+06 +6.24515856e+06  2.72e+04   9.32e+00     1.90e+00   665.629s
1319000 +6.21789687e+06 +6.24515000e+06  2.73e+04   9.32e+00     1.90e+00   666.121s
1320000 +6.21788541e+06 +6.24512886e+06  2.72e+04   9.31e+00     1.89e+00   666.612s
1321000 +6.21787585e+06 +6.24511676e+06  2.72e+04   9.29e+00     1.89e+00   667.105s
1322000 +6.21786414e+06 +6.24509586e+06  2.72e+04   9.28e+00     1.89e+00   667.596s
1323000 +6.21785057e+06 +6.24506993e+06  2.72e+04   9.28e+00     1.88e+00   668.088s
1324000 +6.21783783e+06 +6.24506773e+06  2.72e+04   9.27e+00     1.88e+00   668.580s
1325000 +6.21782466e+06 +6.24504456e+06  2.72e+04   9.26e+00     1.87e+00   669.072s
1326000 +6.21781365e+06 +6.24502304e+06  2.72e+04   9.25e+00     1.87e+00   669.564s
1327000 +6.21780215e+06 +6.24499701e+06  2.72e+04   9.24e+00     1.87e+00   670.056s
1328000 +6.21778976e+06 +6.24500386e+06  2.72e+04   9.24e+00     1.86e+00   670.548s
1329000 +6.21777894e+06 +6.24498775e+06  2.72e+04   9.22e+00     1.86e+00   671.039s
1330000 +6.21776905e+06 +6.24496192e+06  2.72e+04   9.21e+00     1.85e+00   671.531s
1331000 +6.21775846e+06 +6.24494337e+06  2.72e+04   9.20e+00     1.85e+00   672.023s
1332000 +6.21774861e+06 +6.24493756e+06  2.72e+04   9.19e+00     1.85e+00   672.514s
1333000 +6.21773796e+06 +6.24491939e+06  2.72e+04   9.17e+00     1.84e+00   673.006s
1334000 +6.21772869e+06 +6.24492433e+06  2.72e+04   9.16e+00     1.84e+00   673.498s
1335000 +6.21771844e+06 +6.24490864e+06  2.72e+04   9.15e+00     1.84e+00   673.990s
1336000 +6.21770354e+06 +6.24490156e+06  2.72e+04   9.15e+00     1.84e+00   674.482s
1337000 +6.21769119e+06 +6.24487994e+06  2.72e+04   9.14e+00     1.83e+00   674.973s
1338000 +6.21767738e+06 +6.24487002e+06  2.72e+04   9.13e+00     1.83e+00   675.465s
1339000 +6.21766270e+06 +6.24485215e+06  2.72e+04   9.13e+00     1.83e+00   675.957s
1340000 +6.21765079e+06 +6.24483758e+06  2.72e+04   9.12e+00     1.83e+00   676.448s
1341000 +6.21763751e+06 +6.24482869e+06  2.72e+04   9.11e+00     1.82e+00   676.940s
1342000 +6.21761942e+06 +6.24480852e+06  2.72e+04   9.11e+00     1.82e+00   677.432s
1343000 +6.21760559e+06 +6.24479945e+06  2.72e+04   9.10e+00     1.82e+00   677.924s
1344000 +6.21758976e+06 +6.24478219e+06  2.72e+04   9.11e+00     1.81e+00   678.415s
1345000 +6.21757493e+06 +6.24477574e+06  2.72e+04   9.10e+00     1.80e+00   678.907s
1346000 +6.21756121e+06 +6.24476165e+06  2.72e+04   9.09e+00     1.80e+00   679.399s
1347000 +6.21754483e+06 +6.24474226e+06  2.72e+04   9.09e+00     1.80e+00   679.891s
1348000 +6.21752997e+06 +6.24472900e+06  2.72e+04   9.09e+00     1.80e+00   680.382s
1349000 +6.21751865e+06 +6.24470182e+06  2.72e+04   9.08e+00     1.80e+00   680.874s
1350000 +6.21750551e+06 +6.24469393e+06  2.72e+04   9.07e+00     1.79e+00   681.366s
1351000 +6.21749213e+06 +6.24469003e+06  2.72e+04   9.06e+00     1.79e+00   681.858s
1352000 +6.21747900e+06 +6.24467651e+06  2.72e+04   9.06e+00     1.78e+00   682.350s
1353000 +6.21746455e+06 +6.24467102e+06  2.72e+04   9.06e+00     1.78e+00   682.841s
1354000 +6.21745273e+06 +6.24464518e+06  2.72e+04   9.05e+00     1.78e+00   683.333s
1355000 +6.21744025e+06 +6.24462411e+06  2.72e+04   9.04e+00     1.78e+00   683.825s
1356000 +6.21742710e+06 +6.24459640e+06  2.72e+04   9.03e+00     1.78e+00   684.317s
1357000 +6.21741542e+06 +6.24459378e+06  2.72e+04   9.02e+00     1.78e+00   684.809s
1358000 +6.21740620e+06 +6.24458290e+06  2.72e+04   9.01e+00     1.77e+00   685.300s
1359000 +6.21739549e+06 +6.24457014e+06  2.72e+04   9.00e+00     1.77e+00   685.792s
1360000 +6.21738356e+06 +6.24456149e+06  2.72e+04   8.99e+00     1.77e+00   686.284s
1361000 +6.21737169e+06 +6.24455443e+06  2.72e+04   8.98e+00     1.76e+00   686.776s
1362000 +6.21735968e+06 +6.24454301e+06  2.72e+04   8.98e+00     1.76e+00   687.268s
1363000 +6.21734506e+06 +6.24452967e+06  2.72e+04   8.97e+00     1.76e+00   687.759s
1364000 +6.21733461e+06 +6.24451307e+06  2.72e+04   8.96e+00     1.75e+00   688.251s
1365000 +6.21732169e+06 +6.24449670e+06  2.72e+04   8.95e+00     1.75e+00   688.743s
1366000 +6.21730999e+06 +6.24447953e+06  2.72e+04   8.95e+00     1.74e+00   689.235s
1367000 +6.21729880e+06 +6.24445028e+06  2.72e+04   8.94e+00     1.74e+00   689.726s
1368000 +6.21728720e+06 +6.24444116e+06  2.72e+04   8.93e+00     1.74e+00   690.218s
1369000 +6.21727243e+06 +6.24443410e+06  2.72e+04   8.92e+00     1.73e+00   690.710s
1370000 +6.21725921e+06 +6.24442389e+06  2.72e+04   8.92e+00     1.73e+00   691.202s
1371000 +6.21724759e+06 +6.24440357e+06  2.72e+04   8.91e+00     1.73e+00   691.694s
1372000 +6.21723605e+06 +6.24438801e+06  2.72e+04   8.91e+00     1.73e+00   692.186s
1373000 +6.21722464e+06 +6.24437427e+06  2.71e+04   8.90e+00     1.73e+00   692.678s
1374000 +6.21721528e+06 +6.24436885e+06  2.72e+04   8.88e+00     1.72e+00   693.169s
1375000 +6.21720697e+06 +6.24433787e+06  2.71e+04   8.87e+00     1.72e+00   693.661s
1376000 +6.21719411e+06 +6.24432069e+06  2.71e+04   8.87e+00     1.72e+00   694.153s
1377000 +6.21718578e+06 +6.24430693e+06  2.71e+04   8.86e+00     1.72e+00   694.646s
1378000 +6.21717657e+06 +6.24428836e+06  2.71e+04   8.84e+00     1.72e+00   695.137s
1379000 +6.21700205e+06 +6.24406897e+06  2.71e+04   8.87e+00     1.64e+00   695.630s
1380000 +6.21676747e+06 +6.24392028e+06  2.72e+04   8.97e+00     1.61e+00   696.121s
1381000 +6.21653440e+06 +6.24376481e+06  2.72e+04   9.05e+00     1.57e+00   696.613s
1382000 +6.21627376e+06 +6.24357674e+06  2.73e+04   9.20e+00     1.53e+00   697.105s
1383000 +6.21600264e+06 +6.24340093e+06  2.74e+04   9.38e+00     1.51e+00   697.596s
1384000 +6.21569941e+06 +6.24323211e+06  2.75e+04   9.59e+00     1.49e+00   698.088s
1385000 +6.21542750e+06 +6.24298173e+06  2.76e+04   9.71e+00     1.47e+00   698.580s
1386000 +6.21513080e+06 +6.24273988e+06  2.76e+04   9.96e+00     1.45e+00   699.072s
1387000 +6.21483852e+06 +6.24253008e+06  2.77e+04   1.02e+01     1.42e+00   699.564s
1388000 +6.21453333e+06 +6.24233218e+06  2.78e+04   1.04e+01     1.39e+00   700.055s
1389000 +6.21420889e+06 +6.24214726e+06  2.79e+04   1.07e+01     1.38e+00   700.547s
1390000 +6.21392249e+06 +6.24193860e+06  2.80e+04   1.09e+01     1.36e+00   701.039s
1391000 +6.21371128e+06 +6.24178271e+06  2.81e+04   1.10e+01     1.33e+00   701.531s
1392000 +6.21349659e+06 +6.24158407e+06  2.81e+04   1.11e+01     1.32e+00   702.023s
1393000 +6.21325471e+06 +6.24137448e+06  2.81e+04   1.13e+01     1.30e+00   702.515s
1394000 +6.21297177e+06 +6.24122192e+06  2.83e+04   1.15e+01     1.29e+00   703.007s
1395000 +6.21271468e+06 +6.24104182e+06  2.83e+04   1.16e+01     1.28e+00   703.498s
1396000 +6.21246204e+06 +6.24091807e+06  2.85e+04   1.18e+01     1.27e+00   703.990s
1397000 +6.21224514e+06 +6.24078629e+06  2.85e+04   1.19e+01     1.26e+00   704.482s
1398000 +6.21200381e+06 +6.24062260e+06  2.86e+04   1.21e+01     1.26e+00   704.974s
1399000 +6.21179614e+06 +6.24046675e+06  2.87e+04   1.22e+01     1.24e+00   705.466s
1400000 +6.21159031e+06 +6.24033411e+06  2.87e+04   1.23e+01     1.23e+00   705.959s
1401000 +6.21139621e+06 +6.24019588e+06  2.88e+04   1.25e+01     1.22e+00   706.451s
1402000 +6.21125083e+06 +6.24003451e+06  2.88e+04   1.25e+01     1.21e+00   706.943s
1403000 +6.21104730e+06 +6.23990949e+06  2.89e+04   1.26e+01     1.20e+00   707.435s
1404000 +6.21088205e+06 +6.23975096e+06  2.89e+04   1.27e+01     1.19e+00   707.927s
1405000 +6.21071712e+06 +6.23961203e+06  2.89e+04   1.27e+01     1.18e+00   708.419s
1406000 +6.21055316e+06 +6.23946008e+06  2.89e+04   1.28e+01     1.17e+00   708.911s
1407000 +6.21040610e+06 +6.23930200e+06  2.89e+04   1.29e+01     1.16e+00   709.403s
1408000 +6.21023169e+06 +6.23917763e+06  2.89e+04   1.29e+01     1.15e+00   709.895s
1409000 +6.21007627e+06 +6.23907830e+06  2.90e+04   1.29e+01     1.15e+00   710.387s
1410000 +6.20990915e+06 +6.23896347e+06  2.91e+04   1.30e+01     1.14e+00   710.879s
1411000 +6.20979755e+06 +6.23882708e+06  2.90e+04   1.30e+01     1.13e+00   711.371s
1412000 +6.20965272e+06 +6.23872272e+06  2.91e+04   1.31e+01     1.12e+00   711.863s
1413000 +6.20952889e+06 +6.23859495e+06  2.91e+04   1.31e+01     1.12e+00   712.355s
1414000 +6.20942769e+06 +6.23847111e+06  2.90e+04   1.31e+01     1.11e+00   712.847s
1415000 +6.20933574e+06 +6.23832114e+06  2.90e+04   1.31e+01     1.10e+00   713.338s
1416000 +6.20926392e+06 +6.23822137e+06  2.90e+04   1.30e+01     1.09e+00   713.830s
1417000 +6.20915865e+06 +6.23810787e+06  2.89e+04   1.30e+01     1.09e+00   714.323s
1418000 +6.20903836e+06 +6.23796650e+06  2.89e+04   1.31e+01     1.08e+00   714.815s
1419000 +6.20895719e+06 +6.23784963e+06  2.89e+04   1.30e+01     1.08e+00   715.307s
1420000 +6.20884651e+06 +6.23769294e+06  2.88e+04   1.30e+01     1.07e+00   715.799s
1421000 +6.20874077e+06 +6.23758670e+06  2.88e+04   1.30e+01     1.06e+00   716.291s
1422000 +6.20862545e+06 +6.23746887e+06  2.88e+04   1.31e+01     1.06e+00   716.783s
1423000 +6.20849552e+06 +6.23736711e+06  2.89e+04   1.31e+01     1.06e+00   717.274s
1424000 +6.20839239e+06 +6.23724259e+06  2.89e+04   1.30e+01     1.05e+00   717.766s
1425000 +6.20825505e+06 +6.23710712e+06  2.89e+04   1.31e+01     1.04e+00   718.258s
1426000 +6.20810789e+06 +6.23697298e+06  2.89e+04   1.32e+01     1.04e+00   718.750s
1427000 +6.20800542e+06 +6.23688991e+06  2.89e+04   1.32e+01     1.03e+00   719.242s
1428000 +6.20790754e+06 +6.23675593e+06  2.88e+04   1.32e+01     1.03e+00   719.734s
1429000 +6.20779506e+06 +6.23664908e+06  2.89e+04   1.32e+01     1.02e+00   720.226s
1430000 +6.20768633e+06 +6.23654901e+06  2.89e+04   1.32e+01     1.02e+00   720.718s
1431000 +6.20758456e+06 +6.23645530e+06  2.89e+04   1.32e+01     1.01e+00   721.210s
1432000 +6.20748383e+06 +6.23634432e+06  2.89e+04   1.31e+01     1.01e+00   721.702s
1433000 +6.20741895e+06 +6.23624283e+06  2.88e+04   1.31e+01     1.00e+00   722.193s
1434000 +6.20732701e+06 +6.23617387e+06  2.88e+04   1.31e+01     9.99e-01   722.685s
1435000 +6.20725262e+06 +6.23608003e+06  2.88e+04   1.30e+01     9.96e-01   723.177s
1436000 +6.20721042e+06 +6.23598813e+06  2.88e+04   1.29e+01     9.92e-01   723.669s
1437000 +6.20714080e+06 +6.23588595e+06  2.87e+04   1.28e+01     9.86e-01   724.161s
1438000 +6.20708654e+06 +6.23581115e+06  2.87e+04   1.28e+01     9.83e-01   724.654s
1439000 +6.20702759e+06 +6.23572326e+06  2.87e+04   1.27e+01     9.77e-01   725.146s
1440000 +6.20693887e+06 +6.23562354e+06  2.87e+04   1.27e+01     9.74e-01   725.638s
1441000 +6.20685156e+06 +6.23554078e+06  2.87e+04   1.26e+01     9.70e-01   726.130s
1442000 +6.20674701e+06 +6.23545685e+06  2.87e+04   1.26e+01     9.69e-01   726.622s
1443000 +6.20664506e+06 +6.23537062e+06  2.87e+04   1.26e+01     9.66e-01   727.113s
1444000 +6.20653121e+06 +6.23528357e+06  2.88e+04   1.26e+01     9.62e-01   727.605s
1445000 +6.20645003e+06 +6.23517132e+06  2.87e+04   1.26e+01     9.56e-01   728.097s
1446000 +6.20634588e+06 +6.23507046e+06  2.87e+04   1.26e+01     9.50e-01   728.589s
1447000 +6.20626510e+06 +6.23499232e+06  2.87e+04   1.26e+01     9.49e-01   729.081s
1448000 +6.20618446e+06 +6.23492518e+06  2.87e+04   1.26e+01     9.44e-01   729.573s
1449000 +6.20611217e+06 +6.23484090e+06  2.87e+04   1.25e+01     9.38e-01   730.065s
1450000 +6.20604564e+06 +6.23473850e+06  2.87e+04   1.25e+01     9.33e-01   730.557s
1451000 +6.20594484e+06 +6.23464626e+06  2.87e+04   1.25e+01     9.31e-01   731.050s
1452000 +6.20590220e+06 +6.23455953e+06  2.87e+04   1.23e+01     9.29e-01   731.541s
1453000 +6.20587629e+06 +6.23448729e+06  2.86e+04   1.22e+01     9.25e-01   732.033s
1454000 +6.20579898e+06 +6.23439628e+06  2.86e+04   1.21e+01     9.21e-01   732.525s
1455000 +6.20576180e+06 +6.23428865e+06  2.85e+04   1.21e+01     9.19e-01   733.017s
1456000 +6.20569394e+06 +6.23420182e+06  2.85e+04   1.20e+01     9.16e-01   733.510s
1457000 +6.20561573e+06 +6.23411824e+06  2.85e+04   1.20e+01     9.16e-01   734.002s
1458000 +6.20557948e+06 +6.23404419e+06  2.85e+04   1.19e+01     9.11e-01   734.493s
1459000 +6.20552464e+06 +6.23398889e+06  2.85e+04   1.18e+01     9.07e-01   734.986s
1460000 +6.20546067e+06 +6.23391008e+06  2.84e+04   1.17e+01     9.06e-01   735.478s
1461000 +6.20542948e+06 +6.23382064e+06  2.84e+04   1.16e+01     9.03e-01   735.970s
1462000 +6.20537545e+06 +6.23372866e+06  2.84e+04   1.16e+01     9.00e-01   736.462s
1463000 +6.20531051e+06 +6.23367559e+06  2.84e+04   1.15e+01     9.00e-01   736.954s
1464000 +6.20523859e+06 +6.23363168e+06  2.84e+04   1.15e+01     8.98e-01   737.447s
1465000 +6.20515956e+06 +6.23360095e+06  2.84e+04   1.15e+01     8.96e-01   737.939s
1466000 +6.20508410e+06 +6.23354921e+06  2.85e+04   1.15e+01     8.95e-01   738.431s
1467000 +6.20505160e+06 +6.23348406e+06  2.84e+04   1.14e+01     8.93e-01   738.923s
1468000 +6.20499918e+06 +6.23339623e+06  2.84e+04   1.14e+01     8.91e-01   739.415s
1469000 +6.20495254e+06 +6.23333812e+06  2.84e+04   1.13e+01     8.89e-01   739.907s
1470000 +6.20488785e+06 +6.23327467e+06  2.84e+04   1.12e+01     8.88e-01   740.399s
1471000 +6.20483205e+06 +6.23323256e+06  2.84e+04   1.12e+01     8.86e-01   740.891s
1472000 +6.20475920e+06 +6.23316367e+06  2.84e+04   1.12e+01     8.85e-01   741.383s
1473000 +6.20469270e+06 +6.23309054e+06  2.84e+04   1.12e+01     8.84e-01   741.875s
1474000 +6.20464918e+06 +6.23301309e+06  2.84e+04   1.11e+01     8.80e-01   742.367s
1475000 +6.20458180e+06 +6.23294722e+06  2.84e+04   1.11e+01     8.79e-01   742.859s
1476000 +6.20450784e+06 +6.23286979e+06  2.84e+04   1.11e+01     8.77e-01   743.351s
1477000 +6.20445622e+06 +6.23279708e+06  2.83e+04   1.10e+01     8.75e-01   743.843s
1478000 +6.20437897e+06 +6.23274646e+06  2.84e+04   1.10e+01     8.74e-01   744.335s
1479000 +6.20435076e+06 +6.23268356e+06  2.83e+04   1.10e+01     8.72e-01   744.828s
1480000 +6.20431028e+06 +6.23260012e+06  2.83e+04   1.09e+01     8.70e-01   745.320s
1481000 +6.20423377e+06 +6.23252435e+06  2.83e+04   1.09e+01     8.68e-01   745.812s
1482000 +6.20420139e+06 +6.23243672e+06  2.82e+04   1.09e+01     8.66e-01   746.304s
1483000 +6.20416524e+06 +6.23236059e+06  2.82e+04   1.08e+01     8.65e-01   746.796s
1484000 +6.20410918e+06 +6.23230567e+06  2.82e+04   1.08e+01     8.65e-01   747.288s
1485000 +6.20406525e+06 +6.23224992e+06  2.82e+04   1.07e+01     8.63e-01   747.780s
1486000 +6.20400601e+06 +6.23219558e+06  2.82e+04   1.07e+01     8.61e-01   748.272s
1487000 +6.20396610e+06 +6.23213728e+06  2.82e+04   1.06e+01     8.58e-01   748.765s
1488000 +6.20391616e+06 +6.23204798e+06  2.81e+04   1.06e+01     8.58e-01   749.256s
1489000 +6.20386083e+06 +6.23198978e+06  2.81e+04   1.06e+01     8.56e-01   749.748s
1490000 +6.20383147e+06 +6.23191381e+06  2.81e+04   1.06e+01     8.54e-01   750.240s
1491000 +6.20379996e+06 +6.23184353e+06  2.80e+04   1.05e+01     8.52e-01   750.732s
1492000 +6.20378144e+06 +6.23177283e+06  2.80e+04   1.04e+01     8.49e-01   751.224s
1493000 +6.20373689e+06 +6.23171379e+06  2.80e+04   1.04e+01     8.48e-01   751.716s
1494000 +6.20368121e+06 +6.23163813e+06  2.80e+04   1.04e+01     8.43e-01   752.208s
1495000 +6.20363435e+06 +6.23155768e+06  2.79e+04   1.04e+01     8.43e-01   752.700s
1496000 +6.20357234e+06 +6.23149305e+06  2.79e+04   1.03e+01     8.42e-01   753.193s
1497000 +6.20350238e+06 +6.23141067e+06  2.79e+04   1.04e+01     8.41e-01   753.685s
1498000 +6.20343201e+06 +6.23133575e+06  2.79e+04   1.04e+01     8.40e-01   754.177s
1499000 +6.20338037e+06 +6.23124368e+06  2.79e+04   1.03e+01     8.38e-01   754.669s
1500000 +6.20333623e+06 +6.23117682e+06  2.78e+04   1.03e+01     8.35e-01   755.161s
1501000 +6.20326187e+06 +6.23109735e+06  2.78e+04   1.03e+01     8.33e-01   755.653s
1502000 +6.20319694e+06 +6.23105814e+06  2.79e+04   1.03e+01     8.30e-01   756.146s
1503000 +6.20313094e+06 +6.23100591e+06  2.79e+04   1.03e+01     8.29e-01   756.637s
1504000 +6.20307948e+06 +6.23096879e+06  2.79e+04   1.03e+01     8.24e-01   757.130s
1505000 +6.20300397e+06 +6.23092842e+06  2.79e+04   1.03e+01     8.23e-01   757.622s
1506000 +6.20294359e+06 +6.23085449e+06  2.79e+04   1.03e+01     8.19e-01   758.113s
1507000 +6.20287434e+06 +6.23080551e+06  2.79e+04   1.03e+01     8.20e-01   758.606s
1508000 +6.20279031e+06 +6.23074779e+06  2.80e+04   1.04e+01     8.17e-01   759.098s
1509000 +6.20272834e+06 +6.23067374e+06  2.79e+04   1.04e+01     8.15e-01   759.590s
1510000 +6.20267149e+06 +6.23061275e+06  2.79e+04   1.04e+01     8.15e-01   760.082s
1511000 +6.20259918e+06 +6.23054559e+06  2.79e+04   1.04e+01     8.14e-01   760.574s
1512000 +6.20255518e+06 +6.23048702e+06  2.79e+04   1.03e+01     8.14e-01   761.067s
1513000 +6.20250427e+06 +6.23043201e+06  2.79e+04   1.03e+01     8.12e-01   761.559s
1514000 +6.20242179e+06 +6.23037740e+06  2.80e+04   1.04e+01     8.12e-01   762.051s
1515000 +6.20233608e+06 +6.23033135e+06  2.80e+04   1.04e+01     8.09e-01   762.543s
1516000 +6.20225718e+06 +6.23029140e+06  2.80e+04   1.04e+01     8.09e-01   763.035s
1517000 +6.20218163e+06 +6.23025236e+06  2.81e+04   1.05e+01     8.08e-01   763.527s
1518000 +6.20211910e+06 +6.23021013e+06  2.81e+04   1.05e+01     8.06e-01   764.019s
1519000 +6.20205121e+06 +6.23015020e+06  2.81e+04   1.05e+01     8.06e-01   764.512s
1520000 +6.20196625e+06 +6.23009802e+06  2.81e+04   1.05e+01     8.04e-01   765.004s
1521000 +6.20189024e+06 +6.23005685e+06  2.82e+04   1.05e+01     8.04e-01   765.496s
1522000 +6.20182244e+06 +6.23000462e+06  2.82e+04   1.06e+01     8.01e-01   765.988s
1523000 +6.20176070e+06 +6.22994408e+06  2.82e+04   1.06e+01     8.00e-01   766.480s
1524000 +6.20168934e+06 +6.22989496e+06  2.82e+04   1.06e+01     7.98e-01   766.972s
1525000 +6.20162368e+06 +6.22982797e+06  2.82e+04   1.06e+01     7.96e-01   767.465s
1526000 +6.20156022e+06 +6.22978857e+06  2.82e+04   1.06e+01     7.95e-01   767.956s
1527000 +6.20151036e+06 +6.22973519e+06  2.82e+04   1.06e+01     7.95e-01   768.449s
1528000 +6.20144607e+06 +6.22969009e+06  2.82e+04   1.06e+01     7.94e-01   768.941s
1529000 +6.20138791e+06 +6.22965181e+06  2.83e+04   1.07e+01     7.94e-01   769.433s
1530000 +6.20133925e+06 +6.22959810e+06  2.83e+04   1.07e+01     7.91e-01   769.925s
1531000 +6.20129661e+06 +6.22956950e+06  2.83e+04   1.06e+01     7.92e-01   770.417s
1532000 +6.20125717e+06 +6.22951859e+06  2.83e+04   1.06e+01     7.91e-01   770.909s
1533000 +6.20121081e+06 +6.22947083e+06  2.83e+04   1.06e+01     7.88e-01   771.401s
1534000 +6.20117091e+06 +6.22943216e+06  2.83e+04   1.06e+01     7.86e-01   771.893s
1535000 +6.20113120e+06 +6.22937585e+06  2.82e+04   1.05e+01     7.85e-01   772.386s
1536000 +6.20110399e+06 +6.22932389e+06  2.82e+04   1.05e+01     7.84e-01   772.877s
1537000 +6.20105982e+06 +6.22928095e+06  2.82e+04   1.05e+01     7.84e-01   773.370s
1538000 +6.20101991e+06 +6.22922746e+06  2.82e+04   1.05e+01     7.84e-01   773.862s
1539000 +6.20097509e+06 +6.22917422e+06  2.82e+04   1.05e+01     7.81e-01   774.354s
1540000 +6.20093937e+06 +6.22912303e+06  2.82e+04   1.05e+01     7.80e-01   774.847s
1541000 +6.20090245e+06 +6.22906106e+06  2.82e+04   1.04e+01     7.78e-01   775.338s
1542000 +6.20086671e+06 +6.22901916e+06  2.82e+04   1.04e+01     7.77e-01   775.830s
1543000 +6.20082206e+06 +6.22896507e+06  2.81e+04   1.04e+01     7.77e-01   776.322s
1544000 +6.20078864e+06 +6.22890779e+06  2.81e+04   1.04e+01     7.74e-01   776.814s
1545000 +6.20075294e+06 +6.22884765e+06  2.81e+04   1.03e+01     7.71e-01   777.306s
1546000 +6.20072273e+06 +6.22880151e+06  2.81e+04   1.03e+01     7.71e-01   777.798s
1547000 +6.20069974e+06 +6.22873568e+06  2.80e+04   1.03e+01     7.69e-01   778.290s
1548000 +6.20064996e+06 +6.22869242e+06  2.80e+04   1.03e+01     7.67e-01   778.782s
1549000 +6.20062814e+06 +6.22865259e+06  2.80e+04   1.03e+01     7.66e-01   779.274s
1550000 +6.20059071e+06 +6.22861961e+06  2.80e+04   1.03e+01     7.65e-01   779.767s
1551000 +6.20054282e+06 +6.22855625e+06  2.80e+04   1.02e+01     7.65e-01   780.259s
1552000 +6.20053928e+06 +6.22850693e+06  2.80e+04   1.02e+01     7.63e-01   780.750s
1553000 +6.20052478e+06 +6.22845118e+06  2.79e+04   1.01e+01     7.60e-01   781.243s
1554000 +6.20052423e+06 +6.22839365e+06  2.79e+04   1.01e+01     7.59e-01   781.734s
1555000 +6.20051561e+06 +6.22833875e+06  2.78e+04   1.00e+01     7.58e-01   782.227s
1556000 +6.20047438e+06 +6.22827363e+06  2.78e+04   1.00e+01     7.56e-01   782.719s
1557000 +6.20044419e+06 +6.22821709e+06  2.78e+04   9.97e+00     7.54e-01   783.211s
1558000 +6.20041753e+06 +6.22815861e+06  2.77e+04   9.93e+00     7.53e-01   783.702s
1559000 +6.20038797e+06 +6.22809685e+06  2.77e+04   9.89e+00     7.51e-01   784.194s
1560000 +6.20033360e+06 +6.22803449e+06  2.77e+04   9.89e+00     7.48e-01   784.687s
1561000 +6.20029393e+06 +6.22798550e+06  2.77e+04   9.87e+00     7.47e-01   785.178s
1562000 +6.20025721e+06 +6.22793212e+06  2.77e+04   9.84e+00     7.47e-01   785.670s
1563000 +6.20022874e+06 +6.22788233e+06  2.77e+04   9.79e+00     7.46e-01   786.162s
1564000 +6.20020208e+06 +6.22784965e+06  2.76e+04   9.78e+00     7.46e-01   786.654s
1565000 +6.20017035e+06 +6.22781808e+06  2.76e+04   9.75e+00     7.45e-01   787.146s
1566000 +6.20014286e+06 +6.22778455e+06  2.76e+04   9.69e+00     7.45e-01   787.638s
1567000 +6.20011589e+06 +6.22774162e+06  2.76e+04   9.66e+00     7.42e-01   788.130s
1568000 +6.20009224e+06 +6.22768921e+06  2.76e+04   9.64e+00     7.42e-01   788.623s
1569000 +6.20007630e+06 +6.22764471e+06  2.76e+04   9.56e+00     7.39e-01   789.115s
1570000 +6.20004184e+06 +6.22759487e+06  2.76e+04   9.53e+00     7.39e-01   789.607s
1571000 +6.20000816e+06 +6.22754734e+06  2.75e+04   9.53e+00     7.38e-01   790.098s
1572000 +6.19998945e+06 +6.22750504e+06  2.75e+04   9.47e+00     7.36e-01   790.590s
1573000 +6.19996168e+06 +6.22743776e+06  2.75e+04   9.41e+00     7.37e-01   791.083s
1574000 +6.19992980e+06 +6.22737468e+06  2.74e+04   9.40e+00     7.35e-01   791.575s
1575000 +6.19989829e+06 +6.22732204e+06  2.74e+04   9.38e+00     7.34e-01   792.067s
1576000 +6.19986930e+06 +6.22728796e+06  2.74e+04   9.33e+00     7.33e-01   792.559s
1577000 +6.19983856e+06 +6.22724855e+06  2.74e+04   9.30e+00     7.34e-01   793.051s
1578000 +6.19981254e+06 +6.22721152e+06  2.74e+04   9.27e+00     7.31e-01   793.544s
1579000 +6.19977338e+06 +6.22719479e+06  2.74e+04   9.25e+00     7.31e-01   794.035s
1580000 +6.19974807e+06 +6.22715258e+06  2.74e+04   9.21e+00     7.30e-01   794.528s
1581000 +6.19973900e+06 +6.22710183e+06  2.74e+04   9.16e+00     7.30e-01   795.020s
1582000 +6.19971088e+06 +6.22706586e+06  2.74e+04   9.14e+00     7.29e-01   795.512s
1583000 +6.19967348e+06 +6.22701029e+06  2.73e+04   9.11e+00     7.29e-01   796.004s
1584000 +6.19964225e+06 +6.22696978e+06  2.73e+04   9.08e+00     7.27e-01   796.496s
1585000 +6.19962567e+06 +6.22692161e+06  2.73e+04   9.05e+00     7.27e-01   796.989s
1586000 +6.19959313e+06 +6.22685919e+06  2.73e+04   9.03e+00     7.25e-01   797.481s
1587000 +6.19957601e+06 +6.22681485e+06  2.72e+04   8.97e+00     7.25e-01   797.973s
1588000 +6.19954781e+06 +6.22675437e+06  2.72e+04   8.92e+00     7.23e-01   798.465s
1589000 +6.19952249e+06 +6.22671495e+06  2.72e+04   8.92e+00     7.23e-01   798.957s
1590000 +6.19950010e+06 +6.22668440e+06  2.72e+04   8.88e+00     7.21e-01   799.449s
1591000 +6.19947785e+06 +6.22664809e+06  2.72e+04   8.83e+00     7.21e-01   799.941s
1592000 +6.19946426e+06 +6.22660020e+06  2.71e+04   8.79e+00     7.19e-01   800.433s
1593000 +6.19944861e+06 +6.22655772e+06  2.71e+04   8.78e+00     7.17e-01   800.925s
1594000 +6.19943139e+06 +6.22652223e+06  2.71e+04   8.72e+00     7.17e-01   801.417s
1595000 +6.19942704e+06 +6.22647171e+06  2.70e+04   8.63e+00     7.15e-01   801.909s
1596000 +6.19941806e+06 +6.22642271e+06  2.70e+04   8.58e+00     7.16e-01   802.402s
1597000 +6.19940011e+06 +6.22638331e+06  2.70e+04   8.57e+00     7.15e-01   802.893s
1598000 +6.19938058e+06 +6.22633494e+06  2.70e+04   8.52e+00     7.15e-01   803.386s
1599000 +6.19936340e+06 +6.22628466e+06  2.69e+04   8.45e+00     7.13e-01   803.878s
1600000 +6.19936437e+06 +6.22623330e+06  2.69e+04   8.42e+00     7.12e-01   804.369s
1601000 +6.19935148e+06 +6.22618048e+06  2.68e+04   8.38e+00     7.12e-01   804.861s
1602000 +6.19932569e+06 +6.22613042e+06  2.68e+04   8.33e+00     7.10e-01   805.353s
1603000 +6.19929796e+06 +6.22608544e+06  2.68e+04   8.30e+00     7.11e-01   805.846s
1604000 +6.19927845e+06 +6.22603268e+06  2.68e+04   8.28e+00     7.10e-01   806.338s
1605000 +6.19925807e+06 +6.22597533e+06  2.67e+04   8.25e+00     7.09e-01   806.830s
1606000 +6.19922340e+06 +6.22591450e+06  2.67e+04   8.26e+00     7.07e-01   807.323s
1607000 +6.19919622e+06 +6.22585457e+06  2.67e+04   8.24e+00     7.07e-01   807.815s
1608000 +6.19917098e+06 +6.22580034e+06  2.66e+04   8.22e+00     7.05e-01   808.307s
1609000 +6.19914466e+06 +6.22575552e+06  2.66e+04   8.17e+00     7.05e-01   808.800s
1610000 +6.19911640e+06 +6.22571923e+06  2.66e+04   8.15e+00     7.03e-01   809.292s
1611000 +6.19907675e+06 +6.22567657e+06  2.66e+04   8.18e+00     7.01e-01   809.785s
1612000 +6.19904618e+06 +6.22563499e+06  2.66e+04   8.17e+00     6.99e-01   810.277s
1613000 +6.19902434e+06 +6.22558007e+06  2.66e+04   8.12e+00     6.98e-01   810.769s
1614000 +6.19899026e+06 +6.22553407e+06  2.65e+04   8.12e+00     6.98e-01   811.261s
1615000 +6.19896774e+06 +6.22548142e+06  2.65e+04   8.11e+00     6.97e-01   811.752s
1616000 +6.19894352e+06 +6.22543457e+06  2.65e+04   8.10e+00     6.96e-01   812.244s
1617000 +6.19892107e+06 +6.22539239e+06  2.65e+04   8.05e+00     6.95e-01   812.736s
1618000 +6.19889215e+06 +6.22535610e+06  2.65e+04   8.03e+00     6.95e-01   813.228s
1619000 +6.19886233e+06 +6.22531289e+06  2.65e+04   8.03e+00     6.94e-01   813.720s
1620000 +6.19883868e+06 +6.22526966e+06  2.64e+04   8.01e+00     6.93e-01   814.212s
1621000 +6.19881765e+06 +6.22524016e+06  2.64e+04   7.98e+00     6.92e-01   814.704s
1622000 +6.19878878e+06 +6.22520738e+06  2.64e+04   7.97e+00     6.93e-01   815.196s
1623000 +6.19877532e+06 +6.22518309e+06  2.64e+04   7.95e+00     6.92e-01   815.688s
1624000 +6.19876005e+06 +6.22514535e+06  2.64e+04   7.87e+00     6.90e-01   816.180s
1625000 +6.19873371e+06 +6.22511246e+06  2.64e+04   7.84e+00     6.91e-01   816.672s
1626000 +6.19871727e+06 +6.22506166e+06  2.63e+04   7.83e+00     6.89e-01   817.165s
1627000 +6.19869049e+06 +6.22503748e+06  2.63e+04   7.81e+00     6.89e-01   817.657s
1628000 +6.19867998e+06 +6.22501172e+06  2.63e+04   7.75e+00     6.87e-01   818.149s
1629000 +6.19865036e+06 +6.22497770e+06  2.63e+04   7.75e+00     6.85e-01   818.641s
1630000 +6.19862661e+06 +6.22494881e+06  2.63e+04   7.75e+00     6.85e-01   819.133s
1631000 +6.19861862e+06 +6.22491542e+06  2.63e+04   7.69e+00     6.84e-01   819.626s
1632000 +6.19860394e+06 +6.22486414e+06  2.63e+04   7.64e+00     6.84e-01   820.118s
1633000 +6.19858641e+06 +6.22482336e+06  2.62e+04   7.62e+00     6.85e-01   820.610s
1634000 +6.19856524e+06 +6.22478752e+06  2.62e+04   7.59e+00     6.84e-01   821.102s
1635000 +6.19855616e+06 +6.22475996e+06  2.62e+04   7.53e+00     6.82e-01   821.594s
1636000 +6.19853238e+06 +6.22471908e+06  2.62e+04   7.52e+00     6.83e-01   822.086s
1637000 +6.19851075e+06 +6.22468095e+06  2.62e+04   7.50e+00     6.81e-01   822.578s
1638000 +6.19849211e+06 +6.22464864e+06  2.62e+04   7.47e+00     6.79e-01   823.070s
1639000 +6.19847453e+06 +6.22462437e+06  2.61e+04   7.43e+00     6.80e-01   823.563s
1640000 +6.19846521e+06 +6.22459212e+06  2.61e+04   7.39e+00     6.77e-01   824.055s
1641000 +6.19845196e+06 +6.22456740e+06  2.61e+04   7.37e+00     6.75e-01   824.547s
1642000 +6.19845060e+06 +6.22453854e+06  2.61e+04   7.30e+00     6.75e-01   825.039s
1643000 +6.19844696e+06 +6.22452232e+06  2.61e+04   7.25e+00     6.74e-01   825.531s
1644000 +6.19843098e+06 +6.22448759e+06  2.61e+04   7.24e+00     6.74e-01   826.023s
1645000 +6.19841556e+06 +6.22444279e+06  2.60e+04   7.20e+00     6.74e-01   826.515s
1646000 +6.19840622e+06 +6.22438566e+06  2.60e+04   7.16e+00     6.71e-01   827.007s
1647000 +6.19838575e+06 +6.22434993e+06  2.60e+04   7.14e+00     6.71e-01   827.499s
1648000 +6.19835959e+06 +6.22431021e+06  2.60e+04   7.14e+00     6.71e-01   827.992s
1649000 +6.19833031e+06 +6.22426548e+06  2.59e+04   7.12e+00     6.68e-01   828.484s
1650000 +6.19830753e+06 +6.22423232e+06  2.59e+04   7.09e+00     6.67e-01   828.976s
1651000 +6.19829084e+06 +6.22421141e+06  2.59e+04   7.08e+00     6.67e-01   829.469s
1652000 +6.19826007e+06 +6.22417551e+06  2.59e+04   7.10e+00     6.67e-01   829.961s
1653000 +6.19824774e+06 +6.22414161e+06  2.59e+04   7.06e+00     6.67e-01   830.453s
1654000 +6.19823568e+06 +6.22411333e+06  2.59e+04   7.02e+00     6.63e-01   830.946s
1655000 +6.19821992e+06 +6.22407332e+06  2.59e+04   7.00e+00     6.63e-01   831.438s
1656000 +6.19819593e+06 +6.22405173e+06  2.59e+04   6.99e+00     6.63e-01   831.930s
1657000 +6.19816395e+06 +6.22401683e+06  2.59e+04   7.00e+00     6.61e-01   832.422s
1658000 +6.19812921e+06 +6.22398120e+06  2.59e+04   7.00e+00     6.61e-01   832.915s
1659000 +6.19810358e+06 +6.22393313e+06  2.58e+04   6.98e+00     6.59e-01   833.407s
1660000 +6.19806885e+06 +6.22389957e+06  2.58e+04   6.98e+00     6.59e-01   833.899s
1661000 +6.19804245e+06 +6.22386585e+06  2.58e+04   6.98e+00     6.60e-01   834.392s
1662000 +6.19799774e+06 +6.22382726e+06  2.58e+04   7.01e+00     6.58e-01   834.884s
1663000 +6.19795791e+06 +6.22379250e+06  2.58e+04   7.01e+00     6.57e-01   835.376s
1664000 +6.19792927e+06 +6.22375912e+06  2.58e+04   7.00e+00     6.56e-01   835.868s
1665000 +6.19790046e+06 +6.22372108e+06  2.58e+04   7.01e+00     6.56e-01   836.360s
1666000 +6.19787057e+06 +6.22368429e+06  2.58e+04   7.02e+00     6.55e-01   836.852s
1667000 +6.19783436e+06 +6.22365212e+06  2.58e+04   7.02e+00     6.55e-01   837.345s
1668000 +6.19779025e+06 +6.22361109e+06  2.58e+04   7.03e+00     6.54e-01   837.836s
1669000 +6.19775743e+06 +6.22356580e+06  2.58e+04   7.04e+00     6.52e-01   838.329s
1670000 +6.19771996e+06 +6.22350611e+06  2.58e+04   7.03e+00     6.52e-01   838.821s
1671000 +6.19768357e+06 +6.22347193e+06  2.58e+04   7.03e+00     6.51e-01   839.313s
1672000 +6.19765371e+06 +6.22343161e+06  2.58e+04   7.04e+00     6.49e-01   839.805s
1673000 +6.19759695e+06 +6.22339200e+06  2.58e+04   7.06e+00     6.47e-01   840.297s
1674000 +6.19756132e+06 +6.22335473e+06  2.58e+04   7.06e+00     6.44e-01   840.789s
1675000 +6.19753258e+06 +6.22332929e+06  2.58e+04   7.04e+00     6.43e-01   841.281s
1676000 +6.19748738e+06 +6.22330357e+06  2.58e+04   7.07e+00     6.43e-01   841.773s
1677000 +6.19743697e+06 +6.22327711e+06  2.58e+04   7.11e+00     6.42e-01   842.265s
1678000 +6.19740118e+06 +6.22324259e+06  2.58e+04   7.10e+00     6.42e-01   842.757s
1679000 +6.19737093e+06 +6.22321735e+06  2.58e+04   7.09e+00     6.41e-01   843.249s
1680000 +6.19732384e+06 +6.22317049e+06  2.58e+04   7.14e+00     6.40e-01   843.742s
1681000 +6.19729256e+06 +6.22313488e+06  2.58e+04   7.14e+00     6.40e-01   844.234s
1682000 +6.19726202e+06 +6.22309468e+06  2.58e+04   7.13e+00     6.39e-01   844.726s
1683000 +6.19724225e+06 +6.22305788e+06  2.58e+04   7.10e+00     6.38e-01   845.218s
1684000 +6.19722232e+06 +6.22302342e+06  2.58e+04   7.10e+00     6.37e-01   845.711s
1685000 +6.19718635e+06 +6.22299015e+06  2.58e+04   7.10e+00     6.38e-01   846.203s
1686000 +6.19716567e+06 +6.22296333e+06  2.58e+04   7.08e+00     6.38e-01   846.695s
1687000 +6.19713013e+06 +6.22294143e+06  2.58e+04   7.08e+00     6.37e-01   847.188s
1688000 +6.19709500e+06 +6.22290550e+06  2.58e+04   7.10e+00     6.36e-01   847.680s
1689000 +6.19705527e+06 +6.22288582e+06  2.58e+04   7.12e+00     6.35e-01   848.172s
1690000 +6.19702584e+06 +6.22286003e+06  2.58e+04   7.10e+00     6.35e-01   848.665s
1691000 +6.19699646e+06 +6.22281504e+06  2.58e+04   7.09e+00     6.34e-01   849.157s
1692000 +6.19696134e+06 +6.22277952e+06  2.58e+04   7.13e+00     6.33e-01   849.649s
1693000 +6.19693481e+06 +6.22274176e+06  2.58e+04   7.13e+00     6.32e-01   850.141s
1694000 +6.19692720e+06 +6.22269985e+06  2.58e+04   7.08e+00     6.30e-01   850.633s
1695000 +6.19690660e+06 +6.22266370e+06  2.58e+04   7.07e+00     6.29e-01   851.125s
1696000 +6.19686951e+06 +6.22261767e+06  2.57e+04   7.09e+00     6.28e-01   851.617s
1697000 +6.19684253e+06 +6.22258766e+06  2.57e+04   7.08e+00     6.27e-01   852.110s
1698000 +6.19682370e+06 +6.22255524e+06  2.57e+04   7.06e+00     6.27e-01   852.602s
1699000 +6.19679754e+06 +6.22253380e+06  2.57e+04   7.04e+00     6.27e-01   853.094s
1700000 +6.19678165e+06 +6.22250361e+06  2.57e+04   7.03e+00     6.27e-01   853.586s
1701000 +6.19675380e+06 +6.22246099e+06  2.57e+04   7.02e+00     6.25e-01   854.079s
1702000 +6.19673474e+06 +6.22242594e+06  2.57e+04   7.00e+00     6.25e-01   854.571s
1703000 +6.19670427e+06 +6.22238597e+06  2.57e+04   6.98e+00     6.25e-01   855.063s
1704000 +6.19666910e+06 +6.22234949e+06  2.57e+04   6.99e+00     6.24e-01   855.555s
1705000 +6.19664409e+06 +6.22231081e+06  2.57e+04   7.00e+00     6.23e-01   856.047s
1706000 +6.19661739e+06 +6.22226299e+06  2.56e+04   6.98e+00     6.21e-01   856.539s
1707000 +6.19658533e+06 +6.22222581e+06  2.56e+04   6.96e+00     6.21e-01   857.031s
1708000 +6.19655544e+06 +6.22220086e+06  2.56e+04   6.98e+00     6.21e-01   857.523s
1709000 +6.19652852e+06 +6.22217769e+06  2.56e+04   6.98e+00     6.19e-01   858.015s
1710000 +6.19650056e+06 +6.22213675e+06  2.56e+04   6.96e+00     6.19e-01   858.508s
1711000 +6.19647424e+06 +6.22210046e+06  2.56e+04   6.95e+00     6.18e-01   859.000s
1712000 +6.19645258e+06 +6.22207175e+06  2.56e+04   6.96e+00     6.16e-01   859.492s
1713000 +6.19642034e+06 +6.22203463e+06  2.56e+04   6.97e+00     6.16e-01   859.985s
1714000 +6.19640718e+06 +6.22200898e+06  2.56e+04   6.94e+00     6.16e-01   860.477s
1715000 +6.19637976e+06 +6.22197856e+06  2.56e+04   6.94e+00     6.14e-01   860.969s
1716000 +6.19636935e+06 +6.22195712e+06  2.56e+04   6.92e+00     6.14e-01   861.462s
1717000 +6.19634530e+06 +6.22192726e+06  2.56e+04   6.92e+00     6.15e-01   861.954s
1718000 +6.19631342e+06 +6.22188973e+06  2.56e+04   6.92e+00     6.12e-01   862.446s
1719000 +6.19629273e+06 +6.22185747e+06  2.56e+04   6.90e+00     6.12e-01   862.938s
1720000 +6.19626708e+06 +6.22180612e+06  2.55e+04   6.90e+00     6.11e-01   863.430s
1721000 +6.19624420e+06 +6.22178069e+06  2.55e+04   6.90e+00     6.09e-01   863.922s
1722000 +6.19623316e+06 +6.22175615e+06  2.55e+04   6.86e+00     6.09e-01   864.414s
1723000 +6.19620587e+06 +6.22171730e+06  2.55e+04   6.86e+00     6.09e-01   864.906s
1724000 +6.19618308e+06 +6.22167850e+06  2.55e+04   6.88e+00     6.10e-01   865.398s
1725000 +6.19615991e+06 +6.22164650e+06  2.55e+04   6.88e+00     6.09e-01   865.890s
1726000 +6.19613576e+06 +6.22161198e+06  2.55e+04   6.88e+00     6.07e-01   866.383s
1727000 +6.19611270e+06 +6.22157971e+06  2.55e+04   6.89e+00     6.07e-01   866.875s
1728000 +6.19608478e+06 +6.22155363e+06  2.55e+04   6.88e+00     6.06e-01   867.367s
1729000 +6.19605527e+06 +6.22152493e+06  2.55e+04   6.87e+00     6.05e-01   867.859s
1730000 +6.19602680e+06 +6.22148532e+06  2.55e+04   6.88e+00     6.05e-01   868.351s
1731000 +6.19599770e+06 +6.22145108e+06  2.55e+04   6.88e+00     6.05e-01   868.844s
1732000 +6.19598331e+06 +6.22142487e+06  2.54e+04   6.86e+00     6.05e-01   869.336s
1733000 +6.19596258e+06 +6.22140528e+06  2.54e+04   6.86e+00     6.02e-01   869.829s
1734000 +6.19594670e+06 +6.22137489e+06  2.54e+04   6.85e+00     6.02e-01   870.320s
1735000 +6.19592181e+06 +6.22134827e+06  2.54e+04   6.83e+00     6.01e-01   870.813s
1736000 +6.19589794e+06 +6.22132791e+06  2.54e+04   6.80e+00     6.00e-01   871.305s
1737000 +6.19588848e+06 +6.22130853e+06  2.54e+04   6.78e+00     6.00e-01   871.797s
1738000 +6.19587774e+06 +6.22128367e+06  2.54e+04   6.76e+00     6.00e-01   872.289s
1739000 +6.19586394e+06 +6.22125045e+06  2.54e+04   6.73e+00     5.98e-01   872.781s
1740000 +6.19584230e+06 +6.22121241e+06  2.54e+04   6.72e+00     5.96e-01   873.273s
1741000 +6.19582748e+06 +6.22117515e+06  2.53e+04   6.72e+00     5.97e-01   873.766s
1742000 +6.19580471e+06 +6.22114099e+06  2.53e+04   6.69e+00     5.95e-01   874.258s
1743000 +6.19578925e+06 +6.22111196e+06  2.53e+04   6.67e+00     5.95e-01   874.751s
1744000 +6.19577740e+06 +6.22107796e+06  2.53e+04   6.65e+00     5.94e-01   875.243s
1745000 +6.19575622e+06 +6.22105560e+06  2.53e+04   6.64e+00     5.93e-01   875.735s
1746000 +6.19574585e+06 +6.22103632e+06  2.53e+04   6.63e+00     5.94e-01   876.227s
1747000 +6.19572064e+06 +6.22101916e+06  2.53e+04   6.64e+00     5.91e-01   876.719s
1748000 +6.19570507e+06 +6.22099134e+06  2.53e+04   6.62e+00     5.92e-01   877.211s
1749000 +6.19567622e+06 +6.22095965e+06  2.53e+04   6.63e+00     5.91e-01   877.703s
1750000 +6.19565000e+06 +6.22092803e+06  2.53e+04   6.63e+00     5.91e-01   878.196s
1751000 +6.19562714e+06 +6.22089778e+06  2.53e+04   6.63e+00     5.89e-01   878.688s
1752000 +6.19560342e+06 +6.22086878e+06  2.53e+04   6.63e+00     5.89e-01   879.180s
1753000 +6.19558682e+06 +6.22084168e+06  2.53e+04   6.63e+00     5.89e-01   879.672s
1754000 +6.19555831e+06 +6.22082042e+06  2.53e+04   6.63e+00     5.88e-01   880.165s
1755000 +6.19553832e+06 +6.22078625e+06  2.52e+04   6.62e+00     5.87e-01   880.656s
1756000 +6.19552480e+06 +6.22075118e+06  2.52e+04   6.62e+00     5.86e-01   881.148s
1757000 +6.19550677e+06 +6.22072377e+06  2.52e+04   6.61e+00     5.86e-01   881.640s
1758000 +6.19548754e+06 +6.22068895e+06  2.52e+04   6.59e+00     5.85e-01   882.132s
1759000 +6.19546906e+06 +6.22064884e+06  2.52e+04   6.59e+00     5.83e-01   882.624s
1760000 +6.19545021e+06 +6.22060767e+06  2.52e+04   6.59e+00     5.82e-01   883.116s
1761000 +6.19543667e+06 +6.22057037e+06  2.51e+04   6.57e+00     5.83e-01   883.609s
1762000 +6.19542369e+06 +6.22053008e+06  2.51e+04   6.55e+00     5.82e-01   884.101s
1763000 +6.19540323e+06 +6.22048732e+06  2.51e+04   6.55e+00     5.81e-01   884.593s
1764000 +6.19539203e+06 +6.22045156e+06  2.51e+04   6.52e+00     5.80e-01   885.085s
1765000 +6.19537564e+06 +6.22041736e+06  2.50e+04   6.50e+00     5.80e-01   885.577s
1766000 +6.19535872e+06 +6.22039243e+06  2.50e+04   6.49e+00     5.79e-01   886.069s
1767000 +6.19534200e+06 +6.22036785e+06  2.50e+04   6.48e+00     5.78e-01   886.561s
1768000 +6.19532421e+06 +6.22034220e+06  2.50e+04   6.46e+00     5.79e-01   887.053s
1769000 +6.19530156e+06 +6.22031060e+06  2.50e+04   6.45e+00     5.77e-01   887.546s
1770000 +6.19527564e+06 +6.22027423e+06  2.50e+04   6.46e+00     5.76e-01   888.037s
1771000 +6.19525064e+06 +6.22024040e+06  2.50e+04   6.46e+00     5.75e-01   888.530s
1772000 +6.19522066e+06 +6.22020632e+06  2.50e+04   6.45e+00     5.73e-01   889.022s
1773000 +6.19518694e+06 +6.22018155e+06  2.50e+04   6.46e+00     5.73e-01   889.514s
1774000 +6.19516078e+06 +6.22014618e+06  2.50e+04   6.48e+00     5.74e-01   890.006s
1775000 +6.19513515e+06 +6.22011620e+06  2.50e+04   6.50e+00     5.73e-01   890.498s
1776000 +6.19511391e+06 +6.22009961e+06  2.50e+04   6.47e+00     5.73e-01   890.990s
1777000 +6.19508668e+06 +6.22006623e+06  2.50e+04   6.48e+00     5.72e-01   891.482s
1778000 +6.19506474e+06 +6.22002715e+06  2.50e+04   6.50e+00     5.70e-01   891.974s
1779000 +6.19503628e+06 +6.21999769e+06  2.50e+04   6.51e+00     5.70e-01   892.467s
1780000 +6.19501933e+06 +6.21998159e+06  2.50e+04   6.49e+00     5.68e-01   892.959s
1781000 +6.19500117e+06 +6.21996590e+06  2.50e+04   6.48e+00     5.68e-01   893.451s
1782000 +6.19498164e+06 +6.21995367e+06  2.50e+04   6.49e+00     5.67e-01   893.944s
1783000 +6.19495620e+06 +6.21993717e+06  2.50e+04   6.50e+00     5.67e-01   894.436s
1784000 +6.19493387e+06 +6.21992173e+06  2.50e+04   6.51e+00     5.66e-01   894.928s
1785000 +6.19491647e+06 +6.21989672e+06  2.50e+04   6.50e+00     5.64e-01   895.420s
1786000 +6.19488921e+06 +6.21986464e+06  2.50e+04   6.50e+00     5.63e-01   895.912s
1787000 +6.19487304e+06 +6.21982013e+06  2.49e+04   6.49e+00     5.63e-01   896.404s
1788000 +6.19485510e+06 +6.21977470e+06  2.49e+04   6.48e+00     5.63e-01   896.896s
1789000 +6.19484143e+06 +6.21974365e+06  2.49e+04   6.48e+00     5.62e-01   897.388s
1790000 +6.19483102e+06 +6.21971997e+06  2.49e+04   6.48e+00     5.62e-01   897.881s
1791000 +6.19481905e+06 +6.21969065e+06  2.49e+04   6.45e+00     5.60e-01   898.373s
1792000 +6.19481118e+06 +6.21966294e+06  2.49e+04   6.42e+00     5.61e-01   898.866s
1793000 +6.19479579e+06 +6.21964142e+06  2.48e+04   6.41e+00     5.60e-01   899.358s
1794000 +6.19478280e+06 +6.21962130e+06  2.48e+04   6.40e+00     5.58e-01   899.850s
1795000 +6.19476231e+06 +6.21958714e+06  2.48e+04   6.38e+00     5.58e-01   900.342s
1796000 +6.19474328e+06 +6.21956276e+06  2.48e+04   6.38e+00     5.58e-01   900.834s
1797000 +6.19472056e+06 +6.21954141e+06  2.48e+04   6.39e+00     5.58e-01   901.327s
1798000 +6.19469845e+06 +6.21950712e+06  2.48e+04   6.38e+00     5.57e-01   901.818s
1799000 +6.19467174e+06 +6.21947719e+06  2.48e+04   6.38e+00     5.57e-01   902.311s
1800000 +6.19464938e+06 +6.21944900e+06  2.48e+04   6.39e+00     5.55e-01   902.803s
1801000 +6.19462129e+06 +6.21942203e+06  2.48e+04   6.40e+00     5.55e-01   903.296s
1802000 +6.19459511e+06 +6.21941009e+06  2.48e+04   6.40e+00     5.55e-01   903.788s
1803000 +6.19457360e+06 +6.21938549e+06  2.48e+04   6.38e+00     5.54e-01   904.281s
1804000 +6.19455388e+06 +6.21935816e+06  2.48e+04   6.38e+00     5.54e-01   904.773s
1805000 +6.19453824e+06 +6.21934145e+06  2.48e+04   6.39e+00     5.52e-01   905.266s
1806000 +6.19451544e+06 +6.21931534e+06  2.48e+04   6.38e+00     5.52e-01   905.758s
1807000 +6.19450013e+06 +6.21929126e+06  2.48e+04   6.36e+00     5.51e-01   906.250s
1808000 +6.19447668e+06 +6.21927249e+06  2.48e+04   6.36e+00     5.51e-01   906.743s
1809000 +6.19446744e+06 +6.21926755e+06  2.48e+04   6.36e+00     5.51e-01   907.235s
1810000 +6.19445702e+06 +6.21925113e+06  2.48e+04   6.34e+00     5.50e-01   907.727s
1811000 +6.19445270e+06 +6.21922307e+06  2.48e+04   6.32e+00     5.51e-01   908.219s
1812000 +6.19443716e+06 +6.21920239e+06  2.48e+04   6.30e+00     5.51e-01   908.711s
1813000 +6.19443057e+06 +6.21918515e+06  2.48e+04   6.27e+00     5.49e-01   909.203s
1814000 +6.19442291e+06 +6.21915451e+06  2.47e+04   6.27e+00     5.48e-01   909.695s
1815000 +6.19441080e+06 +6.21912350e+06  2.47e+04   6.26e+00     5.48e-01   910.188s
1816000 +6.19439265e+06 +6.21909958e+06  2.47e+04   6.25e+00     5.48e-01   910.680s
1817000 +6.19438774e+06 +6.21906227e+06  2.47e+04   6.24e+00     5.47e-01   911.172s
1818000 +6.19437271e+06 +6.21903218e+06  2.47e+04   6.24e+00     5.47e-01   911.665s
1819000 +6.19436615e+06 +6.21899620e+06  2.46e+04   6.21e+00     5.48e-01   912.157s
1820000 +6.19435377e+06 +6.21897002e+06  2.46e+04   6.19e+00     5.46e-01   912.649s
1821000 +6.19433699e+06 +6.21893689e+06  2.46e+04   6.19e+00     5.46e-01   913.141s
1822000 +6.19432706e+06 +6.21890324e+06  2.46e+04   6.19e+00     5.46e-01   913.633s
1823000 +6.19431356e+06 +6.21886832e+06  2.46e+04   6.16e+00     5.44e-01   914.126s
1824000 +6.19430266e+06 +6.21884164e+06  2.45e+04   6.13e+00     5.44e-01   914.618s
1825000 +6.19429579e+06 +6.21882618e+06  2.45e+04   6.11e+00     5.45e-01   915.110s
1826000 +6.19428648e+06 +6.21879623e+06  2.45e+04   6.10e+00     5.45e-01   915.602s
1827000 +6.19427714e+06 +6.21876744e+06  2.45e+04   6.07e+00     5.44e-01   916.094s
1828000 +6.19427084e+06 +6.21873832e+06  2.45e+04   6.05e+00     5.44e-01   916.586s
1829000 +6.19426235e+06 +6.21870171e+06  2.44e+04   6.04e+00     5.43e-01   917.078s
1830000 +6.19424598e+06 +6.21866838e+06  2.44e+04   6.03e+00     5.42e-01   917.570s
1831000 +6.19423591e+06 +6.21862689e+06  2.44e+04   5.99e+00     5.41e-01   918.063s
1832000 +6.19422307e+06 +6.21858249e+06  2.44e+04   5.97e+00     5.40e-01   918.555s
1833000 +6.19420812e+06 +6.21854702e+06  2.43e+04   5.97e+00     5.40e-01   919.048s
1834000 +6.19418853e+06 +6.21850909e+06  2.43e+04   5.96e+00     5.40e-01   919.540s
1835000 +6.19416161e+06 +6.21848566e+06  2.43e+04   5.95e+00     5.41e-01   920.032s
1836000 +6.19413848e+06 +6.21846145e+06  2.43e+04   5.97e+00     5.40e-01   920.524s
1837000 +6.19411086e+06 +6.21843968e+06  2.43e+04   5.99e+00     5.39e-01   921.016s
1838000 +6.19408653e+06 +6.21841683e+06  2.43e+04   5.99e+00     5.38e-01   921.508s
1839000 +6.19406473e+06 +6.21839726e+06  2.43e+04   6.00e+00     5.37e-01   922.001s
1840000 +6.19404056e+06 +6.21837773e+06  2.43e+04   6.00e+00     5.37e-01   922.493s
1841000 +6.19402019e+06 +6.21835149e+06  2.43e+04   6.01e+00     5.36e-01   922.986s
1842000 +6.19400150e+06 +6.21832986e+06  2.43e+04   6.01e+00     5.36e-01   923.478s
1843000 +6.19398873e+06 +6.21831750e+06  2.43e+04   6.00e+00     5.36e-01   923.970s
1844000 +6.19397233e+06 +6.21828094e+06  2.43e+04   5.99e+00     5.36e-01   924.462s
1845000 +6.19394997e+06 +6.21825959e+06  2.43e+04   6.01e+00     5.35e-01   924.954s
1846000 +6.19393359e+06 +6.21822908e+06  2.43e+04   6.02e+00     5.34e-01   925.447s
1847000 +6.19392615e+06 +6.21821420e+06  2.43e+04   6.00e+00     5.34e-01   925.938s
1848000 +6.19391725e+06 +6.21818277e+06  2.43e+04   5.97e+00     5.33e-01   926.431s
1849000 +6.19390489e+06 +6.21815584e+06  2.43e+04   5.97e+00     5.31e-01   926.924s
1850000 +6.19389479e+06 +6.21813231e+06  2.42e+04   5.97e+00     5.31e-01   927.415s
1851000 +6.19388228e+06 +6.21811689e+06  2.42e+04   5.96e+00     5.30e-01   927.908s
1852000 +6.19387137e+06 +6.21809529e+06  2.42e+04   5.93e+00     5.30e-01   928.399s
1853000 +6.19385736e+06 +6.21807011e+06  2.42e+04   5.93e+00     5.29e-01   928.892s
1854000 +6.19383809e+06 +6.21804725e+06  2.42e+04   5.93e+00     5.29e-01   929.384s
1855000 +6.19382103e+06 +6.21802130e+06  2.42e+04   5.94e+00     5.28e-01   929.876s
1856000 +6.19380385e+06 +6.21800235e+06  2.42e+04   5.92e+00     5.27e-01   930.368s
1857000 +6.19378865e+06 +6.21798162e+06  2.42e+04   5.91e+00     5.27e-01   930.860s
1858000 +6.19377616e+06 +6.21795115e+06  2.42e+04   5.90e+00     5.27e-01   931.352s
1859000 +6.19376611e+06 +6.21792818e+06  2.42e+04   5.88e+00     5.26e-01   931.845s
1860000 +6.19375236e+06 +6.21790435e+06  2.42e+04   5.88e+00     5.25e-01   932.337s
1861000 +6.19374758e+06 +6.21789043e+06  2.41e+04   5.82e+00     5.25e-01   932.829s
1862000 +6.19373414e+06 +6.21786758e+06  2.41e+04   5.81e+00     5.25e-01   933.321s
1863000 +6.19371565e+06 +6.21783608e+06  2.41e+04   5.81e+00     5.24e-01   933.813s
1864000 +6.19370052e+06 +6.21780645e+06  2.41e+04   5.81e+00     5.22e-01   934.305s
1865000 +6.19368021e+06 +6.21777400e+06  2.41e+04   5.80e+00     5.23e-01   934.797s
1866000 +6.19366875e+06 +6.21773335e+06  2.41e+04   5.79e+00     5.22e-01   935.290s
1867000 +6.19365334e+06 +6.21769344e+06  2.40e+04   5.80e+00     5.21e-01   935.782s
1868000 +6.19364151e+06 +6.21766037e+06  2.40e+04   5.79e+00     5.20e-01   936.274s
1869000 +6.19363163e+06 +6.21763682e+06  2.40e+04   5.77e+00     5.21e-01   936.766s
1870000 +6.19361760e+06 +6.21762128e+06  2.40e+04   5.76e+00     5.19e-01   937.258s
1871000 +6.19360193e+06 +6.21759767e+06  2.40e+04   5.77e+00     5.20e-01   937.750s
1872000 +6.19358879e+06 +6.21757504e+06  2.40e+04   5.76e+00     5.19e-01   938.243s
1873000 +6.19357306e+06 +6.21754472e+06  2.40e+04   5.76e+00     5.18e-01   938.735s
1874000 +6.19356353e+06 +6.21752327e+06  2.40e+04   5.76e+00     5.18e-01   939.227s
1875000 +6.19355033e+06 +6.21749790e+06  2.39e+04   5.75e+00     5.18e-01   939.719s
1876000 +6.19354036e+06 +6.21745667e+06  2.39e+04   5.75e+00     5.18e-01   940.211s
1877000 +6.19352956e+06 +6.21742751e+06  2.39e+04   5.75e+00     5.17e-01   940.703s
1878000 +6.19351574e+06 +6.21740098e+06  2.39e+04   5.74e+00     5.16e-01   941.195s
1879000 +6.19349921e+06 +6.21738465e+06  2.39e+04   5.75e+00     5.17e-01   941.688s
1880000 +6.19347915e+06 +6.21736485e+06  2.39e+04   5.76e+00     5.16e-01   942.180s
1881000 +6.19347074e+06 +6.21734700e+06  2.39e+04   5.74e+00     5.16e-01   942.672s
1882000 +6.19345452e+06 +6.21731873e+06  2.39e+04   5.73e+00     5.15e-01   943.164s
1883000 +6.19344573e+06 +6.21730067e+06  2.39e+04   5.72e+00     5.15e-01   943.657s
1884000 +6.19342535e+06 +6.21727888e+06  2.39e+04   5.72e+00     5.14e-01   944.149s
1885000 +6.19340948e+06 +6.21725088e+06  2.38e+04   5.71e+00     5.14e-01   944.641s
1886000 +6.19338721e+06 +6.21722161e+06  2.38e+04   5.72e+00     5.14e-01   945.133s
1887000 +6.19337503e+06 +6.21719859e+06  2.38e+04   5.72e+00     5.13e-01   945.626s
1888000 +6.19336195e+06 +6.21717207e+06  2.38e+04   5.70e+00     5.12e-01   946.117s
1889000 +6.19334570e+06 +6.21714656e+06  2.38e+04   5.70e+00     5.12e-01   946.609s
1890000 +6.19332973e+06 +6.21712650e+06  2.38e+04   5.68e+00     5.12e-01   947.102s
1891000 +6.19330694e+06 +6.21711059e+06  2.38e+04   5.68e+00     5.12e-01   947.594s
1892000 +6.19328703e+06 +6.21709180e+06  2.38e+04   5.68e+00     5.12e-01   948.087s
1893000 +6.19326787e+06 +6.21707288e+06  2.38e+04   5.69e+00     5.12e-01   948.579s
1894000 +6.19324272e+06 +6.21706221e+06  2.38e+04   5.68e+00     5.10e-01   949.071s
1895000 +6.19321784e+06 +6.21703412e+06  2.38e+04   5.69e+00     5.10e-01   949.563s
1896000 +6.19319898e+06 +6.21701624e+06  2.38e+04   5.70e+00     5.09e-01   950.055s
1897000 +6.19318343e+06 +6.21699805e+06  2.38e+04   5.70e+00     5.10e-01   950.547s
1898000 +6.19316396e+06 +6.21697571e+06  2.38e+04   5.70e+00     5.09e-01   951.039s
1899000 +6.19314548e+06 +6.21695495e+06  2.38e+04   5.71e+00     5.08e-01   951.531s
1900000 +6.19313287e+06 +6.21694096e+06  2.38e+04   5.70e+00     5.08e-01   952.024s
1901000 +6.19311664e+06 +6.21691932e+06  2.38e+04   5.71e+00     5.07e-01   952.516s
1902000 +6.19310424e+06 +6.21689416e+06  2.38e+04   5.70e+00     5.07e-01   953.008s
1903000 +6.19310332e+06 +6.21686594e+06  2.38e+04   5.67e+00     5.06e-01   953.500s
1904000 +6.19309475e+06 +6.21684371e+06  2.37e+04   5.67e+00     5.06e-01   953.993s
1905000 +6.19308457e+06 +6.21682176e+06  2.37e+04   5.67e+00     5.05e-01   954.485s
1906000 +6.19308054e+06 +6.21679536e+06  2.37e+04   5.65e+00     5.05e-01   954.977s
1907000 +6.19307389e+06 +6.21676543e+06  2.37e+04   5.64e+00     5.05e-01   955.469s
1908000 +6.19305724e+06 +6.21674108e+06  2.37e+04   5.65e+00     5.04e-01   955.962s
1909000 +6.19304934e+06 +6.21671921e+06  2.37e+04   5.65e+00     5.03e-01   956.454s
1910000 +6.19303117e+06 +6.21669034e+06  2.37e+04   5.64e+00     5.02e-01   956.946s
1911000 +6.19300821e+06 +6.21666437e+06  2.37e+04   5.66e+00     5.03e-01   957.437s
1912000 +6.19298386e+06 +6.21663826e+06  2.37e+04   5.67e+00     5.01e-01   957.930s
1913000 +6.19296496e+06 +6.21661204e+06  2.36e+04   5.67e+00     5.02e-01   958.422s
1914000 +6.19295048e+06 +6.21659319e+06  2.36e+04   5.65e+00     5.01e-01   958.914s
1915000 +6.19293570e+06 +6.21657465e+06  2.36e+04   5.66e+00     5.01e-01   959.406s
1916000 +6.19292365e+06 +6.21654836e+06  2.36e+04   5.66e+00     5.01e-01   959.898s
1917000 +6.19291233e+06 +6.21653427e+06  2.36e+04   5.64e+00     5.01e-01   960.391s
1918000 +6.19289902e+06 +6.21651297e+06  2.36e+04   5.64e+00     4.99e-01   960.883s
1919000 +6.19288397e+06 +6.21648924e+06  2.36e+04   5.65e+00     4.98e-01   961.375s
1920000 +6.19287573e+06 +6.21647112e+06  2.36e+04   5.63e+00     4.98e-01   961.867s
1921000 +6.19287227e+06 +6.21645261e+06  2.36e+04   5.59e+00     4.98e-01   962.359s
1922000 +6.19285633e+06 +6.21644328e+06  2.36e+04   5.59e+00     4.98e-01   962.851s
1923000 +6.19284290e+06 +6.21642039e+06  2.36e+04   5.59e+00     4.98e-01   963.343s
1924000 +6.19282628e+06 +6.21640334e+06  2.36e+04   5.57e+00     4.98e-01   963.835s
1925000 +6.19281057e+06 +6.21638999e+06  2.36e+04   5.56e+00     4.98e-01   964.327s
1926000 +6.19280401e+06 +6.21637660e+06  2.36e+04   5.56e+00     4.97e-01   964.819s
1927000 +6.19279640e+06 +6.21635988e+06  2.36e+04   5.54e+00     4.96e-01   965.311s
1928000 +6.19278300e+06 +6.21633940e+06  2.36e+04   5.51e+00     4.97e-01   965.804s
1929000 +6.19277383e+06 +6.21632352e+06  2.35e+04   5.50e+00     4.96e-01   966.296s
1930000 +6.19275921e+06 +6.21630593e+06  2.35e+04   5.51e+00     4.95e-01   966.788s
1931000 +6.19274757e+06 +6.21628627e+06  2.35e+04   5.50e+00     4.95e-01   967.280s
1932000 +6.19273437e+06 +6.21627291e+06  2.35e+04   5.48e+00     4.94e-01   967.773s
1933000 +6.19272596e+06 +6.21625495e+06  2.35e+04   5.46e+00     4.93e-01   968.265s
1934000 +6.19271281e+06 +6.21623597e+06  2.35e+04   5.47e+00     4.92e-01   968.757s
1935000 +6.19269954e+06 +6.21620231e+06  2.35e+04   5.47e+00     4.93e-01   969.249s
1936000 +6.19268533e+06 +6.21616965e+06  2.35e+04   5.46e+00     4.93e-01   969.741s
1937000 +6.19266944e+06 +6.21614272e+06  2.35e+04   5.48e+00     4.93e-01   970.234s
1938000 +6.19266402e+06 +6.21612079e+06  2.35e+04   5.48e+00     4.92e-01   970.726s
1939000 +6.19264987e+06 +6.21609970e+06  2.34e+04   5.48e+00     4.92e-01   971.218s
1940000 +6.19264230e+06 +6.21607550e+06  2.34e+04   5.47e+00     4.92e-01   971.711s
1941000 +6.19263100e+06 +6.21605070e+06  2.34e+04   5.47e+00     4.91e-01   972.203s
1942000 +6.19261636e+06 +6.21602036e+06  2.34e+04   5.47e+00     4.90e-01   972.695s
1943000 +6.19260279e+06 +6.21599829e+06  2.34e+04   5.46e+00     4.90e-01   973.188s
1944000 +6.19257893e+06 +6.21597353e+06  2.34e+04   5.47e+00     4.89e-01   973.680s
1945000 +6.19256653e+06 +6.21595407e+06  2.34e+04   5.47e+00     4.89e-01   974.172s
1946000 +6.19255371e+06 +6.21593032e+06  2.34e+04   5.46e+00     4.88e-01   974.664s
1947000 +6.19253376e+06 +6.21591135e+06  2.34e+04   5.44e+00     4.88e-01   975.156s
1948000 +6.19252344e+06 +6.21588775e+06  2.34e+04   5.45e+00     4.88e-01   975.649s
1949000 +6.19250954e+06 +6.21586696e+06  2.34e+04   5.46e+00     4.87e-01   976.141s
1950000 +6.19250073e+06 +6.21584650e+06  2.33e+04   5.44e+00     4.86e-01   976.634s
1951000 +6.19248714e+06 +6.21582738e+06  2.33e+04   5.43e+00     4.85e-01   977.127s
1952000 +6.19247956e+06 +6.21580249e+06  2.33e+04   5.42e+00     4.85e-01   977.619s
1953000 +6.19247096e+06 +6.21578453e+06  2.33e+04   5.41e+00     4.84e-01   978.111s
1954000 +6.19246102e+06 +6.21575834e+06  2.33e+04   5.39e+00     4.84e-01   978.603s
1955000 +6.19244037e+06 +6.21573951e+06  2.33e+04   5.39e+00     4.84e-01   979.096s
1956000 +6.19243337e+06 +6.21572160e+06  2.33e+04   5.38e+00     4.84e-01   979.588s
1957000 +6.19242242e+06 +6.21570977e+06  2.33e+04   5.38e+00     4.84e-01   980.080s
1958000 +6.19241388e+06 +6.21569429e+06  2.33e+04   5.37e+00     4.82e-01   980.572s
1959000 +6.19240529e+06 +6.21567607e+06  2.33e+04   5.34e+00     4.82e-01   981.065s
1960000 +6.19239240e+06 +6.21565683e+06  2.33e+04   5.34e+00     4.81e-01   981.557s
1961000 +6.19238432e+06 +6.21563670e+06  2.33e+04   5.33e+00     4.80e-01   982.050s
1962000 +6.19237628e+06 +6.21561543e+06  2.32e+04   5.31e+00     4.81e-01   982.542s
1963000 +6.19236802e+06 +6.21559680e+06  2.32e+04   5.30e+00     4.81e-01   983.034s
1964000 +6.19235895e+06 +6.21557338e+06  2.32e+04   5.29e+00     4.81e-01   983.527s
1965000 +6.19234596e+06 +6.21555483e+06  2.32e+04   5.29e+00     4.80e-01   984.019s
1966000 +6.19233221e+06 +6.21554073e+06  2.32e+04   5.27e+00     4.79e-01   984.512s
1967000 +6.19232269e+06 +6.21551969e+06  2.32e+04   5.28e+00     4.80e-01   985.004s
1968000 +6.19231215e+06 +6.21549446e+06  2.32e+04   5.27e+00     4.79e-01   985.496s
1969000 +6.19230735e+06 +6.21547696e+06  2.32e+04   5.25e+00     4.78e-01   985.989s
1970000 +6.19230206e+06 +6.21545918e+06  2.32e+04   5.25e+00     4.77e-01   986.481s
1971000 +6.19229964e+06 +6.21543019e+06  2.31e+04   5.24e+00     4.76e-01   986.973s
1972000 +6.19229268e+06 +6.21539904e+06  2.31e+04   5.22e+00     4.76e-01   987.466s
1973000 +6.19228427e+06 +6.21537510e+06  2.31e+04   5.22e+00     4.76e-01   987.957s
1974000 +6.19227831e+06 +6.21535689e+06  2.31e+04   5.21e+00     4.75e-01   988.450s
1975000 +6.19226530e+06 +6.21533379e+06  2.31e+04   5.20e+00     4.75e-01   988.942s
1976000 +6.19225569e+06 +6.21530947e+06  2.31e+04   5.19e+00     4.75e-01   989.434s
1977000 +6.19224489e+06 +6.21528716e+06  2.30e+04   5.20e+00     4.74e-01   989.926s
1978000 +6.19223281e+06 +6.21526914e+06  2.30e+04   5.20e+00     4.74e-01   990.418s
1979000 +6.19222468e+06 +6.21525128e+06  2.30e+04   5.19e+00     4.74e-01   990.910s
1980000 +6.19221210e+06 +6.21523948e+06  2.30e+04   5.19e+00     4.74e-01   991.402s
1981000 +6.19220121e+06 +6.21522246e+06  2.30e+04   5.18e+00     4.73e-01   991.894s
1982000 +6.19218565e+06 +6.21520855e+06  2.30e+04   5.17e+00     4.72e-01   992.387s
1983000 +6.19217044e+06 +6.21519294e+06  2.30e+04   5.17e+00     4.73e-01   992.879s
1984000 +6.19215731e+06 +6.21517153e+06  2.30e+04   5.17e+00     4.72e-01   993.371s
1985000 +6.19214728e+06 +6.21515415e+06  2.30e+04   5.16e+00     4.72e-01   993.864s
1986000 +6.19213562e+06 +6.21513535e+06  2.30e+04   5.16e+00     4.71e-01   994.356s
1987000 +6.19212166e+06 +6.21510956e+06  2.30e+04   5.16e+00     4.70e-01   994.849s
1988000 +6.19210756e+06 +6.21509433e+06  2.30e+04   5.14e+00     4.70e-01   995.341s
1989000 +6.19209416e+06 +6.21506979e+06  2.30e+04   5.14e+00     4.69e-01   995.833s
1990000 +6.19207752e+06 +6.21504399e+06  2.30e+04   5.15e+00     4.68e-01   996.326s
1991000 +6.19206203e+06 +6.21502104e+06  2.30e+04   5.15e+00     4.69e-01   996.817s
1992000 +6.19205012e+06 +6.21500132e+06  2.30e+04   5.14e+00     4.68e-01   997.310s
1993000 +6.19203815e+06 +6.21498702e+06  2.29e+04   5.14e+00     4.67e-01   997.802s
1994000 +6.19203205e+06 +6.21496658e+06  2.29e+04   5.13e+00     4.66e-01   998.295s
1995000 +6.19202214e+06 +6.21494991e+06  2.29e+04   5.12e+00     4.66e-01   998.787s
1996000 +6.19200797e+06 +6.21493142e+06  2.29e+04   5.12e+00     4.66e-01   999.279s
1997000 +6.19199675e+06 +6.21491172e+06  2.29e+04   5.13e+00     4.65e-01   999.771s
1998000 +6.19198181e+06 +6.21488443e+06  2.29e+04   5.13e+00     4.65e-01   1000.263s
1999000 +6.19196930e+06 +6.21485971e+06  2.29e+04   5.13e+00     4.65e-01   1000.756s
2000000 +6.19195784e+06 +6.21484368e+06  2.29e+04   5.12e+00     4.64e-01   1001.248s
2001000 +6.19195069e+06 +6.21482001e+06  2.29e+04   5.12e+00     4.65e-01   1001.740s
2002000 +6.19194521e+06 +6.21480246e+06  2.29e+04   5.11e+00     4.64e-01   1002.233s
2003000 +6.19192977e+06 +6.21478882e+06  2.29e+04   5.10e+00     4.63e-01   1002.725s
2004000 +6.19191850e+06 +6.21477217e+06  2.29e+04   5.09e+00     4.63e-01   1003.218s
2005000 +6.19190948e+06 +6.21475368e+06  2.28e+04   5.10e+00     4.63e-01   1003.710s
2006000 +6.19189834e+06 +6.21474275e+06  2.28e+04   5.11e+00     4.63e-01   1004.202s
2007000 +6.19188293e+06 +6.21472129e+06  2.28e+04   5.11e+00     4.62e-01   1004.694s
2008000 +6.19187070e+06 +6.21470001e+06  2.28e+04   5.11e+00     4.62e-01   1005.186s
2009000 +6.19185934e+06 +6.21468650e+06  2.28e+04   5.12e+00     4.62e-01   1005.678s
2010000 +6.19185095e+06 +6.21467418e+06  2.28e+04   5.11e+00     4.62e-01   1006.171s
2011000 +6.19183670e+06 +6.21465848e+06  2.28e+04   5.10e+00     4.61e-01   1006.663s
2012000 +6.19182786e+06 +6.21464449e+06  2.28e+04   5.10e+00     4.60e-01   1007.155s
2013000 +6.19181553e+06 +6.21462231e+06  2.28e+04   5.10e+00     4.60e-01   1007.647s
2014000 +6.19180032e+06 +6.21460070e+06  2.28e+04   5.10e+00     4.60e-01   1008.140s
2015000 +6.19178913e+06 +6.21457761e+06  2.28e+04   5.09e+00     4.60e-01   1008.632s
2016000 +6.19177638e+06 +6.21455934e+06  2.28e+04   5.08e+00     4.59e-01   1009.124s
2017000 +6.19176269e+06 +6.21454162e+06  2.28e+04   5.08e+00     4.59e-01   1009.616s
2018000 +6.19175232e+06 +6.21452387e+06  2.28e+04   5.08e+00     4.59e-01   1010.109s
2019000 +6.19174425e+06 +6.21451524e+06  2.28e+04   5.06e+00     4.58e-01   1010.601s
2020000 +6.19174124e+06 +6.21450482e+06  2.28e+04   5.05e+00     4.59e-01   1011.093s
2021000 +6.19173788e+06 +6.21448254e+06  2.27e+04   5.04e+00     4.58e-01   1011.585s
2022000 +6.19172376e+06 +6.21445889e+06  2.27e+04   5.04e+00     4.58e-01   1012.078s
2023000 +6.19170915e+06 +6.21444680e+06  2.27e+04   5.04e+00     4.57e-01   1012.570s
2024000 +6.19169794e+06 +6.21443219e+06  2.27e+04   5.03e+00     4.57e-01   1013.062s
2025000 +6.19169018e+06 +6.21441653e+06  2.27e+04   5.01e+00     4.57e-01   1013.554s
2026000 +6.19168019e+06 +6.21439894e+06  2.27e+04   5.01e+00     4.57e-01   1014.046s
2027000 +6.19166744e+06 +6.21438187e+06  2.27e+04   5.01e+00     4.56e-01   1014.538s
2028000 +6.19165558e+06 +6.21436855e+06  2.27e+04   5.01e+00     4.56e-01   1015.030s
2029000 +6.19164656e+06 +6.21435104e+06  2.27e+04   4.99e+00     4.55e-01   1015.523s
2030000 +6.19163627e+06 +6.21433555e+06  2.27e+04   5.00e+00     4.55e-01   1016.015s
2031000 +6.19162478e+06 +6.21431933e+06  2.27e+04   4.99e+00     4.55e-01   1016.508s
2032000 +6.19161477e+06 +6.21430190e+06  2.27e+04   4.97e+00     4.54e-01   1017.000s
2033000 +6.19160522e+06 +6.21428596e+06  2.27e+04   4.97e+00     4.54e-01   1017.492s
2034000 +6.19159467e+06 +6.21427522e+06  2.27e+04   4.97e+00     4.54e-01   1017.984s
2035000 +6.19158820e+06 +6.21426443e+06  2.27e+04   4.96e+00     4.53e-01   1018.476s
2036000 +6.19158690e+06 +6.21424852e+06  2.27e+04   4.95e+00     4.52e-01   1018.969s
2037000 +6.19157912e+06 +6.21423082e+06  2.27e+04   4.94e+00     4.52e-01   1019.462s
2038000 +6.19156860e+06 +6.21420827e+06  2.26e+04   4.93e+00     4.52e-01   1019.954s
2039000 +6.19155984e+06 +6.21418827e+06  2.26e+04   4.93e+00     4.52e-01   1020.447s
2040000 +6.19155140e+06 +6.21416426e+06  2.26e+04   4.93e+00     4.52e-01   1020.938s
2041000 +6.19154425e+06 +6.21414318e+06  2.26e+04   4.92e+00     4.52e-01   1021.431s
2042000 +6.19154224e+06 +6.21413078e+06  2.26e+04   4.90e+00     4.51e-01   1021.923s
2043000 +6.19153534e+06 +6.21411641e+06  2.26e+04   4.90e+00     4.52e-01   1022.415s
2044000 +6.19152759e+06 +6.21410616e+06  2.26e+04   4.88e+00     4.51e-01   1022.907s
2045000 +6.19152345e+06 +6.21409818e+06  2.26e+04   4.87e+00     4.51e-01   1023.399s
2046000 +6.19151505e+06 +6.21408452e+06  2.26e+04   4.87e+00     4.51e-01   1023.892s
2047000 +6.19151009e+06 +6.21406509e+06  2.26e+04   4.85e+00     4.51e-01   1024.384s
2048000 +6.19150740e+06 +6.21404509e+06  2.25e+04   4.83e+00     4.50e-01   1024.876s
2049000 +6.19150179e+06 +6.21402654e+06  2.25e+04   4.82e+00     4.50e-01   1025.369s
2050000 +6.19149646e+06 +6.21401421e+06  2.25e+04   4.80e+00     4.49e-01   1025.861s
2051000 +6.19149076e+06 +6.21399595e+06  2.25e+04   4.78e+00     4.49e-01   1026.353s
2052000 +6.19148792e+06 +6.21397763e+06  2.25e+04   4.76e+00     4.48e-01   1026.845s
2053000 +6.19148058e+06 +6.21395776e+06  2.25e+04   4.76e+00     4.48e-01   1027.337s
2054000 +6.19147307e+06 +6.21394428e+06  2.25e+04   4.74e+00     4.48e-01   1027.829s
2055000 +6.19147198e+06 +6.21392782e+06  2.25e+04   4.72e+00     4.47e-01   1028.322s
2056000 +6.19147047e+06 +6.21390740e+06  2.24e+04   4.70e+00     4.47e-01   1028.814s
2057000 +6.19146249e+06 +6.21389100e+06  2.24e+04   4.69e+00     4.47e-01   1029.306s
2058000 +6.19145124e+06 +6.21387277e+06  2.24e+04   4.68e+00     4.47e-01   1029.798s
2059000 +6.19144246e+06 +6.21385866e+06  2.24e+04   4.68e+00     4.48e-01   1030.291s
2060000 +6.19143650e+06 +6.21384388e+06  2.24e+04   4.67e+00     4.47e-01   1030.783s
2061000 +6.19142944e+06 +6.21383025e+06  2.24e+04   4.66e+00     4.47e-01   1031.275s
2062000 +6.19142660e+06 +6.21381177e+06  2.24e+04   4.65e+00     4.46e-01   1031.767s
2063000 +6.19142088e+06 +6.21379888e+06  2.24e+04   4.63e+00     4.46e-01   1032.260s
2064000 +6.19142020e+06 +6.21378710e+06  2.24e+04   4.61e+00     4.46e-01   1032.752s
2065000 +6.19141835e+06 +6.21377537e+06  2.24e+04   4.60e+00     4.45e-01   1033.245s
2066000 +6.19141421e+06 +6.21376325e+06  2.23e+04   4.59e+00     4.46e-01   1033.737s
2067000 +6.19140485e+06 +6.21375675e+06  2.24e+04   4.58e+00     4.45e-01   1034.229s
2068000 +6.19139749e+06 +6.21374620e+06  2.23e+04   4.58e+00     4.45e-01   1034.721s
2069000 +6.19139142e+06 +6.21372094e+06  2.23e+04   4.57e+00     4.44e-01   1035.213s
2070000 +6.19138980e+06 +6.21369622e+06  2.23e+04   4.56e+00     4.44e-01   1035.706s
2071000 +6.19138730e+06 +6.21367400e+06  2.23e+04   4.55e+00     4.44e-01   1036.198s
2072000 +6.19137991e+06 +6.21365801e+06  2.23e+04   4.53e+00     4.44e-01   1036.691s
2073000 +6.19138141e+06 +6.21364246e+06  2.23e+04   4.51e+00     4.44e-01   1037.183s
2074000 +6.19137187e+06 +6.21362588e+06  2.23e+04   4.51e+00     4.43e-01   1037.675s
2075000 +6.19136155e+06 +6.21360692e+06  2.22e+04   4.51e+00     4.43e-01   1038.168s
2076000 +6.19135314e+06 +6.21358834e+06  2.22e+04   4.49e+00     4.43e-01   1038.660s
2077000 +6.19134786e+06 +6.21357526e+06  2.22e+04   4.49e+00     4.42e-01   1039.152s
2078000 +6.19134786e+06 +6.21355982e+06  2.22e+04   4.48e+00     4.42e-01   1039.644s
2079000 +6.19134616e+06 +6.21354906e+06  2.22e+04   4.45e+00     4.42e-01   1040.137s
2080000 +6.19134307e+06 +6.21352759e+06  2.22e+04   4.44e+00     4.42e-01   1040.629s
2081000 +6.19134027e+06 +6.21351021e+06  2.22e+04   4.43e+00     4.41e-01   1041.121s
2082000 +6.19134017e+06 +6.21349607e+06  2.22e+04   4.41e+00     4.41e-01   1041.613s
2083000 +6.19134195e+06 +6.21347936e+06  2.21e+04   4.38e+00     4.40e-01   1042.105s
2084000 +6.19134136e+06 +6.21346904e+06  2.21e+04   4.36e+00     4.40e-01   1042.597s
2085000 +6.19133842e+06 +6.21346186e+06  2.21e+04   4.35e+00     4.40e-01   1043.090s
2086000 +6.19133075e+06 +6.21345339e+06  2.21e+04   4.34e+00     4.40e-01   1043.582s
2087000 +6.19132238e+06 +6.21344111e+06  2.21e+04   4.33e+00     4.39e-01   1044.074s
2088000 +6.19131673e+06 +6.21341853e+06  2.21e+04   4.32e+00     4.39e-01   1044.566s
2089000 +6.19131265e+06 +6.21339951e+06  2.21e+04   4.31e+00     4.38e-01   1045.058s
2090000 +6.19131306e+06 +6.21337698e+06  2.21e+04   4.29e+00     4.38e-01   1045.550s
2091000 +6.19131180e+06 +6.21336354e+06  2.21e+04   4.27e+00     4.38e-01   1046.043s
2092000 +6.19131141e+06 +6.21334666e+06  2.20e+04   4.25e+00     4.37e-01   1046.535s
2093000 +6.19130865e+06 +6.21333542e+06  2.20e+04   4.25e+00     4.36e-01   1047.027s
2094000 +6.19130370e+06 +6.21332316e+06  2.20e+04   4.23e+00     4.37e-01   1047.519s
2095000 +6.19129809e+06 +6.21330855e+06  2.20e+04   4.21e+00     4.37e-01   1048.011s
2096000 +6.19129176e+06 +6.21329669e+06  2.20e+04   4.21e+00     4.35e-01   1048.503s
2097000 +6.19128281e+06 +6.21328091e+06  2.20e+04   4.21e+00     4.36e-01   1048.996s
2098000 +6.19128008e+06 +6.21326209e+06  2.20e+04   4.19e+00     4.36e-01   1049.488s
2099000 +6.19127294e+06 +6.21324582e+06  2.20e+04   4.18e+00     4.35e-01   1049.980s
2100000 +6.19126879e+06 +6.21322642e+06  2.20e+04   4.18e+00     4.35e-01   1050.473s
2101000 +6.19126681e+06 +6.21320860e+06  2.19e+04   4.16e+00     4.34e-01   1050.965s
2102000 +6.19126377e+06 +6.21318449e+06  2.19e+04   4.14e+00     4.34e-01   1051.457s
2103000 +6.19125821e+06 +6.21316025e+06  2.19e+04   4.13e+00     4.33e-01   1051.950s
2104000 +6.19125371e+06 +6.21314641e+06  2.19e+04   4.12e+00     4.33e-01   1052.442s
2105000 +6.19124915e+06 +6.21313937e+06  2.19e+04   4.11e+00     4.33e-01   1052.934s
2106000 +6.19124473e+06 +6.21312904e+06  2.19e+04   4.09e+00     4.33e-01   1053.426s
2107000 +6.19123803e+06 +6.21311463e+06  2.19e+04   4.09e+00     4.32e-01   1053.918s
2108000 +6.19122856e+06 +6.21310323e+06  2.19e+04   4.08e+00     4.32e-01   1054.410s
2109000 +6.19122566e+06 +6.21309047e+06  2.19e+04   4.08e+00     4.32e-01   1054.902s
2110000 +6.19122196e+06 +6.21307271e+06  2.19e+04   4.07e+00     4.32e-01   1055.395s
2111000 +6.19121537e+06 +6.21305750e+06  2.18e+04   4.06e+00     4.32e-01   1055.887s
2112000 +6.19121523e+06 +6.21303943e+06  2.18e+04   4.04e+00     4.32e-01   1056.379s
2113000 +6.19120657e+06 +6.21301942e+06  2.18e+04   4.04e+00     4.31e-01   1056.871s
2114000 +6.19120031e+06 +6.21300782e+06  2.18e+04   4.03e+00     4.31e-01   1057.364s
2115000 +6.19119243e+06 +6.21299483e+06  2.18e+04   4.02e+00     4.32e-01   1057.856s
2116000 +6.19118286e+06 +6.21298653e+06  2.18e+04   4.01e+00     4.31e-01   1058.348s
2117000 +6.19117192e+06 +6.21298094e+06  2.18e+04   4.01e+00     4.31e-01   1058.840s
2118000 +6.19116010e+06 +6.21296818e+06  2.18e+04   4.01e+00     4.30e-01   1059.332s
2119000 +6.19115549e+06 +6.21295151e+06  2.18e+04   4.00e+00     4.30e-01   1059.825s
2120000 +6.19114991e+06 +6.21293160e+06  2.18e+04   3.99e+00     4.29e-01   1060.317s
2121000 +6.19114276e+06 +6.21291602e+06  2.18e+04   3.97e+00     4.29e-01   1060.809s
2122000 +6.19113617e+06 +6.21290614e+06  2.18e+04   3.97e+00     4.30e-01   1061.301s
2123000 +6.19112750e+06 +6.21288231e+06  2.18e+04   3.97e+00     4.29e-01   1061.793s
2124000 +6.19111129e+06 +6.21286415e+06  2.18e+04   3.97e+00     4.29e-01   1062.285s
2125000 +6.19110136e+06 +6.21285064e+06  2.17e+04   3.96e+00     4.29e-01   1062.777s
2126000 +6.19109659e+06 +6.21284375e+06  2.17e+04   3.95e+00     4.28e-01   1063.269s
2127000 +6.19108999e+06 +6.21283347e+06  2.17e+04   3.95e+00     4.28e-01   1063.761s
2128000 +6.19108045e+06 +6.21281953e+06  2.17e+04   3.95e+00     4.28e-01   1064.253s
2129000 +6.19107312e+06 +6.21280474e+06  2.17e+04   3.94e+00     4.27e-01   1064.746s
2130000 +6.19106354e+06 +6.21279204e+06  2.17e+04   3.94e+00     4.28e-01   1065.238s
2131000 +6.19105495e+06 +6.21277722e+06  2.17e+04   3.95e+00     4.27e-01   1065.730s
2132000 +6.19104836e+06 +6.21276701e+06  2.17e+04   3.93e+00     4.27e-01   1066.222s
2133000 +6.19104047e+06 +6.21275978e+06  2.17e+04   3.93e+00     4.26e-01   1066.714s
2134000 +6.19103421e+06 +6.21274396e+06  2.17e+04   3.93e+00     4.26e-01   1067.207s
2135000 +6.19103107e+06 +6.21272849e+06  2.17e+04   3.92e+00     4.26e-01   1067.699s
2136000 +6.19102295e+06 +6.21271886e+06  2.17e+04   3.92e+00     4.26e-01   1068.191s
2137000 +6.19101870e+06 +6.21270081e+06  2.17e+04   3.91e+00     4.25e-01   1068.683s
2138000 +6.19100873e+06 +6.21268784e+06  2.17e+04   3.91e+00     4.25e-01   1069.175s
2139000 +6.19100306e+06 +6.21267383e+06  2.17e+04   3.91e+00     4.24e-01   1069.667s
2140000 +6.19099694e+06 +6.21266064e+06  2.17e+04   3.90e+00     4.24e-01   1070.159s
2141000 +6.19099586e+06 +6.21264350e+06  2.16e+04   3.89e+00     4.24e-01   1070.651s
2142000 +6.19098983e+06 +6.21262447e+06  2.16e+04   3.89e+00     4.24e-01   1071.144s
2143000 +6.19098239e+06 +6.21260796e+06  2.16e+04   3.89e+00     4.23e-01   1071.636s
2144000 +6.19097626e+06 +6.21259800e+06  2.16e+04   3.88e+00     4.23e-01   1072.128s
2145000 +6.19096599e+06 +6.21258880e+06  2.16e+04   3.87e+00     4.23e-01   1072.620s
2146000 +6.19095978e+06 +6.21257840e+06  2.16e+04   3.87e+00     4.22e-01   1073.112s
2147000 +6.19095277e+06 +6.21256417e+06  2.16e+04   3.86e+00     4.22e-01   1073.604s
2148000 +6.19094436e+06 +6.21255275e+06  2.16e+04   3.85e+00     4.23e-01   1074.096s
2149000 +6.19094364e+06 +6.21253713e+06  2.16e+04   3.84e+00     4.22e-01   1074.588s
2150000 +6.19094180e+06 +6.21252935e+06  2.16e+04   3.82e+00     4.22e-01   1075.080s
2151000 +6.19093409e+06 +6.21251798e+06  2.16e+04   3.81e+00     4.22e-01   1075.573s
2152000 +6.19092961e+06 +6.21250572e+06  2.16e+04   3.79e+00     4.21e-01   1076.065s
2153000 +6.19092395e+06 +6.21249557e+06  2.16e+04   3.78e+00     4.22e-01   1076.557s
2154000 +6.19104553e+06 +6.21233149e+06  2.13e+04   3.81e+00     4.21e-01   1077.050s
2155000 +6.19155942e+06 +6.21196536e+06  2.04e+04   4.12e+00     4.19e-01   1077.541s
2156000 +6.19217500e+06 +6.21151035e+06  1.93e+04   4.88e+00     4.16e-01   1078.033s
2157000 +6.19274216e+06 +6.21111359e+06  1.84e+04   5.81e+00     4.12e-01   1078.525s
2158000 +6.19324234e+06 +6.21067584e+06  1.74e+04   6.75e+00     4.08e-01   1079.017s
2159000 +6.19371384e+06 +6.21022181e+06  1.65e+04   7.96e+00     4.03e-01   1079.509s
2160000 +6.19409525e+06 +6.20974506e+06  1.56e+04   8.96e+00     3.98e-01   1080.001s
2161000 +6.19434789e+06 +6.20927897e+06  1.49e+04   9.79e+00     3.92e-01   1080.493s
2162000 +6.19455833e+06 +6.20880712e+06  1.42e+04   1.09e+01     3.87e-01   1080.986s
2163000 +6.19487193e+06 +6.20834767e+06  1.35e+04   1.17e+01     3.81e-01   1081.477s
2164000 +6.19488316e+06 +6.20790583e+06  1.30e+04   1.23e+01     3.74e-01   1081.970s
2165000 +6.19508408e+06 +6.20747005e+06  1.24e+04   1.30e+01     3.69e-01   1082.462s
2166000 +6.19508531e+06 +6.20705344e+06  1.20e+04   1.36e+01     3.62e-01   1082.954s
2167000 +6.19515836e+06 +6.20665271e+06  1.15e+04   1.40e+01     3.55e-01   1083.446s
2168000 +6.19478829e+06 +6.20629046e+06  1.15e+04   1.46e+01     3.50e-01   1083.938s
2169000 +6.19456577e+06 +6.20593913e+06  1.14e+04   1.49e+01     3.43e-01   1084.431s
2170000 +6.19438141e+06 +6.20557739e+06  1.12e+04   1.53e+01     3.38e-01   1084.923s
2171000 +6.19412657e+06 +6.20523033e+06  1.11e+04   1.54e+01     3.31e-01   1085.415s
2172000 +6.19405289e+06 +6.20487064e+06  1.08e+04   1.57e+01     3.26e-01   1085.907s
2173000 +6.19369464e+06 +6.20454156e+06  1.08e+04   1.58e+01     3.20e-01   1086.399s
2174000 +6.19358031e+06 +6.20423424e+06  1.07e+04   1.58e+01     3.15e-01   1086.891s
2175000 +6.19328434e+06 +6.20395525e+06  1.07e+04   1.61e+01     3.10e-01   1087.384s
2176000 +6.19299781e+06 +6.20368945e+06  1.07e+04   1.62e+01     3.07e-01   1087.876s
2177000 +6.19275679e+06 +6.20343482e+06  1.07e+04   1.62e+01     3.02e-01   1088.368s
2178000 +6.19247268e+06 +6.20317404e+06  1.07e+04   1.64e+01     2.97e-01   1088.860s
2179000 +6.19230852e+06 +6.20292722e+06  1.06e+04   1.65e+01     2.94e-01   1089.352s
2180000 +6.19210439e+06 +6.20270537e+06  1.06e+04   1.63e+01     2.90e-01   1089.845s
2181000 +6.19196633e+06 +6.20247409e+06  1.05e+04   1.64e+01     2.87e-01   1090.337s
2182000 +6.19174581e+06 +6.20225977e+06  1.05e+04   1.64e+01     2.84e-01   1090.829s
2183000 +6.19152645e+06 +6.20204763e+06  1.05e+04   1.65e+01     2.80e-01   1091.321s
2184000 +6.19141802e+06 +6.20184960e+06  1.04e+04   1.61e+01     2.77e-01   1091.813s
2185000 +6.19129775e+06 +6.20167101e+06  1.04e+04   1.59e+01     2.75e-01   1092.306s
2186000 +6.19105752e+06 +6.20148581e+06  1.04e+04   1.57e+01     2.72e-01   1092.798s
2187000 +6.19099430e+06 +6.20131220e+06  1.03e+04   1.55e+01     2.69e-01   1093.290s
2188000 +6.19088098e+06 +6.20112642e+06  1.02e+04   1.53e+01     2.66e-01   1093.782s
2189000 +6.19070957e+06 +6.20096011e+06  1.03e+04   1.49e+01     2.64e-01   1094.274s
2190000 +6.19055942e+06 +6.20077917e+06  1.02e+04   1.44e+01     2.61e-01   1094.767s
2191000 +6.19045238e+06 +6.20061753e+06  1.02e+04   1.40e+01     2.58e-01   1095.260s
2192000 +6.19031723e+06 +6.20045110e+06  1.01e+04   1.38e+01     2.54e-01   1095.752s
2193000 +6.19011912e+06 +6.20027152e+06  1.02e+04   1.32e+01     2.51e-01   1096.244s
2194000 +6.18997755e+06 +6.20009633e+06  1.01e+04   1.28e+01     2.48e-01   1096.736s
2195000 +6.18986939e+06 +6.19992697e+06  1.01e+04   1.25e+01     2.44e-01   1097.229s
2196000 +6.18969574e+06 +6.19976318e+06  1.01e+04   1.20e+01     2.41e-01   1097.721s
2197000 +6.18955181e+06 +6.19959097e+06  1.00e+04   1.16e+01     2.38e-01   1098.213s
2198000 +6.18950244e+06 +6.19942765e+06  9.93e+03   1.13e+01     2.36e-01   1098.705s
2199000 +6.18935515e+06 +6.19926351e+06  9.91e+03   1.10e+01     2.34e-01   1099.198s
2200000 +6.18927302e+06 +6.19911044e+06  9.84e+03   1.05e+01     2.31e-01   1099.690s
2201000 +6.18919749e+06 +6.19896703e+06  9.77e+03   1.02e+01     2.29e-01   1100.182s
2202000 +6.18902794e+06 +6.19883793e+06  9.81e+03   9.84e+00     2.26e-01   1100.675s
2203000 +6.18889223e+06 +6.19872680e+06  9.83e+03   9.57e+00     2.24e-01   1101.167s
2204000 +6.18874764e+06 +6.19861018e+06  9.86e+03   9.31e+00     2.22e-01   1101.659s
2205000 +6.18864533e+06 +6.19849262e+06  9.85e+03   9.12e+00     2.19e-01   1102.152s
2206000 +6.18842805e+06 +6.19836473e+06  9.94e+03   8.81e+00     2.17e-01   1102.644s
2207000 +6.18832526e+06 +6.19824854e+06  9.92e+03   8.60e+00     2.15e-01   1103.137s
2208000 +6.18811165e+06 +6.19813158e+06  1.00e+04   8.43e+00     2.13e-01   1103.630s
2209000 +6.18806320e+06 +6.19802156e+06  9.96e+03   8.29e+00     2.11e-01   1104.122s
2210000 +6.18804845e+06 +6.19791878e+06  9.87e+03   8.23e+00     2.09e-01   1104.614s
2211000 +6.18800261e+06 +6.19781283e+06  9.81e+03   8.37e+00     2.07e-01   1105.106s
2212000 +6.18794754e+06 +6.19770449e+06  9.76e+03   8.36e+00     2.05e-01   1105.598s
2213000 +6.18791101e+06 +6.19759712e+06  9.69e+03   8.37e+00     2.02e-01   1106.091s
2214000 +6.18786914e+06 +6.19749519e+06  9.63e+03   8.29e+00     2.01e-01   1106.583s
2215000 +6.18778946e+06 +6.19739715e+06  9.61e+03   8.19e+00     2.00e-01   1107.075s
2216000 +6.18771145e+06 +6.19730060e+06  9.59e+03   8.12e+00     1.98e-01   1107.568s
2217000 +6.18767953e+06 +6.19721174e+06  9.53e+03   8.31e+00     1.97e-01   1108.060s
2218000 +6.18765251e+06 +6.19711901e+06  9.47e+03   8.52e+00     1.96e-01   1108.552s
2219000 +6.18763409e+06 +6.19702166e+06  9.39e+03   8.57e+00     1.94e-01   1109.045s
2220000 +6.18755773e+06 +6.19693532e+06  9.38e+03   8.42e+00     1.92e-01   1109.537s
2221000 +6.18750362e+06 +6.19684766e+06  9.34e+03   8.43e+00     1.90e-01   1110.029s
2222000 +6.18750376e+06 +6.19675860e+06  9.25e+03   8.58e+00     1.90e-01   1110.522s
2223000 +6.18742643e+06 +6.19666919e+06  9.24e+03   8.69e+00     1.88e-01   1111.013s
2224000 +6.18741226e+06 +6.19658406e+06  9.17e+03   8.72e+00     1.87e-01   1111.506s
2225000 +6.18735731e+06 +6.19650773e+06  9.15e+03   8.68e+00     1.86e-01   1111.999s
2226000 +6.18728320e+06 +6.19641978e+06  9.14e+03   8.67e+00     1.84e-01   1112.491s
2227000 +6.18723410e+06 +6.19634414e+06  9.11e+03   8.72e+00     1.83e-01   1112.983s
2228000 +6.18716037e+06 +6.19628186e+06  9.12e+03   8.70e+00     1.82e-01   1113.475s
2229000 +6.18715693e+06 +6.19621401e+06  9.06e+03   8.68e+00     1.81e-01   1113.968s
2230000 +6.18705675e+06 +6.19614609e+06  9.09e+03   8.65e+00     1.80e-01   1114.460s
2231000 +6.18705415e+06 +6.19607785e+06  9.02e+03   8.81e+00     1.78e-01   1114.952s
2232000 +6.18706922e+06 +6.19600648e+06  8.94e+03   8.99e+00     1.77e-01   1115.445s
2233000 +6.18700869e+06 +6.19593631e+06  8.93e+03   8.97e+00     1.76e-01   1115.937s
2234000 +6.18692661e+06 +6.19586227e+06  8.94e+03   9.00e+00     1.75e-01   1116.429s
2235000 +6.18689658e+06 +6.19578755e+06  8.89e+03   9.18e+00     1.75e-01   1116.921s
2236000 +6.18685409e+06 +6.19570492e+06  8.85e+03   9.23e+00     1.74e-01   1117.414s
2237000 +6.18686504e+06 +6.19563042e+06  8.77e+03   9.14e+00     1.73e-01   1117.906s
2238000 +6.18682784e+06 +6.19555159e+06  8.72e+03   9.27e+00     1.71e-01   1118.398s
2239000 +6.18677174e+06 +6.19547583e+06  8.70e+03   9.47e+00     1.70e-01   1118.890s
2240000 +6.18669126e+06 +6.19541143e+06  8.72e+03   9.52e+00     1.69e-01   1119.383s
2241000 +6.18671092e+06 +6.19532405e+06  8.61e+03   9.55e+00     1.69e-01   1119.875s
2242000 +6.18661407e+06 +6.19525327e+06  8.64e+03   9.67e+00     1.68e-01   1120.367s
2243000 +6.18660495e+06 +6.19518700e+06  8.58e+03   9.85e+00     1.67e-01   1120.859s
2244000 +6.18655458e+06 +6.19512644e+06  8.57e+03   9.85e+00     1.66e-01   1121.351s
2245000 +6.18651254e+06 +6.19506117e+06  8.55e+03   9.89e+00     1.65e-01   1121.844s
2246000 +6.18641547e+06 +6.19499695e+06  8.58e+03   9.77e+00     1.64e-01   1122.336s
2247000 +6.18637855e+06 +6.19492346e+06  8.54e+03   9.86e+00     1.63e-01   1122.828s
2248000 +6.18636594e+06 +6.19485684e+06  8.49e+03   1.00e+01     1.63e-01   1123.321s
2249000 +6.18632771e+06 +6.19479171e+06  8.46e+03   1.01e+01     1.62e-01   1123.813s
2250000 +6.18631521e+06 +6.19472896e+06  8.41e+03   1.00e+01     1.61e-01   1124.305s
2251000 +6.18624736e+06 +6.19466337e+06  8.42e+03   1.01e+01     1.60e-01   1124.798s
2252000 +6.18621088e+06 +6.19459825e+06  8.39e+03   1.01e+01     1.59e-01   1125.291s
2253000 +6.18616782e+06 +6.19453707e+06  8.37e+03   9.97e+00     1.58e-01   1125.784s
2254000 +6.18614056e+06 +6.19447415e+06  8.33e+03   1.01e+01     1.57e-01   1126.276s
2255000 +6.18613402e+06 +6.19440931e+06  8.28e+03   1.03e+01     1.56e-01   1126.768s
2256000 +6.18613470e+06 +6.19434886e+06  8.21e+03   1.02e+01     1.55e-01   1127.260s
2257000 +6.18609234e+06 +6.19428760e+06  8.20e+03   1.01e+01     1.54e-01   1127.752s
2258000 +6.18605947e+06 +6.19423252e+06  8.17e+03   1.02e+01     1.54e-01   1128.244s
2259000 +6.18605935e+06 +6.19418371e+06  8.12e+03   1.02e+01     1.53e-01   1128.736s
2260000 +6.18605519e+06 +6.19412958e+06  8.07e+03   1.02e+01     1.52e-01   1129.228s
2261000 +6.18603858e+06 +6.19407523e+06  8.04e+03   1.02e+01     1.51e-01   1129.720s
2262000 +6.18597816e+06 +6.19402456e+06  8.05e+03   1.03e+01     1.50e-01   1130.212s
2263000 +6.18596426e+06 +6.19396992e+06  8.01e+03   1.03e+01     1.49e-01   1130.704s
2264000 +6.18592201e+06 +6.19391040e+06  7.99e+03   1.03e+01     1.48e-01   1131.196s
2265000 +6.18589220e+06 +6.19385347e+06  7.96e+03   1.01e+01     1.48e-01   1131.689s
2266000 +6.18587933e+06 +6.19379805e+06  7.92e+03   1.01e+01     1.47e-01   1132.181s
2267000 +6.18582845e+06 +6.19373547e+06  7.91e+03   1.02e+01     1.45e-01   1132.673s
2268000 +6.18580738e+06 +6.19367622e+06  7.87e+03   1.02e+01     1.44e-01   1133.165s
2269000 +6.18575571e+06 +6.19361997e+06  7.86e+03   1.01e+01     1.44e-01   1133.657s
2270000 +6.18574776e+06 +6.19356643e+06  7.82e+03   1.01e+01     1.43e-01   1134.150s
2271000 +6.18568125e+06 +6.19351732e+06  7.84e+03   1.02e+01     1.42e-01   1134.641s
2272000 +6.18564134e+06 +6.19346434e+06  7.82e+03   1.01e+01     1.41e-01   1135.133s
2273000 +6.18561560e+06 +6.19341492e+06  7.80e+03   1.01e+01     1.40e-01   1135.625s
2274000 +6.18558567e+06 +6.19335929e+06  7.77e+03   1.02e+01     1.40e-01   1136.117s
2275000 +6.18553950e+06 +6.19330970e+06  7.77e+03   1.02e+01     1.39e-01   1136.610s
2276000 +6.18550988e+06 +6.19326136e+06  7.75e+03   1.02e+01     1.39e-01   1137.102s
2277000 +6.18548088e+06 +6.19320890e+06  7.73e+03   1.02e+01     1.37e-01   1137.594s
2278000 +6.18544422e+06 +6.19316193e+06  7.72e+03   1.03e+01     1.37e-01   1138.087s
2279000 +6.18536497e+06 +6.19311889e+06  7.75e+03   1.02e+01     1.36e-01   1138.579s
2280000 +6.18534062e+06 +6.19307741e+06  7.74e+03   1.02e+01     1.36e-01   1139.071s
2281000 +6.18531207e+06 +6.19303440e+06  7.72e+03   1.04e+01     1.36e-01   1139.563s
2282000 +6.18524968e+06 +6.19299313e+06  7.74e+03   1.04e+01     1.35e-01   1140.055s
2283000 +6.18521084e+06 +6.19294958e+06  7.74e+03   1.04e+01     1.34e-01   1140.548s
2284000 +6.18519468e+06 +6.19290946e+06  7.71e+03   1.03e+01     1.34e-01   1141.040s
2285000 +6.18516707e+06 +6.19286736e+06  7.70e+03   1.04e+01     1.33e-01   1141.532s
2286000 +6.18514810e+06 +6.19282001e+06  7.67e+03   1.05e+01     1.33e-01   1142.024s
2287000 +6.18512772e+06 +6.19277007e+06  7.64e+03   1.06e+01     1.32e-01   1142.516s
2288000 +6.18513854e+06 +6.19271919e+06  7.58e+03   1.06e+01     1.31e-01   1143.009s
2289000 +6.18512369e+06 +6.19267423e+06  7.55e+03   1.07e+01     1.31e-01   1143.501s
2290000 +6.18516540e+06 +6.19263412e+06  7.47e+03   1.09e+01     1.30e-01   1143.994s
2291000 +6.18515173e+06 +6.19258909e+06  7.44e+03   1.09e+01     1.30e-01   1144.486s
2292000 +6.18515968e+06 +6.19254352e+06  7.38e+03   1.09e+01     1.29e-01   1144.978s
2293000 +6.18515469e+06 +6.19249955e+06  7.34e+03   1.11e+01     1.29e-01   1145.470s
2294000 +6.18510356e+06 +6.19245958e+06  7.36e+03   1.11e+01     1.28e-01   1145.962s
2295000 +6.18511590e+06 +6.19242023e+06  7.30e+03   1.11e+01     1.27e-01   1146.454s
2296000 +6.18511861e+06 +6.19238328e+06  7.26e+03   1.13e+01     1.27e-01   1146.947s
2297000 +6.18510461e+06 +6.19234503e+06  7.24e+03   1.14e+01     1.27e-01   1147.439s
2298000 +6.18506639e+06 +6.19230237e+06  7.24e+03   1.14e+01     1.27e-01   1147.931s
2299000 +6.18504073e+06 +6.19226218e+06  7.22e+03   1.15e+01     1.26e-01   1148.423s
2300000 +6.18504980e+06 +6.19222485e+06  7.18e+03   1.15e+01     1.26e-01   1148.915s
2301000 +6.18503109e+06 +6.19218396e+06  7.15e+03   1.15e+01     1.25e-01   1149.408s
2302000 +6.18501985e+06 +6.19214341e+06  7.12e+03   1.17e+01     1.24e-01   1149.900s
2303000 +6.18501659e+06 +6.19209971e+06  7.08e+03   1.18e+01     1.24e-01   1150.392s
2304000 +6.18504302e+06 +6.19205361e+06  7.01e+03   1.19e+01     1.23e-01   1150.885s
2305000 +6.18502975e+06 +6.19201127e+06  6.98e+03   1.20e+01     1.23e-01   1151.377s
2306000 +6.18499975e+06 +6.19197129e+06  6.97e+03   1.20e+01     1.23e-01   1151.869s
2307000 +6.18496231e+06 +6.19193146e+06  6.97e+03   1.20e+01     1.22e-01   1152.362s
2308000 +6.18496877e+06 +6.19189361e+06  6.92e+03   1.21e+01     1.22e-01   1152.854s
2309000 +6.18494673e+06 +6.19185270e+06  6.91e+03   1.22e+01     1.21e-01   1153.346s
2310000 +6.18493792e+06 +6.19181159e+06  6.87e+03   1.22e+01     1.21e-01   1153.838s
2311000 +6.18484635e+06 +6.19177270e+06  6.93e+03   1.21e+01     1.20e-01   1154.330s
2312000 +6.18482055e+06 +6.19173611e+06  6.92e+03   1.23e+01     1.19e-01   1154.822s
2313000 +6.18483522e+06 +6.19169515e+06  6.86e+03   1.23e+01     1.19e-01   1155.315s
2314000 +6.18483721e+06 +6.19166678e+06  6.83e+03   1.23e+01     1.18e-01   1155.807s
2315000 +6.18481500e+06 +6.19163991e+06  6.82e+03   1.24e+01     1.17e-01   1156.300s
2316000 +6.18481102e+06 +6.19161075e+06  6.80e+03   1.25e+01     1.17e-01   1156.792s
2317000 +6.18477010e+06 +6.19156703e+06  6.80e+03   1.24e+01     1.17e-01   1157.284s
2318000 +6.18474971e+06 +6.19153332e+06  6.78e+03   1.23e+01     1.16e-01   1157.777s
2319000 +6.18473282e+06 +6.19149925e+06  6.77e+03   1.24e+01     1.16e-01   1158.269s
2320000 +6.18470850e+06 +6.19146604e+06  6.76e+03   1.25e+01     1.15e-01   1158.761s
2321000 +6.18471983e+06 +6.19142771e+06  6.71e+03   1.26e+01     1.14e-01   1159.253s
2322000 +6.18467408e+06 +6.19139020e+06  6.72e+03   1.25e+01     1.14e-01   1159.746s
2323000 +6.18465945e+06 +6.19135409e+06  6.69e+03   1.25e+01     1.14e-01   1160.238s
2324000 +6.18463047e+06 +6.19131659e+06  6.69e+03   1.26e+01     1.13e-01   1160.730s
2325000 +6.18461402e+06 +6.19128254e+06  6.67e+03   1.26e+01     1.13e-01   1161.223s
2326000 +6.18462440e+06 +6.19124617e+06  6.62e+03   1.26e+01     1.12e-01   1161.715s
2327000 +6.18460711e+06 +6.19119661e+06  6.59e+03   1.27e+01     1.12e-01   1162.207s
2328000 +6.18460019e+06 +6.19115946e+06  6.56e+03   1.28e+01     1.11e-01   1162.699s
2329000 +6.18461063e+06 +6.19112179e+06  6.51e+03   1.28e+01     1.11e-01   1163.191s
2330000 +6.18457913e+06 +6.19108173e+06  6.50e+03   1.28e+01     1.10e-01   1163.684s
2331000 +6.18451624e+06 +6.19104340e+06  6.53e+03   1.28e+01     1.10e-01   1164.176s
2332000 +6.18451036e+06 +6.19100576e+06  6.50e+03   1.28e+01     1.09e-01   1164.669s
2333000 +6.18451098e+06 +6.19096615e+06  6.46e+03   1.28e+01     1.09e-01   1165.162s
2334000 +6.18449043e+06 +6.19093043e+06  6.44e+03   1.29e+01     1.08e-01   1165.654s
2335000 +6.18446095e+06 +6.19089465e+06  6.43e+03   1.30e+01     1.08e-01   1166.147s
2336000 +6.18445304e+06 +6.19085777e+06  6.40e+03   1.29e+01     1.07e-01   1166.639s
2337000 +6.18441518e+06 +6.19082064e+06  6.41e+03   1.29e+01     1.07e-01   1167.131s
2338000 +6.18441193e+06 +6.19078851e+06  6.38e+03   1.30e+01     1.06e-01   1167.624s
2339000 +6.18434503e+06 +6.19075136e+06  6.41e+03   1.30e+01     1.06e-01   1168.116s
2340000 +6.18433754e+06 +6.19072242e+06  6.38e+03   1.30e+01     1.06e-01   1168.608s
2341000 +6.18432233e+06 +6.19068491e+06  6.36e+03   1.31e+01     1.06e-01   1169.101s
2342000 +6.18430881e+06 +6.19064951e+06  6.34e+03   1.32e+01     1.05e-01   1169.593s
2343000 +6.18423700e+06 +6.19061922e+06  6.38e+03   1.31e+01     1.05e-01   1170.086s
2344000 +6.18425969e+06 +6.19058483e+06  6.33e+03   1.31e+01     1.05e-01   1170.578s
2345000 +6.18422919e+06 +6.19055947e+06  6.33e+03   1.32e+01     1.04e-01   1171.071s
2346000 +6.18420581e+06 +6.19052440e+06  6.32e+03   1.32e+01     1.04e-01   1171.563s
2347000 +6.18417386e+06 +6.19048900e+06  6.32e+03   1.33e+01     1.04e-01   1172.055s
2348000 +6.18416271e+06 +6.19044952e+06  6.29e+03   1.33e+01     1.03e-01   1172.548s
2349000 +6.18412830e+06 +6.19041219e+06  6.28e+03   1.33e+01     1.03e-01   1173.040s
2350000 +6.18410848e+06 +6.19037954e+06  6.27e+03   1.33e+01     1.02e-01   1173.532s
2351000 +6.18409144e+06 +6.19034324e+06  6.25e+03   1.34e+01     1.02e-01   1174.025s
2352000 +6.18404799e+06 +6.19030157e+06  6.25e+03   1.34e+01     1.01e-01   1174.517s
2353000 +6.18404000e+06 +6.19026808e+06  6.23e+03   1.34e+01     1.01e-01   1175.009s
2354000 +6.18404217e+06 +6.19023206e+06  6.19e+03   1.34e+01     1.00e-01   1175.501s
2355000 +6.18400761e+06 +6.19020222e+06  6.19e+03   1.35e+01     1.00e-01   1175.993s
2356000 +6.18395570e+06 +6.19017002e+06  6.21e+03   1.35e+01     9.98e-02   1176.485s
2357000 +6.18395339e+06 +6.19013867e+06  6.19e+03   1.35e+01     1.00e-01   1176.977s
2358000 +6.18395918e+06 +6.19010717e+06  6.15e+03   1.36e+01     9.97e-02   1177.470s
2359000 +6.18394822e+06 +6.19007365e+06  6.13e+03   1.36e+01     9.92e-02   1177.963s
2360000 +6.18390716e+06 +6.19004379e+06  6.14e+03   1.36e+01     9.89e-02   1178.455s
2361000 +6.18387863e+06 +6.19000833e+06  6.13e+03   1.36e+01     9.85e-02   1178.947s
2362000 +6.18386585e+06 +6.18997768e+06  6.11e+03   1.37e+01     9.83e-02   1179.440s
2363000 +6.18384458e+06 +6.18995392e+06  6.11e+03   1.37e+01     9.79e-02   1179.933s
2364000 +6.18382945e+06 +6.18991869e+06  6.09e+03   1.37e+01     9.74e-02   1180.425s
2365000 +6.18384033e+06 +6.18989603e+06  6.06e+03   1.39e+01     9.73e-02   1180.917s
2366000 +6.18382357e+06 +6.18986113e+06  6.04e+03   1.39e+01     9.72e-02   1181.410s
2367000 +6.18381747e+06 +6.18983787e+06  6.02e+03   1.39e+01     9.68e-02   1181.902s
2368000 +6.18380342e+06 +6.18980566e+06  6.00e+03   1.40e+01     9.62e-02   1182.394s
2369000 +6.18381234e+06 +6.18977849e+06  5.97e+03   1.41e+01     9.61e-02   1182.887s
2370000 +6.18381109e+06 +6.18974694e+06  5.94e+03   1.41e+01     9.59e-02   1183.379s
2371000 +6.18386941e+06 +6.18972528e+06  5.86e+03   1.42e+01     9.55e-02   1183.872s
2372000 +6.18383881e+06 +6.18969591e+06  5.86e+03   1.43e+01     9.54e-02   1184.364s
2373000 +6.18383140e+06 +6.18967088e+06  5.84e+03   1.44e+01     9.53e-02   1184.856s
2374000 +6.18383333e+06 +6.18964026e+06  5.81e+03   1.44e+01     9.50e-02   1185.349s
2375000 +6.18382493e+06 +6.18961392e+06  5.79e+03   1.44e+01     9.49e-02   1185.841s
2376000 +6.18381734e+06 +6.18958032e+06  5.76e+03   1.45e+01     9.44e-02   1186.334s
2377000 +6.18378722e+06 +6.18954159e+06  5.75e+03   1.46e+01     9.41e-02   1186.826s
2378000 +6.18378472e+06 +6.18951143e+06  5.73e+03   1.46e+01     9.37e-02   1187.318s
2379000 +6.18376956e+06 +6.18947742e+06  5.71e+03   1.45e+01     9.34e-02   1187.811s
2380000 +6.18375174e+06 +6.18945324e+06  5.70e+03   1.46e+01     9.32e-02   1188.303s
2381000 +6.18373530e+06 +6.18942379e+06  5.69e+03   1.46e+01     9.30e-02   1188.795s
2382000 +6.18371202e+06 +6.18939281e+06  5.68e+03   1.46e+01     9.23e-02   1189.287s
2383000 +6.18370881e+06 +6.18937004e+06  5.66e+03   1.48e+01     9.22e-02   1189.779s
2384000 +6.18366392e+06 +6.18933561e+06  5.67e+03   1.47e+01     9.16e-02   1190.272s
2385000 +6.18364282e+06 +6.18931081e+06  5.67e+03   1.47e+01     9.17e-02   1190.764s
2386000 +6.18362928e+06 +6.18928261e+06  5.65e+03   1.47e+01     9.12e-02   1191.256s
2387000 +6.18356250e+06 +6.18925667e+06  5.69e+03   1.47e+01     9.10e-02   1191.749s
2388000 +6.18356330e+06 +6.18922998e+06  5.67e+03   1.47e+01     9.10e-02   1192.241s
2389000 +6.18356507e+06 +6.18920226e+06  5.64e+03   1.48e+01     9.07e-02   1192.733s
2390000 +6.18352865e+06 +6.18917203e+06  5.64e+03   1.48e+01     9.03e-02   1193.225s
2391000 +6.18350013e+06 +6.18914787e+06  5.65e+03   1.47e+01     9.02e-02   1193.717s
2392000 +6.18343964e+06 +6.18912281e+06  5.68e+03   1.47e+01     9.00e-02   1194.210s
2393000 +6.18344302e+06 +6.18910080e+06  5.66e+03   1.48e+01     8.96e-02   1194.702s
2394000 +6.18341355e+06 +6.18908009e+06  5.67e+03   1.48e+01     8.95e-02   1195.194s
2395000 +6.18341191e+06 +6.18905936e+06  5.65e+03   1.48e+01     8.96e-02   1195.687s
2396000 +6.18345155e+06 +6.18903674e+06  5.59e+03   1.49e+01     8.93e-02   1196.180s
2397000 +6.18347054e+06 +6.18901157e+06  5.54e+03   1.51e+01     8.92e-02   1196.672s
2398000 +6.18348512e+06 +6.18898450e+06  5.50e+03   1.50e+01     8.87e-02   1197.165s
2399000 +6.18345004e+06 +6.18895854e+06  5.51e+03   1.50e+01     8.87e-02   1197.657s
2400000 +6.18343862e+06 +6.18892983e+06  5.49e+03   1.51e+01     8.82e-02   1198.150s
2401000 +6.18344150e+06 +6.18890360e+06  5.46e+03   1.52e+01     8.81e-02   1198.643s
2402000 +6.18343977e+06 +6.18887099e+06  5.43e+03   1.52e+01     8.82e-02   1199.135s
2403000 +6.18340376e+06 +6.18884814e+06  5.44e+03   1.52e+01     8.78e-02   1199.628s
2404000 +6.18338119e+06 +6.18882204e+06  5.44e+03   1.52e+01     8.75e-02   1200.120s
2405000 +6.18336862e+06 +6.18879837e+06  5.43e+03   1.52e+01     8.73e-02   1200.612s
2406000 +6.18334736e+06 +6.18877515e+06  5.43e+03   1.52e+01     8.72e-02   1201.104s
2407000 +6.18332465e+06 +6.18875447e+06  5.43e+03   1.52e+01     8.69e-02   1201.596s
2408000 +6.18330875e+06 +6.18873150e+06  5.42e+03   1.52e+01     8.67e-02   1202.089s
2409000 +6.18328184e+06 +6.18870819e+06  5.43e+03   1.53e+01     8.67e-02   1202.581s
2410000 +6.18328578e+06 +6.18868481e+06  5.40e+03   1.54e+01     8.64e-02   1203.074s
2411000 +6.18326820e+06 +6.18866523e+06  5.40e+03   1.54e+01     8.62e-02   1203.566s
2412000 +6.18324836e+06 +6.18863933e+06  5.39e+03   1.54e+01     8.61e-02   1204.058s
2413000 +6.18325473e+06 +6.18861887e+06  5.36e+03   1.54e+01     8.59e-02   1204.550s
2414000 +6.18319486e+06 +6.18859059e+06  5.40e+03   1.54e+01     8.56e-02   1205.043s
2415000 +6.18316959e+06 +6.18856241e+06  5.39e+03   1.55e+01     8.56e-02   1205.535s
2416000 +6.18315997e+06 +6.18853801e+06  5.38e+03   1.55e+01     8.54e-02   1206.027s
2417000 +6.18314017e+06 +6.18851446e+06  5.37e+03   1.54e+01     8.53e-02   1206.520s
2418000 +6.18310705e+06 +6.18849045e+06  5.38e+03   1.55e+01     8.49e-02   1207.012s
2419000 +6.18311697e+06 +6.18846718e+06  5.35e+03   1.56e+01     8.47e-02   1207.504s
2420000 +6.18309679e+06 +6.18844326e+06  5.35e+03   1.55e+01     8.43e-02   1207.997s
2421000 +6.18304833e+06 +6.18841905e+06  5.37e+03   1.55e+01     8.40e-02   1208.489s
2422000 +6.18301914e+06 +6.18839294e+06  5.37e+03   1.56e+01     8.38e-02   1208.981s
2423000 +6.18297107e+06 +6.18836621e+06  5.40e+03   1.56e+01     8.37e-02   1209.473s
2424000 +6.18290087e+06 +6.18834001e+06  5.44e+03   1.55e+01     8.35e-02   1209.966s
2425000 +6.18285196e+06 +6.18831425e+06  5.46e+03   1.54e+01     8.34e-02   1210.458s
2426000 +6.18284120e+06 +6.18828992e+06  5.45e+03   1.54e+01     8.32e-02   1210.951s
2427000 +6.18283598e+06 +6.18826569e+06  5.43e+03   1.55e+01     8.31e-02   1211.443s
2428000 +6.18281801e+06 +6.18824212e+06  5.42e+03   1.56e+01     8.31e-02   1211.935s
2429000 +6.18277643e+06 +6.18821771e+06  5.44e+03   1.55e+01     8.30e-02   1212.428s
2430000 +6.18273156e+06 +6.18819598e+06  5.46e+03   1.55e+01     8.24e-02   1212.920s
2431000 +6.18270496e+06 +6.18817868e+06  5.47e+03   1.55e+01     8.22e-02   1213.412s
2432000 +6.18268592e+06 +6.18815473e+06  5.47e+03   1.56e+01     8.21e-02   1213.905s
2433000 +6.18265211e+06 +6.18814302e+06  5.49e+03   1.55e+01     8.17e-02   1214.397s
2434000 +6.18262421e+06 +6.18812054e+06  5.50e+03   1.56e+01     8.17e-02   1214.889s
2435000 +6.18259749e+06 +6.18810409e+06  5.51e+03   1.56e+01     8.14e-02   1215.382s
2436000 +6.18259771e+06 +6.18808595e+06  5.49e+03   1.56e+01     8.13e-02   1215.874s
2437000 +6.18257452e+06 +6.18806482e+06  5.49e+03   1.56e+01     8.09e-02   1216.367s
2438000 +6.18254810e+06 +6.18804387e+06  5.50e+03   1.57e+01     8.08e-02   1216.859s
2439000 +6.18252659e+06 +6.18801918e+06  5.49e+03   1.57e+01     8.06e-02   1217.352s
2440000 +6.18251118e+06 +6.18800069e+06  5.49e+03   1.56e+01     8.04e-02   1217.845s
2441000 +6.18249915e+06 +6.18797826e+06  5.48e+03   1.57e+01     8.04e-02   1218.338s
2442000 +6.18249468e+06 +6.18795399e+06  5.46e+03   1.58e+01     8.03e-02   1218.830s
2443000 +6.18244994e+06 +6.18793757e+06  5.49e+03   1.57e+01     8.01e-02   1219.322s
2444000 +6.18241622e+06 +6.18791142e+06  5.50e+03   1.57e+01     7.98e-02   1219.815s
2445000 +6.18239627e+06 +6.18789323e+06  5.50e+03   1.58e+01     7.94e-02   1220.307s
2446000 +6.18236207e+06 +6.18786726e+06  5.51e+03   1.57e+01     7.93e-02   1220.800s
2447000 +6.18231472e+06 +6.18785333e+06  5.54e+03   1.57e+01     7.91e-02   1221.292s
2448000 +6.18229154e+06 +6.18783370e+06  5.54e+03   1.57e+01     7.88e-02   1221.785s
2449000 +6.18225683e+06 +6.18780788e+06  5.55e+03   1.57e+01     7.88e-02   1222.277s
2450000 +6.18220919e+06 +6.18778210e+06  5.57e+03   1.57e+01     7.86e-02   1222.770s
2451000 +6.18220286e+06 +6.18775929e+06  5.56e+03   1.57e+01     7.83e-02   1223.262s
2452000 +6.18219711e+06 +6.18773723e+06  5.54e+03   1.57e+01     7.83e-02   1223.754s
2453000 +6.18215390e+06 +6.18771469e+06  5.56e+03   1.57e+01     7.80e-02   1224.247s
2454000 +6.18212201e+06 +6.18769242e+06  5.57e+03   1.57e+01     7.79e-02   1224.740s
2455000 +6.18207963e+06 +6.18766663e+06  5.59e+03   1.57e+01     7.77e-02   1225.232s
2456000 +6.18204768e+06 +6.18764944e+06  5.60e+03   1.57e+01     7.75e-02   1225.725s
2457000 +6.18201956e+06 +6.18763273e+06  5.61e+03   1.57e+01     7.75e-02   1226.217s
2458000 +6.18199015e+06 +6.18760510e+06  5.61e+03   1.56e+01     7.71e-02   1226.710s
2459000 +6.18194705e+06 +6.18758722e+06  5.64e+03   1.56e+01     7.69e-02   1227.202s
2460000 +6.18189163e+06 +6.18757170e+06  5.68e+03   1.56e+01     7.68e-02   1227.694s
2461000 +6.18188681e+06 +6.18755136e+06  5.66e+03   1.57e+01     7.67e-02   1228.187s
2462000 +6.18186969e+06 +6.18753548e+06  5.67e+03   1.57e+01     7.65e-02   1228.679s
2463000 +6.18183839e+06 +6.18751877e+06  5.68e+03   1.57e+01     7.65e-02   1229.171s
2464000 +6.18182406e+06 +6.18750260e+06  5.68e+03   1.57e+01     7.64e-02   1229.663s
2465000 +6.18178293e+06 +6.18748528e+06  5.70e+03   1.56e+01     7.62e-02   1230.156s
2466000 +6.18176014e+06 +6.18746831e+06  5.71e+03   1.57e+01     7.60e-02   1230.648s
2467000 +6.18175735e+06 +6.18745212e+06  5.69e+03   1.57e+01     7.59e-02   1231.141s
2468000 +6.18175901e+06 +6.18743440e+06  5.68e+03   1.57e+01     7.59e-02   1231.633s
2469000 +6.18173698e+06 +6.18741294e+06  5.68e+03   1.57e+01     7.55e-02   1232.125s
2470000 +6.18174129e+06 +6.18739392e+06  5.65e+03   1.58e+01     7.54e-02   1232.617s
2471000 +6.18177117e+06 +6.18737353e+06  5.60e+03   1.58e+01     7.53e-02   1233.109s
2472000 +6.18174842e+06 +6.18734944e+06  5.60e+03   1.59e+01     7.47e-02   1233.602s
2473000 +6.18174895e+06 +6.18732953e+06  5.58e+03   1.60e+01     7.49e-02   1234.094s
2474000 +6.18174851e+06 +6.18731515e+06  5.57e+03   1.60e+01     7.46e-02   1234.586s
2475000 +6.18175583e+06 +6.18729500e+06  5.54e+03   1.60e+01     7.46e-02   1235.078s
2476000 +6.18174628e+06 +6.18727927e+06  5.53e+03   1.60e+01     7.42e-02   1235.570s
2477000 +6.18173490e+06 +6.18725760e+06  5.52e+03   1.61e+01     7.43e-02   1236.063s
2478000 +6.18172057e+06 +6.18723232e+06  5.51e+03   1.61e+01     7.40e-02   1236.555s
2479000 +6.18170377e+06 +6.18721074e+06  5.51e+03   1.61e+01     7.36e-02   1237.048s
2480000 +6.18168778e+06 +6.18718499e+06  5.50e+03   1.61e+01     7.36e-02   1237.540s
2481000 +6.18165654e+06 +6.18716164e+06  5.51e+03   1.62e+01     7.33e-02   1238.032s
2482000 +6.18164803e+06 +6.18714083e+06  5.49e+03   1.62e+01     7.32e-02   1238.525s
2483000 +6.18165193e+06 +6.18711972e+06  5.47e+03   1.62e+01     7.30e-02   1239.017s
2484000 +6.18164325e+06 +6.18710321e+06  5.46e+03   1.62e+01     7.27e-02   1239.510s
2485000 +6.18162758e+06 +6.18708377e+06  5.46e+03   1.63e+01     7.25e-02   1240.002s
2486000 +6.18160750e+06 +6.18706751e+06  5.46e+03   1.63e+01     7.24e-02   1240.494s
2487000 +6.18158380e+06 +6.18704640e+06  5.46e+03   1.63e+01     7.22e-02   1240.987s
2488000 +6.18157640e+06 +6.18702741e+06  5.45e+03   1.63e+01     7.21e-02   1241.479s
2489000 +6.18158335e+06 +6.18700283e+06  5.42e+03   1.63e+01     7.21e-02   1241.971s
2490000 +6.18154827e+06 +6.18698464e+06  5.44e+03   1.64e+01     7.20e-02   1242.463s
2491000 +6.18154254e+06 +6.18696580e+06  5.42e+03   1.64e+01     7.20e-02   1242.956s
2492000 +6.18150800e+06 +6.18695086e+06  5.44e+03   1.63e+01     7.17e-02   1243.448s
2493000 +6.18149639e+06 +6.18693402e+06  5.44e+03   1.64e+01     7.16e-02   1243.940s
2494000 +6.18147271e+06 +6.18691861e+06  5.45e+03   1.64e+01     7.14e-02   1244.433s
2495000 +6.18143326e+06 +6.18690305e+06  5.47e+03   1.64e+01     7.14e-02   1244.925s
2496000 +6.18140122e+06 +6.18687864e+06  5.48e+03   1.64e+01     7.13e-02   1245.418s
2497000 +6.18138234e+06 +6.18686107e+06  5.48e+03   1.64e+01     7.11e-02   1245.910s
2498000 +6.18135656e+06 +6.18684660e+06  5.49e+03   1.64e+01     7.12e-02   1246.402s
2499000 +6.18133943e+06 +6.18682962e+06  5.49e+03   1.64e+01     7.09e-02   1246.894s
2500000 +6.18133755e+06 +6.18680843e+06  5.47e+03   1.64e+01     7.07e-02   1247.387s
2501000 +6.18130070e+06 +6.18678794e+06  5.49e+03   1.64e+01     7.07e-02   1247.879s
2502000 +6.18130344e+06 +6.18676912e+06  5.47e+03   1.65e+01     7.07e-02   1248.371s
2503000 +6.18130523e+06 +6.18675132e+06  5.45e+03   1.66e+01     7.07e-02   1248.863s
2504000 +6.18127700e+06 +6.18672828e+06  5.45e+03   1.66e+01     7.07e-02   1249.355s
2505000 +6.18126320e+06 +6.18670574e+06  5.44e+03   1.66e+01     7.06e-02   1249.848s
2506000 +6.18124022e+06 +6.18668443e+06  5.44e+03   1.65e+01     7.06e-02   1250.340s
2507000 +6.18123131e+06 +6.18666385e+06  5.43e+03   1.66e+01     7.04e-02   1250.832s
2508000 +6.18120271e+06 +6.18664717e+06  5.44e+03   1.66e+01     7.01e-02   1251.324s
2509000 +6.18118309e+06 +6.18662858e+06  5.45e+03   1.66e+01     7.02e-02   1251.816s
2510000 +6.18117056e+06 +6.18661046e+06  5.44e+03   1.66e+01     7.01e-02   1252.309s
2511000 +6.18117327e+06 +6.18658923e+06  5.42e+03   1.67e+01     7.02e-02   1252.802s
2512000 +6.18112457e+06 +6.18656539e+06  5.44e+03   1.67e+01     7.00e-02   1253.294s
2513000 +6.18110653e+06 +6.18654672e+06  5.44e+03   1.66e+01     7.00e-02   1253.786s
2514000 +6.18109681e+06 +6.18653039e+06  5.43e+03   1.66e+01     7.02e-02   1254.279s
2515000 +6.18108411e+06 +6.18651320e+06  5.43e+03   1.67e+01     7.00e-02   1254.771s
2516000 +6.18106900e+06 +6.18649292e+06  5.42e+03   1.67e+01     7.00e-02   1255.263s
2517000 +6.18102932e+06 +6.18647131e+06  5.44e+03   1.66e+01     6.96e-02   1255.756s
2518000 +6.18100097e+06 +6.18645180e+06  5.45e+03   1.66e+01     6.95e-02   1256.248s
2519000 +6.18099372e+06 +6.18642856e+06  5.43e+03   1.67e+01     6.93e-02   1256.740s
2520000 +6.18098935e+06 +6.18640320e+06  5.41e+03   1.67e+01     6.94e-02   1257.233s
2521000 +6.18097326e+06 +6.18637545e+06  5.40e+03   1.67e+01     6.94e-02   1257.725s
2522000 +6.18095038e+06 +6.18635490e+06  5.40e+03   1.67e+01     6.91e-02   1258.217s
2523000 +6.18092871e+06 +6.18633498e+06  5.41e+03   1.67e+01     6.92e-02   1258.710s
2524000 +6.18089500e+06 +6.18631106e+06  5.42e+03   1.67e+01     6.92e-02   1259.202s
2525000 +6.18086418e+06 +6.18628901e+06  5.42e+03   1.67e+01     6.89e-02   1259.694s
2526000 +6.18086120e+06 +6.18626784e+06  5.41e+03   1.66e+01     6.87e-02   1260.186s
2527000 +6.18081907e+06 +6.18624589e+06  5.43e+03   1.67e+01     6.87e-02   1260.678s
2528000 +6.18078308e+06 +6.18622451e+06  5.44e+03   1.67e+01     6.88e-02   1261.170s
2529000 +6.18078294e+06 +6.18620262e+06  5.42e+03   1.67e+01     6.86e-02   1261.662s
2530000 +6.18075379e+06 +6.18618520e+06  5.43e+03   1.66e+01     6.85e-02   1262.154s
2531000 +6.18074654e+06 +6.18616602e+06  5.42e+03   1.67e+01     6.85e-02   1262.647s
2532000 +6.18072890e+06 +6.18614474e+06  5.42e+03   1.67e+01     6.83e-02   1263.139s
2533000 +6.18071145e+06 +6.18611887e+06  5.41e+03   1.67e+01     6.83e-02   1263.631s
2534000 +6.18068318e+06 +6.18610495e+06  5.42e+03   1.67e+01     6.82e-02   1264.123s
2535000 +6.18065329e+06 +6.18608892e+06  5.44e+03   1.67e+01     6.81e-02   1264.615s
2536000 +6.18061341e+06 +6.18606897e+06  5.46e+03   1.66e+01     6.80e-02   1265.108s
2537000 +6.18060713e+06 +6.18604984e+06  5.44e+03   1.67e+01     6.77e-02   1265.600s
2538000 +6.18057106e+06 +6.18602865e+06  5.46e+03   1.67e+01     6.77e-02   1266.093s
2539000 +6.18053600e+06 +6.18599891e+06  5.46e+03   1.67e+01     6.75e-02   1266.585s
2540000 +6.18054100e+06 +6.18598041e+06  5.44e+03   1.67e+01     6.74e-02   1267.077s
2541000 +6.18052526e+06 +6.18596235e+06  5.44e+03   1.67e+01     6.73e-02   1267.569s
2542000 +6.18048212e+06 +6.18593746e+06  5.46e+03   1.66e+01     6.74e-02   1268.061s
2543000 +6.18042316e+06 +6.18591711e+06  5.49e+03   1.66e+01     6.72e-02   1268.553s
2544000 +6.18038216e+06 +6.18590165e+06  5.52e+03   1.66e+01     6.73e-02   1269.046s
2545000 +6.18037510e+06 +6.18588021e+06  5.51e+03   1.66e+01     6.73e-02   1269.538s
2546000 +6.18035794e+06 +6.18586099e+06  5.50e+03   1.67e+01     6.71e-02   1270.031s
2547000 +6.18034340e+06 +6.18584416e+06  5.50e+03   1.67e+01     6.70e-02   1270.523s
2548000 +6.18031576e+06 +6.18582188e+06  5.51e+03   1.67e+01     6.69e-02   1271.016s
2549000 +6.18031006e+06 +6.18580563e+06  5.50e+03   1.67e+01     6.67e-02   1271.508s
2550000 +6.18028125e+06 +6.18578656e+06  5.51e+03   1.67e+01     6.67e-02   1272.000s
2551000 +6.18023901e+06 +6.18576739e+06  5.53e+03   1.67e+01     6.65e-02   1272.493s
2552000 +6.18022539e+06 +6.18574136e+06  5.52e+03   1.67e+01     6.66e-02   1272.986s
2553000 +6.18019234e+06 +6.18572006e+06  5.53e+03   1.67e+01     6.66e-02   1273.479s
2554000 +6.18016632e+06 +6.18570325e+06  5.54e+03   1.67e+01     6.64e-02   1273.971s
2555000 +6.18014052e+06 +6.18567950e+06  5.54e+03   1.67e+01     6.65e-02   1274.464s
2556000 +6.18014277e+06 +6.18566103e+06  5.52e+03   1.67e+01     6.64e-02   1274.956s
2557000 +6.18016185e+06 +6.18564047e+06  5.48e+03   1.68e+01     6.63e-02   1275.448s
2558000 +6.18012023e+06 +6.18562379e+06  5.50e+03   1.67e+01     6.61e-02   1275.940s
2559000 +6.18009844e+06 +6.18560272e+06  5.50e+03   1.67e+01     6.62e-02   1276.433s
2560000 +6.18008239e+06 +6.18558772e+06  5.51e+03   1.67e+01     6.60e-02   1276.926s
2561000 +6.18005372e+06 +6.18557142e+06  5.52e+03   1.67e+01     6.58e-02   1277.418s
2562000 +6.18003050e+06 +6.18555609e+06  5.53e+03   1.67e+01     6.56e-02   1277.910s
2563000 +6.18000732e+06 +6.18553898e+06  5.53e+03   1.68e+01     6.55e-02   1278.403s
2564000 +6.17997764e+06 +6.18551929e+06  5.54e+03   1.68e+01     6.53e-02   1278.895s
2565000 +6.17994149e+06 +6.18550641e+06  5.56e+03   1.67e+01     6.51e-02   1279.388s
2566000 +6.17994146e+06 +6.18548872e+06  5.55e+03   1.68e+01     6.50e-02   1279.880s
2567000 +6.17993002e+06 +6.18547599e+06  5.55e+03   1.68e+01     6.52e-02   1280.372s
2568000 +6.17990887e+06 +6.18545557e+06  5.55e+03   1.68e+01     6.50e-02   1280.865s
2569000 +6.17988603e+06 +6.18544019e+06  5.55e+03   1.68e+01     6.50e-02   1281.357s
2570000 +6.17987121e+06 +6.18542305e+06  5.55e+03   1.68e+01     6.47e-02   1281.849s
2571000 +6.17987990e+06 +6.18540013e+06  5.52e+03   1.69e+01     6.46e-02   1282.342s
2572000 +6.17985731e+06 +6.18538246e+06  5.53e+03   1.68e+01     6.45e-02   1282.834s
2573000 +6.17982407e+06 +6.18536460e+06  5.54e+03   1.68e+01     6.43e-02   1283.326s
2574000 +6.17975615e+06 +6.18534778e+06  5.59e+03   1.67e+01     6.40e-02   1283.819s
2575000 +6.17972505e+06 +6.18532765e+06  5.60e+03   1.68e+01     6.39e-02   1284.311s
2576000 +6.17970432e+06 +6.18530783e+06  5.60e+03   1.68e+01     6.38e-02   1284.803s
2577000 +6.17966472e+06 +6.18529104e+06  5.63e+03   1.67e+01     6.37e-02   1285.296s
2578000 +6.17963723e+06 +6.18527301e+06  5.64e+03   1.67e+01     6.36e-02   1285.788s
2579000 +6.17960453e+06 +6.18525675e+06  5.65e+03   1.67e+01     6.33e-02   1286.281s
2580000 +6.17958029e+06 +6.18523414e+06  5.65e+03   1.67e+01     6.33e-02   1286.773s
2581000 +6.17956268e+06 +6.18521604e+06  5.65e+03   1.67e+01     6.34e-02   1287.266s
2582000 +6.17954547e+06 +6.18519628e+06  5.65e+03   1.67e+01     6.33e-02   1287.757s
2583000 +6.17952394e+06 +6.18517821e+06  5.65e+03   1.67e+01     6.30e-02   1288.250s
2584000 +6.17949961e+06 +6.18516105e+06  5.66e+03   1.67e+01     6.28e-02   1288.742s
2585000 +6.17949045e+06 +6.18514437e+06  5.65e+03   1.67e+01     6.27e-02   1289.234s
2586000 +6.17947895e+06 +6.18512486e+06  5.65e+03   1.68e+01     6.25e-02   1289.727s
2587000 +6.17946127e+06 +6.18510804e+06  5.65e+03   1.68e+01     6.23e-02   1290.219s
2588000 +6.17945042e+06 +6.18509265e+06  5.64e+03   1.68e+01     6.23e-02   1290.712s
2589000 +6.17945072e+06 +6.18507492e+06  5.62e+03   1.67e+01     6.23e-02   1291.204s
2590000 +6.17941912e+06 +6.18505697e+06  5.64e+03   1.68e+01     6.23e-02   1291.696s
2591000 +6.17939642e+06 +6.18504243e+06  5.65e+03   1.68e+01     6.23e-02   1292.190s
2592000 +6.17937751e+06 +6.18502745e+06  5.65e+03   1.68e+01     6.22e-02   1292.682s
2593000 +6.17936066e+06 +6.18500641e+06  5.65e+03   1.68e+01     6.20e-02   1293.174s
2594000 +6.17934883e+06 +6.18499405e+06  5.65e+03   1.68e+01     6.19e-02   1293.667s
2595000 +6.17932192e+06 +6.18497289e+06  5.65e+03   1.68e+01     6.17e-02   1294.159s
2596000 +6.17930219e+06 +6.18495693e+06  5.65e+03   1.68e+01     6.17e-02   1294.651s
2597000 +6.17925444e+06 +6.18494275e+06  5.69e+03   1.67e+01     6.15e-02   1295.144s
2598000 +6.17921912e+06 +6.18493019e+06  5.71e+03   1.67e+01     6.15e-02   1295.636s
2599000 +6.17920134e+06 +6.18491232e+06  5.71e+03   1.67e+01     6.13e-02   1296.128s
2600000 +6.17919038e+06 +6.18489358e+06  5.70e+03   1.67e+01     6.14e-02   1296.621s
2601000 +6.17917786e+06 +6.18488096e+06  5.70e+03   1.67e+01     6.14e-02   1297.113s
2602000 +6.17915871e+06 +6.18487052e+06  5.71e+03   1.67e+01     6.13e-02   1297.605s
2603000 +6.17915513e+06 +6.18485313e+06  5.70e+03   1.68e+01     6.12e-02   1298.097s
2604000 +6.17912604e+06 +6.18484082e+06  5.71e+03   1.68e+01     6.11e-02   1298.590s
2605000 +6.17910478e+06 +6.18482618e+06  5.72e+03   1.68e+01     6.09e-02   1299.083s
2606000 +6.17906813e+06 +6.18481196e+06  5.74e+03   1.68e+01     6.08e-02   1299.575s
2607000 +6.17902907e+06 +6.18479334e+06  5.76e+03   1.67e+01     6.08e-02   1300.068s
2608000 +6.17900737e+06 +6.18477804e+06  5.77e+03   1.67e+01     6.06e-02   1300.560s
2609000 +6.17898417e+06 +6.18476212e+06  5.78e+03   1.68e+01     6.08e-02   1301.053s
2610000 +6.17897247e+06 +6.18474545e+06  5.77e+03   1.67e+01     6.06e-02   1301.545s
2611000 +6.17895669e+06 +6.18472827e+06  5.77e+03   1.67e+01     6.03e-02   1302.037s
2612000 +6.17895110e+06 +6.18471471e+06  5.76e+03   1.68e+01     6.02e-02   1302.530s
2613000 +6.17892856e+06 +6.18470238e+06  5.77e+03   1.68e+01     6.03e-02   1303.023s
2614000 +6.17892567e+06 +6.18468627e+06  5.76e+03   1.68e+01     6.02e-02   1303.515s
2615000 +6.17891881e+06 +6.18467228e+06  5.75e+03   1.68e+01     6.02e-02   1304.008s
2616000 +6.17891090e+06 +6.18465686e+06  5.75e+03   1.68e+01     6.01e-02   1304.500s
2617000 +6.17887852e+06 +6.18464341e+06  5.76e+03   1.68e+01     6.01e-02   1304.993s
2618000 +6.17884506e+06 +6.18463004e+06  5.78e+03   1.68e+01     6.00e-02   1305.486s
2619000 +6.17882965e+06 +6.18461041e+06  5.78e+03   1.68e+01     5.99e-02   1305.978s
2620000 +6.17881621e+06 +6.18459454e+06  5.78e+03   1.69e+01     5.99e-02   1306.470s
2621000 +6.17878313e+06 +6.18457780e+06  5.79e+03   1.68e+01     5.99e-02   1306.963s
2622000 +6.17876619e+06 +6.18456561e+06  5.80e+03   1.68e+01     5.97e-02   1307.455s
2623000 +6.17873883e+06 +6.18455172e+06  5.81e+03   1.68e+01     5.96e-02   1307.947s
2624000 +6.17872148e+06 +6.18453790e+06  5.82e+03   1.68e+01     5.97e-02   1308.440s
2625000 +6.17870159e+06 +6.18452554e+06  5.82e+03   1.68e+01     5.96e-02   1308.932s
2626000 +6.17868173e+06 +6.18451364e+06  5.83e+03   1.68e+01     5.96e-02   1309.425s
2627000 +6.17865500e+06 +6.18450135e+06  5.85e+03   1.69e+01     5.95e-02   1309.917s
2628000 +6.17865484e+06 +6.18449120e+06  5.84e+03   1.69e+01     5.94e-02   1310.410s
2629000 +6.17867678e+06 +6.18447875e+06  5.80e+03   1.69e+01     5.94e-02   1310.902s
2630000 +6.17866743e+06 +6.18446841e+06  5.80e+03   1.69e+01     5.93e-02   1311.394s
2631000 +6.17864988e+06 +6.18445622e+06  5.81e+03   1.69e+01     5.93e-02   1311.887s
2632000 +6.17861676e+06 +6.18444452e+06  5.83e+03   1.69e+01     5.92e-02   1312.380s
2633000 +6.17862876e+06 +6.18443061e+06  5.80e+03   1.69e+01     5.93e-02   1312.872s
2634000 +6.17862270e+06 +6.18441499e+06  5.79e+03   1.70e+01     5.92e-02   1313.364s
2635000 +6.17861639e+06 +6.18439416e+06  5.78e+03   1.70e+01     5.90e-02   1313.856s
2636000 +6.17860944e+06 +6.18437503e+06  5.77e+03   1.70e+01     5.89e-02   1314.349s
2637000 +6.17861019e+06 +6.18435524e+06  5.75e+03   1.71e+01     5.87e-02   1314.841s
2638000 +6.17859975e+06 +6.18434111e+06  5.74e+03   1.71e+01     5.86e-02   1315.334s
2639000 +6.17859496e+06 +6.18432443e+06  5.73e+03   1.71e+01     5.86e-02   1315.827s
2640000 +6.17858802e+06 +6.18430927e+06  5.72e+03   1.71e+01     5.85e-02   1316.319s
2641000 +6.17857721e+06 +6.18429272e+06  5.72e+03   1.70e+01     5.83e-02   1316.811s
2642000 +6.17856900e+06 +6.18427079e+06  5.70e+03   1.71e+01     5.82e-02   1317.304s
2643000 +6.17856216e+06 +6.18424890e+06  5.69e+03   1.71e+01     5.82e-02   1317.797s
2644000 +6.17855024e+06 +6.18423072e+06  5.68e+03   1.72e+01     5.80e-02   1318.290s
2645000 +6.17853274e+06 +6.18421106e+06  5.68e+03   1.72e+01     5.79e-02   1318.782s
2646000 +6.17850310e+06 +6.18419274e+06  5.69e+03   1.71e+01     5.77e-02   1319.275s
2647000 +6.17850214e+06 +6.18417713e+06  5.67e+03   1.72e+01     5.77e-02   1319.767s
2648000 +6.17846589e+06 +6.18416076e+06  5.69e+03   1.72e+01     5.77e-02   1320.259s
2649000 +6.17846423e+06 +6.18414412e+06  5.68e+03   1.72e+01     5.76e-02   1320.751s
2650000 +6.17844011e+06 +6.18412802e+06  5.69e+03   1.72e+01     5.74e-02   1321.244s
2651000 +6.17843291e+06 +6.18410751e+06  5.67e+03   1.72e+01     5.75e-02   1321.737s
2652000 +6.17842827e+06 +6.18408984e+06  5.66e+03   1.73e+01     5.74e-02   1322.229s
2653000 +6.17842957e+06 +6.18407878e+06  5.65e+03   1.73e+01     5.72e-02   1322.721s
2654000 +6.17840278e+06 +6.18406445e+06  5.66e+03   1.73e+01     5.71e-02   1323.213s
2655000 +6.17838186e+06 +6.18405395e+06  5.67e+03   1.72e+01     5.70e-02   1323.706s
2656000 +6.17836305e+06 +6.18403373e+06  5.67e+03   1.72e+01     5.70e-02   1324.199s
2657000 +6.17833968e+06 +6.18402084e+06  5.68e+03   1.73e+01     5.69e-02   1324.691s
2658000 +6.17834421e+06 +6.18400272e+06  5.66e+03   1.73e+01     5.69e-02   1325.183s
2659000 +6.17831609e+06 +6.18399107e+06  5.67e+03   1.72e+01     5.67e-02   1325.675s
2660000 +6.17830870e+06 +6.18397571e+06  5.67e+03   1.72e+01     5.66e-02   1326.168s
2661000 +6.17830241e+06 +6.18396632e+06  5.66e+03   1.73e+01     5.65e-02   1326.661s
2662000 +6.17828518e+06 +6.18395200e+06  5.67e+03   1.73e+01     5.66e-02   1327.153s
2663000 +6.17826694e+06 +6.18394079e+06  5.67e+03   1.73e+01     5.65e-02   1327.645s
2664000 +6.17824076e+06 +6.18392459e+06  5.68e+03   1.73e+01     5.63e-02   1328.138s
2665000 +6.17821565e+06 +6.18390869e+06  5.69e+03   1.73e+01     5.61e-02   1328.630s
2666000 +6.17819854e+06 +6.18389365e+06  5.70e+03   1.73e+01     5.61e-02   1329.122s
2667000 +6.17817446e+06 +6.18388084e+06  5.71e+03   1.73e+01     5.60e-02   1329.614s
2668000 +6.17814375e+06 +6.18386152e+06  5.72e+03   1.72e+01     5.59e-02   1330.107s
2669000 +6.17811917e+06 +6.18384697e+06  5.73e+03   1.73e+01     5.59e-02   1330.599s
2670000 +6.17810845e+06 +6.18383026e+06  5.72e+03   1.73e+01     5.56e-02   1331.092s
2671000 +6.17809343e+06 +6.18381786e+06  5.72e+03   1.72e+01     5.57e-02   1331.585s
2672000 +6.17807549e+06 +6.18380262e+06  5.73e+03   1.73e+01     5.55e-02   1332.077s
2673000 +6.17804620e+06 +6.18378776e+06  5.74e+03   1.73e+01     5.54e-02   1332.570s
2674000 +6.17803433e+06 +6.18377889e+06  5.74e+03   1.72e+01     5.53e-02   1333.062s
2675000 +6.17801857e+06 +6.18376341e+06  5.74e+03   1.73e+01     5.53e-02   1333.554s
2676000 +6.17800789e+06 +6.18375090e+06  5.74e+03   1.73e+01     5.53e-02   1334.047s
2677000 +6.17799276e+06 +6.18374185e+06  5.75e+03   1.73e+01     5.53e-02   1334.538s
2678000 +6.17798301e+06 +6.18372709e+06  5.74e+03   1.73e+01     5.52e-02   1335.031s
2679000 +6.17798346e+06 +6.18371442e+06  5.73e+03   1.73e+01     5.50e-02   1335.523s
2680000 +6.17796259e+06 +6.18370513e+06  5.74e+03   1.73e+01     5.51e-02   1336.015s
2681000 +6.17796265e+06 +6.18369198e+06  5.73e+03   1.73e+01     5.48e-02   1336.508s
2682000 +6.17794778e+06 +6.18367806e+06  5.73e+03   1.73e+01     5.47e-02   1337.000s
2683000 +6.17790936e+06 +6.18365896e+06  5.75e+03   1.74e+01     5.47e-02   1337.492s
2684000 +6.17790052e+06 +6.18364449e+06  5.74e+03   1.73e+01     5.47e-02   1337.985s
2685000 +6.17789650e+06 +6.18363306e+06  5.74e+03   1.74e+01     5.46e-02   1338.477s
2686000 +6.17787724e+06 +6.18361445e+06  5.74e+03   1.74e+01     5.46e-02   1338.969s
2687000 +6.17786550e+06 +6.18360079e+06  5.74e+03   1.74e+01     5.46e-02   1339.461s
2688000 +6.17784040e+06 +6.18358562e+06  5.75e+03   1.74e+01     5.43e-02   1339.954s
2689000 +6.17783326e+06 +6.18357043e+06  5.74e+03   1.74e+01     5.43e-02   1340.446s
2690000 +6.17781569e+06 +6.18356397e+06  5.75e+03   1.74e+01     5.42e-02   1340.938s
2691000 +6.17780436e+06 +6.18355150e+06  5.75e+03   1.74e+01     5.41e-02   1341.431s
2692000 +6.17777870e+06 +6.18353608e+06  5.76e+03   1.74e+01     5.40e-02   1341.923s
2693000 +6.17775579e+06 +6.18352443e+06  5.77e+03   1.74e+01     5.40e-02   1342.415s
2694000 +6.17773033e+06 +6.18351018e+06  5.78e+03   1.74e+01     5.40e-02   1342.908s
2695000 +6.17772167e+06 +6.18350081e+06  5.78e+03   1.74e+01     5.38e-02   1343.400s
2696000 +6.17771717e+06 +6.18348669e+06  5.77e+03   1.75e+01     5.37e-02   1343.893s
2697000 +6.17768271e+06 +6.18346831e+06  5.79e+03   1.74e+01     5.37e-02   1344.385s
2698000 +6.17765392e+06 +6.18345807e+06  5.80e+03   1.74e+01     5.35e-02   1344.877s
2699000 +6.17764879e+06 +6.18344760e+06  5.80e+03   1.74e+01     5.34e-02   1345.370s
2700000 +6.17765223e+06 +6.18343496e+06  5.78e+03   1.75e+01     5.34e-02   1345.862s
2701000 +6.17764459e+06 +6.18342416e+06  5.78e+03   1.75e+01     5.34e-02   1346.354s
2702000 +6.17762216e+06 +6.18341332e+06  5.79e+03   1.75e+01     5.32e-02   1346.847s
2703000 +6.17763275e+06 +6.18340238e+06  5.77e+03   1.75e+01     5.31e-02   1347.339s
2704000 +6.17763944e+06 +6.18339326e+06  5.75e+03   1.75e+01     5.32e-02   1347.831s
2705000 +6.17763261e+06 +6.18337808e+06  5.75e+03   1.76e+01     5.30e-02   1348.324s
2706000 +6.17761925e+06 +6.18336160e+06  5.74e+03   1.76e+01     5.29e-02   1348.816s
2707000 +6.17761552e+06 +6.18334830e+06  5.73e+03   1.76e+01     5.27e-02   1349.308s
2708000 +6.17759209e+06 +6.18333263e+06  5.74e+03   1.76e+01     5.27e-02   1349.801s
2709000 +6.17757774e+06 +6.18332079e+06  5.74e+03   1.76e+01     5.27e-02   1350.293s
2710000 +6.17757689e+06 +6.18330744e+06  5.73e+03   1.76e+01     5.25e-02   1350.786s
2711000 +6.17756699e+06 +6.18329253e+06  5.73e+03   1.77e+01     5.26e-02   1351.278s
2712000 +6.17754704e+06 +6.18328129e+06  5.73e+03   1.77e+01     5.25e-02   1351.770s
2713000 +6.17753434e+06 +6.18326473e+06  5.73e+03   1.77e+01     5.24e-02   1352.262s
2714000 +6.17751741e+06 +6.18324986e+06  5.73e+03   1.77e+01     5.22e-02   1352.754s
2715000 +6.17751627e+06 +6.18323803e+06  5.72e+03   1.77e+01     5.22e-02   1353.247s
2716000 +6.17748520e+06 +6.18322619e+06  5.74e+03   1.77e+01     5.22e-02   1353.739s
2717000 +6.17746267e+06 +6.18320897e+06  5.75e+03   1.77e+01     5.21e-02   1354.231s
2718000 +6.17745285e+06 +6.18319589e+06  5.74e+03   1.77e+01     5.21e-02   1354.724s
2719000 +6.17743565e+06 +6.18318181e+06  5.75e+03   1.77e+01     5.20e-02   1355.216s
2720000 +6.17741406e+06 +6.18316280e+06  5.75e+03   1.77e+01     5.20e-02   1355.709s
2721000 +6.17739540e+06 +6.18314616e+06  5.75e+03   1.77e+01     5.18e-02   1356.202s
2722000 +6.17740471e+06 +6.18313229e+06  5.73e+03   1.77e+01     5.19e-02   1356.694s
2723000 +6.17738763e+06 +6.18312327e+06  5.74e+03   1.77e+01     5.17e-02   1357.187s
2724000 +6.17737149e+06 +6.18311108e+06  5.74e+03   1.77e+01     5.17e-02   1357.680s
2725000 +6.17736554e+06 +6.18309825e+06  5.73e+03   1.78e+01     5.15e-02   1358.172s
2726000 +6.17737132e+06 +6.18308661e+06  5.72e+03   1.78e+01     5.16e-02   1358.664s
2727000 +6.17737140e+06 +6.18307131e+06  5.70e+03   1.78e+01     5.17e-02   1359.156s
2728000 +6.17736376e+06 +6.18305457e+06  5.69e+03   1.78e+01     5.16e-02   1359.648s
2729000 +6.17734143e+06 +6.18304251e+06  5.70e+03   1.79e+01     5.17e-02   1360.140s
2730000 +6.17734195e+06 +6.18303552e+06  5.69e+03   1.79e+01     5.15e-02   1360.633s
2731000 +6.17733246e+06 +6.18302353e+06  5.69e+03   1.78e+01     5.15e-02   1361.125s
2732000 +6.17729964e+06 +6.18300833e+06  5.71e+03   1.78e+01     5.13e-02   1361.618s
2733000 +6.17728512e+06 +6.18299700e+06  5.71e+03   1.79e+01     5.12e-02   1362.111s
2734000 +6.17728327e+06 +6.18298557e+06  5.70e+03   1.78e+01     5.12e-02   1362.603s
2735000 +6.17728532e+06 +6.18297071e+06  5.69e+03   1.79e+01     5.12e-02   1363.095s
2736000 +6.17727985e+06 +6.18295872e+06  5.68e+03   1.79e+01     5.11e-02   1363.588s
2737000 +6.17727294e+06 +6.18295066e+06  5.68e+03   1.79e+01     5.09e-02   1364.081s
2738000 +6.17725073e+06 +6.18294206e+06  5.69e+03   1.79e+01     5.10e-02   1364.573s
2739000 +6.17722795e+06 +6.18292632e+06  5.70e+03   1.79e+01     5.09e-02   1365.066s
2740000 +6.17722044e+06 +6.18291291e+06  5.69e+03   1.79e+01     5.09e-02   1365.558s
2741000 +6.17719581e+06 +6.18290525e+06  5.71e+03   1.79e+01     5.09e-02   1366.050s
2742000 +6.17717815e+06 +6.18289531e+06  5.72e+03   1.80e+01     5.09e-02   1366.542s
2743000 +6.17717163e+06 +6.18288432e+06  5.71e+03   1.80e+01     5.09e-02   1367.035s
2744000 +6.17714992e+06 +6.18287566e+06  5.73e+03   1.79e+01     5.08e-02   1367.528s
2745000 +6.17714787e+06 +6.18286291e+06  5.72e+03   1.80e+01     5.07e-02   1368.020s
2746000 +6.17713209e+06 +6.18284811e+06  5.72e+03   1.80e+01     5.06e-02   1368.512s
2747000 +6.17712522e+06 +6.18283743e+06  5.71e+03   1.80e+01     5.05e-02   1369.005s
2748000 +6.17712702e+06 +6.18282229e+06  5.70e+03   1.80e+01     5.05e-02   1369.497s
2749000 +6.17711374e+06 +6.18280777e+06  5.69e+03   1.80e+01     5.04e-02   1369.990s
2750000 +6.17712835e+06 +6.18279786e+06  5.67e+03   1.81e+01     5.04e-02   1370.482s
2751000 +6.17711728e+06 +6.18278681e+06  5.67e+03   1.81e+01     5.03e-02   1370.974s
2752000 +6.17711466e+06 +6.18277220e+06  5.66e+03   1.81e+01     5.02e-02   1371.467s
2753000 +6.17710955e+06 +6.18275782e+06  5.65e+03   1.81e+01     5.01e-02   1371.959s
2754000 +6.17709254e+06 +6.18274743e+06  5.65e+03   1.81e+01     5.01e-02   1372.452s
2755000 +6.17709985e+06 +6.18273430e+06  5.63e+03   1.82e+01     5.00e-02   1372.944s
2756000 +6.17708517e+06 +6.18271648e+06  5.63e+03   1.81e+01     4.99e-02   1373.436s
2757000 +6.17707053e+06 +6.18270154e+06  5.63e+03   1.81e+01     4.98e-02   1373.929s
2758000 +6.17707278e+06 +6.18269547e+06  5.62e+03   1.82e+01     4.98e-02   1374.422s
2759000 +6.17707229e+06 +6.18268256e+06  5.61e+03   1.82e+01     4.98e-02   1374.914s
2760000 +6.17705600e+06 +6.18266664e+06  5.61e+03   1.82e+01     4.99e-02   1375.407s
2761000 +6.17701579e+06 +6.18264861e+06  5.63e+03   1.82e+01     4.98e-02   1375.899s
2762000 +6.17699109e+06 +6.18263250e+06  5.64e+03   1.82e+01     4.97e-02   1376.391s
2763000 +6.17698920e+06 +6.18261410e+06  5.62e+03   1.82e+01     4.95e-02   1376.884s
2764000 +6.17697371e+06 +6.18259994e+06  5.63e+03   1.82e+01     4.95e-02   1377.376s
2765000 +6.17696988e+06 +6.18258970e+06  5.62e+03   1.82e+01     4.95e-02   1377.868s
2766000 +6.17695961e+06 +6.18257574e+06  5.62e+03   1.82e+01     4.93e-02   1378.361s
2767000 +6.17695452e+06 +6.18256101e+06  5.61e+03   1.82e+01     4.93e-02   1378.853s
2768000 +6.17695004e+06 +6.18255373e+06  5.60e+03   1.83e+01     4.92e-02   1379.346s
2769000 +6.17693673e+06 +6.18254112e+06  5.60e+03   1.83e+01     4.92e-02   1379.838s
2770000 +6.17692407e+06 +6.18252949e+06  5.61e+03   1.83e+01     4.92e-02   1380.330s
2771000 +6.17689574e+06 +6.18252114e+06  5.63e+03   1.83e+01     4.93e-02   1380.823s
2772000 +6.17687744e+06 +6.18251046e+06  5.63e+03   1.82e+01     4.92e-02   1381.315s
2773000 +6.17686771e+06 +6.18249890e+06  5.63e+03   1.83e+01     4.91e-02   1381.807s
2774000 +6.17686623e+06 +6.18248415e+06  5.62e+03   1.83e+01     4.91e-02   1382.300s
2775000 +6.17683505e+06 +6.18247392e+06  5.64e+03   1.83e+01     4.90e-02   1382.792s
2776000 +6.17682252e+06 +6.18246222e+06  5.64e+03   1.83e+01     4.89e-02   1383.285s
2777000 +6.17680017e+06 +6.18245041e+06  5.65e+03   1.83e+01     4.88e-02   1383.778s
2778000 +6.17679002e+06 +6.18244312e+06  5.65e+03   1.83e+01     4.87e-02   1384.270s
2779000 +6.17676727e+06 +6.18243124e+06  5.66e+03   1.83e+01     4.87e-02   1384.763s
2780000 +6.17674989e+06 +6.18241571e+06  5.67e+03   1.83e+01     4.88e-02   1385.255s
2781000 +6.17672683e+06 +6.18240306e+06  5.68e+03   1.83e+01     4.88e-02   1385.748s
2782000 +6.17670813e+06 +6.18239402e+06  5.69e+03   1.82e+01     4.86e-02   1386.239s
2783000 +6.17668521e+06 +6.18238453e+06  5.70e+03   1.83e+01     4.85e-02   1386.732s
2784000 +6.17669468e+06 +6.18237408e+06  5.68e+03   1.83e+01     4.86e-02   1387.224s
2785000 +6.17670084e+06 +6.18236024e+06  5.66e+03   1.83e+01     4.85e-02   1387.716s
2786000 +6.17669229e+06 +6.18234323e+06  5.65e+03   1.83e+01     4.86e-02   1388.209s
2787000 +6.17668226e+06 +6.18233134e+06  5.65e+03   1.84e+01     4.84e-02   1388.701s
2788000 +6.17666556e+06 +6.18231946e+06  5.65e+03   1.84e+01     4.85e-02   1389.193s
2789000 +6.17665341e+06 +6.18230655e+06  5.65e+03   1.83e+01     4.84e-02   1389.686s
2790000 +6.17664175e+06 +6.18229454e+06  5.65e+03   1.83e+01     4.84e-02   1390.178s
2791000 +6.17662765e+06 +6.18228452e+06  5.66e+03   1.84e+01     4.83e-02   1390.670s
2792000 +6.17661211e+06 +6.18227032e+06  5.66e+03   1.84e+01     4.83e-02   1391.162s
2793000 +6.17661769e+06 +6.18225526e+06  5.64e+03   1.84e+01     4.82e-02   1391.655s
2794000 +6.17661056e+06 +6.18224059e+06  5.63e+03   1.84e+01     4.82e-02   1392.147s
2795000 +6.17659819e+06 +6.18222978e+06  5.63e+03   1.84e+01     4.80e-02   1392.640s
2796000 +6.17658148e+06 +6.18221616e+06  5.63e+03   1.84e+01     4.79e-02   1393.132s
2797000 +6.17658391e+06 +6.18220537e+06  5.62e+03   1.85e+01     4.78e-02   1393.624s
2798000 +6.17658756e+06 +6.18219440e+06  5.61e+03   1.85e+01     4.78e-02   1394.117s
2799000 +6.17657905e+06 +6.18218305e+06  5.60e+03   1.85e+01     4.78e-02   1394.609s
2800000 +6.17655912e+06 +6.18217112e+06  5.61e+03   1.85e+01     4.78e-02   1395.101s
2801000 +6.17654085e+06 +6.18216210e+06  5.62e+03   1.85e+01     4.77e-02   1395.593s
2802000 +6.17651629e+06 +6.18215078e+06  5.63e+03   1.85e+01     4.77e-02   1396.086s
2803000 +6.17650001e+06 +6.18213809e+06  5.64e+03   1.85e+01     4.76e-02   1396.578s
2804000 +6.17649326e+06 +6.18212707e+06  5.63e+03   1.85e+01     4.76e-02   1397.070s
2805000 +6.17648597e+06 +6.18211697e+06  5.63e+03   1.85e+01     4.74e-02   1397.563s
2806000 +6.17647742e+06 +6.18211141e+06  5.63e+03   1.85e+01     4.74e-02   1398.055s
2807000 +6.17645765e+06 +6.18210324e+06  5.65e+03   1.85e+01     4.74e-02   1398.548s
2808000 +6.17645199e+06 +6.18209230e+06  5.64e+03   1.85e+01     4.74e-02   1399.040s
2809000 +6.17644447e+06 +6.18208358e+06  5.64e+03   1.85e+01     4.74e-02   1399.533s
2810000 +6.17640432e+06 +6.18207206e+06  5.67e+03   1.85e+01     4.74e-02   1400.025s
2811000 +6.17636992e+06 +6.18206167e+06  5.69e+03   1.85e+01     4.73e-02   1400.517s
2812000 +6.17635765e+06 +6.18205343e+06  5.70e+03   1.85e+01     4.73e-02   1401.010s
2813000 +6.17633210e+06 +6.18204464e+06  5.71e+03   1.85e+01     4.72e-02   1401.502s
2814000 +6.17633129e+06 +6.18203220e+06  5.70e+03   1.85e+01     4.72e-02   1401.995s
2815000 +6.17631654e+06 +6.18202217e+06  5.71e+03   1.85e+01     4.71e-02   1402.488s
2816000 +6.17630698e+06 +6.18200954e+06  5.70e+03   1.85e+01     4.71e-02   1402.980s
2817000 +6.17631157e+06 +6.18199706e+06  5.69e+03   1.85e+01     4.70e-02   1403.472s
2818000 +6.17629954e+06 +6.18198387e+06  5.68e+03   1.85e+01     4.70e-02   1403.965s
2819000 +6.17629013e+06 +6.18197180e+06  5.68e+03   1.85e+01     4.69e-02   1404.457s
2820000 +6.17628331e+06 +6.18196571e+06  5.68e+03   1.85e+01     4.69e-02   1404.950s
2821000 +6.17624517e+06 +6.18195418e+06  5.71e+03   1.85e+01     4.68e-02   1405.443s
2822000 +6.17624489e+06 +6.18194247e+06  5.70e+03   1.85e+01     4.67e-02   1405.935s
2823000 +6.17622757e+06 +6.18192987e+06  5.70e+03   1.85e+01     4.67e-02   1406.428s
2824000 +6.17621028e+06 +6.18191577e+06  5.71e+03   1.85e+01     4.66e-02   1406.920s
2825000 +6.17620501e+06 +6.18190156e+06  5.70e+03   1.85e+01     4.65e-02   1407.412s
2826000 +6.17619059e+06 +6.18188653e+06  5.70e+03   1.86e+01     4.63e-02   1407.905s
2827000 +6.17619222e+06 +6.18187819e+06  5.69e+03   1.86e+01     4.63e-02   1408.397s
2828000 +6.17618235e+06 +6.18186596e+06  5.68e+03   1.86e+01     4.62e-02   1408.889s
2829000 +6.17617174e+06 +6.18185440e+06  5.68e+03   1.86e+01     4.62e-02   1409.382s
2830000 +6.17615364e+06 +6.18184424e+06  5.69e+03   1.86e+01     4.62e-02   1409.874s
2831000 +6.17613986e+06 +6.18183007e+06  5.69e+03   1.86e+01     4.61e-02   1410.368s
2832000 +6.17612443e+06 +6.18181632e+06  5.69e+03   1.86e+01     4.60e-02   1410.860s
2833000 +6.17610918e+06 +6.18180013e+06  5.69e+03   1.86e+01     4.60e-02   1411.353s
2834000 +6.17609362e+06 +6.18178282e+06  5.69e+03   1.86e+01     4.57e-02   1411.845s
2835000 +6.17609162e+06 +6.18177235e+06  5.68e+03   1.86e+01     4.58e-02   1412.337s
2836000 +6.17607645e+06 +6.18176554e+06  5.69e+03   1.86e+01     4.57e-02   1412.830s
2837000 +6.17606671e+06 +6.18175013e+06  5.68e+03   1.86e+01     4.55e-02   1413.322s
2838000 +6.17604717e+06 +6.18173617e+06  5.69e+03   1.86e+01     4.55e-02   1413.815s
2839000 +6.17603097e+06 +6.18172963e+06  5.70e+03   1.87e+01     4.55e-02   1414.307s
2840000 +6.17601587e+06 +6.18171844e+06  5.70e+03   1.86e+01     4.55e-02   1414.800s
2841000 +6.17600058e+06 +6.18170349e+06  5.70e+03   1.86e+01     4.55e-02   1415.292s
2842000 +6.17598972e+06 +6.18169560e+06  5.71e+03   1.86e+01     4.54e-02   1415.784s
2843000 +6.17597333e+06 +6.18168630e+06  5.71e+03   1.86e+01     4.54e-02   1416.276s
2844000 +6.17596546e+06 +6.18167763e+06  5.71e+03   1.86e+01     4.52e-02   1416.768s
2845000 +6.17597756e+06 +6.18165977e+06  5.68e+03   1.87e+01     4.52e-02   1417.261s
2846000 +6.17595834e+06 +6.18164705e+06  5.69e+03   1.87e+01     4.51e-02   1417.753s
2847000 +6.17594098e+06 +6.18163606e+06  5.70e+03   1.87e+01     4.50e-02   1418.246s
2848000 +6.17594053e+06 +6.18162068e+06  5.68e+03   1.87e+01     4.50e-02   1418.738s
2849000 +6.17593102e+06 +6.18161264e+06  5.68e+03   1.88e+01     4.49e-02   1419.231s
2850000 +6.17592026e+06 +6.18159751e+06  5.68e+03   1.87e+01     4.50e-02   1419.723s
2851000 +6.17590431e+06 +6.18158384e+06  5.68e+03   1.87e+01     4.49e-02   1420.215s
2852000 +6.17588894e+06 +6.18157728e+06  5.69e+03   1.87e+01     4.49e-02   1420.708s
2853000 +6.17587551e+06 +6.18156619e+06  5.69e+03   1.88e+01     4.48e-02   1421.200s
2854000 +6.17586762e+06 +6.18155746e+06  5.69e+03   1.87e+01     4.48e-02   1421.692s
2855000 +6.17584601e+06 +6.18154619e+06  5.70e+03   1.88e+01     4.46e-02   1422.185s
2856000 +6.17583301e+06 +6.18154011e+06  5.71e+03   1.88e+01     4.46e-02   1422.677s
2857000 +6.17580464e+06 +6.18153408e+06  5.73e+03   1.87e+01     4.45e-02   1423.170s
2858000 +6.17578888e+06 +6.18152211e+06  5.73e+03   1.87e+01     4.44e-02   1423.662s
2859000 +6.17578785e+06 +6.18151279e+06  5.72e+03   1.88e+01     4.43e-02   1424.154s
2860000 +6.17578352e+06 +6.18150209e+06  5.72e+03   1.88e+01     4.43e-02   1424.647s
2861000 +6.17577112e+06 +6.18148867e+06  5.72e+03   1.87e+01     4.42e-02   1425.139s
2862000 +6.17575338e+06 +6.18147672e+06  5.72e+03   1.88e+01     4.42e-02   1425.632s
2863000 +6.17574816e+06 +6.18146484e+06  5.72e+03   1.88e+01     4.41e-02   1426.124s
2864000 +6.17573350e+06 +6.18145383e+06  5.72e+03   1.87e+01     4.41e-02   1426.616s
2865000 +6.17571775e+06 +6.18144282e+06  5.73e+03   1.87e+01     4.40e-02   1427.109s
2866000 +6.17569970e+06 +6.18142992e+06  5.73e+03   1.88e+01     4.40e-02   1427.601s
2867000 +6.17569832e+06 +6.18141441e+06  5.72e+03   1.88e+01     4.39e-02   1428.093s
2868000 +6.17568609e+06 +6.18140436e+06  5.72e+03   1.87e+01     4.38e-02   1428.586s
2869000 +6.17566422e+06 +6.18139456e+06  5.73e+03   1.87e+01     4.38e-02   1429.078s
2870000 +6.17563799e+06 +6.18138896e+06  5.75e+03   1.88e+01     4.39e-02   1429.570s
2871000 +6.17561648e+06 +6.18137764e+06  5.76e+03   1.88e+01     4.39e-02   1430.062s
2872000 +6.17559248e+06 +6.18136804e+06  5.78e+03   1.87e+01     4.37e-02   1430.555s
2873000 +6.17557104e+06 +6.18135566e+06  5.78e+03   1.87e+01     4.37e-02   1431.047s
2874000 +6.17556017e+06 +6.18134298e+06  5.78e+03   1.87e+01     4.37e-02   1431.539s
2875000 +6.17553777e+06 +6.18133081e+06  5.79e+03   1.87e+01     4.36e-02   1432.032s
2876000 +6.17551923e+06 +6.18131856e+06  5.80e+03   1.87e+01     4.35e-02   1432.524s
2877000 +6.17549550e+06 +6.18130882e+06  5.81e+03   1.87e+01     4.35e-02   1433.016s
2878000 +6.17548251e+06 +6.18130370e+06  5.82e+03   1.87e+01     4.32e-02   1433.509s
2879000 +6.17547505e+06 +6.18129230e+06  5.82e+03   1.86e+01     4.32e-02   1434.002s
2880000 +6.17545478e+06 +6.18128195e+06  5.83e+03   1.87e+01     4.31e-02   1434.494s
2881000 +6.17543779e+06 +6.18126995e+06  5.83e+03   1.87e+01     4.31e-02   1434.987s
2882000 +6.17542268e+06 +6.18126049e+06  5.84e+03   1.87e+01     4.30e-02   1435.479s
2883000 +6.17540939e+06 +6.18125055e+06  5.84e+03   1.87e+01     4.31e-02   1435.971s
2884000 +6.17539542e+06 +6.18124310e+06  5.85e+03   1.87e+01     4.30e-02   1436.464s
2885000 +6.17538097e+06 +6.18123882e+06  5.86e+03   1.87e+01     4.30e-02   1436.956s
2886000 +6.17536624e+06 +6.18122888e+06  5.86e+03   1.87e+01     4.29e-02   1437.449s
2887000 +6.17535029e+06 +6.18122011e+06  5.87e+03   1.87e+01     4.29e-02   1437.941s
2888000 +6.17534322e+06 +6.18120771e+06  5.86e+03   1.87e+01     4.29e-02   1438.433s
2889000 +6.17532835e+06 +6.18119820e+06  5.87e+03   1.87e+01     4.29e-02   1438.926s
2890000 +6.17530169e+06 +6.18118727e+06  5.89e+03   1.87e+01     4.28e-02   1439.418s
2891000 +6.17528866e+06 +6.18117099e+06  5.88e+03   1.87e+01     4.29e-02   1439.911s
2892000 +6.17528504e+06 +6.18116228e+06  5.88e+03   1.87e+01     4.28e-02   1440.403s
2893000 +6.17527738e+06 +6.18115678e+06  5.88e+03   1.88e+01     4.28e-02   1440.896s
2894000 +6.17526518e+06 +6.18115357e+06  5.89e+03   1.87e+01     4.28e-02   1441.388s
2895000 +6.17524782e+06 +6.18114554e+06  5.90e+03   1.87e+01     4.28e-02   1441.881s
2896000 +6.17523650e+06 +6.18114288e+06  5.91e+03   1.87e+01     4.27e-02   1442.373s
2897000 +6.17523377e+06 +6.18113004e+06  5.90e+03   1.87e+01     4.26e-02   1442.866s
2898000 +6.17522366e+06 +6.18111956e+06  5.90e+03   1.87e+01     4.26e-02   1443.358s
2899000 +6.17521717e+06 +6.18111040e+06  5.89e+03   1.87e+01     4.24e-02   1443.850s
2900000 +6.17520122e+06 +6.18110288e+06  5.90e+03   1.88e+01     4.24e-02   1444.343s
2901000 +6.17520000e+06 +6.18109291e+06  5.89e+03   1.88e+01     4.24e-02   1444.835s
2902000 +6.17518142e+06 +6.18108437e+06  5.90e+03   1.88e+01     4.24e-02   1445.327s
2903000 +6.17516981e+06 +6.18107342e+06  5.90e+03   1.88e+01     4.22e-02   1445.819s
2904000 +6.17515415e+06 +6.18106808e+06  5.91e+03   1.88e+01     4.23e-02   1446.311s
2905000 +6.17514141e+06 +6.18106207e+06  5.92e+03   1.87e+01     4.22e-02   1446.804s
2906000 +6.17524901e+06 +6.18083968e+06  5.59e+03   1.92e+01     4.11e-02   1447.297s
2907000 +6.17535624e+06 +6.18073311e+06  5.38e+03   1.96e+01     4.11e-02   1447.789s
2908000 +6.17558303e+06 +6.18065797e+06  5.07e+03   2.01e+01     4.10e-02   1448.280s
2909000 +6.17577726e+06 +6.18058003e+06  4.80e+03   2.06e+01     4.09e-02   1448.772s
2910000 +6.17588102e+06 +6.18050345e+06  4.62e+03   2.10e+01     4.07e-02   1449.264s
2911000 +6.17601677e+06 +6.18041860e+06  4.40e+03   2.13e+01     4.06e-02   1449.756s
2912000 +6.17609699e+06 +6.18033612e+06  4.24e+03   2.17e+01     4.04e-02   1450.248s
2913000 +6.17628881e+06 +6.18023330e+06  3.94e+03   2.19e+01     4.02e-02   1450.740s
2914000 +6.17633416e+06 +6.18013725e+06  3.80e+03   2.22e+01     4.01e-02   1451.232s
2915000 +6.17630232e+06 +6.18003795e+06  3.74e+03   2.24e+01     3.98e-02   1451.724s
2916000 +6.17631404e+06 +6.17993207e+06  3.62e+03   2.25e+01     3.96e-02   1452.216s
2917000 +6.17631389e+06 +6.17983239e+06  3.52e+03   2.26e+01     3.94e-02   1452.708s
2918000 +6.17636908e+06 +6.17972757e+06  3.36e+03   2.29e+01     3.91e-02   1453.200s
2919000 +6.17640782e+06 +6.17961240e+06  3.20e+03   2.31e+01     3.89e-02   1453.692s
2920000 +6.17644376e+06 +6.17949350e+06  3.05e+03   2.33e+01     3.87e-02   1454.184s
2921000 +6.17644121e+06 +6.17940151e+06  2.96e+03   2.33e+01     3.85e-02   1454.675s
2922000 +6.17643083e+06 +6.17930430e+06  2.87e+03   2.36e+01     3.82e-02   1455.168s
2923000 +6.17646015e+06 +6.17920379e+06  2.74e+03   2.39e+01     3.79e-02   1455.660s
2924000 +6.17648638e+06 +6.17910607e+06  2.62e+03   2.40e+01     3.76e-02   1456.152s
2925000 +6.17650012e+06 +6.17900396e+06  2.50e+03   2.42e+01     3.73e-02   1456.644s
2926000 +6.17653640e+06 +6.17890125e+06  2.36e+03   2.44e+01     3.70e-02   1457.136s
2927000 +6.17656749e+06 +6.17879723e+06  2.23e+03   2.46e+01     3.66e-02   1457.628s
2928000 +6.17641741e+06 +6.17869280e+06  2.28e+03   2.48e+01     3.62e-02   1458.120s
2929000 +6.17626528e+06 +6.17859243e+06  2.33e+03   2.47e+01     3.59e-02   1458.612s
2930000 +6.17622390e+06 +6.17847186e+06  2.25e+03   2.46e+01     3.55e-02   1459.105s
2931000 +6.17611357e+06 +6.17836753e+06  2.25e+03   2.47e+01     3.52e-02   1459.597s
2932000 +6.17603743e+06 +6.17824956e+06  2.21e+03   2.50e+01     3.49e-02   1460.089s
2933000 +6.17600151e+06 +6.17814026e+06  2.14e+03   2.50e+01     3.45e-02   1460.581s
2934000 +6.17593665e+06 +6.17803832e+06  2.10e+03   2.51e+01     3.43e-02   1461.073s
2935000 +6.17582639e+06 +6.17793766e+06  2.11e+03   2.51e+01     3.39e-02   1461.566s
2936000 +6.17566514e+06 +6.17784159e+06  2.18e+03   2.50e+01     3.36e-02   1462.057s
2937000 +6.17550277e+06 +6.17773912e+06  2.24e+03   2.50e+01     3.32e-02   1462.550s
2938000 +6.17544555e+06 +6.17764404e+06  2.20e+03   2.50e+01     3.29e-02   1463.042s
2939000 +6.17541839e+06 +6.17754160e+06  2.12e+03   2.51e+01     3.26e-02   1463.534s
2940000 +6.17533804e+06 +6.17744781e+06  2.11e+03   2.51e+01     3.22e-02   1464.026s
2941000 +6.17513027e+06 +6.17736334e+06  2.23e+03   2.51e+01     3.19e-02   1464.519s
2942000 +6.17504964e+06 +6.17727265e+06  2.22e+03   2.49e+01     3.16e-02   1465.011s
2943000 +6.17502609e+06 +6.17717745e+06  2.15e+03   2.50e+01     3.14e-02   1465.502s
2944000 +6.17492794e+06 +6.17708543e+06  2.16e+03   2.51e+01     3.11e-02   1465.995s
2945000 +6.17491093e+06 +6.17700268e+06  2.09e+03   2.51e+01     3.08e-02   1466.487s
2946000 +6.17489500e+06 +6.17691636e+06  2.02e+03   2.50e+01     3.06e-02   1466.979s
2947000 +6.17477123e+06 +6.17682581e+06  2.05e+03   2.52e+01     3.03e-02   1467.470s
2948000 +6.17459653e+06 +6.17673363e+06  2.14e+03   2.55e+01     3.00e-02   1467.962s
2949000 +6.17449058e+06 +6.17664779e+06  2.16e+03   2.54e+01     2.99e-02   1468.454s
2950000 +6.17438933e+06 +6.17656621e+06  2.18e+03   2.54e+01     2.98e-02   1468.947s
2951000 +6.17428691e+06 +6.17648505e+06  2.20e+03   2.54e+01     2.96e-02   1469.439s
2952000 +6.17419151e+06 +6.17640527e+06  2.21e+03   2.54e+01     2.94e-02   1469.931s
2953000 +6.17410848e+06 +6.17631328e+06  2.20e+03   2.53e+01     2.92e-02   1470.423s
2954000 +6.17392136e+06 +6.17623435e+06  2.31e+03   2.52e+01     2.90e-02   1470.915s
2955000 +6.17392627e+06 +6.17614545e+06  2.22e+03   2.55e+01     2.88e-02   1471.407s
2956000 +6.17387136e+06 +6.17606337e+06  2.19e+03   2.56e+01     2.86e-02   1471.899s
2957000 +6.17372843e+06 +6.17597214e+06  2.24e+03   2.57e+01     2.84e-02   1472.391s
2958000 +6.17358213e+06 +6.17588613e+06  2.30e+03   2.54e+01     2.81e-02   1472.883s
2959000 +6.17347729e+06 +6.17581572e+06  2.34e+03   2.50e+01     2.79e-02   1473.375s
2960000 +6.17345066e+06 +6.17574968e+06  2.30e+03   2.50e+01     2.77e-02   1473.868s
2961000 +6.17339594e+06 +6.17566992e+06  2.27e+03   2.54e+01     2.75e-02   1474.360s
2962000 +6.17331787e+06 +6.17560262e+06  2.28e+03   2.55e+01     2.73e-02   1474.852s
2963000 +6.17326576e+06 +6.17552430e+06  2.26e+03   2.53e+01     2.72e-02   1475.344s
2964000 +6.17308286e+06 +6.17544784e+06  2.36e+03   2.52e+01     2.70e-02   1475.836s
2965000 +6.17312222e+06 +6.17537396e+06  2.25e+03   2.53e+01     2.68e-02   1476.328s
2966000 +6.17298365e+06 +6.17530210e+06  2.32e+03   2.53e+01     2.66e-02   1476.821s
2967000 +6.17285410e+06 +6.17522407e+06  2.37e+03   2.50e+01     2.64e-02   1477.313s
2968000 +6.17287864e+06 +6.17513920e+06  2.26e+03   2.52e+01     2.60e-02   1477.805s
2969000 +6.17295044e+06 +6.17507591e+06  2.13e+03   2.55e+01     2.57e-02   1478.297s
2970000 +6.17285627e+06 +6.17499907e+06  2.14e+03   2.57e+01     2.56e-02   1478.789s
2971000 +6.17278661e+06 +6.17491704e+06  2.13e+03   2.55e+01     2.55e-02   1479.281s
2972000 +6.17261894e+06 +6.17484639e+06  2.23e+03   2.54e+01     2.53e-02   1479.773s
2973000 +6.17259053e+06 +6.17477698e+06  2.19e+03   2.53e+01     2.51e-02   1480.265s
2974000 +6.17245769e+06 +6.17470665e+06  2.25e+03   2.53e+01     2.50e-02   1480.757s
2975000 +6.17239263e+06 +6.17463091e+06  2.24e+03   2.53e+01     2.47e-02   1481.249s
2976000 +6.17229392e+06 +6.17456009e+06  2.27e+03   2.55e+01     2.45e-02   1481.741s
2977000 +6.17221329e+06 +6.17450682e+06  2.29e+03   2.55e+01     2.42e-02   1482.233s
2978000 +6.17207395e+06 +6.17444864e+06  2.37e+03   2.54e+01     2.40e-02   1482.726s
2979000 +6.17198313e+06 +6.17438534e+06  2.40e+03   2.51e+01     2.39e-02   1483.218s
2980000 +6.17189499e+06 +6.17431924e+06  2.42e+03   2.50e+01     2.37e-02   1483.710s
2981000 +6.17172002e+06 +6.17425003e+06  2.53e+03   2.48e+01     2.36e-02   1484.203s
2982000 +6.17162102e+06 +6.17418365e+06  2.56e+03   2.47e+01     2.34e-02   1484.695s
2983000 +6.17150602e+06 +6.17411020e+06  2.60e+03   2.50e+01     2.32e-02   1485.187s
2984000 +6.17148326e+06 +6.17403915e+06  2.56e+03   2.51e+01     2.30e-02   1485.679s
2985000 +6.17131106e+06 +6.17396918e+06  2.66e+03   2.46e+01     2.28e-02   1486.171s
2986000 +6.17130241e+06 +6.17389172e+06  2.59e+03   2.46e+01     2.27e-02   1486.664s
2987000 +6.17119204e+06 +6.17383269e+06  2.64e+03   2.49e+01     2.25e-02   1487.156s
2988000 +6.17107036e+06 +6.17377346e+06  2.70e+03   2.50e+01     2.23e-02   1487.648s
2989000 +6.17103121e+06 +6.17370701e+06  2.68e+03   2.47e+01     2.22e-02   1488.140s
2990000 +6.17093682e+06 +6.17364412e+06  2.71e+03   2.47e+01     2.20e-02   1488.632s
2991000 +6.17085621e+06 +6.17359010e+06  2.73e+03   2.49e+01     2.20e-02   1489.125s
2992000 +6.17075919e+06 +6.17351979e+06  2.76e+03   2.47e+01     2.19e-02   1489.616s
2993000 +6.17072930e+06 +6.17345437e+06  2.73e+03   2.45e+01     2.18e-02   1490.109s
2994000 +6.17070415e+06 +6.17339316e+06  2.69e+03   2.46e+01     2.17e-02   1490.601s
2995000 +6.17048844e+06 +6.17333649e+06  2.85e+03   2.49e+01     2.15e-02   1491.093s
2996000 +6.17045273e+06 +6.17327035e+06  2.82e+03   2.49e+01     2.14e-02   1491.585s
2997000 +6.17033130e+06 +6.17321379e+06  2.88e+03   2.46e+01     2.12e-02   1492.077s
2998000 +6.17024886e+06 +6.17314330e+06  2.89e+03   2.43e+01     2.10e-02   1492.570s
2999000 +6.17017618e+06 +6.17307917e+06  2.90e+03   2.42e+01     2.09e-02   1493.062s
3000000 +6.17004705e+06 +6.17302337e+06  2.98e+03   2.43e+01     2.07e-02   1493.554s
3001000 +6.17011741e+06 +6.17298252e+06  2.87e+03   2.46e+01     2.06e-02   1494.046s
3002000 +6.16994853e+06 +6.17291132e+06  2.96e+03   2.47e+01     2.05e-02   1494.538s
3003000 +6.16990794e+06 +6.17285315e+06  2.95e+03   2.45e+01     2.04e-02   1495.031s
3004000 +6.16982739e+06 +6.17279544e+06  2.97e+03   2.46e+01     2.03e-02   1495.523s
3005000 +6.16978305e+06 +6.17274284e+06  2.96e+03   2.46e+01     2.01e-02   1496.015s
3006000 +6.16970848e+06 +6.17267360e+06  2.97e+03   2.42e+01     2.01e-02   1496.507s
3007000 +6.16965242e+06 +6.17261201e+06  2.96e+03   2.39e+01     1.99e-02   1496.999s
3008000 +6.16952537e+06 +6.17256394e+06  3.04e+03   2.43e+01     1.98e-02   1497.492s
3009000 +6.16951196e+06 +6.17250205e+06  2.99e+03   2.46e+01     1.97e-02   1497.984s
3010000 +6.16945401e+06 +6.17243921e+06  2.99e+03   2.44e+01     1.96e-02   1498.476s
3011000 +6.16940162e+06 +6.17237512e+06  2.97e+03   2.43e+01     1.95e-02   1498.969s
3012000 +6.16923243e+06 +6.17233238e+06  3.10e+03   2.43e+01     1.94e-02   1499.461s
3013000 +6.16918864e+06 +6.17228478e+06  3.10e+03   2.42e+01     1.93e-02   1499.953s
3014000 +6.16911865e+06 +6.17222357e+06  3.10e+03   2.39e+01     1.93e-02   1500.445s
3015000 +6.16900577e+06 +6.17215808e+06  3.15e+03   2.40e+01     1.91e-02   1500.937s
3016000 +6.16896630e+06 +6.17209714e+06  3.13e+03   2.42e+01     1.91e-02   1501.430s
3017000 +6.16894146e+06 +6.17204897e+06  3.11e+03   2.41e+01     1.90e-02   1501.922s
3018000 +6.16881304e+06 +6.17199590e+06  3.18e+03   2.41e+01     1.90e-02   1502.415s
3019000 +6.16883928e+06 +6.17193434e+06  3.10e+03   2.41e+01     1.89e-02   1502.907s
3020000 +6.16884756e+06 +6.17186544e+06  3.02e+03   2.41e+01     1.87e-02   1503.399s
3021000 +6.16877686e+06 +6.17180667e+06  3.03e+03   2.41e+01     1.87e-02   1503.891s
3022000 +6.16857863e+06 +6.17174652e+06  3.17e+03   2.41e+01     1.86e-02   1504.383s
3023000 +6.16854658e+06 +6.17169671e+06  3.15e+03   2.42e+01     1.85e-02   1504.875s
3024000 +6.16850598e+06 +6.17163921e+06  3.13e+03   2.43e+01     1.84e-02   1505.367s
3025000 +6.16840461e+06 +6.17158589e+06  3.18e+03   2.42e+01     1.84e-02   1505.860s
3026000 +6.16841861e+06 +6.17152774e+06  3.11e+03   2.40e+01     1.83e-02   1506.352s
3027000 +6.16838223e+06 +6.17147196e+06  3.09e+03   2.40e+01     1.83e-02   1506.845s
3028000 +6.16828916e+06 +6.17141491e+06  3.13e+03   2.45e+01     1.82e-02   1507.337s
3029000 +6.16820369e+06 +6.17136506e+06  3.16e+03   2.46e+01     1.81e-02   1507.829s
3030000 +6.16808035e+06 +6.17129765e+06  3.22e+03   2.39e+01     1.81e-02   1508.321s
3031000 +6.16802654e+06 +6.17124785e+06  3.22e+03   2.38e+01     1.80e-02   1508.813s
3032000 +6.16796277e+06 +6.17119726e+06  3.23e+03   2.41e+01     1.80e-02   1509.306s
3033000 +6.16783320e+06 +6.17114291e+06  3.31e+03   2.42e+01     1.79e-02   1509.798s
3034000 +6.16781032e+06 +6.17108710e+06  3.28e+03   2.41e+01     1.79e-02   1510.290s
3035000 +6.16771019e+06 +6.17103802e+06  3.33e+03   2.39e+01     1.78e-02   1510.783s
3036000 +6.16769066e+06 +6.17098274e+06  3.29e+03   2.39e+01     1.77e-02   1511.275s
3037000 +6.16764180e+06 +6.17092391e+06  3.28e+03   2.39e+01     1.76e-02   1511.767s
3038000 +6.16762570e+06 +6.17088246e+06  3.26e+03   2.40e+01     1.76e-02   1512.259s
3039000 +6.16743865e+06 +6.17083241e+06  3.39e+03   2.41e+01     1.76e-02   1512.752s
3040000 +6.16735472e+06 +6.17079032e+06  3.44e+03   2.40e+01     1.75e-02   1513.244s
3041000 +6.16736931e+06 +6.17074534e+06  3.38e+03   2.39e+01     1.74e-02   1513.736s
3042000 +6.16720061e+06 +6.17069149e+06  3.49e+03   2.38e+01     1.74e-02   1514.229s
3043000 +6.16715679e+06 +6.17064505e+06  3.49e+03   2.37e+01     1.73e-02   1514.721s
3044000 +6.16719208e+06 +6.17059784e+06  3.41e+03   2.40e+01     1.73e-02   1515.213s
3045000 +6.16707698e+06 +6.17055470e+06  3.48e+03   2.42e+01     1.72e-02   1515.705s
3046000 +6.16706213e+06 +6.17051199e+06  3.45e+03   2.39e+01     1.72e-02   1516.197s
3047000 +6.16694417e+06 +6.17045990e+06  3.52e+03   2.36e+01     1.71e-02   1516.690s
3048000 +6.16691199e+06 +6.17041925e+06  3.51e+03   2.37e+01     1.70e-02   1517.182s
3049000 +6.16681600e+06 +6.17038374e+06  3.57e+03   2.39e+01     1.69e-02   1517.674s
3050000 +6.16685234e+06 +6.17034063e+06  3.49e+03   2.40e+01     1.69e-02   1518.167s
3051000 +6.16680953e+06 +6.17028977e+06  3.48e+03   2.40e+01     1.69e-02   1518.659s
3052000 +6.16678213e+06 +6.17024751e+06  3.47e+03   2.38e+01     1.68e-02   1519.152s
3053000 +6.16675578e+06 +6.17020618e+06  3.45e+03   2.38e+01     1.68e-02   1519.644s
3054000 +6.16670048e+06 +6.17016458e+06  3.46e+03   2.39e+01     1.68e-02   1520.136s
3055000 +6.16655736e+06 +6.17012314e+06  3.57e+03   2.39e+01     1.67e-02   1520.629s
3056000 +6.16650804e+06 +6.17008228e+06  3.57e+03   2.38e+01     1.67e-02   1521.121s
3057000 +6.16648172e+06 +6.17003730e+06  3.56e+03   2.39e+01     1.66e-02   1521.613s
3058000 +6.16646565e+06 +6.16999400e+06  3.53e+03   2.40e+01     1.66e-02   1522.106s
3059000 +6.16650700e+06 +6.16994049e+06  3.43e+03   2.39e+01     1.66e-02   1522.598s
3060000 +6.16636370e+06 +6.16989637e+06  3.53e+03   2.40e+01     1.65e-02   1523.090s
3061000 +6.16631591e+06 +6.16985032e+06  3.53e+03   2.40e+01     1.65e-02   1523.582s
3062000 +6.16624982e+06 +6.16980539e+06  3.56e+03   2.38e+01     1.64e-02   1524.074s
3063000 +6.16622346e+06 +6.16976597e+06  3.54e+03   2.37e+01     1.64e-02   1524.567s
3064000 +6.16602703e+06 +6.16972339e+06  3.70e+03   2.38e+01     1.64e-02   1525.059s
3065000 +6.16596927e+06 +6.16967712e+06  3.71e+03   2.37e+01     1.63e-02   1525.552s
3066000 +6.16583538e+06 +6.16963118e+06  3.80e+03   2.35e+01     1.62e-02   1526.044s
3067000 +6.16575932e+06 +6.16959169e+06  3.83e+03   2.35e+01     1.62e-02   1526.536s
3068000 +6.16567214e+06 +6.16954837e+06  3.88e+03   2.35e+01     1.61e-02   1527.029s
3069000 +6.16554048e+06 +6.16950602e+06  3.97e+03   2.34e+01     1.60e-02   1527.522s
3070000 +6.16557453e+06 +6.16945950e+06  3.88e+03   2.34e+01     1.60e-02   1528.014s
3071000 +6.16549309e+06 +6.16941692e+06  3.92e+03   2.35e+01     1.59e-02   1528.507s
3072000 +6.16553667e+06 +6.16936204e+06  3.83e+03   2.37e+01     1.59e-02   1528.999s
3073000 +6.16541506e+06 +6.16931750e+06  3.90e+03   2.36e+01     1.58e-02   1529.492s
3074000 +6.16533790e+06 +6.16927188e+06  3.93e+03   2.34e+01     1.58e-02   1529.985s
3075000 +6.16534597e+06 +6.16922134e+06  3.88e+03   2.34e+01     1.57e-02   1530.476s
3076000 +6.16529113e+06 +6.16918006e+06  3.89e+03   2.34e+01     1.57e-02   1530.969s
3077000 +6.16524390e+06 +6.16912950e+06  3.89e+03   2.35e+01     1.56e-02   1531.461s
3078000 +6.16524445e+06 +6.16908425e+06  3.84e+03   2.38e+01     1.55e-02   1531.953s
3079000 +6.16527513e+06 +6.16904121e+06  3.77e+03   2.38e+01     1.55e-02   1532.446s
3080000 +6.16520190e+06 +6.16899646e+06  3.79e+03   2.34e+01     1.55e-02   1532.938s
3081000 +6.16507817e+06 +6.16895123e+06  3.87e+03   2.34e+01     1.55e-02   1533.431s
3082000 +6.16499897e+06 +6.16891741e+06  3.92e+03   2.35e+01     1.54e-02   1533.923s
3083000 +6.16501839e+06 +6.16887769e+06  3.86e+03   2.35e+01     1.53e-02   1534.415s
3084000 +6.16500013e+06 +6.16884323e+06  3.84e+03   2.36e+01     1.53e-02   1534.907s
3085000 +6.16492353e+06 +6.16880827e+06  3.88e+03   2.35e+01     1.53e-02   1535.400s
3086000 +6.16491279e+06 +6.16876953e+06  3.86e+03   2.35e+01     1.52e-02   1535.892s
3087000 +6.16487347e+06 +6.16872475e+06  3.85e+03   2.38e+01     1.52e-02   1536.385s
3088000 +6.16480742e+06 +6.16869202e+06  3.88e+03   2.38e+01     1.51e-02   1536.877s
3089000 +6.16463051e+06 +6.16865157e+06  4.02e+03   2.34e+01     1.51e-02   1537.369s
3090000 +6.16460333e+06 +6.16861278e+06  4.01e+03   2.34e+01     1.50e-02   1537.862s
3091000 +6.16452224e+06 +6.16857875e+06  4.06e+03   2.33e+01     1.50e-02   1538.354s
3092000 +6.16443223e+06 +6.16854791e+06  4.12e+03   2.32e+01     1.49e-02   1538.847s
3093000 +6.16445888e+06 +6.16851473e+06  4.06e+03   2.34e+01     1.48e-02   1539.339s
3094000 +6.16448431e+06 +6.16847787e+06  3.99e+03   2.36e+01     1.48e-02   1539.831s
3095000 +6.16442480e+06 +6.16844365e+06  4.02e+03   2.33e+01     1.48e-02   1540.324s
3096000 +6.16434974e+06 +6.16841186e+06  4.06e+03   2.32e+01     1.47e-02   1540.816s
3097000 +6.16423363e+06 +6.16838819e+06  4.15e+03   2.34e+01     1.47e-02   1541.308s
3098000 +6.16421312e+06 +6.16836282e+06  4.15e+03   2.35e+01     1.46e-02   1541.800s
3099000 +6.16423714e+06 +6.16832987e+06  4.09e+03   2.34e+01     1.46e-02   1542.293s
3100000 +6.16421177e+06 +6.16829910e+06  4.09e+03   2.36e+01     1.45e-02   1542.786s
3101000 +6.16413566e+06 +6.16826545e+06  4.13e+03   2.36e+01     1.45e-02   1543.278s
3102000 +6.16411835e+06 +6.16823354e+06  4.12e+03   2.34e+01     1.45e-02   1543.770s
3103000 +6.16400165e+06 +6.16819701e+06  4.20e+03   2.33e+01     1.45e-02   1544.262s
3104000 +6.16395261e+06 +6.16815756e+06  4.20e+03   2.34e+01     1.44e-02   1544.755s
3105000 +6.16393715e+06 +6.16811677e+06  4.18e+03   2.35e+01     1.44e-02   1545.247s
3106000 +6.16387562e+06 +6.16808282e+06  4.21e+03   2.36e+01     1.43e-02   1545.739s
3107000 +6.16383169e+06 +6.16805693e+06  4.23e+03   2.35e+01     1.44e-02   1546.231s
3108000 +6.16374742e+06 +6.16801754e+06  4.27e+03   2.33e+01     1.43e-02   1546.724s
3109000 +6.16364376e+06 +6.16798128e+06  4.34e+03   2.34e+01     1.43e-02   1547.216s
3110000 +6.16362450e+06 +6.16794727e+06  4.32e+03   2.33e+01     1.42e-02   1547.709s
3111000 +6.16357033e+06 +6.16790994e+06  4.34e+03   2.32e+01     1.42e-02   1548.201s
3112000 +6.16345868e+06 +6.16788059e+06  4.42e+03   2.34e+01     1.42e-02   1548.694s
3113000 +6.16335994e+06 +6.16784858e+06  4.49e+03   2.35e+01     1.41e-02   1549.186s
3114000 +6.16333454e+06 +6.16781374e+06  4.48e+03   2.33e+01     1.41e-02   1549.679s
3115000 +6.16329827e+06 +6.16778096e+06  4.48e+03   2.32e+01     1.40e-02   1550.171s
3116000 +6.16321836e+06 +6.16774533e+06  4.53e+03   2.33e+01     1.40e-02   1550.664s
3117000 +6.16315301e+06 +6.16770306e+06  4.55e+03   2.35e+01     1.39e-02   1551.156s
3118000 +6.16319810e+06 +6.16766918e+06  4.47e+03   2.35e+01     1.39e-02   1551.649s
3119000 +6.16318688e+06 +6.16762884e+06  4.44e+03   2.34e+01     1.39e-02   1552.141s
3120000 +6.16317840e+06 +6.16760430e+06  4.43e+03   2.34e+01     1.39e-02   1552.633s
3121000 +6.16313594e+06 +6.16757123e+06  4.44e+03   2.34e+01     1.38e-02   1553.126s
3122000 +6.16316376e+06 +6.16753360e+06  4.37e+03   2.33e+01     1.39e-02   1553.618s
3123000 +6.16308353e+06 +6.16749066e+06  4.41e+03   2.35e+01     1.38e-02   1554.111s
3124000 +6.16300305e+06 +6.16745389e+06  4.45e+03   2.35e+01     1.37e-02   1554.603s
3125000 +6.16297047e+06 +6.16742572e+06  4.46e+03   2.34e+01     1.37e-02   1555.096s
3126000 +6.16288670e+06 +6.16738666e+06  4.50e+03   2.33e+01     1.37e-02   1555.588s
3127000 +6.16286751e+06 +6.16735945e+06  4.49e+03   2.33e+01     1.36e-02   1556.081s
3128000 +6.16284064e+06 +6.16732570e+06  4.49e+03   2.35e+01     1.36e-02   1556.573s
3129000 +6.16280056e+06 +6.16729442e+06  4.49e+03   2.36e+01     1.36e-02   1557.066s
3130000 +6.16276362e+06 +6.16725216e+06  4.49e+03   2.36e+01     1.36e-02   1557.558s
3131000 +6.16271122e+06 +6.16721213e+06  4.50e+03   2.35e+01     1.35e-02   1558.050s
3132000 +6.16276997e+06 +6.16717051e+06  4.40e+03   2.35e+01     1.34e-02   1558.543s
3133000 +6.16272677e+06 +6.16713474e+06  4.41e+03   2.34e+01     1.34e-02   1559.035s
3134000 +6.16269121e+06 +6.16710218e+06  4.41e+03   2.36e+01     1.34e-02   1559.527s
3135000 +6.16271391e+06 +6.16706843e+06  4.35e+03   2.39e+01     1.34e-02   1560.020s
3136000 +6.16271181e+06 +6.16703335e+06  4.32e+03   2.39e+01     1.34e-02   1560.512s
3137000 +6.16266422e+06 +6.16699897e+06  4.33e+03   2.36e+01     1.34e-02   1561.004s
3138000 +6.16259364e+06 +6.16696395e+06  4.37e+03   2.35e+01     1.33e-02   1561.496s
3139000 +6.16267801e+06 +6.16693704e+06  4.26e+03   2.36e+01     1.33e-02   1561.989s
3140000 +6.16264660e+06 +6.16689774e+06  4.25e+03   2.37e+01     1.32e-02   1562.482s
3141000 +6.16261955e+06 +6.16686859e+06  4.25e+03   2.39e+01     1.32e-02   1562.974s
3142000 +6.16259282e+06 +6.16684002e+06  4.25e+03   2.38e+01     1.32e-02   1563.467s
3143000 +6.16254653e+06 +6.16681222e+06  4.27e+03   2.36e+01     1.32e-02   1563.959s
3144000 +6.16246667e+06 +6.16678066e+06  4.31e+03   2.36e+01     1.31e-02   1564.451s
3145000 +6.16240205e+06 +6.16674883e+06  4.35e+03   2.36e+01     1.31e-02   1564.944s
3146000 +6.16228304e+06 +6.16671966e+06  4.44e+03   2.36e+01     1.31e-02   1565.436s
3147000 +6.16224819e+06 +6.16668300e+06  4.43e+03   2.37e+01     1.31e-02   1565.929s
3148000 +6.16223417e+06 +6.16665390e+06  4.42e+03   2.37e+01     1.30e-02   1566.421s
3149000 +6.16219080e+06 +6.16662314e+06  4.43e+03   2.36e+01     1.30e-02   1566.913s
3150000 +6.16215029e+06 +6.16659557e+06  4.45e+03   2.35e+01     1.29e-02   1567.406s
3151000 +6.16212350e+06 +6.16656869e+06  4.45e+03   2.37e+01     1.30e-02   1567.898s
3152000 +6.16205809e+06 +6.16653581e+06  4.48e+03   2.36e+01     1.29e-02   1568.390s
3153000 +6.16204419e+06 +6.16650715e+06  4.46e+03   2.35e+01     1.29e-02   1568.883s
3154000 +6.16206092e+06 +6.16648196e+06  4.42e+03   2.36e+01     1.29e-02   1569.375s
3155000 +6.16201771e+06 +6.16644694e+06  4.43e+03   2.38e+01     1.29e-02   1569.867s
3156000 +6.16195198e+06 +6.16641445e+06  4.46e+03   2.36e+01     1.29e-02   1570.359s
3157000 +6.16186538e+06 +6.16638705e+06  4.52e+03   2.36e+01     1.29e-02   1570.851s
3158000 +6.16180987e+06 +6.16636140e+06  4.55e+03   2.36e+01     1.29e-02   1571.343s
3159000 +6.16178536e+06 +6.16633750e+06  4.55e+03   2.35e+01     1.29e-02   1571.836s
3160000 +6.16178825e+06 +6.16630484e+06  4.52e+03   2.35e+01     1.28e-02   1572.328s
3161000 +6.16170569e+06 +6.16626500e+06  4.56e+03   2.37e+01     1.28e-02   1572.820s
3162000 +6.16172750e+06 +6.16623553e+06  4.51e+03   2.38e+01     1.28e-02   1573.312s
3163000 +6.16169857e+06 +6.16621737e+06  4.52e+03   2.36e+01     1.28e-02   1573.805s
3164000 +6.16167808e+06 +6.16618663e+06  4.51e+03   2.38e+01     1.27e-02   1574.297s
3165000 +6.16163627e+06 +6.16614950e+06  4.51e+03   2.37e+01     1.27e-02   1574.789s
3166000 +6.16164206e+06 +6.16612206e+06  4.48e+03   2.35e+01     1.27e-02   1575.282s
3167000 +6.16170061e+06 +6.16609602e+06  4.40e+03   2.35e+01     1.27e-02   1575.774s
3168000 +6.16160877e+06 +6.16607202e+06  4.46e+03   2.38e+01     1.27e-02   1576.267s
3169000 +6.16157985e+06 +6.16604378e+06  4.46e+03   2.40e+01     1.27e-02   1576.758s
3170000 +6.16153330e+06 +6.16600794e+06  4.47e+03   2.37e+01     1.27e-02   1577.251s
3171000 +6.16152889e+06 +6.16597799e+06  4.45e+03   2.35e+01     1.27e-02   1577.743s
3172000 +6.16140869e+06 +6.16595664e+06  4.55e+03   2.37e+01     1.26e-02   1578.236s
3173000 +6.16136337e+06 +6.16593251e+06  4.57e+03   2.36e+01     1.26e-02   1578.728s
3174000 +6.16133136e+06 +6.16589412e+06  4.56e+03   2.35e+01     1.26e-02   1579.221s
3175000 +6.16136268e+06 +6.16585289e+06  4.49e+03   2.37e+01     1.25e-02   1579.713s
3176000 +6.16132794e+06 +6.16582078e+06  4.49e+03   2.38e+01     1.25e-02   1580.206s
3177000 +6.16133517e+06 +6.16579336e+06  4.46e+03   2.40e+01     1.25e-02   1580.698s
3178000 +6.16128406e+06 +6.16575799e+06  4.47e+03   2.39e+01     1.25e-02   1581.191s
3179000 +6.16123754e+06 +6.16572234e+06  4.48e+03   2.38e+01     1.25e-02   1581.683s
3180000 +6.16120802e+06 +6.16568693e+06  4.48e+03   2.37e+01     1.25e-02   1582.176s
3181000 +6.16116979e+06 +6.16566034e+06  4.49e+03   2.37e+01     1.25e-02   1582.668s
3182000 +6.16106572e+06 +6.16563239e+06  4.57e+03   2.37e+01     1.24e-02   1583.160s
3183000 +6.16104984e+06 +6.16559969e+06  4.55e+03   2.37e+01     1.24e-02   1583.653s
3184000 +6.16101276e+06 +6.16555976e+06  4.55e+03   2.38e+01     1.24e-02   1584.145s
3185000 +6.16096201e+06 +6.16552326e+06  4.56e+03   2.37e+01     1.24e-02   1584.637s
3186000 +6.16097901e+06 +6.16549288e+06  4.51e+03   2.37e+01     1.23e-02   1585.130s
3187000 +6.16093745e+06 +6.16545848e+06  4.52e+03   2.38e+01     1.23e-02   1585.622s
3188000 +6.16084444e+06 +6.16542941e+06  4.58e+03   2.38e+01     1.23e-02   1586.114s
3189000 +6.16087165e+06 +6.16539443e+06  4.52e+03   2.36e+01     1.23e-02   1586.607s
3190000 +6.16080273e+06 +6.16536322e+06  4.56e+03   2.37e+01     1.22e-02   1587.099s
3191000 +6.16085819e+06 +6.16533722e+06  4.48e+03   2.39e+01     1.22e-02   1587.591s
3192000 +6.16083613e+06 +6.16530084e+06  4.46e+03   2.39e+01     1.22e-02   1588.083s
3193000 +6.16079922e+06 +6.16527549e+06  4.48e+03   2.37e+01     1.22e-02   1588.575s
3194000 +6.16073295e+06 +6.16523981e+06  4.51e+03   2.37e+01     1.22e-02   1589.068s
3195000 +6.16060682e+06 +6.16521259e+06  4.61e+03   2.36e+01     1.21e-02   1589.560s
3196000 +6.16056676e+06 +6.16518875e+06  4.62e+03   2.35e+01     1.21e-02   1590.052s
3197000 +6.16059954e+06 +6.16515838e+06  4.56e+03   2.38e+01     1.20e-02   1590.545s
3198000 +6.16053705e+06 +6.16512565e+06  4.59e+03   2.39e+01     1.20e-02   1591.037s
3199000 +6.16048399e+06 +6.16510007e+06  4.62e+03   2.37e+01     1.20e-02   1591.529s
3200000 +6.16047240e+06 +6.16506625e+06  4.59e+03   2.37e+01     1.20e-02   1592.022s
3201000 +6.16042136e+06 +6.16503707e+06  4.62e+03   2.39e+01     1.20e-02   1592.513s
3202000 +6.16038334e+06 +6.16500372e+06  4.62e+03   2.37e+01     1.20e-02   1593.006s
3203000 +6.16031452e+06 +6.16496464e+06  4.65e+03   2.36e+01     1.19e-02   1593.498s
3204000 +6.16024375e+06 +6.16493540e+06  4.69e+03   2.37e+01     1.19e-02   1593.990s
3205000 +6.16024776e+06 +6.16491447e+06  4.67e+03   2.38e+01     1.19e-02   1594.482s
3206000 +6.16018681e+06 +6.16488612e+06  4.70e+03   2.37e+01     1.18e-02   1594.974s
3207000 +6.16012860e+06 +6.16485618e+06  4.73e+03   2.37e+01     1.18e-02   1595.467s
3208000 +6.16006146e+06 +6.16481700e+06  4.76e+03   2.36e+01     1.17e-02   1595.959s
3209000 +6.16003269e+06 +6.16478878e+06  4.76e+03   2.35e+01     1.17e-02   1596.451s
3210000 +6.16000416e+06 +6.16476278e+06  4.76e+03   2.36e+01     1.17e-02   1596.943s
3211000 +6.15992903e+06 +6.16473599e+06  4.81e+03   2.37e+01     1.17e-02   1597.436s
3212000 +6.15992968e+06 +6.16470571e+06  4.78e+03   2.37e+01     1.16e-02   1597.928s
3213000 +6.15992261e+06 +6.16468005e+06  4.76e+03   2.37e+01     1.17e-02   1598.420s
3214000 +6.15987735e+06 +6.16465577e+06  4.78e+03   2.36e+01     1.16e-02   1598.913s
3215000 +6.15982180e+06 +6.16462883e+06  4.81e+03   2.34e+01     1.17e-02   1599.405s
3216000 +6.15976675e+06 +6.16459578e+06  4.83e+03   2.36e+01     1.16e-02   1599.898s
3217000 +6.15975193e+06 +6.16456561e+06  4.81e+03   2.36e+01     1.16e-02   1600.390s
3218000 +6.15964656e+06 +6.16454058e+06  4.89e+03   2.34e+01     1.16e-02   1600.882s
3219000 +6.15969608e+06 +6.16451647e+06  4.82e+03   2.35e+01     1.16e-02   1601.374s
3220000 +6.15962335e+06 +6.16448704e+06  4.86e+03   2.37e+01     1.15e-02   1601.867s
3221000 +6.15961227e+06 +6.16445379e+06  4.84e+03   2.36e+01     1.15e-02   1602.359s
3222000 +6.15954414e+06 +6.16442980e+06  4.89e+03   2.35e+01     1.15e-02   1602.851s
3223000 +6.15952183e+06 +6.16440247e+06  4.88e+03   2.36e+01     1.15e-02   1603.344s
3224000 +6.15954397e+06 +6.16437909e+06  4.84e+03   2.36e+01     1.15e-02   1603.836s
3225000 +6.15946320e+06 +6.16434022e+06  4.88e+03   2.34e+01     1.15e-02   1604.328s
3226000 +6.15939972e+06 +6.16430620e+06  4.91e+03   2.35e+01     1.15e-02   1604.820s
3227000 +6.15940243e+06 +6.16428136e+06  4.88e+03   2.37e+01     1.14e-02   1605.313s
3228000 +6.15929726e+06 +6.16425853e+06  4.96e+03   2.34e+01     1.14e-02   1605.806s
3229000 +6.15929660e+06 +6.16422683e+06  4.93e+03   2.33e+01     1.14e-02   1606.298s
3230000 +6.15927070e+06 +6.16419015e+06  4.92e+03   2.35e+01     1.14e-02   1606.790s
3231000 +6.15926249e+06 +6.16416584e+06  4.90e+03   2.36e+01     1.14e-02   1607.282s
3232000 +6.15924782e+06 +6.16413967e+06  4.89e+03   2.34e+01     1.14e-02   1607.775s
3233000 +6.15919764e+06 +6.16411395e+06  4.92e+03   2.35e+01     1.13e-02   1608.267s
3234000 +6.15912385e+06 +6.16408302e+06  4.96e+03   2.35e+01     1.12e-02   1608.759s
3235000 +6.15906681e+06 +6.16405305e+06  4.99e+03   2.33e+01     1.12e-02   1609.252s
3236000 +6.15903885e+06 +6.16402453e+06  4.99e+03   2.33e+01     1.12e-02   1609.745s
3237000 +6.15899368e+06 +6.16400344e+06  5.01e+03   2.33e+01     1.12e-02   1610.236s
3238000 +6.15894563e+06 +6.16398482e+06  5.04e+03   2.33e+01     1.12e-02   1610.729s
3239000 +6.15890694e+06 +6.16395846e+06  5.05e+03   2.34e+01     1.11e-02   1611.221s
3240000 +6.15887345e+06 +6.16392755e+06  5.05e+03   2.33e+01     1.12e-02   1611.713s
3241000 +6.15886361e+06 +6.16390382e+06  5.04e+03   2.32e+01     1.11e-02   1612.205s
3242000 +6.15881193e+06 +6.16388220e+06  5.07e+03   2.33e+01     1.11e-02   1612.697s
3243000 +6.15874499e+06 +6.16385247e+06  5.11e+03   2.32e+01     1.11e-02   1613.190s
3244000 +6.15873993e+06 +6.16382254e+06  5.08e+03   2.32e+01     1.11e-02   1613.683s
3245000 +6.15872672e+06 +6.16379339e+06  5.07e+03   2.32e+01     1.10e-02   1614.175s
3246000 +6.15863537e+06 +6.16377314e+06  5.14e+03   2.33e+01     1.10e-02   1614.667s
3247000 +6.15858282e+06 +6.16374999e+06  5.17e+03   2.33e+01     1.10e-02   1615.159s
3248000 +6.15858187e+06 +6.16372342e+06  5.14e+03   2.32e+01     1.10e-02   1615.652s
3249000 +6.15853509e+06 +6.16369727e+06  5.16e+03   2.31e+01     1.10e-02   1616.144s
3250000 +6.15850781e+06 +6.16366595e+06  5.16e+03   2.33e+01     1.10e-02   1616.636s
3251000 +6.15853205e+06 +6.16364131e+06  5.11e+03   2.32e+01     1.10e-02   1617.129s
3252000 +6.15849392e+06 +6.16361325e+06  5.12e+03   2.33e+01     1.10e-02   1617.621s
3253000 +6.15848470e+06 +6.16357946e+06  5.09e+03   2.32e+01     1.09e-02   1618.113s
3254000 +6.15842360e+06 +6.16354350e+06  5.12e+03   2.30e+01     1.09e-02   1618.605s
3255000 +6.15836448e+06 +6.16351770e+06  5.15e+03   2.32e+01     1.09e-02   1619.098s
3256000 +6.15838721e+06 +6.16349028e+06  5.10e+03   2.32e+01     1.08e-02   1619.590s
3257000 +6.15831673e+06 +6.16346282e+06  5.15e+03   2.30e+01     1.08e-02   1620.083s
3258000 +6.15829559e+06 +6.16343017e+06  5.13e+03   2.30e+01     1.08e-02   1620.575s
3259000 +6.15832121e+06 +6.16340325e+06  5.08e+03   2.32e+01     1.08e-02   1621.068s
3260000 +6.15826046e+06 +6.16337829e+06  5.12e+03   2.30e+01     1.08e-02   1621.560s
3261000 +6.15823061e+06 +6.16335195e+06  5.12e+03   2.28e+01     1.07e-02   1622.053s
3262000 +6.15823456e+06 +6.16333308e+06  5.10e+03   2.31e+01     1.08e-02   1622.546s
3263000 +6.15821832e+06 +6.16331128e+06  5.09e+03   2.33e+01     1.07e-02   1623.038s
3264000 +6.15824309e+06 +6.16328589e+06  5.04e+03   2.31e+01     1.07e-02   1623.530s
3265000 +6.15817684e+06 +6.16325895e+06  5.08e+03   2.30e+01     1.07e-02   1624.022s
3266000 +6.15817009e+06 +6.16322483e+06  5.05e+03   2.31e+01     1.07e-02   1624.514s
3267000 +6.15813838e+06 +6.16319854e+06  5.06e+03   2.30e+01     1.06e-02   1625.007s
3268000 +6.15809925e+06 +6.16316788e+06  5.07e+03   2.31e+01     1.06e-02   1625.499s
3269000 +6.15807649e+06 +6.16314015e+06  5.06e+03   2.31e+01     1.05e-02   1625.991s
3270000 +6.15793592e+06 +6.16311150e+06  5.18e+03   2.31e+01     1.05e-02   1626.484s
3271000 +6.15794773e+06 +6.16308328e+06  5.14e+03   2.30e+01     1.05e-02   1626.976s
3272000 +6.15791351e+06 +6.16305389e+06  5.14e+03   2.31e+01     1.05e-02   1627.468s
3273000 +6.15791183e+06 +6.16302809e+06  5.12e+03   2.30e+01     1.05e-02   1627.961s
3274000 +6.15789382e+06 +6.16300414e+06  5.11e+03   2.29e+01     1.05e-02   1628.453s
3275000 +6.15789755e+06 +6.16297868e+06  5.08e+03   2.29e+01     1.05e-02   1628.946s
3276000 +6.15783479e+06 +6.16295365e+06  5.12e+03   2.30e+01     1.05e-02   1629.438s
3277000 +6.15784048e+06 +6.16292064e+06  5.08e+03   2.31e+01     1.05e-02   1629.931s
3278000 +6.15778528e+06 +6.16289890e+06  5.11e+03   2.30e+01     1.04e-02   1630.423s
3279000 +6.15776135e+06 +6.16287931e+06  5.12e+03   2.29e+01     1.04e-02   1630.915s
3280000 +6.15776220e+06 +6.16285953e+06  5.10e+03   2.29e+01     1.04e-02   1631.408s
3281000 +6.15777741e+06 +6.16283043e+06  5.05e+03   2.30e+01     1.04e-02   1631.901s
3282000 +6.15777612e+06 +6.16280305e+06  5.03e+03   2.30e+01     1.04e-02   1632.393s
3283000 +6.15777884e+06 +6.16277991e+06  5.00e+03   2.30e+01     1.03e-02   1632.886s
3284000 +6.15778556e+06 +6.16275597e+06  4.97e+03   2.31e+01     1.04e-02   1633.378s
3285000 +6.15775128e+06 +6.16273530e+06  4.98e+03   2.32e+01     1.03e-02   1633.871s
3286000 +6.15770649e+06 +6.16270381e+06  5.00e+03   2.32e+01     1.03e-02   1634.363s
3287000 +6.15767689e+06 +6.16268077e+06  5.00e+03   2.30e+01     1.03e-02   1634.856s
3288000 +6.15762603e+06 +6.16266213e+06  5.04e+03   2.31e+01     1.02e-02   1635.348s
3289000 +6.15761136e+06 +6.16264049e+06  5.03e+03   2.32e+01     1.02e-02   1635.840s
3290000 +6.15757005e+06 +6.16261590e+06  5.05e+03   2.31e+01     1.02e-02   1636.333s
3291000 +6.15753237e+06 +6.16258810e+06  5.06e+03   2.30e+01     1.02e-02   1636.825s
3292000 +6.15748322e+06 +6.16256251e+06  5.08e+03   2.30e+01     1.01e-02   1637.317s
3293000 +6.15742714e+06 +6.16253825e+06  5.11e+03   2.30e+01     1.02e-02   1637.810s
3294000 +6.15733827e+06 +6.16250971e+06  5.17e+03   2.29e+01     1.01e-02   1638.302s
3295000 +6.15731677e+06 +6.16249047e+06  5.17e+03   2.30e+01     1.01e-02   1638.794s
3296000 +6.15730267e+06 +6.16245976e+06  5.16e+03   2.32e+01     1.01e-02   1639.287s
3297000 +6.15725865e+06 +6.16243780e+06  5.18e+03   2.31e+01     1.01e-02   1639.779s
3298000 +6.15723364e+06 +6.16241983e+06  5.19e+03   2.29e+01     1.01e-02   1640.271s
3299000 +6.15724540e+06 +6.16239804e+06  5.15e+03   2.30e+01     1.01e-02   1640.763s
3300000 +6.15718050e+06 +6.16237202e+06  5.19e+03   2.31e+01     1.00e-02   1641.255s
3301000 +6.15713935e+06 +6.16234239e+06  5.20e+03   2.30e+01     1.00e-02   1641.748s
3302000 +6.15712684e+06 +6.16231426e+06  5.19e+03   2.30e+01     1.00e-02   1642.240s
3303000 +6.15711958e+06 +6.16229022e+06  5.17e+03   2.31e+01     1.00e-02   1642.733s
3304000 +6.15704844e+06 +6.16226498e+06  5.22e+03   2.30e+01     1.00e-02   1643.225s
3305000 +6.15703721e+06 +6.16224065e+06  5.20e+03   2.30e+01     1.00e-02   1643.718s
3306000 +6.15701271e+06 +6.16221278e+06  5.20e+03   2.30e+01     1.00e-02   1644.210s
3307000 +6.15695264e+06 +6.16219017e+06  5.24e+03   2.30e+01     1.00e-02   1644.702s
3308000 +6.15689680e+06 +6.16216524e+06  5.27e+03   2.30e+01     1.00e-02   1645.195s
3309000 +6.15680894e+06 +6.16213971e+06  5.33e+03   2.31e+01     9.96e-03   1645.687s
3310000 +6.15677329e+06 +6.16211679e+06  5.34e+03   2.31e+01     9.92e-03   1646.180s
3311000 +6.15676141e+06 +6.16209180e+06  5.33e+03   2.29e+01     9.92e-03   1646.672s
3312000 +6.15670663e+06 +6.16206282e+06  5.36e+03   2.29e+01     9.88e-03   1647.164s
3313000 +6.15665783e+06 +6.16203326e+06  5.38e+03   2.29e+01     9.87e-03   1647.656s
3314000 +6.15668406e+06 +6.16200084e+06  5.32e+03   2.30e+01     9.85e-03   1648.149s
3315000 +6.15667158e+06 +6.16198120e+06  5.31e+03   2.29e+01     9.81e-03   1648.641s
3316000 +6.15659605e+06 +6.16195990e+06  5.36e+03   2.28e+01     9.79e-03   1649.133s
3317000 +6.15652591e+06 +6.16193166e+06  5.41e+03   2.28e+01     9.75e-03   1649.626s
3318000 +6.15649695e+06 +6.16190821e+06  5.41e+03   2.30e+01     9.74e-03   1650.118s
3319000 +6.15643861e+06 +6.16188058e+06  5.44e+03   2.28e+01     9.71e-03   1650.610s
3320000 +6.15645386e+06 +6.16184923e+06  5.40e+03   2.27e+01     9.70e-03   1651.103s
3321000 +6.15645344e+06 +6.16182180e+06  5.37e+03   2.28e+01     9.73e-03   1651.595s
3322000 +6.15638854e+06 +6.16179559e+06  5.41e+03   2.29e+01     9.70e-03   1652.088s
3323000 +6.15634162e+06 +6.16176962e+06  5.43e+03   2.27e+01     9.71e-03   1652.580s
3324000 +6.15633401e+06 +6.16174254e+06  5.41e+03   2.25e+01     9.67e-03   1653.072s
3325000 +6.15635235e+06 +6.16172557e+06  5.37e+03   2.27e+01     9.65e-03   1653.566s
3326000 +6.15630619e+06 +6.16170267e+06  5.40e+03   2.28e+01     9.66e-03   1654.058s
3327000 +6.15622854e+06 +6.16168369e+06  5.46e+03   2.26e+01     9.66e-03   1654.550s
3328000 +6.15614497e+06 +6.16165624e+06  5.51e+03   2.24e+01     9.64e-03   1655.043s
3329000 +6.15614881e+06 +6.16163760e+06  5.49e+03   2.25e+01     9.62e-03   1655.535s
3330000 +6.15613514e+06 +6.16161607e+06  5.48e+03   2.27e+01     9.60e-03   1656.028s
3331000 +6.15609782e+06 +6.16158970e+06  5.49e+03   2.26e+01     9.61e-03   1656.519s
3332000 +6.15605164e+06 +6.16156115e+06  5.51e+03   2.25e+01     9.62e-03   1657.012s
3333000 +6.15601985e+06 +6.16153903e+06  5.52e+03   2.27e+01     9.61e-03   1657.504s
3334000 +6.15601300e+06 +6.16151406e+06  5.50e+03   2.27e+01     9.57e-03   1657.997s
3335000 +6.15598383e+06 +6.16149804e+06  5.51e+03   2.25e+01     9.54e-03   1658.490s
3336000 +6.15600352e+06 +6.16146948e+06  5.47e+03   2.24e+01     9.52e-03   1658.982s
3337000 +6.15595521e+06 +6.16144125e+06  5.49e+03   2.25e+01     9.52e-03   1659.474s
3338000 +6.15591514e+06 +6.16141506e+06  5.50e+03   2.25e+01     9.50e-03   1659.967s
3339000 +6.15583152e+06 +6.16139552e+06  5.56e+03   2.25e+01     9.49e-03   1660.459s
3340000 +6.15579154e+06 +6.16137105e+06  5.58e+03   2.25e+01     9.49e-03   1660.952s
3341000 +6.15576880e+06 +6.16134302e+06  5.57e+03   2.25e+01     9.46e-03   1661.444s
3342000 +6.15574192e+06 +6.16132189e+06  5.58e+03   2.24e+01     9.42e-03   1661.936s
3343000 +6.15575377e+06 +6.16129512e+06  5.54e+03   2.25e+01     9.43e-03   1662.429s
3344000 +6.15573165e+06 +6.16127656e+06  5.54e+03   2.25e+01     9.42e-03   1662.921s
3345000 +6.15570457e+06 +6.16125024e+06  5.55e+03   2.24e+01     9.43e-03   1663.413s
3346000 +6.15567008e+06 +6.16122665e+06  5.56e+03   2.24e+01     9.43e-03   1663.905s
3347000 +6.15569060e+06 +6.16120619e+06  5.52e+03   2.26e+01     9.43e-03   1664.397s
3348000 +6.15566330e+06 +6.16118776e+06  5.52e+03   2.25e+01     9.41e-03   1664.890s
3349000 +6.15564393e+06 +6.16116669e+06  5.52e+03   2.24e+01     9.39e-03   1665.382s
3350000 +6.15560588e+06 +6.16113961e+06  5.53e+03   2.24e+01     9.39e-03   1665.874s
3351000 +6.15556868e+06 +6.16111481e+06  5.55e+03   2.24e+01     9.37e-03   1666.367s
3352000 +6.15552184e+06 +6.16109148e+06  5.57e+03   2.24e+01     9.37e-03   1666.859s
3353000 +6.15545696e+06 +6.16106498e+06  5.61e+03   2.24e+01     9.36e-03   1667.352s
3354000 +6.15542664e+06 +6.16103801e+06  5.61e+03   2.24e+01     9.35e-03   1667.845s
3355000 +6.15540264e+06 +6.16101490e+06  5.61e+03   2.24e+01     9.31e-03   1668.336s
3356000 +6.15535152e+06 +6.16099223e+06  5.64e+03   2.24e+01     9.30e-03   1668.829s
3357000 +6.15535150e+06 +6.16097004e+06  5.62e+03   2.23e+01     9.30e-03   1669.322s
3358000 +6.15529226e+06 +6.16094663e+06  5.65e+03   2.22e+01     9.27e-03   1669.814s
3359000 +6.15521667e+06 +6.16092121e+06  5.70e+03   2.22e+01     9.28e-03   1670.306s
3360000 +6.15517008e+06 +6.16089697e+06  5.73e+03   2.21e+01     9.27e-03   1670.799s
3361000 +6.15507485e+06 +6.16086988e+06  5.80e+03   2.20e+01     9.26e-03   1671.292s
3362000 +6.15504947e+06 +6.16084599e+06  5.80e+03   2.21e+01     9.25e-03   1671.784s
3363000 +6.15501865e+06 +6.16082167e+06  5.80e+03   2.21e+01     9.23e-03   1672.276s
3364000 +6.15498302e+06 +6.16080438e+06  5.82e+03   2.20e+01     9.24e-03   1672.769s
3365000 +6.15492769e+06 +6.16078595e+06  5.86e+03   2.19e+01     9.23e-03   1673.262s
3366000 +6.15490106e+06 +6.16076679e+06  5.87e+03   2.18e+01     9.23e-03   1673.755s
3367000 +6.15485979e+06 +6.16074760e+06  5.89e+03   2.18e+01     9.21e-03   1674.247s
3368000 +6.15482669e+06 +6.16072940e+06  5.90e+03   2.18e+01     9.19e-03   1674.739s
3369000 +6.15478683e+06 +6.16070690e+06  5.92e+03   2.19e+01     9.17e-03   1675.232s
3370000 +6.15474948e+06 +6.16068428e+06  5.93e+03   2.19e+01     9.17e-03   1675.724s
3371000 +6.15468504e+06 +6.16066140e+06  5.98e+03   2.17e+01     9.17e-03   1676.217s
3372000 +6.15468127e+06 +6.16063909e+06  5.96e+03   2.16e+01     9.16e-03   1676.709s
3373000 +6.15461829e+06 +6.16061514e+06  6.00e+03   2.17e+01     9.16e-03   1677.201s
3374000 +6.15459919e+06 +6.16059499e+06  6.00e+03   2.17e+01     9.16e-03   1677.694s
3375000 +6.15459931e+06 +6.16056591e+06  5.97e+03   2.17e+01     9.15e-03   1678.187s
3376000 +6.15456213e+06 +6.16054037e+06  5.98e+03   2.18e+01     9.13e-03   1678.679s
3377000 +6.15454943e+06 +6.16051356e+06  5.96e+03   2.20e+01     9.13e-03   1679.172s
3378000 +6.15452546e+06 +6.16049354e+06  5.97e+03   2.18e+01     9.11e-03   1679.664s
3379000 +6.15446342e+06 +6.16046637e+06  6.00e+03   2.16e+01     9.14e-03   1680.157s
3380000 +6.15447310e+06 +6.16044271e+06  5.97e+03   2.18e+01     9.13e-03   1680.649s
3381000 +6.15449071e+06 +6.16042108e+06  5.93e+03   2.18e+01     9.12e-03   1681.142s
3382000 +6.15442941e+06 +6.16040104e+06  5.97e+03   2.17e+01     9.12e-03   1681.634s
3383000 +6.15437685e+06 +6.16037800e+06  6.00e+03   2.18e+01     9.11e-03   1682.127s
3384000 +6.15440074e+06 +6.16035451e+06  5.95e+03   2.18e+01     9.08e-03   1682.619s
3385000 +6.15439965e+06 +6.16033088e+06  5.93e+03   2.18e+01     9.09e-03   1683.112s
3386000 +6.15434692e+06 +6.16031120e+06  5.96e+03   2.17e+01     9.06e-03   1683.604s
3387000 +6.15426706e+06 +6.16029307e+06  6.03e+03   2.18e+01     9.10e-03   1684.097s
3388000 +6.15426189e+06 +6.16027496e+06  6.01e+03   2.17e+01     9.11e-03   1684.590s
3389000 +6.15421923e+06 +6.16024771e+06  6.03e+03   2.16e+01     9.08e-03   1685.082s
3390000 +6.15418311e+06 +6.16021660e+06  6.03e+03   2.16e+01     9.08e-03   1685.575s
3391000 +6.15418554e+06 +6.16019419e+06  6.01e+03   2.17e+01     9.05e-03   1686.068s
3392000 +6.15416353e+06 +6.16017202e+06  6.01e+03   2.17e+01     9.06e-03   1686.560s
3393000 +6.15412967e+06 +6.16014607e+06  6.02e+03   2.16e+01     9.04e-03   1687.053s
3394000 +6.15415614e+06 +6.16012403e+06  5.97e+03   2.15e+01     9.02e-03   1687.545s
3395000 +6.15410798e+06 +6.16010273e+06  5.99e+03   2.15e+01     9.04e-03   1688.038s
3396000 +6.15406969e+06 +6.16008003e+06  6.01e+03   2.16e+01     9.04e-03   1688.531s
3397000 +6.15408624e+06 +6.16005736e+06  5.97e+03   2.16e+01     9.02e-03   1689.023s
3398000 +6.15406639e+06 +6.16003362e+06  5.97e+03   2.16e+01     9.05e-03   1689.515s
3399000 +6.15405505e+06 +6.16001017e+06  5.96e+03   2.16e+01     9.04e-03   1690.008s
3400000 +6.15391858e+06 +6.15998532e+06  6.07e+03   2.16e+01     9.03e-03   1690.501s
3401000 +6.15389368e+06 +6.15995855e+06  6.06e+03   2.14e+01     9.00e-03   1690.993s
3402000 +6.15381531e+06 +6.15994249e+06  6.13e+03   2.14e+01     8.99e-03   1691.486s
3403000 +6.15378884e+06 +6.15991416e+06  6.13e+03   2.14e+01     8.99e-03   1691.978s
3404000 +6.15376322e+06 +6.15988501e+06  6.12e+03   2.14e+01     8.97e-03   1692.470s
3405000 +6.15372885e+06 +6.15986340e+06  6.13e+03   2.15e+01     8.96e-03   1692.962s
3406000 +6.15369351e+06 +6.15983574e+06  6.14e+03   2.14e+01     8.95e-03   1693.455s
3407000 +6.15368960e+06 +6.15980900e+06  6.12e+03   2.13e+01     8.94e-03   1693.947s
3408000 +6.15367244e+06 +6.15977932e+06  6.11e+03   2.12e+01     8.93e-03   1694.440s
3409000 +6.15362554e+06 +6.15975466e+06  6.13e+03   2.13e+01     8.96e-03   1694.933s
3410000 +6.15358360e+06 +6.15973355e+06  6.15e+03   2.12e+01     8.93e-03   1695.425s
3411000 +6.15350822e+06 +6.15970637e+06  6.20e+03   2.12e+01     8.92e-03   1695.918s
3412000 +6.15344826e+06 +6.15968463e+06  6.24e+03   2.11e+01     8.89e-03   1696.411s
3413000 +6.15346278e+06 +6.15965422e+06  6.19e+03   2.13e+01     8.87e-03   1696.904s
3414000 +6.15345348e+06 +6.15963363e+06  6.18e+03   2.14e+01     8.88e-03   1697.396s
3415000 +6.15346610e+06 +6.15961104e+06  6.14e+03   2.13e+01     8.87e-03   1697.889s
3416000 +6.15340899e+06 +6.15958721e+06  6.18e+03   2.10e+01     8.83e-03   1698.381s
3417000 +6.15338115e+06 +6.15956119e+06  6.18e+03   2.10e+01     8.85e-03   1698.873s
3418000 +6.15334745e+06 +6.15953770e+06  6.19e+03   2.10e+01     8.82e-03   1699.366s
3419000 +6.15330843e+06 +6.15951484e+06  6.21e+03   2.09e+01     8.80e-03   1699.859s
3420000 +6.15327816e+06 +6.15949300e+06  6.21e+03   2.09e+01     8.81e-03   1700.351s
3421000 +6.15325805e+06 +6.15947058e+06  6.21e+03   2.11e+01     8.81e-03   1700.844s
3422000 +6.15323843e+06 +6.15944905e+06  6.21e+03   2.11e+01     8.81e-03   1701.336s
3423000 +6.15318344e+06 +6.15942663e+06  6.24e+03   2.08e+01     8.77e-03   1701.829s
3424000 +6.15316794e+06 +6.15940674e+06  6.24e+03   2.07e+01     8.78e-03   1702.321s
3425000 +6.15309118e+06 +6.15938288e+06  6.29e+03   2.08e+01     8.77e-03   1702.814s
3426000 +6.15310082e+06 +6.15935774e+06  6.26e+03   2.08e+01     8.77e-03   1703.307s
3427000 +6.15313172e+06 +6.15932690e+06  6.20e+03   2.08e+01     8.76e-03   1703.799s
3428000 +6.15305230e+06 +6.15930348e+06  6.25e+03   2.08e+01     8.74e-03   1704.292s
3429000 +6.15304440e+06 +6.15927878e+06  6.23e+03   2.08e+01     8.71e-03   1704.784s
3430000 +6.15301966e+06 +6.15925565e+06  6.24e+03   2.08e+01     8.71e-03   1705.277s
3431000 +6.15297860e+06 +6.15923536e+06  6.26e+03   2.08e+01     8.70e-03   1705.770s
3432000 +6.15298064e+06 +6.15921013e+06  6.23e+03   2.09e+01     8.69e-03   1706.262s
3433000 +6.15297316e+06 +6.15918902e+06  6.22e+03   2.08e+01     8.66e-03   1706.754s
3434000 +6.15290524e+06 +6.15916439e+06  6.26e+03   2.07e+01     8.64e-03   1707.247s
3435000 +6.15289831e+06 +6.15913991e+06  6.24e+03   2.07e+01     8.63e-03   1707.740s
3436000 +6.15284715e+06 +6.15911208e+06  6.26e+03   2.07e+01     8.62e-03   1708.232s
3437000 +6.15282347e+06 +6.15908931e+06  6.27e+03   2.06e+01     8.62e-03   1708.725s
3438000 +6.15280568e+06 +6.15906179e+06  6.26e+03   2.06e+01     8.62e-03   1709.217s
3439000 +6.15279020e+06 +6.15904068e+06  6.25e+03   2.08e+01     8.61e-03   1709.709s
3440000 +6.15274866e+06 +6.15901481e+06  6.27e+03   2.07e+01     8.59e-03   1710.201s
3441000 +6.15268630e+06 +6.15899417e+06  6.31e+03   2.04e+01     8.57e-03   1710.694s
3442000 +6.15265008e+06 +6.15896723e+06  6.32e+03   2.06e+01     8.60e-03   1711.186s
3443000 +6.15268757e+06 +6.15894354e+06  6.26e+03   2.07e+01     8.61e-03   1711.679s
3444000 +6.15264632e+06 +6.15891749e+06  6.27e+03   2.07e+01     8.57e-03   1712.171s
3445000 +6.15261795e+06 +6.15889301e+06  6.28e+03   2.06e+01     8.55e-03   1712.664s
3446000 +6.15257257e+06 +6.15886668e+06  6.29e+03   2.06e+01     8.56e-03   1713.157s
3447000 +6.15248803e+06 +6.15883939e+06  6.35e+03   2.06e+01     8.57e-03   1713.649s
3448000 +6.15243452e+06 +6.15881680e+06  6.38e+03   2.04e+01     8.54e-03   1714.141s
3449000 +6.15240264e+06 +6.15879936e+06  6.40e+03   2.04e+01     8.55e-03   1714.633s
3450000 +6.15235594e+06 +6.15877516e+06  6.42e+03   2.04e+01     8.52e-03   1715.126s
3451000 +6.15230643e+06 +6.15874602e+06  6.44e+03   2.03e+01     8.50e-03   1715.618s
3452000 +6.15229610e+06 +6.15872621e+06  6.43e+03   2.03e+01     8.50e-03   1716.111s
3453000 +6.15219462e+06 +6.15870474e+06  6.51e+03   2.04e+01     8.49e-03   1716.604s
3454000 +6.15218959e+06 +6.15868310e+06  6.49e+03   2.03e+01     8.47e-03   1717.096s
3455000 +6.15234692e+06 +6.15866206e+06  6.32e+03   2.05e+01     8.49e-03   1717.589s
3456000 +6.15231497e+06 +6.15864612e+06  6.33e+03   2.07e+01     8.48e-03   1718.081s
3457000 +6.15226844e+06 +6.15862355e+06  6.36e+03   2.05e+01     8.47e-03   1718.573s
3458000 +6.15220346e+06 +6.15860340e+06  6.40e+03   2.02e+01     8.47e-03   1719.066s
3459000 +6.15216853e+06 +6.15858343e+06  6.41e+03   2.02e+01     8.49e-03   1719.558s
3460000 +6.15217835e+06 +6.15856127e+06  6.38e+03   2.04e+01     8.46e-03   1720.050s
3461000 +6.15214814e+06 +6.15854038e+06  6.39e+03   2.04e+01     8.46e-03   1720.543s
3462000 +6.15212211e+06 +6.15852036e+06  6.40e+03   2.03e+01     8.44e-03   1721.035s
3463000 +6.15210787e+06 +6.15850334e+06  6.40e+03   2.03e+01     8.40e-03   1721.528s
3464000 +6.15206982e+06 +6.15848168e+06  6.41e+03   2.04e+01     8.41e-03   1722.020s
3465000 +6.15202011e+06 +6.15846221e+06  6.44e+03   2.02e+01     8.38e-03   1722.512s
3466000 +6.15200998e+06 +6.15844017e+06  6.43e+03   2.01e+01     8.37e-03   1723.004s
3467000 +6.15198977e+06 +6.15841637e+06  6.43e+03   2.01e+01     8.37e-03   1723.497s
3468000 +6.15191103e+06 +6.15839562e+06  6.48e+03   2.02e+01     8.38e-03   1723.989s
3469000 +6.15184724e+06 +6.15837398e+06  6.53e+03   2.01e+01     8.37e-03   1724.482s
3470000 +6.15186095e+06 +6.15833871e+06  6.48e+03   2.01e+01     8.36e-03   1724.974s
3471000 +6.15183061e+06 +6.15831459e+06  6.48e+03   2.01e+01     8.36e-03   1725.466s
3472000 +6.15183698e+06 +6.15829581e+06  6.46e+03   2.00e+01     8.34e-03   1725.958s
3473000 +6.15185787e+06 +6.15827824e+06  6.42e+03   2.00e+01     8.34e-03   1726.451s
3474000 +6.15179303e+06 +6.15825672e+06  6.46e+03   2.00e+01     8.37e-03   1726.943s
3475000 +6.15178886e+06 +6.15823461e+06  6.45e+03   2.00e+01     8.38e-03   1727.435s
3476000 +6.15175575e+06 +6.15821160e+06  6.46e+03   2.01e+01     8.35e-03   1727.927s
3477000 +6.15172552e+06 +6.15818943e+06  6.46e+03   2.01e+01     8.34e-03   1728.420s
3478000 +6.15170702e+06 +6.15816625e+06  6.46e+03   2.01e+01     8.31e-03   1728.912s
3479000 +6.15167051e+06 +6.15814256e+06  6.47e+03   1.99e+01     8.29e-03   1729.405s
3480000 +6.15167699e+06 +6.15812160e+06  6.44e+03   2.00e+01     8.29e-03   1729.898s
3481000 +6.15160759e+06 +6.15810464e+06  6.50e+03   2.01e+01     8.29e-03   1730.390s
3482000 +6.15159265e+06 +6.15808352e+06  6.49e+03   1.99e+01     8.27e-03   1730.883s
3483000 +6.15156935e+06 +6.15806062e+06  6.49e+03   1.98e+01     8.25e-03   1731.376s
3484000 +6.15160154e+06 +6.15804081e+06  6.44e+03   2.00e+01     8.29e-03   1731.868s
3485000 +6.15152346e+06 +6.15802347e+06  6.50e+03   1.99e+01     8.25e-03   1732.360s
3486000 +6.15151575e+06 +6.15800429e+06  6.49e+03   1.98e+01     8.24e-03   1732.853s
3487000 +6.15148611e+06 +6.15798588e+06  6.50e+03   1.99e+01     8.21e-03   1733.345s
3488000 +6.15141001e+06 +6.15796311e+06  6.55e+03   1.99e+01     8.19e-03   1733.837s
3489000 +6.15140131e+06 +6.15794079e+06  6.54e+03   1.98e+01     8.19e-03   1734.330s
3490000 +6.15138822e+06 +6.15792436e+06  6.54e+03   1.98e+01     8.15e-03   1734.822s
3491000 +6.15133298e+06 +6.15790566e+06  6.57e+03   1.99e+01     8.15e-03   1735.314s
3492000 +6.15132334e+06 +6.15788386e+06  6.56e+03   1.97e+01     8.11e-03   1735.807s
3493000 +6.15129840e+06 +6.15786089e+06  6.56e+03   1.97e+01     8.11e-03   1736.300s
3494000 +6.15127610e+06 +6.15783877e+06  6.56e+03   1.98e+01     8.13e-03   1736.792s
3495000 +6.15126757e+06 +6.15781917e+06  6.55e+03   1.98e+01     8.11e-03   1737.284s
3496000 +6.15125977e+06 +6.15780137e+06  6.54e+03   1.97e+01     8.10e-03   1737.777s
3497000 +6.15123527e+06 +6.15777716e+06  6.54e+03   1.98e+01     8.11e-03   1738.270s
3498000 +6.15116567e+06 +6.15775374e+06  6.59e+03   1.98e+01     8.06e-03   1738.762s
3499000 +6.15110424e+06 +6.15773879e+06  6.63e+03   1.96e+01     8.04e-03   1739.255s
3500000 +6.15103611e+06 +6.15771821e+06  6.68e+03   1.96e+01     8.01e-03   1739.747s
3501000 +6.15100105e+06 +6.15770285e+06  6.70e+03   1.98e+01     8.01e-03   1740.240s
3502000 +6.15100020e+06 +6.15767802e+06  6.68e+03   1.97e+01     8.00e-03   1740.732s
3503000 +6.15098844e+06 +6.15766317e+06  6.67e+03   1.96e+01     8.00e-03   1741.225s
3504000 +6.15096483e+06 +6.15764118e+06  6.68e+03   1.96e+01     7.99e-03   1741.717s
3505000 +6.15091916e+06 +6.15762001e+06  6.70e+03   1.96e+01     7.97e-03   1742.210s
3506000 +6.15091148e+06 +6.15759720e+06  6.69e+03   1.95e+01     7.95e-03   1742.702s
3507000 +6.15093498e+06 +6.15757404e+06  6.64e+03   1.96e+01     7.97e-03   1743.194s
3508000 +6.15087530e+06 +6.15755176e+06  6.68e+03   1.97e+01     7.94e-03   1743.687s
3509000 +6.15086566e+06 +6.15753150e+06  6.67e+03   1.97e+01     7.93e-03   1744.179s
3510000 +6.15083854e+06 +6.15751539e+06  6.68e+03   1.95e+01     7.94e-03   1744.671s
3511000 +6.15075547e+06 +6.15749579e+06  6.74e+03   1.95e+01     7.92e-03   1745.164s
3512000 +6.15076448e+06 +6.15747575e+06  6.71e+03   1.96e+01     7.90e-03   1745.656s
3513000 +6.15070420e+06 +6.15745028e+06  6.75e+03   1.96e+01     7.91e-03   1746.149s
3514000 +6.15068185e+06 +6.15743046e+06  6.75e+03   1.95e+01     7.90e-03   1746.641s
3515000 +6.15066592e+06 +6.15741162e+06  6.75e+03   1.95e+01     7.89e-03   1747.134s
3516000 +6.15060333e+06 +6.15739835e+06  6.80e+03   1.96e+01     7.90e-03   1747.626s
3517000 +6.15053314e+06 +6.15738317e+06  6.85e+03   1.95e+01     7.90e-03   1748.119s
3518000 +6.15054508e+06 +6.15736740e+06  6.82e+03   1.95e+01     7.85e-03   1748.611s
3519000 +6.15051402e+06 +6.15734393e+06  6.83e+03   1.95e+01     7.85e-03   1749.104s
3520000 +6.15046002e+06 +6.15732635e+06  6.87e+03   1.96e+01     7.84e-03   1749.596s
3521000 +6.15045795e+06 +6.15731179e+06  6.85e+03   1.94e+01     7.82e-03   1750.089s
3522000 +6.15041126e+06 +6.15729488e+06  6.88e+03   1.93e+01     7.81e-03   1750.581s
3523000 +6.15042108e+06 +6.15727341e+06  6.85e+03   1.95e+01     7.83e-03   1751.074s
3524000 +6.15039390e+06 +6.15725420e+06  6.86e+03   1.94e+01     7.81e-03   1751.566s
3525000 +6.15032677e+06 +6.15723657e+06  6.91e+03   1.93e+01     7.79e-03   1752.059s
3526000 +6.15028901e+06 +6.15722520e+06  6.94e+03   1.94e+01     7.80e-03   1752.551s
3527000 +6.15028677e+06 +6.15720962e+06  6.92e+03   1.94e+01     7.82e-03   1753.043s
3528000 +6.15030009e+06 +6.15719109e+06  6.89e+03   1.94e+01     7.79e-03   1753.535s
3529000 +6.15024377e+06 +6.15717837e+06  6.93e+03   1.94e+01     7.78e-03   1754.028s
3530000 +6.15019579e+06 +6.15716278e+06  6.97e+03   1.93e+01     7.75e-03   1754.520s
3531000 +6.15018956e+06 +6.15714563e+06  6.96e+03   1.94e+01     7.73e-03   1755.013s
3532000 +6.15012470e+06 +6.15712691e+06  7.00e+03   1.94e+01     7.73e-03   1755.506s
3533000 +6.15012418e+06 +6.15710834e+06  6.98e+03   1.94e+01     7.77e-03   1755.998s
3534000 +6.15017051e+06 +6.15709326e+06  6.92e+03   1.94e+01     7.74e-03   1756.490s
3535000 +6.15010123e+06 +6.15707225e+06  6.97e+03   1.95e+01     7.73e-03   1756.983s
3536000 +6.15008662e+06 +6.15705433e+06  6.97e+03   1.94e+01     7.70e-03   1757.475s
3537000 +6.15010822e+06 +6.15703446e+06  6.93e+03   1.92e+01     7.71e-03   1757.967s
3538000 +6.15004898e+06 +6.15701930e+06  6.97e+03   1.93e+01     7.68e-03   1758.459s
3539000 +6.15001794e+06 +6.15699237e+06  6.97e+03   1.95e+01     7.65e-03   1758.952s
3540000 +6.14999252e+06 +6.15697902e+06  6.99e+03   1.94e+01     7.65e-03   1759.444s
3541000 +6.14998468e+06 +6.15696478e+06  6.98e+03   1.93e+01     7.66e-03   1759.936s
3542000 +6.14995932e+06 +6.15694734e+06  6.99e+03   1.93e+01     7.66e-03   1760.429s
3543000 +6.14994829e+06 +6.15693280e+06  6.98e+03   1.93e+01     7.66e-03   1760.921s
3544000 +6.14990256e+06 +6.15692083e+06  7.02e+03   1.92e+01     7.63e-03   1761.414s
3545000 +6.14989829e+06 +6.15690310e+06  7.00e+03   1.92e+01     7.61e-03   1761.906s
3546000 +6.14990776e+06 +6.15688585e+06  6.98e+03   1.92e+01     7.60e-03   1762.398s
3547000 +6.14988547e+06 +6.15687103e+06  6.99e+03   1.94e+01     7.61e-03   1762.891s
3548000 +6.14985267e+06 +6.15685108e+06  7.00e+03   1.94e+01     7.60e-03   1763.383s
3549000 +6.14982922e+06 +6.15683069e+06  7.00e+03   1.92e+01     7.58e-03   1763.876s
3550000 +6.14982124e+06 +6.15681397e+06  6.99e+03   1.91e+01     7.56e-03   1764.368s
3551000 +6.14981383e+06 +6.15679471e+06  6.98e+03   1.92e+01     7.61e-03   1764.861s
3552000 +6.14979484e+06 +6.15677832e+06  6.98e+03   1.92e+01     7.59e-03   1765.353s
3553000 +6.14978016e+06 +6.15676141e+06  6.98e+03   1.91e+01     7.60e-03   1765.845s
3554000 +6.14977827e+06 +6.15673895e+06  6.96e+03   1.92e+01     7.63e-03   1766.337s
3555000 +6.14974697e+06 +6.15672224e+06  6.98e+03   1.92e+01     7.61e-03   1766.830s
3556000 +6.14968458e+06 +6.15632096e+06  6.64e+03   1.95e+01     6.35e-03   1767.322s
3557000 +6.14980806e+06 +6.15622479e+06  6.42e+03   1.99e+01     6.32e-03   1767.814s
3558000 +6.14995564e+06 +6.15616139e+06  6.21e+03   2.05e+01     6.30e-03   1768.306s
3559000 +6.15013476e+06 +6.15610053e+06  5.97e+03   2.11e+01     6.29e-03   1768.797s
3560000 +6.15030546e+06 +6.15602236e+06  5.72e+03   2.19e+01     6.29e-03   1769.289s
3561000 +6.15050893e+06 +6.15596311e+06  5.45e+03   2.25e+01     6.28e-03   1769.781s
3562000 +6.15065742e+06 +6.15591044e+06  5.25e+03   2.30e+01     6.28e-03   1770.273s
3563000 +6.15074944e+06 +6.15585624e+06  5.11e+03   2.36e+01     6.28e-03   1770.765s
3564000 +6.15087564e+06 +6.15579738e+06  4.92e+03   2.43e+01     6.28e-03   1771.256s
3565000 +6.15095150e+06 +6.15573057e+06  4.78e+03   2.49e+01     6.27e-03   1771.748s
3566000 +6.15098383e+06 +6.15567241e+06  4.69e+03   2.53e+01     6.27e-03   1772.240s
3567000 +6.15109431e+06 +6.15561185e+06  4.52e+03   2.56e+01     6.27e-03   1772.732s
3568000 +6.15117807e+06 +6.15554697e+06  4.37e+03   2.60e+01     6.27e-03   1773.224s
3569000 +6.15126386e+06 +6.15548309e+06  4.22e+03   2.66e+01     6.27e-03   1773.715s
3570000 +6.15128735e+06 +6.15541887e+06  4.13e+03   2.70e+01     6.27e-03   1774.208s
3571000 +6.15130785e+06 +6.15536311e+06  4.06e+03   2.74e+01     6.26e-03   1774.700s
3572000 +6.15135759e+06 +6.15530575e+06  3.95e+03   2.75e+01     6.25e-03   1775.192s
3573000 +6.15144163e+06 +6.15524184e+06  3.80e+03   2.79e+01     6.26e-03   1775.684s
3574000 +6.15152074e+06 +6.15516217e+06  3.64e+03   2.84e+01     6.26e-03   1776.176s
3575000 +6.15147039e+06 +6.15507974e+06  3.61e+03   2.86e+01     6.25e-03   1776.668s
3576000 +6.15152388e+06 +6.15500937e+06  3.49e+03   2.88e+01     6.24e-03   1777.160s
3577000 +6.15162299e+06 +6.15494285e+06  3.32e+03   2.92e+01     6.24e-03   1777.652s
3578000 +6.15166422e+06 +6.15487024e+06  3.21e+03   2.97e+01     6.23e-03   1778.144s
3579000 +6.15169338e+06 +6.15479848e+06  3.11e+03   2.99e+01     6.24e-03   1778.636s
3580000 +6.15174875e+06 +6.15472728e+06  2.98e+03   2.99e+01     6.24e-03   1779.128s
3581000 +6.15167827e+06 +6.15466212e+06  2.98e+03   3.01e+01     6.23e-03   1779.620s
3582000 +6.15166712e+06 +6.15459767e+06  2.93e+03   3.01e+01     6.21e-03   1780.112s
3583000 +6.15158231e+06 +6.15452886e+06  2.95e+03   2.99e+01     6.20e-03   1780.604s
3584000 +6.15163337e+06 +6.15445656e+06  2.82e+03   3.02e+01     6.20e-03   1781.097s
3585000 +6.15156924e+06 +6.15438249e+06  2.81e+03   3.07e+01     6.19e-03   1781.589s
3586000 +6.15163659e+06 +6.15431341e+06  2.68e+03   3.07e+01     6.17e-03   1782.081s
3587000 +6.15170049e+06 +6.15423389e+06  2.53e+03   3.05e+01     6.16e-03   1782.573s
3588000 +6.15163851e+06 +6.15416410e+06  2.53e+03   3.08e+01     6.15e-03   1783.065s
3589000 +6.15151486e+06 +6.15409030e+06  2.58e+03   3.13e+01     6.14e-03   1783.557s
3590000 +6.15149087e+06 +6.15401197e+06  2.52e+03   3.12e+01     6.12e-03   1784.049s
3591000 +6.15152299e+06 +6.15393200e+06  2.41e+03   3.08e+01     6.11e-03   1784.541s
3592000 +6.15158482e+06 +6.15386620e+06  2.28e+03   3.13e+01     6.09e-03   1785.033s
3593000 +6.15156211e+06 +6.15378961e+06  2.23e+03   3.16e+01     6.09e-03   1785.525s
3594000 +6.15156576e+06 +6.15371583e+06  2.15e+03   3.18e+01     6.08e-03   1786.017s
3595000 +6.15152291e+06 +6.15364496e+06  2.12e+03   3.20e+01     6.09e-03   1786.510s
3596000 +6.15149887e+06 +6.15356987e+06  2.07e+03   3.21e+01     6.07e-03   1787.002s
3597000 +6.15137007e+06 +6.15349019e+06  2.12e+03   3.18e+01     6.05e-03   1787.494s
3598000 +6.15142151e+06 +6.15341317e+06  1.99e+03   3.17e+01     6.06e-03   1787.986s
3599000 +6.15136422e+06 +6.15333725e+06  1.97e+03   3.21e+01     6.04e-03   1788.478s
3600000 +6.15146813e+06 +6.15326269e+06  1.79e+03   3.24e+01     6.04e-03   1788.970s
3601000 +6.15136907e+06 +6.15319058e+06  1.82e+03   3.23e+01     6.03e-03   1789.462s
3602000 +6.15140319e+06 +6.15311290e+06  1.71e+03   3.24e+01     6.01e-03   1789.954s
3603000 +6.15147436e+06 +6.15303426e+06  1.56e+03   3.28e+01     6.01e-03   1790.446s
3604000 +6.15134266e+06 +6.15294951e+06  1.61e+03   3.31e+01     6.01e-03   1790.938s
3605000 +6.15133925e+06 +6.15287358e+06  1.53e+03   3.31e+01     6.00e-03   1791.430s
3606000 +6.15121692e+06 +6.15278530e+06  1.57e+03   3.33e+01     5.98e-03   1791.922s
3607000 +6.15116915e+06 +6.15271806e+06  1.55e+03   3.34e+01     5.97e-03   1792.414s
3608000 +6.15115405e+06 +6.15263920e+06  1.49e+03   3.34e+01     5.97e-03   1792.907s
3609000 +6.15119016e+06 +6.15255906e+06  1.37e+03   3.34e+01     5.96e-03   1793.399s
3610000 +6.15128244e+06 +6.15247092e+06  1.19e+03   3.39e+01     5.96e-03   1793.891s
3611000 +6.15117150e+06 +6.15239158e+06  1.22e+03   3.38e+01     5.95e-03   1794.383s
3612000 +6.15123929e+06 +6.15231470e+06  1.08e+03   3.36e+01     5.94e-03   1794.875s
3613000 +6.15112674e+06 +6.15223642e+06  1.11e+03   3.36e+01     5.92e-03   1795.367s
3614000 +6.15117760e+06 +6.15216566e+06  9.88e+02   3.38e+01     5.92e-03   1795.859s
3615000 +6.15127875e+06 +6.15209373e+06  8.15e+02   3.38e+01     5.91e-03   1796.351s
3616000 +6.15094851e+06 +6.15200665e+06  1.06e+03   3.39e+01     5.90e-03   1796.843s
3617000 +6.15097441e+06 +6.15192593e+06  9.52e+02   3.40e+01     5.91e-03   1797.335s
3618000 +6.15087314e+06 +6.15184650e+06  9.73e+02   3.39e+01     5.89e-03   1797.828s
3619000 +6.15063986e+06 +6.15176968e+06  1.13e+03   3.37e+01     5.86e-03   1798.319s
3620000 +6.15077427e+06 +6.15169863e+06  9.24e+02   3.38e+01     5.86e-03   1798.812s
3621000 +6.15058067e+06 +6.15162378e+06  1.04e+03   3.41e+01     5.84e-03   1799.304s
3622000 +6.15060157e+06 +6.15154615e+06  9.45e+02   3.42e+01     5.85e-03   1799.796s
3623000 +6.15056800e+06 +6.15146448e+06  8.96e+02   3.39e+01     5.84e-03   1800.289s
3624000 +6.15053813e+06 +6.15138844e+06  8.50e+02   3.38e+01     5.83e-03   1800.780s
3625000 +6.15052274e+06 +6.15131675e+06  7.94e+02   3.40e+01     5.84e-03   1801.273s
3626000 +6.15059241e+06 +6.15123029e+06  6.38e+02   3.39e+01     5.83e-03   1801.765s
3627000 +6.15054209e+06 +6.15114724e+06  6.05e+02   3.37e+01     5.82e-03   1802.257s
3628000 +6.15055164e+06 +6.15107797e+06  5.26e+02   3.39e+01     5.81e-03   1802.749s
3629000 +6.15058949e+06 +6.15099829e+06  4.09e+02   3.41e+01     5.80e-03   1803.241s
3630000 +6.15043610e+06 +6.15092171e+06  4.86e+02   3.37e+01     5.78e-03   1803.734s
3631000 +6.15040310e+06 +6.15083171e+06  4.29e+02   3.37e+01     5.78e-03   1804.226s
3632000 +6.15040909e+06 +6.15075618e+06  3.47e+02   3.40e+01     5.76e-03   1804.718s
3633000 +6.15043211e+06 +6.15068530e+06  2.53e+02   3.39e+01     5.76e-03   1805.210s
3634000 +6.15022055e+06 +6.15059948e+06  3.79e+02   3.34e+01     5.73e-03   1805.703s
3635000 +6.15015528e+06 +6.15052153e+06  3.66e+02   3.37e+01     5.74e-03   1806.195s
3636000 +6.15004793e+06 +6.15044471e+06  3.97e+02   3.41e+01     5.72e-03   1806.687s
3637000 +6.15001747e+06 +6.15036724e+06  3.50e+02   3.36e+01     5.71e-03   1807.179s
3638000 +6.14996854e+06 +6.15029207e+06  3.24e+02   3.33e+01     5.69e-03   1807.672s
3639000 +6.14979512e+06 +6.15021529e+06  4.20e+02   3.35e+01     5.66e-03   1808.164s
3640000 +6.14983019e+06 +6.15013463e+06  3.04e+02   3.40e+01     5.68e-03   1808.656s
3641000 +6.14978645e+06 +6.15005527e+06  2.69e+02   3.37e+01     5.67e-03   1809.149s
3642000 +6.14981029e+06 +6.14997617e+06  1.66e+02   3.36e+01     5.65e-03   1809.641s
3643000 +6.14965577e+06 +6.14989325e+06  2.37e+02   3.37e+01     5.65e-03   1810.133s
3644000 +6.14968607e+06 +6.14981969e+06  1.34e+02   3.37e+01     5.63e-03   1810.626s
3645000 +6.14969389e+06 +6.14974863e+06  5.47e+01   3.37e+01     5.61e-03   1811.118s
3646000 +6.14966824e+06 +6.14967436e+06  6.12e+00   3.39e+01     5.59e-03   1811.610s
3647000 +6.14965608e+06 +6.14959581e+06  6.03e+01   3.39e+01     5.57e-03   1812.102s
3648000 +6.14942853e+06 +6.14952007e+06  9.15e+01   3.36e+01     5.55e-03   1812.594s
3649000 +6.14949988e+06 +6.14944509e+06  5.48e+01   3.35e+01     5.53e-03   1813.088s
3650000 +6.14953448e+06 +6.14936879e+06  1.66e+02   3.38e+01     5.53e-03   1813.580s
3651000 +6.14947283e+06 +6.14929709e+06  1.76e+02   3.38e+01     5.54e-03   1814.072s
3652000 +6.14933614e+06 +6.14922731e+06  1.09e+02   3.34e+01     5.51e-03   1814.564s
3653000 +6.14935983e+06 +6.14915698e+06  2.03e+02   3.32e+01     5.50e-03   1815.056s
3654000 +6.14939634e+06 +6.14908271e+06  3.14e+02   3.35e+01     5.50e-03   1815.549s
3655000 +6.14923722e+06 +6.14900746e+06  2.30e+02   3.36e+01     5.49e-03   1816.041s
3656000 +6.14922140e+06 +6.14894223e+06  2.79e+02   3.34e+01     5.46e-03   1816.533s
3657000 +6.14914691e+06 +6.14887170e+06  2.75e+02   3.33e+01     5.45e-03   1817.026s
3658000 +6.14909058e+06 +6.14880503e+06  2.86e+02   3.32e+01     5.44e-03   1817.518s
3659000 +6.14904500e+06 +6.14873514e+06  3.10e+02   3.34e+01     5.44e-03   1818.011s
3660000 +6.14883324e+06 +6.14866423e+06  1.69e+02   3.33e+01     5.41e-03   1818.503s
3661000 +6.14882736e+06 +6.14859331e+06  2.34e+02   3.29e+01     5.40e-03   1818.995s
3662000 +6.14862581e+06 +6.14852691e+06  9.89e+01   3.27e+01     5.39e-03   1819.488s
3663000 +6.14854551e+06 +6.14845553e+06  9.00e+01   3.29e+01     5.38e-03   1819.979s
3664000 +6.14849849e+06 +6.14838598e+06  1.13e+02   3.29e+01     5.38e-03   1820.472s
3665000 +6.14848250e+06 +6.14831444e+06  1.68e+02   3.27e+01     5.37e-03   1820.964s
3666000 +6.14841580e+06 +6.14824807e+06  1.68e+02   3.25e+01     5.36e-03   1821.456s
3667000 +6.14842777e+06 +6.14818077e+06  2.47e+02   3.27e+01     5.35e-03   1821.948s
3668000 +6.14833870e+06 +6.14811705e+06  2.22e+02   3.26e+01     5.37e-03   1822.441s
3669000 +6.14836996e+06 +6.14805148e+06  3.18e+02   3.25e+01     5.35e-03   1822.933s
3670000 +6.14821117e+06 +6.14799163e+06  2.20e+02   3.25e+01     5.33e-03   1823.426s
3671000 +6.14807243e+06 +6.14792295e+06  1.49e+02   3.23e+01     5.31e-03   1823.918s
3672000 +6.14810144e+06 +6.14785473e+06  2.47e+02   3.21e+01     5.30e-03   1824.410s
3673000 +6.14807620e+06 +6.14779220e+06  2.84e+02   3.23e+01     5.29e-03   1824.903s
3674000 +6.14802275e+06 +6.14772458e+06  2.98e+02   3.24e+01     5.27e-03   1825.395s
3675000 +6.14788246e+06 +6.14766028e+06  2.22e+02   3.20e+01     5.25e-03   1825.888s
3676000 +6.14771843e+06 +6.14759851e+06  1.20e+02   3.20e+01     5.23e-03   1826.380s
3677000 +6.14771636e+06 +6.14753685e+06  1.80e+02   3.20e+01     5.21e-03   1826.872s
3678000 +6.14756203e+06 +6.14748276e+06  7.93e+01   3.18e+01     5.21e-03   1827.365s
3679000 +6.14736289e+06 +6.14742175e+06  5.89e+01   3.15e+01     5.20e-03   1827.857s
3680000 +6.14710325e+06 +6.14736979e+06  2.67e+02   3.13e+01     5.18e-03   1828.350s
3681000 +6.14715134e+06 +6.14731207e+06  1.61e+02   3.15e+01     5.17e-03   1828.843s
3682000 +6.14701403e+06 +6.14725988e+06  2.46e+02   3.11e+01     5.15e-03   1829.335s
3683000 +6.14700204e+06 +6.14720591e+06  2.04e+02   3.09e+01     5.13e-03   1829.828s
3684000 +6.14666000e+06 +6.14715359e+06  4.94e+02   3.11e+01     5.13e-03   1830.320s
3685000 +6.14686600e+06 +6.14710206e+06  2.36e+02   3.12e+01     5.12e-03   1830.813s
3686000 +6.14671193e+06 +6.14704784e+06  3.36e+02   3.06e+01     5.10e-03   1831.306s
3687000 +6.14665974e+06 +6.14699486e+06  3.35e+02   3.06e+01     5.10e-03   1831.798s
3688000 +6.14658079e+06 +6.14694058e+06  3.60e+02   3.08e+01     5.09e-03   1832.291s
3689000 +6.14663534e+06 +6.14688493e+06  2.50e+02   3.08e+01     5.09e-03   1832.783s
3690000 +6.14645629e+06 +6.14682778e+06  3.71e+02   3.04e+01     5.08e-03   1833.275s
3691000 +6.14630829e+06 +6.14677700e+06  4.69e+02   3.04e+01     5.05e-03   1833.768s
3692000 +6.14626741e+06 +6.14672187e+06  4.54e+02   3.06e+01     5.06e-03   1834.260s
3693000 +6.14633863e+06 +6.14666997e+06  3.31e+02   3.04e+01     5.05e-03   1834.752s
3694000 +6.14633682e+06 +6.14661636e+06  2.80e+02   3.03e+01     5.04e-03   1835.245s
3695000 +6.14626138e+06 +6.14656202e+06  3.01e+02   3.04e+01     5.03e-03   1835.737s
3696000 +6.14623581e+06 +6.14651010e+06  2.74e+02   3.02e+01     5.04e-03   1836.230s
3697000 +6.14621906e+06 +6.14646296e+06  2.44e+02   3.00e+01     5.01e-03   1836.721s
3698000 +6.14601368e+06 +6.14641301e+06  3.99e+02   3.00e+01     5.02e-03   1837.214s
3699000 +6.14602678e+06 +6.14636403e+06  3.37e+02   3.00e+01     5.01e-03   1837.706s
3700000 +6.14593497e+06 +6.14631517e+06  3.80e+02   3.00e+01     5.00e-03   1838.199s
3701000 +6.14581876e+06 +6.14626865e+06  4.50e+02   2.97e+01     4.98e-03   1838.691s
3702000 +6.14574265e+06 +6.14622183e+06  4.79e+02   2.95e+01     4.97e-03   1839.183s
3703000 +6.14570088e+06 +6.14617942e+06  4.79e+02   2.98e+01     4.97e-03   1839.675s
3704000 +6.14569599e+06 +6.14613060e+06  4.35e+02   2.99e+01     4.97e-03   1840.168s
3705000 +6.14559561e+06 +6.14607436e+06  4.79e+02   2.93e+01     4.95e-03   1840.660s
3706000 +6.14566594e+06 +6.14602289e+06  3.57e+02   2.93e+01     4.94e-03   1841.153s
3707000 +6.14568731e+06 +6.14596897e+06  2.82e+02   2.99e+01     4.95e-03   1841.645s
3708000 +6.14555384e+06 +6.14592643e+06  3.73e+02   2.97e+01     4.92e-03   1842.137s
3709000 +6.14556644e+06 +6.14587908e+06  3.13e+02   2.93e+01     4.92e-03   1842.629s
3710000 +6.14545327e+06 +6.14582409e+06  3.71e+02   2.96e+01     4.92e-03   1843.122s
3711000 +6.14543742e+06 +6.14577513e+06  3.38e+02   2.97e+01     4.92e-03   1843.614s
3712000 +6.14534241e+06 +6.14572463e+06  3.82e+02   2.95e+01     4.90e-03   1844.107s
3713000 +6.14522741e+06 +6.14567655e+06  4.49e+02   2.94e+01     4.89e-03   1844.599s
3714000 +6.14515511e+06 +6.14562858e+06  4.73e+02   2.94e+01     4.89e-03   1845.091s
3715000 +6.14509609e+06 +6.14558309e+06  4.87e+02   2.92e+01     4.88e-03   1845.585s
3716000 +6.14501494e+06 +6.14553663e+06  5.22e+02   2.92e+01     4.88e-03   1846.077s
3717000 +6.14480466e+06 +6.14548835e+06  6.84e+02   2.91e+01     4.87e-03   1846.569s
3718000 +6.14473557e+06 +6.14543928e+06  7.04e+02   2.93e+01     4.86e-03   1847.061s
3719000 +6.14470930e+06 +6.14539170e+06  6.82e+02   2.90e+01     4.84e-03   1847.554s
3720000 +6.14467537e+06 +6.14534855e+06  6.73e+02   2.88e+01     4.84e-03   1848.047s
3721000 +6.14480240e+06 +6.14530017e+06  4.98e+02   2.90e+01     4.83e-03   1848.539s
3722000 +6.14459284e+06 +6.14524849e+06  6.56e+02   2.91e+01     4.84e-03   1849.031s
3723000 +6.14451700e+06 +6.14519920e+06  6.82e+02   2.87e+01     4.81e-03   1849.523s
3724000 +6.14444350e+06 +6.14515084e+06  7.07e+02   2.85e+01     4.80e-03   1850.016s
3725000 +6.14437108e+06 +6.14510734e+06  7.36e+02   2.88e+01     4.78e-03   1850.508s
3726000 +6.14438537e+06 +6.14505517e+06  6.70e+02   2.88e+01     4.79e-03   1851.001s
3727000 +6.14429234e+06 +6.14500689e+06  7.15e+02   2.85e+01     4.79e-03   1851.493s
3728000 +6.14419237e+06 +6.14496436e+06  7.72e+02   2.83e+01     4.77e-03   1851.986s
3729000 +6.14417999e+06 +6.14492206e+06  7.42e+02   2.87e+01     4.78e-03   1852.478s
3730000 +6.14413157e+06 +6.14487733e+06  7.46e+02   2.84e+01     4.77e-03   1852.970s
3731000 +6.14394998e+06 +6.14482235e+06  8.72e+02   2.81e+01     4.73e-03   1853.463s
3732000 +6.14391257e+06 +6.14477226e+06  8.60e+02   2.82e+01     4.76e-03   1853.955s
3733000 +6.14397943e+06 +6.14472301e+06  7.44e+02   2.83e+01     4.75e-03   1854.447s
3734000 +6.14399943e+06 +6.14467729e+06  6.78e+02   2.81e+01     4.74e-03   1854.940s
3735000 +6.14395148e+06 +6.14463266e+06  6.81e+02   2.81e+01     4.75e-03   1855.432s
3736000 +6.14367472e+06 +6.14458810e+06  9.13e+02   2.82e+01     4.75e-03   1855.924s
3737000 +6.14368383e+06 +6.14454510e+06  8.61e+02   2.79e+01     4.74e-03   1856.417s
3738000 +6.14349849e+06 +6.14450157e+06  1.00e+03   2.75e+01     4.72e-03   1856.909s
3739000 +6.14350880e+06 +6.14445914e+06  9.50e+02   2.78e+01     4.71e-03   1857.402s
3740000 +6.14339037e+06 +6.14441442e+06  1.02e+03   2.79e+01     4.71e-03   1857.895s
3741000 +6.14328219e+06 +6.14437206e+06  1.09e+03   2.73e+01     4.70e-03   1858.387s
3742000 +6.14323177e+06 +6.14432442e+06  1.09e+03   2.71e+01     4.69e-03   1858.879s
3743000 +6.14315906e+06 +6.14428237e+06  1.12e+03   2.74e+01     4.68e-03   1859.372s
3744000 +6.14306793e+06 +6.14424292e+06  1.17e+03   2.73e+01     4.67e-03   1859.864s
3745000 +6.14288044e+06 +6.14420576e+06  1.33e+03   2.70e+01     4.66e-03   1860.356s
3746000 +6.14290729e+06 +6.14416185e+06  1.25e+03   2.70e+01     4.65e-03   1860.849s
3747000 +6.14294142e+06 +6.14412052e+06  1.18e+03   2.70e+01     4.64e-03   1861.341s
3748000 +6.14278756e+06 +6.14407325e+06  1.29e+03   2.71e+01     4.63e-03   1861.833s
3749000 +6.14268501e+06 +6.14402416e+06  1.34e+03   2.70e+01     4.62e-03   1862.326s
3750000 +6.14261464e+06 +6.14397516e+06  1.36e+03   2.67e+01     4.60e-03   1862.819s
3751000 +6.14254409e+06 +6.14393103e+06  1.39e+03   2.65e+01     4.59e-03   1863.311s
3752000 +6.14238851e+06 +6.14388918e+06  1.50e+03   2.66e+01     4.58e-03   1863.804s
3753000 +6.14244396e+06 +6.14384899e+06  1.41e+03   2.69e+01     4.58e-03   1864.296s
3754000 +6.14232800e+06 +6.14381281e+06  1.48e+03   2.65e+01     4.57e-03   1864.789s
3755000 +6.14241802e+06 +6.14376631e+06  1.35e+03   2.65e+01     4.58e-03   1865.281s
3756000 +6.14230861e+06 +6.14371949e+06  1.41e+03   2.64e+01     4.56e-03   1865.774s
3757000 +6.14242900e+06 +6.14367612e+06  1.25e+03   2.66e+01     4.57e-03   1866.266s
3758000 +6.14233827e+06 +6.14363565e+06  1.30e+03   2.67e+01     4.57e-03   1866.759s
3759000 +6.14229292e+06 +6.14359440e+06  1.30e+03   2.64e+01     4.57e-03   1867.251s
3760000 +6.14224371e+06 +6.14355309e+06  1.31e+03   2.63e+01     4.56e-03   1867.743s
3761000 +6.14216205e+06 +6.14351143e+06  1.35e+03   2.62e+01     4.54e-03   1868.236s
3762000 +6.14218276e+06 +6.14347165e+06  1.29e+03   2.64e+01     4.54e-03   1868.728s
3763000 +6.14210054e+06 +6.14343215e+06  1.33e+03   2.64e+01     4.54e-03   1869.220s
3764000 +6.14198358e+06 +6.14339087e+06  1.41e+03   2.62e+01     4.53e-03   1869.713s
3765000 +6.14183535e+06 +6.14334550e+06  1.51e+03   2.59e+01     4.52e-03   1870.206s
3766000 +6.14182256e+06 +6.14330726e+06  1.48e+03   2.60e+01     4.52e-03   1870.698s
3767000 +6.14178717e+06 +6.14326892e+06  1.48e+03   2.60e+01     4.51e-03   1871.190s
3768000 +6.14169831e+06 +6.14321784e+06  1.52e+03   2.59e+01     4.50e-03   1871.682s
3769000 +6.14166555e+06 +6.14317494e+06  1.51e+03   2.59e+01     4.49e-03   1872.175s
3770000 +6.14166216e+06 +6.14313706e+06  1.47e+03   2.60e+01     4.50e-03   1872.667s
3771000 +6.14168723e+06 +6.14309564e+06  1.41e+03   2.61e+01     4.50e-03   1873.159s
3772000 +6.14164216e+06 +6.14305114e+06  1.41e+03   2.61e+01     4.49e-03   1873.652s
3773000 +6.14165707e+06 +6.14300359e+06  1.35e+03   2.61e+01     4.48e-03   1874.144s
3774000 +6.14164917e+06 +6.14296870e+06  1.32e+03   2.61e+01     4.48e-03   1874.637s
3775000 +6.14160145e+06 +6.14292531e+06  1.32e+03   2.62e+01     4.46e-03   1875.129s
3776000 +6.14158747e+06 +6.14288119e+06  1.29e+03   2.62e+01     4.46e-03   1875.621s
3777000 +6.14161190e+06 +6.14283830e+06  1.23e+03   2.59e+01     4.45e-03   1876.114s
3778000 +6.14152075e+06 +6.14279281e+06  1.27e+03   2.58e+01     4.45e-03   1876.606s
3779000 +6.14141515e+06 +6.14275218e+06  1.34e+03   2.58e+01     4.42e-03   1877.098s
3780000 +6.14143480e+06 +6.14271040e+06  1.28e+03   2.61e+01     4.44e-03   1877.591s
3781000 +6.14140264e+06 +6.14266624e+06  1.26e+03   2.60e+01     4.44e-03   1878.083s
3782000 +6.14127952e+06 +6.14262489e+06  1.35e+03   2.59e+01     4.43e-03   1878.575s
3783000 +6.14139388e+06 +6.14258718e+06  1.19e+03   2.58e+01     4.43e-03   1879.068s
3784000 +6.14134198e+06 +6.14254789e+06  1.21e+03   2.58e+01     4.41e-03   1879.560s
3785000 +6.14125296e+06 +6.14250983e+06  1.26e+03   2.59e+01     4.41e-03   1880.052s
3786000 +6.14121267e+06 +6.14246722e+06  1.25e+03   2.57e+01     4.39e-03   1880.545s
3787000 +6.14117362e+06 +6.14242579e+06  1.25e+03   2.56e+01     4.39e-03   1881.037s
3788000 +6.14110656e+06 +6.14238547e+06  1.28e+03   2.56e+01     4.37e-03   1881.530s
3789000 +6.14113447e+06 +6.14234839e+06  1.21e+03   2.55e+01     4.37e-03   1882.023s
3790000 +6.14107638e+06 +6.14230870e+06  1.23e+03   2.54e+01     4.38e-03   1882.516s
3791000 +6.14096493e+06 +6.14227053e+06  1.31e+03   2.54e+01     4.36e-03   1883.009s
3792000 +6.14092667e+06 +6.14223118e+06  1.30e+03   2.53e+01     4.36e-03   1883.501s
3793000 +6.14085273e+06 +6.14219735e+06  1.34e+03   2.51e+01     4.35e-03   1883.993s
3794000 +6.14076913e+06 +6.14216002e+06  1.39e+03   2.52e+01     4.33e-03   1884.486s
3795000 +6.14067973e+06 +6.14212177e+06  1.44e+03   2.53e+01     4.33e-03   1884.978s
3796000 +6.14067135e+06 +6.14208101e+06  1.41e+03   2.50e+01     4.33e-03   1885.470s
3797000 +6.14066574e+06 +6.14204107e+06  1.38e+03   2.50e+01     4.32e-03   1885.963s
3798000 +6.14062257e+06 +6.14200366e+06  1.38e+03   2.51e+01     4.32e-03   1886.455s
3799000 +6.14054674e+06 +6.14196643e+06  1.42e+03   2.50e+01     4.30e-03   1886.948s
3800000 +6.14047046e+06 +6.14192749e+06  1.46e+03   2.48e+01     4.29e-03   1887.440s
3801000 +6.14044270e+06 +6.14188948e+06  1.45e+03   2.49e+01     4.28e-03   1887.932s
3802000 +6.14048886e+06 +6.14185157e+06  1.36e+03   2.50e+01     4.28e-03   1888.425s
3803000 +6.14036556e+06 +6.14181179e+06  1.45e+03   2.49e+01     4.27e-03   1888.917s
3804000 +6.14041350e+06 +6.14178090e+06  1.37e+03   2.48e+01     4.26e-03   1889.410s
3805000 +6.14048612e+06 +6.14174550e+06  1.26e+03   2.49e+01     4.28e-03   1889.902s
3806000 +6.14033240e+06 +6.14171450e+06  1.38e+03   2.49e+01     4.27e-03   1890.395s
3807000 +6.14023111e+06 +6.14168011e+06  1.45e+03   2.48e+01     4.26e-03   1890.887s
3808000 +6.14026092e+06 +6.14164378e+06  1.38e+03   2.47e+01     4.25e-03   1891.379s
3809000 +6.14024567e+06 +6.14160833e+06  1.36e+03   2.45e+01     4.23e-03   1891.871s
3810000 +6.14015230e+06 +6.14156916e+06  1.42e+03   2.46e+01     4.22e-03   1892.364s
3811000 +6.14007405e+06 +6.14153320e+06  1.46e+03   2.46e+01     4.20e-03   1892.856s
3812000 +6.14014010e+06 +6.14149638e+06  1.36e+03   2.45e+01     4.20e-03   1893.349s
3813000 +6.14009627e+06 +6.14145425e+06  1.36e+03   2.44e+01     4.19e-03   1893.841s
3814000 +6.14008667e+06 +6.14141944e+06  1.33e+03   2.46e+01     4.18e-03   1894.333s
3815000 +6.14002954e+06 +6.14138181e+06  1.35e+03   2.47e+01     4.18e-03   1894.826s
3816000 +6.13989076e+06 +6.14134018e+06  1.45e+03   2.43e+01     4.16e-03   1895.318s
3817000 +6.13995430e+06 +6.14130673e+06  1.35e+03   2.44e+01     4.17e-03   1895.810s
3818000 +6.13982583e+06 +6.14127456e+06  1.45e+03   2.44e+01     4.16e-03   1896.302s
3819000 +6.13982013e+06 +6.14123735e+06  1.42e+03   2.43e+01     4.15e-03   1896.795s
3820000 +6.13977792e+06 +6.14119837e+06  1.42e+03   2.43e+01     4.14e-03   1897.288s
3821000 +6.13984393e+06 +6.14115638e+06  1.31e+03   2.43e+01     4.14e-03   1897.780s
3822000 +6.13979597e+06 +6.14111503e+06  1.32e+03   2.43e+01     4.15e-03   1898.272s
3823000 +6.13971583e+06 +6.14107341e+06  1.36e+03   2.43e+01     4.13e-03   1898.765s
3824000 +6.13973803e+06 +6.14104651e+06  1.31e+03   2.42e+01     4.13e-03   1899.257s
3825000 +6.13967518e+06 +6.14100928e+06  1.33e+03   2.40e+01     4.12e-03   1899.750s
3826000 +6.13962997e+06 +6.14097354e+06  1.34e+03   2.40e+01     4.11e-03   1900.242s
3827000 +6.13959284e+06 +6.14093677e+06  1.34e+03   2.43e+01     4.13e-03   1900.734s
3828000 +6.13953651e+06 +6.14090263e+06  1.37e+03   2.42e+01     4.12e-03   1901.226s
3829000 +6.13947012e+06 +6.14086463e+06  1.39e+03   2.40e+01     4.10e-03   1901.719s
3830000 +6.13939108e+06 +6.14083049e+06  1.44e+03   2.39e+01     4.10e-03   1902.212s
3831000 +6.13932035e+06 +6.14079738e+06  1.48e+03   2.39e+01     4.08e-03   1902.704s
3832000 +6.13926385e+06 +6.14076194e+06  1.50e+03   2.39e+01     4.07e-03   1903.196s
3833000 +6.13930078e+06 +6.14072486e+06  1.42e+03   2.39e+01     4.07e-03   1903.689s
3834000 +6.13928092e+06 +6.14069094e+06  1.41e+03   2.38e+01     4.07e-03   1904.181s
3835000 +6.13929951e+06 +6.14065584e+06  1.36e+03   2.39e+01     4.07e-03   1904.674s
3836000 +6.13918734e+06 +6.14061874e+06  1.43e+03   2.39e+01     4.05e-03   1905.167s
3837000 +6.13920969e+06 +6.14057722e+06  1.37e+03   2.38e+01     4.05e-03   1905.659s
3838000 +6.13914989e+06 +6.14054450e+06  1.39e+03   2.37e+01     4.04e-03   1906.152s
3839000 +6.13911959e+06 +6.14050976e+06  1.39e+03   2.37e+01     4.04e-03   1906.644s
3840000 +6.13911290e+06 +6.14047854e+06  1.37e+03   2.37e+01     4.03e-03   1907.136s
3841000 +6.13911458e+06 +6.14043878e+06  1.32e+03   2.37e+01     4.02e-03   1907.629s
3842000 +6.13897255e+06 +6.14040647e+06  1.43e+03   2.37e+01     4.03e-03   1908.121s
3843000 +6.13887323e+06 +6.14036670e+06  1.49e+03   2.35e+01     4.01e-03   1908.613s
3844000 +6.13886801e+06 +6.14033060e+06  1.46e+03   2.34e+01     4.00e-03   1909.106s
3845000 +6.13888964e+06 +6.14029617e+06  1.41e+03   2.35e+01     4.01e-03   1909.598s
3846000 +6.13897007e+06 +6.14026621e+06  1.30e+03   2.37e+01     4.01e-03   1910.091s
3847000 +6.13895229e+06 +6.14022772e+06  1.28e+03   2.35e+01     4.01e-03   1910.583s
3848000 +6.13886606e+06 +6.14019643e+06  1.33e+03   2.35e+01     3.99e-03   1911.074s
3849000 +6.13885904e+06 +6.14016258e+06  1.30e+03   2.36e+01     3.99e-03   1911.567s
3850000 +6.13872534e+06 +6.14012685e+06  1.40e+03   2.34e+01     3.98e-03   1912.059s
3851000 +6.13866008e+06 +6.14009029e+06  1.43e+03   2.31e+01     3.96e-03   1912.551s
3852000 +6.13863176e+06 +6.14005337e+06  1.42e+03   2.30e+01     3.95e-03   1913.044s
3853000 +6.13865485e+06 +6.14001872e+06  1.36e+03   2.31e+01     3.96e-03   1913.536s
3854000 +6.13864199e+06 +6.13998839e+06  1.35e+03   2.31e+01     3.96e-03   1914.029s
3855000 +6.13856794e+06 +6.13995913e+06  1.39e+03   2.31e+01     3.94e-03   1914.521s
3856000 +6.13855672e+06 +6.13993161e+06  1.37e+03   2.30e+01     3.93e-03   1915.013s
3857000 +6.13855476e+06 +6.13990161e+06  1.35e+03   2.30e+01     3.92e-03   1915.505s
3858000 +6.13853192e+06 +6.13986723e+06  1.34e+03   2.29e+01     3.92e-03   1915.997s
3859000 +6.13848732e+06 +6.13983172e+06  1.34e+03   2.30e+01     3.91e-03   1916.490s
3860000 +6.13838318e+06 +6.13980394e+06  1.42e+03   2.29e+01     3.90e-03   1916.982s
3861000 +6.13831524e+06 +6.13977417e+06  1.46e+03   2.28e+01     3.88e-03   1917.475s
3862000 +6.13833640e+06 +6.13973786e+06  1.40e+03   2.27e+01     3.89e-03   1917.967s
3863000 +6.13832421e+06 +6.13970661e+06  1.38e+03   2.27e+01     3.88e-03   1918.459s
3864000 +6.13827866e+06 +6.13967370e+06  1.40e+03   2.27e+01     3.88e-03   1918.952s
3865000 +6.13814015e+06 +6.13964665e+06  1.51e+03   2.25e+01     3.86e-03   1919.444s
3866000 +6.13813268e+06 +6.13961583e+06  1.48e+03   2.25e+01     3.85e-03   1919.937s
3867000 +6.13808380e+06 +6.13958569e+06  1.50e+03   2.26e+01     3.86e-03   1920.429s
3868000 +6.13800075e+06 +6.13955413e+06  1.55e+03   2.25e+01     3.84e-03   1920.921s
3869000 +6.13796876e+06 +6.13952493e+06  1.56e+03   2.25e+01     3.84e-03   1921.414s
3870000 +6.13798952e+06 +6.13950048e+06  1.51e+03   2.25e+01     3.84e-03   1921.906s
3871000 +6.13789362e+06 +6.13946929e+06  1.58e+03   2.24e+01     3.82e-03   1922.398s
3872000 +6.13790472e+06 +6.13943750e+06  1.53e+03   2.25e+01     3.83e-03   1922.891s
3873000 +6.13791044e+06 +6.13940815e+06  1.50e+03   2.26e+01     3.83e-03   1923.383s
3874000 +6.13787383e+06 +6.13937654e+06  1.50e+03   2.24e+01     3.82e-03   1923.875s
3875000 +6.13782498e+06 +6.13934599e+06  1.52e+03   2.23e+01     3.81e-03   1924.368s
3876000 +6.13777447e+06 +6.13931723e+06  1.54e+03   2.24e+01     3.81e-03   1924.860s
3877000 +6.13773622e+06 +6.13928619e+06  1.55e+03   2.24e+01     3.80e-03   1925.353s
3878000 +6.13766397e+06 +6.13925619e+06  1.59e+03   2.23e+01     3.79e-03   1925.846s
3879000 +6.13766548e+06 +6.13922626e+06  1.56e+03   2.23e+01     3.78e-03   1926.338s
3880000 +6.13767380e+06 +6.13919820e+06  1.52e+03   2.23e+01     3.79e-03   1926.830s
3881000 +6.13765624e+06 +6.13916431e+06  1.51e+03   2.24e+01     3.79e-03   1927.323s
3882000 +6.13767069e+06 +6.13913449e+06  1.46e+03   2.25e+01     3.79e-03   1927.815s
3883000 +6.13773131e+06 +6.13910257e+06  1.37e+03   2.22e+01     3.78e-03   1928.307s
3884000 +6.13765031e+06 +6.13907026e+06  1.42e+03   2.22e+01     3.77e-03   1928.799s
3885000 +6.13757508e+06 +6.13903708e+06  1.46e+03   2.22e+01     3.77e-03   1929.292s
3886000 +6.13756473e+06 +6.13900465e+06  1.44e+03   2.21e+01     3.76e-03   1929.784s
3887000 +6.13756880e+06 +6.13896979e+06  1.40e+03   2.20e+01     3.75e-03   1930.276s
3888000 +6.13758878e+06 +6.13894433e+06  1.36e+03   2.21e+01     3.76e-03   1930.768s
3889000 +6.13761492e+06 +6.13891358e+06  1.30e+03   2.21e+01     3.75e-03   1931.261s
3890000 +6.13762222e+06 +6.13888528e+06  1.26e+03   2.22e+01     3.75e-03   1931.753s
3891000 +6.13753770e+06 +6.13885916e+06  1.32e+03   2.21e+01     3.73e-03   1932.245s
3892000 +6.13741843e+06 +6.13882897e+06  1.41e+03   2.20e+01     3.72e-03   1932.738s
3893000 +6.13742325e+06 +6.13880528e+06  1.38e+03   2.19e+01     3.72e-03   1933.230s
3894000 +6.13735133e+06 +6.13877194e+06  1.42e+03   2.19e+01     3.72e-03   1933.722s
3895000 +6.13730575e+06 +6.13874905e+06  1.44e+03   2.18e+01     3.71e-03   1934.214s
3896000 +6.13721758e+06 +6.13871878e+06  1.50e+03   2.18e+01     3.70e-03   1934.707s
3897000 +6.13716508e+06 +6.13869171e+06  1.53e+03   2.16e+01     3.70e-03   1935.199s
3898000 +6.13714522e+06 +6.13866820e+06  1.52e+03   2.16e+01     3.69e-03   1935.692s
3899000 +6.13715919e+06 +6.13863254e+06  1.47e+03   2.16e+01     3.68e-03   1936.184s
3900000 +6.13712077e+06 +6.13860676e+06  1.49e+03   2.16e+01     3.69e-03   1936.677s
3901000 +6.13710412e+06 +6.13858316e+06  1.48e+03   2.14e+01     3.68e-03   1937.169s
3902000 +6.13713743e+06 +6.13855466e+06  1.42e+03   2.13e+01     3.67e-03   1937.662s
3903000 +6.13709464e+06 +6.13853026e+06  1.44e+03   2.15e+01     3.67e-03   1938.154s
3904000 +6.13706451e+06 +6.13850106e+06  1.44e+03   2.16e+01     3.67e-03   1938.647s
3905000 +6.13698811e+06 +6.13847453e+06  1.49e+03   2.13e+01     3.65e-03   1939.139s
3906000 +6.13697636e+06 +6.13844802e+06  1.47e+03   2.12e+01     3.66e-03   1939.632s
3907000 +6.13696051e+06 +6.13842274e+06  1.46e+03   2.15e+01     3.66e-03   1940.124s
3908000 +6.13698843e+06 +6.13839499e+06  1.41e+03   2.15e+01     3.65e-03   1940.616s
3909000 +6.13697957e+06 +6.13836830e+06  1.39e+03   2.13e+01     3.65e-03   1941.109s
3910000 +6.13691333e+06 +6.13834290e+06  1.43e+03   2.11e+01     3.64e-03   1941.601s
3911000 +6.13687735e+06 +6.13832045e+06  1.44e+03   2.12e+01     3.62e-03   1942.094s
3912000 +6.13683757e+06 +6.13828958e+06  1.45e+03   2.12e+01     3.63e-03   1942.586s
3913000 +6.13680338e+06 +6.13826327e+06  1.46e+03   2.12e+01     3.63e-03   1943.078s
3914000 +6.13680486e+06 +6.13823706e+06  1.43e+03   2.11e+01     3.61e-03   1943.571s
3915000 +6.13673799e+06 +6.13820903e+06  1.47e+03   2.10e+01     3.60e-03   1944.063s
3916000 +6.13662449e+06 +6.13818329e+06  1.56e+03   2.10e+01     3.60e-03   1944.555s
3917000 +6.13665178e+06 +6.13815882e+06  1.51e+03   2.11e+01     3.60e-03   1945.048s
3918000 +6.13665386e+06 +6.13813563e+06  1.48e+03   2.11e+01     3.59e-03   1945.540s
3919000 +6.13668833e+06 +6.13810382e+06  1.42e+03   2.09e+01     3.59e-03   1946.032s
3920000 +6.13667360e+06 +6.13807153e+06  1.40e+03   2.11e+01     3.60e-03   1946.525s
3921000 +6.13663220e+06 +6.13804052e+06  1.41e+03   2.11e+01     3.60e-03   1947.017s
3922000 +6.13657975e+06 +6.13800596e+06  1.43e+03   2.09e+01     3.59e-03   1947.510s
3923000 +6.13663930e+06 +6.13797322e+06  1.33e+03   2.08e+01     3.60e-03   1948.002s
3924000 +6.13662655e+06 +6.13794975e+06  1.32e+03   2.09e+01     3.60e-03   1948.495s
3925000 +6.13667993e+06 +6.13791878e+06  1.24e+03   2.11e+01     3.60e-03   1948.988s
3926000 +6.13665400e+06 +6.13789238e+06  1.24e+03   2.10e+01     3.61e-03   1949.480s
3927000 +6.13657848e+06 +6.13786948e+06  1.29e+03   2.08e+01     3.61e-03   1949.972s
3928000 +6.13660989e+06 +6.13784536e+06  1.24e+03   2.08e+01     3.61e-03   1950.464s
3929000 +6.13664564e+06 +6.13781049e+06  1.16e+03   2.11e+01     3.63e-03   1950.957s
3930000 +6.13667906e+06 +6.13778247e+06  1.10e+03   2.10e+01     3.62e-03   1951.449s
3931000 +6.13670925e+06 +6.13775428e+06  1.05e+03   2.08e+01     3.63e-03   1951.942s
3932000 +6.13657996e+06 +6.13772869e+06  1.15e+03   2.09e+01     3.61e-03   1952.434s
3933000 +6.13664088e+06 +6.13770333e+06  1.06e+03   2.10e+01     3.62e-03   1952.927s
3934000 +6.13662470e+06 +6.13768131e+06  1.06e+03   2.08e+01     3.60e-03   1953.418s
3935000 +6.13655503e+06 +6.13765796e+06  1.10e+03   2.07e+01     3.60e-03   1953.911s
3936000 +6.13647586e+06 +6.13763471e+06  1.16e+03   2.07e+01     3.61e-03   1954.403s
3937000 +6.13648505e+06 +6.13760659e+06  1.12e+03   2.09e+01     3.62e-03   1954.895s
3938000 +6.13643527e+06 +6.13758120e+06  1.15e+03   2.08e+01     3.61e-03   1955.388s
3939000 +6.13636368e+06 +6.13755677e+06  1.19e+03   2.07e+01     3.62e-03   1955.880s
3940000 +6.13634625e+06 +6.13753101e+06  1.18e+03   2.07e+01     3.61e-03   1956.372s
3941000 +6.13637653e+06 +6.13750511e+06  1.13e+03   2.07e+01     3.62e-03   1956.865s
3942000 +6.13642899e+06 +6.13748400e+06  1.06e+03   2.08e+01     3.62e-03   1957.357s
3943000 +6.13636284e+06 +6.13746178e+06  1.10e+03   2.07e+01     3.62e-03   1957.850s
3944000 +6.13638698e+06 +6.13743306e+06  1.05e+03   2.08e+01     3.63e-03   1958.342s
3945000 +6.13635434e+06 +6.13740884e+06  1.05e+03   2.07e+01     3.62e-03   1958.835s
3946000 +6.13629683e+06 +6.13738020e+06  1.08e+03   2.07e+01     3.62e-03   1959.328s
3947000 +6.13631588e+06 +6.13735342e+06  1.04e+03   2.08e+01     3.62e-03   1959.820s
3948000 +6.13623814e+06 +6.13732987e+06  1.09e+03   2.06e+01     3.62e-03   1960.312s
3949000 +6.13627158e+06 +6.13730508e+06  1.03e+03   2.06e+01     3.62e-03   1960.805s
3950000 +6.13628919e+06 +6.13728513e+06  9.96e+02   2.07e+01     3.62e-03   1961.297s
3951000 +6.13624342e+06 +6.13725785e+06  1.01e+03   2.09e+01     3.63e-03   1961.790s
3952000 +6.13626295e+06 +6.13722664e+06  9.64e+02   2.08e+01     3.64e-03   1962.282s
3953000 +6.13627564e+06 +6.13720690e+06  9.31e+02   2.07e+01     3.64e-03   1962.774s
3954000 +6.13630860e+06 +6.13717729e+06  8.69e+02   2.09e+01     3.64e-03   1963.267s
3955000 +6.13630599e+06 +6.13715433e+06  8.48e+02   2.11e+01     3.65e-03   1963.759s
3956000 +6.13632443e+06 +6.13712660e+06  8.02e+02   2.08e+01     3.64e-03   1964.252s
3957000 +6.13620011e+06 +6.13710089e+06  9.01e+02   2.07e+01     3.64e-03   1964.745s
3958000 +6.13621979e+06 +6.13707966e+06  8.60e+02   2.08e+01     3.65e-03   1965.237s
3959000 +6.13622751e+06 +6.13705241e+06  8.25e+02   2.09e+01     3.66e-03   1965.730s
3960000 +6.13626175e+06 +6.13702531e+06  7.64e+02   2.08e+01     3.66e-03   1966.222s
3961000 +6.13622691e+06 +6.13700510e+06  7.78e+02   2.08e+01     3.65e-03   1966.714s
3962000 +6.13621263e+06 +6.13698508e+06  7.72e+02   2.07e+01     3.65e-03   1967.207s
3963000 +6.13622545e+06 +6.13696481e+06  7.39e+02   2.09e+01     3.67e-03   1967.699s
3964000 +6.13629702e+06 +6.13694159e+06  6.45e+02   2.10e+01     3.68e-03   1968.192s
3965000 +6.13626275e+06 +6.13691262e+06  6.50e+02   2.09e+01     3.67e-03   1968.684s
3966000 +6.13621411e+06 +6.13688520e+06  6.71e+02   2.08e+01     3.67e-03   1969.176s
3967000 +6.13626288e+06 +6.13685884e+06  5.96e+02   2.10e+01     3.67e-03   1969.669s
3968000 +6.13621887e+06 +6.13683695e+06  6.18e+02   2.11e+01     3.66e-03   1970.161s
3969000 +6.13621162e+06 +6.13681370e+06  6.02e+02   2.09e+01     3.66e-03   1970.654s
3970000 +6.13616355e+06 +6.13679014e+06  6.27e+02   2.09e+01     3.66e-03   1971.146s
3971000 +6.13612703e+06 +6.13676284e+06  6.36e+02   2.10e+01     3.67e-03   1971.639s
3972000 +6.13610948e+06 +6.13674145e+06  6.32e+02   2.10e+01     3.67e-03   1972.131s
3973000 +6.13612328e+06 +6.13671833e+06  5.95e+02   2.10e+01     3.67e-03   1972.623s
3974000 +6.13611415e+06 +6.13669729e+06  5.83e+02   2.10e+01     3.66e-03   1973.116s
3975000 +6.13603167e+06 +6.13667128e+06  6.40e+02   2.09e+01     3.65e-03   1973.608s
3976000 +6.13601118e+06 +6.13664799e+06  6.37e+02   2.10e+01     3.67e-03   1974.101s
3977000 +6.13598437e+06 +6.13662603e+06  6.42e+02   2.09e+01     3.66e-03   1974.593s
3978000 +6.13593748e+06 +6.13660501e+06  6.68e+02   2.09e+01     3.65e-03   1975.086s
3979000 +6.13597140e+06 +6.13658258e+06  6.11e+02   2.08e+01     3.64e-03   1975.578s
3980000 +6.13599782e+06 +6.13656302e+06  5.65e+02   2.09e+01     3.64e-03   1976.071s
3981000 +6.13589067e+06 +6.13653916e+06  6.48e+02   2.10e+01     3.64e-03   1976.563s
3982000 +6.13582135e+06 +6.13651245e+06  6.91e+02   2.10e+01     3.65e-03   1977.055s
3983000 +6.13584959e+06 +6.13649122e+06  6.42e+02   2.08e+01     3.65e-03   1977.548s
3984000 +6.13582502e+06 +6.13646653e+06  6.42e+02   2.08e+01     3.66e-03   1978.040s
3985000 +6.13582092e+06 +6.13644032e+06  6.19e+02   2.09e+01     3.65e-03   1978.533s
3986000 +6.13577799e+06 +6.13641622e+06  6.38e+02   2.10e+01     3.64e-03   1979.026s
3987000 +6.13575626e+06 +6.13639034e+06  6.34e+02   2.08e+01     3.64e-03   1979.518s
3988000 +6.13577460e+06 +6.13636988e+06  5.95e+02   2.09e+01     3.65e-03   1980.010s
3989000 +6.13579113e+06 +6.13634650e+06  5.55e+02   2.11e+01     3.65e-03   1980.503s
3990000 +6.13565636e+06 +6.13632818e+06  6.72e+02   2.10e+01     3.63e-03   1980.995s
3991000 +6.13558162e+06 +6.13630561e+06  7.24e+02   2.07e+01     3.62e-03   1981.487s
3992000 +6.13556975e+06 +6.13628246e+06  7.13e+02   2.07e+01     3.63e-03   1981.979s
3993000 +6.13557181e+06 +6.13626239e+06  6.91e+02   2.09e+01     3.63e-03   1982.472s
3994000 +6.13555931e+06 +6.13623935e+06  6.80e+02   2.09e+01     3.63e-03   1982.964s
3995000 +6.13551826e+06 +6.13621634e+06  6.98e+02   2.07e+01     3.61e-03   1983.456s
3996000 +6.13546895e+06 +6.13619686e+06  7.28e+02   2.06e+01     3.60e-03   1983.949s
3997000 +6.13544427e+06 +6.13617295e+06  7.29e+02   2.07e+01     3.62e-03   1984.441s
3998000 +6.13543224e+06 +6.13614867e+06  7.16e+02   2.08e+01     3.63e-03   1984.933s
3999000 +6.13550205e+06 +6.13612659e+06  6.25e+02   2.08e+01     3.63e-03   1985.426s
4000000 +6.13543153e+06 +6.13610503e+06  6.73e+02   2.06e+01     3.62e-03   1985.918s
4001000 +6.13543475e+06 +6.13608131e+06  6.47e+02   2.08e+01     3.62e-03   1986.411s
4002000 +6.13546272e+06 +6.13605559e+06  5.93e+02   2.09e+01     3.62e-03   1986.903s
4003000 +6.13542928e+06 +6.13603208e+06  6.03e+02   2.09e+01     3.63e-03   1987.395s
4004000 +6.13535744e+06 +6.13600171e+06  6.44e+02   2.07e+01     3.61e-03   1987.888s
4005000 +6.13532950e+06 +6.13597728e+06  6.48e+02   2.08e+01     3.61e-03   1988.380s
4006000 +6.13530382e+06 +6.13595574e+06  6.52e+02   2.09e+01     3.62e-03   1988.873s
4007000 +6.13531902e+06 +6.13593751e+06  6.18e+02   2.08e+01     3.62e-03   1989.365s
4008000 +6.13531221e+06 +6.13591646e+06  6.04e+02   2.06e+01     3.60e-03   1989.858s
4009000 +6.13530548e+06 +6.13589345e+06  5.88e+02   2.08e+01     3.61e-03   1990.350s
4010000 +6.13524738e+06 +6.13587646e+06  6.29e+02   2.08e+01     3.61e-03   1990.842s
4011000 +6.13525015e+06 +6.13584456e+06  5.94e+02   2.07e+01     3.60e-03   1991.335s
4012000 +6.13522837e+06 +6.13582235e+06  5.94e+02   2.06e+01     3.61e-03   1991.827s
4013000 +6.13514792e+06 +6.13579700e+06  6.49e+02   2.06e+01     3.61e-03   1992.319s
4014000 +6.13514058e+06 +6.13577776e+06  6.37e+02   2.07e+01     3.62e-03   1992.811s
4015000 +6.13518187e+06 +6.13575791e+06  5.76e+02   2.06e+01     3.60e-03   1993.304s
4016000 +6.13510771e+06 +6.13573862e+06  6.31e+02   2.07e+01     3.61e-03   1993.797s
4017000 +6.13516560e+06 +6.13571526e+06  5.50e+02   2.06e+01     3.62e-03   1994.290s
4018000 +6.13505043e+06 +6.13568572e+06  6.35e+02   2.05e+01     3.61e-03   1994.782s
4019000 +6.13504768e+06 +6.13566607e+06  6.18e+02   2.06e+01     3.60e-03   1995.274s
4020000 +6.13501488e+06 +6.13564321e+06  6.28e+02   2.06e+01     3.60e-03   1995.767s
4021000 +6.13498379e+06 +6.13562169e+06  6.38e+02   2.04e+01     3.59e-03   1996.259s
4022000 +6.13497115e+06 +6.13560171e+06  6.31e+02   2.04e+01     3.58e-03   1996.751s
4023000 +6.13495828e+06 +6.13557857e+06  6.20e+02   2.06e+01     3.59e-03   1997.244s
4024000 +6.13490555e+06 +6.13555870e+06  6.53e+02   2.05e+01     3.59e-03   1997.736s
4025000 +6.13487277e+06 +6.13553450e+06  6.62e+02   2.03e+01     3.58e-03   1998.229s
4026000 +6.13490331e+06 +6.13551477e+06  6.11e+02   2.05e+01     3.60e-03   1998.721s
4027000 +6.13483470e+06 +6.13549367e+06  6.59e+02   2.05e+01     3.60e-03   1999.213s
4028000 +6.13482273e+06 +6.13547037e+06  6.48e+02   2.04e+01     3.59e-03   1999.705s
4029000 +6.13480894e+06 +6.13544591e+06  6.37e+02   2.04e+01     3.61e-03   2000.197s
4030000 +6.13468764e+06 +6.13542528e+06  7.38e+02   2.04e+01     3.60e-03   2000.690s
4031000 +6.13473327e+06 +6.13540405e+06  6.71e+02   2.05e+01     3.60e-03   2001.182s
4032000 +6.13469990e+06 +6.13538461e+06  6.85e+02   2.03e+01     3.59e-03   2001.674s
4033000 +6.13459550e+06 +6.13536712e+06  7.72e+02   2.02e+01     3.59e-03   2002.167s
4034000 +6.13463452e+06 +6.13534813e+06  7.14e+02   2.02e+01     3.58e-03   2002.659s
4035000 +6.13458276e+06 +6.13532640e+06  7.44e+02   2.02e+01     3.58e-03   2003.152s
4036000 +6.13441689e+06 +6.13530365e+06  8.87e+02   2.02e+01     3.57e-03   2003.644s
4037000 +6.13437600e+06 +6.13528442e+06  9.08e+02   2.01e+01     3.56e-03   2004.136s
4038000 +6.13440001e+06 +6.13526484e+06  8.65e+02   2.00e+01     3.58e-03   2004.629s
4039000 +6.13431982e+06 +6.13524422e+06  9.24e+02   2.01e+01     3.58e-03   2005.121s
4040000 +6.13427205e+06 +6.13522621e+06  9.54e+02   2.01e+01     3.57e-03   2005.614s
4041000 +6.13428683e+06 +6.13520506e+06  9.18e+02   2.00e+01     3.57e-03   2006.106s
4042000 +6.13418217e+06 +6.13518645e+06  1.00e+03   1.98e+01     3.54e-03   2006.598s
4043000 +6.13425517e+06 +6.13516826e+06  9.13e+02   1.99e+01     3.56e-03   2007.091s
4044000 +6.13426371e+06 +6.13514710e+06  8.83e+02   2.00e+01     3.57e-03   2007.583s
4045000 +6.13422178e+06 +6.13512430e+06  9.03e+02   1.99e+01     3.55e-03   2008.076s
4046000 +6.13414481e+06 +6.13510606e+06  9.61e+02   1.99e+01     3.55e-03   2008.568s
4047000 +6.13413620e+06 +6.13508706e+06  9.51e+02   1.98e+01     3.55e-03   2009.060s
4048000 +6.13408234e+06 +6.13506924e+06  9.87e+02   1.99e+01     3.55e-03   2009.553s
4049000 +6.13405167e+06 +6.13504654e+06  9.95e+02   1.99e+01     3.55e-03   2010.045s
4050000 +6.13402385e+06 +6.13502620e+06  1.00e+03   1.97e+01     3.54e-03   2010.537s
4051000 +6.13398522e+06 +6.13500857e+06  1.02e+03   1.97e+01     3.54e-03   2011.030s
4052000 +6.13394267e+06 +6.13499272e+06  1.05e+03   1.97e+01     3.54e-03   2011.523s
4053000 +6.13399021e+06 +6.13497637e+06  9.86e+02   1.98e+01     3.55e-03   2012.015s
4054000 +6.13395494e+06 +6.13495665e+06  1.00e+03   1.96e+01     3.53e-03   2012.508s
4055000 +6.13389081e+06 +6.13493709e+06  1.05e+03   1.96e+01     3.52e-03   2013.000s
4056000 +6.13386852e+06 +6.13492094e+06  1.05e+03   1.96e+01     3.52e-03   2013.493s
4057000 +6.13382893e+06 +6.13490185e+06  1.07e+03   1.97e+01     3.51e-03   2013.985s
4058000 +6.13385776e+06 +6.13488596e+06  1.03e+03   1.97e+01     3.52e-03   2014.478s
4059000 +6.13381957e+06 +6.13486880e+06  1.05e+03   1.95e+01     3.51e-03   2014.970s
4060000 +6.13375817e+06 +6.13485127e+06  1.09e+03   1.95e+01     3.50e-03   2015.463s
4061000 +6.13378773e+06 +6.13483314e+06  1.05e+03   1.96e+01     3.51e-03   2015.955s
4062000 +6.13368274e+06 +6.13481244e+06  1.13e+03   1.96e+01     3.51e-03   2016.448s
4063000 +6.13372806e+06 +6.13479514e+06  1.07e+03   1.95e+01     3.49e-03   2016.940s
4064000 +6.13363788e+06 +6.13477725e+06  1.14e+03   1.95e+01     3.49e-03   2017.432s
4065000 +6.13365821e+06 +6.13475694e+06  1.10e+03   1.95e+01     3.49e-03   2017.924s
4066000 +6.13355885e+06 +6.13474185e+06  1.18e+03   1.94e+01     3.48e-03   2018.416s
4067000 +6.13346817e+06 +6.13472976e+06  1.26e+03   1.93e+01     3.47e-03   2018.909s
4068000 +6.13345239e+06 +6.13471372e+06  1.26e+03   1.93e+01     3.47e-03   2019.401s
4069000 +6.13340086e+06 +6.13469613e+06  1.30e+03   1.92e+01     3.45e-03   2019.894s
4070000 +6.13342017e+06 +6.13467824e+06  1.26e+03   1.92e+01     3.45e-03   2020.387s
4071000 +6.13340373e+06 +6.13466268e+06  1.26e+03   1.93e+01     3.45e-03   2020.879s
4072000 +6.13344877e+06 +6.13464684e+06  1.20e+03   1.93e+01     3.45e-03   2021.372s
4073000 +6.13334731e+06 +6.13462439e+06  1.28e+03   1.91e+01     3.43e-03   2021.864s
4074000 +6.13323771e+06 +6.13460740e+06  1.37e+03   1.91e+01     3.43e-03   2022.356s
4075000 +6.13323258e+06 +6.13458902e+06  1.36e+03   1.92e+01     3.43e-03   2022.849s
4076000 +6.13319775e+06 +6.13457440e+06  1.38e+03   1.90e+01     3.42e-03   2023.341s
4077000 +6.13316752e+06 +6.13456243e+06  1.39e+03   1.88e+01     3.41e-03   2023.833s
4078000 +6.13310214e+06 +6.13454555e+06  1.44e+03   1.88e+01     3.40e-03   2024.326s
4079000 +6.13310499e+06 +6.13453130e+06  1.43e+03   1.88e+01     3.40e-03   2024.818s
4080000 +6.13316733e+06 +6.13450934e+06  1.34e+03   1.89e+01     3.39e-03   2025.311s
4081000 +6.13311289e+06 +6.13449333e+06  1.38e+03   1.88e+01     3.39e-03   2025.803s
4082000 +6.13311031e+06 +6.13447525e+06  1.36e+03   1.88e+01     3.39e-03   2026.295s
4083000 +6.13302527e+06 +6.13445855e+06  1.43e+03   1.88e+01     3.39e-03   2026.788s
4084000 +6.13300493e+06 +6.13444302e+06  1.44e+03   1.88e+01     3.39e-03   2027.280s
4085000 +6.13297473e+06 +6.13442729e+06  1.45e+03   1.87e+01     3.37e-03   2027.772s
4086000 +6.13297038e+06 +6.13441326e+06  1.44e+03   1.87e+01     3.36e-03   2028.265s
4087000 +6.13296849e+06 +6.13439561e+06  1.43e+03   1.87e+01     3.37e-03   2028.757s
4088000 +6.13297491e+06 +6.13437925e+06  1.40e+03   1.88e+01     3.37e-03   2029.250s
4089000 +6.13301610e+06 +6.13436014e+06  1.34e+03   1.87e+01     3.36e-03   2029.742s
4090000 +6.13304239e+06 +6.13434551e+06  1.30e+03   1.87e+01     3.36e-03   2030.235s
4091000 +6.13297918e+06 +6.13433189e+06  1.35e+03   1.87e+01     3.34e-03   2030.727s
4092000 +6.13284293e+06 +6.13431416e+06  1.47e+03   1.86e+01     3.34e-03   2031.219s
4093000 +6.13285177e+06 +6.13429402e+06  1.44e+03   1.86e+01     3.34e-03   2031.711s
4094000 +6.13278718e+06 +6.13427870e+06  1.49e+03   1.85e+01     3.33e-03   2032.203s
4095000 +6.13279161e+06 +6.13426191e+06  1.47e+03   1.84e+01     3.32e-03   2032.696s
4096000 +6.13277261e+06 +6.13424552e+06  1.47e+03   1.84e+01     3.31e-03   2033.188s
4097000 +6.13270989e+06 +6.13423025e+06  1.52e+03   1.84e+01     3.31e-03   2033.680s
4098000 +6.13271481e+06 +6.13421136e+06  1.50e+03   1.84e+01     3.31e-03   2034.173s
4099000 +6.13267316e+06 +6.13419810e+06  1.52e+03   1.83e+01     3.31e-03   2034.665s
4100000 +6.13262218e+06 +6.13418372e+06  1.56e+03   1.84e+01     3.30e-03   2035.157s
4101000 +6.13258378e+06 +6.13416820e+06  1.58e+03   1.83e+01     3.30e-03   2035.650s
4102000 +6.13250960e+06 +6.13415373e+06  1.64e+03   1.82e+01     3.29e-03   2036.142s
4103000 +6.13249060e+06 +6.13413657e+06  1.65e+03   1.81e+01     3.27e-03   2036.634s
4104000 +6.13253192e+06 +6.13412210e+06  1.59e+03   1.81e+01     3.27e-03   2037.127s
4105000 +6.13251073e+06 +6.13410627e+06  1.60e+03   1.81e+01     3.27e-03   2037.619s
4106000 +6.13248312e+06 +6.13409595e+06  1.61e+03   1.81e+01     3.26e-03   2038.111s
4107000 +6.13243685e+06 +6.13408309e+06  1.65e+03   1.81e+01     3.26e-03   2038.604s
4108000 +6.13235543e+06 +6.13406817e+06  1.71e+03   1.80e+01     3.25e-03   2039.096s
4109000 +6.13237341e+06 +6.13405335e+06  1.68e+03   1.80e+01     3.26e-03   2039.588s
4110000 +6.13234770e+06 +6.13403610e+06  1.69e+03   1.81e+01     3.26e-03   2040.080s
4111000 +6.13233640e+06 +6.13402027e+06  1.68e+03   1.80e+01     3.25e-03   2040.573s
4112000 +6.13229611e+06 +6.13400861e+06  1.71e+03   1.79e+01     3.24e-03   2041.065s
4113000 +6.13226549e+06 +6.13399029e+06  1.72e+03   1.79e+01     3.24e-03   2041.557s
4114000 +6.13225075e+06 +6.13397674e+06  1.73e+03   1.80e+01     3.24e-03   2042.050s
4115000 +6.13220792e+06 +6.13396361e+06  1.76e+03   1.78e+01     3.22e-03   2042.542s
4116000 +6.13218844e+06 +6.13394890e+06  1.76e+03   1.77e+01     3.22e-03   2043.034s
4117000 +6.13216815e+06 +6.13393609e+06  1.77e+03   1.78e+01     3.22e-03   2043.527s
4118000 +6.13212730e+06 +6.13391965e+06  1.79e+03   1.77e+01     3.21e-03   2044.019s
4119000 +6.13216432e+06 +6.13390632e+06  1.74e+03   1.77e+01     3.21e-03   2044.511s
4120000 +6.13206647e+06 +6.13389132e+06  1.82e+03   1.76e+01     3.20e-03   2045.003s
4121000 +6.13207548e+06 +6.13387441e+06  1.80e+03   1.76e+01     3.20e-03   2045.495s
4122000 +6.13205684e+06 +6.13386224e+06  1.81e+03   1.76e+01     3.19e-03   2045.988s
4123000 +6.13207701e+06 +6.13384908e+06  1.77e+03   1.77e+01     3.20e-03   2046.480s
4124000 +6.13203710e+06 +6.13383478e+06  1.80e+03   1.76e+01     3.19e-03   2046.972s
4125000 +6.13200080e+06 +6.13382392e+06  1.82e+03   1.75e+01     3.19e-03   2047.465s
4126000 +6.13203480e+06 +6.13380924e+06  1.77e+03   1.76e+01     3.19e-03   2047.957s
4127000 +6.13204307e+06 +6.13379378e+06  1.75e+03   1.76e+01     3.19e-03   2048.450s
4128000 +6.13205541e+06 +6.13377959e+06  1.72e+03   1.76e+01     3.19e-03   2048.942s
4129000 +6.13201672e+06 +6.13376266e+06  1.75e+03   1.76e+01     3.19e-03   2049.435s
4130000 +6.13200654e+06 +6.13374588e+06  1.74e+03   1.76e+01     3.18e-03   2049.927s
4131000 +6.13207318e+06 +6.13373170e+06  1.66e+03   1.76e+01     3.19e-03   2050.419s
4132000 +6.13201900e+06 +6.13371534e+06  1.70e+03   1.76e+01     3.18e-03   2050.912s
4133000 +6.13194880e+06 +6.13369948e+06  1.75e+03   1.75e+01     3.17e-03   2051.404s
4134000 +6.13191936e+06 +6.13368739e+06  1.77e+03   1.75e+01     3.16e-03   2051.896s
4135000 +6.13184938e+06 +6.13367264e+06  1.82e+03   1.74e+01     3.16e-03   2052.389s
4136000 +6.13184235e+06 +6.13366020e+06  1.82e+03   1.74e+01     3.16e-03   2052.881s
4137000 +6.13181800e+06 +6.13364577e+06  1.83e+03   1.74e+01     3.15e-03   2053.374s
4138000 +6.13180889e+06 +6.13363024e+06  1.82e+03   1.73e+01     3.14e-03   2053.866s
4139000 +6.13179643e+06 +6.13361768e+06  1.82e+03   1.73e+01     3.14e-03   2054.358s
4140000 +6.13174072e+06 +6.13360502e+06  1.86e+03   1.73e+01     3.14e-03   2054.850s
4141000 +6.13166322e+06 +6.13359486e+06  1.93e+03   1.73e+01     3.13e-03   2055.342s
4142000 +6.13169481e+06 +6.13358103e+06  1.89e+03   1.72e+01     3.13e-03   2055.834s
4143000 +6.13165484e+06 +6.13356795e+06  1.91e+03   1.72e+01     3.12e-03   2056.327s
4144000 +6.13163687e+06 +6.13355389e+06  1.92e+03   1.72e+01     3.12e-03   2056.819s
4145000 +6.13160417e+06 +6.13354107e+06  1.94e+03   1.72e+01     3.12e-03   2057.312s
4146000 +6.13157216e+06 +6.13352738e+06  1.96e+03   1.72e+01     3.11e-03   2057.804s
4147000 +6.13149440e+06 +6.13351490e+06  2.02e+03   1.70e+01     3.09e-03   2058.296s
4148000 +6.13152514e+06 +6.13350157e+06  1.98e+03   1.71e+01     3.10e-03   2058.789s
4149000 +6.13153470e+06 +6.13349034e+06  1.96e+03   1.71e+01     3.10e-03   2059.281s
4150000 +6.13151576e+06 +6.13347885e+06  1.96e+03   1.70e+01     3.10e-03   2059.773s
4151000 +6.13150170e+06 +6.13346622e+06  1.96e+03   1.70e+01     3.09e-03   2060.266s
4152000 +6.13141045e+06 +6.13345014e+06  2.04e+03   1.70e+01     3.09e-03   2060.758s
4153000 +6.13142345e+06 +6.13343575e+06  2.01e+03   1.70e+01     3.08e-03   2061.250s
4154000 +6.13140021e+06 +6.13342035e+06  2.02e+03   1.69e+01     3.07e-03   2061.742s
4155000 +6.13140008e+06 +6.13341023e+06  2.01e+03   1.69e+01     3.07e-03   2062.235s
4156000 +6.13131305e+06 +6.13339939e+06  2.09e+03   1.69e+01     3.05e-03   2062.727s
4157000 +6.13127884e+06 +6.13338578e+06  2.11e+03   1.68e+01     3.05e-03   2063.219s
4158000 +6.13127450e+06 +6.13337575e+06  2.10e+03   1.68e+01     3.05e-03   2063.712s
4159000 +6.13122857e+06 +6.13336290e+06  2.13e+03   1.68e+01     3.04e-03   2064.204s
4160000 +6.13121895e+06 +6.13335188e+06  2.13e+03   1.67e+01     3.03e-03   2064.696s
4161000 +6.13120534e+06 +6.13333935e+06  2.13e+03   1.67e+01     3.04e-03   2065.188s
4162000 +6.13120499e+06 +6.13332334e+06  2.12e+03   1.67e+01     3.04e-03   2065.680s
4163000 +6.13119640e+06 +6.13331058e+06  2.11e+03   1.67e+01     3.03e-03   2066.173s
4164000 +6.13117825e+06 +6.13329441e+06  2.12e+03   1.66e+01     3.02e-03   2066.666s
4165000 +6.13123627e+06 +6.13327782e+06  2.04e+03   1.66e+01     3.02e-03   2067.158s
4166000 +6.13124284e+06 +6.13326369e+06  2.02e+03   1.67e+01     3.02e-03   2067.650s
4167000 +6.13120408e+06 +6.13325072e+06  2.05e+03   1.66e+01     3.01e-03   2068.143s
4168000 +6.13119263e+06 +6.13324077e+06  2.05e+03   1.65e+01     3.01e-03   2068.635s
4169000 +6.13110982e+06 +6.13323076e+06  2.12e+03   1.65e+01     3.01e-03   2069.128s
4170000 +6.13114645e+06 +6.13322021e+06  2.07e+03   1.66e+01     3.01e-03   2069.620s
4171000 +6.13116264e+06 +6.13320943e+06  2.05e+03   1.65e+01     3.01e-03   2070.113s
4172000 +6.13114498e+06 +6.13319518e+06  2.05e+03   1.65e+01     3.00e-03   2070.605s
4173000 +6.13111128e+06 +6.13318257e+06  2.07e+03   1.65e+01     3.00e-03   2071.098s
4174000 +6.13110997e+06 +6.13317030e+06  2.06e+03   1.65e+01     3.00e-03   2071.590s
4175000 +6.13111875e+06 +6.13315467e+06  2.04e+03   1.66e+01     3.00e-03   2072.083s
4176000 +6.13110556e+06 +6.13314165e+06  2.04e+03   1.65e+01     3.00e-03   2072.575s
4177000 +6.13108613e+06 +6.13312778e+06  2.04e+03   1.65e+01     2.99e-03   2073.068s
4178000 +6.13112912e+06 +6.13311387e+06  1.98e+03   1.65e+01     2.99e-03   2073.560s
4179000 +6.13113649e+06 +6.13310171e+06  1.97e+03   1.65e+01     2.99e-03   2074.053s
4180000 +6.13107966e+06 +6.13308990e+06  2.01e+03   1.65e+01     2.99e-03   2074.545s
4181000 +6.13104101e+06 +6.13307769e+06  2.04e+03   1.65e+01     2.99e-03   2075.038s
4182000 +6.13104075e+06 +6.13306506e+06  2.02e+03   1.64e+01     2.99e-03   2075.530s
4183000 +6.13105181e+06 +6.13305229e+06  2.00e+03   1.64e+01     2.98e-03   2076.022s
4184000 +6.13106377e+06 +6.13304013e+06  1.98e+03   1.65e+01     2.98e-03   2076.515s
4185000 +6.13098213e+06 +6.13302507e+06  2.04e+03   1.64e+01     2.97e-03   2077.007s
4186000 +6.13094163e+06 +6.13301419e+06  2.07e+03   1.63e+01     2.95e-03   2077.500s
4187000 +6.13092974e+06 +6.13299869e+06  2.07e+03   1.63e+01     2.96e-03   2077.992s
4188000 +6.13090715e+06 +6.13298757e+06  2.08e+03   1.64e+01     2.97e-03   2078.484s
4189000 +6.13095058e+06 +6.13297211e+06  2.02e+03   1.63e+01     2.96e-03   2078.977s
4190000 +6.13091339e+06 +6.13295856e+06  2.05e+03   1.62e+01     2.95e-03   2079.469s
4191000 +6.13086184e+06 +6.13294537e+06  2.08e+03   1.63e+01     2.97e-03   2079.961s
4192000 +6.13082921e+06 +6.13292693e+06  2.10e+03   1.62e+01     2.95e-03   2080.454s
4193000 +6.13077669e+06 +6.13291423e+06  2.14e+03   1.62e+01     2.94e-03   2080.947s
4194000 +6.13078998e+06 +6.13289807e+06  2.11e+03   1.62e+01     2.95e-03   2081.439s
4195000 +6.13076181e+06 +6.13288355e+06  2.12e+03   1.62e+01     2.95e-03   2081.931s
4196000 +6.13075640e+06 +6.13287330e+06  2.12e+03   1.62e+01     2.95e-03   2082.423s
4197000 +6.13076431e+06 +6.13285867e+06  2.09e+03   1.62e+01     2.95e-03   2082.915s
4198000 +6.13072822e+06 +6.13284986e+06  2.12e+03   1.62e+01     2.95e-03   2083.408s
4199000 +6.13071982e+06 +6.13283876e+06  2.12e+03   1.61e+01     2.94e-03   2083.900s
4200000 +6.13066048e+06 +6.13282866e+06  2.17e+03   1.61e+01     2.94e-03   2084.392s
4201000 +6.13065013e+06 +6.13281826e+06  2.17e+03   1.61e+01     2.94e-03   2084.885s
4202000 +6.13065605e+06 +6.13280575e+06  2.15e+03   1.61e+01     2.94e-03   2085.377s
4203000 +6.13063090e+06 +6.13279164e+06  2.16e+03   1.61e+01     2.94e-03   2085.869s
4204000 +6.13063484e+06 +6.13277918e+06  2.14e+03   1.61e+01     2.94e-03   2086.362s
4205000 +6.13061678e+06 +6.13276557e+06  2.15e+03   1.61e+01     2.94e-03   2086.854s
4206000 +6.13061371e+06 +6.13275327e+06  2.14e+03   1.62e+01     2.95e-03   2087.347s
4207000 +6.13055413e+06 +6.13274033e+06  2.19e+03   1.62e+01     2.94e-03   2087.839s
4208000 +6.13049846e+06 +6.13272576e+06  2.23e+03   1.62e+01     2.94e-03   2088.331s
4209000 +6.13047339e+06 +6.13271128e+06  2.24e+03   1.61e+01     2.94e-03   2088.823s
4210000 +6.13047223e+06 +6.13270022e+06  2.23e+03   1.61e+01     2.94e-03   2089.315s
4211000 +6.13045561e+06 +6.13268888e+06  2.23e+03   1.60e+01     2.93e-03   2089.808s
4212000 +6.13043818e+06 +6.13267962e+06  2.24e+03   1.60e+01     2.92e-03   2090.301s
4213000 +6.13041423e+06 +6.13266967e+06  2.26e+03   1.60e+01     2.93e-03   2090.793s
4214000 +6.13039084e+06 +6.13265838e+06  2.27e+03   1.61e+01     2.94e-03   2091.286s
4215000 +6.13036707e+06 +6.13264734e+06  2.28e+03   1.61e+01     2.93e-03   2091.778s
4216000 +6.13036913e+06 +6.13263649e+06  2.27e+03   1.61e+01     2.93e-03   2092.270s
4217000 +6.13033952e+06 +6.13262513e+06  2.29e+03   1.61e+01     2.93e-03   2092.763s
4218000 +6.13030249e+06 +6.13261503e+06  2.31e+03   1.60e+01     2.93e-03   2093.255s
4219000 +6.13035187e+06 +6.13260270e+06  2.25e+03   1.60e+01     2.93e-03   2093.747s
4220000 +6.13037211e+06 +6.13259542e+06  2.22e+03   1.60e+01     2.94e-03   2094.239s
4221000 +6.13037846e+06 +6.13258413e+06  2.21e+03   1.61e+01     2.95e-03   2094.731s
4222000 +6.13030434e+06 +6.13257362e+06  2.27e+03   1.61e+01     2.94e-03   2095.223s
4223000 +6.13026682e+06 +6.13256317e+06  2.30e+03   1.60e+01     2.94e-03   2095.716s
4224000 +6.13022884e+06 +6.13255296e+06  2.32e+03   1.61e+01     2.94e-03   2096.208s
4225000 +6.13021983e+06 +6.13254564e+06  2.33e+03   1.61e+01     2.94e-03   2096.700s
4226000 +6.13016136e+06 +6.13253301e+06  2.37e+03   1.61e+01     2.94e-03   2097.193s
4227000 +6.13010575e+06 +6.13252297e+06  2.42e+03   1.61e+01     2.94e-03   2097.685s
4228000 +6.13010230e+06 +6.13251234e+06  2.41e+03   1.60e+01     2.94e-03   2098.177s
4229000 +6.13010928e+06 +6.13249961e+06  2.39e+03   1.61e+01     2.95e-03   2098.670s
4230000 +6.13013745e+06 +6.13248808e+06  2.35e+03   1.61e+01     2.96e-03   2099.162s
4231000 +6.13013479e+06 +6.13247593e+06  2.34e+03   1.60e+01     2.95e-03   2099.655s
4232000 +6.13010730e+06 +6.13246294e+06  2.36e+03   1.60e+01     2.95e-03   2100.147s
4233000 +6.13004369e+06 +6.13245234e+06  2.41e+03   1.60e+01     2.94e-03   2100.639s
4234000 +6.13000331e+06 +6.13243650e+06  2.43e+03   1.60e+01     2.94e-03   2101.132s
4235000 +6.12996347e+06 +6.13242226e+06  2.46e+03   1.60e+01     2.94e-03   2101.624s
4236000 +6.12995125e+06 +6.13240917e+06  2.46e+03   1.61e+01     2.95e-03   2102.116s
4237000 +6.12991657e+06 +6.13239573e+06  2.48e+03   1.60e+01     2.94e-03   2102.609s
4238000 +6.12991481e+06 +6.13238577e+06  2.47e+03   1.60e+01     2.94e-03   2103.101s
4239000 +6.12992352e+06 +6.13237438e+06  2.45e+03   1.60e+01     2.93e-03   2103.593s
4240000 +6.12986174e+06 +6.13236246e+06  2.50e+03   1.60e+01     2.93e-03   2104.086s
4241000 +6.12990685e+06 +6.13235254e+06  2.45e+03   1.60e+01     2.93e-03   2104.578s
4242000 +6.12986061e+06 +6.13233967e+06  2.48e+03   1.60e+01     2.93e-03   2105.071s
4243000 +6.12982347e+06 +6.13232501e+06  2.50e+03   1.60e+01     2.92e-03   2105.563s
4244000 +6.12983646e+06 +6.13231274e+06  2.48e+03   1.59e+01     2.92e-03   2106.055s
4245000 +6.12982729e+06 +6.13229970e+06  2.47e+03   1.59e+01     2.91e-03   2106.548s
4246000 +6.12980132e+06 +6.13229010e+06  2.49e+03   1.59e+01     2.92e-03   2107.040s
4247000 +6.12975078e+06 +6.13227961e+06  2.53e+03   1.59e+01     2.92e-03   2107.532s
4248000 +6.12976283e+06 +6.13227030e+06  2.51e+03   1.59e+01     2.93e-03   2108.024s
4249000 +6.12975371e+06 +6.13225967e+06  2.51e+03   1.59e+01     2.92e-03   2108.516s
4250000 +6.12969702e+06 +6.13224983e+06  2.55e+03   1.58e+01     2.92e-03   2109.009s
4251000 +6.12967211e+06 +6.13224115e+06  2.57e+03   1.58e+01     2.91e-03   2109.502s
4252000 +6.12965953e+06 +6.13222933e+06  2.57e+03   1.59e+01     2.92e-03   2109.994s
4253000 +6.12961897e+06 +6.13221758e+06  2.60e+03   1.59e+01     2.92e-03   2110.486s
4254000 +6.12964686e+06 +6.13220815e+06  2.56e+03   1.58e+01     2.91e-03   2110.978s
4255000 +6.12960355e+06 +6.13219453e+06  2.59e+03   1.59e+01     2.91e-03   2111.471s
4256000 +6.12962022e+06 +6.13218481e+06  2.56e+03   1.59e+01     2.92e-03   2111.964s
4257000 +6.12959593e+06 +6.13217378e+06  2.58e+03   1.60e+01     2.93e-03   2112.456s
4258000 +6.12954073e+06 +6.13216296e+06  2.62e+03   1.59e+01     2.92e-03   2112.948s
4259000 +6.12957648e+06 +6.13215267e+06  2.58e+03   1.60e+01     2.92e-03   2113.441s
4260000 +6.12952712e+06 +6.13214053e+06  2.61e+03   1.59e+01     2.91e-03   2113.933s
4261000 +6.12948188e+06 +6.13213313e+06  2.65e+03   1.59e+01     2.91e-03   2114.425s
4262000 +6.12944750e+06 +6.13212155e+06  2.67e+03   1.59e+01     2.91e-03   2114.917s
4263000 +6.12947606e+06 +6.13211226e+06  2.64e+03   1.59e+01     2.92e-03   2115.409s
4264000 +6.12944912e+06 +6.13210244e+06  2.65e+03   1.59e+01     2.91e-03   2115.901s
4265000 +6.12939755e+06 +6.13209240e+06  2.69e+03   1.59e+01     2.91e-03   2116.394s
4266000 +6.12940605e+06 +6.13207889e+06  2.67e+03   1.59e+01     2.92e-03   2116.886s
4267000 +6.12938207e+06 +6.13206625e+06  2.68e+03   1.60e+01     2.92e-03   2117.378s
4268000 +6.12931219e+06 +6.13205720e+06  2.75e+03   1.60e+01     2.91e-03   2117.871s
4269000 +6.12929935e+06 +6.13204838e+06  2.75e+03   1.60e+01     2.91e-03   2118.363s
4270000 +6.12932299e+06 +6.13203819e+06  2.72e+03   1.60e+01     2.91e-03   2118.855s
4271000 +6.12932583e+06 +6.13202836e+06  2.70e+03   1.60e+01     2.92e-03   2119.348s
4272000 +6.12928319e+06 +6.13201978e+06  2.74e+03   1.60e+01     2.92e-03   2119.840s
4273000 +6.12927816e+06 +6.13201009e+06  2.73e+03   1.60e+01     2.92e-03   2120.332s
4274000 +6.12926860e+06 +6.13200053e+06  2.73e+03   1.59e+01     2.94e-03   2120.825s
4275000 +6.12929817e+06 +6.13199171e+06  2.69e+03   1.59e+01     2.93e-03   2121.316s
4276000 +6.12926136e+06 +6.13198140e+06  2.72e+03   1.59e+01     2.93e-03   2121.809s
4277000 +6.12925384e+06 +6.13197229e+06  2.72e+03   1.59e+01     2.93e-03   2122.301s
4278000 +6.12920460e+06 +6.13196499e+06  2.76e+03   1.59e+01     2.92e-03   2122.793s
4279000 +6.12916566e+06 +6.13195447e+06  2.79e+03   1.58e+01     2.91e-03   2123.285s
4280000 +6.12915074e+06 +6.13194582e+06  2.80e+03   1.58e+01     2.91e-03   2123.777s
4281000 +6.12912098e+06 +6.13193453e+06  2.81e+03   1.59e+01     2.91e-03   2124.270s
4282000 +6.12911586e+06 +6.13192377e+06  2.81e+03   1.58e+01     2.91e-03   2124.762s
4283000 +6.12907934e+06 +6.13191533e+06  2.84e+03   1.58e+01     2.91e-03   2125.254s
4284000 +6.12906734e+06 +6.13190343e+06  2.84e+03   1.58e+01     2.91e-03   2125.747s
4285000 +6.12905595e+06 +6.13189429e+06  2.84e+03   1.58e+01     2.91e-03   2126.239s
4286000 +6.12903905e+06 +6.13188369e+06  2.84e+03   1.58e+01     2.91e-03   2126.731s
4287000 +6.12905296e+06 +6.13187340e+06  2.82e+03   1.59e+01     2.91e-03   2127.224s
4288000 +6.12903077e+06 +6.13186342e+06  2.83e+03   1.58e+01     2.92e-03   2127.716s
4289000 +6.12900947e+06 +6.13185125e+06  2.84e+03   1.59e+01     2.92e-03   2128.209s
4290000 +6.12895706e+06 +6.13184184e+06  2.88e+03   1.59e+01     2.91e-03   2128.701s
4291000 +6.12898511e+06 +6.13183203e+06  2.85e+03   1.59e+01     2.93e-03   2129.193s
4292000 +6.12896979e+06 +6.13182111e+06  2.85e+03   1.59e+01     2.93e-03   2129.685s
4293000 +6.12899729e+06 +6.13181165e+06  2.81e+03   1.59e+01     2.92e-03   2130.177s
4294000 +6.12891457e+06 +6.13180381e+06  2.89e+03   1.59e+01     2.92e-03   2130.669s
4295000 +6.12895284e+06 +6.13179315e+06  2.84e+03   1.59e+01     2.92e-03   2131.162s
4296000 +6.12891400e+06 +6.13178481e+06  2.87e+03   1.59e+01     2.92e-03   2131.654s
4297000 +6.12888070e+06 +6.13177698e+06  2.90e+03   1.59e+01     2.92e-03   2132.148s
4298000 +6.12891692e+06 +6.13176716e+06  2.85e+03   1.58e+01     2.92e-03   2132.639s
4299000 +6.12892585e+06 +6.13175908e+06  2.83e+03   1.58e+01     2.92e-03   2133.132s
4300000 +6.12892496e+06 +6.13174711e+06  2.82e+03   1.58e+01     2.91e-03   2133.624s
4301000 +6.12886651e+06 +6.13173871e+06  2.87e+03   1.58e+01     2.91e-03   2134.116s
4302000 +6.12889649e+06 +6.13172955e+06  2.83e+03   1.58e+01     2.91e-03   2134.609s
4303000 +6.12886203e+06 +6.13171918e+06  2.86e+03   1.58e+01     2.91e-03   2135.101s
4304000 +6.12883550e+06 +6.13171001e+06  2.87e+03   1.58e+01     2.91e-03   2135.593s
4305000 +6.12884468e+06 +6.13169762e+06  2.85e+03   1.58e+01     2.90e-03   2136.086s
4306000 +6.12880177e+06 +6.13168774e+06  2.89e+03   1.58e+01     2.90e-03   2136.579s
4307000 +6.12878629e+06 +6.13167559e+06  2.89e+03   1.58e+01     2.90e-03   2137.071s
4308000 +6.12874799e+06 +6.13166641e+06  2.92e+03   1.58e+01     2.89e-03   2137.564s
4309000 +6.12875650e+06 +6.13165738e+06  2.90e+03   1.58e+01     2.90e-03   2138.056s
4310000 +6.12872943e+06 +6.13164808e+06  2.92e+03   1.58e+01     2.90e-03   2138.549s
4311000 +6.12870050e+06 +6.13163963e+06  2.94e+03   1.58e+01     2.90e-03   2139.041s
4312000 +6.12865079e+06 +6.13162955e+06  2.98e+03   1.58e+01     2.89e-03   2139.534s
4313000 +6.12864041e+06 +6.13161940e+06  2.98e+03   1.58e+01     2.89e-03   2140.027s
4314000 +6.12868811e+06 +6.13160787e+06  2.92e+03   1.58e+01     2.90e-03   2140.518s
4315000 +6.12866674e+06 +6.13159965e+06  2.93e+03   1.58e+01     2.90e-03   2141.011s
4316000 +6.12865092e+06 +6.13158963e+06  2.94e+03   1.58e+01     2.89e-03   2141.503s
4317000 +6.12862286e+06 +6.13158056e+06  2.96e+03   1.58e+01     2.90e-03   2141.996s
4318000 +6.12858834e+06 +6.13157135e+06  2.98e+03   1.58e+01     2.90e-03   2142.489s
4319000 +6.12856747e+06 +6.13155944e+06  2.99e+03   1.58e+01     2.89e-03   2142.981s
4320000 +6.12857523e+06 +6.13154778e+06  2.97e+03   1.58e+01     2.89e-03   2143.473s
4321000 +6.12857220e+06 +6.13153755e+06  2.97e+03   1.58e+01     2.90e-03   2143.966s
4322000 +6.12855987e+06 +6.13152583e+06  2.97e+03   1.58e+01     2.89e-03   2144.458s
4323000 +6.12852654e+06 +6.13151687e+06  2.99e+03   1.58e+01     2.88e-03   2144.951s
4324000 +6.12850051e+06 +6.13150662e+06  3.01e+03   1.58e+01     2.89e-03   2145.443s
4325000 +6.12845010e+06 +6.13149904e+06  3.05e+03   1.58e+01     2.89e-03   2145.935s
4326000 +6.12842000e+06 +6.13149198e+06  3.07e+03   1.58e+01     2.88e-03   2146.427s
4327000 +6.12843358e+06 +6.13148337e+06  3.05e+03   1.59e+01     2.89e-03   2146.920s
4328000 +6.12836244e+06 +6.13147633e+06  3.11e+03   1.58e+01     2.89e-03   2147.412s
4329000 +6.12833744e+06 +6.13146816e+06  3.13e+03   1.57e+01     2.88e-03   2147.904s
4330000 +6.12833503e+06 +6.13145907e+06  3.12e+03   1.58e+01     2.88e-03   2148.397s
4331000 +6.12832698e+06 +6.13145101e+06  3.12e+03   1.58e+01     2.88e-03   2148.890s
4332000 +6.12827670e+06 +6.13144071e+06  3.16e+03   1.57e+01     2.87e-03   2149.382s
4333000 +6.12822966e+06 +6.13143018e+06  3.20e+03   1.57e+01     2.87e-03   2149.875s
4334000 +6.12822625e+06 +6.13142038e+06  3.19e+03   1.58e+01     2.87e-03   2150.367s
4335000 +6.12821541e+06 +6.13141050e+06  3.20e+03   1.58e+01     2.87e-03   2150.860s
4336000 +6.12775672e+06 +6.13119897e+06  3.44e+03   1.54e+01     1.77e-03   2151.352s
4337000 +6.12772336e+06 +6.13117143e+06  3.45e+03   1.55e+01     1.76e-03   2151.844s
4338000 +6.12771772e+06 +6.13114412e+06  3.43e+03   1.57e+01     1.76e-03   2152.335s
4339000 +6.12771474e+06 +6.13112016e+06  3.41e+03   1.58e+01     1.77e-03   2152.827s
4340000 +6.12772749e+06 +6.13109505e+06  3.37e+03   1.60e+01     1.77e-03   2153.318s
4341000 +6.12772081e+06 +6.13107309e+06  3.35e+03   1.62e+01     1.77e-03   2153.810s
4342000 +6.12772668e+06 +6.13105251e+06  3.33e+03   1.63e+01     1.77e-03   2154.301s
4343000 +6.12775598e+06 +6.13103440e+06  3.28e+03   1.64e+01     1.77e-03   2154.793s
4344000 +6.12774802e+06 +6.13101460e+06  3.27e+03   1.66e+01     1.78e-03   2155.284s
4345000 +6.12774935e+06 +6.13099030e+06  3.24e+03   1.67e+01     1.78e-03   2155.776s
4346000 +6.12777653e+06 +6.13097022e+06  3.19e+03   1.69e+01     1.78e-03   2156.267s
4347000 +6.12779130e+06 +6.13095058e+06  3.16e+03   1.70e+01     1.79e-03   2156.759s
4348000 +6.12780308e+06 +6.13093120e+06  3.13e+03   1.72e+01     1.79e-03   2157.250s
4349000 +6.12780978e+06 +6.13091137e+06  3.10e+03   1.73e+01     1.79e-03   2157.742s
4350000 +6.12783187e+06 +6.13089101e+06  3.06e+03   1.75e+01     1.79e-03   2158.233s
4351000 +6.12786976e+06 +6.13087076e+06  3.00e+03   1.76e+01     1.80e-03   2158.725s
4352000 +6.12791240e+06 +6.13084941e+06  2.94e+03   1.78e+01     1.80e-03   2159.217s
4353000 +6.12796430e+06 +6.13082933e+06  2.87e+03   1.80e+01     1.81e-03   2159.708s
4354000 +6.12795804e+06 +6.13080855e+06  2.85e+03   1.82e+01     1.81e-03   2160.200s
4355000 +6.12797490e+06 +6.13078708e+06  2.81e+03   1.84e+01     1.82e-03   2160.692s
4356000 +6.12798118e+06 +6.13076666e+06  2.79e+03   1.85e+01     1.83e-03   2161.183s
4357000 +6.12796460e+06 +6.13074338e+06  2.78e+03   1.86e+01     1.83e-03   2161.675s
4358000 +6.12795696e+06 +6.13072100e+06  2.76e+03   1.87e+01     1.83e-03   2162.167s
4359000 +6.12803692e+06 +6.13069810e+06  2.66e+03   1.89e+01     1.84e-03   2162.658s
4360000 +6.12804786e+06 +6.13067661e+06  2.63e+03   1.91e+01     1.84e-03   2163.150s
4361000 +6.12808036e+06 +6.13065581e+06  2.58e+03   1.92e+01     1.85e-03   2163.642s
4362000 +6.12805322e+06 +6.13063585e+06  2.58e+03   1.94e+01     1.85e-03   2164.133s
4363000 +6.12804073e+06 +6.13061293e+06  2.57e+03   1.94e+01     1.85e-03   2164.625s
4364000 +6.12804450e+06 +6.13059237e+06  2.55e+03   1.96e+01     1.85e-03   2165.117s
4365000 +6.12813157e+06 +6.13056993e+06  2.44e+03   1.97e+01     1.86e-03   2165.609s
4366000 +6.12815731e+06 +6.13054750e+06  2.39e+03   1.99e+01     1.87e-03   2166.100s
4367000 +6.12823342e+06 +6.13052250e+06  2.29e+03   2.01e+01     1.87e-03   2166.592s
4368000 +6.12823203e+06 +6.13049964e+06  2.27e+03   2.02e+01     1.88e-03   2167.083s
4369000 +6.12822831e+06 +6.13047552e+06  2.25e+03   2.04e+01     1.88e-03   2167.575s
4370000 +6.12818827e+06 +6.13045282e+06  2.26e+03   2.04e+01     1.88e-03   2168.067s
4371000 +6.12820543e+06 +6.13042811e+06  2.22e+03   2.05e+01     1.89e-03   2168.558s
4372000 +6.12818884e+06 +6.13040638e+06  2.22e+03   2.06e+01     1.89e-03   2169.050s
4373000 +6.12818269e+06 +6.13038418e+06  2.20e+03   2.08e+01     1.90e-03   2169.542s
4374000 +6.12821329e+06 +6.13035980e+06  2.15e+03   2.09e+01     1.90e-03   2170.033s
4375000 +6.12819317e+06 +6.13033798e+06  2.14e+03   2.10e+01     1.90e-03   2170.525s
4376000 +6.12822980e+06 +6.13031447e+06  2.08e+03   2.11e+01     1.91e-03   2171.017s
4377000 +6.12823194e+06 +6.13029039e+06  2.06e+03   2.13e+01     1.91e-03   2171.508s
4378000 +6.12817133e+06 +6.13026695e+06  2.10e+03   2.14e+01     1.91e-03   2172.000s
4379000 +6.12815898e+06 +6.13024297e+06  2.08e+03   2.15e+01     1.92e-03   2172.492s
4380000 +6.12815812e+06 +6.13022042e+06  2.06e+03   2.16e+01     1.93e-03   2172.983s
4381000 +6.12821265e+06 +6.13019521e+06  1.98e+03   2.18e+01     1.94e-03   2173.475s
4382000 +6.12811081e+06 +6.13016740e+06  2.06e+03   2.18e+01     1.93e-03   2173.967s
4383000 +6.12815672e+06 +6.13014520e+06  1.99e+03   2.19e+01     1.94e-03   2174.458s
4384000 +6.12821569e+06 +6.13011945e+06  1.90e+03   2.20e+01     1.94e-03   2174.950s
4385000 +6.12822870e+06 +6.13009533e+06  1.87e+03   2.22e+01     1.95e-03   2175.441s
4386000 +6.12818690e+06 +6.13007058e+06  1.88e+03   2.22e+01     1.95e-03   2175.933s
4387000 +6.12813595e+06 +6.13004883e+06  1.91e+03   2.24e+01     1.96e-03   2176.425s
4388000 +6.12811060e+06 +6.13002636e+06  1.92e+03   2.24e+01     1.95e-03   2176.917s
4389000 +6.12808263e+06 +6.13000327e+06  1.92e+03   2.25e+01     1.96e-03   2177.409s
4390000 +6.12810708e+06 +6.12998362e+06  1.88e+03   2.27e+01     1.97e-03   2177.900s
4391000 +6.12815922e+06 +6.12996093e+06  1.80e+03   2.29e+01     1.97e-03   2178.392s
4392000 +6.12812400e+06 +6.12993804e+06  1.81e+03   2.29e+01     1.97e-03   2178.884s
4393000 +6.12814546e+06 +6.12991422e+06  1.77e+03   2.29e+01     1.97e-03   2179.375s
4394000 +6.12812950e+06 +6.12989231e+06  1.76e+03   2.30e+01     1.98e-03   2179.867s
4395000 +6.12808488e+06 +6.12986916e+06  1.78e+03   2.31e+01     1.98e-03   2180.359s
4396000 +6.12808285e+06 +6.12984529e+06  1.76e+03   2.31e+01     1.98e-03   2180.851s
4397000 +6.12810057e+06 +6.12982393e+06  1.72e+03   2.31e+01     1.98e-03   2181.343s
4398000 +6.12807547e+06 +6.12980193e+06  1.73e+03   2.32e+01     1.98e-03   2181.834s
4399000 +6.12805101e+06 +6.12977672e+06  1.73e+03   2.33e+01     1.98e-03   2182.326s
4400000 +6.12803751e+06 +6.12975280e+06  1.72e+03   2.34e+01     1.99e-03   2182.818s
4401000 +6.12805243e+06 +6.12973017e+06  1.68e+03   2.35e+01     1.99e-03   2183.310s
4402000 +6.12795377e+06 +6.12970654e+06  1.75e+03   2.34e+01     1.99e-03   2183.802s
4403000 +6.12800051e+06 +6.12968222e+06  1.68e+03   2.34e+01     1.99e-03   2184.293s
4404000 +6.12796406e+06 +6.12965806e+06  1.69e+03   2.35e+01     1.99e-03   2184.785s
4405000 +6.12803936e+06 +6.12963450e+06  1.60e+03   2.37e+01     2.00e-03   2185.277s
4406000 +6.12807690e+06 +6.12961032e+06  1.53e+03   2.38e+01     2.01e-03   2185.769s
4407000 +6.12804040e+06 +6.12958792e+06  1.55e+03   2.38e+01     2.01e-03   2186.261s
4408000 +6.12805076e+06 +6.12956286e+06  1.51e+03   2.39e+01     2.01e-03   2186.752s
4409000 +6.12797335e+06 +6.12954030e+06  1.57e+03   2.40e+01     2.02e-03   2187.244s
4410000 +6.12798731e+06 +6.12951766e+06  1.53e+03   2.42e+01     2.02e-03   2187.736s
4411000 +6.12794106e+06 +6.12949569e+06  1.55e+03   2.42e+01     2.02e-03   2188.228s
4412000 +6.12795569e+06 +6.12947433e+06  1.52e+03   2.43e+01     2.02e-03   2188.720s
4413000 +6.12788366e+06 +6.12945167e+06  1.57e+03   2.44e+01     2.02e-03   2189.212s
4414000 +6.12785598e+06 +6.12943125e+06  1.58e+03   2.44e+01     2.02e-03   2189.704s
4415000 +6.12780339e+06 +6.12940809e+06  1.60e+03   2.44e+01     2.02e-03   2190.196s
4416000 +6.12782351e+06 +6.12938607e+06  1.56e+03   2.45e+01     2.03e-03   2190.688s
4417000 +6.12769300e+06 +6.12936301e+06  1.67e+03   2.44e+01     2.02e-03   2191.179s
4418000 +6.12773607e+06 +6.12934242e+06  1.61e+03   2.45e+01     2.02e-03   2191.671s
4419000 +6.12780100e+06 +6.12931648e+06  1.52e+03   2.46e+01     2.03e-03   2192.163s
4420000 +6.12782016e+06 +6.12928874e+06  1.47e+03   2.48e+01     2.04e-03   2192.655s
4421000 +6.12774276e+06 +6.12926624e+06  1.52e+03   2.48e+01     2.04e-03   2193.147s
4422000 +6.12777842e+06 +6.12924321e+06  1.46e+03   2.49e+01     2.04e-03   2193.638s
4423000 +6.12773588e+06 +6.12922114e+06  1.49e+03   2.50e+01     2.05e-03   2194.130s
4424000 +6.12768494e+06 +6.12920172e+06  1.52e+03   2.50e+01     2.05e-03   2194.622s
4425000 +6.12764897e+06 +6.12918241e+06  1.53e+03   2.50e+01     2.05e-03   2195.114s
4426000 +6.12770839e+06 +6.12916210e+06  1.45e+03   2.52e+01     2.05e-03   2195.606s
4427000 +6.12766608e+06 +6.12914094e+06  1.47e+03   2.52e+01     2.05e-03   2196.098s
4428000 +6.12766961e+06 +6.12912040e+06  1.45e+03   2.53e+01     2.06e-03   2196.590s
4429000 +6.12767122e+06 +6.12909639e+06  1.43e+03   2.52e+01     2.05e-03   2197.081s
4430000 +6.12768566e+06 +6.12907428e+06  1.39e+03   2.53e+01     2.05e-03   2197.573s
4431000 +6.12756439e+06 +6.12905169e+06  1.49e+03   2.53e+01     2.06e-03   2198.065s
4432000 +6.12762473e+06 +6.12902852e+06  1.40e+03   2.54e+01     2.07e-03   2198.557s
4433000 +6.12761895e+06 +6.12900520e+06  1.39e+03   2.55e+01     2.06e-03   2199.049s
4434000 +6.12752364e+06 +6.12898130e+06  1.46e+03   2.54e+01     2.06e-03   2199.540s
4435000 +6.12751217e+06 +6.12895884e+06  1.45e+03   2.54e+01     2.07e-03   2200.032s
4436000 +6.12756320e+06 +6.12893858e+06  1.38e+03   2.55e+01     2.07e-03   2200.524s
4437000 +6.12748796e+06 +6.12891685e+06  1.43e+03   2.55e+01     2.06e-03   2201.016s
4438000 +6.12748544e+06 +6.12889552e+06  1.41e+03   2.55e+01     2.07e-03   2201.508s
4439000 +6.12737368e+06 +6.12887293e+06  1.50e+03   2.55e+01     2.07e-03   2201.999s
4440000 +6.12736457e+06 +6.12885225e+06  1.49e+03   2.56e+01     2.07e-03   2202.491s
4441000 +6.12732612e+06 +6.12882848e+06  1.50e+03   2.57e+01     2.07e-03   2202.983s
4442000 +6.12725362e+06 +6.12880837e+06  1.55e+03   2.56e+01     2.06e-03   2203.474s
4443000 +6.12726218e+06 +6.12878604e+06  1.52e+03   2.56e+01     2.07e-03   2203.967s
4444000 +6.12719738e+06 +6.12876518e+06  1.57e+03   2.56e+01     2.07e-03   2204.458s
4445000 +6.12724953e+06 +6.12874480e+06  1.50e+03   2.58e+01     2.08e-03   2204.950s
4446000 +6.12725590e+06 +6.12872411e+06  1.47e+03   2.58e+01     2.07e-03   2205.442s
4447000 +6.12732702e+06 +6.12870638e+06  1.38e+03   2.58e+01     2.07e-03   2205.934s
4448000 +6.12724696e+06 +6.12868382e+06  1.44e+03   2.58e+01     2.07e-03   2206.426s
4449000 +6.12730628e+06 +6.12866227e+06  1.36e+03   2.59e+01     2.07e-03   2206.918s
4450000 +6.12731637e+06 +6.12864054e+06  1.32e+03   2.60e+01     2.08e-03   2207.410s
4451000 +6.12729361e+06 +6.12861938e+06  1.33e+03   2.59e+01     2.08e-03   2207.902s
4452000 +6.12728260e+06 +6.12859790e+06  1.32e+03   2.60e+01     2.08e-03   2208.394s
4453000 +6.12724391e+06 +6.12857769e+06  1.33e+03   2.60e+01     2.07e-03   2208.886s
4454000 +6.12719960e+06 +6.12855594e+06  1.36e+03   2.60e+01     2.07e-03   2209.378s
4455000 +6.12720813e+06 +6.12853565e+06  1.33e+03   2.60e+01     2.08e-03   2209.870s
4456000 +6.12719766e+06 +6.12851550e+06  1.32e+03   2.61e+01     2.08e-03   2210.361s
4457000 +6.12717458e+06 +6.12849289e+06  1.32e+03   2.61e+01     2.07e-03   2210.853s
4458000 +6.12715223e+06 +6.12847111e+06  1.32e+03   2.60e+01     2.08e-03   2211.345s
4459000 +6.12712339e+06 +6.12845096e+06  1.33e+03   2.61e+01     2.08e-03   2211.837s
4460000 +6.12714984e+06 +6.12843230e+06  1.28e+03   2.62e+01     2.08e-03   2212.329s
4461000 +6.12719164e+06 +6.12841249e+06  1.22e+03   2.63e+01     2.09e-03   2212.821s
4462000 +6.12717117e+06 +6.12839210e+06  1.22e+03   2.62e+01     2.08e-03   2213.313s
4463000 +6.12712694e+06 +6.12837174e+06  1.24e+03   2.62e+01     2.08e-03   2213.805s
4464000 +6.12711753e+06 +6.12835186e+06  1.23e+03   2.64e+01     2.09e-03   2214.296s
4465000 +6.12710469e+06 +6.12833313e+06  1.23e+03   2.63e+01     2.09e-03   2214.789s
4466000 +6.12709139e+06 +6.12831320e+06  1.22e+03   2.64e+01     2.09e-03   2215.280s
4467000 +6.12706637e+06 +6.12829472e+06  1.23e+03   2.64e+01     2.08e-03   2215.772s
4468000 +6.12706780e+06 +6.12827478e+06  1.21e+03   2.64e+01     2.09e-03   2216.264s
4469000 +6.12707823e+06 +6.12825525e+06  1.18e+03   2.65e+01     2.09e-03   2216.756s
4470000 +6.12710322e+06 +6.12823211e+06  1.13e+03   2.65e+01     2.10e-03   2217.248s
4471000 +6.12708634e+06 +6.12821223e+06  1.13e+03   2.65e+01     2.09e-03   2217.740s
4472000 +6.12708519e+06 +6.12819180e+06  1.11e+03   2.66e+01     2.09e-03   2218.232s
4473000 +6.12713247e+06 +6.12817223e+06  1.04e+03   2.64e+01     2.08e-03   2218.724s
4474000 +6.12703856e+06 +6.12815226e+06  1.11e+03   2.62e+01     2.07e-03   2219.215s
4475000 +6.12703522e+06 +6.12813421e+06  1.10e+03   2.62e+01     2.07e-03   2219.708s
4476000 +6.12703965e+06 +6.12811668e+06  1.08e+03   2.62e+01     2.07e-03   2220.199s
4477000 +6.12706822e+06 +6.12809962e+06  1.03e+03   2.63e+01     2.07e-03   2220.691s
4478000 +6.12701038e+06 +6.12807992e+06  1.07e+03   2.63e+01     2.07e-03   2221.183s
4479000 +6.12700711e+06 +6.12806088e+06  1.05e+03   2.63e+01     2.06e-03   2221.675s
4480000 +6.12698427e+06 +6.12804354e+06  1.06e+03   2.62e+01     2.07e-03   2222.167s
4481000 +6.12707338e+06 +6.12802449e+06  9.51e+02   2.64e+01     2.07e-03   2222.658s
4482000 +6.12703967e+06 +6.12800585e+06  9.66e+02   2.63e+01     2.07e-03   2223.151s
4483000 +6.12705074e+06 +6.12798626e+06  9.36e+02   2.64e+01     2.07e-03   2223.642s
4484000 +6.12700396e+06 +6.12796659e+06  9.63e+02   2.64e+01     2.07e-03   2224.134s
4485000 +6.12700221e+06 +6.12794903e+06  9.47e+02   2.65e+01     2.07e-03   2224.626s
4486000 +6.12698627e+06 +6.12792976e+06  9.43e+02   2.64e+01     2.07e-03   2225.118s
4487000 +6.12689090e+06 +6.12791212e+06  1.02e+03   2.64e+01     2.07e-03   2225.610s
4488000 +6.12689619e+06 +6.12789396e+06  9.98e+02   2.65e+01     2.07e-03   2226.102s
4489000 +6.12679344e+06 +6.12787563e+06  1.08e+03   2.64e+01     2.07e-03   2226.594s
4490000 +6.12682851e+06 +6.12785534e+06  1.03e+03   2.63e+01     2.07e-03   2227.086s
4491000 +6.12681677e+06 +6.12783601e+06  1.02e+03   2.64e+01     2.06e-03   2227.578s
4492000 +6.12683919e+06 +6.12781681e+06  9.78e+02   2.65e+01     2.06e-03   2228.070s
4493000 +6.12669421e+06 +6.12779762e+06  1.10e+03   2.63e+01     2.06e-03   2228.562s
4494000 +6.12673340e+06 +6.12777827e+06  1.04e+03   2.64e+01     2.06e-03   2229.054s
4495000 +6.12669521e+06 +6.12776059e+06  1.07e+03   2.65e+01     2.06e-03   2229.546s
4496000 +6.12673392e+06 +6.12774256e+06  1.01e+03   2.64e+01     2.06e-03   2230.037s
4497000 +6.12669132e+06 +6.12772624e+06  1.03e+03   2.63e+01     2.05e-03   2230.530s
4498000 +6.12664084e+06 +6.12770773e+06  1.07e+03   2.63e+01     2.05e-03   2231.021s
4499000 +6.12662145e+06 +6.12768777e+06  1.07e+03   2.64e+01     2.05e-03   2231.513s
4500000 +6.12660470e+06 +6.12767174e+06  1.07e+03   2.63e+01     2.05e-03   2232.005s
4501000 +6.12658559e+06 +6.12765499e+06  1.07e+03   2.63e+01     2.04e-03   2232.497s
4502000 +6.12665265e+06 +6.12763900e+06  9.86e+02   2.64e+01     2.05e-03   2232.989s
4503000 +6.12662107e+06 +6.12762153e+06  1.00e+03   2.64e+01     2.05e-03   2233.481s
4504000 +6.12657800e+06 +6.12760281e+06  1.02e+03   2.64e+01     2.05e-03   2233.973s
4505000 +6.12658223e+06 +6.12758374e+06  1.00e+03   2.65e+01     2.05e-03   2234.465s
4506000 +6.12651356e+06 +6.12756700e+06  1.05e+03   2.63e+01     2.04e-03   2234.957s
4507000 +6.12646317e+06 +6.12754939e+06  1.09e+03   2.64e+01     2.04e-03   2235.449s
4508000 +6.12643108e+06 +6.12753235e+06  1.10e+03   2.64e+01     2.04e-03   2235.941s
4509000 +6.12637456e+06 +6.12751423e+06  1.14e+03   2.63e+01     2.03e-03   2236.433s
4510000 +6.12635110e+06 +6.12749587e+06  1.14e+03   2.62e+01     2.03e-03   2236.925s
4511000 +6.12641253e+06 +6.12747835e+06  1.07e+03   2.63e+01     2.02e-03   2237.417s
4512000 +6.12635462e+06 +6.12746083e+06  1.11e+03   2.62e+01     2.02e-03   2237.909s
4513000 +6.12634810e+06 +6.12744358e+06  1.10e+03   2.62e+01     2.03e-03   2238.401s
4514000 +6.12631326e+06 +6.12742737e+06  1.11e+03   2.62e+01     2.02e-03   2238.893s
4515000 +6.12635601e+06 +6.12741233e+06  1.06e+03   2.63e+01     2.02e-03   2239.385s
4516000 +6.12624935e+06 +6.12739615e+06  1.15e+03   2.62e+01     2.02e-03   2239.877s
4517000 +6.12621883e+06 +6.12738013e+06  1.16e+03   2.61e+01     2.02e-03   2240.369s
4518000 +6.12618943e+06 +6.12736428e+06  1.17e+03   2.62e+01     2.01e-03   2240.861s
4519000 +6.12627585e+06 +6.12734729e+06  1.07e+03   2.62e+01     2.01e-03   2241.353s
4520000 +6.12621493e+06 +6.12733103e+06  1.12e+03   2.61e+01     2.01e-03   2241.845s
4521000 +6.12620343e+06 +6.12731533e+06  1.11e+03   2.62e+01     2.02e-03   2242.337s
4522000 +6.12617589e+06 +6.12729740e+06  1.12e+03   2.63e+01     2.02e-03   2242.829s
4523000 +6.12611930e+06 +6.12728059e+06  1.16e+03   2.63e+01     2.02e-03   2243.321s
4524000 +6.12615758e+06 +6.12726199e+06  1.10e+03   2.62e+01     2.02e-03   2243.813s
4525000 +6.12615232e+06 +6.12724665e+06  1.09e+03   2.63e+01     2.03e-03   2244.305s
4526000 +6.12610172e+06 +6.12722988e+06  1.13e+03   2.63e+01     2.02e-03   2244.797s
4527000 +6.12604944e+06 +6.12721538e+06  1.17e+03   2.63e+01     2.01e-03   2245.289s
4528000 +6.12606774e+06 +6.12720149e+06  1.13e+03   2.61e+01     2.01e-03   2245.781s
4529000 +6.12606385e+06 +6.12718734e+06  1.12e+03   2.61e+01     2.01e-03   2246.273s
4530000 +6.12603377e+06 +6.12717209e+06  1.14e+03   2.62e+01     2.00e-03   2246.765s
4531000 +6.12605870e+06 +6.12715621e+06  1.10e+03   2.62e+01     2.01e-03   2247.256s
4532000 +6.12598636e+06 +6.12714252e+06  1.16e+03   2.60e+01     2.01e-03   2247.748s
4533000 +6.12599331e+06 +6.12712633e+06  1.13e+03   2.62e+01     2.01e-03   2248.241s
4534000 +6.12602192e+06 +6.12711279e+06  1.09e+03   2.62e+01     2.00e-03   2248.733s
4535000 +6.12605054e+06 +6.12709844e+06  1.05e+03   2.62e+01     2.01e-03   2249.225s
4536000 +6.12599202e+06 +6.12708348e+06  1.09e+03   2.61e+01     2.00e-03   2249.717s
4537000 +6.12599879e+06 +6.12706703e+06  1.07e+03   2.63e+01     2.01e-03   2250.209s
4538000 +6.12596495e+06 +6.12704969e+06  1.08e+03   2.63e+01     2.01e-03   2250.701s
4539000 +6.12594458e+06 +6.12703583e+06  1.09e+03   2.63e+01     2.01e-03   2251.193s
4540000 +6.12587924e+06 +6.12702081e+06  1.14e+03   2.62e+01     2.00e-03   2251.685s
4541000 +6.12590667e+06 +6.12700697e+06  1.10e+03   2.62e+01     2.00e-03   2252.177s
4542000 +6.12590250e+06 +6.12699425e+06  1.09e+03   2.62e+01     2.01e-03   2252.669s
4543000 +6.12589097e+06 +6.12697969e+06  1.09e+03   2.62e+01     2.00e-03   2253.161s
4544000 +6.12585910e+06 +6.12696529e+06  1.11e+03   2.62e+01     2.01e-03   2253.653s
4545000 +6.12583012e+06 +6.12694934e+06  1.12e+03   2.62e+01     2.00e-03   2254.145s
4546000 +6.12581338e+06 +6.12693426e+06  1.12e+03   2.60e+01     1.98e-03   2254.637s
4547000 +6.12582773e+06 +6.12691889e+06  1.09e+03   2.60e+01     1.99e-03   2255.130s
4548000 +6.12582979e+06 +6.12690343e+06  1.07e+03   2.60e+01     1.99e-03   2255.622s
4549000 +6.12580988e+06 +6.12688764e+06  1.08e+03   2.61e+01     1.99e-03   2256.114s
4550000 +6.12582747e+06 +6.12687297e+06  1.05e+03   2.62e+01     1.99e-03   2256.606s
4551000 +6.12583069e+06 +6.12685827e+06  1.03e+03   2.60e+01     1.99e-03   2257.098s
4552000 +6.12575973e+06 +6.12684221e+06  1.08e+03   2.59e+01     1.98e-03   2257.590s
4553000 +6.12567615e+06 +6.12682728e+06  1.15e+03   2.60e+01     1.97e-03   2258.082s
4554000 +6.12560965e+06 +6.12681273e+06  1.20e+03   2.60e+01     1.97e-03   2258.574s
4555000 +6.12563095e+06 +6.12679791e+06  1.17e+03   2.58e+01     1.97e-03   2259.067s
4556000 +6.12557458e+06 +6.12678500e+06  1.21e+03   2.58e+01     1.97e-03   2259.559s
4557000 +6.12561748e+06 +6.12676960e+06  1.15e+03   2.59e+01     1.96e-03   2260.051s
4558000 +6.12554316e+06 +6.12675510e+06  1.21e+03   2.59e+01     1.97e-03   2260.543s
4559000 +6.12554042e+06 +6.12674090e+06  1.20e+03   2.58e+01     1.97e-03   2261.035s
4560000 +6.12558712e+06 +6.12672798e+06  1.14e+03   2.59e+01     1.97e-03   2261.528s
4561000 +6.12557858e+06 +6.12671731e+06  1.14e+03   2.60e+01     1.97e-03   2262.020s
4562000 +6.12553460e+06 +6.12670583e+06  1.17e+03   2.59e+01     1.97e-03   2262.512s
4563000 +6.12548905e+06 +6.12669388e+06  1.20e+03   2.58e+01     1.96e-03   2263.004s
4564000 +6.12547678e+06 +6.12668130e+06  1.20e+03   2.58e+01     1.96e-03   2263.496s
4565000 +6.12545297e+06 +6.12666992e+06  1.22e+03   2.58e+01     1.96e-03   2263.989s
4566000 +6.12541834e+06 +6.12665630e+06  1.24e+03   2.58e+01     1.95e-03   2264.481s
4567000 +6.12534911e+06 +6.12664401e+06  1.29e+03   2.57e+01     1.95e-03   2264.973s
4568000 +6.12534707e+06 +6.12663138e+06  1.28e+03   2.57e+01     1.94e-03   2265.465s
4569000 +6.12530365e+06 +6.12661766e+06  1.31e+03   2.57e+01     1.94e-03   2265.956s
4570000 +6.12529741e+06 +6.12660600e+06  1.31e+03   2.57e+01     1.95e-03   2266.449s
4571000 +6.12531399e+06 +6.12659344e+06  1.28e+03   2.56e+01     1.94e-03   2266.940s
4572000 +6.12526711e+06 +6.12658130e+06  1.31e+03   2.57e+01     1.94e-03   2267.432s
4573000 +6.12523540e+06 +6.12656819e+06  1.33e+03   2.57e+01     1.93e-03   2267.925s
4574000 +6.12518472e+06 +6.12655501e+06  1.37e+03   2.55e+01     1.93e-03   2268.417s
4575000 +6.12526884e+06 +6.12654385e+06  1.28e+03   2.56e+01     1.93e-03   2268.909s
4576000 +6.12529143e+06 +6.12653075e+06  1.24e+03   2.57e+01     1.93e-03   2269.401s
4577000 +6.12531863e+06 +6.12651933e+06  1.20e+03   2.56e+01     1.94e-03   2269.893s
4578000 +6.12528875e+06 +6.12650790e+06  1.22e+03   2.55e+01     1.93e-03   2270.385s
4579000 +6.12530797e+06 +6.12649604e+06  1.19e+03   2.56e+01     1.93e-03   2270.877s
4580000 +6.12536106e+06 +6.12648313e+06  1.12e+03   2.58e+01     1.94e-03   2271.369s
4581000 +6.12535270e+06 +6.12646995e+06  1.12e+03   2.58e+01     1.94e-03   2271.861s
4582000 +6.12528665e+06 +6.12645828e+06  1.17e+03   2.57e+01     1.93e-03   2272.353s
4583000 +6.12532299e+06 +6.12644705e+06  1.12e+03   2.57e+01     1.93e-03   2272.845s
4584000 +6.12525641e+06 +6.12643564e+06  1.18e+03   2.58e+01     1.94e-03   2273.337s
4585000 +6.12527199e+06 +6.12642423e+06  1.15e+03   2.57e+01     1.93e-03   2273.830s
4586000 +6.12526945e+06 +6.12641248e+06  1.14e+03   2.56e+01     1.94e-03   2274.322s
4587000 +6.12526644e+06 +6.12640038e+06  1.13e+03   2.57e+01     1.94e-03   2274.814s
4588000 +6.12521274e+06 +6.12638784e+06  1.18e+03   2.58e+01     1.93e-03   2275.306s
4589000 +6.12514883e+06 +6.12637718e+06  1.23e+03   2.56e+01     1.93e-03   2275.798s
4590000 +6.12520114e+06 +6.12636568e+06  1.16e+03   2.57e+01     1.93e-03   2276.290s
4591000 +6.12522123e+06 +6.12635404e+06  1.13e+03   2.57e+01     1.93e-03   2276.782s
4592000 +6.12517931e+06 +6.12634086e+06  1.16e+03   2.57e+01     1.93e-03   2277.274s
4593000 +6.12516406e+06 +6.12632996e+06  1.17e+03   2.57e+01     1.93e-03   2277.766s
4594000 +6.12508864e+06 +6.12631798e+06  1.23e+03   2.56e+01     1.92e-03   2278.258s
4595000 +6.12511659e+06 +6.12630707e+06  1.19e+03   2.57e+01     1.93e-03   2278.750s
4596000 +6.12505683e+06 +6.12629505e+06  1.24e+03   2.57e+01     1.92e-03   2279.242s
4597000 +6.12503366e+06 +6.12628293e+06  1.25e+03   2.57e+01     1.92e-03   2279.734s
4598000 +6.12505472e+06 +6.12627211e+06  1.22e+03   2.56e+01     1.92e-03   2280.226s
4599000 +6.12510077e+06 +6.12626070e+06  1.16e+03   2.57e+01     1.93e-03   2280.718s
4600000 +6.12509078e+06 +6.12624906e+06  1.16e+03   2.57e+01     1.92e-03   2281.210s
4601000 +6.12507992e+06 +6.12623732e+06  1.16e+03   2.57e+01     1.92e-03   2281.702s
4602000 +6.12513843e+06 +6.12622727e+06  1.09e+03   2.58e+01     1.92e-03   2282.194s
4603000 +6.12512770e+06 +6.12621467e+06  1.09e+03   2.57e+01     1.92e-03   2282.686s
4604000 +6.12507603e+06 +6.12620252e+06  1.13e+03   2.57e+01     1.92e-03   2283.178s
4605000 +6.12502429e+06 +6.12619097e+06  1.17e+03   2.57e+01     1.92e-03   2283.670s
4606000 +6.12504226e+06 +6.12618005e+06  1.14e+03   2.57e+01     1.92e-03   2284.162s
4607000 +6.12500920e+06 +6.12616927e+06  1.16e+03   2.58e+01     1.92e-03   2284.654s
4608000 +6.12499284e+06 +6.12615761e+06  1.16e+03   2.57e+01     1.91e-03   2285.146s
4609000 +6.12507137e+06 +6.12614763e+06  1.08e+03   2.57e+01     1.91e-03   2285.638s
4610000 +6.12505941e+06 +6.12613876e+06  1.08e+03   2.57e+01     1.91e-03   2286.130s
4611000 +6.12506233e+06 +6.12612841e+06  1.07e+03   2.58e+01     1.92e-03   2286.622s
4612000 +6.12505076e+06 +6.12611713e+06  1.07e+03   2.58e+01     1.92e-03   2287.114s
4613000 +6.12507159e+06 +6.12610540e+06  1.03e+03   2.58e+01     1.92e-03   2287.606s
4614000 +6.12511002e+06 +6.12609511e+06  9.85e+02   2.59e+01     1.92e-03   2288.099s
4615000 +6.12510485e+06 +6.12608400e+06  9.79e+02   2.59e+01     1.92e-03   2288.591s
4616000 +6.12513917e+06 +6.12607136e+06  9.32e+02   2.58e+01     1.92e-03   2289.083s
4617000 +6.12516334e+06 +6.12606011e+06  8.97e+02   2.60e+01     1.93e-03   2289.575s
4618000 +6.12511500e+06 +6.12604777e+06  9.33e+02   2.60e+01     1.93e-03   2290.067s
4619000 +6.12517259e+06 +6.12603668e+06  8.64e+02   2.61e+01     1.94e-03   2290.559s
4620000 +6.12509331e+06 +6.12602586e+06  9.33e+02   2.60e+01     1.93e-03   2291.051s
4621000 +6.12495593e+06 +6.12601516e+06  1.06e+03   2.60e+01     1.92e-03   2291.543s
4622000 +6.12496301e+06 +6.12600455e+06  1.04e+03   2.61e+01     1.93e-03   2292.035s
4623000 +6.12497195e+06 +6.12599404e+06  1.02e+03   2.60e+01     1.92e-03   2292.528s
4624000 +6.12498168e+06 +6.12598281e+06  1.00e+03   2.60e+01     1.92e-03   2293.020s
4625000 +6.12495450e+06 +6.12597185e+06  1.02e+03   2.61e+01     1.92e-03   2293.512s
4626000 +6.12486917e+06 +6.12596153e+06  1.09e+03   2.61e+01     1.92e-03   2294.004s
4627000 +6.12493133e+06 +6.12595102e+06  1.02e+03   2.61e+01     1.92e-03   2294.496s
4628000 +6.12481464e+06 +6.12594062e+06  1.13e+03   2.61e+01     1.92e-03   2294.988s
4629000 +6.12485587e+06 +6.12592999e+06  1.07e+03   2.61e+01     1.91e-03   2295.480s
4630000 +6.12483142e+06 +6.12591900e+06  1.09e+03   2.60e+01     1.91e-03   2295.972s
4631000 +6.12483906e+06 +6.12590842e+06  1.07e+03   2.60e+01     1.91e-03   2296.464s
4632000 +6.12485769e+06 +6.12589771e+06  1.04e+03   2.61e+01     1.91e-03   2296.956s
4633000 +6.12490340e+06 +6.12588546e+06  9.82e+02   2.61e+01     1.92e-03   2297.449s
4634000 +6.12486037e+06 +6.12587367e+06  1.01e+03   2.61e+01     1.92e-03   2297.941s
4635000 +6.12484004e+06 +6.12586259e+06  1.02e+03   2.61e+01     1.91e-03   2298.433s
4636000 +6.12481899e+06 +6.12584881e+06  1.03e+03   2.61e+01     1.91e-03   2298.925s
4637000 +6.12483512e+06 +6.12583725e+06  1.00e+03   2.60e+01     1.91e-03   2299.417s
4638000 +6.12480625e+06 +6.12582588e+06  1.02e+03   2.60e+01     1.92e-03   2299.909s
4639000 +6.12476862e+06 +6.12581662e+06  1.05e+03   2.61e+01     1.92e-03   2300.401s
4640000 +6.12474239e+06 +6.12580497e+06  1.06e+03   2.61e+01     1.91e-03   2300.893s
4641000 +6.12471606e+06 +6.12579417e+06  1.08e+03   2.61e+01     1.91e-03   2301.385s
4642000 +6.12472977e+06 +6.12578332e+06  1.05e+03   2.61e+01     1.91e-03   2301.877s
4643000 +6.12463062e+06 +6.12577111e+06  1.14e+03   2.61e+01     1.91e-03   2302.370s
4644000 +6.12464537e+06 +6.12576076e+06  1.12e+03   2.61e+01     1.91e-03   2302.862s
4645000 +6.12469689e+06 +6.12574941e+06  1.05e+03   2.61e+01     1.91e-03   2303.354s
4646000 +6.12462299e+06 +6.12573961e+06  1.12e+03   2.61e+01     1.91e-03   2303.846s
4647000 +6.12462844e+06 +6.12572661e+06  1.10e+03   2.62e+01     1.91e-03   2304.338s
4648000 +6.12463060e+06 +6.12571457e+06  1.08e+03   2.62e+01     1.91e-03   2304.830s
4649000 +6.12458928e+06 +6.12570368e+06  1.11e+03   2.61e+01     1.90e-03   2305.322s
4650000 +6.12461259e+06 +6.12569314e+06  1.08e+03   2.61e+01     1.90e-03   2305.814s
4651000 +6.12465699e+06 +6.12568010e+06  1.02e+03   2.62e+01     1.91e-03   2306.306s
4652000 +6.12461042e+06 +6.12566942e+06  1.06e+03   2.61e+01     1.90e-03   2306.798s
4653000 +6.12459520e+06 +6.12565586e+06  1.06e+03   2.61e+01     1.90e-03   2307.290s
4654000 +6.12461081e+06 +6.12564537e+06  1.03e+03   2.61e+01     1.90e-03   2307.782s
4655000 +6.12459993e+06 +6.12563496e+06  1.04e+03   2.62e+01     1.90e-03   2308.274s
4656000 +6.12459598e+06 +6.12562296e+06  1.03e+03   2.62e+01     1.90e-03   2308.767s
4657000 +6.12459944e+06 +6.12561164e+06  1.01e+03   2.61e+01     1.90e-03   2309.258s
4658000 +6.12463150e+06 +6.12560084e+06  9.69e+02   2.61e+01     1.90e-03   2309.751s
4659000 +6.12456987e+06 +6.12558925e+06  1.02e+03   2.61e+01     1.90e-03   2310.243s
4660000 +6.12453098e+06 +6.12557864e+06  1.05e+03   2.62e+01     1.90e-03   2310.735s
4661000 +6.12447939e+06 +6.12556835e+06  1.09e+03   2.61e+01     1.90e-03   2311.228s
4662000 +6.12446529e+06 +6.12555855e+06  1.09e+03   2.62e+01     1.90e-03   2311.720s
4663000 +6.12451080e+06 +6.12554730e+06  1.04e+03   2.63e+01     1.90e-03   2312.212s
4664000 +6.12449283e+06 +6.12553653e+06  1.04e+03   2.61e+01     1.89e-03   2312.704s
4665000 +6.12449988e+06 +6.12552558e+06  1.03e+03   2.60e+01     1.89e-03   2313.196s
4666000 +6.12450949e+06 +6.12551375e+06  1.00e+03   2.61e+01     1.90e-03   2313.688s
4667000 +6.12448179e+06 +6.12549991e+06  1.02e+03   2.62e+01     1.89e-03   2314.180s
4668000 +6.12446690e+06 +6.12549006e+06  1.02e+03   2.60e+01     1.89e-03   2314.673s
4669000 +6.12444436e+06 +6.12547883e+06  1.03e+03   2.61e+01     1.88e-03   2315.165s
4670000 +6.12450054e+06 +6.12546863e+06  9.68e+02   2.62e+01     1.89e-03   2315.657s
4671000 +6.12452151e+06 +6.12545818e+06  9.37e+02   2.61e+01     1.89e-03   2316.149s
4672000 +6.12444762e+06 +6.12543465e+06  9.87e+02   2.58e+01     1.19e-03   2316.642s
4673000 +6.12442807e+06 +6.12542361e+06  9.96e+02   2.59e+01     1.18e-03   2317.133s
4674000 +6.12441372e+06 +6.12541469e+06  1.00e+03   2.60e+01     1.17e-03   2317.624s
4675000 +6.12441845e+06 +6.12540576e+06  9.87e+02   2.61e+01     1.17e-03   2318.116s
4676000 +6.12441948e+06 +6.12539725e+06  9.78e+02   2.62e+01     1.17e-03   2318.607s
4677000 +6.12442514e+06 +6.12538905e+06  9.64e+02   2.63e+01     1.18e-03   2319.099s
4678000 +6.12444742e+06 +6.12538029e+06  9.33e+02   2.65e+01     1.18e-03   2319.590s
4679000 +6.12446495e+06 +6.12537231e+06  9.07e+02   2.66e+01     1.18e-03   2320.082s
4680000 +6.12447475e+06 +6.12536448e+06  8.90e+02   2.67e+01     1.18e-03   2320.573s
4681000 +6.12448278e+06 +6.12535650e+06  8.74e+02   2.68e+01     1.18e-03   2321.064s
4682000 +6.12448506e+06 +6.12534818e+06  8.63e+02   2.69e+01     1.18e-03   2321.555s
4683000 +6.12449769e+06 +6.12533978e+06  8.42e+02   2.70e+01     1.18e-03   2322.047s
4684000 +6.12453078e+06 +6.12533133e+06  8.01e+02   2.71e+01     1.19e-03   2322.538s
4685000 +6.12456665e+06 +6.12532242e+06  7.56e+02   2.73e+01     1.19e-03   2323.030s
4686000 +6.12458170e+06 +6.12531353e+06  7.32e+02   2.74e+01     1.19e-03   2323.521s
4687000 +6.12460588e+06 +6.12530426e+06  6.98e+02   2.75e+01     1.19e-03   2324.013s
4688000 +6.12461795e+06 +6.12529438e+06  6.76e+02   2.76e+01     1.19e-03   2324.504s
4689000 +6.12461925e+06 +6.12528393e+06  6.65e+02   2.76e+01     1.19e-03   2324.996s
4690000 +6.12466550e+06 +6.12527447e+06  6.09e+02   2.77e+01     1.19e-03   2325.487s
4691000 +6.12469011e+06 +6.12526423e+06  5.74e+02   2.78e+01     1.20e-03   2325.978s
4692000 +6.12474016e+06 +6.12525397e+06  5.14e+02   2.80e+01     1.20e-03   2326.470s
4693000 +6.12473537e+06 +6.12524341e+06  5.08e+02   2.80e+01     1.20e-03   2326.962s
4694000 +6.12475591e+06 +6.12523261e+06  4.77e+02   2.82e+01     1.20e-03   2327.453s
4695000 +6.12474467e+06 +6.12522178e+06  4.77e+02   2.83e+01     1.20e-03   2327.945s
4696000 +6.12477854e+06 +6.12521042e+06  4.32e+02   2.84e+01     1.20e-03   2328.436s
4697000 +6.12477382e+06 +6.12519903e+06  4.25e+02   2.85e+01     1.21e-03   2328.928s
4698000 +6.12476099e+06 +6.12518712e+06  4.26e+02   2.85e+01     1.21e-03   2329.420s
4699000 +6.12475768e+06 +6.12517767e+06  4.20e+02   2.86e+01     1.21e-03   2329.911s
4700000 +6.12480616e+06 +6.12516632e+06  3.60e+02   2.88e+01     1.21e-03   2330.403s
4701000 +6.12481569e+06 +6.12515609e+06  3.40e+02   2.88e+01     1.21e-03   2330.894s
4702000 +6.12482870e+06 +6.12514379e+06  3.15e+02   2.89e+01     1.21e-03   2331.386s
4703000 +6.12487113e+06 +6.12513302e+06  2.62e+02   2.90e+01     1.22e-03   2331.877s
4704000 +6.12485816e+06 +6.12512239e+06  2.64e+02   2.91e+01     1.22e-03   2332.369s
4705000 +6.12486593e+06 +6.12511018e+06  2.44e+02   2.92e+01     1.22e-03   2332.860s
4706000 +6.12483079e+06 +6.12509823e+06  2.67e+02   2.92e+01     1.22e-03   2333.352s
4707000 +6.12484560e+06 +6.12508685e+06  2.41e+02   2.94e+01     1.22e-03   2333.844s
4708000 +6.12483300e+06 +6.12507643e+06  2.43e+02   2.95e+01     1.22e-03   2334.335s
4709000 +6.12486803e+06 +6.12506428e+06  1.96e+02   2.96e+01     1.23e-03   2334.827s
4710000 +6.12487114e+06 +6.12505352e+06  1.82e+02   2.97e+01     1.23e-03   2335.318s
4711000 +6.12488766e+06 +6.12504193e+06  1.54e+02   2.97e+01     1.23e-03   2335.810s
4712000 +6.12493270e+06 +6.12503067e+06  9.80e+01   2.98e+01     1.23e-03   2336.302s
4713000 +6.12491769e+06 +6.12501943e+06  1.02e+02   3.00e+01     1.24e-03   2336.794s
4714000 +6.12495406e+06 +6.12500792e+06  5.39e+01   3.00e+01     1.24e-03   2337.285s
4715000 +6.12493370e+06 +6.12499591e+06  6.22e+01   3.01e+01     1.24e-03   2337.777s
4716000 +6.12488709e+06 +6.12498409e+06  9.70e+01   3.02e+01     1.24e-03   2338.269s
4717000 +6.12498548e+06 +6.12497199e+06  1.35e+01   3.04e+01     1.24e-03   2338.760s
4718000 +6.12495374e+06 +6.12495992e+06  6.18e+00   3.05e+01     1.24e-03   2339.252s
4719000 +6.12492866e+06 +6.12494731e+06  1.86e+01   3.06e+01     1.24e-03   2339.743s
4720000 +6.12494907e+06 +6.12493509e+06  1.40e+01   3.07e+01     1.25e-03   2340.235s
4721000 +6.12491203e+06 +6.12492358e+06  1.16e+01   3.08e+01     1.25e-03   2340.727s
4722000 +6.12493693e+06 +6.12491145e+06  2.55e+01   3.09e+01     1.25e-03   2341.218s
4723000 +6.12498656e+06 +6.12489863e+06  8.79e+01   3.11e+01     1.25e-03   2341.710s
4724000 +6.12496417e+06 +6.12488507e+06  7.91e+01   3.11e+01     1.25e-03   2342.202s
4725000 +6.12497555e+06 +6.12487250e+06  1.03e+02   3.12e+01     1.25e-03   2342.693s
4726000 +6.12491087e+06 +6.12485877e+06  5.21e+01   3.12e+01     1.25e-03   2343.185s
4727000 +6.12493821e+06 +6.12484561e+06  9.26e+01   3.13e+01     1.26e-03   2343.677s
4728000 +6.12494840e+06 +6.12483201e+06  1.16e+02   3.14e+01     1.26e-03   2344.169s
4729000 +6.12491795e+06 +6.12481959e+06  9.84e+01   3.15e+01     1.26e-03   2344.660s
4730000 +6.12491625e+06 +6.12480594e+06  1.10e+02   3.16e+01     1.26e-03   2345.152s
4731000 +6.12485938e+06 +6.12479320e+06  6.62e+01   3.16e+01     1.26e-03   2345.644s
4732000 +6.12482927e+06 +6.12477936e+06  4.99e+01   3.17e+01     1.26e-03   2346.135s
4733000 +6.12484037e+06 +6.12476745e+06  7.29e+01   3.18e+01     1.26e-03   2346.627s
4734000 +6.12481130e+06 +6.12475361e+06  5.77e+01   3.18e+01     1.26e-03   2347.119s
4735000 +6.12480739e+06 +6.12474011e+06  6.73e+01   3.19e+01     1.27e-03   2347.611s
4736000 +6.12483310e+06 +6.12472637e+06  1.07e+02   3.20e+01     1.27e-03   2348.102s
4737000 +6.12483294e+06 +6.12471381e+06  1.19e+02   3.21e+01     1.27e-03   2348.594s
4738000 +6.12478133e+06 +6.12470146e+06  7.99e+01   3.21e+01     1.27e-03   2349.086s
4739000 +6.12479420e+06 +6.12468935e+06  1.05e+02   3.22e+01     1.27e-03   2349.577s
4740000 +6.12477501e+06 +6.12467572e+06  9.93e+01   3.23e+01     1.27e-03   2350.069s
4741000 +6.12471184e+06 +6.12466274e+06  4.91e+01   3.22e+01     1.27e-03   2350.560s
4742000 +6.12472906e+06 +6.12464995e+06  7.91e+01   3.23e+01     1.27e-03   2351.052s
4743000 +6.12470857e+06 +6.12463791e+06  7.07e+01   3.24e+01     1.27e-03   2351.544s
4744000 +6.12472398e+06 +6.12462464e+06  9.93e+01   3.24e+01     1.27e-03   2352.035s
4745000 +6.12465945e+06 +6.12461111e+06  4.83e+01   3.25e+01     1.27e-03   2352.528s
4746000 +6.12468111e+06 +6.12459792e+06  8.32e+01   3.26e+01     1.28e-03   2353.019s
4747000 +6.12466821e+06 +6.12458482e+06  8.34e+01   3.26e+01     1.27e-03   2353.511s
4748000 +6.12463893e+06 +6.12457133e+06  6.76e+01   3.26e+01     1.27e-03   2354.003s
4749000 +6.12467458e+06 +6.12455839e+06  1.16e+02   3.28e+01     1.28e-03   2354.495s
4750000 +6.12471866e+06 +6.12454481e+06  1.74e+02   3.29e+01     1.28e-03   2354.987s
4751000 +6.12476654e+06 +6.12453204e+06  2.34e+02   3.29e+01     1.28e-03   2355.478s
4752000 +6.12474493e+06 +6.12451998e+06  2.25e+02   3.30e+01     1.28e-03   2355.970s
4753000 +6.12475957e+06 +6.12450797e+06  2.52e+02   3.31e+01     1.28e-03   2356.461s
4754000 +6.12482333e+06 +6.12449540e+06  3.28e+02   3.33e+01     1.29e-03   2356.953s
4755000 +6.12480107e+06 +6.12448144e+06  3.20e+02   3.33e+01     1.29e-03   2357.445s
4756000 +6.12482181e+06 +6.12446711e+06  3.55e+02   3.35e+01     1.29e-03   2357.937s
4757000 +6.12489949e+06 +6.12445453e+06  4.45e+02   3.36e+01     1.30e-03   2358.429s
4758000 +6.12486947e+06 +6.12444084e+06  4.29e+02   3.36e+01     1.30e-03   2358.920s
4759000 +6.12490072e+06 +6.12442788e+06  4.73e+02   3.37e+01     1.30e-03   2359.412s
4760000 +6.12482075e+06 +6.12441275e+06  4.08e+02   3.38e+01     1.30e-03   2359.904s
4761000 +6.12477804e+06 +6.12439971e+06  3.78e+02   3.38e+01     1.30e-03   2360.396s
4762000 +6.12478164e+06 +6.12438554e+06  3.96e+02   3.38e+01     1.30e-03   2360.887s
4763000 +6.12480623e+06 +6.12437121e+06  4.35e+02   3.38e+01     1.30e-03   2361.379s
4764000 +6.12476901e+06 +6.12435759e+06  4.11e+02   3.39e+01     1.30e-03   2361.870s
4765000 +6.12475162e+06 +6.12434463e+06  4.07e+02   3.39e+01     1.30e-03   2362.362s
4766000 +6.12475140e+06 +6.12433135e+06  4.20e+02   3.40e+01     1.31e-03   2362.854s
4767000 +6.12472668e+06 +6.12431731e+06  4.09e+02   3.41e+01     1.31e-03   2363.346s
4768000 +6.12474659e+06 +6.12430440e+06  4.42e+02   3.42e+01     1.31e-03   2363.837s
4769000 +6.12474699e+06 +6.12428963e+06  4.57e+02   3.42e+01     1.31e-03   2364.329s
4770000 +6.12476553e+06 +6.12427544e+06  4.90e+02   3.43e+01     1.31e-03   2364.821s
4771000 +6.12474036e+06 +6.12426234e+06  4.78e+02   3.43e+01     1.31e-03   2365.312s
4772000 +6.12475000e+06 +6.12424779e+06  5.02e+02   3.43e+01     1.31e-03   2365.804s
4773000 +6.12468448e+06 +6.12423358e+06  4.51e+02   3.44e+01     1.31e-03   2366.296s
4774000 +6.12472706e+06 +6.12421913e+06  5.08e+02   3.45e+01     1.32e-03   2366.788s
4775000 +6.12471987e+06 +6.12420412e+06  5.16e+02   3.45e+01     1.32e-03   2367.280s
4776000 +6.12466598e+06 +6.12418961e+06  4.76e+02   3.46e+01     1.32e-03   2367.772s
4777000 +6.12472086e+06 +6.12417660e+06  5.44e+02   3.46e+01     1.32e-03   2368.264s
4778000 +6.12472805e+06 +6.12416223e+06  5.66e+02   3.47e+01     1.32e-03   2368.756s
4779000 +6.12471445e+06 +6.12414805e+06  5.66e+02   3.48e+01     1.32e-03   2369.247s
4780000 +6.12475820e+06 +6.12413380e+06  6.24e+02   3.49e+01     1.32e-03   2369.739s
4781000 +6.12477816e+06 +6.12411985e+06  6.58e+02   3.49e+01     1.32e-03   2370.231s
4782000 +6.12478899e+06 +6.12410461e+06  6.84e+02   3.50e+01     1.33e-03   2370.723s
4783000 +6.12487054e+06 +6.12409025e+06  7.80e+02   3.50e+01     1.33e-03   2371.214s
4784000 +6.12482439e+06 +6.12407764e+06  7.47e+02   3.51e+01     1.33e-03   2371.706s
4785000 +6.12480950e+06 +6.12406254e+06  7.47e+02   3.51e+01     1.33e-03   2372.198s
4786000 +6.12497293e+06 +6.12404727e+06  9.26e+02   3.52e+01     1.34e-03   2372.690s
4787000 +6.12489941e+06 +6.12403279e+06  8.67e+02   3.52e+01     1.33e-03   2373.181s
4788000 +6.12494784e+06 +6.12401979e+06  9.28e+02   3.52e+01     1.33e-03   2373.673s
4789000 +6.12494670e+06 +6.12400537e+06  9.41e+02   3.53e+01     1.33e-03   2374.166s
4790000 +6.12493790e+06 +6.12399157e+06  9.46e+02   3.52e+01     1.33e-03   2374.657s
4791000 +6.12491908e+06 +6.12397746e+06  9.42e+02   3.53e+01     1.34e-03   2375.149s
4792000 +6.12489430e+06 +6.12396358e+06  9.31e+02   3.54e+01     1.33e-03   2375.641s
4793000 +6.12496179e+06 +6.12394982e+06  1.01e+03   3.55e+01     1.34e-03   2376.133s
4794000 +6.12487109e+06 +6.12393642e+06  9.35e+02   3.54e+01     1.33e-03   2376.626s
4795000 +6.12482033e+06 +6.12392183e+06  8.98e+02   3.54e+01     1.33e-03   2377.117s
4796000 +6.12480496e+06 +6.12390781e+06  8.97e+02   3.54e+01     1.33e-03   2377.609s
4797000 +6.12483452e+06 +6.12389401e+06  9.41e+02   3.55e+01     1.34e-03   2378.101s
4798000 +6.12486868e+06 +6.12388114e+06  9.88e+02   3.54e+01     1.34e-03   2378.593s
4799000 +6.12484934e+06 +6.12386734e+06  9.82e+02   3.56e+01     1.34e-03   2379.085s
4800000 +6.12491979e+06 +6.12385493e+06  1.06e+03   3.57e+01     1.34e-03   2379.576s
4801000 +6.12481185e+06 +6.12384200e+06  9.70e+02   3.56e+01     1.34e-03   2380.068s
4802000 +6.12484810e+06 +6.12382903e+06  1.02e+03   3.57e+01     1.34e-03   2380.560s
4803000 +6.12480827e+06 +6.12381506e+06  9.93e+02   3.58e+01     1.34e-03   2381.052s
4804000 +6.12479468e+06 +6.12380306e+06  9.92e+02   3.58e+01     1.34e-03   2381.544s
4805000 +6.12478197e+06 +6.12379007e+06  9.92e+02   3.58e+01     1.35e-03   2382.036s
4806000 +6.12475203e+06 +6.12377642e+06  9.76e+02   3.59e+01     1.35e-03   2382.528s
4807000 +6.12486647e+06 +6.12376373e+06  1.10e+03   3.60e+01     1.35e-03   2383.019s
4808000 +6.12480224e+06 +6.12375075e+06  1.05e+03   3.59e+01     1.35e-03   2383.512s
4809000 +6.12484261e+06 +6.12373848e+06  1.10e+03   3.60e+01     1.35e-03   2384.003s
4810000 +6.12476452e+06 +6.12372730e+06  1.04e+03   3.60e+01     1.35e-03   2384.495s
4811000 +6.12478413e+06 +6.12371343e+06  1.07e+03   3.61e+01     1.35e-03   2384.988s
4812000 +6.12479339e+06 +6.12370116e+06  1.09e+03   3.61e+01     1.35e-03   2385.479s
4813000 +6.12471784e+06 +6.12368688e+06  1.03e+03   3.60e+01     1.35e-03   2385.972s
4814000 +6.12467767e+06 +6.12367409e+06  1.00e+03   3.62e+01     1.34e-03   2386.464s
4815000 +6.12464629e+06 +6.12366097e+06  9.85e+02   3.62e+01     1.34e-03   2386.955s
4816000 +6.12465729e+06 +6.12364949e+06  1.01e+03   3.61e+01     1.35e-03   2387.448s
4817000 +6.12460948e+06 +6.12363728e+06  9.72e+02   3.61e+01     1.35e-03   2387.939s
4818000 +6.12451762e+06 +6.12362527e+06  8.92e+02   3.61e+01     1.34e-03   2388.431s
4819000 +6.12450515e+06 +6.12361290e+06  8.92e+02   3.62e+01     1.34e-03   2388.923s
4820000 +6.12446870e+06 +6.12360077e+06  8.68e+02   3.61e+01     1.34e-03   2389.415s
4821000 +6.12452631e+06 +6.12358898e+06  9.37e+02   3.63e+01     1.35e-03   2389.907s
4822000 +6.12456486e+06 +6.12357711e+06  9.88e+02   3.64e+01     1.35e-03   2390.399s
4823000 +6.12451526e+06 +6.12356395e+06  9.51e+02   3.62e+01     1.34e-03   2390.891s
4824000 +6.12456897e+06 +6.12355344e+06  1.02e+03   3.63e+01     1.35e-03   2391.384s
4825000 +6.12454504e+06 +6.12354169e+06  1.00e+03   3.62e+01     1.34e-03   2391.875s
4826000 +6.12456021e+06 +6.12352807e+06  1.03e+03   3.63e+01     1.35e-03   2392.368s
4827000 +6.12453644e+06 +6.12351534e+06  1.02e+03   3.63e+01     1.34e-03   2392.859s
4828000 +6.12462463e+06 +6.12350387e+06  1.12e+03   3.64e+01     1.35e-03   2393.351s
4829000 +6.12457674e+06 +6.12349147e+06  1.09e+03   3.65e+01     1.35e-03   2393.843s
4830000 +6.12452362e+06 +6.12347697e+06  1.05e+03   3.66e+01     1.35e-03   2394.335s
4831000 +6.12456498e+06 +6.12346502e+06  1.10e+03   3.66e+01     1.35e-03   2394.827s
4832000 +6.12448469e+06 +6.12345226e+06  1.03e+03   3.64e+01     1.35e-03   2395.318s
4833000 +6.12450524e+06 +6.12343938e+06  1.07e+03   3.65e+01     1.34e-03   2395.810s
4834000 +6.12447116e+06 +6.12342702e+06  1.04e+03   3.66e+01     1.34e-03   2396.302s
4835000 +6.12440956e+06 +6.12341511e+06  9.94e+02   3.63e+01     1.34e-03   2396.794s
4836000 +6.12445955e+06 +6.12340355e+06  1.06e+03   3.64e+01     1.34e-03   2397.286s
4837000 +6.12452458e+06 +6.12339148e+06  1.13e+03   3.66e+01     1.34e-03   2397.778s
4838000 +6.12455188e+06 +6.12337803e+06  1.17e+03   3.66e+01     1.34e-03   2398.270s
4839000 +6.12453914e+06 +6.12336610e+06  1.17e+03   3.64e+01     1.35e-03   2398.762s
4840000 +6.12453616e+06 +6.12335384e+06  1.18e+03   3.65e+01     1.35e-03   2399.254s
4841000 +6.12460801e+06 +6.12334189e+06  1.27e+03   3.67e+01     1.35e-03   2399.746s
4842000 +6.12463369e+06 +6.12332972e+06  1.30e+03   3.67e+01     1.35e-03   2400.238s
4843000 +6.12465448e+06 +6.12331625e+06  1.34e+03   3.67e+01     1.35e-03   2400.730s
4844000 +6.12460228e+06 +6.12330178e+06  1.30e+03   3.67e+01     1.35e-03   2401.222s
4845000 +6.12453598e+06 +6.12328996e+06  1.25e+03   3.66e+01     1.34e-03   2401.714s
4846000 +6.12451660e+06 +6.12327739e+06  1.24e+03   3.65e+01     1.34e-03   2402.206s
4847000 +6.12445894e+06 +6.12326561e+06  1.19e+03   3.64e+01     1.34e-03   2402.697s
4848000 +6.12447283e+06 +6.12325489e+06  1.22e+03   3.66e+01     1.34e-03   2403.189s
4849000 +6.12442335e+06 +6.12324425e+06  1.18e+03   3.66e+01     1.34e-03   2403.681s
4850000 +6.12443324e+06 +6.12323143e+06  1.20e+03   3.65e+01     1.34e-03   2404.174s
4851000 +6.12444476e+06 +6.12322051e+06  1.22e+03   3.65e+01     1.34e-03   2404.666s
4852000 +6.12444797e+06 +6.12320860e+06  1.24e+03   3.65e+01     1.34e-03   2405.157s
4853000 +6.12443771e+06 +6.12319628e+06  1.24e+03   3.65e+01     1.34e-03   2405.650s
4854000 +6.12438356e+06 +6.12318415e+06  1.20e+03   3.63e+01     1.33e-03   2406.141s
4855000 +6.12433500e+06 +6.12317212e+06  1.16e+03   3.64e+01     1.33e-03   2406.634s
4856000 +6.12431759e+06 +6.12315957e+06  1.16e+03   3.65e+01     1.33e-03   2407.126s
4857000 +6.12437864e+06 +6.12314764e+06  1.23e+03   3.66e+01     1.33e-03   2407.617s
4858000 +6.12444378e+06 +6.12313518e+06  1.31e+03   3.65e+01     1.33e-03   2408.109s
4859000 +6.12451807e+06 +6.12312321e+06  1.39e+03   3.63e+01     1.33e-03   2408.600s
4860000 +6.12452487e+06 +6.12311212e+06  1.41e+03   3.62e+01     1.33e-03   2409.092s
4861000 +6.12452565e+06 +6.12309961e+06  1.43e+03   3.62e+01     1.33e-03   2409.584s
4862000 +6.12455598e+06 +6.12308773e+06  1.47e+03   3.61e+01     1.32e-03   2410.076s
4863000 +6.12457081e+06 +6.12307446e+06  1.50e+03   3.61e+01     1.32e-03   2410.568s
4864000 +6.12451948e+06 +6.12306139e+06  1.46e+03   3.61e+01     1.32e-03   2411.060s
4865000 +6.12449528e+06 +6.12304860e+06  1.45e+03   3.58e+01     1.31e-03   2411.552s
4866000 +6.12450986e+06 +6.12303604e+06  1.47e+03   3.56e+01     1.31e-03   2412.043s
4867000 +6.12447927e+06 +6.12302517e+06  1.45e+03   3.57e+01     1.31e-03   2412.535s
4868000 +6.12450310e+06 +6.12301307e+06  1.49e+03   3.56e+01     1.30e-03   2413.027s
4869000 +6.12449601e+06 +6.12299965e+06  1.50e+03   3.56e+01     1.30e-03   2413.518s
4870000 +6.12451386e+06 +6.12298777e+06  1.53e+03   3.56e+01     1.31e-03   2414.011s
4871000 +6.12451989e+06 +6.12297540e+06  1.54e+03   3.56e+01     1.30e-03   2414.503s
4872000 +6.12457710e+06 +6.12296250e+06  1.61e+03   3.57e+01     1.30e-03   2414.995s
4873000 +6.12461329e+06 +6.12295104e+06  1.66e+03   3.58e+01     1.31e-03   2415.487s
4874000 +6.12460181e+06 +6.12293849e+06  1.66e+03   3.56e+01     1.31e-03   2415.979s
4875000 +6.12460826e+06 +6.12292660e+06  1.68e+03   3.56e+01     1.31e-03   2416.471s
4876000 +6.12455550e+06 +6.12291474e+06  1.64e+03   3.56e+01     1.30e-03   2416.963s
4877000 +6.12449096e+06 +6.12290217e+06  1.59e+03   3.56e+01     1.30e-03   2417.455s
4878000 +6.12452866e+06 +6.12289060e+06  1.64e+03   3.55e+01     1.30e-03   2417.947s
4879000 +6.12453831e+06 +6.12287853e+06  1.66e+03   3.56e+01     1.30e-03   2418.439s
4880000 +6.12451639e+06 +6.12286805e+06  1.65e+03   3.54e+01     1.30e-03   2418.931s
4881000 +6.12443072e+06 +6.12285741e+06  1.57e+03   3.53e+01     1.30e-03   2419.422s
4882000 +6.12444179e+06 +6.12284660e+06  1.60e+03   3.52e+01     1.29e-03   2419.914s
4883000 +6.12450020e+06 +6.12283434e+06  1.67e+03   3.54e+01     1.30e-03   2420.406s
4884000 +6.12446165e+06 +6.12282241e+06  1.64e+03   3.53e+01     1.29e-03   2420.898s
4885000 +6.12445706e+06 +6.12280989e+06  1.65e+03   3.53e+01     1.29e-03   2421.390s
4886000 +6.12443095e+06 +6.12279834e+06  1.63e+03   3.54e+01     1.29e-03   2421.882s
4887000 +6.12440634e+06 +6.12278566e+06  1.62e+03   3.53e+01     1.29e-03   2422.374s
4888000 +6.12433370e+06 +6.12277302e+06  1.56e+03   3.51e+01     1.29e-03   2422.866s
4889000 +6.12438411e+06 +6.12276082e+06  1.62e+03   3.51e+01     1.29e-03   2423.357s
4890000 +6.12431173e+06 +6.12274984e+06  1.56e+03   3.51e+01     1.29e-03   2423.849s
4891000 +6.12429144e+06 +6.12273946e+06  1.55e+03   3.51e+01     1.28e-03   2424.341s
4892000 +6.12429283e+06 +6.12272750e+06  1.57e+03   3.51e+01     1.28e-03   2424.833s
4893000 +6.12426411e+06 +6.12271527e+06  1.55e+03   3.50e+01     1.28e-03   2425.326s
4894000 +6.12420231e+06 +6.12270429e+06  1.50e+03   3.49e+01     1.28e-03   2425.818s
4895000 +6.12421163e+06 +6.12269303e+06  1.52e+03   3.50e+01     1.28e-03   2426.310s
4896000 +6.12416506e+06 +6.12268164e+06  1.48e+03   3.50e+01     1.28e-03   2426.802s
4897000 +6.12416585e+06 +6.12266847e+06  1.50e+03   3.49e+01     1.28e-03   2427.293s
4898000 +6.12415817e+06 +6.12265724e+06  1.50e+03   3.50e+01     1.28e-03   2427.786s
4899000 +6.12422916e+06 +6.12264597e+06  1.58e+03   3.50e+01     1.27e-03   2428.278s
4900000 +6.12412922e+06 +6.12263440e+06  1.49e+03   3.49e+01     1.27e-03   2428.770s
4901000 +6.12414088e+06 +6.12262363e+06  1.52e+03   3.48e+01     1.27e-03   2429.262s
4902000 +6.12406051e+06 +6.12261272e+06  1.45e+03   3.48e+01     1.27e-03   2429.754s
4903000 +6.12407526e+06 +6.12260097e+06  1.47e+03   3.48e+01     1.27e-03   2430.246s
4904000 +6.12408625e+06 +6.12259047e+06  1.50e+03   3.49e+01     1.27e-03   2430.738s
4905000 +6.12405678e+06 +6.12257987e+06  1.48e+03   3.49e+01     1.27e-03   2431.230s
4906000 +6.12411324e+06 +6.12256948e+06  1.54e+03   3.49e+01     1.27e-03   2431.722s
4907000 +6.12412395e+06 +6.12255770e+06  1.57e+03   3.48e+01     1.27e-03   2432.214s
4908000 +6.12411214e+06 +6.12254668e+06  1.57e+03   3.46e+01     1.26e-03   2432.706s
4909000 +6.12417316e+06 +6.12253577e+06  1.64e+03   3.47e+01     1.26e-03   2433.198s
4910000 +6.12413591e+06 +6.12252586e+06  1.61e+03   3.46e+01     1.26e-03   2433.690s
4911000 +6.12418716e+06 +6.12251418e+06  1.67e+03   3.45e+01     1.26e-03   2434.182s
4912000 +6.12416423e+06 +6.12250306e+06  1.66e+03   3.47e+01     1.27e-03   2434.674s
4913000 +6.12413334e+06 +6.12249176e+06  1.64e+03   3.47e+01     1.26e-03   2435.166s
4914000 +6.12418719e+06 +6.12248175e+06  1.71e+03   3.45e+01     1.26e-03   2435.658s
4915000 +6.12418294e+06 +6.12247121e+06  1.71e+03   3.46e+01     1.27e-03   2436.150s
4916000 +6.12414095e+06 +6.12246101e+06  1.68e+03   3.47e+01     1.26e-03   2436.642s
4917000 +6.12411462e+06 +6.12245036e+06  1.66e+03   3.47e+01     1.27e-03   2437.134s
4918000 +6.12412230e+06 +6.12244101e+06  1.68e+03   3.45e+01     1.27e-03   2437.626s
4919000 +6.12410736e+06 +6.12242919e+06  1.68e+03   3.47e+01     1.27e-03   2438.118s
4920000 +6.12414155e+06 +6.12241956e+06  1.72e+03   3.48e+01     1.27e-03   2438.610s
4921000 +6.12417061e+06 +6.12240877e+06  1.76e+03   3.47e+01     1.27e-03   2439.102s
4922000 +6.12413206e+06 +6.12239857e+06  1.73e+03   3.46e+01     1.27e-03   2439.594s
4923000 +6.12416110e+06 +6.12238863e+06  1.77e+03   3.48e+01     1.27e-03   2440.086s
4924000 +6.12410124e+06 +6.12237912e+06  1.72e+03   3.46e+01     1.27e-03   2440.578s
4925000 +6.12423815e+06 +6.12236785e+06  1.87e+03   3.46e+01     1.27e-03   2441.070s
4926000 +6.12421884e+06 +6.12235785e+06  1.86e+03   3.47e+01     1.27e-03   2441.562s
4927000 +6.12423812e+06 +6.12234877e+06  1.89e+03   3.47e+01     1.27e-03   2442.054s
4928000 +6.12419002e+06 +6.12233905e+06  1.85e+03   3.46e+01     1.26e-03   2442.546s
4929000 +6.12419804e+06 +6.12232875e+06  1.87e+03   3.45e+01     1.26e-03   2443.038s
4930000 +6.12417995e+06 +6.12231801e+06  1.86e+03   3.44e+01     1.26e-03   2443.530s
4931000 +6.12415029e+06 +6.12230955e+06  1.84e+03   3.45e+01     1.26e-03   2444.022s
4932000 +6.12417316e+06 +6.12229981e+06  1.87e+03   3.45e+01     1.26e-03   2444.514s
4933000 +6.12416626e+06 +6.12228885e+06  1.88e+03   3.45e+01     1.26e-03   2445.006s
4934000 +6.12414697e+06 +6.12227716e+06  1.87e+03   3.46e+01     1.26e-03   2445.498s
4935000 +6.12414954e+06 +6.12226662e+06  1.88e+03   3.45e+01     1.26e-03   2445.991s
4936000 +6.12409950e+06 +6.12225590e+06  1.84e+03   3.43e+01     1.26e-03   2446.483s
4937000 +6.12422012e+06 +6.12224715e+06  1.97e+03   3.44e+01     1.26e-03   2446.975s
4938000 +6.12414273e+06 +6.12223610e+06  1.91e+03   3.44e+01     1.26e-03   2447.466s
4939000 +6.12413334e+06 +6.12222825e+06  1.91e+03   3.44e+01     1.26e-03   2447.958s
4940000 +6.12411118e+06 +6.12221900e+06  1.89e+03   3.45e+01     1.26e-03   2448.450s
4941000 +6.12408644e+06 +6.12220961e+06  1.88e+03   3.45e+01     1.26e-03   2448.942s
4942000 +6.12411739e+06 +6.12219879e+06  1.92e+03   3.44e+01     1.26e-03   2449.434s
4943000 +6.12413264e+06 +6.12218917e+06  1.94e+03   3.41e+01     1.25e-03   2449.926s
4944000 +6.12416359e+06 +6.12217891e+06  1.98e+03   3.41e+01     1.25e-03   2450.418s
4945000 +6.12421310e+06 +6.12217105e+06  2.04e+03   3.42e+01     1.25e-03   2450.910s
4946000 +6.12417016e+06 +6.12216212e+06  2.01e+03   3.42e+01     1.25e-03   2451.402s
4947000 +6.12419517e+06 +6.12215315e+06  2.04e+03   3.43e+01     1.25e-03   2451.894s
4948000 +6.12420158e+06 +6.12214447e+06  2.06e+03   3.42e+01     1.25e-03   2452.386s
4949000 +6.12421498e+06 +6.12213530e+06  2.08e+03   3.41e+01     1.25e-03   2452.878s
4950000 +6.12414304e+06 +6.12212705e+06  2.02e+03   3.40e+01     1.24e-03   2453.370s
4951000 +6.12409631e+06 +6.12211794e+06  1.98e+03   3.39e+01     1.24e-03   2453.861s
4952000 +6.12403130e+06 +6.12210906e+06  1.92e+03   3.39e+01     1.24e-03   2454.354s
4953000 +6.12409953e+06 +6.12209975e+06  2.00e+03   3.40e+01     1.24e-03   2454.846s
4954000 +6.12409059e+06 +6.12209082e+06  2.00e+03   3.40e+01     1.24e-03   2455.337s
4955000 +6.12406859e+06 +6.12208296e+06  1.99e+03   3.41e+01     1.24e-03   2455.830s
4956000 +6.12407115e+06 +6.12207448e+06  2.00e+03   3.39e+01     1.24e-03   2456.321s
4957000 +6.12404812e+06 +6.12206554e+06  1.98e+03   3.39e+01     1.24e-03   2456.813s
4958000 +6.12405051e+06 +6.12205748e+06  1.99e+03   3.39e+01     1.24e-03   2457.305s
4959000 +6.12407967e+06 +6.12204809e+06  2.03e+03   3.40e+01     1.24e-03   2457.797s
4960000 +6.12412433e+06 +6.12203917e+06  2.09e+03   3.40e+01     1.24e-03   2458.290s
4961000 +6.12411636e+06 +6.12203056e+06  2.09e+03   3.41e+01     1.24e-03   2458.782s
4962000 +6.12406938e+06 +6.12202235e+06  2.05e+03   3.41e+01     1.24e-03   2459.274s
4963000 +6.12401445e+06 +6.12201364e+06  2.00e+03   3.40e+01     1.24e-03   2459.766s
4964000 +6.12402255e+06 +6.12200495e+06  2.02e+03   3.39e+01     1.24e-03   2460.258s
4965000 +6.12399538e+06 +6.12199616e+06  2.00e+03   3.39e+01     1.24e-03   2460.750s
4966000 +6.12405589e+06 +6.12198808e+06  2.07e+03   3.39e+01     1.24e-03   2461.242s
4967000 +6.12404210e+06 +6.12198004e+06  2.06e+03   3.38e+01     1.23e-03   2461.734s
4968000 +6.12403801e+06 +6.12197040e+06  2.07e+03   3.38e+01     1.23e-03   2462.226s
4969000 +6.12409165e+06 +6.12196178e+06  2.13e+03   3.39e+01     1.23e-03   2462.718s
4970000 +6.12404199e+06 +6.12195257e+06  2.09e+03   3.38e+01     1.23e-03   2463.210s
4971000 +6.12407837e+06 +6.12194373e+06  2.13e+03   3.36e+01     1.23e-03   2463.702s
4972000 +6.12404254e+06 +6.12193599e+06  2.11e+03   3.36e+01     1.23e-03   2464.194s
4973000 +6.12408636e+06 +6.12192702e+06  2.16e+03   3.36e+01     1.23e-03   2464.686s
4974000 +6.12401300e+06 +6.12192020e+06  2.09e+03   3.36e+01     1.23e-03   2465.178s
4975000 +6.12392894e+06 +6.12191248e+06  2.02e+03   3.36e+01     1.22e-03   2465.670s
4976000 +6.12395220e+06 +6.12190454e+06  2.05e+03   3.36e+01     1.22e-03   2466.161s
4977000 +6.12397599e+06 +6.12189721e+06  2.08e+03   3.35e+01     1.22e-03   2466.653s
4978000 +6.12389343e+06 +6.12188836e+06  2.01e+03   3.34e+01     1.22e-03   2467.145s
4979000 +6.12388002e+06 +6.12188031e+06  2.00e+03   3.34e+01     1.22e-03   2467.637s
4980000 +6.12389027e+06 +6.12187209e+06  2.02e+03   3.34e+01     1.22e-03   2468.130s
4981000 +6.12397467e+06 +6.12186419e+06  2.11e+03   3.36e+01     1.22e-03   2468.621s
4982000 +6.12398823e+06 +6.12185646e+06  2.13e+03   3.36e+01     1.22e-03   2469.113s
4983000 +6.12390883e+06 +6.12184757e+06  2.06e+03   3.34e+01     1.22e-03   2469.605s
4984000 +6.12396267e+06 +6.12183959e+06  2.12e+03   3.34e+01     1.22e-03   2470.097s
4985000 +6.12392260e+06 +6.12183119e+06  2.09e+03   3.34e+01     1.22e-03   2470.590s
4986000 +6.12393952e+06 +6.12182342e+06  2.12e+03   3.33e+01     1.22e-03   2471.081s
4987000 +6.12401645e+06 +6.12181663e+06  2.20e+03   3.33e+01     1.22e-03   2471.574s
4988000 +6.12401068e+06 +6.12181020e+06  2.20e+03   3.34e+01     1.21e-03   2472.065s
4989000 +6.12401827e+06 +6.12180346e+06  2.21e+03   3.34e+01     1.21e-03   2472.557s
4990000 +6.12398341e+06 +6.12179589e+06  2.19e+03   3.32e+01     1.21e-03   2473.049s
4991000 +6.12397662e+06 +6.12178995e+06  2.19e+03   3.32e+01     1.21e-03   2473.541s
4992000 +6.12391911e+06 +6.12178234e+06  2.14e+03   3.31e+01     1.21e-03   2474.033s
4993000 +6.12387426e+06 +6.12177552e+06  2.10e+03   3.31e+01     1.21e-03   2474.525s
4994000 +6.12388118e+06 +6.12176738e+06  2.11e+03   3.32e+01     1.21e-03   2475.017s
4995000 +6.12389679e+06 +6.12176073e+06  2.14e+03   3.32e+01     1.21e-03   2475.509s
4996000 +6.12389219e+06 +6.12175305e+06  2.14e+03   3.31e+01     1.21e-03   2476.001s
4997000 +6.12387233e+06 +6.12174537e+06  2.13e+03   3.32e+01     1.21e-03   2476.493s
4998000 +6.12387626e+06 +6.12173847e+06  2.14e+03   3.31e+01     1.21e-03   2476.985s
4999000 +6.12386882e+06 +6.12173137e+06  2.14e+03   3.30e+01     1.21e-03   2477.477s
5000000 +6.12387981e+06 +6.12172416e+06  2.16e+03   3.31e+01     1.21e-03   2477.969s
5001000 +6.12384948e+06 +6.12171677e+06  2.13e+03   3.31e+01     1.20e-03   2478.460s
5002000 +6.12389994e+06 +6.12171091e+06  2.19e+03   3.30e+01     1.21e-03   2478.952s
5003000 +6.12393290e+06 +6.12170451e+06  2.23e+03   3.30e+01     1.21e-03   2479.444s
5004000 +6.12394065e+06 +6.12169822e+06  2.24e+03   3.32e+01     1.21e-03   2479.936s
5005000 +6.12392234e+06 +6.12169191e+06  2.23e+03   3.29e+01     1.20e-03   2480.429s
5006000 +6.12389724e+06 +6.12168570e+06  2.21e+03   3.27e+01     1.20e-03   2480.920s
5007000 +6.12389610e+06 +6.12167930e+06  2.22e+03   3.29e+01     1.20e-03   2481.412s
5008000 +6.12393517e+06 +6.12167255e+06  2.26e+03   3.30e+01     1.20e-03   2481.905s
5009000 +6.12388969e+06 +6.12166526e+06  2.22e+03   3.28e+01     1.19e-03   2482.397s
5010000 +6.12392673e+06 +6.12165891e+06  2.27e+03   3.27e+01     1.20e-03   2482.889s
5011000 +6.12389125e+06 +6.12165181e+06  2.24e+03   3.27e+01     1.20e-03   2483.380s
5012000 +6.12387044e+06 +6.12164470e+06  2.23e+03   3.27e+01     1.19e-03   2483.872s
5013000 +6.12385114e+06 +6.12163722e+06  2.21e+03   3.26e+01     1.19e-03   2484.364s
5014000 +6.12383594e+06 +6.12163050e+06  2.21e+03   3.27e+01     1.20e-03   2484.856s
5015000 +6.12386737e+06 +6.12162462e+06  2.24e+03   3.28e+01     1.20e-03   2485.348s
5016000 +6.12386965e+06 +6.12161882e+06  2.25e+03   3.28e+01     1.20e-03   2485.840s
5017000 +6.12389266e+06 +6.12161155e+06  2.28e+03   3.27e+01     1.20e-03   2486.332s
5018000 +6.12392338e+06 +6.12160513e+06  2.32e+03   3.27e+01     1.20e-03   2486.824s
5019000 +6.12392439e+06 +6.12159847e+06  2.33e+03   3.27e+01     1.20e-03   2487.316s
5020000 +6.12397273e+06 +6.12159283e+06  2.38e+03   3.27e+01     1.20e-03   2487.809s
5021000 +6.12395067e+06 +6.12158693e+06  2.36e+03   3.27e+01     1.20e-03   2488.301s
5022000 +6.12394605e+06 +6.12158039e+06  2.37e+03   3.26e+01     1.20e-03   2488.793s
5023000 +6.12387171e+06 +6.12157418e+06  2.30e+03   3.26e+01     1.19e-03   2489.285s
5024000 +6.12386725e+06 +6.12156761e+06  2.30e+03   3.26e+01     1.19e-03   2489.777s
5025000 +6.12385083e+06 +6.12156221e+06  2.29e+03   3.26e+01     1.19e-03   2490.269s
5026000 +6.12383446e+06 +6.12155517e+06  2.28e+03   3.24e+01     1.19e-03   2490.761s
5027000 +6.12381551e+06 +6.12154857e+06  2.27e+03   3.24e+01     1.19e-03   2491.253s
5028000 +6.12383162e+06 +6.12154192e+06  2.29e+03   3.25e+01     1.19e-03   2491.745s
5029000 +6.12378887e+06 +6.12153665e+06  2.25e+03   3.26e+01     1.19e-03   2492.237s
5030000 +6.12381644e+06 +6.12153109e+06  2.29e+03   3.25e+01     1.19e-03   2492.729s
5031000 +6.12386051e+06 +6.12152433e+06  2.34e+03   3.26e+01     1.19e-03   2493.221s
5032000 +6.12382684e+06 +6.12151930e+06  2.31e+03   3.26e+01     1.18e-03   2493.713s
5033000 +6.12386551e+06 +6.12151459e+06  2.35e+03   3.24e+01     1.19e-03   2494.205s
5034000 +6.12392979e+06 +6.12150947e+06  2.42e+03   3.23e+01     1.19e-03   2494.697s
5035000 +6.12393530e+06 +6.12150429e+06  2.43e+03   3.25e+01     1.18e-03   2495.190s
5036000 +6.12398058e+06 +6.12149883e+06  2.48e+03   3.26e+01     1.19e-03   2495.681s
5037000 +6.12396913e+06 +6.12149347e+06  2.48e+03   3.25e+01     1.19e-03   2496.174s
5038000 +6.12394817e+06 +6.12148736e+06  2.46e+03   3.25e+01     1.19e-03   2496.665s
5039000 +6.12397523e+06 +6.12148185e+06  2.49e+03   3.26e+01     1.18e-03   2497.157s
5040000 +6.12398095e+06 +6.12147646e+06  2.50e+03   3.24e+01     1.19e-03   2497.649s
5041000 +6.12399571e+06 +6.12147033e+06  2.53e+03   3.23e+01     1.19e-03   2498.141s
5042000 +6.12399315e+06 +6.12146429e+06  2.53e+03   3.26e+01     1.19e-03   2498.634s
5043000 +6.12396648e+06 +6.12145842e+06  2.51e+03   3.25e+01     1.18e-03   2499.126s
5044000 +6.12399173e+06 +6.12145296e+06  2.54e+03   3.23e+01     1.18e-03   2499.618s
5045000 +6.12400620e+06 +6.12144751e+06  2.56e+03   3.24e+01     1.18e-03   2500.110s
5046000 +6.12397466e+06 +6.12144211e+06  2.53e+03   3.24e+01     1.18e-03   2500.601s
5047000 +6.12398650e+06 +6.12143730e+06  2.55e+03   3.23e+01     1.18e-03   2501.093s
5048000 +6.12389221e+06 +6.12143117e+06  2.46e+03   3.22e+01     1.18e-03   2501.585s
5049000 +6.12397934e+06 +6.12142550e+06  2.55e+03   3.23e+01     1.18e-03   2502.077s
5050000 +6.12394750e+06 +6.12141936e+06  2.53e+03   3.23e+01     1.18e-03   2502.569s
5051000 +6.12396517e+06 +6.12141394e+06  2.55e+03   3.24e+01     1.18e-03   2503.061s
5052000 +6.12396970e+06 +6.12140852e+06  2.56e+03   3.24e+01     1.18e-03   2503.553s
5053000 +6.12393134e+06 +6.12140302e+06  2.53e+03   3.23e+01     1.18e-03   2504.045s
5054000 +6.12392315e+06 +6.12139767e+06  2.53e+03   3.22e+01     1.18e-03   2504.537s
5055000 +6.12393844e+06 +6.12139305e+06  2.55e+03   3.22e+01     1.18e-03   2505.029s
5056000 +6.12395939e+06 +6.12138736e+06  2.57e+03   3.21e+01     1.17e-03   2505.521s
5057000 +6.12396995e+06 +6.12138202e+06  2.59e+03   3.21e+01     1.17e-03   2506.013s
5058000 +6.12397804e+06 +6.12137594e+06  2.60e+03   3.24e+01     1.17e-03   2506.505s
5059000 +6.12395805e+06 +6.12137056e+06  2.59e+03   3.23e+01     1.17e-03   2506.997s
5060000 +6.12392194e+06 +6.12136626e+06  2.56e+03   3.19e+01     1.17e-03   2507.489s
5061000 +6.12394779e+06 +6.12136083e+06  2.59e+03   3.19e+01     1.17e-03   2507.981s
5062000 +6.12397421e+06 +6.12135585e+06  2.62e+03   3.19e+01     1.17e-03   2508.473s
5063000 +6.12390449e+06 +6.12135009e+06  2.55e+03   3.18e+01     1.16e-03   2508.965s
5064000 +6.12389700e+06 +6.12134519e+06  2.55e+03   3.18e+01     1.16e-03   2509.457s
5065000 +6.12381100e+06 +6.12134016e+06  2.47e+03   3.20e+01     1.17e-03   2509.949s
5066000 +6.12379980e+06 +6.12133558e+06  2.46e+03   3.19e+01     1.16e-03   2510.441s
5067000 +6.12380447e+06 +6.12133113e+06  2.47e+03   3.16e+01     1.16e-03   2510.933s
5068000 +6.12380636e+06 +6.12132621e+06  2.48e+03   3.16e+01     1.16e-03   2511.425s
5069000 +6.12386365e+06 +6.12132084e+06  2.54e+03   3.16e+01     1.16e-03   2511.917s
5070000 +6.12391241e+06 +6.12131433e+06  2.60e+03   3.17e+01     1.16e-03   2512.409s
5071000 +6.12388592e+06 +6.12130914e+06  2.58e+03   3.17e+01     1.16e-03   2512.901s
5072000 +6.12385657e+06 +6.12130442e+06  2.55e+03   3.16e+01     1.15e-03   2513.393s
5073000 +6.12384888e+06 +6.12129938e+06  2.55e+03   3.18e+01     1.15e-03   2513.885s
5074000 +6.12381070e+06 +6.12129426e+06  2.52e+03   3.16e+01     1.15e-03   2514.377s
5075000 +6.12377720e+06 +6.12128936e+06  2.49e+03   3.13e+01     1.15e-03   2514.869s
5076000 +6.12381387e+06 +6.12128449e+06  2.53e+03   3.12e+01     1.15e-03   2515.361s
5077000 +6.12381696e+06 +6.12128017e+06  2.54e+03   3.14e+01     1.14e-03   2515.853s
5078000 +6.12379391e+06 +6.12127664e+06  2.52e+03   3.15e+01     1.15e-03   2516.345s
5079000 +6.12378279e+06 +6.12127213e+06  2.51e+03   3.13e+01     1.15e-03   2516.837s
5080000 +6.12379981e+06 +6.12126799e+06  2.53e+03   3.14e+01     1.14e-03   2517.329s
5081000 +6.12378123e+06 +6.12126263e+06  2.52e+03   3.14e+01     1.14e-03   2517.821s
5082000 +6.12377943e+06 +6.12125905e+06  2.52e+03   3.11e+01     1.14e-03   2518.313s
5083000 +6.12375032e+06 +6.12125407e+06  2.50e+03   3.10e+01     1.14e-03   2518.805s
5084000 +6.12377060e+06 +6.12124940e+06  2.52e+03   3.12e+01     1.14e-03   2519.297s
5085000 +6.12375538e+06 +6.12124530e+06  2.51e+03   3.13e+01     1.14e-03   2519.789s
5086000 +6.12371469e+06 +6.12124007e+06  2.47e+03   3.14e+01     1.14e-03   2520.281s
5087000 +6.12370275e+06 +6.12123545e+06  2.47e+03   3.13e+01     1.14e-03   2520.774s
5088000 +6.12370640e+06 +6.12123089e+06  2.48e+03   3.11e+01     1.14e-03   2521.266s
5089000 +6.12363674e+06 +6.12122669e+06  2.41e+03   3.10e+01     1.14e-03   2521.758s
5090000 +6.12368284e+06 +6.12122244e+06  2.46e+03   3.11e+01     1.14e-03   2522.250s
5091000 +6.12366098e+06 +6.12121833e+06  2.44e+03   3.10e+01     1.13e-03   2522.742s
5092000 +6.12360471e+06 +6.12121378e+06  2.39e+03   3.11e+01     1.13e-03   2523.234s
5093000 +6.12361950e+06 +6.12120995e+06  2.41e+03   3.13e+01     1.13e-03   2523.726s
5094000 +6.12364708e+06 +6.12120568e+06  2.44e+03   3.12e+01     1.13e-03   2524.218s
5095000 +6.12356451e+06 +6.12120130e+06  2.36e+03   3.09e+01     1.13e-03   2524.710s
5096000 +6.12359516e+06 +6.12119755e+06  2.40e+03   3.08e+01     1.13e-03   2525.202s
5097000 +6.12356121e+06 +6.12119369e+06  2.37e+03   3.09e+01     1.13e-03   2525.694s
5098000 +6.12361722e+06 +6.12119040e+06  2.43e+03   3.08e+01     1.13e-03   2526.186s
5099000 +6.12362265e+06 +6.12118701e+06  2.44e+03   3.08e+01     1.13e-03   2526.678s
5100000 +6.12358691e+06 +6.12118369e+06  2.40e+03   3.10e+01     1.12e-03   2527.170s
5101000 +6.12356404e+06 +6.12118058e+06  2.38e+03   3.11e+01     1.13e-03   2527.662s
5102000 +6.12354597e+06 +6.12117615e+06  2.37e+03   3.08e+01     1.13e-03   2528.154s
5103000 +6.12351694e+06 +6.12117278e+06  2.34e+03   3.05e+01     1.13e-03   2528.646s
5104000 +6.12354025e+06 +6.12116882e+06  2.37e+03   3.07e+01     1.12e-03   2529.137s
5105000 +6.12355384e+06 +6.12116520e+06  2.39e+03   3.07e+01     1.12e-03   2529.630s
5106000 +6.12357403e+06 +6.12116172e+06  2.41e+03   3.06e+01     1.12e-03   2530.122s
5107000 +6.12366517e+06 +6.12115836e+06  2.51e+03   3.07e+01     1.12e-03   2530.614s
5108000 +6.12360767e+06 +6.12115517e+06  2.45e+03   3.08e+01     1.12e-03   2531.106s
5109000 +6.12359122e+06 +6.12115146e+06  2.44e+03   3.06e+01     1.12e-03   2531.598s
5110000 +6.12358313e+06 +6.12114785e+06  2.44e+03   3.03e+01     1.12e-03   2532.090s
5111000 +6.12365772e+06 +6.12114480e+06  2.51e+03   3.04e+01     1.12e-03   2532.582s
5112000 +6.12360264e+06 +6.12114186e+06  2.46e+03   3.05e+01     1.11e-03   2533.074s
5113000 +6.12360613e+06 +6.12113801e+06  2.47e+03   3.05e+01     1.11e-03   2533.566s
5114000 +6.12361354e+06 +6.12113513e+06  2.48e+03   3.04e+01     1.11e-03   2534.058s
5115000 +6.12359832e+06 +6.12113250e+06  2.47e+03   3.03e+01     1.11e-03   2534.550s
5116000 +6.12362379e+06 +6.12112920e+06  2.49e+03   3.03e+01     1.11e-03   2535.042s
5117000 +6.12360637e+06 +6.12112538e+06  2.48e+03   3.02e+01     1.11e-03   2535.534s
5118000 +6.12361943e+06 +6.12112257e+06  2.50e+03   3.00e+01     1.11e-03   2536.026s
5119000 +6.12359169e+06 +6.12112053e+06  2.47e+03   3.00e+01     1.10e-03   2536.518s
5120000 +6.12357159e+06 +6.12111784e+06  2.45e+03   3.02e+01     1.10e-03   2537.010s
5121000 +6.12362658e+06 +6.12111621e+06  2.51e+03   3.02e+01     1.10e-03   2537.501s
5122000 +6.12353051e+06 +6.12111354e+06  2.42e+03   3.00e+01     1.10e-03   2537.994s
5123000 +6.12354128e+06 +6.12111230e+06  2.43e+03   3.00e+01     1.10e-03   2538.486s
5124000 +6.12353588e+06 +6.12110977e+06  2.43e+03   3.00e+01     1.09e-03   2538.978s
5125000 +6.12350948e+06 +6.12110815e+06  2.40e+03   2.97e+01     1.09e-03   2539.470s
5126000 +6.12349865e+06 +6.12110535e+06  2.39e+03   2.97e+01     1.09e-03   2539.962s
5127000 +6.12353244e+06 +6.12110375e+06  2.43e+03   2.99e+01     1.09e-03   2540.454s
5128000 +6.12355055e+06 +6.12110065e+06  2.45e+03   3.00e+01     1.09e-03   2540.946s
5129000 +6.12355243e+06 +6.12109723e+06  2.46e+03   2.98e+01     1.09e-03   2541.438s
5130000 +6.12354367e+06 +6.12109435e+06  2.45e+03   2.97e+01     1.09e-03   2541.930s
5131000 +6.12349616e+06 +6.12109140e+06  2.40e+03   2.97e+01     1.09e-03   2542.422s
5132000 +6.12343135e+06 +6.12108902e+06  2.34e+03   2.96e+01     1.08e-03   2542.914s
5133000 +6.12343620e+06 +6.12108583e+06  2.35e+03   2.95e+01     1.08e-03   2543.406s
5134000 +6.12344515e+06 +6.12108353e+06  2.36e+03   2.95e+01     1.08e-03   2543.898s
5135000 +6.12347576e+06 +6.12108022e+06  2.40e+03   2.98e+01     1.08e-03   2544.390s
5136000 +6.12342082e+06 +6.12107836e+06  2.34e+03   2.97e+01     1.08e-03   2544.882s
5137000 +6.12339948e+06 +6.12107576e+06  2.32e+03   2.95e+01     1.08e-03   2545.374s
5138000 +6.12338111e+06 +6.12107364e+06  2.31e+03   2.93e+01     1.08e-03   2545.867s
5139000 +6.12335691e+06 +6.12107136e+06  2.29e+03   2.94e+01     1.07e-03   2546.359s
5140000 +6.12328698e+06 +6.12106936e+06  2.22e+03   2.94e+01     1.07e-03   2546.851s
5141000 +6.12332115e+06 +6.12106688e+06  2.25e+03   2.92e+01     1.07e-03   2547.343s
5142000 +6.12330775e+06 +6.12106482e+06  2.24e+03   2.93e+01     1.07e-03   2547.835s
5143000 +6.12328253e+06 +6.12106260e+06  2.22e+03   2.95e+01     1.07e-03   2548.327s
5144000 +6.12325685e+06 +6.12106011e+06  2.20e+03   2.92e+01     1.06e-03   2548.819s
5145000 +6.12326091e+06 +6.12105737e+06  2.20e+03   2.89e+01     1.07e-03   2549.311s
5146000 +6.12327610e+06 +6.12105502e+06  2.22e+03   2.91e+01     1.07e-03   2549.804s
5147000 +6.12326062e+06 +6.12105230e+06  2.21e+03   2.92e+01     1.06e-03   2550.296s
5148000 +6.12321860e+06 +6.12104952e+06  2.17e+03   2.90e+01     1.06e-03   2550.788s
5149000 +6.12320950e+06 +6.12104812e+06  2.16e+03   2.89e+01     1.06e-03   2551.280s
5150000 +6.12320525e+06 +6.12104656e+06  2.16e+03   2.90e+01     1.05e-03   2551.772s
5151000 +6.12315301e+06 +6.12104369e+06  2.11e+03   2.90e+01     1.06e-03   2552.263s
5152000 +6.12319742e+06 +6.12104109e+06  2.16e+03   2.88e+01     1.05e-03   2552.756s
5153000 +6.12316844e+06 +6.12103867e+06  2.13e+03   2.86e+01     1.05e-03   2553.248s
5154000 +6.12311400e+06 +6.12103634e+06  2.08e+03   2.87e+01     1.05e-03   2553.740s
5155000 +6.12311179e+06 +6.12103352e+06  2.08e+03   2.87e+01     1.04e-03   2554.232s
5156000 +6.12310406e+06 +6.12103183e+06  2.07e+03   2.87e+01     1.04e-03   2554.724s
5157000 +6.12309978e+06 +6.12102886e+06  2.07e+03   2.85e+01     1.04e-03   2555.217s
5158000 +6.12306039e+06 +6.12102693e+06  2.03e+03   2.86e+01     1.04e-03   2555.709s
5159000 +6.12309197e+06 +6.12102502e+06  2.07e+03   2.85e+01     1.04e-03   2556.201s
5160000 +6.12311516e+06 +6.12102287e+06  2.09e+03   2.82e+01     1.04e-03   2556.693s
5161000 +6.12313701e+06 +6.12102117e+06  2.12e+03   2.82e+01     1.04e-03   2557.185s
5162000 +6.12309442e+06 +6.12101874e+06  2.08e+03   2.85e+01     1.04e-03   2557.676s
5163000 +6.12308886e+06 +6.12101712e+06  2.07e+03   2.85e+01     1.03e-03   2558.169s
5164000 +6.12312313e+06 +6.12101481e+06  2.11e+03   2.83e+01     1.04e-03   2558.661s
5165000 +6.12310618e+06 +6.12101273e+06  2.09e+03   2.83e+01     1.03e-03   2559.153s
5166000 +6.12308036e+06 +6.12101085e+06  2.07e+03   2.84e+01     1.03e-03   2559.645s
5167000 +6.12310794e+06 +6.12100875e+06  2.10e+03   2.82e+01     1.04e-03   2560.137s
5168000 +6.12318958e+06 +6.12100770e+06  2.18e+03   2.81e+01     1.04e-03   2560.629s
5169000 +6.12313254e+06 +6.12100561e+06  2.13e+03   2.83e+01     1.03e-03   2561.121s
5170000 +6.12314520e+06 +6.12100411e+06  2.14e+03   2.84e+01     1.03e-03   2561.613s
5171000 +6.12311161e+06 +6.12100336e+06  2.11e+03   2.83e+01     1.03e-03   2562.105s
5172000 +6.12315400e+06 +6.12100106e+06  2.15e+03   2.82e+01     1.03e-03   2562.597s
5173000 +6.12317688e+06 +6.12099988e+06  2.18e+03   2.81e+01     1.03e-03   2563.089s
5174000 +6.12315922e+06 +6.12099835e+06  2.16e+03   2.81e+01     1.02e-03   2563.581s
5175000 +6.12314842e+06 +6.12099601e+06  2.15e+03   2.80e+01     1.03e-03   2564.073s
5176000 +6.12318737e+06 +6.12099451e+06  2.19e+03   2.81e+01     1.03e-03   2564.564s
5177000 +6.12322931e+06 +6.12099272e+06  2.24e+03   2.83e+01     1.03e-03   2565.056s
5178000 +6.12315237e+06 +6.12099107e+06  2.16e+03   2.82e+01     1.02e-03   2565.549s
5179000 +6.12315450e+06 +6.12098915e+06  2.17e+03   2.80e+01     1.02e-03   2566.041s
5180000 +6.12312851e+06 +6.12098772e+06  2.14e+03   2.79e+01     1.02e-03   2566.533s
5181000 +6.12313466e+06 +6.12098596e+06  2.15e+03   2.78e+01     1.02e-03   2567.025s
5182000 +6.12312701e+06 +6.12098382e+06  2.14e+03   2.80e+01     1.02e-03   2567.517s
5183000 +6.12309122e+06 +6.12098255e+06  2.11e+03   2.79e+01     1.02e-03   2568.009s
5184000 +6.12309681e+06 +6.12098080e+06  2.12e+03   2.79e+01     1.02e-03   2568.501s
5185000 +6.12312886e+06 +6.12097963e+06  2.15e+03   2.81e+01     1.02e-03   2568.993s
5186000 +6.12313079e+06 +6.12097818e+06  2.15e+03   2.81e+01     1.02e-03   2569.485s
5187000 +6.12311789e+06 +6.12097623e+06  2.14e+03   2.77e+01     1.02e-03   2569.977s
5188000 +6.12311393e+06 +6.12097375e+06  2.14e+03   2.77e+01     1.02e-03   2570.469s
5189000 +6.12305169e+06 +6.12097219e+06  2.08e+03   2.78e+01     1.02e-03   2570.962s
5190000 +6.12303384e+06 +6.12097088e+06  2.06e+03   2.78e+01     1.02e-03   2571.454s
5191000 +6.12301498e+06 +6.12096937e+06  2.05e+03   2.77e+01     1.01e-03   2571.946s
5192000 +6.12302003e+06 +6.12096712e+06  2.05e+03   2.76e+01     1.01e-03   2572.438s
5193000 +6.12300195e+06 +6.12096527e+06  2.04e+03   2.78e+01     1.01e-03   2572.930s
5194000 +6.12302824e+06 +6.12096350e+06  2.06e+03   2.77e+01     1.01e-03   2573.422s
5195000 +6.12305563e+06 +6.12096153e+06  2.09e+03   2.74e+01     1.01e-03   2573.914s
5196000 +6.12304693e+06 +6.12095991e+06  2.09e+03   2.75e+01     1.01e-03   2574.406s
5197000 +6.12304355e+06 +6.12095778e+06  2.09e+03   2.78e+01     1.01e-03   2574.898s
5198000 +6.12298484e+06 +6.12095643e+06  2.03e+03   2.76e+01     1.01e-03   2575.391s
5199000 +6.12298184e+06 +6.12095449e+06  2.03e+03   2.75e+01     1.01e-03   2575.882s
5200000 +6.12293954e+06 +6.12095317e+06  1.99e+03   2.76e+01     1.01e-03   2576.374s
5201000 +6.12293406e+06 +6.12095188e+06  1.98e+03   2.77e+01     1.01e-03   2576.866s
5202000 +6.12296315e+06 +6.12094990e+06  2.01e+03   2.74e+01     1.01e-03   2577.358s
5203000 +6.12293985e+06 +6.12094862e+06  1.99e+03   2.73e+01     1.01e-03   2577.850s
5204000 +6.12290440e+06 +6.12094749e+06  1.96e+03   2.75e+01     1.01e-03   2578.342s
5205000 +6.12286837e+06 +6.12094619e+06  1.92e+03   2.76e+01     1.00e-03   2578.835s
5206000 +6.12284720e+06 +6.12094480e+06  1.90e+03   2.75e+01     1.00e-03   2579.327s
5207000 +6.12284291e+06 +6.12094338e+06  1.90e+03   2.74e+01     1.00e-03   2579.819s
5208000 +6.12284687e+06 +6.12094175e+06  1.91e+03   2.74e+01     9.99e-04   2580.311s
5209000 +6.12281996e+06 +6.12093958e+06  1.88e+03   2.73e+01     9.96e-04   2580.803s
5210000 +6.12285308e+06 +6.12093783e+06  1.92e+03   2.71e+01     9.97e-04   2581.295s
5211000 +6.12283273e+06 +6.12093560e+06  1.90e+03   2.72e+01     9.97e-04   2581.787s
5212000 +6.12279528e+06 +6.12093369e+06  1.86e+03   2.75e+01     9.94e-04   2582.279s
5213000 +6.12279591e+06 +6.12093189e+06  1.86e+03   2.75e+01     9.91e-04   2582.771s
5214000 +6.12285337e+06 +6.12093047e+06  1.92e+03   2.72e+01     9.93e-04   2583.263s
5215000 +6.12283809e+06 +6.12092916e+06  1.91e+03   2.70e+01     9.88e-04   2583.755s
5216000 +6.12279724e+06 +6.12092824e+06  1.87e+03   2.71e+01     9.87e-04   2584.248s
5217000 +6.12279130e+06 +6.12092709e+06  1.86e+03   2.71e+01     9.85e-04   2584.740s
5218000 +6.12275318e+06 +6.12092563e+06  1.83e+03   2.70e+01     9.85e-04   2585.232s
5219000 +6.12275176e+06 +6.12092359e+06  1.83e+03   2.71e+01     9.86e-04   2585.724s
5220000 +6.12273501e+06 +6.12092143e+06  1.81e+03   2.72e+01     9.80e-04   2586.216s
5221000 +6.12274011e+06 +6.12092112e+06  1.82e+03   2.71e+01     9.78e-04   2586.708s
5222000 +6.12268866e+06 +6.12091918e+06  1.77e+03   2.68e+01     9.79e-04   2587.199s
5223000 +6.12266621e+06 +6.12091677e+06  1.75e+03   2.67e+01     9.74e-04   2587.692s
5224000 +6.12269269e+06 +6.12091454e+06  1.78e+03   2.69e+01     9.75e-04   2588.183s
5225000 +6.12270347e+06 +6.12091264e+06  1.79e+03   2.69e+01     9.79e-04   2588.675s
5226000 +6.12268918e+06 +6.12091037e+06  1.78e+03   2.68e+01     9.75e-04   2589.167s
5227000 +6.12266369e+06 +6.12090848e+06  1.76e+03   2.69e+01     9.75e-04   2589.659s
5228000 +6.12266823e+06 +6.12090772e+06  1.76e+03   2.71e+01     9.75e-04   2590.151s
5229000 +6.12271565e+06 +6.12090522e+06  1.81e+03   2.68e+01     9.71e-04   2590.643s
5230000 +6.12268868e+06 +6.12090324e+06  1.79e+03   2.65e+01     9.70e-04   2591.135s
5231000 +6.12273148e+06 +6.12090214e+06  1.83e+03   2.66e+01     9.73e-04   2591.628s
5232000 +6.12267125e+06 +6.12090074e+06  1.77e+03   2.67e+01     9.67e-04   2592.119s
5233000 +6.12266925e+06 +6.12089893e+06  1.77e+03   2.67e+01     9.64e-04   2592.611s
5234000 +6.12267955e+06 +6.12089744e+06  1.78e+03   2.67e+01     9.67e-04   2593.103s
5235000 +6.12268620e+06 +6.12089593e+06  1.79e+03   2.68e+01     9.64e-04   2593.595s
5236000 +6.12274975e+06 +6.12089390e+06  1.86e+03   2.67e+01     9.65e-04   2594.088s
5237000 +6.12275337e+06 +6.12089198e+06  1.86e+03   2.64e+01     9.68e-04   2594.580s
5238000 +6.12272516e+06 +6.12089013e+06  1.84e+03   2.63e+01     9.65e-04   2595.072s
5239000 +6.12271038e+06 +6.12088880e+06  1.82e+03   2.66e+01     9.66e-04   2595.563s
5240000 +6.12265984e+06 +6.12088662e+06  1.77e+03   2.66e+01     9.63e-04   2596.055s
5241000 +6.12269578e+06 +6.12088458e+06  1.81e+03   2.67e+01     9.65e-04   2596.547s
5242000 +6.12269045e+06 +6.12088249e+06  1.81e+03   2.67e+01     9.68e-04   2597.039s
5243000 +6.12262319e+06 +6.12088114e+06  1.74e+03   2.66e+01     9.65e-04   2597.531s
5244000 +6.12263304e+06 +6.12087934e+06  1.75e+03   2.65e+01     9.62e-04   2598.023s
5245000 +6.12268084e+06 +6.12087663e+06  1.80e+03   2.63e+01     9.63e-04   2598.515s
5246000 +6.12264686e+06 +6.12087481e+06  1.77e+03   2.64e+01     9.62e-04   2599.007s
5247000 +6.12265802e+06 +6.12087280e+06  1.79e+03   2.66e+01     9.61e-04   2599.499s
5248000 +6.12266544e+06 +6.12087157e+06  1.79e+03   2.67e+01     9.62e-04   2599.991s
5249000 +6.12262689e+06 +6.12086962e+06  1.76e+03   2.66e+01     9.63e-04   2600.484s
5250000 +6.12265237e+06 +6.12086805e+06  1.78e+03   2.64e+01     9.60e-04   2600.976s
5251000 +6.12262992e+06 +6.12086645e+06  1.76e+03   2.62e+01     9.58e-04   2601.468s
5252000 +6.12263845e+06 +6.12086489e+06  1.77e+03   2.62e+01     9.56e-04   2601.959s
5253000 +6.12264581e+06 +6.12086291e+06  1.78e+03   2.63e+01     9.59e-04   2602.452s
5254000 +6.12263333e+06 +6.12086064e+06  1.77e+03   2.64e+01     9.59e-04   2602.944s
5255000 +6.12262212e+06 +6.12085946e+06  1.76e+03   2.65e+01     9.56e-04   2603.436s
5256000 +6.12261436e+06 +6.12085773e+06  1.76e+03   2.66e+01     9.56e-04   2603.928s
5257000 +6.12266475e+06 +6.12085620e+06  1.81e+03   2.63e+01     9.61e-04   2604.420s
5258000 +6.12263408e+06 +6.12085427e+06  1.78e+03   2.61e+01     9.57e-04   2604.912s
5259000 +6.12265430e+06 +6.12085235e+06  1.80e+03   2.62e+01     9.54e-04   2605.404s
5260000 +6.12259420e+06 +6.12085031e+06  1.74e+03   2.63e+01     9.56e-04   2605.896s
5261000 +6.12264540e+06 +6.12084836e+06  1.80e+03   2.63e+01     9.55e-04   2606.388s
5262000 +6.12265926e+06 +6.12084738e+06  1.81e+03   2.65e+01     9.55e-04   2606.880s
5263000 +6.12264765e+06 +6.12084526e+06  1.80e+03   2.64e+01     9.52e-04   2607.372s
5264000 +6.12261357e+06 +6.12084329e+06  1.77e+03   2.62e+01     9.52e-04   2607.864s
5265000 +6.12262238e+06 +6.12084158e+06  1.78e+03   2.61e+01     9.52e-04   2608.356s
5266000 +6.12261974e+06 +6.12083968e+06  1.78e+03   2.62e+01     9.52e-04   2608.848s
5267000 +6.12260525e+06 +6.12083772e+06  1.77e+03   2.63e+01     9.53e-04   2609.340s
5268000 +6.12268960e+06 +6.12083490e+06  1.85e+03   2.64e+01     9.55e-04   2609.832s
5269000 +6.12266578e+06 +6.12083302e+06  1.83e+03   2.64e+01     9.54e-04   2610.324s
5270000 +6.12263847e+06 +6.12083144e+06  1.81e+03   2.63e+01     9.51e-04   2610.816s
5271000 +6.12266088e+06 +6.12083025e+06  1.83e+03   2.62e+01     9.52e-04   2611.308s
5272000 +6.12266289e+06 +6.12082846e+06  1.83e+03   2.61e+01     9.54e-04   2611.800s
5273000 +6.12266757e+06 +6.12082619e+06  1.84e+03   2.61e+01     9.50e-04   2612.292s
5274000 +6.12264882e+06 +6.12082457e+06  1.82e+03   2.62e+01     9.51e-04   2612.784s
5275000 +6.12259887e+06 +6.12082321e+06  1.78e+03   2.64e+01     9.52e-04   2613.276s
5276000 +6.12263434e+06 +6.12082198e+06  1.81e+03   2.63e+01     9.51e-04   2613.769s
5277000 +6.12258755e+06 +6.12082040e+06  1.77e+03   2.61e+01     9.48e-04   2614.261s
5278000 +6.12260883e+06 +6.12081895e+06  1.79e+03   2.61e+01     9.46e-04   2614.753s
5279000 +6.12257117e+06 +6.12081776e+06  1.75e+03   2.61e+01     9.44e-04   2615.245s
5280000 +6.12257808e+06 +6.12081594e+06  1.76e+03   2.58e+01     9.44e-04   2615.737s
5281000 +6.12255713e+06 +6.12081407e+06  1.74e+03   2.59e+01     9.43e-04   2616.229s
5282000 +6.12258725e+06 +6.12081264e+06  1.77e+03   2.63e+01     9.42e-04   2616.721s
5283000 +6.12256191e+06 +6.12081123e+06  1.75e+03   2.61e+01     9.42e-04   2617.213s
5284000 +6.12257296e+06 +6.12080940e+06  1.76e+03   2.59e+01     9.40e-04   2617.705s
5285000 +6.12259695e+06 +6.12080775e+06  1.79e+03   2.59e+01     9.39e-04   2618.197s
5286000 +6.12255965e+06 +6.12080619e+06  1.75e+03   2.59e+01     9.41e-04   2618.689s
5287000 +6.12260609e+06 +6.12080413e+06  1.80e+03   2.58e+01     9.44e-04   2619.181s
5288000 +6.12261796e+06 +6.12080191e+06  1.82e+03   2.60e+01     9.43e-04   2619.673s
5289000 +6.12262647e+06 +6.12079967e+06  1.83e+03   2.61e+01     9.45e-04   2620.164s
5290000 +6.12263727e+06 +6.12079797e+06  1.84e+03   2.62e+01     9.45e-04   2620.656s
5291000 +6.12259774e+06 +6.12079611e+06  1.80e+03   2.60e+01     9.43e-04   2621.149s
5292000 +6.12260776e+06 +6.12079498e+06  1.81e+03   2.59e+01     9.45e-04   2621.641s
5293000 +6.12260950e+06 +6.12079360e+06  1.82e+03   2.59e+01     9.45e-04   2622.133s
5294000 +6.12264412e+06 +6.12079041e+06  1.85e+03   2.60e+01     9.45e-04   2622.625s
5295000 +6.12262061e+06 +6.12078860e+06  1.83e+03   2.60e+01     9.45e-04   2623.117s
5296000 +6.12265814e+06 +6.12078657e+06  1.87e+03   2.59e+01     9.45e-04   2623.609s
5297000 +6.12267616e+06 +6.12078476e+06  1.89e+03   2.61e+01     9.45e-04   2624.101s
5298000 +6.12268859e+06 +6.12078271e+06  1.91e+03   2.61e+01     9.44e-04   2624.593s
5299000 +6.12269329e+06 +6.12078119e+06  1.91e+03   2.59e+01     9.45e-04   2625.085s
5300000 +6.12269580e+06 +6.12077958e+06  1.92e+03   2.58e+01     9.44e-04   2625.577s
5301000 +6.12267436e+06 +6.12077753e+06  1.90e+03   2.59e+01     9.43e-04   2626.069s
5302000 +6.12267572e+06 +6.12077556e+06  1.90e+03   2.59e+01     9.41e-04   2626.561s
5303000 +6.12267275e+06 +6.12077439e+06  1.90e+03   2.59e+01     9.40e-04   2627.053s
5304000 +6.12271999e+06 +6.12077248e+06  1.95e+03   2.60e+01     9.42e-04   2627.545s
5305000 +6.12266783e+06 +6.12077039e+06  1.90e+03   2.60e+01     9.41e-04   2628.037s
5306000 +6.12271762e+06 +6.12076850e+06  1.95e+03   2.59e+01     9.40e-04   2628.529s
5307000 +6.12271983e+06 +6.12076701e+06  1.95e+03   2.57e+01     9.43e-04   2629.021s
5308000 +6.12272977e+06 +6.12076520e+06  1.96e+03   2.58e+01     9.44e-04   2629.513s
5309000 +6.12274957e+06 +6.12076365e+06  1.99e+03   2.60e+01     9.43e-04   2630.005s
5310000 +6.12277118e+06 +6.12076135e+06  2.01e+03   2.61e+01     9.45e-04   2630.497s
5311000 +6.12277524e+06 +6.12075985e+06  2.02e+03   2.61e+01     9.46e-04   2630.989s
5312000 +6.12277948e+06 +6.12075832e+06  2.02e+03   2.60e+01     9.44e-04   2631.481s
5313000 +6.12279112e+06 +6.12075714e+06  2.03e+03   2.60e+01     9.46e-04   2631.972s
5314000 +6.12277441e+06 +6.12075531e+06  2.02e+03   2.59e+01     9.47e-04   2632.464s
5315000 +6.12274167e+06 +6.12075396e+06  1.99e+03   2.59e+01     9.48e-04   2632.956s
5316000 +6.12275956e+06 +6.12075196e+06  2.01e+03   2.61e+01     9.48e-04   2633.448s
5317000 +6.12277882e+06 +6.12074980e+06  2.03e+03   2.62e+01     9.46e-04   2633.940s
5318000 +6.12278530e+06 +6.12074777e+06  2.04e+03   2.61e+01     9.49e-04   2634.432s
5319000 +6.12278814e+06 +6.12074604e+06  2.04e+03   2.60e+01     9.49e-04   2634.924s
5320000 +6.12278988e+06 +6.12074397e+06  2.05e+03   2.61e+01     9.47e-04   2635.416s
5321000 +6.12275885e+06 +6.12074199e+06  2.02e+03   2.60e+01     9.49e-04   2635.908s
5322000 +6.12276196e+06 +6.12074070e+06  2.02e+03   2.59e+01     9.50e-04   2636.400s
5323000 +6.12282221e+06 +6.12073922e+06  2.08e+03   2.61e+01     9.49e-04   2636.892s
5324000 +6.12280471e+06 +6.12073756e+06  2.07e+03   2.61e+01     9.49e-04   2637.384s
5325000 +6.12281452e+06 +6.12073559e+06  2.08e+03   2.61e+01     9.50e-04   2637.876s
5326000 +6.12276490e+06 +6.12073349e+06  2.03e+03   2.61e+01     9.45e-04   2638.368s
5327000 +6.12275582e+06 +6.12073134e+06  2.02e+03   2.60e+01     9.45e-04   2638.860s
5328000 +6.12274099e+06 +6.12072986e+06  2.01e+03   2.58e+01     9.47e-04   2639.352s
5329000 +6.12270135e+06 +6.12072803e+06  1.97e+03   2.59e+01     9.44e-04   2639.844s
5330000 +6.12267591e+06 +6.12072594e+06  1.95e+03   2.61e+01     9.47e-04   2640.335s
5331000 +6.12269072e+06 +6.12072338e+06  1.97e+03   2.61e+01     9.49e-04   2640.828s
5332000 +6.12269165e+06 +6.12072124e+06  1.97e+03   2.62e+01     9.43e-04   2641.320s
5333000 +6.12267943e+06 +6.12071900e+06  1.96e+03   2.62e+01     9.44e-04   2641.812s
5334000 +6.12266740e+06 +6.12071662e+06  1.95e+03   2.59e+01     9.46e-04   2642.304s
5335000 +6.12270236e+06 +6.12071484e+06  1.99e+03   2.58e+01     9.44e-04   2642.796s
5336000 +6.12267346e+06 +6.12071318e+06  1.96e+03   2.59e+01     9.43e-04   2643.288s
5337000 +6.12264289e+06 +6.12071045e+06  1.93e+03   2.60e+01     9.46e-04   2643.780s
5338000 +6.12266099e+06 +6.12070913e+06  1.95e+03   2.62e+01     9.46e-04   2644.272s
5339000 +6.12269059e+06 +6.12070744e+06  1.98e+03   2.63e+01     9.45e-04   2644.764s
5340000 +6.12270258e+06 +6.12070520e+06  2.00e+03   2.61e+01     9.48e-04   2645.256s
5341000 +6.12272261e+06 +6.12070323e+06  2.02e+03   2.60e+01     9.54e-04   2645.748s
5342000 +6.12269709e+06 +6.12070072e+06  2.00e+03   2.59e+01     9.49e-04   2646.240s
5343000 +6.12275748e+06 +6.12069928e+06  2.06e+03   2.60e+01     9.49e-04   2646.732s
5344000 +6.12270440e+06 +6.12069764e+06  2.01e+03   2.60e+01     9.49e-04   2647.224s
5345000 +6.12273023e+06 +6.12069551e+06  2.03e+03   2.61e+01     9.49e-04   2647.716s
5346000 +6.12273788e+06 +6.12069366e+06  2.04e+03   2.62e+01     9.47e-04   2648.208s
5347000 +6.12273711e+06 +6.12069151e+06  2.05e+03   2.60e+01     9.47e-04   2648.700s
5348000 +6.12270938e+06 +6.12068900e+06  2.02e+03   2.59e+01     9.48e-04   2649.192s
5349000 +6.12268646e+06 +6.12068707e+06  2.00e+03   2.59e+01     9.45e-04   2649.684s
5350000 +6.12270515e+06 +6.12068523e+06  2.02e+03   2.59e+01     9.45e-04   2650.176s
5351000 +6.12266923e+06 +6.12068359e+06  1.99e+03   2.59e+01     9.47e-04   2650.668s
5352000 +6.12267149e+06 +6.12068155e+06  1.99e+03   2.61e+01     9.46e-04   2651.160s
5353000 +6.12267892e+06 +6.12067986e+06  2.00e+03   2.61e+01     9.43e-04   2651.652s
5354000 +6.12262091e+06 +6.12067789e+06  1.94e+03   2.60e+01     9.43e-04   2652.144s
5355000 +6.12264891e+06 +6.12067571e+06  1.97e+03   2.59e+01     9.41e-04   2652.636s
5356000 +6.12259291e+06 +6.12067396e+06  1.92e+03   2.57e+01     9.40e-04   2653.128s
5357000 +6.12262850e+06 +6.12067148e+06  1.96e+03   2.57e+01     9.41e-04   2653.620s
5358000 +6.12265759e+06 +6.12066939e+06  1.99e+03   2.60e+01     9.41e-04   2654.112s
5359000 +6.12270838e+06 +6.12066716e+06  2.04e+03   2.60e+01     9.43e-04   2654.604s
5360000 +6.12271620e+06 +6.12066520e+06  2.05e+03   2.60e+01     9.45e-04   2655.096s
5361000 +6.12270202e+06 +6.12066344e+06  2.04e+03   2.60e+01     9.41e-04   2655.588s
5362000 +6.12269744e+06 +6.12066164e+06  2.04e+03   2.58e+01     9.41e-04   2656.079s
5363000 +6.12270605e+06 +6.12065998e+06  2.05e+03   2.57e+01     9.44e-04   2656.572s
5364000 +6.12272072e+06 +6.12065846e+06  2.06e+03   2.59e+01     9.44e-04   2657.064s
5365000 +6.12275248e+06 +6.12065664e+06  2.10e+03   2.61e+01     9.45e-04   2657.555s
5366000 +6.12269316e+06 +6.12065536e+06  2.04e+03   2.59e+01     9.46e-04   2658.047s
5367000 +6.12267785e+06 +6.12065361e+06  2.02e+03   2.59e+01     9.43e-04   2658.539s
5368000 +6.12267279e+06 +6.12065216e+06  2.02e+03   2.60e+01     9.42e-04   2659.031s
5369000 +6.12271337e+06 +6.12065029e+06  2.06e+03   2.59e+01     9.45e-04   2659.522s
5370000 +6.12267812e+06 +6.12064878e+06  2.03e+03   2.58e+01     9.44e-04   2660.014s
5371000 +6.12275387e+06 +6.12064695e+06  2.11e+03   2.60e+01     9.44e-04   2660.507s
5372000 +6.12275159e+06 +6.12064481e+06  2.11e+03   2.60e+01     9.46e-04   2660.998s
5373000 +6.12275826e+06 +6.12064299e+06  2.12e+03   2.59e+01     9.48e-04   2661.491s
5374000 +6.12274338e+06 +6.12064078e+06  2.10e+03   2.60e+01     9.47e-04   2661.983s
5375000 +6.12270834e+06 +6.12063883e+06  2.07e+03   2.60e+01     9.46e-04   2662.475s
5376000 +6.12265785e+06 +6.12063688e+06  2.02e+03   2.59e+01     9.43e-04   2662.967s
5377000 +6.12266776e+06 +6.12063511e+06  2.03e+03   2.59e+01     9.41e-04   2663.459s
5378000 +6.12265478e+06 +6.12063303e+06  2.02e+03   2.58e+01     9.41e-04   2663.951s
5379000 +6.12264933e+06 +6.12063139e+06  2.02e+03   2.57e+01     9.42e-04   2664.443s
5380000 +6.12268802e+06 +6.12062982e+06  2.06e+03   2.59e+01     9.42e-04   2664.936s
5381000 +6.12268555e+06 +6.12062802e+06  2.06e+03   2.61e+01     9.41e-04   2665.428s
5382000 +6.12270910e+06 +6.12062645e+06  2.08e+03   2.59e+01     9.42e-04   2665.920s
5383000 +6.12269833e+06 +6.12062473e+06  2.07e+03   2.57e+01     9.41e-04   2666.412s
5384000 +6.12265818e+06 +6.12062288e+06  2.04e+03   2.58e+01     9.40e-04   2666.904s
5385000 +6.12270179e+06 +6.12062084e+06  2.08e+03   2.58e+01     9.40e-04   2667.396s
5386000 +6.12270117e+06 +6.12061838e+06  2.08e+03   2.57e+01     9.42e-04   2667.888s
5387000 +6.12265135e+06 +6.12061635e+06  2.03e+03   2.59e+01     9.38e-04   2668.380s
5388000 +6.12264085e+06 +6.12061439e+06  2.03e+03   2.60e+01     9.37e-04   2668.872s
5389000 +6.12264472e+06 +6.12061250e+06  2.03e+03   2.58e+01     9.40e-04   2669.364s
5390000 +6.12264581e+06 +6.12061067e+06  2.04e+03   2.57e+01     9.39e-04   2669.856s
5391000 +6.12261239e+06 +6.12060898e+06  2.00e+03   2.58e+01     9.37e-04   2670.348s
5392000 +6.12260993e+06 +6.12060676e+06  2.00e+03   2.57e+01     9.38e-04   2670.840s
5393000 +6.12260941e+06 +6.12060503e+06  2.00e+03   2.57e+01     9.37e-04   2671.332s
5394000 +6.12264603e+06 +6.12060341e+06  2.04e+03   2.58e+01     9.35e-04   2671.823s
5395000 +6.12266841e+06 +6.12060147e+06  2.07e+03   2.57e+01     9.40e-04   2672.316s
5396000 +6.12264911e+06 +6.12059980e+06  2.05e+03   2.58e+01     9.39e-04   2672.808s
5397000 +6.12266418e+06 +6.12059780e+06  2.07e+03   2.59e+01     9.36e-04   2673.300s
5398000 +6.12265205e+06 +6.12059633e+06  2.06e+03   2.57e+01     9.38e-04   2673.792s
5399000 +6.12262819e+06 +6.12059458e+06  2.03e+03   2.56e+01     9.38e-04   2674.284s
5400000 +6.12265952e+06 +6.12059299e+06  2.07e+03   2.59e+01     9.39e-04   2674.776s
5401000 +6.12262442e+06 +6.12059128e+06  2.03e+03   2.57e+01     9.38e-04   2675.268s
5402000 +6.12261886e+06 +6.12058836e+06  2.03e+03   2.57e+01     9.41e-04   2675.760s
5403000 +6.12261463e+06 +6.12058631e+06  2.03e+03   2.59e+01     9.38e-04   2676.252s
5404000 +6.12259642e+06 +6.12058439e+06  2.01e+03   2.60e+01     9.38e-04   2676.744s
5405000 +6.12259606e+06 +6.12058194e+06  2.01e+03   2.57e+01     9.41e-04   2677.236s
5406000 +6.12261761e+06 +6.12058001e+06  2.04e+03   2.57e+01     9.40e-04   2677.728s
5407000 +6.12261842e+06 +6.12057811e+06  2.04e+03   2.58e+01     9.38e-04   2678.220s
5408000 +6.12263955e+06 +6.12057592e+06  2.06e+03   2.58e+01     9.40e-04   2678.712s
5409000 +6.12260065e+06 +6.12057402e+06  2.03e+03   2.58e+01     9.38e-04   2679.204s
5410000 +6.12256284e+06 +6.12057220e+06  1.99e+03   2.57e+01     9.35e-04   2679.696s
5411000 +6.12259142e+06 +6.12057048e+06  2.02e+03   2.57e+01     9.37e-04   2680.188s
5412000 +6.12257255e+06 +6.12056875e+06  2.00e+03   2.57e+01     9.37e-04   2680.680s
5413000 +6.12256750e+06 +6.12056696e+06  2.00e+03   2.57e+01     9.38e-04   2681.172s
5414000 +6.12258249e+06 +6.12056501e+06  2.02e+03   2.58e+01     9.38e-04   2681.664s
5415000 +6.12255880e+06 +6.12056318e+06  2.00e+03   2.57e+01     9.36e-04   2682.156s
5416000 +6.12256260e+06 +6.12056094e+06  2.00e+03   2.57e+01     9.33e-04   2682.649s
5417000 +6.12256735e+06 +6.12055885e+06  2.01e+03   2.56e+01     9.32e-04   2683.141s
5418000 +6.12255338e+06 +6.12055722e+06  2.00e+03   2.56e+01     9.35e-04   2683.634s
5419000 +6.12253133e+06 +6.12055538e+06  1.98e+03   2.57e+01     9.33e-04   2684.126s
5420000 +6.12255796e+06 +6.12055336e+06  2.00e+03   2.58e+01     9.31e-04   2684.618s
5421000 +6.12255988e+06 +6.12055159e+06  2.01e+03   2.55e+01     9.33e-04   2685.110s
5422000 +6.12252002e+06 +6.12054995e+06  1.97e+03   2.55e+01     9.30e-04   2685.602s
5423000 +6.12251390e+06 +6.12054847e+06  1.97e+03   2.56e+01     9.25e-04   2686.094s
5424000 +6.12255597e+06 +6.12054734e+06  2.01e+03   2.56e+01     9.30e-04   2686.586s
5425000 +6.12258994e+06 +6.12054586e+06  2.04e+03   2.56e+01     9.32e-04   2687.078s
5426000 +6.12257465e+06 +6.12054429e+06  2.03e+03   2.56e+01     9.27e-04   2687.571s
5427000 +6.12241220e+06 +6.12053628e+06  1.88e+03   2.53e+01     7.63e-04   2688.063s
5428000 +6.12233419e+06 +6.12053162e+06  1.80e+03   2.51e+01     7.59e-04   2688.554s
5429000 +6.12228423e+06 +6.12052793e+06  1.76e+03   2.51e+01     7.58e-04   2689.045s
5430000 +6.12226823e+06 +6.12052433e+06  1.74e+03   2.51e+01     7.57e-04   2689.537s
5431000 +6.12224939e+06 +6.12052071e+06  1.73e+03   2.51e+01     7.57e-04   2690.028s
5432000 +6.12225929e+06 +6.12051736e+06  1.74e+03   2.51e+01     7.57e-04   2690.519s
5433000 +6.12227175e+06 +6.12051389e+06  1.76e+03   2.52e+01     7.57e-04   2691.010s
5434000 +6.12227175e+06 +6.12051048e+06  1.76e+03   2.52e+01     7.58e-04   2691.501s
5435000 +6.12226324e+06 +6.12050693e+06  1.76e+03   2.52e+01     7.58e-04   2691.993s
5436000 +6.12226436e+06 +6.12050352e+06  1.76e+03   2.52e+01     7.58e-04   2692.484s
5437000 +6.12226143e+06 +6.12049992e+06  1.76e+03   2.52e+01     7.58e-04   2692.975s
5438000 +6.12227217e+06 +6.12049656e+06  1.78e+03   2.53e+01     7.59e-04   2693.466s
5439000 +6.12226710e+06 +6.12049318e+06  1.77e+03   2.53e+01     7.60e-04   2693.957s
5440000 +6.12227114e+06 +6.12048981e+06  1.78e+03   2.53e+01     7.61e-04   2694.449s
5441000 +6.12226466e+06 +6.12048653e+06  1.78e+03   2.53e+01     7.61e-04   2694.940s
5442000 +6.12227897e+06 +6.12048320e+06  1.80e+03   2.53e+01     7.61e-04   2695.431s
5443000 +6.12226719e+06 +6.12047982e+06  1.79e+03   2.54e+01     7.61e-04   2695.922s
5444000 +6.12226362e+06 +6.12047607e+06  1.79e+03   2.54e+01     7.62e-04   2696.414s
5445000 +6.12225015e+06 +6.12047261e+06  1.78e+03   2.54e+01     7.62e-04   2696.905s
5446000 +6.12226291e+06 +6.12046936e+06  1.79e+03   2.54e+01     7.63e-04   2697.397s
5447000 +6.12227621e+06 +6.12046605e+06  1.81e+03   2.54e+01     7.64e-04   2697.888s
5448000 +6.12227450e+06 +6.12046169e+06  1.81e+03   2.55e+01     7.64e-04   2698.379s
5449000 +6.12226081e+06 +6.12045719e+06  1.80e+03   2.55e+01     7.64e-04   2698.871s
5450000 +6.12228963e+06 +6.12045392e+06  1.84e+03   2.55e+01     7.65e-04   2699.362s
5451000 +6.12229833e+06 +6.12045015e+06  1.85e+03   2.55e+01     7.66e-04   2699.853s
5452000 +6.12230263e+06 +6.12044550e+06  1.86e+03   2.55e+01     7.66e-04   2700.344s
5453000 +6.12230397e+06 +6.12044149e+06  1.86e+03   2.56e+01     7.66e-04   2700.836s
5454000 +6.12232298e+06 +6.12043753e+06  1.89e+03   2.56e+01     7.66e-04   2701.327s
5455000 +6.12233304e+06 +6.12043326e+06  1.90e+03   2.56e+01     7.67e-04   2701.818s
5456000 +6.12232381e+06 +6.12042900e+06  1.89e+03   2.56e+01     7.67e-04   2702.310s
5457000 +6.12233385e+06 +6.12042550e+06  1.91e+03   2.56e+01     7.67e-04   2702.801s
5458000 +6.12232946e+06 +6.12042156e+06  1.91e+03   2.56e+01     7.67e-04   2703.293s
5459000 +6.12231420e+06 +6.12041810e+06  1.90e+03   2.56e+01     7.67e-04   2703.784s
5460000 +6.12233089e+06 +6.12041554e+06  1.92e+03   2.56e+01     7.67e-04   2704.275s
5461000 +6.12234252e+06 +6.12041257e+06  1.93e+03   2.56e+01     7.68e-04   2704.767s
5462000 +6.12233396e+06 +6.12040902e+06  1.92e+03   2.56e+01     7.68e-04   2705.258s
5463000 +6.12232621e+06 +6.12040526e+06  1.92e+03   2.56e+01     7.68e-04   2705.749s
5464000 +6.12231399e+06 +6.12040194e+06  1.91e+03   2.56e+01     7.68e-04   2706.241s
5465000 +6.12231888e+06 +6.12039918e+06  1.92e+03   2.57e+01     7.68e-04   2706.732s
5466000 +6.12231440e+06 +6.12039531e+06  1.92e+03   2.57e+01     7.69e-04   2707.223s
5467000 +6.12231050e+06 +6.12039177e+06  1.92e+03   2.57e+01     7.68e-04   2707.715s
5468000 +6.12234870e+06 +6.12038692e+06  1.96e+03   2.57e+01     7.70e-04   2708.206s
5469000 +6.12233229e+06 +6.12038303e+06  1.95e+03   2.57e+01     7.70e-04   2708.698s
5470000 +6.12231696e+06 +6.12037876e+06  1.94e+03   2.57e+01     7.69e-04   2709.189s
5471000 +6.12234796e+06 +6.12037479e+06  1.97e+03   2.58e+01     7.71e-04   2709.680s
5472000 +6.12234281e+06 +6.12037249e+06  1.97e+03   2.58e+01     7.71e-04   2710.172s
5473000 +6.12232860e+06 +6.12036888e+06  1.96e+03   2.58e+01     7.71e-04   2710.663s
5474000 +6.12234893e+06 +6.12036456e+06  1.98e+03   2.58e+01     7.71e-04   2711.154s
5475000 +6.12231901e+06 +6.12036120e+06  1.96e+03   2.58e+01     7.71e-04   2711.646s
5476000 +6.12232674e+06 +6.12035709e+06  1.97e+03   2.58e+01     7.71e-04   2712.137s
5477000 +6.12231817e+06 +6.12035309e+06  1.97e+03   2.58e+01     7.71e-04   2712.629s
5478000 +6.12230666e+06 +6.12034986e+06  1.96e+03   2.57e+01     7.70e-04   2713.120s
5479000 +6.12231789e+06 +6.12034595e+06  1.97e+03   2.58e+01     7.71e-04   2713.612s
5480000 +6.12233764e+06 +6.12034297e+06  1.99e+03   2.58e+01     7.72e-04   2714.103s
5481000 +6.12234117e+06 +6.12033881e+06  2.00e+03   2.58e+01     7.71e-04   2714.595s
5482000 +6.12235951e+06 +6.12033540e+06  2.02e+03   2.58e+01     7.72e-04   2715.086s
5483000 +6.12234427e+06 +6.12033196e+06  2.01e+03   2.59e+01     7.72e-04   2715.578s
5484000 +6.12233554e+06 +6.12032811e+06  2.01e+03   2.58e+01     7.72e-04   2716.069s
5485000 +6.12232552e+06 +6.12032498e+06  2.00e+03   2.58e+01     7.71e-04   2716.561s
5486000 +6.12234561e+06 +6.12032139e+06  2.02e+03   2.58e+01     7.72e-04   2717.052s
5487000 +6.12233153e+06 +6.12031818e+06  2.01e+03   2.58e+01     7.72e-04   2717.544s
5488000 +6.12233690e+06 +6.12031445e+06  2.02e+03   2.59e+01     7.72e-04   2718.035s
5489000 +6.12234173e+06 +6.12031157e+06  2.03e+03   2.59e+01     7.73e-04   2718.527s
5490000 +6.12234852e+06 +6.12030831e+06  2.04e+03   2.58e+01     7.72e-04   2719.018s
5491000 +6.12235146e+06 +6.12030543e+06  2.05e+03   2.58e+01     7.72e-04   2719.510s
5492000 +6.12235628e+06 +6.12030253e+06  2.05e+03   2.58e+01     7.73e-04   2720.001s
5493000 +6.12233546e+06 +6.12029943e+06  2.04e+03   2.59e+01     7.74e-04   2720.493s
5494000 +6.12235428e+06 +6.12029642e+06  2.06e+03   2.59e+01     7.74e-04   2720.984s
5495000 +6.12236238e+06 +6.12029334e+06  2.07e+03   2.59e+01     7.73e-04   2721.475s
5496000 +6.12237690e+06 +6.12029054e+06  2.09e+03   2.59e+01     7.73e-04   2721.967s
5497000 +6.12235689e+06 +6.12028745e+06  2.07e+03   2.58e+01     7.72e-04   2722.458s
5498000 +6.12233935e+06 +6.12028442e+06  2.05e+03   2.58e+01     7.71e-04   2722.950s
5499000 +6.12234431e+06 +6.12028115e+06  2.06e+03   2.58e+01     7.71e-04   2723.441s
5500000 +6.12233573e+06 +6.12027809e+06  2.06e+03   2.58e+01     7.72e-04   2723.933s
5501000 +6.12233025e+06 +6.12027479e+06  2.06e+03   2.58e+01     7.72e-04   2724.425s
5502000 +6.12236587e+06 +6.12027154e+06  2.09e+03   2.59e+01     7.75e-04   2724.916s
5503000 +6.12233536e+06 +6.12026905e+06  2.07e+03   2.59e+01     7.73e-04   2725.408s
5504000 +6.12234303e+06 +6.12026601e+06  2.08e+03   2.59e+01     7.75e-04   2725.899s
5505000 +6.12233861e+06 +6.12026259e+06  2.08e+03   2.59e+01     7.75e-04   2726.391s
5506000 +6.12234972e+06 +6.12025944e+06  2.09e+03   2.59e+01     7.76e-04   2726.882s
5507000 +6.12231932e+06 +6.12025665e+06  2.06e+03   2.59e+01     7.73e-04   2727.374s
5508000 +6.12235184e+06 +6.12025334e+06  2.10e+03   2.59e+01     7.74e-04   2727.865s
5509000 +6.12233403e+06 +6.12025012e+06  2.08e+03   2.58e+01     7.74e-04   2728.356s
5510000 +6.12235008e+06 +6.12024664e+06  2.10e+03   2.59e+01     7.74e-04   2728.848s
5511000 +6.12232784e+06 +6.12024351e+06  2.08e+03   2.59e+01     7.73e-04   2729.339s
5512000 +6.12235563e+06 +6.12024010e+06  2.12e+03   2.59e+01     7.74e-04   2729.831s
5513000 +6.12232399e+06 +6.12023722e+06  2.09e+03   2.58e+01     7.74e-04   2730.322s
5514000 +6.12230750e+06 +6.12023368e+06  2.07e+03   2.59e+01     7.73e-04   2730.814s
5515000 +6.12232381e+06 +6.12023065e+06  2.09e+03   2.59e+01     7.73e-04   2731.305s
5516000 +6.12230255e+06 +6.12022745e+06  2.08e+03   2.59e+01     7.73e-04   2731.796s
5517000 +6.12229592e+06 +6.12022430e+06  2.07e+03   2.58e+01     7.73e-04   2732.288s
5518000 +6.12231761e+06 +6.12022132e+06  2.10e+03   2.59e+01     7.74e-04   2732.779s
5519000 +6.12228943e+06 +6.12021850e+06  2.07e+03   2.59e+01     7.72e-04   2733.271s
5520000 +6.12229943e+06 +6.12021529e+06  2.08e+03   2.59e+01     7.72e-04   2733.763s
5521000 +6.12228194e+06 +6.12021216e+06  2.07e+03   2.59e+01     7.71e-04   2734.254s
5522000 +6.12229319e+06 +6.12020851e+06  2.08e+03   2.59e+01     7.72e-04   2734.746s
5523000 +6.12227491e+06 +6.12020509e+06  2.07e+03   2.58e+01     7.71e-04   2735.237s
5524000 +6.12227681e+06 +6.12020168e+06  2.08e+03   2.58e+01     7.72e-04   2735.729s
5525000 +6.12226750e+06 +6.12019847e+06  2.07e+03   2.58e+01     7.72e-04   2736.220s
5526000 +6.12225561e+06 +6.12019529e+06  2.06e+03   2.59e+01     7.71e-04   2736.711s
5527000 +6.12225988e+06 +6.12019199e+06  2.07e+03   2.59e+01     7.72e-04   2737.203s
5528000 +6.12226090e+06 +6.12018888e+06  2.07e+03   2.59e+01     7.71e-04   2737.694s
5529000 +6.12229035e+06 +6.12018574e+06  2.10e+03   2.59e+01     7.71e-04   2738.186s
5530000 +6.12224903e+06 +6.12018248e+06  2.07e+03   2.58e+01     7.70e-04   2738.677s
5531000 +6.12224789e+06 +6.12017901e+06  2.07e+03   2.58e+01     7.71e-04   2739.169s
5532000 +6.12222373e+06 +6.12017600e+06  2.05e+03   2.58e+01     7.68e-04   2739.660s
5533000 +6.12224155e+06 +6.12017306e+06  2.07e+03   2.58e+01     7.68e-04   2740.152s
5534000 +6.12224708e+06 +6.12016989e+06  2.08e+03   2.58e+01     7.69e-04   2740.643s
5535000 +6.12225189e+06 +6.12016701e+06  2.08e+03   2.59e+01     7.68e-04   2741.135s
5536000 +6.12224086e+06 +6.12016343e+06  2.08e+03   2.58e+01     7.66e-04   2741.626s
5537000 +6.12226092e+06 +6.12016037e+06  2.10e+03   2.58e+01     7.68e-04   2742.118s
5538000 +6.12223058e+06 +6.12015726e+06  2.07e+03   2.58e+01     7.66e-04   2742.609s
5539000 +6.12222701e+06 +6.12015445e+06  2.07e+03   2.57e+01     7.66e-04   2743.101s
5540000 +6.12224284e+06 +6.12015090e+06  2.09e+03   2.57e+01     7.68e-04   2743.592s
5541000 +6.12222807e+06 +6.12014742e+06  2.08e+03   2.58e+01     7.66e-04   2744.084s
5542000 +6.12222897e+06 +6.12014458e+06  2.08e+03   2.59e+01     7.66e-04   2744.575s
5543000 +6.12221837e+06 +6.12014167e+06  2.08e+03   2.58e+01     7.66e-04   2745.067s
5544000 +6.12221329e+06 +6.12013883e+06  2.07e+03   2.58e+01     7.66e-04   2745.558s
5545000 +6.12222590e+06 +6.12013576e+06  2.09e+03   2.57e+01     7.66e-04   2746.050s
5546000 +6.12219659e+06 +6.12013308e+06  2.06e+03   2.56e+01     7.64e-04   2746.541s
5547000 +6.12219101e+06 +6.12012978e+06  2.06e+03   2.56e+01     7.62e-04   2747.032s
5548000 +6.12216581e+06 +6.12012682e+06  2.04e+03   2.57e+01     7.61e-04   2747.524s
5549000 +6.12220061e+06 +6.12012378e+06  2.08e+03   2.58e+01     7.62e-04   2748.016s
5550000 +6.12218817e+06 +6.12012028e+06  2.07e+03   2.57e+01     7.61e-04   2748.507s
5551000 +6.12223535e+06 +6.12011744e+06  2.12e+03   2.56e+01     7.61e-04   2748.998s
5552000 +6.12224233e+06 +6.12011429e+06  2.13e+03   2.55e+01     7.62e-04   2749.490s
5553000 +6.12221985e+06 +6.12011170e+06  2.11e+03   2.56e+01     7.62e-04   2749.982s
5554000 +6.12218588e+06 +6.12010889e+06  2.08e+03   2.56e+01     7.59e-04   2750.473s
5555000 +6.12220108e+06 +6.12010584e+06  2.10e+03   2.56e+01     7.60e-04   2750.964s
5556000 +6.12224352e+06 +6.12010234e+06  2.14e+03   2.57e+01     7.62e-04   2751.456s
5557000 +6.12220990e+06 +6.12009956e+06  2.11e+03   2.57e+01     7.59e-04   2751.948s
5558000 +6.12221250e+06 +6.12009645e+06  2.12e+03   2.57e+01     7.58e-04   2752.439s
5559000 +6.12219725e+06 +6.12009380e+06  2.10e+03   2.55e+01     7.59e-04   2752.931s
5560000 +6.12215588e+06 +6.12009103e+06  2.06e+03   2.55e+01     7.56e-04   2753.422s
5561000 +6.12217430e+06 +6.12008800e+06  2.09e+03   2.56e+01     7.56e-04   2753.914s
5562000 +6.12216034e+06 +6.12008493e+06  2.08e+03   2.56e+01     7.56e-04   2754.405s
5563000 +6.12216996e+06 +6.12008201e+06  2.09e+03   2.55e+01     7.55e-04   2754.897s
5564000 +6.12214636e+06 +6.12007892e+06  2.07e+03   2.56e+01     7.55e-04   2755.388s
5565000 +6.12213625e+06 +6.12007589e+06  2.06e+03   2.56e+01     7.54e-04   2755.880s
5566000 +6.12215741e+06 +6.12007244e+06  2.08e+03   2.54e+01     7.56e-04   2756.371s
5567000 +6.12215337e+06 +6.12006969e+06  2.08e+03   2.54e+01     7.55e-04   2756.862s
5568000 +6.12215947e+06 +6.12006621e+06  2.09e+03   2.55e+01     7.53e-04   2757.354s
5569000 +6.12213999e+06 +6.12006333e+06  2.08e+03   2.55e+01     7.53e-04   2757.846s
5570000 +6.12214614e+06 +6.12006024e+06  2.09e+03   2.55e+01     7.53e-04   2758.337s
5571000 +6.12214321e+06 +6.12005713e+06  2.09e+03   2.55e+01     7.52e-04   2758.829s
5572000 +6.12213740e+06 +6.12005462e+06  2.08e+03   2.54e+01     7.51e-04   2759.320s
5573000 +6.12213844e+06 +6.12005170e+06  2.09e+03   2.53e+01     7.53e-04   2759.812s
5574000 +6.12210570e+06 +6.12004898e+06  2.06e+03   2.54e+01     7.52e-04   2760.303s
5575000 +6.12208187e+06 +6.12004645e+06  2.04e+03   2.54e+01     7.51e-04   2760.794s
5576000 +6.12209372e+06 +6.12004340e+06  2.05e+03   2.55e+01     7.53e-04   2761.286s
5577000 +6.12211316e+06 +6.12004075e+06  2.07e+03   2.55e+01     7.53e-04   2761.778s
5578000 +6.12207931e+06 +6.12003818e+06  2.04e+03   2.54e+01     7.49e-04   2762.269s
5579000 +6.12207392e+06 +6.12003538e+06  2.04e+03   2.53e+01     7.49e-04   2762.761s
5580000 +6.12206513e+06 +6.12003262e+06  2.03e+03   2.53e+01     7.48e-04   2763.252s
5581000 +6.12204458e+06 +6.12002986e+06  2.01e+03   2.53e+01     7.47e-04   2763.744s
5582000 +6.12207446e+06 +6.12002745e+06  2.05e+03   2.54e+01     7.49e-04   2764.236s
5583000 +6.12206234e+06 +6.12002527e+06  2.04e+03   2.53e+01     7.48e-04   2764.727s
5584000 +6.12205541e+06 +6.12002244e+06  2.03e+03   2.54e+01     7.46e-04   2765.218s
5585000 +6.12204172e+06 +6.12001979e+06  2.02e+03   2.54e+01     7.46e-04   2765.710s
5586000 +6.12202491e+06 +6.12001682e+06  2.01e+03   2.53e+01     7.46e-04   2766.202s
5587000 +6.12201912e+06 +6.12001439e+06  2.00e+03   2.52e+01     7.46e-04   2766.693s
5588000 +6.12199613e+06 +6.12001190e+06  1.98e+03   2.52e+01     7.44e-04   2767.185s
5589000 +6.12198418e+06 +6.12000978e+06  1.97e+03   2.52e+01     7.43e-04   2767.676s
5590000 +6.12200463e+06 +6.12000693e+06  2.00e+03   2.52e+01     7.43e-04   2768.168s
5591000 +6.12199040e+06 +6.12000465e+06  1.99e+03   2.53e+01     7.43e-04   2768.660s
5592000 +6.12198802e+06 +6.12000205e+06  1.99e+03   2.53e+01     7.44e-04   2769.151s
5593000 +6.12198290e+06 +6.11999966e+06  1.98e+03   2.51e+01     7.42e-04   2769.643s
5594000 +6.12197053e+06 +6.11999652e+06  1.97e+03   2.50e+01     7.43e-04   2770.134s
5595000 +6.12193519e+06 +6.11999377e+06  1.94e+03   2.51e+01     7.41e-04   2770.626s
5596000 +6.12192491e+06 +6.11999117e+06  1.93e+03   2.52e+01     7.39e-04   2771.117s
5597000 +6.12195752e+06 +6.11998823e+06  1.97e+03   2.52e+01     7.41e-04   2771.609s
5598000 +6.12195883e+06 +6.11998590e+06  1.97e+03   2.52e+01     7.39e-04   2772.101s
5599000 +6.12197226e+06 +6.11998339e+06  1.99e+03   2.51e+01     7.39e-04   2772.592s
5600000 +6.12197639e+06 +6.11998073e+06  2.00e+03   2.51e+01     7.39e-04   2773.084s
5601000 +6.12197987e+06 +6.11997800e+06  2.00e+03   2.51e+01     7.40e-04   2773.575s
5602000 +6.12198785e+06 +6.11997537e+06  2.01e+03   2.50e+01     7.38e-04   2774.067s
5603000 +6.12197644e+06 +6.11997231e+06  2.00e+03   2.51e+01     7.38e-04   2774.558s
5604000 +6.12202124e+06 +6.11996983e+06  2.05e+03   2.52e+01     7.41e-04   2775.050s
5605000 +6.12199531e+06 +6.11996712e+06  2.03e+03   2.52e+01     7.39e-04   2775.542s
5606000 +6.12201826e+06 +6.11996432e+06  2.05e+03   2.51e+01     7.39e-04   2776.033s
5607000 +6.12200553e+06 +6.11996212e+06  2.04e+03   2.50e+01     7.36e-04   2776.525s
5608000 +6.12196156e+06 +6.11995982e+06  2.00e+03   2.50e+01     7.37e-04   2777.016s
5609000 +6.12198294e+06 +6.11995738e+06  2.03e+03   2.50e+01     7.38e-04   2777.508s
5610000 +6.12197928e+06 +6.11995455e+06  2.02e+03   2.50e+01     7.37e-04   2778.000s
5611000 +6.12200968e+06 +6.11995250e+06  2.06e+03   2.51e+01     7.37e-04   2778.491s
5612000 +6.12200835e+06 +6.11994991e+06  2.06e+03   2.51e+01     7.38e-04   2778.983s
5613000 +6.12197236e+06 +6.11994745e+06  2.02e+03   2.50e+01     7.35e-04   2779.474s
5614000 +6.12196433e+06 +6.11994544e+06  2.02e+03   2.50e+01     7.35e-04   2779.966s
5615000 +6.12196209e+06 +6.11994322e+06  2.02e+03   2.49e+01     7.35e-04   2780.457s
5616000 +6.12193636e+06 +6.11994088e+06  2.00e+03   2.49e+01     7.33e-04   2780.949s
5617000 +6.12191233e+06 +6.11993826e+06  1.97e+03   2.49e+01     7.32e-04   2781.440s
5618000 +6.12190357e+06 +6.11993573e+06  1.97e+03   2.50e+01     7.33e-04   2781.932s
5619000 +6.12191310e+06 +6.11993322e+06  1.98e+03   2.50e+01     7.31e-04   2782.424s
5620000 +6.12190613e+06 +6.11993073e+06  1.98e+03   2.50e+01     7.32e-04   2782.915s
5621000 +6.12191510e+06 +6.11992855e+06  1.99e+03   2.49e+01     7.31e-04   2783.407s
5622000 +6.12190917e+06 +6.11992625e+06  1.98e+03   2.48e+01     7.33e-04   2783.899s
5623000 +6.12194084e+06 +6.11992408e+06  2.02e+03   2.48e+01     7.32e-04   2784.390s
5624000 +6.12192757e+06 +6.11992170e+06  2.01e+03   2.49e+01     7.31e-04   2784.882s
5625000 +6.12189864e+06 +6.11991924e+06  1.98e+03   2.49e+01     7.30e-04   2785.374s
5626000 +6.12187580e+06 +6.11991708e+06  1.96e+03   2.48e+01     7.25e-04   2785.865s
5627000 +6.12186701e+06 +6.11991505e+06  1.95e+03   2.48e+01     7.23e-04   2786.357s
5628000 +6.12190588e+06 +6.11991336e+06  1.99e+03   2.47e+01     7.26e-04   2786.849s
5629000 +6.12189325e+06 +6.11991115e+06  1.98e+03   2.46e+01     7.26e-04   2787.340s
5630000 +6.12187770e+06 +6.11990891e+06  1.97e+03   2.47e+01     7.24e-04   2787.832s
5631000 +6.12187616e+06 +6.11990686e+06  1.97e+03   2.47e+01     7.24e-04   2788.324s
5632000 +6.12191758e+06 +6.11990457e+06  2.01e+03   2.47e+01     7.26e-04   2788.815s
5633000 +6.12188414e+06 +6.11990317e+06  1.98e+03   2.46e+01     7.22e-04   2789.307s
5634000 +6.12185407e+06 +6.11990094e+06  1.95e+03   2.47e+01     7.22e-04   2789.799s
5635000 +6.12188377e+06 +6.11989869e+06  1.99e+03   2.46e+01     7.22e-04   2790.290s
5636000 +6.12187505e+06 +6.11989654e+06  1.98e+03   2.46e+01     7.21e-04   2790.782s
5637000 +6.12187302e+06 +6.11989413e+06  1.98e+03   2.45e+01     7.20e-04   2791.274s
5638000 +6.12190479e+06 +6.11989270e+06  2.01e+03   2.45e+01     7.21e-04   2791.765s
5639000 +6.12193866e+06 +6.11989116e+06  2.05e+03   2.46e+01     7.23e-04   2792.257s
5640000 +6.12188795e+06 +6.11988898e+06  2.00e+03   2.47e+01     7.20e-04   2792.748s
5641000 +6.12186900e+06 +6.11988657e+06  1.98e+03   2.46e+01     7.20e-04   2793.240s
5642000 +6.12184837e+06 +6.11988467e+06  1.96e+03   2.45e+01     7.20e-04   2793.732s
5643000 +6.12183124e+06 +6.11988236e+06  1.95e+03   2.45e+01     7.18e-04   2794.223s
5644000 +6.12179531e+06 +6.11988071e+06  1.91e+03   2.44e+01     7.16e-04   2794.715s
5645000 +6.12185878e+06 +6.11987843e+06  1.98e+03   2.45e+01     7.20e-04   2795.207s
5646000 +6.12184669e+06 +6.11987693e+06  1.97e+03   2.45e+01     7.18e-04   2795.698s
5647000 +6.12188416e+06 +6.11987488e+06  2.01e+03   2.46e+01     7.19e-04   2796.190s
5648000 +6.12184233e+06 +6.11987281e+06  1.97e+03   2.45e+01     7.19e-04   2796.681s
5649000 +6.12184777e+06 +6.11987122e+06  1.98e+03   2.44e+01     7.18e-04   2797.173s
5650000 +6.12182817e+06 +6.11986956e+06  1.96e+03   2.44e+01     7.16e-04   2797.665s
5651000 +6.12183542e+06 +6.11986765e+06  1.97e+03   2.44e+01     7.16e-04   2798.156s
5652000 +6.12179051e+06 +6.11986540e+06  1.93e+03   2.43e+01     7.13e-04   2798.648s
5653000 +6.12180256e+06 +6.11986371e+06  1.94e+03   2.43e+01     7.12e-04   2799.140s
5654000 +6.12179177e+06 +6.11986162e+06  1.93e+03   2.44e+01     7.13e-04   2799.632s
5655000 +6.12179101e+06 +6.11986008e+06  1.93e+03   2.44e+01     7.13e-04   2800.123s
5656000 +6.12179143e+06 +6.11985803e+06  1.93e+03   2.44e+01     7.14e-04   2800.615s
5657000 +6.12175070e+06 +6.11985614e+06  1.89e+03   2.44e+01     7.12e-04   2801.107s
5658000 +6.12177571e+06 +6.11985406e+06  1.92e+03   2.43e+01     7.10e-04   2801.598s
5659000 +6.12175851e+06 +6.11985207e+06  1.91e+03   2.42e+01     7.09e-04   2802.090s
5660000 +6.12173906e+06 +6.11984996e+06  1.89e+03   2.42e+01     7.09e-04   2802.581s
5661000 +6.12172486e+06 +6.11984783e+06  1.88e+03   2.43e+01     7.07e-04   2803.072s
5662000 +6.12170970e+06 +6.11984539e+06  1.86e+03   2.43e+01     7.07e-04   2803.564s
5663000 +6.12171744e+06 +6.11984329e+06  1.87e+03   2.43e+01     7.07e-04   2804.056s
5664000 +6.12172500e+06 +6.11984137e+06  1.88e+03   2.42e+01     7.07e-04   2804.547s
5665000 +6.12173888e+06 +6.11983880e+06  1.90e+03   2.42e+01     7.08e-04   2805.039s
5666000 +6.12178258e+06 +6.11983756e+06  1.95e+03   2.42e+01     7.09e-04   2805.531s
5667000 +6.12177025e+06 +6.11983562e+06  1.93e+03   2.42e+01     7.07e-04   2806.022s
5668000 +6.12177667e+06 +6.11983429e+06  1.94e+03   2.43e+01     7.08e-04   2806.514s
5669000 +6.12176895e+06 +6.11983240e+06  1.94e+03   2.42e+01     7.06e-04   2807.006s
5670000 +6.12178956e+06 +6.11983107e+06  1.96e+03   2.42e+01     7.07e-04   2807.497s
5671000 +6.12176077e+06 +6.11982897e+06  1.93e+03   2.41e+01     7.07e-04   2807.989s
5672000 +6.12175306e+06 +6.11982710e+06  1.93e+03   2.41e+01     7.06e-04   2808.481s
5673000 +6.12174573e+06 +6.11982506e+06  1.92e+03   2.42e+01     7.06e-04   2808.972s
5674000 +6.12174348e+06 +6.11982373e+06  1.92e+03   2.43e+01     7.06e-04   2809.464s
5675000 +6.12175992e+06 +6.11982229e+06  1.94e+03   2.43e+01     7.07e-04   2809.956s
5676000 +6.12176714e+06 +6.11982105e+06  1.95e+03   2.41e+01     7.06e-04   2810.447s
5677000 +6.12175666e+06 +6.11981958e+06  1.94e+03   2.41e+01     7.06e-04   2810.939s
5678000 +6.12176712e+06 +6.11981883e+06  1.95e+03   2.41e+01     7.05e-04   2811.431s
5679000 +6.12175773e+06 +6.11981717e+06  1.94e+03   2.41e+01     7.05e-04   2811.922s
5680000 +6.12178123e+06 +6.11981529e+06  1.97e+03   2.41e+01     7.04e-04   2812.414s
5681000 +6.12175880e+06 +6.11981346e+06  1.95e+03   2.42e+01     7.04e-04   2812.905s
5682000 +6.12177239e+06 +6.11981084e+06  1.96e+03   2.42e+01     7.04e-04   2813.397s
5683000 +6.12176373e+06 +6.11980942e+06  1.95e+03   2.40e+01     7.03e-04   2813.889s
5684000 +6.12177205e+06 +6.11980751e+06  1.96e+03   2.40e+01     7.03e-04   2814.380s
5685000 +6.12179526e+06 +6.11980593e+06  1.99e+03   2.41e+01     7.05e-04   2814.872s
5686000 +6.12176637e+06 +6.11980477e+06  1.96e+03   2.40e+01     7.04e-04   2815.363s
5687000 +6.12178141e+06 +6.11980320e+06  1.98e+03   2.41e+01     7.05e-04   2815.855s
5688000 +6.12174663e+06 +6.11980132e+06  1.95e+03   2.41e+01     7.04e-04   2816.347s
5689000 +6.12179084e+06 +6.11979947e+06  1.99e+03   2.42e+01     7.07e-04   2816.838s
5690000 +6.12178576e+06 +6.11979730e+06  1.99e+03   2.42e+01     7.08e-04   2817.330s
5691000 +6.12176788e+06 +6.11979530e+06  1.97e+03   2.41e+01     7.06e-04   2817.821s
5692000 +6.12180993e+06 +6.11979395e+06  2.02e+03   2.41e+01     7.07e-04   2818.313s
5693000 +6.12180527e+06 +6.11979157e+06  2.01e+03   2.40e+01     7.07e-04   2818.805s
5694000 +6.12180193e+06 +6.11979016e+06  2.01e+03   2.42e+01     7.05e-04   2819.296s
5695000 +6.12183757e+06 +6.11978834e+06  2.05e+03   2.43e+01     7.08e-04   2819.788s
5696000 +6.12185292e+06 +6.11978722e+06  2.07e+03   2.42e+01     7.07e-04   2820.280s
5697000 +6.12183821e+06 +6.11978595e+06  2.05e+03   2.41e+01     7.06e-04   2820.771s
5698000 +6.12185318e+06 +6.11978453e+06  2.07e+03   2.41e+01     7.06e-04   2821.263s
5699000 +6.12179986e+06 +6.11978299e+06  2.02e+03   2.40e+01     7.05e-04   2821.755s
5700000 +6.12180216e+06 +6.11978168e+06  2.02e+03   2.41e+01     7.06e-04   2822.246s
5701000 +6.12175825e+06 +6.11978026e+06  1.98e+03   2.41e+01     7.03e-04   2822.738s
5702000 +6.12175883e+06 +6.11977879e+06  1.98e+03   2.41e+01     7.02e-04   2823.230s
5703000 +6.12178509e+06 +6.11977692e+06  2.01e+03   2.41e+01     7.03e-04   2823.721s
5704000 +6.12176720e+06 +6.11977569e+06  1.99e+03   2.39e+01     7.02e-04   2824.213s
5705000 +6.12176385e+06 +6.11977418e+06  1.99e+03   2.40e+01     7.02e-04   2824.704s
5706000 +6.12177145e+06 +6.11977275e+06  2.00e+03   2.41e+01     7.02e-04   2825.196s
5707000 +6.12176036e+06 +6.11977162e+06  1.99e+03   2.41e+01     7.03e-04   2825.688s
5708000 +6.12177818e+06 +6.11976962e+06  2.01e+03   2.40e+01     7.03e-04   2826.179s
5709000 +6.12175587e+06 +6.11976832e+06  1.99e+03   2.40e+01     7.00e-04   2826.671s
5710000 +6.12181072e+06 +6.11976626e+06  2.04e+03   2.40e+01     7.00e-04   2827.162s
5711000 +6.12179172e+06 +6.11976491e+06  2.03e+03   2.40e+01     7.00e-04   2827.654s
5712000 +6.12179775e+06 +6.11976332e+06  2.03e+03   2.40e+01     7.00e-04   2828.145s
5713000 +6.12181747e+06 +6.11976183e+06  2.06e+03   2.40e+01     7.00e-04   2828.637s
5714000 +6.12183226e+06 +6.11976027e+06  2.07e+03   2.40e+01     7.02e-04   2829.129s
5715000 +6.12180986e+06 +6.11975840e+06  2.05e+03   2.39e+01     7.02e-04   2829.620s
5716000 +6.12180841e+06 +6.11975660e+06  2.05e+03   2.39e+01     7.00e-04   2830.112s
5717000 +6.12181593e+06 +6.11975566e+06  2.06e+03   2.40e+01     7.00e-04   2830.603s
5718000 +6.12180628e+06 +6.11975419e+06  2.05e+03   2.41e+01     7.01e-04   2831.095s
5719000 +6.12177316e+06 +6.11975261e+06  2.02e+03   2.40e+01     7.00e-04   2831.587s
5720000 +6.12175862e+06 +6.11975150e+06  2.01e+03   2.39e+01     6.98e-04   2832.078s
5721000 +6.12173187e+06 +6.11975010e+06  1.98e+03   2.40e+01     6.97e-04   2832.570s
5722000 +6.12174268e+06 +6.11974884e+06  1.99e+03   2.40e+01     6.97e-04   2833.062s
5723000 +6.12172054e+06 +6.11974796e+06  1.97e+03   2.39e+01     6.98e-04   2833.553s
5724000 +6.12171655e+06 +6.11974687e+06  1.97e+03   2.39e+01     6.96e-04   2834.045s
5725000 +6.12175356e+06 +6.11974562e+06  2.01e+03   2.39e+01     6.97e-04   2834.537s
5726000 +6.12174114e+06 +6.11974397e+06  2.00e+03   2.38e+01     6.95e-04   2835.028s
5727000 +6.12177541e+06 +6.11974283e+06  2.03e+03   2.39e+01     6.94e-04   2835.520s
5728000 +6.12175612e+06 +6.11974144e+06  2.01e+03   2.39e+01     6.92e-04   2836.012s
5729000 +6.12173977e+06 +6.11973954e+06  2.00e+03   2.38e+01     6.92e-04   2836.503s
5730000 +6.12174943e+06 +6.11973845e+06  2.01e+03   2.37e+01     6.93e-04   2836.995s
5731000 +6.12175606e+06 +6.11973701e+06  2.02e+03   2.37e+01     6.94e-04   2837.486s
5732000 +6.12175005e+06 +6.11973558e+06  2.01e+03   2.38e+01     6.95e-04   2837.978s
5733000 +6.12175476e+06 +6.11973381e+06  2.02e+03   2.39e+01     6.94e-04   2838.470s
5734000 +6.12175126e+06 +6.11973258e+06  2.02e+03   2.39e+01     6.95e-04   2838.961s
5735000 +6.12172289e+06 +6.11973093e+06  1.99e+03   2.38e+01     6.93e-04   2839.453s
5736000 +6.12170933e+06 +6.11972965e+06  1.98e+03   2.39e+01     6.95e-04   2839.945s
5737000 +6.12171799e+06 +6.11972830e+06  1.99e+03   2.39e+01     6.95e-04   2840.436s
5738000 +6.12169567e+06 +6.11972659e+06  1.97e+03   2.38e+01     6.95e-04   2840.928s
5739000 +6.12166319e+06 +6.11972525e+06  1.94e+03   2.38e+01     6.93e-04   2841.419s
5740000 +6.12169963e+06 +6.11972321e+06  1.98e+03   2.40e+01     6.93e-04   2841.911s
5741000 +6.12170363e+06 +6.11972240e+06  1.98e+03   2.39e+01     6.93e-04   2842.403s
5742000 +6.12169776e+06 +6.11972086e+06  1.98e+03   2.38e+01     6.94e-04   2842.894s
5743000 +6.12170365e+06 +6.11971943e+06  1.98e+03   2.39e+01     6.95e-04   2843.386s
5744000 +6.12170253e+06 +6.11971829e+06  1.98e+03   2.39e+01     6.94e-04   2843.877s
5745000 +6.12172602e+06 +6.11971685e+06  2.01e+03   2.39e+01     6.95e-04   2844.369s
5746000 +6.12172705e+06 +6.11971571e+06  2.01e+03   2.38e+01     6.94e-04   2844.861s
5747000 +6.12168310e+06 +6.11971446e+06  1.97e+03   2.39e+01     6.92e-04   2845.352s
5748000 +6.12166808e+06 +6.11971321e+06  1.95e+03   2.39e+01     6.91e-04   2845.844s
5749000 +6.12165170e+06 +6.11971218e+06  1.94e+03   2.39e+01     6.92e-04   2846.335s
5750000 +6.12166900e+06 +6.11971087e+06  1.96e+03   2.39e+01     6.91e-04   2846.827s
5751000 +6.12166047e+06 +6.11970933e+06  1.95e+03   2.38e+01     6.91e-04   2847.318s
5752000 +6.12164553e+06 +6.11970784e+06  1.94e+03   2.38e+01     6.91e-04   2847.810s
5753000 +6.12164532e+06 +6.11970711e+06  1.94e+03   2.38e+01     6.90e-04   2848.302s
5754000 +6.12170072e+06 +6.11970530e+06  2.00e+03   2.39e+01     6.93e-04   2848.793s
5755000 +6.12167290e+06 +6.11970401e+06  1.97e+03   2.40e+01     6.93e-04   2849.285s
5756000 +6.12168562e+06 +6.11970324e+06  1.98e+03   2.40e+01     6.92e-04   2849.777s
5757000 +6.12167276e+06 +6.11970173e+06  1.97e+03   2.39e+01     6.91e-04   2850.268s
5758000 +6.12167592e+06 +6.11970066e+06  1.98e+03   2.38e+01     6.93e-04   2850.760s
5759000 +6.12164362e+06 +6.11970005e+06  1.94e+03   2.38e+01     6.92e-04   2851.251s
5760000 +6.12162966e+06 +6.11969908e+06  1.93e+03   2.39e+01     6.93e-04   2851.743s
5761000 +6.12164219e+06 +6.11969829e+06  1.94e+03   2.39e+01     6.94e-04   2852.234s
5762000 +6.12164474e+06 +6.11969753e+06  1.95e+03   2.40e+01     6.96e-04   2852.726s
5763000 +6.12168395e+06 +6.11969668e+06  1.99e+03   2.40e+01     6.95e-04   2853.218s
5764000 +6.12164890e+06 +6.11969571e+06  1.95e+03   2.38e+01     6.93e-04   2853.709s
5765000 +6.12164696e+06 +6.11969524e+06  1.95e+03   2.38e+01     6.94e-04   2854.201s
5766000 +6.12164696e+06 +6.11969404e+06  1.95e+03   2.39e+01     6.94e-04   2854.693s
5767000 +6.12167590e+06 +6.11969308e+06  1.98e+03   2.39e+01     6.95e-04   2855.184s
5768000 +6.12167314e+06 +6.11969209e+06  1.98e+03   2.40e+01     6.96e-04   2855.675s
5769000 +6.12166774e+06 +6.11969114e+06  1.98e+03   2.40e+01     6.95e-04   2856.167s
5770000 +6.12167106e+06 +6.11968923e+06  1.98e+03   2.39e+01     6.93e-04   2856.658s
5771000 +6.12166864e+06 +6.11968747e+06  1.98e+03   2.39e+01     6.93e-04   2857.150s
5772000 +6.12169882e+06 +6.11968627e+06  2.01e+03   2.38e+01     6.90e-04   2857.641s
5773000 +6.12161410e+06 +6.11968167e+06  1.93e+03   2.35e+01     7.09e-04   2858.134s
5774000 +6.12158609e+06 +6.11967919e+06  1.91e+03   2.35e+01     7.07e-04   2858.625s
5775000 +6.12157453e+06 +6.11967689e+06  1.90e+03   2.35e+01     7.06e-04   2859.116s
5776000 +6.12156859e+06 +6.11967464e+06  1.89e+03   2.35e+01     7.05e-04   2859.607s
5777000 +6.12156101e+06 +6.11967247e+06  1.89e+03   2.34e+01     7.04e-04   2860.098s
5778000 +6.12155681e+06 +6.11967036e+06  1.89e+03   2.34e+01     7.03e-04   2860.589s
5779000 +6.12155029e+06 +6.11966827e+06  1.88e+03   2.34e+01     7.03e-04   2861.080s
5780000 +6.12154368e+06 +6.11966597e+06  1.88e+03   2.34e+01     7.03e-04   2861.572s
5781000 +6.12154546e+06 +6.11966388e+06  1.88e+03   2.34e+01     7.02e-04   2862.062s
5782000 +6.12154848e+06 +6.11966172e+06  1.89e+03   2.34e+01     7.01e-04   2862.554s
5783000 +6.12153730e+06 +6.11965963e+06  1.88e+03   2.34e+01     7.01e-04   2863.045s
5784000 +6.12155621e+06 +6.11965757e+06  1.90e+03   2.34e+01     7.02e-04   2863.536s
5785000 +6.12156581e+06 +6.11965554e+06  1.91e+03   2.34e+01     7.02e-04   2864.027s
5786000 +6.12156688e+06 +6.11965355e+06  1.91e+03   2.34e+01     7.02e-04   2864.518s
5787000 +6.12157723e+06 +6.11965144e+06  1.93e+03   2.34e+01     7.02e-04   2865.009s
5788000 +6.12156877e+06 +6.11964944e+06  1.92e+03   2.34e+01     7.01e-04   2865.501s
5789000 +6.12155762e+06 +6.11964741e+06  1.91e+03   2.34e+01     7.00e-04   2865.992s
5790000 +6.12156594e+06 +6.11964534e+06  1.92e+03   2.34e+01     7.01e-04   2866.483s
5791000 +6.12156835e+06 +6.11964322e+06  1.93e+03   2.34e+01     7.01e-04   2866.975s
5792000 +6.12158431e+06 +6.11964114e+06  1.94e+03   2.34e+01     7.01e-04   2867.466s
5793000 +6.12157563e+06 +6.11963913e+06  1.94e+03   2.33e+01     7.00e-04   2867.957s
5794000 +6.12157738e+06 +6.11963719e+06  1.94e+03   2.34e+01     7.00e-04   2868.449s
5795000 +6.12156644e+06 +6.11963526e+06  1.93e+03   2.34e+01     7.00e-04   2868.940s
5796000 +6.12157120e+06 +6.11963345e+06  1.94e+03   2.34e+01     7.00e-04   2869.431s
5797000 +6.12155775e+06 +6.11963179e+06  1.93e+03   2.34e+01     6.99e-04   2869.922s
5798000 +6.12158080e+06 +6.11963010e+06  1.95e+03   2.33e+01     7.00e-04   2870.414s
5799000 +6.12157216e+06 +6.11962848e+06  1.94e+03   2.33e+01     6.99e-04   2870.905s
5800000 +6.12156456e+06 +6.11962672e+06  1.94e+03   2.33e+01     6.99e-04   2871.396s
5801000 +6.12155004e+06 +6.11962505e+06  1.92e+03   2.33e+01     6.98e-04   2871.888s
5802000 +6.12153718e+06 +6.11962337e+06  1.91e+03   2.33e+01     6.98e-04   2872.379s
5803000 +6.12153907e+06 +6.11962173e+06  1.92e+03   2.34e+01     6.98e-04   2872.871s
5804000 +6.12153351e+06 +6.11961989e+06  1.91e+03   2.34e+01     6.97e-04   2873.362s
5805000 +6.12152407e+06 +6.11961819e+06  1.91e+03   2.33e+01     6.97e-04   2873.853s
5806000 +6.12152798e+06 +6.11961654e+06  1.91e+03   2.33e+01     6.97e-04   2874.344s
5807000 +6.12151124e+06 +6.11961499e+06  1.90e+03   2.33e+01     6.96e-04   2874.836s
5808000 +6.12150502e+06 +6.11961341e+06  1.89e+03   2.33e+01     6.96e-04   2875.327s
5809000 +6.12150798e+06 +6.11961146e+06  1.90e+03   2.33e+01     6.96e-04   2875.818s
5810000 +6.12151728e+06 +6.11960965e+06  1.91e+03   2.33e+01     6.95e-04   2876.310s
5811000 +6.12152007e+06 +6.11960823e+06  1.91e+03   2.33e+01     6.95e-04   2876.801s
5812000 +6.12151239e+06 +6.11960658e+06  1.91e+03   2.32e+01     6.95e-04   2877.292s
5813000 +6.12153757e+06 +6.11960481e+06  1.93e+03   2.32e+01     6.95e-04   2877.784s
5814000 +6.12151660e+06 +6.11960325e+06  1.91e+03   2.32e+01     6.94e-04   2878.275s
5815000 +6.12150619e+06 +6.11960169e+06  1.90e+03   2.32e+01     6.93e-04   2878.766s
5816000 +6.12150228e+06 +6.11959997e+06  1.90e+03   2.32e+01     6.93e-04   2879.257s
5817000 +6.12151872e+06 +6.11959837e+06  1.92e+03   2.33e+01     6.94e-04   2879.749s
5818000 +6.12151833e+06 +6.11959670e+06  1.92e+03   2.33e+01     6.94e-04   2880.240s
5819000 +6.12154407e+06 +6.11959509e+06  1.95e+03   2.33e+01     6.94e-04   2880.732s
5820000 +6.12154126e+06 +6.11959347e+06  1.95e+03   2.32e+01     6.94e-04   2881.223s
5821000 +6.12154510e+06 +6.11959179e+06  1.95e+03   2.32e+01     6.95e-04   2881.714s
5822000 +6.12154571e+06 +6.11959024e+06  1.96e+03   2.32e+01     6.94e-04   2882.206s
5823000 +6.12153245e+06 +6.11958845e+06  1.94e+03   2.33e+01     6.94e-04   2882.697s
5824000 +6.12154074e+06 +6.11958715e+06  1.95e+03   2.33e+01     6.94e-04   2883.189s
5825000 +6.12153307e+06 +6.11958576e+06  1.95e+03   2.33e+01     6.94e-04   2883.680s
5826000 +6.12155738e+06 +6.11958423e+06  1.97e+03   2.33e+01     6.95e-04   2884.171s
5827000 +6.12154980e+06 +6.11958251e+06  1.97e+03   2.32e+01     6.95e-04   2884.662s
5828000 +6.12128939e+06 +6.11958130e+06  1.71e+03   2.30e+01     6.85e-04   2885.154s
5829000 +6.12122607e+06 +6.11957988e+06  1.65e+03   2.30e+01     6.84e-04   2885.645s
5830000 +6.12118557e+06 +6.11957861e+06  1.61e+03   2.31e+01     6.82e-04   2886.136s
5831000 +6.12116961e+06 +6.11957776e+06  1.59e+03   2.31e+01     6.81e-04   2886.628s
5832000 +6.12117657e+06 +6.11957694e+06  1.60e+03   2.30e+01     6.81e-04   2887.119s
5833000 +6.12116634e+06 +6.11957596e+06  1.59e+03   2.30e+01     6.81e-04   2887.611s
5834000 +6.12113821e+06 +6.11957459e+06  1.56e+03   2.30e+01     6.79e-04   2888.102s
5835000 +6.12111442e+06 +6.11957300e+06  1.54e+03   2.29e+01     6.77e-04   2888.594s
5836000 +6.12114234e+06 +6.11957227e+06  1.57e+03   2.30e+01     6.79e-04   2889.085s
5837000 +6.12112331e+06 +6.11957114e+06  1.55e+03   2.30e+01     6.78e-04   2889.577s
5838000 +6.12110597e+06 +6.11957021e+06  1.54e+03   2.31e+01     6.77e-04   2890.068s
5839000 +6.12108318e+06 +6.11956873e+06  1.51e+03   2.30e+01     6.76e-04   2890.559s
5840000 +6.12110563e+06 +6.11956773e+06  1.54e+03   2.29e+01     6.78e-04   2891.051s
5841000 +6.12107197e+06 +6.11956664e+06  1.51e+03   2.29e+01     6.77e-04   2891.543s
5842000 +6.12108617e+06 +6.11956587e+06  1.52e+03   2.30e+01     6.77e-04   2892.034s
5843000 +6.12110235e+06 +6.11956452e+06  1.54e+03   2.30e+01     6.78e-04   2892.526s
5844000 +6.12109822e+06 +6.11956378e+06  1.53e+03   2.30e+01     6.78e-04   2893.017s
5845000 +6.12108307e+06 +6.11956271e+06  1.52e+03   2.30e+01     6.77e-04   2893.509s
5846000 +6.12109717e+06 +6.11956175e+06  1.54e+03   2.31e+01     6.78e-04   2894.000s
5847000 +6.12107086e+06 +6.11956090e+06  1.51e+03   2.30e+01     6.77e-04   2894.492s
5848000 +6.12109329e+06 +6.11955962e+06  1.53e+03   2.29e+01     6.80e-04   2894.983s
5849000 +6.12107850e+06 +6.11955867e+06  1.52e+03   2.29e+01     6.78e-04   2895.475s
5850000 +6.12108305e+06 +6.11955776e+06  1.53e+03   2.30e+01     6.77e-04   2895.966s
5851000 +6.12105986e+06 +6.11955696e+06  1.50e+03   2.30e+01     6.77e-04   2896.458s
5852000 +6.12107752e+06 +6.11955604e+06  1.52e+03   2.30e+01     6.78e-04   2896.949s
5853000 +6.12108392e+06 +6.11955515e+06  1.53e+03   2.30e+01     6.79e-04   2897.440s
5854000 +6.12106481e+06 +6.11955402e+06  1.51e+03   2.31e+01     6.77e-04   2897.932s
5855000 +6.12109269e+06 +6.11955302e+06  1.54e+03   2.30e+01     6.77e-04   2898.424s
5856000 +6.12108583e+06 +6.11955213e+06  1.53e+03   2.29e+01     6.78e-04   2898.915s
5857000 +6.12105810e+06 +6.11955138e+06  1.51e+03   2.29e+01     6.77e-04   2899.407s
5858000 +6.12107661e+06 +6.11955062e+06  1.53e+03   2.30e+01     6.77e-04   2899.898s
5859000 +6.12109158e+06 +6.11955007e+06  1.54e+03   2.30e+01     6.76e-04   2900.390s
5860000 +6.12107150e+06 +6.11954913e+06  1.52e+03   2.30e+01     6.77e-04   2900.881s
5861000 +6.12106659e+06 +6.11954793e+06  1.52e+03   2.30e+01     6.76e-04   2901.373s
5862000 +6.12108429e+06 +6.11954676e+06  1.54e+03   2.30e+01     6.77e-04   2901.864s
5863000 +6.12109561e+06 +6.11954576e+06  1.55e+03   2.30e+01     6.77e-04   2902.356s
5864000 +6.12109382e+06 +6.11954488e+06  1.55e+03   2.29e+01     6.77e-04   2902.847s
5865000 +6.12108958e+06 +6.11954390e+06  1.55e+03   2.29e+01     6.77e-04   2903.339s
5866000 +6.12110234e+06 +6.11954295e+06  1.56e+03   2.30e+01     6.78e-04   2903.830s
5867000 +6.12110246e+06 +6.11954233e+06  1.56e+03   2.31e+01     6.78e-04   2904.322s
5868000 +6.12108866e+06 +6.11954148e+06  1.55e+03   2.30e+01     6.78e-04   2904.813s
5869000 +6.12110094e+06 +6.11954099e+06  1.56e+03   2.30e+01     6.77e-04   2905.304s
5870000 +6.12111587e+06 +6.11954029e+06  1.58e+03   2.30e+01     6.77e-04   2905.796s
5871000 +6.12113511e+06 +6.11953983e+06  1.60e+03   2.29e+01     6.78e-04   2906.287s
5872000 +6.12114135e+06 +6.11953891e+06  1.60e+03   2.28e+01     6.78e-04   2906.779s
5873000 +6.12114280e+06 +6.11953846e+06  1.60e+03   2.30e+01     6.77e-04   2907.270s
5874000 +6.12113304e+06 +6.11953762e+06  1.60e+03   2.31e+01     6.75e-04   2907.762s
5875000 +6.12111184e+06 +6.11953700e+06  1.57e+03   2.30e+01     6.75e-04   2908.253s
5876000 +6.12110897e+06 +6.11953523e+06  1.57e+03   2.29e+01     6.76e-04   2908.745s
5877000 +6.12112857e+06 +6.11953407e+06  1.59e+03   2.30e+01     6.76e-04   2909.236s
5878000 +6.12113174e+06 +6.11953308e+06  1.60e+03   2.30e+01     6.77e-04   2909.728s
5879000 +6.12111633e+06 +6.11953206e+06  1.58e+03   2.28e+01     6.76e-04   2910.219s
5880000 +6.12111315e+06 +6.11953111e+06  1.58e+03   2.29e+01     6.76e-04   2910.711s
5881000 +6.12113245e+06 +6.11952979e+06  1.60e+03   2.31e+01     6.76e-04   2911.202s
5882000 +6.12112311e+06 +6.11952879e+06  1.59e+03   2.31e+01     6.76e-04   2911.694s
5883000 +6.12114962e+06 +6.11952824e+06  1.62e+03   2.30e+01     6.78e-04   2912.185s
5884000 +6.12116721e+06 +6.11952746e+06  1.64e+03   2.30e+01     6.78e-04   2912.677s
5885000 +6.12114122e+06 +6.11952675e+06  1.61e+03   2.29e+01     6.76e-04   2913.168s
5886000 +6.12114044e+06 +6.11952567e+06  1.61e+03   2.29e+01     6.77e-04   2913.660s
5887000 +6.12115303e+06 +6.11952491e+06  1.63e+03   2.30e+01     6.79e-04   2914.152s
5888000 +6.12116108e+06 +6.11952356e+06  1.64e+03   2.31e+01     6.78e-04   2914.643s
5889000 +6.12116203e+06 +6.11952114e+06  1.64e+03   2.32e+01     6.77e-04   2915.134s
5890000 +6.12115353e+06 +6.11952098e+06  1.63e+03   2.31e+01     6.77e-04   2915.626s
5891000 +6.12112049e+06 +6.11951972e+06  1.60e+03   2.30e+01     6.78e-04   2916.117s
5892000 +6.12113989e+06 +6.11951914e+06  1.62e+03   2.30e+01     6.80e-04   2916.609s
5893000 +6.12115967e+06 +6.11951845e+06  1.64e+03   2.31e+01     6.81e-04   2917.100s
5894000 +6.12114800e+06 +6.11951693e+06  1.63e+03   2.31e+01     6.81e-04   2917.592s
5895000 +6.12112165e+06 +6.11951627e+06  1.61e+03   2.31e+01     6.79e-04   2918.084s
5896000 +6.12114301e+06 +6.11951519e+06  1.63e+03   2.32e+01     6.81e-04   2918.575s
5897000 +6.12113423e+06 +6.11951458e+06  1.62e+03   2.32e+01     6.79e-04   2919.067s
5898000 +6.12113544e+06 +6.11951352e+06  1.62e+03   2.31e+01     6.79e-04   2919.558s
5899000 +6.12115654e+06 +6.11951242e+06  1.64e+03   2.30e+01     6.81e-04   2920.050s
5900000 +6.12114868e+06 +6.11951088e+06  1.64e+03   2.30e+01     6.81e-04   2920.541s
5901000 +6.12114057e+06 +6.11951033e+06  1.63e+03   2.31e+01     6.81e-04   2921.033s
5902000 +6.12114684e+06 +6.11950967e+06  1.64e+03   2.32e+01     6.83e-04   2921.525s
5903000 +6.12115198e+06 +6.11950880e+06  1.64e+03   2.32e+01     6.84e-04   2922.016s
5904000 +6.12113123e+06 +6.11950810e+06  1.62e+03   2.33e+01     6.83e-04   2922.508s
5905000 +6.12110802e+06 +6.11950712e+06  1.60e+03   2.33e+01     6.81e-04   2922.999s
5906000 +6.12109925e+06 +6.11950649e+06  1.59e+03   2.31e+01     6.83e-04   2923.491s
5907000 +6.12109612e+06 +6.11950575e+06  1.59e+03   2.31e+01     6.84e-04   2923.982s
5908000 +6.12110026e+06 +6.11950517e+06  1.60e+03   2.31e+01     6.83e-04   2924.474s
5909000 +6.12105400e+06 +6.11950414e+06  1.55e+03   2.33e+01     6.82e-04   2924.966s
5910000 +6.12107026e+06 +6.11950350e+06  1.57e+03   2.33e+01     6.84e-04   2925.457s
5911000 +6.12106014e+06 +6.11950264e+06  1.56e+03   2.32e+01     6.83e-04   2925.949s
5912000 +6.12104691e+06 +6.11950168e+06  1.55e+03   2.32e+01     6.83e-04   2926.440s
5913000 +6.12105015e+06 +6.11950068e+06  1.55e+03   2.32e+01     6.85e-04   2926.932s
5914000 +6.12103871e+06 +6.11950034e+06  1.54e+03   2.31e+01     6.84e-04   2927.424s
5915000 +6.12103668e+06 +6.11949957e+06  1.54e+03   2.32e+01     6.85e-04   2927.916s
5916000 +6.12104937e+06 +6.11949861e+06  1.55e+03   2.33e+01     6.83e-04   2928.407s
5917000 +6.12106370e+06 +6.11949788e+06  1.57e+03   2.34e+01     6.84e-04   2928.899s
5918000 +6.12104692e+06 +6.11949744e+06  1.55e+03   2.33e+01     6.85e-04   2929.391s
5919000 +6.12106991e+06 +6.11949679e+06  1.57e+03   2.32e+01     6.85e-04   2929.882s
5920000 +6.12105966e+06 +6.11949644e+06  1.56e+03   2.32e+01     6.85e-04   2930.374s
5921000 +6.12105963e+06 +6.11949579e+06  1.56e+03   2.32e+01     6.84e-04   2930.865s
5922000 +6.12106089e+06 +6.11949520e+06  1.57e+03   2.32e+01     6.85e-04   2931.357s
5923000 +6.12107276e+06 +6.11949503e+06  1.58e+03   2.32e+01     6.85e-04   2931.849s
5924000 +6.12107410e+06 +6.11949459e+06  1.58e+03   2.33e+01     6.85e-04   2932.340s
5925000 +6.12105979e+06 +6.11949372e+06  1.57e+03   2.33e+01     6.85e-04   2932.832s
5926000 +6.12104376e+06 +6.11949287e+06  1.55e+03   2.32e+01     6.85e-04   2933.323s
5927000 +6.12104630e+06 +6.11949253e+06  1.55e+03   2.32e+01     6.84e-04   2933.815s
5928000 +6.12102931e+06 +6.11949183e+06  1.54e+03   2.33e+01     6.84e-04   2934.306s
5929000 +6.12102913e+06 +6.11949118e+06  1.54e+03   2.33e+01     6.84e-04   2934.798s
5930000 +6.12101781e+06 +6.11949026e+06  1.53e+03   2.32e+01     6.84e-04   2935.290s
5931000 +6.12100776e+06 +6.11948931e+06  1.52e+03   2.33e+01     6.82e-04   2935.781s
5932000 +6.12099291e+06 +6.11948917e+06  1.50e+03   2.33e+01     6.81e-04   2936.273s
5933000 +6.12098479e+06 +6.11948890e+06  1.50e+03   2.33e+01     6.83e-04   2936.764s
5934000 +6.12096326e+06 +6.11948873e+06  1.47e+03   2.31e+01     6.82e-04   2937.256s
5935000 +6.12097804e+06 +6.11948822e+06  1.49e+03   2.32e+01     6.83e-04   2937.747s
5936000 +6.12102170e+06 +6.11948781e+06  1.53e+03   2.33e+01     6.84e-04   2938.239s
5937000 +6.12101312e+06 +6.11948734e+06  1.53e+03   2.34e+01     6.86e-04   2938.730s
5938000 +6.12094420e+06 +6.11948667e+06  1.46e+03   2.33e+01     6.85e-04   2939.222s
5939000 +6.12095917e+06 +6.11948593e+06  1.47e+03   2.33e+01     6.86e-04   2939.714s
5940000 +6.12096599e+06 +6.11948535e+06  1.48e+03   2.34e+01     6.85e-04   2940.205s
5941000 +6.12096505e+06 +6.11948469e+06  1.48e+03   2.32e+01     6.85e-04   2940.697s
5942000 +6.12094690e+06 +6.11948390e+06  1.46e+03   2.32e+01     6.85e-04   2941.189s
5943000 +6.12097203e+06 +6.11948293e+06  1.49e+03   2.33e+01     6.86e-04   2941.680s
5944000 +6.12095745e+06 +6.11948245e+06  1.47e+03   2.33e+01     6.84e-04   2942.172s
5945000 +6.12097422e+06 +6.11948142e+06  1.49e+03   2.32e+01     6.82e-04   2942.663s
5946000 +6.12097826e+06 +6.11948087e+06  1.50e+03   2.32e+01     6.83e-04   2943.155s
5947000 +6.12097333e+06 +6.11948019e+06  1.49e+03   2.32e+01     6.81e-04   2943.646s
5948000 +6.12096442e+06 +6.11947942e+06  1.49e+03   2.32e+01     6.82e-04   2944.138s
5949000 +6.12092644e+06 +6.11947820e+06  1.45e+03   2.31e+01     6.81e-04   2944.629s
5950000 +6.12093015e+06 +6.11947768e+06  1.45e+03   2.31e+01     6.81e-04   2945.121s
5951000 +6.12093160e+06 +6.11947677e+06  1.45e+03   2.32e+01     6.83e-04   2945.612s
5952000 +6.12091307e+06 +6.11947620e+06  1.44e+03   2.33e+01     6.83e-04   2946.104s
5953000 +6.12092117e+06 +6.11947602e+06  1.45e+03   2.34e+01     6.85e-04   2946.596s
5954000 +6.12091585e+06 +6.11947583e+06  1.44e+03   2.34e+01     6.86e-04   2947.087s
5955000 +6.12087380e+06 +6.11947515e+06  1.40e+03   2.33e+01     6.84e-04   2947.579s
5956000 +6.12087587e+06 +6.11947464e+06  1.40e+03   2.32e+01     6.83e-04   2948.070s
5957000 +6.12085930e+06 +6.11947402e+06  1.39e+03   2.32e+01     6.85e-04   2948.562s
5958000 +6.12086209e+06 +6.11947358e+06  1.39e+03   2.32e+01     6.85e-04   2949.053s
5959000 +6.12085300e+06 +6.11947280e+06  1.38e+03   2.33e+01     6.84e-04   2949.545s
5960000 +6.12084682e+06 +6.11947195e+06  1.37e+03   2.33e+01     6.82e-04   2950.037s
5961000 +6.12083841e+06 +6.11947080e+06  1.37e+03   2.33e+01     6.82e-04   2950.528s
5962000 +6.12081870e+06 +6.11947023e+06  1.35e+03   2.32e+01     6.80e-04   2951.019s
5963000 +6.12083089e+06 +6.11946965e+06  1.36e+03   2.32e+01     6.80e-04   2951.511s
5964000 +6.12082474e+06 +6.11946910e+06  1.36e+03   2.32e+01     6.82e-04   2952.003s
5965000 +6.12078999e+06 +6.11946860e+06  1.32e+03   2.32e+01     6.81e-04   2952.494s
5966000 +6.12078385e+06 +6.11946825e+06  1.32e+03   2.32e+01     6.79e-04   2952.986s
5967000 +6.12079608e+06 +6.11946770e+06  1.33e+03   2.32e+01     6.79e-04   2953.477s
5968000 +6.12077040e+06 +6.11946705e+06  1.30e+03   2.32e+01     6.77e-04   2953.969s
5969000 +6.12078861e+06 +6.11946671e+06  1.32e+03   2.33e+01     6.79e-04   2954.460s
5970000 +6.12077352e+06 +6.11946634e+06  1.31e+03   2.32e+01     6.77e-04   2954.952s
5971000 +6.12075597e+06 +6.11946580e+06  1.29e+03   2.31e+01     6.75e-04   2955.443s
5972000 +6.12073876e+06 +6.11946554e+06  1.27e+03   2.31e+01     6.74e-04   2955.935s
5973000 +6.12075452e+06 +6.11946465e+06  1.29e+03   2.31e+01     6.74e-04   2956.426s
5974000 +6.12078448e+06 +6.11946340e+06  1.32e+03   2.31e+01     6.74e-04   2956.918s
5975000 +6.12077749e+06 +6.11946288e+06  1.31e+03   2.31e+01     6.75e-04   2957.409s
5976000 +6.12078227e+06 +6.11946220e+06  1.32e+03   2.32e+01     6.76e-04   2957.901s
5977000 +6.12076847e+06 +6.11946103e+06  1.31e+03   2.31e+01     6.76e-04   2958.392s
5978000 +6.12076103e+06 +6.11946052e+06  1.30e+03   2.30e+01     6.74e-04   2958.884s
5979000 +6.12077319e+06 +6.11945958e+06  1.31e+03   2.31e+01     6.73e-04   2959.375s
5980000 +6.12075289e+06 +6.11945835e+06  1.29e+03   2.31e+01     6.74e-04   2959.867s
5981000 +6.12076218e+06 +6.11945714e+06  1.31e+03   2.31e+01     6.73e-04   2960.359s
5982000 +6.12074171e+06 +6.11945607e+06  1.29e+03   2.31e+01     6.73e-04   2960.850s
5983000 +6.12076387e+06 +6.11945513e+06  1.31e+03   2.31e+01     6.73e-04   2961.342s
5984000 +6.12075245e+06 +6.11945458e+06  1.30e+03   2.30e+01     6.74e-04   2961.834s
5985000 +6.12075026e+06 +6.11945377e+06  1.30e+03   2.31e+01     6.74e-04   2962.325s
5986000 +6.12074790e+06 +6.11945257e+06  1.30e+03   2.32e+01     6.74e-04   2962.817s
5987000 +6.12074649e+06 +6.11945190e+06  1.29e+03   2.32e+01     6.74e-04   2963.308s
5988000 +6.12075643e+06 +6.11945089e+06  1.31e+03   2.32e+01     6.76e-04   2963.800s
5989000 +6.12075937e+06 +6.11945028e+06  1.31e+03   2.31e+01     6.77e-04   2964.291s
5990000 +6.12073422e+06 +6.11944855e+06  1.29e+03   2.31e+01     6.75e-04   2964.783s
5991000 +6.12073336e+06 +6.11944797e+06  1.29e+03   2.31e+01     6.76e-04   2965.275s
5992000 +6.12072403e+06 +6.11944716e+06  1.28e+03   2.32e+01     6.75e-04   2965.766s
5993000 +6.12071563e+06 +6.11944670e+06  1.27e+03   2.32e+01     6.77e-04   2966.258s
5994000 +6.12072293e+06 +6.11944583e+06  1.28e+03   2.32e+01     6.78e-04   2966.749s
5995000 +6.12074314e+06 +6.11944505e+06  1.30e+03   2.33e+01     6.80e-04   2967.240s
5996000 +6.12073310e+06 +6.11944472e+06  1.29e+03   2.32e+01     6.81e-04   2967.732s
5997000 +6.12073975e+06 +6.11944430e+06  1.30e+03   2.33e+01     6.82e-04   2968.224s
5998000 +6.12074640e+06 +6.11944367e+06  1.30e+03   2.33e+01     6.82e-04   2968.715s
5999000 +6.12075076e+06 +6.11944299e+06  1.31e+03   2.33e+01     6.83e-04   2969.207s
6000000 +6.12072911e+06 +6.11944231e+06  1.29e+03   2.32e+01     6.82e-04   2969.698s
6001000 +6.12076736e+06 +6.11944139e+06  1.33e+03   2.33e+01     6.83e-04   2970.190s
6002000 +6.12076704e+06 +6.11944102e+06  1.33e+03   2.33e+01     6.81e-04   2970.681s
6003000 +6.12076706e+06 +6.11944019e+06  1.33e+03   2.33e+01     6.82e-04   2971.173s
6004000 +6.12075103e+06 +6.11943943e+06  1.31e+03   2.32e+01     6.81e-04   2971.664s
6005000 +6.12075406e+06 +6.11943855e+06  1.32e+03   2.33e+01     6.82e-04   2972.156s
6006000 +6.12076046e+06 +6.11943783e+06  1.32e+03   2.33e+01     6.85e-04   2972.647s
6007000 +6.12077074e+06 +6.11943753e+06  1.33e+03   2.34e+01     6.83e-04   2973.139s
6008000 +6.12073141e+06 +6.11943697e+06  1.29e+03   2.34e+01     6.83e-04   2973.630s
6009000 +6.12073963e+06 +6.11943646e+06  1.30e+03   2.33e+01     6.82e-04   2974.121s
6010000 +6.12074533e+06 +6.11943564e+06  1.31e+03   2.32e+01     6.82e-04   2974.613s
6011000 +6.12074874e+06 +6.11943486e+06  1.31e+03   2.32e+01     6.83e-04   2975.105s
6012000 +6.12072704e+06 +6.11943414e+06  1.29e+03   2.32e+01     6.83e-04   2975.596s
6013000 +6.12071759e+06 +6.11943339e+06  1.28e+03   2.33e+01     6.83e-04   2976.088s
6014000 +6.12070416e+06 +6.11943315e+06  1.27e+03   2.34e+01     6.81e-04   2976.579s
6015000 +6.12069832e+06 +6.11943291e+06  1.27e+03   2.33e+01     6.79e-04   2977.071s
6016000 +6.12067492e+06 +6.11943230e+06  1.24e+03   2.32e+01     6.79e-04   2977.563s
6017000 +6.12069029e+06 +6.11943168e+06  1.26e+03   2.32e+01     6.81e-04   2978.054s
6018000 +6.12069270e+06 +6.11943148e+06  1.26e+03   2.33e+01     6.80e-04   2978.546s
6019000 +6.12068869e+06 +6.11943098e+06  1.26e+03   2.33e+01     6.81e-04   2979.037s
6020000 +6.12068465e+06 +6.11943034e+06  1.25e+03   2.32e+01     6.81e-04   2979.529s
6021000 +6.12067014e+06 +6.11942945e+06  1.24e+03   2.33e+01     6.79e-04   2980.020s
6022000 +6.12067080e+06 +6.11942853e+06  1.24e+03   2.32e+01     6.78e-04   2980.512s
6023000 +6.12066655e+06 +6.11942795e+06  1.24e+03   2.31e+01     6.77e-04   2981.004s
6024000 +6.12067075e+06 +6.11942744e+06  1.24e+03   2.32e+01     6.75e-04   2981.495s
6025000 +6.12066452e+06 +6.11942686e+06  1.24e+03   2.33e+01     6.75e-04   2981.987s
6026000 +6.12065307e+06 +6.11942608e+06  1.23e+03   2.32e+01     6.75e-04   2982.478s
6027000 +6.12065627e+06 +6.11942529e+06  1.23e+03   2.31e+01     6.74e-04   2982.970s
6028000 +6.12066286e+06 +6.11942419e+06  1.24e+03   2.31e+01     6.74e-04   2983.462s
6029000 +6.12067351e+06 +6.11942350e+06  1.25e+03   2.32e+01     6.75e-04   2983.953s
6030000 +6.12066419e+06 +6.11942290e+06  1.24e+03   2.32e+01     6.75e-04   2984.445s
6031000 +6.12064777e+06 +6.11942199e+06  1.23e+03   2.31e+01     6.72e-04   2984.936s
6032000 +6.12063968e+06 +6.11942082e+06  1.22e+03   2.30e+01     6.71e-04   2985.428s
6033000 +6.12064532e+06 +6.11942046e+06  1.22e+03   2.31e+01     6.73e-04   2985.919s
6034000 +6.12065929e+06 +6.11942016e+06  1.24e+03   2.30e+01     6.73e-04   2986.411s
6035000 +6.12066767e+06 +6.11941978e+06  1.25e+03   2.31e+01     6.74e-04   2986.903s
6036000 +6.12065620e+06 +6.11941937e+06  1.24e+03   2.32e+01     6.73e-04   2987.394s
6037000 +6.12064410e+06 +6.11941875e+06  1.23e+03   2.31e+01     6.72e-04   2987.886s
6038000 +6.12066454e+06 +6.11941796e+06  1.25e+03   2.30e+01     6.73e-04   2988.377s
6039000 +6.12062195e+06 +6.11941724e+06  1.20e+03   2.30e+01     6.70e-04   2988.869s
6040000 +6.12059138e+06 +6.11941672e+06  1.17e+03   2.31e+01     6.70e-04   2989.360s
6041000 +6.12058474e+06 +6.11941633e+06  1.17e+03   2.31e+01     6.70e-04   2989.852s
6042000 +6.12058456e+06 +6.11941617e+06  1.17e+03   2.30e+01     6.70e-04   2990.343s
6043000 +6.12056344e+06 +6.11941560e+06  1.15e+03   2.30e+01     6.68e-04   2990.835s
6044000 +6.12055702e+06 +6.11941482e+06  1.14e+03   2.29e+01     6.68e-04   2991.327s
6045000 +6.12055985e+06 +6.11941407e+06  1.15e+03   2.30e+01     6.69e-04   2991.818s
6046000 +6.12055771e+06 +6.11941342e+06  1.14e+03   2.31e+01     6.69e-04   2992.310s
6047000 +6.12047989e+06 +6.11941066e+06  1.07e+03   2.29e+01     9.54e-04   2992.802s
6048000 +6.12045887e+06 +6.11940934e+06  1.05e+03   2.29e+01     9.54e-04   2993.293s
6049000 +6.12045170e+06 +6.11940802e+06  1.04e+03   2.29e+01     9.53e-04   2993.785s
6050000 +6.12044915e+06 +6.11940667e+06  1.04e+03   2.29e+01     9.53e-04   2994.276s
6051000 +6.12045086e+06 +6.11940533e+06  1.05e+03   2.29e+01     9.52e-04   2994.767s
6052000 +6.12045394e+06 +6.11940406e+06  1.05e+03   2.29e+01     9.52e-04   2995.258s
6053000 +6.12044325e+06 +6.11940282e+06  1.04e+03   2.29e+01     9.53e-04   2995.749s
6054000 +6.12044055e+06 +6.11940152e+06  1.04e+03   2.29e+01     9.53e-04   2996.241s
6055000 +6.12044011e+06 +6.11940021e+06  1.04e+03   2.29e+01     9.53e-04   2996.732s
6056000 +6.12043505e+06 +6.11939899e+06  1.04e+03   2.29e+01     9.53e-04   2997.223s
6057000 +6.12043603e+06 +6.11939774e+06  1.04e+03   2.29e+01     9.54e-04   2997.715s
6058000 +6.12042416e+06 +6.11939645e+06  1.03e+03   2.29e+01     9.54e-04   2998.206s
6059000 +6.12042403e+06 +6.11939530e+06  1.03e+03   2.29e+01     9.55e-04   2998.698s
6060000 +6.12041738e+06 +6.11939416e+06  1.02e+03   2.29e+01     9.55e-04   2999.189s
6061000 +6.12040557e+06 +6.11939296e+06  1.01e+03   2.29e+01     9.54e-04   2999.680s
6062000 +6.12040744e+06 +6.11939167e+06  1.02e+03   2.29e+01     9.54e-04   3000.172s
6063000 +6.12039919e+06 +6.11939040e+06  1.01e+03   2.29e+01     9.53e-04   3000.663s
6064000 +6.12040605e+06 +6.11938920e+06  1.02e+03   2.29e+01     9.54e-04   3001.154s
6065000 +6.12040007e+06 +6.11938805e+06  1.01e+03   2.29e+01     9.54e-04   3001.646s
6066000 +6.12039398e+06 +6.11938685e+06  1.01e+03   2.29e+01     9.54e-04   3002.137s
6067000 +6.12039845e+06 +6.11938571e+06  1.01e+03   2.29e+01     9.54e-04   3002.628s
6068000 +6.12039927e+06 +6.11938450e+06  1.01e+03   2.29e+01     9.54e-04   3003.120s
6069000 +6.12038881e+06 +6.11938340e+06  1.01e+03   2.29e+01     9.54e-04   3003.611s
6070000 +6.12038664e+06 +6.11938222e+06  1.00e+03   2.29e+01     9.54e-04   3004.103s
6071000 +6.12037318e+06 +6.11938090e+06  9.92e+02   2.29e+01     9.53e-04   3004.594s
6072000 +6.12037624e+06 +6.11937974e+06  9.96e+02   2.29e+01     9.52e-04   3005.085s
6073000 +6.12036966e+06 +6.11937854e+06  9.91e+02   2.29e+01     9.52e-04   3005.577s
6074000 +6.12037559e+06 +6.11937749e+06  9.98e+02   2.29e+01     9.52e-04   3006.068s
6075000 +6.12036304e+06 +6.11937627e+06  9.87e+02   2.29e+01     9.51e-04   3006.559s
6076000 +6.12035697e+06 +6.11937527e+06  9.82e+02   2.29e+01     9.52e-04   3007.051s
6077000 +6.12034806e+06 +6.11937431e+06  9.74e+02   2.29e+01     9.51e-04   3007.542s
6078000 +6.12034436e+06 +6.11937330e+06  9.71e+02   2.29e+01     9.51e-04   3008.034s
6079000 +6.12034160e+06 +6.11937197e+06  9.70e+02   2.29e+01     9.49e-04   3008.525s
6080000 +6.12033487e+06 +6.11937103e+06  9.64e+02   2.28e+01     9.49e-04   3009.016s
6081000 +6.12033588e+06 +6.11936982e+06  9.66e+02   2.28e+01     9.48e-04   3009.508s
6082000 +6.12033674e+06 +6.11936877e+06  9.68e+02   2.28e+01     9.47e-04   3009.999s
6083000 +6.12032868e+06 +6.11936779e+06  9.61e+02   2.28e+01     9.47e-04   3010.491s
6084000 +6.12033272e+06 +6.11936675e+06  9.66e+02   2.28e+01     9.47e-04   3010.982s
6085000 +6.12034183e+06 +6.11936561e+06  9.76e+02   2.28e+01     9.48e-04   3011.474s
6086000 +6.12033140e+06 +6.11936444e+06  9.67e+02   2.28e+01     9.47e-04   3011.966s
6087000 +6.12032456e+06 +6.11936334e+06  9.61e+02   2.28e+01     9.45e-04   3012.457s
6088000 +6.12032004e+06 +6.11936223e+06  9.58e+02   2.27e+01     9.45e-04   3012.948s
6089000 +6.12032024e+06 +6.11936126e+06  9.59e+02   2.27e+01     9.44e-04   3013.440s
6090000 +6.12032186e+06 +6.11936024e+06  9.62e+02   2.27e+01     9.45e-04   3013.931s
6091000 +6.12031390e+06 +6.11935915e+06  9.55e+02   2.27e+01     9.44e-04   3014.423s
6092000 +6.12030944e+06 +6.11935813e+06  9.51e+02   2.27e+01     9.44e-04   3014.915s
6093000 +6.12030954e+06 +6.11935726e+06  9.52e+02   2.27e+01     9.43e-04   3015.406s
6094000 +6.12031064e+06 +6.11935650e+06  9.54e+02   2.27e+01     9.44e-04   3015.897s
6095000 +6.12031646e+06 +6.11935557e+06  9.61e+02   2.27e+01     9.44e-04   3016.389s
6096000 +6.12031324e+06 +6.11935462e+06  9.59e+02   2.27e+01     9.43e-04   3016.880s
6097000 +6.12029900e+06 +6.11935356e+06  9.45e+02   2.26e+01     9.42e-04   3017.372s
6098000 +6.12030221e+06 +6.11935239e+06  9.50e+02   2.27e+01     9.42e-04   3017.863s
6099000 +6.12029743e+06 +6.11935128e+06  9.46e+02   2.27e+01     9.41e-04   3018.355s
6100000 +6.12028897e+06 +6.11935046e+06  9.39e+02   2.27e+01     9.41e-04   3018.846s
6101000 +6.12029434e+06 +6.11934963e+06  9.45e+02   2.27e+01     9.41e-04   3019.338s
6102000 +6.12029805e+06 +6.11934835e+06  9.50e+02   2.26e+01     9.42e-04   3019.829s
6103000 +6.12029377e+06 +6.11934735e+06  9.46e+02   2.26e+01     9.40e-04   3020.320s
6104000 +6.12030154e+06 +6.11934637e+06  9.55e+02   2.26e+01     9.42e-04   3020.812s
6105000 +6.12029301e+06 +6.11934554e+06  9.47e+02   2.26e+01     9.40e-04   3021.303s
6106000 +6.12028296e+06 +6.11934453e+06  9.38e+02   2.27e+01     9.39e-04   3021.795s
6107000 +6.12003862e+06 +6.11934384e+06  6.95e+02   2.23e+01     9.19e-04   3022.287s
6108000 +6.12010129e+06 +6.11934311e+06  7.58e+02   2.24e+01     9.21e-04   3022.778s
6109000 +6.12008154e+06 +6.11934231e+06  7.39e+02   2.23e+01     9.21e-04   3023.269s
6110000 +6.12009034e+06 +6.11934164e+06  7.49e+02   2.23e+01     9.21e-04   3023.760s
6111000 +6.12008353e+06 +6.11934119e+06  7.42e+02   2.23e+01     9.21e-04   3024.252s
6112000 +6.12007829e+06 +6.11934049e+06  7.38e+02   2.24e+01     9.22e-04   3024.743s
6113000 +6.12004276e+06 +6.11934003e+06  7.03e+02   2.24e+01     9.18e-04   3025.235s
6114000 +6.12003887e+06 +6.11933944e+06  6.99e+02   2.24e+01     9.19e-04   3025.727s
6115000 +6.12004306e+06 +6.11933876e+06  7.04e+02   2.24e+01     9.19e-04   3026.218s
6116000 +6.12002937e+06 +6.11933765e+06  6.92e+02   2.24e+01     9.18e-04   3026.710s
6117000 +6.12002028e+06 +6.11933693e+06  6.83e+02   2.23e+01     9.16e-04   3027.201s
6118000 +6.12001874e+06 +6.11933629e+06  6.82e+02   2.22e+01     9.17e-04   3027.693s
6119000 +6.12001537e+06 +6.11933540e+06  6.80e+02   2.23e+01     9.17e-04   3028.185s
6120000 +6.11999608e+06 +6.11933458e+06  6.61e+02   2.24e+01     9.15e-04   3028.676s
6121000 +6.11999856e+06 +6.11933374e+06  6.65e+02   2.23e+01     9.14e-04   3029.168s
6122000 +6.11998751e+06 +6.11933304e+06  6.54e+02   2.22e+01     9.12e-04   3029.659s
6123000 +6.11998223e+06 +6.11933218e+06  6.50e+02   2.22e+01     9.10e-04   3030.151s
6124000 +6.11996984e+06 +6.11933138e+06  6.38e+02   2.22e+01     9.08e-04   3030.642s
6125000 +6.11996376e+06 +6.11933047e+06  6.33e+02   2.22e+01     9.08e-04   3031.134s
6126000 +6.11996178e+06 +6.11932971e+06  6.32e+02   2.22e+01     9.07e-04   3031.626s
6127000 +6.11995281e+06 +6.11932942e+06  6.23e+02   2.23e+01     9.06e-04   3032.117s
6128000 +6.11992150e+06 +6.11932877e+06  5.93e+02   2.22e+01     9.03e-04   3032.609s
6129000 +6.11992758e+06 +6.11932835e+06  5.99e+02   2.21e+01     9.05e-04   3033.100s
6130000 +6.11992607e+06 +6.11932779e+06  5.98e+02   2.21e+01     9.03e-04   3033.592s
6131000 +6.11991192e+06 +6.11932722e+06  5.85e+02   2.21e+01     9.02e-04   3034.083s
6132000 +6.11991979e+06 +6.11932688e+06  5.93e+02   2.21e+01     9.02e-04   3034.575s
6133000 +6.11990061e+06 +6.11932633e+06  5.74e+02   2.21e+01     8.99e-04   3035.066s
6134000 +6.11988931e+06 +6.11932590e+06  5.63e+02   2.21e+01     8.97e-04   3035.558s
6135000 +6.11986128e+06 +6.11932539e+06  5.36e+02   2.21e+01     8.96e-04   3036.049s
6136000 +6.11984982e+06 +6.11932448e+06  5.25e+02   2.20e+01     8.94e-04   3036.541s
6137000 +6.11984207e+06 +6.11932361e+06  5.18e+02   2.19e+01     8.93e-04   3037.032s
6138000 +6.11982565e+06 +6.11932305e+06  5.03e+02   2.19e+01     8.92e-04   3037.524s
6139000 +6.11983178e+06 +6.11932221e+06  5.10e+02   2.19e+01     8.93e-04   3038.016s
6140000 +6.11983153e+06 +6.11932142e+06  5.10e+02   2.20e+01     8.91e-04   3038.507s
6141000 +6.11981992e+06 +6.11932064e+06  4.99e+02   2.20e+01     8.89e-04   3038.998s
6142000 +6.11980352e+06 +6.11932002e+06  4.84e+02   2.19e+01     8.88e-04   3039.490s
6143000 +6.11979229e+06 +6.11931993e+06  4.72e+02   2.19e+01     8.88e-04   3039.981s
6144000 +6.11980427e+06 +6.11931933e+06  4.85e+02   2.19e+01     8.87e-04   3040.473s
6145000 +6.11981413e+06 +6.11931869e+06  4.95e+02   2.18e+01     8.89e-04   3040.964s
6146000 +6.11979697e+06 +6.11931827e+06  4.79e+02   2.18e+01     8.87e-04   3041.456s
6147000 +6.11979568e+06 +6.11931783e+06  4.78e+02   2.19e+01     8.87e-04   3041.947s
6148000 +6.11981660e+06 +6.11931714e+06  4.99e+02   2.20e+01     8.88e-04   3042.439s
6149000 +6.11980789e+06 +6.11931657e+06  4.91e+02   2.19e+01     8.89e-04   3042.930s
6150000 +6.11978877e+06 +6.11931586e+06  4.73e+02   2.19e+01     8.87e-04   3043.422s
6151000 +6.11981033e+06 +6.11931529e+06  4.95e+02   2.18e+01     8.87e-04   3043.914s
6152000 +6.11979878e+06 +6.11931465e+06  4.84e+02   2.18e+01     8.86e-04   3044.405s
6153000 +6.11978479e+06 +6.11931380e+06  4.71e+02   2.18e+01     8.84e-04   3044.897s
6154000 +6.11978342e+06 +6.11931326e+06  4.70e+02   2.18e+01     8.83e-04   3045.389s
6155000 +6.11978795e+06 +6.11931263e+06  4.75e+02   2.19e+01     8.82e-04   3045.881s
6156000 +6.11977696e+06 +6.11931213e+06  4.65e+02   2.18e+01     8.81e-04   3046.373s
6157000 +6.11976443e+06 +6.11931178e+06  4.53e+02   2.17e+01     8.81e-04   3046.864s
6158000 +6.11975334e+06 +6.11931127e+06  4.42e+02   2.17e+01     8.80e-04   3047.356s
6159000 +6.11974843e+06 +6.11931040e+06  4.38e+02   2.17e+01     8.79e-04   3047.848s
6160000 +6.11975161e+06 +6.11930974e+06  4.42e+02   2.17e+01     8.77e-04   3048.339s
6161000 +6.11972943e+06 +6.11930906e+06  4.20e+02   2.16e+01     8.75e-04   3048.831s
6162000 +6.11971952e+06 +6.11930828e+06  4.11e+02   2.16e+01     8.73e-04   3049.322s
6163000 +6.11971961e+06 +6.11930748e+06  4.12e+02   2.16e+01     8.71e-04   3049.814s
6164000 +6.11971903e+06 +6.11930688e+06  4.12e+02   2.15e+01     8.70e-04   3050.306s
6165000 +6.11972138e+06 +6.11930641e+06  4.15e+02   2.15e+01     8.69e-04   3050.797s
6166000 +6.11971023e+06 +6.11930593e+06  4.04e+02   2.15e+01     8.67e-04   3051.289s
6167000 +6.11969063e+06 +6.11930552e+06  3.85e+02   2.15e+01     8.65e-04   3051.781s
6168000 +6.11969820e+06 +6.11930492e+06  3.93e+02   2.14e+01     8.66e-04   3052.273s
6169000 +6.11969772e+06 +6.11930449e+06  3.93e+02   2.15e+01     8.65e-04   3052.764s
6170000 +6.11967979e+06 +6.11930443e+06  3.75e+02   2.14e+01     8.62e-04   3053.256s
6171000 +6.11967093e+06 +6.11930453e+06  3.66e+02   2.14e+01     8.61e-04   3053.747s
6172000 +6.11967531e+06 +6.11930404e+06  3.71e+02   2.14e+01     8.61e-04   3054.239s
6173000 +6.11966908e+06 +6.11930344e+06  3.66e+02   2.14e+01     8.62e-04   3054.731s
6174000 +6.11966771e+06 +6.11930296e+06  3.65e+02   2.14e+01     8.61e-04   3055.222s
6175000 +6.11965741e+06 +6.11930253e+06  3.55e+02   2.14e+01     8.60e-04   3055.714s
6176000 +6.11964649e+06 +6.11930179e+06  3.45e+02   2.13e+01     8.57e-04   3056.205s
6177000 +6.11963897e+06 +6.11930166e+06  3.37e+02   2.13e+01     8.58e-04   3056.697s
6178000 +6.11964154e+06 +6.11930133e+06  3.40e+02   2.13e+01     8.57e-04   3057.188s
6179000 +6.11965025e+06 +6.11930100e+06  3.49e+02   2.14e+01     8.58e-04   3057.680s
6180000 +6.11964821e+06 +6.11930062e+06  3.48e+02   2.14e+01     8.58e-04   3058.171s
6181000 +6.11963436e+06 +6.11930011e+06  3.34e+02   2.13e+01     8.56e-04   3058.663s
6182000 +6.11963293e+06 +6.11930004e+06  3.33e+02   2.12e+01     8.55e-04   3059.155s
6183000 +6.11962562e+06 +6.11929970e+06  3.26e+02   2.12e+01     8.53e-04   3059.646s
6184000 +6.11960729e+06 +6.11929959e+06  3.08e+02   2.12e+01     8.53e-04   3060.138s
6185000 +6.11960196e+06 +6.11929908e+06  3.03e+02   2.12e+01     8.53e-04   3060.629s
6186000 +6.11960673e+06 +6.11929875e+06  3.08e+02   2.13e+01     8.53e-04   3061.121s
6187000 +6.11961227e+06 +6.11929841e+06  3.14e+02   2.13e+01     8.54e-04   3061.613s
6188000 +6.11961018e+06 +6.11929837e+06  3.12e+02   2.12e+01     8.52e-04   3062.104s
6189000 +6.11959313e+06 +6.11929830e+06  2.95e+02   2.12e+01     8.52e-04   3062.596s
6190000 +6.11958355e+06 +6.11929778e+06  2.86e+02   2.12e+01     8.50e-04   3063.087s
6191000 +6.11959345e+06 +6.11929779e+06  2.96e+02   2.11e+01     8.49e-04   3063.579s
6192000 +6.11958506e+06 +6.11929740e+06  2.88e+02   2.11e+01     8.50e-04   3064.070s
6193000 +6.11959233e+06 +6.11929694e+06  2.95e+02   2.12e+01     8.49e-04   3064.562s
6194000 +6.11959575e+06 +6.11929646e+06  2.99e+02   2.12e+01     8.48e-04   3065.053s
6195000 +6.11959760e+06 +6.11929637e+06  3.01e+02   2.11e+01     8.48e-04   3065.545s
6196000 +6.11959537e+06 +6.11929557e+06  3.00e+02   2.11e+01     8.47e-04   3066.036s
6197000 +6.11958664e+06 +6.11929501e+06  2.92e+02   2.11e+01     8.47e-04   3066.528s
6198000 +6.11958709e+06 +6.11929496e+06  2.92e+02   2.11e+01     8.46e-04   3067.019s
6199000 +6.11958325e+06 +6.11929465e+06  2.89e+02   2.11e+01     8.46e-04   3067.511s
6200000 +6.11957993e+06 +6.11929441e+06  2.86e+02   2.11e+01     8.45e-04   3068.003s
6201000 +6.11957845e+06 +6.11929420e+06  2.84e+02   2.11e+01     8.45e-04   3068.495s
6202000 +6.11956202e+06 +6.11929414e+06  2.68e+02   2.10e+01     8.43e-04   3068.986s
6203000 +6.11953954e+06 +6.11929418e+06  2.45e+02   2.10e+01     8.41e-04   3069.478s
6204000 +6.11954381e+06 +6.11929384e+06  2.50e+02   2.10e+01     8.41e-04   3069.970s
6205000 +6.11953654e+06 +6.11929370e+06  2.43e+02   2.09e+01     8.39e-04   3070.461s
6206000 +6.11954301e+06 +6.11929359e+06  2.49e+02   2.10e+01     8.39e-04   3070.952s
6207000 +6.11954107e+06 +6.11929318e+06  2.48e+02   2.10e+01     8.38e-04   3071.444s
6208000 +6.11953689e+06 +6.11929299e+06  2.44e+02   2.10e+01     8.38e-04   3071.936s
6209000 +6.11951309e+06 +6.11929275e+06  2.20e+02   2.09e+01     8.35e-04   3072.427s
6210000 +6.11951809e+06 +6.11929248e+06  2.26e+02   2.09e+01     8.34e-04   3072.919s
6211000 +6.11950919e+06 +6.11929219e+06  2.17e+02   2.09e+01     8.33e-04   3073.411s
6212000 +6.11951323e+06 +6.11929149e+06  2.22e+02   2.09e+01     8.33e-04   3073.902s
6213000 +6.11952947e+06 +6.11929109e+06  2.38e+02   2.09e+01     8.33e-04   3074.394s
6214000 +6.11953428e+06 +6.11929061e+06  2.44e+02   2.09e+01     8.33e-04   3074.885s
6215000 +6.11952522e+06 +6.11929031e+06  2.35e+02   2.09e+01     8.33e-04   3075.377s
6216000 +6.11960071e+06 +6.11928975e+06  3.11e+02   2.10e+01     8.44e-04   3075.869s
6217000 +6.11957363e+06 +6.11928952e+06  2.84e+02   2.09e+01     8.39e-04   3076.360s
6218000 +6.11960141e+06 +6.11928918e+06  3.12e+02   2.09e+01     8.39e-04   3076.852s
6219000 +6.11959215e+06 +6.11928897e+06  3.03e+02   2.10e+01     8.40e-04   3077.343s
6220000 +6.11958892e+06 +6.11928880e+06  3.00e+02   2.10e+01     8.38e-04   3077.835s
6221000 +6.11958114e+06 +6.11928829e+06  2.93e+02   2.09e+01     8.37e-04   3078.326s
6222000 +6.11959130e+06 +6.11928819e+06  3.03e+02   2.09e+01     8.37e-04   3078.818s
6223000 +6.11957009e+06 +6.11928789e+06  2.82e+02   2.09e+01     8.36e-04   3079.310s
6224000 +6.11954825e+06 +6.11928747e+06  2.61e+02   2.09e+01     8.33e-04   3079.801s
6225000 +6.11954671e+06 +6.11928707e+06  2.60e+02   2.08e+01     8.33e-04   3080.292s
6226000 +6.11955272e+06 +6.11928671e+06  2.66e+02   2.08e+01     8.34e-04   3080.784s
6227000 +6.11955698e+06 +6.11928638e+06  2.71e+02   2.09e+01     8.34e-04   3081.275s
6228000 +6.11955556e+06 +6.11928624e+06  2.69e+02   2.09e+01     8.33e-04   3081.767s
6229000 +6.11956630e+06 +6.11928628e+06  2.80e+02   2.09e+01     8.33e-04   3082.258s
6230000 +6.11954858e+06 +6.11928615e+06  2.62e+02   2.09e+01     8.33e-04   3082.750s
6231000 +6.11954290e+06 +6.11928620e+06  2.57e+02   2.09e+01     8.32e-04   3083.241s
6232000 +6.11953493e+06 +6.11928635e+06  2.49e+02   2.08e+01     8.30e-04   3083.733s
6233000 +6.11953224e+06 +6.11928615e+06  2.46e+02   2.08e+01     8.31e-04   3084.225s
6234000 +6.11954075e+06 +6.11928577e+06  2.55e+02   2.08e+01     8.31e-04   3084.716s
6235000 +6.11954224e+06 +6.11928523e+06  2.57e+02   2.09e+01     8.30e-04   3085.208s
6236000 +6.11954500e+06 +6.11928515e+06  2.60e+02   2.08e+01     8.30e-04   3085.699s
6237000 +6.11953850e+06 +6.11928456e+06  2.54e+02   2.08e+01     8.29e-04   3086.191s
6238000 +6.11954035e+06 +6.11928454e+06  2.56e+02   2.07e+01     8.28e-04   3086.682s
6239000 +6.11952397e+06 +6.11928433e+06  2.40e+02   2.08e+01     8.28e-04   3087.174s
6240000 +6.11951885e+06 +6.11928421e+06  2.35e+02   2.08e+01     8.28e-04   3087.665s
6241000 +6.11952588e+06 +6.11928381e+06  2.42e+02   2.08e+01     8.27e-04   3088.157s
6242000 +6.11954564e+06 +6.11928349e+06  2.62e+02   2.08e+01     8.25e-04   3088.648s
6243000 +6.11953114e+06 +6.11928313e+06  2.48e+02   2.07e+01     8.26e-04   3089.140s
6244000 +6.11953722e+06 +6.11928267e+06  2.55e+02   2.07e+01     8.25e-04   3089.632s
6245000 +6.11951648e+06 +6.11928233e+06  2.34e+02   2.07e+01     8.25e-04   3090.123s
6246000 +6.11950346e+06 +6.11928197e+06  2.21e+02   2.08e+01     8.26e-04   3090.615s
6247000 +6.11950407e+06 +6.11928159e+06  2.22e+02   2.08e+01     8.27e-04   3091.106s
6248000 +6.11953650e+06 +6.11928105e+06  2.55e+02   2.08e+01     8.29e-04   3091.598s
6249000 +6.11954430e+06 +6.11928071e+06  2.64e+02   2.08e+01     8.30e-04   3092.090s
6250000 +6.11952944e+06 +6.11928040e+06  2.49e+02   2.08e+01     8.28e-04   3092.581s
6251000 +6.11951893e+06 +6.11928009e+06  2.39e+02   2.08e+01     8.28e-04   3093.072s
6252000 +6.11952674e+06 +6.11927982e+06  2.47e+02   2.08e+01     8.26e-04   3093.564s
6253000 +6.11952221e+06 +6.11927915e+06  2.43e+02   2.07e+01     8.25e-04   3094.055s
6254000 +6.11952043e+06 +6.11927885e+06  2.42e+02   2.07e+01     8.26e-04   3094.547s
6255000 +6.11952327e+06 +6.11927832e+06  2.45e+02   2.07e+01     8.24e-04   3095.039s
6256000 +6.11953875e+06 +6.11927775e+06  2.61e+02   2.07e+01     8.25e-04   3095.530s
6257000 +6.11954623e+06 +6.11927753e+06  2.69e+02   2.07e+01     8.26e-04   3096.021s
6258000 +6.11954736e+06 +6.11927760e+06  2.70e+02   2.07e+01     8.27e-04   3096.513s
6259000 +6.11957001e+06 +6.11927731e+06  2.93e+02   2.07e+01     8.28e-04   3097.004s
6260000 +6.11955392e+06 +6.11927712e+06  2.77e+02   2.07e+01     8.28e-04   3097.496s
6261000 +6.11954611e+06 +6.11927706e+06  2.69e+02   2.07e+01     8.27e-04   3097.988s
6262000 +6.11955244e+06 +6.11927658e+06  2.76e+02   2.08e+01     8.26e-04   3098.479s
6263000 +6.11955284e+06 +6.11927623e+06  2.77e+02   2.08e+01     8.26e-04   3098.971s
6264000 +6.11953511e+06 +6.11927558e+06  2.60e+02   2.07e+01     8.25e-04   3099.462s
6265000 +6.11952531e+06 +6.11927514e+06  2.50e+02   2.06e+01     8.24e-04   3099.954s
6266000 +6.11952339e+06 +6.11927491e+06  2.48e+02   2.07e+01     8.23e-04   3100.446s
6267000 +6.11951148e+06 +6.11927480e+06  2.37e+02   2.07e+01     8.22e-04   3100.938s
6268000 +6.11950605e+06 +6.11927446e+06  2.32e+02   2.06e+01     8.19e-04   3101.430s
6269000 +6.11948195e+06 +6.11927402e+06  2.08e+02   2.06e+01     8.17e-04   3101.921s
6270000 +6.11946145e+06 +6.11927318e+06  1.88e+02   2.06e+01     8.15e-04   3102.413s
6271000 +6.11947391e+06 +6.11927279e+06  2.01e+02   2.06e+01     8.16e-04   3102.904s
6272000 +6.11947620e+06 +6.11927266e+06  2.04e+02   2.05e+01     8.17e-04   3103.396s
6273000 +6.11947493e+06 +6.11927210e+06  2.03e+02   2.06e+01     8.15e-04   3103.888s
6274000 +6.11945503e+06 +6.11927175e+06  1.83e+02   2.06e+01     8.12e-04   3104.379s
6275000 +6.11944127e+06 +6.11927136e+06  1.70e+02   2.05e+01     8.12e-04   3104.871s
6276000 +6.11944873e+06 +6.11927113e+06  1.78e+02   2.05e+01     8.11e-04   3105.362s
6277000 +6.11946722e+06 +6.11927123e+06  1.96e+02   2.05e+01     8.13e-04   3105.853s
6278000 +6.11946542e+06 +6.11927101e+06  1.94e+02   2.05e+01     8.13e-04   3106.345s
6279000 +6.11946097e+06 +6.11927082e+06  1.90e+02   2.05e+01     8.12e-04   3106.837s
6280000 +6.11947493e+06 +6.11927063e+06  2.04e+02   2.05e+01     8.13e-04   3107.328s
6281000 +6.11947044e+06 +6.11927032e+06  2.00e+02   2.05e+01     8.13e-04   3107.820s
6282000 +6.11948367e+06 +6.11927020e+06  2.13e+02   2.06e+01     8.14e-04   3108.312s
6283000 +6.11948272e+06 +6.11927025e+06  2.12e+02   2.06e+01     8.13e-04   3108.803s
6284000 +6.11948949e+06 +6.11926996e+06  2.20e+02   2.05e+01     8.15e-04   3109.295s
6285000 +6.11950128e+06 +6.11927007e+06  2.31e+02   2.05e+01     8.15e-04   3109.787s
6286000 +6.11948315e+06 +6.11927003e+06  2.13e+02   2.05e+01     8.14e-04   3110.279s
6287000 +6.11948082e+06 +6.11927007e+06  2.11e+02   2.05e+01     8.14e-04   3110.771s
6288000 +6.11948259e+06 +6.11927025e+06  2.12e+02   2.05e+01     8.13e-04   3111.262s
6289000 +6.11947842e+06 +6.11927034e+06  2.08e+02   2.05e+01     8.13e-04   3111.753s
6290000 +6.11948586e+06 +6.11927006e+06  2.16e+02   2.05e+01     8.13e-04   3112.245s
6291000 +6.11947942e+06 +6.11926986e+06  2.10e+02   2.05e+01     8.11e-04   3112.736s
6292000 +6.11947607e+06 +6.11926976e+06  2.06e+02   2.04e+01     8.12e-04   3113.228s
6293000 +6.11949451e+06 +6.11926933e+06  2.25e+02   2.04e+01     8.13e-04   3113.719s
6294000 +6.11947703e+06 +6.11926909e+06  2.08e+02   2.05e+01     8.13e-04   3114.211s
6295000 +6.11948237e+06 +6.11926863e+06  2.14e+02   2.05e+01     8.12e-04   3114.702s
6296000 +6.11948897e+06 +6.11926812e+06  2.21e+02   2.05e+01     8.11e-04   3115.194s
6297000 +6.11948875e+06 +6.11926804e+06  2.21e+02   2.05e+01     8.10e-04   3115.685s
6298000 +6.11948647e+06 +6.11926756e+06  2.19e+02   2.04e+01     8.10e-04   3116.177s
6299000 +6.11947180e+06 +6.11926723e+06  2.05e+02   2.03e+01     8.07e-04   3116.669s
6300000 +6.11948540e+06 +6.11926681e+06  2.19e+02   2.03e+01     8.08e-04   3117.160s
6301000 +6.11945592e+06 +6.11926644e+06  1.89e+02   2.04e+01     8.06e-04   3117.652s
6302000 +6.11947073e+06 +6.11926616e+06  2.05e+02   2.04e+01     8.07e-04   3118.143s
6303000 +6.11947581e+06 +6.11926594e+06  2.10e+02   2.04e+01     8.06e-04   3118.635s
6304000 +6.11946503e+06 +6.11926574e+06  1.99e+02   2.04e+01     8.07e-04   3119.126s
6305000 +6.11945712e+06 +6.11926517e+06  1.92e+02   2.03e+01     8.06e-04   3119.618s
6306000 +6.11945275e+06 +6.11926489e+06  1.88e+02   2.03e+01     8.06e-04   3120.110s
6307000 +6.11945345e+06 +6.11926447e+06  1.89e+02   2.03e+01     8.04e-04   3120.601s
6308000 +6.11947073e+06 +6.11926398e+06  2.07e+02   2.03e+01     8.04e-04   3121.093s
6309000 +6.11947079e+06 +6.11926392e+06  2.07e+02   2.03e+01     8.02e-04   3121.585s
6310000 +6.11946833e+06 +6.11926375e+06  2.05e+02   2.03e+01     8.02e-04   3122.076s
6311000 +6.11945478e+06 +6.11926387e+06  1.91e+02   2.03e+01     8.00e-04   3122.568s
6312000 +6.11946843e+06 +6.11926360e+06  2.05e+02   2.02e+01     8.01e-04   3123.060s
6313000 +6.11945924e+06 +6.11926363e+06  1.96e+02   2.02e+01     8.01e-04   3123.551s
6314000 +6.11946930e+06 +6.11926328e+06  2.06e+02   2.02e+01     8.01e-04   3124.043s
6315000 +6.11946079e+06 +6.11926353e+06  1.97e+02   2.02e+01     8.01e-04   3124.534s
6316000 +6.11947530e+06 +6.11926348e+06  2.12e+02   2.03e+01     8.02e-04   3125.026s
6317000 +6.11946432e+06 +6.11926326e+06  2.01e+02   2.03e+01     8.02e-04   3125.517s
6318000 +6.11945999e+06 +6.11926332e+06  1.97e+02   2.03e+01     8.02e-04   3126.009s
6319000 +6.11945010e+06 +6.11926292e+06  1.87e+02   2.02e+01     8.02e-04   3126.501s
6320000 +6.11944102e+06 +6.11926290e+06  1.78e+02   2.02e+01     8.03e-04   3126.992s
6321000 +6.11944101e+06 +6.11926292e+06  1.78e+02   2.02e+01     8.00e-04   3127.484s
6322000 +6.11945074e+06 +6.11926261e+06  1.88e+02   2.03e+01     7.99e-04   3127.976s
6323000 +6.11944327e+06 +6.11926207e+06  1.81e+02   2.02e+01     7.99e-04   3128.467s
6324000 +6.11943545e+06 +6.11926190e+06  1.74e+02   2.02e+01     7.98e-04   3128.959s
6325000 +6.11941190e+06 +6.11926160e+06  1.50e+02   2.02e+01     7.96e-04   3129.451s
6326000 +6.11942168e+06 +6.11926152e+06  1.60e+02   2.02e+01     7.96e-04   3129.942s
6327000 +6.11941427e+06 +6.11926117e+06  1.53e+02   2.01e+01     7.95e-04   3130.434s
6328000 +6.11942857e+06 +6.11926074e+06  1.68e+02   2.01e+01     7.96e-04   3130.926s
6329000 +6.11942708e+06 +6.11926060e+06  1.66e+02   2.02e+01     7.95e-04   3131.417s
6330000 +6.11938981e+06 +6.11926037e+06  1.29e+02   2.02e+01     2.02e-03   3131.910s
6331000 +6.11939120e+06 +6.11925956e+06  1.32e+02   2.02e+01     2.02e-03   3132.402s
6332000 +6.11937953e+06 +6.11925829e+06  1.21e+02   2.02e+01     2.02e-03   3132.893s
6333000 +6.11937331e+06 +6.11925671e+06  1.17e+02   2.02e+01     2.02e-03   3133.384s
6334000 +6.11937167e+06 +6.11925531e+06  1.16e+02   2.02e+01     2.02e-03   3133.875s
6335000 +6.11936137e+06 +6.11925395e+06  1.07e+02   2.01e+01     2.02e-03   3134.367s
6336000 +6.11935518e+06 +6.11925245e+06  1.03e+02   2.01e+01     2.01e-03   3134.858s
6337000 +6.11934197e+06 +6.11925115e+06  9.08e+01   2.01e+01     2.01e-03   3135.350s
6338000 +6.11933370e+06 +6.11924995e+06  8.38e+01   2.01e+01     2.01e-03   3135.840s
6339000 +6.11932259e+06 +6.11924860e+06  7.40e+01   2.01e+01     2.01e-03   3136.332s
6340000 +6.11932089e+06 +6.11924734e+06  7.36e+01   2.01e+01     2.01e-03   3136.823s
6341000 +6.11931779e+06 +6.11924635e+06  7.14e+01   2.01e+01     2.01e-03   3137.315s
6342000 +6.11930633e+06 +6.11924532e+06  6.10e+01   2.01e+01     2.00e-03   3137.806s
6343000 +6.11930080e+06 +6.11924404e+06  5.68e+01   2.00e+01     2.00e-03   3138.297s
6344000 +6.11928900e+06 +6.11924278e+06  4.62e+01   2.00e+01     2.00e-03   3138.789s
6345000 +6.11937029e+06 +6.11924155e+06  1.29e+02   1.96e+01     1.98e-03   3139.280s
6346000 +6.11935770e+06 +6.11924021e+06  1.17e+02   1.96e+01     1.97e-03   3139.771s
6347000 +6.11935082e+06 +6.11923927e+06  1.12e+02   1.97e+01     1.97e-03   3140.263s
6348000 +6.11934123e+06 +6.11923801e+06  1.03e+02   1.97e+01     1.97e-03   3140.754s
6349000 +6.11935177e+06 +6.11923693e+06  1.15e+02   1.95e+01     1.97e-03   3141.245s
6350000 +6.11935872e+06 +6.11923555e+06  1.23e+02   1.95e+01     1.96e-03   3141.736s
6351000 +6.11933617e+06 +6.11923472e+06  1.01e+02   1.96e+01     1.96e-03   3142.228s
6352000 +6.11934445e+06 +6.11923401e+06  1.10e+02   1.96e+01     1.97e-03   3142.719s
6353000 +6.11935206e+06 +6.11923345e+06  1.19e+02   1.95e+01     1.96e-03   3143.211s
6354000 +6.11933393e+06 +6.11923201e+06  1.02e+02   1.95e+01     1.95e-03   3143.702s
6355000 +6.11931887e+06 +6.11923100e+06  8.79e+01   1.95e+01     1.95e-03   3144.194s
6356000 +6.11930853e+06 +6.11922960e+06  7.89e+01   1.95e+01     1.95e-03   3144.685s
6357000 +6.11930741e+06 +6.11922846e+06  7.89e+01   1.94e+01     1.95e-03   3145.177s
6358000 +6.11929299e+06 +6.11922748e+06  6.55e+01   1.93e+01     1.94e-03   3145.668s
6359000 +6.11929302e+06 +6.11922584e+06  6.72e+01   1.94e+01     1.94e-03   3146.160s
6360000 +6.11926571e+06 +6.11922493e+06  4.08e+01   1.93e+01     1.94e-03   3146.651s
6361000 +6.11925972e+06 +6.11922365e+06  3.61e+01   1.93e+01     1.93e-03   3147.143s
6362000 +6.11924668e+06 +6.11922284e+06  2.38e+01   1.93e+01     1.93e-03   3147.634s
6363000 +6.11924623e+06 +6.11922180e+06  2.44e+01   1.93e+01     1.93e-03   3148.126s
6364000 +6.11924290e+06 +6.11922112e+06  2.18e+01   1.93e+01     1.93e-03   3148.617s
6365000 +6.11923655e+06 +6.11922051e+06  1.60e+01   1.92e+01     1.93e-03   3149.109s
6366000 +6.11922728e+06 +6.11921957e+06  7.71e+00   1.91e+01     1.92e-03   3149.600s
6367000 +6.11921642e+06 +6.11921877e+06  2.35e+00   1.92e+01     1.92e-03   3150.092s
6368000 +6.11916993e+06 +6.11921793e+06  4.80e+01   1.91e+01     1.91e-03   3150.583s
6369000 +6.11917960e+06 +6.11921647e+06  3.69e+01   1.91e+01     1.91e-03   3151.075s
6370000 +6.11917480e+06 +6.11921547e+06  4.07e+01   1.90e+01     1.91e-03   3151.567s
6371000 +6.11917028e+06 +6.11921480e+06  4.45e+01   1.91e+01     1.90e-03   3152.058s
6372000 +6.11913726e+06 +6.11921390e+06  7.66e+01   1.90e+01     1.90e-03   3152.550s
6373000 +6.11912927e+06 +6.11921237e+06  8.31e+01   1.89e+01     1.90e-03   3153.041s
6374000 +6.11913894e+06 +6.11921074e+06  7.18e+01   1.90e+01     1.90e-03   3153.533s
6375000 +6.11913450e+06 +6.11920980e+06  7.53e+01   1.90e+01     1.89e-03   3154.025s
6376000 +6.11913011e+06 +6.11920887e+06  7.88e+01   1.90e+01     1.89e-03   3154.516s
6377000 +6.11909495e+06 +6.11920821e+06  1.13e+02   1.89e+01     1.88e-03   3155.008s
6378000 +6.11908081e+06 +6.11920785e+06  1.27e+02   1.89e+01     1.88e-03   3155.499s
6379000 +6.11907486e+06 +6.11920668e+06  1.32e+02   1.89e+01     1.88e-03   3155.991s
6380000 +6.11907127e+06 +6.11920596e+06  1.35e+02   1.88e+01     1.87e-03   3156.482s
6381000 +6.11905382e+06 +6.11920511e+06  1.51e+02   1.88e+01     1.87e-03   3156.974s
6382000 +6.11904537e+06 +6.11920423e+06  1.59e+02   1.88e+01     1.87e-03   3157.465s
6383000 +6.11904050e+06 +6.11920298e+06  1.62e+02   1.88e+01     1.86e-03   3157.957s
6384000 +6.11903656e+06 +6.11920140e+06  1.65e+02   1.87e+01     1.86e-03   3158.448s
6385000 +6.11901966e+06 +6.11920033e+06  1.81e+02   1.87e+01     1.85e-03   3158.940s
6386000 +6.11901536e+06 +6.11919931e+06  1.84e+02   1.87e+01     1.85e-03   3159.431s
6387000 +6.11901346e+06 +6.11919784e+06  1.84e+02   1.86e+01     1.84e-03   3159.923s
6388000 +6.11901062e+06 +6.11919729e+06  1.87e+02   1.86e+01     1.84e-03   3160.415s
6389000 +6.11899117e+06 +6.11919632e+06  2.05e+02   1.86e+01     1.84e-03   3160.906s
6390000 +6.11897638e+06 +6.11919489e+06  2.19e+02   1.85e+01     1.83e-03   3161.398s
6391000 +6.11897659e+06 +6.11919386e+06  2.17e+02   1.85e+01     1.83e-03   3161.890s
6392000 +6.11896662e+06 +6.11919352e+06  2.27e+02   1.84e+01     1.81e-03   3162.381s
6393000 +6.11896005e+06 +6.11919312e+06  2.33e+02   1.84e+01     1.81e-03   3162.873s
6394000 +6.11894986e+06 +6.11919211e+06  2.42e+02   1.83e+01     1.81e-03   3163.364s
6395000 +6.11895472e+06 +6.11919104e+06  2.36e+02   1.83e+01     1.80e-03   3163.856s
6396000 +6.11893213e+06 +6.11919006e+06  2.58e+02   1.83e+01     1.80e-03   3164.348s
6397000 +6.11893671e+06 +6.11918906e+06  2.52e+02   1.82e+01     1.79e-03   3164.839s
6398000 +6.11895214e+06 +6.11918760e+06  2.35e+02   1.82e+01     1.79e-03   3165.331s
6399000 +6.11893346e+06 +6.11918654e+06  2.53e+02   1.82e+01     1.79e-03   3165.822s
6400000 +6.11893703e+06 +6.11918562e+06  2.49e+02   1.82e+01     1.79e-03   3166.313s
6401000 +6.11893713e+06 +6.11918495e+06  2.48e+02   1.81e+01     1.78e-03   3166.805s
6402000 +6.11892630e+06 +6.11918469e+06  2.58e+02   1.81e+01     1.77e-03   3167.296s
6403000 +6.11893254e+06 +6.11918395e+06  2.51e+02   1.81e+01     1.78e-03   3167.788s
6404000 +6.11892542e+06 +6.11918305e+06  2.58e+02   1.81e+01     1.77e-03   3168.279s
6405000 +6.11892242e+06 +6.11918249e+06  2.60e+02   1.81e+01     1.77e-03   3168.771s
6406000 +6.11892541e+06 +6.11918151e+06  2.56e+02   1.81e+01     1.77e-03   3169.263s
6407000 +6.11891347e+06 +6.11918078e+06  2.67e+02   1.80e+01     1.76e-03   3169.754s
6408000 +6.11890570e+06 +6.11917980e+06  2.74e+02   1.80e+01     1.76e-03   3170.246s
6409000 +6.11890543e+06 +6.11917895e+06  2.74e+02   1.79e+01     1.76e-03   3170.737s
6410000 +6.11888439e+06 +6.11917795e+06  2.94e+02   1.79e+01     1.75e-03   3171.229s
6411000 +6.11887722e+06 +6.11917731e+06  3.00e+02   1.80e+01     1.76e-03   3171.721s
6412000 +6.11886778e+06 +6.11917658e+06  3.09e+02   1.79e+01     1.75e-03   3172.212s
6413000 +6.11886031e+06 +6.11917588e+06  3.16e+02   1.79e+01     1.75e-03   3172.704s
6414000 +6.11886030e+06 +6.11917487e+06  3.15e+02   1.79e+01     1.74e-03   3173.196s
6415000 +6.11884455e+06 +6.11917402e+06  3.29e+02   1.79e+01     1.74e-03   3173.687s
6416000 +6.11884058e+06 +6.11917358e+06  3.33e+02   1.78e+01     1.74e-03   3174.179s
6417000 +6.11883834e+06 +6.11917194e+06  3.34e+02   1.77e+01     1.73e-03   3174.671s
6418000 +6.11883270e+06 +6.11917083e+06  3.38e+02   1.77e+01     1.73e-03   3175.162s
6419000 +6.11883546e+06 +6.11917000e+06  3.35e+02   1.77e+01     1.72e-03   3175.653s
6420000 +6.11885795e+06 +6.11916878e+06  3.11e+02   1.75e+01     1.72e-03   3176.145s
6421000 +6.11879511e+06 +6.11916755e+06  3.72e+02   1.76e+01     1.72e-03   3176.637s
6422000 +6.11879884e+06 +6.11916667e+06  3.68e+02   1.75e+01     1.71e-03   3177.129s
6423000 +6.11880418e+06 +6.11916604e+06  3.62e+02   1.75e+01     1.70e-03   3177.620s
6424000 +6.11876944e+06 +6.11916505e+06  3.96e+02   1.75e+01     1.70e-03   3178.112s
6425000 +6.11879713e+06 +6.11916413e+06  3.67e+02   1.74e+01     1.70e-03   3178.603s
6426000 +6.11879669e+06 +6.11916320e+06  3.67e+02   1.74e+01     1.69e-03   3179.095s
6427000 +6.11875582e+06 +6.11916267e+06  4.07e+02   1.75e+01     1.69e-03   3179.586s
6428000 +6.11877305e+06 +6.11916206e+06  3.89e+02   1.73e+01     1.69e-03   3180.078s
6429000 +6.11877994e+06 +6.11916119e+06  3.81e+02   1.72e+01     1.68e-03   3180.569s
6430000 +6.11875914e+06 +6.11916051e+06  4.01e+02   1.73e+01     1.68e-03   3181.061s
6431000 +6.11879745e+06 +6.11915984e+06  3.62e+02   1.73e+01     1.68e-03   3181.552s
6432000 +6.11881105e+06 +6.11915937e+06  3.48e+02   1.72e+01     1.68e-03   3182.044s
6433000 +6.11878767e+06 +6.11915891e+06  3.71e+02   1.72e+01     1.68e-03   3182.536s
6434000 +6.11879275e+06 +6.11915794e+06  3.65e+02   1.72e+01     1.68e-03   3183.027s
6435000 +6.11880039e+06 +6.11915642e+06  3.56e+02   1.72e+01     1.67e-03   3183.519s
6436000 +6.11877447e+06 +6.11915515e+06  3.81e+02   1.72e+01     1.67e-03   3184.011s
6437000 +6.11881010e+06 +6.11915399e+06  3.44e+02   1.71e+01     1.67e-03   3184.502s
6438000 +6.11880581e+06 +6.11915273e+06  3.47e+02   1.71e+01     1.67e-03   3184.994s
6439000 +6.11879149e+06 +6.11915149e+06  3.60e+02   1.71e+01     1.66e-03   3185.486s
6440000 +6.11879174e+06 +6.11915037e+06  3.59e+02   1.70e+01     1.66e-03   3185.978s
6441000 +6.11879528e+06 +6.11914904e+06  3.54e+02   1.69e+01     1.65e-03   3186.470s
6442000 +6.11877652e+06 +6.11914873e+06  3.72e+02   1.69e+01     1.65e-03   3186.961s
6443000 +6.11877543e+06 +6.11914792e+06  3.72e+02   1.69e+01     1.65e-03   3187.453s
6444000 +6.11877760e+06 +6.11914724e+06  3.70e+02   1.69e+01     1.64e-03   3187.944s
6445000 +6.11876182e+06 +6.11914643e+06  3.85e+02   1.69e+01     1.64e-03   3188.436s
6446000 +6.11875510e+06 +6.11914578e+06  3.91e+02   1.68e+01     1.64e-03   3188.928s
6447000 +6.11874758e+06 +6.11914507e+06  3.97e+02   1.68e+01     1.64e-03   3189.419s
6448000 +6.11875054e+06 +6.11914465e+06  3.94e+02   1.68e+01     1.63e-03   3189.911s
6449000 +6.11875564e+06 +6.11914407e+06  3.88e+02   1.68e+01     1.63e-03   3190.402s
6450000 +6.11873526e+06 +6.11914378e+06  4.09e+02   1.67e+01     1.63e-03   3190.894s
6451000 +6.11873588e+06 +6.11914320e+06  4.07e+02   1.67e+01     1.63e-03   3191.386s
6452000 +6.11870219e+06 +6.11914303e+06  4.41e+02   1.68e+01     1.62e-03   3191.877s
6453000 +6.11870998e+06 +6.11914245e+06  4.32e+02   1.67e+01     1.61e-03   3192.369s
6454000 +6.11870701e+06 +6.11914216e+06  4.35e+02   1.66e+01     1.62e-03   3192.860s
6455000 +6.11871075e+06 +6.11914228e+06  4.32e+02   1.66e+01     1.61e-03   3193.352s
6456000 +6.11871814e+06 +6.11914152e+06  4.23e+02   1.66e+01     1.61e-03   3193.844s
6457000 +6.11869748e+06 +6.11914107e+06  4.44e+02   1.66e+01     1.61e-03   3194.335s
6458000 +6.11869270e+06 +6.11914070e+06  4.48e+02   1.66e+01     1.60e-03   3194.827s
6459000 +6.11869790e+06 +6.11914076e+06  4.43e+02   1.65e+01     1.60e-03   3195.318s
6460000 +6.11867905e+06 +6.11914030e+06  4.61e+02   1.65e+01     1.60e-03   3195.810s
6461000 +6.11867901e+06 +6.11913928e+06  4.60e+02   1.65e+01     1.60e-03   3196.302s
6462000 +6.11868150e+06 +6.11913879e+06  4.57e+02   1.64e+01     1.59e-03   3196.793s
6463000 +6.11866879e+06 +6.11913841e+06  4.70e+02   1.64e+01     1.59e-03   3197.285s
6464000 +6.11865289e+06 +6.11913799e+06  4.85e+02   1.64e+01     1.58e-03   3197.777s
6465000 +6.11863862e+06 +6.11913746e+06  4.99e+02   1.64e+01     1.58e-03   3198.268s
6466000 +6.11864464e+06 +6.11913723e+06  4.93e+02   1.63e+01     1.57e-03   3198.760s
6467000 +6.11863247e+06 +6.11913683e+06  5.04e+02   1.63e+01     1.57e-03   3199.252s
6468000 +6.11863468e+06 +6.11913640e+06  5.02e+02   1.63e+01     1.57e-03   3199.743s
6469000 +6.11863801e+06 +6.11913638e+06  4.98e+02   1.63e+01     1.57e-03   3200.235s
6470000 +6.11862362e+06 +6.11913657e+06  5.13e+02   1.63e+01     1.57e-03   3200.727s
6471000 +6.11864131e+06 +6.11913662e+06  4.95e+02   1.62e+01     1.57e-03   3201.218s
6472000 +6.11863417e+06 +6.11913664e+06  5.02e+02   1.63e+01     1.57e-03   3201.710s
6473000 +6.11864715e+06 +6.11913669e+06  4.90e+02   1.63e+01     1.56e-03   3202.202s
6474000 +6.11863034e+06 +6.11913639e+06  5.06e+02   1.62e+01     1.56e-03   3202.693s
6475000 +6.11862923e+06 +6.11913620e+06  5.07e+02   1.62e+01     1.56e-03   3203.184s
6476000 +6.11863679e+06 +6.11913619e+06  4.99e+02   1.62e+01     1.55e-03   3203.676s
6477000 +6.11863183e+06 +6.11913614e+06  5.04e+02   1.62e+01     1.55e-03   3204.168s
6478000 +6.11862152e+06 +6.11913645e+06  5.15e+02   1.61e+01     1.55e-03   3204.660s
6479000 +6.11861908e+06 +6.11913630e+06  5.17e+02   1.61e+01     1.55e-03   3205.152s
6480000 +6.11860728e+06 +6.11913606e+06  5.29e+02   1.61e+01     1.54e-03   3205.644s
6481000 +6.11862691e+06 +6.11913559e+06  5.09e+02   1.61e+01     1.54e-03   3206.135s
6482000 +6.11861020e+06 +6.11913576e+06  5.26e+02   1.61e+01     1.54e-03   3206.627s
6483000 +6.11861436e+06 +6.11913567e+06  5.21e+02   1.60e+01     1.54e-03   3207.119s
6484000 +6.11862226e+06 +6.11913562e+06  5.13e+02   1.60e+01     1.54e-03   3207.611s
6485000 +6.11861030e+06 +6.11913546e+06  5.25e+02   1.60e+01     1.53e-03   3208.102s
6486000 +6.11859742e+06 +6.11913537e+06  5.38e+02   1.60e+01     1.53e-03   3208.594s
6487000 +6.11858085e+06 +6.11913484e+06  5.54e+02   1.59e+01     1.53e-03   3209.085s
6488000 +6.11859313e+06 +6.11913476e+06  5.42e+02   1.59e+01     1.52e-03   3209.577s
6489000 +6.11859181e+06 +6.11913461e+06  5.43e+02   1.59e+01     1.52e-03   3210.068s
6490000 +6.11858151e+06 +6.11913483e+06  5.53e+02   1.59e+01     1.52e-03   3210.560s
6491000 +6.11858049e+06 +6.11913496e+06  5.54e+02   1.58e+01     1.52e-03   3211.051s
6492000 +6.11858032e+06 +6.11913512e+06  5.55e+02   1.58e+01     1.52e-03   3211.543s
6493000 +6.11857326e+06 +6.11913530e+06  5.62e+02   1.59e+01     1.51e-03   3212.035s
6494000 +6.11857912e+06 +6.11913555e+06  5.56e+02   1.59e+01     1.51e-03   3212.526s
6495000 +6.11855248e+06 +6.11913590e+06  5.83e+02   1.58e+01     1.51e-03   3213.018s
6496000 +6.11856598e+06 +6.11913560e+06  5.70e+02   1.58e+01     1.51e-03   3213.510s
6497000 +6.11857679e+06 +6.11913609e+06  5.59e+02   1.58e+01     1.51e-03   3214.002s
6498000 +6.11856045e+06 +6.11913605e+06  5.76e+02   1.58e+01     1.51e-03   3214.494s
6499000 +6.11855281e+06 +6.11913579e+06  5.83e+02   1.58e+01     1.51e-03   3214.985s
6500000 +6.11856040e+06 +6.11913540e+06  5.75e+02   1.58e+01     1.51e-03   3215.477s
6501000 +6.11855080e+06 +6.11913515e+06  5.84e+02   1.58e+01     1.51e-03   3215.969s
6502000 +6.11854665e+06 +6.11913496e+06  5.88e+02   1.58e+01     1.50e-03   3216.460s
6503000 +6.11855001e+06 +6.11913503e+06  5.85e+02   1.57e+01     1.50e-03   3216.952s
6504000 +6.11854062e+06 +6.11913531e+06  5.95e+02   1.57e+01     1.50e-03   3217.443s
6505000 +6.11850524e+06 +6.11913563e+06  6.30e+02   1.57e+01     1.49e-03   3217.935s
6506000 +6.11850340e+06 +6.11913593e+06  6.33e+02   1.57e+01     1.49e-03   3218.427s
6507000 +6.11849261e+06 +6.11913633e+06  6.44e+02   1.56e+01     1.48e-03   3218.919s
6508000 +6.11847184e+06 +6.11913665e+06  6.65e+02   1.56e+01     1.48e-03   3219.411s
6509000 +6.11848149e+06 +6.11913697e+06  6.55e+02   1.56e+01     1.48e-03   3219.902s
6510000 +6.11848675e+06 +6.11913717e+06  6.50e+02   1.56e+01     1.48e-03   3220.394s
6511000 +6.11847611e+06 +6.11913768e+06  6.62e+02   1.56e+01     1.48e-03   3220.886s
6512000 +6.11847234e+06 +6.11913843e+06  6.66e+02   1.56e+01     1.47e-03   3221.378s
6513000 +6.11845235e+06 +6.11913883e+06  6.86e+02   1.56e+01     1.47e-03   3221.870s
6514000 +6.11844562e+06 +6.11913918e+06  6.94e+02   1.56e+01     1.47e-03   3222.361s
6515000 +6.11844188e+06 +6.11913929e+06  6.97e+02   1.55e+01     1.47e-03   3222.853s
6516000 +6.11845000e+06 +6.11913935e+06  6.89e+02   1.55e+01     1.47e-03   3223.344s
6517000 +6.11843191e+06 +6.11913973e+06  7.08e+02   1.55e+01     1.46e-03   3223.836s
6518000 +6.11843489e+06 +6.11914014e+06  7.05e+02   1.55e+01     1.46e-03   3224.327s
6519000 +6.11845234e+06 +6.11914052e+06  6.88e+02   1.55e+01     1.47e-03   3224.819s
6520000 +6.11843939e+06 +6.11914102e+06  7.02e+02   1.55e+01     1.46e-03   3225.311s
6521000 +6.11842337e+06 +6.11914111e+06  7.18e+02   1.54e+01     1.46e-03   3225.802s
6522000 +6.11842314e+06 +6.11914135e+06  7.18e+02   1.54e+01     1.46e-03   3226.294s
6523000 +6.11841571e+06 +6.11914151e+06  7.26e+02   1.54e+01     1.46e-03   3226.786s
6524000 +6.11839881e+06 +6.11914199e+06  7.43e+02   1.54e+01     1.46e-03   3227.277s
6525000 +6.11841641e+06 +6.11914221e+06  7.26e+02   1.54e+01     1.46e-03   3227.769s
6526000 +6.11840832e+06 +6.11914227e+06  7.34e+02   1.54e+01     1.46e-03   3228.261s
6527000 +6.11840131e+06 +6.11914251e+06  7.41e+02   1.54e+01     1.45e-03   3228.752s
6528000 +6.11839510e+06 +6.11914269e+06  7.48e+02   1.53e+01     1.45e-03   3229.244s
6529000 +6.11838421e+06 +6.11914323e+06  7.59e+02   1.53e+01     1.45e-03   3229.736s
6530000 +6.11837789e+06 +6.11914312e+06  7.65e+02   1.53e+01     1.44e-03   3230.228s
6531000 +6.11838493e+06 +6.11914356e+06  7.59e+02   1.53e+01     1.44e-03   3230.720s
6532000 +6.11837423e+06 +6.11914373e+06  7.70e+02   1.53e+01     1.43e-03   3231.212s
6533000 +6.11836904e+06 +6.11914427e+06  7.75e+02   1.53e+01     1.43e-03   3231.703s
6534000 +6.11835559e+06 +6.11914496e+06  7.89e+02   1.52e+01     1.43e-03   3232.195s
6535000 +6.11836219e+06 +6.11914573e+06  7.84e+02   1.52e+01     1.43e-03   3232.687s
6536000 +6.11836272e+06 +6.11914609e+06  7.83e+02   1.52e+01     1.43e-03   3233.178s
6537000 +6.11836323e+06 +6.11914682e+06  7.84e+02   1.52e+01     1.43e-03   3233.670s
6538000 +6.11836471e+06 +6.11914758e+06  7.83e+02   1.52e+01     1.42e-03   3234.162s
6539000 +6.11836174e+06 +6.11914823e+06  7.86e+02   1.52e+01     1.42e-03   3234.654s
6540000 +6.11836445e+06 +6.11914866e+06  7.84e+02   1.52e+01     1.42e-03   3235.145s
6541000 +6.11836599e+06 +6.11914904e+06  7.83e+02   1.51e+01     1.42e-03   3235.637s
6542000 +6.11835515e+06 +6.11914939e+06  7.94e+02   1.51e+01     1.42e-03   3236.129s
6543000 +6.11835999e+06 +6.11914980e+06  7.90e+02   1.51e+01     1.42e-03   3236.620s
6544000 +6.11835412e+06 +6.11915042e+06  7.96e+02   1.51e+01     1.42e-03   3237.112s
6545000 +6.11834564e+06 +6.11915118e+06  8.06e+02   1.51e+01     1.41e-03   3237.604s
6546000 +6.11833631e+06 +6.11915152e+06  8.15e+02   1.50e+01     1.41e-03   3238.095s
6547000 +6.11827948e+06 +6.11915074e+06  8.71e+02   1.50e+01     6.37e-03   3238.588s
6548000 +6.11828504e+06 +6.11914849e+06  8.63e+02   1.49e+01     6.34e-03   3239.079s
6549000 +6.11826128e+06 +6.11914674e+06  8.85e+02   1.49e+01     6.34e-03   3239.571s
6550000 +6.11824171e+06 +6.11914537e+06  9.04e+02   1.49e+01     6.33e-03   3240.062s
6551000 +6.11822325e+06 +6.11914361e+06  9.20e+02   1.49e+01     6.32e-03   3240.554s
6552000 +6.11820431e+06 +6.11914186e+06  9.38e+02   1.49e+01     6.31e-03   3241.045s
6553000 +6.11819186e+06 +6.11913900e+06  9.47e+02   1.49e+01     6.29e-03   3241.536s
6554000 +6.11820368e+06 +6.11913546e+06  9.32e+02   1.49e+01     6.29e-03   3242.028s
6555000 +6.11818645e+06 +6.11913177e+06  9.45e+02   1.49e+01     6.28e-03   3242.520s
6556000 +6.11817727e+06 +6.11912810e+06  9.51e+02   1.48e+01     6.27e-03   3243.011s
6557000 +6.11815813e+06 +6.11912531e+06  9.67e+02   1.48e+01     6.27e-03   3243.503s
6558000 +6.11815597e+06 +6.11912194e+06  9.66e+02   1.48e+01     6.27e-03   3243.994s
6559000 +6.11813685e+06 +6.11911889e+06  9.82e+02   1.48e+01     6.26e-03   3244.485s
6560000 +6.11813381e+06 +6.11911641e+06  9.83e+02   1.48e+01     6.24e-03   3244.977s
6561000 +6.11813660e+06 +6.11911321e+06  9.77e+02   1.47e+01     6.24e-03   3245.469s
6562000 +6.11812634e+06 +6.11910993e+06  9.84e+02   1.47e+01     6.23e-03   3245.960s
6563000 +6.11812149e+06 +6.11910782e+06  9.86e+02   1.47e+01     6.23e-03   3246.452s
6564000 +6.11812314e+06 +6.11910512e+06  9.82e+02   1.47e+01     6.21e-03   3246.944s
6565000 +6.11810454e+06 +6.11910223e+06  9.98e+02   1.46e+01     6.18e-03   3247.435s
6566000 +6.11808470e+06 +6.11910092e+06  1.02e+03   1.46e+01     6.18e-03   3247.927s
6567000 +6.11806801e+06 +6.11909929e+06  1.03e+03   1.46e+01     6.16e-03   3248.418s
6568000 +6.11806152e+06 +6.11909749e+06  1.04e+03   1.46e+01     6.14e-03   3248.910s
6569000 +6.11803613e+06 +6.11909616e+06  1.06e+03   1.46e+01     6.13e-03   3249.401s
6570000 +6.11802940e+06 +6.11909459e+06  1.07e+03   1.45e+01     6.11e-03   3249.893s
6571000 +6.11802543e+06 +6.11909333e+06  1.07e+03   1.45e+01     6.10e-03   3250.385s
6572000 +6.11799466e+06 +6.11909125e+06  1.10e+03   1.45e+01     6.08e-03   3250.876s
6573000 +6.11798556e+06 +6.11909031e+06  1.10e+03   1.44e+01     6.07e-03   3251.368s
6574000 +6.11797097e+06 +6.11908931e+06  1.12e+03   1.44e+01     6.05e-03   3251.860s
6575000 +6.11795574e+06 +6.11908842e+06  1.13e+03   1.44e+01     6.04e-03   3252.351s
6576000 +6.11795224e+06 +6.11908668e+06  1.13e+03   1.44e+01     6.04e-03   3252.843s
6577000 +6.11793066e+06 +6.11908580e+06  1.16e+03   1.44e+01     6.04e-03   3253.335s
6578000 +6.11793850e+06 +6.11908302e+06  1.14e+03   1.44e+01     6.03e-03   3253.827s
6579000 +6.11793531e+06 +6.11908197e+06  1.15e+03   1.43e+01     6.02e-03   3254.318s
6580000 +6.11793546e+06 +6.11907959e+06  1.14e+03   1.43e+01     6.00e-03   3254.810s
6581000 +6.11792607e+06 +6.11907758e+06  1.15e+03   1.43e+01     5.98e-03   3255.302s
6582000 +6.11790504e+06 +6.11907571e+06  1.17e+03   1.43e+01     5.96e-03   3255.794s
6583000 +6.11791586e+06 +6.11907412e+06  1.16e+03   1.42e+01     5.96e-03   3256.286s
6584000 +6.11790232e+06 +6.11907194e+06  1.17e+03   1.42e+01     5.94e-03   3256.777s
6585000 +6.11789329e+06 +6.11906910e+06  1.18e+03   1.42e+01     5.92e-03   3257.269s
6586000 +6.11789819e+06 +6.11906686e+06  1.17e+03   1.41e+01     5.91e-03   3257.760s
6587000 +6.11789768e+06 +6.11906395e+06  1.17e+03   1.41e+01     5.91e-03   3258.252s
6588000 +6.11788475e+06 +6.11906224e+06  1.18e+03   1.41e+01     5.89e-03   3258.744s
6589000 +6.11787958e+06 +6.11906009e+06  1.18e+03   1.40e+01     5.87e-03   3259.236s
6590000 +6.11786424e+06 +6.11905781e+06  1.19e+03   1.40e+01     5.86e-03   3259.727s
6591000 +6.11786449e+06 +6.11905593e+06  1.19e+03   1.40e+01     5.84e-03   3260.219s
6592000 +6.11784564e+06 +6.11905468e+06  1.21e+03   1.39e+01     5.83e-03   3260.711s
6593000 +6.11784566e+06 +6.11905327e+06  1.21e+03   1.39e+01     5.81e-03   3261.203s
6594000 +6.11782950e+06 +6.11905199e+06  1.22e+03   1.39e+01     5.77e-03   3261.695s
6595000 +6.11781694e+06 +6.11904979e+06  1.23e+03   1.38e+01     5.76e-03   3262.186s
6596000 +6.11781280e+06 +6.11904769e+06  1.23e+03   1.38e+01     5.75e-03   3262.678s
6597000 +6.11780835e+06 +6.11904752e+06  1.24e+03   1.37e+01     5.74e-03   3263.170s
6598000 +6.11779159e+06 +6.11904704e+06  1.26e+03   1.37e+01     5.71e-03   3263.661s
6599000 +6.11778950e+06 +6.11904539e+06  1.26e+03   1.37e+01     5.71e-03   3264.153s
6600000 +6.11777385e+06 +6.11904444e+06  1.27e+03   1.37e+01     5.69e-03   3264.645s
6601000 +6.11776305e+06 +6.11904348e+06  1.28e+03   1.36e+01     5.69e-03   3265.137s
6602000 +6.11779682e+06 +6.11904229e+06  1.25e+03   1.36e+01     5.67e-03   3265.629s
6603000 +6.11775244e+06 +6.11904058e+06  1.29e+03   1.35e+01     5.63e-03   3266.120s
6604000 +6.11772428e+06 +6.11903857e+06  1.31e+03   1.35e+01     5.60e-03   3266.612s
6605000 +6.11770555e+06 +6.11903681e+06  1.33e+03   1.35e+01     5.56e-03   3267.104s
6606000 +6.11767720e+06 +6.11903530e+06  1.36e+03   1.35e+01     5.55e-03   3267.596s
6607000 +6.11769655e+06 +6.11903415e+06  1.34e+03   1.34e+01     5.54e-03   3268.088s
6608000 +6.11769331e+06 +6.11903349e+06  1.34e+03   1.34e+01     5.54e-03   3268.579s
6609000 +6.11766856e+06 +6.11903197e+06  1.36e+03   1.33e+01     5.50e-03   3269.071s
6610000 +6.11764653e+06 +6.11903148e+06  1.38e+03   1.33e+01     5.46e-03   3269.563s
6611000 +6.11763997e+06 +6.11903070e+06  1.39e+03   1.33e+01     5.43e-03   3270.055s
6612000 +6.11762693e+06 +6.11902961e+06  1.40e+03   1.33e+01     5.40e-03   3270.546s
6613000 +6.11763570e+06 +6.11902827e+06  1.39e+03   1.32e+01     5.39e-03   3271.038s
6614000 +6.11763446e+06 +6.11902614e+06  1.39e+03   1.32e+01     5.38e-03   3271.530s
6615000 +6.11763307e+06 +6.11902520e+06  1.39e+03   1.32e+01     5.37e-03   3272.021s
6616000 +6.11762639e+06 +6.11902410e+06  1.40e+03   1.32e+01     5.36e-03   3272.513s
6617000 +6.11761420e+06 +6.11902370e+06  1.41e+03   1.31e+01     5.34e-03   3273.005s
6618000 +6.11760156e+06 +6.11902263e+06  1.42e+03   1.31e+01     5.33e-03   3273.497s
6619000 +6.11759035e+06 +6.11902155e+06  1.43e+03   1.31e+01     5.31e-03   3273.988s
6620000 +6.11759417e+06 +6.11902027e+06  1.43e+03   1.31e+01     5.30e-03   3274.480s
6621000 +6.11759076e+06 +6.11901863e+06  1.43e+03   1.31e+01     5.28e-03   3274.972s
6622000 +6.11759496e+06 +6.11901752e+06  1.42e+03   1.30e+01     5.28e-03   3275.463s
6623000 +6.11759477e+06 +6.11901567e+06  1.42e+03   1.30e+01     5.26e-03   3275.955s
6624000 +6.11758596e+06 +6.11901452e+06  1.43e+03   1.30e+01     5.26e-03   3276.447s
6625000 +6.11759458e+06 +6.11901396e+06  1.42e+03   1.30e+01     5.26e-03   3276.939s
6626000 +6.11756336e+06 +6.11901303e+06  1.45e+03   1.29e+01     5.24e-03   3277.431s
6627000 +6.11755976e+06 +6.11901226e+06  1.45e+03   1.29e+01     5.22e-03   3277.922s
6628000 +6.11756360e+06 +6.11901039e+06  1.45e+03   1.29e+01     5.21e-03   3278.414s
6629000 +6.11755229e+06 +6.11900968e+06  1.46e+03   1.29e+01     5.21e-03   3278.906s
6630000 +6.11744057e+06 +6.11899888e+06  1.56e+03   1.29e+01     3.45e-02   3279.398s
6631000 +6.11748367e+06 +6.11898473e+06  1.50e+03   1.28e+01     3.46e-02   3279.890s
6632000 +6.11745109e+06 +6.11896609e+06  1.52e+03   1.28e+01     3.42e-02   3280.381s
6633000 +6.11741107e+06 +6.11894723e+06  1.54e+03   1.27e+01     3.40e-02   3280.873s
6634000 +6.11735026e+06 +6.11892940e+06  1.58e+03   1.27e+01     3.37e-02   3281.364s
6635000 +6.11731229e+06 +6.11891015e+06  1.60e+03   1.26e+01     3.34e-02   3281.856s
6636000 +6.11725259e+06 +6.11888807e+06  1.64e+03   1.26e+01     3.29e-02   3282.348s
6637000 +6.11722772e+06 +6.11886749e+06  1.64e+03   1.25e+01     3.26e-02   3282.839s
6638000 +6.11718834e+06 +6.11885033e+06  1.66e+03   1.24e+01     3.21e-02   3283.331s
6639000 +6.11713337e+06 +6.11883031e+06  1.70e+03   1.23e+01     3.15e-02   3283.823s
6640000 +6.11713042e+06 +6.11880979e+06  1.68e+03   1.22e+01     3.11e-02   3284.315s
6641000 +6.11706672e+06 +6.11879162e+06  1.72e+03   1.21e+01     3.06e-02   3284.806s
6642000 +6.11704632e+06 +6.11876846e+06  1.72e+03   1.20e+01     3.02e-02   3285.298s
6643000 +6.11702186e+06 +6.11874230e+06  1.72e+03   1.19e+01     2.98e-02   3285.790s
6644000 +6.11701660e+06 +6.11872363e+06  1.71e+03   1.19e+01     2.97e-02   3286.282s
6645000 +6.11697325e+06 +6.11870692e+06  1.73e+03   1.18e+01     2.93e-02   3286.774s
6646000 +6.11696126e+06 +6.11868751e+06  1.73e+03   1.17e+01     2.91e-02   3287.265s
6647000 +6.11688368e+06 +6.11867365e+06  1.79e+03   1.17e+01     2.87e-02   3287.757s
6648000 +6.11686932e+06 +6.11865937e+06  1.79e+03   1.16e+01     2.82e-02   3288.249s
6649000 +6.11684857e+06 +6.11864391e+06  1.80e+03   1.16e+01     2.80e-02   3288.740s
6650000 +6.11682328e+06 +6.11862726e+06  1.80e+03   1.15e+01     2.78e-02   3289.232s
6651000 +6.11683795e+06 +6.11861197e+06  1.77e+03   1.14e+01     2.77e-02   3289.724s
6652000 +6.11682759e+06 +6.11860466e+06  1.78e+03   1.14e+01     2.76e-02   3290.216s
6653000 +6.11683022e+06 +6.11858859e+06  1.76e+03   1.13e+01     2.74e-02   3290.708s
6654000 +6.11681151e+06 +6.11857848e+06  1.77e+03   1.13e+01     2.73e-02   3291.199s
6655000 +6.11677671e+06 +6.11857045e+06  1.79e+03   1.13e+01     2.70e-02   3291.691s
6656000 +6.11675381e+06 +6.11855810e+06  1.80e+03   1.12e+01     2.68e-02   3292.183s
6657000 +6.11672694e+06 +6.11853848e+06  1.81e+03   1.11e+01     2.65e-02   3292.675s
6658000 +6.11666754e+06 +6.11848611e+06  1.82e+03   1.11e+01     1.80e-01   3293.167s
6659000 +6.11651653e+06 +6.11828314e+06  1.77e+03   1.10e+01     1.72e-01   3293.658s
6660000 +6.11628724e+06 +6.11810037e+06  1.81e+03   1.09e+01     1.63e-01   3294.150s
6661000 +6.11613805e+06 +6.11795159e+06  1.81e+03   1.07e+01     1.58e-01   3294.642s
6662000 +6.11609566e+06 +6.11780576e+06  1.71e+03   1.04e+01     1.51e-01   3295.134s
6663000 +6.11602531e+06 +6.11770471e+06  1.68e+03   1.03e+01     1.47e-01   3295.625s
6664000 +6.11593327e+06 +6.11761645e+06  1.68e+03   1.01e+01     1.41e-01   3296.117s
6665000 +6.11587370e+06 +6.11749596e+06  1.62e+03   9.86e+00     1.36e-01   3296.609s
6666000 +6.11576138e+06 +6.11744885e+06  1.69e+03   9.73e+00     1.31e-01   3297.101s
6667000 +6.11572827e+06 +6.11736693e+06  1.64e+03   9.67e+00     1.29e-01   3297.593s
6668000 +6.11567145e+06 +6.11734708e+06  1.68e+03   9.55e+00     1.24e-01   3298.085s
6669000 +6.11564048e+06 +6.11732368e+06  1.68e+03   9.42e+00     1.21e-01   3298.577s
6670000 +6.11561834e+06 +6.11730314e+06  1.68e+03   9.34e+00     1.18e-01   3299.070s
6671000 +6.11558562e+06 +6.11727332e+06  1.69e+03   9.27e+00     1.14e-01   3299.561s
6672000 +6.11557560e+06 +6.11725459e+06  1.68e+03   9.14e+00     1.10e-01   3300.054s
6673000 +6.11558083e+06 +6.11725168e+06  1.67e+03   9.06e+00     1.09e-01   3300.546s
6674000 +6.11554966e+06 +6.11722656e+06  1.68e+03   9.03e+00     1.06e-01   3301.038s
6675000 +6.11553595e+06 +6.11722328e+06  1.69e+03   8.95e+00     1.04e-01   3301.530s
6676000 +6.11552836e+06 +6.11720373e+06  1.68e+03   8.87e+00     1.01e-01   3302.021s
6677000 +6.11553140e+06 +6.11720618e+06  1.67e+03   8.80e+00     9.98e-02   3302.514s
6678000 +6.11549831e+06 +6.11719471e+06  1.70e+03   8.78e+00     9.75e-02   3303.006s
6679000 +6.11549519e+06 +6.11719500e+06  1.70e+03   8.76e+00     9.52e-02   3303.498s
6680000 +6.11548575e+06 +6.11719956e+06  1.71e+03   8.70e+00     9.29e-02   3303.990s
6681000 +6.11547135e+06 +6.11718502e+06  1.71e+03   8.61e+00     9.12e-02   3304.482s
6682000 +6.11545168e+06 +6.11718090e+06  1.73e+03   8.55e+00     8.52e-02   3304.974s
6683000 +6.11544109e+06 +6.11717641e+06  1.74e+03   8.52e+00     8.33e-02   3305.466s
6684000 +6.11543047e+06 +6.11718744e+06  1.76e+03   8.52e+00     8.16e-02   3305.958s
6685000 +6.11542284e+06 +6.11716669e+06  1.74e+03   8.52e+00     8.06e-02   3306.450s
6686000 +6.11542730e+06 +6.11717202e+06  1.74e+03   8.45e+00     8.04e-02   3306.942s
6687000 +6.11542319e+06 +6.11716642e+06  1.74e+03   8.39e+00     7.89e-02   3307.434s
6688000 +6.11534939e+06 +6.11707640e+06  1.73e+03   8.41e+00     2.88e-01   3307.927s
6689000 +6.11527948e+06 +6.11696298e+06  1.68e+03   8.40e+00     2.80e-01   3308.418s
6690000 +6.11519966e+06 +6.11684365e+06  1.64e+03   8.42e+00     2.67e-01   3308.910s
6691000 +6.11512505e+06 +6.11671882e+06  1.59e+03   8.42e+00     2.56e-01   3309.402s
6692000 +6.11505148e+06 +6.11667159e+06  1.62e+03   8.38e+00     2.38e-01   3309.894s
6693000 +6.11501345e+06 +6.11661290e+06  1.60e+03   8.36e+00     2.28e-01   3310.386s
6694000 +6.11497793e+06 +6.11659316e+06  1.62e+03   8.35e+00     2.19e-01   3310.878s
6695000 +6.11494545e+06 +6.11656170e+06  1.62e+03   8.33e+00     2.11e-01   3311.370s
6696000 +6.11497321e+06 +6.11653768e+06  1.56e+03   8.27e+00     2.02e-01   3311.861s
6697000 +6.11499119e+06 +6.11652427e+06  1.53e+03   8.21e+00     1.95e-01   3312.353s
6698000 +6.11498685e+06 +6.11654381e+06  1.56e+03   8.17e+00     1.90e-01   3312.845s
6699000 +6.11499022e+06 +6.11653679e+06  1.55e+03   8.13e+00     1.84e-01   3313.337s
6700000 +6.11500356e+06 +6.11655207e+06  1.55e+03   8.08e+00     1.80e-01   3313.829s
6701000 +6.11502293e+06 +6.11652636e+06  1.50e+03   8.02e+00     1.75e-01   3314.321s
6702000 +6.11504837e+06 +6.11655233e+06  1.50e+03   7.96e+00     1.71e-01   3314.813s
6703000 +6.11508640e+06 +6.11655618e+06  1.47e+03   7.90e+00     1.69e-01   3315.305s
6704000 +6.11511722e+06 +6.11657045e+06  1.45e+03   7.84e+00     1.68e-01   3315.797s
6705000 +6.11514179e+06 +6.11654045e+06  1.40e+03   7.78e+00     1.64e-01   3316.290s
6706000 +6.11516929e+06 +6.11652280e+06  1.35e+03   7.73e+00     1.61e-01   3316.782s
6707000 +6.11519404e+06 +6.11651420e+06  1.32e+03   7.67e+00     1.58e-01   3317.274s
6708000 +6.11521125e+06 +6.11648674e+06  1.28e+03   7.60e+00     1.55e-01   3317.766s
6709000 +6.11523793e+06 +6.11646923e+06  1.23e+03   7.56e+00     1.53e-01   3318.258s
6710000 +6.11525336e+06 +6.11645261e+06  1.20e+03   7.52e+00     1.50e-01   3318.750s
6711000 +6.11526236e+06 +6.11642612e+06  1.16e+03   7.48e+00     1.48e-01   3319.242s
6712000 +6.11527972e+06 +6.11642910e+06  1.15e+03   7.44e+00     1.47e-01   3319.734s
6713000 +6.11530202e+06 +6.11643804e+06  1.14e+03   7.40e+00     1.46e-01   3320.226s
6714000 +6.11531681e+06 +6.11643247e+06  1.12e+03   7.38e+00     1.44e-01   3320.718s
6715000 +6.11531639e+06 +6.11643935e+06  1.12e+03   7.38e+00     1.43e-01   3321.209s
6716000 +6.11531251e+06 +6.11646584e+06  1.15e+03   7.38e+00     1.42e-01   3321.701s
6717000 +6.11532584e+06 +6.11646409e+06  1.14e+03   7.34e+00     1.40e-01   3322.193s
6718000 +6.11533661e+06 +6.11645224e+06  1.12e+03   7.33e+00     1.38e-01   3322.685s
6719000 +6.11534318e+06 +6.11647980e+06  1.14e+03   7.31e+00     1.37e-01   3323.177s
6720000 +6.11533904e+06 +6.11647721e+06  1.14e+03   7.31e+00     1.35e-01   3323.669s
6721000 +6.11532870e+06 +6.11647798e+06  1.15e+03   7.32e+00     1.34e-01   3324.161s
6722000 +6.11532806e+06 +6.11647863e+06  1.15e+03   7.32e+00     1.32e-01   3324.653s
6723000 +6.11533199e+06 +6.11649342e+06  1.16e+03   7.32e+00     1.31e-01   3325.144s
6724000 +6.11534133e+06 +6.11650297e+06  1.16e+03   7.29e+00     1.30e-01   3325.636s
6725000 +6.11534746e+06 +6.11650641e+06  1.16e+03   7.28e+00     1.29e-01   3326.128s
6726000 +6.11534680e+06 +6.11649317e+06  1.15e+03   7.27e+00     3.43e-01   3326.621s
6727000 +6.11532862e+06 +6.11644300e+06  1.11e+03   7.29e+00     3.36e-01   3327.112s
6728000 +6.11531954e+06 +6.11641733e+06  1.10e+03   7.29e+00     3.35e-01   3327.604s
6729000 +6.11531621e+06 +6.11643863e+06  1.12e+03   7.29e+00     3.33e-01   3328.095s
6730000 +6.11531949e+06 +6.11645349e+06  1.13e+03   7.27e+00     3.31e-01   3328.587s
6731000 +6.11532635e+06 +6.11643407e+06  1.11e+03   7.25e+00     3.30e-01   3329.079s
6732000 +6.11533492e+06 +6.11642228e+06  1.09e+03   7.23e+00     3.26e-01   3329.571s
6733000 +6.11533978e+06 +6.11640713e+06  1.07e+03   7.22e+00     3.17e-01   3330.063s
6734000 +6.11534250e+06 +6.11644207e+06  1.10e+03   7.20e+00     3.12e-01   3330.555s
6735000 +6.11534805e+06 +6.11643852e+06  1.09e+03   7.18e+00     3.06e-01   3331.047s
6736000 +6.11535738e+06 +6.11645727e+06  1.10e+03   7.16e+00     2.97e-01   3331.538s
6737000 +6.11536469e+06 +6.11648554e+06  1.12e+03   7.15e+00     2.88e-01   3332.030s
6738000 +6.11537638e+06 +6.11649419e+06  1.12e+03   7.13e+00     2.79e-01   3332.522s
6739000 +6.11537392e+06 +6.11652192e+06  1.15e+03   7.12e+00     2.67e-01   3333.014s
6740000 +6.11536827e+06 +6.11651718e+06  1.15e+03   7.14e+00     2.58e-01   3333.506s
6741000 +6.11536477e+06 +6.11654461e+06  1.18e+03   7.17e+00     2.52e-01   3333.998s
6742000 +6.11536578e+06 +6.11653380e+06  1.17e+03   7.18e+00     2.49e-01   3334.490s
6743000 +6.11537872e+06 +6.11656461e+06  1.19e+03   7.14e+00     2.47e-01   3334.981s
6744000 +6.11538411e+06 +6.11655734e+06  1.17e+03   7.12e+00     2.42e-01   3335.473s
6745000 +6.11538976e+06 +6.11656582e+06  1.18e+03   7.11e+00     2.38e-01   3335.965s
6746000 +6.11539646e+06 +6.11656597e+06  1.17e+03   7.11e+00     2.33e-01   3336.457s
6747000 +6.11539778e+06 +6.11655913e+06  1.16e+03   7.11e+00     2.30e-01   3336.949s
6748000 +6.11539880e+06 +6.11657515e+06  1.18e+03   7.10e+00     2.22e-01   3337.441s
6749000 +6.11540243e+06 +6.11658185e+06  1.18e+03   7.11e+00     2.15e-01   3337.932s
6750000 +6.11540574e+06 +6.11658496e+06  1.18e+03   7.09e+00     2.10e-01   3338.424s
6751000 +6.11540628e+06 +6.11659243e+06  1.19e+03   7.09e+00     2.06e-01   3338.916s
6752000 +6.11540660e+06 +6.11658649e+06  1.18e+03   7.09e+00     2.03e-01   3339.407s
6753000 +6.11540878e+06 +6.11659082e+06  1.18e+03   7.10e+00     2.00e-01   3339.899s
6754000 +6.11540633e+06 +6.11658814e+06  1.18e+03   7.09e+00     1.96e-01   3340.391s
6755000 +6.11540584e+06 +6.11657357e+06  1.17e+03   7.09e+00     1.93e-01   3340.883s
6756000 +6.11540744e+06 +6.11658021e+06  1.17e+03   7.09e+00     1.90e-01   3341.375s
6757000 +6.11540706e+06 +6.11658802e+06  1.18e+03   7.09e+00     1.88e-01   3341.866s
6758000 +6.11541072e+06 +6.11659691e+06  1.19e+03   7.09e+00     1.85e-01   3342.358s
6759000 +6.11541167e+06 +6.11661936e+06  1.21e+03   7.08e+00     1.83e-01   3342.850s
6760000 +6.11541511e+06 +6.11659730e+06  1.18e+03   7.08e+00     1.80e-01   3343.342s
6761000 +6.11541941e+06 +6.11660917e+06  1.19e+03   7.08e+00     1.79e-01   3343.833s
6762000 +6.11542205e+06 +6.11661882e+06  1.20e+03   7.07e+00     1.76e-01   3344.325s
6763000 +6.11542296e+06 +6.11661499e+06  1.19e+03   7.06e+00     1.75e-01   3344.817s
6764000 +6.11542523e+06 +6.11663386e+06  1.21e+03   7.06e+00     1.71e-01   3345.309s
6765000 +6.11542721e+06 +6.11663795e+06  1.21e+03   7.06e+00     1.69e-01   3345.800s
6766000 +6.11542847e+06 +6.11664272e+06  1.21e+03   7.06e+00     1.68e-01   3346.292s
6767000 +6.11543089e+06 +6.11663608e+06  1.21e+03   7.05e+00     1.65e-01   3346.784s
6768000 +6.11543480e+06 +6.11663582e+06  1.20e+03   7.05e+00     1.65e-01   3347.276s
6769000 +6.11543752e+06 +6.11664680e+06  1.21e+03   7.04e+00     1.61e-01   3347.768s
6770000 +6.11544142e+06 +6.11664618e+06  1.20e+03   7.04e+00     1.61e-01   3348.259s
6771000 +6.11544405e+06 +6.11664497e+06  1.20e+03   7.03e+00     1.59e-01   3348.751s
6772000 +6.11544580e+06 +6.11665352e+06  1.21e+03   7.03e+00     1.58e-01   3349.243s
6773000 +6.11544824e+06 +6.11666013e+06  1.21e+03   7.03e+00     1.58e-01   3349.734s
6774000 +6.11545186e+06 +6.11666208e+06  1.21e+03   7.02e+00     1.56e-01   3350.226s
6775000 +6.11545826e+06 +6.11666121e+06  1.20e+03   7.01e+00     1.55e-01   3350.718s
6776000 +6.11546333e+06 +6.11666883e+06  1.21e+03   7.00e+00     1.52e-01   3351.210s
6777000 +6.11546972e+06 +6.11666209e+06  1.19e+03   6.99e+00     1.50e-01   3351.702s
6778000 +6.11547267e+06 +6.11665767e+06  1.18e+03   6.99e+00     1.51e-01   3352.194s
6779000 +6.11547742e+06 +6.11666551e+06  1.19e+03   6.98e+00     1.48e-01   3352.686s
6780000 +6.11548227e+06 +6.11667295e+06  1.19e+03   6.97e+00     1.49e-01   3353.178s
6781000 +6.11548757e+06 +6.11667814e+06  1.19e+03   6.97e+00     1.46e-01   3353.670s
6782000 +6.11549126e+06 +6.11667505e+06  1.18e+03   6.96e+00     1.46e-01   3354.161s
6783000 +6.11549358e+06 +6.11666827e+06  1.17e+03   6.95e+00     1.46e-01   3354.653s
6784000 +6.11549248e+06 +6.11667605e+06  1.18e+03   6.95e+00     2.05e-01   3355.146s
6785000 +6.11549247e+06 +6.11668271e+06  1.19e+03   6.96e+00     2.01e-01   3355.637s
6786000 +6.11549428e+06 +6.11669245e+06  1.20e+03   6.96e+00     1.99e-01   3356.128s
6787000 +6.11549579e+06 +6.11670229e+06  1.21e+03   6.95e+00     1.97e-01   3356.620s
6788000 +6.11549666e+06 +6.11671327e+06  1.22e+03   6.95e+00     1.95e-01   3357.111s
6789000 +6.11549826e+06 +6.11671717e+06  1.22e+03   6.95e+00     1.93e-01   3357.603s
6790000 +6.11550183e+06 +6.11671442e+06  1.21e+03   6.94e+00     1.91e-01   3358.094s
6791000 +6.11550506e+06 +6.11671370e+06  1.21e+03   6.94e+00     1.89e-01   3358.586s
6792000 +6.11550748e+06 +6.11671569e+06  1.21e+03   6.93e+00     1.86e-01   3359.077s
6793000 +6.11551109e+06 +6.11672271e+06  1.21e+03   6.93e+00     1.81e-01   3359.569s
6794000 +6.11551494e+06 +6.11672635e+06  1.21e+03   6.92e+00     1.81e-01   3360.060s
6795000 +6.11551896e+06 +6.11673142e+06  1.21e+03   6.91e+00     1.78e-01   3360.552s
6796000 +6.11552313e+06 +6.11674025e+06  1.22e+03   6.91e+00     1.77e-01   3361.044s
6797000 +6.11552736e+06 +6.11674296e+06  1.22e+03   6.90e+00     1.76e-01   3361.536s
6798000 +6.11553145e+06 +6.11674705e+06  1.22e+03   6.90e+00     1.74e-01   3362.027s
6799000 +6.11553552e+06 +6.11675260e+06  1.22e+03   6.89e+00     1.72e-01   3362.519s
6800000 +6.11553987e+06 +6.11675471e+06  1.21e+03   6.88e+00     1.64e-01   3363.011s
6801000 +6.11554361e+06 +6.11675532e+06  1.21e+03   6.88e+00     2.23e-01   3363.503s
6802000 +6.11554724e+06 +6.11675770e+06  1.21e+03   6.87e+00     2.21e-01   3363.994s
6803000 +6.11555070e+06 +6.11675983e+06  1.21e+03   6.87e+00     2.18e-01   3364.486s
6804000 +6.11555438e+06 +6.11675958e+06  1.21e+03   6.86e+00     2.13e-01   3364.977s
6805000 +6.11555806e+06 +6.11675993e+06  1.20e+03   6.86e+00     2.09e-01   3365.468s
6806000 +6.11556214e+06 +6.11675947e+06  1.20e+03   6.85e+00     2.06e-01   3365.960s
6807000 +6.11556697e+06 +6.11676520e+06  1.20e+03   6.84e+00     2.04e-01   3366.452s
6808000 +6.11557163e+06 +6.11676746e+06  1.20e+03   6.84e+00     2.02e-01   3366.943s
6809000 +6.11557603e+06 +6.11676676e+06  1.19e+03   6.83e+00     2.00e-01   3367.434s
6810000 +6.11558037e+06 +6.11676511e+06  1.18e+03   6.82e+00     1.96e-01   3367.925s
6811000 +6.11558621e+06 +6.11676608e+06  1.18e+03   6.81e+00     1.86e-01   3368.417s
6812000 +6.11559060e+06 +6.11677145e+06  1.18e+03   6.81e+00     1.86e-01   3368.908s
6813000 +6.11559480e+06 +6.11676622e+06  1.17e+03   6.80e+00     1.81e-01   3369.400s
6814000 +6.11559885e+06 +6.11675972e+06  1.16e+03   6.79e+00     1.75e-01   3369.891s
6815000 +6.11560305e+06 +6.11675772e+06  1.15e+03   6.79e+00     1.71e-01   3370.383s
6816000 +6.11560633e+06 +6.11676154e+06  1.16e+03   6.78e+00     1.70e-01   3370.875s
6817000 +6.11560932e+06 +6.11676052e+06  1.15e+03   6.78e+00     1.68e-01   3371.366s
6818000 +6.11561290e+06 +6.11676412e+06  1.15e+03   6.77e+00     1.66e-01   3371.858s
6819000 +6.11561659e+06 +6.11676504e+06  1.15e+03   6.77e+00     1.59e-01   3372.350s
6820000 +6.11562006e+06 +6.11676382e+06  1.14e+03   6.76e+00     1.57e-01   3372.841s
6821000 +6.11562438e+06 +6.11676384e+06  1.14e+03   6.76e+00     1.51e-01   3373.333s
6822000 +6.11562866e+06 +6.11675776e+06  1.13e+03   6.75e+00     1.49e-01   3373.824s
6823000 +6.11563190e+06 +6.11675893e+06  1.13e+03   6.75e+00     1.47e-01   3374.316s
6824000 +6.11563545e+06 +6.11675761e+06  1.12e+03   6.74e+00     1.45e-01   3374.807s
6825000 +6.11563894e+06 +6.11675870e+06  1.12e+03   6.73e+00     1.45e-01   3375.299s
6826000 +6.11564262e+06 +6.11675914e+06  1.12e+03   6.73e+00     1.41e-01   3375.791s
6827000 +6.11564669e+06 +6.11676091e+06  1.11e+03   6.72e+00     1.91e-01   3376.283s
6828000 +6.11565035e+06 +6.11676035e+06  1.11e+03   6.72e+00     1.88e-01   3376.774s
6829000 +6.11565337e+06 +6.11675636e+06  1.10e+03   6.71e+00     1.85e-01   3377.266s
6830000 +6.11565594e+06 +6.11675694e+06  1.10e+03   6.71e+00     1.83e-01   3377.757s
6831000 +6.11565898e+06 +6.11675248e+06  1.09e+03   6.71e+00     1.80e-01   3378.248s
6832000 +6.11566183e+06 +6.11674881e+06  1.09e+03   6.70e+00     1.78e-01   3378.740s
6833000 +6.11566405e+06 +6.11674628e+06  1.08e+03   6.70e+00     1.76e-01   3379.231s
6834000 +6.11566764e+06 +6.11674900e+06  1.08e+03   6.69e+00     1.73e-01   3379.723s
6835000 +6.11567175e+06 +6.11674651e+06  1.07e+03   6.69e+00     1.71e-01   3380.214s
6836000 +6.11567660e+06 +6.11674261e+06  1.07e+03   6.68e+00     1.69e-01   3380.706s
6837000 +6.11568109e+06 +6.11673970e+06  1.06e+03   6.67e+00     1.64e-01   3381.197s
6838000 +6.11568532e+06 +6.11673909e+06  1.05e+03   6.66e+00     1.60e-01   3381.689s
6839000 +6.11568948e+06 +6.11673868e+06  1.05e+03   6.66e+00     1.56e-01   3382.180s
6840000 +6.11569300e+06 +6.11674109e+06  1.05e+03   6.65e+00     1.52e-01   3382.672s
6841000 +6.11569552e+06 +6.11673875e+06  1.04e+03   6.65e+00     1.50e-01   3383.163s
6842000 +6.11569771e+06 +6.11673682e+06  1.04e+03   6.65e+00     1.48e-01   3383.655s
6843000 +6.11570002e+06 +6.11673433e+06  1.03e+03   6.64e+00     1.45e-01   3384.146s
6844000 +6.11570187e+06 +6.11672945e+06  1.03e+03   6.64e+00     1.43e-01   3384.638s
6845000 +6.11570361e+06 +6.11672520e+06  1.02e+03   6.64e+00     1.42e-01   3385.129s
6846000 +6.11570511e+06 +6.11672420e+06  1.02e+03   6.64e+00     1.39e-01   3385.621s
6847000 +6.11570659e+06 +6.11671884e+06  1.01e+03   6.63e+00     1.37e-01   3386.113s
6848000 +6.11570799e+06 +6.11672092e+06  1.01e+03   6.63e+00     1.36e-01   3386.604s
6849000 +6.11570872e+06 +6.11671988e+06  1.01e+03   6.63e+00     1.34e-01   3387.096s
6850000 +6.11570927e+06 +6.11672045e+06  1.01e+03   6.63e+00     1.32e-01   3387.588s
6851000 +6.11571093e+06 +6.11672036e+06  1.01e+03   6.62e+00     1.31e-01   3388.079s
6852000 +6.11571296e+06 +6.11671793e+06  1.00e+03   6.62e+00     1.30e-01   3388.571s
6853000 +6.11571529e+06 +6.11671906e+06  1.00e+03   6.62e+00     1.29e-01   3389.062s
6854000 +6.11571777e+06 +6.11671706e+06  9.99e+02   6.61e+00     1.27e-01   3389.554s
6855000 +6.11572076e+06 +6.11672179e+06  1.00e+03   6.61e+00     1.27e-01   3390.046s
6856000 +6.11572383e+06 +6.11671719e+06  9.93e+02   6.61e+00     1.25e-01   3390.537s
6857000 +6.11572685e+06 +6.11672226e+06  9.95e+02   6.60e+00     1.24e-01   3391.029s
6858000 +6.11573068e+06 +6.11672002e+06  9.89e+02   6.59e+00     1.22e-01   3391.521s
6859000 +6.11573418e+06 +6.11672019e+06  9.86e+02   6.59e+00     1.21e-01   3392.012s
6860000 +6.11573798e+06 +6.11672071e+06  9.83e+02   6.58e+00     1.18e-01   3392.504s
6861000 +6.11574124e+06 +6.11671393e+06  9.73e+02   6.58e+00     1.79e-01   3392.996s
6862000 +6.11574356e+06 +6.11670879e+06  9.65e+02   6.57e+00     1.76e-01   3393.487s
6863000 +6.11574605e+06 +6.11670635e+06  9.60e+02   6.57e+00     1.75e-01   3393.979s
6864000 +6.11574858e+06 +6.11671047e+06  9.62e+02   6.57e+00     1.74e-01   3394.470s
6865000 +6.11575122e+06 +6.11670679e+06  9.56e+02   6.56e+00     1.72e-01   3394.961s
6866000 +6.11575407e+06 +6.11670302e+06  9.49e+02   6.56e+00     1.70e-01   3395.453s
6867000 +6.11575664e+06 +6.11670054e+06  9.44e+02   6.55e+00     1.66e-01   3395.944s
6868000 +6.11575897e+06 +6.11669723e+06  9.38e+02   6.55e+00     1.65e-01   3396.436s
6869000 +6.11576129e+06 +6.11669452e+06  9.33e+02   6.55e+00     1.63e-01   3396.927s
6870000 +6.11576351e+06 +6.11669368e+06  9.30e+02   6.54e+00     1.61e-01   3397.419s
6871000 +6.11576553e+06 +6.11669337e+06  9.28e+02   6.54e+00     1.55e-01   3397.910s
6872000 +6.11576735e+06 +6.11669204e+06  9.25e+02   6.54e+00     1.52e-01   3398.401s
6873000 +6.11576909e+06 +6.11669272e+06  9.24e+02   6.54e+00     1.49e-01   3398.893s
6874000 +6.11577081e+06 +6.11669270e+06  9.22e+02   6.53e+00     1.48e-01   3399.385s
6875000 +6.11577249e+06 +6.11669011e+06  9.18e+02   6.53e+00     1.47e-01   3399.876s
6876000 +6.11577417e+06 +6.11668531e+06  9.11e+02   6.53e+00     1.46e-01   3400.368s
6877000 +6.11577587e+06 +6.11668306e+06  9.07e+02   6.52e+00     1.46e-01   3400.859s
6878000 +6.11577751e+06 +6.11668375e+06  9.06e+02   6.52e+00     1.45e-01   3401.350s
6879000 +6.11577906e+06 +6.11668417e+06  9.05e+02   6.52e+00     1.44e-01   3401.842s
6880000 +6.11578092e+06 +6.11668466e+06  9.04e+02   6.52e+00     1.44e-01   3402.334s
6881000 +6.11578284e+06 +6.11668590e+06  9.03e+02   6.51e+00     1.43e-01   3402.826s
6882000 +6.11578512e+06 +6.11668599e+06  9.01e+02   6.51e+00     1.36e-01   3403.317s
6883000 +6.11578754e+06 +6.11668919e+06  9.02e+02   6.51e+00     1.35e-01   3403.809s
6884000 +6.11579018e+06 +6.11668699e+06  8.97e+02   6.50e+00     1.35e-01   3404.300s
6885000 +6.11579327e+06 +6.11668467e+06  8.91e+02   6.50e+00     1.32e-01   3404.792s
6886000 +6.11579640e+06 +6.11669400e+06  8.98e+02   6.49e+00     1.31e-01   3405.283s
6887000 +6.11579973e+06 +6.11669150e+06  8.92e+02   6.49e+00     1.30e-01   3405.774s
6888000 +6.11580331e+06 +6.11669252e+06  8.89e+02   6.48e+00     1.30e-01   3406.266s
6889000 +6.11580707e+06 +6.11669174e+06  8.85e+02   6.47e+00     1.30e-01   3406.757s
6890000 +6.11581106e+06 +6.11669218e+06  8.81e+02   6.47e+00     1.29e-01   3407.249s
6891000 +6.11581499e+06 +6.11669255e+06  8.78e+02   6.46e+00     1.28e-01   3407.740s
6892000 +6.11581905e+06 +6.11669531e+06  8.76e+02   6.46e+00     1.26e-01   3408.231s
6893000 +6.11582328e+06 +6.11669703e+06  8.74e+02   6.45e+00     1.26e-01   3408.723s
6894000 +6.11582744e+06 +6.11670151e+06  8.74e+02   6.44e+00     1.25e-01   3409.214s
6895000 +6.11583196e+06 +6.11670309e+06  8.71e+02   6.44e+00     1.24e-01   3409.705s
6896000 +6.11583687e+06 +6.11670407e+06  8.67e+02   6.43e+00     1.25e-01   3410.196s
6897000 +6.11584206e+06 +6.11670632e+06  8.64e+02   6.42e+00     1.24e-01   3410.688s
6898000 +6.11584736e+06 +6.11670350e+06  8.56e+02   6.41e+00     1.24e-01   3411.179s
6899000 +6.11585226e+06 +6.11669965e+06  8.47e+02   6.40e+00     1.23e-01   3411.671s
6900000 +6.11585715e+06 +6.11669644e+06  8.39e+02   6.40e+00     1.23e-01   3412.163s
6901000 +6.11586200e+06 +6.11669681e+06  8.35e+02   6.39e+00     1.23e-01   3412.654s
6902000 +6.11586688e+06 +6.11669602e+06  8.29e+02   6.38e+00     1.22e-01   3413.146s
6903000 +6.11587159e+06 +6.11669985e+06  8.28e+02   6.37e+00     1.22e-01   3413.637s
6904000 +6.11587631e+06 +6.11670216e+06  8.26e+02   6.37e+00     1.22e-01   3414.129s
6905000 +6.11588126e+06 +6.11670339e+06  8.22e+02   6.36e+00     1.18e-01   3414.621s
6906000 +6.11588638e+06 +6.11670416e+06  8.18e+02   6.35e+00     1.09e-01   3415.112s
6907000 +6.11589175e+06 +6.11670356e+06  8.12e+02   6.34e+00     1.11e-01   3415.604s
6908000 +6.11589735e+06 +6.11670354e+06  8.06e+02   6.33e+00     1.07e-01   3416.095s
6909000 +6.11590285e+06 +6.11670175e+06  7.99e+02   6.32e+00     1.01e-01   3416.587s
6910000 +6.11590820e+06 +6.11669879e+06  7.91e+02   6.32e+00     9.93e-02   3417.078s
6911000 +6.11591362e+06 +6.11670280e+06  7.89e+02   6.31e+00     9.88e-02   3417.570s
6912000 +6.11591891e+06 +6.11670779e+06  7.89e+02   6.30e+00     9.84e-02   3418.061s
6913000 +6.11592448e+06 +6.11670593e+06  7.81e+02   6.29e+00     9.71e-02   3418.553s
6914000 +6.11593021e+06 +6.11670405e+06  7.74e+02   6.28e+00     9.59e-02   3419.044s
6915000 +6.11593630e+06 +6.11670317e+06  7.67e+02   6.27e+00     9.56e-02   3419.536s
6916000 +6.11594286e+06 +6.11669883e+06  7.56e+02   6.26e+00     9.41e-02   3420.027s
6917000 +6.11594974e+06 +6.11669831e+06  7.49e+02   6.25e+00     9.42e-02   3420.519s
6918000 +6.11595691e+06 +6.11670217e+06  7.45e+02   6.24e+00     9.40e-02   3421.011s
6919000 +6.11596408e+06 +6.11670047e+06  7.36e+02   6.23e+00     9.34e-02   3421.502s
6920000 +6.11597141e+06 +6.11669218e+06  7.21e+02   6.22e+00     9.37e-02   3421.994s
6921000 +6.11597876e+06 +6.11669357e+06  7.15e+02   6.20e+00     9.27e-02   3422.485s
6922000 +6.11598619e+06 +6.11669518e+06  7.09e+02   6.19e+00     9.27e-02   3422.976s
6923000 +6.11599363e+06 +6.11668956e+06  6.96e+02   6.18e+00     9.19e-02   3423.468s
6924000 +6.11600124e+06 +6.11669160e+06  6.90e+02   6.17e+00     9.21e-02   3423.959s
6925000 +6.11600920e+06 +6.11668946e+06  6.80e+02   6.16e+00     9.23e-02   3424.451s
6926000 +6.11601728e+06 +6.11669072e+06  6.73e+02   6.14e+00     9.12e-02   3424.942s
6927000 +6.11602160e+06 +6.11669116e+06  6.70e+02   6.14e+00     9.12e-02   3425.434s
6928000 +6.11602420e+06 +6.11667769e+06  6.53e+02   6.13e+00     9.04e-02   3425.925s
6929000 +6.11602658e+06 +6.11668075e+06  6.54e+02   6.13e+00     9.03e-02   3426.417s
6930000 +6.11602905e+06 +6.11667443e+06  6.45e+02   6.12e+00     9.08e-02   3426.908s
6931000 +6.11603152e+06 +6.11667950e+06  6.48e+02   6.12e+00     8.95e-02   3427.400s
6932000 +6.11603405e+06 +6.11667913e+06  6.45e+02   6.12e+00     8.90e-02   3427.891s
6933000 +6.11603679e+06 +6.11667712e+06  6.40e+02   6.11e+00     8.88e-02   3428.382s
6934000 +6.11603904e+06 +6.11666818e+06  6.29e+02   6.11e+00     8.83e-02   3428.874s
6935000 +6.11604159e+06 +6.11666916e+06  6.28e+02   6.10e+00     8.83e-02   3429.365s
6936000 +6.11604432e+06 +6.11667627e+06  6.32e+02   6.10e+00     8.82e-02   3429.857s
6937000 +6.11604703e+06 +6.11667559e+06  6.29e+02   6.10e+00     8.80e-02   3430.348s
6938000 +6.11604961e+06 +6.11667114e+06  6.22e+02   6.09e+00     8.79e-02   3430.840s
6939000 +6.11605206e+06 +6.11666764e+06  6.16e+02   6.09e+00     8.73e-02   3431.331s
6940000 +6.11605443e+06 +6.11666044e+06  6.06e+02   6.08e+00     8.75e-02   3431.822s
6941000 +6.11605667e+06 +6.11666718e+06  6.11e+02   6.08e+00     8.70e-02   3432.314s
6942000 +6.11605886e+06 +6.11666757e+06  6.09e+02   6.08e+00     8.69e-02   3432.806s
6943000 +6.11606130e+06 +6.11665989e+06  5.99e+02   6.07e+00     8.67e-02   3433.297s
6944000 +6.11606381e+06 +6.11665884e+06  5.95e+02   6.07e+00     8.66e-02   3433.788s
6945000 +6.11606616e+06 +6.11666466e+06  5.98e+02   6.07e+00     8.60e-02   3434.280s
6946000 +6.11606841e+06 +6.11666436e+06  5.96e+02   6.06e+00     8.58e-02   3434.771s
6947000 +6.11607052e+06 +6.11666240e+06  5.92e+02   6.06e+00     8.57e-02   3435.262s
6948000 +6.11607256e+06 +6.11665876e+06  5.86e+02   6.06e+00     8.52e-02   3435.754s
6949000 +6.11607461e+06 +6.11665832e+06  5.84e+02   6.05e+00     8.41e-02   3436.245s
6950000 +6.11607669e+06 +6.11665617e+06  5.79e+02   6.05e+00     8.45e-02   3436.737s
6951000 +6.11607887e+06 +6.11665736e+06  5.78e+02   6.05e+00     8.38e-02   3437.229s
6952000 +6.11608088e+06 +6.11665101e+06  5.70e+02   6.04e+00     8.37e-02   3437.720s
6953000 +6.11608304e+06 +6.11665410e+06  5.71e+02   6.04e+00     8.38e-02   3438.212s
6954000 +6.11608532e+06 +6.11666140e+06  5.76e+02   6.04e+00     8.33e-02   3438.703s
6955000 +6.11608760e+06 +6.11664976e+06  5.62e+02   6.03e+00     8.36e-02   3439.194s
6956000 +6.11609001e+06 +6.11664845e+06  5.58e+02   6.03e+00     8.27e-02   3439.686s
6957000 +6.11609243e+06 +6.11665122e+06  5.59e+02   6.02e+00     8.31e-02   3440.177s
6958000 +6.11609493e+06 +6.11665120e+06  5.56e+02   6.02e+00     8.23e-02   3440.669s
6959000 +6.11609744e+06 +6.11664939e+06  5.52e+02   6.02e+00     8.26e-02   3441.161s
6960000 +6.11609993e+06 +6.11665744e+06  5.58e+02   6.01e+00     8.16e-02   3441.652s
6961000 +6.11610230e+06 +6.11665838e+06  5.56e+02   6.01e+00     8.19e-02   3442.144s
6962000 +6.11610487e+06 +6.11664958e+06  5.45e+02   6.00e+00     8.16e-02   3442.635s
6963000 +6.11610727e+06 +6.11664591e+06  5.39e+02   6.00e+00     8.12e-02   3443.127s
6964000 +6.11610985e+06 +6.11664698e+06  5.37e+02   6.00e+00     8.12e-02   3443.618s
6965000 +6.11611240e+06 +6.11664966e+06  5.37e+02   5.99e+00     8.10e-02   3444.110s
6966000 +6.11611513e+06 +6.11664813e+06  5.33e+02   5.99e+00     8.10e-02   3444.601s
6967000 +6.11611794e+06 +6.11664620e+06  5.28e+02   5.98e+00     8.09e-02   3445.093s
6968000 +6.11612080e+06 +6.11664675e+06  5.26e+02   5.98e+00     8.09e-02   3445.585s
6969000 +6.11612359e+06 +6.11664101e+06  5.17e+02   5.97e+00     8.07e-02   3446.076s
6970000 +6.11612625e+06 +6.11664009e+06  5.14e+02   5.97e+00     8.08e-02   3446.568s
6971000 +6.11612902e+06 +6.11663652e+06  5.08e+02   5.97e+00     8.03e-02   3447.059s
6972000 +6.11613162e+06 +6.11663441e+06  5.03e+02   5.96e+00     8.02e-02   3447.551s
6973000 +6.11613444e+06 +6.11663229e+06  4.98e+02   5.96e+00     8.03e-02   3448.042s
6974000 +6.11613730e+06 +6.11662374e+06  4.86e+02   5.95e+00     8.04e-02   3448.534s
6975000 +6.11614017e+06 +6.11662196e+06  4.82e+02   5.95e+00     8.02e-02   3449.026s
6976000 +6.11614316e+06 +6.11662089e+06  4.78e+02   5.94e+00     8.01e-02   3449.517s
6977000 +6.11614619e+06 +6.11662425e+06  4.78e+02   5.94e+00     7.99e-02   3450.009s
6978000 +6.11614917e+06 +6.11662509e+06  4.76e+02   5.93e+00     8.00e-02   3450.501s
6979000 +6.11615205e+06 +6.11661774e+06  4.66e+02   5.93e+00     8.00e-02   3450.992s
6980000 +6.11615490e+06 +6.11661694e+06  4.62e+02   5.93e+00     7.83e-02   3451.484s
6981000 +6.11615789e+06 +6.11661569e+06  4.58e+02   5.92e+00     7.84e-02   3451.975s
6982000 +6.11616093e+06 +6.11661570e+06  4.55e+02   5.92e+00     7.83e-02   3452.467s
6983000 +6.11616389e+06 +6.11661937e+06  4.55e+02   5.91e+00     7.82e-02   3452.958s
6984000 +6.11616663e+06 +6.11661203e+06  4.45e+02   5.91e+00     7.81e-02   3453.450s
6985000 +6.11616939e+06 +6.11661373e+06  4.44e+02   5.90e+00     7.78e-02   3453.942s
6986000 +6.11617239e+06 +6.11662321e+06  4.51e+02   5.90e+00     7.78e-02   3454.433s
6987000 +6.11617566e+06 +6.11662967e+06  4.54e+02   5.89e+00     7.78e-02   3454.925s
6988000 +6.11617908e+06 +6.11662266e+06  4.44e+02   5.89e+00     7.77e-02   3455.416s
6989000 +6.11618243e+06 +6.11661947e+06  4.37e+02   5.88e+00     7.75e-02   3455.908s
6990000 +6.11618591e+06 +6.11661656e+06  4.31e+02   5.88e+00     7.73e-02   3456.399s
6991000 +6.11618926e+06 +6.11661180e+06  4.23e+02   5.87e+00     7.73e-02   3456.891s
6992000 +6.11619271e+06 +6.11661020e+06  4.17e+02   5.86e+00     7.71e-02   3457.383s
6993000 +6.11619632e+06 +6.11661040e+06  4.14e+02   5.86e+00     7.69e-02   3457.875s
6994000 +6.11619995e+06 +6.11661191e+06  4.12e+02   5.85e+00     7.69e-02   3458.366s
6995000 +6.11620355e+06 +6.11661430e+06  4.11e+02   5.85e+00     7.67e-02   3458.857s
6996000 +6.11620695e+06 +6.11661386e+06  4.07e+02   5.84e+00     7.66e-02   3459.349s
6997000 +6.11621040e+06 +6.11661310e+06  4.03e+02   5.84e+00     7.65e-02   3459.840s
6998000 +6.11621370e+06 +6.11661397e+06  4.00e+02   5.83e+00     7.63e-02   3460.332s
6999000 +6.11621712e+06 +6.11661419e+06  3.97e+02   5.83e+00     7.64e-02   3460.824s
7000000 +6.11622047e+06 +6.11661334e+06  3.93e+02   5.82e+00     7.63e-02   3461.316s
7001000 +6.11622378e+06 +6.11661066e+06  3.87e+02   5.82e+00     7.62e-02   3461.807s
7002000 +6.11622683e+06 +6.11660766e+06  3.81e+02   5.81e+00     7.61e-02   3462.299s
7003000 +6.11622988e+06 +6.11660714e+06  3.77e+02   5.81e+00     7.62e-02   3462.791s
7004000 +6.11623322e+06 +6.11660900e+06  3.76e+02   5.80e+00     7.61e-02   3463.283s
7005000 +6.11623653e+06 +6.11661195e+06  3.75e+02   5.80e+00     7.61e-02   3463.774s
7006000 +6.11623982e+06 +6.11660921e+06  3.69e+02   5.79e+00     7.57e-02   3464.266s
7007000 +6.11624320e+06 +6.11660851e+06  3.65e+02   5.79e+00     7.58e-02   3464.757s
7008000 +6.11624649e+06 +6.11661029e+06  3.64e+02   5.78e+00     7.56e-02   3465.249s
7009000 +6.11624993e+06 +6.11660849e+06  3.59e+02   5.77e+00     7.52e-02   3465.740s
7010000 +6.11625324e+06 +6.11660868e+06  3.55e+02   5.77e+00     7.48e-02   3466.232s
7011000 +6.11625636e+06 +6.11660904e+06  3.53e+02   5.76e+00     7.51e-02   3466.723s
7012000 +6.11625977e+06 +6.11660656e+06  3.47e+02   5.76e+00     7.48e-02   3467.214s
7013000 +6.11626328e+06 +6.11660368e+06  3.40e+02   5.75e+00     7.45e-02   3467.706s
7014000 +6.11626639e+06 +6.11659987e+06  3.33e+02   5.75e+00     7.43e-02   3468.198s
7015000 +6.11626962e+06 +6.11659932e+06  3.30e+02   5.74e+00     7.40e-02   3468.690s
7016000 +6.11627304e+06 +6.11660689e+06  3.34e+02   5.74e+00     7.37e-02   3469.181s
7017000 +6.11627652e+06 +6.11660500e+06  3.28e+02   5.73e+00     7.32e-02   3469.673s
7018000 +6.11628003e+06 +6.11659807e+06  3.18e+02   5.73e+00     7.26e-02   3470.165s
7019000 +6.11628339e+06 +6.11659939e+06  3.16e+02   5.72e+00     7.19e-02   3470.656s
7020000 +6.11628689e+06 +6.11660030e+06  3.13e+02   5.72e+00     7.18e-02   3471.148s
7021000 +6.11628998e+06 +6.11659734e+06  3.07e+02   5.71e+00     1.13e-01   3471.640s
7022000 +6.11629125e+06 +6.11659559e+06  3.04e+02   5.71e+00     1.09e-01   3472.132s
7023000 +6.11629254e+06 +6.11659736e+06  3.05e+02   5.71e+00     1.07e-01   3472.623s
7024000 +6.11629395e+06 +6.11659549e+06  3.02e+02   5.71e+00     1.07e-01   3473.114s
7025000 +6.11629547e+06 +6.11659072e+06  2.95e+02   5.70e+00     1.06e-01   3473.606s
7026000 +6.11629706e+06 +6.11658676e+06  2.90e+02   5.70e+00     1.05e-01   3474.097s
7027000 +6.11629854e+06 +6.11658893e+06  2.90e+02   5.70e+00     1.05e-01   3474.589s
7028000 +6.11630024e+06 +6.11658742e+06  2.87e+02   5.69e+00     1.00e-01   3475.080s
7029000 +6.11630209e+06 +6.11658711e+06  2.85e+02   5.69e+00     1.01e-01   3475.572s
7030000 +6.11630399e+06 +6.11658344e+06  2.79e+02   5.69e+00     1.00e-01   3476.063s
7031000 +6.11630606e+06 +6.11658023e+06  2.74e+02   5.69e+00     9.95e-02   3476.554s
7032000 +6.11630801e+06 +6.11657917e+06  2.71e+02   5.68e+00     9.95e-02   3477.046s
7033000 +6.11631020e+06 +6.11657584e+06  2.66e+02   5.68e+00     9.87e-02   3477.537s
7034000 +6.11631248e+06 +6.11657334e+06  2.61e+02   5.68e+00     9.57e-02   3478.029s
7035000 +6.11631492e+06 +6.11656838e+06  2.53e+02   5.67e+00     9.50e-02   3478.520s
7036000 +6.11631747e+06 +6.11657036e+06  2.53e+02   5.67e+00     9.51e-02   3479.012s
7037000 +6.11632007e+06 +6.11656742e+06  2.47e+02   5.66e+00     9.47e-02   3479.503s
7038000 +6.11632268e+06 +6.11656512e+06  2.42e+02   5.66e+00     9.41e-02   3479.994s
7039000 +6.11632534e+06 +6.11656122e+06  2.36e+02   5.66e+00     9.41e-02   3480.486s
7040000 +6.11632819e+06 +6.11656178e+06  2.34e+02   5.65e+00     9.36e-02   3480.977s
7041000 +6.11633127e+06 +6.11655683e+06  2.26e+02   5.65e+00     9.37e-02   3481.469s
7042000 +6.11633450e+06 +6.11654957e+06  2.15e+02   5.64e+00     9.35e-02   3481.960s
7043000 +6.11633807e+06 +6.11654408e+06  2.06e+02   5.64e+00     9.27e-02   3482.452s
7044000 +6.11634163e+06 +6.11653895e+06  1.97e+02   5.63e+00     9.25e-02   3482.943s
7045000 +6.11634529e+06 +6.11653645e+06  1.91e+02   5.62e+00     9.20e-02   3483.435s
7046000 +6.11634909e+06 +6.11653452e+06  1.85e+02   5.62e+00     9.13e-02   3483.926s
7047000 +6.11635304e+06 +6.11653078e+06  1.78e+02   5.61e+00     9.18e-02   3484.418s
7048000 +6.11635724e+06 +6.11652882e+06  1.72e+02   5.60e+00     9.18e-02   3484.909s
7049000 +6.11636154e+06 +6.11652670e+06  1.65e+02   5.60e+00     9.19e-02   3485.401s
7050000 +6.11636613e+06 +6.11652211e+06  1.56e+02   5.59e+00     9.21e-02   3485.892s
7051000 +6.11637094e+06 +6.11652362e+06  1.53e+02   5.58e+00     9.05e-02   3486.384s
7052000 +6.11637593e+06 +6.11652463e+06  1.49e+02   5.58e+00     9.05e-02   3486.875s
7053000 +6.11638080e+06 +6.11652159e+06  1.41e+02   5.57e+00     9.12e-02   3487.366s
7054000 +6.11638508e+06 +6.11652528e+06  1.40e+02   5.56e+00     9.02e-02   3487.858s
7055000 +6.11638919e+06 +6.11652546e+06  1.36e+02   5.55e+00     9.05e-02   3488.349s
7056000 +6.11639351e+06 +6.11652255e+06  1.29e+02   5.55e+00     9.04e-02   3488.841s
7057000 +6.11639811e+06 +6.11652091e+06  1.23e+02   5.54e+00     8.97e-02   3489.332s
7058000 +6.11640283e+06 +6.11651899e+06  1.16e+02   5.53e+00     8.99e-02   3489.824s
7059000 +6.11640785e+06 +6.11651522e+06  1.07e+02   5.52e+00     9.00e-02   3490.315s
7060000 +6.11641310e+06 +6.11651032e+06  9.72e+01   5.52e+00     8.97e-02   3490.806s
7061000 +6.11641828e+06 +6.11651477e+06  9.65e+01   5.51e+00     8.94e-02   3491.297s
7062000 +6.11642334e+06 +6.11651406e+06  9.07e+01   5.50e+00     8.91e-02   3491.789s
7063000 +6.11642785e+06 +6.11651694e+06  8.91e+01   5.49e+00     8.90e-02   3492.280s
7064000 +6.11643222e+06 +6.11651839e+06  8.62e+01   5.49e+00     8.91e-02   3492.772s
7065000 +6.11643655e+06 +6.11651825e+06  8.17e+01   5.48e+00     8.92e-02   3493.263s
7066000 +6.11644103e+06 +6.11651856e+06  7.75e+01   5.47e+00     8.90e-02   3493.754s
7067000 +6.11644604e+06 +6.11651383e+06  6.78e+01   5.46e+00     8.91e-02   3494.246s
7068000 +6.11645137e+06 +6.11651724e+06  6.59e+01   5.46e+00     8.87e-02   3494.737s
7069000 +6.11645698e+06 +6.11651647e+06  5.95e+01   5.45e+00     8.88e-02   3495.229s
7070000 +6.11646291e+06 +6.11651198e+06  4.91e+01   5.44e+00     8.91e-02   3495.720s
7071000 +6.11646930e+06 +6.11651813e+06  4.88e+01   5.43e+00     8.93e-02   3496.212s
7072000 +6.11647595e+06 +6.11651329e+06  3.73e+01   5.42e+00     8.96e-02   3496.703s
7073000 +6.11648279e+06 +6.11651047e+06  2.77e+01   5.41e+00     8.97e-02   3497.195s
7074000 +6.11648993e+06 +6.11650444e+06  1.45e+01   5.40e+00     8.96e-02   3497.686s
7075000 +6.11649679e+06 +6.11650334e+06  6.54e+00   5.38e+00     8.98e-02   3498.177s
7076000 +6.11650319e+06 +6.11649735e+06  5.84e+00   5.37e+00     8.91e-02   3498.669s
7077000 +6.11650903e+06 +6.11649689e+06  1.21e+01   5.37e+00     8.89e-02   3499.160s
7078000 +6.11651476e+06 +6.11649362e+06  2.11e+01   5.36e+00     8.86e-02   3499.652s
7079000 +6.11652045e+06 +6.11649565e+06  2.48e+01   5.35e+00     8.83e-02   3500.143s
7080000 +6.11652612e+06 +6.11649830e+06  2.78e+01   5.34e+00     8.65e-02   3500.634s
7081000 +6.11653221e+06 +6.11649776e+06  3.45e+01   5.33e+00     8.63e-02   3501.125s
7082000 +6.11653843e+06 +6.11650447e+06  3.40e+01   5.32e+00     8.69e-02   3501.617s
7083000 +6.11654492e+06 +6.11650303e+06  4.19e+01   5.31e+00     8.59e-02   3502.108s
7084000 +6.11655131e+06 +6.11649802e+06  5.33e+01   5.30e+00     8.65e-02   3502.600s
7085000 +6.11655739e+06 +6.11649472e+06  6.27e+01   5.29e+00     8.66e-02   3503.091s
7086000 +6.11656336e+06 +6.11648720e+06  7.62e+01   5.28e+00     8.63e-02   3503.583s
7087000 +6.11656957e+06 +6.11648633e+06  8.32e+01   5.27e+00     8.70e-02   3504.074s
7088000 +6.11657587e+06 +6.11649050e+06  8.54e+01   5.26e+00     8.62e-02   3504.566s
7089000 +6.11658245e+06 +6.11649008e+06  9.24e+01   5.25e+00     8.62e-02   3505.057s
7090000 +6.11658904e+06 +6.11648423e+06  1.05e+02   5.24e+00     8.59e-02   3505.549s
7091000 +6.11659598e+06 +6.11648413e+06  1.12e+02   5.23e+00     8.58e-02   3506.040s
7092000 +6.11660333e+06 +6.11648211e+06  1.21e+02   5.22e+00     8.66e-02   3506.532s
7093000 +6.11661084e+06 +6.11648693e+06  1.24e+02   5.20e+00     8.68e-02   3507.023s
7094000 +6.11661827e+06 +6.11649316e+06  1.25e+02   5.19e+00     8.70e-02   3507.514s
7095000 +6.11662522e+06 +6.11648572e+06  1.40e+02   5.18e+00     8.72e-02   3508.005s
7096000 +6.11663202e+06 +6.11648033e+06  1.52e+02   5.17e+00     8.65e-02   3508.497s
7097000 +6.11663917e+06 +6.11647655e+06  1.63e+02   5.16e+00     8.67e-02   3508.988s
7098000 +6.11664680e+06 +6.11647191e+06  1.75e+02   5.15e+00     8.69e-02   3509.480s
7099000 +6.11665453e+06 +6.11646476e+06  1.90e+02   5.14e+00     8.69e-02   3509.971s
7100000 +6.11666244e+06 +6.11647157e+06  1.91e+02   5.12e+00     8.76e-02   3510.462s
7101000 +6.11667026e+06 +6.11645889e+06  2.11e+02   5.11e+00     8.71e-02   3510.954s
7102000 +6.11667782e+06 +6.11646286e+06  2.15e+02   5.10e+00     8.74e-02   3511.445s
7103000 +6.11668583e+06 +6.11647421e+06  2.12e+02   5.09e+00     8.72e-02   3511.937s
7104000 +6.11669377e+06 +6.11647021e+06  2.24e+02   5.07e+00     8.73e-02   3512.428s
7105000 +6.11670156e+06 +6.11646903e+06  2.33e+02   5.06e+00     8.76e-02   3512.920s
7106000 +6.11670916e+06 +6.11647131e+06  2.38e+02   5.05e+00     8.72e-02   3513.411s
7107000 +6.11671679e+06 +6.11646770e+06  2.49e+02   5.04e+00     8.76e-02   3513.903s
7108000 +6.11672472e+06 +6.11646594e+06  2.59e+02   5.02e+00     8.76e-02   3514.394s
7109000 +6.11673269e+06 +6.11646635e+06  2.66e+02   5.01e+00     8.75e-02   3514.886s
7110000 +6.11674048e+06 +6.11646565e+06  2.75e+02   5.00e+00     8.75e-02   3515.377s
7111000 +6.11674828e+06 +6.11645973e+06  2.89e+02   4.99e+00     8.71e-02   3515.868s
7112000 +6.11675585e+06 +6.11646001e+06  2.96e+02   4.98e+00     8.72e-02   3516.360s
7113000 +6.11676347e+06 +6.11644543e+06  3.18e+02   4.96e+00     8.73e-02   3516.851s
7114000 +6.11677122e+06 +6.11644213e+06  3.29e+02   4.95e+00     8.69e-02   3517.342s
7115000 +6.11677876e+06 +6.11645023e+06  3.29e+02   4.94e+00     8.67e-02   3517.834s
7116000 +6.11678708e+06 +6.11646649e+06  3.21e+02   4.93e+00     8.70e-02   3518.326s
7117000 +6.11679545e+06 +6.11646625e+06  3.29e+02   4.91e+00     8.75e-02   3518.817s
7118000 +6.11680428e+06 +6.11646907e+06  3.35e+02   4.90e+00     8.81e-02   3519.309s
7119000 +6.11681280e+06 +6.11646730e+06  3.46e+02   4.89e+00     8.85e-02   3519.800s
7120000 +6.11682128e+06 +6.11646072e+06  3.61e+02   4.87e+00     8.89e-02   3520.291s
7121000 +6.11682998e+06 +6.11645140e+06  3.79e+02   4.86e+00     8.90e-02   3520.783s
7122000 +6.11683881e+06 +6.11645608e+06  3.83e+02   4.85e+00     8.92e-02   3521.274s
7123000 +6.11684739e+06 +6.11645480e+06  3.93e+02   4.83e+00     8.97e-02   3521.765s
7124000 +6.11685590e+06 +6.11645840e+06  3.97e+02   4.82e+00     8.99e-02   3522.257s
7125000 +6.11686434e+06 +6.11644969e+06  4.15e+02   4.80e+00     9.02e-02   3522.749s
7126000 +6.11687270e+06 +6.11645234e+06  4.20e+02   4.79e+00     8.99e-02   3523.240s
7127000 +6.11688089e+06 +6.11645469e+06  4.26e+02   4.78e+00     8.93e-02   3523.731s
7128000 +6.11688940e+06 +6.11645461e+06  4.35e+02   4.77e+00     8.93e-02   3524.223s
7129000 +6.11689830e+06 +6.11646419e+06  4.34e+02   4.75e+00     8.89e-02   3524.714s
7130000 +6.11690727e+06 +6.11646083e+06  4.46e+02   4.74e+00     8.84e-02   3525.206s
7131000 +6.11691644e+06 +6.11646238e+06  4.54e+02   4.72e+00     8.82e-02   3525.698s
7132000 +6.11692595e+06 +6.11645160e+06  4.74e+02   4.71e+00     8.81e-02   3526.189s
7133000 +6.11693531e+06 +6.11645483e+06  4.80e+02   4.69e+00     8.84e-02   3526.680s
7134000 +6.11694472e+06 +6.11645366e+06  4.91e+02   4.68e+00     8.86e-02   3527.172s
7135000 +6.11695417e+06 +6.11645480e+06  4.99e+02   4.66e+00     8.84e-02   3527.664s
7136000 +6.11696405e+06 +6.11645489e+06  5.09e+02   4.65e+00     8.87e-02   3528.155s
7137000 +6.11697420e+06 +6.11645754e+06  5.17e+02   4.63e+00     8.89e-02   3528.647s
7138000 +6.11698451e+06 +6.11645800e+06  5.27e+02   4.62e+00     8.88e-02   3529.139s
7139000 +6.11699478e+06 +6.11646130e+06  5.33e+02   4.60e+00     8.86e-02   3529.630s
7140000 +6.11700443e+06 +6.11646637e+06  5.38e+02   4.58e+00     8.85e-02   3530.122s
7141000 +6.11701276e+06 +6.11646164e+06  5.51e+02   4.57e+00     8.85e-02   3530.614s
7142000 +6.11702137e+06 +6.11647176e+06  5.50e+02   4.56e+00     8.82e-02   3531.105s
7143000 +6.11702983e+06 +6.11647620e+06  5.54e+02   4.54e+00     8.75e-02   3531.597s
7144000 +6.11703860e+06 +6.11648236e+06  5.56e+02   4.53e+00     8.81e-02   3532.088s
7145000 +6.11704758e+06 +6.11648435e+06  5.63e+02   4.52e+00     8.88e-02   3532.580s
7146000 +6.11705656e+06 +6.11646901e+06  5.88e+02   4.50e+00     9.00e-02   3533.072s
7147000 +6.11706579e+06 +6.11647394e+06  5.92e+02   4.49e+00     8.93e-02   3533.563s
7148000 +6.11707547e+06 +6.11646480e+06  6.11e+02   4.47e+00     8.97e-02   3534.055s
7149000 +6.11708532e+06 +6.11646396e+06  6.21e+02   4.46e+00     9.01e-02   3534.546s
7150000 +6.11709515e+06 +6.11646411e+06  6.31e+02   4.44e+00     9.06e-02   3535.037s
7151000 +6.11710522e+06 +6.11646055e+06  6.45e+02   4.43e+00     9.07e-02   3535.529s
7152000 +6.11711556e+06 +6.11645960e+06  6.56e+02   4.41e+00     9.03e-02   3536.020s
7153000 +6.11712568e+06 +6.11645328e+06  6.72e+02   4.39e+00     9.05e-02   3536.512s
7154000 +6.11713618e+06 +6.11645342e+06  6.83e+02   4.38e+00     9.05e-02   3537.003s
7155000 +6.11714676e+06 +6.11644644e+06  7.00e+02   4.36e+00     9.00e-02   3537.494s
7156000 +6.11715732e+06 +6.11644678e+06  7.11e+02   4.34e+00     9.00e-02   3537.986s
7157000 +6.11716780e+06 +6.11645266e+06  7.15e+02   4.33e+00     9.04e-02   3538.478s
7158000 +6.11717860e+06 +6.11645172e+06  7.27e+02   4.31e+00     9.12e-02   3538.969s
7159000 +6.11718963e+06 +6.11645439e+06  7.35e+02   4.29e+00     9.19e-02   3539.461s
7160000 +6.11720062e+06 +6.11645445e+06  7.46e+02   4.27e+00     9.16e-02   3539.952s
7161000 +6.11721200e+06 +6.11644580e+06  7.66e+02   4.26e+00     9.19e-02   3540.443s
7162000 +6.11722371e+06 +6.11644575e+06  7.78e+02   4.24e+00     9.25e-02   3540.935s
7163000 +6.11723447e+06 +6.11645468e+06  7.80e+02   4.22e+00     9.22e-02   3541.427s
7164000 +6.11724406e+06 +6.11646139e+06  7.83e+02   4.21e+00     9.16e-02   3541.918s
7165000 +6.11725371e+06 +6.11646425e+06  7.89e+02   4.19e+00     9.20e-02   3542.410s
7166000 +6.11726383e+06 +6.11647271e+06  7.91e+02   4.18e+00     9.22e-02   3542.901s
7167000 +6.11727417e+06 +6.11646621e+06  8.08e+02   4.16e+00     9.34e-02   3543.394s
7168000 +6.11728407e+06 +6.11647053e+06  8.14e+02   4.14e+00     9.32e-02   3543.885s
7169000 +6.11729286e+06 +6.11645680e+06  8.36e+02   4.13e+00     9.34e-02   3544.376s
7170000 +6.11730073e+06 +6.11645447e+06  8.46e+02   4.12e+00     9.38e-02   3544.868s
7171000 +6.11730776e+06 +6.11645505e+06  8.53e+02   4.11e+00     9.31e-02   3545.359s
7172000 +6.11731417e+06 +6.11647046e+06  8.44e+02   4.10e+00     9.26e-02   3545.851s
7173000 +6.11732143e+06 +6.11647526e+06  8.46e+02   4.08e+00     9.26e-02   3546.342s
7174000 +6.11732847e+06 +6.11647610e+06  8.52e+02   4.07e+00     9.17e-02   3546.834s
7175000 +6.11733484e+06 +6.11646828e+06  8.67e+02   4.06e+00     9.16e-02   3547.326s
7176000 +6.11734169e+06 +6.11645724e+06  8.84e+02   4.05e+00     9.18e-02   3547.817s
7177000 +6.11734857e+06 +6.11643334e+06  9.15e+02   4.04e+00     9.26e-02   3548.309s
7178000 +6.11735568e+06 +6.11643538e+06  9.20e+02   4.03e+00     9.31e-02   3548.800s
7179000 +6.11736248e+06 +6.11643540e+06  9.27e+02   4.02e+00     9.38e-02   3549.292s
7180000 +6.11736902e+06 +6.11643783e+06  9.31e+02   4.01e+00     9.35e-02   3549.784s
7181000 +6.11737574e+06 +6.11643352e+06  9.42e+02   4.00e+00     9.32e-02   3550.275s
7182000 +6.11738255e+06 +6.11644321e+06  9.39e+02   3.99e+00     9.24e-02   3550.767s
7183000 +6.11739006e+06 +6.11644651e+06  9.44e+02   3.98e+00     9.24e-02   3551.258s
7184000 +6.11739768e+06 +6.11644776e+06  9.50e+02   3.96e+00     9.27e-02   3551.750s
7185000 +6.11740539e+06 +6.11645265e+06  9.53e+02   3.95e+00     9.27e-02   3552.241s
7186000 +6.11741258e+06 +6.11644893e+06  9.64e+02   3.94e+00     9.30e-02   3552.732s
7187000 +6.11741986e+06 +6.11645370e+06  9.66e+02   3.93e+00     9.35e-02   3553.224s
7188000 +6.11742724e+06 +6.11647246e+06  9.55e+02   3.92e+00     9.29e-02   3553.715s
7189000 +6.11743455e+06 +6.11647169e+06  9.63e+02   3.91e+00     9.22e-02   3554.206s
7190000 +6.11744183e+06 +6.11648466e+06  9.57e+02   3.89e+00     9.33e-02   3554.698s
7191000 +6.11744922e+06 +6.11648150e+06  9.68e+02   3.88e+00     9.31e-02   3555.190s
7192000 +6.11745643e+06 +6.11648046e+06  9.76e+02   3.87e+00     9.30e-02   3555.681s
7193000 +6.11746349e+06 +6.11648700e+06  9.76e+02   3.86e+00     9.24e-02   3556.173s
7194000 +6.11747063e+06 +6.11648127e+06  9.89e+02   3.85e+00     9.21e-02   3556.664s
7195000 +6.11747728e+06 +6.11648888e+06  9.88e+02   3.84e+00     9.15e-02   3557.156s
7196000 +6.11748292e+06 +6.11648246e+06  1.00e+03   3.83e+00     9.15e-02   3557.647s
7197000 +6.11748885e+06 +6.11649161e+06  9.97e+02   3.82e+00     9.22e-02   3558.139s
7198000 +6.11749510e+06 +6.11648747e+06  1.01e+03   3.81e+00     9.21e-02   3558.631s
7199000 +6.11750145e+06 +6.11649229e+06  1.01e+03   3.80e+00     9.22e-02   3559.122s
7200000 +6.11750797e+06 +6.11648593e+06  1.02e+03   3.79e+00     9.22e-02   3559.614s
7201000 +6.11751433e+06 +6.11648417e+06  1.03e+03   3.78e+00     9.18e-02   3560.105s
7202000 +6.11752053e+06 +6.11647906e+06  1.04e+03   3.77e+00     9.10e-02   3560.596s
7203000 +6.11752657e+06 +6.11648776e+06  1.04e+03   3.76e+00     9.03e-02   3561.088s
7204000 +6.11753254e+06 +6.11649209e+06  1.04e+03   3.75e+00     8.99e-02   3561.580s
7205000 +6.11753864e+06 +6.11648183e+06  1.06e+03   3.74e+00     8.90e-02   3562.071s
7206000 +6.11754436e+06 +6.11648395e+06  1.06e+03   3.73e+00     8.92e-02   3562.563s
7207000 +6.11755021e+06 +6.11647699e+06  1.07e+03   3.72e+00     8.83e-02   3563.054s
7208000 +6.11755595e+06 +6.11647616e+06  1.08e+03   3.71e+00     8.82e-02   3563.546s
7209000 +6.11755838e+06 +6.11647229e+06  1.09e+03   3.71e+00     1.21e-01   3564.038s
7210000 +6.11756085e+06 +6.11647289e+06  1.09e+03   3.71e+00     1.21e-01   3564.529s
7211000 +6.11756369e+06 +6.11647518e+06  1.09e+03   3.70e+00     1.19e-01   3565.021s
7212000 +6.11756685e+06 +6.11647764e+06  1.09e+03   3.70e+00     1.17e-01   3565.512s
7213000 +6.11757031e+06 +6.11647681e+06  1.09e+03   3.69e+00     1.16e-01   3566.003s
7214000 +6.11757404e+06 +6.11647736e+06  1.10e+03   3.69e+00     1.16e-01   3566.494s
7215000 +6.11757803e+06 +6.11647821e+06  1.10e+03   3.68e+00     1.16e-01   3566.986s
7216000 +6.11758220e+06 +6.11647509e+06  1.11e+03   3.67e+00     1.16e-01   3567.477s
7217000 +6.11758653e+06 +6.11647311e+06  1.11e+03   3.67e+00     1.16e-01   3567.968s
7218000 +6.11759106e+06 +6.11647368e+06  1.12e+03   3.66e+00     1.15e-01   3568.459s
7219000 +6.11759591e+06 +6.11647281e+06  1.12e+03   3.65e+00     1.15e-01   3568.951s
7220000 +6.11760091e+06 +6.11647903e+06  1.12e+03   3.64e+00     1.15e-01   3569.442s
7221000 +6.11760616e+06 +6.11647690e+06  1.13e+03   3.64e+00     1.15e-01   3569.933s
7222000 +6.11761116e+06 +6.11647863e+06  1.13e+03   3.63e+00     1.15e-01   3570.425s
7223000 +6.11761608e+06 +6.11648072e+06  1.14e+03   3.62e+00     1.15e-01   3570.916s
7224000 +6.11762132e+06 +6.11648055e+06  1.14e+03   3.61e+00     1.15e-01   3571.407s
7225000 +6.11762657e+06 +6.11647950e+06  1.15e+03   3.60e+00     1.16e-01   3571.899s
7226000 +6.11763200e+06 +6.11647348e+06  1.16e+03   3.59e+00     1.15e-01   3572.390s
7227000 +6.11763775e+06 +6.11647850e+06  1.16e+03   3.59e+00     1.15e-01   3572.881s
7228000 +6.11764400e+06 +6.11648452e+06  1.16e+03   3.58e+00     1.14e-01   3573.373s
7229000 +6.11765067e+06 +6.11649062e+06  1.16e+03   3.57e+00     1.14e-01   3573.863s
7230000 +6.11765763e+06 +6.11649666e+06  1.16e+03   3.55e+00     1.13e-01   3574.355s
7231000 +6.11766501e+06 +6.11648411e+06  1.18e+03   3.54e+00     1.13e-01   3574.846s
7232000 +6.11767117e+06 +6.11648343e+06  1.19e+03   3.53e+00     1.11e-01   3575.337s
7233000 +6.11767713e+06 +6.11648224e+06  1.19e+03   3.52e+00     1.10e-01   3575.829s
7234000 +6.11768343e+06 +6.11649233e+06  1.19e+03   3.51e+00     1.10e-01   3576.320s
7235000 +6.11769003e+06 +6.11649822e+06  1.19e+03   3.50e+00     1.09e-01   3576.811s
7236000 +6.11769694e+06 +6.11648129e+06  1.22e+03   3.49e+00     1.10e-01   3577.303s
7237000 +6.11770389e+06 +6.11647687e+06  1.23e+03   3.48e+00     1.10e-01   3577.794s
7238000 +6.11771122e+06 +6.11647541e+06  1.24e+03   3.47e+00     1.10e-01   3578.285s
7239000 +6.11771806e+06 +6.11646874e+06  1.25e+03   3.46e+00     1.09e-01   3578.777s
7240000 +6.11772433e+06 +6.11647509e+06  1.25e+03   3.45e+00     1.09e-01   3579.268s
7241000 +6.11773010e+06 +6.11647776e+06  1.25e+03   3.44e+00     1.09e-01   3579.759s
7242000 +6.11773637e+06 +6.11647706e+06  1.26e+03   3.43e+00     1.09e-01   3580.251s
7243000 +6.11774350e+06 +6.11647908e+06  1.26e+03   3.42e+00     1.10e-01   3580.742s
7244000 +6.11775055e+06 +6.11648354e+06  1.27e+03   3.41e+00     1.11e-01   3581.234s
7245000 +6.11775797e+06 +6.11647558e+06  1.28e+03   3.40e+00     1.11e-01   3581.725s
7246000 +6.11776537e+06 +6.11647090e+06  1.29e+03   3.38e+00     1.12e-01   3582.216s
7247000 +6.11777309e+06 +6.11647053e+06  1.30e+03   3.37e+00     1.14e-01   3582.708s
7248000 +6.11778101e+06 +6.11646974e+06  1.31e+03   3.36e+00     1.14e-01   3583.199s
7249000 +6.11778888e+06 +6.11647126e+06  1.32e+03   3.35e+00     1.14e-01   3583.691s
7250000 +6.11779687e+06 +6.11646994e+06  1.33e+03   3.34e+00     1.13e-01   3584.182s
7251000 +6.11780479e+06 +6.11647002e+06  1.33e+03   3.32e+00     1.11e-01   3584.674s
7252000 +6.11781280e+06 +6.11646800e+06  1.34e+03   3.31e+00     1.11e-01   3585.165s
7253000 +6.11782099e+06 +6.11646800e+06  1.35e+03   3.30e+00     1.11e-01   3585.656s
7254000 +6.11782948e+06 +6.11646885e+06  1.36e+03   3.28e+00     1.13e-01   3586.148s
7255000 +6.11783812e+06 +6.11647383e+06  1.36e+03   3.27e+00     1.12e-01   3586.639s
7256000 +6.11784727e+06 +6.11646621e+06  1.38e+03   3.26e+00     1.13e-01   3587.130s
7257000 +6.11785682e+06 +6.11646553e+06  1.39e+03   3.24e+00     1.13e-01   3587.622s
7258000 +6.11786637e+06 +6.11647005e+06  1.40e+03   3.23e+00     1.15e-01   3588.113s
7259000 +6.11787602e+06 +6.11646552e+06  1.41e+03   3.21e+00     1.16e-01   3588.604s
7260000 +6.11788582e+06 +6.11646793e+06  1.42e+03   3.19e+00     1.17e-01   3589.095s
7261000 +6.11789538e+06 +6.11647067e+06  1.42e+03   3.18e+00     1.17e-01   3589.587s
7262000 +6.11790462e+06 +6.11646996e+06  1.43e+03   3.17e+00     1.17e-01   3590.078s
7263000 +6.11791369e+06 +6.11647625e+06  1.44e+03   3.15e+00     1.16e-01   3590.569s
7264000 +6.11792294e+06 +6.11647207e+06  1.45e+03   3.14e+00     1.17e-01   3591.061s
7265000 +6.11793253e+06 +6.11647345e+06  1.46e+03   3.12e+00     1.16e-01   3591.552s
7266000 +6.11794242e+06 +6.11647922e+06  1.46e+03   3.11e+00     1.17e-01   3592.044s
7267000 +6.11795230e+06 +6.11647673e+06  1.48e+03   3.09e+00     1.18e-01   3592.535s
7268000 +6.11796200e+06 +6.11646971e+06  1.49e+03   3.08e+00     1.20e-01   3593.027s
7269000 +6.11797200e+06 +6.11646877e+06  1.50e+03   3.06e+00     1.21e-01   3593.518s
7270000 +6.11798189e+06 +6.11647584e+06  1.51e+03   3.04e+00     1.20e-01   3594.009s
7271000 +6.11799211e+06 +6.11646055e+06  1.53e+03   3.03e+00     1.21e-01   3594.501s
7272000 +6.11800250e+06 +6.11646160e+06  1.54e+03   3.01e+00     1.21e-01   3594.992s
7273000 +6.11801303e+06 +6.11646560e+06  1.55e+03   2.99e+00     1.22e-01   3595.484s
7274000 +6.11802365e+06 +6.11646035e+06  1.56e+03   2.98e+00     1.21e-01   3595.975s
7275000 +6.11803371e+06 +6.11646063e+06  1.57e+03   2.96e+00     1.18e-01   3596.467s
7276000 +6.11804395e+06 +6.11643969e+06  1.60e+03   2.95e+00     1.22e-01   3596.958s
7277000 +6.11805424e+06 +6.11645065e+06  1.60e+03   2.93e+00     1.26e-01   3597.450s
7278000 +6.11806423e+06 +6.11645861e+06  1.61e+03   2.91e+00     1.27e-01   3597.941s
7279000 +6.11807414e+06 +6.11646612e+06  1.61e+03   2.90e+00     1.28e-01   3598.433s
7280000 +6.11808404e+06 +6.11646841e+06  1.62e+03   2.88e+00     1.29e-01   3598.924s
7281000 +6.11809398e+06 +6.11647510e+06  1.62e+03   2.87e+00     1.31e-01   3599.416s
7282000 +6.11810340e+06 +6.11647140e+06  1.63e+03   2.85e+00     1.31e-01   3599.907s
PDLP finished
Status: Time Limit   Objective: 6.11810531e+06  Iterations: 7282200  Time: 3600.011s

### exit_code=0
### finished=2026-07-24T12:54:39.581035
### gpu_peak_mb=10874.4
### gpu_peak2_mb=0.0
### per_gpu_peak_mb=[10874.375]
   3587.588s
7286000 +6.11814212e+06 +6.11648216e+06  1.66e+03   2.79e+00     1.32e-01   3588.078s
7287000 +6.11815239e+06 +6.11649924e+06  1.65e+03   2.78e+00     1.31e-01   3588.568s
7288000 +6.11816287e+06 +6.11649050e+06  1.67e+03   2.76e+00     1.33e-01   3589.058s
7289000 +6.11817347e+06 +6.11649463e+06  1.68e+03   2.74e+00     1.33e-01   3589.547s
7290000 +6.11818370e+06 +6.11649899e+06  1.68e+03   2.73e+00     1.34e-01   3590.037s
7291000 +6.11819358e+06 +6.11650863e+06  1.68e+03   2.71e+00     1.36e-01   3590.527s
7292000 +6.11820324e+06 +6.11652537e+06  1.68e+03   2.70e+00     1.35e-01   3591.017s
7293000 +6.11821295e+06 +6.11652512e+06  1.69e+03   2.68e+00     1.34e-01   3591.507s
7294000 +6.11822289e+06 +6.11650629e+06  1.72e+03   2.66e+00     1.33e-01   3591.997s
7295000 +6.11823307e+06 +6.11651254e+06  1.72e+03   2.65e+00     1.35e-01   3592.487s
7296000 +6.11824346e+06 +6.11651854e+06  1.72e+03   2.63e+00     1.37e-01   3592.977s
7297000 +6.11825384e+06 +6.11649678e+06  1.76e+03   2.62e+00     1.37e-01   3593.467s
7298000 +6.11826418e+06 +6.11649288e+06  1.77e+03   2.60e+00     1.39e-01   3593.957s
7299000 +6.11827430e+06 +6.11649328e+06  1.78e+03   2.58e+00     1.39e-01   3594.447s
7300000 +6.11828428e+06 +6.11650281e+06  1.78e+03   2.57e+00     1.39e-01   3594.936s
7301000 +6.11829421e+06 +6.11651282e+06  1.78e+03   2.55e+00     1.39e-01   3595.426s
7302000 +6.11830434e+06 +6.11650252e+06  1.80e+03   2.54e+00     1.41e-01   3595.915s
7303000 +6.11831454e+06 +6.11648754e+06  1.83e+03   2.52e+00     1.41e-01   3596.405s
7304000 +6.11832478e+06 +6.11648747e+06  1.84e+03   2.51e+00     1.43e-01   3596.895s
7305000 +6.11833484e+06 +6.11648680e+06  1.85e+03   2.49e+00     1.42e-01   3597.385s
7306000 +6.11834183e+06 +6.11647303e+06  1.87e+03   2.48e+00     1.37e-01   3597.874s
7307000 +6.11834857e+06 +6.11646722e+06  1.88e+03   2.47e+00     1.31e-01   3598.364s
7308000 +6.11835531e+06 +6.11648710e+06  1.87e+03   2.46e+00     1.28e-01   3598.854s
7309000 +6.11836175e+06 +6.11647310e+06  1.89e+03   2.45e+00     1.26e-01   3599.344s
7310000 +6.11836831e+06 +6.11648737e+06  1.88e+03   2.44e+00     1.24e-01   3599.834s
PDLP finished
Status: Time Limit   Objective: 6.11837071e+06  Iterations: 7310400  Time: 3600.036s

### exit_code=0
### finished=2026-07-24T11:54:45.217571
### gpu_peak_mb=10874.4
### gpu_peak2_mb=0.0
### per_gpu_peak_mb=[10874.375]
